date,open,high,low,close,volume
2010-01-04,4.71,4.72,4.59,4.59,842260.21
2010-01-05,4.6,4.67,4.49,4.62,1100179.18
2010-01-06,4.6,4.61,4.51,4.52,1042644.64
2010-01-07,4.52,4.54,4.34,4.4,1241500.42
2010-01-08,4.35,4.37,4.23,4.35,1321802.82
2010-01-11,4.53,4.55,4.28,4.33,1740279.7
2010-01-12,4.3,4.47,4.24,4.42,1595541.7
2010-01-13,4.33,4.36,4.24,4.27,1647579.73
2010-01-14,4.28,4.31,4.23,4.3,892655.89
2010-01-15,4.29,4.38,4.25,4.33,879060.13
2010-01-18,4.32,4.32,4.25,4.29,1110392.46
2010-01-19,4.31,4.37,4.29,4.34,1284063.26
2010-01-20,4.34,4.34,4.12,4.13,1687729.49
2010-01-21,4.13,4.16,4.02,4.09,1222929.94
2010-01-22,4.02,4.1,3.98,4.05,1091558.13
2010-01-25,4.02,4.07,4.01,4.03,472637.17
2010-01-26,4.04,4.05,3.84,3.87,976558.09
2010-01-27,3.88,3.89,3.8,3.82,666588.1
2010-01-28,3.83,3.86,3.77,3.82,649788.94
2010-01-29,3.79,3.86,3.77,3.79,645377.35
2010-02-01,3.78,3.79,3.68,3.7,584339.06
2010-02-02,3.72,3.77,3.68,3.68,561374.33
2010-02-03,3.71,3.78,3.58,3.77,842628.8
2010-02-04,3.72,3.74,3.69,3.72,656315.62
2010-02-05,3.62,3.66,3.59,3.63,850531.07
2010-02-08,3.62,3.65,3.55,3.59,539509.98
2010-02-09,3.59,3.62,3.57,3.61,458263.88
2010-02-10,3.63,3.68,3.6,3.66,686865.06
2010-02-11,3.66,3.71,3.64,3.68,617373.32
2010-02-12,3.7,3.75,3.68,3.74,635937.34
2010-02-22,3.74,3.75,3.68,3.7,450686.16
2010-02-23,3.68,3.68,3.59,3.65,470835.33
2010-02-24,3.62,3.71,3.59,3.7,593673.92
2010-02-25,3.71,3.77,3.69,3.75,920303.05
2010-02-26,3.73,3.79,3.71,3.75,635579.79
2010-03-01,3.75,3.81,3.74,3.79,560880.25
2010-03-02,3.79,3.79,3.72,3.75,506779.94
2010-03-03,3.75,3.78,3.7,3.76,482252.82
2010-03-04,3.75,3.76,3.67,3.67,587847.44
2010-03-05,3.67,3.69,3.65,3.67,340664.46
2010-03-08,3.68,3.71,3.67,3.69,270287.42
2010-03-09,3.69,3.74,3.65,3.71,396264.36
2010-03-10,3.71,3.79,3.71,3.74,776526.66
2010-03-11,3.74,3.84,3.73,3.82,1024771.42
2010-03-12,3.81,3.84,3.75,3.76,754682.61
2010-03-15,3.75,3.76,3.68,3.7,348163.2
2010-03-16,3.69,3.77,3.69,3.76,378391.41
2010-03-17,3.76,3.81,3.75,3.81,452119.39
2010-03-18,3.82,3.84,3.79,3.81,465009.64
2010-03-19,3.81,3.87,3.78,3.86,545952.42
2010-03-22,3.85,3.89,3.83,3.86,448187.41
2010-03-23,3.86,3.94,3.85,3.85,582667.21
2010-03-24,3.85,3.9,3.84,3.84,361965.05
2010-03-25,3.84,3.88,3.8,3.81,461192.03
2010-03-26,3.81,3.94,3.78,3.92,823343.39
2010-03-29,3.95,4.04,3.89,3.99,1316761.5
2010-03-30,3.99,4.0,3.94,3.97,587195.7
2010-03-31,3.97,3.98,3.89,3.9,588630.72
2010-04-01,3.9,3.96,3.9,3.94,459651.2
2010-04-02,3.95,4.0,3.91,3.99,701177.02
2010-04-06,3.99,4.0,3.92,3.94,624192.21
2010-04-07,3.94,3.94,3.86,3.9,561518.85
2010-04-08,3.89,3.89,3.8,3.82,772870.17
2010-04-09,3.82,3.85,3.8,3.85,681544.68
2010-04-12,3.85,3.85,3.75,3.76,657410.84
2010-04-13,3.77,3.87,3.77,3.85,716542.35
2010-04-14,3.88,3.9,3.79,3.83,893597.77
2010-04-15,3.83,3.9,3.79,3.89,917983.94
2010-04-16,3.88,3.88,3.81,3.82,417367.13
2010-04-19,3.77,3.77,3.61,3.62,869176.44
2010-04-20,3.62,3.63,3.5,3.54,765492.22
2010-04-21,3.54,3.57,3.48,3.57,632811.21
2010-04-22,3.55,3.55,3.47,3.49,597492.42
2010-04-23,3.49,3.51,3.41,3.43,592364.12
2010-04-26,3.44,3.47,3.38,3.4,505153.66
2010-04-27,3.39,3.4,3.29,3.32,795568.51
2010-04-28,3.3,3.35,3.27,3.33,483441.75
2010-04-29,3.34,3.35,3.3,3.31,498821.57
2010-04-30,3.31,3.35,3.26,3.35,591512.7
2010-05-04,3.3,3.33,3.29,3.31,373407.9
2010-05-05,3.28,3.28,3.19,3.28,595025.69
2010-05-06,3.26,3.26,3.09,3.1,599665.54
2010-05-07,3.04,3.08,2.97,2.99,708327.96
2010-05-10,3.0,3.04,2.97,3.02,430018.82
2010-05-11,3.07,3.11,2.96,2.98,545847.88
2010-05-12,2.96,3.02,2.91,3.0,476704.56
2010-05-13,3.0,3.11,2.97,3.09,794416.15
2010-05-14,3.07,3.08,3.03,3.06,329643.05
2010-05-17,3.02,3.03,2.91,2.92,484475.62
2010-05-19,2.96,3.01,2.9,2.94,732212.33
2010-05-20,2.93,2.97,2.91,2.91,420195.79
2010-05-21,2.82,2.92,2.8,2.92,523150.15
2010-05-24,2.93,3.02,2.92,3.01,763791.78
2010-05-25,2.99,2.99,2.89,2.93,527460.4
2010-05-26,2.92,2.95,2.91,2.93,248708.47
2010-05-27,2.92,2.97,2.86,2.95,445723.22
2010-05-28,2.98,3.0,2.93,2.94,590087.89
2010-05-31,2.92,2.95,2.86,2.86,386631.57
2010-06-01,2.86,2.87,2.81,2.83,362680.74
2010-06-02,2.82,2.83,2.77,2.82,337489.4
2010-06-03,2.83,2.84,2.78,2.79,392141.54
2010-06-04,2.78,2.81,2.77,2.79,233907.5
2010-06-07,2.76,2.77,2.71,2.72,333751.09
2010-06-08,2.72,2.74,2.69,2.71,246058.04
2010-06-09,2.72,2.81,2.68,2.79,603641.65
2010-06-10,2.76,2.77,2.74,2.75,260469.82
2010-06-11,2.76,2.8,2.76,2.77,297536.9
2010-06-17,2.81,2.81,2.77,2.78,178188.92
2010-06-18,2.78,2.82,2.75,2.77,342218.45
2010-06-21,2.77,2.84,2.75,2.84,521963.15
2010-06-22,2.83,2.86,2.81,2.86,461344.57
2010-06-23,2.84,2.86,2.79,2.83,313316.28
2010-06-24,2.82,2.84,2.8,2.82,171527.39
2010-06-25,2.8,2.83,2.76,2.81,221398.63
2010-06-28,2.81,2.81,2.76,2.77,204614.68
2010-06-29,2.78,2.81,2.69,2.7,397497.28
2010-06-30,2.68,2.69,2.62,2.63,275965.69
2010-07-01,2.63,2.67,2.61,2.63,216451.84
2010-07-02,2.63,2.64,2.58,2.63,309271.81
2010-07-05,2.62,2.67,2.59,2.61,259473.13
2010-07-06,2.62,2.66,2.61,2.66,285926.38
2010-07-07,2.66,2.67,2.64,2.66,153688.99
2010-07-08,2.67,2.69,2.65,2.67,189283.06
2010-07-09,2.67,2.75,2.65,2.72,342875.72
2010-07-12,2.73,2.76,2.71,2.74,331259.03
2010-07-13,2.73,2.73,2.69,2.69,188606.11
2010-07-14,2.7,2.75,2.7,2.73,271631.46
2010-07-15,2.72,2.75,2.67,2.68,214183.41
2010-07-16,2.67,2.67,2.61,2.64,314181.41
2010-07-19,2.61,2.73,2.6,2.72,434560.07
2010-07-20,2.72,2.83,2.72,2.82,741570.64
2010-07-21,2.82,2.88,2.8,2.83,533496.85
2010-07-22,2.82,2.86,2.81,2.85,247020.18
2010-07-23,2.85,2.9,2.83,2.85,367710.03
2010-07-26,2.86,2.9,2.84,2.89,373594.6
2010-07-27,2.88,2.89,2.85,2.87,267268.02
2010-07-28,2.86,2.96,2.84,2.95,526199.94
2010-07-29,2.95,3.03,2.95,2.98,593095.01
2010-07-30,2.97,3.01,2.93,2.99,383799.66
2010-08-02,2.99,3.02,2.97,3.0,508903.61
2010-08-03,3.0,3.03,2.93,2.93,513715.21
2010-08-04,2.93,2.96,2.87,2.93,384721.74
2010-08-05,2.92,2.94,2.86,2.88,345564.9
2010-08-06,2.88,2.92,2.85,2.91,418349.41
2010-08-09,2.91,2.92,2.87,2.9,444162.95
2010-08-10,2.9,2.9,2.78,2.79,639747.29
2010-08-11,2.77,2.82,2.77,2.79,334217.13
2010-08-12,2.76,2.79,2.74,2.75,292286.46
2010-08-13,2.75,2.8,2.75,2.79,228138.9
2010-08-16,2.79,2.87,2.77,2.86,469278.49
2010-08-17,2.86,2.87,2.82,2.85,445812.34
2010-08-18,2.85,2.86,2.82,2.83,377658.79
2010-08-19,2.82,2.95,2.82,2.94,1161382.4
2010-08-20,2.92,2.93,2.84,2.86,617288.87
2010-08-23,2.86,2.88,2.83,2.84,332484.23
2010-08-24,2.83,2.88,2.79,2.84,377159.24
2010-08-25,2.82,2.84,2.76,2.77,344907.32
2010-08-26,2.78,2.81,2.75,2.77,264428.27
2010-08-27,2.77,2.8,2.75,2.78,249030.6
2010-08-30,2.78,2.81,2.76,2.81,343416.42
2010-08-31,2.79,2.8,2.75,2.77,470516.29
2010-09-01,2.77,2.82,2.75,2.76,612204.76
2010-09-02,2.79,2.83,2.76,2.81,674764.42
2010-09-03,2.8,2.84,2.77,2.8,402854.5
2010-09-06,2.81,2.89,2.81,2.88,743894.63
2010-09-07,2.88,2.9,2.84,2.86,390489.07
2010-09-08,2.85,2.86,2.82,2.84,438844.23
2010-09-09,2.84,2.85,2.76,2.77,435806.15
2010-09-10,2.78,2.8,2.74,2.77,277788.48
2010-09-13,2.79,2.82,2.77,2.8,296572.43
2010-09-14,2.81,2.83,2.79,2.81,293938.8
2010-09-15,2.8,2.83,2.79,2.8,352038.97
2010-09-16,2.8,2.81,2.72,2.74,392274.54
2010-09-17,2.75,2.76,2.72,2.73,303440.73
2010-09-20,2.73,2.75,2.7,2.73,251806.94
2010-09-21,2.73,2.75,2.73,2.75,141184.19
2010-09-27,2.75,2.76,2.73,2.75,219804.8
2010-09-28,2.74,2.74,2.68,2.7,412180.82
2010-09-29,2.69,2.75,2.69,2.73,309879.14
2010-09-30,2.71,2.79,2.71,2.79,481755.85
2010-10-08,2.81,2.91,2.79,2.87,909117.39
2010-10-11,2.89,2.97,2.88,2.95,1204924.84
2010-10-12,2.94,3.08,2.91,3.06,1441815.52
2010-10-13,3.05,3.09,2.99,3.02,1038848.79
2010-10-14,3.06,3.1,3.0,3.06,1378433.93
2010-10-15,3.04,3.2,3.0,3.19,1806335.73
2010-10-18,3.19,3.34,3.18,3.18,2139181.67
2010-10-19,3.19,3.2,3.11,3.2,1088373.3
2010-10-20,3.13,3.22,3.07,3.1,1562617.1
2010-10-21,3.13,3.16,3.07,3.1,904897.2
2010-10-22,3.08,3.09,3.02,3.07,1090047.94
2010-10-25,3.07,3.14,3.02,3.13,1380314.55
2010-10-26,3.2,3.23,3.08,3.12,2123316.54
2010-10-27,3.12,3.12,3.06,3.07,1025787.11
2010-10-28,3.06,3.09,3.05,3.06,613679.51
2010-10-29,3.06,3.08,3.01,3.03,670702.49
2010-11-01,3.03,3.1,3.03,3.09,720207.64
2010-11-02,3.1,3.12,3.04,3.08,779090.95
2010-11-03,3.08,3.12,3.05,3.09,783098.28
2010-11-04,3.09,3.16,3.09,3.14,1126447.57
2010-11-05,3.18,3.19,3.11,3.13,1142484.35
2010-11-08,3.15,3.19,3.14,3.16,899606.84
2010-11-09,3.16,3.16,3.08,3.1,874438.26
2010-11-10,3.09,3.1,3.05,3.06,736016.56
2010-11-11,3.06,3.37,3.05,3.22,2288217.94
2010-11-12,3.19,3.36,3.11,3.12,3060441.84
2010-11-15,3.09,3.14,2.98,3.03,1300918.13
2010-11-16,3.03,3.04,2.86,2.87,1227161.64
2010-11-17,2.82,2.88,2.77,2.81,874242.96
2010-11-18,2.82,2.86,2.82,2.85,586811.97
2010-11-19,2.87,2.87,2.78,2.84,534770.15
2010-11-22,2.81,2.85,2.79,2.81,452185.83
2010-11-23,2.81,2.82,2.73,2.75,586307.14
2010-11-24,2.74,2.79,2.74,2.77,429188.86
2010-11-25,2.8,2.82,2.76,2.8,533756.09
2010-11-26,2.8,2.82,2.76,2.78,508598.09
2010-11-29,2.77,2.79,2.76,2.78,334381.44
2010-11-30,2.78,2.82,2.72,2.76,652597.91
2010-12-01,2.74,2.77,2.72,2.75,324273.13
2010-12-02,2.77,2.81,2.76,2.77,522651.7
2010-12-03,2.78,2.81,2.76,2.78,341561.49
2010-12-06,2.79,2.85,2.78,2.83,649813.55
2010-12-07,2.81,2.83,2.77,2.81,440836.0
2010-12-08,2.81,2.81,2.78,2.78,331707.27
2010-12-09,2.77,2.8,2.74,2.75,373578.7
2010-12-10,2.74,2.77,2.73,2.76,243570.14
2010-12-13,2.76,2.85,2.76,2.84,837562.57
2010-12-14,2.84,2.84,2.81,2.82,429449.95
2010-12-15,2.81,2.84,2.8,2.82,386479.77
2010-12-16,2.81,2.83,2.79,2.8,257071.67
2010-12-17,2.79,2.8,2.77,2.79,228480.52
2010-12-20,2.79,2.8,2.73,2.75,407742.91
2010-12-21,2.76,2.82,2.75,2.81,457552.59
2010-12-22,2.86,2.87,2.79,2.8,574227.75
2010-12-23,2.8,2.83,2.76,2.77,347869.31
2010-12-24,2.77,2.8,2.76,2.77,272002.67
2010-12-27,2.77,2.82,2.74,2.75,358078.82
2010-12-28,2.74,2.75,2.72,2.73,345837.01
2010-12-29,2.73,2.73,2.71,2.73,243574.61
2010-12-30,2.73,2.74,2.69,2.71,303455.98
2010-12-31,2.72,2.74,2.71,2.74,265139.74
2011-01-04,2.75,2.79,2.73,2.79,504145.26
2011-01-05,2.77,2.77,2.75,2.76,409772.87
2011-01-06,2.76,2.77,2.72,2.75,273435.65
2011-01-07,2.74,2.83,2.73,2.78,692570.29
2011-01-10,2.78,2.81,2.76,2.79,569525.2
2011-01-11,2.78,2.89,2.77,2.84,857584.83
2011-01-12,2.85,2.87,2.81,2.84,563217.99
2011-01-13,2.85,2.91,2.84,2.9,998579.99
2011-01-14,2.87,2.95,2.84,2.92,1026511.06
2011-01-17,2.89,2.93,2.84,2.85,1014742.08
2011-01-18,2.83,2.92,2.81,2.87,490111.01
2011-01-19,2.87,2.94,2.86,2.94,626752.47
2011-01-20,2.95,2.98,2.85,2.86,658419.17
2011-01-21,2.85,2.99,2.85,2.96,748178.35
2011-01-24,2.96,3.09,2.93,2.99,846959.74
2011-01-25,2.98,3.05,2.92,2.95,697136.2
2011-01-26,2.94,2.96,2.9,2.96,527103.77
2011-01-27,2.93,3.0,2.9,3.0,753531.45
2011-01-28,2.97,2.99,2.92,2.97,572748.74
2011-01-31,2.96,3.07,2.95,3.06,912652.11
2011-02-01,3.06,3.09,3.04,3.06,504788.07
2011-02-09,3.04,3.09,3.02,3.03,479535.94
2011-02-10,3.03,3.04,2.97,3.03,526471.12
2011-02-11,3.03,3.05,2.99,3.02,597807.39
2011-02-14,3.01,3.11,3.0,3.09,878940.41
2011-02-15,3.09,3.17,3.05,3.12,1420692.74
2011-02-16,3.13,3.16,3.1,3.15,655099.9
2011-02-17,3.18,3.22,3.12,3.15,1020702.06
2011-02-18,3.19,3.2,3.08,3.11,951862.53
2011-02-21,3.13,3.17,3.1,3.15,1150479.08
2011-02-22,3.17,3.19,2.96,2.97,2469208.17
2011-02-23,2.92,2.96,2.88,2.91,1272641.68
2011-02-24,2.91,2.94,2.88,2.91,880856.59
2011-02-25,2.9,2.9,2.84,2.88,978761.61
2011-02-28,2.89,2.9,2.86,2.9,644463.83
2011-03-01,2.9,2.94,2.88,2.93,792201.24
2011-03-02,2.91,2.94,2.9,2.92,597584.92
2011-03-03,2.93,2.95,2.88,2.92,999149.33
2011-03-04,2.92,2.99,2.91,2.97,1152788.62
2011-03-07,2.97,3.03,2.96,3.0,1212180.97
2011-03-08,3.01,3.01,2.95,2.98,719574.92
2011-03-09,2.98,3.02,2.97,2.98,674005.1
2011-03-10,2.98,2.98,2.92,2.93,539040.16
2011-03-11,2.92,2.94,2.9,2.91,377400.56
2011-03-14,2.9,2.94,2.88,2.91,390489.25
2011-03-15,2.89,2.9,2.82,2.86,540467.02
2011-03-16,2.86,2.89,2.86,2.88,355421.74
2011-03-17,2.87,2.95,2.85,2.91,907000.34
2011-03-18,2.93,2.94,2.89,2.91,298861.23
2011-03-21,2.92,2.94,2.9,2.91,346273.82
2011-03-22,2.92,2.93,2.88,2.91,283839.42
2011-03-23,2.92,2.92,2.89,2.92,585358.51
2011-03-24,2.91,2.95,2.9,2.92,564670.46
2011-03-25,2.92,2.95,2.91,2.95,617783.6
2011-03-28,2.94,2.97,2.93,2.94,632173.3
2011-03-29,2.94,2.95,2.9,2.9,528117.64
2011-03-30,2.9,2.96,2.87,2.94,603131.04
2011-03-31,2.93,2.94,2.88,2.9,318443.79
2011-04-01,2.89,2.92,2.88,2.91,345777.29
2011-04-06,2.91,2.97,2.9,2.96,790714.33
2011-04-07,2.99,3.01,2.95,2.96,861509.68
2011-04-08,2.96,3.02,2.94,3.0,897114.77
2011-04-11,3.01,3.04,2.97,2.98,818473.17
2011-04-12,2.98,3.05,2.95,3.01,954868.68
2011-04-13,3.0,3.02,2.98,3.02,536454.55
2011-04-14,3.02,3.03,2.99,3.0,533593.34
2011-04-15,2.99,3.04,2.98,3.02,767724.96
2011-04-18,3.02,3.13,3.01,3.08,1328212.64
2011-04-19,3.06,3.08,3.01,3.05,521807.07
2011-04-20,3.05,3.08,3.0,3.02,433488.26
2011-04-21,3.03,3.03,3.0,3.02,317604.07
2011-04-22,3.0,3.02,2.95,2.96,611902.37
2011-04-25,2.96,2.96,2.92,2.93,420658.88
2011-04-26,2.93,2.95,2.89,2.9,605564.32
2011-04-27,2.91,2.93,2.9,2.91,378102.51
2011-04-28,2.92,2.95,2.89,2.9,439830.5
2011-04-29,2.91,2.94,2.9,2.94,422816.56
2011-05-03,2.94,2.96,2.92,2.95,277613.21
2011-05-04,2.94,2.95,2.85,2.88,467627.29
2011-05-05,2.87,2.92,2.85,2.92,377754.04
2011-05-06,2.87,2.91,2.86,2.88,331145.11
2011-05-09,2.88,2.9,2.85,2.86,283751.35
2011-05-10,2.87,2.88,2.86,2.87,128877.1
2011-05-11,2.87,2.88,2.85,2.85,335817.91
2011-05-12,2.84,2.85,2.8,2.83,602932.3
2011-05-16,2.83,2.85,2.81,2.81,319121.89
2011-05-17,2.82,2.83,2.8,2.81,236234.68
2011-05-18,2.81,2.84,2.8,2.83,267434.02
2011-05-19,2.83,2.84,2.82,2.82,182546.76
2011-05-20,2.82,2.83,2.81,2.82,162545.7
2011-05-23,2.81,2.82,2.75,2.76,380698.2
2011-05-24,2.75,2.76,2.7,2.75,345588.2
2011-05-25,2.75,2.75,2.71,2.72,453164.2
2011-05-26,2.73,2.74,2.7,2.72,404944.23
2011-05-27,2.73,2.74,2.71,2.72,305583.49
2011-05-30,2.71,2.73,2.69,2.71,196906.65
2011-05-31,2.71,2.74,2.71,2.74,201336.42
2011-06-01,2.74,2.74,2.71,2.73,199209.18
2011-06-02,2.71,2.72,2.67,2.67,374773.04
2011-06-03,2.67,2.7,2.67,2.68,269568.52
2011-06-07,2.68,2.74,2.67,2.73,256476.46
2011-06-08,2.72,2.74,2.7,2.73,184767.82
2011-06-09,2.73,2.73,2.69,2.7,198279.91
2011-06-10,2.71,2.72,2.69,2.7,153282.63
2011-06-13,2.7,2.71,2.67,2.69,159009.46
2011-06-14,2.69,2.78,2.69,2.76,439269.64
2011-06-15,2.76,2.77,2.74,2.75,174329.8
2011-06-16,2.75,2.75,2.73,2.73,273576.24
2011-06-17,2.73,2.77,2.72,2.77,369526.6
2011-06-20,2.76,2.79,2.75,2.77,417436.67
2011-06-21,2.78,2.78,2.76,2.77,217315.79
2011-06-22,2.77,2.78,2.76,2.78,186989.57
2011-06-23,2.78,2.8,2.76,2.8,164213.23
2011-06-24,2.79,2.85,2.77,2.84,457104.6
2011-06-27,2.84,2.9,2.83,2.84,347827.83
2011-06-28,2.84,2.85,2.8,2.82,204175.91
2011-06-29,2.82,2.87,2.81,2.81,469985.14
2011-06-30,2.82,2.86,2.81,2.84,406186.06
2011-07-01,2.85,2.85,2.82,2.82,203587.6
2011-07-04,2.83,2.87,2.82,2.86,515320.83
2011-07-05,2.86,2.88,2.85,2.86,286315.13
2011-07-06,2.87,2.87,2.82,2.85,234957.4
2011-07-07,2.85,2.86,2.8,2.81,445791.47
2011-07-08,2.81,2.81,2.79,2.79,338806.77
2011-07-11,2.79,2.82,2.79,2.8,342844.21
2011-07-12,2.79,2.79,2.76,2.77,309926.84
2011-07-13,2.77,2.79,2.77,2.78,238511.78
2011-07-14,2.78,2.79,2.76,2.78,377365.47
2011-07-15,2.77,2.79,2.77,2.78,199570.74
2011-07-18,2.79,2.79,2.77,2.77,209425.82
2011-07-19,2.76,2.78,2.76,2.76,282761.78
2011-07-20,2.77,2.78,2.74,2.75,275650.54
2011-07-21,2.76,2.76,2.71,2.72,294945.48
2011-07-22,2.73,2.73,2.71,2.72,193728.32
2011-07-25,2.71,2.71,2.66,2.67,342067.4
2011-07-26,2.67,2.69,2.66,2.68,221155.35
2011-07-27,2.68,2.69,2.65,2.68,380566.64
2011-07-28,2.66,2.68,2.65,2.67,211483.34
2011-07-29,2.67,2.71,2.66,2.68,255262.94
2011-08-01,2.68,2.69,2.67,2.68,143035.31
2011-08-02,2.66,2.67,2.62,2.64,254823.42
2011-08-03,2.62,2.64,2.62,2.62,171166.47
2011-08-04,2.63,2.65,2.62,2.63,121041.09
2011-08-05,2.59,2.59,2.55,2.56,301105.62
2011-08-08,2.53,2.55,2.43,2.44,490531.28
2011-08-09,2.41,2.45,2.37,2.43,454824.33
2011-08-10,2.47,2.48,2.44,2.45,284839.86
2011-08-11,2.42,2.47,2.41,2.47,250313.1
2011-08-12,2.47,2.49,2.47,2.47,264056.35
2011-08-15,2.48,2.5,2.45,2.5,259694.9
2011-08-16,2.49,2.5,2.48,2.49,230933.92
2011-08-17,2.48,2.49,2.48,2.48,162144.37
2011-08-18,2.48,2.48,2.44,2.44,233111.8
2011-08-19,2.41,2.42,2.38,2.42,244512.37
2011-08-22,2.42,2.44,2.4,2.41,145959.43
2011-08-23,2.41,2.47,2.4,2.47,194178.19
2011-08-24,2.47,2.47,2.44,2.46,184673.3
2011-08-25,2.47,2.54,2.46,2.53,417188.17
2011-08-26,2.52,2.55,2.5,2.53,269634.58
2011-08-29,2.53,2.56,2.5,2.55,361622.7
2011-08-30,2.56,2.62,2.54,2.54,339887.59
2011-08-31,2.54,2.56,2.52,2.54,165658.72
2011-09-01,2.54,2.57,2.52,2.53,152923.25
2011-09-02,2.53,2.53,2.48,2.49,157482.14
2011-09-05,2.47,2.48,2.43,2.44,160047.03
2011-09-06,2.42,2.48,2.42,2.44,204152.45
2011-09-07,2.45,2.48,2.44,2.48,222230.68
2011-09-08,2.48,2.48,2.46,2.47,104992.65
2011-09-09,2.47,2.49,2.45,2.47,110437.77
2011-09-13,2.44,2.46,2.42,2.45,138557.93
2011-09-14,2.46,2.47,2.43,2.46,142454.55
2011-09-15,2.46,2.48,2.46,2.48,156249.49
2011-09-16,2.48,2.49,2.48,2.49,150536.7
2011-09-19,2.49,2.49,2.46,2.46,146588.43
2011-09-20,2.46,2.49,2.45,2.47,201766.95
2011-09-21,2.47,2.53,2.45,2.53,375176.43
2011-09-22,2.5,2.51,2.45,2.46,208712.04
2011-09-23,2.43,2.46,2.42,2.45,223987.75
2011-09-26,2.43,2.46,2.41,2.42,180320.25
2011-09-27,2.44,2.44,2.41,2.43,187228.5
2011-09-28,2.44,2.45,2.41,2.42,197525.67
2011-09-29,2.41,2.44,2.4,2.43,174683.49
2011-09-30,2.43,2.44,2.41,2.43,170239.15
2011-10-10,2.43,2.43,2.41,2.42,125850.35
2011-10-11,2.44,2.45,2.38,2.4,365404.9
2011-10-13,2.44,2.47,2.43,2.46,400430.32
2011-10-14,2.46,2.48,2.44,2.47,206736.48
2011-10-17,2.46,2.49,2.46,2.48,204311.82
2011-10-18,2.47,2.47,2.43,2.43,235757.01
2011-10-19,2.44,2.46,2.43,2.44,121304.19
2011-10-20,2.42,2.44,2.42,2.43,283763.89
2011-10-21,2.44,2.44,2.41,2.42,179011.22
2011-10-24,2.42,2.48,2.41,2.47,315913.25
2011-10-25,2.47,2.5,2.45,2.49,251418.27
2011-10-26,2.48,2.51,2.47,2.49,283148.34
2011-10-27,2.5,2.51,2.49,2.5,191190.54
2011-10-28,2.51,2.53,2.49,2.52,424002.12
2011-10-31,2.52,2.52,2.49,2.5,286712.04
2011-11-01,2.49,2.52,2.48,2.5,319179.25
2011-11-02,2.49,2.53,2.48,2.53,351002.64
2011-11-03,2.53,2.55,2.52,2.53,352514.26
2011-11-04,2.55,2.62,2.54,2.59,868745.02
2011-11-07,2.59,2.65,2.58,2.6,445375.54
2011-11-08,2.6,2.68,2.59,2.66,900256.36
2011-11-09,2.65,2.68,2.62,2.64,429293.03
2011-11-10,2.62,2.63,2.59,2.59,305934.18
2011-11-11,2.59,2.64,2.59,2.63,219978.5
2011-11-14,2.64,2.67,2.64,2.66,181794.52
2011-11-15,2.65,2.66,2.63,2.66,177546.43
2011-11-16,2.64,2.65,2.57,2.58,329245.92
2011-11-17,2.59,2.6,2.57,2.57,147060.56
2011-11-18,2.56,2.56,2.53,2.53,179401.77
2011-11-21,2.53,2.56,2.53,2.55,90790.51
2011-11-22,2.53,2.56,2.52,2.55,155332.65
2011-11-23,2.56,2.56,2.53,2.54,124592.66
2011-11-24,2.52,2.56,2.52,2.56,113142.56
2011-11-25,2.55,2.56,2.53,2.54,176971.04
2011-11-28,2.54,2.56,2.53,2.53,126879.41
2011-11-29,2.55,2.58,2.53,2.57,139086.45
2011-11-30,2.56,2.56,2.48,2.49,208635.4
2011-12-01,2.54,2.59,2.51,2.56,317094.25
2011-12-02,2.55,2.57,2.5,2.52,144700.85
2011-12-05,2.52,2.56,2.5,2.55,208000.93
2011-12-06,2.54,2.59,2.54,2.59,277870.49
2011-12-07,2.6,2.62,2.59,2.62,263611.16
2011-12-08,2.62,2.63,2.58,2.6,86528.95
2011-12-09,2.59,2.6,2.57,2.59,100834.48
2011-12-12,2.58,2.58,2.53,2.53,112168.97
2011-12-13,2.53,2.55,2.48,2.5,242073.16
2011-12-14,2.5,2.5,2.44,2.48,256312.0
2011-12-16,2.46,2.55,2.45,2.52,414327.49
2011-12-19,2.5,2.51,2.45,2.48,336231.33
2011-12-20,2.47,2.54,2.47,2.5,315103.09
2011-12-21,2.51,2.53,2.48,2.49,173290.88
2011-12-22,2.48,2.5,2.45,2.46,316140.1
2011-12-23,2.46,2.5,2.46,2.49,92668.73
2011-12-26,2.47,2.51,2.46,2.5,159572.79
2011-12-27,2.5,2.5,2.46,2.48,118645.33
2011-12-28,2.46,2.51,2.46,2.49,275659.71
2011-12-29,2.49,2.51,2.48,2.5,171804.3
2011-12-30,2.51,2.52,2.49,2.51,272981.7
2012-01-04,2.55,2.6,2.55,2.58,528181.38
2012-01-05,2.56,2.63,2.56,2.6,478884.57
2012-01-06,2.63,2.64,2.57,2.62,394654.47
2012-01-09,2.63,2.73,2.59,2.71,743960.15
2012-01-10,2.68,2.74,2.66,2.73,735424.06
2012-01-11,2.73,2.76,2.68,2.7,392984.75
2012-01-12,2.69,2.71,2.66,2.68,305451.48
2012-01-13,2.69,2.69,2.64,2.67,310277.59
2012-01-16,2.66,2.67,2.63,2.64,222878.19
2012-01-17,2.64,2.77,2.62,2.71,578619.98
2012-01-18,2.71,2.71,2.65,2.65,436955.92
2012-01-19,2.66,2.71,2.66,2.68,407461.87
2012-01-20,2.68,2.71,2.67,2.71,424516.62
2012-01-30,2.72,2.74,2.68,2.7,474733.01
2012-01-31,2.7,2.72,2.69,2.72,215585.22
2012-02-01,2.71,2.78,2.7,2.73,427751.93
2012-02-02,2.73,2.76,2.71,2.75,372434.46
2012-02-03,2.74,2.75,2.7,2.73,485439.37
2012-02-06,2.73,2.74,2.71,2.72,281928.37
2012-02-07,2.71,2.72,2.65,2.68,304921.64
2012-02-08,2.7,2.73,2.66,2.72,716926.08
2012-02-09,2.71,2.72,2.68,2.69,439810.62
2012-02-10,2.68,2.7,2.67,2.69,286412.72
2012-02-13,2.66,2.69,2.65,2.68,295773.68
2012-02-14,2.68,2.7,2.67,2.68,268082.06
2012-02-15,2.68,2.71,2.67,2.7,293008.54
2012-02-16,2.71,2.71,2.66,2.67,265248.51
2012-02-17,2.68,2.7,2.66,2.66,253228.3
2012-02-20,2.69,2.7,2.66,2.66,404195.23
2012-02-21,2.65,2.66,2.62,2.64,658183.92
2012-02-22,2.63,2.65,2.62,2.65,446895.41
2012-02-23,2.65,2.67,2.64,2.66,576747.99
2012-02-24,2.66,2.67,2.63,2.67,790821.31
2012-02-27,2.68,2.73,2.67,2.69,1050545.6
2012-02-28,2.69,2.7,2.68,2.7,518892.12
2012-02-29,2.69,2.7,2.66,2.67,400940.17
2012-03-01,2.66,2.67,2.65,2.65,329518.12
2012-03-02,2.65,2.69,2.65,2.68,438030.21
2012-03-05,2.69,2.69,2.65,2.65,304333.85
2012-03-06,2.65,2.66,2.6,2.61,523219.59
2012-03-07,2.59,2.63,2.59,2.6,349417.7
2012-03-08,2.61,2.63,2.6,2.62,261001.03
2012-03-09,2.63,2.65,2.62,2.64,319195.0
2012-03-12,2.64,2.64,2.6,2.62,270944.54
2012-03-13,2.62,2.65,2.61,2.64,328692.03
2012-03-14,2.65,2.69,2.62,2.63,895840.5
2012-03-15,2.64,2.69,2.63,2.65,752491.58
2012-03-16,2.66,2.69,2.64,2.68,434965.58
2012-03-19,2.68,2.68,2.64,2.67,336574.36
2012-03-20,2.7,2.7,2.64,2.66,482618.42
2012-03-21,2.65,2.66,2.62,2.63,261032.45
2012-03-22,2.63,2.63,2.6,2.61,179739.96
2012-03-23,2.61,2.62,2.59,2.6,199081.49
2012-03-26,2.6,2.62,2.6,2.6,104332.71
2012-03-27,2.62,2.63,2.6,2.61,195177.79
2012-03-28,2.61,2.62,2.53,2.54,293485.35
2012-03-29,2.53,2.54,2.49,2.5,338768.87
2012-03-30,2.5,2.52,2.5,2.52,178894.36
2012-04-05,2.51,2.53,2.49,2.52,368906.14
2012-04-06,2.52,2.52,2.5,2.51,376959.15
2012-04-09,2.51,2.51,2.5,2.5,171919.49
2012-04-10,2.5,2.51,2.48,2.51,210551.25
2012-04-11,2.5,2.52,2.48,2.51,191127.76
2012-04-12,2.51,2.56,2.5,2.55,376721.8
2012-04-13,2.55,2.56,2.53,2.55,188806.0
2012-04-16,2.53,2.55,2.53,2.55,135432.57
2012-04-17,2.55,2.55,2.52,2.53,156004.48
2012-04-18,2.54,2.56,2.52,2.55,339206.35
2012-04-19,2.55,2.55,2.52,2.53,370607.68
2012-04-20,2.53,2.58,2.52,2.57,551232.06
2012-04-23,2.56,2.57,2.54,2.55,277713.83
2012-04-24,2.54,2.58,2.52,2.55,563622.64
2012-04-25,2.54,2.56,2.53,2.55,417218.36
2012-04-26,2.55,2.56,2.53,2.55,267932.12
2012-04-27,2.52,2.54,2.51,2.51,385776.64
2012-05-02,2.54,2.58,2.53,2.57,578161.19
2012-05-03,2.57,2.57,2.55,2.57,187826.7
2012-05-04,2.56,2.57,2.54,2.55,405006.51
2012-05-07,2.55,2.56,2.53,2.55,440202.99
2012-05-08,2.55,2.56,2.52,2.54,424919.19
2012-05-09,2.52,2.53,2.49,2.49,504229.92
2012-05-10,2.49,2.5,2.49,2.49,330379.55
2012-05-14,2.5,2.5,2.46,2.46,511403.35
2012-05-15,2.46,2.47,2.45,2.45,228152.82
2012-05-16,2.45,2.46,2.42,2.43,374205.73
2012-05-17,2.43,2.47,2.42,2.46,208890.51
2012-05-18,2.45,2.45,2.42,2.42,246992.88
2012-05-21,2.43,2.45,2.41,2.44,258217.67
2012-05-22,2.45,2.46,2.44,2.45,233980.89
2012-05-23,2.45,2.46,2.44,2.45,214442.3
2012-05-24,2.45,2.45,2.42,2.44,203592.22
2012-05-25,2.44,2.45,2.43,2.45,154764.93
2012-05-28,2.45,2.45,2.42,2.44,312287.71
2012-05-29,2.44,2.45,2.43,2.45,524626.56
2012-05-30,2.44,2.45,2.43,2.44,282978.26
2012-05-31,2.43,2.43,2.4,2.41,272942.37
2012-06-01,2.41,2.42,2.41,2.42,215673.96
2012-06-04,2.4,2.4,2.34,2.34,432577.41
2012-06-05,2.35,2.36,2.33,2.34,186395.97
2012-06-06,2.35,2.35,2.34,2.34,168948.93
2012-06-07,2.36,2.37,2.33,2.34,188107.53
2012-06-08,2.35,2.35,2.32,2.32,140816.21
2012-06-11,2.33,2.37,2.33,2.35,278509.95
2012-06-12,2.34,2.35,2.32,2.34,164283.52
2012-06-13,2.34,2.34,2.3,2.33,419339.63
2012-06-14,2.32,2.32,2.31,2.31,221291.92
2012-06-15,2.31,2.34,2.3,2.34,310922.62
2012-06-18,2.34,2.35,2.32,2.33,220282.89
2012-06-19,2.33,2.33,2.3,2.31,283533.42
2012-06-20,2.32,2.32,2.31,2.32,151216.62
2012-06-21,2.31,2.32,2.3,2.31,404719.71
2012-06-25,2.3,2.31,2.3,2.3,262471.04
2012-06-26,2.29,2.3,2.27,2.29,253017.13
2012-06-27,2.29,2.3,2.28,2.29,139505.3
2012-06-28,2.29,2.3,2.26,2.27,126967.78
2012-06-29,2.26,2.27,2.23,2.27,225081.7
2012-07-02,2.29,2.29,2.25,2.25,184422.18
2012-07-03,2.25,2.28,2.25,2.26,155609.43
2012-07-04,2.27,2.28,2.25,2.26,171178.95
2012-07-05,2.25,2.26,2.2,2.2,298248.24
2012-07-06,2.2,2.21,2.16,2.19,369866.3
2012-07-09,2.18,2.18,2.08,2.09,586257.9
2012-07-10,2.09,2.12,2.07,2.11,407404.26
2012-07-11,2.1,2.11,2.09,2.1,236042.69
2012-07-12,2.1,2.14,2.08,2.11,615379.12
2012-07-13,2.11,2.16,2.11,2.14,415759.97
2012-07-16,2.15,2.16,2.13,2.13,240302.12
2012-07-17,2.13,2.15,2.13,2.14,151647.17
2012-07-18,2.14,2.16,2.13,2.16,166430.51
2012-07-19,2.16,2.22,2.16,2.21,379213.41
2012-07-20,2.21,2.21,2.18,2.19,238256.11
2012-07-23,2.18,2.19,2.16,2.17,143235.09
2012-07-24,2.16,2.2,2.16,2.19,176913.94
2012-07-25,2.18,2.2,2.18,2.18,194658.12
2012-07-26,2.18,2.2,2.18,2.19,135953.5
2012-07-27,2.19,2.21,2.19,2.2,205775.93
2012-07-30,2.21,2.22,2.2,2.2,153940.11
2012-07-31,2.2,2.21,2.17,2.18,123485.88
2012-08-01,2.18,2.2,2.17,2.18,174190.08
2012-08-02,2.18,2.18,2.14,2.14,156170.28
2012-08-03,2.15,2.19,2.14,2.19,204326.05
2012-08-06,2.2,2.21,2.19,2.2,136249.18
2012-08-07,2.2,2.22,2.2,2.21,226409.76
2012-08-08,2.21,2.23,2.19,2.2,200817.7
2012-08-09,2.2,2.22,2.2,2.22,147032.96
2012-08-10,2.22,2.23,2.2,2.21,176562.38
2012-08-13,2.2,2.22,2.2,2.21,143976.21
2012-08-14,2.21,2.23,2.2,2.23,245565.67
2012-08-15,2.23,2.23,2.2,2.21,124355.16
2012-08-16,2.21,2.23,2.21,2.21,99488.43
2012-08-17,2.21,2.25,2.21,2.23,262589.56
2012-08-20,2.22,2.23,2.2,2.21,107540.67
2012-08-21,2.21,2.23,2.2,2.22,155168.37
2012-08-22,2.22,2.23,2.17,2.18,123124.14
2012-08-23,2.18,2.21,2.17,2.19,162412.7
2012-08-24,2.18,2.19,2.16,2.17,153645.98
2012-08-27,2.16,2.17,2.13,2.13,189089.01
2012-08-28,2.13,2.27,2.13,2.25,514967.61
2012-08-29,2.23,2.23,2.17,2.18,299655.55
2012-08-30,2.17,2.2,2.17,2.19,188480.3
2012-08-31,2.18,2.21,2.17,2.18,136533.53
2012-09-03,2.18,2.2,2.16,2.18,298633.69
2012-09-04,2.17,2.22,2.17,2.2,284691.65
2012-09-05,2.2,2.2,2.17,2.18,128072.67
2012-09-06,2.18,2.19,2.16,2.17,183480.36
2012-09-07,2.18,2.25,2.16,2.23,608462.81
2012-09-10,2.23,2.25,2.21,2.24,294540.96
2012-09-11,2.24,2.24,2.2,2.21,246829.07
2012-09-12,2.22,2.23,2.2,2.22,144746.81
2012-09-13,2.21,2.22,2.21,2.21,118325.7
2012-09-14,2.22,2.23,2.21,2.21,207025.56
2012-09-17,2.22,2.22,2.18,2.19,172393.56
2012-09-18,2.19,2.2,2.17,2.18,127506.19
2012-09-19,2.18,2.19,2.17,2.18,110820.34
2012-09-20,2.17,2.18,2.13,2.14,208054.99
2012-09-21,2.14,2.18,2.13,2.18,198719.64
2012-09-24,2.16,2.17,2.13,2.16,128279.87
2012-09-25,2.15,2.17,2.14,2.17,110155.73
2012-09-26,2.17,2.17,2.13,2.14,148092.17
2012-09-27,2.14,2.22,2.12,2.17,335146.37
2012-09-28,2.16,2.2,2.15,2.19,215191.53
2012-10-08,2.19,2.2,2.18,2.19,186886.5
2012-10-09,2.21,2.29,2.21,2.26,652313.0
2012-10-10,2.27,2.29,2.25,2.28,253326.13
2012-10-11,2.27,2.3,2.26,2.26,200259.49
2012-10-12,2.28,2.3,2.23,2.23,383792.49
2012-10-15,2.24,2.25,2.22,2.25,105126.68
2012-10-16,2.25,2.26,2.23,2.24,129532.49
2012-10-17,2.25,2.29,2.25,2.28,344070.2
2012-10-18,2.28,2.33,2.28,2.32,478746.08
2012-10-19,2.32,2.35,2.32,2.33,336708.19
2012-10-22,2.32,2.35,2.32,2.34,207541.15
2012-10-23,2.34,2.34,2.29,2.31,243149.56
2012-10-24,2.29,2.32,2.29,2.31,102639.86
2012-10-25,2.3,2.33,2.28,2.28,152405.48
2012-10-26,2.29,2.3,2.26,2.26,134809.1
2012-10-29,2.26,2.29,2.25,2.29,144414.99
2012-10-30,2.28,2.3,2.26,2.27,139754.86
2012-10-31,2.27,2.3,2.26,2.28,161897.69
2012-11-01,2.28,2.35,2.28,2.34,314072.85
2012-11-02,2.34,2.36,2.33,2.35,187128.45
2012-11-05,2.34,2.36,2.33,2.35,128197.58
2012-11-06,2.35,2.35,2.3,2.33,138487.31
2012-11-07,2.33,2.35,2.32,2.34,107765.4
2012-11-08,2.33,2.33,2.31,2.31,94693.77
2012-11-09,2.3,2.32,2.28,2.29,74929.42
2012-11-12,2.3,2.32,2.27,2.29,182496.17
2012-11-13,2.28,2.29,2.25,2.27,191733.73
2012-11-14,2.27,2.28,2.25,2.28,118940.78
2012-11-15,2.27,2.29,2.25,2.26,156381.65
2012-11-16,2.25,2.26,2.19,2.21,207906.25
2012-11-19,2.22,2.24,2.21,2.22,92938.04
2012-11-20,2.22,2.24,2.19,2.21,147148.6
2012-11-21,2.21,2.25,2.2,2.24,106577.03
2012-11-22,2.24,2.24,2.21,2.21,160557.27
2012-11-23,2.23,2.25,2.21,2.22,159829.09
2012-11-26,2.22,2.23,2.21,2.23,117250.4
2012-11-27,2.23,2.24,2.2,2.21,223635.93
2012-11-28,2.2,2.22,2.18,2.22,183694.9
2012-11-29,2.21,2.22,2.19,2.19,169039.47
2012-11-30,2.19,2.21,2.19,2.21,100434.91
2012-12-03,2.21,2.25,2.2,2.24,239488.36
2012-12-04,2.24,2.25,2.22,2.24,174259.94
2012-12-05,2.24,2.33,2.24,2.3,599992.11
2012-12-06,2.3,2.32,2.28,2.29,251342.08
2012-12-07,2.28,2.35,2.28,2.34,398451.37
2012-12-10,2.34,2.36,2.32,2.34,353456.58
2012-12-11,2.34,2.34,2.31,2.32,232740.36
2012-12-12,2.32,2.33,2.3,2.32,212250.85
2012-12-13,2.32,2.32,2.29,2.3,223448.68
2012-12-14,2.31,2.4,2.29,2.39,627153.36
2012-12-17,2.38,2.47,2.37,2.42,579004.55
2012-12-18,2.43,2.45,2.4,2.42,367020.49
2012-12-19,2.41,2.45,2.41,2.43,280675.75
2012-12-20,2.43,2.48,2.41,2.46,383546.06
2012-12-21,2.47,2.47,2.42,2.44,383662.68
2012-12-24,2.44,2.46,2.42,2.42,160066.52
2012-12-25,2.41,2.49,2.41,2.48,528012.6
2012-12-26,2.48,2.53,2.47,2.51,403683.46
2012-12-27,2.52,2.54,2.47,2.49,320079.35
2012-12-28,2.5,2.5,2.45,2.49,451616.37
2012-12-31,2.49,2.57,2.48,2.54,519553.56
2013-01-04,2.55,2.58,2.52,2.55,366308.94
2013-01-07,2.55,2.57,2.51,2.52,314249.62
2013-01-08,2.53,2.58,2.52,2.53,515568.84
2013-01-09,2.53,2.56,2.51,2.53,358576.21
2013-01-10,2.52,2.59,2.51,2.58,657676.72
2013-01-11,2.58,2.61,2.53,2.54,572945.19
2013-01-14,2.55,2.61,2.53,2.61,541889.22
2013-01-15,2.59,2.63,2.56,2.59,589468.09
2013-01-16,2.59,2.59,2.49,2.52,686404.65
2013-01-17,2.52,2.52,2.47,2.48,626791.12
2013-01-18,2.49,2.51,2.48,2.51,378198.09
2013-01-21,2.51,2.55,2.49,2.52,357425.16
2013-01-22,2.52,2.52,2.47,2.5,468925.79
2013-01-23,2.5,2.53,2.49,2.52,354825.04
2013-01-24,2.52,2.59,2.5,2.54,750312.51
2013-01-25,2.53,2.55,2.5,2.51,442018.08
2013-01-28,2.52,2.58,2.51,2.56,438329.97
2013-01-29,2.56,2.57,2.54,2.56,396942.62
2013-01-30,2.56,2.61,2.54,2.61,711118.4
2013-01-31,2.6,2.62,2.57,2.59,394776.08
2013-02-01,2.58,2.61,2.56,2.59,358003.25
2013-02-04,2.6,2.62,2.56,2.58,637762.66
2013-02-05,2.55,2.55,2.49,2.53,1117446.16
2013-02-06,2.53,2.53,2.51,2.53,396593.19
2013-02-07,2.52,2.55,2.51,2.53,623444.82
2013-02-08,2.53,2.58,2.52,2.58,582159.93
2013-02-18,2.58,2.64,2.56,2.62,821751.28
2013-02-19,2.62,2.68,2.61,2.62,954570.46
2013-02-20,2.62,2.69,2.62,2.67,738309.45
2013-02-21,2.66,2.67,2.58,2.59,599958.27
2013-02-22,2.59,2.6,2.55,2.56,449998.52
2013-02-25,2.57,2.66,2.57,2.63,687341.42
2013-02-26,2.6,2.65,2.59,2.61,523186.97
2013-02-27,2.61,2.63,2.58,2.6,247366.14
2013-02-28,2.6,2.67,2.58,2.65,491983.17
2013-03-01,2.63,2.66,2.61,2.64,358272.3
2013-03-04,2.65,2.67,2.6,2.62,670991.9
2013-03-05,2.62,2.64,2.57,2.62,464096.9
2013-03-06,2.62,2.67,2.59,2.66,414249.34
2013-03-07,2.69,2.75,2.64,2.68,520185.87
2013-03-08,2.69,2.73,2.66,2.71,465679.08
2013-03-11,2.69,2.72,2.67,2.69,189023.94
2013-03-12,2.7,2.8,2.69,2.74,767644.23
2013-03-13,2.74,2.79,2.73,2.74,623917.21
2013-03-14,2.72,2.76,2.69,2.73,371187.92
2013-03-15,2.72,2.78,2.71,2.76,438494.55
2013-03-18,2.74,2.77,2.62,2.62,552274.65
2013-03-19,2.62,2.72,2.62,2.69,536170.13
2013-03-20,2.69,2.74,2.69,2.71,457480.34
2013-03-21,2.71,2.77,2.69,2.76,721213.28
2013-03-22,2.75,2.83,2.75,2.83,987854.65
2013-03-25,2.82,2.82,2.76,2.78,544073.11
2013-03-26,2.78,2.78,2.69,2.73,487301.36
2013-03-27,2.74,2.81,2.72,2.74,665842.34
2013-03-28,2.72,2.73,2.67,2.72,411497.37
2013-03-29,2.72,2.74,2.7,2.71,211778.1
2013-04-01,2.7,2.71,2.68,2.7,280456.1
2013-04-02,2.7,2.7,2.64,2.66,412955.92
2013-04-03,2.66,2.68,2.64,2.65,272296.02
2013-04-08,2.63,2.65,2.61,2.64,321793.64
2013-04-09,2.66,2.66,2.62,2.64,312016.33
2013-04-10,2.64,2.65,2.61,2.62,328227.55
2013-04-11,2.63,2.65,2.62,2.63,257003.11
2013-04-12,2.63,2.65,2.58,2.59,293483.26
2013-04-15,2.56,2.58,2.5,2.51,485410.85
2013-04-16,2.49,2.54,2.49,2.52,310723.41
2013-04-17,2.52,2.53,2.49,2.51,167213.24
2013-04-18,2.5,2.54,2.49,2.5,238433.74
2013-04-19,2.51,2.57,2.5,2.54,389251.52
2013-04-22,2.54,2.56,2.51,2.53,315942.3
2013-04-23,2.53,2.53,2.42,2.43,554432.52
2013-04-24,2.44,2.48,2.44,2.47,283744.11
2013-04-25,2.47,2.5,2.45,2.48,281228.15
2013-04-26,2.48,2.49,2.45,2.47,185349.69
2013-05-02,2.46,2.47,2.44,2.45,196650.58
2013-05-03,2.45,2.49,2.45,2.48,273328.5
2013-05-06,2.49,2.54,2.48,2.52,315267.66
2013-05-07,2.53,2.53,2.49,2.51,222889.32
2013-05-08,2.52,2.54,2.5,2.51,282420.39
2013-05-09,2.51,2.52,2.45,2.46,451205.67
2013-05-10,2.46,2.47,2.41,2.45,604446.61
2013-05-13,2.44,2.48,2.44,2.45,300608.13
2013-05-14,2.45,2.45,2.41,2.42,376254.04
2013-05-15,2.42,2.43,2.41,2.43,149085.57
2013-05-16,2.43,2.45,2.41,2.44,269955.78
2013-05-17,2.44,2.49,2.44,2.48,388565.7
2013-05-20,2.49,2.55,2.48,2.53,406836.41
2013-05-21,2.52,2.53,2.5,2.51,310297.94
2013-05-22,2.51,2.52,2.49,2.5,238347.21
2013-05-23,2.49,2.49,2.47,2.47,293762.65
2013-05-24,2.48,2.49,2.44,2.45,356021.59
2013-05-27,2.45,2.48,2.45,2.46,270825.59
2013-05-28,2.46,2.5,2.45,2.49,338477.5
2013-05-29,2.5,2.51,2.49,2.49,321958.41
2013-05-30,2.49,2.49,2.46,2.47,381133.78
2013-05-31,2.48,2.48,2.46,2.47,221149.74
2013-06-03,2.47,2.48,2.45,2.47,226603.1
2013-06-04,2.47,2.48,2.45,2.47,263272.45
2013-06-05,2.46,2.48,2.45,2.46,160553.23
2013-06-06,2.46,2.47,2.45,2.46,199747.31
2013-06-07,2.46,2.46,2.41,2.42,264811.87
2013-06-13,2.41,2.41,2.27,2.34,453646.87
2013-06-14,2.34,2.35,2.3,2.3,500339.96
2013-06-17,2.31,2.34,2.3,2.33,385085.48
2013-06-18,2.33,2.33,2.31,2.33,234175.36
2013-06-19,2.35,2.35,2.27,2.3,326473.31
2013-06-20,2.29,2.32,2.21,2.21,384783.75
2013-06-21,2.19,2.23,2.16,2.19,467731.74
2013-06-24,2.19,2.2,2.05,2.07,699308.41
2013-06-25,2.07,2.1,2.0,2.06,628681.24
2013-06-26,2.06,2.07,1.99,2.02,591059.78
2013-06-27,2.03,2.05,2.01,2.02,485264.2
2013-06-28,2.02,2.08,2.02,2.06,601429.16
2013-07-01,2.04,2.11,2.04,2.1,675639.57
2013-07-02,2.1,2.1,2.04,2.09,796920.18
2013-07-03,2.07,2.1,2.02,2.09,1078295.81
2013-07-04,2.07,2.1,2.05,2.08,565412.81
2013-07-05,2.08,2.1,2.06,2.06,495337.32
2013-07-08,2.06,2.06,2.03,2.04,409668.4
2013-07-09,2.03,2.13,2.03,2.13,1252564.87
2013-07-10,2.13,2.31,2.12,2.27,1841872.28
2013-07-11,2.25,2.33,2.24,2.29,1883698.83
2013-07-12,2.28,2.28,2.22,2.26,813456.89
2013-07-15,2.26,2.27,2.22,2.24,619984.81
2013-07-16,2.24,2.24,2.18,2.21,677618.46
2013-07-17,2.2,2.25,2.18,2.19,847452.53
2013-07-18,2.18,2.19,2.14,2.16,666675.4
2013-07-19,2.18,2.2,2.13,2.19,754649.03
2013-07-22,2.15,2.2,2.14,2.19,615400.0
2013-07-23,2.17,2.22,2.17,2.2,792163.76
2013-07-24,2.19,2.2,2.16,2.18,369316.77
2013-07-25,2.19,2.19,2.13,2.15,662589.45
2013-07-26,2.14,2.15,2.12,2.14,371834.05
2013-07-29,2.12,2.13,2.08,2.1,404156.55
2013-07-30,2.11,2.15,2.1,2.15,525105.54
2013-07-31,2.14,2.16,2.14,2.15,275330.78
2013-08-01,2.16,2.19,2.15,2.18,349450.88
2013-08-02,2.19,2.2,2.16,2.18,232299.45
2013-08-05,2.19,2.19,2.15,2.19,334216.97
2013-08-06,2.18,2.19,2.16,2.18,358600.24
2013-08-07,2.18,2.19,2.15,2.16,437400.58
2013-08-08,2.15,2.16,2.14,2.15,264164.19
2013-08-09,2.16,2.17,2.13,2.16,345782.19
2013-08-12,2.16,2.23,2.16,2.23,638106.48
2013-08-13,2.23,2.24,2.21,2.23,370129.24
2013-08-14,2.24,2.25,2.22,2.23,365871.48
2013-08-15,2.23,2.24,2.21,2.21,263435.49
2013-08-16,2.21,2.43,2.19,2.22,1239480.82
2013-08-19,2.2,2.22,2.19,2.21,478095.64
2013-08-20,2.21,2.22,2.17,2.18,503600.41
2013-08-21,2.19,2.19,2.16,2.18,291167.38
2013-08-22,2.17,2.18,2.15,2.16,252219.45
2013-08-23,2.17,2.18,2.13,2.14,328842.1
2013-08-26,2.15,2.21,2.14,2.18,493352.86
2013-08-27,2.18,2.18,2.16,2.16,311278.62
2013-08-28,2.16,2.19,2.16,2.18,513496.44
2013-08-29,2.19,2.2,2.17,2.18,321669.83
2013-08-30,2.17,2.19,2.15,2.17,557049.96
2013-09-02,2.17,2.18,2.15,2.17,392662.07
2013-09-03,2.17,2.19,2.16,2.19,434177.38
2013-09-04,2.18,2.21,2.17,2.2,451470.2
2013-09-05,2.2,2.2,2.17,2.2,349997.7
2013-09-06,2.19,2.22,2.19,2.21,425777.11
2013-09-09,2.21,2.29,2.21,2.27,1046700.02
2013-09-10,2.27,2.3,2.24,2.29,931737.06
2013-09-11,2.29,2.35,2.29,2.31,1164934.13
2013-09-12,2.32,2.35,2.28,2.33,980581.26
2013-09-13,2.32,2.33,2.28,2.3,548881.59
2013-09-16,2.3,2.31,2.28,2.3,352675.34
2013-09-17,2.29,2.3,2.24,2.24,442108.39
2013-09-18,2.25,2.27,2.23,2.24,383666.35
2013-09-23,2.25,2.26,2.24,2.25,318695.0
2013-09-24,2.26,2.28,2.24,2.25,428925.3
2013-09-25,2.25,2.25,2.23,2.23,423095.75
2013-09-26,2.23,2.25,2.21,2.21,391422.75
2013-09-27,2.21,2.23,2.21,2.23,294758.27
2013-09-30,2.22,2.23,2.21,2.23,203224.64
2013-10-08,2.21,2.25,2.21,2.24,312433.83
2013-10-09,2.24,2.25,2.23,2.25,224527.62
2013-10-10,2.25,2.25,2.21,2.23,317976.32
2013-10-11,2.23,2.26,2.23,2.24,379662.22
2013-10-14,2.24,2.25,2.22,2.23,374945.36
2013-10-15,2.23,2.24,2.21,2.22,368008.96
2013-10-16,2.22,2.22,2.19,2.2,352720.11
2013-10-17,2.2,2.21,2.19,2.2,280388.49
2013-10-18,2.2,2.2,2.19,2.19,200406.32
2013-10-21,2.19,2.22,2.19,2.21,275223.62
2013-10-22,2.21,2.21,2.2,2.2,186610.82
2013-10-23,2.2,2.22,2.19,2.19,244170.22
2013-10-24,2.19,2.2,2.16,2.17,364040.91
2013-10-25,2.17,2.17,2.13,2.14,325901.48
2013-10-28,2.15,2.16,2.13,2.15,213759.02
2013-10-29,2.15,2.21,2.14,2.18,697165.79
2013-10-30,2.19,2.26,2.18,2.25,1068798.84
2013-10-31,2.26,2.29,2.23,2.26,705385.29
2013-11-01,2.25,2.29,2.24,2.27,536058.61
2013-11-04,2.28,2.28,2.26,2.27,309705.46
2013-11-05,2.27,2.34,2.25,2.32,1193840.64
2013-11-06,2.36,2.43,2.32,2.37,1878067.91
2013-11-07,2.36,2.4,2.33,2.4,1007856.83
2013-11-08,2.37,2.4,2.34,2.4,787345.28
2013-11-11,2.38,2.4,2.35,2.39,554489.56
2013-11-12,2.38,2.4,2.37,2.39,473260.1
2013-11-13,2.37,2.37,2.32,2.35,840405.19
2013-11-14,2.34,2.35,2.31,2.33,395009.86
2013-11-15,2.32,2.4,2.31,2.39,1012408.6
2013-11-18,2.4,2.48,2.38,2.48,1086635.8
2013-11-19,2.47,2.56,2.47,2.48,944233.58
2013-11-20,2.51,2.53,2.44,2.47,549987.3
2013-11-21,2.46,2.53,2.41,2.52,816215.98
2013-11-22,2.51,2.55,2.47,2.53,1179650.0
2013-11-25,2.43,2.49,2.42,2.43,1603097.34
2013-11-26,2.41,2.42,2.35,2.37,1072891.77
2013-11-27,2.37,2.38,2.34,2.37,889360.77
2013-11-28,2.37,2.43,2.36,2.41,999066.12
2013-11-29,2.41,2.41,2.38,2.4,414491.84
2013-12-02,2.39,2.52,2.36,2.51,1906155.75
2013-12-03,2.48,2.5,2.46,2.47,951919.14
2013-12-04,2.47,2.5,2.46,2.48,669623.96
2013-12-05,2.47,2.48,2.46,2.47,406180.52
2013-12-06,2.47,2.47,2.43,2.47,389897.51
2013-12-09,2.47,2.52,2.45,2.48,627692.73
2013-12-10,2.48,2.49,2.42,2.43,606469.92
2013-12-11,2.43,2.43,2.34,2.38,780919.5
2013-12-12,2.36,2.44,2.36,2.41,606136.72
2013-12-13,2.38,2.42,2.37,2.38,394029.27
2013-12-16,2.38,2.4,2.35,2.36,339524.53
2013-12-17,2.35,2.37,2.35,2.35,286359.3
2013-12-18,2.35,2.37,2.33,2.34,287143.99
2013-12-19,2.35,2.37,2.31,2.31,359770.62
2013-12-20,2.32,2.33,2.26,2.28,532718.22
2013-12-23,2.28,2.34,2.26,2.31,291343.82
2013-12-24,2.32,2.33,2.27,2.29,319699.7
2013-12-25,2.29,2.31,2.28,2.3,226121.36
2013-12-26,2.3,2.3,2.22,2.25,691552.14
2013-12-27,2.25,2.27,2.21,2.25,375253.09
2013-12-30,2.26,2.26,2.22,2.22,360036.5
2013-12-31,2.21,2.26,2.21,2.25,428442.51
2014-01-02,2.24,2.25,2.23,2.24,347166.99
2014-01-03,2.22,2.23,2.18,2.2,381229.24
2014-01-06,2.19,2.25,2.16,2.25,654104.98
2014-01-07,2.22,2.23,2.2,2.21,445287.48
2014-01-08,2.21,2.24,2.19,2.2,343889.78
2014-01-09,2.21,2.23,2.19,2.21,236321.46
2014-01-10,2.2,2.23,2.2,2.22,275519.66
2014-01-13,2.22,2.25,2.2,2.25,440620.53
2014-01-14,2.24,2.31,2.23,2.3,708437.69
2014-01-15,2.3,2.34,2.28,2.33,466155.33
2014-01-16,2.33,2.33,2.31,2.32,211529.27
2014-01-17,2.31,2.35,2.3,2.34,490375.16
2014-01-20,2.34,2.34,2.26,2.32,295325.73
2014-01-21,2.3,2.33,2.29,2.31,202386.43
2014-01-22,2.31,2.34,2.3,2.33,371431.52
2014-01-23,2.31,2.32,2.28,2.3,376855.72
2014-01-24,2.29,2.31,2.28,2.31,285799.69
2014-01-27,2.29,2.29,2.25,2.27,334446.32
2014-01-28,2.28,2.29,2.25,2.25,239670.45
2014-01-29,2.25,2.27,2.24,2.25,295831.64
2014-01-30,2.25,2.26,2.23,2.24,140313.45
2014-02-07,2.23,2.25,2.21,2.24,169706.13
2014-02-10,2.24,2.27,2.24,2.27,471802.81
2014-02-11,2.26,2.29,2.25,2.28,539334.8
2014-02-12,2.28,2.3,2.26,2.27,341190.23
2014-02-13,2.27,2.28,2.26,2.26,284345.69
2014-02-14,2.26,2.28,2.25,2.27,198659.03
2014-02-17,2.28,2.3,2.26,2.29,531589.48
2014-02-18,2.29,2.3,2.26,2.27,552713.0
2014-02-19,2.27,2.43,2.26,2.36,1473698.73
2014-02-20,2.53,2.59,2.53,2.59,1852425.57
2014-02-21,2.56,2.58,2.41,2.51,2565157.38
2014-02-24,2.46,2.49,2.35,2.42,1283739.98
2014-02-25,2.41,2.52,2.38,2.45,1254417.12
2014-02-26,2.49,2.55,2.47,2.54,1226610.01
2014-02-27,2.56,2.8,2.5,2.71,3529959.83
2014-02-28,2.66,2.74,2.64,2.69,1753521.41
2014-03-03,2.68,2.78,2.66,2.7,2166350.65
2014-03-04,2.7,2.74,2.63,2.67,1122072.7
2014-03-05,2.67,2.67,2.55,2.56,1243870.14
2014-03-06,2.57,2.66,2.52,2.62,1141132.51
2014-03-07,2.64,2.79,2.63,2.68,2015321.64
2014-03-10,2.66,2.68,2.58,2.61,1154629.0
2014-03-11,2.6,2.65,2.58,2.62,652681.34
2014-03-12,2.59,2.6,2.42,2.49,1380489.5
2014-03-13,2.49,2.54,2.47,2.5,740868.71
2014-03-14,2.48,2.54,2.46,2.49,505734.84
2014-03-17,2.56,2.58,2.5,2.54,576229.68
2014-03-18,2.54,2.56,2.51,2.52,455063.7
2014-03-19,2.52,2.55,2.51,2.53,463679.77
2014-03-20,2.53,2.6,2.51,2.54,881024.3
2014-03-21,2.52,2.65,2.51,2.63,1148385.77
2014-03-24,2.6,2.63,2.56,2.62,854682.05
2014-03-25,2.64,2.66,2.57,2.59,653299.3
2014-03-26,2.61,2.61,2.55,2.58,444456.69
2014-03-27,2.56,2.58,2.52,2.53,541189.08
2014-03-28,2.54,2.55,2.5,2.52,602170.69
2014-03-31,2.52,2.55,2.51,2.52,507771.53
2014-04-01,2.52,2.53,2.51,2.53,362433.24
2014-04-02,2.54,2.57,2.53,2.55,503753.6
2014-04-03,2.55,2.57,2.5,2.54,964437.45
2014-04-04,2.51,2.53,2.5,2.53,450962.97
2014-04-08,2.52,2.63,2.52,2.58,1795214.99
2014-04-09,2.59,2.68,2.58,2.66,1395053.22
2014-04-10,2.67,2.72,2.64,2.69,1204295.0
2014-04-11,2.69,2.74,2.65,2.67,913031.49
2014-04-14,2.67,2.73,2.65,2.73,793945.42
2014-04-15,2.71,2.73,2.65,2.65,765485.12
2014-04-16,2.65,2.68,2.61,2.64,529378.52
2014-04-17,2.63,2.65,2.61,2.63,518149.32
2014-04-18,2.62,2.63,2.59,2.62,386875.95
2014-04-21,2.6,2.65,2.57,2.57,434740.88
2014-04-22,2.56,2.64,2.56,2.62,777287.54
2014-04-23,2.61,2.66,2.6,2.62,491517.77
2014-04-24,2.61,2.63,2.59,2.6,238455.52
2014-04-25,2.62,2.62,2.53,2.54,575644.48
2014-04-28,2.55,2.58,2.51,2.54,492083.81
2014-04-29,2.53,2.53,2.47,2.52,707040.04
2014-04-30,2.51,2.55,2.5,2.52,356942.56
2014-05-05,2.51,2.54,2.48,2.53,420377.76
2014-05-06,2.52,2.53,2.51,2.52,215500.92
2014-05-07,2.51,2.52,2.47,2.48,437617.02
2014-05-08,2.47,2.52,2.46,2.49,385915.72
2014-05-09,2.49,2.5,2.48,2.49,295359.57
2014-05-12,2.5,2.55,2.49,2.54,593915.02
2014-05-13,2.55,2.6,2.54,2.56,651107.73
2014-05-14,2.54,2.59,2.54,2.57,335176.36
2014-05-15,2.57,2.57,2.52,2.52,252305.13
2014-05-16,2.52,2.54,2.51,2.52,222415.98
2014-05-19,2.52,2.53,2.46,2.5,456717.62
2014-05-20,2.5,2.53,2.5,2.51,232811.12
2014-05-21,2.51,2.56,2.5,2.56,460177.27
2014-05-22,2.56,2.58,2.54,2.55,317610.11
2014-05-23,2.55,2.56,2.54,2.56,158996.86
2014-05-26,2.57,2.57,2.53,2.54,233881.07
2014-05-27,2.54,2.55,2.52,2.53,277060.4
2014-05-28,2.53,2.55,2.52,2.54,290765.45
2014-05-29,2.55,2.57,2.54,2.56,458413.25
2014-05-30,2.57,2.58,2.54,2.56,339168.72
2014-06-03,2.58,2.64,2.56,2.6,423627.56
2014-06-04,2.6,2.6,2.58,2.6,262826.17
2014-06-05,2.59,2.6,2.57,2.6,233105.52
2014-06-06,2.6,2.6,2.58,2.6,208643.61
2014-06-09,2.58,2.62,2.58,2.59,157000.66
2014-06-10,2.6,2.66,2.58,2.64,627438.52
2014-06-11,2.62,2.66,2.62,2.65,297977.28
2014-06-12,2.65,2.65,2.61,2.62,255864.6
2014-06-13,2.62,2.66,2.62,2.65,359049.14
2014-06-16,2.65,2.69,2.65,2.69,746300.73
2014-06-17,2.69,2.69,2.67,2.68,310672.71
2014-06-18,2.67,2.68,2.64,2.65,308732.79
2014-06-19,2.65,2.66,2.6,2.62,374448.35
2014-06-20,2.62,2.64,2.59,2.63,277931.2
2014-06-23,2.64,2.65,2.61,2.61,268695.35
2014-06-24,2.61,2.64,2.61,2.62,202035.47
2014-06-25,2.61,2.69,2.61,2.68,745094.87
2014-06-26,2.67,2.72,2.66,2.69,626951.19
2014-06-27,2.69,2.72,2.67,2.71,610182.42
2014-06-30,2.72,2.74,2.68,2.72,594945.59
2014-07-01,2.7,2.7,2.62,2.64,1151263.57
2014-07-02,2.64,2.65,2.62,2.64,457462.26
2014-07-03,2.64,2.64,2.61,2.63,517965.48
2014-07-04,2.62,2.64,2.59,2.61,690929.07
2014-07-07,2.61,2.62,2.59,2.6,611359.34
2014-07-08,2.6,2.61,2.59,2.61,579074.22
2014-07-09,2.6,2.6,2.57,2.57,541496.41
2014-07-10,2.57,2.58,2.56,2.56,356777.37
2014-07-11,2.57,2.59,2.56,2.58,313474.43
2014-07-14,2.58,2.6,2.56,2.6,418819.71
2014-07-15,2.6,2.6,2.58,2.59,348700.46
2014-07-16,2.59,2.59,2.58,2.58,454663.96
2014-07-17,2.58,2.58,2.56,2.57,445757.15
2014-07-18,2.57,2.57,2.56,2.57,452835.89
2014-07-21,2.56,2.57,2.53,2.53,650984.77
2014-07-22,2.53,2.58,2.53,2.58,871485.58
2014-07-23,2.57,2.6,2.57,2.59,766496.13
2014-07-24,2.6,2.64,2.6,2.62,852191.34
2014-07-25,2.62,2.65,2.61,2.64,650935.98
2014-07-28,2.65,2.7,2.64,2.69,1349573.13
2014-07-29,2.68,2.71,2.67,2.67,889208.18
2014-07-30,2.69,2.76,2.69,2.7,1795718.72
2014-07-31,2.69,2.7,2.66,2.7,731442.66
2014-08-01,2.68,2.71,2.67,2.67,684146.05
2014-08-04,2.67,2.74,2.67,2.73,1042505.49
2014-08-05,2.73,2.74,2.69,2.71,590104.2
2014-08-06,2.7,2.7,2.68,2.7,545310.8
2014-08-07,2.7,2.7,2.64,2.66,754019.82
2014-08-08,2.67,2.71,2.66,2.71,817820.71
2014-08-11,2.71,2.75,2.7,2.73,938336.86
2014-08-12,2.74,2.76,2.72,2.73,581246.18
2014-08-13,2.74,2.75,2.71,2.73,636507.38
2014-08-14,2.73,2.73,2.7,2.7,480261.26
2014-08-15,2.7,2.73,2.69,2.72,432678.32
2014-08-18,2.72,2.75,2.72,2.72,675882.0
2014-08-19,2.73,2.81,2.7,2.8,1909642.34
2014-08-20,2.76,2.8,2.75,2.77,1259095.51
2014-08-21,2.77,2.77,2.72,2.75,667736.42
2014-08-22,2.75,2.75,2.72,2.74,684664.61
2014-08-25,2.74,2.83,2.74,2.81,2149623.59
2014-08-26,2.81,2.85,2.79,2.81,1068698.61
2014-08-27,2.84,2.84,2.78,2.81,683423.02
2014-08-28,2.81,2.91,2.81,2.85,1068602.19
2014-08-29,2.86,2.88,2.84,2.86,525026.81
2014-09-01,2.85,2.89,2.84,2.87,547031.48
2014-09-02,2.87,2.88,2.84,2.88,707659.59
2014-09-03,2.88,2.96,2.87,2.94,1091356.28
2014-09-04,2.94,2.96,2.91,2.94,908697.04
2014-09-05,2.95,2.98,2.93,2.97,962805.5
2014-09-09,2.97,2.97,2.93,2.95,618805.38
2014-09-10,2.93,2.94,2.87,2.91,909809.95
2014-09-11,2.9,2.94,2.88,2.89,732557.78
2014-09-12,2.89,2.92,2.85,2.91,738769.64
2014-09-15,2.96,2.97,2.87,2.89,2764453.72
2014-09-16,2.88,2.88,2.81,2.82,1851645.06
2014-09-17,2.82,2.82,2.78,2.81,896228.02
2014-09-18,2.8,2.82,2.78,2.8,811512.18
2014-09-19,2.81,2.81,2.78,2.81,653075.89
2014-09-22,2.8,2.8,2.73,2.75,1187758.35
2014-09-23,2.74,2.76,2.72,2.76,737942.47
2014-09-24,2.77,2.8,2.74,2.8,921102.12
2014-09-25,2.8,2.82,2.8,2.8,973833.14
2014-09-26,2.8,2.8,2.78,2.79,520454.95
2014-09-29,2.79,2.81,2.78,2.79,804113.98
2014-09-30,2.8,2.8,2.77,2.79,799932.36
2014-10-08,2.79,2.8,2.74,2.78,1058675.74
2014-10-09,2.78,2.81,2.77,2.79,1085299.5
2014-10-10,2.78,2.8,2.77,2.77,755116.98
2014-10-13,2.76,2.77,2.71,2.73,1064903.19
2014-10-14,2.73,2.75,2.72,2.73,585895.11
2014-10-15,2.73,2.74,2.71,2.73,678142.89
2014-10-16,2.72,2.75,2.71,2.73,788692.43
2014-10-17,2.73,2.73,2.69,2.71,791559.89
2014-10-20,2.71,2.72,2.7,2.71,487101.95
2014-10-21,2.71,2.72,2.69,2.69,521840.22
2014-10-22,2.7,2.71,2.69,2.69,504815.7
2014-10-23,2.69,2.69,2.65,2.67,687284.49
2014-10-24,2.67,2.68,2.65,2.65,399925.33
2014-10-27,2.65,2.65,2.62,2.64,560859.79
2014-10-28,2.64,2.68,2.63,2.68,670677.86
2014-10-29,2.68,2.71,2.66,2.71,935210.58
2014-10-30,2.7,2.74,2.69,2.72,1365339.08
2014-10-31,2.72,2.78,2.71,2.77,2060477.76
2014-11-03,2.77,2.77,2.75,2.76,1177365.97
2014-11-04,2.74,2.76,2.72,2.74,1107530.63
2014-11-05,2.74,2.75,2.71,2.72,883704.31
2014-11-06,2.72,2.73,2.71,2.71,745262.63
2014-11-07,2.71,2.74,2.69,2.71,1105407.15
2014-11-10,2.72,2.77,2.7,2.77,1627563.38
2014-11-11,2.77,2.85,2.75,2.8,3547915.14
2014-11-12,2.78,2.79,2.75,2.78,1521837.74
2014-11-13,2.78,2.82,2.77,2.79,1724829.57
2014-11-14,2.79,2.79,2.74,2.75,1113630.74
2014-11-17,2.76,2.77,2.73,2.73,971323.48
2014-11-18,2.72,2.73,2.68,2.69,1130392.58
2014-11-19,2.68,2.69,2.66,2.67,728004.94
2014-11-20,2.67,2.68,2.66,2.68,551896.68
2014-11-21,2.68,2.69,2.66,2.69,864864.14
2014-11-24,2.71,2.73,2.69,2.72,1529596.69
2014-11-25,2.71,2.73,2.7,2.73,1419939.43
2014-11-26,2.72,2.78,2.71,2.77,2711220.0
2014-11-27,2.78,2.8,2.74,2.78,2151907.52
2014-11-28,2.75,2.85,2.74,2.83,4444204.22
2014-12-01,2.84,2.93,2.82,2.84,4548349.85
2014-12-02,2.84,2.97,2.81,2.96,5027651.12
2014-12-03,2.99,3.11,2.91,2.99,5861570.5
2014-12-04,3.0,3.29,2.93,3.29,8482078.74
2014-12-05,3.27,3.56,3.15,3.45,14712204.69
2014-12-08,3.31,3.46,3.23,3.38,11553718.92
2014-12-09,3.3,3.41,3.04,3.1,12313889.29
2014-12-10,3.08,3.13,2.98,3.09,5649937.78
2014-12-11,3.04,3.06,2.99,3.03,4619443.81
2014-12-12,3.02,3.07,3.01,3.03,3585465.62
2014-12-15,3.02,3.03,2.97,3.02,3089602.06
2014-12-16,3.01,3.1,3.0,3.1,5228740.83
2014-12-17,3.11,3.19,3.06,3.16,6297540.87
2014-12-18,3.18,3.22,3.12,3.14,4852573.28
2014-12-19,3.12,3.33,3.08,3.27,7201917.45
2014-12-22,3.3,3.5,3.29,3.34,10334227.31
2014-12-23,3.3,3.32,3.16,3.17,4932332.25
2014-12-24,3.19,3.21,3.05,3.08,4470068.94
2014-12-25,3.09,3.16,3.07,3.15,3906649.08
2014-12-26,3.15,3.25,3.13,3.24,5150901.07
2014-12-29,3.35,3.42,3.25,3.29,7346132.45
2014-12-30,3.28,3.34,3.23,3.29,4273919.88
2014-12-31,3.31,3.42,3.27,3.41,6960076.03
2015-01-05,3.46,3.75,3.39,3.75,11864996.45
2015-01-06,3.77,3.8,3.58,3.68,10899984.33
2015-01-07,3.63,3.82,3.55,3.77,7873153.01
2015-01-08,3.73,3.9,3.59,3.6,8190902.35
2015-01-09,3.56,3.7,3.49,3.54,6032037.47
2015-01-12,3.49,3.54,3.43,3.45,3421069.01
2015-01-13,3.45,3.54,3.42,3.46,2910149.0
2015-01-14,3.46,3.5,3.42,3.46,2445875.49
2015-01-15,3.49,3.65,3.45,3.63,4338809.37
2015-01-16,3.6,3.7,3.59,3.64,4936141.9
2015-01-19,3.43,3.54,3.28,3.28,5886693.82
2015-01-20,3.3,3.39,3.25,3.32,4058357.83
2015-01-21,3.32,3.52,3.28,3.47,5068504.77
2015-01-22,3.46,3.49,3.43,3.46,3272859.07
2015-01-23,3.47,3.59,3.44,3.47,4285268.96
2015-01-26,3.46,3.52,3.43,3.51,2819307.74
2015-01-27,3.51,3.53,3.35,3.41,3945450.28
2015-01-28,3.38,3.4,3.32,3.33,3071683.22
2015-01-29,3.26,3.26,3.18,3.24,6047625.91
2015-01-30,3.23,3.24,3.16,3.17,5024456.38
2015-02-02,3.14,3.15,3.08,3.09,4414511.16
2015-02-03,3.12,3.16,3.09,3.16,5198161.88
2015-02-04,3.17,3.21,3.11,3.11,4812302.39
2015-02-05,3.17,3.17,3.06,3.07,4214059.9
2015-02-06,3.05,3.06,2.97,2.99,4647273.77
2015-02-09,2.95,3.01,2.92,2.99,4570073.65
2015-02-10,2.96,3.02,2.95,3.02,4990621.83
2015-02-11,3.02,3.02,2.98,3.0,3331823.12
2015-02-12,3.0,3.08,2.97,3.07,4540962.97
2015-02-13,3.08,3.11,3.06,3.07,4150210.06
2015-02-16,3.08,3.1,3.05,3.09,2394641.65
2015-02-17,3.09,3.11,3.09,3.1,2484518.78
2015-02-25,3.19,3.25,3.16,3.2,9197704.06
2015-02-26,3.19,3.23,3.14,3.22,4941220.88
2015-02-27,3.21,3.36,3.2,3.32,7714797.18
2015-03-02,3.3,3.3,3.25,3.29,5304923.32
2015-03-03,3.26,3.27,3.16,3.17,4836445.0
2015-03-04,3.17,3.23,3.14,3.2,3890032.93
2015-03-05,3.16,3.18,3.1,3.13,4048355.82
2015-03-06,3.12,3.16,3.11,3.13,2320079.73
2015-03-09,3.15,3.22,3.13,3.21,4568494.43
2015-03-10,3.21,3.21,3.16,3.18,2783275.26
2015-03-11,3.17,3.23,3.16,3.19,3173621.14
2015-03-12,3.2,3.26,3.17,3.24,4924284.26
2015-03-13,3.24,3.3,3.23,3.24,4621382.34
2015-03-16,3.25,3.28,3.22,3.28,5126704.8
2015-03-17,3.29,3.34,3.27,3.33,8017115.0
2015-03-18,3.33,3.38,3.3,3.38,7427497.56
2015-03-19,3.37,3.44,3.34,3.38,6895766.56
2015-03-20,3.36,3.41,3.33,3.37,6949045.39
2015-03-23,3.34,3.39,3.32,3.38,10151705.19
2015-03-24,3.39,3.4,3.3,3.35,8154993.38
2015-03-25,3.34,3.35,3.28,3.29,5463375.74
2015-03-26,3.29,3.4,3.26,3.39,9729915.15
2015-03-27,3.4,3.41,3.33,3.35,5088544.81
2015-03-30,3.34,3.42,3.33,3.41,8583803.04
2015-03-31,3.43,3.46,3.36,3.37,8285875.97
2015-04-01,3.35,3.42,3.35,3.4,5905702.9
2015-04-02,3.43,3.45,3.38,3.41,6713760.76
2015-04-03,3.38,3.4,3.36,3.39,5365712.97
2015-04-07,3.41,3.51,3.4,3.5,10631391.13
2015-04-08,3.52,3.57,3.44,3.54,11558115.44
2015-04-09,3.51,3.56,3.44,3.51,8524739.63
2015-04-10,3.5,3.54,3.49,3.53,6670608.6
2015-04-13,3.54,3.6,3.53,3.59,8347083.72
2015-04-14,3.58,3.58,3.52,3.54,6493716.77
2015-04-15,3.55,3.65,3.5,3.56,8767343.79
2015-04-16,3.58,3.73,3.55,3.69,11128889.59
2015-04-17,3.79,3.93,3.74,3.86,16167983.3
2015-04-20,3.82,3.93,3.73,3.75,13807772.94
2015-04-21,3.77,3.86,3.74,3.82,6889479.73
2015-04-22,3.84,3.93,3.81,3.92,8892442.53
2015-04-23,3.93,4.08,3.89,3.99,10504620.52
2015-04-24,3.92,4.26,3.9,4.09,13001145.22
2015-04-27,4.23,4.5,4.18,4.5,12153652.92
2015-04-28,4.57,4.87,4.45,4.56,26386251.12
2015-04-29,4.47,4.47,4.27,4.37,11541517.28
2015-04-30,4.36,4.4,4.24,4.27,9236902.01
2015-05-04,4.25,4.32,4.16,4.29,7338612.39
2015-05-05,4.31,4.5,4.15,4.16,10294758.66
2015-05-06,4.13,4.26,4.01,4.07,7419459.68
2015-05-07,4.05,4.07,3.92,3.94,5796565.71
2015-05-08,3.97,3.99,3.86,3.99,5960090.2
2015-05-11,3.98,4.07,3.93,4.06,7218897.02
2015-05-12,4.07,4.1,4.03,4.08,5818537.81
2015-05-13,4.07,4.07,3.94,3.96,6355234.11
2015-05-14,3.93,4.05,3.87,4.0,6439404.56
2015-05-15,3.95,3.97,3.82,3.84,5306551.25
2015-05-18,3.8,3.81,3.72,3.74,4452596.96
2015-05-19,3.73,3.87,3.72,3.86,5186353.14
2015-05-20,3.86,3.92,3.83,3.84,5295839.59
2015-05-21,3.85,3.86,3.77,3.85,4337751.2
2015-05-22,3.89,4.03,3.87,4.02,7936398.77
2015-05-25,4.02,4.17,3.99,4.15,8408711.73
2015-05-26,4.18,4.2,4.07,4.17,7642287.85
2015-05-27,4.17,4.29,4.16,4.26,8596645.66
2015-05-28,4.24,4.24,3.83,3.86,10919792.43
2015-05-29,3.84,3.89,3.72,3.79,6643065.73
2015-06-01,3.79,3.95,3.76,3.94,5690802.98
2015-06-02,3.93,3.95,3.86,3.94,5850285.37
2015-06-03,3.94,4.01,3.89,3.93,5231821.82
2015-06-04,3.93,4.02,3.79,4.01,7318164.76
2015-06-05,4.05,4.1,3.99,4.08,9452307.9
2015-06-08,4.1,4.32,4.06,4.3,13034367.87
2015-06-09,4.26,4.27,4.15,4.22,9817863.86
2015-06-10,4.18,4.21,4.14,4.17,6250936.13
2015-06-11,4.18,4.18,4.08,4.13,5428890.22
2015-06-12,4.14,4.17,4.11,4.15,5941556.96
2015-06-15,4.16,4.2,4.05,4.05,6510547.29
2015-06-16,4.0,4.03,3.87,3.91,5533099.62
2015-06-17,3.94,4.01,3.87,4.0,4310814.24
2015-06-18,3.97,4.01,3.84,3.85,4439241.61
2015-06-19,3.81,3.87,3.63,3.64,5304536.66
2015-06-23,3.65,3.77,3.5,3.75,4729145.62
2015-06-24,3.76,3.92,3.74,3.89,6513861.8
2015-06-25,3.86,3.9,3.73,3.75,5425261.33
2015-06-26,3.68,3.8,3.39,3.56,6743672.64
2015-06-29,3.62,3.72,3.31,3.6,7398780.27
2015-06-30,3.58,3.77,3.5,3.77,6666876.2
2015-07-01,3.74,3.77,3.6,3.61,4724853.67
2015-07-02,3.64,3.89,3.39,3.81,11203375.39
2015-07-03,3.7,3.86,3.54,3.6,8028304.93
2015-07-06,3.82,3.95,3.68,3.92,16455615.64
2015-07-07,3.84,4.21,3.79,3.99,14197465.28
2015-07-08,3.59,3.92,3.59,3.59,12771592.07
2015-07-09,3.42,3.88,3.23,3.81,13533304.54
2015-07-10,3.71,4.11,3.63,3.92,13855077.68
2015-07-13,3.85,3.93,3.75,3.83,8780011.98
2015-07-14,3.78,3.82,3.66,3.73,6160774.62
2015-07-15,3.69,3.93,3.67,3.9,11932274.39
2015-07-16,3.9,3.92,3.68,3.79,8230560.87
2015-07-17,3.74,3.83,3.72,3.78,5687225.24
2015-07-20,3.75,3.87,3.73,3.81,7101113.64
2015-07-21,3.77,3.79,3.73,3.75,4839082.74
2015-07-22,3.74,3.78,3.72,3.73,4165572.6
2015-07-23,3.72,3.76,3.71,3.75,3738501.71
2015-07-24,3.74,3.8,3.72,3.73,4866892.01
2015-07-27,3.68,3.72,3.36,3.36,6047925.53
2015-07-28,3.24,3.45,3.21,3.28,5281222.18
2015-07-29,3.27,3.34,3.23,3.33,3200924.98
2015-07-30,3.31,3.37,3.28,3.29,2938044.19
2015-07-31,3.27,3.29,3.15,3.2,2725970.62
2015-08-03,3.18,3.18,3.02,3.08,4066310.38
2015-08-04,3.1,3.17,3.07,3.16,2966850.48
2015-08-05,3.15,3.16,3.08,3.1,2190001.23
2015-08-06,3.07,3.11,3.05,3.07,1536726.04
2015-08-07,3.09,3.14,3.08,3.12,1886666.92
2015-08-10,3.13,3.28,3.13,3.27,4292612.34
2015-08-11,3.26,3.31,3.22,3.27,3736808.3
2015-08-12,3.22,3.27,3.21,3.22,2184999.62
2015-08-13,3.22,3.25,3.18,3.24,2139631.43
2015-08-14,3.23,3.28,3.23,3.24,2493442.06
2015-08-17,3.23,3.23,3.19,3.21,2197276.67
2015-08-18,3.22,3.27,3.11,3.11,4643934.34
2015-08-19,3.06,3.1,2.97,3.09,3573786.94
2015-08-20,3.05,3.06,2.98,2.99,2527452.23
2015-08-21,2.96,3.03,2.91,2.92,2663687.73
2015-08-24,2.88,2.96,2.63,2.66,5597968.16
2015-08-25,2.57,2.65,2.4,2.4,4824868.86
2015-08-26,2.44,2.51,2.33,2.44,4149577.94
2015-08-27,2.47,2.55,2.43,2.53,3001088.48
2015-08-28,2.62,2.69,2.6,2.68,3960836.25
2015-08-31,2.67,2.67,2.59,2.64,2649837.31
2015-09-01,2.69,2.75,2.66,2.72,4269411.82
2015-09-02,2.61,2.68,2.56,2.61,3546459.32
2015-09-07,2.64,2.71,2.61,2.62,2998191.5
2015-09-08,2.61,2.69,2.59,2.69,2288865.43
2015-09-09,2.7,2.79,2.68,2.75,3838964.36
2015-09-10,2.71,2.72,2.68,2.69,2113153.51
2015-09-11,2.7,2.72,2.67,2.68,1140550.53
2015-09-14,2.69,2.7,2.57,2.59,2257029.99
2015-09-15,2.57,2.66,2.56,2.58,2373651.21
2015-09-16,2.59,2.69,2.55,2.67,2679067.72
2015-09-17,2.66,2.72,2.64,2.64,2719380.9
2015-09-18,2.65,2.66,2.63,2.64,1199624.11
2015-09-21,2.63,2.67,2.61,2.67,1261316.09
2015-09-22,2.67,2.71,2.66,2.69,1604992.02
2015-09-23,2.67,2.68,2.64,2.64,1253615.63
2015-09-24,2.65,2.66,2.62,2.64,888471.16
2015-09-25,2.64,2.67,2.61,2.65,1567760.9
2015-09-28,2.62,2.64,2.58,2.62,926835.73
2015-09-29,2.59,2.6,2.55,2.56,1178820.26
2015-09-30,2.58,2.59,2.56,2.58,789655.49
2015-10-08,2.71,2.71,2.66,2.66,2081174.78
2015-10-09,2.68,2.74,2.66,2.73,2479126.12
2015-10-12,2.73,2.83,2.72,2.8,2782889.1
2015-10-13,2.77,2.79,2.75,2.77,1457899.34
2015-10-14,2.75,2.78,2.73,2.75,1573887.01
2015-10-15,2.74,2.8,2.74,2.79,1871897.5
2015-10-16,2.81,2.84,2.78,2.83,2776593.26
2015-10-19,2.83,2.85,2.79,2.8,1865268.5
2015-10-20,2.79,2.81,2.77,2.81,1563775.43
2015-10-21,2.8,2.84,2.72,2.79,3892526.49
2015-10-22,2.77,2.78,2.74,2.77,1449508.79
2015-10-23,2.78,2.79,2.77,2.79,1574501.1
2015-10-26,2.8,2.81,2.78,2.79,1804907.89
2015-10-27,2.78,2.79,2.73,2.77,1403746.79
2015-10-28,2.76,2.79,2.74,2.75,1736388.58
2015-10-29,2.77,2.77,2.74,2.75,1136111.29
2015-10-30,2.73,2.76,2.71,2.73,1885369.77
2015-11-02,2.72,2.72,2.68,2.68,1433435.76
2015-11-03,2.69,2.7,2.66,2.67,965172.5
2015-11-04,2.68,2.77,2.67,2.77,3093895.42
2015-11-05,2.74,2.93,2.74,2.84,5981932.07
2015-11-06,2.83,2.87,2.8,2.86,3172112.46
2015-11-09,2.84,2.94,2.84,2.91,3854117.92
2015-11-10,2.89,2.97,2.87,2.93,3544304.28
2015-11-11,2.92,2.94,2.88,2.91,2002150.74
2015-11-12,2.91,2.91,2.84,2.87,1688248.71
2015-11-13,2.84,2.85,2.8,2.81,1877910.69
2015-11-16,2.77,2.83,2.76,2.82,1357146.73
2015-11-17,2.82,2.91,2.81,2.83,2688927.78
2015-11-18,2.81,2.86,2.8,2.8,1684413.19
2015-11-19,2.81,2.83,2.79,2.82,1568208.44
2015-11-20,2.82,2.83,2.8,2.81,1573742.31
2015-11-23,2.8,2.81,2.78,2.78,1434912.09
2015-11-24,2.78,2.79,2.76,2.78,967820.01
2015-11-25,2.8,2.8,2.77,2.79,1309848.25
2015-11-26,2.8,2.83,2.79,2.8,1912619.42
2015-11-27,2.79,2.8,2.65,2.66,2583665.72
2015-11-30,2.67,2.69,2.62,2.67,1603124.83
2015-12-01,2.67,2.68,2.64,2.68,1108523.37
2015-12-02,2.68,2.77,2.66,2.77,2190860.41
2015-12-03,2.74,2.84,2.72,2.79,2317363.17
2015-12-04,2.77,2.78,2.72,2.73,1781555.52
2015-12-07,2.73,2.74,2.71,2.73,924992.74
2015-12-08,2.68,2.69,2.66,2.67,1252127.95
2015-12-09,2.66,2.68,2.64,2.66,795117.91
2015-12-10,2.66,2.68,2.65,2.66,835397.42
2015-12-11,2.65,2.65,2.6,2.62,1350892.05
2015-12-14,2.61,2.67,2.59,2.67,1130853.53
2015-12-15,2.66,2.68,2.64,2.66,1099899.75
2015-12-16,2.69,2.74,2.69,2.71,2327861.24
2015-12-17,2.71,2.74,2.7,2.73,1634283.85
2015-12-18,2.72,2.76,2.71,2.72,1216382.64
2015-12-21,2.71,2.75,2.68,2.74,1831486.18
2015-12-22,2.75,2.75,2.72,2.74,1264661.17
2015-12-23,2.74,2.77,2.73,2.75,2135268.31
2015-12-24,2.77,2.77,2.73,2.74,1490063.21
2015-12-25,2.74,2.75,2.72,2.73,1049453.83
2015-12-28,2.73,2.74,2.67,2.67,1567012.16
2015-12-29,2.67,2.69,2.66,2.69,852907.63
2015-12-30,2.7,2.72,2.68,2.7,1112433.0
2015-12-31,2.7,2.72,2.69,2.69,967704.48
2016-01-04,2.7,2.72,2.58,2.6,1470782.24
2016-01-05,2.58,2.62,2.55,2.58,2252446.21
2016-01-06,2.58,2.68,2.56,2.66,2329014.73
2016-01-07,2.62,2.63,2.49,2.53,551488.0
2016-01-08,2.58,2.62,2.53,2.59,2222106.97
2016-01-11,2.56,2.6,2.52,2.53,1881430.97
2016-01-12,2.53,2.58,2.5,2.54,1317539.53
2016-01-13,2.55,2.58,2.52,2.52,1269226.72
2016-01-14,2.5,2.53,2.46,2.52,1460281.16
2016-01-15,2.5,2.52,2.42,2.42,1646229.45
2016-01-18,2.39,2.43,2.37,2.41,828365.69
2016-01-19,2.42,2.48,2.4,2.47,925530.59
2016-01-20,2.46,2.48,2.41,2.44,1196582.6
2016-01-21,2.41,2.46,2.39,2.4,1122108.06
2016-01-22,2.42,2.45,2.39,2.43,1043993.0
2016-01-25,2.46,2.47,2.43,2.44,995553.57
2016-01-26,2.42,2.43,2.31,2.33,1283541.07
2016-01-27,2.34,2.4,2.25,2.37,1697451.79
2016-01-28,2.34,2.43,2.33,2.35,1718309.03
2016-01-29,2.35,2.41,2.33,2.38,1419864.34
2016-02-01,2.38,2.38,2.33,2.34,908389.29
2016-02-02,2.32,2.36,2.31,2.35,757867.81
2016-02-03,2.33,2.33,2.3,2.32,668656.33
2016-02-04,2.34,2.36,2.33,2.35,773672.47
2016-02-05,2.35,2.39,2.34,2.36,713497.36
2016-02-15,2.3,2.35,2.29,2.34,654651.96
2016-02-16,2.35,2.41,2.35,2.4,1287236.9
2016-02-17,2.38,2.43,2.37,2.42,1270648.47
2016-02-18,2.43,2.44,2.4,2.41,1180109.21
2016-02-19,2.4,2.42,2.38,2.39,729015.35
2016-02-22,2.4,2.44,2.4,2.44,1329276.55
2016-02-23,2.44,2.46,2.41,2.43,1144031.8
2016-02-24,2.42,2.45,2.4,2.44,763545.6
2016-02-25,2.43,2.44,2.32,2.33,1333000.59
2016-02-26,2.35,2.38,2.34,2.37,953342.68
2016-02-29,2.36,2.37,2.31,2.36,1571270.26
2016-03-01,2.36,2.41,2.35,2.4,935913.45
2016-03-02,2.41,2.48,2.4,2.47,2255268.84
2016-03-03,2.47,2.48,2.43,2.47,1558907.62
2016-03-04,2.46,2.56,2.46,2.55,3544859.41
2016-03-07,2.55,2.6,2.52,2.55,1426902.05
2016-03-08,2.58,2.59,2.51,2.56,1210414.65
2016-03-09,2.5,2.53,2.44,2.52,2013215.48
2016-03-10,2.49,2.52,2.46,2.47,929892.36
2016-03-11,2.45,2.49,2.44,2.49,838859.01
2016-03-14,2.49,2.54,2.49,2.5,1054680.84
2016-03-15,2.5,2.5,2.47,2.5,601687.04
2016-03-16,2.49,2.54,2.49,2.54,2205435.92
2016-03-17,2.55,2.56,2.51,2.54,876191.64
2016-03-18,2.56,2.57,2.53,2.55,1829606.71
2016-03-21,2.55,2.56,2.53,2.55,2929214.64
2016-03-22,2.54,2.55,2.53,2.53,1170412.21
2016-03-23,2.54,2.54,2.52,2.53,714182.77
2016-03-24,2.52,2.52,2.46,2.47,1491011.69
2016-03-25,2.47,2.48,2.44,2.47,861088.56
2016-03-28,2.47,2.49,2.46,2.47,969411.41
2016-03-29,2.47,2.48,2.45,2.47,836377.65
2016-03-30,2.49,2.64,2.49,2.57,4259360.53
2016-03-31,2.58,2.62,2.55,2.59,2319818.28
2016-04-01,2.58,2.68,2.58,2.66,3198927.42
2016-04-05,2.64,2.69,2.62,2.65,2303601.51
2016-04-06,2.64,2.77,2.64,2.71,3398411.72
2016-04-07,2.71,2.75,2.67,2.69,2049741.11
2016-04-08,2.67,2.71,2.62,2.65,1461848.66
2016-04-11,2.67,2.75,2.67,2.68,1863308.81
2016-04-12,2.68,2.73,2.67,2.68,1285700.94
2016-04-13,2.73,2.79,2.69,2.76,2553512.69
2016-04-14,2.76,2.79,2.73,2.74,1041573.04
2016-04-15,2.74,2.75,2.71,2.72,817929.65
2016-04-18,2.68,2.68,2.62,2.64,1608591.92
2016-04-19,2.66,2.67,2.64,2.65,593156.06
2016-04-20,2.66,2.67,2.56,2.61,2108732.02
2016-04-21,2.61,2.69,2.6,2.66,1753358.12
2016-04-22,2.64,2.66,2.62,2.66,874135.45
2016-04-25,2.65,2.65,2.62,2.65,507815.29
2016-04-26,2.65,2.66,2.64,2.66,376186.5
2016-04-27,2.68,2.69,2.67,2.67,892184.73
2016-04-28,2.69,2.71,2.66,2.68,688121.18
2016-04-29,2.68,2.69,2.64,2.65,1025712.93
2016-05-03,2.64,2.68,2.6,2.64,2517320.45
2016-05-04,2.61,2.63,2.61,2.62,1043302.36
2016-05-05,2.62,2.62,2.59,2.61,1059568.96
2016-05-06,2.61,2.61,2.56,2.56,1040402.71
2016-05-09,2.56,2.56,2.48,2.52,1416727.82
2016-05-10,2.5,2.54,2.5,2.53,793413.47
2016-05-11,2.53,2.55,2.51,2.52,559906.87
2016-05-12,2.52,2.52,2.49,2.51,657117.58
2016-05-13,2.51,2.55,2.5,2.52,849528.62
2016-05-16,2.5,2.54,2.5,2.54,574591.74
2016-05-17,2.55,2.59,2.54,2.59,1015487.24
2016-05-18,2.58,2.59,2.53,2.55,935950.21
2016-05-19,2.55,2.56,2.53,2.54,462002.25
2016-05-20,2.53,2.55,2.53,2.55,265493.8
2016-05-23,2.55,2.56,2.54,2.55,370431.94
2016-05-24,2.54,2.55,2.5,2.54,489864.06
2016-05-25,2.54,2.56,2.54,2.56,612345.33
2016-05-26,2.56,2.59,2.56,2.58,581779.9
2016-05-27,2.58,2.58,2.56,2.58,358376.39
2016-05-30,2.57,2.59,2.56,2.58,567343.23
2016-05-31,2.58,2.63,2.57,2.62,1304439.49
2016-06-01,2.62,2.63,2.61,2.62,644826.14
2016-06-02,2.62,2.62,2.6,2.62,505436.44
2016-06-03,2.62,2.62,2.6,2.61,784483.27
2016-06-06,2.61,2.62,2.6,2.61,420262.98
2016-06-07,2.61,2.62,2.6,2.61,461491.23
2016-06-08,2.61,2.65,2.61,2.64,1093518.72
2016-06-13,2.61,2.61,2.55,2.56,720214.01
2016-06-14,2.56,2.58,2.55,2.56,475839.66
2016-06-15,2.54,2.58,2.53,2.58,824855.05
2016-06-16,2.56,2.57,2.54,2.55,616532.24
2016-06-17,2.55,2.56,2.54,2.55,437869.55
2016-06-20,2.56,2.56,2.54,2.55,417049.31
2016-06-21,2.56,2.58,2.55,2.55,552906.6
2016-06-22,2.55,2.58,2.55,2.58,461431.65
2016-06-23,2.56,2.57,2.55,2.56,449488.39
2016-06-24,2.56,2.58,2.49,2.53,816015.15
2016-06-27,2.53,2.55,2.52,2.55,522525.56
2016-06-28,2.53,2.55,2.52,2.55,337020.34
2016-06-29,2.55,2.59,2.54,2.58,840919.06
2016-06-30,2.59,2.6,2.58,2.6,619589.55
2016-07-01,2.59,2.6,2.58,2.59,352700.65
2016-07-04,2.59,2.63,2.59,2.63,909701.52
2016-07-05,2.63,2.65,2.61,2.65,924921.92
2016-07-06,2.64,2.64,2.61,2.64,719657.72
2016-07-07,2.63,2.65,2.63,2.64,679301.62
2016-07-08,2.63,2.63,2.6,2.61,558735.87
2016-07-11,2.61,2.65,2.61,2.64,877593.34
2016-07-12,2.64,2.68,2.64,2.67,1224148.68
2016-07-13,2.68,2.7,2.67,2.69,990713.48
2016-07-14,2.68,2.69,2.66,2.69,621641.38
2016-07-15,2.69,2.7,2.67,2.69,570514.73
2016-07-18,2.68,2.7,2.66,2.67,859312.26
2016-07-19,2.66,2.67,2.64,2.67,573640.94
2016-07-20,2.66,2.67,2.65,2.66,287120.0
2016-07-21,2.66,2.68,2.65,2.66,542396.91
2016-07-22,2.66,2.66,2.64,2.65,525452.85
2016-07-25,2.65,2.65,2.64,2.65,369161.82
2016-07-26,2.64,2.67,2.64,2.67,441535.75
2016-07-27,2.66,2.68,2.63,2.67,1152068.23
2016-07-28,2.65,2.66,2.64,2.65,616025.91
2016-07-29,2.64,2.65,2.63,2.64,461865.56
2016-08-01,2.64,2.64,2.62,2.64,495081.14
2016-08-02,2.63,2.64,2.62,2.64,302448.29
2016-08-03,2.63,2.64,2.61,2.63,386765.45
2016-08-04,2.64,2.64,2.62,2.64,308161.61
2016-08-05,2.64,2.65,2.63,2.65,383109.53
2016-08-08,2.65,2.66,2.63,2.66,311245.66
2016-08-09,2.65,2.7,2.64,2.69,786756.77
2016-08-10,2.68,2.69,2.67,2.69,386612.97
2016-08-11,2.68,2.7,2.66,2.67,510084.59
2016-08-12,2.67,2.71,2.67,2.71,913644.36
2016-08-15,2.71,2.77,2.7,2.76,1616172.38
2016-08-16,2.76,2.78,2.75,2.76,1141401.8
2016-08-17,2.76,2.78,2.74,2.76,718459.69
2016-08-18,2.75,2.76,2.73,2.75,465414.87
2016-08-19,2.75,2.76,2.73,2.74,647328.05
2016-08-22,2.74,2.74,2.71,2.72,525095.72
2016-08-23,2.72,2.73,2.71,2.72,509873.26
2016-08-24,2.72,2.74,2.71,2.73,477386.67
2016-08-25,2.72,2.73,2.7,2.72,554121.97
2016-08-26,2.72,2.73,2.71,2.72,385604.84
2016-08-29,2.72,2.72,2.71,2.72,401043.87
2016-08-30,2.72,2.76,2.71,2.75,793142.02
2016-08-31,2.75,2.76,2.74,2.75,750386.56
2016-09-01,2.75,2.75,2.73,2.74,421439.17
2016-09-02,2.73,2.74,2.72,2.74,509948.25
2016-09-05,2.74,2.75,2.72,2.75,717713.91
2016-09-06,2.74,2.76,2.74,2.75,626777.77
2016-09-07,2.75,2.76,2.74,2.75,504557.18
2016-09-08,2.75,2.75,2.74,2.75,318589.07
2016-09-09,2.75,2.76,2.74,2.74,515691.79
2016-09-12,2.71,2.73,2.67,2.72,1258373.89
2016-09-13,2.71,2.71,2.69,2.71,412493.43
2016-09-14,2.69,2.7,2.66,2.67,603708.43
2016-09-19,2.65,2.68,2.65,2.67,504594.72
2016-09-20,2.67,2.68,2.66,2.67,388130.46
2016-09-21,2.67,2.68,2.65,2.67,361734.15
2016-09-22,2.68,2.72,2.67,2.71,617534.65
2016-09-23,2.71,2.73,2.71,2.71,338062.26
2016-09-26,2.71,2.71,2.67,2.69,397807.39
2016-09-27,2.68,2.7,2.67,2.69,365625.33
2016-09-28,2.69,2.69,2.66,2.67,352140.45
2016-09-29,2.69,2.72,2.69,2.71,611588.27
2016-09-30,2.7,2.72,2.7,2.72,280819.83
2016-10-10,2.76,2.78,2.75,2.77,1002298.63
2016-10-11,2.78,2.79,2.76,2.78,784280.28
2016-10-12,2.77,2.77,2.75,2.76,424993.36
2016-10-13,2.76,2.76,2.73,2.74,485743.85
2016-10-14,2.73,2.76,2.73,2.76,499610.49
2016-10-17,2.76,2.77,2.75,2.76,604704.08
2016-10-18,2.75,2.78,2.74,2.78,672712.62
2016-10-19,2.78,2.79,2.76,2.79,874866.39
2016-10-20,2.79,2.8,2.79,2.79,709113.41
2016-10-21,2.79,2.81,2.78,2.8,615741.52
2016-10-24,2.8,2.88,2.79,2.84,1850113.27
2016-10-25,2.84,2.85,2.79,2.81,1385144.64
2016-10-26,2.8,2.81,2.78,2.79,472388.92
2016-10-27,2.79,2.79,2.77,2.79,453894.0
2016-10-28,2.79,2.81,2.78,2.8,724437.83
2016-10-31,2.79,2.8,2.78,2.8,456248.25
2016-11-01,2.79,2.81,2.78,2.8,563075.18
2016-11-02,2.79,2.79,2.77,2.77,489289.11
2016-11-03,2.76,2.78,2.74,2.77,509899.87
2016-11-04,2.77,2.79,2.75,2.76,510136.4
2016-11-07,2.76,2.78,2.75,2.77,504803.0
2016-11-08,2.78,2.79,2.77,2.78,540260.17
2016-11-09,2.78,2.79,2.72,2.76,1100925.04
2016-11-10,2.77,2.8,2.77,2.79,868287.46
2016-11-11,2.79,2.82,2.77,2.8,1032688.31
2016-11-14,2.8,2.81,2.78,2.81,1126503.14
2016-11-15,2.8,2.81,2.78,2.79,588116.47
2016-11-16,2.8,2.8,2.78,2.79,532344.15
2016-11-17,2.78,2.79,2.77,2.79,483629.4
2016-11-18,2.79,2.79,2.77,2.78,488204.37
2016-11-21,2.78,2.81,2.76,2.81,1156806.58
2016-11-22,2.84,2.86,2.81,2.85,1813573.33
2016-11-23,2.84,2.89,2.83,2.85,1348356.82
2016-11-24,2.84,2.85,2.83,2.84,737412.32
2016-11-25,2.84,2.86,2.81,2.85,950744.54
2016-11-28,2.85,2.89,2.84,2.88,1522716.64
2016-11-29,2.88,2.94,2.86,2.93,2419796.46
2016-11-30,2.91,2.92,2.86,2.87,1180514.48
2016-12-01,2.94,3.0,2.92,2.95,2987349.78
2016-12-02,2.96,3.18,2.94,3.08,4740338.35
2016-12-05,3.03,3.07,2.95,3.0,2717487.84
2016-12-06,2.97,3.06,2.96,2.97,1642681.37
2016-12-07,2.95,2.98,2.93,2.97,1244599.96
2016-12-08,2.97,2.98,2.94,2.97,961158.86
2016-12-09,2.96,3.04,2.95,3.03,1814625.66
2016-12-12,3.11,3.14,3.04,3.06,2541645.51
2016-12-13,3.07,3.12,3.06,3.08,1743234.24
2016-12-14,3.09,3.21,3.08,3.15,2735785.07
2016-12-15,3.09,3.1,3.02,3.05,2102306.97
2016-12-16,3.02,3.09,2.96,3.08,1451617.86
2016-12-19,3.08,3.14,3.06,3.09,1097108.21
2016-12-20,3.08,3.09,2.99,3.06,1344723.15
2016-12-21,3.06,3.18,3.03,3.11,2301046.41
2016-12-22,3.09,3.21,3.09,3.16,2258683.04
2016-12-23,3.13,3.2,3.12,3.16,1752547.76
2016-12-26,3.13,3.18,3.07,3.17,1223802.89
2016-12-27,3.14,3.17,3.11,3.11,972186.18
2016-12-28,3.12,3.16,3.09,3.11,931693.2
2016-12-29,3.08,3.1,3.02,3.03,1282603.14
2016-12-30,3.03,3.05,3.01,3.03,879518.82
2017-01-03,3.03,3.09,3.02,3.08,1028206.1
2017-01-04,3.07,3.13,3.06,3.12,1007829.81
2017-01-05,3.11,3.25,3.1,3.22,2386977.95
2017-01-06,3.23,3.36,3.21,3.28,3286120.78
2017-01-09,3.28,3.37,3.26,3.28,2084128.05
2017-01-10,3.25,3.31,3.21,3.3,1285796.7
2017-01-11,3.28,3.31,3.22,3.22,1136454.56
2017-01-12,3.23,3.31,3.21,3.26,1471319.14
2017-01-13,3.26,3.34,3.23,3.3,1317487.2
2017-01-16,3.3,3.35,3.26,3.34,2553645.46
2017-01-17,3.32,3.4,3.32,3.35,1960820.21
2017-01-18,3.36,3.37,3.32,3.34,1051782.83
2017-01-19,3.32,3.34,3.23,3.28,2271034.41
2017-01-20,3.26,3.29,3.25,3.28,772713.46
2017-01-23,3.28,3.3,3.25,3.28,1207745.18
2017-01-24,3.28,3.4,3.27,3.39,2202968.6
2017-01-25,3.38,3.4,3.35,3.39,990440.84
2017-01-26,3.39,3.41,3.34,3.37,883108.89
2017-02-03,3.37,3.38,3.3,3.33,591642.6
2017-02-06,3.33,3.35,3.3,3.33,916718.07
2017-02-07,3.31,3.32,3.26,3.28,1200229.11
2017-02-08,3.26,3.29,3.24,3.27,1451728.65
2017-02-09,3.27,3.27,3.21,3.25,2976486.17
2017-02-10,3.24,3.29,3.23,3.28,1956262.83
2017-02-13,3.29,3.32,3.27,3.28,1714415.64
2017-02-14,3.27,3.28,3.25,3.27,891346.05
2017-02-15,3.27,3.3,3.26,3.27,1268804.73
2017-02-16,3.27,3.27,3.23,3.25,1191103.63
2017-02-17,3.25,3.28,3.23,3.24,1041217.88
2017-02-20,3.25,3.29,3.23,3.29,1508008.1
2017-02-21,3.3,3.31,3.27,3.3,1045242.03
2017-02-22,3.31,3.35,3.3,3.34,1633587.51
2017-02-23,3.32,3.34,3.28,3.29,1022972.0
2017-02-24,3.3,3.31,3.23,3.25,1432922.59
2017-02-27,3.25,3.25,3.2,3.21,1438878.45
2017-02-28,3.21,3.23,3.2,3.22,615904.42
2017-03-01,3.22,3.23,3.2,3.22,987932.66
2017-03-02,3.23,3.23,3.21,3.21,555725.28
2017-03-03,3.2,3.2,3.14,3.17,1476286.12
2017-03-06,3.16,3.17,3.13,3.16,980954.64
2017-03-07,3.15,3.16,3.13,3.15,865322.27
2017-03-08,3.15,3.16,3.14,3.16,1014028.13
2017-03-09,3.13,3.14,3.07,3.13,2432177.43
2017-03-10,3.1,3.11,3.08,3.08,966070.31
2017-03-13,3.07,3.12,3.04,3.09,1269404.47
2017-03-14,3.09,3.11,3.08,3.11,732464.71
2017-03-15,3.09,3.13,3.08,3.13,967679.62
2017-03-16,3.13,3.17,3.13,3.16,1059765.65
2017-03-17,3.16,3.16,3.09,3.11,917827.05
2017-03-20,3.11,3.18,3.11,3.18,1741933.96
2017-03-21,3.17,3.2,3.16,3.17,1230057.3
2017-03-22,3.16,3.23,3.16,3.21,1690433.59
2017-03-23,3.21,3.23,3.17,3.2,1193699.55
2017-03-24,3.19,3.26,3.18,3.25,1365785.2
2017-03-27,3.27,3.28,3.16,3.2,2058169.78
2017-03-28,3.2,3.2,3.16,3.17,878862.01
2017-03-29,3.18,3.2,3.16,3.18,1012382.61
2017-03-30,3.19,3.21,3.14,3.17,1280921.98
2017-03-31,3.18,3.22,3.16,3.21,1101641.32
2017-04-05,3.21,3.28,3.21,3.27,1510704.81
2017-04-06,3.28,3.31,3.25,3.3,1380015.91
2017-04-07,3.31,3.37,3.28,3.35,1907776.39
2017-04-10,3.36,3.37,3.32,3.33,821400.21
2017-04-11,3.34,3.36,3.27,3.32,1105221.87
2017-04-12,3.32,3.33,3.27,3.32,969202.28
2017-04-13,3.3,3.31,3.28,3.3,539702.57
2017-04-14,3.3,3.3,3.27,3.29,589975.22
2017-04-17,3.3,3.31,3.25,3.27,1025023.47
2017-04-18,3.27,3.28,3.25,3.25,620893.6
2017-04-19,3.24,3.24,3.18,3.22,909918.85
2017-04-20,3.2,3.22,3.17,3.22,970887.74
2017-04-21,3.21,3.25,3.17,3.25,952407.34
2017-04-24,3.23,3.27,3.2,3.27,1121906.81
2017-04-25,3.25,3.28,3.22,3.24,839399.96
2017-04-26,3.25,3.25,3.23,3.23,443315.76
2017-04-27,3.23,3.26,3.2,3.23,601525.38
2017-04-28,3.25,3.25,3.21,3.23,629229.63
2017-05-02,3.23,3.23,3.2,3.21,452545.33
2017-05-03,3.2,3.21,3.18,3.21,497674.98
2017-05-04,3.2,3.2,3.17,3.2,800451.78
2017-05-05,3.17,3.17,3.09,3.16,2044121.0
2017-05-08,3.14,3.21,3.12,3.2,1400657.44
2017-05-09,3.19,3.22,3.18,3.2,448161.26
2017-05-10,3.19,3.21,3.17,3.2,561946.72
2017-05-11,3.19,3.26,3.18,3.25,1301896.8
2017-05-12,3.23,3.29,3.23,3.28,1024864.62
2017-05-15,3.27,3.32,3.26,3.3,1084436.61
2017-05-16,3.31,3.32,3.27,3.28,632902.45
2017-05-17,3.27,3.29,3.23,3.24,864289.33
2017-05-18,3.23,3.26,3.22,3.25,354410.5
2017-05-19,3.25,3.3,3.25,3.27,763588.25
2017-05-22,3.29,3.33,3.27,3.33,1345475.73
2017-05-23,3.32,3.37,3.3,3.36,1881465.5
2017-05-24,3.35,3.35,3.31,3.35,957986.74
2017-05-25,3.33,3.45,3.32,3.45,2220193.48
2017-05-26,3.44,3.48,3.4,3.44,1681571.62
2017-05-31,3.42,3.54,3.42,3.51,1961867.43
2017-06-01,3.48,3.55,3.46,3.54,2187283.22
2017-06-02,3.53,3.55,3.49,3.5,997723.05
2017-06-05,3.47,3.49,3.4,3.42,1187268.02
2017-06-06,3.41,3.42,3.37,3.41,990217.18
2017-06-07,3.41,3.44,3.39,3.41,1335180.47
2017-06-08,3.39,3.45,3.37,3.44,1344699.39
2017-06-09,3.42,3.49,3.41,3.42,1292975.19
2017-06-12,3.42,3.45,3.39,3.42,947377.02
2017-06-13,3.41,3.41,3.38,3.39,918196.96
2017-06-14,3.39,3.39,3.34,3.35,1048911.4
2017-06-15,3.34,3.34,3.3,3.31,1155140.95
2017-06-16,3.31,3.33,3.3,3.32,612143.04
2017-06-19,3.32,3.34,3.31,3.33,573515.98
2017-06-20,3.32,3.34,3.29,3.32,828815.09
2017-06-21,3.32,3.33,3.3,3.32,789940.96
2017-06-22,3.31,3.38,3.3,3.34,1331525.65
2017-06-23,3.34,3.37,3.33,3.36,899122.8
2017-06-26,3.36,3.38,3.34,3.36,1146625.08
2017-06-27,3.36,3.36,3.29,3.3,1393601.28
2017-06-28,3.3,3.34,3.28,3.31,994162.04
2017-06-29,3.31,3.32,3.29,3.31,784625.66
2017-06-30,3.3,3.33,3.28,3.32,778468.28
2017-07-03,3.32,3.33,3.31,3.32,567599.01
2017-07-04,3.32,3.39,3.32,3.39,1532100.21
2017-07-05,3.38,3.4,3.36,3.39,812388.83
2017-07-06,3.37,3.39,3.36,3.39,903735.6
2017-07-07,3.38,3.4,3.36,3.38,651847.51
2017-07-10,3.38,3.44,3.37,3.44,1063073.13
2017-07-11,3.44,3.45,3.42,3.44,649304.92
2017-07-12,3.44,3.46,3.4,3.4,753946.25
2017-07-13,3.4,3.46,3.39,3.46,1104030.79
2017-07-14,3.46,3.5,3.44,3.48,1263540.63
2017-07-17,3.48,3.54,3.42,3.54,2035768.14
2017-07-18,3.51,3.55,3.49,3.51,1511049.55
2017-07-19,3.53,3.55,3.49,3.51,1920970.33
2017-07-20,3.52,3.57,3.51,3.56,1525278.89
2017-07-21,3.56,3.59,3.54,3.56,1002735.64
2017-07-24,3.54,3.55,3.47,3.49,1355573.18
2017-07-25,3.49,3.52,3.47,3.5,881210.88
2017-07-26,3.51,3.55,3.49,3.53,1326203.2
2017-07-27,3.54,3.55,3.5,3.53,1068705.71
2017-07-28,3.53,3.53,3.49,3.51,683472.4
2017-07-31,3.52,3.55,3.5,3.51,1209433.95
2017-08-01,3.53,3.59,3.51,3.58,1759857.62
2017-08-02,3.56,3.57,3.51,3.53,1523743.03
2017-08-03,3.52,3.54,3.49,3.5,1060793.2
2017-08-04,3.5,3.52,3.48,3.51,1232089.1
2017-08-07,3.5,3.51,3.44,3.47,1420131.39
2017-08-08,3.48,3.48,3.45,3.47,850972.29
2017-08-09,3.46,3.47,3.45,3.46,530951.92
2017-08-10,3.46,3.5,3.45,3.49,891088.0
2017-08-11,3.46,3.47,3.42,3.45,1490691.91
2017-08-14,3.45,3.46,3.43,3.44,722993.78
2017-08-15,3.43,3.45,3.42,3.43,703459.79
2017-08-16,3.43,3.43,3.39,3.41,864292.24
2017-08-17,3.41,3.43,3.39,3.42,1022476.78
2017-08-18,3.4,3.42,3.39,3.41,698757.24
2017-08-21,3.43,3.47,3.43,3.46,1244243.46
2017-08-22,3.46,3.46,3.43,3.45,593910.43
2017-08-23,3.45,3.46,3.42,3.42,769416.01
2017-08-24,3.44,3.45,3.42,3.43,813386.93
2017-08-25,3.43,3.47,3.43,3.47,1442200.51
2017-08-28,3.5,3.52,3.48,3.49,1991633.77
2017-08-29,3.49,3.5,3.47,3.49,884359.66
2017-08-30,3.49,3.5,3.47,3.49,1263596.21
2017-08-31,3.49,3.5,3.45,3.46,1129656.18
2017-09-01,3.46,3.47,3.44,3.45,953671.96
2017-09-04,3.45,3.45,3.41,3.42,1356951.05
2017-09-05,3.42,3.43,3.41,3.42,993463.37
2017-09-06,3.42,3.46,3.42,3.45,1250427.4
2017-09-07,3.46,3.46,3.43,3.43,1023209.73
2017-09-08,3.43,3.45,3.42,3.43,579252.18
2017-09-11,3.42,3.45,3.41,3.44,768647.67
2017-09-12,3.44,3.45,3.42,3.43,789925.02
2017-09-13,3.43,3.43,3.41,3.43,492379.67
2017-09-14,3.43,3.44,3.41,3.42,656247.22
2017-09-15,3.42,3.43,3.4,3.41,721502.76
2017-09-18,3.41,3.43,3.41,3.41,621271.3
2017-09-19,3.42,3.43,3.41,3.42,517273.87
2017-09-20,3.44,3.44,3.41,3.41,420872.55
2017-09-21,3.42,3.42,3.4,3.42,406796.9
2017-09-22,3.41,3.44,3.38,3.44,1006619.68
2017-09-25,3.44,3.48,3.42,3.47,1204764.82
2017-09-26,3.48,3.52,3.48,3.49,1043187.45
2017-09-27,3.48,3.49,3.46,3.46,414927.6
2017-09-28,3.46,3.48,3.43,3.45,517773.18
2017-09-29,3.45,3.46,3.43,3.45,415373.86
2017-10-09,3.47,3.47,3.42,3.43,724989.48
2017-10-10,3.43,3.44,3.41,3.42,673372.43
2017-10-11,3.43,3.43,3.41,3.43,585470.04
2017-10-12,3.43,3.43,3.39,3.41,804003.97
2017-10-13,3.4,3.4,3.38,3.4,782776.16
2017-10-16,3.4,3.41,3.38,3.4,930228.06
2017-10-17,3.41,3.42,3.39,3.41,558705.22
2017-10-18,3.4,3.46,3.4,3.45,1656178.57
2017-10-19,3.43,3.46,3.42,3.46,1305024.95
2017-10-20,3.45,3.45,3.42,3.43,490227.24
2017-10-23,3.43,3.43,3.41,3.42,493894.86
2017-10-24,3.41,3.48,3.41,3.46,1297309.94
2017-10-25,3.47,3.48,3.44,3.46,693593.93
2017-10-26,3.45,3.46,3.42,3.45,929194.12
2017-10-27,3.45,3.46,3.42,3.43,695259.97
2017-10-30,3.45,3.52,3.43,3.5,2467741.14
2017-10-31,3.51,3.52,3.48,3.49,1155053.97
2017-11-01,3.5,3.59,3.49,3.57,2971535.74
2017-11-02,3.56,3.6,3.55,3.58,1708680.32
2017-11-03,3.59,3.62,3.55,3.6,2300552.43
2017-11-06,3.62,3.68,3.6,3.63,2458008.8
2017-11-07,3.66,3.74,3.65,3.68,3453363.06
2017-11-08,3.67,3.67,3.61,3.64,2182396.61
2017-11-09,3.63,3.65,3.6,3.65,1132775.11
2017-11-10,3.63,3.66,3.55,3.56,2146538.27
2017-11-13,3.57,3.59,3.54,3.58,1852681.36
2017-11-14,3.57,3.59,3.54,3.55,1116064.17
2017-11-15,3.52,3.53,3.47,3.48,2509798.21
2017-11-16,3.48,3.5,3.45,3.46,1158792.96
2017-11-17,3.46,3.52,3.45,3.51,2492264.18
2017-11-20,3.49,3.53,3.48,3.51,1367894.83
2017-11-21,3.51,3.53,3.46,3.51,1835221.87
2017-11-22,3.51,3.65,3.5,3.64,3194513.07
2017-11-23,3.65,3.67,3.57,3.61,2451415.42
2017-11-24,3.59,3.65,3.58,3.62,1785313.71
2017-11-27,3.63,3.66,3.56,3.62,2013645.71
2017-11-28,3.59,3.6,3.51,3.52,1610361.76
2017-11-29,3.52,3.55,3.51,3.53,1253441.05
2017-11-30,3.52,3.53,3.5,3.53,818612.1
2017-12-01,3.53,3.54,3.49,3.52,850872.81
2017-12-04,3.52,3.55,3.52,3.53,935562.48
2017-12-05,3.52,3.62,3.49,3.59,2874943.62
2017-12-06,3.57,3.59,3.55,3.56,1263100.76
2017-12-07,3.53,3.56,3.52,3.55,946064.14
2017-12-08,3.54,3.56,3.52,3.53,741246.52
2017-12-11,3.53,3.54,3.51,3.53,922168.88
2017-12-12,3.53,3.56,3.53,3.53,1233940.37
2017-12-13,3.53,3.54,3.51,3.53,603663.98
2017-12-14,3.52,3.55,3.48,3.49,789780.56
2017-12-15,3.49,3.49,3.45,3.47,789192.62
2017-12-18,3.46,3.48,3.46,3.48,512142.04
2017-12-19,3.47,3.49,3.46,3.49,542299.15
2017-12-20,3.49,3.5,3.45,3.49,952679.79
2017-12-21,3.48,3.5,3.47,3.49,567888.42
2017-12-22,3.49,3.56,3.48,3.53,949675.44
2017-12-25,3.52,3.54,3.5,3.53,907901.28
2017-12-26,3.53,3.57,3.52,3.55,908443.08
2017-12-27,3.56,3.62,3.56,3.57,1485758.05
2017-12-28,3.57,3.63,3.55,3.62,1358228.02
2017-12-29,3.62,3.63,3.57,3.59,704036.08
2018-01-02,3.6,3.79,3.6,3.73,3675652.92
2018-01-03,3.72,3.81,3.71,3.79,2431524.88
2018-01-04,3.84,4.14,3.84,4.04,5100948.22
2018-01-05,4.04,4.2,4.01,4.13,4266394.01
2018-01-08,4.11,4.18,4.08,4.12,3349207.15
2018-01-09,4.14,4.16,4.05,4.1,2713787.19
2018-01-10,4.2,4.3,4.15,4.18,4694376.27
2018-01-11,4.18,4.2,4.1,4.14,1635527.16
2018-01-12,4.15,4.23,4.09,4.18,1937617.82
2018-01-15,4.21,4.35,4.15,4.27,3319511.8
2018-01-16,4.26,4.32,4.15,4.16,4444591.99
2018-01-17,4.12,4.24,4.07,4.11,4256323.23
2018-01-18,4.12,4.12,4.03,4.1,4055839.81
2018-01-19,4.09,4.16,4.06,4.12,4157306.56
2018-01-22,4.13,4.17,4.02,4.04,3960918.08
2018-01-23,4.08,4.12,4.03,4.12,6139969.41
2018-01-24,4.17,4.29,4.11,4.28,6939308.68
2018-01-25,4.34,4.39,4.22,4.24,4916205.24
2018-01-26,4.2,4.32,4.18,4.32,3185790.74
2018-01-29,4.32,4.46,4.31,4.35,4491857.54
2018-01-30,4.29,4.34,4.2,4.22,2423818.55
2018-01-31,4.17,4.18,4.11,4.14,2591236.52
2018-02-01,4.15,4.2,4.08,4.19,3114830.43
2018-02-02,4.21,4.42,4.14,4.41,4409100.5
2018-02-05,4.31,4.49,4.29,4.46,3351567.68
2018-02-06,4.34,4.41,4.22,4.34,4796640.6
2018-02-07,4.36,4.52,4.12,4.18,5139011.1
2018-02-08,4.05,4.05,3.85,3.93,4325250.49
2018-02-09,3.77,3.8,3.57,3.73,4890423.62
2018-02-12,3.67,3.74,3.63,3.69,2486305.31
2018-02-13,3.72,3.78,3.69,3.71,2432413.64
2018-02-14,3.72,3.73,3.65,3.69,1332938.07
2018-02-22,3.76,3.81,3.73,3.79,2596592.23
2018-02-23,3.84,3.89,3.8,3.85,1934236.25
2018-02-26,3.89,3.95,3.85,3.88,1888171.9
2018-02-27,3.89,3.9,3.8,3.84,1720690.19
2018-02-28,3.77,3.78,3.7,3.75,1672395.72
2018-03-01,3.7,3.74,3.67,3.74,1384095.47
2018-03-02,3.69,3.74,3.68,3.7,824472.78
2018-03-05,3.7,3.76,3.69,3.74,1167164.18
2018-03-06,3.77,3.8,3.73,3.79,1585879.65
2018-03-07,3.77,3.8,3.74,3.77,985676.54
2018-03-08,3.75,3.79,3.72,3.77,786983.36
2018-03-09,3.76,3.77,3.73,3.74,1246062.31
2018-03-12,3.78,3.81,3.76,3.77,1677651.54
2018-03-13,3.75,3.77,3.72,3.73,1110089.58
2018-03-14,3.72,3.77,3.67,3.76,1515614.14
2018-03-15,3.74,3.77,3.73,3.76,784186.87
2018-03-16,3.74,3.8,3.72,3.76,1209606.5
2018-03-19,3.76,3.87,3.76,3.86,1604337.43
2018-03-20,3.84,4.01,3.83,4.0,2721510.69
2018-03-21,4.03,4.09,3.96,4.01,2494357.57
2018-03-22,4.05,4.08,3.97,4.0,1384139.11
2018-03-23,3.87,4.02,3.83,4.0,3113749.95
2018-03-26,3.98,3.98,3.79,3.88,2605360.71
2018-03-27,3.95,3.97,3.86,3.88,1902062.85
2018-03-28,3.83,3.86,3.71,3.76,1969462.33
2018-03-29,3.76,3.9,3.73,3.87,1901523.96
2018-03-30,3.86,3.87,3.77,3.79,1378336.64
2018-04-02,3.79,3.83,3.75,3.76,1365672.42
2018-04-03,3.72,3.76,3.66,3.73,1240445.26
2018-04-04,3.76,3.81,3.74,3.76,1096460.03
2018-04-09,3.8,3.89,3.79,3.86,1973148.59
2018-04-10,3.9,3.97,3.84,3.96,1979836.47
2018-04-11,4.04,4.12,4.01,4.03,2616994.22
2018-04-12,4.06,4.09,4.0,4.06,1786560.14
2018-04-13,4.04,4.05,3.99,4.0,1037020.87
2018-04-16,4.01,4.02,3.87,3.93,1738295.69
2018-04-17,3.9,3.93,3.85,3.87,1203695.82
2018-04-18,3.91,4.01,3.9,4.01,1705174.92
2018-04-19,4.07,4.1,4.0,4.04,1685015.54
2018-04-20,4.01,4.03,3.96,4.0,1194028.05
2018-04-23,3.97,4.01,3.91,4.0,1135320.66
2018-04-24,3.98,4.11,3.98,4.06,1688855.38
2018-04-25,4.03,4.03,3.94,3.95,1493015.1
2018-04-26,3.96,3.97,3.91,3.95,1065686.53
2018-04-27,3.97,4.07,3.94,4.04,1552365.78
2018-05-02,4.03,4.05,3.98,4.02,905468.0
2018-05-03,4.01,4.12,3.99,4.1,1475170.48
2018-05-04,4.11,4.11,4.04,4.1,994953.99
2018-05-07,4.12,4.21,4.08,4.2,1680930.86
2018-05-08,4.2,4.23,4.12,4.14,1807406.34
2018-05-09,4.17,4.25,4.17,4.21,1559811.38
2018-05-10,4.25,4.28,4.21,4.25,1321753.24
2018-05-11,4.27,4.27,4.21,4.24,823223.18
2018-05-14,4.23,4.23,4.15,4.18,1638801.07
2018-05-15,4.2,4.2,4.14,4.19,1008507.42
2018-05-16,4.16,4.16,4.12,4.15,1226489.57
2018-05-17,4.17,4.2,4.14,4.16,1003390.2
2018-05-18,4.16,4.36,4.14,4.35,2484567.33
2018-05-21,4.31,4.36,4.22,4.25,2678955.92
2018-05-22,4.25,4.28,4.22,4.25,1105263.97
2018-05-23,4.24,4.24,4.09,4.1,1922198.03
2018-05-24,4.09,4.15,4.07,4.1,1054753.23
2018-05-25,4.07,4.09,4.0,4.07,1241735.76
2018-05-28,4.0,4.05,3.94,4.05,1389170.5
2018-05-29,4.06,4.09,4.04,4.07,784717.64
2018-05-30,4.0,4.06,3.98,4.0,970180.34
2018-05-31,4.03,4.14,4.03,4.12,1601550.82
2018-06-01,4.1,4.13,4.06,4.1,908761.94
2018-06-04,4.08,4.15,4.07,4.12,1217063.66
2018-06-05,4.12,4.13,4.04,4.08,1227128.94
2018-06-06,4.06,4.07,4.01,4.04,954246.0
2018-06-07,4.04,4.06,4.01,4.04,786426.95
2018-06-08,4.05,4.08,4.01,4.03,840572.33
2018-06-11,4.0,4.01,3.91,3.93,990020.4
2018-06-12,3.93,3.99,3.93,3.99,959063.0
2018-06-13,3.96,4.06,3.96,4.03,914543.46
2018-06-14,4.01,4.06,3.98,4.01,917032.3
2018-06-15,4.0,4.04,3.99,4.03,729483.6
2018-06-19,3.99,4.06,3.91,4.0,3249002.78
2018-06-20,3.99,3.99,3.94,3.97,703434.14
2018-06-21,3.98,4.02,3.96,3.98,754968.33
2018-06-22,3.97,3.97,3.85,3.89,989137.11
2018-06-25,3.93,3.95,3.85,3.86,739417.56
2018-06-26,3.84,3.85,3.75,3.78,836108.38
2018-06-27,3.81,3.94,3.81,3.9,1725848.31
2018-06-28,3.93,4.04,3.93,4.0,1269649.92
2018-06-29,4.02,4.04,3.94,4.03,804323.35
2018-07-02,4.0,4.03,3.88,3.91,913212.46
2018-07-03,3.92,3.93,3.82,3.89,1016830.83
2018-07-04,3.85,3.89,3.85,3.86,675505.63
2018-07-05,3.85,3.92,3.75,3.91,1334976.96
2018-07-06,3.85,3.91,3.82,3.89,645178.99
2018-07-09,3.9,3.98,3.89,3.98,604224.75
2018-07-10,3.99,4.06,3.95,4.04,764552.24
2018-07-11,3.97,3.98,3.92,3.96,503747.58
2018-07-12,3.9,3.96,3.88,3.94,1187730.86
2018-07-13,3.93,3.95,3.91,3.93,455286.43
2018-07-16,3.93,3.95,3.88,3.93,435399.24
2018-07-17,3.89,3.89,3.82,3.85,868077.57
2018-07-18,3.86,3.88,3.83,3.85,502149.75
2018-07-19,3.86,3.91,3.86,3.88,472326.1
2018-07-20,3.88,3.98,3.88,3.96,790372.04
2018-07-23,3.96,4.0,3.93,3.99,730354.89
2018-07-24,3.98,4.09,3.97,4.04,1050046.42
2018-07-25,4.12,4.14,4.04,4.06,1105976.71
2018-07-26,4.08,4.11,4.03,4.07,643148.12
2018-07-27,4.07,4.11,4.04,4.11,658639.84
2018-07-30,4.09,4.12,4.06,4.09,619022.84
2018-07-31,4.11,4.24,4.09,4.19,1102402.54
2018-08-01,4.16,4.2,4.12,4.12,786985.11
2018-08-02,4.12,4.12,3.99,4.04,960260.73
2018-08-03,4.06,4.14,4.04,4.08,791604.17
2018-08-06,4.06,4.16,4.01,4.04,895233.86
2018-08-07,4.07,4.22,4.07,4.21,1554915.72
2018-08-08,4.18,4.24,4.16,4.17,1158667.68
2018-08-09,4.11,4.18,4.07,4.16,1297805.44
2018-08-10,4.13,4.16,4.08,4.11,847788.78
2018-08-13,4.1,4.12,4.04,4.09,836219.35
2018-08-14,4.09,4.12,4.07,4.11,682003.35
2018-08-15,4.09,4.09,4.01,4.03,895065.47
2018-08-16,3.96,4.03,3.93,3.96,718429.47
2018-08-17,4.0,4.01,3.91,3.93,580347.59
2018-08-20,3.93,4.01,3.92,4.01,683332.82
2018-08-21,4.02,4.05,4.0,4.02,648775.4
2018-08-22,4.04,4.1,4.03,4.05,667760.91
2018-08-23,4.07,4.11,4.04,4.07,759847.76
2018-08-24,4.07,4.12,4.06,4.11,652449.34
2018-08-27,4.15,4.24,4.14,4.23,1922633.09
2018-08-28,4.22,4.33,4.21,4.25,1551391.89
2018-08-29,4.25,4.32,4.24,4.25,1256177.95
2018-08-30,4.29,4.32,4.22,4.22,738705.63
2018-08-31,4.23,4.29,4.16,4.24,1245274.82
2018-09-03,4.22,4.27,4.19,4.22,714318.16
2018-09-04,4.24,4.3,4.17,4.27,1080958.01
2018-09-05,4.25,4.27,4.14,4.16,937788.59
2018-09-06,4.15,4.17,4.13,4.16,735846.79
2018-09-07,4.14,4.2,4.12,4.14,744694.29
2018-09-10,4.14,4.19,4.14,4.17,850084.36
2018-09-11,4.17,4.22,4.13,4.21,1053768.15
2018-09-12,4.23,4.29,4.17,4.22,1048496.12
2018-09-13,4.26,4.36,4.24,4.34,1572563.76
2018-09-14,4.32,4.33,4.27,4.3,714520.75
2018-09-17,4.29,4.29,4.22,4.26,654033.5
2018-09-18,4.25,4.33,4.23,4.33,1009148.44
2018-09-19,4.32,4.42,4.31,4.4,1318615.04
2018-09-20,4.4,4.43,4.35,4.38,825259.1
2018-09-21,4.38,4.41,4.31,4.41,1259250.35
2018-09-25,4.41,4.47,4.34,4.37,1089187.86
2018-09-26,4.38,4.52,4.37,4.49,2264931.36
2018-09-27,4.48,4.5,4.45,4.47,1213768.17
2018-09-28,4.48,4.54,4.45,4.52,1010707.81
2018-10-08,4.38,4.4,4.18,4.2,3248578.9
2018-10-09,4.2,4.3,4.15,4.23,1996789.96
2018-10-10,4.24,4.3,4.2,4.24,1051268.02
2018-10-11,4.11,4.14,4.01,4.07,1896375.02
2018-10-12,4.03,4.16,4.03,4.14,1346314.48
2018-10-15,4.14,4.17,4.1,4.12,878932.18
2018-10-16,4.12,4.26,4.12,4.16,1137358.33
2018-10-17,4.21,4.21,4.06,4.11,1734758.41
2018-10-18,4.05,4.08,3.93,3.94,1412640.46
2018-10-19,3.89,4.03,3.82,4.01,1368347.19
2018-10-22,4.02,4.17,4.0,4.1,2211405.34
2018-10-23,4.08,4.11,3.95,3.97,1199323.25
2018-10-24,3.89,4.0,3.83,3.93,1627727.44
2018-10-25,3.86,3.95,3.84,3.94,1151529.69
2018-10-26,3.96,4.01,3.94,3.98,1327576.66
2018-10-29,4.01,4.06,3.94,3.96,1362552.09
2018-10-30,3.98,4.05,3.94,4.01,985819.18
2018-10-31,4.03,4.04,3.96,4.01,1147085.91
2018-11-01,4.0,4.01,3.95,3.98,1281785.52
2018-11-02,3.99,4.01,3.95,4.01,1779900.31
2018-11-05,3.99,4.02,3.96,4.01,1019348.66
2018-11-06,4.0,4.05,3.98,4.03,1020577.48
2018-11-07,4.01,4.01,3.95,3.96,900768.48
2018-11-08,4.0,4.01,3.96,3.97,699484.69
2018-11-09,3.96,3.96,3.89,3.9,824140.09
2018-11-12,3.89,3.93,3.87,3.93,873244.16
2018-11-13,3.87,3.94,3.87,3.93,957360.73
2018-11-14,3.86,3.86,3.77,3.79,2178299.78
2018-11-15,3.8,3.82,3.79,3.81,1083209.41
2018-11-16,3.82,3.86,3.81,3.84,1347213.71
2018-11-19,3.86,3.9,3.84,3.89,858174.13
2018-11-20,3.87,3.89,3.82,3.85,860251.6
2018-11-21,3.78,3.79,3.72,3.78,1472814.57
2018-11-22,3.79,3.79,3.74,3.75,859308.64
2018-11-23,3.73,3.74,3.7,3.71,802159.89
2018-11-26,3.65,3.7,3.63,3.68,767865.78
2018-11-27,3.7,3.72,3.68,3.69,530919.8
2018-11-28,3.7,3.74,3.68,3.73,553735.43
2018-11-29,3.73,3.75,3.7,3.7,504628.18
2018-11-30,3.72,3.76,3.72,3.75,698073.62
2018-12-03,3.81,3.86,3.8,3.85,1606439.95
2018-12-04,3.85,3.86,3.79,3.82,911269.83
2018-12-05,3.79,3.82,3.77,3.79,568682.79
2018-12-06,3.77,3.77,3.71,3.73,923740.03
2018-12-07,3.72,3.74,3.71,3.72,390920.19
2018-12-10,3.73,3.77,3.73,3.76,860018.77
2018-12-11,3.73,3.74,3.7,3.72,620326.22
2018-12-12,3.74,3.74,3.71,3.72,485712.36
2018-12-13,3.72,3.78,3.72,3.77,759550.24
2018-12-14,3.77,3.8,3.74,3.74,1124985.77
2018-12-17,3.73,3.8,3.73,3.79,624336.38
2018-12-18,3.76,3.77,3.69,3.69,826903.37
2018-12-19,3.65,3.65,3.59,3.59,1199303.69
2018-12-20,3.6,3.6,3.54,3.56,735900.15
2018-12-21,3.53,3.58,3.5,3.58,678207.46
2018-12-24,3.54,3.67,3.53,3.65,1086519.89
2018-12-25,3.58,3.6,3.53,3.57,778230.43
2018-12-26,3.58,3.6,3.56,3.58,560632.81
2018-12-27,3.68,3.72,3.32,3.33,4296618.75
2018-12-28,3.21,3.25,3.17,3.21,3221448.38
2019-01-02,3.24,3.25,3.15,3.18,2185583.7
2019-01-03,3.2,3.21,3.15,3.2,1547884.84
2019-01-04,3.18,3.25,3.18,3.24,1616696.05
2019-01-07,3.28,3.3,3.25,3.29,2001628.14
2019-01-08,3.29,3.34,3.28,3.33,1526440.29
2019-01-09,3.36,3.44,3.36,3.4,1900795.05
2019-01-10,3.44,3.46,3.36,3.37,1451872.73
2019-01-11,3.37,3.4,3.35,3.4,801253.06
2019-01-14,3.38,3.4,3.35,3.36,726327.54
2019-01-15,3.37,3.41,3.37,3.39,861937.44
2019-01-16,3.4,3.43,3.39,3.42,835037.58
2019-01-17,3.44,3.44,3.39,3.4,752551.69
2019-01-18,3.43,3.44,3.4,3.43,1001826.95
2019-01-21,3.46,3.49,3.45,3.48,1012467.6
2019-01-22,3.48,3.49,3.39,3.42,910680.84
2019-01-23,3.4,3.44,3.39,3.42,643584.03
2019-01-24,3.42,3.46,3.4,3.45,756785.93
2019-01-25,3.47,3.49,3.47,3.47,675729.39
2019-01-28,3.54,3.58,3.51,3.53,1461278.96
2019-01-29,3.52,3.57,3.49,3.56,1295072.59
2019-01-30,3.56,3.61,3.54,3.58,861861.87
2019-01-31,3.6,3.67,3.58,3.64,1082258.12
2019-02-01,3.64,3.67,3.62,3.65,771406.41
2019-02-11,3.62,3.63,3.56,3.62,1010366.41
2019-02-12,3.62,3.63,3.59,3.61,1113601.79
2019-02-13,3.63,3.73,3.62,3.72,1360123.47
2019-02-14,3.72,3.73,3.7,3.71,856453.09
2019-02-15,3.71,3.73,3.64,3.65,794842.28
2019-02-18,3.7,3.76,3.69,3.75,1262494.78
2019-02-19,3.75,3.77,3.72,3.73,852761.55
2019-02-20,3.73,3.75,3.72,3.75,649242.94
2019-02-21,3.75,3.76,3.71,3.73,792892.89
2019-02-22,3.71,3.73,3.67,3.73,960693.36
2019-02-25,3.74,3.86,3.73,3.86,2697691.04
2019-02-26,3.82,3.85,3.79,3.81,2408142.65
2019-02-27,3.81,3.87,3.8,3.84,1905693.11
2019-02-28,3.83,3.85,3.81,3.82,1176222.18
2019-03-01,3.84,3.86,3.81,3.86,1291834.67
2019-03-04,3.86,3.95,3.84,3.88,2804788.06
2019-03-05,3.88,3.88,3.84,3.87,1735075.08
2019-03-06,3.86,3.91,3.84,3.89,2789936.88
2019-03-07,3.86,3.87,3.83,3.86,2403304.01
2019-03-08,3.82,3.83,3.7,3.72,1958314.45
2019-03-11,3.71,3.74,3.7,3.73,1363333.23
2019-03-12,3.75,3.84,3.75,3.8,1814248.6
2019-03-13,3.8,3.8,3.72,3.74,1160548.01
2019-03-14,3.77,3.81,3.74,3.77,1095595.67
2019-03-15,3.77,3.8,3.74,3.77,1053881.38
2019-03-18,3.78,3.86,3.76,3.85,1708294.51
2019-03-19,3.86,3.87,3.82,3.84,1248028.51
2019-03-20,3.84,3.86,3.79,3.81,1278740.29
2019-03-21,3.83,3.84,3.8,3.82,1009272.49
2019-03-22,3.82,3.82,3.77,3.8,928243.8
2019-03-25,3.77,3.77,3.68,3.7,2603456.85
2019-03-26,3.68,3.7,3.6,3.62,2102146.31
2019-03-27,3.63,3.65,3.61,3.63,1112544.64
2019-03-28,3.61,3.62,3.57,3.58,1162484.83
2019-03-29,3.59,3.65,3.56,3.65,1981482.32
2019-04-01,3.65,3.71,3.65,3.71,2594463.04
2019-04-02,3.72,3.73,3.68,3.69,1832272.75
2019-04-03,3.7,3.73,3.68,3.72,1956807.71
2019-04-04,3.72,3.77,3.7,3.77,2844451.28
2019-04-08,3.83,3.87,3.79,3.83,3563050.92
2019-04-09,3.82,3.84,3.76,3.79,2232712.64
2019-04-10,3.77,3.77,3.72,3.75,2237218.34
2019-04-11,3.75,3.76,3.69,3.7,1824566.87
2019-04-12,3.69,3.7,3.67,3.7,1304345.63
2019-04-15,3.72,3.75,3.69,3.69,1669148.67
2019-04-16,3.68,3.75,3.63,3.75,2275265.8
2019-04-17,3.73,3.75,3.72,3.73,1644098.66
2019-04-18,3.73,3.74,3.7,3.72,1287651.38
2019-04-19,3.72,3.73,3.69,3.73,1115578.1
2019-04-22,3.75,3.82,3.72,3.77,2869655.21
2019-04-23,3.78,3.79,3.72,3.73,1952614.84
2019-04-24,3.75,3.75,3.67,3.7,1651453.35
2019-04-25,3.68,3.68,3.63,3.64,1411117.55
2019-04-26,3.62,3.64,3.59,3.6,1135457.02
2019-04-29,3.6,3.62,3.57,3.6,1179114.08
2019-04-30,3.57,3.61,3.56,3.61,910097.37
2019-05-06,3.55,3.55,3.44,3.46,2251564.42
2019-05-07,3.48,3.5,3.44,3.46,1103198.62
2019-05-08,3.42,3.46,3.4,3.42,1083695.6
2019-05-09,3.41,3.43,3.38,3.4,729664.75
2019-05-10,3.42,3.46,3.39,3.45,963715.54
2019-05-13,3.42,3.43,3.4,3.41,759139.79
2019-05-14,3.39,3.42,3.38,3.4,703237.65
2019-05-15,3.41,3.44,3.41,3.43,892435.1
2019-05-16,3.42,3.46,3.42,3.46,942284.15
2019-05-17,3.46,3.46,3.43,3.44,1182527.15
2019-05-20,3.44,3.47,3.4,3.47,1001772.16
2019-05-21,3.46,3.51,3.44,3.48,952844.7
2019-05-22,3.47,3.49,3.46,3.46,493087.19
2019-05-23,3.45,3.49,3.44,3.47,866152.99
2019-05-24,3.44,3.46,3.42,3.42,637245.8
2019-05-27,3.42,3.46,3.42,3.45,587282.93
2019-05-28,3.45,3.47,3.42,3.46,952133.67
2019-05-29,3.44,3.46,3.43,3.44,631412.06
2019-05-30,3.44,3.48,3.44,3.47,1087928.93
2019-05-31,3.46,3.49,3.44,3.45,737254.62
2019-06-03,3.46,3.46,3.44,3.46,824510.09
2019-06-04,3.45,3.46,3.43,3.45,611786.36
2019-06-05,3.46,3.51,3.46,3.48,890910.27
2019-06-06,3.48,3.49,3.46,3.48,706397.12
2019-06-10,3.49,3.53,3.48,3.52,986450.86
2019-06-11,3.53,3.54,3.5,3.53,1410379.68
2019-06-12,3.51,3.52,3.49,3.51,750325.03
2019-06-13,3.49,3.5,3.46,3.5,779349.34
2019-06-14,3.49,3.5,3.47,3.47,693146.32
2019-06-17,3.47,3.5,3.47,3.49,527635.23
2019-06-18,3.49,3.52,3.48,3.51,551975.95
2019-06-19,3.55,3.55,3.51,3.53,1091526.02
2019-06-20,3.53,3.59,3.51,3.57,1621725.06
2019-06-21,3.59,3.63,3.58,3.61,1139542.91
2019-06-24,3.61,3.61,3.59,3.6,561515.89
2019-06-25,3.61,3.61,3.57,3.59,739545.57
2019-06-26,3.59,3.65,3.58,3.64,968694.56
2019-06-27,3.66,3.67,3.62,3.62,999704.02
2019-06-28,3.62,3.65,3.61,3.65,589801.32
2019-07-01,3.67,3.67,3.65,3.65,816928.84
2019-07-02,3.65,3.65,3.61,3.63,854283.09
2019-07-03,3.61,3.61,3.57,3.59,862084.13
2019-07-04,3.59,3.63,3.59,3.63,771674.82
2019-07-05,3.63,3.63,3.59,3.61,627775.69
2019-07-08,3.6,3.6,3.54,3.55,744931.97
2019-07-09,3.55,3.55,3.5,3.51,800600.38
2019-07-10,3.52,3.52,3.46,3.47,875894.77
2019-07-11,3.49,3.5,3.47,3.48,974981.99
2019-07-12,3.47,3.51,3.47,3.49,625264.6
2019-07-15,3.49,3.51,3.45,3.51,658402.2
2019-07-16,3.51,3.55,3.5,3.53,625054.24
2019-07-17,3.52,3.53,3.51,3.52,431939.67
2019-07-18,3.52,3.53,3.49,3.49,408648.37
2019-07-19,3.5,3.54,3.49,3.53,559799.79
2019-07-22,3.53,3.53,3.5,3.51,544126.28
2019-07-23,3.5,3.53,3.49,3.51,545828.82
2019-07-24,3.51,3.55,3.51,3.52,548721.6
2019-07-25,3.53,3.54,3.51,3.53,499255.51
2019-07-26,3.51,3.54,3.49,3.52,602674.29
2019-07-29,3.52,3.52,3.5,3.5,592080.95
2019-07-30,3.51,3.53,3.5,3.51,352608.38
2019-07-31,3.51,3.51,3.49,3.51,398476.26
2019-08-01,3.5,3.51,3.47,3.49,616872.58
2019-08-02,3.45,3.45,3.41,3.42,1051132.12
2019-08-05,3.41,3.41,3.35,3.36,809433.63
2019-08-06,3.31,3.34,3.3,3.33,1065025.16
2019-08-07,3.33,3.35,3.3,3.31,669904.23
2019-08-08,3.32,3.33,3.31,3.32,593479.61
2019-08-09,3.33,3.33,3.31,3.32,539600.43
2019-08-12,3.32,3.33,3.3,3.33,598710.26
2019-08-13,3.31,3.31,3.29,3.29,528438.94
2019-08-14,3.32,3.33,3.31,3.31,435981.5
2019-08-15,3.27,3.31,3.26,3.31,430680.82
2019-08-16,3.31,3.32,3.3,3.31,467171.89
2019-08-19,3.33,3.36,3.31,3.36,668097.76
2019-08-20,3.36,3.38,3.35,3.37,616487.55
2019-08-21,3.37,3.37,3.35,3.35,293676.85
2019-08-22,3.35,3.36,3.32,3.34,494373.35
2019-08-23,3.35,3.35,3.33,3.34,338872.23
2019-08-26,3.3,3.32,3.29,3.31,584405.56
2019-08-27,3.32,3.35,3.31,3.33,759488.82
2019-08-28,3.33,3.34,3.31,3.32,427595.6
2019-08-29,3.33,3.33,3.31,3.33,455455.48
2019-08-30,3.33,3.35,3.31,3.32,518074.07
2019-09-02,3.33,3.35,3.32,3.35,668710.34
2019-09-03,3.35,3.35,3.33,3.35,599885.61
2019-09-04,3.35,3.39,3.34,3.39,974575.46
2019-09-05,3.4,3.45,3.39,3.41,962721.96
2019-09-06,3.41,3.44,3.41,3.43,717821.61
2019-09-09,3.45,3.47,3.43,3.46,912022.3
2019-09-10,3.47,3.48,3.46,3.48,679566.39
2019-09-11,3.49,3.51,3.48,3.51,909235.43
2019-09-12,3.5,3.51,3.47,3.47,807679.85
2019-09-16,3.59,3.61,3.54,3.57,2705013.52
2019-09-17,3.58,3.58,3.5,3.52,1094350.52
2019-09-18,3.49,3.49,3.46,3.46,804803.53
2019-09-19,3.46,3.48,3.44,3.47,450621.06
2019-09-20,3.48,3.48,3.45,3.46,698477.06
2019-09-23,3.46,3.46,3.42,3.44,560549.53
2019-09-24,3.45,3.46,3.43,3.44,488301.5
2019-09-25,3.42,3.43,3.42,3.42,473908.97
2019-09-26,3.43,3.43,3.4,3.41,600797.11
2019-09-27,3.41,3.41,3.39,3.4,453695.38
2019-09-30,3.41,3.44,3.4,3.42,491987.06
2019-10-08,3.4,3.42,3.4,3.41,436712.33
2019-10-09,3.4,3.42,3.38,3.42,414364.73
2019-10-10,3.42,3.42,3.4,3.41,378110.18
2019-10-11,3.42,3.47,3.41,3.46,747554.04
2019-10-14,3.46,3.48,3.44,3.46,665099.26
2019-10-15,3.46,3.46,3.44,3.44,360332.93
2019-10-16,3.44,3.46,3.43,3.44,427217.94
2019-10-17,3.44,3.45,3.43,3.44,254666.18
2019-10-18,3.44,3.44,3.4,3.4,426570.4
2019-10-21,3.4,3.41,3.39,3.4,508755.98
2019-10-22,3.4,3.4,3.37,3.4,504529.35
2019-10-23,3.4,3.4,3.38,3.39,360966.13
2019-10-24,3.4,3.41,3.39,3.4,410600.92
2019-10-25,3.41,3.41,3.39,3.41,486545.19
2019-10-28,3.4,3.42,3.4,3.42,570325.25
2019-10-29,3.41,3.42,3.4,3.4,402981.09
2019-10-30,3.4,3.41,3.38,3.38,377170.34
2019-10-31,3.37,3.37,3.33,3.34,756818.48
2019-11-01,3.33,3.34,3.31,3.33,833103.19
2019-11-04,3.35,3.35,3.33,3.34,633059.55
2019-11-05,3.35,3.37,3.33,3.36,532816.79
2019-11-06,3.37,3.37,3.35,3.36,427464.0
2019-11-07,3.35,3.37,3.35,3.37,404154.18
2019-11-08,3.37,3.38,3.34,3.36,583592.94
2019-11-11,3.35,3.35,3.31,3.31,655264.04
2019-11-12,3.32,3.33,3.31,3.32,468918.1
2019-11-13,3.33,3.33,3.31,3.32,507339.34
2019-11-14,3.32,3.32,3.31,3.31,463951.12
2019-11-15,3.31,3.33,3.3,3.31,570040.44
2019-11-18,3.31,3.35,3.31,3.35,599476.84
2019-11-19,3.33,3.35,3.33,3.34,482484.86
2019-11-20,3.33,3.37,3.33,3.35,516623.51
2019-11-21,3.35,3.38,3.34,3.37,557894.94
2019-11-22,3.37,3.39,3.36,3.37,670220.3
2019-11-25,3.36,3.43,3.35,3.42,925608.81
2019-11-26,3.43,3.44,3.4,3.43,706451.73
2019-11-27,3.42,3.44,3.4,3.42,460928.8
2019-11-28,3.42,3.43,3.4,3.42,296906.53
2019-11-29,3.41,3.42,3.38,3.4,458051.96
2019-12-02,3.38,3.39,3.36,3.37,493391.06
2019-12-03,3.37,3.38,3.35,3.36,409498.71
2019-12-04,3.36,3.36,3.34,3.35,309347.32
2019-12-05,3.37,3.37,3.35,3.36,383212.15
2019-12-06,3.36,3.37,3.34,3.35,513042.24
2019-12-09,3.35,3.37,3.35,3.37,528133.86
2019-12-10,3.37,3.38,3.36,3.37,305408.15
2019-12-11,3.38,3.39,3.37,3.38,489082.72
2019-12-12,3.39,3.39,3.37,3.37,364003.43
2019-12-13,3.39,3.4,3.38,3.4,649206.57
2019-12-16,3.41,3.43,3.4,3.42,592017.67
2019-12-17,3.42,3.48,3.4,3.46,1210779.24
2019-12-18,3.46,3.48,3.44,3.46,647684.35
2019-12-19,3.46,3.46,3.44,3.45,325481.67
2019-12-20,3.44,3.46,3.44,3.44,439263.73
2019-12-23,3.45,3.45,3.4,3.4,538181.71
2019-12-24,3.4,3.43,3.4,3.42,235368.0
2019-12-25,3.42,3.43,3.41,3.42,241121.82
2019-12-26,3.41,3.43,3.41,3.42,257919.3
2019-12-27,3.42,3.47,3.42,3.44,690988.43
2019-12-30,3.44,3.47,3.44,3.46,761684.75
2019-12-31,3.46,3.49,3.45,3.48,891777.26
2020-01-02,3.5,3.54,3.48,3.52,1250435.92
2020-01-03,3.54,3.61,3.53,3.59,1648873.16
2020-01-06,3.62,3.69,3.61,3.65,2112512.53
2020-01-07,3.61,3.61,3.55,3.58,1263481.61
2020-01-08,3.63,3.65,3.59,3.6,1270409.71
2020-01-09,3.54,3.56,3.52,3.54,1033555.38
2020-01-10,3.53,3.54,3.5,3.52,469139.55
2020-01-13,3.52,3.52,3.48,3.5,837544.35
2020-01-14,3.5,3.52,3.48,3.5,844454.53
2020-01-15,3.5,3.5,3.47,3.47,505138.96
2020-01-16,3.48,3.48,3.45,3.46,527475.1
2020-01-17,3.46,3.48,3.44,3.46,601906.6
2020-01-20,3.46,3.46,3.44,3.44,615085.58
2020-01-21,3.44,3.44,3.41,3.42,745005.53
2020-01-22,3.41,3.42,3.37,3.4,812002.2
2020-01-23,3.38,3.39,3.34,3.37,1104921.83
2020-02-03,3.07,3.23,3.06,3.15,2161853.35
2020-02-04,3.12,3.17,3.1,3.16,1200593.82
2020-02-05,3.16,3.2,3.13,3.16,1208894.13
2020-02-06,3.2,3.22,3.16,3.2,1024516.96
2020-02-07,3.2,3.23,3.18,3.22,951848.26
2020-02-10,3.23,3.23,3.19,3.21,1146636.43
2020-02-11,3.21,3.24,3.2,3.22,1169208.68
2020-02-12,3.22,3.22,3.19,3.22,844616.78
2020-02-13,3.22,3.23,3.2,3.2,918566.77
2020-02-14,3.2,3.22,3.19,3.21,666801.05
2020-02-17,3.21,3.27,3.2,3.26,1059858.99
2020-02-18,3.26,3.27,3.23,3.24,1186948.64
2020-02-19,3.25,3.25,3.22,3.23,934380.92
2020-02-20,3.25,3.27,3.24,3.27,1203826.88
2020-02-21,3.25,3.27,3.25,3.27,982603.16
2020-02-24,3.25,3.25,3.21,3.22,1292181.43
2020-02-25,3.18,3.2,3.16,3.18,1454954.44
2020-02-26,3.16,3.2,3.14,3.19,1436140.67
2020-02-27,3.19,3.2,3.17,3.18,1033375.53
2020-02-28,3.14,3.17,3.11,3.14,1669391.52
2020-03-02,3.15,3.22,3.15,3.2,1550879.1
2020-03-03,3.23,3.25,3.19,3.21,1327492.82
2020-03-04,3.21,3.22,3.2,3.21,799277.35
2020-03-05,3.23,3.27,3.22,3.27,1607713.53
2020-03-06,3.25,3.29,3.22,3.27,1615774.24
2020-03-09,3.22,3.41,3.14,3.35,5182343.09
2020-03-10,3.31,3.35,3.22,3.29,2633978.74
2020-03-11,3.28,3.28,3.24,3.24,1505089.27
2020-03-12,3.2,3.23,3.15,3.16,1750364.26
2020-03-13,3.08,3.13,3.07,3.1,2065697.38
2020-03-16,3.12,3.25,3.12,3.16,2665714.12
2020-03-17,3.15,3.18,3.07,3.13,1540849.83
2020-03-18,3.13,3.15,3.08,3.09,1410967.49
2020-03-19,3.07,3.1,3.01,3.03,1457172.78
2020-03-20,3.07,3.09,3.03,3.07,989186.73
2020-03-23,3.03,3.05,3.01,3.02,869499.01
2020-03-24,3.04,3.06,3.03,3.05,813163.93
2020-03-25,3.1,3.1,3.07,3.08,864468.85
2020-03-26,3.08,3.09,3.05,3.06,697099.01
2020-03-27,3.08,3.09,3.05,3.06,756026.02
2020-03-30,3.06,3.06,3.03,3.05,1024769.53
2020-03-31,3.06,3.06,3.0,3.02,1610123.74
2020-04-01,3.01,3.02,2.99,2.99,1161533.43
2020-04-02,2.97,3.11,2.97,3.1,2640559.18
2020-04-03,3.1,3.1,3.03,3.04,1676797.12
2020-04-07,3.07,3.1,3.05,3.07,1599650.22
2020-04-08,3.06,3.07,3.03,3.07,1166312.15
2020-04-09,3.08,3.09,3.07,3.07,792638.55
2020-04-10,3.07,3.1,3.05,3.06,997023.01
2020-04-13,3.07,3.08,3.06,3.07,843176.92
2020-04-14,3.07,3.07,3.05,3.07,996213.88
2020-04-15,3.06,3.07,3.05,3.06,755206.92
2020-04-16,3.05,3.06,3.05,3.05,808590.07
2020-04-17,3.07,3.12,3.05,3.11,2118189.03
2020-04-20,3.08,3.17,3.08,3.14,1375892.99
2020-04-21,3.12,3.13,3.09,3.1,1194906.83
2020-04-22,3.08,3.09,3.05,3.07,779736.82
2020-04-23,3.08,3.14,3.08,3.1,1215017.82
2020-04-24,3.1,3.11,3.06,3.06,813357.9
2020-04-27,3.07,3.08,3.05,3.07,657278.47
2020-04-28,3.06,3.07,3.02,3.02,1105057.89
2020-04-29,3.04,3.04,3.01,3.03,678617.51
2020-04-30,3.01,3.04,2.99,3.04,1196402.04
2020-05-06,3.01,3.03,3.01,3.02,848192.42
2020-05-07,3.02,3.02,3.01,3.01,577148.09
2020-05-08,3.01,3.02,3.01,3.01,659208.98
2020-05-11,3.02,3.03,3.01,3.01,559475.48
2020-05-12,3.01,3.01,3.0,3.0,540664.35
2020-05-13,3.0,3.01,2.99,3.01,621293.3
2020-05-14,2.99,3.0,2.98,2.99,554089.78
2020-05-15,2.99,3.0,2.97,2.97,508113.92
2020-05-18,2.98,2.99,2.97,2.98,514956.5
2020-05-19,3.01,3.01,2.99,2.99,769731.24
2020-05-20,2.99,2.99,2.97,2.98,426107.78
2020-05-21,2.99,2.99,2.97,2.97,682493.69
2020-05-22,2.97,2.97,2.9,2.9,1212363.88
2020-05-25,2.9,2.9,2.87,2.88,589336.44
2020-05-26,2.88,2.89,2.86,2.87,811354.8
2020-05-27,2.87,2.88,2.85,2.86,719329.97
2020-05-28,2.85,2.87,2.84,2.86,686684.82
2020-05-29,2.85,2.86,2.82,2.82,812229.47
2020-06-01,2.83,2.87,2.83,2.86,1008514.65
2020-06-02,2.86,2.89,2.86,2.88,842597.23
2020-06-03,2.89,2.91,2.88,2.89,909977.52
2020-06-04,2.9,2.9,2.85,2.86,935624.05
2020-06-05,2.86,2.88,2.84,2.88,781579.74
2020-06-08,2.9,2.93,2.89,2.93,1296402.93
2020-06-09,2.93,2.93,2.91,2.92,1110411.2
2020-06-10,2.94,2.94,2.91,2.92,1084175.95
2020-06-11,2.91,2.92,2.87,2.87,970438.09
2020-06-12,2.85,2.9,2.83,2.88,924145.97
2020-06-15,2.87,2.87,2.85,2.85,601360.71
2020-06-16,2.87,2.87,2.85,2.87,555906.47
2020-06-17,2.86,2.87,2.85,2.86,642280.25
2020-06-18,2.85,2.87,2.84,2.86,1074365.67
2020-06-19,2.86,2.87,2.85,2.86,960982.72
2020-06-22,2.86,2.87,2.85,2.85,861564.81
2020-06-23,2.85,2.85,2.82,2.83,911962.22
2020-06-24,2.82,2.84,2.82,2.83,741323.74
2020-06-29,2.82,2.82,2.78,2.8,1472800.11
2020-06-30,2.8,2.81,2.79,2.79,676382.35
2020-07-01,2.8,2.81,2.78,2.8,980155.25
2020-07-02,2.8,2.87,2.79,2.86,2119386.4
2020-07-03,2.85,2.92,2.85,2.91,2271563.18
2020-07-06,2.93,3.06,2.93,3.05,4237533.75
2020-07-07,3.07,3.11,3.02,3.02,4201821.52
2020-07-08,3.0,3.01,2.95,3.0,2890210.34
2020-07-09,3.0,3.03,2.97,3.02,2719021.56
2020-07-10,3.0,3.0,2.94,2.95,2172192.29
2020-07-13,2.95,2.98,2.94,2.97,2410021.24
2020-07-14,2.96,2.97,2.9,2.92,2797024.9
2020-07-15,2.93,2.95,2.88,2.89,1904922.59
2020-07-16,2.9,2.9,2.84,2.84,2172298.88
2020-07-17,2.85,2.85,2.82,2.83,1309860.83
2020-07-20,2.84,2.89,2.83,2.88,1573805.43
2020-07-21,2.89,2.9,2.86,2.87,1176472.89
2020-07-22,2.89,2.95,2.87,2.91,2547167.63
2020-07-23,2.9,2.91,2.85,2.87,1748389.82
2020-07-24,2.9,2.92,2.85,2.85,1923824.46
2020-07-27,2.86,2.87,2.85,2.86,1233282.59
2020-07-28,2.87,2.88,2.85,2.86,1176823.41
2020-07-29,2.86,2.87,2.84,2.87,1985647.64
2020-07-30,2.86,2.87,2.85,2.85,972277.4
2020-07-31,2.84,2.86,2.83,2.85,1406019.17
2020-08-03,2.85,2.87,2.85,2.86,1316651.26
2020-08-04,2.86,2.89,2.85,2.88,1674701.92
2020-08-05,2.87,2.88,2.85,2.87,1115619.64
2020-08-06,2.88,2.9,2.86,2.87,1715198.32
2020-08-07,2.87,2.87,2.84,2.85,1706931.83
2020-08-10,2.85,2.86,2.83,2.85,1463235.92
2020-08-11,2.86,2.87,2.85,2.85,1578017.9
2020-08-12,2.85,2.85,2.83,2.85,1774506.04
2020-08-13,2.85,2.87,2.85,2.86,1471142.17
2020-08-14,2.85,2.87,2.85,2.87,1175174.13
2020-08-17,2.86,2.92,2.86,2.9,2921420.75
2020-08-18,2.9,2.91,2.88,2.9,1723560.26
2020-08-19,2.9,2.92,2.89,2.9,2364132.64
2020-08-20,2.9,2.9,2.87,2.87,1799797.41
2020-08-21,2.88,2.89,2.86,2.87,1004349.04
2020-08-24,2.87,2.89,2.87,2.88,1043270.1
2020-08-25,2.89,2.89,2.87,2.87,1027147.79
2020-08-26,2.88,2.9,2.87,2.89,1778175.43
2020-08-27,2.89,2.9,2.86,2.87,1026447.29
2020-08-28,2.87,2.88,2.85,2.87,1227911.91
2020-08-31,2.87,2.9,2.87,2.87,1600479.16
2020-09-01,2.87,2.88,2.87,2.87,877024.48
2020-09-02,2.87,2.87,2.85,2.85,994170.07
2020-09-03,2.85,2.87,2.84,2.85,1083586.05
2020-09-04,2.84,2.85,2.82,2.84,1183173.0
2020-09-07,2.83,2.84,2.82,2.82,1100200.47
2020-09-08,2.82,2.84,2.82,2.83,971083.73
2020-09-09,2.82,2.83,2.81,2.81,1216199.65
2020-09-10,2.82,2.82,2.79,2.8,1182997.06
2020-09-11,2.79,2.8,2.78,2.79,709227.88
2020-09-14,2.8,2.8,2.79,2.8,571843.2
2020-09-15,2.8,2.8,2.79,2.8,492348.43
2020-09-16,2.8,2.82,2.79,2.81,682285.67
2020-09-17,2.81,2.82,2.8,2.8,524594.45
2020-09-18,2.82,2.82,2.8,2.82,1269998.62
2020-09-21,2.82,2.84,2.82,2.83,764414.44
2020-09-22,2.82,2.83,2.8,2.8,756329.58
2020-09-23,2.8,2.81,2.8,2.8,427409.06
2020-09-24,2.8,2.8,2.77,2.77,844267.07
2020-09-25,2.78,2.78,2.77,2.77,421395.44
2020-09-28,2.77,2.79,2.77,2.77,694406.87
2020-09-29,2.78,2.79,2.77,2.77,411623.56
2020-09-30,2.78,2.8,2.77,2.79,710001.82
2020-10-09,2.8,2.82,2.8,2.8,523939.7
2020-10-12,2.81,2.83,2.8,2.82,778172.24
2020-10-13,2.82,2.82,2.8,2.81,414118.79
2020-10-14,2.8,2.81,2.78,2.8,777355.2
2020-10-15,2.79,2.8,2.79,2.8,399100.05
2020-10-16,2.8,2.81,2.79,2.8,511480.22
2020-10-19,2.8,2.82,2.79,2.8,802955.09
2020-10-20,2.8,2.81,2.79,2.8,451523.52
2020-10-21,2.8,2.81,2.79,2.8,613475.63
2020-10-22,2.8,2.8,2.79,2.8,406141.57
2020-10-23,2.8,2.85,2.8,2.83,1289703.51
2020-10-26,2.84,2.85,2.83,2.83,605310.08
2020-10-27,2.83,2.83,2.82,2.82,402988.28
2020-10-28,2.82,2.83,2.8,2.82,428409.18
2020-10-29,2.8,2.83,2.8,2.83,827970.87
2020-10-30,2.83,2.85,2.82,2.83,1270744.92
2020-11-02,2.83,2.85,2.82,2.84,864682.6
2020-11-03,2.85,2.87,2.84,2.87,1000317.42
2020-11-04,2.87,2.87,2.84,2.85,560154.53
2020-11-05,2.88,2.88,2.85,2.88,997546.61
2020-11-06,2.88,2.9,2.87,2.89,1021544.16
2020-11-09,2.9,2.93,2.89,2.91,1182744.67
2020-11-10,2.98,3.01,2.93,2.93,2759129.37
2020-11-11,2.94,3.0,2.94,2.99,2105121.78
2020-11-12,2.99,2.99,2.93,2.95,1176685.22
2020-11-13,2.94,2.95,2.91,2.92,1001564.31
2020-11-16,2.93,2.99,2.93,2.98,1513127.68
2020-11-17,2.99,3.01,2.97,2.99,1609286.12
2020-11-18,2.98,3.01,2.97,2.99,1411053.54
2020-11-19,2.99,3.01,2.98,2.99,1002216.62
2020-11-20,2.99,3.0,2.96,2.97,949362.12
2020-11-23,2.98,3.05,2.98,3.05,2553948.21
2020-11-24,3.05,3.07,3.04,3.04,1252636.44
2020-11-25,3.09,3.14,3.07,3.07,3173378.39
2020-11-26,3.07,3.12,3.07,3.09,1623299.77
2020-11-27,3.09,3.11,3.07,3.11,1273173.32
2020-11-30,3.1,3.14,3.04,3.04,2018810.64
2020-12-01,3.04,3.09,3.04,3.07,1162813.42
2020-12-02,3.07,3.09,3.05,3.07,1068149.58
2020-12-03,3.09,3.1,3.04,3.05,1066651.84
2020-12-04,3.05,3.07,3.01,3.04,1243279.64
2020-12-07,3.03,3.04,2.98,2.99,1174733.04
2020-12-08,2.99,3.0,2.96,2.98,736600.95
2020-12-09,2.97,2.99,2.96,2.96,783962.15
2020-12-10,2.96,2.96,2.94,2.95,735591.54
2020-12-11,2.98,2.99,2.94,2.99,1250889.37
2020-12-14,2.97,2.98,2.93,2.95,1078284.79
2020-12-15,2.93,2.94,2.91,2.93,712451.24
2020-12-16,2.93,2.95,2.93,2.93,470710.22
2020-12-17,2.95,2.98,2.93,2.97,735300.53
2020-12-18,2.98,3.0,2.96,2.98,899432.42
2020-12-21,2.97,2.99,2.94,2.96,905286.71
2020-12-22,2.93,2.94,2.89,2.89,1210347.4
2020-12-23,2.9,2.91,2.88,2.9,661871.38
2020-12-24,2.91,2.92,2.88,2.9,654982.16
2020-12-25,2.9,2.91,2.88,2.91,448623.92
2020-12-28,2.9,2.91,2.89,2.9,566392.84
2020-12-29,2.9,2.93,2.89,2.92,816760.58
2020-12-30,2.91,2.93,2.9,2.91,592931.72
2020-12-31,2.91,2.94,2.9,2.93,852619.46
2021-01-04,2.93,2.94,2.9,2.93,1100524.4
2021-01-05,2.91,2.93,2.89,2.92,1075969.01
2021-01-06,2.94,2.99,2.93,2.99,1838944.9
2021-01-07,2.99,3.0,2.96,2.99,1847367.54
2021-01-08,3.02,3.07,3.01,3.04,1890078.98
2021-01-11,3.04,3.04,2.94,2.95,2472395.26
2021-01-12,2.95,3.01,2.94,3.01,1469464.94
2021-01-13,3.02,3.09,3.01,3.07,2289906.75
2021-01-14,3.06,3.11,3.04,3.07,1912555.66
2021-01-15,3.07,3.09,3.06,3.08,1607227.24
2021-01-18,3.05,3.06,3.01,3.02,2017441.29
2021-01-19,3.02,3.07,3.01,3.03,1698011.27
2021-01-20,3.05,3.07,3.0,3.02,1097346.87
2021-01-21,3.01,3.04,3.0,3.02,1057164.0
2021-01-22,3.01,3.02,2.95,2.96,1319654.95
2021-01-25,2.95,2.96,2.91,2.92,1493759.64
2021-01-26,2.91,2.93,2.91,2.93,941621.25
2021-01-27,2.93,2.96,2.92,2.93,993790.06
2021-01-28,2.91,2.93,2.88,2.89,1351213.76
2021-01-29,2.89,2.9,2.85,2.87,1142037.23
2021-02-01,2.86,2.88,2.84,2.87,1046452.11
2021-02-02,2.89,2.9,2.85,2.86,1085288.83
2021-02-03,2.88,2.88,2.86,2.88,696224.98
2021-02-04,2.88,2.9,2.87,2.9,1065039.01
2021-02-05,2.9,2.91,2.88,2.88,820788.48
2021-02-08,2.88,2.91,2.88,2.9,1039302.22
2021-02-09,2.91,3.0,2.91,2.99,1834982.98
2021-02-10,2.98,3.07,2.98,3.03,2593297.95
2021-02-18,3.23,3.33,3.2,3.25,8382505.2
2021-02-19,3.2,3.22,3.17,3.17,3341718.51
2021-02-22,3.2,3.44,3.2,3.38,5999231.31
2021-02-23,3.46,3.52,3.39,3.41,4460685.44
2021-02-24,3.43,3.44,3.28,3.31,2745532.21
2021-02-25,3.4,3.44,3.36,3.39,2233170.53
2021-02-26,3.28,3.33,3.25,3.28,2987577.82
2021-03-01,3.3,3.33,3.24,3.32,2132957.18
2021-03-02,3.28,3.28,3.15,3.18,3262557.92
2021-03-03,3.16,3.25,3.16,3.24,2360436.3
2021-03-04,3.24,3.28,3.2,3.23,1632435.59
2021-03-05,3.28,3.33,3.2,3.27,2489609.59
2021-03-08,3.33,3.41,3.31,3.31,3146784.16
2021-03-09,3.28,3.35,3.23,3.28,2246487.28
2021-03-10,3.26,3.28,3.2,3.21,1490274.37
2021-03-11,3.23,3.26,3.23,3.25,1198552.6
2021-03-12,3.27,3.28,3.22,3.25,1379804.72
2021-03-15,3.25,3.36,3.25,3.35,2365404.8
2021-03-16,3.33,3.33,3.28,3.31,1161630.72
2021-03-17,3.28,3.28,3.23,3.24,1502155.13
2021-03-18,3.23,3.24,3.2,3.23,1382338.62
2021-03-19,3.15,3.15,3.09,3.09,3079820.59
2021-03-22,3.1,3.13,3.1,3.12,1515974.65
2021-03-23,3.12,3.12,3.07,3.09,1342536.18
2021-03-24,3.06,3.08,3.04,3.07,1296931.26
2021-03-25,3.09,3.1,3.07,3.07,1150327.9
2021-03-26,3.06,3.09,3.06,3.08,983461.02
2021-03-29,3.12,3.16,3.1,3.12,1948624.35
2021-03-30,3.14,3.16,3.12,3.14,1504245.41
2021-03-31,3.13,3.15,3.11,3.15,926788.68
2021-04-01,3.14,3.15,3.11,3.12,1041785.33
2021-04-02,3.15,3.16,3.12,3.14,1426667.7
2021-04-06,3.12,3.12,3.09,3.12,861461.96
2021-04-07,3.12,3.17,3.11,3.17,1438723.3
2021-04-08,3.15,3.18,3.15,3.17,1050331.34
2021-04-09,3.17,3.2,3.15,3.19,1027945.43
2021-04-12,3.19,3.22,3.17,3.19,1088210.02
2021-04-13,3.18,3.19,3.12,3.15,1118954.89
2021-04-14,3.15,3.17,3.13,3.16,822378.61
2021-04-15,3.19,3.2,3.16,3.17,983355.68
2021-04-16,3.18,3.25,3.17,3.23,1621020.75
2021-04-19,3.24,3.25,3.2,3.21,1406781.89
2021-04-20,3.21,3.21,3.18,3.2,822998.42
2021-04-21,3.17,3.17,3.1,3.11,1967580.56
2021-04-22,3.1,3.12,3.07,3.09,1501867.57
2021-04-23,3.09,3.09,3.06,3.07,963751.65
2021-04-26,3.07,3.09,3.05,3.06,984835.22
2021-04-27,3.06,3.07,3.03,3.05,772353.04
2021-04-28,3.06,3.08,3.04,3.08,744586.76
2021-04-29,3.1,3.12,3.09,3.11,1301179.52
2021-04-30,3.09,3.12,3.09,3.11,1124769.76
2021-05-06,3.15,3.19,3.14,3.17,1843268.52
2021-05-07,3.17,3.21,3.16,3.2,1552087.62
2021-05-10,3.21,3.27,3.21,3.27,1959420.68
2021-05-11,3.24,3.25,3.19,3.23,1519539.43
2021-05-12,3.23,3.3,3.23,3.27,1300707.82
2021-05-13,3.25,3.26,3.2,3.22,1130062.35
2021-05-14,3.2,3.22,3.16,3.19,1206430.91
2021-05-17,3.21,3.23,3.2,3.21,1211905.53
2021-05-18,3.23,3.3,3.22,3.29,1934910.54
2021-05-19,3.26,3.26,3.2,3.22,1610158.62
2021-05-20,3.18,3.18,3.15,3.15,1205859.15
2021-05-21,3.15,3.18,3.14,3.17,955738.73
2021-05-24,3.18,3.2,3.17,3.19,868836.73
2021-05-25,3.21,3.23,3.17,3.22,1552689.99
2021-05-26,3.2,3.25,3.2,3.25,1635278.84
2021-05-27,3.23,3.3,3.23,3.25,1651909.24
2021-05-28,3.28,3.29,3.23,3.25,1005408.1
2021-05-31,3.23,3.23,3.18,3.21,1201517.34
2021-06-01,3.21,3.25,3.19,3.25,1415260.91
2021-06-02,3.26,3.28,3.24,3.26,1360728.94
2021-06-03,3.27,3.31,3.27,3.28,1972733.42
2021-06-04,3.27,3.28,3.24,3.26,1168587.8
2021-06-07,3.28,3.3,3.26,3.29,1162409.96
2021-06-08,3.27,3.28,3.23,3.27,1583279.65
2021-06-09,3.28,3.36,3.28,3.34,2477019.31
2021-06-10,3.32,3.36,3.31,3.33,1599830.61
2021-06-11,3.35,3.46,3.34,3.39,2969052.0
2021-06-15,3.41,3.49,3.39,3.4,2681094.8
2021-06-16,3.44,3.47,3.41,3.41,1786828.56
2021-06-17,3.42,3.43,3.35,3.35,1446741.56
2021-06-18,3.33,3.34,3.25,3.26,2092420.76
2021-06-21,3.26,3.28,3.2,3.2,2303996.75
2021-06-22,3.24,3.34,3.23,3.31,2617933.7
2021-06-23,3.31,3.32,3.27,3.32,998097.44
2021-06-24,3.32,3.32,3.28,3.3,1025432.2
2021-06-25,3.31,3.35,3.29,3.3,1510067.31
2021-06-28,3.32,3.34,3.26,3.27,1276117.52
2021-06-29,3.26,3.26,3.23,3.25,1288788.74
2021-06-30,3.26,3.27,3.23,3.26,773087.81
2021-07-01,3.26,3.27,3.23,3.23,765746.93
2021-07-02,3.29,3.3,3.21,3.22,1779461.42
2021-07-05,3.22,3.23,3.18,3.21,1298459.76
2021-07-06,3.23,3.25,3.2,3.23,1180367.19
2021-07-07,3.2,3.2,3.18,3.19,1456786.25
2021-07-08,3.18,3.18,3.14,3.14,1373070.17
2021-07-09,3.14,3.15,3.12,3.14,1120457.06
2021-07-12,3.16,3.17,3.12,3.12,1445761.57
2021-07-13,3.13,3.16,3.12,3.15,1219544.44
2021-07-14,3.15,3.15,3.12,3.12,1050480.25
2021-07-15,3.11,3.12,3.09,3.12,1102632.51
2021-07-16,3.11,3.12,3.09,3.1,1039161.74
2021-07-19,3.1,3.1,3.03,3.04,2007998.73
2021-07-20,3.0,3.06,3.0,3.05,1162858.59
2021-07-21,3.05,3.05,3.01,3.01,993394.23
2021-07-22,3.04,3.06,3.03,3.05,1357301.71
2021-07-23,3.06,3.06,3.03,3.03,953493.4
2021-07-26,3.04,3.04,3.0,3.02,1276031.69
2021-07-27,3.02,3.06,3.0,3.0,1374422.12
2021-07-28,3.0,3.02,2.97,2.97,1607499.57
2021-07-29,2.99,2.99,2.95,2.97,1124295.89
2021-07-30,2.97,3.0,2.95,2.98,897708.35
2021-08-02,2.97,3.0,2.93,2.99,1437528.3
2021-08-03,2.97,2.99,2.96,2.97,1048330.47
2021-08-04,2.97,2.99,2.95,2.99,768436.97
2021-08-05,2.97,3.0,2.96,2.98,860146.08
2021-08-06,2.99,2.99,2.96,2.97,1001671.7
2021-08-09,2.96,2.99,2.95,2.99,894529.01
2021-08-10,2.98,2.99,2.97,2.99,794088.2
2021-08-11,3.0,3.03,2.99,3.02,1247845.97
2021-08-12,3.03,3.03,3.0,3.03,1086653.67
2021-08-13,3.02,3.03,2.98,2.99,1114606.88
2021-08-16,2.99,3.05,2.98,3.05,1872604.13
2021-08-17,3.04,3.08,3.01,3.02,1653900.38
2021-08-18,3.0,3.05,3.0,3.05,1245269.73
2021-08-19,3.02,3.03,2.94,2.95,3029245.58
2021-08-20,2.96,2.97,2.94,2.96,1181171.69
2021-08-23,2.96,2.99,2.96,2.97,1038937.21
2021-08-24,3.0,3.01,2.98,2.99,1064263.16
2021-08-25,3.0,3.03,2.99,3.02,1278705.62
2021-08-26,3.03,3.05,3.02,3.04,1597211.49
2021-08-27,3.03,3.07,3.03,3.06,1600220.64
2021-08-30,3.09,3.13,3.08,3.12,2644773.59
2021-08-31,3.12,3.2,3.09,3.18,2998908.72
2021-09-01,3.19,3.23,3.15,3.19,2866791.81
2021-09-02,3.18,3.23,3.18,3.22,2181017.65
2021-09-03,3.24,3.29,3.23,3.26,2392874.56
2021-09-06,3.26,3.28,3.24,3.26,1726220.9
2021-09-07,3.26,3.35,3.24,3.35,3118489.74
2021-09-08,3.33,3.4,3.32,3.38,2879943.16
2021-09-09,3.4,3.5,3.38,3.47,4123911.83
2021-09-10,3.46,3.49,3.38,3.4,3531258.07
2021-09-13,3.43,3.53,3.43,3.51,3795165.18
2021-09-14,3.51,3.7,3.45,3.47,5957521.96
2021-09-15,3.45,3.59,3.42,3.53,4384629.42
2021-09-16,3.61,3.63,3.46,3.47,4577146.86
2021-09-17,3.46,3.59,3.36,3.47,4431740.93
2021-09-22,3.41,3.64,3.4,3.64,3901602.9
2021-09-23,3.66,3.7,3.57,3.59,3305035.83
2021-09-24,3.61,3.67,3.49,3.51,3106405.84
2021-09-27,3.54,3.59,3.44,3.45,3351668.58
2021-09-28,3.5,3.72,3.47,3.67,5531269.47
2021-09-29,3.58,3.59,3.4,3.45,5365031.33
2021-09-30,3.45,3.47,3.37,3.45,2463166.56
2021-10-08,3.57,3.6,3.49,3.55,3302650.47
2021-10-11,3.57,3.61,3.53,3.57,2429407.48
2021-10-12,3.55,3.6,3.45,3.49,2418624.56
2021-10-13,3.46,3.47,3.32,3.35,3198331.61
2021-10-14,3.35,3.39,3.32,3.36,1294875.3
2021-10-15,3.38,3.42,3.34,3.42,2115251.36
2021-10-18,3.43,3.5,3.4,3.49,2589923.61
2021-10-19,3.46,3.51,3.42,3.5,2091534.2
2021-10-20,3.45,3.48,3.42,3.44,1829372.55
2021-10-21,3.47,3.5,3.44,3.47,1850464.64
2021-10-22,3.44,3.47,3.36,3.37,2173243.25
2021-10-25,3.4,3.49,3.36,3.44,2053363.82
2021-10-26,3.44,3.47,3.41,3.42,1231915.37
2021-10-27,3.42,3.43,3.35,3.37,1668509.62
2021-10-28,3.33,3.33,3.23,3.25,2702235.0
2021-10-29,3.27,3.3,3.24,3.29,1617919.56
2021-11-01,3.28,3.3,3.25,3.26,1443442.85
2021-11-02,3.29,3.29,3.17,3.21,2528706.72
2021-11-03,3.18,3.23,3.17,3.21,1350108.45
2021-11-04,3.19,3.21,3.16,3.2,1400537.8
2021-11-05,3.2,3.2,3.16,3.16,1335981.87
2021-11-08,3.2,3.2,3.16,3.16,1191364.65
2021-11-09,3.17,3.18,3.13,3.13,1545109.03
2021-11-10,3.15,3.16,3.13,3.16,1344865.59
2021-11-11,3.13,3.18,3.13,3.17,1239563.4
2021-11-12,3.17,3.2,3.15,3.18,1075968.81
2021-11-15,3.17,3.18,3.16,3.17,866775.95
2021-11-16,3.18,3.21,3.16,3.18,1080376.54
2021-11-17,3.18,3.19,3.16,3.18,746516.64
2021-11-18,3.17,3.18,3.16,3.16,816346.42
2021-11-19,3.17,3.24,3.16,3.23,1743455.27
2021-11-22,3.2,3.22,3.18,3.2,1347509.95
2021-11-23,3.19,3.21,3.17,3.19,1098575.54
2021-11-24,3.21,3.23,3.19,3.22,1124614.59
2021-11-25,3.2,3.21,3.18,3.19,820377.81
2021-11-26,3.16,3.18,3.16,3.16,795999.47
2021-11-29,3.11,3.15,3.11,3.14,1096271.52
2021-11-30,3.14,3.16,3.12,3.13,1052179.71
2021-12-01,3.13,3.2,3.13,3.2,1290705.59
2021-12-02,3.2,3.27,3.19,3.24,1840364.56
2021-12-03,3.26,3.26,3.2,3.25,1336204.53
2021-12-06,3.25,3.26,3.23,3.23,1151537.26
2021-12-07,3.26,3.28,3.23,3.27,1316081.98
2021-12-08,3.28,3.29,3.26,3.26,1172288.26
2021-12-09,3.27,3.31,3.26,3.3,1622286.94
2021-12-10,3.29,3.3,3.24,3.26,1701081.6
2021-12-13,3.26,3.3,3.26,3.26,980057.8
2021-12-14,3.26,3.26,3.22,3.22,981743.85
2021-12-15,3.21,3.23,3.2,3.21,698625.41
2021-12-16,3.23,3.26,3.22,3.26,1047859.26
2021-12-17,3.26,3.28,3.24,3.25,956028.09
2021-12-20,3.23,3.26,3.23,3.23,870106.42
2021-12-21,3.23,3.26,3.23,3.26,826305.43
2021-12-22,3.27,3.29,3.24,3.25,821394.75
2021-12-23,3.26,3.29,3.25,3.29,1063059.84
2021-12-24,3.29,3.3,3.25,3.26,737795.14
2021-12-27,3.26,3.29,3.25,3.29,1026199.63
2021-12-28,3.3,3.3,3.26,3.28,840632.43
2021-12-29,3.28,3.29,3.26,3.28,647881.33
2021-12-30,3.27,3.28,3.26,3.26,894462.24
2021-12-31,3.26,3.28,3.26,3.27,701214.11
2022-01-04,3.28,3.3,3.26,3.3,1333397.18
2022-01-05,3.3,3.33,3.29,3.31,1497978.18
2022-01-06,3.31,3.33,3.3,3.3,1236493.25
2022-01-07,3.33,3.42,3.31,3.37,2421682.75
2022-01-10,3.35,3.38,3.33,3.36,1751829.04
2022-01-11,3.35,3.37,3.33,3.33,1155524.13
2022-01-12,3.37,3.38,3.33,3.34,1425070.78
2022-01-13,3.37,3.41,3.36,3.38,2553770.92
2022-01-14,3.37,3.37,3.29,3.29,2057784.66
2022-01-17,3.31,3.33,3.26,3.27,1587744.27
2022-01-18,3.28,3.36,3.27,3.36,2237527.7
2022-01-19,3.37,3.38,3.33,3.36,1368532.38
2022-01-20,3.33,3.37,3.32,3.37,1415493.03
2022-01-21,3.33,3.34,3.29,3.32,1742605.23
2022-01-24,3.32,3.33,3.3,3.31,1082558.4
2022-01-25,3.3,3.3,3.23,3.24,1784303.6
2022-01-26,3.26,3.3,3.23,3.29,1513374.01
2022-01-27,3.28,3.3,3.26,3.27,1680697.32
2022-01-28,3.29,3.3,3.23,3.24,1740006.2
2022-02-07,3.29,3.39,3.29,3.37,3458571.72
2022-02-08,3.35,3.43,3.34,3.42,2721791.45
2022-02-09,3.39,3.43,3.39,3.4,1890941.91
2022-02-10,3.41,3.45,3.39,3.44,1783862.42
2022-02-11,3.44,3.57,3.42,3.48,3063294.7
2022-02-14,3.54,3.55,3.41,3.44,3073226.56
2022-02-15,3.41,3.43,3.35,3.37,2076647.12
2022-02-16,3.33,3.38,3.32,3.37,1377404.46
2022-02-17,3.35,3.39,3.34,3.37,1258871.22
2022-02-18,3.35,3.39,3.34,3.39,1047297.77
2022-02-21,3.38,3.39,3.36,3.37,936797.28
2022-02-22,3.4,3.42,3.36,3.4,1938282.63
2022-02-23,3.39,3.4,3.34,3.35,1910244.37
2022-02-24,3.35,3.44,3.33,3.4,4440799.72
2022-02-25,3.35,3.37,3.32,3.33,3364361.5
2022-02-28,3.36,3.37,3.33,3.35,1754879.11
2022-03-01,3.34,3.36,3.31,3.34,1814038.55
2022-03-02,3.37,3.4,3.36,3.37,2792244.99
2022-03-03,3.39,3.45,3.38,3.44,3606816.99
2022-03-04,3.42,3.42,3.37,3.39,2316001.86
2022-03-07,3.43,3.44,3.34,3.37,2625687.17
2022-03-08,3.33,3.34,3.26,3.27,3108735.81
2022-03-09,3.28,3.29,3.13,3.2,2701636.48
2022-03-10,3.2,3.23,3.2,3.21,1458908.09
2022-03-11,3.19,3.23,3.15,3.21,1628449.41
2022-03-14,3.2,3.24,3.18,3.18,1487394.2
2022-03-15,3.17,3.18,3.07,3.08,2873097.8
2022-03-16,3.11,3.15,3.06,3.14,1763103.55
2022-03-17,3.16,3.18,3.13,3.16,1604289.98
2022-03-18,3.17,3.2,3.16,3.2,1527679.63
2022-03-21,3.21,3.21,3.16,3.18,1080184.46
2022-03-22,3.2,3.22,3.18,3.21,1109992.31
2022-03-23,3.2,3.21,3.18,3.2,945223.71
2022-03-24,3.21,3.23,3.2,3.21,1108563.11
2022-03-25,3.2,3.23,3.2,3.22,984085.55
2022-03-28,3.29,3.33,3.26,3.32,2619765.77
2022-03-29,3.3,3.36,3.29,3.35,1526683.01
2022-03-30,3.33,3.35,3.31,3.34,1323369.13
2022-03-31,3.33,3.37,3.33,3.34,1311586.77
2022-04-01,3.34,3.39,3.33,3.38,1592516.87
2022-04-06,3.37,3.41,3.37,3.41,1599425.13
2022-04-07,3.4,3.42,3.37,3.37,1566469.2
2022-04-08,3.38,3.4,3.36,3.39,1124528.86
2022-04-11,3.4,3.4,3.35,3.36,1574232.61
2022-04-12,3.35,3.37,3.32,3.37,1607435.44
2022-04-13,3.37,3.4,3.36,3.37,1601850.39
2022-04-14,3.39,3.41,3.37,3.4,1377461.42
2022-04-15,3.39,3.4,3.37,3.37,1243682.39
2022-04-18,3.36,3.37,3.31,3.32,1346740.58
2022-04-19,3.33,3.39,3.33,3.37,1443304.53
2022-04-20,3.36,3.37,3.32,3.33,1373866.75
2022-04-21,3.33,3.34,3.27,3.28,1510891.39
2022-04-22,3.26,3.36,3.26,3.35,1475352.28
2022-04-25,3.32,3.33,3.24,3.24,2067517.96
2022-04-26,3.25,3.27,3.21,3.21,1768922.94
2022-04-27,3.21,3.26,3.21,3.26,1431037.88
2022-04-28,3.29,3.36,3.28,3.34,2372448.62
2022-04-29,3.34,3.37,3.3,3.36,1777225.87
2022-05-05,3.37,3.4,3.34,3.37,1668325.7
2022-05-06,3.33,3.35,3.3,3.31,1398924.7
2022-05-09,3.31,3.34,3.3,3.33,893352.98
2022-05-10,3.29,3.34,3.26,3.33,1814597.57
2022-05-11,3.33,3.33,3.3,3.32,1226587.87
2022-05-12,3.32,3.33,3.3,3.3,950499.2
2022-05-13,3.32,3.34,3.31,3.33,1208428.16
2022-05-16,3.36,3.36,3.33,3.35,1033991.45
2022-05-17,3.36,3.39,3.35,3.37,1335366.03
2022-05-18,3.37,3.37,3.33,3.33,1236475.54
2022-05-19,3.3,3.33,3.3,3.32,1203475.86
2022-05-20,3.33,3.35,3.32,3.34,1260840.71
2022-05-23,3.36,3.36,3.33,3.33,1213213.37
2022-05-24,3.34,3.36,3.3,3.31,1704154.58
2022-05-25,3.32,3.37,3.31,3.36,1487916.97
2022-05-26,3.37,3.4,3.35,3.39,1882430.63
2022-05-27,3.41,3.44,3.4,3.41,2376004.26
2022-05-30,3.43,3.44,3.38,3.4,1893778.5
2022-05-31,3.4,3.45,3.4,3.45,2107372.24
2022-06-01,3.44,3.44,3.37,3.4,2078296.47
2022-06-02,3.4,3.44,3.38,3.42,1689314.46
2022-06-06,3.44,3.44,3.4,3.44,2229926.02
2022-06-07,3.43,3.49,3.42,3.47,2237644.78
2022-06-08,3.47,3.5,3.45,3.49,2289778.68
2022-06-09,3.49,3.53,3.48,3.5,3577236.08
2022-06-10,3.51,3.52,3.47,3.51,2907292.22
2022-06-13,3.49,3.51,3.44,3.46,2459170.14
2022-06-14,3.45,3.53,3.44,3.52,2350452.73
2022-06-15,3.51,3.53,3.49,3.49,2332237.66
2022-06-16,3.49,3.5,3.43,3.44,2369644.2
2022-06-17,3.43,3.44,3.41,3.42,1730751.65
2022-06-20,3.4,3.4,3.36,3.38,2008906.82
2022-06-21,3.38,3.4,3.37,3.38,1202522.87
2022-06-22,3.39,3.4,3.35,3.35,1654839.11
2022-06-23,3.34,3.38,3.34,3.38,1095676.11
2022-06-24,3.37,3.4,3.36,3.39,1271220.95
2022-06-27,3.38,3.41,3.37,3.41,1109505.17
2022-06-28,3.41,3.41,3.39,3.41,758557.5
2022-06-29,3.41,3.42,3.4,3.41,849862.16
2022-06-30,3.4,3.41,3.39,3.39,762455.97
2022-07-01,3.39,3.4,3.37,3.39,680315.48
2022-07-04,3.4,3.41,3.39,3.41,644140.32
2022-07-05,3.41,3.43,3.4,3.42,1088627.96
2022-07-06,3.4,3.41,3.37,3.38,1029225.44
2022-07-07,3.38,3.39,3.37,3.37,665313.46
2022-07-08,3.39,3.4,3.38,3.39,512911.27
2022-07-11,3.39,3.4,3.38,3.39,682866.97
2022-07-12,3.39,3.41,3.38,3.4,591102.12
2022-07-13,3.39,3.4,3.37,3.38,818865.75
2022-07-14,3.38,3.39,3.36,3.37,722888.69
2022-07-15,3.37,3.37,3.34,3.34,964025.1
2022-07-18,3.36,3.41,3.35,3.41,1020625.16
2022-07-19,3.41,3.42,3.4,3.41,761160.43
2022-07-20,3.42,3.43,3.41,3.41,674476.68
2022-07-21,3.41,3.42,3.39,3.4,904766.55
2022-07-22,3.4,3.42,3.39,3.41,672384.19
2022-07-25,3.41,3.41,3.4,3.41,523361.38
2022-07-26,3.41,3.43,3.41,3.42,753846.17
2022-07-27,3.42,3.43,3.41,3.41,579864.17
2022-07-28,3.42,3.43,3.41,3.42,684814.26
2022-07-29,3.43,3.46,3.41,3.41,1064979.03
2022-08-01,3.42,3.43,3.41,3.41,837881.49
2022-08-02,3.4,3.41,3.36,3.39,1462180.4
2022-08-03,3.38,3.41,3.37,3.37,672144.51
2022-08-04,3.38,3.39,3.36,3.38,680477.25
2022-08-05,3.38,3.4,3.36,3.39,584449.34
2022-08-08,3.39,3.41,3.38,3.41,598816.7
2022-08-09,3.41,3.42,3.4,3.41,608936.59
2022-08-10,3.41,3.43,3.4,3.41,603792.13
2022-08-11,3.43,3.44,3.42,3.44,709412.97
2022-08-12,3.44,3.46,3.44,3.45,968614.79
2022-08-15,3.43,3.45,3.41,3.44,886459.69
2022-08-16,3.43,3.43,3.41,3.42,542103.81
2022-08-17,3.43,3.45,3.42,3.45,601946.26
2022-08-18,3.45,3.46,3.42,3.43,621091.66
2022-08-19,3.43,3.46,3.42,3.44,953036.41
2022-08-22,3.44,3.47,3.44,3.46,1005291.17
2022-08-23,3.46,3.49,3.46,3.48,1056101.55
2022-08-24,3.5,3.51,3.46,3.46,1093718.96
2022-08-25,3.46,3.51,3.46,3.51,1416910.25
2022-08-26,3.53,3.55,3.5,3.53,1677212.61
2022-08-29,3.55,3.57,3.52,3.54,1895440.74
2022-08-30,3.55,3.58,3.52,3.56,1789074.93
2022-08-31,3.55,3.56,3.51,3.55,1856837.53
2022-09-01,3.52,3.55,3.51,3.51,1072290.9
2022-09-02,3.51,3.54,3.51,3.54,983055.93
2022-09-05,3.54,3.61,3.54,3.6,1958041.65
2022-09-06,3.61,3.67,3.6,3.66,2108325.46
2022-09-07,3.65,3.67,3.64,3.66,1178983.86
2022-09-08,3.65,3.7,3.62,3.66,1645932.46
2022-09-09,3.66,3.7,3.65,3.7,1359706.69
2022-09-13,3.72,3.73,3.66,3.68,1669100.15
2022-09-14,3.65,3.67,3.62,3.64,1417269.85
2022-09-15,3.65,3.69,3.63,3.65,1504195.31
2022-09-16,3.64,3.65,3.57,3.57,1846935.46
2022-09-19,3.59,3.63,3.56,3.61,1518603.13
2022-09-20,3.65,3.68,3.62,3.64,1176377.77
2022-09-21,3.63,3.68,3.61,3.67,1098202.65
2022-09-22,3.68,3.8,3.68,3.79,2420711.4
2022-09-23,3.8,3.93,3.79,3.86,2546476.26
2022-09-26,3.8,3.8,3.68,3.68,2539002.39
2022-09-27,3.68,3.71,3.63,3.69,1589327.21
2022-09-28,3.7,3.73,3.67,3.67,915991.03
2022-09-29,3.71,3.74,3.65,3.68,1123902.5
2022-09-30,3.68,3.71,3.67,3.7,933356.45
2022-10-10,3.75,3.79,3.73,3.74,1764757.14
2022-10-11,3.74,3.76,3.71,3.73,1202768.25
2022-10-12,3.72,3.75,3.71,3.74,1051063.26
2022-10-13,3.74,3.75,3.67,3.69,1461501.55
2022-10-14,3.72,3.75,3.71,3.74,1102842.45
2022-10-17,3.72,3.73,3.68,3.7,1148873.75
2022-10-18,3.71,3.72,3.69,3.7,814212.27
2022-10-19,3.69,3.71,3.67,3.68,1025668.83
2022-10-20,3.67,3.69,3.67,3.68,795890.42
2022-10-21,3.68,3.75,3.68,3.74,1520430.71
2022-10-24,3.75,3.76,3.68,3.74,1991674.66
2022-10-25,3.74,3.74,3.69,3.69,1150396.06
2022-10-26,3.69,3.71,3.65,3.65,1359326.29
2022-10-27,3.66,3.71,3.66,3.69,1165764.58
2022-10-28,3.7,3.74,3.68,3.69,1310609.34
2022-10-31,3.62,3.63,3.5,3.51,3178999.68
2022-11-01,3.5,3.55,3.49,3.55,1656145.22
2022-11-02,3.55,3.56,3.52,3.55,1095740.95
2022-11-03,3.54,3.65,3.53,3.62,1713708.61
2022-11-04,3.62,3.68,3.61,3.65,1021387.03
2022-11-07,3.66,3.7,3.63,3.68,908541.55
2022-11-08,3.68,3.7,3.67,3.69,577956.15
2022-11-09,3.68,3.71,3.67,3.69,643665.95
2022-11-10,3.68,3.68,3.61,3.67,877488.29
2022-11-11,3.7,3.72,3.67,3.7,1226407.89
2022-11-14,3.72,3.74,3.69,3.7,963147.29
2022-11-15,3.68,3.7,3.67,3.69,856701.62
2022-11-16,3.68,3.73,3.68,3.71,934924.23
2022-11-17,3.7,3.74,3.69,3.72,729499.87
2022-11-18,3.71,3.72,3.67,3.67,913591.9
2022-11-21,3.66,3.67,3.64,3.66,770341.04
2022-11-22,3.67,3.75,3.66,3.73,1625264.7
2022-11-23,3.74,3.82,3.74,3.8,2117812.74
2022-11-24,3.78,3.8,3.77,3.78,1093756.03
2022-11-25,3.8,3.88,3.79,3.87,2971230.32
2022-11-28,3.84,3.86,3.77,3.84,1602595.25
2022-11-29,3.84,3.87,3.81,3.87,1388411.12
2022-11-30,3.86,3.91,3.86,3.91,1350585.35
2022-12-01,3.93,3.93,3.88,3.89,1199462.4
2022-12-02,3.91,3.92,3.87,3.88,920769.64
2022-12-05,3.9,4.01,3.9,3.99,1836681.37
2022-12-06,3.98,4.02,3.95,4.01,1580772.82
2022-12-07,4.0,4.01,3.94,3.96,1154775.55
2022-12-08,3.96,3.99,3.87,3.91,1246757.78
2022-12-09,3.91,3.93,3.87,3.89,1143880.75
2022-12-12,3.91,3.93,3.85,3.87,985286.9
2022-12-13,3.87,3.88,3.86,3.87,999696.26
2022-12-14,3.87,3.88,3.82,3.85,773005.98
2022-12-15,3.85,3.85,3.8,3.81,733038.49
2022-12-16,3.8,3.86,3.79,3.84,723231.14
2022-12-19,3.82,3.83,3.74,3.75,1146146.79
2022-12-20,3.75,3.8,3.74,3.74,809550.87
2022-12-21,3.75,3.79,3.73,3.76,894751.29
2022-12-22,3.79,3.8,3.74,3.76,807657.89
2022-12-23,3.75,3.77,3.74,3.74,554635.2
2022-12-26,3.76,3.77,3.71,3.72,778383.0
2022-12-27,3.74,3.78,3.73,3.77,775437.12
2022-12-28,3.76,3.83,3.75,3.81,847374.94
2022-12-29,3.8,3.8,3.74,3.74,852136.26
2022-12-30,3.77,3.78,3.75,3.76,616723.95
2023-01-03,3.78,3.8,3.75,3.8,854766.73
2023-01-04,3.79,3.82,3.77,3.8,848982.11
2023-01-05,3.8,3.82,3.78,3.79,864071.62
2023-01-06,3.79,3.8,3.74,3.78,1072045.2
2023-01-09,3.78,3.8,3.77,3.78,642953.65
2023-01-10,3.78,3.79,3.76,3.77,540145.63
2023-01-11,3.77,3.82,3.76,3.8,973707.33
2023-01-12,3.82,3.84,3.8,3.83,639177.25
2023-01-13,3.84,3.87,3.81,3.84,817315.41
2023-01-16,3.84,3.87,3.81,3.86,1057240.25
2023-01-17,3.86,3.87,3.8,3.84,1104303.63
2023-01-18,3.84,3.87,3.83,3.86,718732.59
2023-01-19,3.85,3.88,3.84,3.87,737449.47
2023-01-20,3.89,3.96,3.87,3.92,1126380.99
2023-01-30,3.94,3.96,3.89,3.9,1357567.87
2023-01-31,3.91,3.93,3.89,3.9,841420.39
2023-02-01,3.91,3.92,3.87,3.9,1101859.14
2023-02-02,3.9,3.93,3.87,3.9,1056534.41
2023-02-03,3.89,3.9,3.86,3.86,851928.89
2023-02-06,3.85,3.88,3.84,3.87,660976.13
2023-02-07,3.87,3.9,3.87,3.88,588482.24
2023-02-08,3.9,3.93,3.88,3.89,681573.37
2023-02-09,3.89,3.9,3.87,3.89,531358.95
2023-02-10,3.88,3.89,3.87,3.88,637737.13
2023-02-13,3.88,3.89,3.86,3.87,831190.53
2023-02-14,3.87,3.9,3.87,3.89,651085.51
2023-02-15,3.89,3.9,3.87,3.89,591220.94
2023-02-16,3.9,3.95,3.88,3.89,1363118.75
2023-02-17,3.89,3.93,3.89,3.9,739612.4
2023-02-20,3.91,3.99,3.91,3.99,1522108.28
2023-02-21,3.99,4.07,3.99,4.05,1581438.03
2023-02-22,4.04,4.05,4.01,4.01,877377.12
2023-02-23,4.03,4.04,3.99,4.01,973960.85
2023-02-24,4.02,4.03,3.98,3.99,759940.11
2023-02-27,3.99,4.01,3.97,3.98,723730.69
2023-02-28,3.98,4.04,3.98,4.02,1120126.66
2023-03-01,4.02,4.11,4.02,4.1,1613133.62
2023-03-02,4.1,4.24,4.08,4.18,2100634.05
2023-03-03,4.19,4.37,4.18,4.33,3669847.15
2023-03-06,4.36,4.43,4.33,4.4,2427148.43
2023-03-07,4.4,4.7,4.4,4.54,5007991.74
2023-03-08,4.47,4.61,4.41,4.58,2948454.95
2023-03-09,4.58,4.7,4.56,4.58,2469225.68
2023-03-10,4.55,4.6,4.47,4.49,2226982.42
2023-03-13,4.49,4.8,4.49,4.77,4025800.72
2023-03-14,4.75,4.84,4.7,4.76,2813652.79
2023-03-15,4.75,4.81,4.63,4.77,2584170.51
2023-03-16,4.72,4.78,4.68,4.7,1932922.92
2023-03-17,4.73,4.98,4.72,4.9,3516338.75
2023-03-20,4.9,5.12,4.84,4.88,3852278.23
2023-03-21,4.89,4.93,4.72,4.81,2557397.94
2023-03-22,4.81,4.92,4.79,4.87,1816053.96
2023-03-23,4.86,4.93,4.83,4.92,1456595.28
2023-03-24,4.9,4.9,4.73,4.76,2816560.8
2023-03-27,4.62,4.68,4.49,4.62,4328984.49
2023-03-28,4.7,4.85,4.7,4.8,3601091.35
2023-03-29,4.83,4.83,4.69,4.72,1882762.97
2023-03-30,4.73,4.91,4.71,4.83,2063652.99
2023-03-31,4.83,4.87,4.77,4.85,1508415.2
2023-04-03,4.92,4.98,4.76,4.8,2351272.19
2023-04-04,4.82,5.02,4.77,5.0,2945180.73
2023-04-06,4.98,5.04,4.91,5.01,1672913.03
2023-04-07,5.01,5.01,4.87,4.93,1865126.64
2023-04-10,4.93,5.14,4.93,5.08,2516584.64
2023-04-11,5.06,5.19,5.03,5.18,2536340.13
2023-04-12,5.21,5.38,5.2,5.31,2588502.11
2023-04-13,5.35,5.46,5.22,5.24,2977372.65
2023-04-14,5.26,5.32,5.19,5.26,1536360.72
2023-04-17,5.25,5.5,5.22,5.48,3160331.34
2023-04-18,5.46,5.48,5.37,5.46,1604743.9
2023-04-19,5.44,5.52,5.4,5.42,1384811.82
2023-04-20,5.39,5.5,5.35,5.47,1947887.52
2023-04-21,5.46,5.58,5.37,5.39,1988863.1
2023-04-24,5.44,5.56,5.4,5.45,2860373.58
2023-04-25,5.48,5.67,5.46,5.63,3018251.01
2023-04-26,5.58,5.65,5.5,5.62,2315370.28
2023-04-27,5.55,5.74,5.51,5.69,1771426.51
2023-04-28,5.64,5.81,5.56,5.79,2244374.52
2023-05-04,5.66,5.83,5.52,5.79,2266938.79
2023-05-05,5.77,5.81,5.61,5.69,1812240.05
2023-05-08,5.71,5.98,5.71,5.94,2364403.57
2023-05-09,5.94,6.03,5.86,5.88,2292489.98
2023-05-10,5.88,5.88,5.5,5.58,3636941.05
2023-05-11,5.57,5.61,5.44,5.46,2028827.71
2023-05-12,5.46,5.58,5.37,5.47,1959787.34
2023-05-15,5.46,5.51,5.34,5.5,1914030.76
2023-05-16,5.51,5.67,5.47,5.53,1463457.45
2023-05-17,5.5,5.57,5.35,5.56,1823058.82
2023-05-18,5.56,5.76,5.55,5.69,2146622.06
2023-05-19,5.69,5.73,5.5,5.53,1382522.73
2023-05-22,5.47,5.56,5.4,5.45,1455049.83
2023-05-23,5.48,5.54,5.37,5.37,1297406.52
2023-05-24,5.35,5.37,5.23,5.25,1928434.91
2023-05-25,5.21,5.27,5.14,5.25,2259865.96
2023-05-26,5.21,5.4,5.21,5.33,1090969.96
2023-05-29,5.37,5.65,5.36,5.62,2417048.18
2023-05-30,5.62,5.69,5.5,5.56,1481841.93
2023-05-31,5.51,5.56,5.44,5.49,1572003.5
2023-06-01,5.49,5.72,5.44,5.6,1749036.16
2023-06-02,5.63,5.69,5.58,5.6,1097858.85
2023-06-05,5.63,5.76,5.6,5.67,1315951.73
2023-06-06,5.65,5.75,5.56,5.65,1070813.08
2023-06-07,5.64,5.69,5.59,5.64,842018.45
2023-06-08,5.68,5.8,5.58,5.75,1363848.25
2023-06-09,5.74,5.85,5.69,5.85,2107820.76
2023-06-12,5.82,5.94,5.67,5.71,1932819.37
2023-06-13,5.69,5.71,5.53,5.67,1478832.55
2023-06-14,5.75,5.79,5.68,5.68,1059740.65
2023-06-15,5.68,5.7,5.57,5.62,1046782.14
2023-06-16,5.64,5.73,5.61,5.62,1420815.28
2023-06-19,5.62,5.63,5.5,5.59,1495037.06
2023-06-20,5.6,5.61,5.43,5.45,1788767.79
2023-06-21,5.46,5.59,5.44,5.52,1393920.67
2023-06-26,5.47,5.51,5.38,5.4,1365772.88
2023-06-27,5.42,5.59,5.33,5.53,1422022.48
2023-06-28,5.51,5.62,5.5,5.62,893070.85
2023-06-29,5.62,5.71,5.56,5.6,1004634.81
2023-06-30,5.6,5.68,5.57,5.66,695205.89
2023-07-03,5.67,5.83,5.66,5.81,1181210.8
2023-07-04,5.78,5.87,5.75,5.78,818193.15
2023-07-05,5.78,5.83,5.7,5.76,565034.39
2023-07-06,5.75,5.79,5.71,5.77,613126.14
2023-07-07,5.76,5.87,5.73,5.83,857620.56
2023-07-10,5.85,5.87,5.7,5.73,838838.42
2023-07-11,5.77,5.81,5.7,5.74,546897.93
2023-07-12,5.78,5.84,5.75,5.76,739567.02
2023-07-13,5.77,5.92,5.75,5.92,1140721.44
2023-07-14,5.92,5.99,5.88,5.92,783657.34
2023-07-17,5.89,5.94,5.76,5.84,636782.11
2023-07-18,5.86,5.86,5.74,5.77,548168.03
2023-07-19,5.78,5.85,5.76,5.81,598110.18
2023-07-20,5.79,5.83,5.67,5.67,837051.65
2023-07-21,5.67,5.7,5.63,5.66,557262.15
2023-07-24,5.62,5.71,5.58,5.66,517697.43
2023-07-25,5.72,5.75,5.66,5.75,917060.3
2023-07-26,5.74,5.77,5.54,5.58,1107723.99
2023-07-27,5.59,5.64,5.51,5.54,1057196.09
2023-07-28,5.52,5.58,5.46,5.57,1322140.79
2023-07-31,5.57,5.67,5.49,5.51,1582259.03
2023-08-01,5.53,5.58,5.51,5.58,1260107.29
2023-08-02,5.57,5.57,5.32,5.36,2413359.17
2023-08-03,5.35,5.39,5.27,5.33,1661874.82
2023-08-04,5.35,5.46,5.35,5.38,1450960.78
2023-08-07,5.38,5.49,5.35,5.45,1188716.55
2023-08-08,5.44,5.51,5.4,5.47,882691.73
2023-08-09,5.46,5.47,5.4,5.45,788750.85
2023-08-10,5.47,5.54,5.45,5.51,937642.18
2023-08-11,5.51,5.53,5.4,5.41,956601.75
2023-08-14,5.37,5.44,5.34,5.43,742983.48
2023-08-15,5.43,5.56,5.4,5.49,1204746.78
2023-08-16,5.49,5.49,5.36,5.4,1010081.06
2023-08-17,5.38,5.44,5.34,5.44,770504.27
2023-08-18,5.43,5.49,5.4,5.4,716164.16
2023-08-21,5.42,5.43,5.35,5.37,989756.8
2023-08-22,5.38,5.54,5.36,5.51,1313242.56
2023-08-23,5.51,5.57,5.5,5.51,844258.73
2023-08-24,5.51,5.57,5.44,5.46,1023097.05
2023-08-25,5.48,5.53,5.45,5.48,832877.83
2023-08-28,5.66,5.7,5.48,5.51,1721761.58
2023-08-29,5.51,5.57,5.42,5.43,1584608.02
2023-08-30,5.44,5.49,5.41,5.41,1152845.07
2023-08-31,5.43,5.45,5.38,5.4,888445.08
2023-09-01,5.42,5.44,5.39,5.43,874586.72
2023-09-04,5.48,5.64,5.46,5.6,2017151.56
2023-09-05,5.59,5.67,5.55,5.64,1067586.86
2023-09-06,5.65,5.67,5.56,5.61,1030565.26
2023-09-07,5.61,5.69,5.6,5.61,1233213.44
2023-09-08,5.6,5.61,5.53,5.54,639867.71
2023-09-11,5.55,5.63,5.54,5.57,1068109.55
2023-09-12,5.56,5.59,5.47,5.58,1141085.98
2023-09-13,5.58,5.65,5.56,5.59,1259144.53
2023-09-14,5.59,5.67,5.59,5.63,1605922.27
2023-09-15,5.67,5.73,5.53,5.54,2454832.64
2023-09-18,5.54,5.56,5.43,5.47,1740236.69
2023-09-19,5.48,5.61,5.46,5.59,1787566.66
2023-09-20,5.59,5.61,5.51,5.58,827289.54
2023-09-21,5.59,5.66,5.56,5.57,1130675.83
2023-09-22,5.61,5.69,5.58,5.68,1704991.03
2023-09-25,5.71,5.71,5.57,5.58,1126951.2
2023-09-26,5.58,5.62,5.56,5.56,837745.27
2023-09-27,5.58,5.65,5.57,5.6,955237.64
2023-09-28,5.65,5.66,5.52,5.52,1315326.24
2023-10-09,5.48,5.55,5.34,5.51,1894202.68
2023-10-10,5.54,5.55,5.38,5.39,1305517.7
2023-10-11,5.42,5.42,5.25,5.28,1712529.62
2023-10-12,5.29,5.32,5.21,5.29,1131055.04
2023-10-13,5.28,5.34,5.23,5.32,1009107.31
2023-10-16,5.35,5.41,5.3,5.33,1151281.02
2023-10-17,5.33,5.38,5.29,5.38,982429.17
2023-10-18,5.39,5.41,5.35,5.37,992642.66
2023-10-19,5.35,5.35,5.24,5.25,1080748.24
2023-10-20,5.25,5.26,5.17,5.18,1044869.6
2023-10-23,5.15,5.2,5.01,5.07,1416605.72
2023-10-24,5.06,5.16,5.05,5.1,1170847.99
2023-10-25,5.12,5.14,4.97,4.98,1780536.41
2023-10-26,4.97,5.07,4.96,5.06,1174675.08
2023-10-27,5.07,5.17,5.05,5.09,1468657.98
2023-10-30,5.09,5.1,4.88,4.9,1984389.8
2023-10-31,4.9,4.99,4.87,4.97,1504439.71
2023-11-01,4.96,5.01,4.9,4.97,1218431.62
2023-11-02,4.99,5.08,4.97,5.03,1503952.65
2023-11-03,5.04,5.1,4.99,5.01,1219224.79
2023-11-06,5.01,5.03,4.85,4.88,2145553.31
2023-11-07,4.87,4.9,4.84,4.88,1018257.52
2023-11-08,4.85,4.85,4.81,4.83,963254.34
2023-11-09,4.81,4.94,4.8,4.91,1599753.81
2023-11-10,4.9,4.96,4.85,4.92,1044591.9
2023-11-13,4.94,5.01,4.9,4.99,1121722.48
2023-11-14,5.0,5.03,4.92,4.95,910430.51
2023-11-15,4.97,5.04,4.97,5.03,986162.77
2023-11-16,5.01,5.08,4.98,4.98,737949.71
2023-11-17,4.96,4.98,4.91,4.95,782057.84
2023-11-20,4.97,5.02,4.95,4.99,802916.21
2023-11-21,5.02,5.06,4.99,5.0,860096.81
2023-11-22,5.0,5.04,4.97,4.97,548166.33
2023-11-23,4.97,4.99,4.96,4.97,482024.25
2023-11-24,4.97,5.02,4.97,4.98,597022.19
2023-11-27,4.97,4.97,4.9,4.95,955810.61
2023-11-28,4.95,4.97,4.91,4.97,682953.13
2023-11-29,4.97,4.97,4.89,4.91,827670.87
2023-11-30,4.93,4.98,4.91,4.97,1031357.93
2023-12-01,4.96,4.98,4.88,4.95,1123810.7
2023-12-04,4.95,5.03,4.94,4.98,1219333.32
2023-12-05,4.97,4.99,4.88,4.89,1055613.04
2023-12-06,4.89,4.93,4.79,4.9,1512223.88
2023-12-07,4.87,4.88,4.8,4.87,1304550.8
2023-12-08,4.88,4.97,4.86,4.97,2421246.16
2023-12-11,4.95,4.96,4.77,4.87,2567463.75
2023-12-12,4.85,4.93,4.82,4.92,1427174.24
2023-12-13,4.88,4.92,4.83,4.84,960268.38
2023-12-14,4.87,4.87,4.81,4.81,844477.9
2023-12-15,4.83,4.86,4.77,4.77,1240246.7
2023-12-18,4.77,4.87,4.75,4.81,994543.25
2023-12-19,4.81,4.82,4.74,4.81,1012538.25
2023-12-20,4.8,4.86,4.78,4.8,986199.83
2023-12-21,4.78,4.81,4.75,4.77,1242560.94
2023-12-22,4.77,4.87,4.76,4.87,1780285.75
2023-12-25,4.87,4.92,4.84,4.9,779692.13
2023-12-26,4.91,4.94,4.89,4.91,658635.45
2023-12-27,4.92,5.05,4.89,5.02,1356068.57
2023-12-28,5.02,5.07,4.96,4.97,1277122.31
2023-12-29,4.97,5.09,4.94,5.07,1486294.86
2024-01-02,5.07,5.14,5.06,5.11,1462200.62
2024-01-03,5.08,5.19,5.08,5.19,1286038.66
2024-01-04,5.19,5.26,5.13,5.18,1514610.64
2024-01-05,5.16,5.2,5.08,5.11,1547802.8
2024-01-08,5.11,5.15,5.05,5.07,1237046.06
2024-01-09,5.04,5.09,5.0,5.07,1219919.79
2024-01-10,5.07,5.1,4.99,5.0,1064623.56
2024-01-11,4.98,4.99,4.87,4.87,1619463.0
2024-01-12,4.87,4.91,4.85,4.88,1036071.51
2024-01-15,4.87,4.94,4.85,4.93,1009759.2
2024-01-16,4.93,4.97,4.89,4.94,991652.13
2024-01-17,4.93,4.96,4.87,4.87,1110099.58
2024-01-18,4.89,4.89,4.68,4.83,2538853.67
2024-01-19,4.81,4.89,4.77,4.87,1688146.89
2024-01-22,4.86,4.9,4.77,4.81,1820164.22
2024-01-23,4.81,4.83,4.7,4.8,1555399.28
2024-01-24,4.8,4.97,4.8,4.97,1725658.93
2024-01-25,5.0,5.36,4.98,5.36,2931260.73
2024-01-26,5.34,5.34,5.18,5.29,2732919.93
2024-01-29,5.27,5.57,5.25,5.39,3018662.8
2024-01-30,5.36,5.49,5.35,5.39,2138988.89
2024-01-31,5.37,5.48,5.35,5.42,1792302.96
2024-02-01,5.38,5.41,5.3,5.32,1943210.81
2024-02-02,5.32,5.45,5.3,5.36,2265003.48
2024-02-05,5.37,5.5,5.37,5.48,2567600.26
2024-02-06,5.47,5.54,5.38,5.43,2361090.93
2024-02-07,5.43,5.5,5.33,5.48,2444968.96
2024-02-08,5.46,5.5,5.38,5.45,1807676.21
2024-02-19,5.47,5.75,5.45,5.71,2459521.0
2024-02-20,5.71,5.77,5.67,5.68,1401675.51
2024-02-21,5.68,5.82,5.65,5.68,2162015.82
2024-02-22,5.68,5.87,5.67,5.84,1854653.0
2024-02-23,5.84,5.88,5.76,5.79,1883536.09
2024-02-26,5.78,5.85,5.68,5.69,1333628.37
2024-02-27,5.68,5.75,5.65,5.68,1231834.16
2024-02-28,5.68,5.71,5.58,5.63,1526878.61
2024-02-29,5.62,5.68,5.6,5.68,1084422.6
2024-03-01,5.66,5.68,5.6,5.64,1100804.55
2024-03-04,5.64,5.8,5.63,5.77,1812601.45
2024-03-05,5.74,5.84,5.71,5.81,1432402.39
2024-03-06,5.81,5.88,5.77,5.8,1130722.46
2024-03-07,5.8,5.9,5.78,5.85,1199081.08
2024-03-08,5.83,5.88,5.77,5.88,1140591.85
2024-03-11,5.85,5.85,5.71,5.78,1579156.51
2024-03-12,5.77,5.77,5.57,5.58,1961484.2
2024-03-13,5.56,5.61,5.51,5.59,1162911.32
2024-03-14,5.61,5.69,5.58,5.66,1245305.1
2024-03-15,5.67,5.71,5.58,5.64,996677.67
2024-03-18,5.65,5.68,5.6,5.64,950814.26
2024-03-19,5.65,5.69,5.58,5.59,1279274.92
2024-03-20,5.59,5.71,5.54,5.68,1154947.96
2024-03-21,5.68,5.73,5.64,5.68,709217.84
2024-03-22,5.67,5.69,5.58,5.64,981003.69
2024-03-25,5.61,5.73,5.6,5.67,1530083.28
2024-03-26,5.67,5.7,5.6,5.64,1222146.97
2024-03-27,5.62,5.69,5.61,5.66,916301.18
2024-03-28,5.64,5.68,5.59,5.66,1035839.08
2024-03-29,5.65,5.86,5.65,5.81,1877796.47
2024-04-01,5.81,5.82,5.72,5.78,1265608.18
2024-04-02,5.78,5.94,5.77,5.88,1677288.34
2024-04-03,5.89,5.96,5.85,5.91,1500045.2
2024-04-08,5.87,6.02,5.81,5.92,1689266.52
2024-04-09,5.96,5.97,5.73,5.76,1729792.48
2024-04-10,5.76,5.85,5.74,5.78,1150772.41
2024-04-11,5.78,5.86,5.75,5.8,1023434.04
2024-04-12,5.79,5.84,5.78,5.8,1075974.84
2024-04-15,5.81,6.07,5.79,6.05,2184443.68
2024-04-16,6.01,6.17,5.97,6.08,2233855.37
2024-04-17,6.04,6.05,5.89,6.04,1910952.42
2024-04-18,5.97,6.04,5.91,5.95,1657028.64
2024-04-19,5.94,6.16,5.94,6.07,2482664.16
2024-04-22,6.03,6.16,5.89,5.91,2203171.88
2024-04-23,5.91,5.94,5.78,5.84,1458524.35
2024-04-24,5.89,5.93,5.84,5.9,960567.57
2024-04-25,5.9,5.96,5.87,5.95,784234.11
2024-04-26,5.96,6.04,5.93,5.95,1439693.22
2024-04-29,5.91,5.92,5.68,5.69,3201876.0
2024-04-30,5.69,5.84,5.68,5.78,2080239.85
2024-05-06,5.77,5.78,5.66,5.75,1786079.31
2024-05-07,5.74,5.8,5.72,5.79,1239663.17
2024-05-08,5.78,5.89,5.77,5.84,1261757.77
2024-05-09,5.86,5.88,5.8,5.81,1215133.39
2024-05-10,5.82,5.86,5.8,5.82,1255491.35
2024-05-13,5.82,5.86,5.78,5.81,1116371.47
2024-05-14,5.81,5.83,5.77,5.79,875018.2
2024-05-15,5.78,5.8,5.75,5.76,602487.52
2024-05-16,5.77,5.78,5.68,5.73,1072955.15
2024-05-17,5.73,5.77,5.69,5.77,943753.16
2024-05-20,5.76,5.87,5.74,5.83,1442695.92
2024-05-21,5.8,5.81,5.77,5.78,911060.74
2024-05-22,5.78,5.84,5.77,5.83,1087084.06
2024-05-23,5.82,5.83,5.75,5.79,1019022.75
2024-05-24,5.78,5.88,5.75,5.84,1456191.52
2024-05-27,5.84,5.98,5.84,5.92,1286336.31
2024-05-28,5.93,6.06,5.92,5.99,1240420.57
2024-05-29,5.98,6.06,5.96,6.02,977361.81
2024-05-30,6.0,6.06,5.93,5.95,1024792.48
2024-05-31,5.96,5.98,5.87,5.87,1049962.12
2024-06-03,5.82,5.9,5.78,5.82,1174525.8
2024-06-04,5.78,5.82,5.74,5.76,1248043.02
2024-06-05,5.77,5.79,5.68,5.69,1173146.28
2024-06-06,5.71,5.8,5.69,5.76,1496177.17
2024-06-07,5.78,5.79,5.69,5.72,1227021.98
2024-06-11,5.74,5.78,5.6,5.62,1911922.53
2024-06-12,5.62,5.68,5.58,5.66,1400890.59
2024-06-13,5.67,5.68,5.57,5.58,1533595.22
2024-06-14,5.58,5.6,5.53,5.59,2875434.36
2024-06-17,5.55,5.56,5.44,5.45,2352395.52
2024-06-18,5.47,5.49,5.39,5.48,1277106.91
2024-06-19,5.48,5.58,5.48,5.52,1631121.09
2024-06-20,5.53,5.62,5.52,5.61,1718585.94
2024-06-21,5.6,5.64,5.54,5.58,1694915.27
2024-06-24,5.61,5.62,5.54,5.58,1257806.5
2024-06-25,5.6,5.64,5.55,5.56,1365358.52
2024-06-26,5.57,5.61,5.52,5.59,1226734.54
2024-06-27,5.58,5.63,5.57,5.6,1207809.78
2024-06-28,5.64,5.76,5.59,5.75,1936024.35
2024-07-01,5.73,5.84,5.72,5.81,1429362.41
2024-07-02,5.84,5.9,5.81,5.87,1578910.76
2024-07-03,5.87,5.89,5.81,5.85,1269839.95
2024-07-04,5.87,5.94,5.85,5.92,1477757.17
2024-07-05,5.92,5.96,5.81,5.85,1594383.78
2024-07-08,5.84,5.93,5.82,5.91,1409403.07
2024-07-09,5.92,5.98,5.87,5.95,1395908.15
2024-07-10,5.93,5.99,5.83,5.84,1385006.12
2024-07-11,5.87,5.88,5.79,5.84,1411928.3
2024-07-12,5.85,5.91,5.81,5.82,1340902.33
2024-07-15,5.82,5.98,5.79,5.96,1695505.8
2024-07-16,5.99,6.1,5.96,6.09,1438312.1
2024-07-17,6.08,6.12,6.0,6.03,1351389.07
2024-07-18,6.06,6.14,6.05,6.12,1563776.23
2024-07-19,6.12,6.15,6.0,6.1,1661916.71
2024-07-22,6.07,6.09,5.91,6.02,1465841.13
2024-07-23,6.01,6.08,5.99,6.03,1354140.42
2024-07-24,6.01,6.29,6.0,6.25,2282936.97
2024-07-25,6.26,6.28,6.15,6.24,1946576.45
2024-07-26,6.23,6.26,6.12,6.17,1476210.97
2024-07-29,6.17,6.29,6.14,6.29,1352071.51
2024-07-30,6.26,6.27,6.03,6.07,1517691.5
2024-07-31,6.07,6.12,5.97,6.09,2119442.79
2024-08-01,6.08,6.21,6.06,6.15,1317825.42
2024-08-02,6.13,6.2,6.06,6.18,970737.58
2024-08-05,6.14,6.14,5.99,6.04,1466163.18
2024-08-06,6.06,6.1,6.0,6.04,954960.76
2024-08-07,6.03,6.19,6.01,6.12,1093759.11
2024-08-08,6.14,6.18,6.09,6.1,620276.18
2024-08-09,6.1,6.17,6.09,6.15,668835.66
2024-08-12,6.15,6.24,6.13,6.16,995847.0
2024-08-13,6.16,6.27,6.15,6.23,932512.31
2024-08-14,6.22,6.26,6.18,6.24,589914.17
2024-08-15,6.21,6.29,6.19,6.28,814303.29
2024-08-16,6.29,6.34,6.23,6.27,1245175.77
2024-08-19,6.27,6.38,6.26,6.3,1159843.27
2024-08-20,6.29,6.29,6.19,6.25,880159.65
2024-08-21,6.24,6.27,6.15,6.26,722217.46
2024-08-22,6.24,6.37,6.21,6.32,1057461.63
2024-08-23,6.31,6.41,6.29,6.4,978351.07
2024-08-26,6.43,6.49,6.37,6.46,1365856.49
2024-08-27,6.47,6.75,6.46,6.74,2059017.74
2024-08-28,6.71,6.76,6.61,6.66,1194076.5
2024-08-29,6.65,6.73,6.42,6.44,1563720.85
2024-08-30,6.43,6.49,6.29,6.39,1808301.65
2024-09-02,6.33,6.59,6.31,6.54,1645611.23
2024-09-03,6.52,6.57,6.21,6.26,1758759.14
2024-09-04,6.19,6.24,6.1,6.18,1037614.24
2024-09-05,6.21,6.24,6.08,6.14,1222282.07
2024-09-06,6.14,6.3,6.14,6.19,857287.65
2024-09-09,6.19,6.22,5.97,5.99,1415483.37
2024-09-10,5.99,6.13,5.98,6.1,1166644.04
2024-09-11,6.07,6.08,5.78,5.91,1767133.68
2024-09-12,5.9,5.96,5.85,5.94,981190.05
2024-09-13,5.97,6.02,5.94,5.95,999003.15
2024-09-18,5.97,6.19,5.97,6.14,1093313.31
2024-09-19,6.14,6.17,5.92,6.07,1316659.37
2024-09-20,6.05,6.21,6.05,6.13,1417694.91
2024-09-23,6.15,6.28,6.1,6.23,855303.03
2024-09-24,6.31,6.51,6.25,6.5,1581118.2
2024-09-25,6.62,6.72,6.42,6.46,2114932.97
2024-09-26,6.48,6.49,6.36,6.49,1914757.86
2024-09-27,6.52,6.52,6.27,6.4,2256031.65
2024-09-30,6.43,6.84,6.42,6.69,5247325.23
2024-10-08,7.3,7.34,6.57,6.75,6027871.5
2024-10-09,6.73,6.73,6.32,6.32,3552116.45
2024-10-10,6.4,6.73,6.39,6.61,3198408.79
2024-10-11,6.64,6.74,6.42,6.49,2447739.68
2024-10-14,6.61,6.63,6.47,6.53,1821961.25
2024-10-15,6.49,6.49,6.34,6.34,1782610.32
2024-10-16,6.29,6.4,6.27,6.33,1363151.54
2024-10-17,6.35,6.41,6.25,6.25,1578773.65
2024-10-18,6.26,6.37,6.19,6.31,1967316.52
2024-10-21,6.41,6.44,6.27,6.29,2376859.14
2024-10-22,6.29,6.36,6.27,6.34,1539242.1
2024-10-23,6.35,6.36,6.28,6.33,1614859.3
2024-10-24,6.3,6.32,6.23,6.24,1445429.32
2024-10-25,6.24,6.24,6.18,6.2,1122055.89
2024-10-28,6.16,6.19,6.11,6.19,1530040.67
2024-10-29,6.07,6.08,5.98,5.99,2819484.83
2024-10-30,5.99,6.01,5.93,5.95,1562450.67
2024-10-31,5.96,5.99,5.92,5.94,1518550.17
2024-11-01,5.95,6.06,5.94,6.03,2242929.42
2024-11-04,6.03,6.04,5.94,6.0,1672046.22
2024-11-05,6.0,6.04,5.96,6.03,1910598.48
2024-11-06,6.02,6.11,6.01,6.03,2188848.2
2024-11-07,6.03,6.14,6.01,6.13,1967046.42
2024-11-08,6.15,6.18,6.07,6.08,1875193.82
2024-11-11,6.03,6.04,5.97,5.99,1749819.81
2024-11-12,5.96,6.02,5.94,5.94,1611398.46
2024-11-13,5.94,6.03,5.93,6.0,1389170.14
2024-11-14,5.99,6.09,5.98,6.02,2004562.36
2024-11-15,6.02,6.13,6.0,6.07,2046629.84
2024-11-18,6.08,6.2,6.07,6.11,2169056.92
2024-11-19,6.13,6.14,6.02,6.04,1780213.52
2024-11-20,6.02,6.12,6.02,6.09,1393591.18
2024-11-21,6.08,6.12,6.06,6.08,931972.75
2024-11-22,6.08,6.12,6.02,6.02,1372774.72
2024-11-25,6.05,6.19,6.03,6.08,2094831.98
2024-11-26,6.04,6.12,5.98,6.11,1392898.9
2024-11-27,6.11,6.13,6.07,6.13,1266794.24
2024-11-28,6.12,6.17,6.1,6.15,1159043.6
2024-11-29,6.16,6.18,6.11,6.11,1278034.39
2024-12-02,6.09,6.1,6.04,6.06,1601897.76
2024-12-03,6.06,6.1,6.03,6.1,1358055.75
2024-12-04,6.1,6.25,6.08,6.23,2960816.87
2024-12-05,6.2,6.22,6.12,6.14,1264709.09
2024-12-06,6.12,6.2,6.12,6.16,1191781.42
2024-12-09,6.15,6.23,6.12,6.22,1312229.03
2024-12-10,6.27,6.29,6.19,6.19,1646687.08
2024-12-11,6.19,6.22,6.17,6.19,1031050.99
2024-12-12,6.2,6.23,6.18,6.21,1260654.88
2024-12-13,6.18,6.19,6.09,6.11,2200321.24
2024-12-16,6.11,6.22,6.11,6.2,1661247.97
2024-12-17,6.18,6.27,6.17,6.19,1338202.66
2024-12-18,6.21,6.3,6.21,6.26,1589833.91
2024-12-19,6.24,6.29,6.19,6.21,1231859.17
2024-12-20,6.22,6.23,6.13,6.13,1329524.15
2024-12-23,6.14,6.3,6.14,6.28,2552757.08
2024-12-24,6.25,6.39,6.24,6.35,1811700.97
2024-12-25,6.35,6.5,6.35,6.5,2084356.57
2024-12-26,6.48,6.5,6.36,6.41,1611222.88
2024-12-27,6.4,6.45,6.31,6.39,1320605.97
2024-12-30,6.36,6.48,6.36,6.46,1392515.89
2024-12-31,6.44,6.51,6.4,6.42,1708795.98
2025-01-02,6.41,6.47,6.27,6.3,1719786.77
2025-01-03,6.32,6.39,6.28,6.31,1621873.13
2025-01-06,6.33,6.35,6.22,6.3,1294696.08
2025-01-07,6.29,6.3,6.23,6.27,925314.67
2025-01-08,6.27,6.44,6.27,6.32,1592766.8
2025-01-09,6.27,6.29,6.14,6.16,1728341.36
2025-01-10,6.17,6.2,6.04,6.04,1565838.16
2025-01-13,6.07,6.1,5.92,5.97,1567141.98
2025-01-14,5.97,6.02,5.93,6.02,1347197.66
2025-01-15,6.0,6.13,5.99,6.02,1373817.71
2025-01-16,6.05,6.09,6.01,6.03,1175984.35
2025-01-17,6.02,6.04,5.97,5.98,1083558.86
2025-01-20,6.0,6.01,5.92,5.93,1420354.05
2025-01-21,5.94,5.95,5.82,5.83,1779529.34
2025-01-22,5.81,5.84,5.77,5.77,1268713.14
2025-01-23,5.78,5.84,5.78,5.79,1348146.7
2025-01-24,5.79,5.83,5.77,5.8,1075294.68
2025-01-27,5.81,5.86,5.81,5.84,1313627.83
2025-02-05,5.85,5.86,5.77,5.78,1316631.39
2025-02-06,5.79,5.85,5.78,5.85,1039935.07
2025-02-07,5.84,5.89,5.81,5.87,1478523.36
2025-02-10,5.86,5.89,5.84,5.87,1244069.02
2025-02-11,5.88,5.92,5.85,5.87,1191125.34
2025-02-12,5.87,5.89,5.83,5.86,1178359.95
2025-02-13,5.86,5.87,5.83,5.83,1268942.1
2025-02-14,5.84,5.85,5.79,5.83,1433009.89
2025-02-17,5.83,5.84,5.78,5.8,1433108.06
2025-02-18,5.79,5.82,5.77,5.78,1838648.83
2025-02-19,5.78,5.78,5.67,5.69,2836868.4
2025-02-20,5.69,5.72,5.67,5.68,1365512.73
2025-02-21,5.69,5.71,5.66,5.68,1248655.75
2025-02-24,5.67,5.68,5.64,5.65,1341939.0
2025-02-25,5.64,5.67,5.58,5.59,1492082.09
2025-02-26,5.57,5.61,5.51,5.56,1867694.57
2025-02-27,5.56,5.61,5.53,5.61,1840454.67
2025-02-28,5.59,5.65,5.55,5.55,1798051.87
2025-03-03,5.55,5.58,5.51,5.52,1590405.34
2025-03-04,5.5,5.51,5.43,5.44,1482100.6
2025-03-05,5.44,5.48,5.41,5.46,1244526.18
2025-03-06,5.44,5.48,5.43,5.47,1247145.81
2025-03-07,5.47,5.53,5.46,5.51,1303061.53
2025-03-10,5.51,5.52,5.45,5.47,968257.54
2025-03-11,5.44,5.48,5.44,5.48,971642.13
2025-03-12,5.47,5.48,5.44,5.44,1072720.0
2025-03-13,5.45,5.53,5.45,5.51,1791812.12
2025-03-14,5.5,5.58,5.49,5.57,1997467.01
2025-03-17,5.59,5.64,5.59,5.62,1407064.74
2025-03-18,5.62,5.63,5.58,5.59,887842.01
2025-03-19,5.58,5.62,5.57,5.62,747442.09
2025-03-20,5.61,5.64,5.6,5.63,998583.41
2025-03-21,5.63,5.7,5.58,5.58,1530582.89
2025-03-24,5.53,5.56,5.48,5.51,1757424.56
2025-03-25,5.53,5.55,5.52,5.54,1101561.2
2025-03-26,5.54,5.57,5.52,5.53,1124244.72
2025-03-27,5.54,5.61,5.54,5.6,1222569.06
2025-03-28,5.61,5.61,5.53,5.54,877961.2
2025-03-31,5.55,5.59,5.5,5.51,1266734.18
2025-04-01,5.53,5.55,5.49,5.51,1085754.23
2025-04-02,5.51,5.53,5.5,5.53,788069.85
2025-04-03,5.49,5.56,5.49,5.55,1117570.87
2025-04-07,5.41,5.41,5.04,5.17,3880425.54
2025-04-08,5.21,5.46,5.2,5.45,3390015.91
2025-04-09,5.43,5.45,5.3,5.41,2079014.45
2025-04-10,5.45,5.46,5.34,5.37,1686450.59
2025-04-11,5.37,5.37,5.3,5.34,1152255.44
2025-04-14,5.34,5.4,5.33,5.39,1274034.89
2025-04-15,5.37,5.43,5.36,5.43,1287106.86
2025-04-16,5.41,5.52,5.4,5.51,1502432.26
2025-04-17,5.51,5.51,5.44,5.51,1001597.98
2025-04-18,5.49,5.53,5.47,5.51,727743.02
2025-04-21,5.49,5.52,5.43,5.44,1094996.16
2025-04-22,5.44,5.51,5.43,5.47,1024043.4
2025-04-23,5.5,5.5,5.45,5.46,757354.69
2025-04-24,5.45,5.49,5.45,5.48,772874.67
2025-04-25,5.48,5.49,5.44,5.46,752938.56
2025-04-28,5.46,5.51,5.43,5.49,1014987.37
2025-04-29,5.46,5.49,5.41,5.41,1140498.76
2025-04-30,5.42,5.45,5.39,5.44,850322.03
2025-05-06,5.45,5.45,5.4,5.42,1028759.5
2025-05-07,5.47,5.49,5.42,5.49,1466332.58
2025-05-08,5.47,5.51,5.45,5.47,744859.58
2025-05-09,5.47,5.5,5.46,5.47,775892.29
2025-05-12,5.48,5.5,5.46,5.48,717924.92
2025-05-13,5.5,5.53,5.49,5.51,1069266.32
2025-05-14,5.52,5.6,5.5,5.6,1571817.29
2025-05-15,5.59,5.62,5.55,5.55,1018168.14
2025-05-16,5.55,5.56,5.43,5.44,1774360.68
2025-05-19,5.45,5.49,5.44,5.46,752569.58
2025-05-20,5.47,5.48,5.44,5.45,612974.12
2025-05-21,5.46,5.53,5.46,5.49,1180032.41
2025-05-22,5.49,5.55,5.47,5.55,1379716.63
2025-05-23,5.54,5.57,5.47,5.47,1129969.74
2025-05-26,5.47,5.51,5.45,5.46,890659.61
2025-05-27,5.47,5.5,5.46,5.46,659581.32
2025-05-28,5.47,5.57,5.47,5.56,1662275.93
2025-05-29,5.56,5.58,5.51,5.51,1122458.65
2025-05-30,5.51,5.57,5.5,5.55,1219406.2
2025-06-03,5.55,5.56,5.51,5.53,950186.1
2025-06-04,5.53,5.55,5.52,5.53,699721.52
2025-06-05,5.53,5.54,5.49,5.5,995197.27
2025-06-06,5.51,5.53,5.49,5.53,845441.04
2025-06-09,5.53,5.54,5.51,5.53,790711.62
2025-06-10,5.53,5.56,5.51,5.53,1043338.12
2025-06-11,5.53,5.65,5.52,5.64,2356357.18
2025-06-12,5.64,5.68,5.58,5.66,1592781.92
2025-06-13,5.72,5.76,5.67,5.7,1926901.58
2025-06-16,5.72,5.73,5.64,5.68,1957473.31
2025-06-17,5.68,5.78,5.67,5.73,2507707.53
2025-06-18,5.78,5.79,5.67,5.67,1832687.46
2025-06-19,5.68,5.76,5.61,5.75,2102790.18
2025-06-20,5.74,5.77,5.66,5.66,1825287.79
2025-06-23,5.72,5.74,5.58,5.62,2157617.08
2025-06-24,5.57,5.63,5.47,5.58,2096948.94
2025-06-25,5.56,5.6,5.53,5.59,1482930.01
2025-06-26,5.59,5.63,5.57,5.62,1160402.55
2025-06-27,5.62,5.62,5.55,5.57,1272884.56
2025-06-30,5.57,5.58,5.54,5.55,977031.79
2025-07-01,5.55,5.59,5.53,5.57,875440.4
2025-07-02,5.58,5.61,5.57,5.6,1101099.84
2025-07-03,5.61,5.62,5.55,5.57,1247257.34
2025-07-04,5.57,5.6,5.56,5.59,1134333.06
2025-07-07,5.58,5.58,5.54,5.56,889867.44
2025-07-08,5.57,5.6,5.55,5.59,1008509.27
2025-07-09,5.59,5.64,5.58,5.59,1352718.58
2025-07-10,5.6,5.69,5.6,5.67,2250116.08
2025-07-11,5.68,5.76,5.62,5.62,2659974.15
2025-07-14,5.64,5.71,5.64,5.68,1401469.82
2025-07-15,5.67,5.7,5.63,5.67,1095903.33
2025-07-16,5.67,5.7,5.65,5.67,762874.29
2025-07-17,5.67,5.68,5.63,5.64,931670.56
2025-07-18,5.66,5.74,5.65,5.73,1472295.51
2025-07-21,5.72,5.85,5.71,5.83,2044517.01
2025-07-22,5.83,5.95,5.82,5.93,2762828.28
2025-07-23,5.96,5.98,5.91,5.92,2207588.83
2025-07-24,5.92,5.94,5.86,5.88,1806128.45
2025-07-25,5.88,5.98,5.86,5.86,1656500.97
2025-07-28,5.86,5.87,5.78,5.79,1403103.08
2025-07-29,5.78,5.84,5.77,5.81,1002022.08
2025-07-30,5.83,5.95,5.82,5.91,1560492.78
2025-07-31,5.94,5.96,5.81,5.91,1823907.21
2025-08-01,5.82,5.84,5.58,5.6,4084841.71
2025-08-04,5.57,5.58,5.51,5.56,1660903.18
2025-08-05,5.56,5.63,5.56,5.62,1235198.13
2025-08-06,5.61,5.64,5.59,5.62,995920.89
2025-08-07,5.62,5.65,5.59,5.64,1086434.33
2025-08-08,5.63,5.7,5.62,5.65,995538.93
2025-08-11,5.65,5.67,5.59,5.59,1211338.53
2025-08-12,5.59,5.7,5.59,5.67,1522380.5
2025-08-13,5.65,5.68,5.62,5.63,1039222.84
2025-08-14,5.64,5.67,5.59,5.6,1014273.56
2025-08-15,5.6,5.61,5.56,5.59,1319956.69
2025-08-18,5.6,5.62,5.58,5.59,1386230.96
2025-08-19,5.6,5.6,5.57,5.58,905130.95
2025-08-20,5.58,5.64,5.55,5.63,1425993.55
2025-08-21,5.63,5.78,5.62,5.77,2927983.62
2025-08-22,5.74,5.77,5.67,5.74,1912262.5
2025-08-25,5.74,5.77,5.7,5.75,1697733.27
2025-08-26,5.75,5.79,5.71,5.73,1533990.9
2025-08-27,5.72,5.76,5.65,5.65,1577924.19
2025-08-28,5.65,5.7,5.62,5.67,1439795.66
2025-08-29,5.67,5.75,5.61,5.62,2466678.76
2025-09-01,5.63,5.65,5.57,5.61,1387880.59
2025-09-02,5.61,5.73,5.61,5.72,2763737.67
2025-09-03,5.73,5.75,5.64,5.66,1564822.98
2025-09-04,5.64,5.74,5.54,5.69,3051511.77
2025-09-05,5.65,5.68,5.57,5.6,1824910.77
2025-09-08,5.59,5.65,5.57,5.59,1431845.83
2025-09-09,5.61,5.63,5.55,5.57,1463177.78
2025-09-10,5.58,5.58,5.52,5.52,1847062.0
2025-09-11,5.53,5.55,5.46,5.54,2189336.22
2025-09-12,5.55,5.58,5.52,5.53,1614648.42
2025-09-15,5.53,5.55,5.49,5.52,1456376.67
2025-09-16,5.52,5.54,5.46,5.48,1406016.68
2025-09-17,5.49,5.49,5.43,5.49,1510499.51
2025-09-18,5.48,5.49,5.39,5.4,1625478.74
2025-09-19,5.39,5.4,5.35,5.36,1307038.14
2025-09-22,5.36,5.37,5.31,5.32,1114876.58
2025-09-23,5.32,5.38,5.27,5.36,1424958.21
2025-09-24,5.36,5.41,5.33,5.36,1133854.23
2025-09-25,5.36,5.37,5.32,5.35,894575.61
2025-09-26,5.36,5.37,5.33,5.35,893790.04
2025-09-29,5.35,5.36,5.27,5.31,1568823.28
2025-09-30,5.3,5.31,5.28,5.29,829181.7
2025-10-09,5.29,5.37,5.27,5.36,1463860.33
2025-10-10,5.34,5.4,5.33,5.37,1282434.9
2025-10-13,5.3,5.4,5.27,5.36,2003368.59
2025-10-14,5.36,5.42,5.33,5.42,1769255.6
2025-10-15,5.41,5.44,5.37,5.39,1305823.45
2025-10-16,5.39,5.46,5.38,5.45,1525960.5
2025-10-17,5.44,5.49,5.41,5.41,1512704.75
2025-10-20,5.43,5.48,5.37,5.47,1439919.41
2025-10-21,5.47,5.49,5.44,5.46,1305292.14
2025-10-22,5.46,5.51,5.45,5.5,1378242.52
2025-10-23,5.5,5.57,5.5,5.56,1659570.02
2025-10-24,5.58,5.58,5.51,5.54,1276155.62
2025-10-27,5.52,5.63,5.5,5.58,1737419.09
2025-10-28,5.58,5.6,5.54,5.56,1105534.85
2025-10-29,5.56,5.56,5.51,5.52,916820.5
2025-10-30,5.53,5.58,5.51,5.53,1265373.44
2025-10-31,5.53,5.53,5.43,5.47,1823832.32
2025-11-03,5.47,5.59,5.47,5.57,1832794.45
2025-11-04,5.58,5.62,5.56,5.58,1644600.85
2025-11-05,5.57,5.58,5.53,5.55,973294.78
2025-11-06,5.54,5.6,5.52,5.55,1085106.7
2025-11-07,5.56,5.63,5.55,5.61,1502639.59
2025-11-10,5.62,5.68,5.61,5.66,1341391.59
2025-11-11,5.67,5.69,5.63,5.67,1089288.11
2025-11-12,5.7,5.74,5.68,5.71,1335760.2
2025-11-13,5.68,5.71,5.63,5.68,1313568.15
2025-11-14,5.69,5.74,5.68,5.71,1211137.29
2025-11-17,5.75,5.8,5.7,5.78,1934606.29
2025-11-18,5.77,5.83,5.76,5.8,1400849.61
2025-11-19,5.81,6.09,5.79,6.05,4296011.27
2025-11-20,6.0,6.14,6.0,6.05,2741949.15
2025-11-21,6.05,6.09,5.93,5.97,2575127.56
2025-11-24,5.99,6.03,5.8,5.84,1994724.91
2025-11-25,5.85,5.85,5.73,5.8,1513521.55
2025-11-26,5.8,5.85,5.72,5.74,1228693.6
2025-11-27,5.73,5.86,5.68,5.81,1367408.14
2025-11-28,5.8,5.81,5.74,5.78,1009991.51
