date,open,high,low,close,volume
2010-01-04,9.08,9.17,8.94,8.97,746135.58
2010-01-05,8.97,9.11,8.78,8.98,914013.73
2010-01-06,8.96,8.96,8.76,8.79,774277.06
2010-01-07,8.77,8.83,8.5,8.56,1019431.96
2010-01-08,8.55,8.6,8.45,8.56,803598.62
2010-01-11,9.05,9.07,8.51,8.58,1465692.5
2010-01-12,8.55,8.69,8.33,8.64,1121898.32
2010-01-13,8.36,8.46,8.09,8.18,2052232.76
2010-01-14,8.2,8.28,8.08,8.27,1247175.72
2010-01-15,8.24,8.33,8.12,8.26,873021.99
2010-01-18,8.15,8.25,8.1,8.19,960226.34
2010-01-19,8.21,8.3,8.18,8.23,984442.69
2010-01-20,8.25,8.26,8.01,8.03,1078806.28
2010-01-21,8.04,8.25,8.0,8.18,912858.13
2010-01-22,8.1,8.53,8.08,8.44,1944471.02
2010-01-25,8.3,8.5,8.18,8.22,956048.6
2010-01-26,8.22,8.28,8.05,8.15,973648.9
2010-01-27,8.16,8.19,7.8,7.82,1411065.41
2010-01-28,7.81,7.81,7.58,7.66,1114656.63
2010-01-29,7.59,7.85,7.56,7.68,923380.67
2010-02-01,7.69,7.81,7.52,7.74,871956.9
2010-02-02,7.8,8.04,7.75,7.91,1123238.04
2010-02-03,7.93,8.15,7.79,8.1,987548.82
2010-02-04,8.0,8.13,7.98,8.03,507177.79
2010-02-05,7.9,7.97,7.74,7.84,556008.4
2010-02-08,7.84,7.9,7.64,7.66,535139.64
2010-02-09,7.67,7.79,7.65,7.75,429536.6
2010-02-10,7.81,7.9,7.77,7.86,428959.05
2010-02-11,7.89,7.95,7.84,7.88,388432.44
2010-02-12,7.93,8.0,7.9,7.99,390076.63
2010-02-22,7.95,8.08,7.86,7.96,375122.36
2010-02-23,7.94,7.94,7.7,7.83,479831.22
2010-02-24,7.73,7.88,7.7,7.87,406973.91
2010-02-25,7.87,8.13,7.86,8.03,704463.88
2010-02-26,8.0,8.12,7.95,8.05,492145.21
2010-03-01,8.08,8.28,8.05,8.25,813009.26
2010-03-02,8.3,8.38,8.25,8.33,1097808.37
2010-03-03,8.33,8.35,8.23,8.35,709333.93
2010-03-04,8.35,8.38,8.11,8.16,854536.48
2010-03-15,8.18,8.22,7.91,7.95,655561.81
2010-03-16,7.95,8.23,7.91,8.21,651948.13
2010-03-17,8.18,8.41,8.12,8.36,605339.87
2010-03-18,8.36,8.42,8.26,8.3,542364.14
2010-03-19,8.27,8.34,8.2,8.3,475023.36
2010-03-22,8.3,8.53,8.28,8.37,652214.48
2010-03-23,8.39,8.47,8.28,8.32,481477.97
2010-03-24,8.34,8.45,8.31,8.32,476514.03
2010-03-25,8.3,8.3,8.17,8.24,389458.83
2010-03-26,8.22,8.54,8.19,8.41,798330.17
2010-03-29,8.48,8.76,8.47,8.71,1573013.43
2010-03-30,8.73,8.82,8.65,8.78,895022.36
2010-03-31,8.78,8.81,8.66,8.7,556968.82
2010-04-01,8.71,8.8,8.67,8.75,635958.85
2010-04-02,8.79,8.81,8.66,8.7,600849.45
2010-04-06,8.77,8.91,8.7,8.75,779520.73
2010-04-07,8.74,8.76,8.6,8.69,637702.04
2010-04-08,8.67,8.67,8.41,8.5,831472.62
2010-04-09,8.49,8.59,8.48,8.57,552629.32
2010-04-12,8.62,8.66,8.33,8.48,831300.63
2010-04-13,8.48,8.68,8.39,8.62,1093558.37
2010-04-14,8.65,8.68,8.56,8.62,669830.44
2010-04-15,8.66,8.67,8.48,8.59,794739.14
2010-04-16,8.57,8.58,8.37,8.38,785192.84
2010-04-19,8.22,8.22,7.63,7.85,2216151.81
2010-04-20,7.84,7.92,7.61,7.73,1357677.19
2010-04-21,7.76,7.84,7.61,7.83,1237929.37
2010-04-22,7.75,7.75,7.48,7.57,1709073.98
2010-04-23,7.58,7.68,7.47,7.57,1057509.16
2010-04-26,7.59,7.61,7.48,7.51,638387.1
2010-04-27,7.48,7.49,7.25,7.37,937591.6
2010-04-28,7.31,7.45,7.22,7.38,682680.65
2010-04-29,7.46,7.62,7.44,7.49,891714.73
2010-04-30,7.56,7.63,7.45,7.62,805378.49
2010-05-04,7.46,7.6,7.34,7.42,796001.22
2010-05-05,7.34,7.48,7.2,7.45,851186.57
2010-05-06,7.4,7.41,7.1,7.11,910129.55
2010-05-07,6.97,7.25,6.9,7.14,1003744.88
2010-05-10,7.15,7.31,7.12,7.26,637270.75
2010-05-11,7.43,7.47,7.02,7.12,969945.29
2010-05-12,7.09,7.35,7.0,7.29,891015.64
2010-05-13,7.29,7.53,7.26,7.51,1284065.34
2010-05-14,7.44,7.48,7.34,7.41,601995.12
2010-05-17,7.32,7.32,7.02,7.13,766394.35
2010-05-18,7.14,7.38,7.11,7.36,786123.56
2010-05-19,7.3,7.47,7.16,7.29,663389.92
2010-05-20,7.22,7.38,7.19,7.24,449219.23
2010-05-21,7.02,7.34,7.0,7.3,559810.35
2010-05-24,7.33,7.59,7.33,7.49,1164721.08
2010-05-25,7.47,7.47,7.26,7.31,696017.83
2010-05-26,7.33,7.39,7.24,7.29,492385.27
2010-05-27,7.29,7.39,7.14,7.34,666636.32
2010-05-28,7.42,7.44,7.21,7.28,652869.61
2010-05-31,7.2,7.27,7.06,7.07,669749.31
2010-06-01,7.05,7.15,6.98,7.01,643830.05
2010-06-02,7.04,7.06,6.96,7.02,429623.33
2010-06-03,7.07,7.15,7.01,7.02,584814.36
2010-06-04,7.02,7.06,6.97,7.04,322708.27
2010-06-07,6.94,6.97,6.78,6.84,734551.03
2010-06-08,6.83,6.89,6.61,6.69,708671.31
2010-06-09,6.73,7.02,6.58,6.96,1368747.64
2010-06-10,6.83,6.84,6.73,6.77,647016.97
2010-06-11,6.83,6.95,6.77,6.8,616911.87
2010-06-17,6.94,6.95,6.8,6.86,532636.72
2010-06-18,6.86,6.98,6.81,6.87,618917.41
2010-06-21,6.92,7.17,6.88,7.14,1173552.53
2010-06-22,7.14,7.17,7.08,7.12,593170.44
2010-06-24,7.03,7.21,6.98,7.1,521247.16
2010-06-25,7.05,7.22,7.04,7.15,585397.46
2010-06-28,7.16,7.36,7.13,7.22,761947.39
2010-06-29,7.25,7.28,6.93,6.96,988201.67
2010-06-30,6.94,7.0,6.84,6.95,544867.9
2010-07-01,6.96,7.07,6.92,6.95,481306.08
2010-07-02,6.97,7.06,6.82,7.01,610832.48
2010-07-05,6.95,7.06,6.87,6.94,512746.46
2010-07-06,6.94,7.14,6.94,7.13,642022.77
2010-07-07,7.1,7.17,7.07,7.14,431825.4
2010-07-08,7.24,7.32,7.14,7.17,562314.27
2010-07-09,7.21,7.52,7.12,7.4,1014631.54
2010-07-12,7.4,7.6,7.36,7.55,956178.46
2010-07-13,7.44,7.52,7.35,7.46,588476.7
2010-07-14,7.48,7.64,7.44,7.51,822164.37
2010-07-15,7.49,7.62,7.35,7.36,663640.85
2010-07-16,7.32,7.45,7.25,7.41,479943.02
2010-07-19,7.35,7.61,7.32,7.61,869991.34
2010-07-20,7.6,7.74,7.55,7.6,1018438.07
2010-07-21,7.62,7.64,7.55,7.58,537298.31
2010-07-22,7.55,7.71,7.55,7.68,700795.84
2010-07-23,7.71,7.86,7.68,7.75,1094988.55
2010-07-26,7.76,7.79,7.64,7.74,439564.91
2010-07-27,7.71,7.71,7.61,7.66,445213.86
2010-07-28,7.68,7.88,7.62,7.86,940685.57
2010-07-29,7.86,7.96,7.82,7.89,843793.52
2010-07-30,7.85,7.93,7.78,7.88,486146.35
2010-08-02,7.86,8.06,7.83,8.03,692891.36
2010-08-03,8.06,8.08,7.8,7.81,589604.22
2010-08-04,7.8,7.86,7.64,7.77,795607.72
2010-08-05,7.77,7.8,7.58,7.62,942478.6
2010-08-06,7.6,7.73,7.52,7.7,682418.77
2010-08-09,7.67,7.81,7.64,7.77,698233.13
2010-08-10,7.76,7.85,7.52,7.52,759978.33
2010-08-11,7.51,7.58,7.49,7.54,487899.51
2010-08-12,7.49,7.53,7.34,7.37,650337.85
2010-08-13,7.38,7.46,7.24,7.45,794782.17
2010-08-16,7.38,7.63,7.36,7.59,690500.47
2010-08-17,7.6,7.63,7.5,7.61,520809.18
2010-08-18,7.6,7.71,7.51,7.54,674576.37
2010-08-19,7.59,7.8,7.56,7.7,1113001.46
2010-08-20,7.69,7.81,7.62,7.65,942350.59
2010-08-23,7.65,7.84,7.65,7.71,643472.42
2010-08-24,7.7,7.76,7.56,7.64,576895.8
2010-08-25,7.59,7.61,7.38,7.41,749541.61
2010-08-26,7.43,7.46,7.33,7.37,503846.81
2010-08-27,7.38,7.44,7.33,7.38,339878.04
2010-08-30,7.41,7.54,7.38,7.46,683815.66
2010-08-31,7.42,7.46,7.33,7.35,742569.3
2010-09-01,7.38,7.52,7.29,7.38,1013719.8
2010-09-02,7.49,7.5,7.36,7.41,800286.86
2010-09-03,7.42,7.45,7.29,7.4,737800.45
2010-09-06,7.43,7.54,7.38,7.54,950192.36
2010-09-07,7.54,7.64,7.46,7.51,656643.96
2010-09-08,7.48,7.48,7.33,7.36,906975.33
2010-09-09,7.37,7.37,7.16,7.18,1069617.93
2010-09-10,7.19,7.26,7.13,7.21,719205.2
2010-09-13,7.2,7.26,7.08,7.2,1007275.97
2010-09-14,7.24,7.32,7.21,7.25,970183.64
2010-09-15,7.25,7.25,7.06,7.12,778446.55
2010-09-16,7.11,7.13,6.87,6.95,1084951.66
2010-09-17,6.97,7.03,6.89,6.98,539949.46
2010-09-20,6.97,7.07,6.91,7.0,493167.15
2010-09-21,7.01,7.04,6.96,6.99,344400.66
2010-09-27,7.0,7.02,6.94,6.97,465508.77
2010-09-28,6.97,6.97,6.81,6.85,732663.88
2010-09-29,6.79,6.97,6.79,6.87,531916.03
2010-09-30,6.79,7.06,6.79,7.03,641637.84
2010-10-08,7.11,7.36,7.02,7.3,1111730.82
2010-10-11,7.33,7.63,7.31,7.55,1803881.27
2010-10-12,7.49,7.58,7.44,7.51,1059104.27
2010-10-13,7.58,7.9,7.58,7.87,2120639.03
2010-10-14,7.95,8.17,7.87,7.89,2223435.38
2010-10-15,7.87,8.32,7.82,8.27,3161391.73
2010-10-18,8.44,8.64,8.28,8.3,2395678.79
2010-10-19,8.28,8.41,8.12,8.41,1294699.72
2010-10-20,8.47,8.73,8.4,8.54,2073024.03
2010-10-21,8.5,8.52,8.13,8.22,1723987.64
2010-10-22,8.22,8.24,8.01,8.15,1141908.32
2010-10-25,8.16,8.3,7.96,8.24,1444071.43
2010-10-26,8.28,8.33,8.06,8.12,1402740.71
2010-10-27,8.08,8.31,7.93,8.01,1165057.45
2010-10-28,8.01,8.18,7.97,8.11,812841.66
2010-10-29,8.12,8.12,7.82,7.91,1226922.24
2010-11-01,7.93,8.11,7.9,8.04,1323099.45
2010-11-02,8.05,8.14,7.92,8.01,1144297.65
2010-11-03,8.05,8.38,7.98,8.28,1859612.27
2010-11-04,8.26,8.46,8.22,8.34,1368095.87
2010-11-05,8.45,8.55,8.27,8.38,1049748.09
2010-11-08,8.46,8.6,8.37,8.45,1218280.57
2010-11-09,8.44,8.44,8.17,8.24,1098538.54
2010-11-10,8.12,8.13,7.89,7.93,1713128.42
2010-11-11,7.95,8.12,7.88,8.01,1782159.12
2010-11-12,7.93,7.97,7.58,7.59,1717528.55
2010-11-15,7.66,7.76,7.51,7.72,1023688.94
2010-11-16,7.65,7.65,7.37,7.4,1128297.79
2010-11-17,7.33,7.54,7.3,7.4,1036117.57
2010-11-18,7.44,7.49,7.31,7.43,706926.91
2010-11-19,7.46,7.46,7.11,7.36,1451351.57
2010-11-22,7.26,7.36,7.16,7.19,1028932.66
2010-11-23,7.17,7.21,7.04,7.12,968311.77
2010-11-24,7.12,7.32,7.12,7.2,880793.91
2010-11-25,7.27,7.34,7.13,7.32,943803.69
2010-11-26,7.29,7.3,7.17,7.2,618014.38
2010-11-29,7.18,7.27,7.18,7.21,535981.88
2010-11-30,7.21,7.26,7.01,7.08,830966.87
2010-12-01,7.08,7.16,7.06,7.13,424707.7
2010-12-02,7.26,7.29,7.15,7.17,592507.14
2010-12-03,7.19,7.27,7.14,7.17,599573.02
2010-12-06,7.2,7.42,7.16,7.29,1103108.04
2010-12-07,7.27,7.34,7.18,7.3,618260.1
2010-12-08,7.3,7.33,7.17,7.19,531734.2
2010-12-09,7.16,7.17,7.03,7.06,907861.52
2010-12-10,7.06,7.19,7.05,7.14,508400.08
2010-12-13,7.15,7.26,7.1,7.25,805361.22
2010-12-14,7.27,7.31,7.18,7.21,809197.08
2010-12-15,7.22,7.29,7.19,7.2,690625.54
2010-12-16,7.2,7.2,7.12,7.14,458213.12
2010-12-17,7.15,7.16,7.08,7.13,391086.74
2010-12-20,7.14,7.18,6.94,7.04,715870.24
2010-12-21,7.04,7.25,6.99,7.22,924755.72
2010-12-22,7.23,7.25,7.06,7.1,588295.1
2010-12-23,7.1,7.28,7.05,7.16,707702.35
2010-12-24,7.09,7.25,7.06,7.18,693246.71
2010-12-27,7.26,7.31,7.05,7.06,885934.35
2010-12-28,7.07,7.14,6.94,6.97,1058950.69
2010-12-29,6.98,6.99,6.89,6.93,742402.51
2010-12-30,6.94,6.94,6.79,6.88,878235.79
2010-12-31,6.92,7.02,6.85,6.95,693756.62
2011-01-04,7.01,7.11,6.94,7.07,984984.51
2011-01-05,7.05,7.12,7.01,7.04,726260.95
2011-01-06,7.05,7.12,6.96,7.0,636209.93
2011-01-07,7.0,7.36,6.96,7.19,1841778.49
2011-01-10,7.19,7.26,7.06,7.07,894391.02
2011-01-11,7.04,7.2,7.03,7.16,801786.43
2011-01-12,7.15,7.23,7.1,7.2,719910.84
2011-01-13,7.21,7.24,7.12,7.17,595164.49
2011-01-14,7.14,7.19,7.08,7.08,505364.91
2011-01-17,7.05,7.1,6.85,6.9,771566.0
2011-01-18,6.91,6.93,6.85,6.88,539902.07
2011-01-19,6.89,6.95,6.84,6.93,471441.59
2011-01-20,6.93,6.93,6.79,6.8,567887.17
2011-01-21,6.8,7.05,6.79,6.9,621912.45
2011-01-24,6.89,6.93,6.82,6.83,494382.23
2011-01-25,6.86,6.92,6.81,6.86,522157.93
2011-01-26,6.88,6.92,6.87,6.9,237689.29
2011-01-27,6.84,6.91,6.78,6.9,707075.57
2011-01-28,6.87,6.9,6.8,6.83,664064.77
2011-01-31,6.83,6.88,6.83,6.86,484556.83
2011-02-01,6.87,6.92,6.85,6.89,402110.2
2011-02-09,6.88,6.93,6.82,6.84,588292.16
2011-02-10,6.84,6.92,6.8,6.9,464886.71
2011-02-11,6.89,6.94,6.85,6.9,610007.66
2011-02-14,6.91,7.21,6.91,7.2,1463853.52
2011-02-15,7.19,7.25,7.14,7.16,1085387.66
2011-02-16,7.14,7.17,7.05,7.12,790423.31
2011-02-17,7.12,7.25,7.07,7.12,707543.81
2011-02-18,7.13,7.16,7.06,7.12,558942.25
2011-02-21,7.06,7.11,7.0,7.1,599964.2
2011-02-22,7.11,7.11,6.87,6.91,1215256.57
2011-02-23,6.91,6.93,6.85,6.88,543975.98
2011-02-24,6.87,6.93,6.85,6.88,529320.82
2011-02-25,6.9,6.99,6.87,6.92,490857.89
2011-02-28,6.94,7.02,6.88,6.99,695827.53
2011-03-01,7.01,7.24,6.99,7.11,1247783.75
2011-03-02,7.06,7.4,7.05,7.31,2260965.5
2011-03-03,7.37,7.81,7.33,7.62,3993085.64
2011-03-04,7.7,7.78,7.55,7.72,1972610.03
2011-03-07,7.77,7.92,7.65,7.73,1770774.08
2011-03-08,7.71,7.89,7.67,7.76,1124464.84
2011-03-09,7.8,7.92,7.78,7.81,1097432.92
2011-03-10,7.77,7.79,7.56,7.59,1240878.91
2011-03-11,7.56,7.59,7.37,7.42,1098412.96
2011-03-14,7.38,7.48,7.36,7.44,657391.43
2011-03-15,7.38,7.43,7.23,7.32,1078765.63
2011-03-16,7.35,7.52,7.3,7.44,755601.07
2011-03-17,7.37,7.38,7.27,7.33,604205.58
2011-03-18,7.39,7.43,7.25,7.28,692493.98
2011-03-21,7.32,7.41,7.3,7.36,554993.55
2011-03-22,7.38,7.53,7.29,7.52,857479.1
2011-03-23,7.5,7.65,7.46,7.63,936747.44
2011-03-24,7.63,7.64,7.55,7.6,567940.94
2011-03-25,7.62,7.82,7.6,7.76,1202710.98
2011-03-28,7.79,7.94,7.7,7.73,1004376.25
2011-03-29,7.71,7.93,7.65,7.77,1345192.9
2011-03-30,7.75,7.89,7.71,7.75,858223.63
2011-03-31,7.76,7.77,7.63,7.65,714178.85
2011-04-01,7.59,7.84,7.56,7.78,986852.04
2011-04-06,7.82,8.08,7.82,8.04,1717625.44
2011-04-07,8.03,8.1,7.98,8.03,1026465.36
2011-04-08,8.02,8.12,7.99,8.1,677974.83
2011-04-11,8.09,8.31,8.09,8.13,1389549.05
2011-04-12,8.11,8.2,8.0,8.04,707200.22
2011-04-13,7.98,8.33,7.98,8.32,1115692.63
2011-04-14,8.34,8.43,8.28,8.31,1234363.53
2011-04-15,8.25,8.38,8.17,8.24,707264.84
2011-04-18,8.18,8.28,8.14,8.21,625730.78
2011-04-19,8.15,8.19,8.03,8.05,629740.6
2011-04-20,8.07,8.12,7.88,7.96,775332.88
2011-04-21,7.99,8.05,7.92,7.95,664168.92
2011-04-22,7.95,8.02,7.88,7.95,353297.91
2011-04-25,7.92,8.08,7.88,7.95,724940.91
2011-04-26,7.97,8.03,7.93,7.99,746748.94
2011-04-27,8.01,8.12,7.84,7.9,766646.86
2011-04-28,7.94,8.14,7.93,7.97,818652.72
2011-04-29,8.01,8.03,7.65,7.85,858107.95
2011-05-03,7.87,7.9,7.77,7.83,311277.94
2011-05-04,7.8,7.87,7.6,7.63,699884.29
2011-05-05,7.61,7.72,7.56,7.65,526120.78
2011-05-06,7.6,7.71,7.52,7.62,530931.78
2011-05-09,7.64,7.68,7.57,7.6,277514.87
2011-05-10,7.63,7.74,7.57,7.69,297003.56
2011-05-11,7.7,7.71,7.6,7.62,241151.93
2011-05-12,7.59,7.63,7.55,7.56,275203.33
2011-05-13,7.55,7.65,7.5,7.63,395275.51
2011-05-16,7.59,7.71,7.52,7.54,399139.81
2011-05-17,7.54,7.68,7.47,7.63,386717.29
2011-05-18,7.61,7.81,7.6,7.76,456188.85
2011-05-19,7.78,7.8,7.73,7.73,298304.48
2011-05-20,7.7,7.83,7.68,7.75,442205.95
2011-05-23,7.71,7.73,7.49,7.55,432923.55
2011-05-24,7.53,7.57,7.5,7.51,321633.62
2011-05-25,7.5,7.54,7.36,7.38,328069.21
2011-05-26,7.44,7.46,7.37,7.38,264859.89
2011-05-27,7.4,7.56,7.38,7.49,563673.25
2011-05-31,7.5,7.56,7.43,7.55,557297.74
2011-06-01,7.52,7.56,7.48,7.49,389732.63
2011-06-02,7.43,7.43,7.14,7.2,1220617.36
2011-06-03,7.21,7.28,7.16,7.26,316112.68
2011-06-07,7.23,7.31,7.21,7.29,223113.87
2011-06-08,7.29,7.29,7.06,7.18,675817.88
2011-06-09,7.16,7.17,7.03,7.04,428466.93
2011-06-10,7.1,7.11,7.01,7.1,386302.87
2011-06-13,7.06,7.19,7.0,7.13,252781.35
2011-06-14,7.14,7.26,7.13,7.16,421843.94
2011-06-15,7.16,7.22,7.11,7.13,232844.1
2011-06-16,7.11,7.12,7.04,7.07,233804.62
2011-06-17,7.08,7.16,7.05,7.07,278803.34
2011-06-20,7.1,7.16,7.05,7.11,262220.04
2011-06-21,7.14,7.23,7.08,7.18,350879.1
2011-06-22,7.21,7.26,7.17,7.2,272378.36
2011-06-23,7.19,7.33,7.13,7.29,350414.67
2011-06-24,7.26,7.47,7.24,7.43,868114.62
2011-06-27,7.47,7.47,7.34,7.37,461976.64
2011-06-28,7.39,7.4,7.22,7.31,532206.06
2011-06-29,7.31,7.31,7.11,7.18,797399.03
2011-06-30,7.2,7.3,7.15,7.23,740717.74
2011-07-01,7.25,7.26,7.11,7.18,872984.77
2011-07-04,7.21,7.44,7.2,7.44,964560.29
2011-07-05,7.44,7.49,7.34,7.38,568760.51
2011-07-06,7.38,7.38,7.24,7.31,529949.01
2011-07-07,7.42,7.51,7.31,7.35,1147181.04
2011-07-08,7.38,7.5,7.35,7.45,591391.78
2011-07-11,7.41,7.41,7.3,7.34,578818.89
2011-07-12,7.28,7.28,7.15,7.2,680646.51
2011-07-13,7.22,7.3,7.18,7.26,531378.36
2011-07-14,7.26,7.29,7.16,7.22,719121.05
2011-07-15,7.18,7.26,7.16,7.23,411041.05
2011-07-18,7.23,7.27,7.2,7.21,490882.07
2011-07-19,7.16,7.17,7.09,7.11,774692.27
2011-07-20,7.16,7.16,7.06,7.08,648596.79
2011-07-21,7.09,7.11,7.0,7.01,819324.26
2011-07-22,7.03,7.04,6.95,7.02,576357.87
2011-07-25,6.97,6.99,6.84,6.85,862364.99
2011-07-26,6.86,6.93,6.81,6.86,506577.25
2011-07-27,6.84,6.85,6.78,6.81,726124.27
2011-07-28,6.78,6.78,6.68,6.69,754891.39
2011-07-29,6.71,6.94,6.68,6.86,867509.26
2011-08-01,6.83,6.89,6.78,6.8,406049.1
2011-08-02,6.75,6.79,6.69,6.77,323370.6
2011-08-03,6.73,6.85,6.71,6.76,322290.06
2011-08-04,6.8,6.86,6.72,6.74,483332.22
2011-08-05,6.63,6.63,6.52,6.54,992453.68
2011-08-08,6.49,6.53,6.24,6.35,942670.59
2011-08-09,6.22,6.41,6.11,6.39,1015356.51
2011-08-10,6.51,6.52,6.38,6.4,630888.35
2011-08-11,6.3,6.52,6.28,6.48,607417.8
2011-08-12,6.53,6.53,6.42,6.45,547531.48
2011-08-15,6.48,6.7,6.42,6.66,947090.16
2011-08-16,6.65,6.76,6.6,6.64,689124.48
2011-08-17,6.66,6.68,6.59,6.62,363530.5
2011-08-18,6.62,6.65,6.44,6.46,326812.06
2011-08-19,6.38,6.44,6.36,6.39,365947.69
2011-08-22,6.38,6.53,6.36,6.42,364861.05
2011-08-23,6.44,6.54,6.41,6.54,341873.88
2011-08-24,6.57,6.63,6.46,6.46,320987.12
2011-08-25,6.51,6.8,6.5,6.76,1272375.61
2011-08-26,6.7,6.76,6.67,6.73,407158.66
2011-08-29,6.64,6.64,6.49,6.54,722551.95
2011-08-30,6.56,6.7,6.53,6.55,587969.76
2011-08-31,6.56,6.65,6.53,6.58,368138.6
2011-09-01,6.59,6.72,6.59,6.68,517209.69
2011-09-02,6.66,6.68,6.55,6.61,317000.81
2011-09-05,6.55,6.59,6.46,6.5,367527.29
2011-09-06,6.43,6.53,6.38,6.44,418009.11
2011-09-07,6.47,6.6,6.46,6.57,398187.59
2011-09-08,6.61,6.63,6.55,6.56,280113.38
2011-09-13,6.49,6.51,6.43,6.47,325408.34
2011-09-14,6.5,6.52,6.37,6.45,333199.46
2011-09-15,6.47,6.53,6.43,6.44,263751.97
2011-09-16,6.5,6.53,6.42,6.48,354281.41
2011-09-19,6.43,6.44,6.33,6.35,301387.62
2011-09-20,6.38,6.41,6.3,6.35,205009.25
2011-09-21,6.36,6.54,6.31,6.49,472942.67
2011-09-22,6.44,6.46,6.28,6.29,540840.38
2011-09-23,6.23,6.33,6.14,6.23,563060.96
2011-09-26,6.19,6.28,6.03,6.05,540698.73
2011-09-27,6.1,6.19,6.05,6.14,422848.31
2011-09-28,6.16,6.21,6.08,6.09,249221.99
2011-09-29,6.05,6.16,6.01,6.13,437315.02
2011-09-30,6.13,6.25,6.12,6.14,510053.96
2011-10-10,6.14,6.19,6.06,6.1,265329.5
2011-10-11,6.31,6.36,6.13,6.21,724605.91
2011-10-12,6.17,6.49,6.16,6.43,827987.45
2011-10-13,6.42,6.47,6.34,6.45,536819.28
2011-10-14,6.43,6.53,6.35,6.49,470115.24
2011-10-17,6.49,6.65,6.48,6.6,632497.28
2011-10-18,6.54,6.58,6.39,6.43,408504.81
2011-10-19,6.45,6.52,6.42,6.46,272122.5
2011-10-20,6.41,6.48,6.34,6.39,433477.13
2011-10-21,6.41,6.53,6.36,6.47,422967.6
2011-10-24,6.5,6.69,6.46,6.69,801773.63
2011-10-25,6.68,6.78,6.59,6.74,862417.69
2011-10-26,6.71,6.76,6.66,6.68,741191.12
2011-10-27,6.73,6.8,6.66,6.74,440898.54
2011-10-28,6.83,6.97,6.8,6.85,919807.26
2011-10-31,6.84,6.86,6.69,6.72,509135.77
2011-11-01,6.68,6.9,6.67,6.75,532559.89
2011-11-02,6.66,6.88,6.64,6.88,472614.57
2011-11-03,6.91,6.91,6.76,6.77,596359.46
2011-11-04,6.86,6.88,6.76,6.81,372790.03
2011-11-07,6.8,6.8,6.69,6.71,268391.59
2011-11-08,6.69,6.76,6.67,6.73,302815.83
2011-11-09,6.75,6.8,6.68,6.78,279113.37
2011-11-10,6.71,6.75,6.63,6.64,406784.2
2011-11-11,6.64,6.69,6.55,6.6,302713.59
2011-11-14,6.65,6.75,6.63,6.7,316948.09
2011-11-15,6.69,6.69,6.62,6.64,233296.48
2011-11-16,6.63,6.64,6.41,6.46,562293.05
2011-11-17,6.46,6.48,6.41,6.42,338395.71
2011-11-18,6.39,6.46,6.31,6.35,355689.7
2011-11-21,6.35,6.38,6.28,6.34,208787.2
2011-11-22,6.32,6.43,6.31,6.41,285856.33
2011-11-23,6.43,6.44,6.31,6.38,276103.51
2011-11-24,6.33,6.46,6.33,6.43,326396.01
2011-11-25,6.44,6.44,6.35,6.38,207538.22
2011-11-28,6.4,6.44,6.34,6.36,250952.37
2011-11-29,6.4,6.44,6.36,6.42,257372.15
2011-11-30,6.39,6.41,6.21,6.23,362086.3
2011-12-01,6.44,6.63,6.41,6.47,996294.79
2011-12-02,6.43,6.55,6.41,6.52,382061.99
2011-12-05,6.53,6.64,6.45,6.59,519484.09
2011-12-06,6.58,6.64,6.53,6.53,341660.0
2011-12-07,6.54,6.65,6.53,6.6,443838.6
2011-12-08,6.62,6.67,6.57,6.61,402483.43
2011-12-09,6.55,6.65,6.55,6.61,357827.23
2011-12-12,6.61,6.68,6.56,6.65,320760.98
2011-12-13,6.64,6.66,6.44,6.48,510587.75
2011-12-14,6.47,6.57,6.41,6.49,304081.11
2011-12-15,6.47,6.53,6.33,6.34,433566.55
2011-12-16,6.33,6.49,6.3,6.45,457068.08
2011-12-19,6.38,6.49,6.26,6.47,384582.76
2011-12-20,6.45,6.6,6.44,6.46,418191.93
2011-12-21,6.53,6.64,6.43,6.44,396983.85
2011-12-22,6.44,6.53,6.36,6.5,412914.4
2011-12-23,6.49,6.59,6.44,6.49,352679.0
2011-12-26,6.44,6.55,6.41,6.48,266454.92
2011-12-27,6.48,6.53,6.45,6.49,322556.97
2011-12-28,6.48,6.53,6.35,6.41,470141.89
2011-12-29,6.4,6.49,6.37,6.48,319009.91
2011-12-30,6.5,6.64,6.5,6.59,428773.7
2012-01-04,6.64,6.72,6.46,6.48,522606.17
2012-01-05,6.5,6.71,6.48,6.61,840847.02
2012-01-06,6.63,6.71,6.58,6.66,540381.34
2012-01-09,6.65,6.94,6.61,6.88,960020.09
2012-01-10,6.88,7.0,6.79,6.98,892045.62
2012-01-11,6.98,7.03,6.89,6.94,387870.32
2012-01-12,6.93,7.08,6.9,7.01,414193.21
2012-01-13,6.99,7.06,6.86,6.94,481551.2
2012-01-16,6.93,6.99,6.87,6.88,335932.05
2012-01-17,6.91,7.11,6.75,7.1,809513.94
2012-01-18,7.05,7.09,6.9,6.95,614435.83
2012-01-19,6.95,7.13,6.94,7.05,650603.32
2012-01-20,7.1,7.22,7.06,7.22,740547.27
2012-01-30,7.21,7.22,7.05,7.05,523783.68
2012-01-31,7.05,7.1,6.96,7.03,305357.47
2012-02-01,7.02,7.05,6.9,6.93,401286.0
2012-02-02,6.95,7.15,6.91,7.15,586515.09
2012-02-03,7.13,7.28,7.09,7.21,651388.94
2012-02-06,7.21,7.25,7.07,7.14,560545.81
2012-02-07,7.09,7.14,7.02,7.07,335470.56
2012-02-08,7.05,7.25,7.04,7.21,437963.13
2012-02-09,7.21,7.25,7.14,7.21,433799.91
2012-02-10,7.18,7.23,7.11,7.16,505387.33
2012-02-13,7.05,7.15,6.98,7.05,570350.47
2012-02-14,7.04,7.05,6.98,7.03,447282.09
2012-02-15,7.0,7.11,6.98,7.04,484764.92
2012-02-16,7.05,7.11,7.0,7.02,485740.36
2012-02-17,7.09,7.1,7.03,7.06,273998.53
2012-02-20,7.19,7.19,7.04,7.05,496546.91
2012-02-21,7.06,7.13,7.02,7.08,389364.18
2012-02-22,7.11,7.11,7.01,7.1,655858.52
2012-02-23,7.1,7.1,7.04,7.06,655992.68
2012-02-24,7.06,7.16,7.03,7.15,896624.43
2012-02-27,7.16,7.23,7.11,7.12,880342.99
2012-02-28,7.14,7.23,7.13,7.19,930610.09
2012-02-29,7.18,7.21,7.13,7.15,520173.14
2012-03-01,7.14,7.2,7.14,7.17,282754.84
2012-03-02,7.17,7.25,7.15,7.24,607134.74
2012-03-05,7.23,7.26,7.13,7.15,712041.63
2012-03-06,7.14,7.14,6.97,6.99,778474.93
2012-03-07,6.95,6.99,6.89,6.89,544366.08
2012-03-08,6.92,6.98,6.89,6.92,513485.46
2012-03-09,6.95,6.98,6.89,6.95,503862.44
2012-03-12,6.93,6.95,6.81,6.86,708696.95
2012-03-13,6.86,6.95,6.85,6.93,467245.01
2012-03-14,6.98,7.03,6.8,6.84,955936.39
2012-03-15,6.84,6.91,6.77,6.79,574767.5
2012-03-16,6.8,6.84,6.71,6.79,549693.81
2012-03-19,6.79,6.79,6.69,6.74,543673.4
2012-03-20,6.72,6.76,6.65,6.68,544587.48
2012-03-21,6.71,6.72,6.63,6.66,445449.64
2012-03-22,6.66,6.78,6.63,6.69,362925.37
2012-03-23,6.67,6.71,6.64,6.69,319585.64
2012-03-26,6.7,6.75,6.67,6.71,413471.79
2012-03-27,6.73,6.75,6.67,6.68,287244.76
2012-03-28,6.69,6.71,6.54,6.55,420696.93
2012-03-29,6.56,6.64,6.54,6.56,513083.45
2012-03-30,6.56,6.63,6.54,6.61,391878.75
2012-04-05,6.58,6.64,6.42,6.58,574059.0
2012-04-06,6.57,6.59,6.5,6.56,464683.61
2012-04-09,6.52,6.54,6.45,6.49,250745.87
2012-04-10,6.5,6.59,6.48,6.57,292507.21
2012-04-11,6.53,6.6,6.5,6.54,415591.67
2012-04-12,6.54,6.68,6.48,6.67,647526.12
2012-04-13,6.67,6.73,6.63,6.66,459101.02
2012-04-16,6.64,6.68,6.6,6.62,254713.8
2012-04-17,6.61,6.64,6.56,6.58,223834.07
2012-04-18,6.6,6.68,6.56,6.67,458998.46
2012-04-19,6.66,6.66,6.61,6.64,456911.92
2012-04-20,6.63,6.8,6.62,6.77,921904.83
2012-04-23,6.77,6.8,6.7,6.72,386607.94
2012-04-24,6.72,6.97,6.71,6.83,951105.05
2012-04-25,6.81,6.89,6.79,6.81,515129.21
2012-04-26,6.84,6.86,6.73,6.79,364000.08
2012-04-27,6.83,6.87,6.74,6.78,354138.78
2012-05-02,6.86,6.93,6.83,6.89,716513.8
2012-05-03,6.89,6.91,6.82,6.86,459988.53
2012-05-04,6.86,6.93,6.79,6.89,620547.62
2012-05-07,6.84,6.91,6.83,6.9,643771.21
2012-05-08,6.89,6.91,6.82,6.87,624078.86
2012-05-09,6.83,6.83,6.7,6.73,766857.75
2012-05-10,6.77,6.77,6.67,6.73,517520.22
2012-05-11,6.7,6.75,6.67,6.68,353953.83
2012-05-14,6.74,6.75,6.58,6.6,672027.16
2012-05-15,6.58,6.6,6.54,6.58,552553.6
2012-05-16,6.56,6.58,6.47,6.48,647465.24
2012-05-17,6.5,6.57,6.48,6.55,424668.87
2012-05-18,6.51,6.51,6.4,6.42,684838.29
2012-05-21,6.43,6.48,6.4,6.46,468628.03
2012-05-22,6.49,6.57,6.47,6.56,411729.79
2012-05-23,6.55,6.56,6.5,6.52,382230.73
2012-05-24,6.51,6.56,6.45,6.46,466527.79
2012-05-25,6.47,6.49,6.43,6.45,302311.03
2012-05-28,6.45,6.49,6.41,6.48,591271.81
2012-05-29,6.48,6.56,6.44,6.54,613869.96
2012-05-31,6.41,6.49,6.41,6.48,745543.51
2012-06-01,6.5,6.51,6.45,6.48,596868.18
2012-06-04,6.43,6.43,6.31,6.33,773987.21
2012-06-05,6.35,6.45,6.32,6.41,628114.49
2012-06-06,6.41,6.5,6.41,6.49,689701.55
2012-06-07,6.58,6.58,6.48,6.48,486972.05
2012-06-08,6.44,6.44,6.26,6.29,1066582.64
2012-06-11,6.3,6.33,6.25,6.31,345517.84
2012-06-12,6.29,6.29,6.17,6.23,472236.03
2012-06-13,6.25,6.31,6.22,6.27,380132.11
2012-06-14,6.25,6.29,6.2,6.26,436198.84
2012-06-15,6.26,6.44,6.26,6.37,502976.08
2012-06-18,6.42,6.42,6.35,6.37,263050.41
2012-06-19,6.36,6.41,6.31,6.33,334002.24
2012-06-20,6.36,6.41,6.32,6.35,272689.25
2012-06-21,6.35,6.35,6.26,6.28,237499.57
2012-06-25,6.27,6.37,6.26,6.33,544254.37
2012-06-26,6.32,6.37,6.31,6.33,447249.39
2012-06-27,6.31,6.34,6.26,6.27,294396.87
2012-06-28,6.29,6.31,6.23,6.23,338364.9
2012-06-29,6.24,6.34,6.21,6.29,381259.64
2012-07-02,6.31,6.31,6.22,6.25,354349.97
2012-07-03,6.25,6.33,6.23,6.27,316078.69
2012-07-04,6.3,6.34,6.27,6.3,257271.76
2012-07-05,6.29,6.31,6.22,6.25,295031.42
2012-07-06,6.11,6.13,6.03,6.09,1218602.31
2012-07-09,6.06,6.06,5.77,5.85,1347895.22
2012-07-10,5.84,5.88,5.8,5.85,478696.36
2012-07-11,5.85,5.85,5.75,5.8,504514.62
2012-07-12,5.8,5.84,5.7,5.81,810436.06
2012-07-13,5.8,5.89,5.76,5.86,462062.88
2012-07-16,5.87,5.92,5.8,5.81,458612.1
2012-07-17,5.81,5.86,5.8,5.86,291340.3
2012-07-18,5.86,5.86,5.77,5.82,344291.85
2012-07-19,5.82,5.85,5.78,5.82,445058.22
2012-07-20,5.81,5.82,5.74,5.76,486342.83
2012-07-23,5.73,5.73,5.52,5.58,787087.05
2012-07-24,5.55,5.59,5.5,5.52,597621.39
2012-07-25,5.51,5.56,5.5,5.52,291417.98
2012-07-26,5.52,5.57,5.51,5.52,296958.36
2012-07-27,5.54,5.68,5.54,5.62,531760.24
2012-07-30,5.65,5.71,5.62,5.65,416892.92
2012-07-31,5.67,5.74,5.67,5.71,415970.59
2012-08-01,5.71,5.76,5.68,5.74,478662.22
2012-08-02,5.74,5.8,5.72,5.77,410412.73
2012-08-03,5.77,5.8,5.74,5.76,252742.55
2012-08-06,5.76,5.8,5.75,5.77,309870.52
2012-08-07,5.77,5.79,5.75,5.76,240085.49
2012-08-08,5.77,5.81,5.77,5.8,287360.17
2012-08-09,5.82,5.82,5.76,5.81,194738.29
2012-08-10,5.82,5.88,5.81,5.86,270653.85
2012-08-13,5.84,5.88,5.82,5.85,387152.91
2012-08-14,5.86,5.9,5.84,5.86,315532.15
2012-08-15,5.86,5.87,5.72,5.73,394703.71
2012-08-16,5.7,5.74,5.67,5.71,192719.16
2012-08-17,5.71,5.79,5.71,5.77,223240.63
2012-08-20,5.72,5.77,5.66,5.69,250974.69
2012-08-21,5.7,5.73,5.63,5.65,364392.3
2012-08-22,5.66,5.7,5.65,5.7,333243.51
2012-08-23,5.7,5.74,5.67,5.73,367703.63
2012-08-24,5.69,5.76,5.69,5.71,328829.66
2012-08-27,5.71,5.73,5.64,5.68,295245.73
2012-08-28,5.67,5.8,5.65,5.77,331015.09
2012-08-29,5.76,5.79,5.75,5.77,258361.74
2012-08-30,5.7,5.85,5.7,5.84,406293.78
2012-08-31,5.84,5.87,5.8,5.81,292871.24
2012-09-03,5.8,5.83,5.76,5.77,373294.4
2012-09-04,5.77,5.77,5.65,5.67,439051.3
2012-09-05,5.67,5.67,5.51,5.59,627543.62
2012-09-06,5.57,5.61,5.55,5.61,393913.05
2012-09-07,5.62,5.86,5.62,5.85,945808.52
2012-09-10,5.84,5.87,5.77,5.82,532682.27
2012-09-11,5.81,5.83,5.76,5.83,344485.99
2012-09-12,5.85,5.89,5.78,5.83,333665.28
2012-09-13,5.82,5.88,5.77,5.83,426358.12
2012-09-14,5.85,5.95,5.84,5.91,571921.56
2012-09-17,5.91,5.91,5.82,5.84,471850.18
2012-09-18,5.82,5.82,5.74,5.76,304124.07
2012-09-19,5.75,5.76,5.66,5.69,365859.5
2012-09-20,5.69,5.7,5.6,5.61,315228.57
2012-09-21,5.61,5.69,5.58,5.65,333795.0
2012-09-24,5.62,5.71,5.59,5.68,338537.48
2012-09-25,5.68,5.7,5.65,5.69,184790.84
2012-09-26,5.68,5.71,5.62,5.62,325142.69
2012-09-27,5.65,5.86,5.62,5.81,505059.01
2012-09-28,5.77,5.86,5.71,5.85,389230.65
2012-10-08,5.85,5.96,5.82,5.86,330084.15
2012-10-09,5.92,5.97,5.88,5.93,432623.74
2012-10-10,5.93,5.93,5.86,5.88,233613.47
2012-10-11,5.87,5.9,5.82,5.88,241394.15
2012-10-12,5.91,5.99,5.89,5.97,400727.15
2012-10-15,5.97,5.98,5.89,5.94,160064.4
2012-10-16,5.93,5.98,5.88,5.94,229842.85
2012-10-17,5.95,5.99,5.91,5.97,295653.74
2012-10-18,6.01,6.07,5.97,6.04,375426.85
2012-10-19,6.05,6.05,5.99,6.01,238650.11
2012-10-22,5.97,6.08,5.97,6.05,287582.13
2012-10-23,6.05,6.11,6.01,6.02,268948.88
2012-10-24,5.99,6.04,5.99,6.03,216248.67
2012-10-25,6.01,6.04,5.96,5.97,195557.65
2012-10-26,5.97,6.01,5.87,5.92,246694.23
2012-10-29,5.91,5.92,5.78,5.83,223864.78
2012-10-30,5.84,5.9,5.76,5.8,308360.95
2012-10-31,5.79,5.82,5.78,5.81,209974.91
2012-11-01,5.81,5.99,5.81,5.93,420589.17
2012-11-02,5.92,5.99,5.91,5.97,284513.32
2012-11-05,5.97,6.04,5.95,6.0,262621.82
2012-11-06,6.01,6.03,5.89,5.98,256169.13
2012-11-07,5.98,5.98,5.91,5.96,165172.77
2012-11-08,5.92,5.95,5.86,5.86,183807.85
2012-11-09,5.86,5.91,5.85,5.88,210435.05
2012-11-12,5.91,5.93,5.88,5.91,253174.39
2012-11-13,5.91,5.92,5.78,5.8,196447.27
2012-11-14,5.8,5.82,5.78,5.81,159399.07
2012-11-15,5.79,5.81,5.77,5.77,150956.65
2012-11-16,5.76,5.8,5.7,5.74,215612.66
2012-11-19,5.74,5.75,5.7,5.71,173151.97
2012-11-20,5.73,5.77,5.64,5.66,215420.0
2012-11-21,5.66,5.73,5.65,5.72,222344.39
2012-11-22,5.7,5.72,5.68,5.7,154710.82
2012-11-23,5.73,5.79,5.7,5.78,283828.47
2012-11-26,5.75,5.77,5.73,5.76,186152.18
2012-11-27,5.74,5.79,5.74,5.74,313311.98
2012-11-28,5.74,5.77,5.73,5.74,281759.6
2012-11-29,5.76,5.78,5.74,5.75,182130.96
2012-11-30,5.75,5.79,5.7,5.77,312790.9
2012-12-03,5.77,5.77,5.66,5.71,350315.2
2012-12-04,5.71,5.77,5.7,5.75,239333.87
2012-12-05,5.76,6.02,5.74,6.0,1082187.68
2012-12-06,5.99,6.08,5.98,6.02,658438.49
2012-12-07,6.03,6.24,6.01,6.22,1119334.73
2012-12-10,6.25,6.38,6.19,6.32,1190133.39
2012-12-11,6.32,6.37,6.27,6.33,701450.22
2012-12-12,6.33,6.46,6.31,6.37,677269.06
2012-12-13,6.35,6.37,6.25,6.26,555840.51
2012-12-14,6.3,6.77,6.29,6.74,1650039.71
2012-12-17,6.77,6.88,6.7,6.75,1143675.95
2012-12-18,6.73,6.96,6.7,6.83,1233799.59
2012-12-19,6.83,6.94,6.8,6.84,953511.45
2012-12-20,6.8,6.96,6.8,6.91,828844.13
2012-12-21,6.92,6.95,6.84,6.86,762213.63
2012-12-24,6.88,7.15,6.87,7.06,1095655.52
2012-12-25,7.04,7.46,7.04,7.36,1329924.47
2012-12-26,7.35,7.45,7.31,7.37,878176.96
2012-12-27,7.4,7.5,7.25,7.26,862797.94
2012-12-28,7.28,7.48,7.27,7.47,849173.6
2012-12-31,7.47,7.95,7.47,7.92,1537120.26
2013-01-04,7.96,8.05,7.69,7.79,1500336.42
2013-01-07,7.78,7.97,7.66,7.83,994695.43
2013-01-08,7.86,7.97,7.68,7.83,1033356.13
2013-01-09,7.75,7.85,7.67,7.78,965590.71
2013-01-10,7.78,7.89,7.7,7.8,892694.31
2013-01-11,7.79,7.86,7.58,7.65,920401.23
2013-01-14,7.59,8.05,7.59,7.97,1578658.8
2013-01-15,7.95,8.0,7.85,7.94,1067199.58
2013-01-16,7.92,7.96,7.69,7.79,902998.92
2013-01-17,7.79,7.8,7.6,7.62,1170498.3
2013-01-18,7.7,7.78,7.61,7.7,1108088.31
2013-01-21,7.73,7.89,7.67,7.82,1148859.55
2013-01-22,7.82,8.12,7.71,8.07,1757534.85
2013-01-23,8.01,8.13,7.92,8.07,894900.96
2013-01-24,8.07,8.35,7.81,7.88,1964852.21
2013-01-25,7.92,7.97,7.73,7.76,905871.16
2013-01-28,7.78,8.26,7.78,8.17,1517058.64
2013-01-29,8.17,8.53,8.09,8.41,1906255.62
2013-01-30,8.42,8.43,8.18,8.28,1278143.53
2013-01-31,8.31,8.35,8.08,8.24,1162646.71
2013-02-01,8.18,8.55,8.15,8.51,1689316.89
2013-02-04,8.51,8.65,8.33,8.39,1659690.12
2013-02-05,8.3,8.38,8.19,8.3,1214497.86
2013-02-06,8.3,8.36,8.14,8.28,935289.6
2013-02-07,8.28,8.28,7.9,8.15,1628177.93
2013-02-08,8.11,8.17,7.98,8.09,939297.28
2013-02-18,8.14,8.22,7.99,8.04,864394.11
2013-02-19,8.02,8.1,7.9,7.97,802575.24
2013-02-20,7.98,8.01,7.74,7.97,1108236.16
2013-02-21,7.87,7.88,7.46,7.71,1306216.07
2013-02-22,7.69,7.71,7.49,7.53,813600.28
2013-02-25,7.58,7.64,7.48,7.51,709805.07
2013-02-26,7.43,7.65,7.29,7.32,2254253.96
2013-02-27,7.35,7.49,7.25,7.4,1441149.92
2013-02-28,7.43,7.67,7.36,7.66,1696861.96
2013-03-01,7.66,7.7,7.38,7.53,1279526.78
2013-03-04,7.4,7.49,7.01,7.07,1747873.13
2013-03-05,7.1,7.76,7.1,7.7,2174891.27
2013-03-06,7.7,7.83,7.57,7.75,1529534.15
2013-03-07,7.7,7.7,7.48,7.55,888189.56
2013-03-08,7.58,7.77,7.45,7.68,929943.68
2013-03-11,7.61,7.62,7.47,7.56,483436.88
2013-03-12,7.56,7.66,7.35,7.43,696099.02
2013-03-13,7.43,7.51,7.26,7.3,659827.96
2013-03-14,7.28,7.42,7.23,7.3,475698.24
2013-03-15,7.3,7.6,7.17,7.24,1361572.93
2013-03-18,7.19,7.32,7.14,7.19,659537.14
2013-03-19,7.17,7.3,7.17,7.26,547395.79
2013-03-20,7.28,7.59,7.26,7.57,1343233.21
2013-03-21,7.57,7.62,7.52,7.56,645563.57
2013-03-22,7.6,7.63,7.52,7.56,441087.35
2013-03-25,7.6,7.65,7.45,7.48,559001.4
2013-03-26,7.43,7.46,7.25,7.31,619026.47
2013-03-27,7.29,7.44,7.29,7.36,457293.1
2013-03-28,7.14,7.14,6.74,6.99,1266171.55
2013-03-29,7.02,7.34,6.98,7.28,1023329.03
2013-04-01,7.2,7.26,7.11,7.14,412776.53
2013-04-02,7.19,7.35,7.13,7.24,557653.79
2013-04-03,7.26,7.48,7.25,7.37,632908.89
2013-04-08,7.17,7.31,7.14,7.26,517539.67
2013-04-09,7.31,7.36,7.21,7.25,483413.48
2013-04-10,7.25,7.29,7.13,7.17,302954.76
2013-04-11,7.24,7.28,7.12,7.14,334314.83
2013-04-12,7.14,7.18,7.06,7.07,287103.72
2013-04-15,7.09,7.14,7.02,7.06,333253.16
2013-04-16,7.03,7.14,6.99,7.11,555975.07
2013-04-17,7.1,7.11,6.97,7.01,431828.74
2013-04-18,6.94,7.09,6.92,7.01,575677.57
2013-04-19,7.03,7.4,7.0,7.27,1596852.49
2013-04-22,7.22,7.28,7.21,7.25,590329.37
2013-04-23,7.29,7.29,6.94,6.99,857826.77
2013-04-24,7.0,7.17,6.96,7.09,500285.46
2013-04-25,7.05,7.11,6.96,7.04,496543.84
2013-04-26,7.07,7.11,6.98,7.0,330182.5
2013-05-02,6.97,6.98,6.88,6.97,469734.2
2013-05-03,7.01,7.23,6.98,7.11,689565.39
2013-05-06,7.14,7.29,7.13,7.22,502705.6
2013-05-07,7.18,7.22,7.13,7.2,367890.09
2013-05-08,7.19,7.29,7.17,7.2,545535.71
2013-05-09,7.22,7.25,7.05,7.1,446522.35
2013-05-10,7.14,7.36,7.13,7.35,976040.84
2013-05-13,7.34,7.61,7.25,7.6,1745151.42
2013-05-14,7.59,7.7,7.55,7.68,1527860.5
2013-05-15,7.67,7.86,7.63,7.83,1096631.42
2013-05-16,7.81,8.03,7.73,7.99,1517668.53
2013-05-17,7.99,8.03,7.85,7.98,1016192.7
2013-05-20,7.98,8.12,7.86,7.98,1245787.97
2013-05-21,7.95,7.96,7.75,7.82,1069057.82
2013-05-22,7.82,8.07,7.82,8.06,1404501.04
2013-05-23,8.01,8.04,7.78,7.79,1043927.17
2013-05-24,7.82,7.9,7.73,7.78,554989.4
2013-05-27,7.77,7.82,7.67,7.71,499646.08
2013-05-28,7.69,7.95,7.67,7.93,851492.2
2013-05-29,7.94,8.0,7.82,7.84,596227.33
2013-05-30,7.82,7.89,7.75,7.82,468262.24
2013-05-31,7.83,7.96,7.79,7.82,456585.35
2013-06-03,7.82,8.0,7.82,7.93,701404.71
2013-06-04,7.92,8.0,7.83,7.92,780899.14
2013-06-05,7.92,7.93,7.6,7.7,618170.6
2013-06-06,7.69,7.71,7.5,7.59,671560.41
2013-06-07,7.59,7.69,7.55,7.59,680486.19
2013-06-13,7.5,7.5,7.15,7.45,810353.12
2013-06-14,7.41,7.44,7.33,7.39,580366.65
2013-06-17,7.4,7.45,7.32,7.32,313887.06
2013-06-18,7.35,7.45,7.34,7.38,344910.29
2013-06-19,7.38,7.38,7.2,7.25,398400.16
2013-06-20,7.24,7.24,6.9,6.94,632956.14
2013-06-21,6.84,7.12,6.76,7.09,703208.15
2013-06-24,7.04,7.04,6.51,6.61,1181471.18
2013-06-25,6.53,6.67,6.05,6.61,1280406.68
2013-06-26,6.67,6.68,6.37,6.45,938929.18
2013-06-27,6.5,6.64,6.47,6.61,722900.48
2013-06-28,6.61,7.04,6.56,7.02,1168720.92
2013-07-01,6.96,7.02,6.78,6.89,484821.45
2013-07-02,6.89,6.93,6.67,6.78,639065.64
2013-07-03,6.76,6.93,6.64,6.87,605196.34
2013-07-04,6.81,6.95,6.72,6.8,530585.39
2013-07-05,6.81,6.87,6.73,6.82,375915.0
2013-07-08,6.75,6.79,6.64,6.67,464950.8
2013-07-09,6.67,6.81,6.64,6.75,494188.97
2013-07-10,6.78,6.87,6.69,6.85,414297.65
2013-07-11,6.87,7.52,6.87,7.35,1605217.11
2013-07-12,7.26,7.33,6.96,7.03,901119.31
2013-07-15,7.1,7.21,6.99,7.05,674696.48
2013-07-16,7.04,7.04,6.9,7.04,618611.94
2013-07-17,7.02,7.05,6.89,6.9,526247.93
2013-07-18,6.87,6.96,6.72,6.76,535603.19
2013-07-19,6.78,6.83,6.58,6.61,558328.48
2013-07-22,6.47,6.59,6.4,6.56,568043.54
2013-07-23,6.61,6.83,6.54,6.69,552013.75
2013-07-24,6.56,6.68,6.46,6.6,649577.35
2013-07-25,6.62,6.69,6.5,6.55,414720.19
2013-07-26,6.53,6.53,6.44,6.5,305764.89
2013-07-29,6.41,6.42,6.29,6.35,466252.62
2013-07-30,6.4,6.53,6.37,6.46,490212.61
2013-07-31,6.53,6.63,6.4,6.41,339730.38
2013-08-01,6.47,6.6,6.43,6.58,470898.6
2013-08-02,6.61,6.69,6.52,6.54,360885.37
2013-08-05,6.55,6.6,6.49,6.56,290814.6
2013-08-06,6.52,6.58,6.46,6.51,400976.31
2013-08-07,6.51,6.6,6.47,6.49,380693.82
2013-08-08,6.47,6.61,6.47,6.5,426517.29
2013-08-09,6.56,6.6,6.38,6.47,422536.02
2013-08-12,6.53,6.69,6.47,6.69,819750.23
2013-08-13,6.69,6.78,6.67,6.75,650071.81
2013-08-14,6.76,6.86,6.72,6.75,544141.11
2013-08-15,6.75,6.8,6.67,6.68,395855.71
2013-08-16,6.66,7.35,6.51,6.65,1513499.4
2013-08-19,6.57,6.81,6.53,6.73,680192.2
2013-08-20,6.71,6.87,6.64,6.67,815439.07
2013-08-21,6.72,6.73,6.58,6.61,394809.26
2013-08-22,6.6,6.75,6.58,6.6,465750.28
2013-08-23,6.6,6.65,6.26,6.39,1181589.69
2013-08-26,6.36,6.48,6.27,6.47,1322500.73
2013-08-27,6.41,6.47,6.37,6.45,1035255.23
2013-09-05,6.6,6.63,6.54,6.57,1179014.6
2013-09-06,6.55,6.76,6.54,6.71,811621.53
2013-09-09,6.81,7.2,6.79,7.14,2266909.91
2013-09-10,7.14,7.25,7.05,7.17,1388182.8
2013-09-11,7.16,7.3,7.11,7.16,1362343.54
2013-09-12,7.16,7.52,7.08,7.34,1926315.22
2013-09-13,7.31,7.42,7.22,7.29,1148430.23
2013-09-16,7.39,7.4,7.09,7.18,1058563.88
2013-09-17,7.25,7.25,6.89,6.9,1106656.06
2013-09-18,6.94,6.98,6.83,6.88,672935.85
2013-09-23,6.91,6.99,6.83,6.9,798017.35
2013-09-24,6.91,6.91,6.67,6.71,827974.26
2013-09-25,6.71,6.82,6.67,6.68,659758.45
2013-09-26,6.67,6.68,6.54,6.63,608277.55
2013-09-27,6.62,6.67,6.6,6.66,349028.41
2013-09-30,6.71,6.76,6.68,6.73,425351.31
2013-10-08,6.74,6.76,6.6,6.73,497397.86
2013-10-09,6.72,6.84,6.67,6.76,497034.17
2013-10-10,6.76,6.76,6.61,6.65,500148.68
2013-10-11,6.71,6.79,6.67,6.75,745395.37
2013-10-14,6.75,6.77,6.63,6.66,621651.89
2013-10-15,6.68,6.69,6.6,6.62,575931.15
2013-10-16,6.62,6.67,6.59,6.62,512541.52
2013-10-17,6.65,6.66,6.53,6.54,454981.78
2013-10-18,6.55,6.61,6.54,6.55,324176.05
2013-10-21,6.55,6.66,6.51,6.63,480946.72
2013-10-22,6.62,6.63,6.54,6.55,415171.2
2013-10-23,6.59,6.72,6.55,6.59,644994.1
2013-10-24,6.59,6.63,6.54,6.55,529027.84
2013-10-25,6.54,6.65,6.51,6.54,647078.67
2013-10-28,6.55,6.56,6.51,6.55,295122.78
2013-10-29,6.56,6.82,6.56,6.69,1385308.87
2013-10-30,6.72,6.73,6.63,6.73,787341.96
2013-10-31,6.73,6.73,6.62,6.62,697792.21
2013-11-01,6.7,6.75,6.65,6.73,685405.22
2013-11-04,6.78,6.79,6.65,6.66,406417.67
2013-11-05,6.65,6.65,6.52,6.63,641124.26
2013-11-06,6.58,6.61,6.54,6.55,492100.76
2013-11-07,6.55,6.6,6.54,6.6,381163.28
2013-11-08,6.59,6.62,6.51,6.52,433053.19
2013-11-11,6.54,6.57,6.48,6.49,429034.48
2013-11-12,6.52,6.59,6.49,6.59,589612.49
2013-11-13,6.53,6.55,6.36,6.37,857726.47
2013-11-14,6.41,6.41,6.31,6.33,497759.08
2013-11-15,6.36,6.49,6.34,6.38,776158.98
2013-11-18,6.44,7.02,6.42,6.99,2735360.97
2013-11-19,6.97,6.99,6.74,6.79,1407927.27
2013-11-20,6.85,6.89,6.7,6.75,916080.0
2013-11-21,6.72,6.77,6.62,6.76,1019489.17
2013-11-22,6.77,6.81,6.71,6.77,997510.19
2013-11-25,6.75,6.81,6.67,6.67,554199.53
2013-11-26,6.68,6.73,6.66,6.68,451847.78
2013-11-27,6.68,6.78,6.63,6.7,729021.48
2013-11-28,6.71,6.83,6.68,6.74,715084.99
2013-11-29,6.78,6.79,6.71,6.73,481438.73
2013-12-02,6.72,6.94,6.71,6.87,1307317.73
2013-12-03,6.84,6.88,6.79,6.84,588632.95
2013-12-04,6.83,6.94,6.8,6.86,832132.32
2013-12-05,6.86,6.88,6.78,6.81,626447.71
2013-12-06,6.78,6.79,6.7,6.77,613695.49
2013-12-09,6.77,6.79,6.71,6.72,509282.52
2013-12-10,6.84,6.89,6.78,6.84,1016025.74
2013-12-11,6.85,6.89,6.78,6.79,1105487.83
2013-12-12,6.78,6.88,6.73,6.73,799245.52
2013-12-13,6.63,6.68,6.57,6.6,974082.82
2013-12-16,6.6,6.67,6.54,6.55,870157.42
2013-12-17,6.57,6.62,6.54,6.55,578849.14
2013-12-18,6.55,6.7,6.55,6.65,747025.59
2013-12-19,6.68,6.71,6.59,6.6,657038.14
2013-12-20,6.62,6.63,6.35,6.37,1033165.28
2013-12-23,6.42,6.44,6.32,6.33,781425.41
2013-12-24,6.38,6.39,6.23,6.27,919319.59
2013-12-25,6.3,6.36,6.22,6.36,942767.14
2013-12-26,6.34,6.35,6.26,6.26,514174.97
2013-12-27,6.3,6.42,6.26,6.36,705654.93
2013-12-30,6.39,6.56,6.34,6.54,1041799.54
2013-12-31,6.46,6.86,6.45,6.71,2965469.57
2014-01-02,6.68,6.7,6.58,6.62,532564.9
2014-01-03,6.57,6.59,6.41,6.48,585298.09
2014-01-06,6.47,6.49,6.36,6.45,653970.3
2014-01-07,6.37,6.5,6.34,6.49,542563.86
2014-01-08,6.49,6.59,6.45,6.55,492937.48
2014-01-09,6.54,6.63,6.54,6.6,482233.79
2014-01-10,6.59,6.67,6.54,6.66,629140.98
2014-01-13,6.67,6.77,6.62,6.71,779716.0
2014-01-14,6.69,6.73,6.57,6.63,448678.87
2014-01-15,6.61,6.63,6.49,6.53,355733.95
2014-01-16,6.53,6.55,6.49,6.51,275924.38
2014-01-17,6.49,6.52,6.42,6.52,518745.34
2014-01-20,6.48,6.54,6.43,6.46,275378.62
2014-01-21,6.5,6.59,6.46,6.49,251592.17
2014-01-22,6.51,6.65,6.46,6.6,501236.56
2014-01-23,6.58,6.6,6.47,6.49,386341.12
2014-01-24,6.46,6.51,6.41,6.43,522641.95
2014-01-27,6.41,6.43,6.34,6.37,470787.02
2014-01-28,6.38,6.46,6.38,6.44,397578.24
2014-01-29,6.46,6.51,6.44,6.48,285381.61
2014-01-30,6.47,6.47,6.36,6.39,265392.7
2014-02-07,6.35,6.39,6.31,6.37,320835.38
2014-02-10,6.39,6.44,6.38,6.43,542959.43
2014-02-11,6.41,6.62,6.37,6.52,1084733.85
2014-02-12,6.52,6.57,6.46,6.48,538027.91
2014-02-13,6.46,6.63,6.43,6.49,971381.32
2014-02-14,6.49,6.52,6.44,6.49,422660.01
2014-02-17,6.54,6.56,6.46,6.48,619647.7
2014-02-18,6.48,6.48,6.35,6.36,719371.58
2014-02-19,6.36,6.53,6.34,6.48,1095953.04
2014-02-20,6.48,6.54,6.38,6.38,666546.32
2014-02-21,6.38,6.44,6.33,6.36,514326.37
2014-02-24,6.33,6.33,6.2,6.22,844298.35
2014-02-25,6.23,6.25,6.09,6.13,843107.29
2014-02-26,6.1,6.22,6.1,6.18,423550.51
2014-02-27,6.19,6.2,6.09,6.18,641572.74
2014-02-28,6.17,6.2,6.06,6.12,627759.82
2014-03-03,6.08,6.1,6.02,6.06,783099.42
2014-03-04,6.04,6.04,5.96,6.01,748678.61
2014-03-05,6.02,6.02,5.93,5.94,579111.38
2014-03-06,5.93,6.03,5.92,6.0,549303.68
2014-03-07,6.0,6.07,5.95,5.97,548203.26
2014-03-10,5.93,5.94,5.83,5.84,709131.13
2014-03-11,5.84,5.88,5.8,5.85,413460.48
2014-03-12,5.83,5.96,5.81,5.93,586955.29
2014-03-13,5.94,6.08,5.91,5.96,700617.95
2014-03-14,5.94,5.94,5.86,5.89,577446.24
2014-03-17,5.94,5.96,5.87,5.91,352786.57
2014-03-18,5.91,5.97,5.89,5.91,448027.41
2014-03-19,5.89,5.89,5.85,5.89,305359.82
2014-03-20,5.89,5.94,5.83,5.83,363313.08
2014-03-21,5.83,6.1,5.82,6.07,1143719.52
2014-03-24,6.07,6.09,6.01,6.07,798450.91
2014-03-25,6.07,6.1,6.02,6.04,419015.49
2014-03-26,6.06,6.07,6.02,6.04,336327.21
2014-03-27,6.04,6.12,5.96,6.04,728401.67
2014-03-28,6.04,6.12,6.02,6.08,675623.92
2014-03-31,6.07,6.1,5.99,6.06,539220.86
2014-04-01,6.05,6.12,6.03,6.09,405535.3
2014-04-02,6.09,6.17,6.08,6.15,469731.44
2014-04-03,6.17,6.2,6.07,6.09,376115.36
2014-04-04,6.07,6.14,6.04,6.14,289837.15
2014-04-08,6.14,6.41,6.14,6.31,1256475.4
2014-04-09,6.31,6.34,6.26,6.28,495461.99
2014-04-10,6.29,6.52,6.25,6.42,1257410.22
2014-04-11,6.41,6.44,6.35,6.41,837004.5
2014-04-14,6.41,6.46,6.3,6.36,445360.83
2014-04-15,6.32,6.33,6.17,6.2,558988.3
2014-04-16,6.2,6.27,6.18,6.23,323000.28
2014-04-17,6.26,6.28,6.21,6.22,249855.43
2014-04-18,6.18,6.23,6.12,6.17,449418.78
2014-04-21,6.14,6.2,6.06,6.07,452250.74
2014-04-22,6.07,6.15,6.06,6.13,397713.33
2014-04-23,6.12,6.18,6.11,6.12,396644.68
2014-04-24,6.15,6.23,6.12,6.16,415197.36
2014-04-25,6.22,6.31,6.16,6.21,728270.04
2014-04-28,6.25,6.27,6.15,6.2,577432.08
2014-04-29,6.22,6.26,6.16,6.23,559273.83
2014-04-30,6.24,6.25,6.18,6.18,384652.22
2014-05-05,6.17,6.18,6.04,6.13,560112.94
2014-05-06,6.12,6.17,6.07,6.09,249921.88
2014-05-07,6.09,6.12,6.07,6.08,331782.36
2014-05-08,6.08,6.19,6.06,6.1,347424.36
2014-05-09,6.12,6.15,6.1,6.11,289613.56
2014-05-12,6.14,6.22,6.12,6.18,465850.65
2014-05-13,6.18,6.19,6.14,6.16,240246.03
2014-05-14,6.17,6.2,6.15,6.16,284904.02
2014-05-15,6.16,6.19,6.14,6.15,263203.72
2014-05-16,6.18,6.21,6.15,6.18,380200.72
2014-05-19,6.17,6.18,6.04,6.08,509744.52
2014-05-20,6.09,6.12,6.06,6.09,254929.73
2014-05-21,6.05,6.15,6.05,6.14,206924.94
2014-05-22,6.14,6.23,6.12,6.14,345990.0
2014-05-23,6.16,6.22,6.14,6.21,253655.22
2014-05-26,6.26,6.26,6.19,6.22,360808.33
2014-05-27,6.22,6.27,6.2,6.23,408484.82
2014-05-28,6.23,6.3,6.22,6.29,451230.41
2014-05-29,6.3,6.32,6.26,6.26,395608.77
2014-05-30,6.26,6.31,6.25,6.26,220714.95
2014-06-03,6.25,6.33,6.21,6.28,362995.31
2014-06-04,6.28,6.29,6.2,6.23,274626.46
2014-06-05,6.24,6.28,6.18,6.26,399444.13
2014-06-06,6.26,6.26,6.13,6.17,575421.95
2014-06-09,6.14,6.25,6.14,6.17,424593.04
2014-06-10,6.2,6.26,6.16,6.26,694025.68
2014-06-11,6.24,6.28,6.21,6.24,372119.58
2014-06-12,6.23,6.24,6.19,6.21,338853.9
2014-06-13,6.2,6.33,6.2,6.3,712121.84
2014-06-16,6.31,6.45,6.27,6.41,907402.21
2014-06-17,6.4,6.4,6.33,6.36,502604.16
2014-06-18,6.36,6.39,6.31,6.32,427681.45
2014-06-19,6.35,6.36,6.26,6.28,448412.98
2014-06-20,6.29,6.31,6.26,6.3,452401.67
2014-06-23,6.3,6.3,6.22,6.23,413421.12
2014-06-24,6.23,6.28,6.22,6.28,318114.65
2014-06-25,6.28,6.28,6.23,6.25,306744.36
2014-06-26,6.27,6.34,6.26,6.31,371089.56
2014-06-27,6.3,6.33,6.26,6.28,407411.51
2014-06-30,6.28,6.33,6.28,6.31,390666.95
2014-07-01,6.32,6.34,6.29,6.31,338596.62
2014-07-02,6.31,6.34,6.3,6.33,382684.56
2014-07-03,6.33,6.38,6.32,6.38,551895.22
2014-07-04,6.37,6.39,6.36,6.38,329355.45
2014-07-07,6.38,6.39,6.35,6.36,321830.68
2014-07-08,6.36,6.41,6.35,6.39,366791.26
2014-07-09,6.39,6.39,6.3,6.31,504461.07
2014-07-10,6.32,6.36,6.32,6.33,425212.7
2014-07-11,6.33,6.39,6.32,6.36,488737.43
2014-07-14,6.36,6.4,6.33,6.4,464433.75
2014-07-15,6.4,6.43,6.37,6.42,449031.97
2014-07-16,6.42,6.46,6.39,6.43,456930.63
2014-07-17,6.43,6.43,6.37,6.39,299212.79
2014-07-18,6.39,6.45,6.38,6.43,458729.84
2014-07-21,6.43,6.45,6.4,6.44,306667.47
2014-07-22,6.45,6.6,6.43,6.55,909242.66
2014-07-23,6.54,6.65,6.54,6.61,787754.25
2014-07-24,6.61,6.83,6.61,6.79,1416128.39
2014-07-25,6.81,6.89,6.81,6.88,775555.87
2014-07-28,6.94,7.24,6.94,7.2,1780572.1
2014-07-29,7.21,7.31,7.16,7.24,1061171.17
2014-07-30,7.24,7.33,7.17,7.21,888114.5
2014-07-31,7.17,7.27,7.15,7.27,698959.97
2014-08-01,7.24,7.43,7.21,7.23,968192.51
2014-08-04,7.23,7.38,7.22,7.38,811925.14
2014-08-05,7.38,7.38,7.29,7.34,632376.88
2014-08-06,7.29,7.29,7.15,7.21,854254.99
2014-08-07,7.17,7.27,7.04,7.05,756617.54
2014-08-08,7.08,7.12,7.02,7.11,588700.29
2014-08-11,7.13,7.3,7.11,7.27,614892.79
2014-08-12,7.21,7.24,7.13,7.16,560070.16
2014-08-13,7.16,7.22,7.09,7.11,629019.88
2014-08-14,7.11,7.17,7.0,7.05,905361.18
2014-08-15,7.04,7.13,7.0,7.08,574984.29
2014-08-18,7.09,7.14,7.06,7.09,482833.16
2014-08-19,7.09,7.1,7.02,7.08,420857.21
2014-08-20,7.05,7.08,7.01,7.04,350769.89
2014-08-21,7.04,7.04,6.9,6.96,549423.72
2014-08-22,6.93,7.04,6.91,7.03,402055.74
2014-08-25,7.04,7.05,6.91,6.94,400540.04
2014-08-26,6.94,6.98,6.91,6.96,376545.64
2014-08-27,6.93,6.98,6.9,6.94,372057.32
2014-08-28,6.94,6.94,6.85,6.87,532492.98
2014-08-29,6.91,6.94,6.86,6.93,311516.13
2014-09-01,6.95,6.96,6.89,6.92,446646.46
2014-09-02,6.93,7.04,6.87,7.02,850663.25
2014-09-03,7.01,7.11,7.0,7.08,821786.89
2014-09-04,7.08,7.13,7.04,7.11,581841.96
2014-09-05,7.13,7.19,7.12,7.17,711097.42
2014-09-09,7.17,7.2,7.08,7.09,526756.17
2014-09-10,7.02,7.08,7.0,7.03,470452.1
2014-09-11,7.02,7.09,6.97,6.98,770928.85
2014-09-12,6.96,7.02,6.94,7.02,372888.34
2014-09-15,6.96,7.0,6.93,6.97,582191.54
2014-09-16,6.98,7.06,6.93,6.94,831012.08
2014-09-17,6.99,7.0,6.9,6.94,615920.07
2014-09-18,6.91,7.0,6.88,6.94,772945.58
2014-09-19,6.93,6.98,6.91,6.97,596316.06
2014-09-22,6.93,6.94,6.77,6.8,786710.55
2014-09-23,6.79,6.85,6.77,6.82,517968.48
2014-09-24,6.79,6.96,6.78,6.94,859530.89
2014-09-25,6.99,7.0,6.87,6.89,736184.11
2014-09-26,6.87,6.9,6.83,6.86,426162.36
2014-09-29,6.86,6.88,6.8,6.83,748088.7
2014-09-30,6.83,6.85,6.8,6.82,539375.11
2014-10-08,6.83,6.87,6.79,6.86,808766.68
2014-10-09,6.86,6.92,6.83,6.86,812066.41
2014-10-10,6.83,6.9,6.82,6.87,730453.11
2014-10-13,6.83,6.87,6.79,6.84,651393.27
2014-10-14,6.82,6.85,6.79,6.8,542721.42
2014-10-15,6.79,6.84,6.77,6.84,524514.47
2014-10-16,6.81,6.9,6.79,6.82,860607.16
2014-10-17,6.82,6.86,6.77,6.81,579617.6
2014-10-20,6.84,6.85,6.79,6.82,451237.22
2014-10-21,6.82,6.84,6.8,6.81,517767.18
2014-10-22,6.81,6.85,6.79,6.8,690877.17
2014-10-23,6.8,6.85,6.79,6.82,734758.2
2014-10-24,6.83,6.86,6.79,6.8,658307.25
2014-10-27,6.78,6.79,6.65,6.67,897505.48
2014-10-28,6.69,6.75,6.67,6.75,841953.39
2014-10-29,6.75,6.86,6.74,6.81,948177.7
2014-10-30,6.82,6.9,6.8,6.87,984867.32
2014-10-31,6.9,7.17,6.89,7.09,2309662.57
2014-11-03,7.12,7.13,7.0,7.02,1075853.73
2014-11-04,7.0,7.0,6.94,6.96,810870.6
2014-11-05,6.94,6.97,6.89,6.9,580824.64
2014-11-06,6.95,6.95,6.9,6.92,501132.68
2014-11-07,6.92,7.08,6.9,6.94,1426038.09
2014-11-10,7.05,7.09,6.96,7.06,1393278.22
2014-11-11,7.08,7.38,7.07,7.23,3737211.25
2014-11-12,7.16,7.22,7.09,7.21,1385872.03
2014-11-13,7.23,7.32,7.16,7.2,1546529.96
2014-11-14,7.17,7.21,7.08,7.17,885592.23
2014-11-17,7.23,7.27,7.09,7.09,985932.24
2014-11-18,7.09,7.11,6.94,6.98,1110287.41
2014-11-19,6.96,7.01,6.96,6.98,617485.24
2014-11-20,6.96,7.02,6.92,6.95,870999.43
2014-11-21,6.97,7.12,6.93,7.09,1227197.71
2014-11-24,7.0,7.19,6.98,7.13,1979351.78
2014-11-25,7.12,7.36,7.09,7.29,2219522.13
2014-11-26,7.3,7.46,7.28,7.44,2786578.26
2014-11-27,7.48,7.59,7.38,7.48,2565696.55
2014-11-28,7.48,8.07,7.38,7.97,5052034.57
2014-12-01,7.98,8.24,7.82,7.95,3657728.74
2014-12-02,7.86,8.53,7.83,8.34,3861348.1
2014-12-03,8.37,8.62,8.13,8.3,4230860.62
2014-12-04,8.43,9.11,8.34,8.95,4876202.97
2014-12-05,9.12,9.52,8.73,9.16,6397785.72
2014-12-08,9.06,9.35,8.81,9.16,7204279.41
2014-12-09,8.99,9.58,8.34,8.56,7594923.85
2014-12-10,8.64,9.32,8.24,9.27,5472089.36
2014-12-11,9.38,9.82,9.14,9.35,5959062.84
2014-12-12,9.21,9.48,8.94,9.13,3769473.24
2014-12-15,9.0,9.0,8.74,8.94,2354855.73
2014-12-16,8.92,9.33,8.85,9.32,3827980.37
2014-12-17,9.35,10.15,9.18,9.91,8431933.78
2014-12-18,9.92,9.98,9.58,9.67,4161166.0
2014-12-19,9.68,9.95,9.49,9.79,3494293.3
2014-12-22,9.84,10.5,9.8,10.09,5664355.78
2014-12-23,9.91,10.28,9.6,9.86,4348084.7
2014-12-24,9.84,9.85,9.19,9.39,3990704.78
2014-12-25,9.52,9.83,9.41,9.69,3680294.83
2014-12-26,9.77,10.09,9.65,10.07,4229379.6
2014-12-29,10.43,10.65,9.85,10.04,5290367.6
2014-12-30,10.1,10.4,10.05,10.29,3911958.44
2014-12-31,10.26,10.91,10.15,10.89,6671289.53
2015-01-05,10.87,11.2,10.67,10.95,5001871.28
2015-01-06,10.76,11.29,10.69,10.78,4268772.34
2015-01-07,10.63,10.87,10.46,10.61,2961696.04
2015-01-08,10.67,10.72,10.19,10.22,2929211.1
2015-01-09,10.21,10.87,10.08,10.31,4613634.97
2015-01-12,10.3,10.44,9.98,10.24,2870027.87
2015-01-13,10.19,10.36,10.07,10.13,1702516.1
2015-01-14,10.22,10.44,10.17,10.31,2271408.65
2015-01-15,10.31,10.63,10.24,10.62,2646841.68
2015-01-16,10.68,10.83,10.55,10.66,3125507.22
2015-01-19,9.6,10.11,9.6,9.6,4990406.02
2015-01-20,9.68,9.83,9.41,9.61,3044808.93
2015-01-21,9.71,10.15,9.58,10.04,3470440.52
2015-01-22,10.04,10.05,9.82,9.93,2156662.87
2015-01-23,10.0,10.17,9.92,9.96,2494226.6
2015-01-26,9.97,10.0,9.76,9.86,1780964.42
2015-01-27,9.88,9.91,9.48,9.65,2569419.22
2015-01-28,9.58,9.74,9.46,9.54,1741448.15
2015-01-29,9.39,9.47,9.29,9.43,1775306.85
2015-01-30,9.47,9.6,9.32,9.41,1818087.21
2015-02-02,9.18,9.39,9.1,9.25,1557868.28
2015-02-03,9.42,9.58,9.32,9.56,1748843.21
2015-02-04,9.58,9.66,9.37,9.39,1296214.66
2015-02-05,9.84,9.88,9.39,9.4,3370617.02
2015-02-06,9.37,9.57,9.29,9.35,1638355.9
2015-02-09,9.35,9.54,9.19,9.46,1719246.98
2015-02-10,9.5,9.68,9.41,9.62,1535259.79
2015-02-11,9.64,9.71,9.56,9.61,935841.14
2015-02-12,9.64,9.65,9.44,9.56,807480.86
2015-02-13,9.6,9.75,9.52,9.6,1504714.74
2015-02-16,9.45,9.51,9.39,9.49,1333875.16
2015-02-17,9.48,9.59,9.46,9.53,923713.1
2015-02-25,9.52,9.54,9.31,9.39,1267476.41
2015-02-26,9.38,9.67,9.31,9.63,1559566.28
2015-02-27,9.65,9.84,9.62,9.65,1456164.95
2015-03-02,9.7,9.73,9.46,9.56,2192373.46
2015-03-03,9.5,9.52,9.29,9.3,1744176.4
2015-03-04,9.41,9.41,9.25,9.33,1259207.07
2015-03-05,9.21,9.26,9.06,9.13,1735485.64
2015-03-06,9.14,9.25,9.13,9.22,1021773.8
2015-03-09,9.23,9.76,9.06,9.63,3161251.24
2015-03-10,9.51,9.58,9.34,9.38,1862956.51
2015-03-11,9.42,9.67,9.39,9.48,1681848.44
2015-03-12,9.68,10.13,9.58,9.93,3830028.8
2015-03-13,9.96,10.21,9.86,9.91,2813042.28
2015-03-16,10.02,10.15,9.87,10.08,2218602.48
2015-03-17,10.11,10.17,10.01,10.11,2394924.56
2015-03-18,10.11,10.35,10.07,10.33,2460585.11
2015-03-19,10.33,10.44,10.15,10.29,2345900.51
2015-03-20,10.28,10.47,10.06,10.3,3149957.66
2015-03-23,10.38,10.43,10.26,10.36,2462740.47
2015-03-24,10.36,10.37,10.2,10.21,2637191.25
2015-03-25,10.12,10.19,9.88,9.95,2167538.37
2015-03-26,9.9,10.12,9.83,9.99,1807993.41
2015-03-27,9.99,10.13,9.91,10.02,1542870.74
2015-03-30,10.12,10.39,10.04,10.33,3044764.23
2015-03-31,10.47,10.77,10.14,10.22,4025621.74
2015-04-01,10.23,10.44,10.21,10.32,2439661.15
2015-04-02,10.44,10.49,10.14,10.28,2389555.01
2015-04-13,11.31,11.31,11.31,11.31,553073.05
2015-04-14,11.79,11.79,11.4,11.47,6585476.88
2015-04-15,11.44,12.0,11.39,11.73,4374860.39
2015-04-16,11.73,12.37,11.66,12.35,4049866.03
2015-04-17,12.44,12.77,12.0,12.02,5436755.23
2015-04-20,12.27,12.27,11.55,11.69,5308511.12
2015-04-21,11.79,11.93,11.7,11.93,2635424.25
2015-04-22,12.12,12.14,11.85,12.08,3408396.56
2015-04-23,12.14,12.25,11.86,11.93,2737717.69
2015-04-24,11.73,11.88,11.43,11.62,2917599.71
2015-04-27,11.68,12.21,11.68,12.1,4072635.94
2015-04-28,12.09,12.62,11.88,12.05,5094257.43
2015-04-29,12.21,12.38,12.08,12.13,3738079.69
2015-04-30,12.14,12.34,11.94,11.96,2664573.38
2015-05-04,11.96,12.04,11.83,11.92,2134037.98
2015-05-05,11.85,11.88,11.3,11.45,2683454.04
2015-05-06,11.55,11.81,11.35,11.51,2612905.46
2015-05-07,11.49,11.77,11.43,11.61,2213697.16
2015-05-08,11.67,11.88,11.42,11.62,2186832.84
2015-05-11,11.49,11.78,11.38,11.75,2772080.85
2015-05-12,11.7,11.77,11.52,11.66,2239252.07
2015-05-13,11.73,11.8,11.44,11.51,2262093.6
2015-05-14,11.52,11.68,11.42,11.48,1844438.21
2015-05-15,11.43,11.59,11.09,11.26,2147432.1
2015-05-18,11.16,11.28,11.05,11.06,1599457.27
2015-05-19,11.06,11.61,11.02,11.57,2492327.81
2015-05-20,11.57,12.21,11.56,11.84,3540802.66
2015-05-21,11.97,12.14,11.75,11.92,1971715.29
2015-05-22,12.03,12.28,11.95,12.27,3119853.98
2015-05-25,12.47,12.71,12.47,12.61,3289330.73
2015-05-26,12.63,12.73,12.42,12.6,2828929.23
2015-05-27,12.61,12.81,12.35,12.52,2411683.09
2015-05-28,12.51,12.56,11.72,11.76,2929423.71
2015-05-29,11.79,11.95,11.45,11.86,2615510.0
2015-06-01,11.76,12.46,11.56,12.36,2809272.96
2015-06-02,12.35,12.56,12.16,12.44,2540376.57
2015-06-03,12.47,12.86,12.17,12.77,3585090.84
2015-06-04,12.76,13.55,12.42,13.42,4959790.45
2015-06-05,13.78,13.92,12.8,13.12,3777124.52
2015-06-08,13.15,13.91,12.87,13.87,5159641.67
2015-06-09,13.88,14.24,13.53,13.67,3661244.64
2015-06-10,13.46,13.89,13.36,13.43,2529208.25
2015-06-11,13.5,13.65,13.17,13.36,2271115.82
2015-06-12,13.51,13.63,13.19,13.33,2451794.13
2015-06-15,13.44,13.61,12.69,12.8,3212209.62
2015-06-16,12.8,13.0,12.47,12.66,2444647.28
2015-06-17,12.88,12.98,12.65,12.75,2527393.72
2015-06-18,12.6,12.7,12.29,12.33,2114489.69
2015-06-19,12.47,12.53,11.75,11.81,2500307.85
2015-06-23,11.85,12.47,11.63,12.38,2879322.45
2015-06-24,12.24,12.52,11.95,12.42,2731337.86
2015-06-25,12.79,12.86,12.02,12.1,3273068.05
2015-06-26,11.92,12.26,11.07,11.42,3935682.23
2015-06-29,11.62,12.0,10.59,11.44,4720206.14
2015-06-30,11.55,12.47,11.55,12.29,4910956.74
2015-07-01,12.03,12.25,11.85,11.95,2936742.62
2015-07-02,12.35,12.59,11.78,12.24,5247746.99
2015-07-03,12.24,12.48,11.5,11.99,4073227.16
2015-07-06,12.93,12.93,12.38,12.81,8146897.31
2015-07-07,12.66,13.95,12.25,13.76,8739488.93
2015-07-08,12.93,14.16,12.38,12.53,9432931.99
2015-07-09,11.91,13.58,11.47,12.93,5886268.98
2015-07-10,12.64,13.78,12.46,12.93,7072022.52
2015-07-13,12.6,12.85,12.28,12.46,3892684.51
2015-07-14,12.27,12.37,11.92,12.16,3558347.93
2015-07-15,12.1,12.6,12.05,12.58,3707645.46
2015-07-16,12.58,12.59,12.12,12.35,2277382.99
2015-07-17,12.49,12.55,12.26,12.5,1841949.67
2015-07-20,12.43,12.59,12.29,12.55,1913055.43
2015-07-21,12.44,12.59,12.26,12.31,1417100.92
2015-07-22,12.19,12.25,12.07,12.15,1471002.76
2015-07-23,12.09,12.28,11.95,12.21,1549408.94
2015-07-24,12.25,12.38,12.13,12.18,1686398.84
2015-07-27,12.08,12.17,11.35,11.37,2072405.36
2015-07-28,11.28,11.81,11.19,11.6,2930593.95
2015-07-29,11.6,11.76,11.5,11.68,1518162.16
2015-07-30,11.67,11.8,11.56,11.56,1105413.03
2015-07-31,11.64,11.83,11.53,11.78,1209035.62
2015-08-03,11.71,12.4,11.61,12.31,2371985.53
2015-08-04,12.23,12.39,12.13,12.35,889698.67
2015-08-05,12.29,12.4,12.15,12.19,637867.91
2015-08-06,12.13,12.63,12.12,12.33,1047216.47
2015-08-07,12.32,12.57,12.29,12.45,976116.55
2015-08-10,12.33,12.7,12.22,12.67,1464518.27
2015-08-11,12.59,12.59,12.26,12.39,1191580.95
2015-08-12,12.18,12.39,12.15,12.18,697562.65
2015-08-13,12.36,12.36,12.01,12.15,705809.29
2015-08-14,12.19,12.22,12.03,12.08,619113.27
2015-08-17,11.97,12.01,11.71,11.8,858986.49
2015-08-18,11.8,11.89,11.35,11.44,1189511.92
2015-08-19,11.6,11.69,11.35,11.66,1208894.48
2015-08-20,11.52,11.55,11.37,11.44,733897.09
2015-08-21,11.37,11.54,11.04,11.26,1020362.87
2015-08-24,10.96,11.12,10.14,10.2,2195667.8
2015-08-25,9.88,10.44,9.54,10.01,1988657.71
2015-08-26,10.01,11.01,9.96,10.95,2498675.79
2015-08-27,11.15,12.05,10.76,12.0,2504204.69
2015-08-28,11.91,12.15,11.61,11.78,1977875.84
2015-08-31,11.69,11.74,11.31,11.61,1425546.97
2015-09-01,11.49,11.83,11.37,11.46,1776455.76
2015-09-02,11.2,11.63,11.1,11.42,1730112.43
2015-09-07,11.27,11.3,10.91,11.0,899923.03
2015-09-08,11.0,11.55,10.93,11.33,997443.06
2015-09-09,11.43,11.43,11.25,11.4,886455.04
2015-09-10,11.3,11.81,11.23,11.77,1419525.41
2015-09-11,11.64,11.78,11.55,11.65,588337.47
2015-09-14,11.64,12.53,11.4,12.49,2387284.59
2015-09-15,12.21,12.42,12.01,12.26,1596821.2
2015-09-16,12.18,12.4,11.9,12.17,924569.85
2015-09-17,12.05,12.33,11.93,11.95,724620.96
2015-09-18,11.93,12.23,11.93,12.05,557792.9
2015-09-21,11.98,12.08,11.85,11.96,510329.3
2015-09-22,12.01,12.32,11.93,12.23,612560.88
2015-09-23,12.12,12.34,11.97,12.07,478814.18
2015-09-24,12.17,12.18,11.85,11.93,400288.62
2015-09-25,11.91,12.16,11.72,12.06,464960.08
2015-09-28,11.95,12.03,11.89,11.92,212576.75
2015-09-29,11.74,11.92,11.74,11.87,301621.01
2015-09-30,11.91,12.19,11.84,12.1,548282.8
2015-10-08,12.39,12.43,11.98,12.07,491823.38
2015-10-09,12.22,12.39,12.14,12.23,309628.15
2015-10-12,12.23,12.44,12.11,12.38,608478.87
2015-10-13,12.36,12.42,12.26,12.29,430796.71
2015-10-14,12.16,12.32,12.12,12.15,289052.63
2015-10-15,12.2,12.6,12.12,12.48,791889.55
2015-10-16,12.52,12.79,12.48,12.65,673860.56
2015-10-19,12.63,12.63,12.38,12.42,556530.65
2015-10-20,12.46,12.53,12.29,12.4,378341.05
2015-10-21,12.37,12.92,12.27,12.72,891993.16
2015-10-22,12.54,12.58,12.4,12.45,432014.64
2015-10-23,12.43,12.5,12.31,12.38,463744.01
2015-10-26,12.48,12.49,12.24,12.3,651918.2
2015-10-27,12.31,12.34,12.17,12.28,374511.95
2015-10-28,12.23,12.25,12.13,12.16,355441.95
2015-10-29,12.15,12.2,12.12,12.12,271891.86
2015-10-30,12.11,12.31,12.1,12.2,434754.25
2015-11-02,12.1,12.28,12.1,12.14,275266.94
2015-11-03,12.14,12.29,12.14,12.18,342588.49
2015-11-04,12.23,12.52,12.15,12.5,623438.14
2015-11-05,12.46,12.99,12.37,12.64,1776023.75
2015-11-06,12.61,12.74,12.46,12.72,959100.98
2015-11-09,12.76,13.6,12.76,12.99,2026971.72
2015-11-10,12.83,12.93,12.63,12.69,859681.88
2015-11-11,12.69,12.69,12.46,12.55,501674.95
2015-11-12,12.63,12.64,12.37,12.44,435027.82
2015-11-13,12.34,12.48,12.31,12.35,359607.42
2015-11-16,12.26,12.37,12.2,12.32,341690.52
2015-11-17,12.39,12.56,12.31,12.35,586906.18
2015-11-18,12.41,12.56,12.25,12.36,470209.62
2015-11-19,12.31,12.42,12.29,12.39,327782.43
2015-11-20,12.35,12.45,12.33,12.35,362312.73
2015-11-23,12.36,12.48,12.33,12.38,476510.3
2015-11-24,12.41,12.41,12.05,12.17,622110.98
2015-11-25,12.15,12.15,11.95,12.07,661011.73
2015-11-26,12.11,12.2,11.91,11.93,637660.44
2015-11-27,11.92,11.92,11.5,11.6,679555.29
2015-11-30,11.62,11.79,11.56,11.71,550020.22
2015-12-01,11.76,11.76,11.51,11.65,397884.53
2015-12-02,11.66,12.25,11.61,12.19,1021647.33
2015-12-03,12.12,12.24,11.99,12.1,715160.47
2015-12-04,11.98,12.04,11.66,11.74,515445.34
2015-12-07,11.71,11.88,11.67,11.84,436894.57
2015-12-08,11.78,11.99,11.69,11.86,451801.01
2015-12-09,11.8,11.97,11.79,11.84,440670.92
2015-12-10,11.84,12.01,11.71,11.75,440717.4
2015-12-11,11.73,11.75,11.34,11.52,1141856.13
2015-12-14,11.4,11.63,11.23,11.61,941421.9
2015-12-15,11.59,11.61,11.5,11.59,461578.31
2015-12-16,11.63,11.63,11.48,11.54,307863.39
2015-12-17,11.57,11.65,11.54,11.64,501910.55
2015-12-18,11.63,12.29,11.6,11.93,1569865.55
2015-12-21,11.86,12.56,11.81,12.41,1526030.76
2015-12-22,12.35,12.47,12.29,12.44,940064.77
2015-12-23,12.44,12.74,12.37,12.38,1088428.54
2015-12-24,12.37,12.46,12.26,12.35,374092.1
2015-12-25,12.4,12.5,12.39,12.48,489263.0
2015-12-28,12.49,12.52,12.12,12.14,487379.35
2015-12-29,12.14,12.23,12.05,12.21,365774.77
2015-12-30,12.18,12.46,11.95,12.43,712665.69
2015-12-31,12.33,12.48,12.19,12.25,721649.23
2016-01-04,12.19,12.22,11.68,11.76,373405.69
2016-01-05,11.69,11.95,11.57,11.73,515777.96
2016-01-06,11.71,11.8,11.61,11.78,319826.91
2016-01-07,11.67,11.67,11.24,11.35,199815.33
2016-01-08,11.44,11.61,11.31,11.44,608227.77
2016-01-11,11.35,11.35,10.89,10.92,654912.42
2016-01-12,10.91,11.06,10.81,10.88,468282.22
2016-01-13,11.03,11.03,10.74,10.8,573435.96
2016-01-14,10.58,10.86,10.56,10.82,429630.31
2016-01-15,10.8,10.84,10.52,10.54,344215.64
2016-01-18,10.48,10.69,10.46,10.5,267350.62
2016-01-19,10.61,10.73,10.45,10.69,388351.8
2016-01-20,10.59,10.67,10.37,10.56,389306.81
2016-01-21,10.49,10.67,10.4,10.41,353224.11
2016-01-22,10.54,10.54,10.3,10.4,307008.16
2016-01-25,10.41,10.54,10.35,10.54,218439.5
2016-01-26,10.43,10.48,10.06,10.11,302085.97
2016-01-27,10.18,10.36,10.1,10.21,512688.41
2016-01-28,10.18,10.25,9.95,10.02,254779.46
2016-01-29,10.04,10.26,9.95,10.2,364674.61
2016-02-01,10.2,10.33,9.86,10.02,270355.94
2016-02-02,9.97,10.18,9.97,10.11,187777.72
2016-02-03,10.02,10.07,9.9,9.99,236607.99
2016-02-04,10.07,10.16,10.0,10.13,223193.14
2016-02-05,10.14,10.16,10.06,10.11,168853.68
2016-02-15,9.87,10.09,9.85,9.98,192908.19
2016-02-16,10.05,10.24,10.02,10.17,265698.33
2016-02-17,10.18,10.26,10.13,10.23,382854.8
2016-02-18,10.18,10.25,10.12,10.14,287651.9
2016-02-19,10.14,10.17,9.99,10.04,225154.37
2016-02-22,10.13,10.29,10.07,10.22,386406.86
2016-02-23,10.22,10.22,10.02,10.09,248628.0
2016-02-24,10.04,10.12,9.99,10.08,214750.72
2016-02-25,10.08,10.08,9.67,9.7,511306.23
2016-02-26,9.77,9.92,9.72,9.84,286839.94
2016-02-29,9.82,9.94,9.56,9.91,483185.46
2016-03-01,9.91,10.06,9.77,9.97,320287.83
2016-03-02,10.07,10.19,10.02,10.18,604562.93
2016-03-03,10.18,10.34,10.15,10.31,535118.76
2016-03-04,10.31,10.9,10.22,10.87,1644678.81
2016-03-07,10.82,10.89,10.65,10.74,410664.85
2016-03-08,10.74,10.88,10.35,10.86,452570.82
2016-03-09,10.71,10.95,10.49,10.93,742320.24
2016-03-10,10.77,10.88,10.65,10.66,198869.94
2016-03-11,10.61,10.74,10.5,10.73,327895.6
2016-03-14,10.74,10.92,10.65,10.7,314968.16
2016-03-15,10.76,10.88,10.62,10.8,355205.08
2016-03-16,10.81,11.2,10.75,11.18,1236574.53
2016-03-17,11.16,11.16,10.97,11.05,460711.49
2016-03-18,11.16,11.16,10.92,11.01,595776.53
2016-03-21,11.03,11.19,10.97,11.04,502537.93
2016-03-22,11.07,11.18,11.0,11.02,337419.62
2016-03-23,11.07,11.09,11.01,11.01,191400.21
2016-03-24,11.01,11.05,10.9,10.97,239908.03
2016-03-25,10.97,11.03,10.96,10.98,159292.95
2016-03-28,10.99,11.03,10.76,10.79,221375.82
2016-03-29,10.82,10.93,10.73,10.75,197165.28
2016-03-30,10.75,11.1,10.74,11.05,296754.75
2016-03-31,11.1,11.13,10.9,10.95,259496.03
2016-04-01,11.01,11.1,10.88,11.07,384883.44
2016-04-05,10.98,11.14,10.94,11.12,392969.38
2016-04-06,11.03,11.13,11.02,11.07,300725.83
2016-04-07,11.11,11.13,10.93,10.96,295563.13
2016-04-08,10.89,11.03,10.88,11.0,224398.05
2016-04-11,11.0,11.28,10.99,11.1,317808.47
2016-04-12,11.17,11.17,10.97,11.09,174563.59
2016-04-13,11.16,11.35,10.89,11.22,400469.4
2016-04-14,11.23,11.35,11.14,11.2,229842.0
2016-04-15,11.27,11.6,11.2,11.52,588337.67
2016-04-18,11.41,11.76,11.38,11.61,505232.6
2016-04-19,11.71,11.73,11.59,11.65,300796.07
2016-04-20,11.65,11.82,11.44,11.8,787483.33
2016-04-21,11.76,12.2,11.69,12.04,794121.06
2016-04-22,11.98,12.27,11.95,12.16,556255.58
2016-04-25,12.08,12.23,11.85,12.18,396678.2
2016-04-26,12.12,12.22,11.98,12.19,390216.52
2016-04-27,12.18,12.22,12.12,12.17,250716.11
2016-04-28,12.2,12.2,12.03,12.17,281957.86
2016-04-29,12.16,12.2,12.07,12.08,190015.57
2016-05-03,12.11,12.15,11.95,12.05,350537.06
2016-05-04,12.05,12.05,11.97,12.01,243887.52
2016-05-05,12.01,12.05,11.88,11.99,203050.75
2016-05-06,11.99,12.01,11.78,11.79,296660.28
2016-05-09,11.8,11.88,11.71,11.78,235979.62
2016-05-10,11.65,11.85,11.56,11.6,288015.21
2016-05-11,11.61,11.79,11.61,11.67,208071.0
2016-05-12,11.59,11.97,11.59,11.88,260792.41
2016-05-13,11.85,11.99,11.8,11.96,239120.86
2016-05-16,11.95,12.01,11.9,11.91,379998.62
2016-05-17,11.91,11.93,11.84,11.9,134986.37
2016-05-18,11.85,12.16,11.84,12.13,461743.48
2016-05-19,12.08,12.16,12.03,12.12,170977.54
2016-05-20,12.09,12.2,12.05,12.17,145028.42
2016-05-23,12.17,12.23,11.9,11.93,168498.58
2016-05-24,11.92,11.92,11.79,11.8,88255.74
2016-05-25,11.97,11.97,11.87,11.95,102916.61
2016-05-26,11.91,12.12,11.91,12.04,127883.26
2016-05-27,12.1,12.1,11.99,12.02,74144.1
2016-05-30,12.08,12.16,11.99,12.14,207546.33
2016-05-31,12.17,12.27,12.12,12.25,411390.84
2016-06-01,12.31,12.31,12.07,12.14,220136.72
2016-06-02,12.13,12.17,12.02,12.07,107553.12
2016-06-03,12.12,12.14,12.05,12.1,98526.12
2016-06-06,12.07,12.14,11.95,12.01,127703.52
2016-06-07,12.09,12.16,11.97,12.12,112503.55
2016-06-08,12.08,12.14,12.01,12.1,95149.26
2016-06-13,11.97,12.11,11.77,11.79,162207.13
2016-06-14,11.8,11.91,11.77,11.83,109534.58
2016-06-15,11.74,11.88,11.74,11.84,187358.48
2016-06-16,11.75,11.88,11.75,11.84,221138.62
2016-06-17,11.83,12.03,11.82,11.91,137602.41
2016-06-20,11.99,12.0,11.86,11.92,156971.88
2016-06-21,11.93,12.05,11.91,11.94,113270.69
2016-06-22,11.91,11.98,11.88,11.91,100672.8
2016-06-23,11.93,11.93,11.74,11.75,160611.33
2016-06-24,11.75,11.83,11.69,11.74,608599.19
2016-06-27,11.74,11.8,11.69,11.76,195077.06
2016-06-28,11.74,11.79,11.71,11.77,130116.44
2016-06-29,11.78,11.91,11.76,11.88,216735.74
2016-06-30,11.89,11.95,11.84,11.91,175404.55
2016-07-01,11.91,12.02,11.91,12.0,109878.43
2016-07-04,12.0,12.2,12.0,12.06,177033.19
2016-07-05,12.11,12.11,11.88,11.95,186122.87
2016-07-06,11.93,11.94,11.78,11.86,207506.17
2016-07-07,11.85,11.93,11.81,11.92,152674.55
2016-07-08,11.91,11.92,11.81,11.84,152161.46
2016-07-11,11.91,11.95,11.84,11.9,160141.59
2016-07-12,11.9,12.08,11.88,12.05,254320.37
2016-07-13,12.13,12.32,12.05,12.08,288970.03
2016-07-14,12.09,12.15,12.04,12.1,126895.32
2016-07-15,12.1,12.16,12.1,12.14,110715.2
2016-07-18,12.15,12.39,12.13,12.22,246652.03
2016-07-19,12.22,12.27,12.1,12.12,139797.88
2016-07-20,12.11,12.14,12.05,12.09,117151.76
2016-07-21,12.09,12.23,12.09,12.21,146024.27
2016-07-22,12.22,12.22,12.06,12.1,100294.23
2016-07-25,12.1,12.17,12.05,12.12,81010.64
2016-07-26,12.08,12.18,12.08,12.16,117382.63
2016-07-27,12.18,12.31,11.96,12.3,321172.98
2016-07-28,12.17,12.25,12.1,12.14,196313.62
2016-07-29,12.15,12.2,12.07,12.15,121918.55
2016-08-01,12.15,12.21,12.11,12.17,198993.07
2016-08-02,12.19,12.22,12.12,12.15,98296.28
2016-08-03,12.1,12.15,12.05,12.09,93585.04
2016-08-04,12.12,12.12,12.03,12.08,118193.69
2016-08-05,12.08,12.15,12.08,12.11,167656.02
2016-08-08,12.14,12.15,12.09,12.13,131510.09
2016-08-09,12.13,12.18,12.11,12.16,254387.28
2016-08-10,12.16,12.25,12.15,12.24,187676.77
2016-08-11,12.25,12.66,12.22,12.36,312363.43
2016-08-12,12.4,12.75,12.37,12.74,445161.36
2016-08-15,12.82,13.45,12.76,13.05,817392.3
2016-08-16,13.2,13.36,12.83,12.97,602743.44
2016-08-17,13.05,13.23,12.97,13.03,219079.73
2016-08-18,12.98,13.21,12.84,12.91,323838.32
2016-08-19,12.99,13.28,12.97,13.19,392547.63
2016-08-22,13.19,13.31,13.11,13.24,208212.6
2016-08-23,13.18,13.46,13.12,13.22,288231.68
2016-08-24,13.22,13.24,13.05,13.19,191408.9
2016-08-25,13.15,13.2,12.88,13.11,194665.04
2016-08-26,13.09,13.17,13.06,13.14,169206.81
2016-08-29,13.07,13.09,12.77,12.94,205364.84
2016-08-30,12.92,13.12,12.91,13.06,191189.19
2016-08-31,13.0,13.29,13.0,13.19,156106.97
2016-09-01,13.17,13.3,13.14,13.19,155452.43
2016-09-02,13.12,13.26,13.09,13.23,178616.57
2016-09-05,13.23,13.33,13.15,13.28,198655.0
2016-09-06,13.28,13.3,13.05,13.11,179394.03
2016-09-07,13.11,13.19,13.03,13.14,177063.15
2016-09-08,13.16,13.19,13.09,13.12,83202.07
2016-09-09,13.12,13.15,12.97,12.98,86708.62
2016-09-12,12.86,12.88,12.61,12.68,281284.06
2016-09-13,12.68,12.8,12.68,12.68,135417.08
2016-09-14,12.74,12.74,12.38,12.42,222196.75
2016-09-19,12.43,12.66,12.43,12.61,168201.68
2016-09-20,12.61,12.64,12.51,12.56,102509.71
2016-09-21,12.57,12.71,12.57,12.66,76723.04
2016-09-22,12.74,12.87,12.66,12.73,123548.37
2016-09-23,12.74,12.81,12.7,12.73,135531.86
2016-09-26,12.68,12.81,12.64,12.75,146997.57
2016-09-27,12.73,12.82,12.71,12.8,100012.67
2016-09-28,12.79,12.79,12.63,12.67,107347.06
2016-09-29,12.72,12.8,12.69,12.75,103092.8
2016-09-30,12.72,12.82,12.71,12.75,84308.17
2016-10-10,12.77,13.02,12.77,12.96,190938.95
2016-10-11,12.98,13.09,12.93,12.98,129294.2
2016-10-12,12.95,12.97,12.82,12.85,104799.69
2016-10-13,12.85,12.9,12.78,12.81,105598.24
2016-10-14,12.82,12.85,12.75,12.82,122385.16
2016-10-17,12.8,12.82,12.63,12.65,122380.87
2016-10-18,12.65,12.74,12.63,12.7,143019.48
2016-10-19,12.7,12.78,12.63,12.66,119301.49
2016-10-20,12.68,12.73,12.63,12.67,123579.1
2016-10-21,12.68,12.7,12.62,12.68,124363.52
2016-10-24,12.7,13.05,12.65,12.97,291560.35
2016-10-25,12.97,13.07,12.81,12.84,197582.14
2016-10-26,12.83,12.85,12.71,12.73,143368.07
2016-10-27,12.79,12.79,12.59,12.61,218250.12
2016-10-28,12.61,12.78,12.61,12.68,204116.26
2016-10-31,12.66,12.72,12.55,12.65,128933.23
2016-11-01,12.66,12.74,12.6,12.73,189405.36
2016-11-02,12.65,12.71,12.58,12.63,309535.99
2016-11-03,12.63,12.73,12.6,12.7,270809.68
2016-11-04,12.68,12.75,12.66,12.68,269388.15
2016-11-07,12.68,12.7,12.64,12.67,208258.32
2016-11-08,12.69,12.79,12.67,12.74,262348.51
2016-11-09,12.75,12.8,12.59,12.67,342437.88
2016-11-10,12.71,12.83,12.71,12.75,271170.31
2016-11-11,12.71,12.8,12.7,12.76,276348.54
2016-11-14,12.75,12.92,12.71,12.78,353540.71
2016-11-15,12.82,12.92,12.77,12.88,256507.32
2016-11-16,12.91,12.95,12.78,12.83,235212.74
2016-11-17,12.83,12.85,12.75,12.83,271773.26
2016-11-18,12.83,12.86,12.77,12.82,185514.58
2016-11-21,12.8,13.23,12.8,12.99,413476.41
2016-11-22,13.01,13.09,12.95,13.01,524920.06
2016-11-23,13.03,13.39,13.01,13.34,663515.1
2016-11-24,13.29,13.43,13.18,13.27,267501.97
2016-11-25,13.31,13.47,13.22,13.45,409433.11
2016-11-28,13.53,13.6,13.12,13.21,851464.67
2016-11-29,13.21,13.29,13.11,13.28,491079.94
2016-11-30,13.29,13.33,13.08,13.14,391298.09
2016-12-01,13.14,13.2,13.04,13.09,537989.59
2016-12-02,13.12,13.13,12.92,13.09,483921.42
2016-12-05,13.02,13.22,12.99,13.22,503517.65
2016-12-06,13.22,13.3,13.15,13.17,317290.59
2016-12-07,13.21,13.25,13.16,13.19,121672.26
2016-12-08,13.22,13.37,13.19,13.29,269307.35
2016-12-09,13.29,13.7,13.28,13.6,625821.13
2016-12-12,13.57,13.92,13.39,13.63,794881.83
2016-12-13,13.52,13.6,13.32,13.37,249331.78
2016-12-14,13.31,13.56,13.31,13.33,327806.88
2016-12-15,13.26,13.26,12.89,12.92,366124.61
2016-12-16,12.92,13.03,12.83,12.88,242168.36
2016-12-19,12.85,12.88,12.7,12.75,246244.87
2016-12-20,12.74,12.74,12.54,12.6,298001.67
2016-12-21,12.63,12.73,12.59,12.61,308684.03
2016-12-22,12.64,12.64,12.5,12.55,219230.62
2016-12-23,12.59,12.59,12.42,12.46,181081.64
2016-12-26,12.44,12.59,12.32,12.57,163431.0
2016-12-27,12.56,12.62,12.5,12.54,100907.99
2016-12-28,12.55,12.59,12.39,12.48,267871.89
2016-12-29,12.46,12.48,12.34,12.39,284391.91
2016-12-30,12.42,12.47,12.37,12.46,227259.52
2017-01-03,12.46,12.73,12.44,12.72,304583.2
2017-01-04,12.68,12.83,12.64,12.76,256657.46
2017-01-05,12.78,12.9,12.77,12.82,245639.35
2017-01-06,12.82,12.86,12.72,12.72,174878.54
2017-01-09,12.78,12.84,12.68,12.71,173460.31
2017-01-10,12.71,12.81,12.68,12.71,106682.37
2017-01-11,12.77,12.8,12.7,12.72,134289.68
2017-01-12,12.71,12.84,12.71,12.75,140958.58
2017-01-13,12.75,13.02,12.73,12.9,251178.71
2017-01-16,12.88,13.17,12.86,13.16,751046.66
2017-01-17,13.1,13.17,13.05,13.07,235660.1
2017-01-18,13.09,13.18,13.08,13.17,178795.65
2017-01-19,13.14,13.27,13.11,13.12,131174.22
2017-01-20,13.13,13.21,13.08,13.17,217390.51
2017-01-23,13.23,13.29,13.04,13.1,198798.18
2017-01-24,13.17,13.37,13.1,13.36,255436.3
2017-01-25,13.32,13.42,13.23,13.37,152721.78
2017-01-26,13.39,13.63,13.33,13.46,273186.66
2017-02-03,13.51,13.51,13.22,13.24,233073.1
2017-02-06,13.37,13.39,13.13,13.19,240443.19
2017-02-07,13.19,13.23,13.14,13.15,229412.49
2017-02-08,13.14,13.17,13.09,13.17,197103.26
2017-02-09,13.17,13.41,13.17,13.26,222498.68
2017-02-10,13.36,13.43,13.26,13.39,396428.13
2017-02-13,13.39,13.52,13.38,13.43,253309.96
2017-02-14,13.46,13.48,13.32,13.36,237877.41
2017-02-15,13.43,13.62,13.39,13.55,596844.78
2017-02-16,13.59,13.7,13.48,13.56,352234.24
2017-02-17,13.59,13.62,13.44,13.47,179806.08
2017-02-20,13.48,13.81,13.44,13.74,446350.85
2017-02-21,13.76,14.03,13.73,13.75,300567.84
2017-02-22,13.76,13.86,13.67,13.74,225502.62
2017-02-23,13.75,13.77,13.65,13.73,156566.02
2017-02-24,13.73,13.81,13.65,13.76,207022.6
2017-02-27,13.73,13.86,13.64,13.75,254521.55
2017-02-28,13.74,13.87,13.71,13.77,165953.74
2017-03-01,13.77,13.82,13.65,13.7,239839.33
2017-03-02,13.73,13.77,13.51,13.53,241513.35
2017-03-03,13.51,13.58,13.42,13.46,169721.46
2017-03-06,13.46,13.73,13.46,13.5,238081.14
2017-03-07,13.53,13.66,13.43,13.63,252478.32
2017-03-08,13.54,13.7,13.51,13.66,194865.76
2017-03-09,13.63,13.63,13.4,13.49,231953.22
2017-03-10,13.47,13.49,13.34,13.39,209052.58
2017-03-13,13.38,13.49,13.32,13.48,170561.07
2017-03-14,13.48,13.59,13.47,13.53,181592.74
2017-03-15,13.53,13.55,13.43,13.46,218284.14
2017-03-16,13.53,13.63,13.47,13.5,311854.72
2017-03-17,13.58,13.6,13.3,13.32,355353.57
2017-03-20,13.38,13.42,13.18,13.29,334630.11
2017-03-21,13.28,13.34,13.21,13.29,401848.05
2017-03-22,13.27,13.28,13.09,13.12,469079.76
2017-03-23,13.12,13.32,13.09,13.2,409431.4
2017-03-24,13.29,13.31,13.19,13.3,327816.46
2017-03-27,13.31,13.68,13.31,13.53,800191.92
2017-03-28,13.63,13.68,13.39,13.43,420273.43
2017-03-29,13.45,13.57,13.44,13.52,449347.19
2017-03-30,13.52,13.56,13.43,13.47,257268.55
2017-03-31,13.47,13.63,13.47,13.58,339623.46
2017-04-05,13.61,13.66,13.46,13.51,486025.92
2017-04-06,13.49,13.53,13.41,13.48,340967.37
2017-04-07,13.49,13.51,13.33,13.38,440340.33
2017-04-10,13.41,13.43,13.24,13.39,323135.32
2017-04-11,13.39,13.49,13.37,13.47,394075.7
2017-04-12,13.47,13.54,13.39,13.49,321435.38
2017-04-13,13.48,13.49,13.35,13.4,267048.97
2017-04-14,13.39,13.41,13.21,13.33,301427.0
2017-04-17,13.29,13.39,13.17,13.37,407583.04
2017-04-18,13.31,13.35,13.17,13.17,315857.92
2017-04-19,13.16,13.28,13.03,13.07,309280.72
2017-04-20,13.17,13.17,13.02,13.02,283677.69
2017-04-21,13.1,13.41,13.02,13.31,497430.44
2017-04-24,13.38,13.46,13.31,13.39,371433.01
2017-04-25,13.42,13.5,13.3,13.43,408790.01
2017-04-26,13.43,13.58,13.39,13.53,424191.44
2017-04-27,13.46,13.51,13.34,13.44,345574.8
2017-04-28,13.53,13.63,13.46,13.55,494596.93
2017-05-02,13.56,13.6,13.41,13.46,277869.07
2017-05-03,13.45,13.48,13.35,13.41,180579.05
2017-05-04,13.42,13.43,13.22,13.28,396733.9
2017-05-05,13.31,13.34,13.13,13.31,343184.43
2017-05-08,13.22,13.36,13.21,13.31,429984.87
2017-05-09,13.31,13.35,13.27,13.31,149056.01
2017-05-10,13.35,13.58,13.32,13.47,420663.3
2017-05-11,13.52,13.77,13.46,13.64,471933.21
2017-05-12,13.63,14.43,13.59,14.41,1223924.16
2017-05-15,14.48,14.94,14.46,14.64,835590.57
2017-05-16,14.55,14.69,14.41,14.51,647317.94
2017-05-17,14.42,14.54,14.21,14.3,596935.02
2017-05-18,14.17,14.39,14.17,14.34,363454.21
2017-05-19,14.28,14.58,14.24,14.54,391794.6
2017-05-22,14.49,14.98,14.49,14.79,578885.23
2017-05-23,14.79,15.58,14.79,15.46,950344.29
2017-05-24,15.45,15.76,15.25,15.52,741506.74
2017-05-25,15.45,16.3,15.44,16.25,1066678.13
2017-05-26,16.28,16.33,15.89,16.03,785054.19
2017-05-31,15.9,16.26,15.71,15.88,739755.17
2017-06-01,15.81,16.04,15.74,16.0,780922.38
2017-06-02,16.08,16.11,15.63,15.69,510194.53
2017-06-05,15.53,15.7,15.3,15.57,650265.49
2017-06-06,15.58,15.67,15.34,15.53,548844.5
2017-06-07,15.59,15.99,15.55,15.95,964963.05
2017-06-08,15.83,16.13,15.57,16.1,748657.98
2017-06-09,16.11,16.5,16.02,16.23,837533.01
2017-06-12,16.18,16.47,16.05,16.18,555654.34
2017-06-13,16.22,16.27,15.79,15.93,542608.16
2017-06-14,15.93,16.01,15.54,15.6,518015.61
2017-06-15,15.6,15.85,15.31,15.33,675372.81
2017-06-16,15.32,15.45,15.19,15.24,531910.74
2017-06-19,15.32,15.6,15.26,15.5,546633.3
2017-06-20,15.6,15.78,15.32,15.44,532168.17
2017-06-21,15.59,15.64,15.26,15.61,507863.21
2017-06-22,15.56,17.01,15.53,16.65,1523888.02
2017-06-23,16.56,16.9,16.32,16.87,941208.81
2017-06-26,16.9,17.51,16.84,16.88,889957.83
2017-06-27,16.8,18.0,16.65,17.84,1075846.36
2017-06-28,17.66,17.93,17.43,17.43,737129.67
2017-06-29,17.58,17.83,17.34,17.69,594213.56
2017-06-30,17.58,17.71,17.36,17.51,406988.2
2017-07-03,17.43,17.43,17.09,17.23,416238.71
2017-07-04,17.22,17.29,16.71,16.85,573636.8
2017-07-05,16.83,17.61,16.74,17.5,783996.96
2017-07-06,17.37,17.68,17.14,17.55,624333.0
2017-07-07,17.43,17.5,16.88,17.04,632179.85
2017-07-10,17.08,17.27,16.88,17.04,372034.37
2017-07-11,17.01,17.86,16.96,17.64,730383.07
2017-07-12,17.65,18.36,17.54,17.83,858003.91
2017-07-13,17.83,18.35,17.73,18.24,559404.16
2017-07-14,18.3,18.61,18.12,18.44,508060.29
2017-07-17,18.38,18.79,18.12,18.39,709287.5
2017-07-18,18.24,18.35,17.61,17.96,645346.55
2017-07-19,17.9,18.58,17.87,18.47,630770.91
2017-07-20,18.38,18.49,18.16,18.46,514337.44
2017-07-21,18.37,18.57,18.05,18.12,327647.47
2017-07-24,18.14,18.87,18.07,18.83,625922.01
2017-07-25,18.9,19.22,18.6,18.7,743945.06
2017-07-26,18.69,19.07,18.43,18.65,463343.11
2017-07-27,18.66,19.17,18.6,18.97,434532.32
2017-07-28,18.87,19.04,18.68,18.88,280361.97
2017-07-31,18.78,19.01,18.59,18.73,341959.65
2017-08-01,18.74,19.15,18.57,19.15,478065.69
2017-08-02,19.13,19.83,19.06,19.5,606283.59
2017-08-03,19.42,19.53,18.93,18.96,510286.09
2017-08-04,18.95,19.12,18.55,18.69,489270.96
2017-08-07,18.6,19.12,18.6,19.03,309135.83
2017-08-08,18.97,19.09,18.79,18.93,220463.46
2017-08-09,18.88,19.1,18.68,18.71,292485.9
2017-08-10,18.65,18.85,18.3,18.41,464651.33
2017-08-11,18.29,18.5,17.9,17.94,521732.38
2017-08-14,18.02,18.22,17.76,18.16,535947.72
2017-08-15,18.16,18.94,18.15,18.7,536900.1
2017-08-16,18.61,18.65,18.33,18.44,297828.47
2017-08-17,18.45,18.53,18.2,18.35,321460.44
2017-08-18,18.24,18.74,18.16,18.62,397344.26
2017-08-21,18.62,18.69,18.35,18.53,315253.64
2017-08-22,18.62,18.99,18.44,18.96,502879.37
2017-08-23,19.03,19.65,18.92,19.42,607368.01
2017-08-24,19.41,19.66,19.2,19.55,461615.5
2017-08-25,19.63,20.2,19.63,20.16,660920.14
2017-08-28,20.2,20.43,19.78,19.95,547461.21
2017-08-29,19.97,20.11,19.82,19.88,328702.41
2017-08-30,20.06,20.48,19.75,19.89,472055.69
2017-08-31,19.89,19.98,19.34,19.59,590810.38
2017-09-01,19.59,19.91,19.43,19.6,479746.43
2017-09-04,19.44,19.77,19.35,19.75,356316.93
2017-09-05,19.7,20.05,19.59,20.02,405732.9
2017-09-06,19.98,19.98,19.61,19.69,329486.66
2017-09-07,19.7,19.7,19.27,19.3,466756.59
2017-09-08,19.31,19.48,19.26,19.32,290972.13
2017-09-11,19.48,19.69,19.13,19.17,467592.79
2017-09-12,19.25,19.4,19.01,19.37,426202.26
2017-09-13,19.37,19.39,19.08,19.17,328668.66
2017-09-14,19.17,19.23,18.79,18.94,472234.52
2017-09-15,18.86,19.1,18.74,19.02,327862.67
2017-09-18,19.02,19.12,18.82,18.87,511077.28
2017-09-19,18.89,19.23,18.82,19.17,472741.18
2017-09-20,19.12,19.28,18.91,18.96,517859.47
2017-09-21,19.01,19.26,18.93,19.09,409272.53
2017-09-22,18.97,19.25,18.92,19.01,280309.92
2017-09-25,18.94,19.13,18.82,18.9,320064.96
2017-09-26,18.83,18.97,18.78,18.83,224680.76
2017-09-27,18.8,18.86,18.55,18.6,337791.55
2017-09-28,18.66,18.67,18.4,18.46,347232.19
2017-09-29,18.46,18.88,18.41,18.71,471641.83
2017-10-09,19.63,19.77,18.96,19.1,1002965.37
2017-10-10,19.08,19.45,18.62,19.13,1052506.62
2017-10-11,19.08,19.23,18.98,19.07,483999.77
2017-10-12,19.15,19.45,19.07,19.31,478422.07
2017-10-13,19.31,19.45,19.16,19.19,327343.25
2017-10-16,19.26,19.74,19.19,19.68,707031.52
2017-10-17,19.56,20.02,19.54,19.8,582939.41
2017-10-18,19.82,19.99,19.71,19.86,383277.77
2017-10-19,19.89,20.0,19.72,19.85,408096.14
2017-10-20,19.75,19.83,19.56,19.61,281302.62
2017-10-23,19.61,19.69,19.39,19.41,347313.42
2017-10-24,19.42,19.65,19.34,19.5,370779.31
2017-10-25,19.46,19.69,19.34,19.63,339319.69
2017-10-26,19.53,19.92,19.35,19.45,688502.33
2017-10-27,19.54,20.61,19.54,20.58,1228582.98
2017-10-30,20.4,20.55,20.15,20.35,1039980.76
2017-10-31,20.14,20.21,19.71,19.85,624173.34
2017-11-01,19.86,19.91,19.52,19.7,695137.33
2017-11-02,19.63,19.79,19.56,19.78,362394.53
2017-11-03,19.76,19.89,19.49,19.82,680869.07
2017-11-06,19.7,19.73,19.24,19.49,699591.23
2017-11-07,19.48,19.97,19.43,19.8,730614.56
2017-11-08,19.78,20.09,19.63,19.84,720480.87
2017-11-09,19.77,20.12,19.66,19.83,351539.36
2017-11-10,19.71,19.94,19.48,19.83,700108.39
2017-11-13,19.86,20.76,19.86,20.27,1367637.38
2017-11-14,20.32,20.71,20.27,20.52,844499.09
2017-11-15,20.35,20.73,20.22,20.42,690364.14
2017-11-16,20.34,20.6,20.13,20.58,679488.6
2017-11-17,20.73,21.61,20.73,21.52,1551975.18
2017-11-20,21.52,22.49,21.31,22.36,1309590.08
2017-11-21,22.19,22.92,22.03,22.24,1119846.33
2017-11-22,22.37,23.19,22.37,22.63,975790.5
2017-11-23,22.56,22.8,21.61,21.97,890795.47
2017-11-24,22.16,22.55,21.7,22.04,812637.87
2017-11-27,21.87,21.94,21.15,21.88,985411.0
2017-11-28,21.58,21.77,21.17,21.38,616270.96
2017-11-29,21.47,21.75,21.1,21.65,580196.44
2017-11-30,21.47,21.58,21.05,21.23,501838.02
2017-12-01,21.23,21.32,20.76,20.95,675775.61
2017-12-04,20.82,21.29,20.82,21.04,416075.47
2017-12-05,21.04,21.67,21.04,21.6,884529.2
2017-12-06,21.5,21.5,20.88,21.19,552655.42
2017-12-07,21.02,21.29,20.4,20.69,652152.49
2017-12-08,20.6,20.93,20.44,20.89,521478.04
2017-12-11,20.83,21.24,20.48,21.19,797430.13
2017-12-12,21.02,21.29,20.75,20.76,551097.15
2017-12-13,20.76,21.08,20.47,20.95,536158.8
2017-12-14,20.9,21.24,20.84,20.97,529391.87
2017-12-15,20.93,20.95,20.51,20.55,488065.21
2017-12-18,20.58,20.88,20.54,20.75,373894.97
2017-12-19,20.85,21.61,20.76,21.5,771232.0
2017-12-20,21.54,21.79,21.3,21.58,554399.85
2017-12-21,21.51,21.97,21.39,21.71,567380.26
2017-12-22,21.61,21.71,21.36,21.45,443138.47
2017-12-25,21.38,21.95,21.33,21.45,601075.75
2017-12-26,21.4,21.83,21.39,21.76,613999.8
2017-12-27,21.61,21.81,20.93,21.06,633932.14
2017-12-28,21.06,21.18,20.84,20.97,421202.27
2017-12-29,20.97,21.27,20.95,21.25,329042.89
2018-01-02,21.25,22.02,21.25,21.69,675913.07
2018-01-03,21.78,22.32,21.71,21.95,718503.39
2018-01-04,22.18,22.24,21.53,21.72,516865.93
2018-01-05,21.88,22.16,21.58,22.05,479908.2
2018-01-08,21.91,22.01,21.47,21.58,658578.9
2018-01-09,21.62,21.91,21.5,21.8,398677.97
2018-01-10,21.72,22.54,21.67,22.36,799282.86
2018-01-11,22.35,22.82,22.27,22.65,540744.86
2018-01-12,22.79,23.13,22.72,23.08,487343.15
2018-01-15,23.06,23.73,22.92,23.39,673146.01
2018-01-16,23.29,23.64,23.1,23.36,652819.03
2018-01-17,23.51,24.25,23.07,23.21,1026546.38
2018-01-18,23.51,23.99,23.51,23.67,811039.71
2018-01-19,23.92,24.43,23.59,23.77,841328.9
2018-01-22,23.57,24.64,23.55,24.23,945729.55
2018-01-23,24.32,25.03,24.32,24.94,868994.82
2018-01-24,25.09,25.89,24.5,24.79,1176483.67
2018-01-25,24.91,24.92,24.1,24.47,789040.29
2018-01-26,24.31,25.12,24.31,24.51,706673.94
2018-01-29,24.54,24.96,24.03,24.16,684920.95
2018-01-30,24.1,24.29,23.74,23.86,365713.13
2018-01-31,23.69,24.9,23.6,24.86,664794.2
2018-02-01,24.94,25.58,24.79,25.23,692849.61
2018-02-02,24.93,25.33,24.68,25.27,494732.07
2018-02-05,24.78,25.72,24.76,25.55,743285.91
2018-02-06,24.98,25.41,24.53,25.36,1416913.37
2018-02-07,25.33,25.58,23.51,23.72,1502882.62
2018-02-08,23.4,23.72,22.58,22.91,1069829.61
2018-02-09,22.21,22.57,20.95,22.49,1327539.69
2018-02-12,22.27,22.44,21.53,22.01,876966.16
2018-02-13,22.25,22.9,22.23,22.64,799267.73
2018-02-14,22.67,23.05,22.28,22.98,334942.93
2018-02-22,23.35,23.58,22.84,23.07,677681.09
2018-02-23,23.07,23.51,22.87,23.28,515007.54
2018-02-26,23.36,23.69,22.87,23.08,718618.12
2018-02-27,23.12,23.18,22.45,22.61,715338.2
2018-02-28,22.25,22.52,21.98,22.19,532577.06
2018-03-01,21.99,22.6,21.98,22.27,402769.61
2018-03-02,22.06,22.31,21.99,21.99,338759.97
2018-03-05,22.05,22.4,21.91,22.08,336201.19
2018-03-06,22.26,22.32,21.6,22.0,618836.56
2018-03-07,22.34,22.76,22.23,22.54,842334.44
2018-03-08,22.6,22.75,22.27,22.65,405007.23
2018-03-09,22.85,23.07,22.69,22.82,355100.45
2018-03-12,23.03,23.06,22.56,22.59,581736.96
2018-03-13,22.63,22.98,22.43,22.51,373746.86
2018-03-14,22.39,22.41,22.13,22.26,263175.99
2018-03-15,22.13,22.47,22.13,22.35,241959.76
2018-03-16,22.39,22.47,22.05,22.07,368024.29
2018-03-19,21.98,22.51,21.9,22.49,322733.32
2018-03-20,22.38,22.78,22.35,22.7,382394.59
2018-03-21,22.91,23.29,22.79,22.9,585145.45
2018-03-22,22.91,23.09,22.38,22.87,446275.24
2018-03-23,22.19,22.27,21.86,22.2,866428.19
2018-03-26,22.16,22.16,21.06,21.32,905780.29
2018-03-27,21.64,21.75,20.87,21.04,805431.33
2018-03-28,20.8,21.56,20.69,21.02,787978.73
2018-03-29,21.04,21.82,20.65,21.47,679494.17
2018-03-30,21.51,21.61,21.23,21.31,356753.22
2018-04-02,21.24,21.69,21.17,21.25,477386.97
2018-04-03,21.14,21.22,20.91,21.1,302253.98
2018-04-04,21.15,21.44,20.96,21.06,377821.79
2018-04-09,21.14,21.36,20.98,21.12,277424.11
2018-04-10,21.12,22.21,20.95,22.19,586014.6
2018-04-11,22.22,22.67,22.01,22.33,560433.06
2018-04-12,22.34,22.34,21.82,21.92,337674.98
2018-04-13,22.01,22.23,21.62,21.64,260108.73
2018-04-16,21.39,21.39,20.47,20.59,914627.03
2018-04-17,20.69,20.72,20.2,20.28,610749.71
2018-04-18,20.71,20.76,20.04,20.61,659779.7
2018-04-19,20.64,21.06,20.52,20.68,424328.62
2018-04-20,20.54,20.69,20.36,20.66,397994.55
2018-04-23,20.46,20.84,20.44,20.72,301521.8
2018-04-24,20.73,21.61,20.73,21.14,670264.12
2018-04-25,21.14,21.31,20.95,21.11,251675.46
2018-04-26,21.31,21.47,20.91,21.09,339607.49
2018-04-27,21.17,21.56,20.76,21.48,575079.32
2018-05-02,21.96,22.05,21.51,21.65,490570.35
2018-05-03,21.49,21.74,21.06,21.46,321741.38
2018-05-04,21.45,21.45,20.95,21.05,337697.17
2018-05-07,21.07,21.24,20.89,21.19,307493.61
2018-05-08,21.24,21.89,21.15,21.74,503129.02
2018-05-09,21.75,21.9,21.63,21.79,222625.72
2018-05-10,21.97,22.11,21.53,21.86,322191.88
2018-05-11,21.77,22.12,21.74,22.03,435345.0
2018-05-14,22.34,22.86,22.19,22.57,707667.57
2018-05-15,22.6,22.63,22.21,22.38,329875.5
2018-05-16,22.25,22.27,21.88,21.95,344519.12
2018-05-17,21.97,22.13,21.68,21.83,290467.05
2018-05-18,21.8,22.39,21.66,22.31,394017.91
2018-05-21,22.5,22.7,22.08,22.17,415216.42
2018-05-22,22.08,22.15,21.7,21.84,365426.24
2018-05-23,21.83,21.91,21.61,21.69,296513.43
2018-05-24,21.68,21.74,21.24,21.31,355224.98
2018-05-25,21.3,21.56,21.23,21.39,251505.2
2018-05-28,21.41,21.47,20.81,21.09,605072.16
2018-05-29,20.98,21.23,20.81,21.2,480534.15
2018-05-30,20.87,20.97,20.71,20.73,339588.88
2018-05-31,20.79,21.25,20.77,21.08,522925.83
2018-06-01,21.08,21.23,20.87,20.95,293259.87
2018-06-04,21.17,21.45,20.96,21.42,433343.96
2018-06-05,21.36,21.5,21.17,21.43,372882.25
2018-06-06,21.36,21.43,21.06,21.09,345608.15
2018-06-07,21.17,21.44,21.06,21.17,494430.68
2018-06-08,21.06,21.08,20.64,20.65,426216.27
2018-06-11,20.65,20.98,20.46,20.97,378331.56
2018-06-12,20.96,21.21,20.96,21.05,311971.55
2018-06-13,21.06,21.22,20.95,21.03,267532.33
2018-06-14,20.98,21.28,20.82,20.93,343383.56
2018-06-15,20.85,21.3,20.82,21.2,419549.31
2018-06-19,20.98,21.42,20.84,21.23,1206094.33
2018-06-20,21.08,21.15,20.74,20.88,364526.37
2018-06-21,20.89,21.28,20.87,20.98,316216.66
2018-06-22,21.0,21.08,20.71,20.96,221997.49
2018-06-25,21.01,21.03,20.25,20.27,482160.15
2018-06-26,20.13,20.13,19.19,19.7,623228.18
2018-06-27,19.54,19.69,19.12,19.28,442689.36
2018-06-28,19.23,19.26,18.75,18.93,439700.14
2018-06-29,19.03,19.48,19.02,19.37,309110.69
2018-07-02,19.37,19.58,18.53,18.63,435187.1
2018-07-03,18.63,18.65,18.09,18.47,658584.03
2018-07-04,18.44,18.68,18.28,18.35,369649.5
2018-07-05,18.44,18.69,18.27,18.63,495925.11
2018-07-06,18.67,19.17,18.3,18.93,441258.91
2018-07-09,19.04,19.79,19.04,19.74,527058.16
2018-07-10,19.78,19.85,19.45,19.63,326841.86
2018-07-11,19.1,19.62,19.04,19.48,316712.58
2018-07-12,19.51,20.0,19.29,19.69,469426.52
2018-07-13,19.88,19.89,19.64,19.84,247061.06
2018-07-16,19.79,20.1,19.35,19.41,359321.94
2018-07-17,19.29,19.41,18.98,19.19,289369.01
2018-07-18,19.34,19.62,19.07,19.13,332355.25
2018-07-19,19.35,19.58,19.29,19.38,395286.7
2018-07-20,19.38,20.76,19.21,20.71,1010892.31
2018-07-23,20.72,21.29,20.41,21.07,924108.84
2018-07-24,21.07,21.63,20.85,20.99,694538.92
2018-07-25,21.33,21.52,21.06,21.34,430216.84
2018-07-26,21.45,21.9,21.09,21.27,458657.24
2018-07-27,21.27,21.54,20.88,21.24,308430.01
2018-07-30,21.24,21.82,21.1,21.64,383391.28
2018-07-31,21.63,21.73,21.14,21.47,348277.76
2018-08-01,21.7,22.0,21.06,21.08,536866.11
2018-08-02,21.03,21.25,20.42,20.56,571923.9
2018-08-03,20.67,20.98,20.56,20.6,298116.45
2018-08-06,20.71,21.24,20.57,20.87,385964.05
2018-08-07,20.87,21.56,20.79,21.54,513960.0
2018-08-08,21.63,21.63,21.18,21.26,282441.43
2018-08-09,21.13,21.9,21.1,21.76,403921.18
2018-08-10,21.79,21.82,21.28,21.51,271445.65
2018-08-13,21.27,21.27,20.61,20.96,467600.18
2018-08-14,20.92,21.02,20.6,20.81,265917.33
2018-08-15,20.81,20.82,20.1,20.19,384433.06
2018-08-16,19.88,20.53,19.81,20.22,383702.46
2018-08-17,20.49,20.57,20.0,20.06,259363.25
2018-08-20,20.41,20.5,19.98,20.39,369550.56
2018-08-21,20.45,20.74,20.34,20.49,369906.29
2018-08-22,20.56,20.57,20.28,20.45,202681.37
2018-08-23,20.53,20.76,20.28,20.65,321319.89
2018-08-24,20.53,21.4,20.39,20.95,480269.75
2018-08-27,21.21,21.64,21.06,21.58,510807.55
2018-08-28,21.61,21.94,21.59,21.65,368443.55
2018-08-29,21.65,21.93,21.52,21.75,260969.41
2018-08-30,21.73,21.83,21.24,21.28,272573.33
2018-08-31,21.18,21.74,21.16,21.4,460881.48
2018-09-03,21.42,21.51,21.15,21.28,260701.01
2018-09-04,21.31,21.74,21.12,21.66,328223.55
2018-09-05,21.44,21.54,20.93,20.94,359403.14
2018-09-06,20.95,21.06,20.75,20.8,245919.32
2018-09-07,20.91,21.33,20.87,21.31,397195.87
2018-09-10,21.15,21.4,21.01,21.1,263784.71
2018-09-11,21.14,21.25,20.53,20.72,334693.3
2018-09-12,20.59,20.87,20.43,20.72,229876.13
2018-09-13,21.13,21.19,20.64,21.0,306764.78
2018-09-14,21.17,21.17,20.93,21.09,175460.04
2018-09-17,20.97,21.03,20.7,20.76,162202.19
2018-09-18,20.76,21.37,20.71,21.31,399372.29
2018-09-19,21.3,21.67,21.15,21.48,432734.86
2018-09-20,21.62,21.82,21.46,21.56,286582.73
2018-09-21,21.71,22.92,21.52,22.92,778372.95
2018-09-25,22.56,22.76,22.18,22.4,527381.86
2018-09-26,22.5,23.44,22.24,23.03,749317.99
2018-09-27,22.89,23.21,22.7,23.01,402571.93
2018-09-28,23.2,23.53,22.92,23.21,556008.15
2018-10-08,22.46,22.76,22.21,22.26,623333.82
2018-10-09,22.18,22.46,21.93,22.24,421493.3
2018-10-10,22.2,22.61,22.05,22.39,390003.77
2018-10-11,21.68,21.99,21.26,21.52,615476.91
2018-10-12,21.71,22.21,21.52,22.05,661307.02
2018-10-15,22.05,22.07,21.59,21.74,349998.84
2018-10-16,21.8,22.54,21.74,22.01,577691.91
2018-10-17,22.24,22.31,21.31,21.93,668764.04
2018-10-18,21.77,21.82,21.09,21.1,574418.73
2018-10-19,20.99,22.22,20.8,22.09,767032.29
2018-10-22,22.33,23.1,22.33,22.69,840796.84
2018-10-23,22.81,22.81,21.74,21.95,594114.38
2018-10-24,22.02,22.93,22.0,22.23,635824.28
2018-10-25,21.76,22.48,21.74,22.43,558418.84
2018-10-26,22.42,22.63,21.92,22.39,495762.95
2018-10-29,22.54,22.54,20.74,21.06,954877.44
2018-10-30,21.27,21.83,20.86,21.44,743575.88
2018-10-31,21.78,21.92,21.47,21.87,666013.08
2018-11-01,22.27,22.42,21.68,21.97,682600.26
2018-11-02,22.61,23.03,22.24,22.94,1220051.02
2018-11-05,22.58,22.86,22.47,22.69,428334.88
2018-11-06,22.69,22.77,22.21,22.59,375065.53
2018-11-07,22.6,22.84,22.33,22.36,549867.67
2018-11-08,22.7,22.97,22.54,22.7,479149.76
2018-11-09,22.39,22.39,21.55,21.63,1193021.21
2018-11-12,21.48,21.71,21.35,21.6,683977.44
2018-11-13,21.25,21.76,21.21,21.62,500356.45
2018-11-14,21.62,21.67,21.18,21.3,535874.79
2018-11-15,21.36,21.53,21.24,21.46,354124.35
2018-11-16,21.46,21.69,21.32,21.54,496955.28
2018-11-19,21.71,21.96,21.52,21.9,502881.77
2018-11-20,21.77,21.81,21.41,21.49,338277.88
2018-11-21,21.33,21.5,21.25,21.48,323377.87
2018-11-22,21.49,21.52,21.25,21.4,275858.49
2018-11-23,21.4,21.44,21.09,21.09,325389.36
2018-11-26,21.18,21.44,21.11,21.38,275469.54
2018-11-27,21.34,21.46,21.06,21.17,337658.56
2018-11-28,21.23,21.44,21.21,21.39,290873.89
2018-11-29,21.56,21.63,21.4,21.4,397949.93
2018-11-30,21.37,21.62,21.34,21.59,254380.81
2018-12-03,22.3,22.41,21.88,22.28,690255.56
2018-12-04,22.25,22.41,22.17,22.36,323685.58
2018-12-05,22.05,22.36,21.93,22.21,262307.36
2018-12-06,21.86,22.05,21.77,21.86,373380.23
2018-12-07,22.0,22.08,21.58,21.62,305228.73
2018-12-10,21.4,21.56,21.34,21.43,266986.42
2018-12-11,21.44,21.59,21.39,21.56,227290.13
2018-12-12,21.93,21.93,21.49,21.52,202093.93
2018-12-13,21.58,21.99,21.49,21.74,551520.33
2018-12-14,21.61,21.64,21.33,21.43,398155.4
2018-12-17,21.43,21.56,21.25,21.4,311303.74
2018-12-18,21.21,21.37,21.06,21.11,414609.93
2018-12-19,21.12,21.17,20.1,20.25,829654.78
2018-12-20,20.03,20.12,19.4,19.6,1015755.05
2018-12-21,19.57,19.57,19.1,19.2,875749.9
2018-12-24,19.06,19.26,18.85,19.25,649717.91
2018-12-25,18.91,19.33,18.73,19.13,749922.94
2018-12-26,19.06,19.08,18.79,18.79,446787.02
2018-12-27,19.05,19.07,18.77,18.79,640180.96
2018-12-28,18.87,19.18,18.84,19.06,613382.28
2019-01-02,19.02,19.06,18.45,18.58,555166.12
2019-01-03,18.45,18.95,18.44,18.82,374107.58
2019-01-04,18.73,19.4,18.64,19.29,668531.4
2019-01-07,19.29,19.49,19.13,19.3,456040.29
2019-01-08,19.29,19.3,19.03,19.07,269280.31
2019-01-09,19.07,19.74,19.07,19.44,638200.48
2019-01-10,19.29,19.72,19.26,19.55,426306.89
2019-01-11,19.55,20.1,19.48,20.01,493910.33
2019-01-14,20.01,20.09,19.83,19.9,294244.62
2019-01-15,19.9,20.29,19.89,20.27,366718.91
2019-01-16,20.19,20.33,20.13,20.31,229955.24
2019-01-17,20.31,20.31,19.99,20.02,323682.14
2019-01-18,20.02,20.62,20.01,20.5,546397.85
2019-01-21,20.48,20.95,20.44,20.67,415588.08
2019-01-22,20.65,20.76,20.24,20.41,349072.41
2019-01-23,20.38,20.74,20.36,20.54,273250.47
2019-01-24,20.56,21.21,20.56,21.08,543409.53
2019-01-25,21.08,21.65,21.06,21.57,536481.7
2019-01-28,21.57,22.04,21.56,21.68,577365.88
2019-01-29,21.6,21.8,21.53,21.66,346628.58
2019-01-30,21.63,21.77,21.42,21.49,266892.04
2019-01-31,21.52,22.15,21.52,22.09,571420.36
2019-02-01,22.09,22.26,21.84,22.16,396521.6
2019-02-11,22.01,22.33,21.86,22.23,353635.99
2019-02-12,22.23,22.37,21.92,22.18,395827.11
2019-02-13,22.18,22.72,22.02,22.57,535775.89
2019-02-14,22.42,22.77,22.3,22.58,452386.56
2019-02-15,22.49,22.58,21.87,22.05,495666.59
2019-02-18,22.2,22.68,22.2,22.59,446645.84
2019-02-19,22.58,23.17,22.48,22.6,493676.44
2019-02-20,22.89,23.02,22.67,22.8,334340.29
2019-02-21,22.83,23.17,22.57,22.75,453139.76
2019-02-22,22.74,23.17,22.54,23.17,414875.07
2019-02-25,23.45,24.88,23.42,24.6,1101846.76
2019-02-26,24.42,24.96,23.69,23.82,948562.86
2019-02-27,23.98,24.44,23.75,23.98,808342.44
2019-02-28,23.98,24.28,23.79,24.01,487643.47
2019-03-01,24.24,24.91,23.94,24.88,682670.71
2019-03-04,24.96,25.56,24.58,24.72,956461.15
2019-03-05,24.85,24.85,24.28,24.47,673803.67
2019-03-06,24.44,24.66,24.04,24.37,546736.3
2019-03-07,24.21,24.28,23.42,23.67,707727.28
2019-03-08,23.25,23.6,22.96,23.28,770066.01
2019-03-11,23.12,23.32,22.83,23.09,675309.95
2019-03-12,23.38,23.7,23.03,23.19,838697.24
2019-03-13,23.29,23.69,22.88,23.48,666611.44
2019-03-14,23.43,24.13,23.37,23.79,684942.4
2019-03-15,23.76,24.16,23.6,23.95,595942.69
2019-03-18,24.04,24.63,23.89,24.47,593130.92
2019-03-19,24.5,24.67,24.15,24.22,486750.5
2019-03-20,24.11,24.56,23.98,24.41,465379.13
2019-03-21,24.3,24.5,24.14,24.19,386223.72
2019-03-22,24.26,24.49,23.98,24.47,430268.48
2019-03-25,24.2,24.28,23.52,23.57,639210.55
2019-03-26,23.89,23.94,23.6,23.82,403361.9
2019-03-27,23.97,24.61,23.79,24.5,594154.47
2019-03-28,24.33,24.69,24.16,24.6,387422.55
2019-03-29,24.6,25.96,24.51,25.65,1164152.21
2019-04-01,25.87,26.51,25.64,25.78,1046396.18
2019-04-02,25.79,26.16,25.78,26.09,694286.66
2019-04-03,26.02,26.43,25.95,26.37,581606.43
2019-04-04,26.4,27.27,26.4,26.92,822852.26
2019-04-08,27.0,27.43,26.96,27.17,810662.01
2019-04-09,27.15,27.16,26.52,26.65,511236.25
2019-04-10,26.51,26.8,26.11,26.52,674541.17
2019-04-11,26.61,26.96,26.26,26.44,572516.04
2019-04-12,26.37,26.47,26.17,26.32,363358.01
2019-04-15,26.79,27.39,26.33,26.33,924920.92
2019-04-16,26.24,27.3,26.17,27.23,840815.16
2019-04-17,27.14,27.59,26.95,27.1,494789.82
2019-04-18,27.08,27.08,26.57,26.85,322740.7
2019-04-19,26.92,27.57,26.91,27.23,411748.63
2019-04-22,27.08,27.34,26.02,26.32,715829.71
2019-04-23,26.24,26.92,26.22,26.65,495692.11
2019-04-24,26.87,27.15,26.33,27.08,540098.31
2019-04-25,26.74,27.12,26.68,26.8,433788.27
2019-04-26,26.59,26.62,25.97,25.99,517344.43
2019-04-29,26.15,27.02,26.03,26.72,550331.76
2019-04-30,26.15,26.4,25.6,26.06,953711.97
2019-05-06,25.11,25.75,24.87,25.65,1133678.74
2019-05-07,25.85,25.85,25.23,25.5,617476.24
2019-05-08,25.19,25.4,24.96,25.06,481745.11
2019-05-09,24.96,25.15,24.22,24.52,581103.75
2019-05-10,24.85,25.56,24.85,25.42,654775.78
2019-05-13,25.0,25.18,24.68,24.81,343408.59
2019-05-14,24.43,25.11,24.42,24.63,488642.53
2019-05-15,24.96,25.6,24.8,25.43,440591.0
2019-05-16,25.43,25.67,25.27,25.47,334642.91
2019-05-17,25.49,25.56,24.94,25.19,359256.93
2019-05-20,25.19,25.56,24.82,25.17,418304.36
2019-05-21,25.18,25.79,25.06,25.43,503444.18
2019-05-22,25.43,25.6,25.19,25.36,345080.85
2019-05-23,25.19,25.41,24.92,25.22,383860.13
2019-05-24,25.4,25.81,25.25,25.41,429908.84
2019-05-27,25.32,25.68,24.81,25.55,477259.47
2019-05-28,25.53,26.17,25.43,26.0,694570.87
2019-05-29,25.65,26.24,25.6,25.9,376828.84
2019-05-30,26.02,26.1,25.61,25.94,297307.64
2019-05-31,25.87,26.24,25.72,25.87,305223.99
2019-06-03,25.9,26.21,25.62,26.02,394814.01
2019-06-04,26.02,26.02,25.53,25.74,327891.27
2019-06-05,25.96,26.06,25.65,25.68,269274.25
2019-06-06,25.81,25.81,25.25,25.64,302325.1
2019-06-10,25.74,26.4,25.72,26.27,493055.17
2019-06-11,26.27,26.88,26.27,26.79,523697.07
2019-06-12,26.77,26.86,26.51,26.72,270915.58
2019-06-13,26.72,26.85,26.38,26.66,256232.23
2019-06-14,26.72,26.9,26.61,26.74,341836.57
2019-06-17,26.7,27.21,26.67,26.92,262376.33
2019-06-18,27.0,27.24,26.86,27.24,302284.48
2019-06-19,27.98,28.21,27.66,27.83,652388.79
2019-06-20,27.88,29.1,27.88,29.03,742298.68
2019-06-21,29.03,29.12,28.36,28.51,596176.31
2019-06-24,28.38,28.73,28.35,28.71,308816.29
2019-06-25,28.37,28.37,26.28,27.33,2435121.52
2019-06-26,26.52,27.17,26.49,26.83,1049978.1
2019-06-27,27.14,27.65,27.04,27.57,928056.29
2019-06-28,27.49,27.63,27.11,27.21,530623.39
2019-07-01,27.79,28.16,27.76,27.91,812454.91
2019-07-02,27.92,27.92,27.45,27.62,612233.95
2019-07-03,27.52,27.6,27.27,27.34,479284.41
2019-07-04,27.51,27.56,27.23,27.29,379173.54
2019-07-05,27.38,27.7,27.23,27.58,364515.91
2019-07-08,27.29,27.38,26.74,26.89,506105.41
2019-07-09,26.91,27.0,26.62,26.69,281060.75
2019-07-10,26.92,26.96,26.46,26.56,444870.76
2019-07-11,26.82,27.27,26.71,27.15,598289.66
2019-07-12,27.32,27.65,27.2,27.49,497466.75
2019-07-15,27.19,27.71,26.79,27.41,422717.63
2019-07-16,27.47,27.57,27.3,27.42,270145.54
2019-07-17,27.27,27.51,27.19,27.34,226376.19
2019-07-18,27.41,27.63,27.23,27.43,338900.48
2019-07-19,27.71,28.34,27.63,28.24,498642.04
2019-07-22,28.24,28.55,28.03,28.24,337329.97
2019-07-23,28.24,28.34,27.96,28.12,250795.06
2019-07-24,28.3,28.7,28.14,28.29,342634.49
2019-07-25,28.54,29.11,28.54,28.93,509943.42
2019-07-26,28.77,29.02,28.76,28.9,233918.62
2019-07-29,28.89,28.89,28.42,28.6,317503.58
2019-07-30,28.58,28.87,28.5,28.55,261837.18
2019-07-31,28.34,28.58,28.31,28.39,273067.07
2019-08-01,28.27,28.41,27.89,28.11,322315.81
2019-08-02,27.61,27.93,27.49,27.76,489480.13
2019-08-05,27.58,27.72,27.25,27.34,452127.18
2019-08-06,26.79,27.23,26.71,27.09,585695.59
2019-08-07,27.1,27.16,26.75,26.81,550566.14
2019-08-08,27.02,27.56,27.02,27.46,456257.39
2019-08-09,27.54,27.57,27.11,27.17,336141.93
2019-08-12,27.17,27.54,27.02,27.5,392258.49
2019-08-13,27.33,27.37,27.02,27.06,297365.1
2019-08-14,27.35,27.49,27.02,27.07,377493.08
2019-08-15,26.56,27.13,26.48,27.08,300548.09
2019-08-16,27.09,27.49,26.81,27.3,408444.67
2019-08-19,27.16,27.41,26.75,27.41,714933.74
2019-08-20,27.18,27.61,27.1,27.44,380369.43
2019-08-21,27.37,27.65,27.3,27.53,299825.16
2019-08-22,27.64,27.68,27.29,27.44,228624.67
2019-08-23,27.35,28.38,27.35,28.17,706098.52
2019-08-26,27.57,27.8,27.0,27.18,867362.65
2019-08-27,27.48,27.66,26.99,26.99,817511.79
2019-08-28,27.18,27.24,26.72,26.79,514762.26
2019-08-29,26.79,26.83,26.17,26.35,711617.85
2019-08-30,26.63,26.71,26.36,26.62,596579.69
2019-09-02,26.62,26.92,26.6,26.67,507982.81
2019-09-03,26.69,26.76,26.41,26.52,407169.69
2019-09-04,26.49,27.23,26.41,27.09,634636.16
2019-09-05,27.2,27.88,27.2,27.58,723702.46
2019-09-06,27.88,27.95,27.61,27.87,473162.76
2019-09-09,28.03,28.3,27.44,27.57,756151.32
2019-09-10,27.73,27.75,26.99,27.18,675330.66
2019-09-11,27.33,27.37,26.95,27.22,609089.4
2019-09-12,27.49,27.51,27.16,27.41,525821.71
2019-09-16,27.57,27.6,27.04,27.18,461668.05
2019-09-17,27.23,27.32,26.88,27.02,443070.9
2019-09-18,27.02,27.13,26.95,27.02,353748.07
2019-09-19,27.13,27.15,26.68,26.8,538453.25
2019-09-20,26.95,26.99,26.7,26.8,694944.64
2019-09-23,26.71,26.71,26.31,26.43,610254.44
2019-09-24,26.6,26.6,26.38,26.47,365718.35
2019-09-25,26.44,26.77,26.3,26.68,467793.76
2019-09-26,26.75,27.66,26.62,27.35,1084408.12
2019-09-27,27.3,27.72,27.04,27.34,672677.96
2019-09-30,27.02,27.44,26.95,26.99,391203.77
2019-10-08,26.95,27.26,26.79,27.03,645886.57
2019-10-09,26.81,27.7,26.79,27.32,821613.76
2019-10-10,27.34,27.48,27.2,27.27,378700.52
2019-10-11,27.41,28.24,27.41,28.18,1043873.14
2019-10-14,28.42,29.07,28.42,28.6,874334.43
2019-10-15,28.9,28.9,28.32,28.45,458104.96
2019-10-16,28.71,29.08,28.27,28.59,514897.6
2019-10-17,28.59,28.85,28.38,28.73,342587.78
2019-10-18,28.81,28.95,28.03,28.1,454349.8
2019-10-21,28.03,28.34,27.78,28.13,359425.51
2019-10-22,28.32,28.33,27.7,28.06,332073.88
2019-10-23,28.0,28.19,27.82,27.96,313470.67
2019-10-24,28.1,28.54,27.93,28.34,431220.21
2019-10-25,28.48,28.48,27.99,28.27,246142.15
2019-10-28,28.33,28.68,28.03,28.11,328083.46
2019-10-29,28.17,28.24,27.89,28.07,266100.94
2019-10-30,28.04,28.14,27.42,27.5,483262.6
2019-10-31,27.72,27.86,27.4,27.57,507042.05
2019-11-01,27.62,28.55,27.48,28.42,668555.74
2019-11-04,28.71,28.95,28.49,28.87,596402.16
2019-11-05,28.88,29.63,28.72,29.25,723330.61
2019-11-06,29.25,29.88,29.14,29.63,708448.94
2019-11-07,29.61,29.8,29.37,29.63,350551.61
2019-11-08,29.88,29.94,29.2,29.32,457082.15
2019-11-11,29.14,29.27,28.87,28.97,392939.88
2019-11-12,28.97,29.11,28.66,28.89,363831.52
2019-11-13,28.77,29.03,28.66,28.73,392934.01
2019-11-14,28.88,28.93,28.46,28.53,292912.2
2019-11-15,28.72,28.78,28.42,28.6,315008.56
2019-11-18,28.6,29.42,28.52,29.12,574455.3
2019-11-19,29.08,29.35,28.97,29.14,390184.48
2019-11-20,28.92,29.02,28.34,28.41,482774.48
2019-11-21,28.24,28.49,28.01,28.3,297436.4
2019-11-22,28.5,28.62,28.02,28.14,322738.96
2019-11-25,28.27,28.52,28.21,28.41,264162.58
2019-11-26,28.57,28.58,27.96,27.96,448595.22
2019-11-27,28.1,28.64,28.0,28.46,350695.1
2019-11-28,28.39,28.64,28.3,28.45,208520.93
2019-11-29,28.33,28.49,27.89,27.98,334788.73
2019-12-02,28.03,28.25,27.93,28.04,197339.74
2019-12-03,27.89,28.42,27.75,28.31,276805.68
2019-12-04,28.01,28.28,27.99,28.17,230906.27
2019-12-05,28.33,28.42,28.05,28.25,264779.25
2019-12-06,28.32,28.41,28.1,28.27,255846.4
2019-12-09,28.25,28.3,27.98,28.17,250787.8
2019-12-10,28.01,28.24,28.0,28.05,227355.72
2019-12-11,28.18,28.31,28.04,28.27,280779.21
2019-12-12,28.34,28.41,28.14,28.27,250113.28
2019-12-13,28.52,29.12,28.49,29.12,654956.01
2019-12-16,28.93,29.11,28.81,28.95,352876.93
2019-12-17,28.93,29.39,28.66,29.12,563127.39
2019-12-18,29.16,29.63,29.16,29.5,541322.37
2019-12-19,29.51,29.7,29.3,29.33,301884.08
2019-12-20,29.37,29.53,29.04,29.15,288007.48
2019-12-23,29.35,29.51,28.93,29.04,358746.75
2019-12-24,29.08,29.63,29.08,29.52,341856.44
2019-12-25,29.52,29.69,29.21,29.35,235027.61
2019-12-26,29.34,29.59,29.27,29.59,192239.76
2019-12-27,29.59,29.9,29.35,29.4,359535.34
2019-12-30,29.2,29.45,28.82,29.38,444962.89
2019-12-31,29.39,29.42,28.97,29.18,376805.06
2020-01-02,29.53,30.38,29.53,30.19,826244.52
2020-01-03,30.25,30.77,30.23,30.6,520106.11
2020-01-06,30.44,31.19,30.21,30.47,548877.2
2020-01-07,30.71,31.02,30.37,30.4,347671.28
2020-01-08,30.25,30.25,29.83,29.83,363234.18
2020-01-09,30.16,30.29,29.96,30.21,303359.89
2020-01-10,30.21,30.5,30.09,30.32,285931.21
2020-01-13,30.5,30.5,30.09,30.37,327808.52
2020-01-14,30.4,30.78,30.05,30.14,335646.38
2020-01-15,30.16,30.2,29.53,29.6,488598.91
2020-01-16,29.68,29.78,29.32,29.48,453848.26
2020-01-17,29.56,29.64,29.26,29.46,421357.11
2020-01-20,29.68,30.02,29.51,29.75,585808.86
2020-01-21,29.47,29.63,29.28,29.35,417201.85
2020-01-22,29.28,29.59,28.85,29.37,531254.6
2020-01-23,29.15,29.28,28.31,28.59,787502.74
2020-02-03,26.25,27.57,26.25,27.2,1131062.26
2020-02-04,27.21,27.55,26.93,27.45,1229676.52
2020-02-05,27.45,27.58,27.05,27.46,802571.98
2020-02-06,27.57,27.83,27.28,27.76,730701.59
2020-02-07,27.26,27.54,27.19,27.51,675524.64
2020-02-10,27.28,27.37,27.14,27.26,575041.78
2020-02-11,27.41,27.84,27.3,27.62,557436.28
2020-02-12,27.57,27.69,27.37,27.65,405389.73
2020-02-13,27.59,27.61,27.34,27.39,422350.8
2020-02-14,27.34,27.73,27.34,27.68,403396.77
2020-02-17,27.67,28.09,27.48,28.09,669425.41
2020-02-18,27.96,27.96,27.65,27.72,516396.65
2020-02-19,27.65,27.87,27.54,27.59,419521.31
2020-02-20,27.69,28.0,27.34,27.94,746005.88
2020-02-21,27.88,27.9,27.55,27.68,730314.68
2020-02-24,27.56,27.72,27.2,27.22,798564.82
2020-02-25,27.03,27.24,26.79,26.89,873734.32
2020-02-26,26.72,27.17,26.6,27.05,779704.75
2020-02-27,27.02,27.45,26.95,27.35,689378.53
2020-02-28,27.06,27.32,26.56,26.56,835340.97
2020-03-02,26.59,27.09,26.48,26.99,704290.63
2020-03-03,27.13,27.26,26.73,26.89,686073.06
2020-03-04,26.93,27.03,26.75,27.01,560886.06
2020-03-05,27.17,28.21,27.03,28.14,1355413.0
2020-03-06,27.83,27.97,27.5,27.5,670673.78
2020-03-09,27.09,27.09,26.54,26.54,966591.66
2020-03-10,26.55,27.13,26.47,26.93,668298.1
2020-03-11,26.99,27.17,26.72,26.75,566550.64
2020-03-12,26.69,26.86,26.42,26.53,619180.02
2020-03-13,25.47,26.06,25.16,25.95,1140957.7
2020-03-16,25.93,25.93,24.57,24.59,1066027.3
2020-03-17,24.58,25.32,24.16,24.64,843441.33
2020-03-18,24.76,25.07,23.89,23.93,824317.04
2020-03-19,23.67,23.67,22.3,22.76,1559457.47
2020-03-20,23.14,24.16,23.14,24.11,1343153.1
2020-03-23,23.31,23.69,23.2,23.42,928971.16
2020-03-24,24.19,24.58,23.93,24.47,825358.93
2020-03-25,25.03,25.38,24.98,25.23,809526.55
2020-03-26,24.93,25.95,24.9,25.41,694635.85
2020-03-27,25.72,25.88,25.22,25.41,581775.45
2020-03-30,24.99,25.41,24.7,25.36,477494.15
2020-03-31,25.57,25.61,24.98,25.07,377540.06
2020-04-01,24.94,25.36,24.85,24.95,358143.13
2020-04-02,24.66,25.12,24.63,25.12,289601.47
2020-04-03,24.85,25.1,24.84,24.97,251618.29
2020-04-07,25.5,25.53,25.16,25.26,431843.78
2020-04-08,25.24,25.24,24.94,25.02,318134.45
2020-04-09,25.08,25.12,24.94,25.08,286645.95
2020-04-10,25.17,25.29,24.78,24.93,437431.53
2020-04-13,24.79,25.01,24.71,24.8,230555.49
2020-04-14,24.99,25.4,24.91,25.4,427079.44
2020-04-15,25.31,25.34,25.1,25.18,237838.48
2020-04-16,25.01,25.17,24.82,24.93,294999.82
2020-04-17,25.2,25.78,25.12,25.52,697952.42
2020-04-20,25.54,25.69,25.28,25.55,336024.26
2020-04-21,25.55,25.66,25.3,25.36,328714.89
2020-04-22,25.2,25.43,25.11,25.42,279435.38
2020-04-23,25.49,25.6,25.36,25.39,246145.51
2020-04-24,25.41,25.41,25.17,25.25,222597.84
2020-04-27,25.43,26.39,25.41,26.08,653414.71
2020-04-28,26.09,26.33,25.86,26.3,366510.91
2020-04-29,26.33,27.26,26.32,27.2,658765.88
2020-04-30,27.3,28.0,27.22,27.25,715332.47
2020-05-06,26.82,27.01,26.54,26.89,501735.9
2020-05-07,26.87,26.89,26.44,26.75,299484.65
2020-05-08,27.0,27.32,26.83,27.16,392154.6
2020-05-11,27.17,27.55,27.09,27.15,295848.29
2020-05-12,27.17,27.21,26.75,26.86,349633.82
2020-05-13,26.72,26.93,26.48,26.82,279834.94
2020-05-14,26.71,26.73,26.25,26.35,420630.19
2020-05-15,26.55,26.61,26.17,26.29,361927.53
2020-05-18,26.11,26.64,26.02,26.25,363700.93
2020-05-19,26.72,26.78,26.45,26.61,264304.48
2020-05-20,26.61,27.2,26.48,26.93,380517.57
2020-05-21,27.11,27.32,26.92,26.97,362527.21
2020-05-22,26.78,26.94,26.1,26.12,423964.39
2020-05-25,26.34,26.36,25.55,25.7,432649.17
2020-05-26,25.86,26.01,25.7,25.96,322460.77
2020-05-27,26.07,26.39,25.81,25.96,320833.31
2020-05-28,26.08,26.95,25.96,26.58,693623.31
2020-05-29,26.3,26.51,26.17,26.26,372374.81
2020-06-01,26.52,27.16,26.48,27.04,488237.46
2020-06-02,26.83,27.38,26.82,27.21,492957.13
2020-06-03,27.53,27.96,27.2,27.35,610186.91
2020-06-04,27.57,27.61,27.24,27.3,257560.86
2020-06-05,27.41,27.55,27.03,27.37,327173.03
2020-06-08,27.61,28.11,27.57,27.7,501809.79
2020-06-09,27.65,27.72,27.38,27.59,300930.79
2020-06-10,27.68,27.69,27.32,27.45,272730.61
2020-06-11,27.34,27.43,26.65,26.77,588927.45
2020-06-12,26.4,26.79,26.17,26.79,546615.76
2020-06-15,26.44,26.54,25.99,26.07,654343.47
2020-06-16,26.4,26.54,26.26,26.51,381631.05
2020-06-17,26.4,26.65,26.27,26.56,306277.74
2020-06-18,26.31,26.45,25.64,26.32,922939.33
2020-06-19,26.25,26.67,26.09,26.3,679496.03
2020-06-22,26.14,26.29,25.88,26.02,595814.69
2020-06-23,25.86,26.05,25.71,25.9,452529.39
2020-06-24,26.03,26.37,26.02,26.33,479891.17
2020-06-29,26.54,26.64,26.01,26.12,567297.48
2020-06-30,26.29,26.37,26.12,26.19,391567.98
2020-07-01,26.24,27.03,26.1,27.02,799096.45
2020-07-02,26.91,27.55,26.64,27.41,1245177.98
2020-07-03,27.49,28.55,27.45,28.53,1535704.17
2020-07-06,28.87,31.38,28.87,31.38,1874928.88
2020-07-07,32.46,33.63,31.45,31.89,2016338.29
2020-07-08,31.76,32.52,31.04,31.45,1827038.89
2020-07-09,31.46,31.55,30.7,30.99,1693236.29
2020-07-10,30.99,31.23,29.67,29.83,1528159.45
2020-07-13,29.63,30.43,29.36,29.87,1634063.73
2020-07-14,29.68,29.96,29.01,29.23,1310865.91
2020-07-15,29.62,29.64,28.58,28.71,1341142.48
2020-07-16,28.86,29.29,28.5,28.5,1429523.26
2020-07-17,28.72,28.98,28.27,28.89,1169917.81
2020-07-20,28.9,29.99,28.7,29.84,1594157.34
2020-07-21,29.84,29.98,29.24,29.5,831620.93
2020-07-22,29.45,29.71,29.03,29.18,998811.81
2020-07-23,28.97,29.15,28.22,28.5,1197075.88
2020-07-24,28.42,28.66,27.33,27.7,1304194.36
2020-07-27,27.98,28.0,27.23,27.42,893469.03
2020-07-28,27.75,27.93,27.39,27.69,780350.52
2020-07-29,27.62,28.3,27.41,28.08,969130.71
2020-07-30,28.06,28.16,27.61,27.67,798879.27
2020-07-31,27.7,28.3,27.62,27.86,989894.55
2020-08-03,28.18,28.34,27.85,28.02,1021858.0
2020-08-04,28.14,29.75,28.02,29.37,2354404.04
2020-08-05,29.14,29.35,28.67,29.06,1060659.7
2020-08-06,29.17,29.89,29.1,29.64,1252428.84
2020-08-07,29.53,29.53,28.98,29.31,897954.14
2020-08-10,29.39,29.95,28.74,29.63,1224481.39
2020-08-11,29.75,31.07,29.75,30.06,1736382.83
2020-08-12,30.25,30.63,29.65,30.26,930036.91
2020-08-13,30.31,30.56,29.88,29.89,640486.94
2020-08-14,29.89,30.49,29.83,30.43,670657.45
2020-08-17,30.47,31.65,30.47,31.27,1483090.43
2020-08-18,31.23,31.35,30.85,31.11,573660.54
2020-08-19,31.1,31.29,30.71,30.71,563936.94
2020-08-20,30.59,30.61,29.73,30.04,734408.19
2020-08-21,30.43,30.43,29.99,30.24,561254.42
2020-08-24,30.49,30.67,29.92,30.03,620988.93
2020-08-25,30.27,30.59,29.96,30.09,545246.08
2020-08-26,30.19,30.34,29.63,29.81,627000.22
2020-08-27,29.81,29.86,29.15,29.55,574815.02
2020-08-28,29.51,30.79,29.31,30.79,1182941.77
2020-08-31,30.83,31.23,30.07,30.18,1190313.65
2020-09-01,29.99,30.19,29.63,29.96,712759.36
2020-09-02,30.02,30.09,29.47,29.79,797221.27
2020-09-03,29.72,29.97,29.43,29.61,640479.56
2020-09-04,29.33,29.54,29.1,29.47,485437.21
2020-09-07,29.47,30.09,29.38,29.46,616138.78
2020-09-08,29.77,30.12,29.64,30.1,683544.91
2020-09-09,29.84,30.39,29.75,30.11,605433.34
2020-09-10,30.33,30.35,29.92,30.19,550146.07
2020-09-11,30.32,30.33,29.64,29.82,553105.13
2020-09-14,29.95,30.09,29.68,29.91,460239.97
2020-09-15,29.83,30.5,29.81,30.35,530804.95
2020-09-16,30.39,30.67,30.25,30.47,478874.82
2020-09-17,30.51,30.8,30.31,30.32,557713.54
2020-09-18,30.31,31.22,30.27,31.22,1081692.4
2020-09-21,31.23,31.33,30.91,30.91,501520.92
2020-09-22,30.83,30.91,30.22,30.33,583116.89
2020-09-23,30.28,30.47,29.95,30.03,430760.28
2020-09-24,29.91,29.91,29.55,29.67,540279.75
2020-09-25,29.71,29.95,29.69,29.77,352251.53
2020-09-28,29.79,30.15,29.67,29.83,353244.76
2020-09-29,29.91,29.99,29.04,29.07,796689.1
2020-09-30,29.06,29.28,28.66,28.82,654660.59
2020-10-09,29.14,29.47,28.93,28.97,494724.33
2020-10-12,29.14,30.15,29.06,30.07,998646.35
2020-10-13,30.01,30.43,29.73,30.26,511415.6
2020-10-14,30.27,30.51,29.94,30.47,642940.15
2020-10-15,30.54,31.41,30.47,31.23,1196657.2
2020-10-16,31.15,32.19,31.13,31.85,1105895.8
2020-10-19,32.26,33.27,31.94,32.02,981546.59
2020-10-20,32.03,32.28,31.79,32.0,424368.36
2020-10-21,32.08,32.72,32.02,32.67,541855.65
2020-10-22,32.83,33.63,32.29,32.98,644974.99
2020-10-23,32.76,33.71,32.72,33.0,551833.62
2020-10-26,33.36,33.36,32.09,32.52,504540.0
2020-10-27,32.52,33.03,32.29,32.39,458832.07
2020-10-28,32.53,32.89,31.72,32.11,693557.12
2020-10-29,31.83,32.72,31.76,32.18,523070.34
2020-10-30,32.43,32.95,31.69,31.88,438422.79
2020-11-02,32.42,32.59,31.37,32.23,516927.98
2020-11-03,32.59,33.71,32.59,33.02,870690.16
2020-11-04,33.72,34.5,33.13,34.37,884500.85
2020-11-05,34.51,35.0,33.93,34.26,680486.85
2020-11-06,34.27,34.31,33.7,34.01,463645.47
2020-11-09,34.42,34.81,34.11,34.45,497141.62
2020-11-10,35.05,35.53,34.75,35.01,562079.25
2020-11-11,35.23,35.51,34.84,35.51,526969.72
2020-11-12,35.23,35.58,34.71,34.89,471594.35
2020-11-13,34.59,34.59,33.48,34.09,544862.9
2020-11-16,34.39,34.51,34.15,34.43,389431.99
2020-11-17,34.43,35.23,34.27,35.1,472856.2
2020-11-18,34.91,36.03,34.76,35.83,628202.15
2020-11-19,35.65,36.03,35.22,35.93,477341.74
2020-11-20,35.84,36.27,35.64,36.07,314687.57
2020-11-23,36.07,36.5,35.89,36.35,584621.13
2020-11-24,36.03,36.27,35.65,35.93,399467.34
2020-11-25,36.45,36.49,35.37,35.57,378072.49
2020-11-26,35.61,36.34,35.61,36.1,351534.29
2020-11-27,36.35,36.81,35.79,36.71,446077.7
2020-11-30,36.71,38.25,35.25,35.39,1153601.81
2020-12-01,35.55,37.27,35.54,36.99,780727.87
2020-12-02,36.83,37.66,36.24,37.47,619943.58
2020-12-03,37.43,37.71,36.43,37.22,502375.89
2020-12-04,37.21,37.31,36.12,36.66,461155.43
2020-12-07,36.59,36.63,35.31,35.57,704825.24
2020-12-08,35.54,35.84,35.23,35.44,377167.35
2020-12-09,35.53,35.97,35.41,35.42,375194.56
2020-12-10,35.26,35.73,35.07,35.45,368873.55
2020-12-11,35.43,35.45,34.17,34.17,771435.25
2020-12-14,34.69,35.76,34.69,35.53,607427.01
2020-12-15,35.59,35.98,34.78,35.51,438792.26
2020-12-16,35.86,35.91,35.13,35.28,367902.0
2020-12-17,35.15,35.37,34.71,35.27,502329.03
2020-12-18,35.3,35.54,34.27,34.51,760599.93
2020-12-21,34.46,34.55,33.88,34.34,623850.9
2020-12-22,34.42,34.43,33.52,33.56,784686.07
2020-12-23,33.4,33.96,33.4,33.88,711819.93
2020-12-24,33.91,34.51,33.88,34.09,482110.14
2020-12-25,34.07,34.35,33.61,34.21,476731.97
2020-12-28,34.23,34.69,33.81,34.46,841409.01
2020-12-29,34.64,34.66,34.15,34.29,727147.56
2020-12-30,34.33,34.47,33.55,34.47,933496.43
2020-12-31,34.47,35.51,34.31,35.19,891199.21
2021-01-04,34.61,35.05,33.64,34.57,1549522.85
2021-01-05,34.24,34.27,33.18,33.77,1387176.99
2021-01-06,33.71,35.39,33.63,35.35,1200645.63
2021-01-07,35.46,36.8,35.44,36.75,1078321.87
2021-01-08,37.06,37.65,36.68,37.31,1299594.81
2021-01-11,37.29,39.37,37.22,38.77,1445233.56
2021-01-12,38.87,40.07,38.08,39.79,1044485.91
2021-01-13,39.48,40.01,39.13,39.55,649109.79
2021-01-14,39.55,40.1,38.88,39.27,703770.99
2021-01-15,40.43,43.15,40.42,40.94,1775745.22
2021-01-18,41.23,42.5,40.99,41.57,1237641.6
2021-01-19,41.87,42.62,41.22,41.51,901880.02
2021-01-20,41.71,42.53,40.82,41.41,792281.18
2021-01-21,42.41,42.83,41.75,42.14,736714.59
2021-01-22,42.31,42.31,40.83,41.34,870001.32
2021-01-25,40.91,42.0,40.11,41.72,865362.06
2021-01-26,41.63,42.51,40.83,41.15,601175.33
2021-01-27,41.32,42.35,41.32,41.63,609231.56
2021-01-28,40.83,41.43,40.67,41.32,523869.51
2021-01-29,41.78,42.0,40.68,40.91,621489.14
2021-02-01,40.83,42.26,40.42,41.95,796625.87
2021-02-02,41.91,42.27,41.31,41.61,720305.53
2021-02-03,41.69,43.23,41.22,42.47,765876.06
2021-02-04,42.33,44.19,42.12,42.83,969109.77
2021-02-05,43.28,44.79,42.99,43.83,1151577.54
2021-02-08,44.19,44.51,42.99,44.24,816377.76
2021-02-09,44.34,44.34,43.43,44.24,619005.27
2021-02-10,45.07,45.15,43.19,43.67,753507.67
2021-02-18,44.55,46.12,44.19,44.59,1070913.22
2021-02-19,44.55,45.4,43.94,44.19,710181.64
2021-02-22,44.25,44.63,42.72,43.39,801511.45
2021-02-23,43.47,45.42,43.39,44.47,952991.02
2021-02-24,44.71,44.71,42.31,42.91,844322.26
2021-02-25,43.63,44.43,43.16,43.59,886187.27
2021-02-26,42.91,43.59,40.72,40.91,1327288.76
2021-03-01,40.92,41.07,40.06,40.34,894183.63
2021-03-02,40.72,40.75,39.24,39.67,1007786.21
2021-03-03,40.03,42.42,39.71,42.25,1315933.15
2021-03-04,41.78,43.14,41.63,41.95,833039.04
2021-03-05,41.55,41.94,40.12,41.15,735195.85
2021-03-08,41.3,41.62,39.79,39.97,698137.59
2021-03-09,40.05,40.82,38.57,38.83,983222.45
2021-03-10,39.24,40.03,38.87,39.43,675909.93
2021-03-11,40.03,41.83,40.03,41.61,904210.33
2021-03-12,41.91,42.75,41.74,42.69,855807.53
2021-03-15,42.42,43.87,42.14,42.52,939319.16
2021-03-16,43.15,44.23,42.83,43.49,697162.76
2021-03-17,43.19,43.49,42.67,42.75,532314.61
2021-03-18,42.67,43.47,42.35,43.43,482793.11
2021-03-19,43.25,43.6,41.26,41.44,776283.61
2021-03-22,41.79,43.81,41.71,43.06,791695.31
2021-03-23,43.15,43.59,42.29,42.82,595922.61
2021-03-24,43.2,43.23,41.33,41.79,575013.14
2021-03-25,42.16,42.34,40.48,40.84,784538.3
2021-03-26,41.19,41.49,40.62,41.31,709475.25
2021-03-29,41.39,41.47,40.47,40.78,779803.62
2021-03-30,40.91,41.28,40.38,41.28,569402.02
2021-03-31,41.23,41.23,40.14,40.91,521649.54
2021-04-01,40.9,41.06,40.59,40.87,337194.69
2021-04-02,40.98,41.03,40.55,40.79,411534.22
2021-04-06,40.91,41.5,40.67,40.82,444002.01
2021-04-07,40.95,40.95,40.05,40.38,500610.23
2021-04-08,40.19,40.54,40.07,40.43,295010.67
2021-04-09,40.61,40.61,39.92,40.23,315068.34
2021-04-12,40.26,40.55,39.78,40.4,414742.39
2021-04-13,40.43,40.99,39.98,40.29,490398.95
2021-04-14,40.5,40.51,39.45,39.79,554383.53
2021-04-15,39.81,40.01,38.65,39.58,572965.14
2021-04-16,39.81,39.91,39.3,39.82,315583.44
2021-04-19,39.95,41.46,39.63,41.45,679320.61
2021-04-20,40.84,41.78,40.84,41.62,355744.07
2021-04-21,41.68,42.58,41.66,42.34,524463.6
2021-04-22,42.34,42.67,41.77,42.12,429270.78
2021-04-23,42.19,42.83,41.88,42.67,471049.18
2021-04-26,43.23,43.63,41.39,41.69,916257.41
2021-04-27,41.59,41.98,41.3,41.69,363299.22
2021-04-28,41.79,41.94,41.22,41.44,389855.43
2021-04-29,41.63,42.71,41.06,42.66,552745.44
2021-04-30,42.27,42.58,41.48,42.19,450688.41
2021-05-06,42.19,43.54,42.02,42.97,638352.9
2021-05-07,43.14,44.19,42.68,43.38,723683.76
2021-05-10,43.39,43.43,42.44,43.15,492240.48
2021-05-11,42.79,43.35,42.66,43.11,328533.12
2021-05-12,43.11,43.75,42.49,42.99,317496.77
2021-05-13,42.83,43.59,42.3,42.59,391205.53
2021-05-14,42.83,44.03,42.27,44.02,578814.21
2021-05-17,44.03,45.23,43.75,44.55,526684.25
2021-05-18,44.82,45.15,44.59,44.79,293351.18
2021-05-19,44.83,44.9,43.64,43.87,357293.44
2021-05-20,44.11,44.45,43.49,44.41,342104.77
2021-05-21,44.73,44.75,43.07,43.32,514864.55
2021-05-24,43.39,43.79,43.05,43.3,445399.14
2021-05-25,43.39,46.13,43.18,46.08,968502.04
2021-05-26,46.16,46.88,46.12,46.84,613061.69
2021-05-27,46.44,47.06,45.48,46.4,519037.39
2021-05-28,46.44,47.12,46.12,46.84,410140.56
2021-05-31,46.6,46.72,45.64,46.59,361656.71
2021-06-01,46.2,46.24,45.56,45.92,474268.44
2021-06-02,45.84,46.19,45.54,46.1,405820.27
2021-06-03,46.04,46.7,44.99,45.06,490672.57
2021-06-04,44.87,47.17,44.85,46.06,608329.07
2021-06-07,45.8,45.84,45.24,45.64,324897.42
2021-06-08,45.6,46.39,44.84,45.4,476166.23
2021-06-09,45.4,45.92,45.06,45.21,391409.5
2021-06-10,45.23,46.0,45.04,45.11,481135.26
2021-06-11,45.16,45.44,44.1,45.1,682089.0
2021-06-15,44.7,44.7,43.33,43.87,529240.52
2021-06-16,43.87,45.12,43.63,44.51,518772.28
2021-06-17,44.45,44.83,43.92,44.13,319019.34
2021-06-18,43.83,44.59,43.29,43.79,427116.81
2021-06-21,43.47,43.87,42.53,42.99,579715.5
2021-06-22,43.12,44.5,43.12,44.4,643592.18
2021-06-23,44.34,44.41,43.62,43.89,408719.65
2021-06-24,43.89,44.11,43.34,44.03,363603.89
2021-06-25,44.03,45.28,43.86,45.15,469559.64
2021-06-28,44.99,45.07,43.26,43.79,698824.74
2021-06-29,43.39,43.91,42.99,43.07,532449.31
2021-06-30,43.15,43.59,43.12,43.39,357303.5
2021-07-01,43.4,44.83,43.07,44.83,652987.35
2021-07-02,44.03,44.19,42.19,42.47,929818.51
2021-07-05,42.38,42.5,41.23,42.38,568609.27
2021-07-06,42.43,42.87,41.96,42.87,452507.13
2021-07-07,42.67,43.16,42.44,42.78,365978.33
2021-07-08,43.04,43.04,40.03,40.31,1554188.68
2021-07-09,40.31,40.76,39.64,39.95,827018.78
2021-07-12,40.51,40.94,39.87,40.35,839563.74
2021-07-13,40.64,41.71,39.99,41.03,594450.17
2021-07-14,40.89,40.95,39.34,40.19,885514.24
2021-07-15,40.23,42.25,40.21,41.91,877272.98
2021-07-16,41.68,42.37,41.4,41.87,462103.77
2021-07-19,41.87,42.04,40.57,41.73,469630.76
2021-07-20,41.42,42.27,40.73,40.98,446889.3
2021-07-21,41.07,41.52,40.44,40.81,506319.17
2021-07-22,40.8,41.95,40.54,41.26,592355.89
2021-07-23,41.32,41.59,40.64,41.09,420352.8
2021-07-26,40.74,40.76,39.04,39.16,749929.71
2021-07-27,39.12,39.35,37.6,37.91,749495.18
2021-07-28,38.02,39.69,38.02,38.97,847309.81
2021-07-29,39.57,39.66,39.0,39.37,642745.21
2021-07-30,39.2,39.25,37.86,38.18,591958.97
2021-08-02,38.42,39.59,37.12,39.17,836146.84
2021-08-03,39.08,39.49,38.55,39.07,518758.28
2021-08-04,39.06,39.37,38.42,38.59,511499.88
2021-08-05,38.33,38.83,37.84,38.38,442303.11
2021-08-06,38.15,39.25,37.85,39.07,507557.57
2021-08-09,39.06,41.05,39.06,40.28,730430.2
2021-08-10,40.3,41.49,39.87,41.22,663575.48
2021-08-11,41.22,42.5,41.05,41.79,568554.59
2021-08-12,41.63,42.28,41.39,41.61,397182.45
2021-08-13,41.63,42.16,41.31,42.02,467404.7
2021-08-16,42.04,42.07,40.64,41.77,744139.69
2021-08-17,41.77,42.2,40.66,40.74,603231.96
2021-08-18,41.04,43.98,40.99,43.63,1231242.36
2021-08-19,43.35,43.6,42.17,42.35,676300.59
2021-08-20,42.48,43.16,40.97,41.9,693764.73
2021-08-23,42.27,43.41,42.05,42.6,539017.21
2021-08-24,42.71,43.39,41.88,42.86,528276.9
2021-08-25,43.17,43.28,42.05,42.23,407380.77
2021-08-26,42.64,42.64,40.62,40.72,763035.07
2021-08-27,40.81,41.72,40.64,41.34,386141.76
2021-08-30,41.34,41.34,39.09,39.78,1079682.02
2021-08-31,39.78,40.6,39.29,40.2,710440.24
2021-09-01,40.13,41.83,39.9,41.7,826055.36
2021-09-02,41.62,42.6,41.3,42.37,726200.98
2021-09-03,42.45,42.96,41.39,42.69,642573.32
2021-09-06,42.29,43.31,42.02,42.04,547428.47
2021-09-07,42.11,43.58,41.42,43.36,772320.09
2021-09-08,43.28,43.97,42.91,43.03,553906.68
2021-09-09,42.78,43.25,42.43,42.78,357800.25
2021-09-10,42.69,44.76,42.49,44.43,1070977.99
2021-09-13,44.06,44.75,43.93,44.27,592830.43
2021-09-14,44.58,45.07,42.53,42.78,631165.69
2021-09-15,42.69,43.1,41.71,42.2,542337.93
2021-09-16,42.06,42.55,41.22,41.63,629896.14
2021-09-17,41.69,42.32,41.46,42.08,420164.72
2021-09-22,39.97,41.04,39.49,40.57,1122596.22
2021-09-23,40.64,41.49,39.91,40.1,861024.53
2021-09-24,39.78,40.5,39.74,40.04,532039.33
2021-09-27,39.65,40.89,39.58,40.3,667905.15
2021-09-28,40.31,41.86,40.3,41.4,709925.47
2021-09-29,41.01,42.83,40.73,42.33,904609.86
2021-09-30,42.2,42.23,41.13,41.42,586118.08
2021-10-08,41.07,41.94,41.07,41.82,645552.92
2021-10-11,42.23,44.48,42.23,43.51,971778.65
2021-10-12,43.27,44.16,42.94,43.59,589373.29
2021-10-13,43.47,43.84,42.73,43.54,442556.73
2021-10-14,43.51,43.72,42.86,42.99,288996.21
2021-10-15,43.06,43.88,42.98,43.77,420357.59
2021-10-18,43.77,43.8,42.32,42.58,577945.39
2021-10-19,42.9,43.78,42.69,43.42,481692.57
2021-10-20,43.69,44.04,42.92,43.02,305709.59
2021-10-21,43.39,44.34,43.19,44.13,576586.98
2021-10-22,44.41,44.99,44.11,44.57,547150.58
2021-10-25,44.2,45.1,43.6,44.82,623341.26
2021-10-26,44.82,46.17,44.58,45.4,715423.69
2021-10-27,45.32,45.32,44.2,44.76,420394.41
2021-10-28,44.58,45.16,44.21,44.52,346232.28
2021-10-29,44.52,44.95,44.09,44.31,405439.43
2021-11-01,44.34,45.07,43.76,44.43,425017.81
2021-11-02,44.62,44.74,42.42,42.9,752206.49
2021-11-03,42.98,43.1,42.42,42.45,444372.41
2021-11-04,42.69,42.78,42.1,42.49,482914.75
2021-11-05,42.46,42.78,42.22,42.33,361974.16
2021-11-08,42.14,42.61,41.71,42.12,386749.06
2021-11-09,42.2,42.45,41.54,41.92,387883.64
2021-11-10,41.92,42.0,41.08,41.57,558071.06
2021-11-11,41.5,43.41,41.43,43.37,849731.7
2021-11-12,43.37,43.66,42.9,43.02,343596.56
2021-11-15,43.34,44.02,43.0,43.46,366950.32
2021-11-16,43.43,43.83,42.82,43.1,322315.09
2021-11-17,42.87,43.38,42.54,42.56,339385.51
2021-11-18,42.53,42.69,41.87,42.21,342442.67
2021-11-19,42.27,43.3,41.96,42.96,464667.97
2021-11-22,42.78,42.97,42.36,42.44,376538.34
2021-11-23,42.49,42.94,42.23,42.49,389148.91
2021-11-24,42.36,42.61,42.01,42.48,315039.65
2021-11-25,42.45,42.45,42.07,42.22,215660.2
2021-11-26,42.04,42.24,40.95,41.13,823357.31
2021-11-29,40.87,41.13,40.08,40.9,827247.04
2021-11-30,40.62,40.93,40.16,40.63,610042.56
2021-12-01,40.62,41.22,40.46,41.04,500361.03
2021-12-02,41.06,41.87,40.63,41.78,556070.48
2021-12-03,41.93,42.1,41.44,42.08,494076.47
2021-12-06,42.27,43.02,42.14,42.55,604716.43
2021-12-07,42.93,43.17,41.95,42.56,540773.71
2021-12-08,42.68,42.92,42.2,42.73,490974.72
2021-12-09,42.9,44.2,42.53,43.62,840557.21
2021-12-10,43.43,43.92,43.25,43.92,564262.81
2021-12-13,43.97,44.5,43.03,43.04,645545.66
2021-12-14,42.96,43.1,41.75,42.0,810629.47
2021-12-15,41.87,42.15,41.69,41.87,378493.27
2021-12-16,41.8,42.12,41.55,42.04,383653.39
2021-12-17,41.95,42.2,41.59,41.68,476449.05
2021-12-20,41.63,42.12,41.37,41.62,470826.27
2021-12-21,41.59,41.86,41.3,41.57,356944.42
2021-12-22,41.57,41.67,40.95,41.06,436828.19
2021-12-23,41.14,41.27,40.79,41.23,423708.71
2021-12-24,41.23,41.23,40.92,40.94,344650.68
2021-12-27,40.94,41.1,40.23,40.5,735943.33
2021-12-28,40.5,40.89,40.39,40.75,653220.73
2021-12-29,40.78,40.82,39.09,39.1,1438902.68
2021-12-30,39.32,40.05,39.13,39.82,967916.51
2021-12-31,39.85,40.13,39.68,39.99,492935.01
2022-01-04,39.99,39.99,39.01,39.7,719606.45
2022-01-05,39.81,40.79,39.74,40.27,837173.75
2022-01-06,40.08,40.55,39.49,39.53,681866.64
2022-01-07,39.52,40.35,39.44,40.27,660737.05
2022-01-10,40.62,41.05,40.16,40.42,570936.34
2022-01-11,40.63,41.13,40.14,40.93,715617.48
2022-01-12,40.94,41.13,40.39,40.85,518411.18
2022-01-13,40.93,41.09,40.33,40.51,401407.54
2022-01-14,40.62,40.62,39.41,39.43,666570.98
2022-01-17,39.71,40.11,39.32,39.89,531807.61
2022-01-18,39.94,40.51,39.64,40.24,579077.08
2022-01-19,40.62,41.04,40.32,40.81,620280.26
2022-01-20,40.95,42.6,40.95,42.18,1386248.71
2022-01-21,42.19,42.69,42.05,42.55,858080.94
2022-01-24,42.65,42.69,41.9,42.57,638155.2
2022-01-25,42.32,42.52,41.63,41.79,583512.89
2022-01-26,42.08,42.27,41.54,41.87,436696.28
2022-01-27,41.79,42.02,41.15,41.68,529400.57
2022-01-28,41.91,42.04,40.35,40.4,715144.11
2022-02-07,41.3,42.28,41.16,42.16,732349.13
2022-02-08,42.32,42.69,41.86,42.46,528241.76
2022-02-09,42.61,42.97,42.1,42.38,512207.06
2022-02-10,42.61,42.61,41.87,42.46,335542.47
2022-02-11,42.55,43.51,42.41,43.32,809932.65
2022-02-14,43.51,43.51,41.87,42.04,594051.66
2022-02-15,41.83,42.18,41.01,41.23,566179.03
2022-02-16,41.51,42.17,41.24,41.93,404955.79
2022-02-17,42.09,42.68,41.81,42.25,441570.43
2022-02-18,42.08,42.78,42.08,42.74,354390.1
2022-02-21,42.55,42.6,41.88,42.5,313450.76
2022-02-22,41.94,42.16,41.66,42.05,369839.93
2022-02-23,42.25,42.25,41.59,41.73,374999.74
2022-02-24,41.5,41.53,40.93,41.07,482380.83
2022-02-25,41.08,41.46,40.68,40.9,451840.5
2022-02-28,40.71,41.0,40.49,40.89,335289.64
2022-03-01,41.05,41.46,40.53,41.25,406454.36
2022-03-02,40.89,41.24,40.59,40.62,397075.98
2022-03-03,40.71,41.03,40.6,40.83,311289.67
2022-03-04,40.44,40.55,39.82,39.98,577897.2
2022-03-07,39.42,39.62,38.18,38.39,1014353.69
2022-03-08,38.23,38.4,37.11,37.34,834664.64
2022-03-09,37.44,37.55,35.31,36.45,900431.12
2022-03-10,37.44,37.52,36.64,36.7,671495.83
2022-03-11,36.54,36.77,35.39,36.49,740524.88
2022-03-14,35.71,36.11,34.57,34.61,1080465.57
2022-03-15,34.16,34.16,32.17,32.39,1313092.49
2022-03-16,32.89,35.14,32.77,34.96,1377449.32
2022-03-17,36.25,37.09,35.85,36.54,1319647.59
2022-03-18,36.62,37.91,36.14,37.91,923585.31
2022-03-21,37.68,37.68,36.62,36.79,791032.2
2022-03-22,36.98,37.65,36.8,37.38,549038.3
2022-03-23,37.51,37.74,37.19,37.57,469959.84
2022-03-24,37.44,37.84,37.24,37.58,380332.34
2022-03-25,37.53,37.73,36.95,37.09,318259.36
2022-03-28,36.82,37.36,36.33,36.99,386458.74
2022-03-29,37.07,37.4,36.87,36.95,349620.89
2022-03-30,37.24,38.01,37.23,37.96,520722.69
2022-03-31,37.76,38.69,37.62,38.42,615884.9
2022-04-01,38.17,38.97,38.0,38.67,476139.44
2022-04-06,38.1,39.19,38.08,38.91,478268.55
2022-04-07,38.88,39.07,38.24,38.47,377201.07
2022-04-08,38.34,38.74,38.26,38.74,364234.74
2022-04-11,38.35,38.48,37.43,37.69,492611.73
2022-04-12,37.93,38.15,37.04,37.52,588840.49
2022-04-13,37.52,37.85,37.2,37.56,448222.52
2022-04-14,37.78,38.12,37.56,37.57,326613.29
2022-04-15,37.52,38.59,37.35,38.45,423159.03
2022-04-18,37.73,37.73,35.12,35.62,2366775.06
2022-04-19,34.48,35.1,33.99,34.57,2504770.22
2022-04-20,34.32,34.47,33.58,33.74,1318268.51
2022-04-21,33.42,34.57,33.33,33.89,1143500.98
2022-04-22,33.38,35.28,33.37,34.89,1195339.84
2022-04-25,33.15,33.62,31.79,31.88,2368745.15
2022-04-26,31.91,32.15,30.87,31.54,1454718.77
2022-04-27,31.06,31.72,30.88,31.23,1546207.95
2022-04-28,31.25,32.91,31.16,32.53,1564523.1
2022-04-29,32.1,33.01,31.79,32.78,1236928.61
2022-05-05,32.56,32.99,32.04,32.23,944251.32
2022-05-06,31.77,31.81,31.12,31.13,889455.45
2022-05-09,31.03,31.05,29.68,29.94,1252405.92
2022-05-10,29.54,30.51,28.95,30.36,1217637.35
2022-05-11,30.24,30.84,30.05,30.55,872398.56
2022-05-12,30.21,30.43,29.91,30.06,630023.11
2022-05-13,30.36,30.87,30.3,30.5,701300.77
2022-05-16,30.48,30.48,29.92,30.29,644742.36
2022-05-17,30.67,31.72,30.67,31.69,1183954.43
2022-05-18,32.02,32.09,31.12,31.61,887755.39
2022-05-19,31.11,31.4,30.81,31.22,542010.95
2022-05-20,31.81,32.99,31.81,32.81,1338872.44
2022-05-23,32.82,32.88,32.39,32.42,618088.29
2022-05-24,32.51,32.7,31.89,31.94,687429.72
2022-05-25,32.0,32.1,31.72,31.84,489025.4
2022-05-26,32.02,32.02,31.26,31.55,615429.63
2022-05-27,31.94,32.36,31.8,32.12,608395.89
2022-05-30,32.43,32.43,31.85,32.08,471536.67
2022-05-31,32.06,32.64,31.86,32.59,645403.94
2022-06-01,32.59,32.59,32.24,32.59,433834.08
2022-06-02,32.27,32.37,31.81,31.95,547281.21
2022-06-06,31.9,32.04,31.28,32.0,698702.87
2022-06-07,31.99,32.43,31.75,32.31,622726.29
2022-06-08,32.32,32.51,32.04,32.46,596930.86
2022-06-09,32.43,33.33,32.36,33.08,908607.22
2022-06-10,32.77,32.97,32.43,32.94,795393.75
2022-06-13,32.48,32.48,31.48,31.67,971312.16
2022-06-14,31.36,32.27,31.29,32.22,598362.44
2022-06-15,32.18,33.74,32.18,33.24,1394894.78
2022-06-16,33.56,33.65,32.81,32.81,636883.39
2022-06-17,32.71,32.98,32.24,32.72,550730.77
2022-06-20,32.75,32.92,32.35,32.59,614206.16
2022-06-21,32.63,33.37,32.39,33.11,583913.88
2022-06-22,33.17,33.23,32.27,32.27,730711.87
2022-06-23,32.28,33.01,32.28,32.96,616029.83
2022-06-24,33.06,33.33,32.56,33.01,639950.33
2022-06-27,33.11,33.96,32.96,33.87,893408.11
2022-06-28,33.74,34.01,33.58,33.89,499163.67
2022-06-29,33.88,34.25,33.65,33.67,622804.11
2022-06-30,33.7,35.06,33.63,34.65,832628.23
2022-07-01,34.8,34.8,33.83,33.97,695748.15
2022-07-04,33.89,33.97,33.5,33.7,486917.85
2022-07-05,34.04,34.21,33.47,33.65,534538.41
2022-07-06,33.63,33.74,32.51,32.68,885266.38
2022-07-07,32.68,32.98,32.47,32.64,508129.21
2022-07-08,33.01,33.02,32.54,32.69,480361.45
2022-07-11,32.5,32.59,32.18,32.38,403754.87
2022-07-12,32.32,32.68,32.04,32.27,580629.88
2022-07-13,32.08,32.23,30.94,31.12,1410830.81
2022-07-14,30.52,30.53,29.15,29.95,2325233.74
2022-07-15,30.07,30.81,29.87,29.87,1382451.73
2022-07-18,30.11,30.71,29.99,30.53,903080.21
2022-07-19,30.41,30.71,30.16,30.59,537813.84
2022-07-20,30.79,30.94,30.59,30.71,469688.71
2022-07-21,30.45,30.7,30.3,30.38,466240.82
2022-07-22,30.46,30.89,30.2,30.49,510332.74
2022-07-25,30.31,30.83,30.17,30.71,404648.61
2022-07-26,30.71,31.14,30.66,31.12,456285.22
2022-07-27,31.04,31.14,30.77,30.89,442471.35
2022-07-28,30.93,31.14,30.63,30.65,570667.6
2022-07-29,30.7,31.0,29.99,30.05,649706.31
2022-08-01,29.98,29.99,29.51,29.57,705882.73
2022-08-02,29.3,29.31,28.55,29.05,811607.51
2022-08-03,29.04,29.55,28.23,28.32,1003206.25
2022-08-04,28.55,28.87,28.47,28.84,593072.71
2022-08-05,28.97,29.42,28.8,29.39,488719.48
2022-08-08,29.29,29.55,28.8,29.05,572111.97
2022-08-09,29.09,29.09,28.61,28.79,498671.19
2022-08-10,28.75,28.87,28.3,28.4,529604.8
2022-08-11,28.67,29.47,28.43,29.44,826688.09
2022-08-12,29.27,29.51,29.15,29.45,402000.5
2022-08-15,29.21,29.41,28.73,28.9,459180.83
2022-08-16,29.01,29.45,28.91,29.05,479154.54
2022-08-17,29.13,29.41,28.73,29.33,453954.76
2022-08-18,29.24,29.27,28.65,28.89,507344.43
2022-08-19,28.68,29.26,28.67,29.0,428449.67
2022-08-22,28.73,29.23,28.7,28.8,525634.82
2022-08-23,28.78,28.79,28.29,28.36,539657.2
2022-08-24,28.39,28.65,28.1,28.13,589658.52
2022-08-25,28.19,28.93,27.92,28.86,650738.75
2022-08-26,28.87,29.16,28.55,28.87,549683.1
2022-08-29,28.54,28.97,28.37,28.51,389013.92
2022-08-30,28.37,29.02,28.34,28.95,590877.36
2022-08-31,28.73,30.19,28.67,30.03,1665451.05
2022-09-01,29.87,30.02,29.55,29.56,607421.08
2022-09-02,29.64,29.9,29.23,29.4,476634.98
2022-09-05,29.34,29.46,28.75,29.33,467372.06
2022-09-06,29.4,29.77,28.7,28.8,877561.01
2022-09-07,28.57,28.68,28.32,28.6,625220.16
2022-09-08,28.59,28.73,28.49,28.53,416672.22
2022-09-09,28.66,29.78,28.6,29.56,1351666.15
2022-09-13,29.51,30.54,29.38,30.29,1438610.57
2022-09-14,29.9,30.24,29.74,29.87,560786.36
2022-09-15,30.11,30.89,30.11,30.85,1340950.49
2022-09-16,30.58,30.84,29.92,29.94,865161.34
2022-09-19,29.89,30.26,29.77,30.06,449981.29
2022-09-20,30.07,30.15,29.43,29.59,504345.51
2022-09-21,29.51,29.88,29.01,29.48,530389.25
2022-09-22,29.13,29.34,29.05,29.27,385145.51
2022-09-23,29.13,29.69,29.13,29.44,366437.17
2022-09-26,29.15,29.57,28.99,29.09,525491.4
2022-09-27,29.03,29.17,28.65,29.04,475413.62
2022-09-28,28.95,29.13,28.63,28.85,487298.6
2022-09-29,29.12,29.4,28.27,28.4,617859.02
2022-09-30,28.49,29.09,28.37,28.83,539717.07
2022-10-10,28.26,28.35,26.77,27.24,1277991.32
2022-10-11,27.24,27.48,26.82,26.9,618664.47
2022-10-12,26.77,26.82,25.74,26.52,1173699.75
2022-10-13,26.1,26.18,25.44,25.61,1350380.91
2022-10-14,25.96,26.75,25.79,26.63,1269196.92
2022-10-17,26.3,26.71,26.16,26.58,646309.61
2022-10-18,26.82,26.88,26.3,26.39,562813.82
2022-10-19,26.32,26.62,25.88,25.92,528275.18
2022-10-20,25.7,26.09,25.6,25.76,551154.04
2022-10-21,25.83,25.93,25.27,25.34,728710.94
2022-10-24,25.18,25.26,23.99,24.01,1451458.35
2022-10-25,24.01,24.39,23.83,24.15,860282.49
2022-10-26,23.97,24.26,23.78,23.93,754021.89
2022-10-27,24.16,24.37,23.9,23.94,762865.64
2022-10-28,23.65,23.99,23.12,23.29,949464.22
2022-10-31,23.05,23.24,22.53,22.98,953032.53
2022-11-01,23.22,24.2,23.14,24.15,1059019.01
2022-11-02,24.13,24.59,23.86,24.35,728361.02
2022-11-03,24.29,24.31,23.89,24.03,501722.13
2022-11-04,24.03,25.06,23.98,24.91,926829.57
2022-11-07,24.67,25.21,24.52,24.98,545380.19
2022-11-08,25.02,25.17,24.79,24.97,439781.88
2022-11-09,24.97,25.32,24.85,25.0,463059.56
2022-11-10,24.85,25.1,24.65,25.01,400045.62
2022-11-11,25.79,27.24,25.45,26.76,1688716.88
2022-11-14,27.84,28.86,27.7,28.39,2049685.36
2022-11-15,28.4,28.98,28.06,28.51,913305.06
2022-11-16,28.49,28.68,28.15,28.6,614594.43
2022-11-17,28.53,28.53,27.42,27.68,1037151.91
2022-11-18,27.66,28.0,27.27,27.48,562731.94
2022-11-21,27.07,27.39,26.6,27.3,479104.04
2022-11-22,27.48,28.17,27.24,27.8,654166.5
2022-11-23,27.7,28.23,27.54,27.6,577644.27
2022-11-24,27.93,28.16,27.48,27.6,406301.0
2022-11-25,27.6,28.46,27.57,28.29,830121.55
2022-11-28,27.5,27.51,26.94,27.38,809376.86
2022-11-29,28.09,29.91,28.06,29.87,1753186.95
2022-11-30,29.41,30.36,29.3,29.95,873324.61
2022-12-01,30.76,31.27,29.86,29.99,831397.23
2022-12-02,29.99,29.99,29.27,29.46,598462.4
2022-12-05,29.96,30.93,29.65,30.93,1050604.39
2022-12-06,30.77,30.83,30.35,30.71,651103.53
2022-12-07,30.67,30.8,30.24,30.26,564606.28
2022-12-08,30.2,30.65,30.12,30.37,443551.51
2022-12-09,30.67,31.64,30.53,31.48,958162.91
2022-12-12,31.19,31.36,30.57,30.66,606262.4
2022-12-13,30.61,31.06,30.51,30.96,382903.98
2022-12-14,30.96,31.73,30.86,31.62,644361.67
2022-12-15,31.37,31.66,31.03,31.12,403403.41
2022-12-16,31.1,31.87,31.1,31.78,607820.01
2022-12-19,31.78,31.99,31.06,31.27,547842.53
2022-12-20,31.05,31.31,30.24,30.6,702911.16
2022-12-21,30.83,31.04,30.59,30.8,330497.76
2022-12-22,31.3,31.57,31.06,31.27,359714.83
2022-12-23,31.09,31.53,30.97,31.16,330583.6
2022-12-26,31.14,31.53,30.75,30.8,360473.52
2022-12-27,31.23,31.68,31.12,31.42,367907.47
2022-12-28,31.42,32.14,31.34,31.98,528859.97
2022-12-29,31.61,31.97,31.4,31.9,513629.13
2022-12-30,31.99,32.24,31.86,31.92,523228.05
2023-01-03,31.77,32.37,31.3,32.2,606266.16
2023-01-04,32.37,33.27,32.15,33.11,836454.11
2023-01-05,33.4,33.64,32.9,32.98,619085.19
2023-01-06,33.12,33.35,32.46,32.88,590006.99
2023-01-09,32.91,33.5,32.91,33.24,499148.86
2023-01-10,33.22,33.24,32.69,32.77,541971.59
2023-01-11,32.88,33.57,32.68,33.34,541706.98
2023-01-12,33.51,33.54,33.18,33.46,304348.71
2023-01-13,33.47,33.98,33.39,33.98,463767.08
2023-01-16,34.27,35.25,34.1,34.67,880468.55
2023-01-17,34.65,35.07,34.51,34.85,432047.05
2023-01-18,34.83,35.08,34.47,34.59,294674.72
2023-01-19,34.44,34.95,34.2,34.83,472490.21
2023-01-20,35.11,35.21,34.85,35.17,413402.73
2023-01-30,36.45,36.52,35.85,36.01,1007007.4
2023-01-31,36.28,36.28,35.31,35.31,642311.85
2023-02-01,35.67,35.72,34.23,34.73,916791.3
2023-02-02,34.87,34.91,33.88,34.29,727232.93
2023-02-03,34.09,34.09,33.42,33.67,638163.64
2023-02-06,33.17,33.19,32.45,32.86,731000.66
2023-02-07,32.98,33.36,32.69,32.91,426570.86
2023-02-08,32.98,33.34,32.86,32.98,317065.28
2023-02-09,32.92,33.32,32.83,32.98,498174.81
2023-02-10,32.81,32.89,32.47,32.69,411026.39
2023-02-13,32.47,32.54,31.76,32.32,825181.34
2023-02-14,32.37,32.61,32.14,32.56,486076.63
2023-02-15,32.56,32.63,31.7,31.84,771047.78
2023-02-16,31.87,32.43,31.72,31.93,654152.31
2023-02-17,31.83,32.02,31.42,31.45,575812.8
2023-02-20,31.54,32.99,31.54,32.98,1080228.3
2023-02-21,32.92,33.26,32.67,33.15,530465.4
2023-02-22,32.95,33.07,32.68,32.69,383091.39
2023-02-23,32.69,33.22,32.69,32.79,370638.24
2023-02-24,32.7,32.77,32.04,32.09,533690.15
2023-02-27,31.93,32.2,31.78,31.84,449333.67
2023-02-28,31.84,32.11,31.57,31.96,378225.52
2023-03-01,31.91,32.85,31.87,32.77,571194.01
2023-03-02,32.59,32.98,32.36,32.77,349070.09
2023-03-03,32.98,33.22,32.47,32.77,357113.9
2023-03-06,32.57,32.75,31.62,31.7,810519.39
2023-03-07,31.6,32.11,31.19,31.32,737411.49
2023-03-08,31.06,31.12,30.67,30.84,616583.57
2023-03-09,30.84,30.91,30.41,30.48,539996.02
2023-03-10,30.03,30.55,29.94,30.01,558453.66
2023-03-13,29.92,30.31,29.74,30.03,584204.63
2023-03-14,29.71,29.93,29.42,29.63,626667.5
2023-03-15,30.11,30.59,29.88,29.88,676383.78
2023-03-16,29.56,30.11,29.31,29.69,403894.89
2023-03-17,30.0,30.3,29.15,29.44,832715.78
2023-03-20,29.51,29.91,29.15,29.23,520725.15
2023-03-21,29.31,29.56,29.14,29.33,367475.39
2023-03-22,29.57,29.75,29.37,29.59,459867.4
2023-03-23,29.47,30.28,29.4,30.16,542146.33
2023-03-24,29.97,29.97,29.33,29.5,678718.39
2023-03-27,29.64,29.64,29.17,29.31,449836.1
2023-03-28,29.48,29.75,29.28,29.47,533234.36
2023-03-29,29.65,29.73,29.21,29.23,418630.12
2023-03-30,29.26,29.46,28.88,29.43,562289.7
2023-03-31,29.44,29.83,29.25,29.36,577794.28
2023-04-03,29.39,29.51,29.11,29.45,504675.01
2023-04-04,29.45,29.49,29.18,29.37,487820.66
2023-04-06,29.27,29.27,28.9,28.96,486795.67
2023-04-07,29.0,29.35,28.91,29.25,394141.2
2023-04-10,29.26,29.39,29.1,29.33,330159.49
2023-04-11,29.33,29.42,28.81,28.9,733991.53
2023-04-12,29.03,29.09,28.84,28.91,416127.69
2023-04-13,28.83,29.33,28.49,29.14,634304.56
2023-04-14,29.3,29.81,29.15,29.46,693923.38
2023-04-17,29.4,30.16,29.21,30.16,893730.12
2023-04-18,30.17,31.14,30.09,30.57,942714.63
2023-04-19,30.71,30.71,30.24,30.41,510886.48
2023-04-20,30.5,30.62,29.87,29.98,680915.3
2023-04-21,29.98,30.14,29.5,29.56,531591.46
2023-04-24,29.57,29.72,28.71,28.79,729873.68
2023-04-25,28.79,29.25,28.71,29.15,512212.8
2023-04-26,28.96,29.09,28.57,28.97,496500.7
2023-04-27,28.25,28.26,27.54,27.96,1559279.39
2023-04-28,27.81,28.91,27.77,28.79,940213.08
2023-05-04,28.52,29.47,28.13,29.24,725433.03
2023-05-05,29.28,30.04,29.26,29.72,800889.73
2023-05-08,29.87,30.8,29.68,30.5,1064265.8
2023-05-09,30.57,30.93,29.95,29.98,985529.78
2023-05-10,29.9,30.09,29.38,29.47,638373.87
2023-05-11,29.64,30.27,29.47,29.51,445802.84
2023-05-12,29.53,29.6,29.13,29.16,459365.69
2023-05-15,29.21,29.86,28.88,29.73,528094.53
2023-05-16,29.94,30.16,29.62,29.83,385248.04
2023-05-17,29.82,30.1,29.5,29.56,396376.35
2023-05-18,29.75,29.85,29.31,29.51,329012.3
2023-05-19,29.43,29.51,29.08,29.09,392989.8
2023-05-22,29.11,29.42,29.11,29.3,296934.41
2023-05-23,29.31,29.45,28.79,28.79,346921.26
2023-05-24,28.78,28.78,28.21,28.21,463998.73
2023-05-25,28.07,28.07,27.55,27.78,706051.03
2023-05-26,27.79,28.15,27.6,28.05,294623.74
2023-05-29,28.23,28.23,27.79,28.01,387300.9
2023-05-30,28.01,28.19,27.72,27.96,340071.78
2023-05-31,27.93,28.1,27.62,27.67,525413.98
2023-06-01,27.68,27.85,27.43,27.47,472398.81
2023-06-02,27.61,28.36,27.59,28.33,558856.07
2023-06-05,28.33,28.51,28.14,28.31,312730.34
2023-06-06,28.31,28.96,28.26,28.33,386633.75
2023-06-07,28.49,28.8,28.41,28.53,338906.35
2023-06-08,28.55,29.32,28.46,29.2,549615.01
2023-06-09,29.17,29.35,28.91,28.91,415108.72
2023-06-12,28.9,29.06,28.6,28.9,406773.76
2023-06-13,28.75,29.08,28.7,28.9,231245.56
2023-06-14,29.07,29.17,28.61,28.61,382633.1
2023-06-15,28.7,28.95,28.54,28.89,369537.06
2023-06-16,29.01,29.17,28.92,29.07,426806.37
2023-06-19,29.05,29.05,28.75,28.77,278960.62
2023-06-20,28.7,28.75,28.36,28.44,307648.75
2023-06-21,28.33,28.82,28.27,28.42,427865.99
2023-06-26,28.21,28.36,27.78,27.94,432103.0
2023-06-27,27.96,28.28,27.79,28.12,345715.27
2023-06-28,28.11,28.43,28.03,28.32,333818.01
2023-06-29,28.32,28.43,27.99,28.0,258548.31
2023-06-30,28.04,28.27,27.97,28.07,293613.27
2023-07-03,28.19,28.93,28.1,28.89,453667.67
2023-07-04,28.79,28.79,28.58,28.71,224086.56
2023-07-05,28.7,28.7,28.14,28.3,413071.58
2023-07-06,28.3,28.38,27.85,27.91,407842.46
2023-07-07,27.85,27.91,27.67,27.68,472794.4
2023-07-10,27.86,28.01,27.7,27.8,272076.77
2023-07-11,28.04,28.1,27.82,28.03,329166.54
2023-07-12,28.03,28.65,28.03,28.45,632049.33
2023-07-13,28.92,28.93,28.43,28.8,563850.28
2023-07-14,28.88,29.1,28.73,28.87,347520.56
2023-07-17,28.72,28.73,28.42,28.61,262002.79
2023-07-18,28.61,28.72,28.38,28.44,316389.46
2023-07-19,28.29,28.61,28.26,28.55,240295.64
2023-07-20,28.72,29.02,28.57,28.65,272394.43
2023-07-21,28.75,28.91,28.58,28.75,315669.0
2023-07-24,28.44,28.69,28.39,28.43,239122.03
2023-07-25,28.93,30.15,28.93,30.08,1261620.96
2023-07-26,30.08,30.5,29.9,30.15,501751.4
2023-07-27,30.29,30.58,30.02,30.43,548488.96
2023-07-28,30.28,31.91,30.21,31.73,1256287.59
2023-07-31,32.11,32.58,31.65,32.15,1162756.05
2023-08-01,32.12,32.17,31.44,31.63,660095.85
2023-08-02,30.88,31.48,30.53,30.77,915357.61
2023-08-03,30.76,31.44,30.62,31.35,509293.81
2023-08-04,31.72,32.1,31.39,31.53,812642.48
2023-08-07,31.42,31.44,30.99,31.19,344671.92
2023-08-08,31.04,31.33,30.57,30.88,502282.55
2023-08-09,30.76,31.02,30.69,30.76,386832.5
2023-08-10,30.65,30.97,30.56,30.87,287724.69
2023-08-11,30.88,31.16,29.97,29.97,606240.04
2023-08-14,29.65,29.68,29.16,29.35,667072.91
2023-08-15,29.35,29.51,29.07,29.26,582959.14
2023-08-16,29.07,29.16,28.82,28.9,580151.81
2023-08-17,28.73,28.81,28.47,28.74,646075.69
2023-08-18,28.71,29.5,28.71,28.82,674594.67
2023-08-21,28.76,28.79,28.14,28.14,809575.31
2023-08-22,28.22,28.45,28.03,28.32,601070.44
2023-08-23,28.21,28.42,27.89,27.89,560743.58
2023-08-24,28.03,28.16,27.85,28.08,412256.14
2023-08-25,28.03,28.8,27.94,28.53,647471.34
2023-08-28,30.11,30.68,28.96,29.17,1405093.67
2023-08-29,29.17,29.33,28.72,28.97,721169.98
2023-08-30,29.1,29.1,28.52,28.62,639801.58
2023-08-31,28.75,29.0,28.47,28.52,503220.17
2023-09-01,28.89,29.5,28.82,29.18,697526.19
2023-09-04,29.46,30.39,29.36,30.31,1104299.32
2023-09-05,30.11,30.23,29.81,29.93,447322.61
2023-09-06,29.93,30.25,29.63,30.16,546740.47
2023-09-07,30.12,30.12,29.84,29.96,358701.98
2023-09-08,29.84,30.07,29.79,29.99,298500.98
2023-09-11,29.95,30.1,29.75,29.75,632873.69
2023-09-12,29.74,29.88,29.67,29.73,277590.78
2023-09-13,29.79,29.91,29.53,29.61,298915.34
2023-09-14,29.79,30.01,29.7,29.9,437343.9
2023-09-15,30.11,30.22,29.65,29.8,439602.15
2023-09-18,29.72,29.88,29.56,29.85,360401.92
2023-09-19,29.84,29.84,29.58,29.8,384652.7
2023-09-20,29.71,29.71,29.5,29.59,309317.58
2023-09-21,29.61,29.66,29.27,29.27,390318.54
2023-09-22,29.46,30.17,29.22,30.14,712833.16
2023-09-25,30.09,30.09,29.74,29.84,456515.41
2023-09-26,29.77,29.91,29.61,29.65,322023.56
2023-09-27,29.74,29.92,29.61,29.67,352466.79
2023-09-28,29.85,29.96,29.61,29.81,388564.69
2023-10-09,29.56,29.56,29.27,29.46,361342.67
2023-10-10,29.94,29.95,29.46,29.46,342636.98
2023-10-11,29.69,29.7,29.29,29.34,376091.24
2023-10-12,29.83,30.13,29.64,29.9,617459.63
2023-10-13,29.64,29.73,29.39,29.48,410371.87
2023-10-16,29.46,29.53,29.15,29.21,286774.14
2023-10-17,29.28,29.47,29.13,29.4,286229.14
2023-10-18,29.37,29.51,29.3,29.37,249316.67
2023-10-19,29.29,29.29,28.5,28.54,604293.38
2023-10-20,28.47,28.76,28.39,28.61,372589.37
2023-10-23,28.56,28.61,28.03,28.24,393801.84
2023-10-24,28.37,28.4,28.06,28.3,365526.63
2023-10-25,28.57,28.71,28.21,28.41,375693.32
2023-10-26,28.35,28.71,28.26,28.48,287029.85
2023-10-27,28.43,28.61,28.16,28.51,391452.76
2023-10-30,28.04,28.14,27.62,27.94,838500.56
2023-10-31,27.79,28.02,27.67,27.81,528015.99
2023-11-01,27.85,27.92,27.51,27.53,529897.07
2023-11-02,27.67,27.86,27.58,27.74,364667.71
2023-11-03,27.74,28.06,27.67,28.02,439568.79
2023-11-06,28.16,28.34,27.99,28.15,519823.85
2023-11-07,28.15,28.15,27.71,27.85,516240.67
2023-11-08,27.79,27.83,27.58,27.67,445182.98
2023-11-09,27.62,27.83,27.59,27.72,327649.58
2023-11-10,27.58,27.63,27.21,27.27,516964.62
2023-11-13,27.28,27.37,26.77,26.96,634242.73
2023-11-14,27.01,27.3,27.0,27.3,448342.67
2023-11-15,27.53,27.82,27.48,27.7,601939.6
2023-11-16,27.73,27.82,27.46,27.61,315719.93
2023-11-17,27.54,27.59,27.21,27.42,432452.82
2023-11-20,27.43,27.66,27.25,27.65,369227.08
2023-11-21,27.8,27.91,27.46,27.51,488544.7
2023-11-22,27.39,27.49,27.26,27.27,273705.42
2023-11-23,27.14,27.31,27.08,27.25,299793.83
2023-11-24,27.18,27.21,27.06,27.12,291162.76
2023-11-27,27.12,27.15,26.48,26.58,581019.58
2023-11-28,26.59,26.66,26.26,26.36,475165.11
2023-11-29,26.4,26.44,25.93,26.04,620637.52
2023-11-30,26.04,26.2,25.86,26.03,551560.06
2023-12-01,25.97,25.98,25.38,25.55,882736.44
2023-12-04,25.56,25.73,25.33,25.39,557878.3
2023-12-05,25.37,25.38,24.86,24.87,618901.67
2023-12-06,24.92,25.28,24.82,25.1,611259.26
2023-12-07,25.11,25.26,24.67,25.14,594966.98
2023-12-08,25.04,25.27,24.86,24.86,533497.65
2023-12-11,24.64,25.18,24.32,25.1,758085.97
2023-12-12,25.04,25.38,24.96,25.36,504201.11
2023-12-13,25.24,25.24,24.59,24.61,671239.32
2023-12-14,24.81,24.99,24.44,24.44,445268.08
2023-12-15,24.84,25.36,24.59,24.62,980686.59
2023-12-18,24.41,24.75,24.32,24.66,477164.25
2023-12-19,24.59,24.73,24.43,24.67,376573.73
2023-12-20,24.69,24.78,24.46,24.46,531128.08
2023-12-21,24.39,25.09,24.34,25.05,759104.81
2023-12-22,25.12,25.18,24.78,24.96,623643.72
2023-12-25,24.95,25.06,24.79,24.89,419033.86
2023-12-26,24.85,24.85,24.56,24.65,365257.08
2023-12-27,24.71,24.75,24.46,24.68,410636.87
2023-12-28,24.64,25.43,24.64,25.31,1061062.85
2023-12-29,25.22,25.36,25.11,25.15,655773.45
2024-01-02,25.27,25.28,24.92,24.94,542194.8
2024-01-03,24.94,25.17,24.88,25.11,433955.88
2024-01-04,25.1,25.16,24.74,25.14,637102.49
2024-01-05,25.09,26.02,24.97,25.58,1190633.15
2024-01-08,25.47,25.85,25.27,25.43,816820.7
2024-01-09,25.42,25.57,25.22,25.47,558663.06
2024-01-10,25.33,25.63,25.33,25.36,453640.48
2024-01-11,25.31,25.83,25.18,25.66,735318.26
2024-01-12,25.55,26.02,25.55,25.8,577832.01
2024-01-15,25.77,26.16,25.65,26.01,482452.29
2024-01-16,25.88,26.34,25.86,26.34,853440.24
2024-01-17,26.33,26.74,26.25,26.39,1308601.46
2024-01-18,26.16,26.83,25.86,26.74,1295126.45
2024-01-19,26.55,27.03,26.35,26.88,968616.23
2024-01-22,26.91,27.58,26.85,27.35,1549702.67
2024-01-23,27.13,27.44,26.94,27.11,886055.52
2024-01-24,27.26,27.39,26.56,27.2,974892.39
2024-01-25,27.4,28.03,27.29,27.94,1234509.22
2024-01-26,27.95,28.34,27.72,28.14,1009915.78
2024-01-29,28.21,28.57,28.18,28.34,838824.33
2024-01-30,28.21,28.48,27.83,28.03,743999.13
2024-01-31,27.95,28.2,27.66,27.76,808949.28
2024-02-01,27.73,27.88,27.3,27.5,859700.09
2024-02-02,27.53,27.72,26.8,27.33,987291.65
2024-02-05,27.33,27.98,27.18,27.76,1063978.81
2024-02-06,27.76,28.34,27.67,28.33,1062158.43
2024-02-07,28.41,28.46,27.86,28.31,1110510.58
2024-02-08,28.31,28.43,28.05,28.39,873004.36
2024-02-19,28.92,28.92,28.4,28.59,875490.1
2024-02-20,28.59,28.59,28.29,28.39,606404.69
2024-02-21,28.39,30.19,28.34,29.84,1528656.12
2024-02-22,29.66,29.79,29.28,29.65,752760.38
2024-02-23,29.66,30.2,29.49,29.79,639848.72
2024-02-26,29.71,29.89,29.0,29.16,666390.18
2024-02-27,29.15,29.29,28.92,29.09,543491.54
2024-02-28,29.19,29.19,28.57,28.95,683707.52
2024-02-29,28.83,29.11,28.8,28.97,498928.29
2024-03-01,28.86,29.0,28.71,28.88,427173.92
2024-03-04,28.71,28.81,28.45,28.5,591350.15
2024-03-05,28.41,29.12,28.31,29.09,894028.67
2024-03-06,29.06,29.17,28.81,28.81,516101.77
2024-03-07,28.81,29.05,28.73,28.93,519491.97
2024-03-08,28.83,28.94,28.52,28.63,441071.17
2024-03-11,28.52,28.71,28.21,28.46,738537.94
2024-03-12,28.41,29.07,28.28,28.89,769253.75
2024-03-13,28.9,28.92,28.42,28.5,469387.14
2024-03-14,28.44,28.68,28.17,28.25,508174.98
2024-03-15,28.24,28.41,28.03,28.19,520780.63
2024-03-18,28.16,28.33,28.03,28.14,461897.7
2024-03-19,28.12,28.13,27.78,27.85,547025.3
2024-03-20,27.85,28.21,27.72,28.19,498272.25
2024-03-21,28.18,28.71,28.07,28.52,646761.08
2024-03-22,28.51,28.52,27.94,28.21,552878.52
2024-03-25,28.13,28.49,27.95,28.34,483759.02
2024-03-26,28.75,29.53,28.69,29.29,1244307.91
2024-03-27,29.19,29.52,29.12,29.2,782084.88
2024-03-28,29.24,29.38,28.99,29.09,694744.92
2024-03-29,29.02,29.51,28.99,29.11,514001.31
2024-04-01,29.09,29.7,29.09,29.51,570152.32
2024-04-02,29.56,29.76,29.33,29.43,536618.99
2024-04-03,29.42,29.5,29.14,29.14,498081.63
2024-04-08,29.15,29.44,28.96,29.29,477291.23
2024-04-09,29.38,29.5,29.21,29.21,384772.07
2024-04-10,29.1,29.55,29.1,29.37,504013.72
2024-04-11,29.21,29.31,29.05,29.2,443747.73
2024-04-12,29.18,29.36,28.99,29.04,478204.14
2024-04-15,29.02,29.84,29.01,29.68,764644.73
2024-04-16,29.57,29.81,29.34,29.61,741556.1
2024-04-17,29.56,30.28,29.36,30.11,948211.96
2024-04-18,30.07,30.83,30.01,30.42,1006574.01
2024-04-19,30.34,30.59,30.22,30.4,540383.5
2024-04-22,30.54,30.91,29.88,30.14,607535.07
2024-04-23,30.11,30.58,30.04,30.18,512452.44
2024-04-24,30.18,30.33,29.93,30.25,443383.53
2024-04-25,30.23,31.1,30.18,31.1,919481.8
2024-04-26,31.1,31.53,30.94,31.17,954898.83
2024-04-29,31.1,31.79,30.92,31.53,818064.12
2024-04-30,31.1,31.26,30.78,31.02,868041.8
2024-05-06,31.73,31.97,31.39,31.53,1000704.94
2024-05-07,31.53,31.6,31.31,31.53,473848.57
2024-05-08,31.48,31.61,31.24,31.25,412861.58
2024-05-09,31.28,31.58,31.28,31.5,512391.31
2024-05-10,31.5,32.41,31.46,32.2,940365.7
2024-05-13,32.04,32.61,31.94,32.47,747800.26
2024-05-14,32.45,32.67,31.82,31.95,687778.84
2024-05-15,31.94,32.04,31.36,31.69,674944.06
2024-05-16,31.72,32.95,31.64,32.77,1291475.53
2024-05-17,32.82,33.36,32.6,33.32,916879.44
2024-05-20,33.32,33.45,32.63,32.89,914250.0
2024-05-21,32.87,33.02,32.67,32.76,445999.44
2024-05-22,32.75,32.89,32.33,32.6,664477.39
2024-05-23,32.46,32.56,31.93,32.1,924584.95
2024-05-24,31.91,32.08,31.34,31.41,870440.0
2024-05-27,31.51,31.83,31.42,31.77,570938.14
2024-05-28,31.73,31.94,31.39,31.49,476190.58
2024-05-29,31.42,31.7,31.16,31.25,491041.18
2024-05-30,31.15,31.55,30.9,31.05,559244.84
2024-05-31,31.22,31.28,30.99,30.99,508932.48
2024-06-03,30.94,31.08,30.67,30.88,608111.35
2024-06-04,30.88,31.35,30.83,31.23,533788.42
2024-06-05,31.35,31.37,30.64,30.73,691041.22
2024-06-06,30.82,30.92,30.54,30.74,677240.66
2024-06-07,30.78,30.97,30.42,30.73,678265.59
2024-06-11,30.54,30.71,29.94,30.16,690448.31
2024-06-12,30.15,30.16,29.79,29.92,511380.59
2024-06-13,30.02,30.03,29.58,29.67,550184.21
2024-06-14,29.67,30.76,29.67,30.57,991674.29
2024-06-17,30.38,30.56,30.19,30.5,457682.48
2024-06-18,30.61,31.01,30.4,30.48,453675.39
2024-06-19,30.48,31.1,30.43,30.88,585937.22
2024-06-20,30.88,30.95,30.65,30.75,392466.67
2024-06-21,30.63,30.81,30.28,30.47,523962.8
2024-06-24,30.55,30.94,30.28,30.8,692589.54
2024-06-25,30.8,31.17,30.71,31.01,638160.2
2024-06-26,30.9,31.06,30.69,30.79,452638.01
2024-06-27,30.7,31.05,30.59,30.97,555172.6
2024-06-28,30.92,31.17,30.78,30.91,525749.4
2024-07-01,30.91,31.1,30.69,31.06,472238.65
2024-07-02,31.08,31.87,31.06,31.72,868770.71
2024-07-03,31.65,31.72,31.02,31.16,691372.7
2024-07-04,31.23,31.68,31.17,31.38,696918.92
2024-07-05,31.38,31.49,30.43,30.63,967782.76
2024-07-08,30.6,30.95,30.48,30.73,545730.02
2024-07-09,30.73,31.24,30.49,31.16,621037.01
2024-07-10,31.16,31.64,31.15,31.35,726314.24
2024-07-11,31.71,31.76,31.43,31.54,732388.96
2024-07-12,31.64,32.67,31.64,32.59,944904.25
2024-07-15,32.59,32.64,32.32,32.38,474603.66
2024-07-16,32.36,32.49,32.07,32.39,455792.55
2024-07-17,32.3,32.77,32.26,32.66,577954.22
2024-07-18,32.66,32.83,32.36,32.68,598627.17
2024-07-19,32.59,32.88,32.2,32.83,810072.18
2024-07-22,32.75,32.75,31.72,31.96,808205.77
2024-07-23,31.96,32.31,31.85,31.96,538754.68
2024-07-24,32.06,32.19,31.66,31.8,482452.94
2024-07-25,31.84,31.94,31.03,31.47,762078.54
2024-07-26,31.44,31.67,30.78,31.03,601461.67
2024-07-29,31.04,31.3,30.87,31.1,413475.33
2024-07-30,31.06,31.24,30.82,31.08,390781.61
2024-07-31,31.08,31.63,30.91,31.37,595369.65
2024-08-01,31.37,31.49,30.93,31.35,409138.81
2024-08-02,31.08,31.25,30.89,30.94,386130.24
2024-08-05,30.87,31.17,30.72,30.77,584419.84
2024-08-06,31.02,31.05,30.2,30.39,514388.64
2024-08-07,30.41,30.58,30.24,30.27,390731.73
2024-08-08,30.3,30.65,30.08,30.61,394599.78
2024-08-09,30.64,31.23,30.49,30.99,482748.47
2024-08-12,30.96,31.0,30.61,30.79,318943.21
2024-08-13,30.77,30.89,30.44,30.62,282377.69
2024-08-14,30.58,30.81,30.49,30.54,282446.1
2024-08-15,30.53,31.56,30.34,31.4,739789.83
2024-08-16,31.39,31.87,31.36,31.78,418503.02
2024-08-19,31.87,32.11,31.66,32.03,422843.42
2024-08-20,32.06,32.21,31.79,32.09,423728.73
2024-08-21,31.92,32.04,31.46,31.86,378101.05
2024-08-22,31.9,32.16,31.8,31.92,382863.99
2024-08-23,31.89,32.45,31.7,32.3,465587.26
2024-08-26,32.3,32.44,32.08,32.37,351174.6
2024-08-27,32.37,32.53,32.14,32.3,387208.57
2024-08-28,32.43,32.57,32.05,32.28,415232.08
2024-08-29,32.2,32.37,31.54,31.56,516387.82
2024-08-30,31.44,31.74,30.79,30.82,1112229.83
2024-09-02,30.67,31.04,30.52,30.61,558020.65
2024-09-03,30.68,30.75,30.1,30.31,505751.88
2024-09-04,30.22,30.61,30.05,30.06,380525.9
2024-09-05,30.06,30.14,29.62,29.91,542063.45
2024-09-06,29.95,30.42,29.91,29.95,383182.14
2024-09-09,29.7,29.71,28.79,28.99,871073.47
2024-09-10,29.0,29.17,28.7,28.94,476023.57
2024-09-11,28.89,28.95,28.69,28.83,415793.76
2024-09-12,28.85,29.24,28.7,28.98,410266.97
2024-09-13,29.02,29.62,28.76,29.33,495974.43
2024-09-18,29.34,29.91,29.34,29.82,418540.27
2024-09-19,29.91,29.94,29.36,29.54,451191.26
2024-09-20,29.54,29.82,29.39,29.66,487417.55
2024-09-23,29.57,30.18,29.56,30.09,344608.72
2024-09-24,30.37,31.77,30.36,31.76,1361218.0
2024-09-25,32.45,33.06,32.3,32.73,1856242.79
2024-09-26,32.74,33.91,32.5,33.91,1745329.99
2024-09-27,34.61,34.99,33.46,34.15,745457.82
2024-09-30,34.84,36.42,34.43,36.05,2561012.6
2024-10-08,39.66,39.66,37.21,38.34,2973038.68
2024-10-09,38.05,38.07,35.48,35.48,1855932.1
2024-10-10,35.85,37.86,35.85,37.12,1433298.41
2024-10-11,37.12,37.59,36.45,36.84,903475.8
2024-10-14,37.39,38.15,37.09,37.7,1292938.39
2024-10-15,37.55,38.33,36.9,36.9,955976.53
2024-10-16,36.57,37.86,36.55,37.86,1012548.15
2024-10-17,37.89,38.14,36.89,36.89,848922.28
2024-10-18,36.91,37.8,36.63,37.43,928194.33
2024-10-21,37.53,37.53,36.9,37.24,717539.46
2024-10-22,37.23,37.96,37.14,37.55,600526.1
2024-10-23,37.44,38.28,37.4,38.02,627099.68
2024-10-24,37.91,38.04,37.52,37.68,336312.2
2024-10-25,37.62,37.85,37.44,37.48,447931.19
2024-10-28,37.39,37.48,36.69,36.92,664640.94
2024-10-29,37.0,37.48,36.82,37.0,514681.61
2024-10-30,36.91,37.29,36.05,36.31,703408.28
2024-10-31,36.23,36.42,35.38,35.81,850392.51
2024-11-01,35.89,36.71,35.83,36.43,703102.11
2024-11-04,36.52,37.14,35.86,37.14,646612.09
2024-11-05,36.84,37.48,36.81,37.46,628744.76
2024-11-06,37.38,37.46,36.57,36.96,648336.29
2024-11-07,36.83,37.94,36.79,37.93,743472.18
2024-11-08,38.04,38.2,37.14,37.19,745368.46
2024-11-11,36.71,37.1,36.32,36.74,703145.55
2024-11-12,36.61,37.23,35.96,36.03,893289.28
2024-11-13,36.03,36.41,35.96,36.25,485304.4
2024-11-14,36.1,36.88,35.97,36.48,676440.3
2024-11-15,36.5,36.97,36.24,36.25,699276.88
2024-11-18,36.47,37.06,36.23,36.33,763448.07
2024-11-19,36.34,36.6,35.9,36.16,521248.55
2024-11-20,36.23,36.28,35.85,35.93,451291.26
2024-11-21,35.93,36.1,35.72,35.88,350336.14
2024-11-22,35.88,35.99,34.85,34.94,690490.9
2024-11-25,35.18,35.33,34.62,34.72,534094.73
2024-11-26,34.54,35.06,34.35,34.88,459421.21
2024-11-27,34.88,35.16,34.61,35.08,392076.88
2024-11-28,35.08,35.32,34.68,34.96,451939.1
2024-11-29,35.07,35.47,34.8,34.83,664379.99
2024-12-02,34.94,35.16,34.7,35.0,424652.09
2024-12-03,35.13,35.68,34.87,35.58,721986.09
2024-12-04,35.55,35.55,35.02,35.28,620511.24
2024-12-05,35.14,35.81,35.09,35.38,568949.34
2024-12-06,35.48,36.25,35.48,36.14,877235.87
2024-12-09,36.03,36.42,35.8,36.14,492995.35
2024-12-10,37.19,37.37,36.81,37.0,1038953.19
2024-12-11,36.94,37.18,36.65,36.71,517709.36
2024-12-12,36.7,37.22,36.63,37.19,586888.76
2024-12-13,36.86,37.0,35.73,35.75,1117982.8
2024-12-16,35.8,36.21,35.77,36.18,640315.89
2024-12-17,35.98,36.58,35.98,36.28,603104.08
2024-12-18,36.44,37.06,36.29,36.92,805855.36
2024-12-19,36.79,36.93,36.42,36.44,611195.82
2024-12-20,36.47,36.69,36.29,36.34,542150.38
2024-12-23,36.42,37.1,36.41,36.76,902691.56
2024-12-24,36.76,37.66,36.73,37.59,993428.46
2024-12-25,37.6,37.92,37.37,37.77,755913.07
2024-12-26,37.77,37.9,37.39,37.84,539251.94
2024-12-27,37.84,38.0,37.17,37.71,700319.55
2024-12-30,37.71,38.15,37.62,37.98,678845.33
2024-12-31,37.92,38.25,37.67,37.67,643716.99
2025-01-02,37.72,37.86,36.75,36.91,642000.7
2025-01-03,37.0,37.42,36.94,37.06,682583.06
2025-01-06,37.29,37.48,36.55,37.43,617158.63
2025-01-07,37.35,37.53,37.01,37.29,492752.05
2025-01-08,37.22,37.91,37.21,37.65,751481.02
2025-01-09,37.77,37.8,37.22,37.38,447083.35
2025-01-10,37.71,37.81,37.2,37.36,481424.8
2025-01-13,37.32,37.53,36.94,37.45,606322.74
2025-01-14,37.47,38.31,37.29,38.2,708011.88
2025-01-15,38.33,39.3,38.24,38.96,796700.88
2025-01-16,38.96,39.44,38.85,39.29,592593.86
2025-01-17,39.26,39.45,38.47,39.02,475900.5
2025-01-20,39.28,39.37,38.45,38.46,542574.82
2025-01-21,38.65,38.83,38.35,38.48,400685.06
2025-01-22,38.48,38.5,37.69,37.81,588912.22
2025-01-23,38.03,38.56,37.88,38.18,606618.1
2025-01-24,38.02,38.87,37.82,38.59,574652.34
2025-01-27,38.9,39.27,38.87,38.96,526060.47
2025-02-05,39.16,39.2,38.25,38.34,504788.89
2025-02-06,38.34,38.71,38.08,38.53,466088.42
2025-02-07,38.44,38.73,38.3,38.53,521066.18
2025-02-10,38.53,39.22,38.3,38.92,581805.95
2025-02-11,39.06,39.34,38.96,39.28,457771.19
2025-02-12,39.26,39.93,38.88,39.89,603591.49
2025-02-13,39.92,40.21,39.63,39.98,462206.98
2025-02-14,39.96,40.29,39.8,40.29,498736.9
2025-02-17,40.25,40.25,39.65,39.99,536125.61
2025-02-18,39.79,40.72,39.79,40.31,546665.39
2025-02-19,40.26,40.4,40.03,40.24,374702.23
2025-02-20,40.26,40.35,39.95,40.12,407675.08
2025-02-21,40.22,40.25,39.51,39.68,595255.79
2025-02-24,39.67,40.02,39.4,39.56,571107.09
2025-02-25,39.44,39.72,39.21,39.33,507321.2
2025-02-26,39.42,39.97,39.35,39.76,476446.61
2025-02-27,39.88,40.64,39.57,40.62,622596.57
2025-02-28,40.62,40.89,40.31,40.31,705423.65
2025-03-03,40.37,40.85,40.21,40.31,470149.02
2025-03-04,40.17,40.35,40.04,40.07,317245.42
2025-03-05,40.22,41.13,40.02,41.11,632037.43
2025-03-06,41.11,41.31,40.69,41.18,572053.04
2025-03-07,41.12,41.98,41.07,41.76,605413.19
2025-03-10,41.69,41.77,41.04,41.28,508749.71
2025-03-11,41.0,41.83,40.94,41.71,565741.09
2025-03-12,41.7,42.04,41.46,41.74,418258.36
2025-03-13,41.79,42.54,41.7,42.02,585539.28
2025-03-14,42.18,43.59,42.12,43.29,911275.35
2025-03-17,43.44,43.61,43.12,43.17,654209.73
2025-03-18,43.41,43.5,42.96,43.27,428220.01
2025-03-19,43.4,44.19,43.23,44.11,670705.94
2025-03-20,44.02,44.02,42.92,43.36,678656.03
2025-03-21,43.25,43.46,42.67,42.85,675411.7
2025-03-24,42.7,43.32,42.7,43.18,449576.19
2025-03-25,43.13,43.61,43.09,43.22,356871.55
2025-03-26,42.66,42.74,40.84,40.89,1578326.32
2025-03-27,40.98,41.93,40.97,41.47,827950.81
2025-03-28,41.5,41.65,41.27,41.43,386184.09
2025-03-31,41.42,41.97,40.84,41.5,539568.88
2025-04-01,41.49,41.5,40.98,41.09,389360.35
2025-04-02,41.09,41.36,40.91,40.96,331201.89
2025-04-03,40.28,41.07,40.28,40.88,464165.5
2025-04-07,39.24,40.26,37.76,39.14,1815632.92
2025-04-08,39.09,39.49,38.76,39.44,1610477.36
2025-04-09,38.92,39.32,38.63,38.78,973969.35
2025-04-10,39.29,39.73,38.87,39.4,743788.75
2025-04-11,39.41,39.96,39.12,39.79,583056.91
2025-04-14,39.95,40.17,39.69,39.76,482159.84
2025-04-15,39.77,40.54,39.73,40.35,614563.86
2025-04-16,40.24,40.81,40.09,40.5,576293.58
2025-04-17,40.37,40.6,40.12,40.37,405792.88
2025-04-18,40.38,41.02,40.31,40.98,435001.28
2025-04-21,40.89,41.29,40.53,40.53,416465.85
2025-04-22,40.56,40.78,40.27,40.27,433788.13
2025-04-23,40.55,40.55,40.04,40.25,467743.59
2025-04-24,40.26,40.62,40.21,40.46,413651.85
2025-04-25,40.54,40.79,40.3,40.34,424349.93
2025-04-28,40.4,40.8,40.29,40.59,386973.17
2025-04-29,40.59,40.88,40.26,40.26,457698.53
2025-04-30,39.91,39.91,38.83,39.05,1172682.1
2025-05-06,39.2,39.69,38.83,39.66,666409.99
2025-05-07,40.06,40.48,39.6,40.28,712913.88
2025-05-08,40.27,41.62,40.26,41.03,833809.64
2025-05-09,41.03,41.79,41.03,41.68,668154.72
2025-05-12,41.65,42.56,41.32,41.98,848974.09
2025-05-13,42.26,42.8,42.03,42.71,699124.17
2025-05-14,42.7,43.42,42.48,42.95,712790.18
2025-05-15,42.97,43.5,42.8,43.06,684600.48
2025-05-16,42.89,43.12,42.2,42.43,619655.35
2025-05-19,42.37,42.62,41.94,42.02,502817.01
2025-05-20,42.2,42.76,42.05,42.08,500534.83
2025-05-21,42.13,42.53,42.02,42.08,499200.35
2025-05-22,42.08,42.71,41.94,42.66,565655.62
2025-05-23,42.66,42.83,42.08,42.22,541460.09
2025-05-26,42.07,42.34,41.82,41.98,456099.75
2025-05-27,41.98,42.32,41.86,41.93,363750.01
2025-05-28,41.97,42.22,41.79,41.87,300355.24
2025-05-29,41.89,42.13,41.65,41.67,492989.7
2025-05-30,41.74,42.06,41.55,41.63,571391.44
2025-06-03,41.7,42.59,41.7,42.15,503685.13
2025-06-04,42.22,42.43,42.08,42.23,373416.67
2025-06-05,42.23,42.58,42.18,42.53,421316.8
2025-06-06,42.61,42.86,42.46,42.63,373498.95
2025-06-09,42.75,42.83,42.38,42.75,474774.46
2025-06-10,42.72,43.18,42.61,42.82,528348.92
2025-06-11,42.87,43.79,42.87,43.43,776761.08
2025-06-12,43.52,43.76,43.23,43.35,452390.7
2025-06-13,43.36,43.47,43.09,43.31,474080.56
2025-06-16,43.21,43.91,43.09,43.88,414474.35
2025-06-17,43.98,44.14,43.82,44.07,474209.01
2025-06-18,44.02,44.16,43.76,43.95,426428.59
2025-06-19,43.94,44.15,43.49,43.74,513454.3
2025-06-20,43.83,44.27,43.66,44.08,448156.52
2025-06-23,44.0,44.42,43.55,44.33,538931.48
2025-06-24,44.39,45.05,44.27,44.81,655814.61
2025-06-25,44.81,45.53,44.66,45.53,607679.87
2025-06-26,45.52,45.9,45.1,45.9,590200.64
2025-06-27,45.87,45.89,44.13,44.3,954143.2
2025-06-30,44.22,44.37,43.87,44.05,624613.63
2025-07-01,44.05,44.74,44.02,44.52,450613.09
2025-07-02,44.76,45.2,44.52,44.96,518563.18
2025-07-03,44.96,45.0,44.42,44.68,556225.76
2025-07-04,44.67,45.53,44.48,45.12,678948.32
2025-07-07,45.12,45.34,44.76,45.24,567427.42
2025-07-08,45.32,45.69,45.15,45.65,637421.01
2025-07-09,45.53,45.79,45.18,45.18,614566.35
2025-07-10,45.15,46.54,45.15,46.24,1219784.04
2025-07-11,46.28,46.5,45.62,45.64,1184442.84
2025-07-14,45.65,46.09,45.44,45.57,648484.37
2025-07-15,45.77,45.92,44.8,45.22,666206.26
2025-07-16,45.26,45.54,44.88,45.11,468186.39
2025-07-17,45.1,45.33,44.91,45.0,416895.06
2025-07-18,45.05,45.16,44.74,45.05,543430.57
2025-07-21,45.05,45.23,44.83,44.85,566412.01
2025-07-22,44.85,44.98,44.21,44.94,922319.06
2025-07-23,44.97,45.7,44.96,45.12,853249.05
2025-07-24,45.21,45.36,44.8,44.88,826620.13
2025-07-25,44.84,45.17,44.75,44.83,696264.23
2025-07-28,44.8,45.16,44.41,44.44,635127.2
2025-07-29,44.44,44.8,44.14,44.14,785812.82
2025-07-30,44.17,44.75,43.93,44.42,725460.85
2025-07-31,44.4,44.56,43.85,44.48,733195.17
2025-08-01,44.5,44.97,44.35,44.42,594620.94
2025-08-04,44.31,44.97,44.31,44.9,498008.32
2025-08-05,44.78,45.4,44.64,45.25,555258.3
2025-08-06,45.29,45.73,45.11,45.12,430296.4
2025-08-07,45.12,45.6,44.96,45.15,440643.25
2025-08-08,45.2,45.28,44.53,44.53,456421.53
2025-08-11,44.53,44.63,44.1,44.1,536723.71
2025-08-12,44.13,44.48,44.0,44.0,562252.43
2025-08-13,44.14,44.25,43.49,43.54,876737.36
2025-08-14,43.55,43.94,43.5,43.78,676351.68
2025-08-15,43.66,43.74,43.3,43.3,932956.84
2025-08-18,43.1,43.67,42.89,43.51,926397.38
2025-08-19,43.45,43.7,43.29,43.4,574118.52
2025-08-20,43.3,43.63,43.15,43.45,547240.13
2025-08-21,43.5,43.59,43.23,43.47,578540.02
2025-08-22,43.47,43.48,43.04,43.26,794496.25
2025-08-25,43.32,43.87,43.11,43.87,907389.9
2025-08-26,43.89,44.02,43.42,43.52,755722.31
2025-08-27,43.5,43.66,43.0,43.0,758140.78
2025-08-28,43.02,43.3,42.6,42.98,822425.57
2025-08-29,42.98,43.99,42.89,42.89,1360878.99
2025-09-01,42.62,42.64,41.88,41.98,1276333.29
2025-09-02,41.86,43.5,41.86,43.44,1452141.14
2025-09-03,43.44,43.57,42.7,42.9,818405.6
2025-09-04,42.81,43.32,42.14,43.05,935363.28
2025-09-05,43.0,43.02,42.53,42.76,572328.38
2025-09-08,42.7,43.1,42.37,42.43,851681.62
2025-09-09,42.42,42.88,42.4,42.83,589526.53
2025-09-10,42.8,43.15,42.56,43.0,471386.94
2025-09-11,43.13,43.33,42.78,43.3,650730.72
2025-09-12,43.38,43.47,42.42,42.54,823140.03
2025-09-15,42.48,42.79,42.11,42.22,699491.06
2025-09-16,42.32,42.43,41.66,41.75,859050.78
2025-09-17,41.76,42.19,41.7,41.76,572362.58
2025-09-18,41.78,41.84,40.8,40.83,1003522.4
2025-09-19,40.8,41.53,40.55,41.0,836563.07
2025-09-22,41.15,41.37,40.8,40.92,656110.3
2025-09-23,40.98,41.75,40.63,41.55,938850.81
2025-09-24,41.5,41.89,41.29,41.32,643899.51
2025-09-25,41.32,41.36,40.81,40.82,666948.87
2025-09-26,40.81,41.0,40.3,40.8,682766.67
2025-09-29,40.77,41.29,40.36,40.68,835550.55
2025-09-30,40.65,40.79,40.41,40.41,700025.2
2025-10-09,40.21,40.44,39.82,40.33,972319.53
2025-10-10,40.3,40.65,40.13,40.18,955049.79
2025-10-13,39.76,40.3,39.7,40.11,1065936.17
2025-10-14,40.09,41.49,39.83,41.26,1733826.68
2025-10-15,41.25,41.57,41.01,41.5,1062767.02
2025-10-16,41.5,41.99,41.13,41.93,1062487.76
2025-10-17,41.88,42.22,41.38,41.59,829827.05
2025-10-20,41.61,41.79,41.1,41.42,649477.29
2025-10-21,41.49,42.1,41.49,41.98,759931.24
2025-10-22,41.98,42.2,41.73,41.95,551333.64
2025-10-23,41.95,42.49,41.78,42.24,713173.73
2025-10-24,42.35,42.45,41.85,41.95,698831.94
2025-10-27,41.9,41.97,41.42,41.59,988948.62
2025-10-28,41.62,41.72,41.23,41.6,705950.74
2025-10-29,41.53,41.53,40.69,40.77,910987.6
2025-10-30,40.8,41.36,40.73,41.2,1131538.44
2025-10-31,41.26,41.3,40.84,40.89,702607.0
2025-11-03,41.14,41.97,41.06,41.79,921980.68
2025-11-04,41.84,43.11,41.81,43.01,1340035.92
2025-11-05,43.1,43.47,42.75,42.8,731713.77
2025-11-06,42.65,42.89,42.31,42.34,871972.74
2025-11-07,42.4,42.72,42.28,42.51,593191.18
2025-11-10,42.45,42.88,42.28,42.72,532368.73
2025-11-11,42.69,43.04,42.52,42.96,544670.66
2025-11-12,43.12,43.36,42.93,42.93,587928.78
2025-11-13,42.97,43.3,42.74,43.21,587980.06
2025-11-14,43.24,43.59,43.18,43.25,518209.55
2025-11-17,43.1,43.2,42.5,42.65,610674.46
2025-11-18,42.56,42.91,42.44,42.88,517439.27
2025-11-19,42.88,43.5,42.8,43.22,511696.39
2025-11-20,43.22,43.79,43.05,43.23,585851.52
2025-11-21,43.24,43.55,42.76,43.0,791264.05
2025-11-24,43.1,43.21,42.51,42.63,678548.82
2025-11-25,42.66,43.3,42.44,43.25,666409.49
2025-11-26,43.34,43.63,42.97,43.25,451072.06
2025-11-27,43.18,43.39,42.6,43.19,621434.34
2025-11-28,43.1,43.12,42.82,42.95,494657.89
