date,open,high,low,close,volume
2010-01-04,5.99,6.01,5.88,5.93,61694.26
2010-01-05,5.93,5.97,5.83,5.93,75582.38
2010-01-06,5.93,6.3,5.88,6.09,128889.43
2010-01-07,6.09,6.22,5.97,6.03,141505.04
2010-01-08,6.03,6.03,5.83,5.93,76754.82
2010-01-11,6.0,6.07,5.68,5.74,159798.29
2010-01-12,5.75,5.76,5.5,5.72,191589.69
2010-01-13,5.58,5.58,5.45,5.53,174092.68
2010-01-14,5.55,5.69,5.53,5.67,88159.67
2010-01-15,5.7,5.86,5.62,5.8,134976.89
2010-01-18,5.79,6.0,5.76,5.93,118136.8
2010-01-19,5.95,5.99,5.75,5.83,117287.61
2010-01-20,5.83,5.83,5.49,5.53,157652.2
2010-01-21,5.53,5.54,5.26,5.42,202806.76
2010-01-26,5.26,5.37,4.97,5.02,184421.53
2010-01-27,5.0,5.13,4.88,4.93,143784.74
2010-01-28,4.9,5.09,4.88,5.06,97041.27
2010-01-29,5.03,5.16,4.96,5.02,86909.65
2010-02-01,5.05,5.05,4.73,4.83,74280.48
2010-02-02,4.88,5.11,4.85,4.89,93490.28
2010-02-03,4.89,5.18,4.77,5.13,108616.78
2010-02-04,5.07,5.2,5.03,5.04,85988.82
2010-02-05,4.93,4.98,4.8,4.87,78532.78
2010-02-08,4.9,4.96,4.83,4.88,39697.79
2010-02-09,4.88,4.97,4.85,4.9,37095.15
2010-02-10,4.95,4.97,4.93,4.97,36094.43
2010-02-11,4.98,5.1,4.95,5.05,54401.8
2010-02-12,5.05,5.21,5.03,5.19,57142.24
2010-02-22,5.17,5.17,5.08,5.1,28048.69
2010-02-23,5.1,5.14,4.98,5.06,41730.15
2010-02-24,5.05,5.14,5.0,5.14,46717.87
2010-02-25,5.18,5.36,5.14,5.31,88943.23
2010-02-26,5.29,5.38,5.25,5.32,51918.7
2010-03-01,5.32,5.42,5.31,5.39,51120.77
2010-03-02,5.36,5.45,5.33,5.33,56915.46
2010-03-03,5.36,5.41,5.32,5.34,53243.49
2010-03-04,5.34,5.4,5.14,5.17,76061.67
2010-03-05,5.18,5.23,5.11,5.12,39236.78
2010-03-08,5.14,5.24,5.13,5.19,50738.7
2010-03-09,5.18,5.3,5.13,5.26,37886.7
2010-03-10,5.26,5.28,5.14,5.18,25522.03
2010-03-11,5.16,5.19,5.04,5.15,40760.52
2010-03-12,5.14,5.15,5.08,5.08,20540.63
2010-03-15,5.06,5.06,4.93,4.95,34616.11
2010-03-16,4.95,5.01,4.86,4.9,47114.07
2010-03-17,4.92,5.13,4.88,5.12,89792.52
2010-03-18,5.13,5.13,5.04,5.06,43356.6
2010-03-19,5.05,5.14,4.97,5.12,36908.07
2010-03-22,5.13,5.26,5.13,5.25,85003.44
2010-03-23,5.25,5.3,5.21,5.25,62407.47
2010-03-24,5.21,5.28,5.21,5.24,53538.46
2010-03-25,5.22,5.29,5.18,5.21,38059.5
2010-03-26,5.19,5.38,5.18,5.36,72036.14
2010-03-29,5.37,5.54,5.37,5.47,84878.48
2010-03-30,5.47,5.54,5.44,5.52,85696.51
2010-03-31,5.52,5.54,5.49,5.52,58246.69
2010-04-01,5.52,5.59,5.37,5.59,102897.58
2010-04-02,5.58,5.85,5.51,5.8,189466.78
2010-04-06,5.81,6.06,5.75,5.85,167680.52
2010-04-07,5.8,5.99,5.66,5.74,76304.01
2010-04-08,5.74,5.75,5.6,5.62,66083.23
2010-04-09,5.6,5.7,5.58,5.65,67022.39
2010-04-12,5.7,5.7,5.37,5.45,140757.06
2010-04-13,5.43,5.56,5.4,5.5,129326.46
2010-04-14,5.53,5.6,5.49,5.58,59724.44
2010-04-15,5.56,5.56,5.36,5.44,84882.86
2010-04-16,5.42,5.47,5.31,5.38,62003.63
2010-04-19,5.33,5.33,4.96,4.97,231856.04
2010-04-20,4.97,5.05,4.87,4.92,160655.65
2010-04-21,4.97,5.04,4.87,4.98,166694.44
2010-04-22,5.01,5.04,4.94,4.95,161119.91
2010-04-23,4.95,5.0,4.88,4.91,121113.32
2010-04-26,5.02,5.04,4.88,4.9,161934.34
2010-04-27,4.89,4.89,4.48,4.62,188097.94
2010-04-28,4.62,4.76,4.48,4.69,95808.54
2010-04-29,4.7,4.76,4.6,4.6,62326.21
2010-04-30,4.62,4.69,4.48,4.55,105169.51
2010-05-04,4.46,4.56,4.42,4.48,74872.73
2010-05-05,4.45,4.48,4.28,4.47,174538.16
2010-05-06,4.46,4.46,4.18,4.18,187080.7
2010-05-07,4.07,4.15,3.96,4.02,174717.78
2010-05-10,4.02,4.19,3.94,4.19,168017.41
2010-05-11,4.28,4.32,4.11,4.22,163418.27
2010-05-12,4.15,4.3,4.11,4.22,104423.92
2010-05-13,4.22,4.64,4.2,4.62,203467.21
2010-05-14,4.55,4.61,4.48,4.56,104077.82
2010-05-17,4.46,4.52,4.23,4.26,118010.33
2010-05-18,4.25,4.66,4.25,4.57,209942.83
2010-05-19,4.52,4.71,4.49,4.57,195023.5
2010-05-21,4.44,4.79,4.35,4.74,254470.18
2010-05-24,4.79,4.98,4.75,4.84,245042.23
2010-05-25,4.8,4.8,4.64,4.65,144928.74
2010-05-26,4.63,4.71,4.62,4.64,64535.8
2010-05-27,4.64,4.75,4.51,4.7,100837.01
2010-05-28,4.75,4.77,4.53,4.61,109640.24
2010-05-31,4.56,4.58,4.41,4.41,103426.3
2010-06-01,4.34,4.43,4.22,4.29,118026.09
2010-06-02,4.24,4.46,4.24,4.45,88716.07
2010-06-03,4.49,4.51,4.36,4.37,86663.47
2010-06-04,4.32,4.41,4.3,4.4,85760.89
2010-06-07,4.3,4.4,4.26,4.3,84971.42
2010-06-08,4.28,4.38,4.27,4.36,65348.93
2010-06-09,4.41,4.64,4.34,4.61,189516.73
2010-06-10,4.56,4.7,4.54,4.69,201429.17
2010-06-11,4.7,4.71,4.6,4.68,146507.07
2010-06-17,4.7,4.76,4.64,4.64,85355.92
2010-06-18,4.65,4.73,4.48,4.53,107790.81
2010-06-21,4.54,4.77,4.48,4.77,133102.21
2010-06-22,4.76,4.76,4.68,4.72,83469.81
2010-06-23,4.68,4.76,4.64,4.68,79571.3
2010-06-24,4.69,4.78,4.68,4.73,64254.69
2010-06-25,4.71,4.71,4.57,4.61,60694.15
2010-06-29,4.59,4.59,4.3,4.4,145736.44
2010-06-30,4.39,4.56,4.39,4.49,161269.44
2010-07-01,4.49,4.53,4.39,4.41,101459.2
2010-07-02,4.39,4.46,4.23,4.42,112620.96
2010-07-05,4.42,4.66,4.35,4.53,168537.39
2010-07-06,4.53,4.74,4.49,4.7,207088.34
2010-07-07,4.79,4.89,4.74,4.77,221127.09
2010-07-08,4.79,4.85,4.66,4.72,103137.91
2010-07-09,4.71,4.94,4.67,4.88,262128.76
2010-07-12,4.89,5.0,4.89,4.98,286790.25
2010-07-13,4.94,4.97,4.85,4.91,182181.28
2010-07-14,4.91,5.09,4.91,5.03,189986.73
2010-07-15,5.03,5.08,4.96,4.98,137325.42
2010-07-16,4.93,5.02,4.86,4.98,102082.1
2010-07-19,4.96,5.3,4.89,5.22,254706.63
2010-07-20,5.24,5.41,5.23,5.33,306205.32
2010-07-21,5.3,5.54,5.3,5.33,278632.09
2010-07-22,5.32,5.44,5.3,5.41,159593.66
2010-07-23,5.41,5.46,5.37,5.44,187707.34
2010-07-26,5.43,5.46,5.34,5.41,115111.7
2010-07-27,5.4,5.41,5.32,5.34,135813.18
2010-07-28,5.34,5.61,5.27,5.57,247846.63
2010-07-29,5.57,5.65,5.53,5.6,173570.36
2010-07-30,5.57,5.67,5.53,5.64,160027.33
2010-08-02,5.65,5.75,5.62,5.71,117115.59
2010-08-03,5.73,5.79,5.62,5.62,180381.96
2010-08-04,5.57,5.64,5.42,5.58,244430.78
2010-08-05,5.57,5.65,5.47,5.5,138012.21
2010-08-06,5.57,5.81,5.37,5.77,294857.52
2010-08-09,5.77,5.86,5.68,5.79,187003.19
2010-08-10,5.8,5.84,5.54,5.55,180123.36
2010-08-11,5.54,5.6,5.46,5.52,169365.95
2010-08-12,5.46,5.55,5.4,5.41,179675.54
2010-08-13,5.43,5.58,5.38,5.55,154366.62
2010-08-16,5.52,5.78,5.52,5.77,237367.31
2010-08-17,5.82,6.19,5.75,6.16,432458.48
2010-08-18,6.13,6.26,6.05,6.14,207357.08
2010-08-19,6.14,6.33,6.14,6.23,190132.32
2010-08-20,6.22,6.28,6.01,6.14,179769.45
2010-08-23,6.43,6.62,6.14,6.37,550369.82
2010-08-24,6.38,6.48,6.34,6.39,259819.82
2010-08-25,6.37,6.39,6.08,6.19,319095.03
2010-08-26,6.19,6.26,6.13,6.25,178139.14
2010-08-27,6.24,6.46,6.09,6.45,355754.71
2010-08-30,6.43,6.52,6.34,6.48,365719.69
2010-08-31,6.44,6.85,6.38,6.74,532954.45
2010-09-01,6.73,6.85,6.6,6.7,336263.83
2010-09-02,6.78,6.99,6.67,6.91,332274.59
2010-09-03,6.89,6.98,6.8,6.9,254997.16
2010-09-06,6.9,6.94,6.78,6.85,185586.44
2010-09-07,6.86,6.87,6.65,6.8,218353.92
2010-09-08,6.75,6.9,6.7,6.88,165068.63
2010-09-09,6.89,6.89,6.53,6.57,379182.59
2010-09-10,6.58,6.63,6.34,6.5,261002.02
2010-09-13,6.51,6.78,6.48,6.72,222885.91
2010-09-14,6.74,6.88,6.7,6.84,250522.73
2010-09-15,6.86,6.97,6.65,6.65,325784.94
2010-09-16,6.65,6.75,6.45,6.55,218250.27
2010-09-17,6.57,6.63,6.38,6.46,189161.8
2010-09-20,6.48,6.54,6.37,6.47,133605.35
2010-09-21,6.49,6.68,6.43,6.65,154137.38
2010-09-27,6.67,7.11,6.67,7.07,332038.75
2010-09-28,7.06,7.14,6.97,7.07,275075.17
2010-09-30,7.0,7.22,6.9,7.18,219337.99
2010-10-08,7.2,7.47,7.2,7.33,233639.21
2010-10-11,7.34,7.58,7.24,7.42,357454.82
2010-10-12,7.41,7.99,7.34,7.96,342824.82
2010-10-13,7.92,8.27,7.77,7.86,313024.31
2010-10-14,7.9,8.28,7.79,7.9,298923.08
2010-10-15,7.78,8.34,7.74,8.31,356571.1
2010-10-18,8.62,8.96,8.56,8.65,479894.78
2010-10-19,8.74,9.51,8.54,9.5,400597.41
2010-10-20,9.28,10.25,9.21,10.08,572588.34
2010-10-21,10.2,10.53,9.72,9.84,597873.02
2010-10-22,10.13,10.82,10.02,10.82,932444.19
2010-10-25,11.38,11.47,10.5,11.1,2710230.11
2010-10-26,11.02,11.02,10.62,10.77,1291273.88
2010-10-27,10.71,11.1,10.43,10.89,1094513.86
2010-10-28,10.86,10.9,10.56,10.7,836641.71
2010-10-29,10.7,11.03,10.56,10.95,1013879.62
2010-11-01,10.97,11.58,10.85,11.56,1666536.2
2010-11-02,11.61,12.67,11.4,12.59,1783289.52
2010-11-03,12.61,12.91,12.27,12.57,1329899.59
2010-11-04,12.57,12.77,12.36,12.61,1019641.33
2010-11-05,12.64,12.8,12.42,12.49,853876.9
2010-11-08,12.49,12.52,11.74,12.11,1727556.34
2010-11-09,12.11,12.11,11.88,11.98,1085933.44
2010-11-10,11.93,11.93,11.38,11.67,1617105.24
2010-11-11,11.52,12.08,11.43,11.76,1237104.69
2010-11-12,11.7,11.7,10.87,10.99,1248437.6
2010-11-15,10.99,11.42,10.87,11.4,736205.88
2010-11-16,11.44,11.46,10.73,10.83,837290.4
2010-11-17,10.67,10.67,10.24,10.29,867060.63
2010-11-18,10.32,10.55,10.29,10.42,567400.76
2010-11-19,10.51,10.94,10.29,10.93,725101.59
2010-11-22,10.85,11.15,10.66,10.95,679096.38
2010-11-23,10.85,10.86,10.36,10.53,550229.26
2010-11-25,11.58,11.58,11.21,11.39,1309420.17
2010-11-26,11.33,11.48,11.17,11.31,643450.35
2010-11-29,11.42,11.64,11.31,11.6,814000.95
2010-11-30,11.57,11.57,10.86,11.19,756112.18
2010-12-01,11.15,11.15,10.9,11.0,308036.89
2010-12-02,11.18,11.29,11.04,11.06,382396.35
2010-12-03,11.06,11.1,10.81,10.94,293208.01
2010-12-06,10.94,11.09,10.82,10.96,272169.79
2010-12-07,10.9,11.06,10.66,10.98,312153.95
2010-12-08,10.99,11.48,10.9,11.22,644526.19
2010-12-09,11.12,11.32,11.03,11.05,358689.93
2010-12-10,11.0,11.2,10.93,11.12,295900.77
2010-12-13,11.16,11.57,11.16,11.54,901464.59
2010-12-14,11.57,11.87,11.41,11.76,953549.85
2010-12-15,11.79,11.84,11.48,11.55,602841.34
2010-12-16,11.55,11.68,11.44,11.47,312259.72
2010-12-17,11.46,11.54,11.41,11.47,245081.72
2010-12-20,11.48,11.58,10.96,11.17,443754.49
2010-12-21,11.18,11.35,11.02,11.27,346382.36
2010-12-22,11.25,11.25,11.08,11.12,264070.54
2010-12-23,11.07,11.11,10.91,10.92,283147.47
2010-12-24,10.93,11.04,10.8,10.93,241474.72
2010-12-27,10.92,11.28,10.86,10.94,355491.67
2010-12-28,10.89,10.89,10.63,10.65,261224.88
2010-12-29,10.66,10.84,10.66,10.82,166893.57
2010-12-30,10.82,11.1,10.73,10.99,244053.64
2010-12-31,10.99,11.22,10.99,11.19,310856.37
2011-01-04,11.29,11.33,11.07,11.19,344704.99
2011-01-05,11.23,11.47,11.07,11.38,605580.47
2011-01-06,11.33,11.45,11.06,11.13,375021.47
2011-01-07,11.12,11.2,10.86,10.99,329701.31
2011-01-10,10.99,11.1,10.81,10.86,356394.11
2011-01-11,10.81,11.01,10.76,10.89,238169.22
2011-01-12,10.92,10.96,10.77,10.83,153517.74
2011-01-13,10.86,10.89,10.78,10.79,141501.13
2011-01-14,10.79,10.81,10.55,10.57,281337.81
2011-01-17,10.53,10.53,9.73,9.93,553279.78
2011-01-18,9.93,9.93,9.58,9.8,310536.25
2011-01-19,9.81,10.17,9.73,10.13,319819.29
2011-01-20,10.14,10.27,9.86,9.9,258953.26
2011-01-21,9.88,10.17,9.83,9.99,201992.47
2011-01-24,10.04,10.13,9.84,9.86,172309.77
2011-01-25,9.87,9.96,9.83,9.91,102412.88
2011-01-26,9.94,10.14,9.94,10.13,179096.8
2011-01-27,10.15,10.57,9.93,10.49,457308.26
2011-01-28,10.6,11.33,10.55,11.2,801764.04
2011-01-31,11.23,11.73,11.15,11.55,766662.02
2011-02-01,11.56,11.74,11.17,11.3,398288.46
2011-02-09,11.19,11.64,11.16,11.39,438680.67
2011-02-10,11.38,11.61,11.17,11.56,527925.17
2011-02-11,11.54,12.04,11.53,11.93,1058186.0
2011-02-14,12.05,12.57,12.05,12.15,1273236.48
2011-02-15,12.15,12.37,12.0,12.01,769834.23
2011-02-16,11.98,12.51,11.91,12.48,1105172.74
2011-02-17,12.51,12.6,12.22,12.41,725566.35
2011-02-18,12.4,12.4,11.95,12.02,572885.51
2011-02-21,11.9,12.41,11.85,12.32,572922.53
2011-02-22,12.35,12.37,11.9,11.98,564786.34
2011-02-23,11.9,12.04,11.64,11.87,519570.22
2011-02-24,11.83,11.95,11.63,11.84,294374.4
2011-02-25,11.82,12.08,11.79,12.01,364054.26
2011-02-28,12.06,13.17,12.06,13.04,1623999.44
2011-03-01,13.03,13.28,12.88,13.06,1283098.44
2011-03-02,13.04,13.63,12.73,13.59,1146026.2
2011-03-03,13.59,13.65,13.36,13.4,757992.25
2011-03-04,13.4,14.17,13.4,13.65,917741.99
2011-03-07,13.74,13.86,13.52,13.7,613153.37
2011-03-08,13.71,13.76,13.31,13.69,572403.4
2011-03-09,13.68,14.05,13.57,13.75,514039.13
2011-03-10,13.75,13.75,13.34,13.35,598820.77
2011-03-11,13.29,13.56,13.22,13.27,472726.21
2011-03-14,13.19,13.5,13.13,13.42,374039.55
2011-03-15,13.41,13.41,12.77,13.12,581396.61
2011-03-16,13.12,13.25,12.98,13.24,381615.49
2011-03-17,13.13,13.41,12.93,13.37,465618.1
2011-03-18,13.67,14.47,13.32,14.38,1170947.85
2011-03-21,14.38,14.78,14.15,14.54,1057766.94
2011-03-22,14.56,14.73,14.25,14.45,589685.71
2011-03-23,14.46,14.8,14.33,14.63,594823.29
2011-03-24,14.62,14.65,14.43,14.44,367376.72
2011-03-25,14.41,14.54,14.33,14.42,449407.71
2011-03-28,14.46,14.99,14.46,14.5,483045.05
2011-03-29,14.47,14.5,13.97,14.01,521219.13
2011-03-30,13.95,14.45,13.92,14.32,455268.29
2011-03-31,14.36,14.76,14.36,14.44,578072.26
2011-04-01,14.54,14.73,14.42,14.61,347542.02
2011-04-06,14.58,14.66,14.42,14.55,388327.07
2011-04-07,14.57,15.03,14.57,14.95,561097.5
2011-04-11,15.01,15.58,14.8,14.82,700887.99
2011-04-12,14.9,15.13,14.72,14.81,378776.33
2011-04-13,14.78,14.96,14.55,14.9,291598.93
2011-04-14,14.91,15.1,14.64,14.69,320258.84
2011-04-15,14.61,14.79,14.47,14.54,311837.02
2011-04-18,14.56,14.79,14.16,14.47,607881.63
2011-04-19,14.39,14.42,14.07,14.2,376856.01
2011-04-20,13.8,13.97,12.78,13.59,1078890.5
2011-04-21,13.61,14.47,13.61,14.29,699341.9
2011-04-22,14.58,15.52,14.58,15.03,978108.46
2011-04-25,14.78,14.78,14.3,14.4,982920.54
2011-04-26,14.4,14.4,13.94,14.05,630595.36
2011-04-27,14.14,14.37,14.0,14.13,446114.09
2011-04-28,14.23,14.29,14.0,14.01,421072.25
2011-04-29,14.02,14.3,14.01,14.26,367947.41
2011-05-03,14.27,14.36,14.09,14.31,326998.18
2011-05-04,14.31,14.32,13.92,13.97,491801.58
2011-05-05,13.97,13.97,13.46,13.68,498394.62
2011-05-06,13.57,13.8,13.29,13.64,286757.56
2011-05-09,13.66,14.1,13.66,13.91,378654.03
2011-05-10,13.95,14.02,13.77,13.88,252180.23
2011-05-11,13.94,13.98,13.83,13.87,237631.39
2011-05-12,13.77,13.84,13.53,13.54,336335.6
2011-05-13,13.53,13.67,13.22,13.57,351415.17
2011-05-16,13.62,13.62,13.28,13.32,332966.54
2011-05-17,13.32,13.65,13.26,13.53,390964.48
2011-05-18,13.49,13.57,13.39,13.49,237752.29
2011-05-19,13.53,13.56,13.39,13.4,217413.89
2011-05-20,13.41,13.44,13.3,13.35,195807.05
2011-05-23,13.35,13.37,12.83,12.92,408340.57
2011-05-24,12.89,12.89,12.44,12.81,369033.9
2011-05-25,12.78,12.93,12.58,12.67,214245.86
2011-05-26,12.75,12.84,12.51,12.57,266983.87
2011-05-27,12.55,12.62,12.06,12.22,424135.12
2011-05-30,12.2,12.2,11.74,11.92,275480.84
2011-05-31,11.92,13.11,11.92,13.07,548551.71
2011-06-01,13.07,13.26,12.86,13.1,534399.83
2011-06-02,12.83,13.14,12.68,13.02,409122.22
2011-06-03,13.01,13.68,12.92,13.39,614488.33
2011-06-07,13.39,13.45,13.16,13.33,390592.33
2011-06-08,13.33,13.53,13.0,13.4,414219.0
2011-06-09,13.34,13.34,13.0,13.02,353022.77
2011-06-10,12.99,13.34,12.86,13.12,345353.25
2011-06-13,12.96,13.08,12.76,12.96,224147.36
2011-06-14,12.95,13.57,12.84,13.41,542313.48
2011-06-15,13.3,13.53,13.19,13.22,378266.62
2011-06-16,13.05,13.35,12.99,13.11,234961.22
2011-06-17,13.11,13.28,13.03,13.04,267428.13
2011-06-20,13.0,13.07,12.64,12.83,317485.57
2011-06-21,12.83,13.3,12.83,13.14,294225.94
2011-06-22,13.22,13.49,13.22,13.3,374362.08
2011-06-23,13.21,13.82,13.18,13.74,750961.22
2011-06-24,13.76,14.34,13.69,14.09,1148878.35
2011-06-27,14.12,14.33,13.91,14.08,549492.61
2011-06-28,14.08,14.31,13.75,14.16,579563.15
2011-06-29,14.16,14.23,13.87,13.88,350533.29
2011-06-30,13.86,14.2,13.86,14.03,323141.66
2011-07-01,14.09,14.23,13.95,14.07,411585.56
2011-07-04,14.12,14.66,14.1,14.61,859923.44
2011-07-05,14.62,14.66,14.4,14.53,480622.66
2011-07-06,14.47,14.52,14.27,14.45,346139.77
2011-07-07,14.39,14.62,14.27,14.3,462337.12
2011-07-08,14.3,14.38,14.14,14.3,269479.54
2011-07-11,14.3,14.68,14.24,14.54,479519.37
2011-07-12,14.36,14.45,14.23,14.25,354022.05
2011-07-13,14.22,14.47,14.19,14.36,330751.75
2011-07-14,14.39,14.51,14.27,14.37,286184.77
2011-07-15,14.3,14.37,14.16,14.32,360129.85
2011-07-18,14.39,14.59,14.28,14.33,353312.77
2011-07-19,14.31,14.31,14.01,14.07,332356.75
2011-07-20,14.1,14.26,13.81,13.94,312951.34
2011-07-21,13.88,14.09,13.74,13.81,301779.59
2011-07-22,13.81,13.97,13.8,13.84,191745.34
2011-07-25,13.84,13.91,13.54,13.6,354707.73
2011-07-26,13.6,13.69,13.53,13.61,178266.41
2011-07-27,13.6,13.69,13.42,13.67,229234.63
2011-07-28,13.53,13.53,13.19,13.39,323462.82
2011-07-29,13.38,13.49,13.23,13.29,200575.95
2011-08-01,13.28,13.56,13.14,13.52,240041.17
2011-08-02,13.54,13.55,13.28,13.45,163457.36
2011-08-03,13.34,13.44,13.28,13.35,146106.72
2011-08-04,13.42,13.73,13.38,13.58,236099.1
2011-08-05,13.18,13.46,13.07,13.31,260216.27
2011-08-08,13.09,13.09,12.14,12.64,511743.95
2011-08-09,12.06,12.82,11.96,12.64,446945.45
2011-08-10,12.95,13.11,12.7,12.73,308770.4
2011-08-11,12.48,12.83,12.37,12.75,311924.75
2011-08-12,12.81,13.13,12.81,12.97,367596.2
2011-08-15,13.01,13.6,12.93,13.51,446985.95
2011-08-16,13.62,13.67,13.28,13.32,361204.03
2011-08-17,13.3,13.45,13.22,13.27,162140.15
2011-08-18,13.28,13.41,13.0,13.02,210697.03
2011-08-19,12.75,12.9,12.66,12.89,228610.4
2011-08-22,12.88,13.0,12.44,12.48,383162.45
2011-08-23,12.49,12.68,12.44,12.67,257242.45
2011-08-24,12.77,12.83,12.52,12.55,222678.04
2011-08-25,12.6,13.0,12.44,12.93,384370.2
2011-08-26,12.87,12.91,12.69,12.78,243996.39
2011-08-29,12.64,12.67,12.46,12.51,300243.37
2011-08-30,12.64,12.74,12.44,12.51,290034.04
2011-08-31,12.52,12.61,12.47,12.56,160005.18
2011-09-01,12.64,12.65,12.44,12.48,180970.46
2011-09-02,12.44,12.82,12.44,12.55,280583.83
2011-09-05,12.44,12.44,12.23,12.27,192992.72
2011-09-06,12.17,12.19,11.87,11.99,309732.93
2011-09-07,12.07,12.25,11.98,12.18,203211.65
2011-09-08,12.26,12.29,11.98,12.0,140526.23
2011-09-09,12.02,12.23,11.78,11.89,244638.42
2011-09-13,11.67,11.71,11.5,11.69,294235.48
2011-09-14,11.71,11.74,11.51,11.7,197938.76
2011-09-15,11.72,11.89,11.6,11.63,223383.55
2011-09-16,11.71,11.81,11.67,11.7,141571.83
2011-09-19,11.72,11.73,11.53,11.56,150485.51
2011-09-20,11.51,11.87,11.5,11.71,247784.56
2011-09-21,11.71,12.33,11.59,12.28,505304.98
2011-09-22,12.06,12.15,11.88,11.88,283117.0
2011-09-23,11.71,11.78,11.51,11.77,234339.52
2011-09-26,11.74,11.96,11.58,11.6,228808.41
2011-09-27,11.71,11.82,11.62,11.76,145636.31
2011-09-28,11.85,11.91,11.6,11.63,147986.25
2011-09-29,11.62,11.67,11.47,11.5,176055.48
2011-09-30,11.57,11.57,11.15,11.21,226074.64
2011-10-10,11.26,11.36,11.19,11.22,131394.58
2011-10-11,11.53,11.63,11.11,11.27,202688.36
2011-10-12,11.23,11.75,11.12,11.67,349990.08
2011-10-13,11.67,11.97,11.58,11.71,344568.59
2011-10-14,11.71,11.82,11.59,11.66,135471.24
2011-10-17,11.7,11.9,11.68,11.83,315408.4
2011-10-18,11.67,11.81,11.43,11.46,181158.01
2011-10-19,11.51,11.57,11.33,11.36,127942.14
2011-10-20,11.36,11.36,10.93,11.03,187926.4
2011-10-21,11.03,11.1,10.73,10.75,177273.77
2011-10-24,10.81,11.06,10.54,10.94,194823.5
2011-10-25,10.97,11.19,10.75,11.12,247441.92
2011-10-26,11.04,11.72,11.01,11.46,457115.83
2011-10-27,11.46,11.6,11.32,11.37,194704.82
2011-10-28,11.57,11.78,11.57,11.75,430020.07
2011-10-31,11.77,11.81,11.6,11.68,205728.72
2011-11-01,11.57,11.76,11.52,11.64,187702.84
2011-11-02,11.43,11.73,11.32,11.71,244432.91
2011-11-04,11.88,12.02,11.75,11.78,345136.63
2011-11-07,11.74,11.75,11.57,11.59,164162.54
2011-11-08,11.63,11.7,11.55,11.57,129529.96
2011-11-09,11.65,11.69,11.5,11.62,165991.07
2011-11-10,11.55,11.57,11.34,11.36,221406.02
2011-11-11,11.36,11.43,11.2,11.26,202364.27
2011-11-14,11.35,11.44,11.28,11.43,224118.19
2011-11-15,11.42,11.46,11.29,11.36,192624.78
2011-11-16,11.36,11.39,10.95,11.04,274808.12
2011-11-17,11.04,11.11,10.95,10.98,148631.46
2011-11-18,10.97,10.97,10.65,10.7,233824.54
2011-11-21,10.71,10.84,10.7,10.83,123141.06
2011-11-22,10.77,10.79,10.58,10.7,121200.26
2011-11-23,10.72,10.78,10.58,10.59,111127.25
2011-11-24,10.54,10.61,10.3,10.52,201690.65
2011-11-25,10.49,10.52,10.23,10.31,188814.62
2011-11-28,10.38,10.39,9.88,9.99,335067.9
2011-11-29,10.11,10.16,9.89,10.09,263083.16
2011-11-30,10.09,10.1,9.57,9.64,296650.85
2011-12-01,10.03,10.1,9.73,9.82,427781.6
2011-12-02,9.71,9.76,9.5,9.56,186336.2
2011-12-05,9.58,9.6,9.22,9.26,224975.04
2011-12-06,9.2,9.58,9.18,9.49,223969.73
2011-12-07,9.5,9.67,9.42,9.53,150514.48
2011-12-08,9.53,9.71,9.34,9.54,153980.18
2011-12-09,9.46,9.62,9.35,9.39,155415.64
2011-12-12,9.4,9.51,9.36,9.4,115158.55
2011-12-13,9.35,9.4,9.26,9.28,145283.23
2011-12-14,9.26,9.48,9.22,9.39,149683.67
2011-12-15,9.33,9.37,8.79,8.94,224920.91
2011-12-16,8.94,9.07,8.73,9.05,213013.85
2011-12-19,8.93,8.99,8.65,8.9,161498.11
2011-12-20,8.89,9.06,8.76,8.94,180047.1
2011-12-21,9.05,9.18,8.78,8.79,160649.98
2011-12-22,8.73,9.14,8.63,9.05,247751.92
2011-12-23,9.01,9.92,8.98,9.53,459038.43
2011-12-26,9.48,9.66,9.41,9.47,173940.53
2011-12-27,9.45,9.52,9.23,9.29,143852.29
2011-12-28,9.26,9.57,9.18,9.54,191335.32
2011-12-29,9.49,9.76,9.42,9.64,312596.81
2011-12-30,9.66,9.83,9.65,9.75,174332.09
2012-01-04,9.81,9.9,9.39,9.4,235312.56
2012-01-05,9.34,9.53,9.3,9.38,166082.55
2012-01-06,9.38,9.42,9.15,9.38,164071.72
2012-01-09,9.42,9.78,9.29,9.76,245945.25
2012-01-10,9.75,10.5,9.64,10.35,551161.89
2012-01-11,10.37,10.38,10.13,10.21,340102.9
2012-01-12,10.18,10.5,10.13,10.28,233771.49
2012-01-13,10.31,10.35,9.96,10.05,220480.74
2012-01-16,10.0,10.38,9.94,10.16,318721.22
2012-01-17,10.27,10.83,10.14,10.71,455270.86
2012-01-18,10.73,10.85,10.55,10.65,287686.85
2012-01-19,10.66,10.86,10.61,10.74,252714.54
2012-01-20,10.8,11.12,10.66,10.88,304363.99
2012-01-31,11.06,11.37,10.85,11.05,571887.91
2012-02-01,11.05,11.06,10.66,10.73,267972.26
2012-02-02,10.73,10.97,10.73,10.94,185497.99
2012-02-03,10.94,10.96,10.73,10.84,240965.55
2012-02-06,10.91,10.95,10.73,10.8,191040.01
2012-02-07,10.75,10.75,10.37,10.53,264586.2
2012-02-08,10.5,10.87,10.37,10.8,345461.42
2012-02-09,10.79,10.84,10.59,10.71,257391.74
2012-02-10,10.69,11.0,10.62,10.8,343922.04
2012-02-13,10.69,10.91,10.62,10.76,264427.62
2012-02-14,10.77,10.83,10.59,10.65,181226.33
2012-02-15,10.6,10.81,10.6,10.79,199311.49
2012-02-16,10.78,10.8,10.62,10.69,173427.58
2012-02-17,10.78,10.83,10.66,10.77,171052.01
2012-02-20,10.89,10.97,10.76,10.77,221260.44
2012-02-21,10.79,10.82,10.66,10.81,149503.12
2012-02-22,10.81,10.97,10.77,10.96,338830.73
2012-02-23,10.97,11.28,10.97,11.08,375406.43
2012-02-24,11.1,11.36,10.99,11.25,418122.83
2012-02-27,11.31,11.55,11.28,11.29,490930.07
2012-02-28,11.26,11.34,11.17,11.27,284802.89
2012-02-29,11.36,11.51,11.26,11.34,391427.1
2012-03-01,11.34,11.38,11.28,11.31,154316.36
2012-03-02,11.31,11.55,11.3,11.54,356375.14
2012-03-05,11.57,11.78,11.53,11.56,406919.66
2012-03-06,11.52,11.52,11.2,11.22,278862.87
2012-03-07,11.11,11.16,10.93,10.96,363519.18
2012-03-08,10.99,11.23,10.99,11.08,225603.02
2012-03-09,11.11,11.25,11.11,11.24,192135.29
2012-03-12,11.24,11.25,11.05,11.15,198618.34
2012-03-13,11.18,11.21,11.06,11.2,194366.36
2012-03-14,11.32,11.5,10.88,10.92,576197.41
2012-03-15,10.9,11.03,10.66,10.73,329159.37
2012-03-16,10.73,10.89,10.66,10.84,166865.74
2012-03-19,10.83,10.87,10.66,10.77,216530.47
2012-03-20,10.79,10.8,10.54,10.56,211763.29
2012-03-21,10.65,10.73,10.45,10.56,245024.3
2012-03-22,10.59,10.67,10.48,10.58,148260.9
2012-03-23,10.55,10.55,10.25,10.31,213387.25
2012-03-26,10.31,10.45,10.27,10.41,132699.57
2012-03-27,10.44,10.53,10.3,10.33,141277.59
2012-03-28,10.33,10.34,9.89,9.99,204788.28
2012-03-29,9.96,9.96,9.55,9.58,241033.16
2012-03-30,9.61,9.69,9.46,9.54,193690.27
2012-04-05,9.55,10.31,9.55,10.23,412731.85
2012-04-06,10.24,10.34,10.17,10.22,251736.56
2012-04-09,10.22,10.61,10.03,10.3,259746.83
2012-04-10,10.23,10.64,10.2,10.62,316857.15
2012-04-11,10.47,11.04,10.37,10.89,528492.68
2012-04-12,10.89,11.02,10.82,10.96,348526.85
2012-04-13,10.97,11.08,10.84,10.97,305921.44
2012-04-16,10.97,10.99,10.83,10.92,172677.08
2012-04-17,10.87,10.94,10.64,10.66,184944.31
2012-04-18,10.73,11.45,10.73,11.33,610880.21
2012-04-19,11.32,11.38,11.21,11.27,285808.17
2012-04-20,11.23,11.39,11.12,11.28,361953.06
2012-04-23,11.29,11.43,11.14,11.25,275862.81
2012-04-24,11.14,11.36,10.87,11.18,309489.85
2012-04-25,11.12,11.23,11.04,11.16,213048.74
2012-04-26,11.2,11.43,11.18,11.29,244467.02
2012-04-27,11.3,11.32,10.94,10.99,356235.74
2012-05-02,11.2,11.38,11.01,11.36,678995.9
2012-05-03,11.36,11.64,11.29,11.62,677379.77
2012-05-04,11.58,11.58,11.41,11.51,426467.85
2012-05-07,11.43,11.63,11.37,11.58,353704.28
2012-05-08,11.57,11.67,11.38,11.52,320976.05
2012-05-09,11.37,11.43,11.12,11.13,306876.33
2012-05-10,11.13,11.24,11.04,11.09,189920.61
2012-05-11,11.08,11.22,10.96,11.03,183901.49
2012-05-14,11.11,11.25,11.0,11.04,237869.25
2012-05-15,10.97,11.14,10.87,11.13,220277.75
2012-05-16,11.08,11.08,10.71,10.73,282991.41
2012-05-17,10.73,10.96,10.66,10.91,211397.81
2012-05-18,10.81,10.85,10.62,10.64,185393.63
2012-05-21,10.73,10.8,10.62,10.66,175890.18
2012-05-22,10.76,11.28,10.76,11.22,498497.73
2012-05-23,11.23,11.4,11.14,11.31,375421.73
2012-05-24,11.32,11.68,11.32,11.46,638452.16
2012-05-25,11.47,11.6,11.33,11.34,237889.48
2012-05-28,11.31,11.9,11.26,11.85,886182.0
2012-05-29,11.82,11.99,11.67,11.82,564238.47
2012-05-30,11.74,11.81,11.67,11.72,303307.64
2012-05-31,11.67,11.71,11.46,11.62,299403.92
2012-06-01,11.62,11.76,11.46,11.6,273854.12
2012-06-04,11.39,11.43,10.98,11.09,351699.56
2012-06-05,11.09,11.22,11.01,11.1,227137.35
2012-06-06,11.16,11.3,10.94,11.01,186809.75
2012-06-07,11.15,11.24,10.96,11.04,142013.09
2012-06-08,11.18,11.31,11.04,11.12,291106.26
2012-06-11,11.12,11.41,11.12,11.38,202566.72
2012-06-12,11.34,11.6,11.29,11.44,219855.13
2012-06-13,11.47,11.71,11.43,11.6,252928.82
2012-06-14,11.61,11.67,11.5,11.51,173835.11
2012-06-15,11.57,11.59,11.19,11.36,239012.87
2012-06-18,11.39,11.54,11.39,11.51,152905.89
2012-06-19,11.51,11.51,11.12,11.16,271969.19
2012-06-20,11.2,11.22,10.8,10.92,402591.16
2012-06-21,10.91,10.91,10.67,10.87,214168.71
2012-06-25,10.86,10.99,10.69,10.75,213913.98
2012-06-27,10.75,10.83,10.56,10.69,170832.12
2012-06-28,10.69,10.8,10.6,10.65,129309.83
2012-06-29,10.65,10.83,10.59,10.83,135149.85
2012-07-02,10.94,10.94,10.7,10.78,138058.45
2012-07-03,10.79,10.8,10.17,10.42,599317.12
2012-07-04,10.33,10.41,9.85,9.99,452176.3
2012-07-05,9.99,9.99,9.72,9.89,216330.07
2012-07-06,9.89,10.27,9.79,10.22,307971.42
2012-07-09,10.11,10.22,9.72,9.84,264547.2
2012-07-10,9.84,9.96,9.8,9.9,167435.47
2012-07-11,9.91,10.38,9.84,10.1,326812.93
2012-07-12,10.0,10.16,9.81,9.95,351351.35
2012-07-13,9.95,10.31,9.88,10.04,374963.59
2012-07-16,10.11,10.13,9.33,9.47,485817.21
2012-07-17,9.43,9.59,9.34,9.49,185541.97
2012-07-18,9.51,9.53,9.15,9.29,338569.8
2012-07-19,9.29,9.55,9.2,9.42,260523.09
2012-07-20,9.37,9.45,8.94,9.16,267401.2
2012-07-23,9.1,9.1,8.83,9.02,255953.01
2012-07-24,8.94,9.14,8.91,9.03,188712.5
2012-07-25,9.03,9.11,8.99,9.05,112445.37
2012-07-26,9.07,9.14,8.98,9.01,161461.54
2012-07-27,9.04,9.14,9.04,9.09,177945.35
2012-07-30,9.12,9.53,9.12,9.31,336889.95
2012-07-31,9.35,9.45,9.22,9.26,173379.61
2012-08-01,9.28,9.53,9.28,9.45,270219.5
2012-08-02,9.44,9.54,9.29,9.33,176073.71
2012-08-03,9.36,9.43,9.35,9.43,104025.69
2012-08-06,9.44,9.65,9.44,9.64,235161.81
2012-08-07,9.64,9.64,9.5,9.63,197579.3
2012-08-08,9.71,9.71,9.58,9.59,138168.05
2012-08-09,9.59,9.65,9.49,9.62,153573.26
2012-08-10,9.62,9.62,9.5,9.52,121259.28
2012-08-13,9.49,9.49,9.18,9.21,282052.41
2012-08-14,9.24,9.41,9.13,9.37,169536.42
2012-08-15,9.33,9.37,9.21,9.22,119981.6
2012-08-16,9.21,9.29,9.19,9.23,82256.02
2012-08-17,9.23,9.28,9.16,9.26,110047.48
2012-08-20,9.18,9.25,9.05,9.24,156314.2
2012-08-21,9.23,9.35,9.18,9.27,118718.79
2012-08-22,9.27,9.31,9.19,9.28,146437.19
2012-08-23,9.29,9.32,9.17,9.22,143151.35
2012-08-24,9.18,9.19,8.98,8.98,283145.32
2012-08-27,8.98,9.01,8.61,8.63,260093.46
2012-08-28,8.61,8.69,8.56,8.65,155381.85
2012-08-29,8.63,8.63,8.23,8.31,275476.04
2012-08-30,8.14,8.38,8.11,8.19,327970.14
2012-08-31,8.09,8.19,7.85,7.87,487047.21
2012-09-03,7.91,7.94,7.81,7.87,417315.13
2012-09-04,7.87,7.87,7.37,7.41,642803.06
2012-09-05,7.39,7.39,6.97,7.13,682096.43
2012-09-06,7.12,7.27,7.12,7.2,339517.16
2012-09-07,7.29,7.92,7.29,7.92,1235372.71
2012-09-10,8.02,8.47,7.96,8.15,1287704.33
2012-09-11,8.09,8.09,7.84,8.03,505975.51
2012-09-12,8.14,8.28,7.97,8.11,457439.48
2012-09-13,8.1,8.1,7.85,7.87,408165.29
2012-09-14,7.96,8.01,7.69,7.8,549481.99
2012-09-17,7.76,7.76,7.21,7.33,627186.33
2012-09-18,7.26,7.41,7.22,7.35,221942.02
2012-09-19,7.38,7.42,7.3,7.36,191980.86
2012-09-20,7.33,7.33,7.1,7.15,274676.06
2012-09-21,7.13,7.29,7.1,7.14,207307.56
2012-09-24,7.01,7.44,7.0,7.29,400120.58
2012-09-25,7.29,7.34,7.22,7.29,188596.26
2012-09-26,7.29,7.33,7.15,7.18,167254.6
2012-09-27,7.19,7.48,7.17,7.44,371728.92
2012-09-28,7.41,7.68,7.37,7.65,567599.09
2012-10-08,7.64,7.77,7.48,7.54,285367.15
2012-10-09,7.56,7.76,7.56,7.72,288803.04
2012-10-10,7.7,7.75,7.59,7.71,243882.88
2012-10-11,7.67,7.8,7.6,7.63,225222.67
2012-10-12,7.64,7.84,7.46,7.5,314393.31
2012-10-15,7.52,7.54,7.21,7.31,284591.7
2012-10-16,7.31,7.36,7.21,7.25,263196.78
2012-10-17,7.28,7.31,7.17,7.25,259681.78
2012-10-18,7.25,7.45,7.24,7.42,332276.08
2012-10-19,7.45,7.69,7.41,7.58,435698.21
2012-10-22,7.51,7.69,7.45,7.63,350239.66
2012-10-23,7.64,7.66,7.48,7.5,248496.77
2012-10-24,7.45,7.64,7.43,7.55,190511.92
2012-10-25,7.49,7.65,7.49,7.51,163023.85
2012-10-26,7.51,7.53,7.26,7.3,209170.71
2012-10-29,7.3,7.3,7.21,7.26,125302.34
2012-10-30,7.2,7.37,7.11,7.24,190771.53
2012-10-31,7.24,7.26,7.01,7.16,246848.07
2012-11-01,7.16,7.37,7.16,7.33,207863.98
2012-11-02,7.33,7.43,7.29,7.37,181632.7
2012-11-05,7.37,7.53,7.33,7.48,218227.51
2012-11-07,7.44,7.53,7.35,7.39,156200.87
2012-11-08,7.34,7.34,7.2,7.22,166084.15
2012-11-09,7.18,7.29,7.17,7.2,105980.65
2012-11-12,7.22,7.29,7.21,7.29,103515.01
2012-11-13,7.29,7.29,7.18,7.21,105083.05
2012-11-14,7.21,7.24,7.1,7.19,109957.12
2012-11-15,7.17,7.18,7.08,7.1,110886.05
2012-11-16,7.08,7.17,7.01,7.14,123452.95
2012-11-19,7.14,7.21,7.03,7.15,109646.69
2012-11-20,7.17,7.21,7.09,7.11,77574.09
2012-11-21,7.1,7.21,7.04,7.21,121031.15
2012-11-22,7.21,7.21,7.03,7.09,86631.45
2012-11-23,7.1,7.16,7.05,7.09,110170.54
2012-11-26,7.05,7.07,6.86,6.86,223506.26
2012-11-27,6.85,6.85,6.62,6.64,185501.38
2012-11-28,6.62,6.62,6.51,6.54,137194.87
2012-11-29,6.53,6.66,6.5,6.5,176100.71
2012-11-30,6.5,6.57,6.44,6.5,228152.04
2012-12-03,6.5,6.52,6.06,6.07,289223.57
2012-12-04,6.07,6.25,6.05,6.23,225227.27
2012-12-05,6.21,6.86,6.18,6.86,576454.98
2012-12-06,6.9,7.05,6.78,6.86,500846.63
2012-12-07,6.86,7.28,6.78,7.07,816239.64
2012-12-10,7.11,7.29,7.05,7.09,883943.4
2012-12-11,7.05,7.09,6.94,6.98,289312.44
2012-12-12,7.01,7.16,6.93,7.03,269442.41
2012-12-13,7.03,7.03,6.86,6.91,204952.34
2012-12-14,6.96,7.46,6.94,7.37,907155.46
2012-12-17,7.41,7.66,7.41,7.47,592132.94
2012-12-18,7.45,7.57,7.32,7.38,417373.97
2012-12-19,7.37,8.04,7.35,7.92,1030050.19
2012-12-20,7.88,8.05,7.81,7.98,676564.44
2012-12-21,8.0,8.15,7.82,7.87,502594.33
2012-12-24,7.86,7.97,7.73,7.85,340282.68
2012-12-25,7.84,8.34,7.69,8.21,857109.05
2012-12-26,8.21,8.47,8.17,8.28,598332.98
2012-12-27,8.28,8.41,8.16,8.27,380826.79
2012-12-28,8.27,8.49,8.26,8.43,508650.78
2012-12-31,8.43,8.51,8.19,8.44,500097.38
2013-01-04,8.48,8.55,8.24,8.28,396281.33
2013-01-07,8.26,8.26,8.01,8.09,514172.5
2013-01-08,8.09,8.09,7.82,8.03,674836.98
2013-01-09,7.96,8.02,7.88,7.96,573668.92
2013-01-10,7.96,8.18,7.96,8.06,646275.45
2013-01-11,8.07,8.1,7.66,7.7,573034.15
2013-01-14,7.68,8.07,7.61,8.02,519325.65
2013-01-15,8.03,8.32,7.98,8.25,675605.22
2013-01-16,8.27,8.29,7.99,8.19,464730.24
2013-01-17,8.13,8.17,8.05,8.08,302298.6
2013-01-18,8.09,8.19,7.97,8.12,370459.34
2013-01-21,8.11,8.58,8.05,8.53,1082143.51
2013-01-22,8.52,8.63,8.39,8.47,701936.51
2013-01-23,8.43,8.49,8.21,8.33,390892.59
2013-01-24,8.31,8.69,8.26,8.36,626148.49
2013-01-25,8.33,8.53,8.27,8.45,372883.55
2013-01-28,8.53,8.91,8.51,8.89,779780.01
2013-01-29,8.93,9.22,8.91,9.06,745898.83
2013-01-30,9.03,9.17,8.95,9.02,442731.25
2013-01-31,9.02,9.27,8.97,9.17,546663.33
2013-02-01,9.13,9.72,9.08,9.57,558754.59
2013-02-04,9.57,10.51,9.57,9.79,1041155.27
2013-02-05,9.72,10.33,9.57,10.29,824365.18
2013-02-06,10.24,10.46,10.04,10.15,440204.1
2013-02-07,10.15,10.17,9.76,9.99,490058.87
2013-02-08,9.99,10.16,9.88,10.0,322420.1
2013-02-18,9.98,10.2,9.8,9.83,421223.06
2013-02-19,9.8,9.93,9.2,9.39,610008.52
2013-02-20,9.29,9.41,9.07,9.41,614395.98
2013-02-21,9.41,9.41,8.81,8.9,697040.78
2013-02-22,8.9,9.0,8.82,8.85,318798.33
2013-02-25,8.9,9.14,8.9,9.01,292294.7
2013-02-26,8.97,9.11,8.79,8.84,331174.16
2013-02-27,8.86,9.06,8.86,8.99,277508.34
2013-02-28,9.06,9.41,8.94,9.4,522561.78
2013-03-01,9.41,9.53,9.17,9.39,403748.84
2013-03-04,9.33,9.33,8.45,8.58,1208965.54
2013-03-05,8.53,8.69,8.41,8.67,577351.64
2013-03-06,8.7,8.72,8.45,8.59,531511.63
2013-03-07,8.49,8.65,8.39,8.54,508422.36
2013-03-08,8.53,8.62,8.45,8.49,303942.71
2013-03-11,8.48,8.49,8.19,8.39,364861.13
2013-03-12,8.39,8.74,8.35,8.6,598763.25
2013-03-13,8.58,8.58,8.37,8.42,242258.11
2013-03-14,8.37,8.55,8.34,8.39,153899.62
2013-03-15,8.38,8.65,8.3,8.45,276797.63
2013-03-18,8.42,8.52,8.3,8.32,261883.37
2013-03-19,8.37,8.43,8.26,8.39,199273.72
2013-03-20,8.38,8.7,8.35,8.7,480461.77
2013-03-21,8.74,8.84,8.63,8.71,490523.48
2013-03-22,8.7,8.71,8.59,8.69,196556.75
2013-03-25,8.69,8.82,8.61,8.66,181163.76
2013-03-26,8.61,8.65,8.37,8.51,272250.71
2013-03-27,8.48,8.6,8.35,8.43,203759.03
2013-03-28,8.37,8.37,8.03,8.1,419178.64
2013-03-29,8.11,8.18,7.97,8.0,195955.02
2013-04-01,7.98,8.04,7.88,7.99,250906.88
2013-04-02,7.99,8.3,7.99,8.13,254345.74
2013-04-03,8.19,8.37,8.11,8.15,184207.86
2013-04-08,7.97,8.01,7.76,7.99,269911.29
2013-04-09,8.01,8.2,8.01,8.11,189369.29
2013-04-10,8.14,8.16,8.03,8.1,145506.45
2013-04-11,8.29,8.33,8.09,8.11,258551.05
2013-04-12,8.07,8.16,7.97,8.07,141470.4
2013-04-15,8.03,8.06,7.76,7.88,255518.34
2013-04-16,7.8,7.99,7.72,7.97,167349.48
2013-04-17,7.96,7.97,7.81,7.9,169036.2
2013-04-18,7.84,7.97,7.79,7.87,126931.85
2013-04-19,7.89,8.2,7.89,8.12,321841.7
2013-04-22,8.35,8.6,8.24,8.31,527764.31
2013-04-23,8.3,8.3,7.96,7.99,363622.96
2013-04-24,7.98,8.19,7.92,8.08,258620.99
2013-04-25,8.07,8.07,7.77,7.92,296951.35
2013-04-26,7.91,8.01,7.75,7.78,193824.66
2013-05-02,7.77,7.78,7.41,7.46,338849.75
2013-05-03,7.47,7.64,7.45,7.48,284459.97
2013-05-06,7.53,7.62,7.48,7.56,216070.13
2013-05-07,7.56,7.57,7.48,7.56,214582.84
2013-05-08,7.61,7.75,7.57,7.72,368888.55
2013-05-09,7.77,7.81,7.57,7.58,232798.17
2013-05-10,7.57,7.68,7.49,7.61,216938.54
2013-05-13,7.64,7.68,7.49,7.56,249830.8
2013-05-14,7.56,7.56,7.32,7.35,279343.61
2013-05-15,7.37,7.4,7.19,7.27,264561.21
2013-05-16,7.25,7.37,7.09,7.37,283800.12
2013-05-17,7.37,7.6,7.31,7.56,345665.72
2013-05-20,7.6,7.79,7.59,7.72,426360.81
2013-05-21,7.74,7.87,7.74,7.79,331082.13
2013-05-22,7.79,7.84,7.69,7.76,267154.06
2013-05-23,7.7,7.76,7.57,7.59,249719.77
2013-05-24,7.58,7.7,7.48,7.56,245715.93
2013-05-27,7.51,7.56,7.39,7.45,311334.16
2013-05-28,7.44,7.58,7.3,7.57,412123.74
2013-05-29,7.54,7.57,7.44,7.46,352954.24
2013-05-30,7.41,7.41,7.3,7.33,336763.67
2013-05-31,7.48,7.52,7.35,7.37,280373.09
2013-06-03,7.36,7.46,7.36,7.4,214153.85
2013-06-04,7.4,7.4,7.27,7.3,185293.97
2013-06-05,7.29,7.29,7.17,7.22,292844.99
2013-06-06,7.17,7.33,7.16,7.21,224050.94
2013-06-07,7.21,7.24,6.97,7.05,532798.58
2013-06-13,6.94,6.94,6.38,6.65,439320.57
2013-06-14,6.64,6.66,6.55,6.62,272694.22
2013-06-17,6.62,6.68,6.45,6.5,233417.66
2013-06-18,6.54,6.57,6.38,6.49,227127.52
2013-06-19,6.49,6.49,6.36,6.46,191571.3
2013-06-20,6.44,6.45,6.32,6.33,200586.3
2013-06-21,6.2,6.34,6.14,6.16,316008.18
2013-06-24,6.18,6.24,5.76,5.96,393634.97
2013-06-25,5.88,6.02,5.44,6.01,414767.06
2013-06-26,6.03,6.12,5.91,5.97,313342.96
2013-06-27,6.01,6.13,5.91,5.94,263058.14
2013-06-28,5.94,6.1,5.77,5.99,230036.07
2013-07-01,5.94,6.02,5.78,5.91,218255.25
2013-07-02,5.91,5.96,5.76,5.8,352133.9
2013-07-03,5.78,5.78,5.58,5.63,319833.49
2013-07-04,5.58,5.8,5.44,5.71,374923.08
2013-07-05,5.71,5.78,5.66,5.68,237236.09
2013-07-08,5.58,5.58,5.43,5.44,253632.62
2013-07-09,5.42,5.47,5.38,5.43,161657.86
2013-07-10,5.43,5.7,5.41,5.68,252670.46
2013-07-11,5.71,6.22,5.67,6.05,673204.76
2013-07-12,6.03,6.03,5.77,5.8,403050.46
2013-07-15,5.8,5.94,5.79,5.83,287873.09
2013-07-16,5.8,5.84,5.72,5.83,221918.04
2013-07-17,5.83,5.86,5.74,5.76,191541.61
2013-07-18,5.71,5.73,5.62,5.63,210463.4
2013-07-19,5.59,5.66,5.42,5.45,256381.76
2013-07-22,5.46,5.56,5.44,5.52,164379.31
2013-07-23,5.56,5.72,5.52,5.69,296103.21
2013-07-24,5.66,5.68,5.5,5.59,283910.95
2013-07-25,5.64,5.68,5.56,5.61,255133.26
2013-07-26,5.54,5.61,5.54,5.58,141332.28
2013-07-29,5.54,5.55,5.43,5.45,198292.2
2013-07-30,5.5,5.58,5.46,5.47,204502.38
2013-07-31,5.54,5.58,5.45,5.48,142513.96
2013-08-01,5.52,5.62,5.5,5.61,283782.38
2013-08-02,5.65,5.68,5.58,5.59,224853.25
2013-08-05,5.6,5.68,5.57,5.67,209680.34
2013-08-06,5.65,5.81,5.56,5.76,386430.72
2013-08-07,5.7,5.8,5.67,5.68,323613.27
2013-08-08,5.64,5.7,5.6,5.64,203359.16
2013-08-09,5.62,5.69,5.6,5.68,239548.28
2013-08-12,5.7,5.94,5.67,5.93,682904.72
2013-08-13,5.96,6.11,5.91,6.05,657215.74
2013-08-14,6.05,6.08,5.91,5.93,394599.56
2013-08-15,5.93,6.03,5.91,5.91,281891.64
2013-08-16,5.88,6.5,5.8,5.91,645649.59
2013-08-19,5.87,5.98,5.8,5.95,252696.29
2013-08-20,5.95,5.98,5.86,5.89,255048.51
2013-08-21,5.91,5.92,5.84,5.88,167351.25
2013-08-22,5.96,6.0,5.87,5.87,161676.96
2013-08-23,5.88,5.95,5.75,5.84,199659.95
2013-08-26,5.84,5.98,5.82,5.96,209522.22
2013-08-27,5.96,6.01,5.94,5.98,195565.31
2013-08-28,5.95,6.06,5.91,5.99,368187.5
2013-08-29,6.02,6.04,5.91,5.93,266810.87
2013-08-30,5.93,6.02,5.89,5.96,307551.81
2013-09-02,5.98,6.52,5.87,6.27,863121.59
2013-09-03,6.17,6.3,6.12,6.25,444832.35
2013-09-04,6.25,6.33,6.17,6.2,331962.4
2013-09-05,6.2,6.24,6.11,6.12,235967.56
2013-09-06,6.1,6.2,6.07,6.11,245790.72
2013-09-09,6.17,6.31,6.13,6.25,540777.23
2013-09-10,6.31,6.51,6.27,6.45,773847.55
2013-09-11,6.52,7.1,6.52,7.1,1885954.18
2013-09-12,7.26,7.26,6.78,6.88,1339508.4
2013-09-13,6.86,6.86,6.64,6.69,769021.33
2013-09-16,6.7,6.79,6.64,6.65,384222.78
2013-09-17,6.66,6.69,6.35,6.39,557867.64
2013-09-18,6.37,6.44,6.35,6.41,289071.24
2013-09-23,6.42,6.58,6.42,6.53,266517.67
2013-09-24,6.52,6.53,6.35,6.42,292914.06
2013-09-25,6.39,6.49,6.35,6.37,253312.98
2013-09-26,6.35,6.36,6.14,6.16,382555.74
2013-09-27,6.12,6.23,6.12,6.18,192730.37
2013-09-30,6.18,6.3,5.97,6.2,171365.25
2013-10-08,6.2,6.33,6.11,6.3,355691.66
2013-10-09,6.26,6.3,6.22,6.28,248566.3
2013-10-10,6.25,6.33,6.12,6.14,288117.68
2013-10-11,6.15,6.26,6.15,6.25,225819.87
2013-10-14,6.26,6.46,6.26,6.39,386915.02
2013-10-15,6.4,6.54,6.28,6.52,449737.19
2013-10-16,6.48,6.48,6.22,6.25,391372.67
2013-10-17,6.27,6.33,6.15,6.17,340649.0
2013-10-18,6.19,6.24,6.15,6.2,146686.77
2013-10-21,6.23,6.25,6.12,6.23,247723.99
2013-10-22,6.22,6.33,6.17,6.25,312680.83
2013-10-23,6.24,6.29,6.11,6.14,263330.16
2013-10-24,6.11,6.11,5.94,5.96,379620.78
2013-10-25,5.95,5.99,5.84,5.88,269793.52
2013-10-28,5.88,6.02,5.88,5.94,271695.3
2013-10-29,5.91,5.98,5.72,5.82,325851.36
2013-10-30,5.86,5.95,5.82,5.9,222308.71
2013-10-31,5.9,5.9,5.84,5.86,158536.54
2013-11-01,5.84,5.89,5.79,5.85,170645.03
2013-11-04,5.86,5.89,5.81,5.83,132149.05
2013-11-05,5.83,5.84,5.75,5.82,163447.03
2013-11-06,5.79,5.87,5.77,5.8,189435.28
2013-11-07,5.8,5.89,5.77,5.85,236411.36
2013-11-08,5.79,5.85,5.78,5.78,146871.81
2013-11-11,5.78,5.79,5.7,5.75,141139.14
2013-11-12,5.75,5.83,5.75,5.82,108344.72
2013-11-13,5.8,5.81,5.7,5.71,149812.72
2013-11-14,5.71,5.73,5.67,5.72,153862.48
2013-11-15,5.72,5.85,5.71,5.83,233786.72
2013-11-18,5.83,6.0,5.82,5.97,449459.85
2013-11-19,6.05,6.06,5.92,5.95,314243.57
2013-11-20,6.0,6.06,5.91,5.97,187209.23
2013-11-21,5.95,5.95,5.85,5.89,202212.4
2013-11-22,5.9,5.93,5.86,5.87,131856.74
2013-11-25,5.88,5.96,5.85,5.9,157696.45
2013-11-26,5.9,5.92,5.8,5.82,188303.33
2013-11-27,5.82,5.9,5.78,5.84,164906.31
2013-11-28,5.85,6.02,5.83,5.95,422746.84
2013-11-29,5.96,5.96,5.89,5.92,225453.63
2013-12-02,5.86,5.9,5.78,5.8,357232.53
2013-12-03,5.78,5.98,5.75,5.97,417709.55
2013-12-04,5.95,6.31,5.92,6.15,890663.11
2013-12-05,6.1,6.15,6.08,6.08,348065.4
2013-12-06,6.06,6.11,6.03,6.07,249202.49
2013-12-09,6.09,6.14,6.01,6.04,178505.74
2013-12-10,6.04,6.08,5.96,5.97,205324.71
2013-12-11,5.94,5.97,5.86,5.88,201136.76
2013-12-12,5.87,5.92,5.86,5.88,159991.83
2013-12-13,5.84,5.91,5.82,5.86,141234.97
2013-12-16,5.88,5.9,5.78,5.8,239670.65
2013-12-17,5.81,5.82,5.71,5.73,232394.52
2013-12-18,5.73,5.74,5.62,5.67,315253.49
2013-12-19,5.66,5.73,5.61,5.61,236903.35
2013-12-20,5.62,5.64,5.05,5.2,797978.87
2013-12-23,5.24,5.33,5.22,5.3,275248.1
2013-12-24,5.31,5.33,5.25,5.26,183100.81
2013-12-25,5.26,5.31,5.25,5.3,111567.76
2013-12-26,5.31,5.31,5.13,5.17,176478.13
2013-12-27,5.23,5.3,5.18,5.26,135448.07
2013-12-30,5.28,5.32,5.26,5.26,116417.29
2013-12-31,5.24,5.33,5.21,5.3,152155.94
2014-01-02,5.29,5.29,5.25,5.26,90877.99
2014-01-03,5.23,5.27,5.16,5.19,151700.03
2014-01-06,5.18,5.18,5.0,5.01,233337.76
2014-01-07,4.99,5.03,4.93,4.98,132899.54
2014-01-08,4.99,5.04,4.93,4.96,136807.72
2014-01-09,4.96,5.0,4.9,4.91,145494.87
2014-01-10,4.91,4.93,4.74,4.76,239344.23
2014-01-13,4.76,4.8,4.72,4.79,122239.32
2014-01-14,4.79,4.86,4.74,4.81,128922.8
2014-01-15,4.81,4.84,4.76,4.77,91329.89
2014-01-16,4.77,4.85,4.73,4.83,148191.78
2014-01-17,4.84,4.85,4.74,4.75,150473.01
2014-01-20,4.75,4.79,4.69,4.73,103629.68
2014-01-21,4.74,4.79,4.73,4.76,96665.36
2014-01-22,4.79,4.98,4.74,4.97,235161.02
2014-01-23,4.96,4.98,4.89,4.92,131568.31
2014-01-24,4.88,5.02,4.88,4.93,136526.79
2014-01-27,4.92,4.95,4.87,4.92,100726.41
2014-01-28,4.92,4.97,4.89,4.95,97318.06
2014-01-29,4.92,4.97,4.92,4.93,76513.72
2014-01-30,4.93,4.94,4.88,4.9,60265.67
2014-02-07,4.88,4.88,4.8,4.87,97462.93
2014-02-10,4.88,5.0,4.88,4.99,196986.78
2014-02-11,4.99,5.25,4.96,5.16,422675.73
2014-02-12,5.15,5.16,5.08,5.11,192528.29
2014-02-13,5.11,5.11,5.03,5.04,206921.43
2014-02-14,5.02,5.12,5.02,5.08,151280.64
2014-02-17,5.09,5.13,5.05,5.07,207598.68
2014-02-18,5.09,5.1,4.97,4.99,223891.3
2014-02-19,4.98,5.07,4.97,5.03,220688.16
2014-02-20,5.04,5.16,5.01,5.05,363082.56
2014-02-21,5.02,5.03,4.9,4.94,265271.38
2014-02-24,4.89,4.89,4.79,4.8,205735.61
2014-02-25,4.8,4.83,4.69,4.7,232382.04
2014-02-26,4.7,4.76,4.69,4.75,152933.63
2014-02-27,4.76,4.78,4.7,4.71,166044.37
2014-02-28,4.71,4.77,4.68,4.74,175680.42
2014-03-03,4.72,4.77,4.7,4.77,149814.66
2014-03-04,4.74,4.87,4.7,4.8,211351.65
2014-03-05,4.8,4.83,4.74,4.77,139283.12
2014-03-06,4.74,4.81,4.7,4.78,138806.3
2014-03-07,4.77,4.79,4.71,4.73,148531.66
2014-03-10,4.7,4.7,4.54,4.56,227816.6
2014-03-11,4.55,4.6,4.53,4.57,131046.64
2014-03-12,4.58,4.66,4.52,4.6,157276.45
2014-03-13,4.6,4.71,4.55,4.64,150269.93
2014-03-14,4.77,5.02,4.73,4.78,628563.14
2014-03-17,4.7,4.77,4.66,4.75,215433.32
2014-03-18,4.77,4.77,4.69,4.69,164951.47
2014-03-19,4.69,4.69,4.6,4.63,151927.9
2014-03-20,4.64,4.68,4.58,4.59,144627.36
2014-03-21,4.55,4.72,4.55,4.71,233265.76
2014-03-24,4.71,4.81,4.68,4.78,330464.25
2014-03-25,4.74,4.8,4.73,4.74,237092.66
2014-03-26,4.75,4.77,4.69,4.72,125872.73
2014-03-27,4.72,4.72,4.65,4.67,222016.52
2014-03-28,4.65,4.69,4.63,4.63,146037.82
2014-03-31,4.63,4.67,4.55,4.59,195798.84
2014-04-01,4.6,4.66,4.58,4.66,141137.55
2014-04-02,4.68,4.78,4.66,4.73,250837.78
2014-04-03,4.77,4.79,4.69,4.69,189975.6
2014-04-04,4.68,4.72,4.66,4.72,107974.1
2014-04-08,4.71,4.8,4.69,4.78,300764.82
2014-04-09,4.79,4.8,4.74,4.77,193165.85
2014-04-10,4.77,4.97,4.74,4.88,586963.45
2014-04-11,4.87,4.89,4.8,4.81,330205.89
2014-04-14,4.79,4.81,4.74,4.78,168141.87
2014-04-15,4.76,4.76,4.7,4.71,164679.08
2014-04-16,4.71,4.74,4.7,4.72,104964.33
2014-04-17,4.73,4.75,4.66,4.68,167212.98
2014-04-18,4.67,4.68,4.63,4.65,148978.91
2014-04-21,4.64,4.68,4.6,4.61,168229.69
2014-04-22,4.61,4.64,4.59,4.63,117812.19
2014-04-23,4.62,4.63,4.59,4.6,121339.5
2014-04-24,4.62,4.66,4.58,4.58,168710.69
2014-04-25,4.59,4.6,4.5,4.51,206794.91
2014-04-28,4.5,4.52,4.34,4.36,250438.72
2014-04-29,4.35,4.37,4.3,4.36,191187.83
2014-04-30,4.36,4.36,4.31,4.32,140025.28
2014-05-05,4.32,4.36,4.27,4.34,124338.99
2014-05-06,4.36,4.39,4.32,4.36,120123.0
2014-05-07,4.35,4.35,4.29,4.29,98197.78
2014-05-08,4.29,4.36,4.28,4.3,129325.24
2014-05-09,4.32,4.36,4.3,4.35,102864.79
2014-05-12,4.36,4.54,4.36,4.49,327672.11
2014-05-13,4.5,4.5,4.39,4.4,240215.39
2014-05-14,4.39,4.45,4.39,4.41,116566.32
2014-05-15,4.41,4.44,4.34,4.34,123898.18
2014-05-16,4.33,4.43,4.33,4.43,155310.23
2014-05-19,4.41,4.41,4.32,4.35,113312.26
2014-05-20,4.36,4.4,4.33,4.36,66952.38
2014-05-21,4.33,4.38,4.31,4.37,71275.68
2014-05-22,4.37,4.41,4.33,4.35,118628.31
2014-05-23,4.35,4.37,4.32,4.36,80059.1
2014-05-26,4.41,4.41,4.36,4.37,87235.81
2014-05-27,4.36,4.37,4.32,4.33,104285.9
2014-05-28,4.33,4.36,4.31,4.36,107218.73
2014-05-29,4.36,4.36,4.29,4.31,129362.19
2014-05-30,4.29,4.32,4.29,4.3,100404.71
2014-06-03,4.32,4.33,4.28,4.29,99100.61
2014-06-04,4.28,4.29,4.2,4.22,183650.17
2014-06-05,4.22,4.27,4.21,4.26,90366.9
2014-06-06,4.26,4.26,4.2,4.22,107700.24
2014-06-09,4.22,4.25,4.19,4.2,106906.42
2014-06-10,4.19,4.23,4.19,4.22,101105.68
2014-06-11,4.26,4.26,4.21,4.23,109948.61
2014-06-12,4.22,4.28,4.21,4.25,199316.9
2014-06-13,4.23,4.29,4.22,4.26,161820.85
2014-06-16,4.26,4.27,4.23,4.27,171388.9
2014-06-17,4.26,4.26,4.22,4.23,126952.97
2014-06-18,4.23,4.24,4.2,4.21,134234.21
2014-06-19,4.19,4.21,4.11,4.12,216076.93
2014-06-20,4.11,4.14,4.1,4.12,106688.09
2014-06-23,4.12,4.12,4.08,4.08,177800.28
2014-06-24,4.09,4.13,4.08,4.12,93132.91
2014-06-25,4.12,4.13,4.08,4.08,114267.39
2014-06-26,4.08,4.11,4.08,4.1,120921.85
2014-06-27,4.11,4.19,4.07,4.15,296823.26
2014-06-30,4.13,4.17,4.13,4.16,183421.27
2014-07-01,4.16,4.16,4.13,4.14,127301.12
2014-07-02,4.15,4.19,4.13,4.18,221635.93
2014-07-03,4.18,4.22,4.16,4.2,181127.96
2014-07-04,4.21,4.23,4.17,4.18,131406.24
2014-07-07,4.18,4.18,4.14,4.16,134508.23
2014-07-08,4.16,4.16,4.12,4.14,123282.4
2014-07-09,4.15,4.19,4.11,4.12,198745.09
2014-07-10,4.1,4.15,4.09,4.12,141917.02
2014-07-11,4.11,4.17,4.1,4.14,225193.66
2014-07-14,4.14,4.23,4.1,4.22,501933.46
2014-07-15,4.2,4.36,4.18,4.3,607831.45
2014-07-16,4.28,4.32,4.26,4.29,390460.37
2014-07-17,4.32,4.43,4.3,4.34,637654.36
2014-07-18,4.34,4.34,4.28,4.3,284966.69
2014-07-21,4.31,4.36,4.29,4.3,295518.08
2014-07-22,4.29,4.33,4.26,4.31,251155.54
2014-07-23,4.31,4.41,4.29,4.4,552466.04
2014-07-24,4.4,4.48,4.36,4.46,548465.81
2014-07-25,4.46,4.5,4.42,4.48,384600.77
2014-07-28,4.5,4.74,4.5,4.63,950378.8
2014-07-29,4.64,4.68,4.57,4.62,403800.34
2014-07-30,4.6,4.72,4.56,4.63,552852.7
2014-07-31,4.62,4.66,4.6,4.65,314625.55
2014-08-01,4.65,4.73,4.62,4.63,474303.41
2014-08-04,4.64,4.7,4.59,4.69,391364.5
2014-08-06,4.81,5.11,4.7,4.97,1167417.94
2014-08-07,4.92,4.94,4.79,4.82,644699.07
2014-08-08,4.87,4.87,4.73,4.78,365187.59
2014-08-11,4.78,4.84,4.75,4.81,306177.25
2014-08-12,4.8,4.8,4.72,4.77,392978.01
2014-08-13,4.77,4.77,4.68,4.76,321759.5
2014-08-14,4.75,4.79,4.69,4.72,337072.32
2014-08-15,4.71,4.76,4.7,4.75,243792.14
2014-08-18,4.76,4.8,4.73,4.78,361370.46
2014-08-19,4.78,4.78,4.73,4.76,289922.3
2014-08-20,4.77,4.78,4.73,4.74,261897.23
2014-08-21,4.74,4.74,4.66,4.7,326889.35
2014-08-22,4.69,4.71,4.68,4.7,237140.28
2014-08-25,4.69,4.7,4.62,4.62,251880.81
2014-08-26,4.62,4.68,4.53,4.54,319690.26
2014-08-27,4.54,4.57,4.53,4.55,159598.21
2014-08-28,4.55,4.62,4.53,4.57,202599.09
2014-08-29,4.57,4.62,4.56,4.62,178332.52
2014-09-01,4.63,4.66,4.61,4.62,229410.79
2014-09-02,4.62,4.68,4.6,4.68,335130.18
2014-09-03,4.68,4.77,4.68,4.74,597906.54
2014-09-04,4.72,4.75,4.69,4.74,362858.14
2014-09-05,4.75,4.88,4.73,4.84,821110.1
2014-09-09,4.82,4.86,4.77,4.81,449383.69
2014-09-10,4.78,4.8,4.73,4.78,429851.49
2014-09-11,4.77,4.87,4.75,4.84,648813.94
2014-09-12,4.82,5.01,4.78,4.93,893848.55
2014-09-15,4.93,5.01,4.89,4.94,591938.31
2014-09-16,4.94,4.96,4.77,4.78,696042.44
2014-09-17,4.78,4.97,4.72,4.91,859575.78
2014-09-18,4.87,4.94,4.83,4.85,432331.91
2014-09-19,4.86,4.89,4.79,4.84,358561.55
2014-09-22,4.81,4.83,4.69,4.7,506147.85
2014-09-23,4.69,4.78,4.68,4.74,316531.52
2014-09-24,4.72,4.83,4.7,4.81,481730.64
2014-09-25,4.84,4.98,4.81,4.86,924188.31
2014-09-26,4.84,4.88,4.81,4.87,413553.33
2014-09-29,4.89,5.0,4.87,4.91,559488.9
2014-09-30,4.91,4.94,4.88,4.93,415471.21
2014-10-08,4.94,5.0,4.94,5.0,784193.4
2014-10-09,5.0,5.03,4.93,4.98,594952.4
2014-10-10,4.96,5.0,4.89,4.91,528258.07
2014-10-13,4.9,5.05,4.79,5.05,1111639.19
2014-10-14,5.05,5.09,4.97,5.02,784847.18
2014-10-15,5.0,5.01,4.91,5.0,505421.03
2014-10-16,4.95,5.1,4.92,4.97,821705.15
2014-10-17,4.94,5.15,4.92,5.1,1437830.24
2014-10-20,5.1,5.12,5.03,5.08,698004.39
2014-10-21,5.08,5.09,4.94,4.96,644701.72
2014-10-22,4.95,4.99,4.85,4.85,549251.89
2014-10-23,4.84,4.86,4.75,4.76,502631.06
2014-10-24,4.74,4.83,4.7,4.71,392077.47
2014-10-27,4.71,4.74,4.68,4.73,279937.81
2014-10-28,4.74,4.84,4.73,4.83,432105.76
2014-10-29,4.82,4.91,4.78,4.89,609916.98
2014-10-30,4.89,5.02,4.86,4.99,880102.65
2014-10-31,4.98,5.1,4.94,5.04,1335039.81
2014-11-03,5.05,5.26,5.0,5.14,1892117.5
2014-11-04,5.19,5.65,5.19,5.53,3717672.16
2014-11-05,5.58,5.68,5.37,5.39,1947651.76
2014-11-06,5.37,5.42,5.23,5.34,1086970.01
2014-11-07,5.34,5.46,5.21,5.26,1148753.22
2014-11-10,5.31,5.42,5.21,5.38,1049879.12
2014-11-11,5.4,5.42,5.14,5.2,1187413.97
2014-11-12,5.2,5.31,5.18,5.31,738078.05
2014-11-13,5.29,5.33,5.2,5.27,649113.48
2014-11-14,5.28,5.3,5.21,5.27,442621.26
2014-11-17,5.32,5.42,5.27,5.33,804753.63
2014-11-18,5.32,5.37,5.22,5.24,691132.05
2014-11-19,5.21,5.24,5.14,5.16,632774.26
2014-11-20,5.14,5.21,5.11,5.16,290460.97
2014-11-21,5.18,5.26,5.17,5.26,499547.43
2014-11-24,5.38,5.45,5.31,5.37,1323467.2
2014-11-25,5.39,5.43,5.35,5.41,774760.94
2014-11-26,5.44,5.54,5.32,5.42,1023012.3
2014-11-27,5.43,5.53,5.37,5.49,1185453.94
2014-11-28,5.48,5.54,5.35,5.53,1360836.81
2014-12-01,5.56,5.86,5.5,5.65,1787884.93
2014-12-02,5.61,5.88,5.57,5.83,1914937.1
2014-12-03,5.91,6.19,5.77,5.96,2275445.09
2014-12-04,5.97,6.16,5.9,6.14,1936382.57
2014-12-05,6.57,6.74,6.03,6.36,3555937.0
2014-12-08,6.23,7.0,6.14,7.0,3068988.68
2014-12-09,7.29,7.7,6.75,6.92,4585991.65
2014-12-10,6.87,7.41,6.74,7.4,2863542.69
2014-12-11,7.4,7.48,7.05,7.2,2135535.93
2014-12-12,7.18,7.19,6.91,7.02,1544152.13
2014-12-15,6.97,7.41,6.76,7.28,1759695.02
2014-12-16,7.3,7.41,7.16,7.25,1592127.7
2014-12-17,7.25,7.25,6.94,7.09,1361190.16
2014-12-18,7.1,7.48,7.1,7.34,2370225.38
2014-12-19,7.31,8.07,7.19,8.07,4110189.15
2014-12-22,8.4,8.73,7.77,8.16,4655585.09
2014-12-23,8.0,8.09,7.44,7.67,1792587.31
2014-12-24,7.72,7.83,7.36,7.5,1470395.07
2014-12-25,7.81,8.25,7.68,8.25,1903741.53
2014-12-26,8.64,8.86,8.34,8.44,4737250.7
2014-12-29,8.28,8.85,8.04,8.61,3259636.19
2014-12-30,8.54,8.6,8.26,8.4,1707286.92
2014-12-31,8.41,8.72,8.26,8.41,1781832.3
2015-01-05,8.38,8.52,8.2,8.45,2307796.87
2015-01-06,8.38,8.38,8.1,8.21,1924369.85
2015-01-07,8.2,8.39,8.15,8.3,1729773.64
2015-01-08,8.3,8.3,7.88,7.9,1568546.59
2015-01-09,7.85,8.07,7.67,7.76,1818638.82
2015-01-12,7.64,7.67,7.39,7.48,1283745.25
2015-01-13,7.41,7.54,7.38,7.49,865742.08
2015-01-14,7.49,7.52,7.28,7.34,741108.28
2015-01-15,7.34,7.62,7.26,7.61,1240901.71
2015-01-16,7.61,7.7,7.5,7.58,1131758.47
2015-01-19,7.23,7.32,6.82,6.82,1689090.14
2015-01-20,6.74,6.97,6.74,6.88,1286773.51
2015-01-21,6.92,7.17,6.87,7.15,1520864.09
2015-01-22,7.16,7.35,7.08,7.3,1466636.76
2015-01-23,7.3,7.32,7.09,7.14,1149802.98
2015-01-26,7.14,7.26,7.08,7.24,920992.06
2015-01-27,7.25,7.41,7.18,7.35,1505637.04
2015-01-28,7.32,7.32,7.18,7.21,962098.08
2015-01-29,7.13,7.13,6.91,7.02,1072520.16
2015-01-30,6.99,7.08,6.81,6.86,974725.62
2015-02-02,6.74,6.79,6.62,6.63,898296.07
2015-02-03,6.65,6.8,6.61,6.79,864314.53
2015-02-04,6.79,6.81,6.69,6.7,725704.76
2015-02-05,6.82,6.92,6.65,6.65,1326271.95
2015-02-06,6.61,6.71,6.49,6.61,947872.87
2015-02-09,6.57,6.7,6.53,6.64,505096.65
2015-02-10,6.65,6.88,6.64,6.84,1101563.86
2015-02-11,6.84,6.91,6.79,6.83,510262.02
2015-02-12,6.85,6.91,6.71,6.87,775782.43
2015-02-13,6.9,6.98,6.86,6.88,1220004.45
2015-02-16,6.88,6.93,6.86,6.89,712992.32
2015-02-17,6.91,6.92,6.87,6.91,635312.91
2015-02-25,6.92,6.92,6.76,6.82,641721.87
2015-02-26,6.81,7.28,6.77,7.27,2170660.03
2015-02-27,7.27,7.27,7.12,7.18,1281891.97
2015-03-02,7.23,7.4,7.09,7.26,1434644.77
2015-03-03,7.23,7.23,7.06,7.07,1106427.27
2015-03-04,7.06,7.12,6.96,7.07,903309.23
2015-03-05,7.04,7.06,6.92,6.99,812309.14
2015-03-06,6.99,7.07,6.96,7.03,604472.24
2015-03-09,7.02,7.16,6.87,7.15,1015385.82
2015-03-10,7.15,7.18,7.07,7.08,709535.42
2015-03-11,7.09,7.16,7.03,7.06,688786.24
2015-03-12,7.07,7.15,7.01,7.08,747747.82
2015-03-13,7.11,7.26,7.08,7.19,1149447.51
2015-03-16,7.23,7.31,7.19,7.3,1354638.98
2015-03-17,7.34,7.71,7.34,7.57,2780127.33
2015-03-18,7.59,7.71,7.58,7.67,2096969.58
2015-03-19,7.68,7.99,7.58,7.83,2682170.1
2015-03-20,7.84,7.87,7.66,7.75,1756719.74
2015-03-23,7.78,7.94,7.77,7.87,1919283.92
2015-03-24,7.87,7.88,7.51,7.72,2225885.17
2015-03-25,7.72,7.81,7.59,7.72,1645666.33
2015-03-26,7.72,8.14,7.72,8.04,3245153.11
2015-03-27,8.04,8.1,7.88,7.95,1728708.86
2015-03-30,8.03,8.74,8.02,8.74,3157186.02
2015-03-31,9.32,9.32,8.51,8.53,5521731.62
2015-04-01,8.52,8.74,8.43,8.63,2739722.5
2015-04-02,8.63,8.63,8.43,8.55,2099558.55
2015-04-03,8.51,8.58,8.43,8.52,1903580.03
2015-04-07,8.66,9.06,8.65,8.78,3135322.63
2015-04-08,8.79,8.96,8.63,8.81,2746006.1
2015-04-09,8.8,8.8,8.31,8.47,2434875.92
2015-04-10,8.42,8.56,8.34,8.53,1589693.25
2015-04-13,8.56,8.95,8.47,8.88,3317981.95
2015-04-14,8.86,9.26,8.74,8.99,3787702.83
2015-04-15,8.91,8.93,8.59,8.65,2319867.33
2015-04-16,8.48,9.06,8.38,8.9,2609172.59
2015-04-17,8.98,9.8,8.97,9.59,6798929.65
2015-04-20,9.43,10.39,9.16,9.81,7069655.99
2015-04-21,9.65,9.86,9.32,9.73,3463341.12
2015-04-22,9.68,10.18,9.59,9.82,3770739.41
2015-04-23,9.82,9.98,9.53,9.73,3137412.11
2015-04-24,9.55,9.65,9.27,9.47,2658086.83
2015-04-27,9.56,9.76,9.45,9.68,3179041.67
2015-04-28,9.43,9.52,8.85,8.98,4716451.23
2015-04-29,8.93,8.93,8.58,8.8,3195087.91
2015-04-30,8.78,8.92,8.73,8.74,2497718.0
2015-05-04,8.74,9.1,8.7,9.04,2449317.99
2015-05-05,9.04,9.04,8.42,8.52,2291606.57
2015-05-06,8.52,8.66,8.16,8.27,1987073.67
2015-05-07,8.17,8.33,8.01,8.03,1655740.42
2015-05-08,8.13,8.36,8.04,8.34,1676355.17
2015-05-11,8.47,8.65,8.34,8.6,1913712.85
2015-05-12,8.58,8.67,8.47,8.58,1778732.17
2015-05-13,8.58,8.8,8.47,8.55,1966599.84
2015-05-14,8.55,8.55,8.31,8.41,1622239.6
2015-05-15,8.41,8.72,8.26,8.54,2155143.7
2015-05-18,8.55,8.71,8.45,8.56,1750116.95
2015-05-19,8.74,9.18,8.68,9.05,3636791.55
2015-05-20,9.04,9.2,8.91,8.96,3418344.67
2015-05-21,9.01,9.86,8.83,9.86,3463343.49
2015-05-22,10.61,10.7,9.95,10.18,8636372.75
2015-05-26,11.05,11.05,10.54,10.82,6576827.67
2015-05-27,10.78,11.02,10.28,10.81,5467533.11
2015-05-28,10.7,11.84,10.53,10.88,6714862.58
2015-05-29,10.89,11.33,9.95,10.97,5523926.5
2015-06-01,11.38,11.62,11.04,11.43,5170014.36
2015-06-02,11.26,11.29,10.87,11.21,5194125.45
2015-06-03,11.2,11.2,10.61,10.9,3970079.52
2015-06-04,10.76,10.78,9.92,10.54,3318111.03
2015-06-05,10.63,10.86,10.34,10.66,3367100.83
2015-06-08,10.72,10.94,10.41,10.87,3998507.69
2015-06-09,10.97,11.32,10.81,10.98,3906032.63
2015-06-10,10.85,10.93,10.61,10.77,2414937.8
2015-06-11,10.82,11.13,10.62,11.02,2955618.17
2015-06-12,11.08,12.12,10.96,11.83,6966877.35
2015-06-15,11.76,11.76,11.16,11.24,4839042.14
2015-06-16,11.07,11.07,10.22,10.45,2983535.2
2015-06-17,10.39,10.7,9.99,10.64,2331105.21
2015-06-18,10.55,10.82,10.17,10.2,1843828.9
2015-06-19,10.0,10.13,9.23,9.26,2029816.38
2015-06-23,9.26,9.49,8.55,9.45,1984987.33
2015-06-24,9.58,9.81,9.38,9.67,2195484.49
2015-06-25,9.72,10.0,9.29,9.42,2236624.65
2015-06-26,9.12,9.2,8.48,8.48,2178288.21
2015-06-29,8.71,8.79,7.64,7.67,2864193.98
2015-06-30,7.7,8.25,6.94,8.19,2776323.14
2015-07-01,8.12,8.32,7.44,7.48,2297814.65
2015-07-02,7.51,7.64,6.77,6.82,2234676.56
2015-07-03,6.77,7.0,6.13,6.15,2546792.25
2015-07-06,6.77,6.77,5.67,6.22,2786043.74
2015-07-07,6.0,6.17,5.6,5.67,3207831.18
2015-07-08,5.1,5.28,5.1,5.1,2384762.84
2015-07-09,5.1,5.61,4.86,5.61,3026540.03
2015-07-10,5.88,6.17,5.69,6.17,1916446.94
2015-07-13,6.31,6.78,6.25,6.78,3391998.95
2015-07-14,6.87,7.32,6.6,6.76,4094296.26
2015-07-15,6.51,6.66,6.08,6.08,2494613.15
2015-07-16,6.08,6.53,5.75,6.3,2116472.69
2015-07-17,6.35,6.85,6.31,6.77,2228396.71
2015-07-20,6.76,6.97,6.61,6.82,2482411.05
2015-07-21,6.68,6.93,6.6,6.82,1752203.49
2015-07-22,6.81,7.01,6.74,6.93,2257794.38
2015-07-23,6.97,7.16,6.83,7.1,2426551.23
2015-07-24,7.1,7.27,6.75,6.85,2680094.55
2015-07-27,6.6,6.77,6.17,6.17,2153955.29
2015-07-28,5.86,6.26,5.59,6.06,2161315.74
2015-07-29,6.26,6.64,6.11,6.61,1709928.55
2015-07-30,6.6,6.76,6.25,6.38,1656859.25
2015-07-31,6.25,6.49,6.24,6.44,1198215.99
2015-08-03,6.33,6.83,6.3,6.82,1685029.06
2015-08-04,6.77,7.1,6.77,7.06,2048887.94
2015-08-05,6.99,7.76,6.94,7.28,3214728.91
2015-08-06,7.0,7.27,6.93,7.0,1595034.39
2015-08-07,7.04,7.34,7.03,7.12,1398693.93
2015-08-10,7.2,7.59,7.13,7.45,2184997.87
2015-08-11,7.5,7.85,7.43,7.51,2807990.18
2015-08-12,7.32,7.43,7.19,7.21,1859239.18
2015-08-13,7.15,7.41,7.11,7.38,1427018.55
2015-08-14,7.37,7.41,7.21,7.25,1327877.62
2015-08-17,7.25,7.29,7.09,7.26,1103933.46
2015-08-18,7.28,7.38,6.54,6.54,2117652.91
2015-08-19,6.33,6.75,6.05,6.71,1412831.23
2015-08-20,6.6,6.71,6.37,6.43,849793.63
2015-08-21,6.22,6.38,6.01,6.06,1108435.13
2015-08-24,5.78,5.92,5.45,5.45,1478778.32
2015-08-25,5.07,5.26,4.91,4.91,1305790.82
2015-08-26,5.03,5.24,4.83,4.99,1467543.49
2015-08-27,5.06,5.34,4.97,5.33,1184600.0
2015-08-28,5.45,5.77,5.37,5.75,1406193.92
2015-08-31,5.63,5.84,5.39,5.84,1336242.21
2015-09-01,5.66,5.91,5.39,5.82,1575278.46
2015-09-02,5.56,5.84,5.36,5.38,776529.68
2015-09-07,5.42,5.67,5.39,5.42,610276.84
2015-09-08,5.42,5.61,5.29,5.56,578734.9
2015-09-09,5.62,5.73,5.55,5.73,1013808.7
2015-09-10,5.65,5.68,5.54,5.57,626984.21
2015-09-11,5.56,5.63,5.54,5.56,195001.43
2015-09-14,6.12,6.12,5.97,6.12,2909348.05
2015-09-15,5.93,6.34,5.51,5.62,2485997.74
2015-09-16,5.54,6.16,5.33,6.07,2011083.71
2015-09-17,5.92,6.3,5.79,5.83,2199798.17
2015-09-18,5.84,5.93,5.67,5.8,1069259.54
2015-09-21,5.71,6.07,5.64,5.95,1174750.73
2015-09-22,5.95,5.99,5.84,5.88,1030258.32
2015-09-23,5.78,5.81,5.63,5.67,831694.24
2015-09-24,5.71,5.8,5.67,5.73,507864.32
2015-09-25,5.71,5.71,5.39,5.45,792791.79
2015-09-28,5.47,5.53,5.38,5.47,354744.57
2015-09-29,5.4,5.43,5.31,5.34,432941.22
2015-09-30,5.41,5.45,5.34,5.38,320008.32
2015-10-08,5.56,5.62,5.51,5.56,629208.42
2015-10-09,5.56,5.73,5.53,5.67,715755.06
2015-10-12,5.71,5.96,5.66,5.92,1307833.71
2015-10-13,5.84,5.89,5.79,5.86,778439.16
2015-10-14,5.82,5.89,5.71,5.72,708228.57
2015-10-15,5.7,5.89,5.68,5.86,803287.42
2015-10-16,5.88,6.0,5.86,5.98,1470925.19
2015-10-19,6.05,6.06,5.84,5.9,1176347.22
2015-10-20,5.88,6.04,5.87,6.02,1255724.62
2015-10-21,6.02,6.18,5.65,5.72,1784232.76
2015-10-22,5.67,5.81,5.6,5.79,1136870.77
2015-10-23,5.82,5.88,5.72,5.85,1032392.26
2015-10-26,5.93,6.04,5.84,5.95,1404880.46
2015-10-27,5.89,5.92,5.67,5.88,1034490.73
2015-10-28,5.83,5.92,5.75,5.76,798080.23
2015-10-29,5.79,5.84,5.72,5.76,570304.31
2015-10-30,5.76,5.79,5.64,5.67,596023.96
2015-11-02,5.6,5.73,5.58,5.59,527653.28
2015-11-03,5.61,5.64,5.54,5.57,397993.8
2015-11-04,5.59,5.82,5.58,5.8,884696.3
2015-11-05,5.89,6.13,5.84,5.99,2355031.14
2015-11-06,6.1,6.15,5.99,6.04,1714297.0
2015-11-09,6.0,6.13,5.97,6.08,1741867.17
2015-11-10,6.05,6.08,5.97,6.06,1272465.19
2015-11-11,6.06,6.17,6.03,6.11,1427730.15
2015-11-12,6.1,6.11,5.97,5.99,1209350.36
2015-11-13,5.95,6.0,5.88,5.88,868833.63
2015-11-16,5.79,5.95,5.76,5.95,600394.19
2015-11-17,5.98,6.08,5.94,5.95,1096622.5
2015-11-18,5.93,6.03,5.89,5.89,723211.72
2015-11-19,5.9,5.98,5.89,5.97,524523.36
2015-11-20,5.97,6.08,5.94,6.02,1132270.53
2015-11-23,6.0,6.04,5.9,5.94,797362.12
2015-11-24,5.92,5.95,5.84,5.89,479223.52
2015-11-25,5.88,5.94,5.86,5.9,542081.05
2015-11-26,5.9,5.94,5.85,5.86,699724.32
2015-11-27,5.85,5.86,5.35,5.43,1171895.22
2015-11-30,5.42,5.53,5.25,5.43,688267.16
2015-12-01,5.45,5.53,5.36,5.45,492512.73
2015-12-02,5.45,5.99,5.43,5.82,1385495.76
2015-12-03,5.71,5.81,5.68,5.76,728760.98
2015-12-04,5.71,5.73,5.58,5.62,589964.74
2015-12-07,5.63,5.7,5.6,5.65,349634.98
2015-12-08,5.63,5.63,5.5,5.51,362737.17
2015-12-09,5.47,5.54,5.45,5.49,269548.21
2015-12-10,5.5,5.51,5.4,5.42,284085.5
2015-12-11,5.4,5.46,5.38,5.42,261977.74
2015-12-14,5.39,5.56,5.35,5.55,377509.42
2015-12-15,5.56,5.57,5.47,5.51,385742.88
2015-12-16,5.52,5.54,5.46,5.48,301500.44
2015-12-17,5.49,5.58,5.49,5.56,549063.51
2015-12-18,5.56,5.61,5.52,5.55,402327.37
2015-12-21,5.55,5.65,5.52,5.64,573219.73
2015-12-22,5.66,5.7,5.59,5.63,464590.7
2015-12-23,5.63,5.73,5.6,5.63,699155.97
2015-12-24,5.62,5.64,5.47,5.55,533585.76
2015-12-25,5.53,5.62,5.52,5.59,344483.45
2015-12-28,5.58,5.6,5.44,5.45,464820.54
2015-12-29,5.45,5.49,5.41,5.48,255827.17
2015-12-30,5.64,5.68,5.56,5.64,942916.15
2015-12-31,5.63,5.64,5.55,5.56,478369.09
2016-01-04,5.45,5.49,5.06,5.07,617134.91
2016-01-05,5.03,5.19,4.9,5.1,686224.3
2016-01-06,5.12,5.3,5.08,5.29,546352.45
2016-01-07,5.21,5.23,4.87,4.9,158925.0
2016-01-08,4.98,5.17,4.86,5.07,694599.08
2016-01-11,5.01,5.17,4.92,4.93,535135.45
2016-01-12,4.94,5.03,4.84,4.98,484486.85
2016-01-13,4.98,5.02,4.86,4.87,362516.25
2016-01-14,4.8,4.92,4.65,4.91,468929.81
2016-01-15,4.9,4.9,4.64,4.67,479450.08
2016-01-18,4.52,4.7,4.52,4.63,459246.58
2016-01-19,4.64,4.82,4.61,4.77,401919.31
2016-01-20,4.74,4.76,4.63,4.67,342835.65
2016-01-21,4.6,4.72,4.55,4.56,292987.9
2016-01-22,4.63,4.63,4.52,4.58,250891.22
2016-01-25,4.62,4.65,4.58,4.6,203601.28
2016-01-26,4.63,4.63,4.19,4.24,489132.36
2016-01-27,4.28,4.3,4.02,4.17,441187.53
2016-01-28,4.14,4.25,3.96,3.97,400719.99
2016-01-29,3.96,4.09,3.93,4.07,423616.88
2016-02-01,4.05,4.05,3.85,3.92,367827.98
2016-02-02,3.92,4.04,3.92,4.0,264325.08
2016-02-03,3.97,4.02,3.91,4.01,267718.26
2016-02-04,4.01,4.08,3.99,4.05,324021.95
2016-02-05,4.04,4.06,4.02,4.03,215225.8
2016-02-15,3.9,3.98,3.89,3.97,265158.91
2016-02-16,3.99,4.13,3.97,4.11,373231.87
2016-02-17,4.12,4.19,4.1,4.15,357261.52
2016-02-18,4.57,4.57,4.57,4.57,328831.54
2016-02-19,4.61,4.69,4.52,4.59,1140517.78
2016-02-22,4.65,4.69,4.54,4.62,767970.9
2016-02-23,4.63,4.64,4.49,4.54,461388.82
2016-02-24,4.52,4.57,4.47,4.54,346867.47
2016-02-25,4.55,4.55,4.1,4.16,532120.11
2016-02-26,4.19,4.25,4.14,4.21,381486.41
2016-02-29,4.21,4.22,3.97,4.14,408439.22
2016-03-01,4.14,4.25,4.11,4.23,306211.57
2016-03-02,4.21,4.56,4.19,4.48,764906.6
2016-03-03,4.47,4.66,4.44,4.55,806239.26
2016-03-04,4.52,4.93,4.48,4.68,1345909.94
2016-03-07,4.73,4.86,4.64,4.69,667141.23
2016-03-08,4.71,4.71,4.48,4.63,662946.0
2016-03-09,4.52,4.58,4.44,4.57,374514.77
2016-03-10,4.58,4.63,4.49,4.5,265849.65
2016-03-11,4.47,4.49,4.41,4.47,223842.0
2016-03-14,4.51,4.73,4.5,4.61,544325.75
2016-03-15,4.61,4.64,4.54,4.58,317277.8
2016-03-16,4.58,4.63,4.56,4.62,444407.55
2016-03-17,4.62,4.67,4.58,4.66,396641.66
2016-03-18,4.66,4.74,4.63,4.7,840045.77
2016-03-21,4.76,4.96,4.74,4.87,1315362.84
2016-03-22,4.82,4.88,4.78,4.8,571513.02
2016-03-23,4.8,4.98,4.78,4.9,780773.93
2016-03-24,4.89,4.89,4.75,4.77,448176.16
2016-03-25,4.74,4.81,4.74,4.8,266614.19
2016-03-28,4.82,4.86,4.74,4.78,288419.16
2016-03-29,4.76,4.79,4.67,4.69,217571.29
2016-03-30,4.72,4.82,4.71,4.8,324123.57
2016-03-31,4.84,4.86,4.77,4.81,313306.14
2016-04-01,4.75,4.8,4.68,4.78,326977.85
2016-04-05,4.79,4.85,4.76,4.82,538699.9
2016-04-06,4.8,4.83,4.75,4.79,350648.93
2016-04-07,4.8,4.82,4.72,4.73,259658.74
2016-04-08,4.7,4.7,4.57,4.63,304039.48
2016-04-11,4.78,5.03,4.74,4.89,1199166.2
2016-04-12,4.88,4.94,4.79,4.84,436251.58
2016-04-13,4.9,5.07,4.9,4.96,952466.53
2016-04-14,4.99,5.1,4.98,5.03,711602.42
2016-04-15,5.0,5.18,5.0,5.14,869061.85
2016-04-18,5.09,5.1,4.9,4.94,572706.43
2016-04-19,4.97,5.01,4.86,4.93,273243.08
2016-04-20,4.93,4.96,4.63,4.8,736380.98
2016-04-21,4.78,4.8,4.7,4.71,281286.11
2016-04-22,4.71,4.76,4.64,4.68,344123.88
2016-04-25,4.68,4.68,4.58,4.63,235683.09
2016-04-26,4.63,4.69,4.61,4.68,173661.78
2016-04-27,4.69,4.69,4.59,4.62,188381.53
2016-04-28,4.62,4.63,4.52,4.58,223406.08
2016-04-29,4.58,4.6,4.53,4.57,196158.67
2016-05-03,4.58,4.68,4.56,4.68,314958.5
2016-05-04,4.65,4.69,4.63,4.67,216307.99
2016-05-05,4.66,4.67,4.61,4.67,209985.62
2016-05-06,4.65,4.69,4.52,4.52,287463.01
2016-05-09,4.48,4.49,4.21,4.25,604882.68
2016-05-10,4.25,4.29,4.2,4.24,413035.89
2016-05-11,4.25,4.27,4.19,4.23,205884.63
2016-05-12,4.21,4.24,4.11,4.24,203753.07
2016-05-13,4.23,4.3,4.2,4.24,165233.9
2016-05-16,4.23,4.25,4.15,4.25,273317.05
2016-05-17,4.26,4.26,4.2,4.24,178590.09
2016-05-18,4.21,4.21,4.12,4.17,262981.28
2016-05-19,4.16,4.2,4.15,4.15,147393.57
2016-05-20,4.13,4.19,4.09,4.19,129733.81
2016-05-23,4.2,4.22,4.19,4.21,139796.18
2016-05-24,4.2,4.21,4.14,4.15,157352.41
2016-05-25,4.17,4.19,4.14,4.15,123247.86
2016-05-26,4.15,4.19,4.1,4.18,138680.71
2016-05-27,4.18,4.19,4.14,4.16,99401.29
2016-05-30,4.17,4.18,4.13,4.16,101679.23
2016-05-31,4.15,4.31,4.14,4.3,360342.69
2016-06-01,4.3,4.34,4.28,4.29,243607.2
2016-06-02,4.28,4.3,4.25,4.27,233562.71
2016-06-03,4.27,4.3,4.25,4.29,281837.08
2016-06-06,4.29,4.31,4.25,4.29,191567.34
2016-06-07,4.28,4.29,4.24,4.26,127552.98
2016-06-08,4.26,4.26,4.21,4.25,167734.2
2016-06-13,4.21,4.21,4.12,4.13,236368.48
2016-06-14,4.13,4.19,4.13,4.18,188871.01
2016-06-15,4.14,4.24,4.13,4.23,205046.12
2016-06-16,4.23,4.26,4.19,4.21,169557.58
2016-06-17,4.2,4.25,4.2,4.25,193049.21
2016-06-20,4.24,4.25,4.19,4.22,136091.12
2016-06-21,4.23,4.25,4.19,4.2,237857.92
2016-06-22,4.19,4.22,4.19,4.22,118198.38
2016-06-23,4.21,4.22,4.14,4.19,316448.92
2016-06-24,4.19,4.21,4.12,4.14,249787.46
2016-06-27,4.13,4.19,4.12,4.19,187621.96
2016-06-28,4.18,4.2,4.14,4.19,179230.21
2016-06-29,4.19,4.31,4.19,4.26,348847.78
2016-06-30,4.26,4.27,4.23,4.25,173099.65
2016-07-01,4.25,4.27,4.24,4.26,152493.2
2016-07-04,4.25,4.35,4.25,4.34,397315.35
2016-07-05,4.34,4.63,4.32,4.47,672011.11
2016-07-06,4.44,4.44,4.36,4.42,372508.93
2016-07-07,4.41,4.42,4.37,4.41,257089.33
2016-07-08,4.41,4.41,4.36,4.4,198979.15
2016-07-11,4.4,4.45,4.39,4.41,441545.81
2016-07-12,4.41,4.54,4.37,4.52,521484.35
2016-07-13,4.52,4.58,4.48,4.5,422578.6
2016-07-14,4.49,4.49,4.46,4.48,206726.67
2016-07-15,4.5,4.52,4.46,4.48,214645.91
2016-07-18,4.47,4.47,4.41,4.44,202493.2
2016-07-19,4.43,4.44,4.39,4.43,209964.37
2016-07-20,4.42,4.45,4.41,4.43,195445.7
2016-07-21,4.43,4.47,4.41,4.46,182699.31
2016-07-22,4.46,4.51,4.43,4.46,261170.86
2016-07-25,4.44,4.52,4.42,4.52,315365.95
2016-07-26,4.51,4.55,4.5,4.52,254613.54
2016-07-27,4.55,4.61,4.34,4.41,478569.57
2016-07-28,4.4,4.47,4.36,4.44,267513.05
2016-07-29,4.43,4.45,4.4,4.41,78813.06
2016-08-01,4.46,4.58,4.43,4.45,401700.82
2016-08-02,4.47,4.52,4.44,4.49,227880.42
2016-08-03,4.47,4.49,4.45,4.47,165421.37
2016-08-04,4.47,4.48,4.45,4.47,153046.39
2016-08-05,4.47,4.5,4.45,4.48,183717.73
2016-08-08,4.47,4.53,4.43,4.53,252596.01
2016-08-09,4.52,4.58,4.49,4.55,303606.09
2016-08-10,4.55,4.57,4.53,4.54,173816.86
2016-08-11,4.53,4.56,4.48,4.48,180870.17
2016-08-12,4.48,4.54,4.47,4.54,177524.26
2016-08-15,4.54,4.66,4.52,4.63,502251.08
2016-08-16,4.65,4.74,4.63,4.69,575656.07
2016-08-17,4.67,4.69,4.63,4.65,263858.17
2016-08-18,4.65,4.69,4.62,4.67,236293.22
2016-08-19,4.66,4.73,4.63,4.72,328697.75
2016-08-22,4.73,4.76,4.63,4.64,273379.32
2016-08-23,4.63,4.69,4.61,4.63,187134.95
2016-08-24,4.62,4.63,4.56,4.58,209243.18
2016-08-25,4.56,4.57,4.46,4.51,211788.53
2016-08-26,4.5,4.55,4.5,4.52,127727.81
2016-08-29,4.52,4.57,4.49,4.53,130456.39
2016-08-30,4.53,4.54,4.48,4.51,128296.33
2016-08-31,4.51,4.51,4.46,4.48,168085.96
2016-09-01,4.49,4.49,4.42,4.43,244043.42
2016-09-02,4.43,4.47,4.42,4.46,160721.51
2016-09-05,4.46,4.52,4.46,4.5,218904.7
2016-09-06,4.49,4.63,4.49,4.62,478496.2
2016-09-07,4.62,4.85,4.58,4.74,949042.06
2016-09-08,4.74,4.74,4.67,4.71,317548.09
2016-09-09,4.73,4.82,4.69,4.7,366096.38
2016-09-12,4.65,4.69,4.59,4.69,402702.94
2016-09-13,4.69,4.72,4.63,4.66,224687.54
2016-09-14,4.64,4.69,4.62,4.67,154220.88
2016-09-19,4.67,4.8,4.66,4.77,370285.49
2016-09-20,4.78,4.79,4.72,4.78,212164.87
2016-09-21,4.77,4.81,4.74,4.74,199197.82
2016-09-22,4.75,4.79,4.73,4.74,182824.09
2016-09-23,4.74,4.79,4.74,4.74,163134.77
2016-09-26,4.73,4.79,4.61,4.62,289662.9
2016-09-27,4.62,4.64,4.55,4.62,208490.73
2016-09-28,4.63,4.64,4.58,4.58,97500.28
2016-09-29,4.58,4.63,4.58,4.6,118098.92
2016-09-30,4.58,4.64,4.58,4.63,112600.66
2016-10-10,4.64,4.72,4.62,4.68,221072.19
2016-10-11,4.68,4.79,4.68,4.74,220407.74
2016-10-12,4.74,4.74,4.69,4.7,117962.85
2016-10-13,4.69,4.87,4.69,4.83,709570.15
2016-10-14,4.82,4.83,4.76,4.8,236620.6
2016-10-17,4.79,4.81,4.7,4.71,231024.0
2016-10-18,4.71,4.83,4.7,4.81,224448.12
2016-10-19,4.82,4.85,4.78,4.8,224907.86
2016-10-20,4.8,4.84,4.75,4.8,171315.87
2016-10-21,4.8,5.17,4.78,4.97,1057119.73
2016-10-24,4.97,5.09,4.93,5.02,783002.57
2016-10-25,5.02,5.07,4.9,4.96,442602.51
2016-10-26,4.95,5.01,4.91,4.96,272452.73
2016-10-27,4.96,5.02,4.92,5.0,319862.25
2016-10-28,4.98,5.13,4.97,5.07,551426.15
2016-10-31,5.07,5.07,4.96,4.98,303629.23
2016-11-01,4.99,5.04,4.96,5.0,196516.53
2016-11-02,4.99,5.07,4.97,4.98,318228.56
2016-11-03,4.95,5.04,4.92,4.98,279919.61
2016-11-04,4.96,5.13,4.96,5.04,492878.36
2016-11-07,5.04,5.05,4.98,5.0,229204.89
2016-11-08,5.04,5.17,4.98,5.16,615000.95
2016-11-09,5.13,5.26,5.1,5.17,799388.92
2016-11-10,5.42,5.5,5.3,5.33,970264.37
2016-11-11,5.39,5.63,5.34,5.52,1219833.2
2016-11-14,5.5,5.91,5.46,5.84,1459883.78
2016-11-15,5.8,5.93,5.66,5.72,899555.95
2016-11-16,5.71,5.75,5.61,5.69,542119.1
2016-11-17,5.68,5.88,5.59,5.8,597479.49
2016-11-18,5.78,5.81,5.66,5.69,492205.66
2016-11-21,5.69,5.8,5.63,5.67,390675.25
2016-11-22,5.67,5.74,5.61,5.71,404688.2
2016-11-23,5.68,5.73,5.56,5.61,405023.18
2016-11-24,5.59,5.64,5.52,5.55,367900.98
2016-11-25,5.57,5.64,5.54,5.6,418411.41
2016-11-28,5.61,5.77,5.61,5.73,588319.09
2016-11-29,5.74,5.8,5.6,5.74,620447.46
2016-11-30,5.7,5.7,5.5,5.51,627198.1
2016-12-01,5.51,5.58,5.41,5.47,492273.65
2016-12-02,5.46,5.5,5.4,5.42,377986.2
2016-12-05,5.38,5.4,5.25,5.28,417908.84
2016-12-06,5.26,5.36,5.25,5.3,368967.26
2016-12-07,5.3,5.45,5.22,5.44,396658.96
2016-12-08,5.51,5.7,5.49,5.64,876843.14
2016-12-09,5.64,5.72,5.57,5.61,357983.93
2016-12-12,5.63,5.66,5.26,5.41,470208.79
2016-12-13,5.34,5.49,5.32,5.46,244771.92
2016-12-14,5.46,5.56,5.42,5.48,257027.07
2016-12-15,5.46,5.59,5.45,5.5,372489.18
2016-12-16,5.47,5.48,5.35,5.41,311220.33
2016-12-19,5.4,5.4,5.26,5.28,262863.22
2016-12-20,5.27,5.31,5.21,5.27,159266.76
2016-12-21,5.25,5.35,5.24,5.34,208785.06
2016-12-22,5.3,5.35,5.28,5.3,140956.56
2016-12-23,5.3,5.33,5.18,5.19,192056.2
2016-12-26,5.17,5.27,5.07,5.26,230491.79
2016-12-27,5.27,5.29,5.18,5.24,173418.24
2016-12-28,5.23,5.24,5.13,5.15,227230.02
2016-12-29,5.1,5.25,5.1,5.15,163358.84
2016-12-30,5.15,5.22,5.13,5.17,191344.43
2017-01-03,5.17,5.3,5.16,5.29,183695.38
2017-01-04,5.28,5.34,5.26,5.34,195717.54
2017-01-05,5.34,5.7,5.33,5.58,756464.37
2017-01-06,5.57,5.64,5.5,5.52,244382.79
2017-01-09,5.52,5.78,5.5,5.71,548970.31
2017-01-10,5.68,5.72,5.6,5.63,217155.2
2017-01-11,5.6,5.63,5.49,5.49,232984.43
2017-01-12,5.48,5.56,5.43,5.45,138403.13
2017-01-13,5.45,5.55,5.38,5.51,216855.14
2017-01-16,5.49,5.63,5.34,5.51,690544.21
2017-01-17,5.53,5.67,5.5,5.65,380249.32
2017-01-18,5.64,5.7,5.59,5.64,221775.21
2017-01-19,5.62,5.68,5.56,5.58,158338.46
2017-01-20,5.57,5.63,5.49,5.63,163070.83
2017-01-23,5.63,5.85,5.63,5.72,444300.34
2017-01-24,5.72,5.8,5.68,5.76,345985.74
2017-01-25,5.74,5.88,5.71,5.74,307500.21
2017-01-26,5.74,5.84,5.7,5.83,260977.09
2017-02-03,5.83,5.89,5.75,5.83,269952.26
2017-02-06,5.82,5.93,5.79,5.9,306817.58
2017-02-07,5.89,6.08,5.88,6.07,753220.55
2017-02-08,6.09,6.1,5.93,6.05,584639.84
2017-02-09,6.02,6.16,6.0,6.13,706873.49
2017-02-10,6.14,6.44,6.09,6.24,1092008.63
2017-02-13,6.22,6.29,6.15,6.26,699263.19
2017-02-14,6.29,6.37,6.23,6.33,566330.55
2017-02-15,6.31,6.31,6.08,6.13,808705.21
2017-02-16,6.14,6.31,6.14,6.18,516589.09
2017-02-17,6.18,6.28,6.15,6.18,497704.44
2017-02-20,6.15,6.3,6.14,6.18,755463.23
2017-02-21,6.21,6.29,6.11,6.2,706132.12
2017-02-22,6.23,6.37,6.14,6.3,907689.41
2017-02-23,6.33,6.39,6.27,6.35,667183.86
2017-02-24,6.33,6.35,6.21,6.28,454035.59
2017-02-27,6.28,6.3,6.15,6.16,495375.46
2017-02-28,6.19,6.21,6.14,6.18,273585.0
2017-03-01,6.18,6.21,6.12,6.2,487912.27
2017-03-02,6.18,6.25,6.06,6.16,575807.64
2017-03-03,6.11,6.12,6.0,6.02,447592.3
2017-03-06,6.05,6.18,6.05,6.18,614014.81
2017-03-07,6.18,6.27,6.14,6.25,489058.79
2017-03-08,6.29,6.4,6.25,6.27,683041.21
2017-03-09,6.27,6.34,6.18,6.24,316824.77
2017-03-10,6.27,6.45,6.27,6.35,645642.09
2017-03-13,6.42,6.57,6.38,6.49,877449.32
2017-03-14,6.46,6.64,6.45,6.5,677870.1
2017-03-15,6.52,6.52,6.41,6.44,349381.6
2017-03-16,6.44,6.5,6.27,6.34,858992.08
2017-03-17,6.34,6.38,6.27,6.34,478994.51
2017-03-20,6.33,6.34,6.23,6.29,436722.03
2017-03-21,6.26,6.35,6.25,6.31,377069.71
2017-03-22,6.28,6.46,6.25,6.36,749377.47
2017-03-23,6.36,6.4,6.24,6.34,681311.45
2017-03-24,6.35,6.46,6.27,6.45,635036.4
2017-03-27,6.46,6.56,6.36,6.38,540572.79
2017-03-28,6.36,6.37,6.28,6.31,309884.8
2017-03-29,6.31,6.45,6.29,6.35,431289.49
2017-03-30,6.34,6.38,6.17,6.19,618965.72
2017-03-31,6.19,6.24,6.07,6.1,422593.67
2017-04-05,6.51,6.51,6.18,6.23,2637113.43
2017-04-06,6.22,6.29,6.11,6.21,896498.89
2017-04-07,6.2,6.24,6.11,6.14,614646.15
2017-04-10,6.15,6.21,6.12,6.15,444542.83
2017-04-11,6.18,6.27,6.11,6.22,904364.54
2017-04-12,6.17,6.17,5.98,6.01,864259.51
2017-04-13,5.98,6.03,5.96,5.99,308343.17
2017-04-14,5.98,6.04,5.84,5.85,474338.28
2017-04-17,5.85,5.85,5.69,5.77,554342.44
2017-04-18,5.83,5.88,5.74,5.77,415562.64
2017-04-19,5.76,5.8,5.63,5.74,403787.63
2017-04-20,5.74,5.8,5.68,5.79,326534.32
2017-04-21,5.81,5.87,5.81,5.85,334044.45
2017-04-24,5.89,5.89,5.68,5.68,323426.79
2017-04-25,5.68,5.8,5.68,5.77,287817.08
2017-04-26,5.76,5.93,5.76,5.91,465606.43
2017-04-27,5.91,5.97,5.81,5.96,373510.77
2017-04-28,5.98,6.02,5.85,5.96,519531.95
2017-05-02,5.93,6.02,5.89,5.95,369303.15
2017-05-03,5.95,6.08,5.95,6.08,560202.09
2017-05-04,6.02,6.15,6.02,6.07,591692.89
2017-05-05,6.04,6.07,5.86,5.92,638391.39
2017-05-08,5.88,5.88,5.68,5.83,534925.35
2017-05-09,5.8,5.83,5.74,5.78,265479.59
2017-05-10,5.79,5.82,5.59,5.61,301570.96
2017-05-11,5.59,5.71,5.45,5.59,500071.43
2017-05-12,5.59,5.68,5.59,5.65,321066.46
2017-05-15,5.74,5.78,5.65,5.68,269353.47
2017-05-16,5.66,5.73,5.52,5.72,390460.51
2017-05-17,5.73,5.77,5.7,5.71,360846.39
2017-05-18,5.66,5.77,5.62,5.7,243800.71
2017-05-19,5.68,5.75,5.63,5.68,222076.17
2017-05-22,5.68,5.79,5.64,5.68,232743.08
2017-05-23,5.65,5.68,5.55,5.68,409594.18
2017-05-24,5.64,5.68,5.57,5.67,188695.12
2017-05-25,5.67,5.83,5.64,5.8,400832.19
2017-05-26,5.77,5.92,5.77,5.85,338586.77
2017-05-31,5.89,6.02,5.84,5.85,323872.77
2017-06-01,5.8,5.94,5.8,5.91,275873.78
2017-06-02,5.9,5.9,5.77,5.87,271013.98
2017-06-05,5.89,5.93,5.81,5.83,252453.82
2017-06-06,5.82,5.85,5.77,5.8,182146.79
2017-06-07,5.8,5.91,5.78,5.91,272174.85
2017-06-08,5.92,5.92,5.86,5.9,207552.35
2017-06-09,5.86,6.21,5.86,6.18,1035056.92
2017-06-12,6.15,6.27,6.13,6.18,728973.82
2017-06-13,6.18,6.28,6.15,6.2,414513.87
2017-06-14,6.18,6.31,6.16,6.21,527288.57
2017-06-15,6.18,6.27,6.14,6.22,444028.67
2017-06-16,6.21,6.24,6.1,6.15,347277.18
2017-06-19,6.2,6.35,6.18,6.33,603391.8
2017-06-20,6.34,6.38,6.27,6.3,335394.59
2017-06-21,6.43,6.43,6.26,6.31,411833.1
2017-06-22,6.31,6.61,6.29,6.44,1039818.31
2017-06-23,6.42,6.57,6.41,6.56,719147.73
2017-06-26,6.59,7.18,6.57,7.02,1563380.76
2017-06-27,7.0,7.07,6.91,7.05,1004679.69
2017-06-28,7.06,7.07,6.85,6.9,873064.15
2017-06-29,6.94,6.99,6.86,6.92,656950.76
2017-06-30,6.9,6.91,6.78,6.89,645661.77
2017-07-03,6.9,6.91,6.74,6.84,584406.65
2017-07-04,6.81,6.96,6.79,6.86,683967.38
2017-07-05,6.87,6.95,6.8,6.95,596751.73
2017-07-06,6.94,6.94,6.69,6.75,847508.0
2017-07-07,6.71,6.8,6.69,6.77,577668.79
2017-07-10,6.76,7.06,6.7,7.03,1348082.11
2017-07-11,7.01,7.01,6.82,6.83,895681.06
2017-07-12,6.8,6.85,6.63,6.74,742084.98
2017-07-13,6.74,6.89,6.61,6.63,951861.11
2017-07-14,6.63,6.82,6.63,6.8,682516.57
2017-07-17,6.8,6.88,6.55,6.72,929598.71
2017-07-18,6.68,6.88,6.62,6.87,666985.49
2017-07-19,6.93,7.18,6.89,7.16,1758762.57
2017-07-20,7.17,7.3,7.05,7.09,1088532.59
2017-07-21,7.09,7.18,7.02,7.1,739810.91
2017-07-24,7.15,7.37,7.12,7.2,1220342.92
2017-07-25,7.19,7.27,7.13,7.19,732877.48
2017-07-26,7.24,7.37,7.15,7.2,914782.89
2017-07-27,7.18,7.22,6.96,7.03,1035162.82
2017-07-28,7.07,7.09,6.96,7.02,609770.94
2017-07-31,7.02,7.22,6.96,7.21,931249.81
2017-08-01,7.21,7.42,7.2,7.37,1324188.9
2017-08-02,7.37,7.38,7.21,7.23,746080.96
2017-08-03,7.29,7.41,7.21,7.32,692878.13
2017-08-04,7.33,7.67,7.29,7.51,1545961.67
2017-08-07,7.47,7.55,7.31,7.53,994612.28
2017-08-08,7.51,7.61,7.37,7.45,826770.94
2017-08-09,7.5,7.57,7.33,7.5,922369.8
2017-08-10,7.46,7.5,7.2,7.25,1121417.79
2017-08-11,7.17,7.17,6.79,6.83,1489150.88
2017-08-14,6.82,6.96,6.81,6.95,557946.92
2017-08-15,6.95,6.99,6.85,6.9,530906.51
2017-08-16,6.9,6.94,6.83,6.87,396751.93
2017-08-17,6.88,6.99,6.87,6.96,392960.12
2017-08-18,6.93,6.96,6.87,6.93,260078.39
2017-08-21,6.94,7.06,6.94,7.03,371235.01
2017-08-22,7.0,7.07,6.95,7.02,272461.82
2017-08-23,7.02,7.02,6.85,6.86,377925.44
2017-08-24,6.88,6.94,6.84,6.87,223069.85
2017-08-25,6.87,7.02,6.87,7.01,451232.33
2017-08-28,7.02,7.29,7.0,7.19,741737.94
2017-08-29,7.19,7.23,7.12,7.21,500587.88
2017-08-30,6.7,6.93,6.49,6.83,2517607.56
2017-08-31,6.84,6.84,6.51,6.64,1611195.87
2017-09-01,6.63,6.64,6.55,6.6,1015838.76
2017-09-04,6.59,6.61,6.51,6.58,850300.68
2017-09-05,6.58,6.63,6.53,6.61,656903.56
2017-09-06,6.57,6.63,6.53,6.6,606557.55
2017-09-07,6.6,6.71,6.57,6.64,642123.8
2017-09-08,6.65,6.7,6.59,6.62,470935.2
2017-09-11,6.6,6.6,6.49,6.53,702574.94
2017-09-12,6.53,6.54,6.45,6.49,646407.52
2017-09-13,6.47,6.66,6.46,6.62,769036.46
2017-09-14,6.63,6.67,6.54,6.57,397598.48
2017-09-15,6.58,6.59,6.5,6.52,314262.18
2017-09-18,6.52,6.63,6.52,6.62,370534.64
2017-09-19,6.63,6.64,6.55,6.57,342841.31
2017-09-20,6.6,6.6,6.51,6.55,378543.45
2017-09-21,6.55,6.55,6.47,6.47,423257.24
2017-09-22,6.49,6.49,6.29,6.33,611032.64
2017-09-25,6.31,6.32,6.19,6.21,505560.06
2017-09-26,6.21,6.26,6.18,6.23,335931.12
2017-09-27,6.22,6.42,6.17,6.4,651942.82
2017-09-28,6.4,6.43,6.35,6.35,352465.64
2017-09-29,6.37,6.51,6.37,6.49,416485.19
2017-10-09,6.55,6.61,6.53,6.59,589453.12
2017-10-10,6.58,6.62,6.53,6.61,399933.31
2017-10-11,6.61,6.62,6.57,6.58,299823.81
2017-10-12,6.59,6.66,6.56,6.63,373612.39
2017-10-13,6.62,6.75,6.6,6.7,629342.92
2017-10-16,6.72,6.73,6.6,6.68,413938.65
2017-10-17,6.79,6.96,6.69,6.71,878605.85
2017-10-18,6.71,6.78,6.66,6.76,422587.1
2017-10-19,6.76,6.77,6.62,6.63,294114.76
2017-10-20,6.6,6.69,6.58,6.68,286979.27
2017-10-23,6.65,6.72,6.59,6.63,331601.39
2017-10-24,6.67,6.78,6.67,6.7,281303.78
2017-10-25,6.76,6.96,6.72,6.93,832275.54
2017-10-26,6.91,7.12,6.89,7.08,1095404.09
2017-10-27,7.06,7.17,6.97,7.0,674299.91
2017-10-30,7.01,7.1,6.83,7.03,711092.25
2017-10-31,7.03,7.04,6.89,6.97,466518.17
2017-11-01,6.97,7.11,6.93,6.96,595420.97
2017-11-02,6.89,6.93,6.65,6.67,930461.52
2017-11-03,6.67,6.7,6.51,6.68,760063.05
2017-11-06,6.68,6.68,6.56,6.63,404216.19
2017-11-07,6.63,6.8,6.62,6.71,679348.69
2017-11-08,6.72,6.94,6.69,6.84,1442867.81
2017-11-09,6.85,6.99,6.74,6.88,1069238.88
2017-11-10,6.89,7.27,6.84,7.24,2168803.13
2017-11-13,7.24,7.53,7.1,7.4,1924347.67
2017-11-14,7.36,7.4,7.15,7.3,1156875.14
2017-11-15,7.23,7.25,7.07,7.1,876169.93
2017-11-16,7.1,7.26,7.08,7.16,814908.6
2017-11-17,7.22,7.55,7.11,7.4,1963749.42
2017-11-20,7.29,7.59,7.25,7.54,1561725.29
2017-11-21,7.49,7.65,7.42,7.65,1817254.97
2017-11-22,7.5,7.51,7.32,7.4,2539270.71
2017-11-23,7.4,7.67,7.19,7.25,2138417.2
2017-11-24,7.14,7.21,6.94,7.18,1296154.58
2017-11-27,7.13,7.14,6.94,7.04,905259.87
2017-11-28,7.05,7.22,6.99,7.19,720782.97
2017-11-29,7.2,7.8,7.14,7.76,2095623.51
2017-11-30,7.72,7.76,7.53,7.66,1663270.17
2017-12-01,7.69,7.76,7.55,7.71,1114258.05
2017-12-04,7.67,7.74,7.44,7.66,1177208.09
2017-12-05,7.59,7.82,7.54,7.65,1999398.61
2017-12-06,7.59,7.75,7.42,7.72,1244279.28
2017-12-07,7.68,7.78,7.48,7.55,953815.77
2017-12-08,7.49,7.49,7.25,7.34,1373290.99
2017-12-11,7.32,7.48,7.26,7.47,863007.78
2017-12-12,7.48,7.54,7.25,7.27,874646.25
2017-12-13,7.22,7.23,7.06,7.2,1073959.16
2017-12-14,7.17,7.36,7.14,7.25,810944.67
2017-12-15,7.2,7.3,7.07,7.19,778095.29
2017-12-18,7.15,7.26,7.1,7.25,669230.34
2017-12-19,7.25,7.28,7.15,7.25,618360.2
2017-12-20,7.25,7.25,6.97,6.99,1041837.62
2017-12-21,6.95,7.19,6.92,7.1,671349.89
2017-12-22,7.14,7.2,7.06,7.08,448141.91
2017-12-25,7.29,7.48,7.08,7.19,1513316.27
2017-12-26,7.26,7.82,7.19,7.72,2683804.29
2017-12-27,7.65,7.73,7.51,7.59,1831233.08
2017-12-28,7.64,7.89,7.49,7.72,2190091.52
2017-12-29,7.66,7.76,7.62,7.71,1030978.75
2018-01-02,7.79,8.23,7.79,8.06,2284533.96
2018-01-03,8.04,8.15,7.98,8.05,1452443.75
2018-01-04,8.05,8.11,7.94,8.03,1218637.82
2018-01-05,8.01,8.32,7.98,8.16,1958388.91
2018-01-08,8.19,8.52,8.19,8.4,2042043.06
2018-01-09,8.36,8.46,8.18,8.29,1359931.16
2018-01-10,8.25,8.33,8.09,8.29,1247763.96
2018-01-11,8.23,8.24,7.88,7.98,1602882.32
2018-01-12,7.85,8.05,7.79,7.94,1218039.38
2018-01-15,7.91,8.02,7.74,7.83,1275591.58
2018-01-16,7.88,8.17,7.87,8.16,1443428.16
2018-01-17,8.23,8.28,7.85,7.96,1358925.13
2018-01-18,7.89,8.18,7.81,8.16,1364746.73
2018-01-19,8.24,8.39,8.0,8.06,1369502.8
2018-01-22,7.99,8.07,7.85,8.04,1043113.23
2018-01-23,8.0,8.26,7.93,8.25,1389757.37
2018-01-24,8.21,8.27,8.05,8.19,1352584.85
2018-01-25,8.13,8.45,8.1,8.33,1610030.91
2018-01-26,8.33,8.49,8.25,8.39,1117315.33
2018-01-29,8.39,8.49,7.9,7.99,1726528.35
2018-01-30,7.91,8.0,7.75,7.78,1245307.21
2018-01-31,7.74,7.96,7.69,7.82,1227984.7
2018-02-01,7.76,7.9,7.59,7.88,1378080.31
2018-02-02,7.74,7.93,7.71,7.89,892274.34
2018-02-05,7.74,8.16,7.74,8.07,1185227.11
2018-02-06,7.92,8.16,7.68,7.86,1940607.0
2018-02-07,8.0,8.03,7.24,7.53,1630679.47
2018-02-08,7.42,7.53,7.26,7.44,877871.8
2018-02-09,7.14,7.14,6.7,7.04,1540805.51
2018-02-12,7.02,7.1,6.87,7.02,769398.75
2018-02-13,7.11,7.2,7.08,7.09,662644.91
2018-02-14,7.08,7.14,6.97,7.08,307127.92
2018-02-22,7.19,7.36,7.11,7.34,660335.58
2018-02-23,7.37,7.38,7.23,7.3,402072.76
2018-02-26,7.32,7.52,7.31,7.46,844459.03
2018-02-27,7.47,7.47,7.24,7.25,1024665.08
2018-02-28,7.16,7.16,6.91,7.04,1298691.24
2018-03-01,6.95,7.06,6.92,6.99,998204.38
2018-03-02,6.93,6.98,6.87,6.9,774364.2
2018-03-05,6.93,6.99,6.84,6.91,926897.41
2018-03-06,6.95,7.19,6.85,7.15,1434246.42
2018-03-07,7.17,7.31,7.08,7.12,1232306.06
2018-03-08,7.16,7.19,7.08,7.18,589512.12
2018-03-09,7.19,7.24,7.14,7.23,983063.09
2018-03-12,7.25,7.37,7.25,7.26,1200898.98
2018-03-13,7.28,7.3,7.01,7.08,1143134.68
2018-03-14,7.03,7.06,6.94,7.02,723282.83
2018-03-15,7.03,7.12,6.99,7.08,553522.37
2018-03-16,7.08,7.14,7.02,7.03,496671.23
2018-03-19,7.01,7.05,6.96,7.03,519252.28
2018-03-20,6.96,7.04,6.92,7.03,537825.98
2018-03-21,7.03,7.08,6.9,6.98,672974.63
2018-03-22,6.97,6.98,6.83,6.95,650357.17
2018-03-23,6.67,6.94,6.55,6.93,1429501.84
2018-03-26,6.76,6.82,6.69,6.76,558932.09
2018-03-27,6.85,6.88,6.76,6.8,567089.02
2018-03-28,6.74,6.76,6.55,6.62,766827.52
2018-03-29,6.63,6.8,6.41,6.71,947474.75
2018-03-30,6.71,6.74,6.64,6.68,450398.93
2018-04-02,6.75,6.98,6.69,6.94,1094286.42
2018-04-03,6.87,7.03,6.85,6.92,668217.25
2018-04-04,6.92,7.02,6.82,6.85,536349.1
2018-04-09,6.85,7.01,6.8,6.95,631028.11
2018-04-10,7.02,7.1,6.98,7.09,645343.51
2018-04-11,7.11,7.33,7.11,7.31,1125310.94
2018-04-12,7.25,7.39,7.25,7.36,981910.05
2018-04-13,7.36,7.42,7.23,7.24,529614.48
2018-04-16,7.23,7.23,6.96,7.08,981269.29
2018-04-17,7.1,7.15,6.97,7.01,508590.34
2018-04-18,7.14,7.21,6.95,7.11,608324.25
2018-04-19,7.1,7.21,6.96,7.05,715612.37
2018-04-20,7.02,7.08,6.94,7.06,484609.01
2018-04-23,7.02,7.19,6.99,7.19,607934.97
2018-04-24,7.23,7.48,7.2,7.27,1428034.34
2018-04-25,7.28,7.36,7.19,7.35,541769.29
2018-04-26,7.55,7.6,7.3,7.35,1098886.76
2018-04-27,7.44,7.48,7.28,7.42,676412.55
2018-05-02,7.42,7.48,7.21,7.24,727113.81
2018-05-03,7.23,7.42,7.19,7.41,802150.03
2018-05-04,7.39,7.39,7.24,7.25,654945.83
2018-05-07,7.29,7.36,7.21,7.35,858409.88
2018-05-08,7.34,7.48,7.32,7.44,955184.75
2018-05-09,7.42,7.51,7.38,7.47,696170.17
2018-05-10,7.49,7.53,7.35,7.42,509327.58
2018-05-11,7.43,7.43,7.24,7.25,748749.2
2018-05-14,7.23,7.3,7.2,7.26,477434.09
2018-05-15,7.27,7.51,7.26,7.5,1203931.98
2018-05-16,7.47,7.49,7.38,7.42,658523.97
2018-05-17,7.42,7.45,7.31,7.36,512018.27
2018-05-18,7.37,7.42,7.25,7.42,653118.37
2018-05-21,7.47,7.5,7.35,7.38,869729.63
2018-05-22,7.37,7.37,7.23,7.31,659584.14
2018-05-23,7.31,7.31,7.14,7.15,670184.69
2018-05-24,7.15,7.19,6.99,7.0,718710.34
2018-05-25,6.99,7.05,6.91,7.03,500596.41
2018-05-28,7.03,7.08,6.97,7.06,329090.56
2018-05-29,7.05,7.18,7.02,7.11,515528.76
2018-05-30,7.06,7.06,6.76,6.82,709740.87
2018-05-31,6.85,6.9,6.76,6.88,644046.7
2018-06-01,6.85,7.03,6.74,6.91,644328.14
2018-06-04,6.91,6.97,6.86,6.94,535722.04
2018-06-05,6.94,7.02,6.84,6.96,620818.07
2018-06-06,6.93,7.05,6.9,7.0,597721.12
2018-06-07,7.01,7.07,6.96,6.97,439171.26
2018-06-08,6.96,7.0,6.85,6.94,527010.32
2018-06-11,6.91,7.04,6.87,7.01,511887.25
2018-06-12,7.03,7.55,7.03,7.41,2140986.92
2018-06-13,7.42,7.44,7.3,7.38,977612.28
2018-06-14,7.33,7.42,7.22,7.33,812171.09
2018-06-15,7.36,7.38,7.17,7.34,851170.77
2018-06-19,7.22,7.4,7.13,7.33,2068071.77
2018-06-20,7.2,7.29,6.98,7.15,1010835.38
2018-06-21,7.13,7.54,7.12,7.33,1451850.49
2018-06-22,7.33,7.65,7.19,7.63,1360559.27
2018-06-25,7.7,7.73,7.5,7.52,1176977.51
2018-06-26,7.39,7.61,7.19,7.51,1318029.17
2018-06-27,7.44,7.68,7.36,7.5,1194618.34
2018-06-28,7.47,7.51,7.26,7.28,760304.08
2018-06-29,7.27,7.64,7.25,7.63,1080231.4
2018-07-02,7.59,7.66,7.24,7.36,1178978.02
2018-07-03,7.27,7.42,7.19,7.39,1031194.66
2018-07-04,7.31,7.39,6.91,6.94,1463029.11
2018-07-05,6.92,7.02,6.85,6.94,791149.06
2018-07-06,6.9,6.99,6.57,6.82,1079847.06
2018-07-09,6.83,6.98,6.83,6.98,569499.39
2018-07-10,7.02,7.14,7.01,7.05,551498.77
2018-07-11,6.94,7.11,6.85,6.98,492818.01
2018-07-12,6.97,7.19,6.96,7.15,742438.81
2018-07-13,7.15,7.2,7.08,7.17,420712.66
2018-07-16,7.17,7.22,7.07,7.1,483468.76
2018-07-17,7.08,7.11,6.93,7.02,464622.7
2018-07-18,7.04,7.18,7.03,7.08,451959.52
2018-07-19,7.1,7.26,7.1,7.2,800490.71
2018-07-20,7.17,7.31,7.11,7.27,482513.65
2018-07-23,7.27,7.55,7.22,7.45,1048302.8
2018-07-24,7.65,7.99,7.55,7.59,2290083.2
2018-07-25,7.71,7.91,7.57,7.79,1352918.23
2018-07-26,7.78,7.79,7.6,7.64,790618.17
2018-07-27,7.68,7.76,7.52,7.63,654486.52
2018-07-30,7.64,7.88,7.62,7.71,779560.24
2018-07-31,7.99,8.04,7.79,7.87,1390459.49
2018-08-01,7.98,8.12,7.69,7.71,1348191.51
2018-08-02,7.71,7.88,7.48,7.84,1450939.06
2018-08-03,7.76,7.82,7.57,7.6,962021.51
2018-08-06,7.51,7.9,7.48,7.72,1199601.45
2018-08-07,7.78,8.2,7.67,8.16,2013950.62
2018-08-08,8.08,8.17,7.99,8.05,1328170.15
2018-08-09,8.05,8.22,7.96,8.12,1144075.4
2018-08-10,8.1,8.26,8.01,8.1,885638.89
2018-08-13,8.02,8.19,7.96,8.17,836176.68
2018-08-14,8.12,8.16,7.96,8.0,735453.94
2018-08-15,8.0,8.1,7.83,7.88,733713.15
2018-08-16,7.79,7.95,7.76,7.82,687760.22
2018-08-17,7.91,7.93,7.68,7.69,596971.79
2018-08-20,7.71,7.78,7.54,7.73,632796.16
2018-08-21,7.77,7.9,7.67,7.85,631627.56
2018-08-22,7.84,7.84,7.63,7.64,582564.62
2018-08-23,7.66,7.83,7.6,7.72,519400.67
2018-08-24,7.73,7.86,7.7,7.82,449330.64
2018-08-27,7.93,8.0,7.88,8.0,830351.36
2018-08-28,8.05,8.08,7.91,7.98,565507.43
2018-08-29,7.98,8.03,7.95,8.0,400840.26
2018-08-30,8.01,8.03,7.71,7.73,682903.91
2018-08-31,7.68,7.84,7.67,7.79,405094.51
2018-09-03,7.74,7.77,7.61,7.76,514552.68
2018-09-04,7.76,7.87,7.68,7.83,476248.71
2018-09-05,7.83,7.89,7.62,7.64,593245.3
2018-09-06,7.63,7.72,7.53,7.56,486316.24
2018-09-07,7.57,7.69,7.44,7.49,572210.92
2018-09-10,7.51,7.6,7.43,7.45,489088.17
2018-09-11,7.46,7.5,7.32,7.46,598458.23
2018-09-12,7.46,7.57,7.38,7.45,569009.79
2018-09-13,7.56,7.58,7.16,7.28,952930.62
2018-09-14,7.14,7.16,6.94,7.1,955375.38
2018-09-17,7.09,7.19,7.02,7.15,428981.14
2018-09-18,7.12,7.38,7.06,7.35,703045.44
2018-09-19,7.34,7.5,7.29,7.43,627255.21
2018-09-20,7.46,7.54,7.43,7.51,442876.88
2018-09-21,7.51,7.65,7.51,7.64,513215.64
2018-09-25,7.54,7.6,7.48,7.51,400850.73
2018-09-26,7.54,7.8,7.53,7.71,620667.56
2018-09-27,7.72,7.75,7.63,7.71,422051.73
2018-09-28,7.74,7.77,7.64,7.69,428984.99
2018-10-08,7.57,7.66,7.5,7.57,517456.81
2018-10-09,7.59,7.62,7.31,7.35,534469.99
2018-10-10,7.38,7.49,7.35,7.41,434049.94
2018-10-11,7.19,7.31,6.93,7.12,765420.55
2018-10-12,7.05,7.2,6.9,7.17,616422.38
2018-10-15,7.19,7.34,7.18,7.2,451221.77
2018-10-16,7.2,7.23,6.99,7.06,439695.33
2018-10-17,7.14,7.19,6.95,7.11,398324.34
2018-10-18,7.08,7.08,6.63,6.67,871210.37
2018-10-19,6.51,6.87,6.46,6.78,722913.85
2018-10-22,6.82,7.15,6.8,7.08,757591.91
2018-10-23,7.09,7.15,6.73,6.87,684195.96
2018-10-24,6.93,7.11,6.91,6.93,754404.59
2018-10-25,6.75,6.9,6.7,6.88,599206.21
2018-10-26,6.94,6.99,6.78,6.83,525359.77
2018-10-29,6.84,6.84,6.56,6.61,488810.45
2018-10-30,6.61,6.74,6.48,6.67,531547.58
2018-10-31,6.7,6.9,6.68,6.81,525119.03
2018-11-01,6.95,7.03,6.85,6.86,698966.46
2018-11-02,7.01,7.06,6.93,7.05,615383.09
2018-11-05,7.02,7.09,6.95,6.99,524822.7
2018-11-06,7.02,7.08,6.99,7.05,430214.9
2018-11-07,7.06,7.12,6.98,7.01,410661.69
2018-11-08,7.07,7.1,6.97,6.98,297778.57
2018-11-09,6.98,7.01,6.9,6.94,313973.26
2018-11-12,6.94,7.1,6.92,7.1,432195.57
2018-11-13,7.04,7.17,7.02,7.09,580152.34
2018-11-14,7.11,7.16,7.02,7.13,393270.72
2018-11-15,7.12,7.15,6.93,7.13,384715.08
2018-11-16,7.12,7.16,7.04,7.07,560603.01
2018-11-19,7.06,7.1,6.99,7.06,471611.77
2018-11-20,7.03,7.05,6.92,6.92,486215.84
2018-11-21,6.87,6.92,6.81,6.88,451817.96
2018-11-22,6.89,6.92,6.83,6.88,256513.6
2018-11-23,6.89,6.91,6.72,6.74,373965.13
2018-11-26,6.75,6.8,6.68,6.75,228030.43
2018-11-27,6.8,6.86,6.78,6.8,250939.53
2018-11-28,6.8,6.91,6.78,6.9,249698.74
2018-11-29,6.94,6.99,6.87,6.87,338211.02
2018-11-30,6.85,6.97,6.85,6.95,257568.98
2018-12-03,7.07,7.16,7.04,7.15,671654.01
2018-12-04,7.11,7.18,7.11,7.13,337881.78
2018-12-05,7.06,7.16,7.03,7.09,458572.5
2018-12-06,7.05,7.07,6.97,7.0,329201.0
2018-12-07,7.02,7.09,7.0,7.09,331515.45
2018-12-10,7.09,7.11,6.98,7.06,257797.14
2018-12-11,7.11,7.12,7.03,7.11,237096.58
2018-12-12,7.12,7.26,7.09,7.23,451127.03
2018-12-13,7.23,7.46,7.2,7.37,811170.07
2018-12-14,7.37,7.45,7.32,7.32,575393.62
2018-12-17,7.32,7.56,7.29,7.51,707320.67
2018-12-18,7.45,7.53,7.42,7.45,574934.35
2018-12-19,7.45,7.55,7.38,7.42,554617.16
2018-12-20,7.38,7.49,7.31,7.35,676414.75
2018-12-21,7.38,7.42,7.29,7.32,607393.68
2018-12-24,7.32,7.57,7.32,7.41,597582.61
2018-12-25,7.35,7.35,7.19,7.21,420368.68
2018-12-26,7.25,7.38,7.24,7.27,390920.74
2018-12-27,7.36,7.43,7.23,7.27,339507.76
2018-12-28,7.23,7.25,7.03,7.22,602669.9
2019-01-02,7.19,7.19,6.88,6.97,526282.89
2019-01-03,6.92,7.02,6.82,6.87,378704.36
2019-01-04,6.81,6.99,6.73,6.99,381295.59
2019-01-07,7.03,7.07,6.95,7.05,466807.85
2019-01-08,7.04,7.06,6.98,7.01,248089.61
2019-01-09,7.01,7.14,6.99,7.02,429590.33
2019-01-10,7.01,7.02,6.94,6.96,294989.9
2019-01-11,7.06,7.1,6.98,7.09,420420.69
2019-01-14,7.12,7.25,7.06,7.25,482642.99
2019-01-15,7.23,7.4,7.17,7.3,643648.19
2019-01-16,7.34,7.38,7.25,7.33,436623.83
2019-01-17,7.34,7.45,7.32,7.38,392015.31
2019-01-18,7.41,7.52,7.37,7.48,507654.88
2019-01-21,7.51,7.56,7.43,7.45,356611.99
2019-01-22,7.42,7.51,7.38,7.39,409628.53
2019-01-23,7.46,7.55,7.45,7.54,411788.8
2019-01-24,7.57,7.71,7.54,7.67,586850.08
2019-01-25,7.72,7.86,7.67,7.85,649375.19
2019-01-28,7.9,7.94,7.81,7.86,652926.3
2019-01-29,7.81,7.92,7.69,7.91,562628.88
2019-01-30,7.93,8.04,7.88,7.9,559388.98
2019-01-31,8.03,8.09,7.81,7.9,591507.54
2019-02-01,7.97,8.21,7.96,8.21,805557.85
2019-02-11,8.27,8.32,8.15,8.21,553230.52
2019-02-12,8.21,8.47,8.18,8.4,886461.47
2019-02-13,8.37,8.5,8.32,8.45,792460.38
2019-02-14,8.44,8.5,8.38,8.44,577800.97
2019-02-15,8.44,8.44,8.17,8.19,553057.44
2019-02-18,8.24,8.61,8.24,8.58,1031240.31
2019-02-19,8.59,8.59,8.28,8.32,862510.48
2019-02-20,8.35,8.55,8.31,8.39,639840.98
2019-02-21,8.34,8.57,8.23,8.44,744239.91
2019-02-22,8.33,9.05,8.33,8.97,1303444.6
2019-02-25,9.06,9.66,9.05,9.45,1709542.1
2019-02-26,9.41,9.61,9.31,9.35,1004765.39
2019-02-27,9.31,9.42,8.97,9.0,1142063.33
2019-02-28,9.04,9.14,8.94,8.99,634736.5
2019-03-01,9.15,9.31,8.97,9.28,1058140.39
2019-03-04,9.52,10.21,9.46,9.99,2681238.24
2019-03-05,9.99,10.15,9.77,9.94,1652955.38
2019-03-06,9.94,10.07,9.78,10.02,1284546.39
2019-03-07,9.96,9.96,9.57,9.71,1272256.74
2019-03-08,9.53,10.0,9.33,9.59,1635258.75
2019-03-11,9.59,9.75,9.38,9.68,1214879.51
2019-03-12,9.76,10.24,9.76,10.18,1937352.27
2019-03-13,10.17,10.31,9.9,9.96,1325661.17
2019-03-14,9.88,10.35,9.83,10.09,1328666.91
2019-03-15,10.13,10.86,10.13,10.72,1888559.05
2019-03-18,10.73,11.34,10.73,11.25,1936115.76
2019-03-19,11.13,11.33,11.0,11.08,1168809.92
2019-03-20,11.05,11.66,10.96,11.34,1478106.89
2019-03-21,11.44,11.68,11.18,11.36,1144473.37
2019-03-22,11.54,11.59,10.98,11.14,1199345.22
2019-03-25,10.83,11.02,10.61,10.66,1686029.12
2019-03-26,10.72,10.79,10.28,10.47,1561568.85
2019-03-27,10.52,10.73,10.36,10.65,1266664.57
2019-03-28,10.48,10.61,10.4,10.44,1015229.35
2019-03-29,10.57,11.11,10.39,11.06,1786310.98
2019-04-01,11.27,11.5,11.08,11.21,2072637.24
2019-04-02,11.29,11.38,10.84,10.93,1700821.19
2019-04-03,10.95,11.23,10.87,11.18,1354616.2
2019-04-04,11.23,11.81,11.23,11.57,1875518.92
2019-04-08,11.86,12.02,11.57,11.95,1898043.6
2019-04-09,11.86,11.9,11.58,11.74,1256957.93
2019-04-10,11.6,12.17,11.43,12.12,1558236.69
2019-04-11,12.03,12.08,11.39,11.41,1888655.77
2019-04-12,11.38,11.52,11.08,11.24,1182322.58
2019-04-15,11.82,11.95,11.07,11.14,1758210.35
2019-04-16,11.15,11.46,11.01,11.44,1496223.44
2019-04-17,11.49,11.49,11.24,11.35,1168938.28
2019-04-18,11.37,11.6,11.24,11.39,935327.42
2019-04-19,11.4,11.44,11.09,11.37,814771.27
2019-04-22,11.38,11.38,10.49,10.55,2532828.55
2019-04-23,10.59,10.78,10.54,10.64,1003225.85
2019-04-24,10.65,10.76,10.41,10.67,1050953.13
2019-04-25,10.68,10.68,10.26,10.28,1158559.45
2019-04-26,10.28,10.44,10.25,10.32,1026499.92
2019-04-29,10.42,10.8,10.41,10.65,1510435.56
2019-04-30,10.69,10.85,10.45,10.6,972678.81
2019-05-06,10.22,10.28,9.67,9.87,1456315.11
2019-05-07,10.13,10.5,10.09,10.49,1493366.73
2019-05-08,10.23,10.57,10.2,10.26,1054659.76
2019-05-09,10.21,10.41,10.05,10.27,745991.07
2019-05-10,10.41,10.78,10.15,10.78,1648127.75
2019-05-13,10.63,10.7,10.47,10.57,838981.86
2019-05-14,10.43,10.56,10.28,10.35,916532.4
2019-05-15,10.48,10.6,10.29,10.51,1151726.55
2019-05-16,10.5,10.55,10.42,10.52,848443.44
2019-05-17,10.48,10.52,10.09,10.13,1169603.04
2019-05-20,10.11,10.13,9.9,10.03,657571.38
2019-05-21,10.02,10.4,10.02,10.29,816409.58
2019-05-22,10.32,10.44,10.28,10.35,642850.56
2019-05-23,10.31,10.46,10.23,10.3,618225.33
2019-05-24,10.28,10.47,10.28,10.41,678712.42
2019-05-27,10.46,10.71,10.36,10.66,858326.55
2019-05-28,10.7,11.12,10.66,10.95,1398097.37
2019-05-29,10.95,10.99,10.79,10.89,564954.69
2019-05-30,10.82,10.87,10.53,10.69,818713.72
2019-05-31,10.6,10.62,10.3,10.45,841492.92
2019-06-03,10.48,10.54,10.3,10.35,658703.49
2019-06-04,10.41,10.41,10.09,10.36,921178.18
2019-06-05,10.47,10.59,10.42,10.47,748010.89
2019-06-06,10.48,10.55,10.35,10.35,629756.44
2019-06-10,10.39,10.67,10.37,10.57,655195.14
2019-06-11,10.71,11.19,10.71,11.18,1501633.18
2019-06-12,11.14,11.41,11.09,11.17,1121926.6
2019-06-13,11.15,11.32,11.05,11.21,727298.23
2019-06-14,11.21,11.3,11.03,11.07,915998.78
2019-06-17,11.04,11.21,10.92,11.04,580586.06
2019-06-18,11.07,11.21,11.01,11.15,555716.88
2019-06-19,11.5,11.51,11.12,11.17,1003639.44
2019-06-20,11.12,11.48,11.1,11.41,1104807.54
2019-06-21,11.45,11.46,11.25,11.37,922975.9
2019-06-24,11.38,11.46,11.26,11.41,559951.62
2019-06-25,11.4,11.43,11.02,11.3,753865.27
2019-06-26,11.18,11.3,11.09,11.21,377657.69
2019-06-27,11.34,11.42,11.16,11.21,788699.32
2019-06-28,11.24,11.35,11.16,11.32,590788.46
2019-07-01,11.51,11.62,11.41,11.6,1170127.5
2019-07-02,11.54,11.56,11.36,11.42,747889.06
2019-07-03,11.4,11.4,11.12,11.18,755684.24
2019-07-04,11.19,11.29,11.08,11.13,510292.58
2019-07-05,11.16,11.2,11.06,11.14,472956.33
2019-07-08,11.13,11.13,10.71,10.99,693939.54
2019-07-09,10.95,11.03,10.87,10.97,313572.57
2019-07-10,10.98,11.03,10.74,10.8,446155.54
2019-07-11,10.91,11.16,10.9,11.1,705879.57
2019-07-12,11.06,11.38,11.06,11.37,740015.68
2019-07-15,11.38,11.73,11.25,11.63,1042684.52
2019-07-16,11.65,11.82,11.55,11.62,833984.24
2019-07-17,11.69,11.94,11.67,11.86,1112413.45
2019-07-18,12.12,12.17,11.93,12.1,1214705.24
2019-07-19,12.09,12.16,11.95,12.01,807450.51
2019-07-22,12.07,12.36,12.01,12.1,1143906.67
2019-07-23,12.18,12.3,11.92,12.01,868763.29
2019-07-24,12.13,12.4,12.09,12.29,875179.19
2019-07-25,12.33,12.45,12.27,12.35,639094.6
2019-07-26,12.34,12.93,12.32,12.93,1281840.86
2019-07-29,12.93,12.97,12.55,12.66,1006461.59
2019-07-30,12.71,12.76,12.59,12.63,602291.54
2019-07-31,12.62,12.64,12.4,12.47,625004.23
2019-08-01,12.47,12.62,12.32,12.53,680977.39
2019-08-02,12.23,12.44,12.09,12.3,816931.06
2019-08-05,12.24,12.34,11.99,12.0,654426.82
2019-08-06,11.78,12.19,11.51,11.97,1018121.92
2019-08-07,12.06,12.23,11.96,11.99,514635.45
2019-08-08,12.15,12.19,11.79,11.97,523880.9
2019-08-09,12.06,12.17,11.9,11.9,518012.06
2019-08-12,11.88,12.11,11.64,12.1,495546.43
2019-08-13,11.98,12.0,11.64,11.71,779506.07
2019-08-14,11.92,11.95,11.51,11.57,966596.8
2019-08-15,11.32,11.77,11.25,11.74,715681.42
2019-08-16,11.73,11.86,11.68,11.71,487445.4
2019-08-19,11.89,12.05,11.71,11.97,717897.3
2019-08-20,11.97,12.38,11.93,12.32,910690.22
2019-08-21,12.27,12.29,12.02,12.06,679769.52
2019-08-22,12.09,12.13,11.72,11.83,722771.58
2019-08-23,12.01,12.57,11.96,12.46,1463461.64
2019-08-26,12.18,12.35,12.03,12.17,803158.31
2019-08-27,12.24,12.34,12.1,12.21,967180.35
2019-08-28,12.21,12.21,11.89,11.97,827266.47
2019-08-29,11.99,12.09,11.81,11.88,707252.71
2019-08-30,12.01,12.15,11.76,11.89,765083.41
2019-09-02,11.93,12.18,11.86,12.12,808718.29
2019-09-03,12.12,12.12,11.83,12.0,825315.34
2019-09-04,11.97,12.26,11.92,12.23,838012.4
2019-09-05,12.46,13.18,12.46,12.89,2157787.5
2019-09-06,12.89,13.07,12.77,13.02,1035156.26
2019-09-09,13.22,13.36,13.0,13.13,1049220.55
2019-09-10,13.13,13.13,12.91,12.95,575159.26
2019-09-11,13.0,13.1,12.77,12.89,653959.7
2019-09-12,12.89,13.04,12.86,13.02,516991.11
2019-09-16,13.06,13.11,12.77,12.87,536293.69
2019-09-17,12.8,12.83,12.51,12.64,629224.32
2019-09-18,12.71,12.75,12.58,12.71,421320.12
2019-09-19,12.74,12.77,12.54,12.75,450035.14
2019-09-20,12.78,13.2,12.77,13.08,1045236.9
2019-09-23,12.98,12.99,12.63,12.75,620263.75
2019-09-24,12.59,12.76,12.43,12.66,526433.75
2019-09-25,12.6,12.78,12.5,12.71,447068.58
2019-09-26,12.71,13.02,12.68,12.7,760307.42
2019-09-27,12.75,12.84,12.52,12.72,389975.16
2019-09-30,12.69,12.82,12.56,12.61,329784.49
2019-10-08,12.57,12.96,12.57,12.84,549269.76
2019-10-09,12.79,12.8,12.58,12.7,432112.31
2019-10-10,12.71,12.78,12.54,12.73,365681.75
2019-10-11,12.73,13.12,12.66,13.02,809237.63
2019-10-14,13.11,13.18,12.91,13.04,717911.74
2019-10-15,13.03,13.33,12.9,13.25,730382.47
2019-10-16,13.33,13.37,13.04,13.13,639781.14
2019-10-17,13.09,13.21,12.93,13.06,424010.41
2019-10-18,13.04,13.1,12.65,12.72,551136.44
2019-10-21,12.7,12.84,12.59,12.77,360558.12
2019-10-22,12.78,12.82,12.68,12.8,252952.11
2019-10-23,12.84,12.84,12.54,12.6,366711.48
2019-10-24,12.6,12.62,12.29,12.37,680804.52
2019-10-25,12.41,12.43,12.17,12.42,560531.28
2019-10-28,12.41,12.52,12.24,12.31,656720.08
2019-10-29,12.31,12.4,12.21,12.24,393969.42
2019-10-30,12.09,12.32,11.66,12.28,961688.14
2019-10-31,12.32,12.36,11.81,11.89,806024.11
2019-11-01,11.89,12.37,11.83,12.27,874202.1
2019-11-04,12.32,12.48,12.23,12.44,794533.69
2019-11-05,12.43,12.62,12.4,12.47,777778.04
2019-11-06,12.54,12.55,12.19,12.24,585312.84
2019-11-07,12.39,12.48,12.3,12.45,515428.17
2019-11-08,12.54,12.68,12.42,12.44,618538.31
2019-11-11,12.41,12.49,12.17,12.27,554963.99
2019-11-12,12.18,12.55,12.18,12.3,704902.25
2019-11-13,12.29,12.37,12.14,12.32,418085.63
2019-11-14,12.39,12.45,12.31,12.42,474772.66
2019-11-15,12.47,12.49,12.22,12.26,407271.68
2019-11-18,12.32,12.54,12.27,12.53,588220.35
2019-11-19,12.45,13.05,12.45,12.93,1076687.79
2019-11-20,12.92,13.03,12.83,12.87,517426.8
2019-11-21,12.8,12.91,12.66,12.89,423691.79
2019-11-22,12.92,13.05,12.72,12.77,492162.62
2019-11-25,12.77,13.23,12.76,13.16,890677.36
2019-11-26,13.19,13.23,13.01,13.19,658346.67
2019-11-27,13.14,13.3,13.03,13.14,520106.43
2019-11-28,13.16,13.21,13.0,13.1,298845.12
2019-11-29,13.07,13.1,12.68,12.78,597432.26
2019-12-02,12.84,13.23,12.84,13.17,707699.94
2019-12-03,13.12,13.28,12.99,13.28,597177.89
2019-12-04,13.18,13.29,13.04,13.07,454410.33
2019-12-05,13.1,13.53,13.05,13.5,973782.06
2019-12-06,13.55,13.79,13.53,13.75,821077.09
2019-12-09,13.89,13.94,13.67,13.73,538205.51
2019-12-10,13.76,14.2,13.69,14.2,779400.26
2019-12-11,14.28,14.43,14.05,14.19,718694.71
2019-12-12,13.89,14.05,13.6,13.78,1090337.78
2019-12-13,13.86,14.21,13.68,13.89,1010931.48
2019-12-16,13.9,13.94,13.53,13.75,861210.19
2019-12-17,13.77,13.9,13.56,13.82,860475.72
2019-12-18,13.82,14.2,13.71,13.99,909979.62
2019-12-19,13.92,13.97,13.68,13.82,533387.66
2019-12-20,13.78,13.84,13.62,13.67,442418.29
2019-12-23,13.78,14.2,13.78,13.85,1021454.13
2019-12-24,13.86,14.16,13.86,14.06,540018.06
2019-12-25,14.18,14.62,14.07,14.61,904901.19
2019-12-26,14.63,14.86,14.42,14.64,859276.55
2019-12-27,14.6,14.81,14.5,14.7,680892.43
2019-12-30,14.79,14.89,14.48,14.81,716469.13
2019-12-31,14.86,15.32,14.83,15.05,864382.13
2020-01-02,15.26,15.85,15.26,15.85,1252622.07
2020-01-03,15.78,15.82,15.6,15.67,574810.63
2020-01-06,15.63,15.77,14.87,15.16,1190170.24
2020-01-07,15.18,15.37,14.99,15.18,912931.18
2020-01-08,15.1,15.18,14.88,14.91,705015.67
2020-01-09,15.17,15.22,14.79,15.08,728314.55
2020-01-10,15.1,15.34,14.92,15.25,655436.51
2020-01-13,15.25,15.25,14.83,15.05,855088.39
2020-01-14,15.01,15.22,14.95,14.98,618436.82
2020-01-15,14.97,15.06,14.8,14.95,482490.91
2020-01-16,14.9,15.1,14.88,14.99,444744.75
2020-01-17,14.99,15.06,14.81,14.9,549844.02
2020-01-20,15.1,15.29,14.92,15.23,751434.95
2020-01-21,15.25,15.33,14.03,14.58,1463486.33
2020-01-22,14.39,14.97,14.2,14.92,891454.97
2020-01-23,14.76,14.88,13.97,14.15,1009767.05
2020-02-03,12.74,13.13,12.74,12.74,1624903.48
2020-02-04,12.7,13.65,12.7,13.6,1492089.97
2020-02-05,13.92,14.2,13.68,13.76,1094286.71
2020-02-06,14.04,14.16,13.67,14.12,865673.7
2020-02-07,14.02,14.14,13.7,13.94,883301.48
2020-02-10,13.82,14.57,13.62,14.52,1360783.13
2020-02-11,14.42,14.88,14.36,14.61,902552.45
2020-02-12,14.61,14.74,14.49,14.65,756440.49
2020-02-13,14.68,14.86,14.58,14.82,772920.47
2020-02-14,14.74,14.92,14.63,14.83,564026.47
2020-02-17,14.79,15.18,14.74,15.17,719905.2
2020-02-18,15.18,15.19,14.8,14.99,669849.59
2020-02-19,14.94,14.96,14.77,14.78,511876.91
2020-02-20,14.77,15.01,14.58,15.01,830469.18
2020-02-21,14.96,15.3,14.86,15.2,856679.22
2020-02-24,15.27,15.49,15.1,15.25,802053.05
2020-02-25,14.92,15.07,14.51,14.86,952158.46
2020-02-26,14.65,15.3,14.42,14.92,1027939.23
2020-02-27,15.06,15.73,15.02,15.63,1419386.75
2020-02-28,15.33,15.97,15.09,15.39,1416578.71
2020-03-02,15.47,16.86,15.47,16.72,1987410.71
2020-03-03,17.04,17.14,15.93,16.31,1882703.65
2020-03-04,16.16,16.68,16.04,16.61,1103691.16
2020-03-05,16.66,17.02,16.4,16.64,1016021.95
2020-03-06,16.38,16.42,15.98,16.11,847608.49
2020-03-09,15.8,16.1,15.47,15.48,842668.72
2020-03-10,15.23,15.98,15.22,15.79,734368.98
2020-03-11,15.89,15.93,15.33,15.37,621751.62
2020-03-12,15.1,15.35,14.85,15.01,687928.05
2020-03-13,14.28,15.27,14.16,14.8,1118069.01
2020-03-16,15.01,15.03,13.59,13.74,1365812.39
2020-03-17,13.69,14.24,13.3,14.05,1294078.66
2020-03-18,14.17,14.62,13.55,13.59,1268343.2
2020-03-19,13.59,13.94,12.88,13.26,1857021.65
2020-03-20,13.48,14.21,13.34,14.04,1621515.2
2020-03-23,13.58,14.35,13.4,14.1,1433475.69
2020-03-24,14.45,14.8,14.4,14.76,1236428.34
2020-03-25,15.32,15.36,14.66,15.01,1090488.05
2020-03-26,14.83,15.27,14.69,14.83,553463.3
2020-03-27,15.05,15.49,14.95,15.23,869675.94
2020-03-30,15.1,15.65,15.02,15.55,946334.65
2020-03-31,15.74,15.88,15.24,15.27,726172.33
2020-04-01,15.32,15.63,15.09,15.45,677165.05
2020-04-02,15.27,15.49,15.03,15.48,648220.06
2020-04-03,15.54,15.89,15.48,15.78,684121.3
2020-04-07,16.57,16.85,16.26,16.77,1468799.42
2020-04-08,16.73,16.91,16.51,16.68,578733.16
2020-04-09,16.77,16.86,16.4,16.67,492733.93
2020-04-10,16.77,17.31,16.73,16.84,818170.2
2020-04-13,17.28,17.92,16.93,17.5,1249240.21
2020-04-14,17.66,17.69,17.21,17.5,873912.52
2020-04-15,17.51,17.55,16.78,16.96,925896.1
2020-04-16,16.8,17.16,16.61,16.91,693146.73
2020-04-17,17.09,17.59,16.93,17.3,787245.23
2020-04-20,17.48,17.9,17.15,17.33,783296.67
2020-04-21,17.18,17.36,16.98,17.21,458672.29
2020-04-22,17.04,17.29,16.91,17.21,491439.21
2020-04-23,17.3,17.3,16.86,16.87,575562.17
2020-04-24,17.01,17.3,16.87,16.95,529127.27
2020-04-27,17.21,17.26,16.7,17.1,607374.5
2020-04-28,17.2,17.49,16.95,17.46,671562.68
2020-04-29,16.68,17.29,16.55,17.19,720572.58
2020-04-30,17.17,17.53,17.17,17.35,489738.92
2020-05-06,17.3,17.99,17.21,17.85,711131.55
2020-05-07,17.79,17.97,17.7,17.91,435898.68
2020-05-08,17.96,18.39,17.83,18.0,668443.14
2020-05-11,18.06,18.49,17.99,18.12,592394.34
2020-05-12,18.15,18.57,17.96,18.15,579585.83
2020-05-13,17.74,17.95,17.55,17.93,701476.79
2020-05-14,17.77,17.83,17.58,17.68,379912.12
2020-05-15,17.71,17.79,16.89,17.05,1051720.63
2020-05-18,17.37,17.55,17.13,17.5,610026.69
2020-05-19,17.51,17.9,17.49,17.66,559683.64
2020-05-20,17.74,17.79,17.06,17.23,718737.79
2020-05-21,17.44,17.44,16.6,16.74,813759.17
2020-05-22,16.6,16.71,16.2,16.53,686735.86
2020-05-25,16.63,16.9,16.25,16.9,663495.82
2020-05-26,16.91,17.15,16.61,16.86,590264.4
2020-05-27,16.87,16.88,16.15,16.25,788031.63
2020-05-28,16.09,16.46,16.04,16.2,567018.11
2020-05-29,16.19,16.37,16.08,16.18,493769.94
2020-06-01,16.46,16.75,16.27,16.62,713878.38
2020-06-02,16.66,16.76,16.38,16.45,679615.95
2020-06-03,16.46,17.08,16.46,16.69,962964.79
2020-06-04,16.8,16.87,16.52,16.76,465079.99
2020-06-05,16.77,16.82,16.28,16.59,647324.5
2020-06-08,16.82,17.09,16.66,16.74,647519.93
2020-06-09,16.91,17.08,16.61,16.99,679349.51
2020-06-10,16.92,17.16,16.84,17.08,613611.56
2020-06-11,17.08,17.62,16.92,17.39,979883.16
2020-06-12,17.07,17.27,16.95,17.21,658810.07
2020-06-15,17.04,17.48,16.95,17.09,658139.96
2020-06-16,17.22,17.52,17.2,17.29,558843.25
2020-06-17,17.21,17.26,16.8,16.99,714692.29
2020-06-18,16.95,17.07,16.76,16.99,601030.02
2020-06-19,16.82,17.05,16.78,16.95,740993.72
2020-06-22,16.91,16.91,16.29,16.42,1335199.49
2020-06-23,16.43,16.43,16.05,16.27,1044210.92
2020-06-24,16.33,16.53,16.29,16.36,814086.44
2020-06-29,16.23,16.5,16.04,16.46,863324.32
2020-06-30,16.55,16.68,16.51,16.56,496289.81
2020-07-01,16.57,17.25,16.57,17.11,1061602.61
2020-07-02,17.11,17.92,17.07,17.85,1562526.18
2020-07-03,17.98,18.43,17.76,18.04,1175784.98
2020-07-06,18.15,19.25,18.15,18.63,1350595.23
2020-07-07,18.98,19.24,18.31,18.41,1280994.2
2020-07-08,18.39,18.41,17.97,18.22,1196256.3
2020-07-09,18.27,18.5,17.93,18.5,1301955.8
2020-07-10,18.47,18.68,17.96,18.04,1039101.8
2020-07-13,18.1,19.07,18.07,19.07,1506124.66
2020-07-14,19.07,19.07,18.24,18.56,1109439.45
2020-07-15,18.98,19.47,18.8,18.95,1446881.59
2020-07-16,18.98,19.4,18.01,18.05,1139627.81
2020-07-17,18.09,18.67,17.92,18.41,814126.03
2020-07-20,18.67,20.16,18.54,20.08,1759485.54
2020-07-21,20.12,20.3,19.62,20.18,1030077.3
2020-07-22,20.19,20.28,19.43,19.6,1350299.95
2020-07-23,19.41,19.76,18.89,19.61,946981.3
2020-07-24,19.89,19.95,18.59,18.98,1056436.45
2020-07-27,18.98,19.43,18.8,19.0,599076.86
2020-07-28,19.16,19.22,18.71,18.9,661062.66
2020-07-29,18.89,19.27,18.53,19.26,675959.09
2020-07-30,19.25,19.78,19.1,19.16,658903.67
2020-07-31,18.93,19.42,18.75,18.98,864491.57
2020-08-03,18.98,19.57,18.93,19.34,1082577.5
2020-08-04,19.34,19.65,19.21,19.61,865796.55
2020-08-05,19.61,19.64,18.89,19.16,1026937.39
2020-08-06,19.16,19.21,18.61,18.86,815159.02
2020-08-07,18.89,19.28,18.81,19.04,719795.93
2020-08-10,18.94,19.16,18.64,18.93,597944.04
2020-08-11,19.03,19.29,18.76,18.76,610290.36
2020-08-12,18.8,18.8,17.85,18.27,915424.0
2020-08-13,18.35,18.4,18.13,18.19,376899.92
2020-08-14,18.17,18.39,17.9,18.35,614042.45
2020-08-17,18.39,19.25,18.39,19.16,952736.29
2020-08-18,19.16,19.19,18.94,19.06,387062.25
2020-08-19,19.06,19.56,19.04,19.12,728040.89
2020-08-20,19.07,19.64,18.95,19.16,596337.12
2020-08-21,19.29,19.37,18.75,18.98,467555.91
2020-08-24,18.98,19.96,18.88,19.77,1295134.94
2020-08-25,19.97,20.32,19.68,20.16,859928.24
2020-08-26,20.16,20.55,19.79,20.01,740499.94
2020-08-27,20.29,20.59,20.05,20.4,871875.18
2020-08-28,19.1,20.26,19.1,20.1,1227940.63
2020-08-31,20.3,20.82,19.9,19.91,751450.31
2020-09-01,20.08,20.14,19.74,19.97,424245.27
2020-09-02,20.31,21.0,20.05,20.87,999767.39
2020-09-03,21.22,21.93,20.95,21.39,1134896.17
2020-09-04,20.92,21.31,20.59,20.85,745187.65
2020-09-07,20.92,20.95,19.92,20.15,744515.9
2020-09-08,20.32,21.03,20.17,21.03,741714.73
2020-09-09,20.7,20.71,19.85,20.14,788890.76
2020-09-10,20.3,20.86,20.28,20.56,734638.61
2020-09-11,20.45,20.86,20.14,20.75,475510.25
2020-09-14,20.95,21.13,20.44,20.63,605913.51
2020-09-15,20.61,21.67,20.39,21.6,910780.96
2020-09-16,21.49,22.21,21.4,21.63,816550.67
2020-09-17,21.49,22.65,21.41,22.54,1133604.04
2020-09-18,22.37,22.89,22.04,22.66,862338.91
2020-09-21,22.64,23.17,22.48,22.68,615523.87
2020-09-22,22.3,22.64,22.03,22.24,599194.8
2020-09-23,22.39,22.84,22.27,22.48,473583.89
2020-09-24,22.21,22.42,21.95,22.13,388593.87
2020-09-25,22.26,22.32,21.51,21.84,448398.26
2020-09-28,22.14,22.59,22.06,22.26,532915.62
2020-09-29,22.3,22.43,21.99,22.25,354184.63
2020-09-30,22.25,22.56,22.14,22.38,491498.09
2020-10-09,22.95,23.45,22.83,23.0,675648.1
2020-10-12,23.0,24.85,23.0,24.68,1046216.08
2020-10-13,24.68,25.49,24.26,24.87,606788.05
2020-10-14,24.79,25.28,24.55,24.74,730056.36
2020-10-15,25.0,25.29,24.51,24.7,585318.97
2020-10-16,24.55,25.09,24.28,24.54,543640.0
2020-10-19,24.73,24.87,24.13,24.27,511623.51
2020-10-20,24.27,24.43,23.98,24.43,501105.71
2020-10-21,24.47,24.6,24.06,24.39,414173.59
2020-10-22,24.15,24.16,23.29,23.86,757877.95
2020-10-23,23.69,23.79,21.92,22.29,1374694.83
2020-10-26,21.58,22.74,21.31,22.53,701945.13
2020-10-27,22.61,22.77,22.3,22.77,563291.41
2020-10-28,22.77,23.19,22.52,22.79,490379.23
2020-10-29,22.48,23.56,22.33,23.49,603649.37
2020-10-30,23.27,24.26,23.13,23.34,804181.9
2020-11-02,24.03,24.06,23.25,23.56,538941.26
2020-11-03,23.56,23.64,22.47,22.73,1113468.98
2020-11-04,22.66,23.16,22.49,23.09,611432.89
2020-11-05,23.14,24.16,23.14,24.05,779839.09
2020-11-06,24.26,24.79,23.92,24.72,763065.57
2020-11-09,25.0,25.31,24.18,24.77,856249.46
2020-11-10,25.16,25.16,24.2,24.57,558823.83
2020-11-11,24.58,25.95,24.47,25.46,1015373.7
2020-11-12,25.46,25.97,25.1,25.81,718594.79
2020-11-13,25.43,25.63,24.82,25.32,674806.78
2020-11-16,25.54,25.81,25.2,25.45,587131.06
2020-11-17,25.45,25.87,25.05,25.41,576258.52
2020-11-18,25.36,25.48,24.6,24.73,655156.07
2020-11-19,24.75,25.27,24.3,25.08,473828.94
2020-11-20,25.18,26.15,25.09,26.01,803185.12
2020-11-23,26.15,27.5,26.15,27.07,975520.71
2020-11-24,26.75,27.13,26.62,27.08,510406.43
2020-11-25,26.86,27.12,26.26,26.37,479353.35
2020-11-26,26.33,26.7,25.88,26.63,521332.16
2020-11-27,26.66,27.98,26.66,27.98,1167366.71
2020-11-30,27.95,28.5,27.54,27.62,987541.25
2020-12-01,27.73,28.99,27.63,28.99,920979.73
2020-12-02,28.99,29.53,28.58,29.13,867101.53
2020-12-03,28.8,28.98,28.14,28.47,670901.69
2020-12-04,28.33,28.84,28.04,28.82,583230.89
2020-12-07,29.0,29.35,28.36,28.72,529456.61
2020-12-08,28.64,29.05,28.22,28.31,530554.82
2020-12-09,28.33,28.41,27.68,27.71,622512.42
2020-12-10,27.82,28.13,27.47,27.74,447498.06
2020-12-11,27.81,28.64,27.66,28.33,716269.94
2020-12-14,27.98,28.27,27.52,28.16,628368.77
2020-12-15,28.36,28.88,27.88,28.36,760451.69
2020-12-16,28.24,29.22,28.06,29.08,747973.27
2020-12-17,28.96,29.18,28.52,29.11,622378.75
2020-12-18,28.94,29.11,28.34,28.38,678281.63
2020-12-21,28.24,28.24,27.5,27.88,807548.89
2020-12-22,27.88,28.88,27.71,28.15,739694.28
2020-12-23,28.33,29.42,28.17,29.25,882038.13
2020-12-24,29.5,30.01,29.07,29.39,707390.43
2020-12-25,29.56,30.34,29.34,30.32,631013.73
2020-12-28,30.4,30.94,30.06,30.53,667544.18
2020-12-29,30.4,30.51,29.78,30.1,524752.92
2020-12-30,30.02,31.03,29.91,30.98,638564.26
2020-12-31,31.03,31.62,30.82,31.46,619459.34
2021-01-04,31.7,32.38,30.94,31.3,1027585.57
2021-01-05,31.04,33.1,30.85,32.87,1072169.1
2021-01-06,32.9,33.69,32.38,33.24,1097482.35
2021-01-07,33.72,36.57,33.53,36.32,1401786.36
2021-01-08,36.32,37.21,35.08,36.31,1459535.0
2021-01-11,36.24,39.62,35.97,37.66,1423881.99
2021-01-12,36.88,41.1,36.88,41.1,1608949.95
2021-01-13,41.1,43.98,38.67,39.75,2631425.64
2021-01-14,39.46,40.38,36.51,37.14,2382251.52
2021-01-15,37.14,37.92,35.47,37.27,1754349.16
2021-01-18,37.28,37.91,35.76,37.46,1213881.22
2021-01-19,36.88,37.39,35.09,35.34,1684572.3
2021-01-20,35.34,36.38,35.34,35.84,1098106.87
2021-01-21,36.35,37.59,36.35,37.59,1379488.13
2021-01-22,37.52,37.52,36.34,37.14,1124266.91
2021-01-25,36.87,39.44,35.77,39.12,1759796.02
2021-01-26,38.47,38.62,37.03,37.29,1219117.79
2021-01-27,36.87,38.28,36.7,38.13,1122314.97
2021-01-28,36.68,37.6,36.12,36.3,986387.27
2021-01-29,37.0,37.22,35.79,36.39,883511.85
2021-02-01,36.06,37.74,35.42,37.52,958693.91
2021-02-02,37.95,38.65,37.58,37.93,1046126.07
2021-02-03,37.8,39.34,37.65,39.07,1287816.29
2021-02-04,38.5,38.85,37.14,38.06,1105930.33
2021-02-05,38.17,39.02,37.23,37.39,1069659.06
2021-02-08,37.68,40.92,37.67,40.44,1632425.68
2021-02-09,40.73,43.39,40.12,42.12,1591840.05
2021-02-10,42.34,43.89,41.2,43.1,1196678.22
2021-02-18,44.76,45.24,42.18,42.4,1302039.52
2021-02-19,42.32,42.74,39.11,40.44,1760577.57
2021-02-22,40.29,40.81,38.77,38.92,1394752.67
2021-02-23,38.85,40.97,38.67,39.93,1301483.04
2021-02-24,40.47,40.99,38.11,38.54,1529866.95
2021-02-25,38.8,39.54,37.3,38.81,1300728.7
2021-02-26,36.87,37.86,36.52,36.97,1213316.32
2021-03-01,37.59,39.79,37.2,39.79,1303574.22
2021-03-02,40.27,40.79,38.83,39.12,1074164.31
2021-03-03,38.67,39.03,37.83,38.9,882802.66
2021-03-04,38.6,38.66,36.42,36.86,1303710.64
2021-03-05,35.42,37.56,35.09,36.97,861336.53
2021-03-08,36.87,38.27,35.42,35.71,1164056.52
2021-03-09,35.28,35.43,32.29,33.18,2076559.69
2021-03-10,34.19,34.61,33.49,34.04,1169065.62
2021-03-11,34.08,35.15,33.95,34.31,1032286.18
2021-03-12,34.49,34.76,32.97,33.97,1006360.01
2021-03-15,33.7,33.72,32.01,32.27,1126098.07
2021-03-16,32.26,32.73,31.1,31.66,1370827.83
2021-03-17,32.11,32.99,31.54,32.67,1123185.92
2021-03-18,32.9,33.54,32.74,33.27,838626.22
2021-03-19,32.38,33.06,32.12,32.4,960952.94
2021-03-22,33.06,34.52,32.69,33.1,1104056.69
2021-03-23,33.12,33.24,31.65,32.18,764081.19
2021-03-24,31.94,32.15,30.36,30.57,1275561.33
2021-03-25,30.13,30.83,29.84,30.58,722167.95
2021-03-26,31.01,32.38,30.86,32.09,1139709.43
2021-03-29,32.2,32.69,31.63,32.25,733153.79
2021-03-30,32.83,33.62,32.39,33.3,959957.6
2021-03-31,33.15,33.15,30.49,30.71,2502768.32
2021-04-01,30.33,31.62,30.26,31.39,1145615.47
2021-04-02,31.49,32.2,31.07,31.72,851963.1
2021-04-06,31.72,32.27,31.1,31.39,767973.96
2021-04-07,31.23,31.52,30.68,31.42,823203.94
2021-04-08,31.73,31.73,30.86,30.92,726079.64
2021-04-09,31.3,31.34,29.84,30.04,1088922.88
2021-04-12,30.05,30.13,27.77,28.07,2234660.67
2021-04-13,28.15,28.67,27.85,28.17,969220.11
2021-04-14,28.36,28.59,28.12,28.36,757668.1
2021-04-15,28.24,28.51,27.3,28.45,977149.11
2021-04-16,29.23,29.38,28.27,28.63,992833.55
2021-04-19,28.64,29.68,27.9,29.59,1342117.24
2021-04-20,29.29,29.49,28.79,29.07,1037919.44
2021-04-21,28.77,28.87,28.08,28.69,897971.64
2021-04-22,28.62,28.93,28.31,28.48,734374.23
2021-04-23,28.48,29.85,28.45,29.61,1590716.49
2021-04-26,29.62,29.99,28.51,28.64,1362622.67
2021-04-27,28.37,28.46,27.72,28.2,995982.2
2021-04-28,28.42,28.55,27.91,28.35,842658.77
2021-04-29,28.49,28.59,28.02,28.52,832734.04
2021-04-30,28.63,28.66,27.5,27.77,1351858.87
2021-05-06,28.13,28.15,26.92,27.14,1264653.11
2021-05-07,27.57,28.03,27.19,27.26,1085275.29
2021-05-10,27.0,27.29,26.08,26.7,1358521.25
2021-05-11,26.38,26.48,25.34,26.08,1740506.67
2021-05-12,25.66,26.2,25.52,25.85,1210064.24
2021-05-13,25.41,25.66,24.79,24.87,1884648.05
2021-05-14,24.87,26.26,24.65,26.15,2129888.47
2021-05-17,26.17,27.25,25.78,26.86,2060581.87
2021-05-18,26.84,26.84,26.27,26.64,946794.26
2021-05-19,26.53,27.29,26.22,26.69,1239398.74
2021-05-20,26.91,27.41,26.58,26.72,1176337.48
2021-05-21,26.53,26.56,25.85,25.98,1298774.91
2021-05-24,25.95,26.75,25.45,26.71,1395484.81
2021-05-25,26.57,26.95,26.0,26.8,1814636.09
2021-05-26,27.07,28.13,27.04,27.25,2502347.54
2021-05-27,26.96,28.02,26.72,27.91,2200432.95
2021-05-28,27.97,28.13,27.25,27.43,1727863.29
2021-05-31,27.47,27.57,26.75,27.24,1526014.56
2021-06-01,27.09,28.44,26.93,28.44,2430240.22
2021-06-02,28.6,29.0,27.88,27.99,1800864.33
2021-06-03,27.99,28.17,27.53,27.74,1140391.25
2021-06-04,27.48,27.65,27.03,27.29,1543475.74
2021-06-07,27.16,27.56,26.98,27.12,1156197.63
2021-06-08,27.16,27.43,27.0,27.38,1019923.38
2021-06-09,27.25,27.38,27.03,27.09,756662.35
2021-06-10,27.07,27.43,26.34,26.37,1810843.22
2021-06-11,26.08,26.08,25.18,25.44,2410423.1
2021-06-15,25.41,25.41,24.64,25.27,1272156.98
2021-06-16,25.4,25.4,24.69,24.74,1099464.28
2021-06-17,24.74,25.16,24.49,24.89,942489.57
2021-06-18,24.95,25.15,24.24,25.15,1525634.71
2021-06-21,25.09,25.09,24.67,24.85,871095.93
2021-06-22,24.8,26.27,24.77,25.95,2062828.78
2021-06-23,25.95,26.08,25.36,25.82,1296483.25
2021-06-24,25.83,26.05,25.46,25.92,904459.95
2021-06-25,25.97,26.93,25.8,26.75,1786651.28
2021-06-28,26.8,26.86,26.19,26.46,1250107.63
2021-06-29,26.29,26.36,25.59,25.61,1264964.54
2021-06-30,25.64,26.81,25.64,26.71,1768528.53
2021-07-01,26.86,27.12,26.01,26.09,1269384.21
2021-07-02,25.82,25.82,24.77,24.85,1809100.93
2021-07-05,24.78,24.78,23.64,24.0,1985414.77
2021-07-06,23.75,24.27,23.75,24.11,1110952.34
2021-07-07,23.9,24.43,23.9,24.08,1177822.44
2021-07-08,24.14,24.32,23.19,23.27,1980842.93
2021-07-09,23.12,23.75,22.85,23.62,1248698.82
2021-07-12,23.71,24.19,23.53,23.59,1379850.63
2021-07-13,23.57,24.15,23.36,24.06,1337636.7
2021-07-14,23.93,23.94,23.2,23.29,1330578.39
2021-07-15,23.29,23.58,22.83,23.49,1372563.15
2021-07-16,23.2,23.25,22.92,23.01,1202295.58
2021-07-19,22.79,23.39,22.06,23.29,2254369.13
2021-07-20,22.96,24.19,22.73,23.92,2246203.36
2021-07-21,24.01,24.33,23.64,23.72,1661988.9
2021-07-22,23.71,25.64,23.63,25.41,3456839.96
2021-07-23,25.47,26.27,25.11,25.15,2504614.55
2021-07-26,24.95,25.07,24.2,24.35,1753585.85
2021-07-27,24.61,24.77,23.02,23.07,1807431.77
2021-07-28,22.91,23.32,22.53,22.92,1140379.44
2021-07-29,23.3,23.73,22.98,23.51,1222298.47
2021-07-30,23.19,23.2,22.61,22.81,1201515.58
2021-08-02,22.83,25.09,22.47,25.09,2327436.67
2021-08-03,25.73,27.32,25.37,26.43,5106277.27
2021-08-04,26.81,28.42,26.8,27.8,4315913.35
2021-08-05,27.92,28.3,27.11,27.64,2666830.46
2021-08-06,27.57,28.18,27.23,27.52,2165324.62
2021-08-09,27.48,29.41,27.16,28.89,3598695.21
2021-08-10,28.76,29.21,27.98,29.04,2601924.84
2021-08-11,29.57,30.39,28.49,28.58,2442119.42
2021-08-12,28.67,28.94,27.67,27.99,2110758.98
2021-08-13,27.99,28.63,27.81,28.33,1589002.08
2021-08-16,28.38,28.4,26.88,26.95,2424887.65
2021-08-17,26.93,27.43,26.18,26.51,2023962.04
2021-08-18,26.52,26.94,26.04,26.79,1656174.93
2021-08-19,26.37,26.43,25.61,25.97,1918405.64
2021-08-20,25.6,26.28,25.45,25.77,1430835.1
2021-08-23,25.78,26.56,25.57,26.54,1826688.09
2021-08-24,26.53,26.53,25.68,25.78,2143199.14
2021-08-25,25.55,25.55,24.63,24.65,2859889.05
2021-08-26,24.5,25.0,24.43,24.85,1733392.54
2021-08-27,24.51,25.36,24.17,25.09,1827000.47
2021-08-30,24.35,24.5,23.44,23.66,3243518.38
2021-08-31,23.74,24.32,23.74,24.1,1928700.42
2021-09-01,24.12,26.51,23.57,26.51,4445395.01
2021-09-02,26.74,26.84,25.68,26.21,3263300.08
2021-09-03,25.78,26.19,25.41,25.85,1965786.14
2021-09-06,26.04,27.5,25.82,26.88,2953187.77
2021-09-07,26.79,26.82,26.38,26.76,1832882.52
2021-09-08,26.65,26.65,25.97,26.02,1860416.81
2021-09-09,25.81,26.62,25.73,26.0,1429616.95
2021-09-10,26.01,26.42,25.56,26.02,1463076.45
2021-09-13,25.98,25.98,25.12,25.29,1648827.86
2021-09-14,25.23,25.65,24.72,24.82,1329839.36
2021-09-15,24.67,24.68,24.17,24.43,1502057.62
2021-09-16,24.18,24.68,24.17,24.61,1381320.07
2021-09-17,24.52,24.52,24.01,24.29,974255.25
2021-09-22,23.88,24.09,23.46,23.75,1280598.23
2021-09-23,23.83,24.64,23.83,24.21,1179723.81
2021-09-24,24.09,24.09,23.71,23.78,1013200.86
2021-09-27,23.71,23.71,22.93,23.14,1680431.31
2021-09-28,23.02,23.57,22.98,23.3,921453.09
2021-09-29,23.01,23.62,22.97,23.14,1029996.39
2021-09-30,23.34,23.66,23.21,23.38,904087.58
2021-10-08,23.51,24.16,23.38,24.04,1202751.49
2021-10-11,24.06,24.24,23.78,23.83,850601.08
2021-10-12,23.72,23.8,23.11,23.33,984220.04
2021-10-13,23.21,23.51,23.2,23.37,611173.43
2021-10-14,23.38,23.67,23.32,23.54,674322.4
2021-10-15,23.57,23.61,23.16,23.22,719281.41
2021-10-18,23.23,23.25,22.57,22.81,1108910.99
2021-10-19,22.7,23.3,22.62,22.98,1052836.2
2021-10-20,22.97,23.19,22.7,22.79,899870.92
2021-10-21,22.74,22.84,22.48,22.57,1042759.83
2021-10-22,22.44,23.43,22.44,23.12,1446452.22
2021-10-25,22.96,22.96,22.57,22.85,878759.2
2021-10-26,22.79,23.06,22.54,22.66,900806.26
2021-10-27,22.67,22.73,22.11,22.18,1135294.04
2021-10-28,22.06,22.08,21.0,21.01,1867441.86
2021-10-29,20.62,21.55,20.62,21.1,1328347.53
2021-11-01,21.03,21.41,20.67,21.19,977550.13
2021-11-02,21.2,21.28,20.42,20.59,1275013.23
2021-11-03,20.59,20.75,20.19,20.72,1185374.6
2021-11-04,20.61,20.92,20.45,20.78,928102.13
2021-11-05,20.76,21.32,20.57,21.14,1567988.01
2021-11-08,21.15,21.37,20.89,20.92,824564.19
2021-11-09,20.77,20.84,20.32,20.39,1305077.56
2021-11-10,20.25,20.31,19.77,20.01,1438254.73
2021-11-11,19.98,20.73,19.86,20.73,1687343.02
2021-11-12,20.57,20.58,20.2,20.37,995900.52
2021-11-15,20.47,20.63,20.32,20.39,771862.37
2021-11-16,20.49,20.62,20.22,20.23,758666.66
2021-11-17,20.18,20.36,19.94,20.28,840581.07
2021-11-18,20.22,20.22,19.94,19.96,808603.42
2021-11-19,19.9,20.22,19.67,20.12,1257621.54
2021-11-22,20.12,20.49,20.06,20.26,969523.41
2021-11-23,20.22,21.22,20.14,21.05,2233422.18
2021-11-24,21.14,21.14,20.63,20.73,1209785.13
2021-11-25,20.72,21.03,20.41,20.89,1141548.02
2021-11-26,20.76,21.08,20.62,20.67,905427.41
2021-11-29,20.23,20.37,20.12,20.28,834447.93
2021-11-30,20.28,20.42,20.11,20.12,742530.1
2021-12-01,20.12,20.29,20.04,20.26,583551.99
2021-12-02,20.11,20.76,19.99,20.55,1379479.08
2021-12-03,20.53,20.72,20.27,20.63,997159.14
2021-12-06,20.72,21.18,20.62,20.85,1504016.05
2021-12-07,21.23,22.47,21.05,22.28,3947906.09
2021-12-08,22.06,22.07,21.56,21.83,2632693.85
2021-12-09,21.65,22.19,21.6,21.88,1836729.2
2021-12-10,21.69,21.82,21.26,21.29,1636866.24
2021-12-13,21.74,22.72,21.73,22.17,3438032.68
2021-12-14,21.92,22.05,21.71,21.78,1490329.74
2021-12-15,21.76,21.99,21.69,21.7,902656.83
2021-12-16,21.68,21.96,21.49,21.95,1051962.35
2021-12-17,22.05,22.31,21.63,21.63,1161497.52
2021-12-20,21.6,21.6,21.24,21.27,934362.87
2021-12-21,21.25,21.62,21.23,21.53,695688.44
2021-12-22,21.64,21.64,21.26,21.33,654163.66
2021-12-23,21.35,21.61,20.99,21.61,1014699.93
2021-12-24,21.5,21.84,21.39,21.47,803014.54
2021-12-27,21.47,21.82,21.31,21.6,651198.69
2021-12-28,21.67,22.05,21.67,21.83,887067.47
2021-12-29,21.84,21.93,21.44,21.46,678215.77
2021-12-30,21.34,21.41,21.23,21.26,743898.31
2021-12-31,21.3,21.38,20.88,20.95,977086.7
2022-01-04,20.94,21.03,20.69,20.95,770091.19
2022-01-05,20.96,21.4,20.82,21.21,1275573.66
2022-01-06,21.05,22.15,21.01,21.92,2285160.44
2022-01-07,21.84,23.07,21.83,22.8,3204665.66
2022-01-10,23.16,23.26,22.43,22.85,1600712.97
2022-01-11,22.93,23.11,22.44,22.53,1407033.41
2022-01-12,22.53,22.64,22.07,22.51,1082693.57
2022-01-13,22.44,22.62,21.94,21.98,1053381.19
2022-01-14,21.94,21.94,21.44,21.49,950402.58
2022-01-17,21.42,21.6,21.22,21.52,762110.29
2022-01-18,21.37,21.87,21.21,21.63,1182797.99
2022-01-19,21.84,22.51,21.76,22.38,1967515.21
2022-01-20,22.38,22.61,21.81,22.28,1275798.35
2022-01-21,22.1,22.12,21.23,21.3,1595809.26
2022-01-24,21.09,21.3,20.7,20.91,1016891.4
2022-01-25,20.77,21.0,19.98,20.04,1355528.47
2022-01-26,20.04,20.35,19.73,20.19,836206.79
2022-01-27,20.03,20.1,18.99,19.05,1551518.47
2022-01-28,19.1,19.22,18.4,18.51,1239028.2
2022-02-07,18.88,19.15,18.72,19.06,807591.23
2022-02-08,19.22,19.65,19.08,19.53,960919.81
2022-02-09,19.53,19.53,19.18,19.47,761526.45
2022-02-10,19.49,19.61,19.3,19.49,613221.87
2022-02-11,19.48,19.54,19.04,19.13,797665.4
2022-02-14,18.99,19.17,18.61,18.8,739344.21
2022-02-15,18.75,19.1,18.7,19.07,576762.12
2022-02-16,19.22,19.3,19.0,19.13,502589.99
2022-02-17,19.15,19.2,18.93,19.07,495150.75
2022-02-18,18.88,19.21,18.83,19.2,589973.68
2022-02-21,19.16,19.17,18.96,19.1,554917.46
2022-02-22,18.91,18.93,18.66,18.73,724747.33
2022-02-23,18.73,19.09,18.73,19.07,759201.8
2022-02-24,19.01,19.01,18.45,18.55,941205.62
2022-02-25,18.66,18.82,18.43,18.54,828823.31
2022-02-28,18.52,18.52,17.94,18.02,1484793.31
2022-03-01,18.01,18.16,17.97,18.14,836302.43
2022-03-02,18.01,18.02,17.83,17.92,753204.03
2022-03-03,17.96,18.01,17.82,17.86,716940.72
2022-03-04,17.74,17.74,17.35,17.4,1190481.15
2022-03-07,17.2,17.2,16.6,16.69,1375916.74
2022-03-08,16.63,16.81,15.92,16.23,1358397.06
2022-03-09,16.27,16.35,15.02,15.7,1557047.42
2022-03-10,16.06,16.07,15.78,15.83,1054387.73
2022-03-11,15.52,16.43,15.32,16.42,1422211.74
2022-03-14,16.14,16.56,16.01,16.01,830121.69
2022-03-15,15.91,16.01,15.16,15.16,1065802.18
2022-03-16,15.58,15.87,14.89,15.78,1253953.53
2022-03-17,16.04,16.64,15.92,16.28,1613010.93
2022-03-18,16.17,16.61,16.01,16.5,1259281.71
2022-03-21,16.54,16.61,16.17,16.33,778628.5
2022-03-22,16.2,16.42,16.1,16.28,523797.24
2022-03-23,16.23,16.39,16.17,16.2,538270.52
2022-03-24,16.07,16.13,15.86,16.04,584009.79
2022-03-25,16.04,16.14,15.7,15.71,590868.46
2022-03-28,15.62,15.9,15.37,15.84,594563.29
2022-03-29,15.83,15.85,15.34,15.36,663230.58
2022-03-30,15.51,16.22,15.45,16.2,1310995.3
2022-03-31,16.08,16.36,16.04,16.1,845969.14
2022-04-01,15.97,16.27,15.92,16.13,683773.27
2022-04-06,15.99,16.57,15.86,16.43,1330260.33
2022-04-07,16.27,16.66,16.19,16.23,1286201.62
2022-04-08,16.36,17.86,16.36,17.71,3231222.36
2022-04-11,17.64,17.64,17.01,17.11,1946831.92
2022-04-12,16.99,17.4,16.88,17.26,1272038.21
2022-04-13,17.0,17.0,16.63,16.69,1109104.44
2022-04-14,16.77,17.37,16.74,17.23,1189238.8
2022-04-15,17.0,17.17,16.87,16.94,727624.2
2022-04-18,16.78,16.81,16.5,16.55,706915.57
2022-04-19,16.53,16.76,16.09,16.25,878827.48
2022-04-20,16.31,16.41,15.92,15.97,656637.11
2022-04-21,15.91,15.96,15.31,15.36,999495.93
2022-04-22,15.27,15.61,15.0,15.48,672453.42
2022-04-25,14.7,14.91,14.06,14.08,1354571.35
2022-04-26,14.09,14.21,13.4,13.43,1147581.21
2022-04-27,13.51,14.43,13.51,14.35,1507078.84
2022-04-28,14.35,14.57,14.11,14.5,993750.4
2022-04-29,14.27,15.44,14.07,15.16,1483535.63
2022-05-05,15.16,15.57,15.07,15.25,909264.74
2022-05-06,14.93,15.26,14.75,14.9,676836.61
2022-05-09,14.91,15.03,14.57,14.65,628010.09
2022-05-10,14.39,15.02,14.22,14.89,740530.85
2022-05-11,14.81,15.19,14.81,14.89,873011.6
2022-05-12,14.72,14.94,14.46,14.62,810271.34
2022-05-13,14.79,15.16,14.64,14.7,1211160.37
2022-05-16,15.13,15.44,14.87,14.92,1485487.17
2022-05-17,14.89,15.06,14.68,15.01,856111.7
2022-05-18,15.03,15.06,14.8,14.8,724651.9
2022-05-19,14.52,14.63,14.33,14.62,892185.68
2022-05-20,14.67,15.35,14.65,15.25,1648919.48
2022-05-23,15.36,15.37,14.99,15.07,869326.8
2022-05-24,15.08,15.24,14.68,14.68,841398.72
2022-05-25,14.61,14.96,14.53,14.94,701536.92
2022-05-26,15.04,15.9,15.02,15.7,2024952.75
2022-05-27,15.82,15.85,15.49,15.6,1146041.47
2022-05-30,15.71,15.78,15.31,15.43,868689.61
2022-05-31,15.44,15.58,15.26,15.58,1049631.14
2022-06-01,15.49,15.67,15.31,15.44,873360.84
2022-06-02,15.5,15.68,15.44,15.58,709834.72
2022-06-06,15.58,16.02,15.44,15.97,1158658.26
2022-06-07,15.96,16.36,15.92,16.09,1222139.62
2022-06-08,16.08,16.22,15.77,15.94,789634.95
2022-06-09,15.96,16.33,15.81,16.0,898972.17
2022-06-10,15.94,15.94,15.52,15.86,1090577.82
2022-06-13,15.65,16.79,15.57,16.58,1931599.59
2022-06-14,16.46,17.27,16.34,17.21,1508094.93
2022-06-15,17.27,17.88,17.23,17.26,2252961.78
2022-06-16,17.26,17.58,16.79,16.9,1233669.96
2022-06-17,16.71,17.17,16.53,16.97,1091037.7
2022-06-20,16.99,17.65,16.76,17.53,1285642.43
2022-06-21,17.45,17.69,17.19,17.53,1068434.43
2022-06-22,17.58,17.62,16.98,16.99,784997.07
2022-06-23,16.99,17.24,16.93,17.23,630356.3
2022-06-24,17.22,17.23,16.83,17.08,1040727.32
2022-06-27,17.02,17.66,17.0,17.52,1291018.52
2022-06-28,17.53,17.66,17.39,17.57,657875.57
2022-06-29,17.51,17.98,17.35,17.36,1022353.49
2022-06-30,17.32,18.1,17.28,17.98,1410606.17
2022-07-01,18.21,19.23,18.21,18.72,2157110.55
2022-07-04,19.03,19.03,18.57,18.71,1094727.28
2022-07-05,18.72,18.72,18.02,18.3,1216377.87
2022-07-06,18.22,18.22,17.45,17.62,1282729.69
2022-07-07,17.65,18.03,17.45,17.85,751130.65
2022-07-08,17.84,18.38,17.84,17.93,732290.87
2022-07-11,17.93,18.21,17.59,17.78,628797.74
2022-07-12,17.66,18.14,17.65,17.79,573692.74
2022-07-13,17.97,18.54,17.73,18.23,1053031.38
2022-07-14,18.01,18.1,17.74,17.86,790310.97
2022-07-15,17.53,17.53,16.51,16.66,1861512.93
2022-07-18,16.73,17.73,16.67,17.69,1236003.25
2022-07-19,17.81,17.87,17.23,17.35,718040.01
2022-07-20,17.37,17.44,17.1,17.18,514076.84
2022-07-21,17.18,17.23,16.9,16.9,555148.36
2022-07-22,16.89,17.23,16.68,16.9,550021.33
2022-07-25,16.98,17.16,16.72,16.82,494973.71
2022-07-26,16.82,17.13,16.77,17.07,448007.71
2022-07-27,17.06,17.06,16.73,16.82,436711.89
2022-07-28,16.88,16.93,16.69,16.71,599126.69
2022-07-29,16.76,16.78,15.96,16.07,1319745.91
2022-08-01,16.04,16.12,15.73,16.08,596430.16
2022-08-02,15.94,15.94,15.2,15.48,941883.98
2022-08-03,15.55,15.82,15.16,15.21,681360.06
2022-08-04,15.33,15.55,15.22,15.39,474371.78
2022-08-05,15.4,15.56,15.3,15.56,482725.46
2022-08-08,15.52,15.73,15.48,15.66,400824.64
2022-08-09,15.68,15.71,15.47,15.53,304262.54
2022-08-10,15.48,15.53,15.16,15.23,623294.68
2022-08-11,15.25,15.84,15.25,15.8,860581.07
2022-08-12,15.75,15.93,15.69,15.85,519038.55
2022-08-15,15.82,15.91,15.56,15.71,428290.95
2022-08-16,15.71,15.82,15.6,15.66,335704.04
2022-08-17,15.68,15.8,15.42,15.71,474368.98
2022-08-18,15.68,15.68,15.43,15.45,416012.13
2022-08-19,15.42,15.61,15.33,15.34,401416.01
2022-08-22,15.26,15.44,15.23,15.37,378157.67
2022-08-23,15.37,15.37,15.09,15.16,620105.16
2022-08-24,15.16,15.22,14.53,14.58,1187475.8
2022-08-25,14.67,14.74,14.39,14.72,754719.19
2022-08-26,14.73,14.84,14.59,14.64,441728.34
2022-08-29,14.4,14.74,14.35,14.68,435087.77
2022-08-30,14.68,14.94,14.65,14.7,417094.66
2022-08-31,14.57,14.96,14.48,14.86,631434.24
2022-09-01,14.86,15.16,14.79,14.95,673591.03
2022-09-02,14.93,14.98,14.61,14.73,454175.54
2022-09-05,14.67,14.7,14.4,14.57,450280.09
2022-09-06,14.61,14.88,14.61,14.84,485886.74
2022-09-07,14.78,14.86,14.65,14.72,336875.92
2022-09-08,14.76,14.93,14.74,14.86,409788.98
2022-09-09,14.86,15.39,14.77,15.34,1056494.44
2022-09-13,15.26,15.53,15.23,15.38,597397.77
2022-09-14,15.16,15.33,15.1,15.23,442309.65
2022-09-15,15.26,15.51,15.09,15.28,582444.99
2022-09-16,15.25,15.27,14.72,14.72,644051.71
2022-09-19,14.68,14.68,14.01,14.12,872137.49
2022-09-20,14.17,14.23,14.06,14.11,475431.02
2022-09-21,14.1,14.35,13.87,14.21,620203.21
2022-09-22,14.09,14.16,13.81,13.86,574250.01
2022-09-23,13.87,13.94,13.44,13.6,632600.82
2022-09-26,13.57,13.6,13.19,13.25,757124.66
2022-09-27,13.25,13.57,13.22,13.56,518192.73
2022-09-28,13.56,13.65,13.29,13.29,399408.33
2022-09-29,13.4,13.45,12.93,13.07,616356.31
2022-09-30,13.07,13.27,13.07,13.09,452527.39
2022-10-10,13.09,13.3,12.89,12.91,407553.37
2022-10-11,12.91,12.95,12.66,12.84,341080.7
2022-10-12,12.93,13.73,12.78,13.68,836900.94
2022-10-13,13.61,13.71,13.43,13.63,483018.53
2022-10-14,13.68,14.05,13.64,13.83,605012.78
2022-10-17,13.75,14.18,13.67,14.15,627288.15
2022-10-18,14.17,14.23,13.89,13.94,479995.75
2022-10-19,13.94,14.05,13.73,13.8,398841.66
2022-10-20,13.7,13.96,13.63,13.73,349700.5
2022-10-21,13.82,14.06,13.65,13.67,458859.59
2022-10-24,13.69,14.1,13.26,13.35,779585.3
2022-10-25,13.4,13.88,13.4,13.59,780903.54
2022-10-26,13.68,14.0,13.68,13.88,555922.98
2022-10-27,13.96,14.1,13.82,13.98,557331.66
2022-10-28,13.87,13.98,13.49,13.55,564593.23
2022-10-31,13.2,13.2,12.55,12.73,1195598.95
2022-11-01,12.77,14.01,12.67,14.01,1542831.48
2022-11-02,14.04,14.6,13.92,14.3,1535249.11
2022-11-03,14.15,14.51,14.12,14.35,774583.52
2022-11-04,14.33,14.67,14.25,14.49,845752.12
2022-11-07,14.43,14.52,14.29,14.4,530234.95
2022-11-08,14.4,14.52,14.06,14.19,607529.33
2022-11-09,14.2,14.36,14.15,14.2,374293.27
2022-11-10,14.17,14.18,13.97,14.11,399156.16
2022-11-11,14.44,15.29,14.27,15.0,1724798.97
2022-11-14,15.38,15.52,14.89,14.96,1352010.77
2022-11-15,14.96,15.22,14.82,15.16,727731.71
2022-11-16,15.09,15.09,14.77,14.87,615169.75
2022-11-17,14.73,14.87,14.65,14.82,430612.0
2022-11-18,14.82,14.94,14.53,14.6,574943.06
2022-11-21,14.51,14.52,14.32,14.51,415198.55
2022-11-22,14.54,14.83,14.46,14.58,549684.98
2022-11-23,14.45,14.9,14.45,14.59,608285.2
2022-11-24,14.66,15.07,14.65,14.7,747438.98
2022-11-25,14.68,15.07,14.59,15.0,837103.7
2022-11-28,14.72,14.73,14.23,14.46,728036.65
2022-11-29,14.72,15.28,14.72,15.27,1553312.85
2022-11-30,15.29,15.29,14.89,15.01,742104.86
2022-12-01,15.38,15.43,14.98,15.02,738429.08
2022-12-02,14.91,14.96,14.77,14.81,607371.1
2022-12-05,14.91,15.4,14.9,15.4,1185225.69
2022-12-06,15.24,15.49,15.19,15.32,669075.32
2022-12-07,15.28,15.28,15.02,15.13,583622.78
2022-12-08,15.23,15.23,15.07,15.14,461200.19
2022-12-09,15.22,16.07,15.17,15.95,1942469.23
2022-12-12,15.89,16.06,15.6,15.68,948257.99
2022-12-13,15.59,15.8,15.51,15.63,583521.37
2022-12-14,15.56,16.1,15.53,15.83,1007020.67
2022-12-15,15.76,15.99,15.52,15.61,558028.35
2022-12-16,15.44,16.02,15.44,15.76,690852.49
2022-12-19,15.71,15.89,15.38,15.46,619131.26
2022-12-20,15.44,15.49,14.78,14.9,845660.44
2022-12-21,14.9,15.4,14.87,15.08,569438.03
2022-12-22,15.29,15.54,15.2,15.29,488863.22
2022-12-23,15.2,15.45,15.08,15.23,371592.54
2022-12-26,15.23,15.31,14.97,15.29,401719.21
2022-12-27,15.43,15.47,15.19,15.26,328299.08
2022-12-28,15.27,15.27,14.89,14.94,430871.37
2022-12-29,14.81,14.86,14.62,14.77,556119.78
2022-12-30,14.81,15.22,14.81,14.9,432576.33
2023-01-03,14.9,14.94,14.63,14.9,445067.41
2023-01-04,14.9,15.33,14.83,15.14,759047.66
2023-01-05,15.21,15.45,15.15,15.41,604805.27
2023-01-06,15.36,15.59,15.29,15.56,586022.69
2023-01-09,15.62,16.07,15.57,15.99,1249264.68
2023-01-10,15.97,16.04,15.85,15.92,499625.24
2023-01-11,15.81,15.98,15.73,15.77,522236.62
2023-01-12,15.81,15.86,15.58,15.8,456836.48
2023-01-13,15.82,16.06,15.73,16.06,629384.19
2023-01-16,16.09,16.34,15.86,16.06,962549.0
2023-01-17,16.08,16.32,16.01,16.21,545001.59
2023-01-18,16.23,16.44,16.06,16.13,527485.95
2023-01-19,16.05,16.2,15.92,16.15,548600.72
2023-01-20,16.15,16.4,16.13,16.29,468944.7
2023-01-30,16.51,16.59,16.23,16.28,631917.12
2023-01-31,16.25,16.59,16.16,16.53,812980.17
2023-02-01,16.55,16.57,15.95,16.25,1089033.62
2023-02-02,16.22,16.25,16.01,16.03,649914.41
2023-02-03,15.94,15.95,15.56,15.72,940482.56
2023-02-06,15.57,15.81,15.49,15.55,548198.26
2023-02-07,15.61,15.68,15.48,15.58,501503.1
2023-02-08,15.57,15.62,15.5,15.52,313095.79
2023-02-09,15.56,15.7,15.47,15.7,540916.54
2023-02-10,15.7,15.77,15.53,15.59,485650.83
2023-02-13,15.72,17.15,15.68,17.15,3588879.05
2023-02-14,17.07,17.42,16.9,17.3,2025143.52
2023-02-15,17.31,17.36,17.06,17.2,887424.77
2023-02-16,17.18,17.25,16.62,16.81,1013491.97
2023-02-17,16.8,17.29,16.8,17.01,1210902.41
2023-02-20,17.35,18.54,17.29,18.45,2433212.34
2023-02-21,18.43,18.5,17.99,18.17,1391611.24
2023-02-22,18.3,18.61,18.11,18.24,883143.59
2023-02-23,18.24,18.3,17.92,18.06,675699.52
2023-02-24,18.17,18.21,17.35,17.6,1302536.0
2023-02-27,17.45,17.9,17.44,17.7,857609.14
2023-02-28,17.74,17.89,17.36,17.67,740317.41
2023-03-01,17.7,18.21,17.52,18.18,1187691.8
2023-03-02,18.12,18.35,18.06,18.21,781247.8
2023-03-03,18.21,18.33,18.05,18.2,512808.21
2023-03-06,17.92,18.02,17.46,17.49,1356592.25
2023-03-07,17.48,17.66,17.15,17.18,766772.8
2023-03-08,17.07,17.4,16.98,17.24,499761.44
2023-03-09,17.24,17.33,16.8,16.93,637604.09
2023-03-10,16.83,17.08,16.7,16.77,452220.25
2023-03-13,16.82,17.33,16.82,16.91,743430.92
2023-03-14,16.9,16.9,16.29,16.44,769726.3
2023-03-15,16.55,16.67,16.43,16.56,594676.3
2023-03-16,16.49,16.68,16.34,16.39,513320.74
2023-03-17,16.57,16.76,16.4,16.48,702792.12
2023-03-20,16.48,16.94,16.14,16.24,837221.56
2023-03-21,16.24,16.37,16.11,16.32,509763.82
2023-03-22,16.46,16.56,16.31,16.45,465564.02
2023-03-23,16.41,16.47,16.16,16.4,536712.25
2023-03-24,16.4,16.4,15.71,15.98,1068992.59
2023-03-27,15.98,15.98,15.6,15.86,756367.11
2023-03-28,15.88,16.06,15.77,15.82,504371.03
2023-03-29,15.9,16.23,15.79,16.14,652224.49
2023-03-30,16.17,16.4,15.95,16.23,625321.64
2023-03-31,16.28,16.37,16.07,16.12,547219.99
2023-04-03,16.16,16.84,16.16,16.69,1035884.15
2023-04-04,16.63,16.79,16.52,16.7,550101.49
2023-04-06,16.7,16.83,16.52,16.61,487994.52
2023-04-07,16.61,16.7,16.4,16.41,501278.19
2023-04-10,16.43,16.48,16.02,16.06,850317.66
2023-04-11,16.09,16.56,15.95,16.53,904570.0
2023-04-12,16.54,16.62,16.37,16.4,459161.57
2023-04-13,16.39,16.54,16.05,16.1,748429.98
2023-04-14,16.13,16.2,16.0,16.03,429286.12
2023-04-17,16.04,16.45,16.01,16.34,639092.72
2023-04-18,16.38,16.42,16.16,16.31,474728.41
2023-04-19,16.32,16.36,15.96,16.05,593402.63
2023-04-20,16.03,16.2,15.85,15.94,555025.51
2023-04-21,15.86,16.18,15.62,15.66,595312.7
2023-04-24,15.67,15.72,15.01,15.09,973013.6
2023-04-25,15.19,15.28,14.92,15.25,684726.57
2023-04-26,15.27,15.33,15.03,15.12,473179.28
2023-04-27,15.13,15.34,15.04,15.3,518734.26
2023-04-28,15.33,15.57,15.24,15.56,492213.6
2023-05-04,15.51,15.56,15.36,15.4,484544.29
2023-05-05,15.4,15.48,15.15,15.32,428688.6
2023-05-08,15.32,15.53,15.26,15.41,405905.56
2023-05-09,15.42,15.64,15.26,15.28,578283.28
2023-05-10,15.29,15.36,15.2,15.31,319491.48
2023-05-11,15.3,15.33,15.17,15.18,368918.41
2023-05-12,15.18,15.2,14.78,14.82,655741.71
2023-05-15,14.83,15.23,14.64,15.21,489088.73
2023-05-16,15.24,15.35,15.05,15.11,352629.93
2023-05-17,15.08,15.45,15.06,15.28,448722.65
2023-05-18,15.28,15.36,15.07,15.15,302478.09
2023-05-19,15.1,15.14,14.87,14.94,423880.97
2023-05-22,14.94,15.36,14.89,15.18,403205.4
2023-05-23,15.18,15.22,14.98,14.98,273185.7
2023-05-24,14.9,14.9,14.64,14.66,417644.05
2023-05-25,14.64,14.71,14.25,14.42,622633.79
2023-05-26,14.42,14.45,14.23,14.33,323810.51
2023-05-29,14.33,14.4,14.25,14.27,303841.34
2023-05-30,14.23,14.34,13.88,14.2,626741.02
2023-05-31,14.2,14.33,13.94,14.0,598728.91
2023-06-01,14.0,14.39,14.0,14.24,493508.6
2023-06-02,14.27,14.64,14.24,14.56,495219.27
2023-06-05,14.56,14.64,14.4,14.44,300529.75
2023-06-06,14.49,14.78,14.38,14.38,456009.03
2023-06-07,14.31,14.51,14.18,14.28,402852.73
2023-06-08,14.3,14.98,14.28,14.96,933330.65
2023-06-09,14.95,15.06,14.77,14.77,431581.0
2023-06-12,14.75,15.09,14.68,14.98,418049.83
2023-06-13,14.98,15.11,14.85,14.95,309589.36
2023-06-14,15.02,15.57,15.02,15.48,1212218.5
2023-06-15,15.46,16.2,15.43,16.13,1405705.05
2023-06-16,16.29,16.52,16.15,16.26,1397689.18
2023-06-19,16.44,16.45,16.05,16.07,858364.32
2023-06-20,16.09,16.21,15.94,16.05,588028.29
2023-06-21,15.98,16.12,15.81,15.81,396230.26
2023-06-26,15.73,15.89,15.54,15.59,589040.26
2023-06-27,15.59,15.84,15.57,15.79,452397.68
2023-06-28,15.73,15.86,15.59,15.76,297025.83
2023-06-29,15.78,15.83,15.59,15.65,252817.23
2023-06-30,15.59,15.93,15.59,15.86,439391.33
2023-07-03,16.01,16.14,15.77,15.83,506860.55
2023-07-04,15.83,16.12,15.76,15.88,393740.8
2023-07-05,15.84,16.03,15.73,15.9,297613.03
2023-07-06,15.84,16.07,15.7,15.75,378056.44
2023-07-07,15.65,15.85,15.61,15.77,250456.2
2023-07-10,15.73,15.96,15.73,15.86,275619.74
2023-07-11,15.86,16.08,15.74,15.93,279591.78
2023-07-12,15.93,16.26,15.81,15.84,505713.62
2023-07-13,15.93,16.03,15.75,15.91,333825.48
2023-07-14,15.92,16.42,15.83,16.37,976068.32
2023-07-17,16.29,16.38,16.1,16.36,413906.0
2023-07-18,16.36,16.65,16.29,16.48,566779.66
2023-07-19,16.47,16.58,16.33,16.56,365341.13
2023-07-20,16.56,16.92,16.45,16.46,685002.21
2023-07-21,16.4,16.88,16.26,16.61,723920.16
2023-07-24,16.67,16.76,16.29,16.33,423872.61
2023-07-25,16.48,16.97,16.48,16.86,694789.69
2023-07-26,16.86,16.89,16.48,16.5,462489.56
2023-07-27,16.5,16.63,16.23,16.28,490392.04
2023-07-28,16.21,16.88,16.19,16.74,854250.72
2023-07-31,16.81,17.19,16.8,16.92,694177.3
2023-08-01,16.83,16.89,16.38,16.47,613937.79
2023-08-02,16.55,16.82,16.55,16.6,383509.31
2023-08-03,16.5,16.75,16.37,16.74,443010.8
2023-08-04,16.92,17.05,16.65,16.69,451869.49
2023-08-07,16.64,16.69,16.48,16.58,365440.5
2023-08-08,16.58,16.58,16.08,16.25,646311.43
2023-08-09,16.19,16.19,15.64,15.71,1072096.97
2023-08-10,15.73,15.81,15.67,15.73,445548.32
2023-08-11,15.73,15.78,15.15,15.16,817054.57
2023-08-14,15.03,15.19,14.92,15.12,456627.45
2023-08-15,15.14,15.26,14.88,15.05,379659.3
2023-08-16,14.97,15.28,14.95,15.06,430118.89
2023-08-17,15.01,15.39,15.0,15.33,455952.18
2023-08-18,15.32,15.35,15.01,15.02,354476.19
2023-08-21,14.98,15.13,14.86,14.86,274678.89
2023-08-22,14.92,15.11,14.7,14.95,362958.25
2023-08-23,14.95,14.96,14.52,14.54,342170.2
2023-08-24,14.55,14.65,14.4,14.42,520845.38
2023-08-25,14.4,14.64,14.33,14.46,341430.09
2023-08-28,15.22,15.3,14.74,14.85,650782.9
2023-08-29,14.79,14.94,14.61,14.81,495739.08
2023-08-30,14.81,14.97,14.69,14.75,369386.0
2023-08-31,15.02,15.32,14.73,14.77,833703.85
2023-09-01,14.83,15.3,14.83,15.21,865653.85
2023-09-04,15.37,16.35,15.36,16.28,1790364.77
2023-09-05,16.26,16.29,16.06,16.2,765229.57
2023-09-06,16.16,16.18,15.88,16.0,442135.78
2023-09-07,15.99,16.13,15.84,15.97,492613.49
2023-09-08,15.92,15.92,15.72,15.79,306264.95
2023-09-11,15.9,16.04,15.73,15.92,374072.22
2023-09-12,15.88,15.97,15.78,15.85,285234.44
2023-09-13,15.92,15.97,15.64,15.73,323276.67
2023-09-14,15.73,15.78,15.65,15.77,258449.51
2023-09-15,15.78,15.87,15.58,15.62,338383.78
2023-09-18,15.58,15.72,15.5,15.56,219607.0
2023-09-19,15.56,15.62,15.39,15.54,310789.1
2023-09-20,15.52,15.52,15.16,15.3,490735.35
2023-09-21,15.26,15.38,15.15,15.26,353132.42
2023-09-22,15.33,15.67,15.17,15.62,553686.01
2023-09-25,15.62,15.68,15.34,15.35,454435.75
2023-09-26,15.32,15.53,15.31,15.41,220316.05
2023-09-27,15.35,15.48,15.22,15.27,361713.63
2023-09-28,15.34,15.35,15.06,15.15,334635.33
2023-10-09,15.13,15.34,15.08,15.14,364058.0
2023-10-10,15.16,15.22,14.56,14.59,902846.14
2023-10-11,14.61,14.69,14.49,14.5,506029.3
2023-10-12,14.61,14.71,14.51,14.7,453036.96
2023-10-13,14.6,14.62,14.5,14.61,351504.25
2023-10-16,14.62,14.64,14.32,14.36,427759.21
2023-10-17,14.4,14.44,14.3,14.38,253683.77
2023-10-18,14.36,14.38,14.19,14.22,317829.45
2023-10-19,14.19,14.19,13.92,13.94,503965.95
2023-10-20,13.88,13.91,13.74,13.78,405191.4
2023-10-23,13.79,13.83,13.43,13.58,405488.53
2023-10-24,13.57,13.69,13.51,13.62,404796.09
2023-10-25,14.07,14.27,13.88,13.92,650654.61
2023-10-26,13.78,13.96,13.7,13.94,301490.84
2023-10-27,13.92,14.26,13.87,14.22,449361.99
2023-10-30,14.2,14.38,13.98,14.33,349678.38
2023-10-31,14.06,14.08,13.69,13.8,831084.82
2023-11-01,13.81,13.84,13.54,13.55,634966.05
2023-11-02,13.55,13.65,13.35,13.39,626526.25
2023-11-03,13.42,13.62,13.42,13.58,438647.29
2023-11-06,13.63,13.81,13.59,13.81,487347.01
2023-11-07,13.8,13.8,13.6,13.71,401070.2
2023-11-08,13.68,13.76,13.61,13.69,372396.47
2023-11-09,13.66,13.71,13.62,13.63,321549.16
2023-11-10,13.6,13.6,13.46,13.51,341404.79
2023-11-13,13.55,13.6,13.46,13.58,391524.16
2023-11-14,13.57,13.63,13.52,13.58,417317.8
2023-11-15,13.68,13.78,13.62,13.67,527973.26
2023-11-16,13.63,13.64,13.5,13.51,376690.13
2023-11-17,13.49,13.56,13.42,13.55,356304.95
2023-11-20,13.51,13.58,13.43,13.53,403494.96
2023-11-21,13.54,13.81,13.54,13.62,703077.23
2023-11-22,13.58,13.59,13.44,13.45,472138.8
2023-11-23,13.46,13.51,13.41,13.51,322061.7
2023-11-24,13.53,13.54,13.41,13.43,288140.04
2023-11-27,13.4,13.42,13.16,13.19,524328.39
2023-11-28,13.18,13.24,13.04,13.22,349613.84
2023-11-29,13.21,13.21,13.0,13.04,400931.63
2023-11-30,13.02,13.09,12.94,13.01,243467.21
2023-12-01,13.04,13.09,12.84,13.08,429593.23
2023-12-04,13.04,13.06,12.89,12.89,335570.05
2023-12-05,12.86,12.86,12.66,12.67,368049.37
2023-12-06,12.66,12.75,12.55,12.68,276175.98
2023-12-07,12.7,12.71,12.51,12.52,371762.53
2023-12-08,12.54,12.6,12.39,12.39,431857.17
2023-12-11,12.25,12.57,12.01,12.46,778065.76
2023-12-12,12.39,12.56,12.31,12.51,353406.51
2023-12-13,12.49,12.5,12.25,12.25,358413.85
2023-12-14,12.28,12.42,12.17,12.18,258661.89
2023-12-15,12.21,12.42,12.18,12.19,359302.59
2023-12-18,12.14,12.24,12.02,12.11,280435.7
2023-12-19,12.08,12.19,12.06,12.17,284282.24
2023-12-20,12.19,12.29,12.15,12.21,376712.0
2023-12-21,12.19,12.59,12.16,12.57,643413.95
2023-12-22,12.56,12.65,12.44,12.5,442748.84
2023-12-25,12.5,12.62,12.48,12.6,276473.34
2023-12-26,12.6,12.62,12.45,12.62,304587.71
2023-12-27,12.63,12.65,12.45,12.62,291991.22
2023-12-28,12.6,13.14,12.53,13.06,757664.92
2023-12-29,13.02,13.2,12.99,13.13,481487.42
2024-01-02,13.15,13.21,13.07,13.12,360390.73
2024-01-03,13.09,13.13,12.9,13.0,388457.62
2024-01-04,13.0,13.06,12.76,12.86,338798.03
2024-01-05,12.86,13.0,12.7,12.79,298888.81
2024-01-08,12.8,12.87,12.57,12.63,397613.74
2024-01-09,12.63,12.7,12.5,12.6,318440.37
2024-01-10,12.57,12.71,12.47,12.61,265290.56
2024-01-11,12.63,12.86,12.53,12.86,420691.67
2024-01-12,12.86,12.87,12.69,12.7,276624.73
2024-01-15,12.66,12.79,12.48,12.66,348193.1
2024-01-16,12.59,12.67,12.45,12.64,411351.78
2024-01-17,12.59,12.61,12.39,12.39,310111.9
2024-01-18,12.37,12.6,12.07,12.59,654582.42
2024-01-19,12.4,12.58,12.37,12.43,419871.99
2024-01-22,12.42,12.52,12.17,12.27,586332.23
2024-01-23,12.26,12.44,12.19,12.35,332049.47
2024-01-24,12.46,12.63,12.21,12.55,537480.42
2024-01-25,12.58,12.87,12.5,12.87,626487.62
2024-01-26,12.79,13.14,12.78,13.02,598851.79
2024-01-29,13.01,13.14,12.86,12.87,377984.59
2024-01-30,12.81,12.86,12.61,12.61,363028.19
2024-01-31,12.56,12.67,12.4,12.46,408691.45
2024-02-01,12.55,12.68,12.39,12.63,365225.08
2024-02-02,12.63,12.84,12.13,12.48,595989.93
2024-02-05,12.36,12.6,12.11,12.51,603932.23
2024-02-06,12.51,13.06,12.41,13.06,751323.44
2024-02-07,13.08,13.16,12.83,13.12,892503.49
2024-02-08,13.18,13.55,13.15,13.51,914130.99
2024-02-19,13.69,13.7,13.36,13.48,654662.68
2024-02-20,13.44,13.47,13.23,13.37,456754.26
2024-02-21,13.33,13.62,13.27,13.37,708061.12
2024-02-22,13.37,13.49,13.32,13.42,401986.05
2024-02-23,13.42,13.43,13.2,13.3,573961.77
2024-02-26,13.55,13.63,13.37,13.41,650704.09
2024-02-27,13.33,13.4,13.22,13.4,545889.3
2024-02-28,13.4,13.49,13.09,13.11,794453.17
2024-02-29,13.06,13.29,13.04,13.29,570261.08
2024-03-01,13.28,13.39,13.2,13.3,534057.57
2024-03-04,13.25,13.45,13.25,13.37,591344.91
2024-03-05,13.36,13.36,13.21,13.32,493747.04
2024-03-06,13.32,13.58,13.26,13.51,690242.75
2024-03-07,13.58,13.77,13.35,13.43,831862.79
2024-03-08,13.37,13.48,13.22,13.32,530692.88
2024-03-11,13.3,13.31,13.21,13.3,580826.83
2024-03-12,13.29,13.49,13.18,13.45,848286.97
2024-03-13,13.44,13.44,13.26,13.27,606094.36
2024-03-14,13.26,13.42,13.17,13.23,549460.07
2024-03-15,13.2,13.22,13.02,13.16,541859.8
2024-03-18,13.16,13.33,13.04,13.32,663612.87
2024-03-19,13.3,13.59,13.26,13.49,990591.41
2024-03-20,13.49,13.51,13.32,13.42,466768.73
2024-03-21,13.42,13.47,13.35,13.42,413762.33
2024-03-22,13.38,13.42,13.2,13.3,471582.3
2024-03-25,13.62,14.23,13.59,13.93,2066463.46
2024-03-26,13.94,14.14,13.78,14.06,1071495.41
2024-03-27,14.02,14.19,13.88,13.9,871724.27
2024-03-28,13.83,13.96,13.69,13.78,723349.06
2024-03-29,13.79,13.98,13.7,13.9,475887.77
2024-04-01,13.97,14.3,13.93,14.28,1061936.54
2024-04-02,14.26,14.57,14.18,14.24,776585.07
2024-04-03,14.21,14.23,14.07,14.14,422218.77
2024-04-08,14.07,14.48,13.97,14.38,843315.94
2024-04-09,14.32,14.64,14.3,14.36,721056.97
2024-04-10,14.4,14.83,14.4,14.65,1168689.62
2024-04-11,14.65,15.44,14.56,15.21,1687881.68
2024-04-12,15.26,15.3,14.83,14.89,942943.66
2024-04-15,14.84,15.31,14.8,15.09,1045317.09
2024-04-16,14.99,15.05,14.57,14.6,910466.36
2024-04-17,14.59,15.4,14.47,15.36,1391233.99
2024-04-18,15.19,15.38,14.96,15.0,951781.52
2024-04-19,14.94,15.22,14.88,15.02,545930.35
2024-04-22,15.02,15.03,14.53,14.62,675395.35
2024-04-23,14.52,14.66,14.15,14.25,690320.42
2024-04-24,14.44,14.75,14.44,14.72,718780.42
2024-04-25,14.68,14.89,14.63,14.65,386122.7
2024-04-26,14.65,15.35,14.6,15.29,1136852.71
2024-04-29,15.3,15.42,15.13,15.37,768692.06
2024-04-30,15.32,15.72,15.17,15.55,767606.4
2024-05-06,15.77,16.21,15.71,16.14,1306690.16
2024-05-07,16.07,16.25,16.03,16.08,531054.79
2024-05-08,16.07,16.12,15.84,15.88,449594.08
2024-05-09,15.95,16.66,15.89,16.65,1251878.83
2024-05-10,16.69,16.7,16.42,16.58,567536.17
2024-05-13,16.45,16.75,16.31,16.56,571331.53
2024-05-14,16.55,16.68,16.06,16.14,962238.43
2024-05-15,16.14,16.28,15.99,16.02,478907.5
2024-05-16,16.07,16.4,15.86,16.23,821382.96
2024-05-17,16.18,16.28,15.8,16.26,749972.97
2024-05-20,16.24,16.26,15.92,16.12,579552.8
2024-05-21,16.12,16.24,16.07,16.13,339039.62
2024-05-22,16.13,16.24,15.98,16.14,429680.57
2024-05-23,16.14,16.18,15.86,15.93,428706.71
2024-05-24,15.93,16.24,15.87,16.05,576707.65
2024-05-27,16.05,16.33,16.02,16.24,490352.03
2024-05-28,16.24,16.26,15.65,15.69,797063.76
2024-05-29,15.69,15.73,15.45,15.52,484731.86
2024-05-30,15.5,15.62,15.34,15.47,385780.93
2024-05-31,15.54,15.7,15.42,15.43,375486.74
2024-06-03,15.43,15.49,15.07,15.17,655212.09
2024-06-04,15.17,15.3,15.12,15.17,447745.0
2024-06-05,15.17,15.23,14.99,15.04,370075.52
2024-06-06,15.16,15.54,15.12,15.41,710628.07
2024-06-07,15.44,15.76,15.33,15.42,766496.06
2024-06-11,15.43,15.43,15.02,15.19,440590.12
2024-06-12,15.14,15.4,15.04,15.32,563962.65
2024-06-13,15.25,15.26,14.79,14.85,678732.89
2024-06-14,14.79,15.02,14.74,14.95,374377.72
2024-06-17,14.9,14.99,14.83,14.91,298513.71
2024-06-18,14.91,15.44,14.7,15.27,591174.03
2024-06-19,15.21,15.26,14.97,15.08,412765.08
2024-06-20,15.06,15.35,14.89,14.98,431244.85
2024-06-21,15.04,15.55,14.98,15.41,619218.25
2024-06-24,15.41,15.67,15.35,15.45,544570.95
2024-06-25,15.47,16.0,15.47,15.82,1045627.52
2024-06-26,15.84,15.93,15.64,15.87,669451.83
2024-06-27,15.85,15.94,15.72,15.72,510799.76
2024-06-28,15.67,16.07,15.59,15.96,502142.86
2024-07-01,15.92,16.05,15.73,15.89,380058.0
2024-07-02,15.84,15.84,14.99,15.13,1021852.62
2024-07-03,15.05,15.18,14.94,15.09,400546.98
2024-07-04,15.1,15.33,15.01,15.1,317438.5
2024-07-05,15.1,15.37,14.99,15.3,441273.31
2024-07-08,15.39,15.43,15.0,15.05,290463.59
2024-07-09,14.9,14.96,14.39,14.8,773770.81
2024-07-10,14.66,15.05,14.66,15.01,456569.49
2024-07-11,15.09,15.79,15.09,15.78,683969.65
2024-07-12,15.77,15.85,15.64,15.76,332411.5
2024-07-15,15.63,15.94,15.57,15.75,309859.31
2024-07-16,15.75,15.82,15.52,15.72,294068.54
2024-07-17,15.68,15.71,15.32,15.53,392902.33
2024-07-18,15.5,15.84,15.42,15.8,401077.0
2024-07-19,15.76,15.91,15.68,15.86,465649.96
2024-07-22,15.8,15.88,15.6,15.73,373147.51
2024-07-23,15.65,15.71,15.47,15.47,235323.55
2024-07-24,15.44,15.68,15.22,15.45,315576.36
2024-07-25,15.45,15.57,15.13,15.18,328502.43
2024-07-26,15.25,15.71,15.2,15.46,340714.64
2024-07-29,15.45,15.54,15.07,15.1,308398.33
2024-07-30,15.07,15.12,14.95,15.1,238061.61
2024-07-31,15.1,15.66,15.02,15.62,397382.55
2024-08-01,15.56,15.57,15.25,15.26,352759.19
2024-08-02,15.18,15.35,15.1,15.13,215986.2
2024-08-05,15.1,15.28,14.8,14.91,320189.5
2024-08-06,14.99,15.13,14.7,14.95,299267.59
2024-08-07,14.94,15.17,14.77,14.8,264439.01
2024-08-08,14.75,14.88,14.63,14.79,202818.14
2024-08-09,14.85,15.3,14.82,14.9,423857.59
2024-08-12,14.89,14.97,14.72,14.83,161735.5
2024-08-13,14.85,14.9,14.61,14.76,271817.47
2024-08-14,14.75,14.78,14.48,14.5,291457.51
2024-08-15,14.44,14.88,14.36,14.8,334084.09
2024-08-16,14.81,14.88,14.72,14.79,160750.15
2024-08-19,14.76,15.17,14.72,15.1,303939.46
2024-08-20,15.09,15.18,14.97,15.11,234374.54
2024-08-21,15.07,15.18,15.02,15.11,203145.71
2024-08-22,15.08,15.15,14.9,15.04,262694.44
2024-08-23,15.07,15.47,15.01,15.42,405345.63
2024-08-26,15.44,15.6,15.15,15.48,352186.22
2024-08-27,15.54,15.56,15.36,15.52,309612.94
2024-08-28,15.51,15.67,15.41,15.59,260943.8
2024-08-29,15.53,15.59,15.36,15.36,427788.04
2024-08-30,15.24,15.71,14.84,15.59,733718.74
2024-09-02,15.63,16.03,15.59,15.77,629369.87
2024-09-03,15.77,15.94,15.68,15.84,291358.01
2024-09-04,15.91,15.91,15.65,15.81,275798.53
2024-09-05,15.82,15.94,15.69,15.89,263497.99
2024-09-06,15.94,16.04,15.59,15.6,315382.5
2024-09-09,15.25,15.25,14.66,14.74,887767.93
2024-09-10,14.92,14.92,14.57,14.79,435705.02
2024-09-11,14.7,15.09,14.65,15.06,345979.22
2024-09-12,14.99,15.27,14.92,14.99,264820.71
2024-09-13,15.02,15.08,14.73,14.78,361965.75
2024-09-18,14.73,15.38,14.7,15.32,534426.42
2024-09-19,15.31,15.64,15.12,15.16,614495.59
2024-09-20,15.21,15.42,15.05,15.33,398991.79
2024-09-23,15.32,15.77,15.31,15.7,508098.04
2024-09-24,15.83,16.16,15.56,16.12,685346.29
2024-09-25,16.3,16.61,16.08,16.15,719914.92
2024-09-26,16.15,16.62,16.07,16.62,714270.1
2024-09-27,16.91,17.34,16.76,17.23,852418.4
2024-09-30,17.81,18.57,17.43,18.26,2488476.66
2024-10-08,20.08,20.08,18.37,18.78,2542514.12
2024-10-09,18.45,18.45,17.34,17.34,1974257.4
2024-10-10,17.34,18.47,17.34,17.97,1366300.23
2024-10-11,17.79,17.91,17.16,17.32,844158.82
2024-10-14,17.41,18.04,17.41,18.04,1229661.43
2024-10-15,18.05,18.13,17.66,17.68,711403.92
2024-10-16,17.48,17.82,17.43,17.57,628693.12
2024-10-17,17.55,17.72,17.1,17.15,747985.0
2024-10-18,17.08,17.65,16.97,17.41,1044732.6
2024-10-21,17.41,17.55,17.03,17.17,849676.55
2024-10-22,17.16,17.38,17.04,17.21,705700.12
2024-10-23,17.22,17.28,17.07,17.12,682610.69
2024-10-24,17.03,17.03,16.69,16.86,636870.39
2024-10-25,16.88,17.13,16.81,16.87,681192.07
2024-10-28,16.87,17.25,16.71,17.23,813140.0
2024-10-29,17.31,17.36,16.95,17.08,582910.83
2024-10-30,16.98,17.36,16.93,16.93,508974.61
2024-10-31,17.08,17.95,17.08,17.65,1523031.03
2024-11-01,17.61,18.32,17.5,18.12,1458691.04
2024-11-04,18.18,18.25,17.85,18.19,800374.07
2024-11-05,18.22,18.28,17.9,18.22,1011371.64
2024-11-06,18.25,18.49,17.85,17.93,1070595.16
2024-11-07,17.81,18.22,17.75,18.22,821436.03
2024-11-08,18.29,18.41,17.79,17.89,1009750.64
2024-11-11,17.89,17.98,17.5,17.97,811579.98
2024-11-12,17.99,18.21,17.57,17.65,772939.0
2024-11-13,17.59,17.97,17.59,17.92,718481.22
2024-11-14,17.96,18.24,17.75,17.89,937737.13
2024-11-15,17.83,18.08,17.61,17.63,626979.56
2024-11-18,17.64,17.77,17.15,17.24,904452.56
2024-11-19,17.17,17.37,17.04,17.3,501315.09
2024-11-20,17.3,17.33,17.15,17.26,359085.39
2024-11-21,17.21,17.32,17.07,17.15,340332.86
2024-11-22,17.15,17.26,16.7,16.71,533958.34
2024-11-25,16.71,17.12,16.46,16.56,507616.73
2024-11-26,16.59,16.66,16.43,16.49,324947.79
2024-11-27,16.51,16.8,16.41,16.79,405571.5
2024-11-28,16.83,16.87,16.56,16.72,429680.15
2024-11-29,16.76,17.07,16.68,16.9,590493.92
2024-12-02,16.99,17.0,16.67,16.77,805648.37
2024-12-03,16.78,16.82,16.29,16.53,949283.98
2024-12-04,16.47,16.56,16.29,16.35,503938.03
2024-12-05,16.32,16.36,16.13,16.27,526989.88
2024-12-06,16.27,16.44,16.21,16.33,534512.7
2024-12-09,16.34,16.46,16.21,16.3,482584.51
2024-12-10,16.68,16.81,16.33,16.35,791972.73
2024-12-11,16.36,16.44,16.29,16.4,416884.31
2024-12-12,16.35,16.48,16.27,16.46,513951.78
2024-12-13,16.43,16.43,15.98,16.01,796090.72
2024-12-16,16.02,16.12,15.79,15.84,498875.68
2024-12-17,15.86,16.1,15.81,15.96,437310.5
2024-12-18,15.98,16.17,15.86,15.94,492483.64
2024-12-19,15.82,15.98,15.67,15.95,353762.26
2024-12-20,15.95,15.98,15.57,15.59,754342.64
2024-12-23,15.56,15.96,15.55,15.78,726564.94
2024-12-24,15.77,15.94,15.73,15.87,357518.33
2024-12-25,15.88,15.94,15.77,15.86,283883.64
2024-12-26,15.82,16.17,15.81,16.15,594926.58
2024-12-27,16.16,16.22,16.03,16.08,423688.88
2024-12-30,16.05,16.19,16.0,16.13,418518.28
2024-12-31,16.11,16.2,15.94,15.94,515155.64
2025-01-02,15.94,15.94,15.17,15.25,853894.28
2025-01-03,15.33,15.47,15.04,15.09,534033.71
2025-01-06,15.09,15.19,14.91,15.07,454873.82
2025-01-07,15.08,15.12,14.92,15.01,393682.19
2025-01-08,15.06,15.19,14.76,15.06,573354.64
2025-01-09,15.0,15.05,14.81,14.86,357776.55
2025-01-10,14.91,15.19,14.87,14.93,467712.6
2025-01-13,14.88,15.18,14.73,14.8,384318.12
2025-01-14,14.8,15.33,14.8,15.28,590312.54
2025-01-15,15.28,15.28,14.87,14.89,543389.11
2025-01-16,14.98,15.28,14.93,15.03,542228.15
2025-01-17,14.98,15.03,14.8,14.91,426413.35
2025-01-20,14.99,15.53,14.99,15.39,963356.38
2025-01-21,15.52,15.69,15.36,15.68,629239.09
2025-01-22,15.68,15.79,15.47,15.57,479082.6
2025-01-23,15.68,15.72,15.49,15.54,421624.11
2025-01-24,15.53,15.75,15.48,15.67,361406.49
2025-01-27,15.75,15.8,15.57,15.57,302234.69
2025-02-05,15.57,15.64,15.26,15.29,450016.98
2025-02-06,15.27,15.35,15.07,15.24,553644.78
2025-02-07,15.26,16.25,15.12,16.2,1304535.45
2025-02-10,16.16,16.49,16.07,16.43,983276.22
2025-02-11,16.42,16.5,16.28,16.32,492631.29
2025-02-12,16.28,16.56,16.21,16.43,507705.32
2025-02-13,16.44,16.63,16.34,16.4,580842.53
2025-02-14,16.43,16.9,16.42,16.88,1061950.65
2025-02-17,16.87,16.94,16.56,16.79,705108.88
2025-02-18,16.75,16.88,16.37,16.48,703328.25
2025-02-19,16.51,16.99,16.48,16.87,857545.07
2025-02-20,16.9,17.12,16.72,17.07,793701.63
2025-02-21,17.02,17.17,16.67,17.1,979194.6
2025-02-24,17.12,17.36,17.07,17.25,695859.41
2025-02-25,17.14,17.58,17.03,17.31,805857.16
2025-02-26,17.29,17.58,17.15,17.2,661486.15
2025-02-27,17.17,17.53,17.13,17.43,814638.24
2025-02-28,17.34,17.89,17.32,17.6,1371673.92
2025-03-03,17.65,18.74,17.65,18.18,1514306.87
2025-03-04,18.08,18.32,17.91,18.22,695432.69
2025-03-05,18.81,19.34,18.74,19.03,2198570.11
2025-03-06,18.81,19.11,18.57,19.01,1336008.58
2025-03-07,18.99,19.3,18.77,19.2,939235.12
2025-03-10,19.53,19.87,19.34,19.79,2106416.73
2025-03-11,19.6,20.07,19.56,19.86,1278628.92
2025-03-12,19.82,20.05,19.49,19.49,1069072.91
2025-03-13,19.39,19.51,19.2,19.38,925549.26
2025-03-14,19.38,19.9,19.38,19.81,1210653.1
2025-03-17,19.8,19.91,19.52,19.76,1092036.46
2025-03-18,19.8,19.8,19.09,19.26,1121807.36
2025-03-19,19.1,19.43,19.08,19.34,656803.87
2025-03-20,19.63,19.87,19.15,19.2,796322.1
2025-03-21,19.2,19.29,18.9,18.94,541886.76
2025-03-24,19.05,19.48,18.98,19.3,617320.5
2025-03-25,19.34,19.4,18.89,18.91,545097.7
2025-03-26,18.95,19.0,18.42,18.65,751218.9
2025-03-27,18.57,18.69,18.47,18.61,317038.64
2025-03-28,18.64,18.84,18.48,18.61,432751.83
2025-03-31,18.6,18.64,18.31,18.44,404810.23
2025-04-01,18.52,18.57,18.21,18.31,372331.3
2025-04-02,18.27,18.8,18.26,18.72,535948.34
2025-04-03,18.57,18.68,18.27,18.47,411313.69
2025-04-07,17.55,17.84,16.91,17.41,1211637.53
2025-04-08,17.6,17.94,17.21,17.94,1231862.5
2025-04-09,17.78,18.49,17.55,18.49,1088675.06
2025-04-10,18.76,18.77,18.18,18.47,801014.98
2025-04-11,18.29,18.75,18.29,18.67,482423.71
2025-04-14,18.67,18.75,18.19,18.27,659575.9
2025-04-15,18.27,18.35,17.89,18.33,498659.89
2025-04-16,18.32,18.47,17.82,18.47,596409.43
2025-04-17,18.32,18.53,18.21,18.43,433571.23
2025-04-18,18.42,18.6,18.18,18.56,364503.89
2025-04-21,18.45,18.76,18.29,18.6,381040.22
2025-04-22,18.6,18.6,18.32,18.32,330581.23
2025-04-23,18.38,18.99,18.35,18.76,719919.72
2025-04-24,18.78,19.0,18.4,18.42,428221.56
2025-04-25,18.57,18.61,18.33,18.46,294040.99
2025-04-28,18.46,18.74,18.37,18.42,290181.43
2025-04-29,18.33,18.61,18.33,18.56,344705.47
2025-04-30,18.84,18.91,18.26,18.27,704212.24
2025-05-06,18.55,19.1,18.44,19.03,797109.1
2025-05-07,19.44,19.44,18.87,19.04,524204.36
2025-05-08,18.92,18.92,18.71,18.77,416313.43
2025-05-09,18.77,19.15,18.73,19.07,520687.36
2025-05-12,19.13,19.49,19.05,19.34,612425.39
2025-05-13,19.43,19.52,19.16,19.26,442906.06
2025-05-14,19.21,19.21,18.69,18.93,703918.53
2025-05-15,18.89,18.95,18.52,18.57,579659.66
2025-05-16,18.57,18.76,18.49,18.66,307282.87
2025-05-19,18.66,18.78,18.47,18.55,380042.81
2025-05-20,18.56,18.61,18.23,18.35,580140.35
2025-05-21,18.35,18.47,18.31,18.38,352177.2
2025-05-22,18.38,18.6,18.32,18.44,357665.69
2025-05-23,18.5,18.66,18.24,18.29,453618.5
2025-05-26,18.22,18.26,17.89,18.04,491582.8
2025-05-27,18.04,18.08,17.8,17.8,290435.51
2025-05-28,17.86,18.02,17.83,17.89,241774.37
2025-05-29,17.93,18.3,17.9,18.13,394993.77
2025-05-30,18.14,18.26,17.96,18.21,321981.83
2025-06-03,18.5,18.5,17.73,17.81,678244.07
2025-06-04,17.84,17.84,17.61,17.7,455616.36
2025-06-05,17.7,17.73,17.53,17.65,397261.35
2025-06-06,17.7,17.99,17.65,17.86,411018.68
2025-06-09,17.78,17.94,17.7,17.72,493317.92
2025-06-10,17.74,17.91,17.5,17.58,347947.14
2025-06-11,17.74,17.81,17.58,17.67,329087.94
2025-06-12,17.66,17.7,17.48,17.56,261777.4
2025-06-13,17.53,17.63,17.42,17.55,332721.44
2025-06-16,17.53,17.66,17.46,17.57,339137.11
2025-06-17,17.65,17.93,17.64,17.79,462329.28
2025-06-18,17.77,17.86,17.52,17.54,358979.91
2025-06-19,17.55,17.57,17.15,17.21,469443.76
2025-06-20,17.21,17.34,17.09,17.25,222382.54
2025-06-23,17.17,17.46,17.09,17.42,302223.01
2025-06-24,17.45,17.82,17.44,17.76,474206.42
2025-06-25,17.81,17.83,17.62,17.77,432866.42
2025-06-26,17.76,17.89,17.63,17.67,397516.12
2025-06-27,17.59,17.85,17.54,17.69,341347.4
2025-06-30,17.69,17.78,17.64,17.71,263715.93
2025-07-01,17.71,17.72,17.4,17.49,433345.95
2025-07-02,17.56,18.14,17.49,17.96,722438.96
2025-07-03,17.96,17.96,17.83,17.92,300095.68
2025-07-04,17.92,18.05,17.81,17.98,334470.86
2025-07-07,18.0,18.13,17.86,18.1,339773.08
2025-07-08,18.15,18.82,18.11,18.81,1054008.44
2025-07-09,18.73,18.95,18.64,18.85,661952.13
2025-07-10,18.86,19.01,18.67,18.67,636371.63
2025-07-11,18.73,18.84,18.58,18.58,484331.56
2025-07-14,18.58,18.7,18.45,18.49,360942.98
2025-07-15,18.49,18.7,18.48,18.65,432029.47
2025-07-16,18.58,18.64,18.38,18.46,327156.32
2025-07-17,18.44,18.69,18.41,18.59,321020.02
2025-07-18,18.63,18.81,18.46,18.75,416451.09
2025-07-21,19.43,19.53,18.98,19.26,1237333.02
2025-07-22,19.73,21.18,19.73,20.93,3974293.61
2025-07-23,21.11,21.11,19.75,19.82,2676347.06
2025-07-24,19.54,20.2,19.42,20.08,1678670.92
2025-07-25,20.01,20.01,19.53,19.66,1104482.25
2025-07-28,19.59,19.72,19.43,19.7,889360.96
2025-07-29,19.68,20.05,19.53,19.93,945330.74
2025-07-30,19.89,20.16,19.79,19.94,774549.98
2025-07-31,19.93,20.06,19.58,19.67,763116.69
2025-08-01,19.58,19.71,19.43,19.51,458851.55
2025-08-04,19.5,19.63,19.35,19.43,445473.39
2025-08-05,19.42,19.47,19.3,19.38,522179.69
2025-08-06,19.44,19.78,19.38,19.75,644222.58
2025-08-07,19.75,20.22,19.54,20.1,1048648.83
2025-08-08,20.13,20.97,20.13,20.76,1659938.0
2025-08-11,20.75,20.83,20.62,20.72,686485.87
2025-08-12,20.71,20.75,20.53,20.56,482115.9
2025-08-13,20.56,20.73,20.48,20.55,652741.62
2025-08-14,20.55,20.96,20.43,20.62,697076.76
2025-08-15,20.54,20.97,20.38,20.72,725016.58
2025-08-18,20.8,20.82,20.42,20.42,943391.19
2025-08-19,20.44,20.71,19.88,19.95,948609.38
2025-08-20,20.01,20.57,19.93,20.57,780095.06
2025-08-21,20.71,20.86,20.52,20.72,653994.74
2025-08-22,21.11,21.34,20.92,21.01,965285.29
2025-08-25,21.03,21.34,20.93,21.34,962676.67
2025-08-26,21.34,21.42,21.11,21.25,583416.06
2025-08-27,21.21,21.7,21.01,21.01,908664.03
2025-08-28,20.94,21.19,20.6,20.94,805162.89
2025-08-29,21.16,21.33,20.73,20.75,993787.49
2025-09-01,20.91,21.19,20.62,20.88,993754.15
2025-09-02,20.9,21.03,20.43,20.67,654638.79
2025-09-03,20.69,21.09,20.25,20.52,578501.05
2025-09-04,20.38,20.42,19.73,20.0,874029.49
2025-09-05,20.04,20.57,19.94,20.39,644124.98
2025-09-08,20.4,20.72,20.14,20.64,763067.59
2025-09-09,20.6,21.16,20.49,20.99,852322.01
2025-09-10,21.07,21.1,20.78,20.87,397835.15
2025-09-11,20.78,20.92,20.59,20.92,508087.78
2025-09-12,21.04,21.15,20.78,20.84,599220.82
2025-09-15,20.85,20.92,20.27,20.38,703655.6
2025-09-16,20.42,20.56,20.23,20.37,369599.85
2025-09-17,20.28,20.79,20.25,20.69,515529.59
2025-09-18,20.75,20.89,20.38,20.51,575689.21
2025-09-19,20.47,21.64,20.44,21.6,1450108.19
2025-09-22,21.61,21.63,21.07,21.29,646688.77
2025-09-23,21.41,21.49,20.91,21.34,515734.51
2025-09-24,21.26,22.05,21.11,21.95,967410.68
2025-09-25,21.95,22.14,21.64,21.85,575380.72
2025-09-26,21.7,22.32,21.66,21.98,693027.99
2025-09-29,22.05,22.72,21.7,22.66,1109941.02
2025-09-30,22.67,23.16,22.49,22.93,827762.96
2025-10-09,22.7,22.98,22.2,22.93,909111.86
2025-10-10,22.87,23.34,22.57,22.65,822670.82
2025-10-13,21.7,22.67,21.59,22.56,723516.27
2025-10-14,22.69,23.73,22.54,22.73,1040051.92
2025-10-15,22.8,23.76,22.73,23.46,885931.8
2025-10-16,23.47,23.97,23.28,23.57,787069.02
2025-10-17,23.45,23.45,22.43,22.5,759272.8
2025-10-20,22.82,23.07,22.38,22.49,589945.68
2025-10-21,22.59,22.95,22.43,22.83,584954.82
2025-10-22,22.98,23.37,22.79,23.02,715264.1
2025-10-23,22.8,22.83,22.25,22.68,663292.47
2025-10-24,22.73,23.28,22.66,22.91,483273.84
2025-10-27,22.94,23.47,22.37,22.53,1027526.25
2025-10-28,22.5,22.6,21.87,21.95,1315459.82
2025-10-29,21.95,22.18,21.9,22.12,519559.06
2025-10-30,22.28,22.8,22.24,22.51,932832.63
2025-10-31,22.56,22.64,22.14,22.14,712946.73
2025-11-03,22.18,22.36,21.72,21.88,518531.09
2025-11-04,21.8,22.18,21.58,21.71,515388.24
2025-11-05,21.61,21.93,21.31,21.82,486044.94
2025-11-06,21.94,22.18,21.72,21.99,478563.2
2025-11-07,22.02,22.33,21.81,22.13,539448.33
2025-11-10,22.0,22.0,20.85,21.13,1316993.36
2025-11-11,21.15,21.42,20.88,20.91,562579.89
2025-11-12,20.91,20.95,20.61,20.65,441021.73
2025-11-13,20.66,20.93,20.53,20.89,469008.69
2025-11-14,20.88,21.05,20.65,20.66,410212.09
2025-11-17,20.64,20.64,20.36,20.57,435497.46
2025-11-18,20.57,21.28,20.54,20.86,760734.58
2025-11-19,21.0,21.03,20.66,20.77,361003.21
2025-11-20,20.8,21.12,20.8,20.86,376580.62
2025-11-21,20.61,20.7,20.2,20.26,548195.44
2025-11-24,20.53,20.66,20.21,20.51,383775.93
2025-11-25,20.57,20.62,20.38,20.44,420172.85
2025-11-26,20.4,21.04,20.4,20.88,615895.68
2025-11-27,20.8,20.83,20.1,20.13,767003.76
2025-11-28,20.06,20.36,19.95,20.32,422426.01
