date,open,high,low,close,volume
2010-01-04,13.99,14.12,13.65,13.68,1106207.58
2010-01-05,13.79,14.47,13.47,14.34,2093915.41
2010-01-06,14.42,14.49,14.16,14.18,1437889.3
2010-01-07,14.17,14.37,13.72,13.83,1235592.34
2010-01-08,13.74,14.14,13.68,14.1,1040929.92
2010-01-11,15.51,15.51,14.49,14.61,3089308.74
2010-01-12,14.42,14.8,14.15,14.68,1334600.77
2010-01-13,14.27,14.49,13.84,13.89,1828043.8
2010-01-14,13.96,14.24,13.73,14.1,1101306.51
2010-01-15,14.12,14.2,13.86,13.98,919581.76
2010-01-18,13.75,13.75,13.33,13.51,1793273.87
2010-01-19,13.51,13.74,13.42,13.55,1162183.66
2010-01-20,13.46,13.46,12.85,12.92,2146467.45
2010-01-21,12.96,13.09,12.73,13.02,1138819.91
2010-01-22,12.76,12.94,12.46,12.77,1217141.22
2010-01-25,12.68,12.96,12.58,12.75,761392.82
2010-01-26,12.76,12.87,12.33,12.44,815277.19
2010-01-27,12.46,12.56,12.33,12.36,643077.53
2010-01-28,12.36,12.46,12.24,12.44,514751.02
2010-01-29,12.38,12.66,12.33,12.36,660252.87
2010-02-01,12.19,12.19,11.48,11.56,1367974.28
2010-02-02,11.64,11.71,11.36,11.39,845143.4
2010-02-03,11.58,11.88,11.32,11.87,1149158.07
2010-02-04,11.73,11.88,11.67,11.75,674875.85
2010-02-05,11.37,11.6,11.36,11.49,661347.08
2010-02-08,11.5,11.9,11.43,11.72,539457.88
2010-02-09,11.67,11.87,11.63,11.74,460836.54
2010-02-10,11.84,11.92,11.71,11.91,523532.07
2010-02-11,11.93,11.99,11.86,11.91,424334.93
2010-02-12,11.94,11.97,11.81,11.94,429965.38
2010-02-22,12.02,12.18,11.94,12.03,549620.54
2010-02-23,11.98,11.98,11.57,11.73,582787.3
2010-02-24,11.63,11.88,11.57,11.86,415265.39
2010-02-25,11.95,12.14,11.88,12.07,701810.46
2010-02-26,12.05,12.06,11.9,11.94,478021.36
2010-03-01,11.93,12.16,11.91,12.12,548530.38
2010-03-02,12.13,12.17,11.94,12.01,497949.92
2010-03-03,11.98,12.11,11.84,12.06,606625.09
2010-03-04,12.07,12.07,11.63,11.64,668870.71
2010-03-05,11.67,11.98,11.67,11.85,651254.44
2010-03-08,11.89,11.91,11.75,11.84,410568.91
2010-03-09,11.83,11.96,11.65,11.88,501657.33
2010-03-10,11.91,12.11,11.85,11.91,579817.24
2010-03-11,11.99,12.24,11.89,12.17,1008127.85
2010-03-12,12.18,12.32,12.09,12.11,890797.21
2010-03-15,12.24,12.27,12.04,12.14,614735.98
2010-03-16,12.12,12.34,12.11,12.29,642191.34
2010-03-17,12.35,12.47,12.22,12.46,765152.63
2010-03-18,12.45,12.47,12.27,12.34,546168.89
2010-03-19,12.35,12.37,12.17,12.34,545762.22
2010-03-22,12.45,12.45,12.25,12.27,657245.58
2010-03-23,12.29,12.31,12.09,12.09,553522.43
2010-03-24,12.14,12.22,12.04,12.08,485152.63
2010-03-25,12.06,12.07,11.81,11.84,568818.72
2010-03-26,11.83,12.04,11.78,11.98,493786.71
2010-03-29,12.09,12.43,12.09,12.4,1048069.08
2010-03-30,12.4,12.43,12.26,12.36,513965.74
2010-03-31,12.59,12.64,12.39,12.42,881912.5
2010-04-01,12.43,12.62,12.35,12.58,933217.33
2010-04-02,12.6,12.63,12.51,12.59,630402.93
2010-04-06,12.61,12.79,12.55,12.64,727348.75
2010-04-07,12.61,12.61,12.32,12.41,666821.71
2010-04-08,12.36,12.36,12.2,12.22,581927.91
2010-04-09,12.22,12.36,12.22,12.33,431306.94
2010-04-12,12.33,12.43,12.09,12.18,603174.43
2010-04-13,12.18,12.59,12.16,12.58,986559.58
2010-04-14,12.61,12.63,12.46,12.54,543226.03
2010-04-15,12.61,12.78,12.52,12.65,926501.6
2010-05-04,11.39,11.39,11.39,11.39,145743.0
2010-05-05,10.25,10.61,10.25,10.51,2238830.14
2010-05-06,10.32,10.39,9.62,9.67,1273716.73
2010-05-07,9.62,9.91,9.3,9.63,795767.15
2010-05-10,9.62,9.74,9.33,9.61,616947.79
2010-05-11,9.89,9.89,9.14,9.16,875373.38
2010-05-12,9.08,9.27,8.87,9.18,673667.63
2010-05-13,9.2,9.45,9.18,9.45,720689.28
2010-05-14,9.33,9.42,9.22,9.27,501513.81
2010-05-17,9.09,9.09,8.52,8.53,914392.71
2010-05-18,8.59,8.84,8.53,8.77,687124.53
2010-05-19,8.65,8.81,8.57,8.65,562475.08
2010-05-20,8.56,8.78,8.53,8.58,445167.0
2010-05-21,8.3,8.71,8.24,8.65,629161.12
2010-05-24,8.72,9.28,8.72,9.17,1048151.96
2010-05-25,9.04,9.11,8.81,8.98,753596.26
2010-05-26,9.04,9.11,8.93,9.0,436307.25
2010-05-27,9.01,9.18,8.8,9.12,529132.3
2010-05-28,9.22,9.27,8.96,9.02,453228.96
2010-05-31,8.94,8.99,8.64,8.65,460319.26
2010-06-01,8.59,8.66,8.43,8.52,431819.54
2010-06-02,8.47,8.74,8.37,8.7,473608.12
2010-06-03,8.7,8.75,8.56,8.58,437749.44
2010-06-04,8.52,8.86,8.49,8.72,458704.0
2010-06-07,8.52,8.59,8.46,8.51,409362.57
2010-06-08,8.5,8.68,8.45,8.56,300381.43
2010-06-09,8.61,8.9,8.48,8.86,583576.54
2010-06-10,8.74,8.83,8.68,8.69,409029.32
2010-06-11,8.78,8.83,8.69,8.77,342404.88
2010-06-18,8.75,8.87,8.66,8.75,408552.9
2010-06-21,8.77,9.08,8.77,9.07,555009.01
2010-06-22,9.02,9.12,9.0,9.1,380688.87
2010-06-23,9.07,9.24,9.04,9.12,506319.89
2010-06-24,9.07,9.33,9.07,9.14,372504.4
2010-06-25,9.07,9.07,8.8,8.86,487277.94
2010-06-28,8.81,8.85,8.61,8.62,433481.84
2010-06-29,8.65,8.71,8.06,8.07,785225.42
2010-06-30,8.03,8.03,7.75,7.86,608408.95
2010-07-01,7.87,7.96,7.65,7.67,620304.08
2010-07-02,7.66,7.84,7.51,7.79,570217.49
2010-07-05,7.69,7.75,7.56,7.67,375076.14
2010-07-06,7.67,7.81,7.63,7.79,422344.09
2010-07-07,7.78,7.94,7.69,7.87,538523.83
2010-07-08,7.92,7.95,7.74,7.78,415389.95
2010-07-09,7.77,8.0,7.65,7.96,779993.96
2010-07-12,7.99,8.14,7.91,8.11,688860.94
2010-07-13,7.99,8.02,7.9,7.91,480395.93
2010-07-14,7.93,8.1,7.91,7.97,476935.55
2010-07-15,7.95,8.05,7.73,7.73,483985.06
2010-07-16,7.71,7.74,7.58,7.69,425567.21
2010-07-19,7.58,7.96,7.56,7.89,549136.51
2010-07-20,7.91,8.12,7.9,8.1,885121.02
2010-07-21,8.12,8.22,8.08,8.12,806582.92
2010-07-22,8.07,8.24,8.03,8.2,834529.63
2010-07-23,8.22,8.4,8.16,8.38,1180121.73
2010-07-26,8.4,8.43,8.21,8.33,795019.99
2010-07-27,8.3,8.4,8.21,8.3,765298.21
2010-07-28,8.3,8.6,8.2,8.58,1145924.66
2010-07-29,8.62,8.83,8.62,8.71,1542265.85
2010-07-30,8.7,8.7,8.53,8.61,743393.11
2010-08-02,8.61,8.8,8.61,8.75,698943.08
2010-08-03,8.79,8.99,8.7,8.72,1389530.87
2010-08-04,8.69,8.78,8.54,8.73,778821.75
2010-08-05,8.75,8.77,8.51,8.56,781106.17
2010-08-06,8.56,8.77,8.42,8.75,923178.93
2010-08-09,8.71,8.8,8.64,8.74,737995.36
2010-08-10,8.73,8.77,8.37,8.38,804974.19
2010-08-11,8.35,8.44,8.31,8.36,562442.16
2010-08-12,8.25,8.32,8.14,8.15,780853.79
2010-08-13,8.14,8.23,8.07,8.21,592303.18
2010-08-16,8.18,8.57,8.14,8.53,922658.19
2010-08-17,8.54,8.58,8.45,8.53,671595.06
2010-08-18,8.55,8.59,8.4,8.44,572243.5
2010-08-19,8.45,8.62,8.4,8.53,671333.68
2010-08-20,8.47,8.5,8.2,8.26,690069.96
2010-08-23,8.24,8.32,8.16,8.21,500032.8
2010-08-24,8.2,8.33,8.1,8.22,513150.88
2010-08-25,8.13,8.26,7.99,8.0,661110.7
2010-08-26,8.01,8.07,7.89,7.95,569774.9
2010-08-27,7.94,7.95,7.83,7.91,415968.84
2010-08-30,7.93,8.08,7.83,8.01,943756.04
2010-08-31,7.94,7.96,7.83,7.87,769894.68
2010-09-01,7.89,7.97,7.73,7.77,744675.16
2010-09-02,7.87,7.9,7.76,7.77,674306.38
2010-09-03,7.77,7.81,7.65,7.7,1082948.14
2010-09-06,7.73,8.07,7.73,8.04,1510262.29
2010-09-07,8.06,8.1,7.91,8.0,785737.26
2010-09-08,7.93,7.96,7.84,7.89,637653.56
2010-09-09,7.91,8.01,7.77,7.79,748210.48
2010-09-10,7.79,7.85,7.64,7.69,687165.8
2010-09-13,7.72,7.83,7.66,7.73,568631.32
2010-09-14,7.75,7.8,7.67,7.69,563498.15
2010-09-15,7.69,7.69,7.52,7.53,747447.55
2010-09-16,7.54,7.7,7.51,7.55,871714.84
2010-09-17,7.56,7.59,7.46,7.48,578138.02
2010-09-20,7.48,7.51,7.33,7.34,553981.73
2010-09-21,7.39,7.42,7.32,7.34,330503.19
2010-09-27,7.36,7.39,7.29,7.35,553479.02
2010-09-28,7.34,7.34,7.12,7.14,765637.12
2010-09-29,7.13,7.2,7.05,7.07,671938.53
2010-09-30,7.03,7.24,7.0,7.15,831765.51
2010-10-08,7.22,7.65,7.22,7.58,1536907.46
2010-10-11,7.65,8.34,7.61,8.34,3663556.54
2010-10-12,8.5,8.7,8.31,8.69,3420774.93
2010-10-13,8.6,8.69,8.51,8.63,1902908.3
2010-10-14,8.75,9.49,8.75,9.17,4449304.65
2010-10-15,9.07,10.06,8.99,10.05,4230620.62
2010-10-18,10.14,10.68,9.75,10.23,5198283.46
2010-10-19,10.14,10.41,9.91,10.4,2557964.17
2010-10-20,10.18,11.1,10.14,10.74,3831430.89
2010-10-21,10.75,10.84,10.27,10.4,2417280.89
2010-10-22,10.32,10.35,10.0,10.1,2293805.72
2010-10-25,10.06,11.11,10.02,11.11,3690190.12
2010-10-26,11.21,11.59,10.95,11.2,3700382.91
2010-10-27,11.07,11.5,10.88,10.9,2247553.2
2010-10-28,10.75,11.14,10.75,10.95,1778778.54
2010-10-29,10.88,10.9,10.38,10.42,2216567.16
2010-11-01,10.4,10.82,10.36,10.7,1724463.92
2010-11-02,10.75,11.07,10.41,10.74,2297409.02
2010-11-03,10.71,10.94,10.45,10.66,1997712.74
2010-11-04,10.66,10.91,10.54,10.83,1648566.27
2010-11-05,11.19,11.35,10.84,10.92,2049048.22
2010-11-08,10.95,11.13,10.78,10.94,1350634.33
2010-11-09,10.95,10.96,10.63,10.7,1350115.28
2010-11-10,10.61,10.61,10.32,10.39,1655954.78
2010-11-11,10.42,10.77,10.33,10.51,1982719.37
2010-11-12,10.41,10.42,9.46,9.53,2688312.42
2010-11-15,9.55,9.67,9.24,9.43,1494373.05
2010-11-16,9.48,9.57,9.0,9.04,1552853.08
2010-11-17,8.87,9.06,8.73,8.8,1376327.5
2010-11-18,8.9,8.97,8.73,8.87,1036730.9
2010-11-19,8.93,8.97,8.4,8.87,1867218.55
2010-11-22,8.72,8.85,8.61,8.71,1141961.61
2010-11-23,8.6,8.63,8.26,8.4,1128317.21
2010-11-24,8.4,8.93,8.4,8.9,1702801.26
2010-11-25,8.9,9.1,8.7,9.0,1535444.4
2010-11-26,8.94,9.14,8.81,8.98,1266248.25
2010-11-29,8.9,8.96,8.81,8.85,830915.4
2010-11-30,8.86,8.93,8.4,8.61,1175707.61
2010-12-01,8.62,8.76,8.55,8.63,508245.82
2010-12-02,8.87,8.98,8.81,8.83,1043306.06
2010-12-03,8.78,8.91,8.76,8.84,559221.98
2010-12-06,8.87,9.29,8.79,9.23,1577858.22
2010-12-07,9.14,9.3,8.94,9.2,1374540.45
2010-12-08,9.19,9.2,8.87,8.88,1127030.31
2010-12-09,8.81,8.94,8.67,8.69,782574.62
2010-12-10,8.59,8.9,8.55,8.81,620837.34
2010-12-13,8.87,9.2,8.79,9.17,1362809.59
2010-12-14,9.18,9.22,9.05,9.08,725962.18
2010-12-15,9.08,9.27,8.97,9.07,985321.72
2010-12-16,9.08,9.08,8.85,8.89,650181.18
2010-12-17,8.87,8.93,8.74,8.84,645567.03
2010-12-20,8.87,8.91,8.45,8.6,952426.14
2010-12-21,8.64,9.07,8.59,9.0,1242565.7
2010-12-22,8.99,9.04,8.75,8.79,815106.51
2010-12-23,8.74,8.94,8.69,8.75,641683.25
2010-12-24,8.68,8.81,8.64,8.75,480568.29
2010-12-27,8.8,9.02,8.6,8.62,1121367.62
2010-12-28,8.53,8.63,8.41,8.44,717948.23
2010-12-29,8.48,8.53,8.26,8.35,646771.27
2010-12-30,8.34,8.36,8.07,8.26,828230.28
2010-12-31,8.33,8.5,8.28,8.46,760281.19
2011-01-04,8.53,8.78,8.42,8.7,1005114.26
2011-01-05,8.61,8.65,8.47,8.55,713173.68
2011-01-06,8.57,8.7,8.47,8.5,563811.32
2011-01-07,8.47,8.77,8.32,8.58,1289577.99
2011-01-10,8.52,8.61,8.33,8.35,895545.21
2011-01-11,8.32,8.45,8.3,8.42,506310.3
2011-01-12,8.47,8.57,8.35,8.52,548625.09
2011-01-13,8.57,8.59,8.39,8.46,503370.46
2011-01-14,8.4,8.42,8.24,8.28,563026.99
2011-01-17,8.3,8.34,7.88,7.96,869391.21
2011-01-18,7.93,8.02,7.89,7.95,431650.4
2011-01-19,7.95,8.08,7.87,8.07,666144.88
2011-01-20,8.05,8.05,7.77,7.79,611140.27
2011-01-21,7.79,8.16,7.77,7.97,707405.77
2011-01-24,7.98,7.98,7.81,7.85,505668.16
2011-01-25,7.85,7.96,7.79,7.95,502387.82
2011-01-26,7.91,8.01,7.9,8.0,501460.8
2011-01-27,7.96,8.39,7.89,8.3,1034722.16
2011-01-28,8.36,8.47,8.23,8.38,812264.16
2011-01-31,8.36,8.5,8.3,8.42,609497.86
2011-02-01,8.44,8.48,8.3,8.31,593884.86
2011-02-09,8.28,8.47,8.2,8.25,595569.4
2011-02-10,8.22,8.5,8.19,8.49,609055.22
2011-02-11,8.47,8.57,8.36,8.44,789981.04
2011-02-14,8.33,9.29,8.32,9.29,2857200.87
2011-02-15,9.36,9.73,9.27,9.29,3301109.4
2011-02-16,9.34,9.41,9.2,9.4,1669991.82
2011-02-17,9.43,9.47,9.17,9.25,1254594.85
2011-02-18,9.24,9.41,9.09,9.21,1198052.41
2011-02-21,9.2,9.59,9.14,9.52,1668422.89
2011-02-22,9.57,9.6,9.08,9.09,1466542.42
2011-02-23,9.04,9.18,8.98,9.08,856440.85
2011-02-24,9.06,9.63,9.0,9.39,1612191.81
2011-02-25,9.39,9.71,9.25,9.61,1979906.29
2011-02-28,9.63,9.98,9.43,9.88,2026781.35
2011-03-01,9.86,10.21,9.81,9.9,2090765.37
2011-03-02,9.78,9.89,9.61,9.79,1204623.77
2011-03-03,9.84,10.02,9.7,9.71,1418956.71
2011-03-04,9.74,10.07,9.64,10.01,1467447.5
2011-03-07,10.04,10.41,10.02,10.33,2575285.44
2011-03-08,10.35,10.43,10.13,10.26,1413709.9
2011-03-09,10.31,10.45,10.13,10.21,1101281.39
2011-03-10,10.23,10.23,9.8,9.8,1694998.49
2011-03-11,9.71,9.88,9.63,9.65,1176942.11
2011-03-14,9.58,9.69,9.4,9.68,1069374.08
2011-03-15,9.6,9.62,9.19,9.38,1371619.36
2011-03-16,9.45,9.71,9.39,9.65,1241293.43
2011-03-17,9.46,9.55,9.24,9.34,1045079.12
2011-03-18,9.47,9.64,9.39,9.45,805096.0
2011-03-21,9.47,9.53,9.32,9.38,927522.4
2011-03-22,9.45,9.53,9.23,9.43,860630.58
2011-03-29,9.67,9.92,9.54,9.59,1807924.98
2011-03-30,9.6,9.66,9.19,9.32,1196070.88
2011-03-31,9.31,9.64,9.3,9.39,681962.79
2011-04-01,9.39,9.63,9.37,9.61,770526.47
2011-04-06,9.58,10.06,9.52,9.9,1713706.26
2011-04-07,9.9,9.92,9.76,9.82,903875.02
2011-04-08,9.81,9.98,9.76,9.94,929679.38
2011-04-11,10.0,10.14,9.79,9.81,1147857.95
2011-04-12,9.8,9.89,9.69,9.76,794877.23
2011-04-14,10.0,10.08,9.78,9.82,1112597.07
2011-04-15,9.76,10.09,9.76,9.96,1083966.52
2011-04-18,9.91,10.06,9.84,9.94,964906.3
2011-04-19,9.82,9.84,9.54,9.55,1096773.55
2011-04-20,9.61,9.64,9.47,9.53,632811.65
2011-04-21,9.6,9.88,9.51,9.73,901995.61
2011-04-22,9.71,9.71,9.53,9.55,522531.19
2011-04-25,9.54,9.54,9.31,9.33,805287.14
2011-04-26,9.33,9.39,9.01,9.02,1220186.05
2011-04-27,9.1,9.12,8.86,9.0,726963.91
2011-04-28,9.06,9.14,8.87,8.89,744224.12
2011-05-03,8.93,9.0,8.81,8.96,639075.78
2011-05-04,8.9,8.9,8.51,8.53,992956.59
2011-05-05,8.52,8.62,8.5,8.53,516970.02
2011-05-06,8.47,8.53,8.35,8.48,682018.19
2011-05-09,8.53,8.62,8.49,8.53,456011.33
2011-05-10,8.54,8.7,8.48,8.69,474127.53
2011-05-11,8.67,8.71,8.55,8.59,444280.49
2011-05-12,8.48,8.71,8.47,8.62,533960.79
2011-05-13,8.63,8.87,8.57,8.8,881543.74
2011-05-16,8.79,8.89,8.71,8.73,472860.27
2011-05-17,8.68,8.9,8.53,8.75,601791.04
2011-05-18,8.73,8.83,8.69,8.77,343371.76
2011-05-19,8.79,8.8,8.63,8.64,415225.07
2011-05-20,8.64,8.72,8.59,8.65,274411.82
2011-05-23,8.65,8.65,8.32,8.34,616683.51
2011-05-24,8.33,8.39,8.25,8.31,447547.41
2011-05-25,8.33,8.36,8.21,8.22,346695.56
2011-05-26,8.28,8.6,8.28,8.35,608042.62
2011-05-27,8.35,8.55,8.34,8.4,553059.92
2011-05-30,8.36,8.57,8.26,8.46,449929.82
2011-05-31,8.48,8.64,8.46,8.63,482722.44
2011-06-01,8.57,8.63,8.51,8.56,377681.71
2011-06-02,8.47,8.5,8.23,8.36,534634.19
2011-06-03,8.33,8.49,8.3,8.43,282321.21
2011-06-07,8.42,8.5,8.38,8.44,261308.6
2011-06-08,8.37,8.39,8.24,8.38,529328.42
2011-06-10,8.26,8.44,8.25,8.39,489232.1
2011-06-13,8.33,8.36,8.22,8.3,339351.01
2011-06-14,8.31,8.63,8.28,8.56,719711.58
2011-06-15,8.55,8.59,8.47,8.53,490843.23
2011-06-16,8.53,8.53,8.32,8.36,445516.34
2011-06-17,8.36,8.41,8.24,8.26,403994.08
2011-06-20,8.22,8.38,8.2,8.29,373209.78
2011-06-21,8.31,8.48,8.31,8.44,376130.73
2011-06-22,8.48,8.53,8.32,8.36,334595.25
2011-06-23,8.32,8.61,8.32,8.55,432667.45
2011-06-24,8.51,9.41,8.49,9.29,2454399.43
2011-06-27,9.21,9.32,9.1,9.17,1369765.74
2011-06-28,9.15,9.23,9.01,9.19,1130004.33
2011-06-29,9.18,9.21,8.99,9.01,669368.76
2011-06-30,9.02,9.3,9.01,9.15,873435.36
2011-07-01,9.18,9.24,9.05,9.11,534444.37
2011-07-04,9.2,9.58,9.18,9.41,1505701.53
2011-07-05,9.38,9.48,9.3,9.41,671536.37
2011-07-06,9.4,9.4,9.27,9.33,488634.42
2011-07-07,9.51,9.55,9.27,9.27,818386.22
2011-07-08,9.25,9.37,9.23,9.29,487686.46
2011-07-11,9.25,9.32,9.11,9.27,515894.35
2011-07-12,9.13,9.16,8.89,8.97,984410.61
2011-07-13,8.97,9.16,8.97,9.08,606172.61
2011-07-14,9.09,9.13,8.95,9.06,629228.7
2011-07-15,9.02,9.14,8.93,9.11,699969.54
2011-07-18,9.11,9.14,9.0,9.03,412641.79
2011-07-19,8.96,8.98,8.84,8.89,525463.59
2011-07-20,8.98,9.0,8.82,8.95,466975.96
2011-07-21,8.9,8.96,8.85,8.85,389543.52
2011-07-22,8.91,9.1,8.91,8.97,851761.23
2011-07-25,8.86,8.9,8.52,8.6,823946.67
2011-07-26,8.59,8.66,8.52,8.57,337404.79
2011-07-27,8.53,8.64,8.5,8.6,342508.12
2011-07-28,8.5,8.54,8.42,8.49,427764.46
2011-07-29,8.52,8.8,8.47,8.65,713017.42
2011-08-01,8.61,8.74,8.53,8.71,498660.83
2011-08-02,8.61,8.61,8.45,8.57,493605.0
2011-08-03,8.51,8.69,8.46,8.57,363587.98
2011-08-04,8.62,8.71,8.53,8.55,328109.73
2011-08-05,8.32,8.48,8.28,8.39,713547.77
2011-08-08,8.32,8.42,7.87,8.08,841230.39
2011-08-09,7.88,8.15,7.76,8.04,666960.86
2011-08-10,8.22,8.27,8.1,8.13,592671.22
2011-08-11,7.99,8.46,7.96,8.32,775125.06
2011-08-12,8.38,8.39,8.26,8.29,535180.92
2011-08-16,8.42,8.5,8.28,8.32,545854.52
2011-08-17,8.31,8.64,8.28,8.53,859962.47
2011-08-18,8.53,8.61,8.41,8.45,718459.04
2011-08-19,8.29,8.43,8.26,8.4,506050.08
2011-08-22,8.48,8.5,8.25,8.3,390573.15
2011-08-23,8.35,8.57,8.3,8.56,489291.37
2011-08-24,8.58,8.6,8.43,8.45,391591.84
2011-08-25,8.5,8.86,8.47,8.85,1286148.87
2011-08-29,8.67,8.69,8.47,8.5,779598.78
2011-08-30,8.6,8.69,8.45,8.46,545424.07
2011-08-31,8.47,8.55,8.42,8.51,294553.72
2011-09-01,8.54,8.67,8.46,8.5,352505.49
2011-09-02,8.49,8.5,8.35,8.38,298383.38
2011-09-05,8.25,8.29,8.14,8.15,367892.86
2011-09-06,8.11,8.21,8.06,8.2,300793.61
2011-09-07,8.22,8.53,8.22,8.41,552143.53
2011-09-08,8.45,8.48,8.32,8.33,233815.56
2011-09-09,8.46,8.67,8.39,8.45,688232.26
2011-09-13,8.32,8.48,8.27,8.46,528751.65
2011-09-14,8.49,8.6,8.29,8.6,624529.93
2011-09-15,8.57,8.75,8.53,8.58,787530.34
2011-09-16,8.63,8.67,8.5,8.52,377522.96
2011-09-19,8.45,8.47,8.34,8.35,351644.06
2011-09-20,8.36,8.6,8.34,8.57,445148.08
2011-09-21,8.57,8.91,8.46,8.79,1158534.78
2011-09-22,8.67,8.71,8.4,8.41,858530.44
2011-09-23,8.27,8.48,8.24,8.46,551444.09
2011-09-26,8.36,8.55,8.06,8.16,855232.9
2011-09-27,8.26,8.35,8.16,8.26,496611.19
2011-09-28,8.32,8.38,7.99,8.06,654187.25
2011-09-29,7.98,8.13,7.91,7.95,481059.38
2011-09-30,7.98,8.04,7.8,7.87,507385.02
2011-10-10,7.92,7.94,7.67,7.73,481367.29
2011-10-11,8.07,8.15,7.75,7.85,776876.54
2011-10-12,7.8,8.46,7.71,8.33,1395181.43
2011-10-13,8.29,8.37,8.23,8.29,693990.83
2011-10-14,8.25,8.37,8.2,8.31,394503.9
2011-10-17,8.29,8.43,8.22,8.34,460348.49
2011-10-18,8.26,8.29,7.92,7.99,629567.36
2011-10-19,8.01,8.15,7.97,7.99,352520.14
2011-10-20,7.92,7.98,7.85,7.92,369145.89
2011-10-21,7.99,8.04,7.87,7.89,343570.94
2011-10-24,7.94,8.31,7.94,8.25,930222.84
2011-10-25,8.25,8.39,8.18,8.29,709265.03
2011-10-26,8.26,8.5,8.24,8.38,1037264.48
2011-10-27,8.41,8.46,8.36,8.39,519485.64
2011-10-28,8.56,8.69,8.48,8.53,955141.36
2011-10-31,8.56,8.57,8.34,8.39,633625.12
2011-11-01,8.32,8.55,8.28,8.5,660717.23
2011-11-02,8.34,8.74,8.31,8.7,969801.88
2011-11-03,8.76,8.83,8.6,8.63,1177496.29
2011-11-04,8.74,8.82,8.64,8.7,712809.91
2011-11-07,8.64,8.64,8.5,8.53,570559.69
2011-11-08,8.52,8.63,8.46,8.48,421724.5
2011-11-09,8.54,8.6,8.41,8.57,394633.77
2011-11-10,8.46,8.49,8.37,8.38,547635.83
2011-11-11,8.39,8.44,8.32,8.35,288972.46
2011-11-14,8.43,8.54,8.41,8.51,402230.65
2011-11-15,8.48,8.51,8.39,8.43,310440.71
2011-11-16,8.43,8.45,8.17,8.18,525645.9
2011-11-17,8.18,8.23,8.15,8.19,321149.09
2011-11-18,8.13,8.27,7.94,7.99,670402.32
2011-11-21,8.01,8.04,7.94,8.03,240675.47
2011-11-22,7.97,8.08,7.93,8.06,272602.0
2011-11-23,8.08,8.09,7.73,7.83,675114.33
2011-11-24,7.77,7.87,7.74,7.8,316639.68
2011-11-25,7.81,7.83,7.73,7.76,246398.06
2011-11-28,7.79,7.87,7.74,7.79,347578.64
2011-11-29,7.86,7.9,7.79,7.88,328311.5
2011-11-30,7.86,7.87,7.46,7.51,675602.64
2011-12-01,7.9,7.97,7.75,7.78,956997.25
2011-12-02,7.74,7.76,7.54,7.65,455997.32
2011-12-05,7.67,7.68,7.54,7.57,268738.76
2011-12-06,7.56,7.71,7.56,7.69,331279.53
2011-12-07,7.71,7.83,7.66,7.81,356068.97
2011-12-08,7.78,7.92,7.65,7.74,316168.25
2011-12-09,7.71,7.78,7.66,7.7,269578.27
2011-12-12,7.69,7.73,7.6,7.62,207822.82
2011-12-13,7.59,7.62,7.41,7.43,452232.02
2011-12-14,7.41,7.48,7.29,7.35,283727.52
2011-12-15,7.31,7.37,7.11,7.13,393603.56
2011-12-16,7.01,7.32,7.01,7.28,416157.59
2011-12-19,7.18,7.27,6.99,7.2,521520.98
2011-12-20,7.19,7.24,7.04,7.06,357286.24
2011-12-21,7.15,7.18,6.96,6.97,399855.3
2011-12-22,6.93,6.98,6.67,6.87,506283.86
2011-12-26,6.82,6.85,6.7,6.71,392481.93
2011-12-27,6.71,6.9,6.64,6.71,393265.4
2011-12-28,6.65,6.83,6.62,6.8,490380.85
2011-12-29,6.71,6.82,6.71,6.71,381592.21
2011-12-30,6.77,6.84,6.75,6.79,358922.19
2012-01-04,6.85,6.89,6.69,6.69,354005.33
2012-01-05,6.66,6.8,6.43,6.5,478352.28
2012-01-06,6.43,6.6,6.32,6.57,555029.83
2012-01-09,6.55,6.85,6.48,6.82,623061.16
2012-01-10,6.85,7.17,6.79,7.08,844565.48
2012-01-11,7.1,7.15,6.98,7.05,478367.03
2012-01-12,7.06,7.1,6.99,7.01,363785.16
2012-01-13,7.03,7.06,6.81,6.85,521583.59
2012-01-16,6.99,7.05,6.86,6.87,458496.64
2012-01-17,6.87,7.39,6.85,7.35,851844.45
2012-01-18,7.31,7.66,7.27,7.32,843578.74
2012-01-19,7.39,7.63,7.33,7.58,777699.83
2012-01-20,7.61,7.76,7.53,7.7,787605.08
2012-01-30,7.7,7.74,7.45,7.47,589045.33
2012-01-31,7.48,7.54,7.39,7.48,388253.99
2012-02-01,7.46,7.5,7.29,7.32,307916.03
2012-02-02,7.36,7.56,7.27,7.55,480276.71
2012-02-03,7.54,7.69,7.46,7.62,548721.68
2012-02-06,7.64,7.7,7.52,7.58,393237.28
2012-02-07,7.53,7.55,7.31,7.36,461101.39
2012-02-08,7.36,7.74,7.31,7.66,695554.84
2012-02-09,7.68,7.69,7.56,7.6,682237.71
2012-02-10,7.57,7.84,7.55,7.67,865457.18
2012-02-13,7.55,7.77,7.5,7.66,511703.18
2012-02-14,7.64,7.69,7.55,7.6,331266.7
2012-02-15,7.57,7.84,7.56,7.76,771588.43
2012-02-16,7.76,7.84,7.7,7.78,690136.61
2012-02-17,7.85,7.9,7.75,7.79,415843.42
2012-02-20,7.92,7.99,7.79,7.81,725013.87
2012-02-21,7.83,7.89,7.72,7.85,509856.07
2012-02-22,7.85,8.15,7.82,8.11,1173387.29
2012-02-23,8.11,8.13,7.98,8.05,724840.44
2012-02-24,8.05,8.29,8.03,8.25,1138315.25
2012-02-27,8.31,8.52,8.31,8.36,1537740.33
2012-02-28,8.34,8.45,8.29,8.4,689258.27
2012-02-29,8.38,8.38,8.17,8.25,693353.26
2012-03-01,8.2,8.37,8.18,8.29,461556.86
2012-03-02,8.29,8.6,8.29,8.56,1088991.26
2012-03-05,8.64,8.77,8.57,8.58,1146249.3
2012-03-06,8.57,8.57,8.46,8.52,653961.65
2012-03-07,8.4,8.6,8.29,8.46,981780.35
2012-03-08,8.5,8.78,8.5,8.72,1306125.62
2012-03-09,8.74,8.77,8.65,8.72,777567.99
2012-03-12,8.71,8.83,8.53,8.64,815539.52
2012-03-13,8.63,8.74,8.61,8.7,451034.07
2012-03-14,8.78,8.9,8.35,8.38,1522577.33
2012-03-15,8.38,8.46,8.23,8.32,919756.96
2012-03-16,8.35,8.62,8.35,8.6,849728.15
2012-03-19,8.57,8.64,8.43,8.57,650744.35
2012-03-20,8.53,8.56,8.18,8.22,1032009.34
2012-03-21,8.32,8.35,8.0,8.12,939325.88
2012-03-22,8.13,8.29,8.08,8.21,460973.04
2012-03-23,8.16,8.29,8.07,8.15,568187.13
2012-03-26,8.14,8.2,8.08,8.15,334389.97
2012-03-27,8.22,8.27,8.15,8.18,308027.32
2012-03-28,8.16,8.18,7.99,8.01,569254.06
2012-03-29,7.95,8.04,7.81,7.9,683091.63
2012-03-30,7.96,8.15,7.96,8.11,731571.55
2012-04-05,8.14,8.92,8.07,8.57,1598718.95
2012-04-06,8.55,8.77,8.55,8.69,886876.95
2012-04-09,8.69,8.74,8.56,8.59,459126.0
2012-04-10,8.55,8.74,8.4,8.74,683697.02
2012-04-11,8.61,8.85,8.55,8.73,691137.22
2012-04-12,8.76,9.11,8.73,9.09,1844358.45
2012-04-13,9.1,9.38,9.07,9.2,1735747.57
2012-04-16,9.09,9.32,9.04,9.22,970697.33
2012-04-17,9.2,9.25,8.91,8.94,913590.61
2012-04-18,8.95,9.38,8.86,9.36,1865679.51
2012-04-19,9.37,9.42,9.21,9.29,1300558.79
2012-04-20,9.3,9.58,9.18,9.44,1816800.99
2012-04-23,9.4,9.4,9.16,9.18,1225807.66
2012-04-24,9.13,9.44,8.94,9.27,1780953.21
2012-04-25,9.27,9.39,9.17,9.2,972157.69
2012-04-26,9.23,9.31,9.06,9.18,1055849.72
2012-04-27,9.18,9.27,9.08,9.09,651169.7
2012-05-02,9.37,9.41,9.18,9.21,1318816.96
2012-05-03,9.2,9.53,9.16,9.47,1456595.19
2012-05-04,9.44,9.55,9.27,9.46,1098371.43
2012-05-07,9.39,9.47,9.27,9.34,1040545.68
2012-05-08,9.37,9.43,9.09,9.15,1086609.03
2012-05-09,9.04,9.17,9.0,9.01,881316.09
2012-05-10,9.01,9.14,8.93,9.08,784805.36
2012-05-11,9.04,9.11,8.9,8.93,595682.39
2012-05-14,9.04,9.18,8.89,9.0,1019461.91
2012-05-15,8.93,9.15,8.9,9.11,678079.99
2012-05-16,9.08,9.26,8.95,8.97,770641.74
2012-05-17,8.99,9.36,8.99,9.31,1370557.99
2012-05-18,9.21,9.3,9.11,9.14,842342.42
2012-05-21,9.1,9.21,9.0,9.05,599875.14
2012-05-22,9.09,9.34,9.09,9.3,941591.73
2012-05-23,9.28,9.55,9.25,9.51,1547852.44
2012-05-24,9.51,9.58,9.34,9.4,841879.2
2012-05-25,9.38,9.51,9.2,9.26,829393.27
2012-05-28,9.22,9.43,9.08,9.43,828179.35
2012-05-29,9.42,9.74,9.38,9.61,1490903.65
2012-05-30,9.61,9.71,9.57,9.67,882067.34
2012-05-31,9.58,9.75,9.55,9.63,589309.38
2012-06-01,9.63,9.78,9.63,9.71,717990.74
2012-06-04,9.51,9.64,9.28,9.33,887823.31
2012-06-05,9.34,9.39,9.15,9.18,629180.82
2012-06-06,9.22,9.32,9.09,9.16,491372.79
2012-06-07,9.28,9.4,9.14,9.2,617648.89
2012-06-08,9.35,9.37,9.15,9.19,540266.11
2012-06-11,9.24,9.44,9.22,9.43,580208.35
2012-06-12,9.36,9.41,9.25,9.29,451029.74
2012-06-13,9.36,9.52,9.15,9.45,909751.83
2012-06-14,9.4,9.5,9.31,9.34,523163.33
2012-06-15,9.41,9.47,9.27,9.41,439599.72
2012-06-18,9.46,9.62,9.44,9.5,527973.57
2012-06-19,9.48,9.5,9.36,9.37,363310.7
2012-06-21,9.3,9.3,8.81,8.85,1216538.5
2012-06-25,8.85,8.85,8.57,8.61,863046.84
2012-06-26,8.57,8.71,8.48,8.64,508039.38
2012-06-27,8.64,8.78,8.62,8.66,324958.43
2012-06-28,8.68,8.77,8.43,8.43,539306.28
2012-06-29,8.39,8.85,8.37,8.83,754988.51
2012-07-02,8.82,8.93,8.74,8.79,494234.6
2012-07-03,8.81,8.9,8.67,8.81,626833.56
2012-07-04,8.84,8.86,8.75,8.76,242873.31
2012-07-05,8.69,8.71,8.5,8.52,419108.71
2012-07-06,8.6,8.88,8.43,8.79,583266.94
2012-07-09,8.67,8.76,8.46,8.46,467644.19
2012-07-10,8.43,8.6,8.42,8.5,465168.14
2012-07-11,8.48,8.69,8.47,8.69,472051.84
2012-07-12,8.63,9.02,8.55,8.91,838443.19
2012-07-13,8.84,9.11,8.84,8.85,467751.04
2012-07-16,8.91,8.92,8.67,8.74,361023.7
2012-07-17,8.69,9.13,8.68,8.97,630208.44
2012-07-18,8.95,9.09,8.74,9.06,533201.2
2012-07-19,9.02,9.26,8.97,9.05,772070.0
2012-07-20,8.98,9.09,8.92,8.97,384670.07
2012-07-23,8.89,8.91,8.54,8.6,801885.36
2012-07-24,8.55,8.7,8.43,8.58,822685.1
2012-07-25,8.57,8.67,8.48,8.53,352229.8
2012-07-26,8.5,8.62,8.46,8.55,440577.1
2012-07-27,8.6,8.71,8.46,8.54,483691.11
2012-07-30,8.55,8.64,8.41,8.43,592094.24
2012-07-31,8.45,8.6,8.41,8.55,331082.93
2012-08-01,8.57,8.76,8.57,8.69,527406.68
2012-08-02,8.74,8.75,8.54,8.67,379637.38
2012-08-03,8.74,8.77,8.56,8.7,328782.72
2012-08-06,8.69,8.88,8.66,8.84,445725.93
2012-08-07,8.86,8.92,8.79,8.82,327227.59
2012-08-08,8.9,8.95,8.82,8.85,420227.95
2012-08-09,8.84,8.88,8.69,8.87,386940.47
2012-08-10,8.87,8.87,8.71,8.76,321808.35
2012-08-13,8.74,8.74,7.9,7.96,1751485.88
2012-08-14,7.98,8.01,7.61,7.83,1076962.25
2012-08-15,7.81,7.81,7.72,7.75,429076.46
2012-08-16,7.75,7.93,7.74,7.77,549711.94
2012-08-17,7.77,7.84,7.72,7.82,324766.3
2012-08-20,7.74,7.82,7.65,7.79,469967.55
2012-08-21,7.77,7.91,7.73,7.8,424776.57
2012-08-22,7.82,7.87,7.76,7.83,411130.22
2012-08-23,7.85,7.95,7.78,7.83,409856.69
2012-08-24,7.82,7.83,7.72,7.8,348413.95
2012-08-27,7.76,7.77,7.36,7.38,979812.79
2012-08-28,7.38,7.56,7.24,7.42,716068.85
2012-08-29,7.32,7.48,7.3,7.37,350356.3
2012-08-30,7.28,7.58,7.28,7.49,703608.13
2012-08-31,7.43,7.51,7.39,7.4,277908.17
2012-09-03,7.35,7.71,7.32,7.62,636278.82
2012-09-04,7.72,7.84,7.62,7.67,622149.87
2012-09-05,7.61,7.77,7.61,7.69,354763.55
2012-09-06,7.72,7.8,7.65,7.73,324922.23
2012-09-07,7.82,8.39,7.82,8.32,1461379.7
2012-09-10,8.32,8.47,8.19,8.3,872598.39
2012-09-11,8.26,8.26,8.03,8.18,788399.9
2012-09-12,8.24,8.33,8.12,8.22,559491.38
2012-09-13,8.19,8.32,8.14,8.14,381101.7
2012-09-14,8.27,8.37,8.14,8.23,701840.35
2012-09-17,8.2,8.26,7.88,7.9,655395.24
2012-09-18,7.85,7.95,7.75,7.84,351791.13
2012-09-19,7.84,7.97,7.82,7.92,442909.7
2012-09-20,7.9,7.9,7.77,7.82,566675.19
2012-09-21,7.77,7.9,7.74,7.8,347340.68
2012-09-24,7.69,7.99,7.66,7.85,542901.21
2012-09-25,7.82,8.15,7.82,7.98,762325.15
2012-09-26,7.99,8.11,7.94,7.97,409795.71
2012-09-27,7.98,8.48,7.97,8.36,1226679.41
2012-09-28,8.28,8.56,8.25,8.54,1052928.25
2012-10-08,8.54,8.64,8.26,8.32,630681.3
2012-10-09,8.4,8.66,8.4,8.59,698697.61
2012-10-10,8.56,8.59,8.5,8.55,421126.47
2012-10-11,8.51,8.57,8.33,8.39,459586.19
2012-10-12,8.46,8.54,8.2,8.36,506598.08
2012-10-15,8.39,8.48,8.29,8.4,352879.46
2012-10-16,8.38,8.54,8.38,8.44,400570.22
2012-10-17,8.48,8.53,8.32,8.41,368877.16
2012-10-18,8.44,8.59,8.38,8.56,533999.64
2012-10-19,8.56,8.59,8.47,8.5,335062.74
2012-10-22,8.45,8.59,8.43,8.56,343047.3
2012-10-23,8.57,8.59,8.3,8.33,594474.84
2012-10-24,8.31,8.37,8.25,8.27,347904.59
2012-10-25,8.27,8.32,8.17,8.18,349344.62
2012-10-26,8.19,8.22,7.91,7.97,666595.42
2012-10-29,8.01,8.01,7.74,7.79,593279.46
2012-10-30,7.78,7.92,7.76,7.8,455628.47
2012-10-31,7.86,7.91,7.8,7.89,330136.51
2012-11-01,7.9,8.13,7.9,8.11,955470.49
2012-11-02,8.11,8.22,8.03,8.2,506112.2
2012-11-05,8.19,8.24,8.14,8.17,313455.33
2012-11-06,8.2,8.22,7.97,8.17,576598.36
2012-11-07,8.14,8.17,8.03,8.06,466185.14
2012-11-08,7.98,8.03,7.88,7.9,558708.86
2012-11-09,7.85,7.9,7.79,7.81,441331.24
2012-11-12,7.81,7.89,7.75,7.87,327598.68
2012-11-13,7.9,7.9,7.53,7.74,587973.79
2012-11-14,7.71,7.82,7.62,7.77,320243.81
2012-11-15,7.72,7.78,7.6,7.61,292846.87
2012-11-16,7.6,7.68,7.53,7.61,378058.07
2012-11-19,7.61,7.75,7.53,7.67,479440.33
2012-11-20,7.74,7.74,7.56,7.56,212557.18
2012-11-21,7.58,7.8,7.57,7.78,489928.14
2012-11-22,7.72,7.77,7.67,7.74,423793.87
2012-11-23,7.81,7.84,7.74,7.75,394092.34
2012-11-26,7.72,7.8,7.65,7.67,262266.75
2012-11-27,7.64,7.66,7.51,7.53,400288.81
2012-11-28,7.51,7.56,7.4,7.43,349561.07
2012-11-29,7.46,7.51,7.06,7.1,759906.59
2012-11-30,7.12,7.27,6.91,7.25,719542.68
2012-12-03,7.22,7.43,7.19,7.25,557228.46
2012-12-04,7.25,7.39,7.17,7.37,476271.62
2012-12-05,7.32,7.86,7.32,7.65,1950562.99
2012-12-06,7.65,7.7,7.56,7.6,800274.92
2012-12-07,7.61,7.84,7.57,7.76,1249857.58
2012-12-10,7.85,8.0,7.79,7.89,1046584.38
2012-12-11,7.85,7.91,7.8,7.82,452563.72
2012-12-12,7.87,7.94,7.77,7.84,446663.67
2012-12-13,7.81,7.85,7.74,7.78,357709.56
2012-12-14,7.82,8.44,7.8,8.35,1726516.89
2012-12-17,8.35,8.64,8.33,8.54,1289743.95
2012-12-18,8.51,8.8,8.46,8.57,1110686.85
2012-12-19,8.55,8.67,8.43,8.55,875452.64
2012-12-20,8.5,8.8,8.47,8.72,845890.64
2012-12-21,8.75,8.88,8.55,8.6,857585.56
2012-12-24,8.6,8.83,8.55,8.64,648791.27
2012-12-25,8.59,9.02,8.51,8.95,1367136.04
2012-12-26,8.92,9.01,8.8,8.9,662312.11
2012-12-27,8.95,9.0,8.82,8.84,768511.86
2012-12-28,8.91,9.59,8.83,9.53,1775556.53
2012-12-31,9.53,9.69,9.45,9.68,1579458.38
2013-01-04,9.85,9.94,9.48,9.61,1265743.64
2013-01-07,9.56,9.83,9.45,9.61,897895.65
2013-01-08,9.61,9.66,9.31,9.45,1113939.8
2013-01-09,9.38,9.59,9.29,9.44,858974.04
2013-01-10,9.45,9.81,9.43,9.58,1058183.33
2013-01-11,9.56,9.63,9.11,9.21,1176733.66
2013-01-14,9.15,9.9,9.13,9.85,1643087.27
2013-01-15,9.85,10.02,9.77,9.88,1503333.25
2013-01-16,9.86,9.89,9.49,9.71,1145673.2
2013-01-17,9.66,9.85,9.52,9.65,848131.39
2013-01-18,9.74,9.98,9.64,9.78,1151847.37
2013-01-21,9.84,10.07,9.74,10.0,1346609.44
2013-01-22,9.95,10.2,9.82,9.98,1465792.39
2013-01-23,9.94,10.14,9.85,10.03,887794.39
2013-01-24,10.01,10.37,9.95,10.04,2311837.38
2013-01-25,10.03,10.15,9.77,9.81,1067488.81
2013-01-28,9.87,10.43,9.87,10.39,2009774.37
2013-01-29,10.41,10.93,10.36,10.84,2310652.99
2013-01-30,10.87,11.23,10.7,11.04,1752003.93
2013-01-31,11.04,11.15,10.82,11.0,1238623.96
2013-02-01,10.91,11.48,10.88,11.4,1588708.91
2013-02-04,11.52,11.57,11.02,11.08,2095974.25
2013-02-05,10.87,11.01,10.69,10.95,1491837.11
2013-02-06,10.95,11.37,10.9,11.1,1236388.12
2013-02-07,11.08,11.26,10.78,11.11,1600986.1
2013-02-08,11.08,11.35,11.01,11.23,1226115.04
2013-02-18,11.35,11.4,10.84,10.85,1094004.08
2013-02-19,10.8,10.85,10.48,10.52,1360592.12
2013-02-20,10.52,10.7,10.31,10.64,1193854.12
2013-02-21,10.49,10.49,10.0,10.08,1703094.31
2013-02-22,10.08,10.16,9.91,9.93,866466.07
2013-02-25,10.11,10.22,9.93,10.03,867953.6
2013-02-26,9.86,10.2,9.74,9.81,1147088.05
2013-02-27,9.85,10.26,9.85,10.11,1342390.39
2013-02-28,10.24,10.62,10.09,10.61,1719815.2
2013-03-01,10.63,10.77,10.36,10.7,1269503.22
2013-03-04,10.4,10.51,9.82,10.01,2195823.1
2013-03-05,10.04,10.52,10.04,10.49,1593464.48
2013-03-06,10.58,10.6,10.32,10.43,1076868.92
2013-03-07,10.43,10.53,10.01,10.13,1341393.28
2013-03-08,10.14,10.24,9.9,9.95,883343.72
2013-03-11,9.93,10.03,9.73,9.92,822235.93
2013-03-12,9.88,10.09,9.7,9.81,885409.04
2013-03-13,9.81,9.84,9.43,9.57,975020.89
2013-03-14,9.49,9.62,9.45,9.53,1109483.88
2013-03-15,9.56,9.87,9.09,9.34,1985998.24
2013-03-18,9.31,9.33,9.02,9.14,1550590.94
2013-03-19,9.13,9.3,8.93,9.17,1262566.43
2013-03-20,9.23,9.78,9.17,9.74,1938897.91
2013-03-21,9.74,9.82,9.64,9.76,1143235.66
2013-03-22,9.77,9.8,9.56,9.64,844234.54
2013-03-25,9.72,9.76,9.39,9.41,1102998.19
2013-03-26,9.37,9.37,9.09,9.16,1268407.99
2013-03-27,9.19,9.38,9.06,9.25,1012622.1
2013-03-28,8.97,9.01,8.77,8.89,1443869.2
2013-03-29,8.91,8.94,8.76,8.82,645550.25
2013-04-01,8.81,8.93,8.77,8.83,718531.65
2013-04-02,8.88,8.98,8.69,8.9,1088447.26
2013-04-03,8.91,8.97,8.77,8.78,642135.58
2013-04-08,8.55,8.67,8.48,8.62,1013302.06
2013-04-09,8.67,8.91,8.65,8.79,944487.88
2013-04-10,8.78,8.82,8.6,8.7,482420.91
2013-04-11,8.85,8.89,8.62,8.66,598892.72
2013-04-12,8.67,8.73,8.46,8.49,662690.39
2013-04-15,8.44,8.56,8.33,8.46,611244.38
2013-04-16,8.39,8.93,8.33,8.81,1136462.16
2013-04-17,8.77,8.87,8.63,8.74,716243.79
2013-04-18,8.69,8.93,8.6,8.8,673146.71
2013-04-19,8.82,9.38,8.82,9.29,2006175.34
2013-04-22,9.23,9.31,9.17,9.27,821111.08
2013-04-23,9.2,9.23,8.75,8.81,1089032.01
2013-04-24,8.85,9.26,8.75,9.14,1084688.78
2013-04-25,9.07,9.32,8.95,9.06,955566.13
2013-04-26,9.09,9.19,8.95,9.0,661986.52
2013-05-02,8.93,9.1,8.85,9.04,673784.61
2013-05-03,9.14,9.51,9.14,9.32,1217907.93
2013-05-06,9.4,9.48,9.3,9.39,917628.26
2013-05-07,9.38,9.38,9.15,9.28,871596.34
2013-05-08,9.28,9.35,9.09,9.22,983181.62
2013-05-09,9.19,9.22,9.03,9.16,712074.24
2013-05-10,9.07,9.24,9.07,9.16,530337.55
2013-05-13,9.19,9.2,8.91,9.01,782074.19
2013-05-14,8.98,8.99,8.79,8.85,755685.07
2013-05-15,8.85,8.93,8.8,8.89,556145.85
2013-05-16,8.86,9.19,8.78,9.13,993513.37
2013-05-17,9.11,9.32,9.04,9.27,1117599.07
2013-05-20,9.29,9.48,9.22,9.38,1362297.06
2013-05-21,9.35,9.38,9.19,9.27,910424.74
2013-05-22,9.35,9.47,9.25,9.31,870566.97
2013-05-23,9.26,9.32,9.09,9.1,909664.96
2013-05-24,9.19,9.25,9.06,9.19,653417.72
2013-05-27,9.17,9.4,9.14,9.32,878149.81
2013-05-28,9.33,9.61,9.3,9.6,1723543.97
2013-05-29,9.64,9.66,9.52,9.53,1294556.66
2013-05-30,9.5,9.73,9.47,9.57,1133280.28
2013-05-31,9.61,9.67,9.4,9.41,802065.71
2013-06-03,9.41,9.59,9.36,9.41,789117.82
2013-06-04,9.4,9.4,9.2,9.23,801065.75
2013-06-05,9.27,9.33,9.25,9.33,647033.05
2013-06-06,9.27,9.35,9.19,9.22,609239.93
2013-06-07,9.14,9.24,8.7,8.78,1603079.48
2013-06-13,8.61,8.61,8.05,8.22,1402090.19
2013-06-14,8.27,8.31,8.14,8.22,903339.9
2013-06-17,8.24,8.26,7.98,8.06,748509.54
2013-06-18,8.12,8.19,8.03,8.13,519806.5
2013-06-19,8.08,8.11,7.81,8.08,877490.57
2013-06-20,8.0,8.0,7.81,7.84,709130.94
2013-06-21,7.68,8.03,7.64,8.01,948994.61
2013-06-24,7.93,7.95,7.3,7.31,1334535.93
2013-06-25,7.29,7.41,6.73,7.25,1554332.04
2013-06-26,7.26,7.32,7.11,7.24,881361.47
2013-06-27,7.28,7.4,7.07,7.13,891609.31
2013-06-28,7.11,7.57,7.07,7.34,1180577.72
2013-07-01,7.45,7.46,7.22,7.38,659290.42
2013-07-02,7.38,7.48,7.24,7.38,669519.6
2013-07-03,7.33,7.33,7.16,7.22,699971.08
2013-07-04,7.16,7.43,7.08,7.29,895531.98
2013-07-05,7.32,7.43,7.28,7.31,645965.76
2013-07-08,7.2,7.3,7.1,7.13,578768.82
2013-07-09,7.14,7.27,7.13,7.15,424399.08
2013-07-10,7.18,7.41,7.11,7.39,985456.71
2013-07-11,7.43,8.11,7.37,7.98,2051918.33
2013-07-12,7.87,8.01,7.61,7.64,1161149.97
2013-07-15,7.82,8.18,7.72,7.94,1518316.37
2013-07-16,7.9,7.96,7.79,7.95,801963.35
2013-07-17,7.91,8.03,7.68,7.71,927698.05
2013-07-18,7.64,7.77,7.48,7.5,809813.69
2013-07-19,7.53,7.64,7.32,7.33,715255.7
2013-07-22,7.3,7.53,7.25,7.48,578702.61
2013-07-23,7.52,7.93,7.48,7.87,1070190.51
2013-07-24,7.79,7.89,7.62,7.82,805011.61
2013-07-25,7.88,7.96,7.75,7.8,735298.95
2013-07-26,7.74,7.85,7.67,7.72,476406.12
2013-07-29,7.59,7.66,7.49,7.51,535031.7
2013-07-30,7.59,7.85,7.49,7.66,623607.09
2013-07-31,7.86,7.94,7.69,7.72,604440.59
2013-08-01,7.81,8.01,7.71,7.95,916795.03
2013-08-02,8.01,8.07,7.84,7.93,820463.78
2013-08-05,7.89,8.03,7.86,8.03,564222.13
2013-08-06,8.0,8.15,7.91,8.09,776257.96
2013-08-07,8.09,8.29,7.99,8.06,1016121.0
2013-08-08,8.06,8.12,7.89,7.97,566976.08
2013-08-09,8.04,8.15,7.93,8.09,675195.77
2013-08-12,8.12,8.41,8.12,8.41,1304902.81
2013-08-13,8.44,8.53,8.37,8.44,925384.29
2013-08-14,8.45,8.57,8.32,8.36,767136.93
2013-08-15,8.36,8.56,8.29,8.3,695126.88
2013-08-16,8.24,9.14,8.18,8.2,2784981.29
2013-08-19,8.0,8.17,7.82,8.1,1446178.12
2013-08-20,8.04,8.18,7.89,7.92,1244619.18
2013-08-21,7.95,8.03,7.87,7.98,624569.98
2013-08-22,7.94,8.05,7.89,7.92,690113.33
2013-08-23,7.97,7.99,7.67,7.83,730415.02
2013-08-26,7.98,8.29,7.94,8.24,1412130.88
2013-08-27,8.19,8.37,8.17,8.3,862355.88
2013-08-28,8.2,8.27,8.13,8.16,696403.08
2013-08-29,8.32,8.37,8.15,8.19,724296.63
2013-08-30,8.18,8.34,8.08,8.21,1006744.01
2013-09-02,8.21,8.3,8.12,8.24,598312.68
2013-09-03,8.29,8.34,8.21,8.32,887542.3
2013-09-04,8.31,8.35,8.24,8.26,586898.93
2013-09-05,8.27,8.32,8.21,8.23,449187.38
2013-09-06,8.19,8.34,8.19,8.24,726291.52
2013-09-09,8.32,8.94,8.28,8.82,2648730.1
2013-09-10,8.91,9.71,8.88,9.71,3682603.38
2013-09-11,10.19,10.2,9.73,9.81,4232911.12
2013-09-12,9.98,10.31,9.79,10.1,3574645.31
2013-09-13,10.0,10.04,9.71,9.84,2176260.65
2013-09-16,9.89,9.89,9.39,9.57,2284893.11
2013-09-17,9.51,9.57,9.31,9.35,1394238.35
2013-09-18,9.31,9.54,9.17,9.52,1343672.19
2013-09-23,9.52,9.55,9.37,9.51,1031592.07
2013-09-24,9.47,9.48,9.02,9.12,1650804.37
2013-09-25,9.11,9.34,9.05,9.13,974568.0
2013-09-26,9.14,9.14,8.94,8.95,836610.3
2013-09-27,9.04,9.23,8.97,9.2,947215.87
2013-09-30,9.23,9.28,9.1,9.15,612936.67
2013-10-08,9.09,9.33,8.97,9.25,1035069.3
2013-10-09,9.22,9.41,9.15,9.32,876084.07
2013-10-10,9.34,9.35,8.94,8.97,1154047.73
2013-10-11,9.07,9.22,8.98,9.16,1093502.87
2013-10-14,9.16,9.16,8.97,9.04,815065.62
2013-10-15,9.08,9.13,9.0,9.12,802112.95
2013-10-16,9.08,9.1,8.76,8.87,852051.46
2013-10-17,8.96,8.99,8.75,8.79,920340.46
2013-10-18,8.79,9.11,8.78,8.94,1093925.34
2013-10-21,8.99,9.13,8.83,9.1,1300499.43
2013-10-22,9.16,9.16,8.96,8.99,823798.12
2013-10-23,9.05,9.22,8.97,8.98,929363.02
2013-10-24,8.92,8.94,8.77,8.81,615425.88
2013-10-25,8.8,8.9,8.6,8.67,901829.14
2013-10-28,8.68,8.76,8.64,8.72,521974.94
2013-10-29,8.75,8.99,8.6,8.96,1095402.3
2013-10-30,8.91,9.02,8.82,9.01,904689.84
2013-10-31,9.01,9.02,8.81,8.82,661621.49
2013-11-01,8.85,8.98,8.79,8.92,669855.72
2013-11-04,8.98,9.01,8.81,8.86,408062.86
2013-11-05,8.8,8.86,8.67,8.82,547049.23
2013-11-06,8.79,8.85,8.61,8.62,565921.2
2013-11-07,8.62,8.69,8.53,8.56,454357.1
2013-11-08,8.53,8.62,8.12,8.24,849635.1
2013-11-11,8.24,8.29,8.1,8.21,497689.95
2013-11-12,8.25,8.38,8.23,8.35,524162.05
2013-11-13,8.25,8.29,8.04,8.04,656054.69
2013-11-14,8.06,8.15,8.01,8.12,385088.13
2013-11-15,8.18,8.82,8.14,8.6,1619912.83
2013-11-18,8.84,9.46,8.73,9.46,4049204.02
2013-11-19,9.55,9.57,9.36,9.49,2589444.93
2013-11-20,9.59,9.64,9.36,9.55,1913982.0
2013-11-21,9.46,9.46,9.17,9.35,1985402.98
2013-11-22,9.45,9.63,9.33,9.44,2124268.03
2013-11-25,9.31,9.72,9.25,9.34,1639713.91
2013-11-26,9.32,9.55,9.26,9.32,1114300.17
2013-11-27,9.31,9.67,9.29,9.61,2015663.39
2013-11-28,9.58,9.78,9.52,9.56,1678835.99
2013-11-29,9.58,9.64,9.5,9.61,869589.76
2013-12-02,9.94,10.31,9.72,10.1,4017280.88
2013-12-03,9.98,10.05,9.84,9.98,1337738.81
2013-12-04,9.98,10.19,9.93,9.96,1395371.23
2013-12-05,9.97,10.11,9.9,10.01,1037601.28
2013-12-06,9.94,9.98,9.64,9.75,2108873.4
2013-12-09,9.76,9.92,9.68,9.72,894642.1
2013-12-10,9.72,9.87,9.72,9.78,744398.44
2013-12-11,9.68,9.7,9.31,9.44,1364159.3
2013-12-12,9.4,9.48,9.29,9.39,737578.78
2013-12-13,9.27,9.51,9.24,9.46,674644.65
2013-12-16,9.49,9.53,9.23,9.27,865791.5
2013-12-17,9.29,9.38,9.22,9.31,534731.57
2013-12-18,9.27,9.43,9.26,9.37,474190.81
2013-12-19,9.43,9.52,9.32,9.38,585071.44
2013-12-20,9.38,9.43,9.04,9.12,1005523.33
2013-12-23,9.16,9.28,9.04,9.14,640909.29
2013-12-24,9.2,9.29,9.05,9.17,511124.67
2013-12-25,9.19,9.32,9.14,9.28,686429.95
2013-12-26,9.23,9.24,9.01,9.11,761345.11
2013-12-27,9.1,9.28,9.07,9.24,1063412.32
2013-12-30,9.34,9.35,9.17,9.19,894530.15
2013-12-31,9.16,9.53,9.11,9.49,1460806.99
2014-01-02,9.39,9.45,9.29,9.37,678216.33
2014-01-03,9.31,9.31,9.08,9.11,840376.19
2014-01-06,9.08,9.12,8.83,9.11,1048667.22
2014-01-07,8.97,9.05,8.91,8.97,451627.78
2014-01-08,9.02,9.12,8.91,8.99,755163.96
2014-01-09,8.94,9.02,8.79,8.8,694232.12
2014-01-10,8.77,8.8,8.56,8.58,759610.04
2014-01-13,8.56,8.67,8.46,8.5,551522.85
2014-01-14,8.51,8.67,8.47,8.62,445778.74
2014-01-15,8.62,8.62,8.44,8.53,470188.46
2014-01-16,8.55,8.73,8.48,8.61,621322.59
2014-01-17,8.58,8.69,8.45,8.67,798346.79
2014-01-20,8.6,8.68,8.53,8.57,382184.94
2014-01-21,8.6,8.85,8.6,8.72,616706.9
2014-01-22,8.79,9.02,8.73,8.99,964499.41
2014-01-23,8.98,9.0,8.81,8.87,724090.99
2014-01-24,8.82,9.02,8.8,8.91,721827.88
2014-01-27,8.82,8.86,8.58,8.61,958085.22
2014-01-28,8.67,8.73,8.57,8.64,497851.11
2014-01-29,8.68,8.7,8.6,8.7,511523.33
2014-01-30,8.65,8.68,8.59,8.62,413488.26
2014-02-07,8.49,8.57,8.44,8.55,713618.25
2014-02-10,8.59,8.83,8.59,8.8,808082.67
2014-02-11,8.79,9.05,8.73,8.89,1219994.64
2014-02-12,8.9,9.05,8.83,8.88,792141.67
2014-02-13,8.86,8.97,8.76,8.84,804669.04
2014-02-14,8.82,8.9,8.79,8.84,520423.09
2014-02-17,8.92,8.97,8.81,8.87,787781.75
2014-02-18,8.86,8.87,8.52,8.56,1275369.58
2014-02-19,8.56,8.65,8.41,8.56,1297532.7
2014-02-20,8.54,8.65,8.28,8.3,1294634.12
2014-02-21,8.27,8.29,8.11,8.18,1112035.73
2014-02-24,8.12,8.12,7.89,7.96,1077289.67
2014-02-25,7.99,8.04,7.81,7.84,959879.78
2014-02-26,7.82,7.84,7.6,7.74,991141.84
2014-02-27,7.81,7.88,7.69,7.77,788984.14
2014-02-28,7.79,8.1,7.73,8.06,1271052.15
2014-03-03,7.99,8.0,7.86,7.93,908896.71
2014-03-04,7.9,8.01,7.89,7.93,863907.53
2014-03-05,7.95,8.01,7.83,7.92,698807.62
2014-03-06,7.91,7.98,7.77,7.93,849699.8
2014-03-07,7.88,8.0,7.82,7.83,742645.12
2014-03-10,7.73,7.75,7.51,7.54,872512.99
2014-03-11,7.54,7.6,7.45,7.58,745189.19
2014-03-12,7.54,7.59,7.45,7.53,737089.15
2014-03-13,7.57,7.77,7.55,7.67,759036.63
2014-03-14,7.59,7.72,7.55,7.62,572836.57
2014-03-17,7.67,7.71,7.57,7.65,451834.23
2014-03-18,7.66,7.7,7.6,7.61,398728.62
2014-03-19,7.59,7.6,7.48,7.53,489177.62
2014-03-20,7.51,7.62,7.48,7.48,466014.0
2014-03-21,7.45,7.89,7.42,7.86,1235997.56
2014-03-24,7.89,8.15,7.83,8.01,1456539.06
2014-03-25,7.97,8.12,7.93,8.01,962041.09
2014-03-26,8.12,8.15,7.89,7.91,692720.72
2014-03-27,7.97,8.06,7.77,7.85,900949.76
2014-03-28,7.89,8.03,7.84,7.94,813171.71
2014-03-31,7.95,7.98,7.8,7.84,520480.03
2014-04-01,7.86,8.0,7.83,7.97,455020.62
2014-04-02,7.99,8.04,7.92,8.03,503833.05
2014-04-03,8.08,8.24,8.02,8.03,952049.72
2014-04-04,7.98,8.14,7.97,8.12,490884.96
2014-04-08,8.12,8.43,8.09,8.39,1651243.45
2014-04-09,8.41,8.44,8.27,8.33,728936.71
2014-04-10,8.34,9.17,8.27,9.14,4596214.99
2014-04-11,9.16,9.45,9.06,9.11,4232956.6
2014-04-14,9.03,9.16,8.91,9.05,1615249.27
2014-04-15,8.96,8.98,8.71,8.72,1726237.95
2014-04-16,8.68,8.91,8.67,8.76,1267725.38
2014-04-17,8.85,8.9,8.71,8.76,1083474.3
2014-04-18,8.69,8.88,8.63,8.83,1024665.55
2014-04-21,8.79,8.89,8.47,8.49,1187889.69
2014-04-22,8.44,8.56,8.28,8.56,1234356.74
2014-04-23,8.49,8.59,8.42,8.51,825191.4
2014-04-24,8.47,8.59,8.45,8.52,647864.05
2014-04-25,8.54,8.59,8.33,8.35,727500.78
2014-04-28,8.35,8.43,8.23,8.32,808898.08
2014-04-29,8.29,8.52,8.18,8.51,908123.66
2014-04-30,8.5,8.52,8.39,8.48,631741.16
2014-05-05,8.45,8.61,8.35,8.59,619173.44
2014-05-06,8.51,8.62,8.49,8.52,558674.33
2014-05-07,8.49,8.6,8.47,8.5,630200.72
2014-05-08,8.47,8.75,8.38,8.53,912761.54
2014-05-09,8.53,8.68,8.5,8.59,795981.99
2014-05-12,8.79,9.01,8.67,8.92,1697772.04
2014-05-13,8.88,8.94,8.79,8.82,803943.89
2014-05-14,8.86,8.95,8.79,8.88,785587.95
2014-05-15,8.88,8.91,8.59,8.66,854824.42
2014-05-16,8.67,8.7,8.41,8.44,899426.78
2014-05-19,8.35,8.36,8.19,8.24,927525.68
2014-05-20,8.31,8.36,8.23,8.32,488142.83
2014-05-21,8.23,8.41,8.21,8.39,574315.09
2014-05-22,8.39,8.56,8.34,8.37,736259.18
2014-05-23,8.37,8.51,8.35,8.5,533326.71
2014-05-26,8.53,8.56,8.41,8.47,558651.08
2014-05-27,8.47,8.48,8.32,8.32,547935.68
2014-05-28,8.34,8.6,8.28,8.55,951972.47
2014-05-29,8.53,8.58,8.4,8.41,620734.26
2014-05-30,8.41,8.56,8.36,8.43,600149.24
2014-06-03,8.43,8.58,8.41,8.42,588469.96
2014-06-04,8.42,8.42,8.32,8.38,461481.04
2014-06-05,8.37,8.51,8.34,8.5,521452.08
2014-06-06,8.5,8.5,8.34,8.41,592651.17
2014-06-09,8.35,8.47,8.29,8.32,565837.48
2014-06-10,8.37,8.59,8.32,8.56,1209673.85
2014-06-11,8.49,8.54,8.43,8.47,652213.99
2014-06-12,8.46,8.5,8.41,8.44,440530.11
2014-06-13,8.43,8.62,8.41,8.53,949416.25
2014-06-16,8.56,8.71,8.53,8.67,1074135.65
2014-06-17,8.64,8.67,8.56,8.59,570873.44
2014-06-18,8.59,8.65,8.53,8.53,488895.15
2014-06-19,8.53,8.59,8.32,8.36,643611.05
2014-06-20,8.36,8.42,8.32,8.41,472105.52
2014-06-23,8.41,8.45,8.36,8.38,421417.35
2014-06-24,8.38,8.5,8.38,8.47,374488.42
2014-06-25,8.47,8.47,8.36,8.39,312742.81
2014-06-26,8.4,8.53,8.4,8.49,572775.92
2014-06-27,8.49,8.53,8.42,8.5,444977.36
2014-06-30,8.53,8.59,8.5,8.53,583540.49
2014-07-01,8.56,8.58,8.47,8.5,433304.89
2014-07-02,8.51,8.57,8.47,8.56,676553.82
2014-07-03,8.54,8.64,8.52,8.59,768784.0
2014-07-04,8.58,8.67,8.57,8.6,523208.89
2014-07-07,8.6,8.64,8.54,8.56,385746.53
2014-07-08,8.56,8.6,8.49,8.56,455199.9
2014-07-09,8.59,8.62,8.49,8.49,680491.65
2014-07-10,8.48,8.52,8.45,8.49,461612.52
2014-07-11,8.49,8.62,8.47,8.57,445136.98
2014-07-14,8.57,8.73,8.56,8.72,1132345.7
2014-07-15,8.7,8.75,8.64,8.7,601714.19
2014-07-16,8.71,8.88,8.65,8.69,678016.08
2014-07-17,8.66,8.73,8.61,8.7,597915.49
2014-07-18,8.67,8.87,8.64,8.82,1084804.01
2014-07-21,8.8,8.84,8.68,8.76,639358.54
2014-07-22,8.84,8.97,8.76,8.94,1365049.98
2014-07-23,8.94,9.11,8.9,9.02,1450407.21
2014-07-24,9.03,9.38,9.03,9.31,2174368.49
2014-07-25,9.33,9.43,9.22,9.43,1299558.26
2014-07-28,9.46,10.05,9.46,9.84,3019635.81
2014-07-29,9.83,9.86,9.71,9.78,1341621.47
2014-07-30,9.83,9.94,9.64,9.69,1378277.9
2014-07-31,9.69,9.81,9.64,9.8,1094938.11
2014-08-01,9.77,9.86,9.54,9.55,1297578.19
2014-08-04,9.63,10.17,9.62,10.13,2724075.11
2014-08-05,10.13,10.13,9.91,10.0,1720334.67
2014-08-06,10.0,10.12,9.9,10.03,1567576.36
2014-08-07,10.02,10.03,9.72,9.74,1534280.48
2014-08-08,9.75,9.82,9.64,9.72,1209605.99
2014-08-11,9.75,10.04,9.74,9.95,1465559.78
2014-08-12,9.9,9.93,9.8,9.85,997643.56
2014-08-13,9.85,10.07,9.78,9.96,1435192.4
2014-08-14,9.93,10.0,9.78,9.81,1196551.41
2014-08-15,9.87,10.09,9.81,10.03,1350782.2
2014-08-18,10.09,10.15,9.93,10.02,1143597.7
2014-08-19,10.05,10.06,9.85,9.93,1023738.81
2014-08-20,9.91,9.94,9.84,9.87,783121.11
2014-08-21,9.87,9.9,9.6,9.68,1351696.01
2014-08-22,9.66,9.83,9.63,9.78,1140402.89
2014-08-25,9.79,9.79,9.59,9.63,928354.29
2014-08-26,9.62,9.69,9.45,9.51,955399.54
2014-08-27,9.51,9.6,9.49,9.5,541798.68
2014-08-28,9.51,9.63,9.48,9.52,653876.24
2014-08-29,9.61,9.72,9.53,9.71,678038.0
2014-09-01,9.72,9.75,9.63,9.74,738578.74
2014-09-02,9.75,9.98,9.66,9.94,1646308.12
2014-09-03,9.96,10.06,9.93,9.99,1430751.27
2014-09-04,10.0,10.23,9.97,10.2,1737019.59
2014-09-05,10.29,10.46,10.21,10.27,1979706.32
2014-09-09,10.27,10.27,10.07,10.11,1073652.52
2014-09-10,10.03,10.11,9.96,10.02,1065958.39
2014-09-11,10.0,10.36,9.98,10.08,1685680.53
2014-09-12,10.0,10.09,9.95,10.08,1000236.29
2014-09-15,10.08,10.08,9.89,10.0,1042880.65
2014-09-16,10.02,10.08,9.65,9.69,1588512.77
2014-09-17,9.75,9.81,9.68,9.74,727429.28
2014-09-18,9.71,9.93,9.64,9.78,932539.03
2014-09-19,9.81,9.9,9.75,9.87,711187.0
2014-09-22,9.83,9.84,9.63,9.67,1001341.05
2014-09-23,9.67,9.89,9.66,9.83,924799.81
2014-09-24,9.78,10.29,9.75,10.16,2516775.55
2014-09-25,10.25,10.28,9.96,10.02,1719144.64
2014-09-26,9.98,10.05,9.93,10.0,1255030.24
2014-09-29,10.05,10.17,9.96,10.08,1728034.17
2014-09-30,10.1,10.13,10.0,10.03,1051292.89
2014-10-08,10.08,10.1,9.96,10.06,1244748.72
2014-10-09,10.07,10.16,9.99,10.08,1205379.58
2014-10-10,10.02,10.12,9.94,9.97,1277500.06
2014-10-13,9.9,9.9,9.75,9.86,1160576.4
2014-10-14,9.79,9.93,9.75,9.78,1043181.05
2014-10-15,9.78,10.1,9.76,10.05,1913556.61
2014-10-16,9.91,10.13,9.87,9.9,1572521.33
2014-10-17,9.93,10.08,9.79,10.02,1622705.92
2014-10-20,10.03,10.05,9.93,9.98,1190123.72
2014-10-21,9.98,10.11,9.91,9.93,1465343.11
2014-10-22,9.93,10.02,9.8,9.81,1389407.32
2014-10-23,9.78,9.87,9.62,9.65,1357129.95
2014-10-24,9.66,9.69,9.51,9.55,1006127.07
2014-10-27,9.37,9.4,9.23,9.29,1335751.73
2014-10-28,9.31,9.59,9.31,9.58,1416130.37
2014-10-29,9.59,9.9,9.52,9.75,2065657.57
2014-10-30,9.75,9.82,9.69,9.78,1203045.87
2014-10-31,9.83,10.19,9.8,9.99,2983926.23
2014-11-03,10.05,10.14,9.9,9.95,2257092.7
2014-11-04,9.9,9.99,9.81,9.89,1410348.44
2014-11-05,9.94,10.12,9.83,9.99,2352757.78
2014-11-06,9.97,10.02,9.84,9.93,1316118.45
2014-11-07,9.98,10.64,9.95,10.27,6009049.21
2014-11-10,10.58,10.69,10.33,10.63,5520756.26
2014-11-11,10.92,11.21,10.58,10.74,6322146.15
2014-11-12,10.71,11.62,10.59,11.58,5374510.64
2014-11-13,11.51,11.74,11.25,11.34,5124008.85
2014-11-14,11.27,11.71,11.15,11.58,4423713.87
2014-11-17,11.67,11.74,11.24,11.27,4082788.47
2014-11-18,11.15,11.25,10.89,10.96,3231308.78
2014-11-19,10.92,11.03,10.8,10.85,2283332.34
2014-11-20,10.88,11.12,10.83,11.0,2291382.37
2014-11-21,11.03,11.81,10.9,11.73,5031656.51
2014-11-24,12.04,12.71,11.96,12.46,7210249.29
2014-11-25,12.35,12.57,12.27,12.4,3462747.37
2014-11-26,12.5,13.16,12.49,12.82,4580137.96
2014-11-27,12.89,13.29,12.6,13.19,5694356.75
2014-11-28,13.04,13.19,12.65,13.0,5132786.16
2014-12-01,13.13,13.71,12.81,13.19,6107746.17
2014-12-02,12.95,14.48,12.88,14.16,7366191.64
2014-12-03,14.23,15.18,13.84,14.42,8403896.39
2014-12-04,14.41,15.87,14.32,15.87,7309667.43
2014-12-05,16.92,17.46,16.35,17.46,12191009.04
2014-12-08,17.45,19.2,17.18,19.2,8967311.95
2014-12-09,19.84,21.13,18.11,19.99,13844996.97
2014-12-10,20.03,21.01,18.23,20.54,12733537.88
2014-12-11,19.58,20.54,18.53,18.61,8429898.7
2014-12-12,18.08,20.21,18.0,19.18,8595966.29
2014-12-15,18.95,20.47,18.69,20.38,6879470.18
2014-12-16,20.79,22.42,20.56,22.42,11243363.08
2014-12-17,23.72,24.66,22.66,24.66,12294739.7
2014-12-18,24.35,25.08,23.72,23.9,10116445.9
2014-12-19,24.1,25.08,22.42,24.27,9965669.56
2014-12-22,23.57,24.39,22.6,23.15,7067522.57
2014-12-23,22.97,23.94,22.6,23.35,5416393.42
2014-12-24,23.78,23.95,21.03,21.24,8458086.51
2014-12-25,21.31,22.33,20.49,21.99,7161382.87
2014-12-26,21.91,24.19,21.69,24.19,8691433.42
2014-12-29,25.64,25.64,23.72,24.24,9288996.26
2014-12-30,24.39,26.04,23.26,25.2,8584937.29
2014-12-31,24.97,26.63,24.63,25.53,7028976.18
2015-01-05,25.53,26.55,24.86,26.1,6986272.15
2015-01-06,25.46,26.8,25.27,26.14,6681193.68
2015-01-07,25.92,28.05,25.82,27.23,7315084.83
2015-01-08,27.41,27.64,26.12,26.55,6376268.69
2015-01-09,26.37,27.79,25.92,26.33,7636402.58
2015-01-12,26.13,26.65,25.03,25.25,6602671.88
2015-01-13,25.01,25.34,23.93,24.23,6243921.29
2015-01-14,24.21,24.81,23.99,24.6,4835025.44
2015-01-15,24.48,25.3,23.87,25.13,7344479.21
2015-01-16,25.3,25.31,24.24,24.79,5856670.98
2015-01-19,22.31,22.31,22.31,22.31,496775.0
2015-01-20,20.08,20.91,20.08,20.1,13108546.72
2015-01-21,20.41,21.99,20.2,21.65,10171616.22
2015-01-22,21.65,21.65,21.1,21.41,5325448.2
2015-01-23,21.62,22.92,21.61,22.0,6172941.48
2015-01-26,21.99,21.99,21.38,21.55,3838737.04
2015-01-27,21.57,21.68,20.71,21.13,4363279.04
2015-01-28,21.13,22.41,21.02,21.74,6048275.38
2015-01-29,21.16,21.52,20.94,21.22,3863109.57
2015-01-30,21.46,21.63,20.92,20.98,3042182.45
2015-02-02,20.33,20.76,20.1,20.27,3213996.36
2015-02-03,20.59,21.5,20.31,21.39,4554529.85
2015-02-04,21.55,22.18,21.09,21.11,5279664.1
2015-02-05,21.97,21.99,21.13,21.15,5541535.65
2015-02-06,21.06,21.58,20.86,21.32,3490856.54
2015-02-09,21.13,22.51,21.08,22.15,5783691.14
2015-02-10,22.08,22.5,21.9,22.25,4160010.39
2015-02-11,22.36,22.44,21.88,22.08,2703933.86
2015-02-12,22.08,22.08,21.55,21.84,2502673.13
2015-02-13,22.03,22.37,21.85,21.94,3360854.05
2015-02-16,21.92,22.04,21.63,21.82,2395099.44
2015-02-17,21.92,22.39,21.85,21.98,2626912.36
2015-02-25,22.03,22.07,21.48,21.64,2008829.87
2015-02-26,21.45,22.73,21.12,22.54,4856365.17
2015-02-27,22.5,22.67,22.2,22.24,3118775.39
2015-03-02,22.68,22.96,22.31,22.5,3876786.92
2015-03-03,22.31,22.31,21.53,21.55,3721022.99
2015-03-04,21.53,21.72,21.24,21.37,2423923.49
2015-03-05,21.16,21.67,21.09,21.3,2655264.41
2015-03-06,21.31,21.61,21.14,21.17,2042677.31
2015-03-09,20.33,21.17,20.18,20.83,3656965.39
2015-03-10,20.83,21.16,20.47,20.73,2512944.19
2015-03-11,20.73,21.14,20.63,20.69,2089043.16
2015-03-12,20.94,21.34,20.64,21.24,2920381.57
2015-03-13,21.33,21.74,21.13,21.26,2637975.85
2015-03-16,21.39,21.79,21.06,21.67,3310644.99
2015-03-17,22.03,22.44,21.75,22.29,5313016.98
2015-03-18,22.6,22.74,22.35,22.58,4932672.54
2015-03-19,22.65,22.66,22.28,22.36,3488274.19
2015-03-20,22.44,24.6,22.19,24.36,9566650.81
2015-03-23,24.62,25.15,24.1,25.09,7691939.31
2015-03-24,25.08,25.09,24.08,24.44,5931958.34
2015-03-25,24.43,25.25,24.18,24.38,4819505.72
2015-03-26,24.1,24.85,23.8,24.12,3929182.07
2015-03-27,24.12,24.66,23.91,24.19,3107481.66
2015-03-30,24.22,24.96,23.96,24.79,5200927.48
2015-03-31,25.17,26.33,24.63,24.72,6770227.99
2015-04-01,24.82,25.66,24.75,25.56,5164895.24
2015-04-02,25.87,25.98,24.76,25.18,4648737.62
2015-04-03,24.97,25.86,24.94,25.77,5754744.88
2015-04-07,26.26,26.32,25.63,26.08,5459528.5
2015-04-08,26.18,27.64,25.79,27.17,7575452.99
2015-04-09,27.49,28.92,26.89,26.94,8572540.06
2015-04-10,26.87,27.1,26.28,26.99,5134936.31
2015-04-13,27.05,27.26,26.37,26.65,4404897.06
2015-04-14,26.65,26.87,25.76,26.5,4985005.03
2015-04-15,26.43,26.59,25.64,25.68,3407864.65
2015-04-16,25.37,26.47,25.24,26.37,3639872.38
2015-04-17,26.74,27.08,26.18,26.46,4976607.68
2015-04-20,26.51,26.62,25.31,25.33,5373192.29
2015-04-21,25.12,26.8,25.12,26.42,5071411.88
2015-04-22,26.65,28.62,26.38,28.48,8083413.75
2015-04-23,28.51,28.89,27.5,27.75,6982244.83
2015-04-24,27.12,27.32,26.21,26.66,5370441.13
2015-04-27,26.94,27.5,26.65,26.92,4163908.62
2015-04-28,26.93,27.49,26.55,26.74,4612229.12
2015-04-29,26.59,27.01,26.43,26.8,2955111.77
2015-04-30,26.36,26.62,25.83,25.88,4496074.48
2015-05-04,25.76,25.77,25.12,25.42,2765913.58
2015-05-05,25.48,26.32,24.71,24.91,3653459.02
2015-05-06,25.22,25.88,24.71,25.06,3524493.87
2015-05-07,24.96,25.49,24.88,24.97,2641097.46
2015-05-08,25.64,25.76,24.45,25.09,2920045.38
2015-05-11,25.31,25.61,24.95,25.58,3537322.17
2015-05-12,25.59,26.58,25.2,25.91,4613785.31
2015-05-13,25.91,25.91,24.97,25.13,3162023.43
2015-05-14,25.14,25.4,24.77,24.92,2294496.78
2015-05-15,24.85,24.85,23.97,24.09,3028979.03
2015-05-18,23.82,23.86,23.29,23.33,2717351.88
2015-05-19,23.23,25.27,23.18,24.86,4628121.95
2015-05-20,24.85,24.91,24.27,24.41,3465597.78
2015-05-21,24.39,24.63,24.1,24.33,2303640.52
2015-05-22,24.55,25.45,24.55,24.94,4030642.43
2015-05-25,25.04,26.12,25.04,25.79,4633712.44
2015-05-26,26.1,26.19,25.37,25.9,4541932.87
2015-05-27,25.91,26.1,25.52,25.55,3458824.61
2015-05-28,25.49,25.5,23.11,23.14,5079918.0
2015-05-29,23.16,23.64,22.44,22.87,3960783.74
2015-06-01,22.88,25.06,22.59,24.48,4417797.69
2015-06-02,24.36,24.46,23.72,24.12,3061103.23
2015-06-03,24.1,24.51,23.69,23.87,2955205.61
2015-06-04,23.87,24.52,22.6,24.26,3745612.07
2015-06-05,24.5,24.71,23.63,24.02,4081010.33
2015-06-08,24.05,25.34,23.86,25.21,6138303.1
2015-06-09,25.64,25.82,24.68,25.0,4806977.34
2015-06-10,24.7,24.95,24.47,24.61,2940254.21
2015-06-11,24.6,24.61,23.97,24.16,2796840.56
2015-06-12,24.25,24.47,23.88,24.09,2775221.2
2015-06-15,24.45,24.61,23.39,23.46,3031548.66
2015-06-16,23.54,24.15,23.1,23.53,2732533.77
2015-06-17,23.55,23.68,22.95,23.59,2344467.63
2015-06-18,23.35,23.44,22.48,22.52,2365960.55
2015-06-19,22.19,22.87,21.23,21.34,2611754.94
2015-06-23,21.37,22.16,20.71,22.06,2748155.37
2015-06-24,22.22,22.26,21.55,21.87,2756504.08
2015-06-25,21.99,22.58,21.39,21.58,3052367.88
2015-06-26,21.16,22.07,19.42,19.6,4547534.32
2015-06-29,20.26,20.28,17.65,18.53,5148404.62
2015-06-30,18.83,20.3,18.1,20.27,4729283.23
2015-07-01,20.03,20.55,18.87,19.12,3355312.85
2015-07-02,19.75,20.07,18.4,19.2,4117881.81
2015-07-03,18.99,19.99,17.61,18.81,3854870.75
2015-07-06,20.69,20.69,19.05,20.09,5760621.64
2015-07-07,19.58,20.31,18.45,19.6,5465865.37
2015-07-08,17.7,19.19,17.65,17.65,6309054.56
2015-07-09,17.65,19.41,15.97,19.41,6722629.94
2015-07-10,19.2,21.31,18.84,20.88,7239973.87
2015-07-13,20.41,21.51,19.97,20.64,6131866.22
2015-07-14,20.28,20.64,19.05,19.31,4166017.31
2015-07-15,18.98,19.64,18.05,18.61,3694569.93
2015-07-16,18.59,18.97,17.85,18.44,2380329.62
2015-07-17,18.49,19.43,18.16,19.11,2990548.26
2015-07-20,18.98,19.08,18.35,18.49,2766923.43
2015-07-21,18.3,18.93,18.0,18.41,2816297.15
2015-07-22,18.23,18.51,17.98,18.08,1927790.98
2015-07-23,18.1,18.67,18.08,18.48,2468204.67
2015-07-24,18.5,18.56,17.98,18.0,2352727.88
2015-07-27,17.76,17.81,16.2,16.2,3445470.23
2015-07-28,15.82,17.04,15.03,16.7,4830586.76
2015-07-29,16.57,16.68,16.12,16.55,2435144.34
2015-07-30,16.55,16.78,15.54,15.73,1943403.83
2015-07-31,15.67,15.89,15.55,15.66,1899921.83
2015-08-03,15.29,15.68,15.14,15.4,1627061.63
2015-08-04,15.44,15.87,15.33,15.83,1696277.33
2015-08-05,15.81,15.81,15.27,15.29,1509434.88
2015-08-06,14.99,15.29,14.86,14.95,1356033.63
2015-08-07,15.15,15.56,15.03,15.27,1676439.48
2015-08-10,15.39,16.8,15.27,16.8,3891087.97
2015-08-11,16.57,16.94,16.49,16.65,3015068.17
2015-08-12,16.4,17.01,16.27,16.55,2684534.44
2015-08-13,16.46,16.82,16.0,16.69,2147393.69
2015-08-14,16.78,17.37,16.59,17.11,3101029.53
2015-08-17,16.79,16.96,16.48,16.76,1956404.04
2015-08-18,16.86,17.51,15.37,15.5,3635952.78
2015-08-19,15.18,15.77,14.8,15.72,2439662.7
2015-08-20,15.48,15.62,15.03,15.06,1553351.39
2015-08-21,14.87,15.13,13.75,13.88,2350926.28
2015-08-24,13.27,13.41,12.49,12.49,3125087.8
2015-08-25,11.59,12.38,11.24,11.24,5015538.31
2015-08-26,11.24,11.8,10.74,10.96,4252034.63
2015-08-27,11.43,11.75,10.84,11.73,4012436.67
2015-08-28,11.71,12.17,11.35,12.1,5306116.74
2015-08-31,11.56,11.66,10.88,11.49,5699421.56
2015-09-01,11.14,11.68,10.83,11.59,4987599.15
2015-09-02,11.15,11.56,11.07,11.34,3622960.14
2015-09-07,11.33,11.78,11.21,11.26,2008881.22
2015-09-08,11.14,11.66,10.89,11.62,2150041.5
2015-09-09,11.7,12.04,11.59,11.96,3280616.57
2015-09-10,11.75,11.83,11.49,11.56,1925526.31
2015-09-11,11.57,11.75,11.38,11.46,1413709.1
2015-09-14,11.5,11.54,10.36,10.61,2622236.63
2015-09-15,10.49,10.82,10.24,10.31,1708858.83
2015-09-16,10.19,11.34,9.79,11.01,3339574.29
2015-09-17,10.69,11.04,10.53,10.55,2550290.45
2015-09-18,10.6,10.7,10.39,10.51,1500420.22
2015-09-21,10.3,10.69,10.13,10.63,1777943.57
2015-09-22,10.59,11.2,10.56,10.85,2717496.5
2015-09-23,10.63,10.72,10.37,10.4,1751118.53
2015-09-24,10.46,10.56,10.42,10.5,1060412.37
2015-09-25,10.45,10.56,10.11,10.14,1181164.48
2015-09-28,10.12,10.28,10.01,10.27,763693.38
2015-09-29,10.08,10.44,9.92,10.17,1281346.12
2015-09-30,10.16,10.67,10.14,10.36,1744838.59
2015-10-08,11.17,11.2,10.83,10.88,2524176.68
2015-10-09,10.88,11.16,10.81,11.05,2040149.07
2015-10-12,11.1,11.94,10.96,11.71,3421129.05
2015-10-13,11.52,11.69,11.49,11.64,1653993.34
2015-10-14,11.59,12.07,11.55,11.64,2729642.93
2015-10-15,11.62,12.01,11.59,11.99,2468342.35
2015-10-16,12.1,12.43,11.85,12.12,3266510.88
2015-10-19,12.13,12.72,12.02,12.3,3366573.02
2015-10-20,12.21,12.3,11.9,12.22,2505141.0
2015-10-21,12.2,12.25,11.27,11.4,3007739.19
2015-10-22,11.43,11.75,11.3,11.71,1924558.97
2015-10-23,11.82,12.07,11.6,11.97,2093495.71
2015-10-26,12.19,12.54,12.0,12.09,3458300.44
2015-10-27,11.97,12.08,11.53,12.01,1910737.46
2015-10-28,11.91,11.97,11.59,11.63,1547335.07
2015-10-29,11.75,11.8,11.59,11.66,1241384.43
2015-10-30,11.71,12.42,11.54,12.1,3683078.2
2015-11-02,11.86,12.17,11.81,11.85,2007745.72
2015-11-03,11.97,12.14,11.85,12.03,1669546.14
2015-11-04,12.09,13.23,12.02,13.23,5218762.58
2015-11-05,13.49,14.56,13.31,14.22,9924815.79
2015-11-06,14.1,15.64,13.93,15.64,8642425.32
2015-11-09,16.02,16.46,15.41,15.55,8451933.11
2015-11-10,15.29,16.62,15.28,15.77,6749083.46
2015-11-11,15.56,16.27,15.28,15.91,4962130.62
2015-11-12,15.86,15.95,15.32,15.38,3733723.72
2015-11-13,15.1,15.73,15.03,15.45,3844869.79
2015-11-16,15.04,15.26,14.81,15.18,2927257.75
2015-11-17,15.37,16.24,15.32,15.41,5409088.38
2015-11-18,15.64,16.89,15.46,15.85,7079877.93
2015-11-19,15.64,16.15,15.24,16.07,3345630.19
2015-11-20,16.02,16.02,15.47,15.66,2572673.23
2015-11-23,15.66,16.09,15.24,15.33,2254709.94
2015-11-24,15.18,15.74,15.03,15.48,1982494.69
2015-11-25,15.09,15.48,15.03,15.32,2051870.52
2015-11-26,15.48,15.71,15.14,15.17,2047845.45
2015-11-27,14.58,14.71,13.65,13.65,4839750.51
2015-11-30,13.57,13.72,12.97,13.45,2731712.39
2015-12-01,13.45,13.81,13.27,13.55,1603173.28
2015-12-02,13.53,14.61,13.46,14.35,2914175.4
2015-12-03,14.26,14.6,14.09,14.29,2217108.72
2015-12-04,14.13,14.2,13.85,13.91,1508958.37
2015-12-07,13.74,13.81,13.54,13.65,1327524.99
2015-12-08,13.58,13.81,13.45,13.45,1151590.96
2015-12-09,13.41,13.77,13.36,13.57,1003566.06
2015-12-10,13.69,14.22,13.54,13.59,1699606.83
2015-12-11,13.42,13.89,13.27,13.61,1398235.98
2015-12-14,13.41,14.9,13.36,14.83,3201005.37
2015-12-15,14.62,14.7,14.13,14.28,2339803.54
2015-12-16,14.35,14.57,14.18,14.2,1458476.12
2015-12-17,14.39,14.73,14.22,14.54,2271455.98
2015-12-18,14.49,14.63,14.32,14.38,1406047.85
2015-12-21,14.34,15.44,14.29,14.97,3338211.34
2015-12-22,14.95,15.43,14.83,15.2,2647285.83
2015-12-23,15.25,16.72,15.22,16.13,7066379.66
2015-12-24,16.0,16.35,15.42,15.73,4814929.11
2015-12-25,15.79,16.06,15.57,15.86,2748117.64
2015-12-28,16.0,16.06,14.87,14.92,4050443.96
2015-12-29,14.83,15.14,14.78,15.11,1843807.18
2015-12-30,15.03,15.13,14.72,15.03,1819513.18
2015-12-31,14.95,15.12,14.72,14.76,1228058.0
2016-01-04,14.71,14.71,13.29,13.31,1960583.73
2016-01-05,12.81,13.71,12.68,13.46,2333291.55
2016-01-06,13.39,13.84,13.12,13.68,1972783.38
2016-01-07,13.33,13.42,12.36,12.46,679037.33
2016-01-08,12.84,13.3,12.2,12.84,2979253.28
2016-01-11,12.43,12.57,11.83,11.96,2434620.06
2016-01-12,12.14,12.46,11.97,12.12,1888319.57
2016-01-13,12.25,12.43,12.01,12.12,2391723.46
2016-01-14,11.82,12.49,11.65,12.42,2060976.5
2016-01-15,12.26,12.36,11.66,11.86,2162248.71
2016-01-18,11.56,12.17,11.56,11.94,1430001.88
2016-01-19,11.95,12.42,11.83,12.3,2090179.82
2016-01-20,12.28,12.39,11.97,12.07,1630363.3
2016-01-21,12.01,12.29,11.45,11.52,1545045.7
2016-01-22,11.7,11.8,11.31,11.65,1225058.28
2016-01-25,11.7,11.86,11.57,11.71,909665.0
2016-01-26,11.52,11.63,10.54,10.62,2062435.25
2016-01-27,10.72,10.79,10.26,10.63,2032384.37
2016-01-28,10.53,10.89,10.37,10.45,1361380.13
2016-01-29,10.52,11.2,10.39,11.06,2117493.47
2016-02-01,10.95,11.06,10.69,10.85,1167888.74
2016-02-02,10.84,11.26,10.75,11.14,1241809.46
2016-02-03,11.0,11.11,10.81,11.04,855917.43
2016-02-04,11.14,11.35,11.05,11.16,1177842.54
2016-02-05,10.91,11.06,10.78,10.82,1168070.87
2016-02-15,10.52,10.74,10.46,10.66,773991.75
2016-02-16,10.8,11.4,10.8,11.31,1664293.78
2016-02-17,11.21,11.49,11.18,11.45,1339902.35
2016-02-18,11.56,11.84,11.38,11.4,1552803.78
2016-02-19,11.35,11.6,11.33,11.52,886334.19
2016-02-22,11.75,12.1,11.52,11.88,1605464.74
2016-02-23,11.87,11.87,11.48,11.62,1052736.47
2016-02-24,11.59,11.79,11.39,11.76,1038401.29
2016-02-25,11.74,11.75,10.68,10.8,1793212.2
2016-02-26,10.92,11.13,10.71,10.98,1298793.75
2016-02-29,10.9,10.95,10.37,10.89,2261670.01
2016-03-01,10.98,11.98,10.91,11.69,2711486.11
2016-03-02,11.73,12.39,11.65,12.3,3474339.84
2016-03-03,12.13,12.28,11.96,12.14,2518420.34
2016-03-04,12.04,12.33,11.87,12.2,3194060.46
2016-03-07,12.34,12.45,12.13,12.19,1749144.5
2016-03-08,12.19,12.34,11.75,12.33,1892085.94
2016-03-09,12.05,12.23,11.94,12.2,1567418.19
2016-03-10,12.1,12.2,11.82,11.85,892820.39
2016-03-11,11.67,12.33,11.65,12.17,1868191.87
2016-03-14,12.2,12.7,12.13,12.33,2371347.14
2016-03-15,12.24,12.32,12.06,12.21,1143305.64
2016-03-16,12.17,12.4,12.17,12.27,1925793.92
2016-03-17,12.34,12.87,12.27,12.68,1941076.92
2016-03-18,12.74,13.25,12.68,12.93,2822383.42
2016-03-21,13.35,14.22,13.28,14.22,6772506.93
2016-03-22,13.84,14.11,13.56,13.72,3734032.68
2016-03-23,13.65,14.1,13.52,14.0,2536332.18
2016-03-24,13.73,13.73,13.26,13.28,2251809.43
2016-03-25,13.28,13.47,13.13,13.34,1707821.31
2016-03-28,13.32,13.49,13.01,13.02,1351950.78
2016-03-29,13.03,13.23,12.89,13.07,1522830.97
2016-03-30,13.23,13.6,13.23,13.48,1946698.42
2016-03-31,13.57,13.89,13.42,13.58,1864683.09
2016-04-01,13.5,13.64,13.16,13.5,1262044.67
2016-04-05,13.41,13.94,13.36,13.68,1647726.18
2016-04-06,13.56,13.75,13.42,13.58,980469.61
2016-04-07,13.65,13.7,13.2,13.22,1303457.9
2016-04-08,13.02,13.08,12.81,12.92,1239750.2
2016-04-11,13.5,13.65,13.25,13.26,1947342.33
2016-04-12,13.2,13.34,13.12,13.23,836353.14
2016-04-13,13.46,13.94,13.46,13.61,2557467.79
2016-04-14,13.68,13.79,13.55,13.73,1282329.11
2016-04-15,13.67,13.74,13.46,13.65,1013829.07
2016-04-18,13.46,13.52,13.2,13.24,1220180.47
2016-04-19,13.36,13.42,13.14,13.3,830277.05
2016-04-20,13.26,13.33,12.43,13.13,2034110.44
2016-04-21,12.91,13.14,12.86,12.88,883637.89
2016-04-22,12.81,13.01,12.76,13.0,663815.5
2016-04-25,13.0,13.01,12.71,12.78,633219.48
2016-04-26,12.76,12.95,12.65,12.87,913681.3
2016-04-27,12.78,12.87,12.62,12.67,692887.34
2016-04-28,12.7,12.78,12.43,12.59,927929.81
2016-04-29,12.53,12.66,12.5,12.54,651027.94
2016-05-03,12.48,12.95,12.47,12.83,1208200.96
2016-05-04,12.75,12.85,12.68,12.75,706520.14
2016-05-05,12.71,12.78,12.64,12.76,614295.66
2016-05-06,12.75,12.8,12.26,12.28,1321706.68
2016-05-09,12.2,12.2,11.81,11.94,971442.8
2016-05-10,11.88,12.01,11.81,11.9,607391.26
2016-05-11,11.94,11.99,11.83,11.88,606057.83
2016-05-12,11.78,11.95,11.56,11.9,638506.04
2016-05-13,11.86,11.97,11.7,11.75,477475.42
2016-05-16,11.68,11.9,11.61,11.88,460201.74
2016-05-17,11.88,12.01,11.72,11.88,593108.78
2016-05-18,11.77,11.94,11.64,11.89,836031.27
2016-05-19,11.82,11.96,11.79,11.85,502141.03
2016-05-20,11.77,11.99,11.71,11.97,634519.86
2016-05-23,11.97,12.15,11.9,12.0,793433.11
2016-05-24,11.97,11.97,11.83,11.84,369453.19
2016-05-25,11.94,12.07,11.85,11.86,466523.88
2016-05-26,11.85,11.94,11.7,11.88,502160.37
2016-05-27,11.88,11.94,11.76,11.84,375256.64
2016-05-30,11.78,11.98,11.67,11.95,575433.44
2016-05-31,11.96,12.84,11.96,12.81,2194125.92
2016-06-01,12.81,12.92,12.63,12.64,1166959.22
2016-06-02,12.64,12.75,12.52,12.66,771421.14
2016-06-03,12.69,12.87,12.57,12.68,1154137.75
2016-06-06,12.7,12.74,12.52,12.55,551761.73
2016-06-07,12.59,12.69,12.53,12.58,594367.62
2016-06-08,12.57,12.61,12.44,12.5,548049.14
2016-06-13,12.36,12.39,11.86,11.91,931678.51
2016-06-14,11.88,12.04,11.81,11.97,542214.15
2016-06-15,11.75,12.31,11.72,12.14,832329.85
2016-06-16,12.05,12.1,11.87,11.93,626376.94
2016-06-17,11.95,12.2,11.91,11.95,706809.44
2016-06-20,11.98,12.01,11.82,11.94,467089.45
2016-06-21,12.01,12.58,12.01,12.08,1174038.63
2016-06-22,12.01,12.3,11.97,12.25,673901.19
2016-06-23,12.27,12.27,12.0,12.17,574271.88
2016-06-24,12.13,12.32,11.75,11.97,900768.62
2016-06-27,11.94,12.17,11.91,12.16,658669.47
2016-06-28,12.05,12.47,12.04,12.35,1048526.15
2016-06-29,12.4,12.49,12.28,12.33,990906.07
2016-06-30,12.41,12.51,12.33,12.38,969783.76
2016-07-01,12.43,12.48,12.29,12.3,682753.83
2016-07-04,12.23,12.87,12.21,12.66,1460344.26
2016-07-05,12.62,12.76,12.58,12.65,817223.3
2016-07-06,12.62,12.7,12.46,12.62,707461.21
2016-07-07,12.63,12.75,12.49,12.66,887793.59
2016-07-08,12.65,12.8,12.62,12.65,812041.09
2016-07-11,12.68,12.85,12.61,12.62,1248223.09
2016-07-12,12.62,12.93,12.58,12.91,1971564.99
2016-07-13,12.99,13.2,12.83,12.92,1870287.09
2016-07-14,12.89,13.0,12.86,12.94,717484.88
2016-07-15,12.98,13.0,12.75,12.83,724156.14
2016-07-18,12.74,12.74,12.55,12.6,784746.09
2016-07-19,12.62,12.69,12.52,12.66,539127.2
2016-07-20,12.66,12.71,12.62,12.63,356851.83
2016-07-21,12.64,12.87,12.63,12.74,718824.87
2016-07-22,12.74,12.78,12.65,12.68,553756.68
2016-07-25,12.67,12.75,12.58,12.64,551612.3
2016-07-26,12.62,12.85,12.61,12.83,641536.84
2016-07-27,12.83,12.85,12.29,12.7,1492432.32
2016-07-28,12.58,12.58,12.34,12.44,785885.93
2016-07-29,12.46,12.5,12.35,12.37,416730.38
2016-08-01,12.4,12.42,12.2,12.32,439426.6
2016-08-02,12.32,12.38,12.28,12.36,253758.93
2016-08-03,12.32,12.37,12.29,12.32,301731.87
2016-08-04,12.32,12.39,12.23,12.36,387291.74
2016-08-05,12.35,12.51,12.3,12.39,421529.26
2016-08-08,12.39,12.47,12.28,12.46,377944.41
2016-08-09,12.46,12.55,12.42,12.53,408338.49
2016-08-10,12.51,12.56,12.45,12.46,461476.34
2016-08-11,12.46,12.79,12.44,12.61,1150793.99
2016-08-12,12.62,13.1,12.59,13.08,2191406.99
2016-08-15,13.11,14.28,13.03,13.74,4202280.99
2016-08-16,13.65,13.79,13.4,13.48,2508890.48
2016-08-17,13.5,13.68,13.31,13.43,1487526.29
2016-08-18,13.39,13.53,13.2,13.32,1334417.08
2016-08-19,13.35,13.37,13.16,13.3,886628.93
2016-08-22,13.26,13.39,13.14,13.17,756986.39
2016-08-23,13.18,13.31,13.11,13.2,675725.79
2016-08-24,13.2,13.25,13.1,13.12,559313.03
2016-08-25,13.12,13.22,13.02,13.19,781529.94
2016-08-26,13.16,13.24,13.11,13.14,574742.16
2016-08-29,13.15,13.16,13.05,13.12,466832.27
2016-08-30,13.15,13.28,13.11,13.22,794530.74
2016-08-31,13.19,13.34,13.15,13.27,612778.72
2016-09-01,13.24,13.26,13.07,13.09,633314.55
2016-09-02,13.08,13.3,13.04,13.19,757490.3
2016-09-05,13.22,13.33,13.16,13.2,569093.87
2016-09-06,13.18,13.26,13.02,13.22,699614.19
2016-09-07,13.2,13.26,13.15,13.19,564630.71
2016-09-08,13.17,13.17,13.1,13.14,375093.24
2016-09-09,13.13,13.24,13.11,13.13,677130.39
2016-09-12,12.87,12.95,12.7,12.93,1366763.59
2016-09-13,12.88,12.91,12.71,12.82,588219.32
2016-09-14,12.76,12.8,12.65,12.71,635913.46
2016-09-19,12.72,12.78,12.7,12.74,441389.5
2016-09-20,12.74,12.75,12.64,12.72,401155.63
2016-09-21,12.74,12.8,12.67,12.74,588145.17
2016-09-22,12.85,12.89,12.78,12.79,588694.91
2016-09-23,12.81,12.83,12.67,12.68,386439.55
2016-09-26,12.67,12.67,12.49,12.5,578112.84
2016-09-27,12.49,12.68,12.45,12.67,465564.46
2016-09-28,12.67,12.67,12.58,12.61,290221.84
2016-09-29,12.67,12.83,12.63,12.68,674922.9
2016-09-30,12.65,12.7,12.63,12.66,568221.76
2016-10-10,12.79,12.92,12.72,12.89,717306.56
2016-10-11,12.89,13.02,12.84,12.97,781540.11
2016-10-12,12.94,12.96,12.86,12.9,337591.24
2016-10-13,12.89,12.94,12.84,12.87,386022.76
2016-10-14,12.88,12.94,12.81,12.93,430726.21
2016-10-17,12.93,12.94,12.72,12.74,466753.51
2016-10-18,12.75,13.09,12.73,13.06,929797.64
2016-10-19,13.04,13.11,12.93,12.97,496696.43
2016-10-20,12.99,13.02,12.93,12.95,340828.15
2016-10-21,12.93,13.24,12.93,13.06,836976.31
2016-10-24,13.07,13.57,13.04,13.32,1972407.49
2016-10-25,13.28,13.34,13.16,13.24,785863.11
2016-10-26,13.22,13.35,13.16,13.2,668886.41
2016-10-27,13.2,13.23,13.08,13.16,485255.3
2016-10-28,13.25,13.55,13.18,13.2,1423799.56
2016-10-31,13.11,13.15,12.93,13.04,624325.97
2016-11-01,13.06,13.27,13.02,13.2,671897.11
2016-11-02,13.15,13.26,13.05,13.06,744140.49
2016-11-03,13.04,13.51,13.01,13.24,2126003.5
2016-11-04,13.2,13.44,13.17,13.22,1057833.48
2016-11-07,13.24,13.38,13.22,13.29,824711.02
2016-11-08,13.46,13.49,13.26,13.3,926532.73
2016-11-09,13.31,13.33,12.96,13.08,1342071.61
2016-11-10,13.24,13.51,13.22,13.36,1724191.99
2016-11-11,13.41,13.88,13.3,13.78,3304596.67
2016-11-14,13.66,14.12,13.64,13.86,3108645.72
2016-11-15,13.85,13.92,13.66,13.7,1459241.13
2016-11-16,13.79,13.8,13.63,13.71,1250382.66
2016-11-17,13.69,13.73,13.55,13.7,984940.53
2016-11-18,13.66,13.69,13.49,13.51,923931.88
2016-11-21,13.48,13.83,13.45,13.66,1448556.2
2016-11-22,13.69,13.87,13.65,13.85,1678082.92
2016-11-23,13.87,13.99,13.7,13.73,1600555.14
2016-11-24,13.73,13.99,13.69,13.82,1450540.51
2016-11-25,13.85,13.9,13.6,13.88,1322646.16
2016-11-28,13.95,14.02,13.77,13.83,1516200.54
2016-11-29,13.77,14.29,13.66,14.1,2758589.33
2016-11-30,14.05,14.36,13.86,13.94,2568354.6
2016-12-01,13.89,14.08,13.82,14.0,1714147.66
2016-12-02,13.99,14.01,13.6,13.63,2223701.02
2016-12-05,13.43,13.5,13.11,13.23,2210772.54
2016-12-06,13.23,13.32,13.15,13.18,1019634.53
2016-12-07,13.21,13.28,13.14,13.26,724254.63
2016-12-08,13.28,13.29,13.11,13.11,746223.46
2016-12-09,13.1,13.27,13.08,13.18,896011.77
2016-12-12,13.15,13.19,12.8,12.92,1686491.9
2016-12-13,12.84,12.95,12.8,12.88,710061.29
2016-12-14,12.88,12.91,12.74,12.75,620958.76
2016-12-15,12.72,12.85,12.56,12.66,993858.94
2016-12-16,12.64,12.69,12.58,12.64,695774.54
2016-12-19,12.56,12.67,12.54,12.63,561104.3
2016-12-20,12.63,12.65,12.49,12.6,618335.28
2016-12-21,12.61,12.74,12.61,12.7,711907.64
2016-12-22,12.69,12.71,12.61,12.69,461831.14
2016-12-23,12.68,12.68,12.51,12.56,514373.59
2016-12-26,12.49,12.67,12.39,12.63,565052.5
2016-12-27,12.61,12.69,12.57,12.58,284095.56
2016-12-28,12.56,12.63,12.52,12.58,347627.46
2016-12-29,12.56,12.6,12.49,12.5,364415.35
2016-12-30,12.5,12.63,12.5,12.61,451734.07
2017-01-03,12.63,12.74,12.6,12.71,623069.48
2017-01-04,12.71,12.78,12.67,12.74,516717.72
2017-01-05,12.75,12.77,12.66,12.68,478622.89
2017-01-06,12.7,12.7,12.56,12.57,516640.11
2017-01-09,12.57,12.66,12.54,12.62,398407.35
2017-01-10,12.59,12.73,12.58,12.65,454018.66
2017-01-11,12.67,12.75,12.64,12.64,398776.1
2017-01-12,12.65,12.78,12.63,12.68,559594.82
2017-01-13,12.67,12.84,12.58,12.73,825208.18
2017-01-16,12.71,12.9,12.58,12.85,1720906.79
2017-01-17,12.77,12.82,12.66,12.77,455598.32
2017-01-18,12.73,12.9,12.71,12.78,480467.08
2017-01-19,12.74,12.87,12.74,12.78,398387.94
2017-01-20,12.78,12.9,12.76,12.89,631596.72
2017-01-23,12.88,13.03,12.88,12.91,474987.45
2017-01-24,12.93,12.93,12.84,12.86,402380.33
2017-01-25,12.86,12.87,12.82,12.87,322191.53
2017-01-26,12.9,13.0,12.9,12.94,468233.71
2017-02-03,13.0,13.0,12.85,12.85,272822.98
2017-02-06,12.89,12.9,12.77,12.83,447958.27
2017-02-07,12.82,12.85,12.75,12.8,317909.36
2017-02-08,12.79,13.04,12.71,12.97,800078.11
2017-02-09,12.93,13.08,12.92,12.96,647666.63
2017-02-10,12.96,13.16,12.96,13.09,802784.42
2017-02-13,13.11,13.22,13.07,13.11,749567.9
2017-02-14,13.15,13.2,13.01,13.07,605299.46
2017-02-15,13.06,13.17,12.98,13.0,601403.53
2017-02-16,13.0,13.15,12.96,13.13,668389.49
2017-02-17,13.17,13.41,13.05,13.09,1210731.21
2017-02-20,13.09,13.29,13.02,13.26,942619.32
2017-02-21,13.26,13.43,13.22,13.28,895354.28
2017-02-22,13.26,13.29,13.12,13.19,617253.49
2017-02-23,13.19,13.2,13.05,13.08,540824.4
2017-02-24,13.09,13.14,13.03,13.12,514810.22
2017-02-27,13.07,13.13,12.96,12.99,604971.17
2017-02-28,12.97,13.04,12.95,13.0,333247.03
2017-03-01,13.0,13.08,12.97,12.99,403242.54
2017-03-02,13.04,13.17,12.92,12.93,636448.25
2017-03-03,12.9,12.92,12.79,12.85,566909.39
2017-03-06,12.83,12.91,12.81,12.9,384293.48
2017-03-07,12.89,12.93,12.84,12.92,420307.58
2017-03-08,12.91,12.91,12.82,12.85,332806.27
2017-03-09,12.84,12.86,12.74,12.82,489456.46
2017-03-10,12.81,12.85,12.74,12.75,249077.68
2017-03-13,12.75,12.84,12.66,12.83,472685.72
2017-03-14,12.83,12.89,12.81,12.85,344605.68
2017-03-15,12.85,12.85,12.77,12.8,371118.07
2017-03-16,12.85,13.04,12.84,13.02,961282.52
2017-03-17,13.03,13.07,12.8,12.81,626314.41
2017-03-20,12.85,12.85,12.74,12.8,470662.25
2017-03-21,12.8,12.83,12.71,12.74,506972.41
2017-03-22,12.68,12.72,12.59,12.62,586827.99
2017-03-23,12.62,12.72,12.6,12.68,455389.68
2017-03-24,12.67,12.85,12.61,12.79,745466.41
2017-03-27,12.77,12.87,12.74,12.77,422866.51
2017-03-28,12.8,12.82,12.7,12.71,309033.78
2017-03-29,12.74,12.76,12.66,12.67,365540.81
2017-03-30,12.67,12.71,12.56,12.62,705225.77
2017-03-31,12.62,12.67,12.56,12.65,386504.23
2017-04-05,12.67,12.82,12.66,12.79,578095.22
2017-04-06,12.79,12.82,12.74,12.75,450857.3
2017-04-07,12.76,12.82,12.7,12.78,486258.06
2017-04-10,12.78,12.86,12.74,12.75,463884.08
2017-04-11,12.77,12.79,12.61,12.78,559001.84
2017-04-12,12.8,12.95,12.75,12.85,947871.62
2017-04-13,12.8,12.84,12.75,12.79,377207.83
2017-04-14,12.78,12.81,12.63,12.71,592559.56
2017-04-17,12.65,12.74,12.58,12.71,407870.09
2017-04-18,12.67,12.73,12.58,12.59,343239.3
2017-04-19,12.57,12.61,12.45,12.6,599296.05
2017-04-20,12.61,12.65,12.52,12.64,384387.9
2017-04-21,12.63,12.77,12.6,12.76,466518.47
2017-04-24,12.72,12.83,12.6,12.8,835361.93
2017-04-25,12.72,12.76,12.65,12.66,367911.15
2017-04-26,12.67,12.83,12.6,12.72,531654.55
2017-04-27,12.71,12.76,12.64,12.74,427925.44
2017-04-28,12.74,12.79,12.68,12.74,378799.42
2017-05-02,12.76,12.77,12.63,12.65,322068.05
2017-05-03,12.67,12.71,12.56,12.6,355879.41
2017-05-04,12.57,12.69,12.57,12.61,347974.43
2017-05-05,12.61,12.63,12.2,12.39,1389849.46
2017-05-08,12.27,12.41,12.16,12.3,596889.74
2017-05-09,12.3,12.34,12.23,12.25,270016.17
2017-05-10,12.26,12.29,12.15,12.16,312898.12
2017-05-11,12.13,12.26,11.98,12.19,571573.88
2017-05-12,12.17,12.36,12.16,12.29,473262.79
2017-05-15,12.3,12.55,12.3,12.41,645519.79
2017-05-16,12.43,12.47,12.33,12.44,353468.66
2017-05-17,12.44,12.6,12.42,12.44,459714.25
2017-05-18,12.39,12.45,12.31,12.31,405489.58
2017-05-19,12.3,12.39,12.3,12.34,251833.21
2017-05-22,12.34,12.35,12.16,12.21,344287.64
2017-05-23,12.19,12.44,12.16,12.35,565193.51
2017-05-24,12.32,12.42,12.27,12.4,364325.44
2017-05-25,12.29,12.92,12.29,12.89,1659360.33
2017-05-26,12.8,13.1,12.79,12.87,1209195.73
2017-05-31,12.97,13.16,12.78,12.91,799278.82
2017-06-01,12.89,13.01,12.84,12.85,583407.37
2017-06-02,12.86,13.0,12.82,12.86,547821.36
2017-06-05,12.85,12.89,12.69,12.73,477573.0
2017-06-06,12.74,12.82,12.67,12.76,339213.1
2017-06-07,12.77,12.94,12.74,12.85,795322.49
2017-06-08,12.88,12.94,12.82,12.91,564540.44
2017-06-09,12.93,13.15,12.9,13.01,1160575.07
2017-06-12,12.96,13.14,12.8,12.9,874593.98
2017-06-13,12.88,12.96,12.81,12.89,419212.74
2017-06-14,12.92,12.92,12.79,12.84,419495.03
2017-06-15,12.85,12.99,12.82,12.93,480970.38
2017-06-16,12.92,13.0,12.79,12.81,387157.85
2017-06-19,12.77,13.13,12.76,13.12,1092750.35
2017-06-20,13.11,13.17,13.02,13.1,630269.65
2017-06-21,13.26,13.47,13.1,13.17,1135681.98
2017-06-22,13.12,13.49,13.09,13.27,1673131.82
2017-06-23,13.25,13.31,13.12,13.3,926704.29
2017-06-26,13.3,13.67,13.27,13.55,2113195.32
2017-06-27,13.55,13.57,13.4,13.44,924024.16
2017-06-28,13.41,13.56,13.36,13.42,871050.25
2017-06-29,13.41,13.5,13.33,13.42,668341.32
2017-06-30,13.36,13.44,13.21,13.36,751091.83
2017-07-03,13.35,13.39,13.18,13.28,680857.32
2017-07-04,13.26,13.26,13.1,13.14,727896.45
2017-07-05,13.15,13.26,13.11,13.25,595098.48
2017-07-06,13.27,13.29,13.07,13.14,863948.87
2017-07-07,13.1,13.39,13.04,13.31,894635.0
2017-07-10,13.29,13.53,13.28,13.36,1101506.32
2017-07-11,13.36,13.69,13.36,13.47,1773393.39
2017-07-12,13.51,13.66,13.44,13.53,1271455.71
2017-07-13,13.56,13.77,13.48,13.73,1617188.05
2017-07-14,13.72,13.76,13.58,13.65,938320.87
2017-07-17,13.6,13.7,13.33,13.35,1526177.3
2017-07-18,13.31,13.36,13.07,13.21,1051045.49
2017-07-19,13.18,13.98,13.14,13.96,2725822.33
2017-07-20,13.9,14.0,13.71,13.83,1571243.17
2017-07-21,13.76,13.89,13.69,13.76,934401.58
2017-07-24,13.73,13.89,13.71,13.75,967756.57
2017-07-25,13.78,13.83,13.62,13.68,844130.28
2017-07-26,13.7,13.8,13.62,13.75,958557.87
2017-07-27,13.73,13.79,13.51,13.69,1139058.4
2017-07-28,13.66,13.66,13.55,13.57,534609.66
2017-07-31,13.56,13.73,13.51,13.62,859923.28
2017-08-01,13.65,13.86,13.63,13.79,1237581.3
2017-08-02,13.81,14.02,13.73,13.86,1766616.8
2017-08-03,13.82,13.95,13.72,13.74,1034978.73
2017-08-04,13.73,14.02,13.65,13.79,1431012.62
2017-08-07,13.71,13.75,13.56,13.59,976430.27
2017-08-08,13.6,13.76,13.45,13.62,1046491.07
2017-08-09,13.58,13.58,13.4,13.45,833735.44
2017-08-10,13.43,13.55,13.32,13.52,1024982.95
2017-08-11,13.43,13.45,13.23,13.25,899627.95
2017-08-14,13.29,13.43,13.16,13.39,721370.0
2017-08-15,13.39,13.47,13.31,13.36,489601.93
2017-08-16,13.35,13.46,13.27,13.41,460206.55
2017-08-17,13.41,13.49,13.37,13.47,644643.55
2017-08-18,13.5,13.5,13.37,13.39,484758.71
2017-08-21,13.39,13.48,13.33,13.47,586058.62
2017-08-22,13.46,13.52,13.39,13.44,474770.99
2017-08-23,13.43,13.69,13.41,13.55,655328.01
2017-08-24,13.54,13.57,13.34,13.35,530892.26
2017-08-25,13.34,13.75,13.31,13.74,1564744.02
2017-08-28,13.87,14.83,13.84,14.59,3988507.2
2017-08-29,14.57,14.66,14.34,14.43,1807043.35
2017-08-30,14.41,14.84,14.41,14.44,1864624.69
2017-08-31,14.43,14.71,14.41,14.61,1219640.77
2017-09-01,14.64,14.83,14.55,14.67,1381675.31
2017-09-04,14.64,14.71,14.51,14.57,956413.51
2017-09-05,14.59,14.71,14.54,14.58,820432.38
2017-09-06,14.5,14.57,14.34,14.52,1048119.37
2017-09-07,14.52,14.65,14.37,14.39,842595.58
2017-09-08,14.45,14.45,14.2,14.24,796525.94
2017-09-11,14.19,14.4,14.16,14.25,754615.64
2017-09-12,14.31,14.6,14.28,14.36,1268276.54
2017-09-13,14.37,14.42,14.28,14.34,542186.08
2017-09-14,14.35,14.59,14.33,14.4,837307.59
2017-09-15,14.36,14.54,14.25,14.45,786891.67
2017-09-18,14.49,14.78,14.48,14.73,1515102.47
2017-09-19,14.81,14.81,14.49,14.56,997249.45
2017-09-20,14.56,14.64,14.49,14.52,707197.17
2017-09-21,14.52,14.71,14.5,14.52,814199.18
2017-09-22,14.48,14.6,14.28,14.54,1012084.88
2017-09-25,14.51,14.56,14.36,14.49,860454.64
2017-09-26,14.44,14.52,14.4,14.43,505264.35
2017-09-27,14.42,14.54,14.34,14.45,550602.74
2017-09-28,14.44,14.49,14.39,14.45,369125.17
2017-09-29,14.46,14.71,14.45,14.58,848759.02
2017-10-09,14.94,15.04,14.48,14.52,1394761.49
2017-10-10,14.52,14.63,14.41,14.61,694253.65
2017-10-11,14.61,14.61,14.44,14.47,645379.78
2017-10-12,14.46,14.51,14.36,14.43,485657.83
2017-10-13,14.44,14.51,14.37,14.43,483466.75
2017-10-16,14.43,14.61,14.39,14.4,811835.46
2017-10-17,14.39,14.46,14.33,14.35,428073.03
2017-10-18,14.36,14.48,14.25,14.47,911894.93
2017-10-19,14.42,14.44,14.23,14.26,649517.91
2017-10-20,14.23,14.35,14.17,14.25,397540.63
2017-10-23,14.26,14.27,14.07,14.09,498038.92
2017-10-24,14.09,14.3,14.05,14.26,579726.96
2017-10-25,14.27,14.36,14.21,14.31,447018.91
2017-10-26,14.29,14.47,14.19,14.36,735646.2
2017-10-27,14.37,14.38,14.25,14.32,486054.51
2017-10-30,14.27,14.29,13.77,14.0,1058998.72
2017-10-31,13.95,14.01,13.83,13.88,519186.52
2017-11-01,13.91,14.05,13.76,13.8,591240.76
2017-11-02,13.81,13.87,13.6,13.81,956759.54
2017-11-03,13.79,13.86,13.58,13.84,751624.56
2017-11-06,13.71,13.78,13.62,13.73,444169.39
2017-11-07,13.79,14.09,13.75,14.04,1069099.12
2017-11-08,14.04,14.84,14.01,14.52,2538142.26
2017-11-09,14.44,14.69,14.42,14.65,1346968.65
2017-11-10,14.68,14.81,14.49,14.74,1682759.0
2017-11-13,14.72,14.92,14.57,14.62,1188863.93
2017-11-14,14.64,14.68,14.41,14.54,1101520.44
2017-11-15,14.52,14.64,14.39,14.49,1082979.43
2017-11-16,14.46,14.57,14.24,14.28,851783.69
2017-11-17,14.32,14.69,14.28,14.67,2303844.68
2017-11-20,14.55,14.6,13.95,14.21,1729904.76
2017-11-21,14.23,15.62,14.16,15.41,4284279.41
2017-11-22,15.42,15.99,15.34,15.77,3804766.21
2017-11-23,15.68,15.95,15.17,15.35,2722357.22
2017-11-24,15.4,15.52,15.0,15.24,2174595.36
2017-11-27,15.14,15.39,15.02,15.25,1789938.57
2017-11-28,15.08,15.17,14.83,15.12,1528953.91
2017-11-29,15.13,15.38,14.85,15.37,1602590.29
2017-11-30,15.23,15.95,15.17,15.38,2636583.55
2017-12-01,15.33,15.67,15.16,15.18,1582707.91
2017-12-04,15.07,15.28,14.96,15.18,1251034.78
2017-12-05,15.14,15.59,15.12,15.45,2303493.04
2017-12-06,15.38,15.49,15.19,15.44,1397686.12
2017-12-07,15.33,15.4,14.9,14.92,1285132.64
2017-12-08,14.87,15.03,14.75,14.84,967019.55
2017-12-11,14.8,15.05,14.77,15.04,987734.23
2017-12-12,14.96,15.04,14.63,14.66,842753.66
2017-12-13,14.67,14.83,14.6,14.76,712209.49
2017-12-14,14.76,14.79,14.48,14.54,764693.13
2017-12-15,14.56,14.61,14.36,14.39,777366.29
2017-12-18,14.39,14.61,14.36,14.45,585313.99
2017-12-19,14.45,14.66,14.41,14.64,799287.21
2017-12-20,14.64,14.64,14.32,14.32,873156.87
2017-12-21,14.3,14.69,14.25,14.58,1136958.08
2017-12-22,14.55,14.69,14.53,14.58,528476.65
2017-12-25,14.61,14.71,14.43,14.48,662013.36
2017-12-26,14.44,14.77,14.39,14.76,993358.12
2017-12-27,14.71,14.75,14.47,14.51,785464.6
2017-12-28,14.48,14.79,14.41,14.52,1021014.1
2017-12-29,14.52,14.64,14.43,14.51,643521.59
2018-01-02,14.53,14.84,14.53,14.78,1393284.57
2018-01-03,14.72,15.11,14.71,14.92,1519669.0
2018-01-04,14.94,15.1,14.8,14.96,1147914.54
2018-01-05,14.97,15.3,14.9,15.13,1728848.68
2018-01-08,15.23,15.87,15.16,15.66,2489706.42
2018-01-09,15.67,15.93,15.45,15.58,1439193.89
2018-01-10,15.61,15.82,15.41,15.72,1502584.82
2018-01-11,15.6,15.67,15.33,15.45,1133795.4
2018-01-12,15.43,15.69,15.33,15.49,1046038.04
2018-01-15,15.43,15.78,15.21,15.59,2241354.32
2018-01-16,15.44,16.33,15.38,16.23,2330733.15
2018-01-17,16.43,17.55,16.43,16.78,4978876.81
2018-01-18,16.95,17.35,16.75,17.16,2956692.19
2018-01-19,17.12,17.51,16.77,17.06,3630176.65
2018-01-22,16.91,17.19,16.78,16.99,1809997.44
2018-01-23,17.13,17.52,16.75,17.0,3356645.03
2018-01-24,17.15,18.4,16.95,18.37,5070885.83
2018-01-25,18.03,18.32,17.83,17.9,3173316.94
2018-01-26,17.9,18.23,17.8,17.91,2519974.88
2018-01-29,18.01,18.22,17.64,17.72,2644808.43
2018-01-30,17.56,17.91,17.26,17.34,2451539.96
2018-01-31,17.19,17.39,16.78,17.06,2472534.08
2018-02-01,17.15,17.28,16.84,17.23,2786750.87
2018-02-02,16.98,17.34,16.68,17.25,2010010.39
2018-02-05,16.84,17.52,16.8,17.47,2208919.63
2018-02-06,17.02,17.33,16.34,16.47,3364727.49
2018-02-07,16.81,16.85,15.64,15.67,2679636.57
2018-02-08,15.61,15.83,15.28,15.42,1847440.75
2018-02-09,14.89,15.02,13.88,13.91,3478271.31
2018-02-12,13.96,14.07,13.72,13.89,1619696.25
2018-02-13,14.03,14.46,14.0,14.12,2035418.51
2018-02-14,14.11,14.16,13.89,14.13,1036877.1
2018-02-22,14.42,14.52,14.23,14.44,1560165.18
2018-02-23,14.51,14.79,14.37,14.58,1585053.34
2018-02-26,14.75,15.13,14.44,14.95,2119920.34
2018-02-27,14.91,14.92,14.54,14.63,1550422.08
2018-02-28,14.47,14.72,14.26,14.52,1585728.12
2018-03-01,14.34,14.63,14.27,14.53,1115791.06
2018-03-02,14.35,14.53,14.28,14.29,899891.28
2018-03-05,14.29,14.48,14.28,14.32,694798.07
2018-03-06,14.45,14.8,14.33,14.76,1772032.2
2018-03-07,14.67,14.96,14.59,14.64,1275174.07
2018-03-08,14.67,14.76,14.56,14.74,797843.63
2018-03-09,14.79,15.19,14.7,15.12,1673599.62
2018-03-12,15.27,15.57,15.15,15.47,1913708.76
2018-03-13,15.39,15.41,15.14,15.19,1096966.23
2018-03-14,15.06,15.24,14.94,14.99,885779.75
2018-03-15,14.91,15.14,14.88,15.07,777289.37
2018-03-16,15.04,15.18,14.67,14.7,1039978.7
2018-03-19,14.73,15.0,14.59,14.86,939978.27
2018-03-20,14.69,15.04,14.62,14.97,916879.72
2018-03-21,14.99,15.33,14.79,14.83,1503518.51
2018-03-22,14.99,15.33,14.88,15.04,1509102.91
2018-03-23,14.49,14.76,14.02,14.19,2104342.1
2018-03-26,13.99,14.48,13.99,14.44,1105871.8
2018-03-27,14.67,14.77,14.52,14.68,1185303.51
2018-03-28,14.51,14.68,14.28,14.32,1027639.61
2018-03-29,14.44,14.72,14.28,14.68,1444534.51
2018-03-30,14.75,14.96,14.67,14.89,1302674.38
2018-04-02,15.04,15.51,14.92,15.17,1967082.35
2018-04-03,14.96,15.45,14.93,15.4,1777341.72
2018-04-04,15.43,15.53,15.23,15.24,1498178.64
2018-04-09,15.23,15.51,15.15,15.5,1364115.14
2018-04-10,15.54,15.89,15.45,15.82,1885856.16
2018-04-11,15.54,15.74,15.51,15.59,1493054.96
2018-04-12,15.59,15.73,15.27,15.32,1181393.97
2018-04-13,15.43,15.5,15.15,15.17,930450.91
2018-04-16,15.07,15.2,14.72,14.74,1232827.41
2018-04-17,14.75,15.1,14.73,14.76,1145175.98
2018-04-18,14.99,15.14,14.79,15.06,1196789.06
2018-04-19,15.03,15.36,15.0,15.24,1059824.99
2018-04-20,15.18,15.18,14.63,14.65,1047305.78
2018-04-23,14.64,14.92,14.64,14.85,756210.87
2018-04-24,14.88,15.44,14.88,15.42,1535187.47
2018-04-25,15.32,15.39,15.2,15.34,823930.72
2018-04-26,15.4,15.44,14.98,15.02,896618.4
2018-04-27,15.18,15.36,15.03,15.22,904609.96
2018-05-02,15.53,15.61,15.28,15.34,935466.32
2018-05-03,15.28,15.76,15.26,15.7,1529332.25
2018-05-04,15.61,15.75,15.49,15.53,914994.39
2018-05-07,15.66,15.81,15.59,15.73,1018067.16
2018-05-08,15.83,16.03,15.71,15.98,1303963.28
2018-05-09,15.94,15.97,15.76,15.83,817700.2
2018-05-10,15.87,15.95,15.67,15.9,919648.17
2018-05-11,15.9,15.9,15.61,15.62,816376.9
2018-05-14,15.64,15.99,15.64,15.93,1152167.66
2018-05-15,15.94,15.97,15.69,15.89,784602.99
2018-05-16,15.79,15.89,15.63,15.65,725965.93
2018-05-17,15.65,15.71,15.41,15.43,675202.87
2018-05-18,15.45,15.84,15.43,15.81,957075.39
2018-05-21,15.99,16.06,15.85,15.88,1142834.88
2018-05-22,15.87,15.87,15.62,15.79,772915.5
2018-05-23,15.7,15.88,15.57,15.64,750812.04
2018-05-24,15.59,15.68,15.45,15.53,630305.39
2018-05-25,15.52,15.62,15.27,15.28,665682.37
2018-05-28,15.31,15.5,15.25,15.43,632412.71
2018-05-29,15.37,15.45,15.04,15.13,821832.47
2018-05-30,14.84,14.98,14.45,14.52,1044486.79
2018-05-31,14.67,14.96,14.6,14.94,872127.37
2018-06-01,14.83,15.13,14.72,14.88,779368.29
2018-06-04,14.95,15.11,14.84,14.98,539591.63
2018-06-05,14.99,15.08,14.81,15.04,560936.74
2018-06-06,14.99,15.09,14.84,14.99,524775.05
2018-06-07,15.13,15.46,15.08,15.23,1255737.65
2018-06-08,15.23,15.28,14.73,14.9,873115.69
2018-06-11,14.82,15.11,14.77,14.99,537647.86
2018-06-12,14.99,15.12,14.81,15.08,527010.01
2018-06-13,15.01,15.06,14.84,14.87,456100.22
2018-06-14,14.81,15.07,14.79,14.96,479130.78
2018-06-15,14.9,15.02,14.75,14.77,660438.17
2018-06-19,14.57,14.66,13.53,13.83,1604514.16
2018-06-20,13.71,13.91,13.47,13.69,949964.53
2018-06-21,13.63,13.74,12.9,13.05,1214616.57
2018-06-22,13.07,13.28,12.94,13.26,649668.43
2018-06-25,13.34,13.35,12.94,12.95,640913.34
2018-06-26,12.81,13.17,12.74,13.11,689422.25
2018-06-27,13.03,13.12,12.74,12.86,611452.72
2018-06-28,12.79,13.32,12.79,12.95,867622.43
2018-06-29,12.97,13.33,12.94,13.28,764343.47
2018-07-02,13.23,13.25,12.74,12.86,882922.97
2018-07-03,12.93,13.15,12.76,13.08,759097.51
2018-07-04,13.02,13.08,12.85,12.9,509036.41
2018-07-05,12.91,13.13,12.83,12.84,543174.35
2018-07-06,12.89,13.13,12.57,12.96,1018939.62
2018-07-09,13.01,13.25,13.01,13.23,737705.82
2018-07-10,13.25,13.35,13.13,13.24,546062.98
2018-07-11,12.86,12.97,12.75,12.89,672538.21
2018-07-12,12.9,13.45,12.9,13.29,931593.71
2018-07-13,13.39,13.43,13.23,13.31,502170.73
2018-07-16,13.37,13.41,13.16,13.24,471783.89
2018-07-17,13.25,13.27,12.98,13.09,580867.86
2018-07-18,13.16,13.23,12.95,12.98,598068.8
2018-07-19,13.0,13.18,12.94,13.03,581909.74
2018-07-20,13.04,13.61,12.96,13.49,1483474.06
2018-07-23,13.4,13.77,13.34,13.74,1234323.49
2018-07-24,13.8,14.19,13.75,13.88,1505444.15
2018-07-25,13.9,13.94,13.76,13.84,595180.95
2018-07-26,13.87,13.89,13.48,13.56,890148.78
2018-07-27,13.5,13.66,13.46,13.5,567718.51
2018-07-30,13.53,13.73,13.45,13.6,573972.21
2018-07-31,13.53,13.59,13.43,13.51,536332.76
2018-08-01,13.59,13.71,13.25,13.27,736068.87
2018-08-02,13.21,13.27,12.78,12.92,805585.77
2018-08-03,12.92,13.02,12.82,12.84,470724.87
2018-08-06,12.88,13.03,12.66,12.75,653254.33
2018-08-07,12.78,13.15,12.75,13.13,768527.11
2018-08-08,13.07,13.1,12.81,12.85,574060.41
2018-08-09,12.81,13.19,12.79,13.13,746080.28
2018-08-10,13.11,13.19,12.99,13.12,429300.99
2018-08-13,12.97,13.08,12.82,12.99,617407.15
2018-08-14,12.97,13.01,12.87,12.98,332969.13
2018-08-15,12.97,12.99,12.71,12.72,587402.77
2018-08-16,12.58,12.98,12.5,12.79,711336.21
2018-08-17,12.9,12.94,12.6,12.62,531964.36
2018-08-20,12.67,12.89,12.67,12.88,500832.09
2018-08-21,12.88,13.07,12.83,12.95,630981.67
2018-08-22,12.95,12.99,12.88,12.96,325250.89
2018-08-23,12.99,13.11,12.86,13.05,643886.47
2018-08-24,13.05,13.35,12.95,13.15,661036.52
2018-08-27,13.21,13.44,13.15,13.42,873600.0
2018-08-28,13.41,13.48,13.27,13.32,505718.6
2018-08-29,13.3,13.35,13.17,13.21,484894.41
2018-08-30,13.21,13.26,13.1,13.1,345355.7
2018-08-31,13.11,13.23,13.07,13.13,448780.79
2018-09-03,13.11,13.24,13.07,13.22,387548.75
2018-09-04,13.2,13.43,13.12,13.37,619720.22
2018-09-05,13.3,13.34,13.08,13.08,519918.64
2018-09-06,13.08,13.17,13.01,13.03,345834.51
2018-09-07,13.04,13.28,13.01,13.06,458488.38
2018-09-10,12.98,13.05,12.64,12.67,621209.86
2018-09-11,12.68,12.82,12.63,12.75,351567.43
2018-09-12,12.67,12.89,12.67,12.75,313535.68
2018-09-13,12.89,12.94,12.78,12.91,430519.99
2018-09-14,12.94,12.99,12.84,12.89,329635.05
2018-09-17,12.84,12.89,12.73,12.81,276496.14
2018-09-18,12.76,13.1,12.75,13.07,482101.73
2018-09-19,13.03,13.35,12.99,13.26,923815.96
2018-09-20,13.33,13.44,13.21,13.26,589209.36
2018-09-21,13.25,13.72,13.21,13.71,1203042.57
2018-09-25,13.52,13.62,13.44,13.49,562905.76
2018-09-26,13.53,13.86,13.49,13.61,973113.69
2018-09-27,13.58,13.63,13.4,13.58,618867.75
2018-09-28,13.63,13.83,13.59,13.72,728660.86
2018-10-08,13.43,13.48,13.08,13.12,866981.87
2018-10-09,13.13,13.23,13.07,13.18,500917.66
2018-10-10,13.18,13.29,13.13,13.27,504243.05
2018-10-11,12.86,12.98,12.32,12.47,1154499.76
2018-10-12,12.35,12.6,12.12,12.5,800359.51
2018-10-15,12.53,12.6,12.33,12.34,512232.35
2018-10-16,12.38,12.57,12.16,12.24,491321.06
2018-10-17,12.52,12.54,12.16,12.4,560514.3
2018-10-18,12.37,12.49,12.19,12.2,524393.87
2018-10-19,12.13,12.74,12.1,12.64,1165880.1
2018-10-22,12.85,13.9,12.85,13.9,2522345.8
2018-10-23,14.38,14.5,13.58,13.73,3136251.84
2018-10-24,13.61,14.32,13.58,13.91,2519260.16
2018-10-25,13.59,14.28,13.4,14.26,2128962.81
2018-10-26,14.17,14.2,13.72,13.87,1467624.85
2018-10-29,13.83,14.09,13.59,13.68,1109778.09
2018-10-30,13.8,14.62,13.57,14.22,2252638.96
2018-10-31,14.09,14.34,13.86,14.1,1452444.7
2018-11-01,14.41,15.03,14.22,14.27,2531447.93
2018-11-02,14.7,14.76,14.38,14.62,1742362.82
2018-11-05,14.48,14.68,14.31,14.55,1089393.59
2018-11-06,14.63,14.85,14.42,14.55,1125849.91
2018-11-07,14.49,14.52,14.14,14.22,1068929.32
2018-11-08,14.36,14.38,13.9,13.95,1115537.32
2018-11-09,13.9,14.07,13.81,13.9,788310.46
2018-11-12,13.95,14.1,13.89,14.08,933866.85
2018-11-13,13.9,14.6,13.88,14.29,1833410.73
2018-11-14,14.19,14.32,13.95,14.01,1162759.01
2018-11-15,13.99,14.34,13.92,14.3,1617501.92
2018-11-16,14.29,14.76,14.15,14.45,2533627.46
2018-11-19,14.46,14.85,14.4,14.85,2553648.59
2018-11-20,14.7,14.83,14.19,14.27,1777408.15
2018-11-21,14.09,14.26,13.93,14.09,1498952.09
2018-11-22,14.12,14.13,13.85,14.0,953347.67
2018-11-23,13.94,14.11,13.54,13.64,1090118.2
2018-11-26,13.64,13.82,13.53,13.62,672353.62
2018-11-27,13.67,13.84,13.59,13.73,664616.64
2018-11-28,13.67,14.07,13.64,13.98,1053953.91
2018-11-29,14.03,14.23,13.65,13.67,966426.32
2018-11-30,13.63,13.93,13.56,13.86,750195.59
2018-12-03,14.63,14.65,14.25,14.33,1866667.06
2018-12-04,14.33,14.48,14.26,14.46,972454.82
2018-12-05,14.2,14.46,14.18,14.34,813033.28
2018-12-06,14.18,14.19,13.93,13.98,918608.2
2018-12-07,14.13,14.17,13.99,14.01,512283.17
2018-12-10,13.82,13.95,13.69,13.78,695504.86
2018-12-11,13.81,13.9,13.78,13.87,358675.48
2018-12-12,13.97,14.06,13.9,13.95,551859.05
2018-12-13,13.97,14.23,13.86,14.12,1229787.83
2018-12-14,14.04,14.07,13.85,13.85,656050.66
2018-12-17,13.79,13.99,13.77,13.95,541826.91
2018-12-18,13.83,13.95,13.57,13.68,748085.6
2018-12-19,13.68,13.73,13.48,13.49,539403.93
2018-12-20,13.49,13.68,13.31,13.56,755764.18
2018-12-21,13.48,13.52,13.06,13.23,885358.89
2018-12-24,13.15,13.23,13.05,13.16,505264.87
2019-01-10,14.09,14.09,13.76,13.81,2186844.12
2019-01-11,13.81,14.0,13.76,13.95,1127695.59
2019-01-14,14.06,14.18,13.95,13.97,861108.94
2019-01-15,14.0,14.56,13.98,14.46,1805469.95
2019-01-16,14.49,14.59,14.36,14.5,1104443.69
2019-01-17,14.59,14.69,14.39,14.43,883325.61
2019-01-18,14.52,14.74,14.39,14.69,1110555.63
2019-01-21,14.69,14.91,14.54,14.66,1132135.08
2019-01-22,14.59,14.65,14.27,14.36,921813.16
2019-01-23,14.42,14.49,14.27,14.4,519431.29
2019-01-24,14.46,14.86,14.4,14.7,1157569.66
2019-01-25,14.75,15.0,14.7,14.83,1131968.62
2019-01-28,15.03,15.14,14.64,14.79,1007456.95
2019-01-29,14.73,14.96,14.64,14.87,769070.13
2019-01-30,14.77,14.92,14.72,14.74,487550.01
2019-01-31,14.85,15.12,14.78,15.01,925071.49
2019-02-01,15.29,15.42,15.14,15.27,1048306.43
2019-02-11,15.22,15.56,15.21,15.5,837103.65
2019-02-12,15.52,15.74,15.43,15.59,880374.4
2019-02-13,15.59,16.02,15.45,16.02,1431069.3
2019-02-14,16.01,16.02,15.79,15.86,916356.49
2019-02-15,15.84,15.84,15.28,15.32,1607906.63
2019-02-18,15.48,16.3,15.48,16.29,2229679.46
2019-02-19,16.29,16.76,16.12,16.25,2120706.78
2019-02-20,16.34,16.67,16.22,16.5,1351408.56
2019-02-21,16.39,17.34,16.27,16.76,2326751.99
2019-02-22,16.91,18.43,16.61,18.43,3930822.17
2019-02-25,19.35,20.27,18.98,20.27,4913446.73
2019-02-26,20.89,21.68,19.92,20.13,5873954.74
2019-02-27,19.97,20.54,19.24,19.76,4567924.6
2019-02-28,19.51,19.65,18.9,19.32,2984919.39
2019-03-01,19.52,20.27,19.07,20.1,3943658.55
2019-03-04,20.3,21.45,19.57,20.13,5083363.48
2019-03-05,20.26,20.53,19.87,20.38,3148280.0
2019-03-06,20.38,22.42,20.22,21.94,5565951.62
2019-03-07,21.68,22.91,21.33,21.99,6217520.28
2019-03-08,20.54,20.97,19.79,19.79,6328067.22
2019-03-11,19.72,20.12,19.07,19.8,3791527.0
2019-03-12,19.86,20.82,19.86,20.28,4310350.45
2019-03-13,20.32,20.36,19.61,19.66,2999074.54
2019-03-14,19.52,19.93,18.99,19.21,2833472.6
2019-03-15,19.4,19.81,19.25,19.57,2464579.41
2019-03-18,19.52,20.29,19.15,20.24,2994299.68
2019-03-19,20.26,20.34,19.8,19.91,2152355.17
2019-03-20,19.85,20.5,19.8,20.18,2588968.01
2019-03-21,20.26,20.91,20.07,20.46,3563239.67
2019-03-22,20.36,20.56,19.97,20.38,2043175.47
2019-03-25,19.97,20.17,19.4,19.48,2525337.24
2019-03-26,19.64,19.64,18.7,18.83,2572074.55
2019-03-27,19.0,19.12,18.6,18.88,1870655.09
2019-03-28,18.7,19.09,18.45,18.76,1676061.0
2019-03-29,18.84,20.42,18.84,20.36,4233645.74
2019-04-01,20.36,21.17,20.19,20.77,4904512.98
2019-04-02,20.97,21.21,20.59,20.71,2857664.05
2019-04-03,20.47,21.71,20.45,21.5,3906931.48
2019-04-04,21.54,21.6,21.12,21.37,2750094.34
2019-04-08,21.57,21.64,20.54,20.8,2903872.03
2019-04-09,20.77,21.08,20.54,20.88,1989045.76
2019-04-10,20.83,20.86,20.19,20.5,2675711.81
2019-04-11,20.34,20.59,20.0,20.07,1816187.2
2019-04-12,20.07,20.23,19.75,19.94,1593524.02
2019-04-15,20.38,20.46,19.52,19.56,2102530.36
2019-04-16,19.48,20.13,19.11,20.13,2355309.33
2019-04-17,20.04,20.22,19.9,20.02,1378483.83
2019-04-18,20.02,20.25,19.9,19.95,1063508.72
2019-04-19,19.99,20.24,19.81,20.13,1408861.61
2019-04-22,20.33,20.4,19.48,19.55,1896332.79
2019-04-23,19.48,20.11,19.37,19.68,1625660.78
2019-04-24,19.67,19.95,19.54,19.87,1232361.71
2019-04-25,19.72,20.04,19.3,19.31,1666072.18
2019-04-26,19.21,19.68,19.21,19.39,1449303.38
2019-04-29,19.39,19.46,18.67,18.92,1772592.23
2019-04-30,18.94,19.14,18.83,18.93,1066745.36
2019-05-06,17.75,18.05,17.04,17.04,2795890.88
2019-05-07,17.21,17.24,16.53,17.05,2134660.62
2019-05-08,16.52,17.05,16.44,16.66,1462802.73
2019-05-09,16.42,16.6,16.24,16.25,1653380.85
2019-05-10,16.52,17.18,16.23,16.96,2696132.0
2019-05-13,16.6,16.75,16.35,16.47,1351193.86
2019-05-14,16.28,16.59,16.26,16.34,1144871.6
2019-05-15,16.49,16.74,16.44,16.68,1359898.69
2019-05-16,16.66,16.72,16.51,16.62,913705.16
2019-05-17,16.68,16.73,15.98,16.14,1414069.35
2019-05-20,16.09,16.5,16.02,16.33,1135267.18
2019-05-21,16.29,16.8,16.29,16.62,1270624.78
2019-05-22,16.63,16.76,16.44,16.55,808034.06
2019-05-23,16.42,16.75,16.33,16.48,1012300.91
2019-05-24,16.52,16.64,16.42,16.49,681299.14
2019-05-27,16.48,17.04,16.37,16.95,1666910.74
2019-05-28,16.83,17.16,16.81,16.92,1223126.01
2019-05-29,16.77,17.09,16.76,16.89,899946.73
2019-05-30,16.76,16.81,16.49,16.61,951650.18
2019-05-31,16.57,16.72,16.53,16.54,573655.0
2019-06-03,16.67,16.98,16.5,16.59,1083301.73
2019-06-04,16.56,16.63,16.41,16.54,663408.5
2019-06-05,16.78,16.89,16.62,16.71,1144199.53
2019-06-06,16.76,16.88,16.45,16.49,895867.39
2019-06-10,16.59,16.68,16.2,16.5,1055966.16
2019-06-11,16.5,17.39,16.47,17.33,2217439.61
2019-06-12,17.16,17.31,16.99,17.1,1253616.24
2019-06-13,17.05,17.43,17.02,17.27,1291286.76
2019-06-14,17.3,17.45,16.96,16.98,965825.31
2019-06-17,16.99,17.18,16.95,17.04,652912.29
2019-06-18,17.08,17.21,16.93,17.13,598732.99
2019-06-19,18.49,18.74,17.67,17.71,2567730.65
2019-06-20,17.73,19.39,17.7,18.94,3594228.9
2019-06-21,19.03,19.76,18.95,19.45,3178615.06
2019-06-24,19.68,19.81,19.34,19.39,1955479.85
2019-06-25,19.39,19.53,18.76,19.3,2248023.21
2019-06-26,19.11,19.34,18.92,19.14,1217175.38
2019-06-27,19.31,19.94,19.28,19.66,2193588.64
2019-06-28,19.6,19.75,19.39,19.57,1282377.5
2019-07-01,20.27,20.36,19.89,20.04,2510106.03
2019-07-02,19.93,19.95,19.78,19.85,1185460.25
2019-07-03,19.79,19.81,19.1,19.25,1680634.48
2019-07-04,19.33,19.66,19.23,19.39,1032662.75
2019-07-05,19.41,19.52,19.15,19.34,827339.52
2019-07-08,19.3,19.44,18.82,19.04,1289454.14
2019-07-09,19.19,19.26,18.84,19.09,957241.69
2019-07-10,19.18,19.23,18.93,19.07,786532.11
2019-07-11,19.23,19.43,18.89,19.05,1237520.35
2019-07-12,19.02,19.24,18.82,19.21,966705.47
2019-07-15,18.98,19.77,18.84,19.47,1502422.96
2019-07-16,19.4,19.53,19.25,19.25,780117.01
2019-07-17,19.11,19.23,18.91,18.98,1206503.32
2019-07-18,18.82,18.86,18.66,18.67,867815.96
2019-07-19,18.77,19.19,18.76,19.05,1080637.12
2019-07-22,19.14,19.19,18.72,18.74,923064.59
2019-07-23,18.76,18.95,18.7,18.79,501549.34
2019-07-24,18.91,19.25,18.91,19.11,1086122.54
2019-07-25,19.14,19.22,19.03,19.22,643832.28
2019-07-26,19.13,19.22,19.06,19.22,536303.39
2019-07-29,19.17,19.19,18.95,19.04,626721.02
2019-07-30,19.07,19.43,19.03,19.24,1001973.18
2019-07-31,19.17,19.22,19.01,19.09,633683.01
2019-08-01,18.98,19.06,18.74,18.84,809710.56
2019-08-02,18.28,18.34,18.09,18.12,1114826.7
2019-08-05,17.93,17.93,17.47,17.48,1405690.25
2019-08-06,17.02,17.59,16.83,17.4,1641234.2
2019-08-07,17.45,17.5,17.09,17.11,992022.9
2019-08-08,17.65,17.73,17.35,17.45,1301572.7
2019-08-09,17.61,17.68,17.3,17.35,850866.29
2019-08-12,17.65,17.82,17.6,17.81,1078209.33
2019-08-13,17.61,17.67,17.53,17.58,506348.98
2019-08-14,17.9,18.01,17.65,17.65,795424.26
2019-08-15,17.11,17.78,17.07,17.69,719688.72
2019-08-16,17.63,18.07,17.63,17.8,947655.7
2019-08-19,18.26,19.34,18.09,19.3,2473638.08
2019-08-20,19.2,19.3,18.95,18.99,1313823.18
2019-08-21,18.94,19.09,18.84,18.89,771302.04
2019-08-22,18.97,19.05,18.78,18.95,651203.05
2019-08-23,18.99,19.12,18.83,18.89,882491.18
2019-08-26,18.48,18.73,18.41,18.54,993651.8
2019-08-27,18.7,19.23,18.65,19.0,1355030.79
2019-08-28,18.87,18.99,18.69,18.71,723060.12
2019-08-29,18.74,18.79,18.54,18.57,636306.19
2019-08-30,18.82,19.02,18.44,18.63,841396.77
2019-09-02,18.64,19.16,18.58,19.0,1211444.07
2019-09-03,19.01,19.26,18.94,19.06,957270.04
2019-09-04,19.03,19.56,18.97,19.47,1609647.46
2019-09-05,19.95,20.66,19.86,19.89,3091449.98
2019-09-06,20.29,20.36,19.93,20.16,1556021.06
2019-09-09,20.49,20.74,20.27,20.3,1780365.0
2019-09-10,20.36,20.4,19.81,20.2,1675992.27
2019-09-11,20.43,20.7,20.2,20.36,2016022.03
2019-09-12,20.45,20.71,20.21,20.62,1512289.33
2019-09-16,20.72,20.78,20.1,20.26,1260028.24
2019-09-17,20.16,20.16,19.57,19.64,1666264.62
2019-09-18,19.67,19.75,19.51,19.55,784039.02
2019-09-19,19.67,19.72,19.51,19.69,779031.0
2019-09-20,19.71,19.71,19.27,19.48,1144043.88
2019-09-23,19.37,19.38,19.0,19.17,1150831.84
2019-09-24,19.3,19.48,19.12,19.16,1016007.79
2019-09-25,19.02,19.27,18.98,19.08,664622.8
2019-09-26,19.13,19.26,18.89,18.96,900377.54
2019-09-27,18.94,19.24,18.94,19.24,655974.02
2019-09-30,19.24,19.24,18.76,18.76,718607.99
2019-10-08,18.76,18.84,18.47,18.64,781869.73
2019-10-09,18.43,18.59,18.28,18.55,750380.69
2019-10-10,18.54,18.75,18.49,18.69,645315.06
2019-10-11,18.78,19.24,18.57,19.15,1174967.29
2019-10-14,19.42,19.57,19.25,19.27,1442096.79
2019-10-15,19.25,19.25,18.94,18.94,745833.92
2019-10-16,19.0,19.18,18.8,18.83,630230.83
2019-10-17,18.8,18.92,18.74,18.79,410303.44
2019-10-18,18.89,18.92,18.36,18.36,783601.84
2019-10-21,18.33,18.33,17.96,18.24,736385.95
2019-10-22,18.31,18.46,18.22,18.44,461915.04
2019-10-23,18.38,18.51,18.07,18.19,614210.35
2019-10-24,18.23,18.4,18.09,18.24,553384.4
2019-10-25,18.24,18.47,18.08,18.41,657780.87
2019-10-28,18.41,18.7,18.33,18.65,750802.33
2019-10-29,18.65,18.66,18.25,18.25,692722.48
2019-10-31,18.32,18.4,17.95,18.11,743342.04
2019-11-01,18.08,18.59,17.99,18.51,797094.62
2019-11-04,18.52,18.67,18.44,18.58,749150.21
2019-11-05,18.61,19.1,18.57,18.88,1422973.55
2019-11-06,18.88,18.92,18.65,18.72,647450.92
2019-11-07,18.74,19.07,18.68,18.95,846839.99
2019-11-08,19.16,19.28,18.64,18.71,979718.31
2019-11-11,18.6,18.61,18.34,18.36,730692.79
2019-11-12,18.33,18.43,18.16,18.39,591916.72
2019-11-13,18.28,18.39,18.17,18.23,481865.91
2019-11-14,18.23,18.41,18.19,18.28,436553.4
2019-11-15,18.32,18.42,18.1,18.12,567539.4
2019-11-18,18.11,18.38,18.04,18.27,508904.11
2019-11-19,18.27,18.49,18.17,18.49,654223.87
2019-11-20,18.44,18.49,18.09,18.13,704669.73
2019-11-21,17.96,18.19,17.95,18.06,491854.22
2019-11-22,18.09,18.2,17.88,17.94,651100.57
2019-11-25,18.01,18.08,17.87,18.04,469124.47
2019-11-26,18.09,18.13,17.94,17.96,449905.05
2019-11-27,17.93,17.96,17.72,17.88,475671.56
2019-11-28,17.86,17.99,17.86,17.95,320645.63
2019-11-29,17.92,18.07,17.83,17.87,493310.27
2019-12-02,18.28,18.34,18.07,18.09,865548.4
2019-12-03,17.95,18.27,17.93,18.24,620648.35
2019-12-04,18.08,18.21,18.05,18.17,445274.15
2019-12-05,18.24,18.64,18.23,18.61,1301520.44
2019-12-06,18.62,18.74,18.5,18.68,1059059.0
2019-12-09,18.69,18.72,18.51,18.57,696281.41
2019-12-10,18.54,18.6,18.4,18.54,544804.15
2019-12-11,18.59,18.74,18.49,18.55,688657.99
2019-12-12,18.61,18.63,18.45,18.53,549902.35
2019-12-13,18.86,19.35,18.79,19.2,2556897.61
2019-12-16,19.28,19.6,19.05,19.46,1803460.85
2019-12-17,19.46,20.49,19.4,19.92,2741829.59
2019-12-18,19.9,20.26,19.82,19.86,1715991.93
2019-12-19,19.9,19.93,19.64,19.82,1061764.76
2019-12-20,19.87,20.11,19.68,19.68,1388117.71
2019-12-23,19.69,19.83,19.24,19.24,1415741.36
2019-12-24,19.2,19.35,19.15,19.35,814923.75
2019-12-25,19.31,19.49,19.2,19.3,774069.61
2019-12-26,19.4,19.84,19.34,19.82,1182014.92
2019-12-27,19.78,20.1,19.46,19.47,1702761.68
2019-12-30,19.45,21.42,19.4,21.42,6152020.89
2019-12-31,21.36,21.47,20.86,21.11,3369729.94
2020-01-02,21.48,21.61,21.08,21.27,3577365.9
2020-01-03,21.15,21.39,20.95,21.18,1837992.12
2020-01-06,20.91,21.57,20.86,21.13,2304034.83
2020-01-07,21.2,21.49,20.95,21.45,2003054.4
2020-01-08,21.22,21.26,20.74,20.81,2066120.75
2020-01-09,21.14,21.33,21.04,21.23,1635603.11
2020-01-10,21.66,21.77,21.04,21.32,1969461.6
2020-01-13,21.24,21.68,20.89,21.67,1895103.21
2020-01-14,21.68,21.81,21.29,21.33,1759240.79
2020-01-15,21.2,21.36,21.03,21.13,1140791.8
2020-01-16,21.16,21.16,20.91,20.95,1038355.64
2020-01-17,21.09,21.49,21.05,21.16,1297342.39
2020-01-20,21.15,21.51,21.03,21.5,1408182.61
2020-01-21,21.26,21.41,20.95,21.0,1691808.91
2020-01-22,20.85,21.22,20.38,21.03,2036271.31
2020-01-23,20.6,20.75,19.71,19.94,2452483.79
2020-02-03,17.95,17.95,17.95,17.95,753370.0
2020-02-04,17.36,18.31,17.34,18.13,3485571.68
2020-02-05,18.16,18.93,17.96,18.42,2427650.69
2020-02-06,18.44,19.02,18.21,18.89,2478401.65
2020-02-07,18.76,18.89,18.53,18.81,1836396.32
2020-02-10,18.53,19.04,18.53,18.92,1580403.44
2020-02-11,19.05,19.3,18.89,18.94,1763408.84
2020-02-12,18.78,19.26,18.78,19.11,1701737.4
2020-02-13,19.04,19.2,18.78,18.82,1493055.82
2020-02-14,18.78,19.4,18.75,19.18,2027589.87
2020-02-17,19.82,20.27,19.53,20.18,3209865.98
2020-02-18,20.18,20.24,19.79,20.01,1916034.98
2020-02-19,19.91,20.41,19.89,20.03,2083406.25
2020-02-20,20.09,21.31,20.09,21.21,3898596.29
2020-02-21,21.1,21.69,20.85,21.01,3535268.81
2020-02-24,20.85,21.14,20.7,20.9,2442126.28
2020-02-25,20.45,21.07,20.05,21.04,3280997.72
2020-02-26,20.61,21.27,20.47,20.62,2881556.33
2020-02-27,20.73,21.1,20.59,20.67,2063951.92
2020-02-28,20.02,20.2,19.43,19.53,2914357.21
2020-03-02,19.86,20.69,19.71,20.43,2543747.28
2020-03-03,20.86,21.24,20.39,20.64,2593144.22
2020-03-04,20.58,21.18,20.4,21.14,2760750.55
2020-03-05,21.37,21.97,20.92,21.69,4454361.12
2020-03-06,21.43,21.58,20.95,20.95,2630400.87
2020-03-09,20.27,20.67,20.11,20.29,2734638.58
2020-03-10,20.33,21.02,20.16,20.91,2644568.97
2020-03-11,20.85,20.85,20.28,20.31,1790690.4
2020-03-12,20.03,20.31,19.91,20.01,1696419.05
2020-03-13,19.04,20.18,18.91,19.98,2273578.05
2020-03-16,19.94,19.94,18.9,18.92,2057913.52
2020-03-17,19.21,19.43,18.55,19.14,1727481.39
2020-03-18,19.22,19.36,18.53,18.55,1521894.44
2020-03-19,18.61,18.89,17.87,18.66,2007876.41
2020-03-20,18.82,18.95,18.53,18.91,1213209.09
2020-03-23,18.19,18.65,18.15,18.27,1105082.12
2020-03-24,18.66,18.73,18.28,18.62,1188218.71
2020-03-25,19.04,19.13,18.89,18.99,1293511.98
2020-03-26,18.78,18.99,18.75,18.76,697849.43
2020-03-27,18.96,19.19,18.79,18.84,905747.17
2020-03-30,18.61,18.67,18.4,18.58,804115.49
2020-03-31,18.79,18.84,18.48,18.49,638331.54
2020-04-01,18.43,18.73,18.4,18.44,666732.71
2020-04-02,18.38,18.72,18.36,18.72,775171.66
2020-04-03,18.58,18.68,18.42,18.47,581837.3
2020-04-07,18.82,18.9,18.69,18.84,1241184.13
2020-04-08,18.73,18.88,18.69,18.82,757619.95
2020-04-09,19.01,19.18,18.9,18.9,1146929.52
2020-04-10,18.97,19.09,18.73,18.77,858502.39
2020-04-13,18.69,18.76,18.53,18.58,584928.2
2020-04-14,18.68,19.87,18.6,19.37,1956854.49
2020-04-15,19.11,19.65,19.05,19.21,1518855.72
2020-04-16,19.1,20.03,19.07,19.75,2278962.26
2020-04-17,19.77,19.88,19.48,19.51,1504200.23
2020-04-20,19.59,19.64,19.42,19.6,803576.17
2020-04-21,19.47,19.49,19.16,19.34,907942.41
2020-04-22,19.19,19.39,19.11,19.35,582120.17
2020-04-23,19.34,19.39,19.13,19.13,623666.18
2020-04-24,19.09,19.23,18.82,18.94,723366.46
2020-04-27,18.99,19.24,18.95,19.05,615236.68
2020-04-28,19.24,19.57,19.0,19.44,1343710.0
2020-04-29,19.24,19.61,19.22,19.52,799916.59
2020-04-30,19.69,19.93,19.63,19.78,1339570.89
2020-05-06,19.34,19.76,19.29,19.71,1118486.8
2020-05-07,19.71,19.82,19.53,19.54,846295.75
2020-05-08,19.74,20.05,19.56,19.88,1527749.07
2020-05-11,19.91,20.01,19.6,19.67,958305.92
2020-05-12,19.79,19.84,19.58,19.72,650970.5
2020-05-13,19.63,19.88,19.59,19.81,640344.62
2020-05-14,19.69,19.73,19.54,19.56,654370.58
2020-05-15,19.66,19.69,19.53,19.56,548575.57
2020-05-18,19.53,19.55,19.24,19.26,889195.55
2020-05-19,19.46,19.51,19.32,19.37,565102.02
2020-05-20,19.32,19.41,19.2,19.27,666619.97
2020-05-21,19.31,19.43,19.19,19.21,548373.11
2020-05-22,19.22,19.22,18.61,18.61,981939.78
2020-05-25,18.61,18.7,18.43,18.53,589972.36
2020-05-26,18.64,18.76,18.62,18.75,546873.3
2020-05-27,18.77,18.77,18.53,18.6,455597.46
2020-05-28,18.62,18.99,18.54,18.76,699514.64
2020-05-29,18.63,18.72,18.57,18.58,465582.97
2020-06-01,19.04,19.47,18.89,19.31,1618560.74
2020-06-02,19.24,19.34,19.11,19.21,828477.97
2020-06-03,19.31,19.46,19.08,19.11,807511.08
2020-06-04,19.25,19.25,18.96,18.99,592799.59
2020-06-05,19.02,19.1,18.85,19.06,748216.43
2020-06-08,19.18,19.31,19.07,19.17,839778.31
2020-06-09,19.11,19.59,19.1,19.44,1131304.86
2020-06-10,19.36,19.39,19.19,19.24,581493.8
2020-06-11,19.23,19.39,19.01,19.02,850796.47
2020-06-12,18.73,19.03,18.69,18.87,842159.26
2020-06-15,18.87,19.25,18.84,18.85,1004579.05
2020-06-16,19.04,19.19,18.99,19.08,638051.49
2020-06-17,19.05,19.09,18.87,19.0,600807.22
2020-06-18,19.02,19.37,18.98,19.26,1021774.9
2020-06-19,19.32,20.02,19.27,19.9,2770131.21
2020-06-22,19.91,20.85,19.81,20.12,2856176.84
2020-06-23,20.03,20.21,19.8,20.06,1416648.46
2020-06-24,20.25,20.73,20.11,20.24,1286922.55
2020-06-29,19.86,19.94,19.54,19.61,1516309.26
2020-06-30,19.72,20.4,19.61,20.12,1599807.54
2020-07-01,20.11,20.65,19.97,20.63,1842299.67
2020-07-02,20.5,21.94,20.48,21.75,4641174.09
2020-07-03,22.62,23.93,22.0,23.93,7250829.52
2020-07-06,24.87,26.32,24.51,26.32,8073328.04
2020-07-07,27.18,27.25,25.54,25.98,7474489.32
2020-07-08,26.05,28.57,26.05,27.96,6904764.15
2020-07-09,27.12,28.53,26.83,27.61,5585357.61
2020-07-10,27.08,27.44,26.34,26.51,4327866.45
2020-07-13,26.5,27.96,26.15,27.11,4736262.03
2020-07-14,26.7,27.05,26.2,26.73,3247300.97
2020-07-15,27.13,27.7,26.58,26.7,4571229.61
2020-07-16,26.29,26.87,24.37,24.47,5305665.3
2020-07-17,24.79,24.95,23.37,23.88,3691222.58
2020-07-20,24.43,25.97,24.23,25.58,3791035.89
2020-07-21,25.31,25.74,24.94,25.31,2223715.38
2020-07-22,25.41,26.5,25.17,25.45,3460703.73
2020-07-23,25.09,25.65,24.63,25.49,2812984.41
2020-07-24,25.23,25.48,23.63,23.78,3442431.36
2020-07-27,23.9,23.95,23.29,23.78,1849951.33
2020-07-28,24.07,24.12,23.49,23.7,1455424.28
2020-07-29,23.69,24.96,23.59,24.84,2776370.4
2020-07-30,25.04,25.09,24.55,24.67,1943339.17
2020-07-31,24.6,25.54,24.56,25.0,2256131.3
2020-08-03,25.29,25.48,24.84,25.38,2291448.16
2020-08-04,25.38,25.62,25.05,25.22,1792643.56
2020-08-05,25.1,25.22,24.76,24.96,1608571.56
2020-08-06,25.04,27.46,24.61,26.77,3725791.32
2020-08-07,25.79,28.32,25.29,26.67,4866216.0
2020-08-10,26.14,28.67,25.98,27.71,5373051.51
2020-08-11,27.48,27.81,26.0,26.13,3777990.61
2020-08-12,25.89,26.4,25.4,25.95,2716803.4
2020-08-13,26.02,26.31,25.63,25.78,1630067.43
2020-08-14,25.54,26.27,25.47,26.18,1444042.55
2020-08-17,26.71,28.46,26.7,27.51,3835405.77
2020-08-18,27.54,28.21,27.24,27.66,2393497.85
2020-08-19,27.62,27.93,27.15,27.28,2238900.7
2020-08-20,26.73,27.09,26.47,26.69,1566521.09
2020-08-21,26.87,27.34,26.7,27.06,1221736.46
2020-08-24,27.17,27.32,26.88,26.96,1063783.73
2020-08-25,27.12,27.51,26.79,26.86,1254941.24
2020-08-26,26.79,26.99,26.03,26.05,1906943.96
2020-08-27,26.05,26.53,25.86,26.26,1182994.38
2020-08-28,26.2,27.21,26.04,27.12,1921991.29
2020-08-31,27.38,27.9,26.96,26.96,2189042.15
2020-09-01,26.8,27.22,26.79,27.22,1115894.74
2020-09-02,27.3,27.4,26.63,27.04,1450182.42
2020-09-03,27.04,27.36,26.56,26.72,1264748.19
2020-09-04,26.1,26.53,26.03,26.31,1127796.51
2020-09-07,26.31,26.41,25.26,25.36,1535626.78
2020-09-08,25.39,26.26,25.33,25.98,1402828.72
2020-09-09,25.53,25.86,25.22,25.51,1135097.1
2020-09-10,25.73,25.98,25.37,25.43,1062565.65
2020-09-11,25.32,25.57,25.26,25.51,818506.01
2020-09-14,25.51,25.59,25.3,25.48,655177.48
2020-09-15,25.48,25.81,25.36,25.62,773378.57
2020-09-16,25.62,25.97,25.5,25.63,807879.75
2020-09-17,25.44,25.52,24.82,25.1,1181712.61
2020-09-18,25.09,26.37,25.05,26.2,1977618.66
2020-09-21,26.92,27.04,26.18,26.22,1647351.07
2020-09-22,26.0,26.7,25.86,25.96,1261484.71
2020-09-23,26.04,26.08,25.64,25.7,692185.28
2020-09-24,25.6,25.76,25.37,25.39,806377.39
2020-09-25,25.44,25.82,25.39,25.6,803641.97
2020-09-28,25.49,25.77,25.48,25.62,608466.64
2020-09-29,25.64,25.99,25.64,25.65,708144.05
2020-09-30,25.87,25.89,25.34,25.46,743265.31
2020-10-09,25.86,25.97,25.71,25.94,817138.75
2020-10-12,26.2,27.0,26.1,26.89,1633773.37
2020-10-13,26.69,26.69,26.44,26.58,927552.34
2020-10-14,26.58,26.66,26.18,26.24,736730.58
2020-10-15,26.28,26.62,26.22,26.26,631534.89
2020-10-16,26.26,26.49,26.2,26.35,659199.39
2020-10-19,26.62,26.83,26.18,26.18,968853.97
2020-10-20,26.12,26.19,25.62,25.98,858821.44
2020-10-21,25.92,26.03,25.67,25.8,674988.85
2020-10-22,25.75,26.0,25.52,25.81,767016.63
2020-10-23,25.76,26.02,25.52,25.52,788318.42
2020-10-26,25.37,25.37,24.5,24.6,1384351.35
2020-10-27,24.59,24.65,24.2,24.56,877712.14
2020-10-28,24.49,24.96,24.41,24.81,776850.48
2020-10-29,24.55,25.43,24.42,25.11,1038318.63
2020-10-30,24.89,25.09,24.26,24.27,1033853.75
2020-11-02,24.12,24.59,23.42,23.81,1372847.41
2020-11-03,23.97,24.62,23.87,24.36,978566.36
2020-11-04,24.36,24.6,24.12,24.36,694129.96
2020-11-05,24.9,24.97,24.5,24.75,929446.58
2020-11-06,24.79,25.06,24.61,24.79,880020.6
2020-11-09,25.03,25.98,24.87,25.66,1767393.67
2020-11-10,25.76,25.81,25.06,25.22,1161262.06
2020-11-11,25.16,25.22,24.78,24.81,709715.61
2020-11-12,24.81,25.0,24.62,24.69,543461.91
2020-11-13,24.63,24.63,24.16,24.34,820615.11
2020-11-16,24.52,24.63,24.26,24.56,618228.93
2020-11-17,24.53,24.7,24.3,24.7,659904.41
2020-11-18,24.7,25.03,24.64,24.71,859665.01
2020-11-19,24.59,24.98,24.39,24.86,723571.3
2020-11-20,24.86,24.94,24.75,24.94,553473.78
2020-11-23,24.93,25.64,24.78,25.35,1515453.4
2020-11-24,25.34,25.34,24.99,25.03,885609.7
2020-11-25,25.22,25.41,24.77,24.77,842565.33
2020-11-26,24.76,24.92,24.59,24.84,620009.51
2020-11-27,24.91,25.42,24.79,25.42,1114401.54
2020-11-30,25.69,26.7,25.59,25.69,2997909.21
2020-12-01,25.61,26.83,25.48,26.53,2277563.83
2020-12-02,26.53,26.79,26.11,26.35,1567735.87
2020-12-03,26.31,26.48,26.13,26.2,957614.78
2020-12-04,26.24,26.26,25.59,25.69,1228227.08
2020-12-07,25.7,25.85,25.42,25.44,898569.76
2020-12-08,25.42,25.63,25.28,25.44,743255.94
2020-12-09,25.52,25.67,24.83,24.83,1099337.91
2020-12-10,24.75,24.99,24.46,24.72,1054444.62
2020-12-11,24.7,24.8,24.19,24.37,1011389.81
2020-12-14,24.42,24.53,24.26,24.45,544772.22
2020-12-15,24.42,24.49,24.11,24.42,727955.06
2020-12-16,24.47,24.55,24.21,24.25,599367.53
2020-12-17,24.18,24.81,24.08,24.77,981782.31
2020-12-18,24.63,24.8,24.37,24.42,663844.73
2020-12-21,24.33,24.68,24.18,24.61,665783.92
2020-12-22,24.55,24.55,23.74,23.75,1225664.71
2020-12-23,23.75,24.04,23.65,23.91,777820.08
2020-12-24,23.9,24.08,23.65,23.79,611889.9
2020-12-25,23.65,23.94,23.48,23.75,759596.97
2020-12-28,23.65,23.96,23.54,23.72,740362.66
2020-12-29,23.81,24.18,23.74,23.86,818140.54
2020-12-30,23.81,24.16,23.7,24.16,1050135.74
2020-12-31,24.42,25.23,24.39,24.92,2165912.75
2021-01-04,24.96,25.0,24.33,24.74,1945462.07
2021-01-05,24.55,24.91,24.27,24.7,1655522.19
2021-01-06,24.91,25.41,24.81,25.11,2057442.73
2021-01-07,25.18,25.32,24.59,25.22,1729686.82
2021-01-08,25.27,25.88,25.1,25.49,2207415.04
2021-01-11,25.68,25.8,24.8,24.82,1725418.63
2021-01-12,24.59,27.31,24.42,27.16,5161567.9
2021-01-13,27.04,27.1,26.11,26.24,3559776.49
2021-01-14,26.13,26.41,25.6,25.6,2103358.41
2021-01-15,25.44,26.2,25.43,25.59,1679397.81
2021-01-18,25.45,26.28,25.32,25.73,1695533.5
2021-01-19,25.71,26.65,25.47,25.82,2143914.55
2021-01-20,25.93,26.88,25.82,26.37,2166237.13
2021-01-21,26.47,26.95,25.99,26.43,2398598.06
2021-01-22,26.11,26.36,25.5,25.71,1988934.24
2021-01-25,25.57,25.66,25.1,25.41,1901744.97
2021-01-26,25.2,25.4,24.33,24.4,1897349.86
2021-01-27,24.39,24.56,24.22,24.34,1006888.86
2021-01-28,24.16,24.49,23.93,24.16,1300526.9
2021-01-29,24.31,24.4,23.74,24.04,1229644.54
2021-02-01,24.15,24.19,23.89,23.99,886476.64
2021-02-02,24.12,24.15,23.64,23.87,1435196.4
2021-02-03,23.87,24.06,23.63,23.71,958175.87
2021-02-04,23.54,23.71,22.53,22.97,1798665.66
2021-02-05,22.98,23.27,22.82,22.91,924971.85
2021-02-08,22.91,23.3,22.87,23.16,926302.56
2021-02-09,23.17,23.78,22.94,23.73,1395326.36
2021-02-10,23.66,23.82,23.36,23.63,1157932.72
2021-02-18,23.91,24.04,23.59,23.69,1310783.1
2021-02-19,23.6,24.31,23.42,24.26,1392744.22
2021-02-22,24.37,24.37,23.51,23.54,1676243.04
2021-02-23,23.57,23.78,23.32,23.4,986555.37
2021-02-24,23.44,23.64,23.04,23.25,958634.34
2021-02-25,23.38,23.97,23.15,23.51,1379275.39
2021-02-26,23.05,23.36,23.0,23.1,1097797.77
2021-03-01,22.3,22.3,21.2,21.72,2803137.99
2021-03-02,21.72,21.76,21.24,21.33,1490008.72
2021-03-03,21.24,21.58,21.2,21.51,970336.97
2021-03-04,21.35,21.45,21.01,21.03,1288013.16
2021-03-05,21.03,21.36,20.81,21.24,1149816.79
2021-03-08,21.33,21.47,20.81,20.81,1203736.47
2021-03-09,20.78,20.98,20.09,20.14,1305341.8
2021-03-10,20.33,20.39,20.05,20.08,876286.25
2021-03-11,20.14,20.43,20.14,20.37,793470.41
2021-03-12,20.4,20.4,19.83,20.16,1156455.17
2021-03-15,19.97,20.01,19.63,19.72,897626.51
2021-03-16,19.83,19.89,19.64,19.84,602115.76
2021-03-17,19.85,20.14,19.77,20.04,753687.73
2021-03-18,20.04,20.2,19.92,19.97,686557.65
2021-03-19,19.85,20.34,19.69,20.33,1210142.11
2021-03-22,20.25,20.66,20.2,20.47,1053069.21
2021-03-23,20.43,20.6,20.09,20.4,760631.92
2021-03-24,20.3,20.78,20.26,20.38,931330.97
2021-03-25,20.26,20.47,20.24,20.26,475952.15
2021-03-26,20.24,20.42,20.21,20.33,538542.48
2021-03-29,20.31,20.81,20.22,20.57,796389.46
2021-03-30,20.48,20.73,20.45,20.57,536528.29
2021-03-31,20.56,20.56,20.25,20.25,547367.85
2021-04-01,20.25,20.49,20.14,20.48,584316.13
2021-04-02,20.51,20.64,20.39,20.46,614623.31
2021-04-06,20.77,20.84,20.46,20.47,726292.37
2021-04-07,20.45,20.54,20.29,20.39,594220.33
2021-04-08,20.26,20.56,20.25,20.34,609198.47
2021-04-09,20.27,20.29,20.01,20.01,686484.53
2021-04-12,20.01,20.08,19.71,19.75,590009.98
2021-04-13,19.75,19.86,19.67,19.81,462451.47
2021-04-14,19.81,20.14,19.8,19.99,504175.31
2021-04-15,19.94,19.97,19.7,19.82,481014.45
2021-04-16,19.85,20.14,19.82,20.07,519719.74
2021-04-19,20.01,20.41,19.93,20.36,847988.17
2021-04-20,20.25,20.47,20.13,20.15,628183.08
2021-04-21,20.03,20.15,19.97,20.01,407653.2
2021-04-22,20.12,20.14,19.86,19.91,545438.94
2021-04-23,19.86,19.97,19.78,19.84,493759.78
2021-04-26,19.83,20.01,19.52,19.54,714997.74
2021-04-27,19.55,19.58,19.24,19.29,706185.07
2021-04-28,19.3,19.4,19.15,19.4,485169.53
2021-04-29,19.5,20.31,19.43,20.17,1592565.38
2021-04-30,20.01,20.42,19.95,20.22,1069396.46
2021-05-06,20.45,20.68,20.2,20.35,981386.3
2021-05-07,20.27,20.4,19.77,19.87,837557.98
2021-05-10,19.95,20.29,19.87,20.15,662676.19
2021-05-11,19.95,20.42,19.73,20.24,680556.03
2021-05-12,20.14,20.34,20.05,20.3,570219.2
2021-05-13,20.13,20.31,19.97,20.03,556860.38
2021-05-14,20.2,21.77,20.18,21.57,3326163.83
2021-05-17,21.2,21.24,20.84,21.1,2128584.27
2021-05-18,20.96,21.37,20.86,21.0,925575.01
2021-05-19,20.95,21.26,20.92,21.01,806583.72
2021-05-20,21.0,21.42,20.94,21.25,1109115.08
2021-05-21,21.26,21.32,20.86,20.86,827480.62
2021-05-24,21.02,21.59,21.0,21.39,1400131.26
2021-05-25,21.39,22.51,21.31,22.24,2911827.2
2021-05-26,22.28,22.52,21.9,21.94,1940857.08
2021-05-27,21.93,22.22,21.81,21.98,1119097.39
2021-05-28,21.98,22.47,21.81,22.2,1392900.43
2021-05-31,22.2,22.2,21.9,22.14,924054.31
2021-06-01,22.03,22.03,21.56,21.85,1046951.73
2021-06-02,21.85,21.97,21.31,21.37,976466.48
2021-06-03,21.47,21.75,21.32,21.35,782288.92
2021-06-04,21.25,22.42,21.2,21.65,1367718.57
2021-06-07,21.85,22.55,21.68,22.09,1366123.91
2021-06-08,21.98,22.42,21.87,21.98,1092863.52
2021-06-09,22.02,22.17,21.68,21.81,724102.43
2021-06-10,21.7,22.09,21.7,21.76,819877.4
2021-06-11,21.72,21.83,21.03,21.14,1290164.16
2021-06-15,21.11,21.18,20.77,20.84,792464.45
2021-06-16,20.79,21.02,20.77,20.9,640219.85
2021-06-17,20.84,20.97,20.68,20.81,599392.35
2021-06-18,20.75,21.03,20.65,20.9,756795.18
2021-06-21,20.94,21.15,20.76,20.77,761880.65
2021-06-22,20.85,21.02,20.74,20.91,609209.4
2021-06-23,20.92,21.15,20.79,20.99,724185.19
2021-06-24,21.02,21.4,20.98,21.2,867812.81
2021-06-25,21.26,21.92,21.11,21.63,1658267.22
2021-06-28,21.7,21.7,21.25,21.31,940776.11
2021-06-29,21.31,21.41,21.0,21.03,784548.57
2021-06-30,21.03,21.22,20.88,21.14,746818.31
2021-07-01,21.41,21.49,20.78,20.92,1055002.29
2021-07-02,20.75,20.75,20.02,20.05,1229453.69
2021-07-05,20.05,20.17,19.74,19.95,678159.47
2021-07-06,20.0,20.12,19.84,20.08,600573.9
2021-07-07,19.99,20.2,19.96,20.04,603386.82
2021-07-08,20.17,20.23,19.92,20.01,661945.56
2021-07-09,19.92,20.08,19.8,19.93,629464.31
2021-07-12,20.2,20.42,20.03,20.25,1047903.3
2021-07-13,20.18,20.31,19.99,20.11,616321.13
2021-07-14,20.08,20.08,19.74,19.77,802892.08
2021-07-15,19.76,20.12,19.68,20.07,727886.6
2021-07-16,20.21,20.42,20.06,20.2,910803.16
2021-07-19,20.08,20.2,19.84,20.18,651805.61
2021-07-20,19.98,20.21,19.94,20.02,459677.42
2021-07-21,20.08,20.37,20.05,20.2,844506.81
2021-07-22,20.15,20.55,20.08,20.46,1014718.56
2021-07-23,20.42,21.06,20.22,20.55,1404223.33
2021-07-26,20.53,20.67,19.87,19.92,1236812.67
2021-07-27,19.92,20.06,19.36,19.42,1018925.86
2021-07-28,19.42,19.69,19.38,19.39,822131.93
2021-07-29,19.74,19.77,19.39,19.52,858003.42
2021-07-30,19.44,19.47,19.05,19.15,896860.85
2021-08-02,19.14,20.09,18.71,19.73,1477517.59
2021-08-03,19.59,20.18,19.5,19.78,1123130.14
2021-08-04,19.77,19.84,19.6,19.72,693895.57
2021-08-05,19.62,19.83,19.34,19.39,778634.92
2021-08-06,19.5,19.69,19.42,19.57,601334.17
2021-08-09,19.5,20.18,19.47,19.94,1128293.21
2021-08-10,19.86,20.21,19.71,20.15,1081770.14
2021-08-11,20.12,20.42,20.01,20.09,1018740.79
2021-08-12,20.14,20.39,20.03,20.13,726113.86
2021-08-13,20.08,20.47,20.02,20.43,1102724.44
2021-08-16,20.45,20.77,20.27,20.36,1213354.13
2021-08-17,20.25,20.89,20.2,20.27,1839348.6
2021-08-18,20.31,21.53,20.26,21.41,3162187.64
2021-08-19,21.25,21.48,20.77,20.89,1981783.09
2021-08-20,20.98,21.11,20.6,20.89,1363300.33
2021-08-23,21.02,21.31,20.9,21.05,1164596.41
2021-08-24,21.17,21.85,21.03,21.67,2208821.77
2021-08-25,21.6,21.95,21.44,21.48,1353685.51
2021-08-26,21.38,21.55,21.17,21.18,1044624.04
2021-08-27,21.24,21.7,21.2,21.31,1038329.97
2021-08-30,21.67,21.79,20.93,20.98,1386131.43
2021-08-31,20.9,22.52,20.85,22.13,3062855.09
2021-09-01,22.15,23.79,22.03,23.17,4375223.04
2021-09-02,23.1,23.44,22.88,23.35,2604356.55
2021-09-03,24.22,24.33,22.82,22.92,2825811.9
2021-09-06,22.94,23.61,22.94,23.11,1800825.62
2021-09-07,23.11,23.6,22.67,23.4,2096081.91
2021-09-08,23.27,23.81,23.15,23.18,1566586.62
2021-09-09,22.93,23.16,22.72,23.04,1199152.71
2021-09-10,23.11,24.11,23.11,23.5,2152491.92
2021-09-13,23.48,23.78,23.32,23.43,1215741.66
2021-09-14,23.48,23.62,22.68,22.82,1602296.28
2021-09-15,22.77,22.96,22.42,22.61,1089052.16
2021-09-16,22.65,22.69,21.81,21.96,1347734.68
2021-09-17,21.98,22.49,21.98,22.36,1077622.95
2021-09-22,21.99,22.38,21.8,22.14,895727.23
2021-09-23,22.25,22.66,22.2,22.58,1040007.18
2021-09-24,22.63,22.8,22.42,22.44,816946.57
2021-09-27,22.42,22.62,21.87,22.11,952229.37
2021-09-28,22.06,22.46,21.99,22.29,711046.82
2021-09-29,22.07,22.24,21.68,22.07,944263.35
2021-09-30,22.11,22.21,21.61,21.79,834290.37
2021-10-08,21.89,22.28,21.89,22.19,751305.7
2021-10-11,22.28,22.53,22.11,22.11,589345.08
2021-10-12,21.97,22.11,21.16,21.43,1125690.24
2021-10-13,21.41,21.6,21.27,21.3,600363.26
2021-10-14,21.37,21.42,21.04,21.34,493163.57
2021-10-15,21.29,21.65,21.2,21.51,620778.88
2021-10-18,21.51,21.73,21.37,21.53,486797.76
2021-10-19,21.46,21.74,21.43,21.59,511627.48
2021-10-20,21.7,21.74,21.53,21.55,503287.26
2021-10-21,21.55,21.88,21.44,21.68,632570.28
2021-10-22,21.72,22.04,21.65,21.94,692221.32
2021-10-25,21.94,22.17,21.7,22.11,808744.65
2021-10-26,22.11,22.16,21.76,21.77,609002.89
2021-10-27,21.62,21.77,21.17,21.26,802147.94
2021-10-28,21.21,21.6,21.18,21.33,648388.31
2021-10-29,21.55,22.53,21.38,22.3,1641830.24
2021-11-01,22.24,22.49,22.17,22.39,979593.91
2021-11-02,22.32,22.49,21.76,22.0,898836.88
2021-11-03,21.98,22.11,21.76,21.88,570295.4
2021-11-04,22.06,22.2,21.8,21.92,630367.12
2021-11-05,21.8,22.12,21.74,21.86,545238.18
2021-11-08,21.78,22.13,21.56,21.94,568211.93
2021-11-09,22.0,22.09,21.76,22.05,563575.29
2021-11-10,21.97,22.04,21.35,21.55,1057430.48
2021-11-11,21.46,22.35,21.46,22.19,1455579.39
2021-11-12,22.14,22.14,21.61,21.84,1088599.45
2021-11-15,21.87,21.98,21.59,21.74,642136.73
2021-11-16,21.6,21.67,20.64,20.69,2281490.64
2021-11-17,20.61,20.8,20.56,20.72,678137.35
2021-11-18,20.68,20.82,20.43,20.75,785011.6
2021-11-19,20.69,21.06,20.62,20.94,796636.96
2021-11-22,20.93,21.13,20.89,20.93,696913.26
2021-11-23,20.93,21.11,20.86,20.86,646039.9
2021-11-24,20.86,20.97,20.73,20.85,516818.49
2021-11-25,20.81,20.89,20.7,20.76,451105.08
2021-11-26,20.71,20.75,20.61,20.61,470738.22
2021-11-29,20.43,20.52,20.36,20.51,632218.01
2021-11-30,20.64,20.68,20.44,20.49,618799.33
2021-12-01,20.43,20.93,20.38,20.88,842458.97
2021-12-02,20.85,21.16,20.77,21.03,739732.21
2021-12-03,21.11,21.46,21.07,21.36,1045718.87
2021-12-06,21.55,22.84,21.55,22.33,3164170.33
2021-12-07,22.58,22.84,22.42,22.54,1836993.77
2021-12-08,22.71,22.94,22.46,22.83,1418086.8
2021-12-09,22.75,23.48,22.71,23.17,1895881.87
2021-12-10,22.9,22.95,22.62,22.79,1213975.97
2021-12-13,23.27,23.5,22.98,22.98,1548178.58
2021-12-14,22.84,22.96,22.59,22.68,910136.87
2021-12-15,22.81,23.06,22.67,22.75,678402.63
2021-12-16,22.8,23.08,22.74,22.97,590210.7
2021-12-17,23.05,23.11,22.64,22.66,665803.24
2021-12-20,22.67,22.84,22.24,22.3,749118.93
2021-12-21,22.26,22.65,22.26,22.5,530788.49
2021-12-22,22.51,22.61,22.3,22.3,398666.8
2021-12-23,22.33,22.46,22.17,22.35,448028.78
2021-12-24,22.34,22.58,22.13,22.14,499960.91
2021-12-27,22.24,22.45,22.1,22.41,451895.83
2021-12-28,22.49,22.65,22.27,22.45,549142.12
2021-12-29,22.52,22.52,22.26,22.3,485993.17
2021-12-30,22.28,22.94,22.28,22.73,781346.17
2021-12-31,22.8,23.0,22.74,22.76,670511.36
2022-01-04,22.76,22.92,22.47,22.79,606261.75
2022-01-05,22.67,22.79,22.16,22.36,982363.2
2022-01-06,22.25,22.42,21.87,21.91,898958.62
2022-01-07,22.01,22.39,21.98,22.17,572166.55
2022-01-10,22.36,22.49,22.18,22.26,458670.51
2022-01-11,22.26,22.79,22.17,22.37,658878.59
2022-01-12,22.32,22.61,22.15,22.55,605876.66
2022-01-13,22.98,23.13,22.7,22.72,1144382.16
2022-01-14,21.99,22.24,21.55,21.57,1850995.33
2022-01-17,21.44,22.49,21.36,22.12,1619643.14
2022-01-18,22.09,22.43,22.01,22.15,1310253.43
2022-01-27,22.68,22.76,21.83,22.07,2249220.39
2022-01-28,22.12,23.18,22.1,22.49,1798786.54
2022-02-07,22.81,23.22,22.66,23.11,1178471.82
2022-02-08,23.03,23.24,22.82,23.19,846227.62
2022-02-09,23.15,23.24,22.88,23.13,799554.49
2022-02-10,23.05,23.23,22.94,23.15,629345.37
2022-02-11,23.13,23.92,23.08,23.48,1159875.12
2022-02-14,23.22,23.38,22.6,22.67,996277.31
2022-02-15,22.49,22.63,22.22,22.57,805111.83
2022-02-16,22.63,22.78,22.41,22.43,684181.74
2022-02-17,22.51,22.58,22.14,22.22,628127.13
2022-02-18,22.15,22.58,22.15,22.52,511149.41
2022-02-21,22.67,22.71,22.21,22.41,629341.57
2022-02-22,22.21,22.26,21.69,21.96,1065786.87
2022-02-23,21.96,22.17,21.85,22.17,763228.18
2022-02-24,21.94,21.96,21.23,21.44,1338456.36
2022-02-25,21.57,21.72,21.27,21.32,727586.08
2022-02-28,21.25,21.37,21.03,21.32,614453.64
2022-03-01,21.37,21.44,21.13,21.36,768058.31
2022-03-02,21.21,21.29,21.0,21.08,688577.5
2022-03-03,21.13,21.23,21.03,21.21,578138.71
2022-03-04,21.02,21.05,20.71,20.78,790290.58
2022-03-07,20.64,20.64,19.73,19.87,1419644.99
2022-03-08,19.9,20.0,19.23,19.29,1183290.68
2022-03-09,19.38,19.45,18.28,18.98,1382086.06
2022-03-10,19.38,19.45,18.81,18.88,1234674.55
2022-03-11,18.62,19.28,18.24,19.1,1546967.88
2022-03-14,18.74,19.12,18.68,18.76,812738.14
2022-03-15,18.6,18.88,17.81,17.92,1566993.77
2022-03-16,18.14,19.35,17.71,19.04,2310605.91
2022-03-17,19.24,19.5,18.88,18.94,1628894.29
2022-03-18,19.01,19.61,18.84,19.61,1450580.17
2022-03-21,19.27,19.3,18.88,19.02,1182435.08
2022-03-22,18.92,19.25,18.91,19.06,664789.56
2022-03-23,19.13,19.15,18.96,19.05,549514.73
2022-03-24,18.9,19.09,18.85,18.9,540818.59
2022-03-25,18.85,19.04,18.58,18.62,616371.17
2022-03-28,18.45,18.83,18.34,18.7,650026.36
2022-03-29,18.8,18.85,18.45,18.51,532347.44
2022-03-30,18.67,19.34,18.67,19.26,1340412.92
2022-03-31,19.09,19.21,19.01,19.1,688174.8
2022-04-01,18.93,19.48,18.9,19.3,1000267.55
2022-04-06,19.11,19.32,19.04,19.3,667070.2
2022-04-07,19.19,19.36,18.9,18.9,724825.2
2022-04-08,18.98,19.3,18.8,19.27,950964.52
2022-04-11,19.18,19.19,18.64,18.71,889096.51
2022-04-12,18.71,19.56,18.68,19.29,1156969.31
2022-04-13,19.01,19.25,18.87,18.92,928591.47
2022-04-14,19.1,19.38,19.03,19.17,992873.43
2022-04-15,19.1,19.29,18.96,19.09,770651.4
2022-04-18,18.88,18.88,18.37,18.55,925842.62
2022-04-19,18.56,18.66,18.38,18.48,573874.34
2022-04-20,18.43,18.53,18.16,18.2,712133.21
2022-04-21,18.14,18.5,18.02,18.13,836544.66
2022-04-22,17.99,18.3,17.94,18.17,739040.89
2022-04-25,17.81,18.24,17.56,17.58,1051415.43
2022-04-26,17.58,17.65,16.64,16.75,1458886.06
2022-04-27,16.54,17.36,16.46,17.19,1036627.52
2022-04-28,17.05,17.22,16.86,17.16,783358.59
2022-04-29,17.62,18.17,17.3,18.0,1571357.92
2022-05-05,17.8,17.98,17.71,17.71,818892.2
2022-05-06,17.37,17.51,17.18,17.18,669163.13
2022-05-09,17.14,17.27,17.05,17.12,422020.96
2022-05-10,16.92,17.53,16.89,17.38,695686.52
2022-05-11,17.41,17.84,17.33,17.49,976801.57
2022-05-12,17.38,17.71,17.35,17.45,532809.22
2022-05-13,17.55,17.68,17.44,17.63,561558.15
2022-05-16,17.76,17.8,17.36,17.43,591295.9
2022-05-17,17.49,17.78,17.37,17.66,600073.5
2022-05-18,17.71,17.91,17.64,17.84,772862.35
2022-05-19,17.6,17.77,17.55,17.71,488008.51
2022-05-20,17.88,18.15,17.84,18.05,921752.56
2022-05-23,17.97,18.1,17.82,18.01,577126.88
2022-05-24,17.99,18.04,17.58,17.59,628092.26
2022-05-25,17.6,17.77,17.56,17.65,433263.43
2022-05-26,17.67,18.05,17.56,17.93,660404.47
2022-05-27,17.99,18.1,17.82,17.92,551474.02
2022-05-30,17.99,18.06,17.78,17.82,514139.1
2022-05-31,17.81,18.12,17.76,18.09,740462.78
2022-06-01,18.1,18.19,17.82,17.92,585778.22
2022-06-02,17.81,18.07,17.68,17.99,730835.18
2022-06-06,17.92,18.34,17.81,18.24,1065212.97
2022-06-07,18.22,18.66,18.17,18.38,1218894.07
2022-06-08,18.45,18.7,18.33,18.61,1123418.51
2022-06-09,18.62,18.98,18.42,18.49,1126432.88
2022-06-10,18.37,19.13,18.32,19.0,1378415.52
2022-06-13,18.72,18.81,18.38,18.53,1199707.88
2022-06-14,18.28,19.33,17.92,19.3,2041707.69
2022-06-15,19.38,20.79,19.37,19.99,3870782.32
2022-06-16,19.92,19.92,19.01,19.03,2456361.72
2022-06-17,18.83,19.42,18.69,19.03,1477400.14
2022-06-20,19.0,19.26,18.8,18.94,1123383.63
2022-06-21,18.89,19.37,18.88,19.2,1303470.41
2022-06-22,19.24,19.41,18.9,18.98,1087037.54
2022-06-23,18.95,20.38,18.94,19.9,2189825.35
2022-06-24,19.96,20.09,19.64,19.77,1353484.61
2022-06-27,19.88,20.14,19.74,19.93,1147774.07
2022-06-28,19.88,20.1,19.47,19.88,1307241.62
2022-06-29,19.73,19.97,19.53,19.57,1024873.81
2022-06-30,19.6,20.06,19.6,19.8,1050793.72
2022-07-01,19.83,19.87,19.42,19.51,762405.24
2022-07-04,19.51,19.62,19.1,19.6,974438.65
2022-07-05,19.61,19.79,19.11,19.34,978337.58
2022-07-06,19.24,19.4,19.06,19.12,782231.68
2022-07-07,19.13,19.26,19.05,19.09,565501.16
2022-07-08,19.16,19.21,18.86,18.89,709285.16
2022-07-11,18.76,18.81,18.42,18.46,1019753.91
2022-07-12,18.51,18.67,18.39,18.48,728403.83
2022-07-13,18.48,18.64,18.42,18.48,544023.74
2022-07-14,18.45,18.48,18.28,18.3,565378.24
2022-07-15,18.28,18.43,17.89,17.89,844822.29
2022-07-18,17.96,18.25,17.96,18.16,622302.3
2022-07-19,18.16,18.35,18.01,18.24,567337.51
2022-07-20,18.3,18.36,18.22,18.26,471607.29
2022-07-21,18.23,18.27,18.06,18.07,426832.4
2022-07-22,18.13,18.33,18.03,18.17,471389.43
2022-07-25,18.16,18.17,17.92,17.97,463478.69
2022-07-26,18.01,18.2,17.99,18.13,343845.6
2022-07-27,18.05,18.17,18.03,18.11,326734.54
2022-07-28,18.2,18.39,18.14,18.16,595376.17
2022-07-29,18.17,18.35,17.91,17.92,582421.66
2022-08-01,17.87,17.88,17.59,17.68,561559.71
2022-08-02,17.46,17.46,17.0,17.18,956124.27
2022-08-03,17.18,17.36,17.09,17.14,561538.09
2022-08-04,17.19,17.39,17.17,17.22,619833.48
2022-08-05,17.25,17.67,17.21,17.64,702521.7
2022-08-08,17.57,17.81,17.54,17.76,470862.63
2022-08-09,17.73,17.95,17.68,17.71,505544.49
2022-08-10,17.74,18.0,17.62,17.81,487223.45
2022-08-11,17.92,18.51,17.83,18.44,1397311.13
2022-08-12,18.28,18.43,18.23,18.34,741750.36
2022-08-15,18.24,18.45,18.18,18.24,502254.95
2022-08-16,18.28,18.38,18.2,18.23,371110.55
2022-08-17,18.27,18.54,18.11,18.46,776178.25
2022-08-18,18.37,18.46,18.25,18.3,371902.18
2022-08-19,18.32,18.45,18.24,18.26,373061.57
2022-08-22,18.21,18.39,18.19,18.24,362702.55
2022-08-23,18.24,18.45,18.11,18.19,515282.35
2022-08-24,18.18,18.42,17.82,17.86,768149.72
2022-08-25,17.88,18.54,17.83,18.39,961570.89
2022-08-26,18.5,18.52,18.17,18.22,648589.49
2022-08-29,18.11,18.32,18.04,18.19,399914.09
2022-08-30,18.18,18.32,17.85,18.08,609103.84
2022-08-31,17.99,18.56,17.96,18.33,889231.12
2022-09-01,18.2,18.32,18.01,18.13,530110.85
2022-09-02,18.13,18.3,17.94,18.07,446179.25
2022-09-05,18.0,18.17,17.92,18.1,430612.79
2022-09-06,18.13,18.32,18.11,18.3,599818.28
2022-09-07,18.22,18.27,18.13,18.19,319086.76
2022-09-08,18.22,18.35,18.14,18.14,374767.82
2022-09-09,18.17,18.71,18.15,18.58,1007420.74
2022-09-13,18.65,18.79,18.52,18.63,622301.31
2022-09-14,18.41,18.54,18.35,18.39,523532.43
2022-09-15,18.41,18.6,18.23,18.34,615972.12
2022-09-16,18.21,18.29,17.24,17.3,1918654.38
2022-09-19,17.24,17.43,17.2,17.3,658783.15
2022-09-20,17.34,17.44,17.21,17.3,447836.14
2022-09-21,17.2,17.42,17.13,17.31,481070.51
2022-09-22,17.17,17.36,17.15,17.27,327023.48
2022-09-23,17.25,17.38,17.14,17.24,376786.2
2022-09-26,17.13,17.2,16.91,16.93,477754.69
2022-09-27,17.0,17.08,16.75,16.97,596609.75
2022-09-28,16.87,16.91,16.58,16.64,544253.84
2022-09-29,16.77,16.78,16.27,16.34,568276.2
2022-09-30,16.33,16.5,16.31,16.36,412399.14
2022-10-10,16.23,16.54,16.2,16.28,444610.82
2022-10-11,16.35,16.58,16.22,16.33,393164.92
2022-10-12,16.33,16.74,16.25,16.71,562547.89
2022-10-13,16.64,16.69,16.52,16.63,414404.44
2022-10-14,16.78,17.09,16.74,16.97,621606.23
2022-10-17,16.91,17.14,16.87,17.08,395460.42
2022-10-18,17.11,17.19,17.0,17.07,375948.28
2022-10-19,17.06,17.16,16.96,17.0,435640.45
2022-10-20,16.95,17.24,16.93,17.0,462291.14
2022-10-21,17.27,17.38,17.04,17.09,702020.2
2022-10-24,17.21,17.42,16.59,16.68,852517.66
2022-10-25,16.72,16.88,16.4,16.47,736667.78
2022-10-26,16.44,16.76,16.39,16.47,695153.14
2022-10-27,16.51,16.73,16.48,16.53,512714.82
2022-10-28,16.46,16.57,16.11,16.17,594711.42
2022-10-31,16.15,16.38,16.0,16.16,618304.15
2022-11-01,16.23,16.81,16.21,16.81,834094.11
2022-11-02,16.62,16.93,16.6,16.82,651511.25
2022-11-03,16.77,16.79,16.58,16.65,377554.65
2022-11-04,16.63,17.27,16.63,17.14,862705.59
2022-11-07,17.05,17.28,17.01,17.16,598130.22
2022-11-08,17.19,17.27,17.02,17.17,372081.3
2022-11-09,17.16,17.29,17.09,17.14,333564.53
2022-11-10,17.06,17.42,17.02,17.31,617651.77
2022-11-11,17.85,18.03,17.57,17.81,1247937.78
2022-11-14,17.98,18.33,17.85,18.03,1340591.98
2022-11-15,17.95,18.87,17.95,18.6,1424833.17
2022-11-16,18.51,18.66,18.22,18.25,730207.55
2022-11-17,18.18,18.31,18.07,18.28,513618.01
2022-11-18,18.27,18.32,17.96,17.99,565864.83
2022-11-21,17.85,17.85,17.56,17.7,460381.06
2022-11-22,17.79,18.16,17.68,18.0,535087.75
2022-11-23,17.97,18.24,17.92,18.05,487637.3
2022-11-24,18.2,18.31,17.91,17.94,406164.59
2022-11-25,17.94,18.27,17.9,18.17,542374.5
2022-11-28,17.85,17.89,17.61,17.86,536798.28
2022-11-29,17.89,18.7,17.89,18.54,1212732.59
2022-11-30,18.46,18.87,18.43,18.62,1055676.45
2022-12-01,18.95,19.69,18.72,18.76,1979497.08
2022-12-02,18.79,18.91,18.54,18.63,585849.64
2022-12-05,18.92,19.61,18.92,19.56,1680805.67
2022-12-06,19.38,19.97,19.38,19.63,1251618.13
2022-12-07,19.57,19.71,19.25,19.34,760814.04
2022-12-08,19.3,19.46,19.16,19.26,632474.57
2022-12-09,19.3,19.5,19.03,19.39,844049.58
2022-12-12,19.2,19.3,18.94,19.01,694336.52
2022-12-13,19.07,19.25,18.98,19.07,597671.49
2022-12-14,19.11,19.44,18.94,19.29,590593.5
2022-12-15,19.21,19.35,19.02,19.04,433059.46
2022-12-16,18.99,19.33,18.96,19.17,594498.99
2022-12-19,19.22,19.35,18.65,18.75,682771.82
2022-12-20,18.69,18.88,18.37,18.51,488120.4
2022-12-21,18.63,18.64,18.48,18.54,295334.81
2022-12-22,18.79,18.84,18.57,18.66,468563.5
2022-12-23,18.53,18.76,18.48,18.59,354937.18
2022-12-26,18.55,18.7,18.43,18.48,342237.69
2022-12-27,18.6,18.94,18.5,18.92,596652.74
2022-12-28,18.84,18.93,18.75,18.83,313697.83
2022-12-29,18.69,18.77,18.44,18.58,483678.77
2022-12-30,18.64,18.93,18.64,18.7,448712.81
2023-01-03,18.58,18.76,18.18,18.69,692944.29
2023-01-04,18.73,18.97,18.69,18.93,492644.67
2023-01-05,19.07,19.3,18.98,19.2,780586.36
2023-01-06,19.1,19.26,19.02,19.17,503337.37
2023-01-09,19.3,19.63,19.25,19.4,786133.52
2023-01-10,19.35,19.5,19.17,19.2,479810.44
2023-01-11,19.25,19.33,18.96,19.1,552667.59
2023-01-12,19.15,19.23,18.99,19.22,387843.06
2023-01-13,19.22,19.49,19.04,19.49,828639.02
2023-01-16,19.52,20.65,19.41,20.23,2366243.01
2023-01-17,20.07,20.35,20.01,20.32,807047.44
2023-01-18,20.2,20.38,20.08,20.08,593368.99
2023-01-19,20.03,20.32,19.97,20.31,678179.6
2023-01-20,20.33,20.38,20.05,20.35,710779.74
2023-01-30,20.9,20.94,20.16,20.3,1278231.54
2023-01-31,20.41,20.5,20.0,20.11,829062.82
2023-02-01,20.18,20.83,20.11,20.75,1005566.16
2023-02-02,21.11,21.12,20.1,20.13,1943691.52
2023-02-03,20.01,20.08,19.78,20.06,819820.31
2023-02-06,19.87,19.87,19.54,19.58,788730.41
2023-02-07,19.68,19.75,19.56,19.63,416285.82
2023-02-08,19.64,19.71,19.55,19.6,307494.74
2023-02-09,19.57,19.88,19.54,19.88,505692.13
2023-02-10,19.82,19.82,19.61,19.69,389885.99
2023-02-13,19.56,19.75,19.49,19.66,470592.16
2023-02-14,19.72,19.74,19.5,19.65,378261.03
2023-02-15,19.62,19.69,19.45,19.49,441502.35
2023-02-16,19.51,19.77,19.16,19.32,754672.0
2023-02-17,19.3,19.4,19.0,19.01,534649.14
2023-02-20,19.23,19.82,19.17,19.76,965455.41
2023-02-21,19.66,19.88,19.62,19.81,717271.65
2023-02-22,19.72,19.82,19.47,19.54,690167.39
2023-02-23,19.55,19.89,19.55,19.75,694632.59
2023-02-24,19.77,19.81,19.34,19.34,760295.28
2023-02-27,19.14,19.29,19.07,19.2,374362.02
2023-02-28,19.25,19.41,19.11,19.4,418406.1
2023-03-01,19.36,19.72,19.28,19.63,570920.49
2023-03-02,19.57,19.71,19.52,19.61,395711.72
2023-03-03,19.65,19.94,19.58,19.88,710361.41
2023-03-06,19.89,19.9,19.38,19.43,877478.83
2023-03-07,19.4,19.87,19.23,19.26,1201097.55
2023-03-08,19.15,19.21,19.02,19.12,676840.41
2023-03-09,19.2,19.26,19.03,19.05,442348.94
2023-03-10,18.9,18.94,18.7,18.78,587130.24
2023-03-13,18.79,18.95,18.74,18.91,446131.33
2023-03-14,18.81,18.83,18.49,18.65,568961.29
2023-03-15,18.82,18.88,18.73,18.83,495210.98
2023-03-16,18.64,18.87,18.63,18.7,472923.2
2023-03-17,18.83,19.25,18.83,18.94,881548.24
2023-03-20,18.94,19.18,18.79,18.83,651845.2
2023-03-21,18.91,19.11,18.83,18.98,438534.65
2023-03-22,19.07,19.14,18.94,19.07,539982.5
2023-03-23,18.94,19.25,18.91,19.25,509006.85
2023-03-24,19.22,19.34,19.13,19.27,428716.24
2023-03-27,19.27,19.34,19.04,19.16,513916.65
2023-03-28,19.2,19.25,19.07,19.15,380341.4
2023-03-29,19.24,19.25,18.88,18.98,481010.74
2023-03-30,18.94,19.37,18.84,19.24,576890.81
2023-03-31,19.17,19.34,19.13,19.24,390270.74
2023-04-03,19.24,19.77,19.23,19.72,1285585.35
2023-04-04,19.72,19.87,19.63,19.79,992535.93
2023-04-06,19.77,19.8,19.55,19.62,566801.74
2023-04-07,19.63,20.05,19.56,19.88,789998.64
2023-04-10,20.02,20.16,19.77,19.84,849665.04
2023-04-11,19.96,20.39,19.95,20.04,1161389.94
2023-04-12,20.04,20.18,19.94,20.04,612833.48
2023-04-13,19.93,19.94,19.66,19.67,647184.39
2023-04-14,19.73,19.85,19.56,19.68,481024.98
2023-04-17,19.68,20.46,19.64,20.46,1624228.06
2023-04-18,20.45,20.59,20.29,20.41,990578.68
2023-04-19,20.39,20.41,20.12,20.18,658683.89
2023-04-20,20.11,20.28,20.03,20.24,568483.92
2023-04-21,20.21,20.23,19.54,19.55,952917.29
2023-04-24,19.53,19.63,19.25,19.37,712966.72
2023-04-25,19.35,19.63,19.25,19.46,745540.55
2023-04-26,19.35,19.5,19.24,19.38,651940.27
2023-04-27,19.35,19.82,19.28,19.75,886400.57
2023-04-28,19.52,19.94,19.28,19.74,1268278.7
2023-05-04,19.56,20.16,19.27,19.98,1070272.4
2023-05-05,20.07,20.88,20.05,20.6,2183065.83
2023-05-08,20.48,21.58,20.33,21.31,2838762.18
2023-05-09,21.49,22.46,21.32,21.36,4023735.94
2023-05-10,21.13,21.28,20.45,20.56,2103399.84
2023-05-11,20.59,20.77,20.4,20.48,830926.68
2023-05-12,20.44,20.55,20.13,20.19,851290.8
2023-05-15,20.17,20.57,19.8,20.49,1122918.16
2023-05-16,20.48,20.8,20.36,20.48,804855.15
2023-05-17,20.38,20.57,20.24,20.34,483319.83
2023-05-18,20.35,20.68,20.29,20.35,604723.52
2023-05-19,20.29,20.29,19.92,20.0,766752.84
2023-05-22,19.98,20.16,19.92,20.01,484949.21
2023-05-23,19.99,20.02,19.58,19.58,773845.7
2023-05-24,19.57,19.57,19.03,19.05,1090076.51
2023-05-25,18.98,19.12,18.88,19.09,660117.39
2023-05-26,19.09,19.25,18.94,19.13,457692.69
2023-05-29,19.12,19.2,18.99,19.11,500162.71
2023-05-30,19.15,19.22,18.88,19.12,655883.11
2023-05-31,19.07,19.07,18.74,18.83,982477.98
2023-06-01,18.83,19.08,18.75,18.88,750125.46
2023-06-02,18.93,19.04,18.89,18.96,882619.78
2023-06-05,18.97,18.99,18.77,18.79,613004.47
2023-06-06,18.79,18.98,18.6,18.63,740980.24
2023-06-07,18.65,18.82,18.61,18.66,476802.78
2023-06-08,18.67,19.06,18.54,18.97,771346.35
2023-06-09,18.96,19.07,18.86,18.96,510678.4
2023-06-12,18.93,18.95,18.63,18.65,897547.22
2023-06-13,18.61,18.79,18.61,18.77,509989.73
2023-06-14,18.79,19.03,18.77,18.79,756191.25
2023-06-15,18.91,19.12,18.81,19.07,830879.22
2023-06-16,19.1,19.19,18.99,19.15,702425.66
2023-06-19,19.14,19.14,18.87,18.93,679583.05
2023-06-20,18.93,18.98,18.79,18.84,601378.78
2023-06-21,18.81,18.87,18.62,18.65,512317.79
2023-06-26,18.47,18.47,18.11,18.12,833980.03
2023-06-27,18.13,18.37,18.13,18.31,376665.67
2023-06-28,18.29,18.35,18.19,18.32,384116.65
2023-06-29,18.31,18.38,18.19,18.26,295885.77
2023-06-30,18.24,18.7,18.24,18.58,518329.42
2023-07-03,18.6,19.15,18.58,19.01,871629.47
2023-07-04,18.96,19.17,18.94,19.05,462443.64
2023-07-05,19.03,19.11,18.93,18.93,343733.12
2023-07-06,18.79,19.0,18.76,18.83,421413.42
2023-07-07,18.76,19.01,18.71,18.91,415074.06
2023-07-10,18.94,19.06,18.81,18.9,339428.21
2023-07-11,18.97,19.07,18.93,19.01,353911.25
2023-07-12,19.04,19.08,18.84,18.86,315571.68
2023-07-13,18.96,19.29,18.96,19.23,803792.78
2023-07-14,19.28,19.33,19.15,19.26,445110.52
2023-07-17,19.2,19.2,18.97,19.05,349438.94
2023-07-18,19.14,19.15,18.97,19.06,274262.49
2023-07-19,18.92,19.19,18.92,19.17,387182.39
2023-07-20,19.26,19.3,19.06,19.07,441117.94
2023-07-21,19.07,19.32,19.04,19.12,445414.99
2023-07-24,18.94,19.35,18.93,19.15,396660.69
2023-07-25,20.01,20.43,19.72,20.27,2590024.92
2023-07-26,20.24,20.48,20.14,20.46,1284301.79
2023-07-27,20.45,20.64,20.17,20.21,916243.31
2023-07-28,20.17,22.23,20.16,22.23,4413377.21
2023-07-31,22.83,23.36,22.45,22.64,4465017.05
2023-08-01,22.45,22.8,21.96,22.23,2738399.09
2023-08-02,22.24,23.1,22.21,22.4,2239608.26
2023-08-03,22.98,23.33,22.35,22.95,2633857.3
2023-08-04,23.48,24.52,23.0,23.2,4677812.68
2023-08-07,22.81,23.37,22.46,23.27,1919689.37
2023-08-08,22.94,23.86,22.43,23.39,2488179.53
2023-08-09,23.14,23.67,23.04,23.4,1639236.47
2023-08-10,23.39,23.67,23.25,23.67,1872111.47
2023-08-11,23.46,23.46,22.52,22.64,2801687.51
2023-08-14,22.07,22.76,22.07,22.31,1938486.14
2023-08-15,22.29,22.68,22.2,22.65,1491247.26
2023-08-16,22.32,23.14,22.02,22.55,1453083.38
2023-08-17,22.36,22.76,22.07,22.5,1330954.69
2023-08-18,22.79,23.32,22.52,22.52,1600767.31
2023-08-21,22.23,22.32,21.5,21.55,2116637.89
2023-08-22,21.82,22.05,21.51,21.81,1277266.98
2023-08-23,21.71,21.83,21.41,21.42,752343.09
2023-08-24,21.61,22.47,21.56,22.13,1556384.16
2023-08-25,22.05,22.68,21.9,22.48,1343605.45
2023-08-28,24.72,24.72,22.7,22.82,5056353.93
2023-08-29,22.42,22.78,21.97,22.43,2511461.31
2023-08-30,22.43,22.43,21.61,21.64,2316335.1
2023-08-31,21.64,21.79,21.28,21.3,1216413.95
2023-09-01,21.41,21.73,21.31,21.47,998386.12
2023-09-04,21.59,21.83,21.39,21.65,992209.64
2023-09-05,21.55,21.55,21.33,21.47,646907.5
2023-09-06,21.33,21.41,21.07,21.23,977956.53
2023-09-07,21.23,21.51,21.11,21.22,857824.04
2023-09-08,21.13,21.41,20.89,21.34,735700.94
2023-09-11,21.39,21.85,21.21,21.68,1127081.54
2023-09-12,21.59,21.7,21.45,21.48,655933.93
2023-09-13,21.53,21.54,21.28,21.37,558953.03
2023-09-14,21.36,21.47,21.26,21.38,559796.79
2023-09-15,21.43,21.47,21.06,21.15,749102.46
2023-09-18,21.06,21.25,20.93,21.24,597284.33
2023-09-19,21.24,21.25,21.07,21.12,479371.79
2023-09-20,21.09,21.15,20.84,21.01,393267.42
2023-09-21,20.93,21.13,20.84,20.84,493029.07
2023-09-22,20.81,21.73,20.79,21.69,1278376.8
2023-09-25,21.56,21.56,20.96,21.01,1036854.07
2023-09-26,20.98,21.24,20.94,21.08,571625.93
2023-09-27,21.02,21.28,21.02,21.13,583678.37
2023-09-28,21.17,21.26,20.77,20.78,854425.72
2023-10-09,20.55,20.85,20.23,20.8,707714.49
2023-10-10,20.92,20.97,20.54,20.56,405554.03
2023-10-11,20.7,20.79,20.58,20.63,393845.79
2023-10-12,20.99,21.08,20.77,20.87,577071.14
2023-10-13,20.7,20.76,20.59,20.64,375228.25
2023-10-16,20.6,20.83,20.45,20.63,424367.1
2023-10-17,20.71,21.29,20.63,21.06,857708.86
2023-10-18,20.92,21.14,20.87,20.97,469290.87
2023-10-19,20.82,21.04,20.64,20.68,790916.78
2023-10-20,20.56,20.86,20.53,20.65,654233.51
2023-10-23,20.49,20.6,20.19,20.32,546026.24
2023-10-24,20.43,20.89,20.38,20.74,765612.97
2023-10-25,21.03,21.2,20.84,20.95,784530.63
2023-10-26,20.83,21.01,20.63,20.91,530431.93
2023-10-27,20.78,21.28,20.53,21.13,929863.43
2023-10-30,20.97,20.99,20.46,20.72,1028837.41
2023-10-31,20.7,20.97,20.62,20.83,672833.93
2023-11-01,21.04,21.14,20.62,20.84,581701.19
2023-11-02,20.84,20.98,20.6,20.65,482603.39
2023-11-03,20.65,21.01,20.55,20.97,895102.65
2023-11-06,21.63,22.1,21.35,21.9,1935126.23
2023-11-07,21.69,21.99,21.66,21.86,966080.33
2023-11-08,21.85,21.89,21.5,21.66,918893.93
2023-11-09,21.55,21.69,21.39,21.54,610135.94
2023-11-10,21.44,21.63,21.39,21.54,567731.78
2023-11-13,21.54,21.56,21.31,21.38,532958.12
2023-11-14,21.4,22.02,21.39,21.7,1105527.08
2023-11-15,21.96,21.99,21.6,21.68,728542.76
2023-11-16,21.68,21.78,21.51,21.52,462100.73
2023-11-17,21.42,21.6,21.33,21.6,484639.24
2023-11-20,21.59,21.6,21.17,21.44,588281.87
2023-11-21,21.55,21.91,21.45,21.53,744222.36
2023-11-22,21.4,21.56,21.3,21.31,364602.55
2023-11-23,21.31,21.38,21.03,21.33,498746.4
2023-11-24,21.29,21.33,21.13,21.15,465399.72
2023-11-27,21.1,21.11,20.63,20.81,820898.81
2023-11-28,20.8,20.89,20.64,20.73,463397.88
2023-11-29,20.78,20.78,20.43,20.53,498813.25
2023-11-30,20.53,20.62,20.41,20.58,477454.35
2023-12-01,20.54,20.74,20.44,20.68,494454.65
2023-12-04,20.63,20.74,20.53,20.54,374544.14
2023-12-05,20.47,20.6,20.24,20.27,477292.12
2023-12-06,20.23,20.32,20.1,20.1,463646.81
2023-12-07,20.05,20.27,19.97,20.17,431003.53
2023-12-08,20.16,20.3,20.1,20.1,468350.44
2023-12-11,19.95,20.38,19.75,20.35,717468.51
2023-12-12,20.21,20.34,20.17,20.27,418151.43
2023-12-13,20.26,20.26,19.86,19.87,667977.48
2023-12-14,19.95,20.02,19.65,19.66,547770.09
2023-12-15,19.73,19.96,19.61,19.63,589352.07
2023-12-18,19.57,19.75,19.49,19.61,422359.14
2023-12-19,19.6,19.8,19.53,19.8,485472.23
2023-12-20,19.77,19.78,19.32,19.34,614280.51
2023-12-21,19.29,19.52,19.21,19.44,532444.09
2023-12-22,19.38,19.56,19.2,19.45,530620.26
2023-12-25,19.36,19.47,19.18,19.19,497956.94
2023-12-26,19.19,19.23,18.93,19.04,402623.36
2023-12-27,19.02,19.26,18.82,19.09,631841.78
2023-12-28,19.02,19.62,19.0,19.54,872079.98
2023-12-29,19.5,19.7,19.45,19.54,644382.37
2024-01-02,19.55,19.57,19.24,19.25,587765.14
2024-01-03,19.19,19.43,19.17,19.36,547513.55
2024-01-04,19.3,19.34,19.03,19.19,503918.05
2024-01-05,19.14,19.36,18.86,18.98,696147.77
2024-01-08,18.92,19.05,18.61,18.63,625670.92
2024-01-09,18.63,18.76,18.54,18.67,458458.33
2024-01-10,18.66,18.83,18.48,18.67,525960.63
2024-01-11,18.69,18.86,18.55,18.8,447933.13
2024-01-12,18.71,18.93,18.66,18.72,397471.1
2024-01-15,18.57,18.89,18.54,18.69,338557.97
2024-01-16,18.66,18.82,18.44,18.78,580083.93
2024-01-17,18.71,18.73,18.44,18.44,561490.64
2024-01-18,18.29,18.74,18.01,18.7,1121366.44
2024-01-19,18.51,18.78,18.47,18.68,691141.36
2024-01-22,18.61,18.77,18.15,18.35,984470.57
2024-01-23,18.27,19.14,18.17,18.97,1152869.6
2024-01-24,19.07,19.78,18.81,19.68,1453992.72
2024-01-25,19.51,19.86,19.31,19.72,1542793.9
2024-01-26,19.57,20.22,19.48,19.98,1482556.77
2024-01-29,19.88,20.04,19.69,19.74,893544.35
2024-01-30,19.62,19.95,19.45,19.61,900566.71
2024-01-31,19.52,19.88,19.43,19.66,793197.7
2024-02-01,19.47,19.93,19.45,19.61,765050.57
2024-02-02,19.61,19.68,18.87,19.36,1022181.52
2024-02-05,19.26,19.68,18.95,19.36,996990.61
2024-02-06,19.34,20.36,19.19,20.28,1210245.53
2024-02-07,20.16,20.41,20.05,20.32,1121725.68
2024-02-08,20.43,20.65,20.22,20.38,1009395.81
2024-02-19,20.26,20.26,19.71,20.0,952239.3
2024-02-20,19.89,20.31,19.84,20.13,888628.66
2024-02-21,20.05,20.83,19.96,20.51,1287129.79
2024-02-22,20.4,20.91,20.37,20.84,1094040.58
2024-02-23,20.85,20.89,20.59,20.64,777535.85
2024-02-26,20.66,20.75,20.44,20.47,646413.53
2024-02-27,20.45,20.6,20.37,20.59,810284.01
2024-02-28,20.64,20.85,20.14,20.14,1172924.56
2024-02-29,20.14,20.48,20.1,20.43,963922.97
2024-03-01,20.43,20.57,20.24,20.45,723936.08
2024-03-04,20.46,20.49,20.2,20.3,590708.56
2024-03-05,20.17,20.37,20.16,20.32,790444.86
2024-03-06,20.31,20.53,20.17,20.24,654450.62
2024-03-07,20.21,20.34,19.87,19.96,892485.71
2024-03-08,19.95,20.05,19.87,19.95,465432.89
2024-03-11,20.04,20.34,20.02,20.33,758368.58
2024-03-12,20.43,20.58,20.3,20.53,820888.24
2024-03-13,20.53,20.56,20.19,20.21,635468.08
2024-03-14,20.15,20.3,19.87,19.95,675060.33
2024-03-15,19.87,20.04,19.75,20.02,608803.9
2024-03-18,20.04,20.56,20.02,20.39,1026789.63
2024-03-19,20.36,20.36,19.96,19.98,724656.89
2024-03-20,19.92,20.12,19.9,19.99,479502.21
2024-03-21,20.02,20.31,19.95,19.98,680561.23
2024-03-22,19.98,20.02,19.61,19.66,766249.05
2024-03-25,18.99,19.11,18.71,18.71,1799742.02
2024-03-26,18.62,18.82,18.62,18.8,763998.35
2024-03-27,18.72,18.74,18.53,18.56,687822.49
2024-03-28,18.51,18.73,18.45,18.52,1037014.95
2024-03-29,18.49,18.49,18.32,18.42,867230.88
2024-04-01,18.51,18.65,18.51,18.62,907086.76
2024-04-02,18.63,18.68,18.49,18.52,688563.39
2024-04-03,18.49,18.5,18.35,18.38,530948.35
2024-04-08,18.23,18.29,18.01,18.15,724599.54
2024-04-09,18.13,18.27,18.11,18.16,448793.26
2024-04-10,18.12,18.14,17.6,17.66,975998.33
2024-04-11,17.59,17.77,17.54,17.59,612759.15
2024-04-12,17.6,17.67,17.17,17.21,1057567.34
2024-04-15,16.79,17.19,16.56,17.02,1799116.56
2024-04-16,16.8,17.27,16.77,16.91,1249251.93
2024-04-17,16.86,17.37,16.74,17.36,1205475.41
2024-04-18,17.28,17.78,17.25,17.47,1349376.11
2024-04-19,17.36,17.55,17.32,17.39,782309.86
2024-04-22,17.39,17.79,17.39,17.54,779616.23
2024-04-23,17.57,17.68,17.46,17.53,665688.08
2024-04-24,17.51,17.58,17.31,17.53,548569.52
2024-04-25,17.51,17.57,17.37,17.44,516678.56
2024-04-26,17.79,18.48,17.62,18.38,2255741.37
2024-04-29,18.39,18.72,18.27,18.59,1886652.03
2024-04-30,18.47,18.57,18.18,18.24,1022409.96
2024-05-06,18.47,18.66,18.34,18.43,1078318.15
2024-05-07,18.42,18.47,18.29,18.34,659792.47
2024-05-08,18.25,18.32,17.99,18.01,783102.6
2024-05-09,18.06,18.25,18.05,18.14,742667.02
2024-05-10,18.17,18.36,18.08,18.28,905793.71
2024-05-13,18.25,18.35,18.0,18.21,814225.38
2024-05-14,18.24,18.25,18.06,18.24,669018.54
2024-05-15,18.28,18.31,17.98,17.99,774120.96
2024-05-16,18.03,18.21,17.98,18.01,605089.35
2024-05-17,18.01,18.44,17.97,18.41,1010141.01
2024-05-20,18.41,18.72,18.37,18.5,1325606.46
2024-05-21,18.45,18.57,18.37,18.46,565401.33
2024-05-22,18.42,18.57,18.37,18.52,644842.19
2024-05-23,18.43,18.48,18.07,18.1,863178.22
2024-05-24,18.03,18.15,17.77,17.83,726458.8
2024-05-27,17.84,18.0,17.78,17.97,583702.93
2024-05-28,17.92,18.14,17.84,17.86,470921.7
2024-05-29,17.8,18.03,17.8,17.89,379777.69
2024-05-30,17.83,17.92,17.7,17.8,475488.69
2024-05-31,17.88,18.07,17.82,17.86,519552.19
2024-06-03,17.79,17.8,17.6,17.68,585957.07
2024-06-04,17.68,17.85,17.68,17.8,486497.49
2024-06-05,17.77,17.91,17.77,17.78,451342.22
2024-06-06,17.82,17.92,17.68,17.74,592332.68
2024-06-07,17.79,17.84,17.46,17.63,571643.46
2024-06-11,17.54,17.73,17.54,17.59,452709.74
2024-06-12,17.56,17.63,17.53,17.54,415911.18
2024-06-13,17.55,17.61,17.46,17.52,461595.9
2024-06-14,17.5,18.01,17.46,17.87,1211654.0
2024-06-17,17.76,17.91,17.71,17.9,596441.31
2024-06-18,17.89,18.12,17.84,17.95,574729.66
2024-06-19,17.98,17.98,17.77,17.78,463448.91
2024-06-20,17.78,17.84,17.61,17.63,423174.17
2024-06-21,17.65,17.83,17.51,17.69,604170.22
2024-06-24,17.66,17.81,17.65,17.67,519766.54
2024-06-25,17.68,17.71,17.27,17.38,749159.15
2024-06-26,17.35,17.7,17.29,17.65,510173.06
2024-06-27,17.61,17.71,17.51,17.65,541512.68
2024-06-28,17.61,17.84,17.39,17.49,707386.08
2024-07-01,17.45,17.54,17.27,17.46,466209.88
2024-07-02,17.41,17.64,17.39,17.45,400206.89
2024-07-03,17.45,17.68,17.33,17.63,434343.63
2024-07-04,17.6,17.7,17.3,17.31,520144.43
2024-07-05,17.36,17.36,16.98,17.08,786783.98
2024-07-08,16.98,17.06,16.74,16.79,602172.54
2024-07-09,16.76,17.18,16.64,17.13,641411.61
2024-07-10,17.08,17.7,17.04,17.43,917487.65
2024-07-11,17.52,17.7,17.44,17.57,558238.33
2024-07-12,17.58,17.66,17.49,17.61,362181.8
2024-07-15,17.61,17.79,17.57,17.71,534401.39
2024-07-16,17.74,18.08,17.65,17.97,849411.79
2024-07-17,17.94,18.14,17.9,18.08,837771.83
2024-07-18,18.09,18.23,17.88,18.2,884103.84
2024-07-19,18.19,18.65,18.15,18.6,1591096.24
2024-07-22,19.18,19.42,18.77,19.37,3704494.92
2024-07-23,19.04,19.06,18.4,18.42,2571229.46
2024-07-24,18.29,18.51,18.0,18.11,1687897.15
2024-07-25,18.07,18.55,18.02,18.25,1306206.74
2024-07-26,18.15,18.74,18.1,18.48,1134245.35
2024-07-29,18.27,18.41,18.09,18.11,959430.51
2024-07-30,18.05,18.2,17.98,18.15,700062.92
2024-07-31,18.15,19.3,18.11,18.99,2253176.4
2024-08-01,18.75,19.01,18.72,18.78,1264389.39
2024-08-02,18.69,18.85,18.37,18.43,977031.87
2024-08-05,18.34,18.63,18.31,18.34,966170.14
2024-08-06,18.53,18.58,18.16,18.33,750600.05
2024-08-07,18.34,18.44,18.16,18.2,572450.73
2024-08-08,18.16,18.44,18.08,18.29,647324.98
2024-08-09,18.36,18.42,18.11,18.12,539984.02
2024-08-12,18.05,18.15,17.96,18.1,450725.81
2024-08-13,18.08,18.3,18.03,18.28,474724.46
2024-08-14,18.22,18.29,18.06,18.08,465023.25
2024-08-15,18.07,18.51,18.04,18.37,835145.0
2024-08-16,18.32,18.43,18.23,18.32,453321.3
2024-08-19,18.29,18.44,18.24,18.26,433058.42
2024-08-20,18.28,18.3,18.1,18.16,416586.17
2024-08-21,18.13,18.21,18.02,18.15,379241.59
2024-08-22,18.23,18.31,17.88,17.97,502415.48
2024-08-23,17.95,18.42,17.93,18.32,686558.77
2024-08-26,18.32,18.41,18.07,18.15,588412.79
2024-08-27,18.1,18.2,17.96,18.15,402102.54
2024-08-28,18.11,18.22,18.03,18.13,333700.73
2024-08-29,18.19,18.64,18.15,18.48,866324.08
2024-08-30,18.44,19.16,18.41,18.97,1421581.43
2024-09-02,18.87,18.88,18.6,18.61,653954.2
2024-09-03,18.6,18.93,18.6,18.8,508718.83
2024-09-04,18.74,18.97,18.74,18.8,467109.3
2024-09-05,18.74,18.86,18.66,18.79,523894.78
2024-09-06,19.12,19.26,18.73,18.74,1176128.17
2024-09-09,18.48,18.88,18.44,18.67,729014.85
2024-09-10,18.73,18.74,18.44,18.57,530734.12
2024-09-11,18.54,18.76,18.51,18.69,460407.86
2024-09-12,18.71,18.73,18.53,18.57,341255.96
2024-09-13,18.6,18.76,18.53,18.61,461499.92
2024-09-18,18.49,18.7,18.46,18.63,379326.07
2024-09-19,18.75,19.18,18.64,19.02,989388.52
2024-09-20,18.98,19.04,18.81,18.97,629197.01
2024-09-23,19.0,19.15,18.85,18.99,536510.89
2024-09-24,19.38,20.49,19.08,20.48,2869163.39
2024-09-25,20.94,21.42,20.7,20.81,3007318.23
2024-09-26,20.66,22.12,20.66,22.11,3093203.12
2024-09-27,23.01,24.32,22.32,24.32,2799347.18
2024-09-30,26.75,26.75,26.0,26.75,3949174.53
2024-10-08,29.43,29.43,29.43,29.43,1475213.4
2024-10-09,30.49,32.35,28.29,29.85,13514551.4
2024-10-10,28.62,29.25,27.03,27.29,7746704.12
2024-10-11,26.75,28.36,26.24,27.7,4859990.47
2024-10-14,27.51,27.52,25.64,27.01,4504190.82
2024-10-15,26.55,27.33,26.22,26.28,2781008.53
2024-10-16,25.68,26.69,25.64,25.97,2594892.05
2024-10-17,26.06,26.54,25.71,25.73,2065193.67
2024-10-18,25.69,28.3,25.67,27.45,5711829.02
2024-10-21,26.99,27.44,26.75,27.01,3633976.89
2024-10-22,27.03,27.45,26.87,27.21,2238020.73
2024-10-23,27.22,27.72,27.02,27.11,2793649.6
2024-10-24,26.95,27.25,26.66,26.83,1629022.54
2024-10-25,26.83,27.43,26.75,27.05,1665720.85
2024-10-28,27.06,27.15,26.89,27.04,1345731.95
2024-10-29,27.07,27.5,26.75,26.78,1868916.26
2024-10-30,26.8,27.32,26.72,27.01,1944753.16
2024-10-31,26.95,28.32,26.75,27.66,4095203.52
2024-11-01,27.66,28.15,27.38,27.49,2721581.67
2024-11-04,27.55,28.59,27.55,28.58,2742896.84
2024-11-05,28.75,30.48,28.22,29.97,4274423.77
2024-11-06,30.5,32.45,30.08,30.57,5450963.6
2024-11-07,30.0,33.62,30.0,33.62,4804505.23
2024-11-08,35.89,35.89,33.98,34.3,7454302.53
2024-11-11,33.0,35.01,32.55,34.3,5133058.43
2024-11-12,34.31,34.52,32.63,33.37,4145650.34
2024-11-13,32.45,32.94,31.93,32.38,3647055.39
2024-11-14,32.39,33.07,32.05,32.13,2554450.67
2024-11-15,32.13,32.45,30.6,30.62,3022570.08
2024-11-18,30.54,30.89,29.88,30.16,2450263.83
2024-11-19,30.19,31.0,29.98,30.78,2194106.12
2024-11-20,30.82,31.63,30.5,31.22,2172904.26
2024-11-21,31.0,31.59,30.86,31.36,1904305.9
2024-11-22,31.36,31.45,29.74,29.83,2305779.43
2024-11-25,29.83,30.0,28.66,29.17,2318101.13
2024-11-26,29.19,29.75,29.1,29.23,1365192.65
2024-11-27,29.2,29.79,29.0,29.78,1783033.9
2024-11-28,29.86,29.91,29.32,29.38,1281967.4
2024-11-29,29.39,31.35,29.26,30.24,2932909.11
2024-12-02,30.09,30.94,29.99,30.75,1932380.36
2024-12-03,30.75,30.94,30.19,30.57,1542309.2
2024-12-04,30.49,30.68,30.11,30.29,1178785.74
2024-12-05,30.19,30.73,30.14,30.39,1158933.31
2024-12-06,30.39,31.12,30.14,30.72,2054177.48
2024-12-09,30.63,30.86,30.24,30.61,1258571.7
2024-12-10,32.45,32.45,30.87,30.96,3066783.93
2024-12-11,30.91,31.2,30.64,30.82,1311479.87
2024-12-12,30.76,31.45,30.53,31.14,1694641.17
2024-12-13,30.82,30.83,29.87,29.92,2013226.45
2024-12-16,29.8,29.85,29.45,29.53,1263453.31
2024-12-17,29.51,30.14,29.42,29.73,1197166.03
2024-12-18,29.9,30.0,29.68,29.79,698694.46
2024-12-19,29.5,29.89,29.39,29.83,921467.87
2024-12-20,29.83,30.29,29.77,30.08,977712.48
2024-12-23,29.84,30.26,29.62,29.66,1045889.07
2024-12-24,29.66,30.12,29.64,30.06,1082009.42
2024-12-25,30.08,30.13,29.64,29.83,940862.26
2024-12-26,29.83,30.07,29.69,29.89,811411.98
2024-12-27,29.9,30.49,29.66,29.96,1792644.02
2024-12-30,29.84,30.27,29.74,30.24,1206691.05
2024-12-31,30.26,30.3,28.9,28.92,1980812.81
2025-01-02,28.73,28.75,26.93,27.21,2828487.33
2025-01-03,27.1,27.33,26.61,26.74,1839546.08
2025-01-06,26.57,26.87,26.29,26.82,1236877.1
2025-01-07,26.86,27.08,26.58,26.92,979724.05
2025-01-08,26.88,27.04,26.27,26.75,1192336.01
2025-01-09,26.7,26.88,26.57,26.66,630007.53
2025-01-10,26.7,26.84,26.23,26.23,800249.77
2025-01-13,25.93,26.36,25.93,26.28,660663.89
2025-01-14,26.39,27.52,26.32,27.46,1666249.23
2025-01-15,27.25,27.42,27.04,27.13,888639.84
2025-01-16,27.31,27.55,26.79,27.01,884583.84
2025-01-17,26.87,27.35,26.87,27.07,670562.5
2025-01-20,27.31,27.61,27.08,27.16,909528.04
2025-01-21,27.36,27.4,27.01,27.18,729069.52
2025-01-22,27.11,27.19,26.86,26.99,700670.82
2025-01-23,27.58,28.25,27.19,27.21,1624527.67
2025-01-24,27.19,27.5,27.1,27.3,969037.22
2025-01-27,27.39,27.41,26.69,26.7,886259.76
2025-02-05,27.03,27.03,26.61,26.72,786528.9
2025-02-06,26.67,27.22,26.61,27.13,1044841.62
2025-02-07,27.11,28.42,26.99,27.9,2157365.65
2025-02-10,27.92,28.05,27.72,27.91,1089052.79
2025-02-11,27.87,27.89,27.59,27.73,890392.31
2025-02-12,27.73,28.1,27.47,28.02,1159838.26
2025-02-13,28.02,28.32,27.76,27.88,1476616.69
2025-02-14,27.76,28.12,27.72,27.99,986332.25
2025-02-17,28.25,28.38,27.86,28.04,1208648.74
2025-02-18,27.94,27.98,27.22,27.3,1114981.04
2025-02-19,27.31,27.92,27.26,27.75,1000718.44
2025-02-20,27.69,27.82,27.48,27.65,712570.49
2025-02-21,27.65,28.36,27.47,28.21,1847404.34
2025-02-24,28.21,28.43,27.87,28.1,1197933.01
2025-02-25,27.86,27.97,27.48,27.59,1038603.61
2025-02-26,27.64,28.2,27.52,28.2,1393826.74
2025-02-27,27.98,28.25,27.59,27.99,1444799.96
2025-02-28,27.92,28.33,27.06,27.09,1594991.12
2025-03-03,27.19,27.56,26.97,27.12,1065089.81
2025-03-04,26.98,27.25,26.92,27.12,641731.2
2025-03-05,27.12,27.24,26.88,27.1,781856.46
2025-03-06,27.27,27.86,27.26,27.76,1562844.09
2025-03-07,27.56,27.65,27.28,27.34,957911.93
2025-03-10,27.26,27.26,26.9,27.0,904437.87
2025-03-11,26.77,27.07,26.68,27.06,779485.59
2025-03-12,27.06,27.48,26.95,27.06,975786.18
2025-03-13,27.01,27.21,26.75,26.86,860428.62
2025-03-14,26.99,28.21,26.9,27.83,2612083.8
2025-03-17,27.94,27.94,27.59,27.62,1040019.52
2025-03-18,27.72,27.87,27.6,27.71,684072.27
2025-03-19,27.69,27.85,27.59,27.69,677622.55
2025-03-20,27.69,27.71,27.37,27.44,641191.08
2025-03-21,27.36,27.47,26.81,26.85,977012.64
2025-03-24,26.85,26.96,26.77,26.95,668790.05
2025-03-25,26.96,26.98,26.77,26.79,539050.68
2025-03-26,26.79,26.87,26.71,26.75,564081.01
2025-03-27,26.71,26.92,26.48,26.67,725472.31
2025-03-28,26.75,26.8,26.5,26.57,658975.68
2025-03-31,26.49,26.61,26.07,26.29,797838.7
2025-04-01,26.29,26.43,26.16,26.21,596397.7
2025-04-02,26.17,26.38,26.12,26.31,456718.67
2025-04-03,26.07,26.49,26.07,26.21,558677.58
2025-04-07,24.78,24.95,23.59,23.81,2277299.85
2025-04-08,23.9,24.38,23.67,24.29,1718956.21
2025-04-09,24.23,24.9,23.94,24.67,1423351.72
2025-04-10,25.03,25.18,24.49,24.92,1227315.17
2025-04-11,24.91,25.37,24.81,25.14,932289.96
2025-04-14,25.22,25.27,24.99,25.01,635100.14
2025-04-15,24.97,24.99,24.72,24.89,562515.65
2025-04-16,24.87,25.03,24.55,24.93,662043.42
2025-04-17,24.83,25.03,24.75,24.95,481694.73
2025-04-18,24.84,25.03,24.78,24.93,476293.84
2025-04-21,24.85,25.06,24.77,25.01,441371.23
2025-04-22,24.98,25.08,24.86,24.86,459491.14
2025-04-23,25.01,25.06,24.82,24.91,483723.79
2025-04-24,24.9,25.03,24.73,24.78,519160.77
2025-04-25,24.88,25.11,24.86,24.98,670113.22
2025-04-28,24.98,24.99,24.78,24.91,440655.97
2025-04-29,24.92,24.98,24.74,24.79,462586.39
2025-04-30,24.86,25.06,24.8,24.86,514514.23
2025-05-06,25.06,25.46,24.98,25.29,819029.58
2025-05-07,26.05,26.19,25.39,25.45,1173234.26
2025-05-08,25.42,25.97,25.33,25.64,836747.44
2025-05-09,25.58,25.66,25.32,25.33,476958.37
2025-05-12,25.56,26.15,25.43,26.07,1314581.56
2025-05-13,26.27,26.32,25.83,25.86,796426.18
2025-05-14,25.82,27.5,25.78,26.83,2739056.37
2025-05-15,26.57,26.78,26.29,26.35,994564.56
2025-05-16,26.24,26.45,25.9,25.98,714799.98
2025-05-19,25.95,26.01,25.79,25.88,492746.31
2025-05-20,25.93,26.05,25.83,25.86,505240.73
2025-05-21,25.86,25.97,25.8,25.81,536492.25
2025-05-22,25.77,25.84,25.64,25.76,443994.58
2025-05-23,25.7,25.92,25.44,25.45,664481.83
2025-05-26,25.43,25.55,25.31,25.4,450698.98
2025-05-27,25.37,25.41,25.2,25.29,435104.92
2025-05-28,25.32,25.36,25.14,25.2,354733.27
2025-05-29,25.19,25.57,25.19,25.48,542716.35
2025-05-30,25.36,25.43,25.15,25.3,549770.72
2025-06-03,25.18,25.56,25.14,25.37,549946.39
2025-06-04,25.36,25.82,25.34,25.66,639143.01
2025-06-05,25.69,26.0,25.64,25.95,852045.55
2025-06-06,25.95,26.05,25.72,25.75,504053.65
2025-06-09,25.85,26.3,25.85,26.2,908769.94
2025-06-10,26.2,26.26,25.6,25.72,735343.7
2025-06-11,25.82,26.47,25.77,26.15,1032665.58
2025-06-12,25.94,26.45,25.83,26.21,748015.14
2025-06-13,26.12,26.21,25.95,26.07,737265.26
2025-06-16,25.97,26.52,25.94,26.45,780961.24
2025-06-17,26.44,26.49,26.29,26.47,514967.64
2025-06-18,26.47,26.48,26.02,26.15,523047.69
2025-06-19,26.12,26.19,25.64,25.68,652146.7
2025-06-20,25.68,25.82,25.66,25.66,419924.36
2025-06-23,25.56,26.07,25.53,26.0,552357.75
2025-06-24,26.05,26.83,26.03,26.68,1364249.65
2025-06-25,26.71,27.95,26.62,27.79,2856361.22
2025-06-26,27.74,27.82,27.31,27.33,1669402.28
2025-06-27,27.41,28.21,27.26,27.34,1776584.92
2025-06-30,27.37,27.61,27.11,27.38,968626.49
2025-07-01,27.39,27.54,27.07,27.15,707623.48
2025-07-02,27.16,27.28,26.99,27.04,575250.52
2025-07-03,27.15,27.51,27.12,27.43,725989.17
2025-07-04,27.36,27.81,27.11,27.42,1021393.72
2025-07-07,27.29,27.67,27.25,27.55,572223.77
2025-07-08,27.48,27.84,27.47,27.78,845803.24
2025-07-09,27.78,28.01,27.52,27.57,807702.1
2025-07-10,27.54,28.17,27.48,27.98,1421972.16
2025-07-11,28.08,29.04,27.92,28.41,2465015.48
2025-07-14,28.52,28.57,28.13,28.16,1009297.23
2025-07-15,28.2,28.37,27.84,27.99,943268.37
2025-07-16,27.99,28.08,27.66,27.84,761523.58
2025-07-17,27.83,28.13,27.77,28.0,639997.06
2025-07-18,28.05,28.21,27.92,28.09,666698.3
2025-07-21,28.2,28.76,28.09,28.65,1329004.64
2025-07-22,28.65,28.83,28.29,28.68,1121874.41
2025-07-23,28.76,29.8,28.75,29.52,2887813.18
2025-07-24,29.3,30.02,29.22,29.78,2097840.96
2025-07-25,29.83,29.96,29.35,29.44,1213934.84
2025-07-28,29.47,30.17,29.38,29.7,1257925.47
2025-07-29,29.54,29.73,29.19,29.69,1229931.05
2025-07-30,29.64,30.07,29.19,29.52,1268808.6
2025-07-31,29.33,29.64,28.6,28.77,1413395.21
2025-08-01,28.75,28.95,28.45,28.5,963890.8
2025-08-04,28.4,28.74,28.35,28.66,713717.56
2025-08-05,28.71,29.03,28.63,28.93,913588.52
2025-08-06,28.85,29.01,28.71,28.91,739240.34
2025-08-07,28.96,29.19,28.69,28.86,880056.36
2025-08-08,28.85,28.86,28.57,28.63,654561.37
2025-08-11,28.64,29.39,28.64,29.12,1267734.99
2025-08-12,29.18,29.31,29.06,29.22,820512.6
2025-08-13,29.39,29.8,29.07,29.36,2000478.66
2025-08-14,29.45,29.94,29.31,29.39,1861877.03
2025-08-15,29.39,31.24,29.25,30.83,4008066.1
2025-08-18,30.92,32.02,30.63,31.42,3566481.88
2025-08-19,31.23,31.55,30.67,30.75,1968582.62
2025-08-20,30.63,30.89,30.09,30.88,1858230.25
2025-08-21,31.08,31.15,30.45,30.61,1379012.68
2025-08-22,30.6,31.94,30.59,31.92,2704919.8
2025-08-25,32.5,32.53,31.63,32.14,2514491.82
2025-08-26,31.94,32.09,31.63,31.68,1399982.82
2025-08-27,31.67,32.08,30.87,30.89,2094916.95
2025-08-28,30.9,31.5,30.69,31.5,1639483.78
2025-08-29,31.7,32.08,31.35,31.48,2486871.07
2025-09-01,31.49,31.55,30.9,31.17,1708743.07
2025-09-02,31.2,31.33,30.66,30.78,1700845.91
2025-09-03,30.97,31.07,29.52,29.79,1884760.82
2025-09-04,29.76,29.91,29.2,29.56,1815806.53
2025-09-05,29.57,29.85,29.33,29.83,1333730.6
2025-09-08,29.8,29.8,29.35,29.45,1551198.17
2025-09-09,29.45,29.74,29.38,29.52,1179284.05
2025-09-10,29.57,29.69,29.34,29.48,884048.43
2025-09-11,29.39,30.33,29.3,30.33,1863990.77
2025-09-12,30.36,30.43,29.7,29.78,1479843.24
2025-09-15,29.86,30.15,29.42,29.59,1724541.02
2025-09-16,29.6,29.86,29.21,29.28,2083444.21
2025-09-17,29.29,29.51,28.96,28.99,3024152.62
2025-09-18,29.01,29.19,28.15,28.35,3729978.84
2025-09-19,28.25,28.6,28.14,28.31,1662300.32
2025-09-22,28.45,28.88,28.36,28.78,1559234.18
2025-09-23,28.63,28.81,28.25,28.5,1497357.24
2025-09-24,28.35,28.87,28.34,28.69,1558198.04
2025-09-25,28.63,28.84,28.55,28.71,1328063.22
2025-09-26,28.67,28.99,28.51,28.72,1266430.6
2025-09-29,28.72,31.49,28.62,30.41,5937714.49
2025-09-30,30.28,30.6,29.74,29.9,2950387.97
2025-10-09,29.6,30.25,29.35,29.65,3807984.68
2025-10-10,29.64,30.27,29.54,29.68,2675856.28
2025-10-13,28.9,29.49,28.81,29.2,2110493.26
2025-10-14,29.2,29.71,28.93,29.03,1955124.52
2025-10-15,29.14,29.73,29.06,29.69,1964851.92
2025-10-16,29.6,29.98,29.5,29.65,1597315.18
2025-10-17,29.66,29.93,29.05,29.09,1739898.9
2025-10-20,29.4,29.54,29.12,29.23,1227306.84
2025-10-21,29.31,30.11,29.21,29.36,3068678.2
2025-10-22,29.22,29.23,29.02,29.19,1226948.26
2025-10-23,29.2,29.58,28.85,29.52,1403605.35
2025-10-24,29.55,30.06,29.5,29.87,2990943.43
2025-10-27,30.25,30.63,29.83,29.99,4612142.11
2025-10-28,29.98,30.34,29.8,30.0,2263316.03
2025-10-29,29.95,30.46,29.85,30.3,3136701.98
2025-10-30,30.19,30.23,29.62,29.68,2452208.42
2025-10-31,29.72,29.87,29.37,29.38,1671532.29
2025-11-03,29.35,29.38,28.93,29.22,1393516.93
2025-11-04,29.18,29.25,28.96,29.08,1197589.45
2025-11-05,28.93,29.17,28.92,29.06,940558.79
2025-11-06,29.12,29.43,29.1,29.19,1625618.07
2025-11-07,29.09,29.12,28.95,29.0,960721.34
2025-11-10,29.0,29.46,28.96,29.3,1621940.18
2025-11-11,29.34,29.4,29.0,29.06,1042995.4
2025-11-12,29.07,29.11,28.81,28.9,1086308.12
2025-11-13,28.88,29.12,28.86,29.08,1178749.07
2025-11-14,28.95,28.96,28.62,28.64,1201707.06
2025-11-17,28.61,28.61,28.26,28.29,1077709.05
2025-11-18,28.27,28.43,28.17,28.22,915153.89
2025-11-19,28.22,28.42,28.2,28.3,844812.74
2025-11-20,28.85,28.94,28.28,28.3,1528642.85
2025-11-21,28.01,28.25,27.3,27.3,1695039.16
2025-11-24,27.4,27.5,27.26,27.39,891388.79
2025-11-25,27.47,27.65,27.4,27.47,802259.05
2025-11-26,27.52,27.72,27.44,27.6,681694.52
2025-11-27,27.53,27.81,27.52,27.58,648647.4
2025-11-28,27.61,27.64,27.41,27.59,746598.23
