date,open,high,low,close,volume
2010-01-04,5.7,5.71,5.56,5.57,1594569.99
2010-01-05,5.58,5.77,5.51,5.76,2690852.65
2010-01-06,5.73,5.79,5.62,5.64,1496474.81
2010-01-07,5.63,5.67,5.46,5.47,1698797.64
2010-01-08,5.46,5.57,5.44,5.54,1137541.32
2010-01-11,5.84,5.84,5.55,5.57,2779810.58
2010-01-12,5.55,5.93,5.53,5.88,4108424.1
2010-01-13,5.75,6.12,5.73,5.94,4417498.36
2010-01-14,6.01,6.11,5.9,6.0,2364022.44
2010-01-15,6.01,6.09,5.93,5.97,1813548.41
2010-01-18,5.96,6.08,5.83,6.01,2210528.7
2010-01-19,5.98,6.03,5.83,5.9,1792350.81
2010-01-20,5.9,5.91,5.6,5.63,2106264.81
2010-01-21,5.63,5.8,5.55,5.72,1717665.15
2010-01-22,5.64,5.79,5.55,5.68,1692873.15
2010-01-25,5.62,5.7,5.46,5.47,1384757.06
2010-01-26,5.48,5.52,5.36,5.39,1141650.39
2010-01-27,5.38,5.51,5.37,5.43,1061221.12
2010-01-28,5.44,5.51,5.42,5.47,896654.75
2010-01-29,5.45,5.54,5.4,5.48,1026119.49
2010-02-01,5.42,5.47,5.23,5.26,1270927.84
2010-02-02,5.3,5.33,5.19,5.2,960630.95
2010-02-03,5.23,5.31,5.04,5.26,1290632.16
2010-02-04,5.23,5.23,5.14,5.19,1119473.15
2010-02-05,5.08,5.11,5.01,5.05,1219328.44
2010-02-08,5.06,5.07,4.95,4.97,878782.97
2010-02-09,4.98,5.02,4.98,4.98,731505.46
2010-02-10,5.02,5.06,5.01,5.05,696953.86
2010-02-11,5.06,5.13,5.04,5.1,704235.63
2010-02-12,5.12,5.2,5.09,5.16,796167.87
2010-02-22,5.17,5.19,5.06,5.08,790112.93
2010-02-23,5.08,5.09,4.98,5.06,691579.75
2010-02-24,5.03,5.16,5.01,5.14,934053.69
2010-02-25,5.15,5.2,5.13,5.18,1097046.26
2010-02-26,5.17,5.28,5.13,5.24,1335518.21
2010-03-01,5.24,5.32,5.21,5.26,1015027.53
2010-03-02,5.27,5.3,5.21,5.24,820249.61
2010-03-03,5.24,5.27,5.16,5.26,907778.4
2010-03-04,5.25,5.3,5.08,5.1,1057216.45
2010-03-05,5.12,5.14,5.05,5.09,971515.78
2010-03-08,5.11,5.12,5.06,5.08,824573.99
2010-03-09,5.07,5.12,5.01,5.1,783472.62
2010-03-10,5.11,5.15,5.06,5.08,707829.51
2010-03-11,5.08,5.13,5.04,5.09,651467.17
2010-03-12,5.09,5.1,5.0,5.01,707057.84
2010-03-15,5.01,5.03,4.95,4.99,611994.37
2010-03-16,4.99,5.01,4.93,4.98,467094.19
2010-03-17,4.98,5.08,4.97,5.08,778908.19
2010-03-18,5.08,5.11,5.04,5.05,533002.64
2010-03-19,5.05,5.07,4.98,5.05,707094.57
2010-03-22,5.05,5.08,5.01,5.04,876705.85
2010-03-23,5.05,5.06,4.98,4.99,747822.11
2010-03-24,4.98,5.01,4.95,4.97,793487.16
2010-03-25,4.94,4.94,4.84,4.87,1245977.29
2010-03-26,4.86,4.89,4.77,4.88,1353583.63
2010-03-29,4.88,4.99,4.85,4.96,1524691.64
2010-03-30,4.98,4.98,4.91,4.94,674373.65
2010-03-31,4.94,4.94,4.87,4.9,821895.79
2010-04-01,4.9,4.94,4.88,4.94,1232058.94
2010-04-02,4.95,4.95,4.88,4.94,1943349.71
2010-04-06,4.94,4.94,4.9,4.92,1264299.49
2010-04-07,4.92,4.92,4.88,4.9,817586.21
2010-04-08,4.9,4.9,4.81,4.84,1464978.71
2010-04-09,4.85,4.9,4.84,4.88,787188.2
2010-04-12,4.89,4.9,4.8,4.84,1073000.18
2010-04-13,4.84,4.91,4.81,4.9,1264267.44
2010-04-14,4.89,4.91,4.84,4.87,1066719.52
2010-04-15,4.87,4.87,4.8,4.85,1310110.88
2010-04-16,4.84,4.84,4.79,4.8,1097698.39
2010-04-19,4.77,4.77,4.52,4.55,2299973.23
2010-04-20,4.55,4.59,4.45,4.47,1300207.21
2010-04-21,4.48,4.57,4.45,4.56,1223576.35
2010-04-22,4.55,4.57,4.45,4.47,1164514.14
2010-04-23,4.47,4.49,4.34,4.37,1394890.89
2010-04-26,4.37,4.56,4.36,4.52,1748942.51
2010-04-27,4.52,4.66,4.48,4.65,2872054.26
2010-04-28,4.6,4.64,4.53,4.59,894095.89
2010-04-29,4.56,4.61,4.51,4.52,699141.63
2010-04-30,4.52,4.62,4.39,4.59,1312406.05
2010-05-04,4.52,4.64,4.49,4.59,844245.25
2010-05-05,4.55,4.62,4.41,4.53,1193597.99
2010-05-06,4.5,4.5,4.29,4.31,1076708.39
2010-05-07,4.23,4.29,4.13,4.17,1027695.31
2010-05-10,4.18,4.3,4.17,4.27,835343.14
2010-05-11,4.37,4.37,4.18,4.21,652274.99
2010-05-13,4.23,4.34,4.23,4.34,972994.55
2010-05-14,4.3,4.38,4.27,4.32,587692.96
2010-05-17,4.27,4.29,4.13,4.14,773080.98
2010-05-18,4.13,4.18,3.99,4.12,1024181.69
2010-05-19,4.09,4.14,4.0,4.05,668575.73
2010-05-20,4.02,4.09,3.95,3.96,733686.86
2010-05-21,3.87,3.95,3.79,3.93,1176950.95
2010-05-24,3.91,4.08,3.91,4.05,1282096.12
2010-05-25,4.0,4.02,3.92,3.92,829427.16
2010-05-26,3.92,3.96,3.91,3.94,628263.12
2010-05-27,3.93,4.02,3.87,3.99,752094.02
2010-05-28,4.02,4.14,4.02,4.11,1623001.69
2010-05-31,4.07,4.11,3.99,3.99,640016.92
2010-06-01,3.98,3.99,3.9,3.93,558242.38
2010-06-02,3.92,3.96,3.87,3.94,437161.48
2010-06-03,3.95,4.05,3.92,3.96,782049.16
2010-06-04,3.94,3.99,3.93,3.98,347435.27
2010-06-07,3.9,3.95,3.88,3.91,519356.4
2010-06-08,3.92,3.95,3.88,3.92,409234.02
2010-06-09,3.94,4.01,3.9,4.0,678818.84
2010-06-10,3.97,4.04,3.95,3.99,571893.21
2010-06-11,4.0,4.04,3.98,4.0,372804.47
2010-06-17,4.02,4.05,3.98,3.98,274886.2
2010-06-18,3.99,4.04,3.92,3.93,596477.47
2010-06-21,3.94,4.15,3.92,4.13,1832934.07
2010-06-22,4.13,4.16,4.08,4.11,487149.59
2010-06-23,4.09,4.12,4.03,4.07,347896.79
2010-06-24,4.09,4.15,4.07,4.1,613839.5
2010-06-25,4.08,4.22,4.06,4.19,1264469.39
2010-06-28,4.17,4.32,4.13,4.27,1234899.87
2010-06-29,4.28,4.34,4.11,4.13,1145842.07
2010-06-30,4.11,4.21,4.09,4.2,924881.81
2010-07-01,4.2,4.22,4.12,4.13,719749.95
2010-07-02,4.13,4.17,4.03,4.13,685384.36
2010-07-05,4.09,4.15,4.03,4.14,608621.69
2010-07-06,4.12,4.24,4.1,4.2,725873.62
2010-07-07,4.18,4.25,4.17,4.21,419978.26
2010-07-08,4.23,4.24,4.13,4.15,463552.22
2010-07-09,4.16,4.29,4.14,4.25,906915.49
2010-07-12,4.26,4.32,4.23,4.28,586385.37
2010-07-13,4.25,4.27,4.21,4.26,325364.25
2010-07-14,4.26,4.34,4.23,4.24,688950.62
2010-07-15,4.24,4.25,4.1,4.11,890690.01
2010-07-16,4.08,4.09,3.97,4.06,838013.79
2010-07-19,4.02,4.13,3.98,4.1,624720.96
2010-07-20,4.12,4.21,4.12,4.17,853373.56
2010-07-21,4.17,4.29,4.13,4.27,1169008.2
2010-07-22,4.23,4.29,4.21,4.26,597731.47
2010-07-23,4.25,4.34,4.25,4.29,1103861.21
2010-07-26,4.29,4.33,4.27,4.32,491712.75
2010-07-27,4.32,4.32,4.27,4.28,403636.31
2010-07-28,4.28,4.38,4.27,4.35,1070356.7
2010-07-29,4.35,4.42,4.32,4.34,1088429.23
2010-07-30,4.33,4.36,4.29,4.32,537779.68
2010-08-02,4.32,4.41,4.32,4.39,689571.66
2010-08-03,4.39,4.41,4.32,4.32,660173.37
2010-08-04,4.32,4.33,4.26,4.32,591312.24
2010-08-05,4.32,4.32,4.25,4.28,487565.11
2010-08-06,4.27,4.31,4.18,4.31,854696.83
2010-08-09,4.29,4.32,4.24,4.28,747287.27
2010-08-10,4.28,4.29,4.13,4.14,1001010.39
2010-08-11,4.09,4.16,4.09,4.13,600870.16
2010-08-12,4.1,4.13,4.06,4.07,704859.75
2010-08-13,4.07,4.11,4.05,4.1,540144.29
2010-08-16,4.09,4.2,4.06,4.19,1070641.8
2010-08-17,4.18,4.25,4.16,4.2,862875.0
2010-08-18,4.21,4.21,4.12,4.16,797959.62
2010-08-19,4.16,4.26,4.13,4.21,1085852.81
2010-08-20,4.19,4.26,4.12,4.13,968534.98
2010-08-23,4.13,4.14,4.06,4.09,658632.52
2010-08-24,4.09,4.13,4.04,4.08,749528.45
2010-08-25,4.06,4.07,3.98,3.99,1249957.11
2010-08-26,4.0,4.02,3.98,3.99,571826.88
2010-08-27,4.0,4.04,3.98,4.02,585433.77
2010-08-30,4.03,4.06,4.02,4.05,784322.12
2010-08-31,4.03,4.05,3.99,4.02,579438.64
2010-09-01,4.02,4.05,3.98,3.99,622612.42
2010-09-02,4.02,4.03,3.97,3.99,787188.87
2010-09-03,4.0,4.02,3.94,3.98,775917.63
2010-09-06,3.98,4.09,3.98,4.06,1410094.71
2010-09-07,4.06,4.11,4.05,4.06,759033.8
2010-09-08,4.06,4.08,4.02,4.03,691972.28
2010-09-09,4.05,4.05,3.97,3.99,638166.45
2010-09-10,4.0,4.02,3.97,4.0,412882.79
2010-09-13,4.0,4.03,3.95,4.01,977488.07
2010-09-14,4.0,4.03,3.97,3.98,775829.22
2010-09-15,3.97,4.08,3.95,4.03,1253647.4
2010-09-16,4.01,4.03,3.91,3.95,1151441.58
2010-09-17,3.94,3.95,3.9,3.91,715364.59
2010-09-20,3.93,3.94,3.86,3.88,584185.2
2010-09-21,3.9,3.99,3.9,3.97,807996.74
2010-09-27,3.98,4.04,3.95,3.98,741175.2
2010-09-29,3.99,4.0,3.91,3.95,861320.75
2010-09-30,3.94,4.02,3.92,4.0,805590.42
2010-10-08,4.02,4.1,3.99,4.07,1387893.19
2010-10-11,4.08,4.18,4.05,4.16,1893750.2
2010-10-12,4.13,4.21,4.08,4.19,1481867.84
2010-10-13,4.16,4.18,4.07,4.08,2476522.36
2010-10-14,4.09,4.28,4.09,4.21,4837672.97
2010-10-15,4.17,4.39,4.14,4.35,4952439.23
2010-10-18,4.38,4.48,4.27,4.31,4311400.55
2010-10-19,4.3,4.44,4.26,4.42,2669028.55
2010-10-20,4.33,4.39,4.24,4.29,2766966.13
2010-10-21,4.3,4.37,4.21,4.24,1604604.41
2010-10-22,4.24,4.28,4.17,4.19,1964927.93
2010-10-25,4.21,4.25,4.17,4.24,2031580.85
2010-10-26,4.24,4.26,4.19,4.21,1841553.23
2010-10-27,4.21,4.24,4.16,4.17,1287423.87
2010-10-28,4.17,4.2,4.13,4.16,1290075.07
2010-10-29,4.16,4.29,4.13,4.25,2105748.37
2010-11-01,4.24,4.25,4.18,4.22,2009461.82
2010-11-02,4.21,4.21,4.13,4.13,2016264.07
2010-11-03,4.15,4.23,4.13,4.17,1634015.54
2010-11-04,4.17,4.23,4.17,4.2,1289349.47
2010-11-05,4.23,4.25,4.18,4.25,2161700.82
2010-11-08,4.28,4.37,4.24,4.34,2580133.14
2010-11-09,4.35,4.36,4.24,4.27,1591907.24
2010-11-10,4.25,4.25,4.16,4.19,1640653.51
2010-11-11,4.17,4.4,4.17,4.26,2401703.26
2010-11-12,4.21,4.35,4.14,4.16,3987920.4
2010-11-15,4.16,4.2,4.02,4.13,1831359.03
2010-11-16,4.13,4.16,4.02,4.03,1415222.58
2010-11-17,4.0,4.03,3.95,3.97,1283749.52
2010-11-18,3.98,4.01,3.95,3.95,1284006.82
2010-11-19,3.98,3.98,3.91,3.98,1080843.62
2010-11-22,3.97,4.13,3.95,4.06,1593202.23
2010-11-23,4.06,4.06,3.94,3.98,1203534.01
2010-11-24,3.95,4.04,3.95,4.0,777088.69
2010-11-25,4.02,4.11,3.98,4.09,1453703.56
2010-11-26,4.09,4.1,4.03,4.06,759736.09
2010-11-29,4.06,4.08,3.99,4.06,694029.77
2010-11-30,4.06,4.08,3.95,4.0,1104737.33
2010-12-01,3.99,4.02,3.98,4.0,528493.46
2010-12-02,4.02,4.04,3.99,4.0,611804.41
2010-12-03,4.01,4.01,3.96,3.98,505454.54
2010-12-06,3.99,4.06,3.97,4.0,658741.72
2010-12-07,3.99,4.01,3.95,3.99,579506.04
2010-12-08,3.99,4.01,3.96,3.97,576905.26
2010-12-09,3.98,3.99,3.95,3.96,613784.79
2010-12-10,3.98,4.13,3.98,4.09,2058719.98
2010-12-13,4.09,4.5,4.08,4.5,5399244.13
2010-12-14,4.65,4.79,4.57,4.65,6502351.43
2010-12-15,4.61,4.74,4.52,4.58,2880112.74
2010-12-16,4.56,4.65,4.54,4.57,1841336.29
2010-12-17,4.57,4.58,4.45,4.52,1661248.09
2010-12-20,4.54,4.6,4.35,4.53,2077092.31
2010-12-21,4.5,4.56,4.41,4.51,1355110.45
2010-12-22,4.5,4.62,4.46,4.48,1456965.56
2010-12-23,4.47,4.58,4.45,4.47,1052924.59
2010-12-24,4.46,4.55,4.41,4.5,1032472.71
2010-12-27,4.5,4.57,4.17,4.26,2573700.7
2010-12-28,4.21,4.3,4.19,4.21,1114340.42
2010-12-29,4.21,4.28,4.19,4.22,952325.71
2010-12-30,4.23,4.24,4.11,4.13,1016564.55
2010-12-31,4.13,4.27,4.13,4.21,914009.24
2011-01-04,4.31,4.32,4.14,4.22,1442181.58
2011-01-05,4.21,4.3,4.17,4.28,1241419.21
2011-01-06,4.29,4.3,4.17,4.21,790547.47
2011-01-07,4.2,4.31,4.18,4.27,1014412.99
2011-01-10,4.27,4.35,4.21,4.24,1143111.8
2011-01-11,4.23,4.35,4.23,4.34,1124350.88
2011-01-12,4.33,4.43,4.25,4.34,1432966.15
2011-01-13,4.32,4.51,4.3,4.39,1329485.6
2011-01-14,4.39,4.48,4.36,4.38,942632.19
2011-01-17,4.35,4.49,4.21,4.32,1623954.76
2011-01-18,4.3,4.33,4.24,4.26,1013104.17
2011-01-19,4.26,4.35,4.21,4.34,635443.94
2011-01-20,4.35,4.4,4.3,4.32,884956.15
2011-01-21,4.31,4.54,4.31,4.48,1509463.85
2011-01-24,4.5,4.74,4.47,4.55,2426407.88
2011-01-25,4.54,4.65,4.45,4.5,1069340.85
2011-01-26,4.5,4.58,4.43,4.58,940515.8
2011-01-27,4.54,4.77,4.5,4.71,2675876.97
2011-01-28,4.71,4.89,4.65,4.81,2058646.86
2011-01-31,4.79,4.81,4.68,4.8,1593695.06
2011-02-01,4.81,4.9,4.74,4.78,1056798.14
2011-02-09,4.77,5.02,4.77,4.89,1861403.78
2011-02-10,4.86,4.91,4.82,4.9,1168731.57
2011-02-11,4.9,4.92,4.76,4.79,1347241.23
2011-02-14,4.8,4.88,4.72,4.86,2370056.11
2011-02-15,4.87,4.88,4.76,4.81,1822403.72
2011-02-16,4.79,4.82,4.66,4.72,2133374.73
2011-02-17,4.72,4.76,4.68,4.73,1304950.28
2011-02-18,4.71,4.8,4.69,4.77,1148193.59
2011-02-21,4.76,4.8,4.69,4.76,1825265.87
2011-02-22,4.77,4.78,4.58,4.59,1436463.11
2011-02-23,4.57,4.65,4.55,4.59,791559.89
2011-02-24,4.58,4.62,4.53,4.59,812995.51
2011-02-25,4.61,4.62,4.5,4.58,966179.72
2011-02-28,4.58,4.66,4.53,4.63,1051716.02
2011-03-01,4.62,4.64,4.57,4.61,1173875.55
2011-03-02,4.6,4.66,4.58,4.64,1207216.22
2011-03-03,4.63,4.76,4.62,4.71,1750899.33
2011-03-04,4.72,4.77,4.69,4.72,1477563.42
2011-03-07,4.72,4.78,4.71,4.75,1206619.06
2011-03-08,4.76,4.82,4.73,4.76,976799.67
2011-03-09,4.76,4.8,4.72,4.74,734974.97
2011-03-10,4.73,4.75,4.58,4.59,1120305.95
2011-03-11,4.58,4.67,4.58,4.59,955952.44
2011-03-14,4.6,4.74,4.59,4.68,1287018.07
2011-03-15,4.68,4.72,4.55,4.6,1033981.14
2011-03-16,4.6,4.71,4.6,4.64,1097146.16
2011-03-17,4.63,4.64,4.53,4.55,737076.02
2011-03-18,4.58,4.61,4.51,4.52,745162.93
2011-03-21,4.52,4.57,4.46,4.47,896723.74
2011-03-22,4.5,4.59,4.48,4.52,956980.38
2011-03-23,4.52,4.58,4.51,4.55,645230.51
2011-03-24,4.55,4.58,4.49,4.52,880327.97
2011-03-25,4.53,4.54,4.49,4.52,1211526.05
2011-03-28,4.52,4.56,4.5,4.53,994816.61
2011-03-29,4.53,4.53,4.42,4.44,1236858.48
2011-03-30,4.41,4.53,4.4,4.48,925466.44
2011-03-31,4.48,4.54,4.43,4.48,659723.31
2011-04-01,4.48,4.49,4.43,4.48,705486.27
2011-04-06,4.49,4.52,4.46,4.51,1085562.2
2011-04-07,4.51,4.54,4.48,4.54,722779.55
2011-04-08,4.53,4.75,4.51,4.72,2749674.36
2011-04-11,4.72,4.77,4.66,4.72,1509229.41
2011-04-12,4.72,4.76,4.64,4.67,1025507.82
2011-04-13,4.65,4.69,4.61,4.68,766945.97
2011-04-14,4.68,4.69,4.62,4.65,595436.42
2011-04-15,4.63,4.73,4.63,4.69,823084.44
2011-04-18,4.69,4.74,4.65,4.66,819924.36
2011-04-19,4.63,4.68,4.58,4.59,781241.32
2011-04-20,4.64,4.72,4.61,4.69,1128738.15
2011-04-21,4.73,4.87,4.71,4.76,1981429.69
2011-04-22,4.76,4.81,4.7,4.72,855251.79
2011-04-25,4.72,4.84,4.71,4.73,1282072.61
2011-04-26,4.74,4.78,4.49,4.56,1427788.75
2011-04-27,4.54,4.61,4.51,4.55,758826.29
2011-04-28,4.58,4.65,4.54,4.55,820036.08
2011-04-29,4.57,4.62,4.54,4.6,432547.99
2011-05-03,4.59,4.65,4.55,4.61,405835.71
2011-05-04,4.58,4.61,4.42,4.46,1107602.05
2011-05-05,4.46,4.51,4.4,4.49,445560.38
2011-05-06,4.43,4.5,4.43,4.47,557904.02
2011-05-09,4.47,4.5,4.44,4.45,278095.82
2011-05-10,4.46,4.55,4.44,4.55,544386.15
2011-05-11,4.54,4.6,4.5,4.55,481409.76
2011-05-12,4.52,4.54,4.45,4.46,468980.34
2011-05-13,4.49,4.49,4.37,4.41,760677.0
2011-05-16,4.41,4.43,4.35,4.36,529771.93
2011-05-17,4.37,4.41,4.35,4.39,266607.76
2011-05-18,4.4,4.43,4.34,4.38,473285.33
2011-05-19,4.38,4.44,4.36,4.41,512420.31
2011-05-20,4.41,4.5,4.39,4.49,733850.25
2011-05-23,4.51,4.54,4.37,4.37,591452.22
2011-05-25,4.39,4.42,4.32,4.32,609945.38
2011-05-26,4.34,4.36,4.29,4.3,338907.95
2011-05-27,4.31,4.46,4.3,4.39,796711.03
2011-05-30,4.39,4.48,4.39,4.47,697578.84
2011-05-31,4.48,4.52,4.45,4.5,473155.45
2011-06-01,4.47,4.49,4.42,4.43,302115.8
2011-06-02,4.41,4.46,4.35,4.4,788575.54
2011-06-03,4.38,4.44,4.38,4.39,281467.15
2011-06-07,4.39,4.46,4.36,4.45,399824.32
2011-06-08,4.44,4.47,4.39,4.46,321147.99
2011-06-09,4.43,4.47,4.35,4.36,464340.19
2011-06-10,4.39,4.41,4.35,4.38,296547.13
2011-06-13,4.36,4.47,4.33,4.45,885338.32
2011-06-14,4.43,4.5,4.43,4.47,487647.11
2011-06-15,4.48,4.61,4.45,4.49,604231.27
2011-06-16,4.47,4.5,4.35,4.36,818100.36
2011-06-17,4.38,4.41,4.28,4.28,664283.45
2011-06-20,4.3,4.32,4.02,4.06,1157648.53
2011-06-21,4.1,4.1,3.95,4.04,1003610.11
2011-06-22,4.06,4.08,3.97,3.99,858156.15
2011-06-23,3.98,4.06,3.96,4.03,484271.49
2011-06-24,4.03,4.15,4.02,4.1,1021427.11
2011-06-27,4.11,4.15,4.09,4.12,751723.89
2011-06-28,4.13,4.18,4.06,4.17,936731.01
2011-06-29,4.17,4.18,4.06,4.09,459275.86
2011-06-30,4.11,4.19,4.08,4.13,602929.51
2011-07-01,4.16,4.16,4.1,4.13,401135.82
2011-07-04,4.15,4.22,4.13,4.2,822613.89
2011-07-05,4.2,4.24,4.17,4.18,601065.43
2011-07-06,4.19,4.2,4.14,4.18,390542.12
2011-07-07,4.17,4.2,4.1,4.12,826139.36
2011-07-08,4.12,4.17,4.11,4.13,462491.4
2011-07-11,4.12,4.17,4.1,4.16,631246.04
2011-07-12,4.12,4.17,4.08,4.11,620952.8
2011-07-13,4.11,4.15,4.09,4.14,448699.03
2011-07-14,4.13,4.15,4.09,4.13,522225.36
2011-07-15,4.11,4.3,4.11,4.28,1485296.95
2011-07-18,4.28,4.28,4.18,4.22,775748.76
2011-07-19,4.2,4.28,4.17,4.23,848620.36
2011-07-20,4.24,4.3,4.2,4.21,403770.13
2011-07-21,4.24,4.27,4.17,4.19,719446.84
2011-07-22,4.2,4.24,4.16,4.2,431258.65
2011-07-25,4.17,4.21,4.05,4.09,1051311.52
2011-07-26,4.09,4.12,4.0,4.02,880304.54
2011-07-27,4.01,4.06,4.0,4.05,673820.83
2011-07-28,4.02,4.05,3.99,4.02,487395.03
2011-07-29,4.02,4.09,4.01,4.05,485569.13
2011-08-01,4.05,4.12,4.03,4.11,586376.41
2011-08-02,4.07,4.08,4.0,4.05,617893.05
2011-08-03,4.02,4.05,3.99,4.01,300639.98
2011-08-04,4.04,4.05,3.98,4.0,474698.77
2011-08-05,3.89,3.97,3.86,3.94,786253.5
2011-08-08,3.92,3.96,3.7,3.76,971519.57
2011-08-09,3.64,3.71,3.61,3.71,988764.81
2011-08-10,3.75,3.8,3.67,3.7,892669.09
2011-08-11,3.64,3.76,3.63,3.71,888555.4
2011-08-12,3.73,3.76,3.71,3.74,661968.39
2011-08-15,3.75,3.78,3.69,3.77,640129.62
2011-08-16,3.77,3.78,3.71,3.74,495492.9
2011-08-17,3.73,3.75,3.65,3.69,540465.28
2011-08-18,3.67,3.71,3.66,3.67,358507.8
2011-08-19,3.62,3.67,3.59,3.59,557934.9
2011-08-22,3.59,3.63,3.52,3.55,490161.64
2011-08-23,3.56,3.62,3.51,3.61,442308.7
2011-08-24,3.63,3.65,3.57,3.61,365973.91
2011-08-25,3.71,3.97,3.71,3.86,2708645.3
2011-08-26,3.82,3.91,3.78,3.91,1431785.71
2011-08-29,3.88,3.92,3.82,3.88,657356.79
2011-08-30,3.93,3.94,3.84,3.88,718186.96
2011-08-31,3.86,3.9,3.8,3.86,582301.79
2011-09-01,3.86,4.0,3.86,3.9,837095.83
2011-09-02,3.9,3.98,3.82,3.95,679880.97
2011-09-05,3.91,3.96,3.86,3.88,616384.32
2011-09-06,3.87,3.9,3.8,3.84,594486.37
2011-09-07,3.88,3.94,3.82,3.93,553316.29
2011-09-08,3.95,3.95,3.9,3.9,452262.18
2011-09-09,3.92,3.98,3.9,3.92,510715.78
2011-09-13,3.86,3.95,3.86,3.91,519304.57
2011-09-14,3.94,4.08,3.93,4.04,1039267.21
2011-09-15,4.04,4.22,4.02,4.17,1667459.51
2011-09-16,4.19,4.21,4.12,4.14,665277.87
2011-09-19,4.13,4.26,4.12,4.2,972946.67
2011-09-20,4.17,4.25,4.13,4.19,755452.42
2011-09-21,4.2,4.33,4.18,4.31,1099073.38
2011-09-22,4.28,4.34,4.22,4.24,1186264.4
2011-09-23,4.23,4.26,4.1,4.24,1254130.69
2011-09-26,4.24,4.28,4.06,4.09,1208105.58
2011-09-27,4.15,4.21,4.11,4.13,933293.02
2011-09-28,4.17,4.28,4.1,4.12,766422.27
2011-09-29,4.1,4.13,4.04,4.09,691756.18
2011-09-30,4.09,4.14,4.04,4.05,560492.86
2011-10-10,4.07,4.1,4.01,4.05,500810.37
2011-10-11,4.14,4.21,3.98,4.03,839487.08
2011-10-12,4.02,4.27,4.01,4.24,986736.6
2011-10-13,4.2,4.34,4.16,4.22,1181993.16
2011-10-14,4.21,4.21,4.15,4.2,383316.14
2011-10-17,4.2,4.25,4.17,4.22,545277.37
2011-10-18,4.2,4.21,4.08,4.12,470724.53
2011-10-19,4.13,4.14,4.09,4.12,469450.18
2011-10-20,4.13,4.17,4.08,4.09,581399.49
2011-10-21,4.09,4.1,4.03,4.05,367655.08
2011-10-24,4.05,4.32,4.04,4.29,1137378.72
2011-10-25,4.28,4.33,4.21,4.29,866486.29
2011-10-26,4.27,4.39,4.24,4.34,984535.24
2011-10-27,4.32,4.36,4.2,4.24,953267.97
2011-10-28,4.27,4.32,4.18,4.31,1548041.09
2011-10-31,4.28,4.32,4.24,4.31,732856.78
2011-11-01,4.27,4.43,4.24,4.36,1023274.65
2011-11-02,4.32,4.51,4.29,4.5,1095965.31
2011-11-03,4.53,4.56,4.43,4.47,1051196.58
2011-11-04,4.51,4.57,4.47,4.51,1110555.58
2011-11-07,4.47,4.51,4.44,4.46,356284.65
2011-11-08,4.48,4.55,4.45,4.46,443317.71
2011-11-09,4.47,4.51,4.12,4.33,3172914.0
2011-11-10,4.22,4.31,4.2,4.23,1679571.74
2011-11-11,4.23,4.29,4.17,4.21,697327.01
2011-11-14,4.27,4.37,4.25,4.36,757232.58
2011-11-15,4.35,4.37,4.31,4.32,403272.81
2011-11-16,4.32,4.32,4.13,4.2,782996.1
2011-11-17,4.2,4.28,4.16,4.2,539871.03
2011-11-18,4.18,4.28,4.14,4.24,547251.92
2011-11-21,4.32,4.35,4.26,4.29,759770.16
2011-11-22,4.28,4.32,4.26,4.32,442295.62
2011-11-23,4.32,4.34,4.25,4.28,420146.77
2011-11-24,4.26,4.29,4.2,4.24,281335.3
2011-11-25,4.24,4.29,4.21,4.24,265492.24
2011-11-28,4.24,4.29,4.19,4.22,299443.64
2011-11-29,4.25,4.3,4.24,4.28,338198.78
2011-11-30,4.25,4.28,4.13,4.16,481262.44
2011-12-01,4.27,4.28,4.19,4.2,634502.24
2011-12-02,4.19,4.24,4.12,4.18,386780.3
2011-12-05,4.2,4.2,3.99,4.06,620710.63
2011-12-06,4.05,4.05,3.95,4.0,344798.69
2011-12-07,4.0,4.1,4.0,4.07,376040.26
2011-12-08,4.06,4.09,4.01,4.04,323924.91
2011-12-09,4.03,4.12,4.01,4.09,329219.29
2011-12-12,4.06,4.1,4.01,4.03,272731.61
2011-12-13,4.03,4.05,3.97,4.01,408357.22
2011-12-14,4.0,4.08,3.98,4.02,196652.45
2011-12-15,4.0,4.07,3.82,3.84,570570.3
2011-12-16,3.84,3.88,3.78,3.86,480058.07
2011-12-19,3.84,3.88,3.75,3.84,468222.51
2011-12-20,3.86,4.01,3.86,4.01,865303.32
2011-12-21,4.03,4.07,3.98,4.01,454757.15
2011-12-22,4.01,4.05,3.97,4.02,674273.88
2011-12-23,4.01,4.09,3.98,4.06,323944.67
2011-12-26,4.03,4.09,4.0,4.02,223829.38
2011-12-27,4.02,4.05,3.99,4.0,276839.24
2011-12-28,4.0,4.03,3.97,4.01,291052.69
2011-12-29,4.01,4.16,4.0,4.13,493339.6
2011-12-30,4.13,4.18,4.11,4.15,371831.63
2012-01-04,4.15,4.17,4.01,4.04,412031.91
2012-01-05,4.03,4.13,3.94,3.97,718686.37
2012-01-06,3.97,4.04,3.95,4.01,371808.82
2012-01-09,4.01,4.12,3.94,4.1,742526.17
2012-01-10,4.13,4.27,4.13,4.24,1541487.29
2012-01-11,4.24,4.26,4.2,4.23,565557.04
2012-01-12,4.23,4.23,4.05,4.1,1406768.41
2012-01-13,4.09,4.1,3.96,3.98,1585516.99
2012-01-16,3.99,4.03,3.96,3.97,648528.61
2012-01-17,3.97,4.14,3.94,4.09,857433.42
2012-01-18,4.09,4.11,4.0,4.02,644337.61
2012-01-19,4.04,4.09,4.01,4.03,855911.4
2012-01-20,4.01,4.1,3.96,4.09,1260537.12
2012-01-30,4.09,4.09,3.94,3.96,1527543.68
2012-01-31,3.96,3.97,3.81,3.86,1277901.75
2012-02-01,3.79,3.86,3.78,3.82,1083769.96
2012-02-02,3.82,3.86,3.79,3.86,814423.61
2012-02-03,3.86,3.86,3.79,3.84,1081319.84
2012-02-06,3.85,3.87,3.8,3.82,964497.62
2012-02-07,3.81,3.85,3.78,3.8,979807.46
2012-02-08,3.81,3.91,3.78,3.9,1241119.1
2012-02-09,3.88,3.89,3.84,3.86,885729.75
2012-02-10,3.86,3.9,3.85,3.86,682637.62
2012-02-13,3.85,3.89,3.84,3.86,615595.28
2012-02-14,3.86,3.86,3.82,3.83,409706.21
2012-02-15,3.82,3.89,3.82,3.87,906134.73
2012-02-16,3.88,3.93,3.86,3.89,898515.61
2012-02-17,3.9,3.91,3.85,3.88,498097.37
2012-02-20,3.93,3.93,3.88,3.9,884692.31
2012-02-21,3.9,3.91,3.85,3.9,578268.19
2012-02-22,3.9,3.91,3.85,3.91,1525963.35
2012-02-23,3.9,3.95,3.87,3.92,1534610.17
2012-02-24,3.92,3.94,3.9,3.94,1519974.47
2012-02-27,3.99,3.99,3.94,3.95,1783571.7
2012-02-28,3.94,3.97,3.93,3.94,955430.39
2012-02-29,3.94,3.94,3.86,3.87,1302927.84
2012-03-01,3.86,3.87,3.82,3.83,1509397.41
2012-03-02,3.84,3.87,3.82,3.87,1843823.67
2012-03-05,3.87,3.89,3.74,3.76,4553468.75
2012-03-06,3.76,3.76,3.63,3.65,3258115.72
2012-03-07,3.61,3.69,3.6,3.67,1550788.42
2012-03-08,3.66,3.68,3.64,3.67,1348528.07
2012-03-09,3.68,3.69,3.66,3.68,996703.44
2012-03-12,3.68,3.69,3.63,3.66,1277460.79
2012-03-13,3.66,3.69,3.63,3.68,1133426.55
2012-03-14,3.69,3.73,3.62,3.64,2464390.13
2012-03-15,3.63,3.65,3.58,3.59,1471479.16
2012-03-16,3.59,3.63,3.58,3.63,943180.15
2012-03-19,3.61,3.62,3.58,3.6,1314652.54
2012-03-20,3.59,3.6,3.54,3.55,1387925.64
2012-03-21,3.56,3.57,3.52,3.55,854903.0
2012-03-22,3.55,3.62,3.52,3.59,1456706.81
2012-03-23,3.59,3.59,3.53,3.55,846985.63
2012-03-26,3.55,3.55,3.52,3.54,622154.81
2012-03-27,3.56,3.56,3.54,3.55,586058.41
2012-03-28,3.53,3.54,3.42,3.43,1271770.66
2012-03-29,3.41,3.41,3.31,3.33,1132073.17
2012-03-30,3.33,3.35,3.28,3.35,1015265.01
2012-04-05,3.33,3.38,3.32,3.37,839952.22
2012-04-06,3.37,3.37,3.32,3.33,702257.54
2012-04-09,3.33,3.33,3.29,3.29,531674.39
2012-04-10,3.29,3.35,3.28,3.35,757712.68
2012-04-11,3.33,3.36,3.31,3.33,583955.05
2012-04-12,3.33,3.37,3.32,3.37,840371.46
2012-04-13,3.37,3.4,3.37,3.4,744954.71
2012-04-16,3.38,3.39,3.37,3.38,392976.74
2012-04-17,3.38,3.39,3.35,3.36,374199.63
2012-04-18,3.37,3.4,3.35,3.39,621410.16
2012-04-19,3.4,3.4,3.37,3.37,438420.96
2012-04-20,3.37,3.47,3.37,3.44,1244019.24
2012-04-23,3.45,3.54,3.43,3.49,1478307.1
2012-04-24,3.47,3.52,3.41,3.44,1189909.42
2012-04-25,3.44,3.5,3.44,3.46,658250.53
2012-04-26,3.52,3.54,3.46,3.47,1127783.45
2012-04-27,3.48,3.48,3.42,3.43,595083.04
2012-05-02,3.48,3.51,3.44,3.51,1093766.27
2012-05-03,3.49,3.53,3.48,3.51,631704.53
2012-05-04,3.5,3.52,3.48,3.49,693481.98
2012-05-07,3.48,3.5,3.44,3.46,729379.85
2012-05-08,3.46,3.47,3.43,3.44,877865.03
2012-05-09,3.42,3.42,3.34,3.35,882793.04
2012-05-10,3.37,3.38,3.33,3.37,515324.83
2012-05-11,3.37,3.39,3.35,3.36,307657.21
2012-05-14,3.37,3.38,3.32,3.33,667836.09
2012-05-15,3.31,3.33,3.29,3.31,570874.97
2012-05-16,3.31,3.31,3.28,3.29,657013.02
2012-05-17,3.29,3.31,3.28,3.31,541758.27
2012-05-18,3.29,3.29,3.25,3.26,653056.12
2012-05-21,3.26,3.28,3.23,3.25,434739.17
2012-05-22,3.25,3.28,3.25,3.27,401517.42
2012-05-23,3.27,3.28,3.24,3.25,321152.48
2012-05-24,3.25,3.28,3.24,3.27,415123.86
2012-05-25,3.27,3.27,3.23,3.24,424048.77
2012-05-28,3.24,3.26,3.21,3.25,508583.06
2012-05-30,3.27,3.29,3.25,3.25,799859.29
2012-05-31,3.25,3.25,3.23,3.25,398156.14
2012-06-01,3.25,3.27,3.24,3.25,332612.93
2012-06-04,3.22,3.23,3.15,3.16,848298.47
2012-06-05,3.16,3.18,3.14,3.16,345801.86
2012-06-06,3.17,3.18,3.12,3.13,527571.94
2012-06-07,3.15,3.18,3.1,3.12,431712.43
2012-06-08,3.14,3.15,3.09,3.1,399594.82
2012-06-11,3.09,3.2,3.08,3.19,815810.01
2012-06-12,3.18,3.18,3.11,3.14,453663.03
2012-06-13,3.14,3.15,3.1,3.14,488012.52
2012-06-14,3.14,3.14,3.1,3.12,395092.2
2012-06-15,3.13,3.16,3.12,3.15,372796.01
2012-06-18,3.16,3.17,3.13,3.15,328191.68
2012-06-19,3.14,3.16,3.12,3.13,258079.04
2012-06-20,3.13,3.15,3.11,3.11,339535.7
2012-06-21,3.11,3.12,3.03,3.04,613867.92
2012-06-25,3.04,3.06,3.0,3.01,448696.84
2012-06-26,2.99,3.05,2.97,3.01,450999.38
2012-06-27,3.01,3.01,2.95,2.95,431615.82
2012-06-28,2.95,2.97,2.91,2.92,478015.55
2012-06-29,2.92,2.95,2.9,2.95,457664.07
2012-07-02,2.95,2.97,2.93,2.96,368202.77
2012-07-03,2.95,2.99,2.95,2.96,325569.38
2012-07-04,2.96,3.06,2.96,3.04,853537.85
2012-07-05,3.02,3.04,2.99,3.0,461477.95
2012-07-06,3.03,3.03,2.94,2.99,614828.4
2012-07-09,2.97,2.99,2.87,2.88,699876.21
2012-07-10,2.88,2.9,2.85,2.89,358980.75
2012-07-11,2.89,2.9,2.86,2.89,361617.98
2012-07-12,2.88,2.88,2.79,2.84,1100524.0
2012-07-13,2.83,2.88,2.81,2.84,430393.8
2012-07-16,2.85,2.85,2.75,2.75,623523.08
2012-07-17,2.74,2.77,2.73,2.75,432015.84
2012-07-18,2.75,2.78,2.72,2.75,415271.74
2012-07-19,2.75,2.88,2.74,2.86,1184270.37
2012-07-20,2.83,3.03,2.83,2.99,2096508.22
2012-07-23,2.95,3.01,2.92,2.95,815050.3
2012-07-24,2.93,2.98,2.9,2.96,647172.16
2012-07-25,2.95,2.99,2.91,2.96,690494.55
2012-07-26,2.97,3.03,2.95,2.95,840418.29
2012-07-27,2.97,3.0,2.95,2.97,530373.62
2012-07-30,2.98,2.99,2.91,2.91,475462.88
2012-07-31,2.91,2.95,2.84,2.84,605167.6
2012-08-01,2.86,2.9,2.83,2.84,517549.57
2012-08-02,2.84,2.87,2.82,2.85,327152.55
2012-08-03,2.85,2.9,2.84,2.89,344548.11
2012-08-06,2.89,2.99,2.88,2.97,630591.1
2012-08-07,2.99,3.01,2.95,2.98,433215.54
2012-08-08,2.98,3.0,2.96,2.97,358848.0
2012-08-09,2.97,3.0,2.95,2.99,380761.91
2012-08-10,2.99,3.0,2.95,2.96,339508.55
2012-08-13,2.95,3.0,2.94,2.95,443925.0
2012-08-14,2.95,2.98,2.93,2.96,338403.82
2012-08-15,2.96,2.97,2.91,2.92,282991.48
2012-08-16,2.92,2.93,2.9,2.91,212675.02
2012-08-17,2.91,2.96,2.91,2.95,381768.5
2012-08-20,2.95,3.03,2.94,3.01,1014114.76
2012-08-21,3.03,3.08,3.02,3.07,888043.45
2012-08-22,3.07,3.08,3.03,3.05,452750.92
2012-08-23,3.05,3.11,3.03,3.11,673647.78
2012-08-24,3.14,3.15,3.08,3.11,987318.17
2012-08-27,3.09,3.1,3.0,3.01,700179.74
2012-08-28,3.01,3.12,2.97,3.08,924469.1
2012-08-29,3.07,3.13,3.05,3.08,633710.2
2012-08-30,3.07,3.09,3.02,3.07,504991.73
2012-08-31,3.07,3.07,3.01,3.02,521339.38
2012-09-03,3.01,3.07,3.01,3.03,560000.58
2012-09-04,3.03,3.05,2.98,2.99,447547.64
2012-09-05,2.99,3.06,2.99,3.03,419541.41
2012-09-06,3.02,3.06,3.0,3.03,306495.18
2012-09-07,3.05,3.14,3.02,3.08,1560072.79
2012-09-10,3.09,3.09,3.05,3.07,841470.9
2012-09-11,3.06,3.07,2.99,3.01,913714.53
2012-09-12,3.03,3.03,2.97,2.99,708607.35
2012-09-13,3.0,3.04,2.99,2.99,829556.47
2012-09-14,3.03,3.04,3.01,3.03,666955.54
2012-09-17,3.03,3.03,2.95,2.96,551800.54
2012-09-18,2.95,2.95,2.87,2.88,610455.54
2012-09-19,2.87,2.91,2.87,2.88,395779.08
2012-09-20,2.9,2.9,2.79,2.8,617024.97
2012-09-21,2.81,2.83,2.79,2.8,362875.85
2012-09-24,2.81,2.83,2.76,2.82,458905.81
2012-09-25,2.83,2.83,2.8,2.83,296689.83
2012-09-26,2.83,2.86,2.81,2.82,296572.01
2012-09-27,2.82,2.93,2.8,2.91,1125406.21
2012-09-28,2.89,2.97,2.87,2.95,940910.43
2012-10-08,2.95,2.96,2.87,2.89,472834.7
2012-10-09,2.9,2.95,2.9,2.94,508019.15
2012-10-10,2.94,2.97,2.92,2.95,463666.59
2012-10-11,2.94,2.94,2.91,2.92,288681.46
2012-10-12,2.93,2.97,2.92,2.95,382604.94
2012-10-15,2.95,2.95,2.9,2.91,240491.56
2012-10-16,2.91,2.94,2.9,2.91,442964.67
2012-10-17,2.91,2.92,2.87,2.89,340616.27
2012-10-18,2.9,2.96,2.89,2.95,555908.83
2012-10-19,2.94,2.95,2.92,2.95,346986.74
2012-10-22,2.93,2.96,2.91,2.95,513699.64
2012-10-23,2.95,2.96,2.91,2.93,429765.73
2012-10-24,2.92,2.95,2.91,2.94,301783.28
2012-10-25,2.94,3.03,2.92,2.99,1158919.8
2012-10-26,2.96,2.99,2.86,2.88,989135.98
2012-10-29,2.88,2.89,2.85,2.88,328235.64
2012-10-30,2.87,2.88,2.83,2.84,490583.86
2012-10-31,2.84,2.85,2.81,2.83,288495.16
2012-11-01,2.83,2.89,2.83,2.88,596328.76
2012-11-02,2.87,2.89,2.85,2.88,433077.23
2012-11-05,2.87,2.92,2.86,2.91,523798.68
2012-11-06,2.91,2.91,2.87,2.91,477477.64
2012-11-07,2.9,2.91,2.86,2.88,258701.23
2012-11-08,2.87,2.87,2.81,2.82,422023.35
2012-11-09,2.82,2.83,2.74,2.76,719407.2
2012-11-12,2.76,2.78,2.75,2.76,830834.29
2012-11-13,2.76,2.76,2.71,2.71,518527.54
2012-11-14,2.72,2.74,2.7,2.72,401333.86
2012-11-15,2.71,2.71,2.66,2.67,445010.8
2012-11-16,2.66,2.67,2.6,2.63,646826.07
2012-11-19,2.62,2.62,2.53,2.57,956521.01
2012-11-20,2.58,2.58,2.55,2.55,400229.15
2012-11-21,2.55,2.59,2.54,2.59,515905.25
2012-11-22,2.58,2.61,2.57,2.59,359562.38
2012-11-23,2.6,2.62,2.57,2.59,443777.46
2012-11-26,2.59,2.59,2.55,2.56,271730.26
2012-11-27,2.56,2.61,2.55,2.58,505937.98
2012-11-28,2.56,2.58,2.52,2.53,422041.49
2012-11-29,2.54,2.55,2.51,2.52,386663.46
2012-11-30,2.52,2.55,2.51,2.53,521912.59
2012-12-03,2.54,2.59,2.54,2.59,750278.92
2012-12-04,2.59,2.62,2.57,2.62,460905.6
2012-12-05,2.62,2.7,2.59,2.67,884281.46
2012-12-06,2.67,2.69,2.65,2.66,466214.47
2012-12-07,2.66,2.69,2.64,2.68,673995.28
2012-12-10,2.68,2.71,2.66,2.68,901595.3
2012-12-11,2.67,2.68,2.64,2.65,605332.56
2012-12-12,2.65,2.66,2.63,2.66,447350.38
2012-12-13,2.64,2.66,2.63,2.64,311842.67
2012-12-14,2.65,2.75,2.64,2.74,1258362.06
2012-12-17,2.76,2.79,2.69,2.73,1548751.54
2012-12-18,2.71,2.75,2.69,2.71,970499.54
2012-12-19,2.71,2.72,2.68,2.7,774147.62
2012-12-20,2.7,2.74,2.69,2.71,973562.62
2012-12-21,2.71,2.75,2.7,2.71,864323.59
2012-12-24,2.71,2.73,2.7,2.71,385916.44
2012-12-25,2.71,2.8,2.7,2.79,1350059.91
2012-12-26,2.78,2.79,2.75,2.78,648651.52
2012-12-27,2.79,2.79,2.75,2.75,996592.94
2012-12-28,2.76,2.77,2.73,2.77,869420.14
2012-12-31,2.77,2.81,2.75,2.79,1268311.29
2013-01-04,2.82,2.83,2.77,2.79,1289815.91
2013-01-07,2.79,2.82,2.78,2.8,594053.21
2013-01-08,2.79,2.8,2.77,2.79,749510.52
2013-01-09,2.79,2.89,2.77,2.85,1627795.09
2013-01-10,2.83,2.87,2.81,2.83,1025390.75
2013-01-11,2.83,2.84,2.75,2.77,1112333.76
2013-01-14,2.76,2.83,2.75,2.82,1061031.95
2013-01-15,2.83,2.86,2.81,2.84,1130737.31
2013-01-16,2.84,2.86,2.79,2.82,1020922.55
2013-01-17,2.82,2.85,2.8,2.83,635009.32
2013-01-18,2.83,2.87,2.81,2.87,1072757.49
2013-01-21,2.85,2.87,2.83,2.84,1087259.11
2013-01-22,2.84,2.84,2.78,2.79,1293819.28
2013-01-23,2.79,2.8,2.78,2.79,581314.25
2013-01-24,2.79,2.83,2.76,2.78,974554.17
2013-01-25,2.77,2.78,2.75,2.76,586146.41
2013-01-28,2.76,2.8,2.75,2.79,757097.57
2013-01-29,2.79,2.8,2.78,2.79,876569.52
2013-01-30,2.79,2.84,2.78,2.83,1535769.26
2013-01-31,2.87,2.91,2.87,2.87,2371412.26
2013-02-01,2.87,2.91,2.85,2.91,1336027.77
2013-02-04,2.91,3.05,2.87,3.03,2754436.45
2013-02-05,2.99,3.04,2.97,3.02,1637466.76
2013-02-06,3.02,3.03,2.97,2.97,1376405.33
2013-02-07,2.99,3.02,2.96,2.97,1266797.33
2013-02-08,2.99,3.01,2.97,2.99,904949.74
2013-02-18,2.99,2.99,2.94,2.95,989447.59
2013-02-19,2.95,2.95,2.88,2.9,868314.3
2013-02-20,2.9,2.91,2.88,2.91,575697.47
2013-02-21,2.9,2.9,2.82,2.85,1078374.18
2013-02-22,2.85,2.86,2.82,2.83,568388.97
2013-02-25,2.83,2.87,2.83,2.84,443743.76
2013-02-26,2.83,2.83,2.78,2.79,828260.3
2013-02-27,2.79,2.81,2.78,2.81,611972.88
2013-02-28,2.8,2.85,2.79,2.84,706703.66
2013-03-01,2.84,2.85,2.79,2.82,804997.52
2013-03-04,2.8,2.83,2.75,2.75,1014201.99
2013-03-05,2.76,2.78,2.74,2.77,687765.43
2013-03-06,2.78,2.86,2.76,2.83,990706.51
2013-03-07,2.83,2.83,2.78,2.79,884901.72
2013-03-08,2.79,2.82,2.77,2.78,519345.96
2013-03-11,2.79,2.79,2.75,2.75,446633.95
2013-03-12,2.76,2.79,2.72,2.74,725633.54
2013-03-13,2.74,2.75,2.67,2.69,693405.93
2013-03-14,2.68,2.71,2.67,2.69,399280.3
2013-03-15,2.69,2.73,2.66,2.72,918041.26
2013-03-18,2.71,2.71,2.67,2.67,508933.24
2013-03-19,2.68,2.69,2.66,2.69,594070.71
2013-03-20,2.68,2.74,2.68,2.73,790821.11
2013-03-21,2.75,2.75,2.73,2.75,555428.06
2013-03-22,2.79,2.85,2.77,2.78,1543957.1
2013-03-25,2.79,2.83,2.78,2.81,839511.3
2013-03-26,2.81,2.91,2.8,2.88,2051376.62
2013-03-27,2.91,2.91,2.84,2.86,977029.04
2013-03-28,2.83,2.86,2.79,2.81,1033008.21
2013-03-29,2.81,2.86,2.8,2.82,671275.5
2013-04-01,2.81,2.87,2.8,2.85,651116.96
2013-04-02,2.85,2.9,2.83,2.86,833058.71
2013-04-03,2.86,2.94,2.85,2.92,1847917.01
2013-04-08,2.87,2.91,2.86,2.88,968484.88
2013-04-09,2.9,2.91,2.85,2.87,729186.38
2013-04-10,2.87,2.88,2.82,2.86,569524.28
2013-04-11,2.87,2.88,2.8,2.81,577925.79
2013-04-12,2.8,2.82,2.77,2.79,528128.59
2013-04-15,2.78,2.8,2.73,2.75,619494.11
2013-04-16,2.75,2.77,2.72,2.76,582316.14
2013-04-17,2.77,2.79,2.72,2.76,421744.34
2013-04-18,2.75,2.79,2.74,2.77,529562.84
2013-04-19,2.77,2.83,2.76,2.82,822766.35
2013-04-22,2.83,2.87,2.79,2.87,1241962.64
2013-04-23,2.86,2.87,2.8,2.81,695309.92
2013-04-24,2.82,2.91,2.81,2.91,1574924.23
2013-04-25,2.9,2.93,2.88,2.91,1020917.03
2013-04-26,2.91,2.93,2.83,2.85,1173287.13
2013-05-02,2.84,2.88,2.83,2.86,425447.05
2013-05-03,2.86,2.92,2.86,2.91,1086308.11
2013-05-06,2.95,3.04,2.95,2.97,2008433.93
2013-05-07,2.96,2.99,2.94,2.95,837813.56
2013-05-08,2.96,2.99,2.94,2.96,661072.0
2013-05-09,2.96,2.97,2.88,2.91,1063787.61
2013-05-10,2.9,2.92,2.87,2.92,535462.2
2013-05-13,2.91,2.94,2.89,2.93,552335.96
2013-05-14,2.91,2.92,2.86,2.87,646656.53
2013-05-15,2.88,2.9,2.87,2.88,353340.07
2013-05-16,2.89,2.97,2.87,2.95,955116.64
2013-05-17,2.95,2.98,2.91,2.96,1028308.53
2013-05-20,2.96,3.01,2.95,2.99,990519.56
2013-05-21,2.97,2.99,2.93,2.96,906662.53
2013-05-22,2.96,3.02,2.92,2.99,1228298.37
2013-05-23,2.97,2.99,2.91,2.92,1063660.76
2013-05-24,2.93,2.95,2.92,2.94,661840.7
2013-05-27,2.94,3.03,2.92,3.03,1565170.87
2013-05-28,3.03,3.08,3.01,3.07,1956539.34
2013-05-29,3.07,3.09,3.03,3.04,953265.07
2013-05-30,3.03,3.07,3.03,3.06,824449.38
2013-05-31,3.07,3.09,2.99,3.0,840973.82
2013-06-03,2.99,3.05,2.99,3.01,594400.08
2013-06-04,3.03,3.03,2.94,2.95,1072075.22
2013-06-05,2.95,2.96,2.91,2.95,614693.31
2013-06-06,2.93,2.94,2.91,2.92,511700.32
2013-06-07,2.92,2.94,2.85,2.87,750676.84
2013-06-13,2.84,2.85,2.79,2.83,663172.16
2013-06-14,2.83,2.86,2.82,2.85,446607.51
2013-06-17,2.85,2.86,2.83,2.83,312942.46
2013-06-18,2.85,2.86,2.82,2.83,392386.08
2013-06-19,2.83,2.83,2.78,2.81,435647.48
2013-06-20,2.79,2.79,2.7,2.71,666581.98
2013-06-21,2.69,2.72,2.63,2.67,920249.01
2013-06-24,2.67,2.69,2.51,2.57,1061415.22
2013-06-25,2.55,2.57,2.37,2.51,1771420.4
2013-06-26,2.51,2.51,2.38,2.46,1806357.91
2013-06-27,2.46,2.52,2.43,2.47,1269485.51
2013-06-28,2.46,2.51,2.44,2.49,1591971.15
2013-07-01,2.49,2.5,2.44,2.49,654334.88
2013-07-02,2.49,2.49,2.44,2.48,977587.38
2013-07-03,2.47,2.53,2.43,2.52,1104601.22
2013-07-04,2.49,2.53,2.49,2.51,723592.85
2013-07-05,2.51,2.52,2.5,2.51,459761.47
2013-07-08,2.49,2.49,2.44,2.46,636582.39
2013-07-09,2.45,2.48,2.44,2.47,367748.61
2013-07-10,2.47,2.55,2.45,2.53,747953.04
2013-07-11,2.53,2.64,2.52,2.6,1404608.85
2013-07-12,2.6,2.64,2.58,2.58,982966.34
2013-07-15,2.6,2.65,2.57,2.59,1035748.78
2013-07-16,2.59,2.6,2.54,2.58,673930.03
2013-07-17,2.58,2.59,2.51,2.53,1157559.82
2013-07-18,2.51,2.52,2.46,2.48,857481.24
2013-07-19,2.49,2.54,2.47,2.48,886865.7
2013-07-22,2.48,2.52,2.47,2.51,918176.33
2013-07-23,2.52,2.58,2.51,2.57,1087175.78
2013-07-24,2.56,2.56,2.51,2.55,1091008.51
2013-07-25,2.55,2.57,2.51,2.51,781739.43
2013-07-26,2.51,2.51,2.47,2.49,574718.1
2013-07-29,2.47,2.6,2.47,2.6,1734059.4
2013-07-30,2.58,2.61,2.55,2.57,1280212.57
2013-07-31,2.61,2.61,2.54,2.55,805290.72
2013-08-01,2.56,2.6,2.54,2.59,838306.96
2013-08-02,2.6,2.61,2.57,2.59,648868.11
2013-08-05,2.59,2.6,2.55,2.58,760244.03
2013-08-06,2.57,2.64,2.56,2.62,949810.68
2013-08-07,2.61,2.65,2.59,2.62,846276.82
2013-08-08,2.6,2.63,2.6,2.62,481036.88
2013-08-09,2.71,2.74,2.63,2.68,1970413.35
2013-08-12,2.66,2.73,2.64,2.73,1765292.95
2013-08-13,2.71,2.76,2.68,2.71,1565933.18
2013-08-14,2.72,2.72,2.65,2.68,1203916.36
2013-08-15,2.69,2.7,2.65,2.66,1187081.16
2013-08-16,2.66,2.93,2.63,2.67,2418346.85
2013-08-19,2.66,2.69,2.63,2.68,989076.86
2013-08-20,2.68,2.69,2.63,2.64,923957.64
2013-08-21,2.64,2.65,2.62,2.64,659973.02
2013-08-22,2.63,2.66,2.61,2.63,1170662.95
2013-08-23,2.64,2.64,2.56,2.6,1043002.29
2013-08-26,2.6,2.63,2.58,2.62,905603.69
2013-08-27,2.62,2.63,2.6,2.62,643159.65
2013-08-28,2.6,2.62,2.57,2.6,970656.01
2013-08-29,2.6,2.6,2.57,2.6,671256.41
2013-08-30,2.59,2.64,2.58,2.62,1108200.44
2013-09-02,2.62,2.64,2.6,2.63,948936.46
2013-09-03,2.63,2.64,2.62,2.64,981654.69
2013-09-04,2.63,2.64,2.62,2.64,678394.33
2013-09-05,2.64,2.64,2.6,2.6,701874.28
2013-09-06,2.6,2.64,2.59,2.63,932376.4
2013-09-09,2.63,2.69,2.61,2.68,1911482.31
2013-09-10,2.67,2.73,2.65,2.71,1873717.78
2013-09-11,2.73,2.79,2.71,2.75,2458415.93
2013-09-12,2.74,2.82,2.73,2.77,1973194.09
2013-09-13,2.77,2.79,2.72,2.74,1211033.34
2013-09-16,2.74,2.79,2.73,2.76,1133239.17
2013-09-17,2.77,2.77,2.68,2.68,1131761.01
2013-09-18,2.69,2.85,2.67,2.81,1871753.54
2013-09-23,2.79,2.81,2.76,2.79,1332847.93
2013-09-24,2.78,2.78,2.71,2.73,1332307.44
2013-09-25,2.73,2.74,2.68,2.69,939019.9
2013-09-26,2.68,2.69,2.62,2.63,1323822.95
2013-09-27,2.63,2.69,2.62,2.64,810688.38
2013-09-30,2.64,2.66,2.63,2.65,731829.74
2013-10-08,2.79,2.92,2.75,2.92,5556610.15
2013-10-09,2.91,2.94,2.85,2.89,3455715.56
2013-10-10,2.85,2.85,2.77,2.81,2363162.97
2013-10-11,2.81,2.84,2.8,2.83,1647325.21
2013-10-14,2.83,2.83,2.79,2.81,1152600.48
2013-10-15,2.81,2.9,2.79,2.85,1780552.32
2013-10-16,2.84,2.84,2.75,2.76,1242812.21
2013-10-17,2.77,2.79,2.73,2.74,773440.84
2013-10-18,2.74,2.78,2.73,2.76,580802.26
2013-10-21,2.76,2.81,2.73,2.8,921511.69
2013-10-22,2.79,2.8,2.75,2.77,695899.98
2013-10-23,2.77,2.79,2.72,2.73,884529.38
2013-10-24,2.7,2.78,2.69,2.78,1167840.09
2013-10-25,2.77,2.78,2.69,2.72,1144807.61
2013-10-28,2.72,2.73,2.69,2.71,777649.51
2013-10-29,2.72,2.75,2.66,2.69,1551304.87
2013-10-30,2.7,2.73,2.69,2.73,858368.13
2013-10-31,2.73,2.8,2.71,2.78,1392672.85
2013-11-01,2.78,2.78,2.75,2.76,567319.14
2013-11-04,2.77,2.78,2.73,2.75,526695.04
2013-11-05,2.73,2.75,2.7,2.74,647360.87
2013-11-06,2.73,2.76,2.72,2.73,584144.54
2013-11-07,2.73,2.73,2.68,2.69,543959.94
2013-11-08,2.69,2.71,2.66,2.68,554034.33
2013-11-11,2.68,2.68,2.64,2.65,421400.23
2013-11-12,2.67,2.68,2.65,2.68,498251.63
2013-11-13,2.66,2.67,2.6,2.6,856057.05
2013-11-14,2.6,2.63,2.59,2.62,538119.18
2013-11-15,2.62,2.68,2.61,2.65,907069.12
2013-11-18,2.66,2.71,2.64,2.7,1114335.84
2013-11-19,2.7,2.73,2.68,2.69,644489.6
2013-11-20,2.7,2.73,2.68,2.73,781076.27
2013-11-21,2.71,2.72,2.68,2.7,628010.9
2013-11-22,2.71,2.72,2.68,2.69,674541.47
2013-11-25,2.68,2.69,2.66,2.66,813041.24
2013-11-26,2.66,2.68,2.65,2.66,542997.0
2013-11-27,2.66,2.68,2.64,2.68,579269.02
2013-11-28,2.68,2.73,2.67,2.71,1323373.81
2013-11-29,2.72,2.81,2.69,2.78,2271545.19
2013-12-02,2.76,2.82,2.73,2.76,1748304.02
2013-12-03,2.75,2.81,2.73,2.78,1037799.24
2013-12-04,2.79,2.85,2.77,2.83,1805273.92
2013-12-05,2.87,2.87,2.76,2.77,2312028.37
2013-12-06,2.76,2.77,2.73,2.74,865305.75
2013-12-09,2.76,2.77,2.72,2.73,863515.36
2013-12-10,2.73,2.74,2.72,2.73,510395.56
2013-12-11,2.72,2.73,2.68,2.68,699846.51
2013-12-12,2.68,2.73,2.68,2.72,664251.46
2013-12-13,2.69,2.72,2.68,2.69,538306.91
2013-12-16,2.69,2.7,2.64,2.64,657567.59
2013-12-17,2.65,2.66,2.62,2.63,527025.3
2013-12-18,2.63,2.64,2.61,2.63,435249.74
2013-12-19,2.64,2.65,2.61,2.62,726255.56
2013-12-20,2.62,2.63,2.58,2.59,744270.62
2013-12-23,2.59,2.61,2.56,2.59,458301.95
2013-12-24,2.64,2.67,2.58,2.6,755012.46
2013-12-25,2.6,2.61,2.58,2.6,411636.9
2013-12-26,2.6,2.6,2.56,2.56,390871.84
2013-12-27,2.56,2.6,2.56,2.59,489911.69
2013-12-30,2.59,2.61,2.58,2.58,441022.86
2013-12-31,2.58,2.6,2.58,2.6,415157.93
2014-01-02,2.6,2.62,2.59,2.61,517125.11
2014-01-03,2.6,2.61,2.55,2.56,636212.99
2014-01-06,2.56,2.56,2.48,2.49,717430.37
2014-01-07,2.49,2.51,2.48,2.5,380320.76
2014-01-08,2.51,2.51,2.44,2.47,705894.12
2014-01-09,2.47,2.48,2.44,2.44,426158.21
2014-01-10,2.43,2.44,2.41,2.43,637669.4
2014-01-13,2.43,2.44,2.41,2.43,373841.09
2014-01-14,2.43,2.46,2.42,2.46,408816.93
2014-01-15,2.46,2.46,2.42,2.45,436490.43
2014-01-16,2.44,2.46,2.43,2.43,522111.89
2014-01-17,2.43,2.43,2.41,2.42,382176.56
2014-01-20,2.41,2.42,2.39,2.41,431496.86
2014-01-21,2.41,2.44,2.4,2.43,394926.87
2014-01-22,2.43,2.47,2.42,2.47,741973.45
2014-01-23,2.47,2.47,2.43,2.44,560909.8
2014-01-24,2.43,2.47,2.42,2.45,772472.21
2014-01-27,2.43,2.43,2.41,2.42,624335.04
2014-01-28,2.43,2.47,2.42,2.45,602459.28
2014-01-29,2.47,2.47,2.44,2.46,425971.64
2014-01-30,2.45,2.46,2.42,2.43,463887.74
2014-02-07,2.42,2.45,2.42,2.45,381173.22
2014-02-10,2.45,2.49,2.45,2.47,981521.23
2014-02-11,2.47,2.5,2.45,2.49,1131478.75
2014-02-12,2.48,2.52,2.47,2.5,950891.18
2014-02-13,2.51,2.51,2.47,2.48,686269.74
2014-02-14,2.48,2.5,2.47,2.49,670418.02
2014-02-17,2.5,2.56,2.48,2.55,1394743.31
2014-02-18,2.54,2.54,2.49,2.49,989026.89
2014-02-19,2.49,2.53,2.49,2.52,768869.57
2014-02-20,2.52,2.56,2.51,2.54,1332756.63
2014-02-21,2.55,2.56,2.5,2.54,834643.68
2014-02-24,2.52,2.52,2.45,2.48,1079316.65
2014-02-25,2.48,2.49,2.41,2.43,911145.68
2014-02-26,2.43,2.45,2.42,2.45,517170.35
2014-02-27,2.45,2.51,2.43,2.49,1069075.74
2014-02-28,2.49,2.49,2.45,2.47,943195.29
2014-03-03,2.47,2.72,2.47,2.64,4996141.21
2014-03-04,2.6,2.7,2.59,2.65,2125634.77
2014-03-05,2.64,2.66,2.6,2.61,1003489.58
2014-03-06,2.6,2.64,2.56,2.61,1240633.9
2014-03-07,2.6,2.68,2.6,2.63,1279681.97
2014-03-10,2.62,2.64,2.55,2.56,1161194.25
2014-03-11,2.55,2.57,2.51,2.55,836860.26
2014-03-12,2.54,2.54,2.45,2.49,1025275.2
2014-03-13,2.49,2.54,2.47,2.49,1085870.71
2014-03-14,2.48,2.49,2.46,2.49,615058.51
2014-03-17,2.49,2.5,2.47,2.5,753128.12
2014-03-18,2.5,2.51,2.47,2.47,701571.83
2014-03-19,2.48,2.49,2.46,2.48,677116.57
2014-03-20,2.47,2.47,2.44,2.44,847078.1
2014-03-21,2.43,2.51,2.43,2.5,1058530.14
2014-03-24,2.5,2.54,2.47,2.52,1475160.26
2014-03-25,2.51,2.52,2.5,2.51,677347.56
2014-03-26,2.51,2.52,2.49,2.5,428991.54
2014-03-27,2.5,2.51,2.47,2.47,680235.62
2014-03-28,2.47,2.51,2.47,2.5,746633.47
2014-03-31,2.51,2.51,2.47,2.47,512123.92
2014-04-01,2.48,2.49,2.46,2.47,490938.39
2014-04-02,2.48,2.51,2.47,2.5,720656.04
2014-04-03,2.51,2.51,2.47,2.48,729527.84
2014-04-04,2.47,2.49,2.47,2.48,583754.82
2014-04-08,2.48,2.53,2.47,2.52,1580459.91
2014-04-09,2.52,2.53,2.51,2.53,683478.16
2014-04-10,2.52,2.58,2.51,2.56,1603259.11
2014-04-11,2.56,2.57,2.55,2.56,1120224.48
2014-04-14,2.56,2.56,2.53,2.54,550993.44
2014-04-15,2.54,2.54,2.5,2.51,719430.45
2014-04-16,2.51,2.53,2.51,2.52,471309.26
2014-04-17,2.52,2.55,2.51,2.52,448073.49
2014-04-18,2.55,2.57,2.53,2.54,942131.16
2014-04-21,2.51,2.54,2.49,2.49,641110.55
2014-04-22,2.49,2.72,2.47,2.56,1983675.92
2014-04-23,2.51,2.53,2.49,2.51,1132504.72
2014-04-24,2.5,2.52,2.49,2.5,505578.61
2014-04-25,2.51,2.51,2.47,2.47,734157.85
2014-04-28,2.47,2.48,2.43,2.46,940734.84
2014-04-29,2.46,2.49,2.44,2.48,533734.02
2014-04-30,2.5,2.59,2.49,2.57,2547203.59
2014-05-05,2.53,2.55,2.5,2.52,1264399.15
2014-05-06,2.52,2.58,2.51,2.55,1207462.12
2014-05-07,2.55,2.56,2.52,2.56,708730.22
2014-05-08,2.56,2.62,2.55,2.6,1674328.51
2014-05-09,2.58,2.64,2.58,2.61,1898172.38
2014-05-12,2.64,2.67,2.59,2.63,1392599.71
2014-05-13,2.62,2.81,2.62,2.72,3597986.53
2014-05-14,2.71,2.74,2.67,2.68,993466.69
2014-05-15,2.68,2.71,2.59,2.62,1380627.4
2014-05-16,2.61,2.63,2.58,2.62,619777.88
2014-05-19,2.61,2.61,2.57,2.6,550044.5
2014-05-20,2.58,2.6,2.54,2.58,1252765.94
2014-05-21,2.56,2.59,2.55,2.59,410806.44
2014-05-22,2.6,2.66,2.57,2.6,723682.68
2014-05-23,2.6,2.62,2.57,2.6,566769.0
2014-05-26,2.61,2.62,2.57,2.59,598719.86
2014-05-27,2.61,2.61,2.6,2.6,385761.88
2014-05-28,2.6,2.64,2.59,2.63,534660.27
2014-05-29,2.64,2.65,2.61,2.61,317171.84
2014-05-30,2.61,2.65,2.6,2.65,647155.24
2014-06-03,2.64,2.65,2.6,2.6,556717.4
2014-06-04,2.6,2.61,2.57,2.59,372322.74
2014-06-05,2.59,2.63,2.58,2.61,482999.44
2014-06-06,2.61,2.61,2.58,2.6,283395.57
2014-06-09,2.59,2.62,2.58,2.59,430742.24
2014-06-10,2.6,2.6,2.56,2.6,750541.4
2014-06-11,2.6,2.6,2.58,2.6,351131.82
2014-06-12,2.59,2.6,2.57,2.58,334517.22
2014-06-13,2.58,2.6,2.57,2.59,533259.1
2014-06-16,2.6,2.63,2.58,2.63,813507.29
2014-06-17,2.62,2.62,2.58,2.6,504650.72
2014-06-18,2.6,2.6,2.57,2.59,498944.16
2014-06-19,2.59,2.67,2.57,2.6,1189860.99
2014-06-20,2.6,2.64,2.57,2.61,837425.79
2014-06-23,2.61,2.64,2.6,2.6,589827.0
2014-06-24,2.6,2.65,2.6,2.65,1026307.04
2014-06-25,2.63,2.69,2.62,2.66,992036.58
2014-06-26,2.66,2.72,2.65,2.7,1157261.4
2014-06-27,2.71,2.73,2.68,2.71,941858.19
2014-06-30,2.73,2.74,2.65,2.65,1122738.19
2014-07-01,2.66,2.7,2.65,2.69,536153.57
2014-07-02,2.68,2.73,2.68,2.7,899643.69
2014-07-03,2.7,2.74,2.7,2.74,816185.52
2014-07-04,2.74,2.75,2.7,2.72,472753.35
2014-07-07,2.72,2.72,2.69,2.71,453445.07
2014-07-08,2.71,2.74,2.69,2.72,379832.88
2014-07-09,2.71,2.72,2.66,2.68,419073.45
2014-07-10,2.68,2.78,2.67,2.76,1582695.49
2014-07-11,2.74,2.83,2.74,2.79,1104358.3
2014-07-14,2.79,2.87,2.79,2.82,909864.45
2014-07-15,2.82,2.85,2.75,2.76,1272411.91
2014-07-16,2.74,2.81,2.74,2.77,729080.36
2014-07-17,2.78,2.79,2.74,2.74,425619.01
2014-07-18,2.74,2.78,2.74,2.76,473290.17
2014-07-21,2.76,2.79,2.74,2.75,347677.68
2014-07-22,2.74,2.75,2.72,2.74,939374.19
2014-07-23,2.74,2.75,2.72,2.73,795458.83
2014-07-24,2.74,2.79,2.73,2.78,981355.0
2014-07-25,2.78,2.87,2.77,2.87,1732922.45
2014-07-28,2.88,2.91,2.86,2.89,1555002.03
2014-07-29,2.88,2.91,2.84,2.88,1214077.62
2014-07-30,2.89,2.93,2.87,2.91,1433673.97
2014-07-31,2.9,2.91,2.85,2.9,938590.05
2014-08-01,2.88,2.9,2.85,2.85,1390189.19
2014-08-04,2.85,2.97,2.84,2.96,1760880.55
2014-08-05,2.94,2.97,2.93,2.96,817581.88
2014-08-06,2.94,2.95,2.9,2.93,801526.43
2014-08-07,2.93,2.93,2.86,2.87,1205513.48
2014-08-08,2.88,2.89,2.83,2.88,1032787.5
2014-08-11,2.88,2.93,2.87,2.91,1034040.85
2014-08-12,2.9,2.91,2.86,2.87,1076670.65
2014-08-13,2.88,2.89,2.84,2.88,741469.41
2014-08-14,2.87,2.9,2.86,2.87,640176.93
2014-08-15,2.86,2.96,2.86,2.94,1453440.62
2014-08-18,2.94,2.95,2.9,2.93,722873.95
2014-08-19,2.93,2.94,2.88,2.93,1165309.97
2014-08-20,2.92,2.92,2.88,2.89,766013.16
2014-08-21,2.89,2.89,2.83,2.86,965890.27
2014-08-22,2.85,2.87,2.84,2.87,486039.1
2014-08-25,2.86,2.87,2.79,2.82,1455374.87
2014-08-26,2.8,2.82,2.76,2.78,903298.97
2014-08-27,2.78,2.81,2.78,2.79,592961.39
2014-08-28,2.79,2.8,2.77,2.78,598334.46
2014-08-29,2.79,2.88,2.76,2.84,1226778.37
2014-09-01,2.83,2.84,2.81,2.83,937708.61
2014-09-02,2.83,2.88,2.81,2.87,1134783.64
2014-09-03,2.88,2.93,2.87,2.92,1847675.33
2014-09-04,2.93,2.97,2.91,2.94,1652448.9
2014-09-05,2.94,2.97,2.92,2.95,1130804.97
2014-09-09,2.96,2.96,2.93,2.93,616615.49
2014-09-10,2.93,2.93,2.87,2.89,1231714.79
2014-09-11,2.89,2.93,2.88,2.9,935951.97
2014-09-12,2.89,2.93,2.88,2.93,851885.26
2014-09-15,2.91,2.93,2.89,2.92,945150.1
2014-09-16,2.92,3.04,2.89,2.93,2880005.28
2014-09-17,2.92,2.97,2.89,2.93,1430200.17
2014-09-18,2.93,2.93,2.89,2.91,881051.91
2014-09-19,2.92,2.99,2.9,2.96,1467936.85
2014-09-22,2.94,2.96,2.87,2.87,1310399.18
2014-09-23,2.87,2.92,2.87,2.91,1047495.16
2014-09-24,2.89,2.94,2.88,2.93,1433340.89
2014-09-25,2.94,2.97,2.91,2.93,1082310.91
2014-09-26,2.92,2.96,2.9,2.95,1120809.68
2014-09-29,2.94,2.99,2.93,2.96,1438188.41
2014-09-30,2.96,2.97,2.93,2.94,1268804.77
2014-10-08,2.94,2.96,2.92,2.96,1022661.62
2014-10-09,2.96,3.02,2.94,2.98,1890606.95
2014-10-10,2.97,2.97,2.93,2.95,1380271.85
2014-10-13,2.93,2.94,2.9,2.92,1047822.76
2014-10-14,2.91,2.94,2.89,2.92,866317.25
2014-10-15,2.9,2.95,2.89,2.93,985828.03
2014-10-16,2.92,3.01,2.9,2.96,2511129.44
2014-10-17,2.94,2.97,2.89,2.92,1881862.72
2014-10-20,2.92,2.93,2.89,2.91,1088375.15
2014-10-21,2.91,2.91,2.86,2.86,1330302.28
2014-10-22,2.87,2.88,2.84,2.85,883316.43
2014-10-23,2.85,2.85,2.79,2.8,940148.88
2014-10-24,2.81,2.82,2.8,2.81,595329.2
2014-10-27,2.79,2.82,2.76,2.79,835860.8
2014-10-28,2.8,2.84,2.79,2.84,686234.71
2014-10-29,2.84,2.89,2.83,2.88,1400463.65
2014-10-30,2.87,2.95,2.86,2.93,2552826.13
2014-10-31,2.94,3.0,2.93,2.98,3291263.84
2014-11-03,2.99,3.06,2.97,3.01,3471885.95
2014-11-04,2.99,3.11,2.97,3.06,3904405.94
2014-11-05,3.03,3.06,2.99,3.0,1905590.44
2014-11-06,2.99,3.01,2.94,2.97,2073508.28
2014-11-07,2.97,3.02,2.94,2.96,2143271.63
2014-11-10,2.98,3.06,2.97,3.06,2805878.77
2014-11-11,3.07,3.27,3.06,3.15,6228151.4
2014-11-12,3.11,3.13,3.06,3.11,3158348.98
2014-11-13,3.1,3.16,3.06,3.1,3211397.67
2014-11-14,3.08,3.1,3.04,3.08,1867950.65
2014-11-17,3.1,3.12,3.0,3.01,2403505.27
2014-11-18,3.01,3.01,2.95,2.97,2100196.35
2014-11-19,2.96,2.99,2.93,2.97,1480516.95
2014-11-20,2.96,2.97,2.93,2.94,1177870.77
2014-11-21,2.94,2.99,2.93,2.98,1672012.88
2014-11-24,3.02,3.06,2.98,3.04,3544325.69
2014-11-25,3.03,3.09,3.02,3.08,2711277.04
2014-11-26,3.07,3.11,3.05,3.11,2446055.69
2014-11-27,3.11,3.13,3.06,3.1,2682989.31
2014-11-28,3.1,3.24,3.09,3.23,6046399.98
2014-12-01,3.29,3.4,3.23,3.24,6333549.92
2014-12-02,3.23,3.39,3.21,3.39,4508179.53
2014-12-03,3.42,3.5,3.32,3.39,5546213.4
2014-12-04,3.4,3.7,3.39,3.67,6866584.41
2014-12-05,3.69,3.82,3.49,3.66,7571019.12
2014-12-08,3.66,4.03,3.59,4.01,7293209.76
2014-12-09,3.94,4.16,3.62,3.66,9024298.38
2014-12-10,3.66,3.77,3.51,3.72,4894445.02
2014-12-11,3.67,3.77,3.58,3.65,3505767.01
2014-12-12,3.65,3.72,3.62,3.67,2398193.76
2014-12-15,3.64,3.65,3.52,3.61,3394403.73
2014-12-16,3.58,3.73,3.54,3.73,4726978.96
2014-12-17,3.71,3.78,3.64,3.73,4345861.38
2014-12-18,3.76,3.85,3.72,3.83,4784061.61
2014-12-19,3.82,4.13,3.76,4.07,6865777.06
2014-12-22,4.14,4.26,3.9,4.03,7248538.73
2014-12-23,3.96,4.01,3.78,3.8,3997639.54
2014-12-24,3.79,3.84,3.6,3.69,4096472.19
2014-12-25,3.7,3.81,3.68,3.8,3344904.08
2014-12-26,3.8,4.0,3.77,3.91,3902165.28
2014-12-29,3.98,4.06,3.9,3.97,5055143.83
2014-12-30,3.94,3.99,3.83,3.98,3866541.38
2014-12-31,3.94,4.11,3.88,4.07,5140985.82
2015-01-05,4.08,4.43,4.03,4.32,8312544.19
2015-01-06,4.24,4.31,4.15,4.25,5634697.3
2015-01-07,4.2,4.44,4.18,4.4,6156266.79
2015-01-08,4.42,4.42,4.12,4.14,5486684.71
2015-01-09,4.11,4.29,4.08,4.09,5149009.11
2015-01-12,4.08,4.16,3.91,3.99,4109382.85
2015-01-13,3.95,4.03,3.94,3.99,2099828.07
2015-01-14,3.98,4.02,3.89,3.92,2321598.83
2015-01-15,3.93,4.09,3.9,4.08,3039833.08
2015-01-16,4.1,4.15,4.06,4.13,2639420.3
2015-01-19,3.89,3.99,3.72,3.73,4442114.72
2015-01-20,3.76,3.85,3.71,3.8,2903673.63
2015-01-21,3.82,3.99,3.8,3.94,3351215.96
2015-01-22,3.95,3.98,3.89,3.95,2239128.16
2015-01-23,3.95,4.03,3.91,3.94,2500635.17
2015-01-26,3.93,3.98,3.9,3.96,1701428.15
2015-01-27,3.97,3.97,3.77,3.88,2892107.58
2015-01-28,3.84,3.85,3.79,3.8,1853974.14
2015-01-29,3.74,3.77,3.7,3.74,1944234.73
2015-01-30,3.76,3.78,3.7,3.71,1500832.33
2015-02-02,3.66,3.69,3.64,3.65,1486831.72
2015-02-03,3.66,3.73,3.66,3.72,1667434.62
2015-02-04,3.72,3.81,3.71,3.72,1930272.04
2015-02-05,3.8,3.81,3.71,3.73,2070531.46
2015-02-06,3.69,3.69,3.51,3.57,2379292.42
2015-02-09,3.55,3.63,3.54,3.6,1154270.43
2015-02-10,3.59,3.64,3.58,3.62,1097821.63
2015-02-11,3.64,3.76,3.61,3.73,1645020.67
2015-02-12,3.77,4.1,3.74,4.04,5853496.22
2015-02-13,3.88,4.06,3.87,3.99,6115231.24
2015-02-16,3.99,4.39,3.96,4.39,8228154.59
2015-02-17,4.42,4.82,4.38,4.55,9772600.85
2015-02-25,4.59,4.59,4.33,4.35,5675967.96
2015-02-26,4.33,4.41,4.2,4.4,5436625.85
2015-02-27,4.36,4.81,4.31,4.64,7599789.81
2015-03-02,4.64,4.71,4.49,4.59,4691071.01
2015-03-03,4.54,4.57,4.36,4.4,4548860.03
2015-03-04,4.38,4.55,4.35,4.44,3724273.45
2015-03-05,4.39,4.39,4.26,4.35,4043488.62
2015-03-06,4.34,4.37,4.26,4.28,2204615.09
2015-03-09,4.25,4.36,4.16,4.33,2609229.95
2015-03-10,4.34,4.36,4.25,4.26,2138448.25
2015-03-11,4.26,4.31,4.21,4.24,2137541.57
2015-03-12,4.27,4.37,4.24,4.32,2735535.3
2015-03-13,4.33,4.36,4.28,4.31,2290176.73
2015-03-16,4.25,4.4,4.22,4.39,3796154.48
2015-03-17,4.39,4.51,4.37,4.47,4205039.05
2015-03-18,4.49,4.55,4.43,4.54,4133017.45
2015-03-19,4.57,4.75,4.53,4.63,5627785.18
2015-03-20,4.59,4.62,4.52,4.57,4370537.66
2015-03-23,4.57,4.64,4.52,4.61,4273513.68
2015-03-24,4.59,4.59,4.42,4.51,4904277.5
2015-03-25,4.48,4.49,4.38,4.4,3877343.25
2015-03-26,4.36,4.51,4.35,4.48,3471020.53
2015-03-27,4.46,4.47,4.4,4.43,2166738.37
2015-03-30,4.45,4.62,4.43,4.61,5025499.16
2015-03-31,4.64,4.66,4.46,4.49,4730543.89
2015-04-01,4.49,4.95,4.48,4.95,8831257.81
2015-04-02,4.95,4.98,4.77,4.9,8444340.85
2015-04-03,4.86,4.95,4.77,4.89,5119489.04
2015-04-07,4.89,5.2,4.89,5.04,5894345.73
2015-04-08,5.04,5.15,4.92,5.08,5474508.3
2015-04-09,5.07,5.08,4.86,4.95,4327780.96
2015-04-10,4.92,5.05,4.89,5.02,4555735.91
2015-04-13,5.03,5.25,5.0,5.16,5189993.39
2015-04-14,5.13,5.15,5.02,5.07,4120826.37
2015-04-15,5.04,5.22,4.97,5.05,5196364.84
2015-04-16,5.05,5.56,5.01,5.45,9136050.18
2015-04-17,5.51,5.98,5.39,5.81,10812518.86
2015-04-20,5.84,6.39,5.6,6.39,13790868.47
2015-04-21,6.57,6.81,6.09,6.57,13596386.13
2015-04-22,6.45,6.77,6.34,6.57,9480916.09
2015-04-23,6.52,7.22,6.46,7.22,9510216.06
2015-04-24,7.23,7.95,7.12,7.46,17216678.84
2015-04-27,7.32,8.21,7.31,8.21,15350058.81
2015-04-28,7.97,8.83,7.85,8.66,16441121.08
2015-04-29,8.54,8.54,8.03,8.18,9657352.35
2015-04-30,8.09,8.09,7.73,7.82,8861116.07
2015-05-04,7.68,8.5,7.58,8.17,10590801.42
2015-05-05,8.0,8.04,7.35,7.35,9150029.74
2015-05-06,7.33,7.71,7.16,7.4,8155478.96
2015-05-07,7.31,7.52,6.89,7.03,6210948.7
2015-05-08,7.12,7.22,6.86,7.15,6380156.12
2015-05-11,7.22,7.41,6.98,7.35,7453983.26
2015-05-12,7.36,7.63,7.26,7.58,8434977.86
2015-05-13,7.5,7.51,7.2,7.23,6977202.28
2015-05-14,7.31,7.49,7.23,7.28,5260371.79
2015-05-15,7.3,7.33,6.85,7.0,5591309.44
2015-05-18,6.85,7.0,6.71,6.76,4803933.35
2015-05-19,6.78,7.0,6.75,6.98,5580670.76
2015-05-20,7.01,7.2,6.87,6.95,7112015.21
2015-05-21,6.94,7.17,6.85,7.12,6532986.31
2015-05-22,7.14,7.44,7.03,7.41,9229958.81
2015-05-25,7.41,7.6,7.31,7.6,8730204.29
2015-05-26,7.64,7.67,7.35,7.51,7993649.43
2015-05-27,7.5,7.51,7.23,7.3,7093969.03
2015-05-28,7.31,7.89,7.21,7.38,13534986.44
2015-05-29,7.44,7.54,6.75,7.05,8044260.59
2015-06-01,6.94,7.3,6.9,7.27,5890096.81
2015-06-02,7.28,7.61,7.21,7.52,8360813.83
2015-06-03,7.56,7.6,7.33,7.44,6535263.95
2015-06-04,7.47,7.52,6.8,7.36,6109458.5
2015-06-05,7.44,7.65,7.33,7.57,9318222.77
2015-06-08,7.68,8.32,7.68,8.32,12332291.63
2015-06-09,8.57,8.77,8.09,8.46,13913112.67
2015-06-10,8.22,8.37,8.09,8.16,6896922.5
2015-06-11,8.1,8.18,7.81,7.99,6119472.28
2015-06-12,7.99,8.18,7.83,8.01,5511734.87
2015-06-15,8.09,8.13,7.58,7.62,6163096.74
2015-06-16,7.56,7.56,6.89,7.02,6855009.83
2015-06-17,7.02,7.34,6.97,7.28,4600253.87
2015-06-18,7.23,7.28,6.91,6.94,3667268.71
2015-06-19,6.78,6.95,6.28,6.29,4299511.11
2015-06-23,6.33,6.47,5.85,6.39,4765273.38
2015-06-24,6.46,6.8,6.41,6.75,6002138.7
2015-06-25,6.7,6.73,6.23,6.41,4555502.54
2015-06-26,6.16,6.32,5.77,5.77,4856201.73
2015-06-29,5.93,5.97,5.19,5.47,6216575.23
2015-06-30,5.42,6.02,5.34,6.02,6252128.55
2015-07-01,6.02,6.34,5.85,5.92,6493174.54
2015-07-02,5.96,6.16,5.58,5.85,5386851.32
2015-07-03,5.71,6.14,5.28,5.62,5566118.2
2015-07-06,6.18,6.18,5.73,5.99,7671093.08
2015-07-07,5.81,6.2,5.46,5.98,9172937.94
2015-07-08,5.42,5.97,5.39,5.44,9091023.7
2015-07-09,5.03,5.98,4.9,5.98,8658876.96
2015-07-10,5.96,6.57,5.77,6.51,9821331.72
2015-07-13,6.39,6.81,6.13,6.48,9631702.68
2015-07-14,6.27,6.46,5.97,6.05,5889437.5
2015-07-15,5.92,6.02,5.53,5.74,5241915.28
2015-07-16,5.74,5.93,5.53,5.74,2839801.69
2015-07-17,5.81,6.1,5.75,5.98,3636167.95
2015-07-20,5.97,6.02,5.82,5.9,3500902.47
2015-07-21,5.81,6.01,5.73,5.93,3379985.35
2015-07-22,5.86,5.9,5.73,5.81,3026889.78
2015-07-23,5.79,6.37,5.77,6.15,6590743.92
2015-07-24,6.08,6.32,5.89,5.94,5233494.54
2015-07-27,5.81,5.9,5.34,5.34,4356837.69
2015-07-28,5.17,5.3,4.82,5.05,4668570.99
2015-07-29,5.16,5.34,5.08,5.33,3110460.51
2015-07-30,5.27,5.35,5.06,5.12,2582273.65
2015-07-31,5.01,5.23,5.01,5.14,2024489.26
2015-08-03,5.08,5.22,5.02,5.2,2220341.68
2015-08-04,5.2,5.37,5.15,5.34,2019587.48
2015-08-05,5.31,5.34,5.15,5.19,1624404.4
2015-08-06,5.1,5.19,5.07,5.1,1006022.34
2015-08-07,5.16,5.29,5.12,5.21,1522747.22
2015-08-10,5.58,5.73,5.43,5.73,3152012.55
2015-08-11,5.95,6.07,5.75,5.83,6318850.81
2015-08-12,5.73,6.2,5.68,5.96,4869063.19
2015-08-13,5.91,6.03,5.72,5.97,3550411.49
2015-08-14,5.97,6.35,5.9,6.16,5690065.82
2015-08-17,6.05,6.27,5.92,6.17,4235448.94
2015-08-18,6.12,6.27,5.55,5.56,4103287.35
2015-08-19,5.42,6.12,5.42,6.12,7791872.73
2015-08-20,6.06,6.73,5.98,6.37,10982975.73
2015-08-21,6.3,6.58,5.81,6.1,7978886.48
2015-08-24,5.77,5.93,5.49,5.49,5276926.68
2015-08-25,4.97,5.26,4.95,4.95,3861920.43
2015-08-26,4.94,5.17,4.57,4.63,5650223.17
2015-08-27,4.72,4.95,4.46,4.93,4005281.08
2015-08-28,4.98,5.41,4.85,5.34,4940462.36
2015-08-31,5.17,5.45,4.98,5.44,4297026.57
2015-09-01,5.23,5.46,5.06,5.39,5339053.54
2015-09-02,5.15,5.44,5.1,5.27,4325512.28
2015-09-07,5.36,5.56,5.06,5.12,3573749.63
2015-09-08,5.02,5.21,4.86,5.14,2032571.56
2015-09-09,5.15,5.35,5.11,5.29,2491842.57
2015-09-10,5.19,5.25,5.11,5.19,1540705.23
2015-09-11,5.11,5.24,5.06,5.15,1039136.48
2015-09-14,5.27,5.31,4.86,5.21,2850297.57
2015-09-15,5.1,5.1,4.91,5.0,1395054.92
2015-09-16,5.02,5.39,4.92,5.25,2204086.34
2015-09-17,5.19,5.48,5.07,5.13,2720163.45
2015-09-18,5.13,5.22,5.1,5.14,1228056.0
2015-09-21,5.09,5.22,5.05,5.19,1072923.68
2015-09-22,5.19,5.31,5.16,5.23,1566663.04
2015-09-23,5.14,5.18,5.02,5.05,1458487.89
2015-09-24,5.07,5.11,5.0,5.06,914122.76
2015-09-25,5.17,5.42,5.12,5.23,3071003.49
2015-09-28,5.23,5.23,5.0,5.1,1465088.81
2015-09-29,4.99,5.05,4.91,4.99,1058646.03
2015-09-30,5.03,5.05,4.97,4.99,803903.92
2015-10-08,5.12,5.21,5.05,5.1,1426321.38
2015-10-09,5.14,5.14,5.04,5.1,1199044.07
2015-10-12,5.1,5.34,5.1,5.3,2872234.41
2015-10-13,5.23,5.3,5.18,5.26,1737135.43
2015-10-14,5.26,5.35,5.23,5.25,2086458.04
2015-10-15,5.34,5.63,5.32,5.54,3717256.89
2015-10-16,5.52,5.77,5.48,5.67,2896193.13
2015-10-19,5.65,5.88,5.44,5.53,2382695.57
2015-10-20,5.49,5.69,5.44,5.67,1883791.95
2015-10-21,5.68,5.97,5.44,5.77,3269241.71
2015-10-22,5.58,5.92,5.57,5.88,2475131.46
2015-10-23,5.9,5.9,5.68,5.78,2133190.0
2015-10-26,5.82,5.85,5.61,5.67,1850649.6
2015-10-27,5.63,5.63,5.4,5.62,1378001.34
2015-10-28,5.54,5.58,5.43,5.47,1278566.56
2015-10-29,5.49,5.6,5.44,5.51,957434.31
2015-10-30,5.51,5.54,5.4,5.49,947154.96
2015-11-02,5.42,5.44,5.26,5.27,1504943.54
2015-11-03,5.3,5.33,5.23,5.25,768228.26
2015-11-04,5.26,5.49,5.25,5.49,1788228.94
2015-11-05,5.48,6.03,5.44,5.87,6702102.56
2015-11-06,5.73,5.88,5.7,5.83,4179225.46
2015-11-09,5.74,6.0,5.69,5.86,3076117.2
2015-11-10,5.78,5.84,5.73,5.78,2005498.06
2015-11-11,5.77,5.86,5.73,5.83,1800842.4
2015-11-12,5.83,5.84,5.65,5.68,2021194.48
2015-11-13,5.63,5.68,5.54,5.55,1252190.04
2015-11-16,5.46,5.58,5.42,5.57,1115303.45
2015-11-17,5.6,5.71,5.54,5.55,1403999.07
2015-11-18,5.56,5.63,5.49,5.52,922403.48
2015-11-19,5.56,5.68,5.54,5.67,1159903.61
2015-11-20,5.68,5.73,5.61,5.66,1331910.47
2015-11-23,5.63,5.66,5.52,5.54,1048199.75
2015-11-24,5.54,5.55,5.45,5.52,770116.51
2015-11-25,5.51,5.57,5.46,5.53,1143755.86
2015-11-26,5.54,5.59,5.48,5.49,1216446.28
2015-11-27,5.48,5.49,5.07,5.17,1805376.3
2015-11-30,5.15,5.24,4.98,5.16,1471569.48
2015-12-01,5.17,5.19,5.1,5.15,720251.81
2015-12-02,5.11,5.35,5.11,5.31,1265191.34
2015-12-03,5.29,5.38,5.23,5.32,1160212.57
2015-12-04,5.27,5.28,5.16,5.18,987296.27
2015-12-07,5.19,5.23,5.15,5.19,556739.33
2015-12-08,5.19,5.2,5.05,5.07,705793.11
2015-12-09,5.07,5.12,5.05,5.08,487743.94
2015-12-10,5.08,5.11,5.0,5.03,677844.67
2015-12-11,5.02,5.04,4.98,5.01,591909.35
2015-12-14,4.98,5.18,4.95,5.16,984873.23
2015-12-15,5.15,5.19,5.08,5.1,835551.66
2015-12-16,5.13,5.25,5.1,5.18,959342.56
2015-12-17,5.2,5.27,5.17,5.24,1080411.87
2015-12-18,5.23,5.35,5.19,5.21,1090053.2
2015-12-21,5.17,5.31,5.15,5.29,1529636.64
2015-12-22,5.29,5.34,5.24,5.28,854688.57
2015-12-23,5.28,5.3,5.2,5.21,839412.0
2015-12-24,5.21,5.29,5.1,5.17,836212.43
2015-12-25,5.18,5.19,5.15,5.19,447880.43
2015-12-28,5.24,5.44,5.19,5.21,2624721.36
2015-12-29,5.15,5.2,5.06,5.15,918854.76
2015-12-30,5.15,5.33,5.1,5.24,1310194.07
2015-12-31,5.19,5.22,5.11,5.13,692383.28
2016-01-04,5.13,5.15,4.78,4.81,938569.54
2016-01-05,4.71,4.87,4.57,4.75,1572502.38
2016-01-06,4.76,4.86,4.74,4.78,1600649.51
2016-01-07,4.76,4.76,4.37,4.4,288971.0
2016-01-08,4.5,4.63,4.26,4.53,1463062.89
2016-01-11,4.47,4.5,4.15,4.17,1397033.38
2016-01-12,4.22,4.25,4.12,4.17,967269.33
2016-01-13,4.22,4.36,4.12,4.14,1400745.92
2016-01-14,3.98,4.2,3.94,4.16,1421675.23
2016-01-15,4.13,4.13,3.88,3.92,1476873.45
2016-01-18,3.83,4.0,3.8,3.92,821480.48
2016-01-19,3.92,4.07,3.88,4.04,1049531.92
2016-01-20,3.99,4.04,3.91,3.95,1063606.22
2016-01-21,3.89,4.03,3.82,3.83,1111965.69
2016-01-22,3.88,3.88,3.73,3.87,1056094.95
2016-01-25,3.87,3.89,3.8,3.83,730293.49
2016-01-26,3.81,3.81,3.45,3.45,1500880.94
2016-01-27,3.47,3.49,3.2,3.39,1439946.27
2016-01-28,3.31,3.39,3.2,3.22,884274.32
2016-01-29,3.24,3.39,3.24,3.36,1170268.23
2016-02-01,3.34,3.35,3.23,3.29,870616.29
2016-02-02,3.28,3.4,3.26,3.37,795256.25
2016-02-03,3.33,3.43,3.29,3.38,741294.32
2016-02-04,3.4,3.46,3.38,3.42,907929.18
2016-02-05,3.42,3.44,3.34,3.35,716033.35
2016-02-15,3.27,3.35,3.24,3.33,526151.05
2016-02-16,3.36,3.48,3.34,3.46,1160319.7
2016-02-17,3.45,3.55,3.44,3.52,1261335.75
2016-02-18,3.55,3.6,3.5,3.54,1200606.59
2016-02-19,3.52,3.6,3.49,3.54,850137.36
2016-02-22,3.57,3.71,3.55,3.68,1466251.47
2016-02-23,3.68,3.68,3.54,3.6,1150189.79
2016-02-24,3.57,3.71,3.53,3.69,1268047.63
2016-02-25,3.64,3.65,3.34,3.38,1441173.07
2016-02-26,3.42,3.45,3.37,3.41,840804.34
2016-02-29,3.4,3.4,3.23,3.34,1119805.68
2016-03-01,3.34,3.43,3.3,3.39,628668.5
2016-03-02,3.42,3.55,3.38,3.53,1220537.13
2016-03-03,3.52,3.55,3.49,3.54,1051266.37
2016-03-04,3.52,3.65,3.49,3.63,2220695.04
2016-03-07,3.61,3.67,3.57,3.62,987075.54
2016-03-08,3.6,3.62,3.45,3.61,1194028.49
2016-03-09,3.52,3.59,3.47,3.58,1052676.88
2016-03-10,3.53,3.56,3.49,3.5,468286.99
2016-03-11,3.47,3.53,3.45,3.52,430411.28
2016-03-14,3.55,3.63,3.52,3.57,774949.28
2016-03-15,3.56,3.59,3.5,3.57,624500.84
2016-03-16,3.56,3.64,3.55,3.62,1455465.31
2016-03-17,3.62,3.71,3.59,3.66,1478050.45
2016-03-18,3.66,3.72,3.6,3.64,2577007.98
2016-03-21,3.68,3.82,3.65,3.75,2481381.32
2016-03-22,3.73,3.75,3.67,3.72,1577461.12
2016-03-23,3.7,3.75,3.69,3.74,975426.1
2016-03-24,3.73,3.73,3.64,3.65,816335.51
2016-03-25,3.63,3.66,3.55,3.61,1333357.86
2016-03-28,3.61,3.64,3.55,3.58,784478.24
2016-03-29,3.58,3.58,3.48,3.51,821363.58
2016-03-30,3.53,3.63,3.52,3.61,990857.0
2016-03-31,3.64,3.72,3.58,3.64,1549286.16
2016-04-01,3.64,3.79,3.63,3.77,2593734.75
2016-04-05,3.73,3.79,3.68,3.77,1813483.17
2016-04-06,3.73,3.76,3.69,3.73,1173419.17
2016-04-07,3.73,3.74,3.65,3.66,1055960.7
2016-04-08,3.63,3.64,3.57,3.6,848930.55
2016-04-11,3.62,3.68,3.62,3.66,893824.2
2016-04-12,3.65,3.66,3.61,3.63,667931.28
2016-04-13,3.65,3.73,3.64,3.68,1405414.05
2016-04-14,3.71,3.72,3.68,3.71,647491.07
2016-04-15,3.71,3.72,3.65,3.67,748455.34
2016-04-18,3.64,3.65,3.59,3.61,824301.06
2016-04-19,3.63,3.63,3.58,3.59,656114.98
2016-04-20,3.6,3.61,3.34,3.48,1437004.23
2016-04-21,3.44,3.47,3.42,3.44,691300.97
2016-04-22,3.41,3.44,3.36,3.43,677610.92
2016-04-25,3.41,3.42,3.34,3.39,625036.23
2016-04-26,3.39,3.4,3.35,3.39,565977.34
2016-04-27,3.4,3.43,3.38,3.39,441623.73
2016-04-28,3.39,3.4,3.34,3.38,409110.17
2016-04-29,3.37,3.38,3.34,3.35,359936.92
2016-05-03,3.36,3.43,3.34,3.42,692263.41
2016-05-04,3.4,3.44,3.39,3.42,557597.04
2016-05-05,3.41,3.44,3.4,3.42,425336.24
2016-05-06,3.42,3.46,3.34,3.34,837843.78
2016-05-09,3.32,3.33,3.24,3.25,754886.17
2016-05-10,3.24,3.28,3.24,3.26,351525.45
2016-05-11,3.27,3.31,3.24,3.27,477426.59
2016-05-12,3.25,3.27,3.21,3.26,403287.48
2016-05-13,3.26,3.28,3.24,3.24,280685.6
2016-05-16,3.24,3.28,3.22,3.27,342548.21
2016-05-17,3.26,3.27,3.24,3.25,289344.9
2016-05-18,3.24,3.25,3.19,3.22,593210.41
2016-05-19,3.22,3.24,3.2,3.21,396221.87
2016-05-20,3.19,3.22,3.17,3.21,424254.54
2016-05-23,3.21,3.24,3.21,3.24,457272.49
2016-05-24,3.24,3.24,3.2,3.21,278360.23
2016-05-25,3.23,3.24,3.2,3.21,259170.56
2016-05-26,3.21,3.24,3.19,3.22,347902.47
2016-05-27,3.22,3.24,3.2,3.21,238232.91
2016-05-30,3.21,3.23,3.19,3.23,436847.69
2016-05-31,3.2,3.34,3.19,3.32,963053.62
2016-06-01,3.31,3.32,3.29,3.29,522719.86
2016-06-02,3.29,3.3,3.26,3.29,368309.96
2016-06-03,3.29,3.31,3.27,3.29,455849.92
2016-06-06,3.29,3.3,3.26,3.29,271334.45
2016-06-07,3.29,3.29,3.26,3.27,288012.62
2016-06-08,3.28,3.28,3.24,3.25,327695.62
2016-06-13,3.23,3.24,3.18,3.19,546768.2
2016-06-14,3.17,3.2,3.17,3.2,307544.66
2016-06-15,3.18,3.24,3.17,3.22,391896.76
2016-06-16,3.21,3.23,3.17,3.19,565144.68
2016-06-17,3.19,3.2,3.17,3.19,1044954.89
2016-06-20,3.19,3.19,3.17,3.19,473111.55
2016-06-21,3.19,3.21,3.15,3.17,664298.23
2016-06-22,3.16,3.19,3.15,3.18,469044.99
2016-06-23,3.18,3.28,3.16,3.19,1596966.28
2016-06-24,3.19,3.21,3.11,3.17,873777.91
2016-06-27,3.15,3.2,3.14,3.19,548350.33
2016-06-28,3.19,3.19,3.15,3.19,789493.11
2016-06-29,3.19,3.24,3.18,3.2,1025665.5
2016-06-30,3.22,3.22,3.19,3.21,618004.81
2016-07-01,3.22,3.24,3.21,3.22,461743.22
2016-07-04,3.21,3.27,3.2,3.26,1078071.69
2016-07-05,3.26,3.33,3.25,3.3,1093054.63
2016-07-06,3.28,3.3,3.25,3.3,814899.75
2016-07-07,3.3,3.35,3.27,3.32,914419.66
2016-07-08,3.32,3.32,3.28,3.3,536683.83
2016-07-11,3.3,3.33,3.28,3.29,671448.81
2016-07-12,3.29,3.45,3.29,3.41,2184433.97
2016-07-13,3.42,3.76,3.41,3.66,3769923.2
2016-07-14,3.61,3.62,3.55,3.59,1410157.26
2016-07-15,3.58,3.61,3.55,3.58,861790.15
2016-07-18,3.61,3.69,3.56,3.62,1503401.33
2016-07-19,3.6,3.62,3.52,3.57,869392.79
2016-07-20,3.57,3.58,3.54,3.55,513465.52
2016-07-21,3.55,3.57,3.52,3.55,585940.98
2016-07-22,3.55,3.56,3.51,3.54,590872.19
2016-07-25,3.53,3.54,3.5,3.51,330359.88
2016-07-26,3.51,3.65,3.51,3.62,1135709.29
2016-07-27,3.62,3.67,3.5,3.65,2076653.89
2016-07-28,3.62,3.78,3.59,3.71,1588832.89
2016-07-29,3.67,3.75,3.58,3.59,944812.92
2016-08-01,3.56,3.57,3.49,3.53,575966.44
2016-08-02,3.53,3.57,3.52,3.57,226641.45
2016-08-03,3.57,3.63,3.56,3.59,537291.75
2016-08-04,3.59,3.62,3.54,3.61,409756.37
2016-08-05,3.6,3.61,3.55,3.57,246822.67
2016-08-08,3.56,3.58,3.53,3.58,343844.74
2016-08-09,3.57,3.6,3.55,3.58,375558.19
2016-08-10,3.58,3.66,3.58,3.6,512687.78
2016-08-11,3.6,3.62,3.55,3.56,287516.0
2016-08-12,3.56,3.62,3.55,3.62,442707.91
2016-08-15,3.61,3.77,3.6,3.73,1773317.83
2016-08-16,3.74,3.9,3.73,3.78,2023212.51
2016-08-17,3.78,3.84,3.71,3.74,722257.47
2016-08-18,3.74,3.9,3.72,3.85,1679169.01
2016-08-19,3.84,3.87,3.77,3.84,1040077.2
2016-08-22,3.84,3.86,3.74,3.76,623453.03
2016-08-23,3.75,3.78,3.69,3.73,580375.3
2016-08-24,3.72,3.74,3.68,3.69,423007.85
2016-08-25,3.68,3.68,3.62,3.65,563623.98
2016-08-26,3.65,3.68,3.62,3.66,499944.85
2016-08-29,3.65,3.66,3.55,3.59,774114.63
2016-08-30,3.59,3.61,3.58,3.61,390559.88
2016-08-31,3.6,3.62,3.58,3.61,342310.06
2016-09-01,3.62,3.62,3.56,3.57,576797.97
2016-09-02,3.57,3.57,3.55,3.57,354624.53
2016-09-05,3.57,3.6,3.56,3.57,313156.25
2016-09-06,3.57,3.62,3.54,3.61,618841.19
2016-09-07,3.61,3.64,3.59,3.6,534904.43
2016-09-08,3.61,3.62,3.58,3.6,304008.07
2016-09-09,3.6,3.61,3.57,3.57,360970.89
2016-09-12,3.54,3.54,3.45,3.51,769925.32
2016-09-13,3.51,3.51,3.47,3.48,276080.97
2016-09-14,3.48,3.48,3.44,3.45,341293.14
2016-09-19,3.46,3.48,3.45,3.46,255683.38
2016-09-20,3.46,3.46,3.42,3.44,295845.67
2016-09-21,3.44,3.46,3.43,3.45,286325.81
2016-09-22,3.46,3.48,3.45,3.46,337220.76
2016-09-23,3.47,3.56,3.47,3.53,835074.89
2016-09-26,3.52,3.52,3.45,3.46,429462.73
2016-09-27,3.44,3.49,3.44,3.48,244029.2
2016-09-28,3.48,3.54,3.46,3.52,459664.43
2016-09-29,3.51,3.56,3.51,3.51,252461.38
2016-09-30,3.51,3.56,3.49,3.5,284269.27
2016-10-10,3.63,3.69,3.59,3.67,1868438.66
2016-10-11,3.67,4.05,3.64,4.05,4617289.76
2016-10-12,4.13,4.16,3.94,3.99,3938570.6
2016-10-13,3.97,4.05,3.93,3.98,1981973.05
2016-10-14,3.97,4.37,3.93,4.36,5283276.83
2016-10-17,4.24,4.43,4.21,4.26,3788374.38
2016-10-18,4.23,4.42,4.2,4.31,2837279.77
2016-10-19,4.32,4.71,4.3,4.47,4507145.16
2016-10-20,4.43,4.56,4.4,4.47,2414176.31
2016-10-21,4.43,4.59,4.4,4.52,2424283.72
2016-10-24,4.52,4.56,4.43,4.49,2058769.3
2016-10-25,4.49,4.52,4.37,4.44,2431557.88
2016-10-26,4.41,4.52,4.37,4.5,2482598.75
2016-10-27,4.47,4.48,4.34,4.37,1918904.47
2016-10-28,4.36,4.42,4.32,4.32,1394309.31
2016-10-31,4.32,4.35,4.3,4.32,958187.19
2016-11-01,4.32,4.43,4.31,4.37,1550585.79
2016-11-02,4.36,4.37,4.27,4.29,1323338.16
2016-11-03,4.37,4.48,4.26,4.44,3290612.22
2016-11-04,4.43,4.76,4.41,4.55,4140187.1
2016-11-07,4.51,4.59,4.44,4.54,1814067.71
2016-11-08,4.55,4.57,4.45,4.48,1584027.07
2016-11-09,4.47,4.49,4.3,4.37,1845122.13
2016-11-10,4.42,4.46,4.36,4.4,1221406.75
2016-11-11,4.37,4.53,4.33,4.47,2147502.85
2016-11-14,4.63,4.78,4.48,4.68,3967744.01
2016-11-15,4.64,4.66,4.53,4.57,1862676.09
2016-11-16,4.58,4.89,4.48,4.81,3868114.84
2016-11-17,4.75,5.12,4.73,5.03,4423235.8
2016-11-18,4.98,5.08,4.93,5.0,2579408.02
2016-11-21,5.02,5.07,4.94,5.0,1739409.53
2016-11-22,5.0,5.22,4.97,5.04,3152514.59
2016-11-23,5.0,5.02,4.86,4.89,2338794.35
2016-11-24,4.89,4.93,4.85,4.91,1259584.67
2016-11-25,4.89,5.0,4.86,5.0,1727420.52
2016-11-28,5.02,5.18,4.99,5.1,2255975.07
2016-11-29,5.07,5.3,5.03,5.18,3286074.78
2016-11-30,5.12,5.71,5.1,5.61,7701639.2
2016-12-01,5.7,6.18,5.56,6.18,10253809.37
2016-12-02,6.15,6.21,5.72,5.77,7264234.04
2016-12-05,5.52,5.95,5.44,5.71,5489721.53
2016-12-06,5.71,5.81,5.48,5.6,3481546.35
2016-12-07,5.56,5.59,5.38,5.53,3213739.0
2016-12-08,5.61,5.96,5.56,5.91,5451651.71
2016-12-09,5.85,5.97,5.69,5.91,4033426.02
2016-12-12,5.9,6.14,5.67,5.74,4830171.14
2016-12-13,5.66,6.12,5.63,6.09,5151627.76
2016-12-14,6.01,6.25,5.76,5.77,6688276.81
2016-12-15,5.61,5.77,5.53,5.68,3713365.87
2016-12-16,5.65,5.86,5.65,5.72,2645930.91
2016-12-19,5.85,5.98,5.75,5.78,2589665.78
2016-12-20,5.79,6.0,5.65,5.98,3987042.42
2016-12-21,6.03,6.49,5.96,6.21,7040678.05
2016-12-22,6.17,6.49,6.12,6.47,5084536.03
2016-12-23,6.49,6.79,6.41,6.58,6120220.35
2016-12-26,6.49,6.71,6.41,6.58,3378647.73
2016-12-27,6.61,6.67,6.27,6.36,4280364.38
2016-12-28,6.33,6.49,6.24,6.48,2832467.27
2016-12-29,6.42,6.51,6.3,6.36,2192056.38
2016-12-30,6.41,6.41,6.09,6.16,2940621.73
2017-01-03,6.11,6.37,6.09,6.27,2423096.82
2017-01-04,6.24,6.3,6.15,6.26,2009613.9
2017-01-05,6.23,6.63,6.21,6.61,3602153.83
2017-01-06,6.53,6.63,6.42,6.47,2813316.45
2017-01-09,6.46,6.56,6.33,6.5,2263654.21
2017-01-10,6.46,6.57,6.34,6.36,2152273.88
2017-01-11,6.3,6.34,5.72,5.82,4958848.55
2017-01-12,5.71,5.79,5.5,5.62,3558404.69
2017-01-13,5.56,5.73,5.55,5.59,2040527.86
2017-01-16,5.55,5.63,5.23,5.55,4241637.96
2017-01-17,5.48,5.56,5.4,5.53,1924151.86
2017-01-18,5.55,5.68,5.54,5.58,1728415.05
2017-01-19,5.52,5.56,5.24,5.28,2671735.46
2017-01-20,5.27,5.39,5.18,5.32,1870921.14
2017-01-23,5.31,5.39,5.29,5.35,1324297.37
2017-01-24,5.34,5.39,5.31,5.33,1252200.9
2017-01-25,5.31,5.59,5.27,5.55,2705718.27
2017-01-26,5.48,5.57,5.44,5.51,1723252.01
2017-02-03,5.49,5.58,5.49,5.5,1078668.25
2017-02-06,5.49,5.51,5.35,5.5,1731386.35
2017-02-07,5.46,5.56,5.41,5.48,1336456.19
2017-02-08,5.47,5.77,5.44,5.72,3325729.77
2017-02-09,5.69,5.75,5.66,5.72,1897591.17
2017-02-10,5.71,5.86,5.68,5.71,2041974.12
2017-02-13,5.66,5.79,5.65,5.77,1405675.13
2017-02-14,5.76,5.8,5.69,5.75,1237480.01
2017-02-15,5.76,5.76,5.66,5.67,1276936.69
2017-02-16,5.68,5.71,5.61,5.67,1301214.87
2017-02-17,5.64,5.66,5.46,5.48,2105226.05
2017-02-20,5.44,5.55,5.4,5.51,1252811.73
2017-02-21,5.5,5.63,5.48,5.55,1322915.67
2017-02-22,5.54,5.6,5.5,5.55,949230.7
2017-02-23,5.55,5.57,5.5,5.52,848479.24
2017-02-24,5.52,6.07,5.5,5.97,4776079.89
2017-02-27,5.9,6.01,5.84,5.93,2552051.46
2017-02-28,5.93,5.95,5.77,5.93,2124966.16
2017-03-01,5.89,6.24,5.87,6.06,3700786.78
2017-03-02,6.06,6.19,5.97,6.0,2015787.89
2017-03-03,5.95,6.05,5.88,5.97,1691848.14
2017-03-06,5.94,6.14,5.89,6.08,1756989.96
2017-03-07,6.21,6.36,6.02,6.04,3638221.27
2017-03-08,6.04,6.64,5.99,6.49,6773573.36
2017-03-09,6.41,6.62,6.4,6.53,4079139.42
2017-03-10,6.53,6.61,6.36,6.56,3007780.23
2017-03-13,6.52,6.52,6.2,6.25,4266654.64
2017-03-14,6.2,6.3,6.2,6.22,1785109.78
2017-03-15,6.22,6.38,6.17,6.3,2448109.15
2017-03-16,6.32,6.52,6.28,6.48,3112260.56
2017-03-17,6.46,6.71,6.39,6.55,4220792.11
2017-03-20,6.56,6.66,6.42,6.55,2391224.82
2017-03-21,6.5,6.52,6.42,6.46,1473474.7
2017-03-22,6.42,6.52,6.25,6.46,2312127.96
2017-03-23,6.46,6.59,6.41,6.57,2546437.77
2017-03-24,6.6,6.62,6.42,6.46,2549155.6
2017-03-27,6.45,6.5,6.33,6.35,1755805.29
2017-03-28,6.34,6.36,6.15,6.27,1790875.74
2017-03-29,6.24,6.39,6.2,6.26,1608335.55
2017-03-30,6.24,6.36,6.17,6.19,1532072.68
2017-03-31,6.17,6.35,6.17,6.3,1256923.09
2017-08-21,6.93,6.93,6.93,6.93,218113.41
2017-08-22,7.62,7.62,7.42,7.62,6921996.67
2017-08-23,7.67,7.83,7.51,7.55,9804724.19
2017-08-24,7.42,7.46,6.93,7.05,8591212.08
2017-08-25,6.99,7.18,6.88,7.06,5637829.13
2017-08-28,7.01,7.13,6.91,7.04,5297743.43
2017-08-29,7.03,7.1,6.95,7.03,3851259.88
2017-08-30,7.02,7.06,6.83,6.91,4721845.13
2017-08-31,6.86,6.9,6.68,6.78,5446100.51
2017-09-01,6.78,6.85,6.67,6.71,4296144.87
2017-09-04,6.67,6.81,6.64,6.79,3894929.73
2017-09-05,6.78,6.78,6.64,6.65,3083360.8
2017-09-06,6.62,6.7,6.53,6.64,2972054.44
2017-09-07,6.63,6.73,6.56,6.67,2782656.12
2017-09-08,6.63,6.65,6.51,6.52,2214942.82
2017-09-11,6.5,6.53,6.32,6.36,4365453.49
2017-09-12,6.37,6.44,6.33,6.39,2952439.61
2017-09-13,6.38,6.38,6.3,6.3,2038589.48
2017-09-14,6.32,6.38,6.29,6.3,2144939.56
2017-09-15,6.31,6.31,6.15,6.16,3228468.42
2017-09-18,6.2,6.24,6.01,6.17,5479115.17
2017-09-19,6.14,6.17,6.06,6.11,3125997.51
2017-09-20,6.11,6.18,6.07,6.08,3271482.91
2017-09-21,6.11,6.45,6.09,6.3,7781185.45
2017-09-22,6.25,6.33,6.2,6.25,2973538.99
2017-09-25,6.23,6.24,6.04,6.05,3068276.71
2017-09-26,6.06,6.2,6.04,6.17,2601089.53
2017-09-27,6.14,6.32,6.13,6.3,3374221.94
2017-09-28,6.32,6.37,6.26,6.27,2628313.83
2017-09-29,6.28,6.31,6.19,6.25,2529695.52
2017-10-09,6.33,6.35,6.12,6.14,4209440.45
2017-10-10,6.13,6.17,6.03,6.07,3356993.91
2017-10-11,6.05,6.07,5.97,6.03,2712754.37
2017-10-12,6.06,6.25,6.02,6.17,4036318.29
2017-10-13,6.13,6.15,6.09,6.11,1710565.16
2017-10-16,6.14,6.22,6.07,6.08,2010277.36
2017-10-17,6.05,6.1,6.03,6.08,1172069.7
2017-10-18,6.08,6.12,6.01,6.04,1348497.02
2017-10-19,6.03,6.03,5.83,5.83,2799174.33
2017-10-20,5.87,5.93,5.86,5.89,1536384.24
2017-10-23,5.93,6.03,5.87,6.0,2183810.16
2017-10-24,5.98,5.99,5.91,5.95,1298661.26
2017-10-25,5.95,6.03,5.92,5.97,1195020.92
2017-10-26,5.95,6.03,5.94,6.01,1649612.66
2017-10-27,6.07,6.34,6.07,6.2,6216193.7
2017-10-30,6.2,6.45,6.11,6.45,7086791.07
2017-10-31,6.41,6.47,6.33,6.44,3726646.2
2017-11-01,6.45,6.68,6.41,6.57,5519598.19
2017-11-02,6.57,6.64,6.41,6.45,3862081.97
2017-11-03,6.42,6.45,6.21,6.29,3754199.61
2017-11-06,6.3,6.39,6.19,6.38,3171908.15
2017-11-07,6.4,6.73,6.38,6.72,6699687.9
2017-11-08,6.69,6.78,6.59,6.63,4610783.88
2017-11-09,6.63,6.93,6.58,6.9,5924744.82
2017-11-10,6.87,6.98,6.84,6.95,4697474.04
2017-11-13,6.95,6.98,6.86,6.95,3249241.16
2017-11-14,6.92,6.93,6.58,6.62,5510963.22
2017-11-15,6.58,6.84,6.57,6.75,3916154.88
2017-11-16,6.7,6.76,6.58,6.7,2711521.93
2017-11-17,6.73,6.95,6.68,6.72,5506167.04
2017-11-20,6.58,6.84,6.52,6.84,4226455.09
2017-11-21,6.8,6.95,6.71,6.94,6001884.38
2017-11-22,6.89,7.05,6.84,6.89,5314421.82
2017-11-23,6.93,7.11,6.84,6.9,6905157.77
2017-11-24,6.83,6.86,6.54,6.56,5246516.28
2017-11-27,6.5,6.5,5.94,6.0,6047726.5
2017-11-28,5.95,6.07,5.92,6.04,3321234.12
2017-11-29,6.04,6.06,5.88,5.95,2915985.29
2017-11-30,5.96,5.97,5.86,5.87,2496688.39
2017-12-01,5.87,6.0,5.87,5.93,1911768.14
2017-12-04,5.93,6.06,5.93,6.0,2055639.73
2017-12-05,5.98,5.99,5.89,5.94,1977483.52
2017-12-06,5.92,5.93,5.82,5.91,2035013.18
2017-12-07,5.88,5.93,5.84,5.84,1405661.54
2017-12-08,5.84,5.93,5.82,5.88,1704507.02
2017-12-11,5.9,5.97,5.87,5.96,1974294.4
2017-12-12,5.95,5.96,5.85,5.86,1538850.75
2017-12-13,5.86,5.93,5.84,5.89,1117723.45
2017-12-14,5.9,5.92,5.83,5.87,1161517.18
2017-12-15,5.85,5.86,5.74,5.76,2246729.62
2017-12-18,5.77,5.82,5.62,5.66,1895945.82
2017-12-19,5.66,5.71,5.65,5.71,1200727.52
2017-12-20,5.71,5.71,5.54,5.55,1872774.55
2017-12-21,5.53,5.67,5.45,5.63,2203129.77
2017-12-22,5.62,5.67,5.58,5.59,1108075.15
2017-12-25,5.59,5.63,5.49,5.5,1096822.81
2017-12-26,5.5,5.58,5.47,5.57,1274599.59
2017-12-27,5.57,5.57,5.46,5.49,1561648.08
2017-12-28,5.47,5.49,5.37,5.4,1739670.54
2017-12-29,5.4,5.41,5.31,5.34,1675329.91
2018-01-02,5.35,5.44,5.34,5.43,1558388.68
2018-01-03,5.43,5.69,5.4,5.65,3443761.15
2018-01-04,5.65,5.67,5.58,5.63,1625845.06
2018-01-05,5.61,5.76,5.59,5.67,2521846.61
2018-01-08,5.65,5.76,5.61,5.76,2288682.32
2018-01-09,5.74,5.76,5.69,5.72,1403784.91
2018-01-10,5.71,5.72,5.61,5.63,1860930.47
2018-01-11,5.61,5.73,5.61,5.67,1728510.24
2018-01-12,5.65,5.66,5.57,5.59,1509795.87
2018-01-15,5.56,5.56,5.39,5.4,2097717.0
2018-01-16,5.39,5.48,5.38,5.45,1167409.31
2018-01-17,5.47,5.76,5.42,5.74,4735360.24
2018-01-18,5.71,5.78,5.69,5.77,3062982.15
2018-01-19,5.78,5.86,5.72,5.81,3057804.74
2018-01-22,5.83,5.85,5.73,5.77,2089864.12
2018-01-23,5.75,5.87,5.71,5.87,2860502.1
2018-01-24,5.93,5.98,5.81,5.86,3004216.92
2018-01-25,5.9,6.24,5.88,6.13,5733688.37
2018-01-26,6.09,6.13,6.04,6.11,2488444.85
2018-01-29,6.1,6.25,5.98,6.02,2903928.88
2018-01-30,5.99,6.06,5.82,5.82,2316091.94
2018-01-31,5.82,5.96,5.79,5.88,1997873.53
2018-02-01,5.87,5.93,5.63,5.65,2654865.12
2018-02-02,5.66,5.78,5.59,5.77,2025867.48
2018-02-05,5.66,5.88,5.62,5.82,2515593.35
2018-02-06,5.64,5.75,5.42,5.49,2904341.41
2018-02-07,5.6,5.64,5.36,5.5,2452190.23
2018-02-08,5.48,5.58,5.45,5.5,1305514.43
2018-02-09,5.35,5.38,4.96,5.07,3331061.66
2018-02-12,5.12,5.22,5.11,5.17,1635333.72
2018-02-13,5.23,5.28,5.13,5.15,1562285.56
2018-02-14,5.18,5.18,5.09,5.17,883742.28
2018-02-22,5.22,5.28,5.19,5.27,1359068.91
2018-02-23,5.28,5.37,5.24,5.3,1304189.71
2018-02-26,5.34,5.53,5.28,5.49,2501936.47
2018-02-27,5.5,5.51,5.42,5.44,1387476.4
2018-02-28,5.4,5.49,5.35,5.41,1304568.83
2018-03-01,5.38,5.47,5.34,5.39,1241564.34
2018-03-02,5.37,5.54,5.34,5.43,1451537.69
2018-03-05,5.42,5.48,5.34,5.38,1214754.34
2018-03-06,5.33,5.33,5.18,5.32,2141919.33
2018-03-07,5.29,5.31,5.21,5.22,1206798.0
2018-03-08,5.2,5.28,5.2,5.24,874283.43
2018-03-09,5.25,5.31,5.23,5.31,1412676.52
2018-03-12,5.36,5.38,5.31,5.36,1549318.24
2018-03-13,5.35,5.35,5.26,5.28,1242506.51
2018-03-14,5.25,5.27,5.21,5.22,1103114.35
2018-03-15,5.19,5.29,5.18,5.25,1137850.19
2018-03-16,5.27,5.28,5.19,5.2,1132857.36
2018-03-19,5.22,5.23,5.18,5.19,803052.74
2018-03-20,5.15,5.18,5.12,5.18,931768.79
2018-03-21,5.18,5.25,5.16,5.17,1217847.47
2018-03-22,5.18,5.2,5.11,5.12,1023202.95
2018-03-23,4.97,5.0,4.69,4.78,2570676.1
2018-03-26,4.75,4.76,4.59,4.75,1305749.15
2018-03-27,4.8,4.92,4.8,4.88,1508620.46
2018-03-28,4.8,4.88,4.76,4.79,986175.31
2018-03-29,4.81,4.91,4.78,4.87,1076042.36
2018-03-30,4.91,4.91,4.85,4.86,778727.59
2018-04-02,4.88,4.9,4.79,4.8,1022568.44
2018-04-03,4.74,4.79,4.69,4.76,1189336.76
2018-04-04,4.76,4.8,4.69,4.7,920211.19
2018-04-09,4.7,4.74,4.65,4.69,938966.07
2018-04-10,4.71,4.79,4.67,4.78,1035730.51
2018-04-11,4.79,4.81,4.75,4.77,995508.32
2018-04-12,4.76,4.76,4.7,4.71,761504.13
2018-04-13,4.73,4.76,4.69,4.71,610659.45
2018-04-16,4.69,4.7,4.59,4.61,1107268.88
2018-04-17,4.61,4.63,4.43,4.46,1362037.22
2018-04-18,4.48,4.5,4.29,4.39,1629283.88
2018-04-19,4.4,4.43,4.36,4.39,938044.69
2018-04-20,4.38,4.39,4.26,4.27,1122911.09
2018-04-23,4.33,4.7,4.32,4.7,4713199.36
2018-04-24,4.7,4.82,4.66,4.77,3626352.79
2018-04-25,4.71,4.97,4.69,4.84,3465551.61
2018-04-26,4.82,4.87,4.74,4.79,1868823.34
2018-04-27,4.85,4.9,4.77,4.81,1652528.06
2018-05-02,4.85,4.92,4.75,4.8,1385655.27
2018-05-03,4.84,4.86,4.69,4.84,1509020.39
2018-05-04,4.82,4.99,4.77,4.93,2574906.42
2018-05-07,4.9,4.99,4.89,4.95,1893041.09
2018-05-08,4.93,5.08,4.88,5.02,2586708.82
2018-05-09,4.98,5.07,4.92,4.94,1760870.2
2018-05-10,4.95,4.98,4.84,4.9,1395887.44
2018-05-11,4.91,4.91,4.77,4.79,1418749.28
2018-05-14,4.81,4.9,4.8,4.85,1383089.05
2018-05-15,4.85,4.97,4.81,4.97,1812484.11
2018-05-16,4.94,4.97,4.87,4.89,1303606.7
2018-05-17,4.89,4.93,4.84,4.86,846884.55
2018-05-18,4.86,4.91,4.82,4.91,875577.08
2018-05-21,4.93,5.12,4.91,5.06,2933478.12
2018-05-22,5.03,5.06,4.98,5.05,1548149.12
2018-05-23,5.02,5.03,4.91,4.97,1568138.91
2018-05-24,4.95,5.02,4.9,4.98,1412041.97
2018-05-25,4.96,4.98,4.82,4.82,1479053.5
2018-05-28,4.82,4.88,4.77,4.8,854276.32
2018-05-29,4.78,4.83,4.68,4.69,1202398.69
2018-05-30,4.63,4.63,4.48,4.49,1490772.64
2018-05-31,4.56,4.61,4.52,4.58,863131.68
2018-06-01,4.58,4.65,4.53,4.58,794664.42
2018-06-04,4.6,4.67,4.6,4.62,741354.28
2018-06-05,4.63,4.65,4.56,4.64,818194.39
2018-06-06,4.64,4.64,4.59,4.61,639748.93
2018-06-07,4.61,4.66,4.6,4.61,706947.5
2018-06-08,4.61,4.61,4.48,4.5,1052509.84
2018-06-11,4.48,4.53,4.46,4.5,523109.07
2018-06-12,4.52,4.62,4.48,4.62,948151.72
2018-06-13,4.57,4.59,4.5,4.5,797166.54
2018-06-14,4.48,4.57,4.48,4.53,580210.86
2018-06-15,4.52,4.54,4.48,4.51,734857.25
2018-06-19,4.45,4.47,4.06,4.2,2141766.31
2018-06-20,4.16,4.25,4.11,4.21,1040903.36
2018-06-21,4.2,4.21,4.08,4.09,1200502.6
2018-06-22,4.07,4.14,4.02,4.13,931127.51
2018-06-25,4.16,4.17,4.02,4.03,867651.5
2018-06-26,4.0,4.08,3.9,4.05,835022.84
2018-06-27,4.05,4.09,4.01,4.03,668072.32
2018-06-28,4.0,4.15,4.0,4.06,1028672.89
2018-06-29,4.09,4.18,4.06,4.16,903194.3
2018-07-02,4.16,4.16,4.02,4.06,836609.53
2018-07-03,4.06,4.16,4.02,4.14,940070.57
2018-07-04,4.11,4.15,4.05,4.07,624693.53
2018-07-05,4.05,4.1,3.98,3.99,801568.78
2018-07-06,4.01,4.08,3.93,4.04,949020.25
2018-07-09,4.04,4.11,4.04,4.1,922296.64
2018-07-10,4.1,4.19,4.08,4.18,1337130.61
2018-07-11,4.1,4.1,4.02,4.05,1043755.62
2018-07-12,4.1,4.25,4.09,4.19,1812376.21
2018-07-13,4.19,4.2,4.13,4.19,1007961.7
2018-07-16,4.17,4.26,4.15,4.24,1340663.04
2018-07-17,4.22,4.22,4.16,4.21,814055.13
2018-07-18,4.21,4.24,4.15,4.15,749867.28
2018-07-19,4.16,4.21,4.14,4.21,911579.21
2018-07-20,4.23,4.27,4.16,4.26,1244313.78
2018-07-23,4.23,4.38,4.21,4.36,1741774.52
2018-07-24,4.35,4.61,4.33,4.51,2807696.38
2018-07-25,4.48,4.53,4.43,4.46,1191018.1
2018-07-26,4.47,4.48,4.39,4.4,936810.16
2018-07-27,4.39,4.47,4.37,4.43,865762.29
2018-07-30,4.43,4.46,4.37,4.4,768063.67
2018-07-31,4.39,4.47,4.37,4.41,771782.05
2018-08-01,4.44,4.47,4.37,4.37,1062561.03
2018-08-02,4.36,4.37,4.25,4.32,1333869.42
2018-08-03,4.32,4.37,4.27,4.32,637811.35
2018-08-06,4.32,4.45,4.28,4.38,1167011.21
2018-08-07,4.39,4.5,4.36,4.49,1341347.27
2018-08-08,4.48,4.54,4.43,4.44,1178963.25
2018-08-09,4.42,4.57,4.42,4.52,1499149.44
2018-08-10,4.52,4.61,4.5,4.56,1121690.07
2018-08-13,4.5,4.61,4.48,4.59,1105127.93
2018-08-14,4.63,4.65,4.55,4.59,1063783.94
2018-08-15,4.57,4.6,4.48,4.51,940107.37
2018-08-16,4.49,4.96,4.46,4.76,4922863.01
2018-08-17,4.77,4.81,4.56,4.58,2721993.78
2018-08-20,4.62,4.82,4.58,4.78,2890485.31
2018-08-21,4.79,4.87,4.72,4.85,2262704.68
2018-08-22,4.81,4.83,4.72,4.76,1488257.9
2018-08-23,4.76,4.88,4.74,4.83,1940192.01
2018-08-24,4.79,4.81,4.75,4.77,1033548.56
2018-08-27,4.78,4.88,4.76,4.84,1686668.45
2018-08-28,4.87,4.98,4.84,4.87,1710359.79
2018-08-29,4.86,4.87,4.79,4.84,1011745.22
2018-08-30,4.81,4.85,4.68,4.7,1468865.23
2018-08-31,4.72,4.76,4.68,4.75,1241385.76
2018-09-03,4.73,4.73,4.57,4.63,1336341.54
2018-09-04,4.61,4.67,4.58,4.65,1040147.19
2018-09-05,4.87,4.87,4.68,4.7,2780166.11
2018-09-06,4.67,4.98,4.61,4.92,3937116.41
2018-09-07,4.87,4.92,4.77,4.85,2275518.59
2018-09-10,4.82,4.83,4.66,4.69,1624704.21
2018-09-11,4.7,4.75,4.64,4.74,1280247.92
2018-09-12,4.72,4.75,4.58,4.59,1661228.49
2018-09-13,4.65,4.7,4.58,4.7,1380599.78
2018-09-14,4.7,4.7,4.61,4.63,857145.32
2018-09-17,4.59,4.61,4.49,4.5,1024885.29
2018-09-18,4.48,4.59,4.45,4.58,1101821.68
2018-09-19,4.54,4.7,4.54,4.65,1486289.64
2018-09-20,4.65,4.7,4.62,4.63,902219.74
2018-09-21,4.65,4.74,4.59,4.73,1629784.72
2018-09-25,4.65,4.7,4.62,4.69,915177.48
2018-09-26,4.7,4.76,4.66,4.71,1214638.22
2018-09-27,4.71,4.71,4.65,4.66,935264.72
2018-09-28,4.67,4.71,4.65,4.71,805410.44
2018-10-08,4.63,4.64,4.51,4.51,1138077.3
2018-10-09,4.51,4.55,4.47,4.52,671942.57
2018-10-10,4.54,4.59,4.51,4.57,584220.34
2018-10-11,4.41,4.45,4.15,4.27,1604039.2
2018-10-12,4.25,4.35,4.17,4.3,1120544.05
2018-10-15,4.31,4.36,4.25,4.26,676171.14
2018-10-16,4.28,4.33,4.23,4.25,556103.09
2018-10-17,4.32,4.33,4.23,4.3,697531.46
2018-10-18,4.29,4.32,4.24,4.24,646461.28
2018-10-19,4.2,4.36,4.16,4.34,1032093.16
2018-10-22,4.43,4.64,4.43,4.59,1773543.76
2018-10-23,4.59,4.65,4.48,4.52,1174322.27
2018-10-24,4.49,4.69,4.49,4.57,1328923.18
2018-10-25,4.45,4.64,4.43,4.59,1222913.71
2018-10-26,4.65,4.67,4.55,4.59,791944.27
2018-10-29,4.63,4.64,4.54,4.57,790068.19
2018-10-30,4.58,4.61,4.43,4.57,1011561.72
2018-10-31,4.55,4.63,4.54,4.59,853659.02
2018-11-01,4.63,4.7,4.59,4.59,1449962.62
2018-11-02,4.68,4.7,4.61,4.67,1419578.15
2018-11-05,4.66,4.7,4.61,4.65,870369.24
2018-11-06,4.65,4.65,4.56,4.61,790833.39
2018-11-07,4.6,4.74,4.59,4.64,1450930.79
2018-11-08,4.66,4.68,4.54,4.55,1066946.44
2018-11-09,4.53,4.61,4.51,4.54,705141.06
2018-11-12,4.54,4.67,4.54,4.65,1023813.69
2018-11-13,4.6,4.67,4.59,4.65,1089743.32
2018-11-14,4.65,4.68,4.61,4.62,774709.68
2018-11-15,4.61,4.79,4.6,4.76,1913766.69
2018-11-16,4.76,4.78,4.7,4.73,1346690.11
2018-11-19,4.76,4.82,4.71,4.76,1312719.35
2018-11-20,4.72,4.74,4.62,4.63,1111529.45
2018-11-21,4.57,4.63,4.55,4.61,630553.76
2018-11-22,4.63,4.65,4.57,4.59,604419.62
2018-11-23,4.59,4.6,4.43,4.44,1115319.77
2018-11-26,4.46,4.48,4.41,4.43,496488.57
2018-11-27,4.45,4.52,4.43,4.46,685407.38
2018-11-28,4.48,4.57,4.44,4.54,904156.19
2018-11-29,4.56,4.58,4.44,4.45,840608.24
2018-11-30,4.43,4.51,4.42,4.47,628957.26
2018-12-03,4.59,4.65,4.55,4.6,1260217.86
2018-12-04,4.59,4.62,4.57,4.61,604396.56
2018-12-05,4.55,4.57,4.53,4.54,614785.84
2018-12-06,4.48,4.48,4.42,4.43,916864.64
2018-12-07,4.45,4.5,4.44,4.45,601046.75
2018-12-10,4.43,4.44,4.37,4.43,602902.98
2018-12-11,4.44,4.47,4.43,4.46,394608.93
2018-12-12,4.48,4.5,4.44,4.45,366380.46
2018-12-13,4.46,4.54,4.43,4.49,810793.75
2018-12-14,4.48,4.49,4.42,4.43,576730.2
2018-12-17,4.43,4.47,4.41,4.45,457376.15
2018-12-18,4.42,4.46,4.37,4.43,519438.87
2018-12-19,4.42,4.44,4.4,4.41,328593.21
2018-12-20,4.39,4.42,4.33,4.37,501991.9
2018-12-21,4.35,4.37,4.3,4.35,550116.0
2018-12-24,4.32,4.41,4.32,4.38,499611.71
2018-12-25,4.33,4.44,4.28,4.43,777553.23
2018-12-26,4.4,4.43,4.34,4.35,512372.61
2018-12-27,4.4,4.43,4.32,4.35,706114.18
2018-12-28,4.35,4.4,4.32,4.37,697538.53
2019-01-02,4.37,4.41,4.33,4.37,511145.75
2019-01-03,4.38,4.41,4.34,4.36,467158.02
2019-01-04,4.33,4.41,4.28,4.4,661644.68
2019-01-07,4.42,4.48,4.4,4.46,809085.94
2019-01-08,4.46,4.48,4.43,4.44,493706.91
2019-01-09,4.47,4.59,4.45,4.48,1295971.88
2019-01-10,4.47,4.48,4.41,4.44,787788.68
2019-01-11,4.47,4.59,4.46,4.54,1132614.99
2019-01-14,4.54,4.55,4.48,4.53,676186.38
2019-01-15,4.53,4.58,4.5,4.58,871179.84
2019-01-16,4.54,4.57,4.53,4.54,537727.2
2019-01-17,4.56,4.56,4.49,4.49,503490.17
2019-01-18,4.54,4.55,4.49,4.54,609935.19
2019-01-21,4.54,4.61,4.54,4.58,939442.14
2019-01-22,4.56,4.57,4.52,4.53,496459.89
2019-01-23,4.51,4.6,4.5,4.6,815333.42
2019-01-24,4.62,4.64,4.56,4.59,774213.13
2019-01-25,4.61,4.63,4.55,4.55,722558.37
2019-01-28,4.59,4.61,4.51,4.53,835812.17
2019-01-29,4.52,4.52,4.45,4.49,698084.06
2019-01-30,4.49,4.51,4.44,4.44,393611.46
2019-01-31,4.47,4.51,4.45,4.49,612227.56
2019-02-01,4.49,4.54,4.48,4.54,579544.66
2019-02-11,4.54,4.61,4.54,4.59,886182.4
2019-02-12,4.61,4.61,4.58,4.6,751352.65
2019-02-13,4.61,5.04,4.6,4.97,4281301.72
2019-02-14,4.91,4.91,4.8,4.86,2489972.97
2019-02-15,4.87,4.92,4.82,4.85,1620008.75
2019-02-18,4.87,4.94,4.85,4.93,2377322.88
2019-02-19,4.94,4.94,4.82,4.87,1904634.71
2019-02-20,4.88,4.96,4.83,4.93,2134989.96
2019-02-21,4.91,5.02,4.87,4.9,2562276.79
2019-02-22,4.93,5.04,4.88,5.04,2994051.07
2019-02-25,5.23,5.32,5.1,5.27,5120536.71
2019-02-26,5.27,5.3,5.14,5.18,3428864.82
2019-02-27,5.14,5.69,5.14,5.66,8689714.64
2019-02-28,5.56,5.64,5.42,5.44,4326306.26
2019-03-01,5.5,5.58,5.39,5.54,3156724.92
2019-03-04,5.67,5.82,5.5,5.56,4582493.78
2019-03-05,5.56,5.82,5.5,5.8,4516173.87
2019-03-06,5.8,6.08,5.75,5.86,4344966.59
2019-03-07,5.8,5.9,5.69,5.8,3158577.83
2019-03-08,5.65,5.71,5.46,5.47,3358607.03
2019-03-11,5.43,5.97,5.43,5.82,4114746.68
2019-03-12,5.87,6.41,5.8,6.35,9446195.1
2019-03-13,6.18,6.25,5.91,6.03,6040750.97
2019-03-14,6.01,6.01,5.71,5.88,3902666.77
2019-03-15,5.91,5.98,5.76,5.85,2730864.28
2019-03-18,5.91,5.99,5.78,5.98,2930184.4
2019-03-19,5.97,6.03,5.92,6.01,2232741.32
2019-03-20,6.05,6.26,5.97,6.08,3208736.0
2019-03-21,6.08,6.12,5.98,6.03,2311302.46
2019-03-22,6.02,6.02,5.83,5.92,2474182.93
2019-03-25,5.78,5.86,5.75,5.76,2050295.65
2019-03-26,5.77,5.81,5.53,5.57,2529152.24
2019-03-27,5.6,5.66,5.53,5.61,1577853.43
2019-03-28,5.58,5.74,5.5,5.61,1650964.2
2019-03-29,5.58,5.77,5.51,5.75,2431838.47
2019-04-01,5.84,6.0,5.8,5.91,3261907.93
2019-04-02,5.91,5.97,5.83,5.87,2398370.57
2019-04-03,5.84,5.92,5.8,5.91,1964477.47
2019-04-04,5.88,5.96,5.82,5.85,2488979.6
2019-04-08,5.88,5.9,5.67,5.73,2337266.62
2019-04-09,5.7,5.82,5.67,5.75,1540480.69
2019-04-10,5.75,5.8,5.64,5.73,1728833.95
2019-04-11,5.73,5.73,5.59,5.6,1575855.82
2019-04-12,5.61,5.64,5.57,5.6,1084140.71
2019-04-15,5.67,5.74,5.58,5.58,1745138.15
2019-04-16,5.59,5.86,5.57,5.86,3672872.27
2019-04-17,5.87,5.88,5.76,5.8,2356737.82
2019-04-18,5.79,5.98,5.75,5.81,2756858.49
2019-04-19,5.76,6.05,5.75,6.05,4651442.61
2019-04-22,6.08,6.33,6.02,6.12,6404830.29
2019-04-23,6.17,6.19,5.91,5.95,3440253.54
2019-04-24,5.99,6.08,5.9,6.01,2631197.77
2019-04-25,5.97,5.98,5.74,5.77,2981456.48
2019-04-26,5.73,5.81,5.66,5.68,1846716.51
2019-04-29,5.69,5.8,5.58,5.68,2209013.28
2019-04-30,5.63,5.72,5.61,5.64,1463166.03
2019-05-06,5.46,5.46,5.08,5.13,2932008.12
2019-05-07,5.18,5.21,5.03,5.14,1845030.78
2019-05-08,5.03,5.13,4.99,5.05,1671797.73
2019-05-09,5.0,5.04,4.87,4.92,1484250.76
2019-05-10,4.98,5.15,4.87,5.14,2351583.26
2019-05-13,5.05,5.09,5.0,5.03,1125641.08
2019-05-14,4.97,5.13,4.93,5.07,1486147.18
2019-05-15,5.11,5.18,5.09,5.15,1587348.0
2019-05-16,5.14,5.15,5.05,5.1,1460377.83
2019-05-17,5.09,5.13,4.93,4.95,1481678.57
2019-05-20,4.92,5.03,4.9,4.98,1162447.49
2019-05-21,4.98,5.14,4.94,5.09,1649401.83
2019-05-22,5.08,5.14,5.02,5.04,1163143.91
2019-05-23,5.02,5.02,4.92,4.94,1075174.85
2019-05-24,4.92,4.97,4.83,4.84,1105691.18
2019-05-27,4.87,4.98,4.85,4.96,1099620.09
2019-05-28,4.97,5.13,4.95,5.12,2033618.06
2019-05-29,5.02,5.1,4.99,5.05,1206172.82
2019-05-30,5.02,5.03,4.96,5.02,901540.89
2019-05-31,5.01,5.06,4.98,5.02,768703.61
2019-06-03,5.03,5.28,5.0,5.15,2559986.44
2019-06-04,5.21,5.32,5.15,5.19,2197948.7
2019-06-05,5.25,5.46,5.22,5.36,3051367.71
2019-06-06,5.4,5.4,5.11,5.14,2849320.69
2019-06-10,5.18,5.3,5.16,5.22,1753976.49
2019-06-11,5.23,5.33,5.1,5.31,2563425.56
2019-06-12,5.27,5.31,5.21,5.23,1482848.37
2019-06-13,5.23,5.26,5.19,5.21,1138600.98
2019-06-14,5.22,5.23,5.11,5.14,1263494.27
2019-06-17,5.12,5.16,5.1,5.14,627213.67
2019-06-18,5.14,5.16,5.09,5.14,697326.49
2019-06-19,5.25,5.29,5.14,5.16,1570029.02
2019-06-20,5.17,5.31,5.16,5.29,2291613.06
2019-06-21,5.3,5.35,5.26,5.31,1793445.32
2019-06-24,5.27,5.31,5.24,5.27,1055432.96
2019-06-25,5.28,5.28,5.17,5.2,1105927.57
2019-06-26,5.19,5.25,5.15,5.22,628994.42
2019-06-27,5.24,5.35,5.22,5.3,1451992.0
2019-06-28,5.28,5.29,5.22,5.26,737273.63
2019-07-01,5.37,5.41,5.3,5.4,2231935.34
2019-07-02,5.39,5.44,5.36,5.38,1193687.57
2019-07-03,5.36,5.37,5.26,5.29,1130302.75
2019-07-04,5.29,5.33,5.27,5.3,731671.45
2019-07-05,5.31,5.31,5.26,5.29,705261.8
2019-07-08,5.27,5.28,5.09,5.13,1402994.14
2019-07-09,5.09,5.12,5.02,5.09,956144.43
2019-07-10,5.09,5.11,5.03,5.05,556286.71
2019-07-11,5.09,5.14,5.05,5.09,606213.13
2019-07-12,5.08,5.12,5.03,5.09,523457.46
2019-07-15,5.05,5.14,4.98,5.1,864358.36
2019-07-16,5.1,5.14,5.09,5.12,603403.26
2019-07-17,5.11,5.14,5.09,5.11,524561.29
2019-07-18,5.09,5.09,5.03,5.05,577679.67
2019-07-19,5.07,5.11,5.05,5.06,500073.7
2019-07-22,5.07,5.08,4.97,4.97,768799.59
2019-07-23,4.99,5.01,4.96,4.99,531324.8
2019-07-24,5.01,5.1,5.01,5.08,910596.68
2019-07-25,5.09,5.1,5.05,5.08,632190.62
2019-07-26,5.05,5.11,5.03,5.09,658275.87
2019-07-29,5.08,5.11,5.07,5.1,595099.2
2019-07-30,5.09,5.13,5.07,5.09,644165.62
2019-07-31,5.07,5.09,5.05,5.06,486872.49
2019-08-01,5.03,5.05,4.99,5.01,639074.02
2019-08-02,4.91,4.91,4.85,4.87,1168252.31
2019-08-05,4.85,4.88,4.79,4.79,862689.91
2019-08-06,4.69,4.7,4.55,4.65,1389287.88
2019-08-07,4.68,4.69,4.62,4.62,650607.81
2019-08-08,4.65,4.68,4.62,4.65,570099.75
2019-08-09,4.66,4.68,4.5,4.51,1162279.86
2019-08-12,4.52,4.62,4.51,4.62,839539.31
2019-08-13,4.57,4.64,4.54,4.62,777014.62
2019-08-14,4.67,4.71,4.6,4.62,654147.29
2019-08-15,4.55,4.92,4.52,4.9,2878932.44
2019-08-16,4.85,4.87,4.79,4.8,1554918.45
2019-08-19,4.78,4.93,4.78,4.91,1719305.91
2019-08-20,5.03,5.21,5.0,5.1,3219150.38
2019-08-21,5.04,5.32,5.04,5.25,3119544.67
2019-08-22,5.26,5.32,5.17,5.25,1441318.31
2019-08-23,5.24,5.25,5.13,5.16,1147309.88
2019-08-26,5.08,5.15,5.01,5.09,1395949.1
2019-08-27,5.14,5.19,5.09,5.15,1726459.0
2019-08-28,5.14,5.14,5.03,5.06,945273.45
2019-08-29,5.07,5.13,5.04,5.08,719481.45
2019-08-30,5.11,5.14,4.96,4.99,1026592.27
2019-09-02,4.99,5.11,4.98,5.08,1013910.47
2019-09-03,5.09,5.14,5.07,5.11,1019439.01
2019-09-04,5.09,5.2,5.06,5.18,1410292.8
2019-09-05,5.22,5.27,5.13,5.14,2058366.55
2019-09-06,5.18,5.36,5.16,5.28,2552826.39
2019-09-09,5.35,5.4,5.27,5.4,2556896.71
2019-09-10,5.89,5.94,5.59,5.71,6291394.15
2019-09-11,5.63,5.66,5.47,5.49,3425674.63
2019-09-12,5.53,5.54,5.42,5.49,1856951.01
2019-09-16,5.49,5.5,5.4,5.44,1387098.67
2019-09-17,5.43,5.45,5.27,5.3,1822689.15
2019-09-18,5.33,5.33,5.26,5.27,967891.72
2019-09-19,5.29,5.33,5.26,5.33,1155926.31
2019-09-20,5.32,5.33,5.25,5.28,1167744.94
2019-09-23,5.26,5.27,5.17,5.21,1058191.47
2019-09-24,5.23,5.36,5.2,5.28,1322708.25
2019-09-25,5.24,5.33,5.22,5.23,1137434.62
2019-09-26,5.23,5.26,5.13,5.14,1002885.74
2019-09-27,5.17,5.22,5.14,5.19,574184.87
2019-09-30,5.18,5.22,5.12,5.13,504942.99
2019-10-08,5.13,5.22,5.13,5.14,633597.82
2019-10-09,5.12,5.18,5.09,5.17,475071.65
2019-10-10,5.16,5.21,5.14,5.2,749842.74
2019-10-11,5.21,5.23,5.13,5.22,911723.62
2019-10-14,5.26,5.31,5.22,5.25,1390089.92
2019-10-15,5.25,5.33,5.2,5.28,1278035.69
2019-10-16,5.26,5.32,5.2,5.2,890044.56
2019-10-17,5.2,5.3,5.19,5.28,795337.68
2019-10-18,5.31,5.32,5.19,5.2,855210.32
2019-10-21,5.19,5.26,5.12,5.26,853899.35
2019-10-22,5.25,5.26,5.14,5.19,1194947.38
2019-10-23,5.17,5.19,5.03,5.05,1404822.97
2019-10-24,5.06,5.08,5.03,5.05,619950.17
2019-10-25,5.04,5.09,4.99,5.08,764857.43
2019-10-28,5.14,5.29,5.14,5.28,2094862.75
2019-10-29,5.26,5.27,5.2,5.2,1040410.0
2019-10-30,5.17,5.32,5.14,5.23,1216630.41
2019-10-31,5.26,5.31,5.21,5.24,1220161.25
2019-11-01,5.25,5.3,5.21,5.26,1010987.55
2019-11-04,5.27,5.32,5.25,5.26,1137439.92
2019-11-05,5.27,5.29,5.21,5.27,1058923.08
2019-11-06,5.26,5.29,5.15,5.19,930631.7
2019-11-07,5.18,5.2,5.14,5.16,757455.99
2019-11-08,5.18,5.2,5.09,5.09,1196918.56
2019-11-11,5.06,5.06,4.95,4.96,1284161.02
2019-11-12,4.97,4.99,4.89,4.98,739955.66
2019-11-13,4.95,5.02,4.91,4.99,615084.75
2019-11-14,4.98,5.01,4.97,4.99,502987.94
2019-11-15,4.99,4.99,4.9,4.91,802222.51
2019-11-18,4.91,4.96,4.91,4.94,485559.23
2019-11-19,4.94,5.02,4.91,5.02,601978.2
2019-11-20,4.99,5.05,4.97,4.99,484863.75
2019-11-21,4.97,5.0,4.93,4.97,417879.48
2019-11-22,4.98,5.02,4.91,4.94,558183.84
2019-11-25,4.95,4.97,4.89,4.93,555073.76
2019-11-26,4.95,5.0,4.95,4.97,876359.32
2019-11-27,4.94,4.97,4.92,4.93,438342.13
2019-11-28,4.92,4.94,4.85,4.89,654422.72
2019-11-29,4.86,4.89,4.85,4.87,429626.36
2019-12-02,4.89,4.9,4.78,4.8,741521.62
2019-12-03,4.79,4.79,4.74,4.79,472108.11
2019-12-04,4.78,4.78,4.62,4.7,1278959.83
2019-12-05,4.72,4.78,4.7,4.76,798780.44
2019-12-06,4.79,4.82,4.74,4.82,602794.3
2019-12-09,4.84,4.86,4.82,4.83,573781.65
2019-12-10,4.81,4.84,4.79,4.83,458178.89
2019-12-11,4.85,4.88,4.8,4.86,701532.73
2019-12-12,4.85,4.86,4.81,4.82,572646.6
2019-12-13,4.85,4.91,4.84,4.9,916024.82
2019-12-16,4.91,4.97,4.9,4.97,960022.54
2019-12-17,4.97,5.06,4.94,5.02,1306499.09
2019-12-18,5.01,5.07,4.97,4.98,1068435.73
2019-12-19,4.99,5.05,4.97,5.02,1069162.99
2019-12-20,5.03,5.08,4.98,5.02,1366781.91
2019-12-23,5.02,5.08,4.94,4.95,1184088.4
2019-12-24,4.95,4.97,4.9,4.95,597526.66
2019-12-25,4.95,4.99,4.92,4.97,560458.94
2019-12-26,4.97,4.98,4.93,4.97,539669.89
2019-12-27,4.98,5.02,4.93,4.93,847848.18
2019-12-30,4.93,5.03,4.92,5.03,1146754.8
2019-12-31,5.02,5.05,5.0,5.03,816332.52
2020-01-02,5.05,5.2,5.04,5.15,2022819.0
2020-01-03,5.17,5.24,5.14,5.15,1109014.38
2020-01-06,5.1,5.19,5.08,5.14,1291179.91
2020-01-07,5.14,5.15,5.1,5.14,899123.07
2020-01-08,5.1,5.1,5.03,5.05,1375847.35
2020-01-09,5.09,5.12,5.06,5.08,1003081.63
2020-01-10,5.08,5.11,5.03,5.04,1192721.71
2020-01-13,5.03,5.05,4.96,5.04,1182664.05
2020-01-14,5.05,5.32,5.05,5.27,4439660.1
2020-01-15,5.26,5.31,5.2,5.22,1828174.72
2020-01-16,5.25,5.26,5.12,5.14,1644930.23
2020-01-17,5.12,5.15,5.09,5.09,962153.54
2020-01-20,5.1,5.17,5.07,5.17,1288830.52
2020-01-21,5.12,5.12,5.03,5.05,1323763.71
2020-01-22,5.03,5.04,4.93,5.02,1213884.23
2020-01-23,4.95,4.98,4.76,4.82,2003354.79
2020-02-03,4.34,4.45,4.34,4.34,2512115.1
2020-02-04,4.27,4.42,4.27,4.42,2126802.46
2020-02-05,4.42,4.54,4.39,4.45,1867970.62
2020-02-06,4.48,4.6,4.44,4.59,1850102.79
2020-02-07,4.56,4.58,4.5,4.56,1269115.98
2020-02-10,4.54,4.65,4.51,4.61,1506067.29
2020-02-11,4.65,4.67,4.56,4.59,1265126.37
2020-02-12,4.57,4.62,4.56,4.62,1145835.96
2020-02-13,4.6,4.62,4.54,4.57,1265101.24
2020-02-14,4.55,4.6,4.55,4.57,913628.89
2020-02-17,4.58,4.74,4.57,4.73,1989007.8
2020-02-18,4.7,4.77,4.68,4.72,1382652.08
2020-02-19,4.72,4.74,4.68,4.68,1337092.2
2020-02-20,4.69,4.78,4.64,4.76,1847273.35
2020-02-21,4.76,4.85,4.75,4.8,1811201.53
2020-02-24,4.82,5.08,4.82,5.03,3274317.49
2020-02-25,4.93,5.02,4.78,4.95,2899717.92
2020-02-26,4.85,5.26,4.84,5.03,4558880.96
2020-02-27,5.06,5.09,4.89,4.91,2686587.39
2020-02-28,4.76,4.81,4.65,4.68,2658422.1
2020-03-02,4.72,4.91,4.69,4.86,2212515.89
2020-03-03,4.95,4.99,4.83,4.87,2482051.54
2020-03-04,4.83,4.87,4.77,4.85,1314616.48
2020-03-05,4.96,5.07,4.92,4.97,3133864.95
2020-03-06,4.91,4.94,4.86,4.88,1739444.25
2020-03-09,4.81,4.97,4.79,4.81,2254111.3
2020-03-10,4.76,4.93,4.7,4.92,2432712.4
2020-03-11,4.91,4.99,4.83,4.84,2054524.4
2020-03-12,4.77,4.81,4.71,4.75,1680394.89
2020-03-13,4.55,4.75,4.52,4.68,1788452.7
2020-03-16,4.7,4.71,4.5,4.53,1475347.0
2020-03-17,4.55,4.63,4.41,4.55,1397117.38
2020-03-18,4.56,4.6,4.42,4.44,1209161.51
2020-03-19,4.4,4.47,4.31,4.43,1510147.81
2020-03-20,4.48,4.55,4.4,4.51,1688675.93
2020-03-23,4.4,4.5,4.39,4.39,1057808.14
2020-03-24,4.47,4.62,4.45,4.53,1703108.66
2020-03-25,4.6,4.66,4.55,4.57,1397034.56
2020-03-26,4.53,4.55,4.5,4.5,723398.56
2020-03-27,4.56,4.57,4.49,4.49,772932.97
2020-03-30,4.44,4.5,4.39,4.5,914155.96
2020-03-31,4.52,4.54,4.45,4.45,598614.36
2020-04-01,4.44,4.49,4.4,4.44,693043.95
2020-04-02,4.41,4.49,4.4,4.48,748842.34
2020-04-03,4.47,4.53,4.45,4.49,833399.52
2020-04-07,4.56,4.62,4.52,4.61,1900112.8
2020-04-08,4.56,4.6,4.54,4.56,1260734.53
2020-04-09,4.63,4.78,4.62,4.71,3384797.84
2020-04-10,4.68,4.69,4.57,4.59,1744269.14
2020-04-13,4.56,4.64,4.55,4.57,773940.01
2020-04-14,4.59,4.62,4.56,4.62,1031623.27
2020-04-15,4.59,4.6,4.51,4.54,1066532.96
2020-04-16,4.5,4.54,4.5,4.51,675291.4
2020-04-17,4.53,4.55,4.5,4.51,1135944.15
2020-04-20,4.52,4.55,4.5,4.54,905892.0
2020-04-21,4.52,4.52,4.48,4.5,750485.58
2020-04-22,4.48,4.51,4.47,4.51,699284.65
2020-04-23,4.51,4.51,4.45,4.47,690645.94
2020-04-24,4.47,4.49,4.4,4.42,752078.0
2020-04-27,4.41,4.45,4.39,4.42,674976.0
2020-04-28,4.43,4.44,4.32,4.37,834671.41
2020-04-29,4.37,4.39,4.35,4.39,494752.14
2020-04-30,4.39,4.48,4.39,4.45,1193451.58
2020-05-06,4.4,4.49,4.39,4.48,1062362.87
2020-05-07,4.48,4.54,4.44,4.45,932406.49
2020-05-08,4.46,4.5,4.45,4.47,706123.99
2020-05-11,4.5,4.51,4.45,4.46,707948.63
2020-05-12,4.46,4.47,4.4,4.44,584792.21
2020-05-13,4.41,4.43,4.39,4.41,658105.85
2020-05-14,4.39,4.4,4.38,4.38,591418.11
2020-05-15,4.39,4.4,4.37,4.38,543999.35
2020-05-18,4.37,4.45,4.36,4.4,858954.03
2020-05-19,4.44,4.45,4.39,4.39,635687.49
2020-05-20,4.4,4.4,4.36,4.37,586223.27
2020-05-21,4.38,4.39,4.35,4.37,554496.64
2020-05-22,4.35,4.36,4.29,4.32,749648.97
2020-05-25,4.32,4.32,4.27,4.29,565148.93
2020-05-26,4.3,4.32,4.25,4.29,997849.73
2020-05-27,4.28,4.28,4.24,4.26,565144.87
2020-05-28,4.25,4.28,4.23,4.25,595007.11
2020-05-29,4.23,4.25,4.23,4.23,778890.84
2020-06-01,4.24,4.31,4.24,4.3,954821.7
2020-06-02,4.3,4.37,4.28,4.34,1079980.05
2020-06-03,4.35,4.37,4.31,4.31,651872.62
2020-06-04,4.33,4.33,4.29,4.3,440547.4
2020-06-05,4.31,4.31,4.27,4.3,473797.18
2020-06-08,4.33,4.33,4.29,4.31,761573.38
2020-06-09,4.3,4.32,4.28,4.31,686432.84
2020-06-10,4.31,4.31,4.25,4.27,862370.17
2020-06-11,4.27,4.28,4.23,4.24,919117.85
2020-06-12,4.18,4.21,4.16,4.2,1484768.2
2020-06-15,4.17,4.21,4.14,4.15,1103217.13
2020-06-16,4.17,4.19,4.16,4.19,789425.84
2020-06-17,4.18,4.19,4.16,4.16,730565.44
2020-06-18,4.16,4.21,4.12,4.18,1147801.41
2020-06-19,4.18,4.21,4.16,4.2,1137328.17
2020-06-22,4.19,4.28,4.18,4.27,1441277.21
2020-06-23,4.27,4.27,4.22,4.23,801192.86
2020-06-24,4.25,4.25,4.17,4.21,941080.6
2020-06-29,4.19,4.2,4.16,4.17,632150.39
2020-06-30,4.19,4.2,4.16,4.18,626092.64
2020-07-01,4.18,4.23,4.16,4.23,1069270.47
2020-07-02,4.21,4.34,4.21,4.33,1888297.13
2020-07-03,4.34,4.42,4.34,4.39,2163280.28
2020-07-06,4.45,4.66,4.45,4.64,3889914.93
2020-07-07,4.7,4.74,4.56,4.56,3543492.35
2020-07-08,4.56,4.65,4.53,4.62,2638662.96
2020-07-09,4.61,4.65,4.57,4.63,3322836.96
2020-07-10,4.6,4.62,4.47,4.48,3245178.42
2020-07-13,4.49,4.61,4.47,4.58,2874818.37
2020-07-14,4.58,4.94,4.54,4.91,8452864.28
2020-07-15,4.84,4.85,4.58,4.63,5681266.65
2020-07-16,4.59,4.63,4.45,4.46,3211236.12
2020-07-17,4.49,4.51,4.41,4.45,1623215.48
2020-07-20,4.46,4.58,4.46,4.58,2268270.1
2020-07-21,4.59,4.61,4.5,4.54,1594590.92
2020-07-22,4.54,4.58,4.5,4.53,1675865.37
2020-07-23,4.49,4.53,4.41,4.53,1979453.54
2020-07-24,4.49,4.51,4.4,4.4,1786137.6
2020-07-27,4.42,4.43,4.35,4.38,997777.61
2020-07-28,4.4,4.42,4.37,4.39,749768.22
2020-07-29,4.39,4.45,4.36,4.45,1110189.66
2020-07-30,4.44,4.46,4.4,4.4,827505.42
2020-07-31,4.39,4.44,4.35,4.39,1256092.91
2020-08-03,4.4,4.47,4.4,4.47,1652219.28
2020-08-04,4.47,4.49,4.42,4.47,1445665.32
2020-08-05,4.46,4.46,4.4,4.42,1183426.08
2020-08-06,4.42,4.43,4.37,4.4,1193594.35
2020-08-07,4.39,4.39,4.33,4.34,1315948.44
2020-08-10,4.34,4.41,4.34,4.4,1206669.15
2020-08-11,4.41,4.44,4.36,4.37,1183359.66
2020-08-12,4.35,4.41,4.34,4.4,1097415.16
2020-08-13,4.52,4.62,4.49,4.59,4815210.08
2020-08-14,4.58,4.61,4.51,4.59,2803149.74
2020-08-17,4.59,4.65,4.53,4.61,2419876.86
2020-08-18,4.6,4.78,4.58,4.68,3692295.24
2020-08-19,4.73,4.83,4.65,4.66,3537578.28
2020-08-20,4.59,4.69,4.57,4.59,1966635.3
2020-08-21,4.63,4.66,4.58,4.62,1381224.05
2020-08-24,4.62,4.65,4.56,4.58,1277338.51
2020-08-25,4.58,4.59,4.5,4.52,1308571.24
2020-08-26,4.5,4.57,4.49,4.53,1669091.67
2020-08-27,4.53,4.54,4.46,4.49,1059542.49
2020-08-28,4.49,4.52,4.44,4.51,1250381.11
2020-08-31,4.5,4.55,4.46,4.48,1284772.2
2020-09-01,4.46,4.47,4.43,4.47,1064185.13
2020-09-02,4.47,4.47,4.41,4.43,1078429.76
2020-09-03,4.44,4.47,4.41,4.42,988712.58
2020-09-04,4.4,4.4,4.38,4.4,914154.47
2020-09-07,4.4,4.42,4.36,4.37,837184.18
2020-09-08,4.39,4.43,4.36,4.42,904100.31
2020-09-09,4.38,4.43,4.37,4.39,1009022.89
2020-09-10,4.42,4.44,4.33,4.35,1163061.94
2020-09-11,4.33,4.36,4.31,4.34,733273.52
2020-09-14,4.35,4.38,4.34,4.37,648723.25
2020-09-15,4.37,4.38,4.33,4.34,742850.77
2020-09-16,4.34,4.37,4.32,4.34,636858.59
2020-09-17,4.34,4.34,4.32,4.33,633512.31
2020-09-18,4.34,4.4,4.33,4.4,993726.72
2020-09-21,4.4,4.4,4.36,4.37,617139.14
2020-09-22,4.36,4.37,4.33,4.34,637256.76
2020-09-23,4.34,4.35,4.32,4.33,571430.96
2020-09-24,4.32,4.33,4.25,4.25,951351.21
2020-09-25,4.27,4.28,4.22,4.24,579070.14
2020-09-28,4.24,4.26,4.2,4.2,514232.76
2020-09-29,4.21,4.23,4.19,4.2,591327.74
2020-09-30,4.21,4.21,4.17,4.19,519668.81
2020-10-09,4.23,4.26,4.21,4.25,634301.27
2020-10-12,4.26,4.32,4.25,4.32,789238.73
2020-10-13,4.32,4.32,4.27,4.29,658066.44
2020-10-14,4.29,4.3,4.27,4.29,575764.34
2020-10-15,4.28,4.29,4.25,4.25,529394.22
2020-10-16,4.26,4.27,4.24,4.26,388283.07
2020-10-19,4.31,4.34,4.25,4.26,813932.1
2020-10-20,4.25,4.28,4.22,4.28,499141.15
2020-10-21,4.28,4.4,4.26,4.4,2243934.04
2020-10-22,4.34,4.34,4.25,4.28,1595239.81
2020-10-23,4.27,4.28,4.24,4.25,723968.05
2020-10-26,4.25,4.28,4.24,4.25,645153.94
2020-10-27,4.23,4.24,4.21,4.22,557910.97
2020-10-28,4.21,4.22,4.17,4.19,722227.94
2020-10-29,4.15,4.2,4.15,4.17,493567.89
2020-10-30,4.17,4.2,4.1,4.12,926842.64
2020-11-02,4.11,4.14,4.02,4.07,834187.76
2020-11-03,4.07,4.2,4.07,4.16,723237.82
2020-11-04,4.16,4.17,4.11,4.13,539271.31
2020-11-05,4.15,4.21,4.15,4.21,774681.97
2020-11-06,4.21,4.23,4.19,4.21,639862.5
2020-11-09,4.25,4.28,4.24,4.26,945494.63
2020-11-10,4.28,4.28,4.2,4.21,690981.53
2020-11-11,4.2,4.27,4.16,4.25,933112.03
2020-11-12,4.24,4.26,4.18,4.19,638872.61
2020-11-13,4.15,4.16,4.12,4.13,698186.93
2020-11-16,4.14,4.16,4.11,4.15,513952.02
2020-11-17,4.15,4.17,4.13,4.17,506167.15
2020-11-18,4.16,4.18,4.15,4.17,547333.64
2020-11-19,4.16,4.17,4.15,4.16,528275.78
2020-11-20,4.16,4.17,4.14,4.15,461099.61
2020-11-23,4.16,4.23,4.15,4.21,1070760.53
2020-11-24,4.21,4.23,4.2,4.21,614638.78
2020-11-25,4.21,4.28,4.21,4.21,1039487.87
2020-11-26,4.22,4.24,4.2,4.23,560996.73
2020-11-27,4.23,4.25,4.21,4.25,745177.26
2020-11-30,4.26,4.34,4.23,4.23,1783207.58
2020-12-01,4.22,4.29,4.22,4.28,985397.02
2020-12-02,4.28,4.28,4.24,4.25,1034369.77
2020-12-03,4.23,4.24,4.19,4.21,1086065.25
2020-12-04,4.21,4.21,4.15,4.17,796503.16
2020-12-07,4.17,4.18,4.12,4.13,793060.11
2020-12-08,4.12,4.15,4.12,4.14,589539.86
2020-12-09,4.13,4.15,4.09,4.1,657887.31
2020-12-10,4.1,4.1,4.05,4.06,784966.05
2020-12-11,4.07,4.08,4.02,4.03,871092.79
2020-12-14,4.03,4.04,4.01,4.02,518005.44
2020-12-15,4.02,4.03,4.0,4.01,569172.52
2020-12-16,4.02,4.02,3.98,3.99,514480.78
2020-12-17,3.99,4.02,3.96,4.02,714298.56
2020-12-18,4.02,4.05,4.0,4.05,1115024.51
2020-12-21,4.04,4.05,3.99,4.01,793283.9
2020-12-22,3.99,4.01,3.91,3.92,1135137.61
2020-12-23,3.91,3.93,3.88,3.9,933357.37
2020-12-24,3.89,3.9,3.83,3.84,762681.33
2020-12-25,3.84,3.88,3.83,3.88,448197.35
2020-12-28,3.87,3.9,3.85,3.89,634023.26
2020-12-29,3.9,3.95,3.86,3.88,1036700.05
2020-12-30,3.88,3.89,3.84,3.84,817932.54
2020-12-31,3.83,3.87,3.83,3.85,1129743.0
2021-01-04,3.7,3.78,3.7,3.74,3084051.72
2021-01-05,3.7,3.91,3.65,3.71,5103491.03
2021-01-06,3.75,3.84,3.73,3.79,3341235.92
2021-01-07,3.71,3.76,3.68,3.7,2540993.26
2021-01-08,3.65,3.76,3.62,3.71,2294954.52
2021-01-11,3.75,3.85,3.72,3.79,2791238.17
2021-01-12,3.76,3.84,3.75,3.84,1991037.66
2021-01-13,3.83,4.04,3.83,4.0,4080112.56
2021-01-14,3.96,4.1,3.95,4.03,3169564.3
2021-01-15,4.02,4.07,3.95,4.0,2085697.46
2021-01-18,3.99,4.02,3.95,3.96,1686157.54
2021-01-19,3.96,4.02,3.9,3.92,1551450.43
2021-01-20,3.92,3.94,3.82,3.85,2011751.67
2021-01-21,3.87,3.88,3.81,3.83,1639230.37
2021-01-22,3.81,3.82,3.73,3.75,1524913.85
2021-01-25,3.74,3.74,3.69,3.7,1230286.69
2021-01-26,3.67,3.77,3.66,3.76,1346919.66
2021-01-27,3.74,3.77,3.69,3.73,939228.93
2021-01-28,3.7,3.71,3.64,3.66,1067763.21
2021-01-29,3.66,3.68,3.61,3.62,894951.01
2021-02-01,3.62,3.64,3.57,3.61,750078.84
2021-02-02,3.61,3.66,3.59,3.62,674862.98
2021-02-03,3.62,3.63,3.56,3.57,810768.31
2021-02-04,3.55,3.56,3.46,3.48,1055873.88
2021-02-05,3.48,3.51,3.46,3.48,629443.25
2021-02-08,3.5,3.53,3.47,3.51,661022.96
2021-02-09,3.51,3.54,3.48,3.53,942616.22
2021-02-10,3.51,3.54,3.51,3.53,765954.0
2021-02-18,3.6,3.68,3.56,3.64,1575187.69
2021-02-19,3.64,3.79,3.62,3.79,1740878.66
2021-02-22,3.83,3.93,3.8,3.87,3372351.95
2021-02-23,3.82,3.87,3.77,3.78,1814946.9
2021-02-24,3.8,3.84,3.73,3.76,1138377.22
2021-02-25,3.78,3.83,3.76,3.81,1059341.47
2021-02-26,3.76,3.8,3.73,3.74,996227.65
2021-03-01,3.75,3.89,3.72,3.87,1704651.81
2021-03-02,3.85,3.85,3.77,3.78,1104227.4
2021-03-03,3.77,3.86,3.76,3.83,880977.77
2021-03-04,3.81,3.85,3.79,3.81,1006736.08
2021-03-05,3.77,3.84,3.76,3.83,681873.59
2021-03-08,3.83,3.94,3.83,3.89,2365134.11
2021-03-09,3.88,3.9,3.73,3.8,1596351.02
2021-03-10,3.88,3.88,3.76,3.78,887742.13
2021-03-11,3.77,3.82,3.76,3.82,958597.92
2021-03-12,3.89,3.92,3.84,3.87,1713516.94
2021-03-15,3.86,3.95,3.82,3.92,1647795.76
2021-03-16,3.91,3.95,3.88,3.95,1341395.43
2021-03-17,3.95,3.97,3.89,3.89,1183943.18
2021-03-18,3.89,3.9,3.85,3.88,901243.27
2021-03-19,3.84,3.84,3.76,3.77,1204930.0
2021-03-22,3.77,3.81,3.76,3.79,812845.01
2021-03-23,3.8,3.8,3.7,3.71,1150143.76
2021-03-24,3.71,3.72,3.64,3.65,1016836.3
2021-03-25,3.64,3.68,3.64,3.65,636461.37
2021-03-26,3.65,3.68,3.65,3.67,622561.37
2021-03-29,3.67,3.68,3.64,3.66,538171.18
2021-03-30,3.65,3.66,3.63,3.65,596413.0
2021-03-31,3.64,3.7,3.64,3.69,597243.47
2021-04-01,3.7,3.7,3.67,3.7,508988.06
2021-04-02,3.7,3.71,3.68,3.7,515827.55
2021-04-06,3.7,3.7,3.67,3.68,639883.7
2021-04-07,3.67,3.68,3.64,3.68,558120.41
2021-04-08,3.66,3.67,3.64,3.65,497579.35
2021-04-09,3.64,3.65,3.59,3.62,800577.94
2021-04-12,3.61,3.61,3.59,3.6,476926.91
2021-04-13,3.6,3.61,3.57,3.57,449573.5
2021-04-14,3.57,3.6,3.57,3.58,445285.92
2021-04-15,3.57,3.58,3.55,3.57,425519.46
2021-04-16,3.57,3.63,3.57,3.63,570367.11
2021-04-19,3.63,3.66,3.61,3.65,648811.82
2021-04-20,3.65,3.66,3.63,3.64,423949.91
2021-04-21,3.61,3.62,3.59,3.6,534539.42
2021-04-22,3.68,3.69,3.63,3.65,812730.01
2021-04-23,3.64,3.65,3.61,3.62,535953.07
2021-04-26,3.62,3.65,3.6,3.63,857860.54
2021-04-27,3.62,3.65,3.6,3.64,784508.31
2021-04-28,3.64,3.69,3.63,3.68,837287.84
2021-04-29,3.7,3.7,3.67,3.68,756771.88
2021-04-30,3.67,3.69,3.64,3.67,649139.28
2021-05-06,3.67,3.72,3.66,3.7,759076.12
2021-05-07,3.7,3.73,3.69,3.72,806638.63
2021-05-10,3.71,3.76,3.7,3.76,715563.61
2021-05-11,3.74,3.75,3.7,3.73,573250.5
2021-05-12,3.71,3.75,3.7,3.72,454739.9
2021-05-13,3.71,3.72,3.7,3.7,410368.79
2021-05-14,3.7,3.75,3.67,3.75,781079.46
2021-05-17,3.73,3.76,3.72,3.74,621184.53
2021-05-18,3.75,3.84,3.74,3.8,1334839.23
2021-05-19,3.79,3.82,3.76,3.8,709153.25
2021-05-20,3.77,3.79,3.76,3.78,600289.05
2021-05-21,3.77,3.8,3.76,3.77,414423.07
2021-05-24,3.77,3.78,3.74,3.76,533728.99
2021-05-25,3.76,3.81,3.74,3.8,936553.02
2021-05-26,3.8,3.82,3.78,3.78,571673.31
2021-05-27,3.77,3.81,3.76,3.79,523390.72
2021-05-28,3.78,3.78,3.75,3.75,622982.99
2021-05-31,3.76,3.76,3.73,3.76,614635.6
2021-06-01,3.76,3.76,3.73,3.75,550429.45
2021-06-02,3.75,3.76,3.73,3.74,445967.59
2021-06-03,3.73,3.79,3.72,3.75,598879.18
2021-06-04,3.73,3.76,3.71,3.72,726713.05
2021-06-07,3.71,3.72,3.68,3.69,578895.62
2021-06-08,3.69,3.7,3.65,3.7,648584.16
2021-06-09,3.69,3.76,3.67,3.75,906775.31
2021-06-10,3.74,3.8,3.73,3.79,1020952.8
2021-06-11,3.82,3.93,3.79,3.93,2834653.78
2021-06-15,3.9,3.94,3.87,3.87,1519355.08
2021-06-16,3.89,3.91,3.85,3.89,987929.22
2021-06-17,3.9,3.91,3.87,3.9,982126.43
2021-06-18,3.9,3.95,3.86,3.91,1625029.29
2021-06-21,3.9,3.9,3.83,3.83,863365.12
2021-06-22,3.84,3.86,3.8,3.82,570337.46
2021-06-23,3.82,3.86,3.78,3.82,588298.84
2021-06-24,3.82,3.83,3.81,3.82,361473.7
2021-06-25,3.81,3.86,3.8,3.85,557442.63
2021-06-28,3.85,3.92,3.83,3.89,730158.18
2021-06-29,3.88,3.89,3.83,3.83,463014.18
2021-06-30,3.86,3.86,3.79,3.79,486045.05
2021-07-01,3.79,3.84,3.78,3.79,521557.99
2021-07-02,3.78,3.8,3.75,3.76,498644.4
2021-07-05,3.76,3.77,3.73,3.75,379396.27
2021-07-06,3.75,3.78,3.73,3.77,452257.76
2021-07-07,3.76,3.78,3.73,3.75,514191.32
2021-07-08,3.75,3.75,3.67,3.68,837629.55
2021-07-09,3.68,3.69,3.65,3.68,618600.26
2021-07-12,3.7,3.71,3.66,3.67,653978.37
2021-07-13,3.67,3.69,3.67,3.69,541522.67
2021-07-14,3.69,3.71,3.66,3.67,711744.32
2021-07-15,3.67,3.69,3.65,3.68,499194.19
2021-07-16,3.68,3.7,3.67,3.68,504843.64
2021-07-19,3.69,3.79,3.66,3.79,1314873.93
2021-07-20,3.76,3.77,3.71,3.73,629946.74
2021-07-21,3.73,3.75,3.7,3.71,496880.13
2021-07-22,3.71,3.75,3.7,3.74,646284.92
2021-07-23,3.74,3.77,3.71,3.72,660751.89
2021-07-26,3.7,3.7,3.62,3.63,1053544.05
2021-07-27,3.64,3.67,3.62,3.62,695008.01
2021-07-28,3.63,3.67,3.56,3.66,952101.24
2021-07-29,3.66,3.67,3.61,3.62,728368.56
2021-07-30,3.61,3.63,3.57,3.62,516175.97
2021-08-02,3.62,3.69,3.58,3.66,905653.76
2021-08-03,3.65,3.72,3.64,3.71,878636.04
2021-08-04,3.71,3.71,3.68,3.69,457593.79
2021-08-05,3.69,3.71,3.66,3.68,640775.42
2021-08-06,3.68,3.69,3.63,3.65,578998.87
2021-08-09,3.66,3.71,3.65,3.7,693887.52
2021-08-10,3.69,3.69,3.65,3.68,833349.82
2021-08-11,3.68,3.73,3.66,3.72,1039555.84
2021-08-12,3.71,3.74,3.7,3.73,778584.93
2021-08-13,3.73,3.73,3.69,3.71,628025.35
2021-08-16,3.71,3.73,3.69,3.7,533551.61
2021-08-17,3.69,3.7,3.64,3.65,1046043.35
2021-08-18,3.65,3.69,3.63,3.68,792712.16
2021-08-19,3.71,3.8,3.7,3.8,2591008.77
2021-08-20,3.77,3.77,3.63,3.67,2790976.05
2021-08-23,3.64,3.66,3.62,3.63,1614173.23
2021-08-24,3.63,3.65,3.62,3.64,1364522.32
2021-08-25,3.65,3.65,3.62,3.64,946039.95
2021-08-26,3.63,3.66,3.62,3.64,1049339.53
2021-08-27,3.64,3.66,3.62,3.64,766506.45
2021-08-30,3.65,3.65,3.62,3.64,845867.64
2021-08-31,3.64,3.68,3.62,3.68,2192881.25
2021-09-01,3.66,3.76,3.66,3.75,2211432.94
2021-09-02,3.74,3.74,3.7,3.74,1338894.15
2021-09-03,3.73,3.76,3.7,3.71,1320386.2
2021-09-06,3.72,3.77,3.7,3.74,1280403.67
2021-09-07,3.75,3.8,3.74,3.8,1676066.97
2021-09-08,3.79,3.82,3.77,3.8,1359763.93
2021-09-09,3.79,3.86,3.77,3.85,3026340.97
2021-09-10,3.84,3.86,3.77,3.79,2070425.33
2021-09-13,3.77,3.8,3.75,3.78,1512251.51
2021-09-14,3.78,3.8,3.69,3.71,1906034.16
2021-09-15,3.69,3.72,3.68,3.7,1275269.14
2021-09-16,3.7,3.74,3.66,3.66,1386098.33
2021-09-17,3.66,3.68,3.62,3.64,1439724.58
2021-09-22,3.62,3.67,3.61,3.65,996049.92
2021-09-23,3.67,3.7,3.65,3.66,1043848.07
2021-09-24,3.67,3.68,3.63,3.63,932335.4
2021-09-27,3.63,3.66,3.58,3.59,1315483.04
2021-09-28,3.59,3.62,3.58,3.61,716654.07
2021-09-29,3.6,3.61,3.57,3.6,886406.78
2021-09-30,3.6,3.62,3.58,3.61,816590.35
2021-10-08,3.62,3.67,3.62,3.67,1119959.96
2021-10-11,3.67,3.71,3.66,3.69,1241414.19
2021-10-12,3.69,3.69,3.66,3.69,870394.99
2021-10-13,3.69,3.69,3.67,3.68,561764.58
2021-10-14,3.69,3.69,3.65,3.67,408165.71
2021-10-15,3.67,3.71,3.65,3.7,996851.29
2021-10-18,3.7,3.73,3.69,3.71,964415.66
2021-10-19,3.7,3.73,3.69,3.7,658600.02
2021-10-20,3.7,3.72,3.66,3.68,633069.16
2021-10-21,3.68,3.69,3.64,3.66,615198.03
2021-10-22,3.65,3.67,3.6,3.61,1195013.43
2021-10-25,3.6,3.62,3.58,3.61,1046036.88
2021-10-26,3.61,3.61,3.58,3.58,799957.17
2021-10-27,3.58,3.59,3.52,3.55,1344197.59
2021-10-28,3.54,3.55,3.52,3.55,728765.42
2021-10-29,3.55,3.59,3.55,3.58,696518.01
2021-11-01,3.58,3.6,3.55,3.6,725510.37
2021-11-02,3.59,3.61,3.53,3.55,923885.27
2021-11-03,3.55,3.56,3.54,3.54,640848.88
2021-11-04,3.55,3.56,3.54,3.55,602128.06
2021-11-05,3.55,3.57,3.53,3.55,677123.9
2021-11-08,3.54,3.55,3.53,3.54,490639.66
2021-11-09,3.54,3.55,3.53,3.55,558577.47
2021-11-10,3.54,3.55,3.49,3.52,950538.38
2021-11-11,3.51,3.55,3.5,3.54,785056.63
2021-11-12,3.55,3.55,3.52,3.52,695806.35
2021-11-15,3.53,3.55,3.52,3.53,573280.37
2021-11-16,3.53,3.55,3.52,3.53,720177.04
2021-11-17,3.54,3.55,3.53,3.54,656844.72
2021-11-18,3.54,3.55,3.5,3.5,819370.1
2021-11-19,3.5,3.53,3.49,3.53,577666.93
2021-11-22,3.53,3.53,3.5,3.52,702623.87
2021-11-23,3.51,3.52,3.5,3.51,744171.38
2021-11-24,3.51,3.53,3.49,3.51,725658.26
2021-11-25,3.51,3.51,3.49,3.5,586937.61
2021-11-26,3.49,3.5,3.47,3.47,859340.85
2021-11-29,3.45,3.46,3.42,3.44,1123437.94
2021-11-30,3.44,3.48,3.43,3.45,1309858.84
2021-12-01,3.45,3.48,3.44,3.47,635812.09
2021-12-02,3.47,3.47,3.46,3.47,615197.91
2021-12-03,3.47,3.48,3.44,3.47,895962.09
2021-12-06,3.47,3.48,3.45,3.47,855652.07
2021-12-07,3.47,3.49,3.47,3.48,809807.15
2021-12-08,3.49,3.5,3.47,3.48,747356.88
2021-12-09,3.48,3.52,3.47,3.5,1346733.08
2021-12-10,3.49,3.52,3.49,3.51,1322334.21
2021-12-13,3.51,3.54,3.49,3.5,991828.06
2021-12-14,3.5,3.51,3.48,3.49,675947.69
2021-12-15,3.49,3.51,3.48,3.49,566487.44
2021-12-16,3.49,3.51,3.47,3.51,802368.04
2021-12-17,3.5,3.52,3.49,3.52,898373.6
2021-12-20,3.52,3.54,3.51,3.53,957498.17
2021-12-21,3.54,3.54,3.51,3.53,816614.31
2021-12-22,3.54,3.54,3.49,3.5,968271.95
2021-12-23,3.5,3.51,3.48,3.49,579117.54
2021-12-24,3.49,3.5,3.47,3.48,598316.3
2021-12-27,3.48,3.5,3.47,3.49,580863.84
2021-12-28,3.5,3.51,3.48,3.49,679452.12
2021-12-29,3.49,3.5,3.47,3.48,616860.5
2021-12-30,3.48,3.5,3.47,3.48,624350.0
2021-12-31,3.49,3.5,3.47,3.49,753942.78
2022-01-04,3.5,3.55,3.48,3.55,1802634.74
2022-01-05,3.55,3.55,3.51,3.54,1267760.73
2022-01-06,3.54,3.54,3.5,3.52,913988.47
2022-01-07,3.52,3.57,3.51,3.55,1257629.38
2022-01-10,3.55,3.6,3.55,3.58,1289716.39
2022-01-11,3.58,3.6,3.56,3.58,961600.87
2022-01-12,3.57,3.58,3.55,3.56,705365.99
2022-01-13,3.57,3.6,3.55,3.56,647807.85
2022-01-14,3.56,3.56,3.53,3.53,863913.31
2022-01-17,3.54,3.55,3.53,3.53,614287.35
2022-01-18,3.54,3.59,3.53,3.57,1113336.8
2022-01-19,3.56,3.57,3.55,3.56,606286.36
2022-01-20,3.56,3.58,3.55,3.56,843204.25
2022-01-21,3.55,3.57,3.53,3.55,924576.08
2022-01-24,3.55,3.55,3.52,3.53,801432.67
2022-01-25,3.52,3.53,3.39,3.39,1796913.69
2022-01-26,3.4,3.42,3.37,3.39,1213223.23
2022-01-27,3.38,3.39,3.29,3.3,1497280.8
2022-01-28,3.31,3.32,3.29,3.3,945511.47
2022-02-07,3.31,3.35,3.3,3.34,977545.46
2022-02-08,3.34,3.49,3.33,3.48,2372474.98
2022-02-09,3.49,3.63,3.47,3.6,2549036.32
2022-02-10,3.58,3.59,3.53,3.56,1625976.97
2022-02-11,3.55,3.59,3.54,3.55,1179931.31
2022-02-14,3.55,3.56,3.51,3.52,813889.22
2022-02-15,3.52,3.54,3.49,3.49,647367.19
2022-02-16,3.52,3.57,3.51,3.53,920077.88
2022-02-17,3.52,3.53,3.48,3.5,766919.78
2022-02-18,3.5,3.52,3.48,3.52,580844.63
2022-02-21,3.51,3.54,3.49,3.53,859798.7
2022-02-22,3.51,3.53,3.48,3.49,785990.1
2022-02-23,3.49,3.51,3.48,3.49,575442.28
2022-02-24,3.49,3.51,3.39,3.44,1207533.18
2022-02-25,3.45,3.47,3.41,3.42,718098.83
2022-02-28,3.41,3.42,3.38,3.39,713781.15
2022-03-01,3.4,3.42,3.39,3.42,599741.65
2022-03-02,3.4,3.42,3.39,3.41,589771.28
2022-03-03,3.42,3.44,3.41,3.43,698752.24
2022-03-04,3.43,3.43,3.4,3.41,795001.64
2022-03-07,3.4,3.4,3.35,3.35,861280.18
2022-03-08,3.35,3.38,3.3,3.31,1049099.04
2022-03-09,3.31,3.34,3.15,3.26,1411129.17
2022-03-10,3.31,3.31,3.24,3.25,952315.59
2022-03-11,3.23,3.29,3.17,3.28,932888.1
2022-03-14,3.24,3.27,3.22,3.22,875392.44
2022-03-15,3.19,3.2,3.03,3.04,1704572.4
2022-03-16,3.07,3.15,3.01,3.13,1488352.31
2022-03-17,3.15,3.16,3.1,3.12,1323510.26
2022-03-18,3.1,3.19,3.08,3.19,1338186.72
2022-03-21,3.17,3.19,3.11,3.14,1162136.43
2022-03-22,3.11,3.15,3.1,3.13,818424.97
2022-03-23,3.14,3.16,3.13,3.15,769581.06
2022-03-24,3.13,3.21,3.11,3.15,1118598.73
2022-03-25,3.14,3.15,3.11,3.12,742411.21
2022-03-28,3.1,3.16,3.07,3.15,914175.25
2022-03-29,3.15,3.16,3.13,3.14,470735.31
2022-03-30,3.15,3.16,3.13,3.15,705496.41
2022-03-31,3.15,3.17,3.14,3.17,576226.78
2022-04-01,3.15,3.19,3.15,3.18,576696.91
2022-04-06,3.17,3.22,3.16,3.21,903855.41
2022-04-07,3.2,3.21,3.15,3.15,659689.33
2022-04-08,3.15,3.16,3.13,3.16,585981.92
2022-04-11,3.16,3.17,3.1,3.12,785859.46
2022-04-12,3.11,3.17,3.08,3.15,905436.45
2022-04-13,3.15,3.19,3.13,3.14,677475.27
2022-04-14,3.15,3.16,3.14,3.15,522019.4
2022-04-15,3.14,3.16,3.13,3.14,525683.6
2022-04-18,3.13,3.14,3.11,3.12,500898.0
2022-04-19,3.12,3.15,3.11,3.15,564618.57
2022-04-20,3.15,3.17,3.14,3.15,570292.75
2022-04-21,3.15,3.16,3.07,3.09,873907.73
2022-04-22,3.09,3.15,3.07,3.13,858336.35
2022-04-25,3.11,3.15,3.05,3.05,1330060.79
2022-04-26,3.06,3.1,3.05,3.05,1010628.67
2022-04-27,3.03,3.1,3.01,3.08,1170528.79
2022-04-28,3.07,3.11,3.04,3.1,902352.67
2022-04-29,3.09,3.15,3.08,3.13,773786.75
2022-05-05,3.13,3.15,3.12,3.14,674358.52
2022-05-06,3.11,3.12,3.07,3.07,543864.01
2022-05-09,3.07,3.11,3.07,3.09,391310.7
2022-05-10,3.07,3.12,3.06,3.11,670937.66
2022-05-11,3.1,3.14,3.09,3.1,683939.4
2022-05-12,3.09,3.11,3.08,3.1,507866.59
2022-05-13,3.09,3.12,3.09,3.12,462304.72
2022-05-16,3.12,3.13,3.09,3.1,411968.21
2022-05-17,3.09,3.12,3.09,3.12,428285.4
2022-05-18,3.12,3.12,3.09,3.1,511328.4
2022-05-19,3.08,3.12,3.07,3.12,623776.49
2022-05-20,3.12,3.15,3.11,3.15,747103.98
2022-05-23,3.14,3.15,3.11,3.13,680874.19
2022-05-24,3.12,3.13,3.07,3.08,765017.92
2022-05-25,3.07,3.1,3.07,3.09,595751.55
2022-05-26,3.09,3.1,3.07,3.09,680454.77
2022-05-27,3.09,3.11,3.08,3.1,657953.39
2022-05-30,3.09,3.11,3.08,3.09,580933.18
2022-05-31,3.1,3.11,3.07,3.09,860909.08
2022-06-01,3.09,3.1,3.07,3.08,733955.32
2022-06-02,3.07,3.09,3.07,3.08,679410.88
2022-06-06,3.08,3.09,3.07,3.08,973817.86
2022-06-07,3.08,3.11,3.07,3.09,997375.37
2022-06-08,3.09,3.1,3.07,3.09,916524.4
2022-06-09,3.08,3.1,3.07,3.09,1210118.39
2022-06-10,3.08,3.15,3.07,3.11,2399720.62
2022-06-13,3.1,3.12,3.07,3.07,1673634.81
2022-06-14,3.07,3.08,3.03,3.08,1399296.28
2022-06-15,3.07,3.21,3.07,3.17,2934752.67
2022-06-16,3.17,3.19,3.12,3.13,1396682.29
2022-06-17,3.12,3.14,3.08,3.14,1179963.99
2022-06-20,3.13,3.14,3.09,3.1,898889.35
2022-06-21,3.1,3.12,3.09,3.1,632760.15
2022-06-22,3.1,3.11,3.07,3.07,731302.93
2022-06-23,3.07,3.1,3.07,3.09,668683.9
2022-06-24,3.09,3.1,3.07,3.09,680993.75
2022-06-27,3.09,3.1,3.08,3.09,664262.52
2022-06-28,3.09,3.11,3.08,3.1,742818.67
2022-06-29,3.11,3.12,3.1,3.1,795098.21
2022-06-30,3.11,3.12,3.1,3.11,817600.0
2022-07-01,3.12,3.12,3.1,3.12,701928.87
2022-07-04,3.11,3.12,3.1,3.11,579991.46
2022-07-05,3.12,3.12,3.08,3.09,822538.36
2022-07-06,3.09,3.09,3.06,3.08,867437.89
2022-07-07,3.07,3.08,3.06,3.07,478406.79
2022-07-08,3.07,3.09,3.07,3.07,454456.71
2022-07-11,3.08,3.1,3.07,3.08,703367.33
2022-07-12,3.08,3.1,3.08,3.09,588361.39
2022-07-13,3.09,3.1,3.08,3.09,512617.8
2022-07-14,3.09,3.1,3.07,3.07,544346.62
2022-07-15,3.07,3.08,3.04,3.04,810841.16
2022-07-18,3.04,3.06,3.04,3.06,622262.29
2022-07-19,3.06,3.09,3.06,3.08,646645.56
2022-07-20,3.08,3.1,3.07,3.09,431249.31
2022-07-21,3.09,3.1,3.07,3.07,414530.32
2022-07-22,3.08,3.09,3.07,3.08,461060.93
2022-07-25,3.09,3.09,3.07,3.08,350896.33
2022-07-26,3.08,3.09,3.06,3.09,452223.62
2022-07-27,3.09,3.09,3.07,3.07,385601.66
2022-07-28,3.08,3.09,3.07,3.08,481424.24
2022-07-29,3.09,3.1,3.07,3.09,721488.82
2022-08-01,3.08,3.09,3.06,3.06,610395.53
2022-08-02,3.06,3.07,2.97,3.0,1249077.7
2022-08-03,2.98,3.01,2.97,2.98,786949.21
2022-08-04,2.98,3.01,2.98,3.01,612855.18
2022-08-05,3.01,3.06,3.0,3.05,598795.64
2022-08-08,3.05,3.09,3.04,3.09,694427.99
2022-08-09,3.11,3.19,3.1,3.17,2415987.36
2022-08-10,3.17,3.24,3.16,3.21,1665364.79
2022-08-11,3.22,3.24,3.21,3.23,1079750.78
2022-08-12,3.24,3.24,3.19,3.23,876090.41
2022-08-15,3.22,3.23,3.18,3.19,821784.99
2022-08-16,3.2,3.21,3.16,3.18,616728.56
2022-08-17,3.18,3.21,3.15,3.2,798296.46
2022-08-18,3.19,3.19,3.15,3.16,692264.27
2022-08-19,3.16,3.24,3.15,3.22,1227368.28
2022-08-22,3.21,3.27,3.21,3.22,971939.63
2022-08-23,3.22,3.22,3.18,3.19,634165.89
2022-08-24,3.18,3.21,3.15,3.15,664585.0
2022-08-25,3.15,3.18,3.15,3.17,548795.73
2022-08-26,3.18,3.19,3.16,3.17,469813.56
2022-08-29,3.15,3.17,3.14,3.16,476549.29
2022-08-30,3.15,3.22,3.15,3.22,792413.15
2022-08-31,3.21,3.22,3.17,3.19,776453.55
2022-09-01,3.18,3.22,3.17,3.18,689787.82
2022-09-02,3.18,3.19,3.16,3.17,553175.6
2022-09-05,3.17,3.2,3.15,3.2,558569.81
2022-09-06,3.21,3.24,3.19,3.22,655663.41
2022-09-07,3.22,3.22,3.18,3.19,481207.88
2022-09-08,3.2,3.23,3.18,3.22,541161.28
2022-09-09,3.21,3.27,3.2,3.24,1021461.76
2022-09-13,3.24,3.25,3.22,3.23,632721.22
2022-09-14,3.21,3.21,3.18,3.18,665399.17
2022-09-15,3.19,3.24,3.17,3.2,866409.52
2022-09-16,3.19,3.2,3.12,3.13,1061481.62
2022-09-19,3.12,3.13,3.07,3.1,729104.82
2022-09-20,3.1,3.12,3.08,3.08,460310.55
2022-09-21,3.08,3.1,3.04,3.09,591262.03
2022-09-22,3.07,3.08,3.06,3.07,436283.76
2022-09-23,3.07,3.15,3.06,3.13,1052906.02
2022-09-26,3.12,3.13,3.01,3.02,1035939.64
2022-09-27,3.02,3.06,3.01,3.06,488368.44
2022-09-28,3.06,3.06,3.03,3.03,515698.64
2022-09-29,3.05,3.06,2.98,3.0,594998.98
2022-09-30,2.99,3.03,2.98,3.01,443486.9
2022-10-10,3.02,3.08,3.01,3.04,900136.69
2022-10-11,3.04,3.06,3.02,3.03,588191.01
2022-10-12,3.03,3.08,3.02,3.07,598109.47
2022-10-13,3.06,3.09,3.05,3.08,554897.79
2022-10-14,3.08,3.11,3.07,3.08,617053.17
2022-10-17,3.07,3.09,3.06,3.08,572273.3
2022-10-18,3.09,3.1,3.06,3.07,492163.57
2022-10-19,3.07,3.07,3.04,3.04,492131.44
2022-10-20,3.04,3.06,3.03,3.06,557853.82
2022-10-21,3.06,3.1,3.06,3.09,763182.02
2022-10-24,3.09,3.12,3.02,3.02,739909.01
2022-10-25,3.02,3.04,3.0,3.0,692953.91
2022-10-26,3.01,3.05,3.0,3.01,545496.56
2022-10-27,3.02,3.05,3.01,3.04,540000.48
2022-10-28,3.03,3.04,2.99,3.0,665284.96
2022-10-31,3.0,3.06,2.98,3.02,977577.01
2022-11-01,3.02,3.07,3.01,3.06,960160.78
2022-11-02,3.06,3.37,3.05,3.37,2974495.18
2022-11-03,3.47,3.59,3.28,3.33,8427925.56
2022-11-04,3.28,3.3,3.2,3.28,5012063.63
2022-11-07,3.24,3.25,3.2,3.22,2725349.62
2022-11-08,3.22,3.23,3.16,3.18,2019515.67
2022-11-09,3.18,3.2,3.16,3.16,1359016.19
2022-11-10,3.15,3.19,3.13,3.17,1774137.51
2022-11-11,3.2,3.22,3.16,3.18,1998842.06
2022-11-14,3.17,3.2,3.15,3.17,1385647.23
2022-11-15,3.16,3.26,3.15,3.25,2708401.0
2022-11-16,3.24,3.35,3.23,3.29,2642009.91
2022-11-17,3.28,3.36,3.28,3.35,2237688.86
2022-11-18,3.38,3.53,3.37,3.47,4206500.98
2022-11-21,3.46,3.48,3.37,3.4,2301853.15
2022-11-22,3.41,3.74,3.4,3.74,4987483.49
2022-11-23,3.81,3.84,3.63,3.66,8822960.62
2022-11-24,3.57,3.61,3.48,3.48,5213744.27
2022-11-25,3.5,3.83,3.5,3.82,10343136.28
2022-11-28,3.72,3.87,3.68,3.83,7531948.0
2022-11-29,3.81,3.91,3.72,3.8,5620266.49
2022-11-30,3.79,4.17,3.79,4.04,9053266.36
2022-12-01,4.04,4.45,3.99,4.33,11550824.3
2022-12-02,4.29,4.39,4.25,4.35,6107106.71
2022-12-05,4.4,4.78,4.38,4.77,9826832.62
2022-12-06,4.69,4.72,4.52,4.56,9521252.3
2022-12-07,4.56,4.81,4.5,4.67,9406392.35
2022-12-08,4.59,4.69,4.47,4.67,6695762.83
2022-12-09,4.6,4.64,4.53,4.54,4968916.19
2022-12-12,4.5,4.79,4.5,4.66,6997812.25
2022-12-13,4.63,4.7,4.5,4.53,4539349.34
2022-12-14,4.52,4.55,4.29,4.37,6717343.79
2022-12-15,4.42,4.53,4.35,4.39,4733358.16
2022-12-16,4.4,4.44,4.3,4.44,4056225.68
2022-12-19,4.36,4.36,4.11,4.18,6160838.99
2022-12-20,4.15,4.24,4.09,4.14,4094722.03
2022-12-21,4.12,4.18,4.09,4.15,2770713.18
2022-12-22,4.19,4.33,4.12,4.16,4209814.39
2022-12-23,4.11,4.41,4.09,4.4,5699018.51
2022-12-26,4.35,4.41,4.3,4.38,3181480.77
2022-12-27,4.41,4.53,4.33,4.41,3146952.89
2022-12-28,4.36,4.41,4.18,4.22,4824241.92
2022-12-29,4.18,4.19,4.09,4.14,3266690.69
2022-12-30,4.18,4.18,4.1,4.11,2145508.63
2023-01-03,4.11,4.52,4.11,4.52,6991185.11
2023-01-04,4.58,4.63,4.48,4.6,6270811.2
2023-01-05,4.58,4.79,4.58,4.65,5858581.23
2023-01-06,4.64,4.65,4.53,4.58,3132034.07
2023-01-09,4.57,4.59,4.47,4.57,3246942.95
2023-01-10,4.54,4.6,4.49,4.57,2571947.66
2023-01-11,4.56,4.69,4.52,4.55,3127401.44
2023-01-12,4.53,4.71,4.51,4.69,3870405.8
2023-01-13,4.65,4.71,4.58,4.64,3227926.38
2023-01-16,4.64,4.68,4.57,4.6,2944489.75
2023-01-17,4.58,4.62,4.53,4.54,2094946.95
2023-01-18,4.54,4.69,4.5,4.65,3392365.68
2023-01-19,4.62,4.75,4.6,4.74,4324306.19
2023-01-20,4.76,5.15,4.74,5.07,7470132.21
2023-01-30,5.08,5.13,4.85,4.89,5766524.62
2023-01-31,4.86,4.91,4.76,4.8,3248648.58
2023-02-01,4.8,4.86,4.77,4.84,3044556.82
2023-02-02,4.81,4.92,4.76,4.77,3383030.17
2023-02-03,4.75,4.85,4.68,4.8,3028224.42
2023-02-06,4.75,4.77,4.59,4.61,4285525.36
2023-02-07,4.62,4.65,4.58,4.6,1969351.17
2023-02-08,4.6,4.61,4.43,4.45,3973614.58
2023-02-09,4.43,4.57,4.41,4.53,3529082.46
2023-02-10,4.51,4.61,4.48,4.57,2760071.89
2023-02-13,4.54,4.66,4.54,4.62,2879353.52
2023-02-14,4.62,4.67,4.51,4.55,2427030.51
2023-02-15,4.58,4.76,4.56,4.63,4704390.51
2023-02-16,4.59,5.03,4.59,4.78,8060533.99
2023-02-17,4.77,4.82,4.51,4.51,4705816.66
2023-02-20,4.53,4.91,4.51,4.85,6862278.08
2023-02-21,4.84,5.02,4.8,5.02,6365055.47
2023-02-22,4.95,4.97,4.82,4.87,4569963.32
2023-02-23,4.86,4.87,4.72,4.76,3364494.24
2023-02-24,4.74,4.79,4.68,4.73,2877051.38
2023-02-27,4.7,4.75,4.61,4.67,2259956.7
2023-02-28,4.78,4.98,4.74,4.84,5539342.94
2023-03-01,4.81,5.33,4.8,5.33,11822123.93
2023-03-02,5.37,5.49,5.3,5.46,10907875.44
2023-03-03,5.38,5.72,5.3,5.57,9727725.65
2023-03-06,5.59,5.77,5.47,5.55,7580078.5
2023-03-07,5.5,5.65,5.35,5.39,6916130.96
2023-03-08,5.33,5.58,5.33,5.57,5676450.85
2023-03-09,5.42,5.69,5.29,5.5,9607805.12
2023-03-10,5.44,5.58,5.25,5.26,8470695.32
2023-03-13,5.23,5.64,5.23,5.55,9772588.0
2023-03-14,5.54,5.91,5.49,5.67,11362472.37
2023-03-15,5.69,5.75,5.44,5.5,7333749.6
2023-03-16,5.45,5.54,5.35,5.37,5303085.56
2023-03-17,5.38,5.64,5.34,5.64,8369207.61
2023-03-20,5.61,5.65,5.08,5.1,10775842.35
2023-03-21,5.09,5.21,5.01,5.12,5886642.53
2023-03-22,5.09,5.23,5.02,5.2,4104083.98
2023-03-23,5.15,5.3,5.09,5.29,5139013.2
2023-03-24,5.23,5.25,4.97,5.04,7285022.67
2023-03-27,5.02,5.06,4.83,4.95,5283443.33
2023-03-28,4.95,5.13,4.95,5.07,5407062.34
2023-03-29,5.05,5.05,4.86,5.01,4779031.66
2023-03-30,4.96,5.05,4.78,4.85,5107878.73
2023-03-31,4.85,5.01,4.83,4.97,4168611.7
2023-04-03,4.93,5.13,4.87,5.1,6051663.23
2023-04-04,5.09,5.36,5.06,5.23,7405414.83
2023-04-06,5.16,5.16,5.04,5.11,4227893.47
2023-04-07,5.07,5.2,5.07,5.1,3003268.01
2023-04-10,5.11,5.23,5.03,5.09,3788515.14
2023-04-11,5.07,5.09,4.94,5.05,3373911.49
2023-04-12,5.03,5.46,5.02,5.44,8407530.14
2023-04-13,5.37,5.42,5.2,5.27,4625376.31
2023-04-14,5.27,5.44,5.24,5.32,3735916.79
2023-04-17,5.27,5.45,5.21,5.39,4225618.79
2023-04-18,5.36,5.62,5.27,5.57,5858121.79
2023-04-19,5.46,5.48,5.23,5.25,8939278.94
2023-04-20,5.23,5.29,5.13,5.25,4683599.55
2023-04-21,5.24,5.28,5.04,5.05,4974480.63
2023-04-24,5.05,5.12,4.98,5.02,3207660.62
2023-04-25,5.02,5.06,4.9,5.02,3673898.16
2023-04-26,4.98,5.01,4.83,4.88,3066243.78
2023-04-27,4.86,4.94,4.82,4.91,2544738.16
2023-04-28,4.91,5.0,4.89,4.99,2637709.67
2023-05-04,4.95,5.03,4.89,4.99,3036200.87
2023-05-05,5.09,5.2,4.98,5.03,3998677.96
2023-05-08,5.02,5.25,4.99,5.19,5179438.38
2023-05-09,5.17,5.19,5.02,5.02,4046919.03
2023-05-10,5.0,5.09,4.93,5.01,2529124.67
2023-05-11,5.02,5.02,4.87,4.91,2376726.9
2023-05-12,4.9,4.97,4.8,4.82,2169824.66
2023-05-15,4.81,4.82,4.58,4.73,3672652.24
2023-05-16,4.73,4.79,4.65,4.68,1841637.94
2023-05-17,4.63,4.65,4.53,4.58,2843803.57
2023-05-18,4.58,4.68,4.57,4.61,2022852.23
2023-05-19,4.61,4.64,4.55,4.58,1654045.89
2023-05-22,4.58,4.61,4.56,4.57,1350694.81
2023-05-23,4.58,4.58,4.43,4.45,2564557.53
2023-05-24,4.44,4.45,4.36,4.37,2174404.27
2023-05-25,4.36,4.42,4.26,4.36,3107960.91
2023-05-26,4.35,4.41,4.32,4.37,2112216.31
2023-05-29,4.4,4.47,4.38,4.41,2302227.4
2023-05-30,4.39,4.5,4.37,4.5,2590934.45
2023-05-31,4.48,4.56,4.46,4.51,1897773.49
2023-06-01,4.49,4.63,4.48,4.6,2540803.7
2023-06-02,4.61,4.7,4.6,4.63,1830683.29
2023-06-05,4.62,4.7,4.61,4.64,1647402.73
2023-06-06,4.63,4.71,4.6,4.62,2049860.2
2023-06-07,4.63,4.7,4.6,4.69,1930123.55
2023-06-08,4.68,4.77,4.62,4.75,2396751.01
2023-06-09,4.74,4.87,4.71,4.87,4045312.83
2023-06-12,4.79,4.83,4.72,4.79,3030386.9
2023-06-13,4.75,4.79,4.68,4.74,2147267.29
2023-06-14,4.73,4.76,4.66,4.68,1864193.66
2023-06-15,4.71,4.73,4.63,4.65,1480923.16
2023-06-16,4.66,4.7,4.63,4.65,1442668.61
2023-06-19,4.65,4.81,4.61,4.77,2523575.2
2023-06-20,4.75,4.76,4.62,4.63,2296814.72
2023-06-21,4.62,4.63,4.43,4.43,2681729.05
2023-06-26,4.4,4.45,4.34,4.36,2040743.75
2023-06-27,4.37,4.56,4.35,4.52,2216357.9
2023-06-28,4.51,4.51,4.37,4.43,1910714.41
2023-06-29,4.4,4.46,4.37,4.43,1815636.12
2023-06-30,4.41,4.47,4.37,4.4,2057385.32
2023-07-03,4.4,4.56,4.38,4.5,2392327.78
2023-07-04,4.49,4.52,4.47,4.49,1233928.32
2023-07-05,4.49,4.57,4.42,4.43,1574671.72
2023-07-06,4.42,4.47,4.39,4.41,1223041.32
2023-07-07,4.4,4.4,4.32,4.34,1674699.42
2023-07-10,4.35,4.37,4.3,4.33,1032286.24
2023-07-11,4.34,4.38,4.33,4.37,1097987.36
2023-07-12,4.37,4.39,4.24,4.24,1769027.05
2023-07-13,4.26,4.31,4.25,4.3,1732532.07
2023-07-14,4.31,4.74,4.31,4.74,7637567.45
2023-07-17,4.86,4.93,4.79,4.88,7808784.53
2023-07-18,4.78,4.95,4.77,4.87,4722926.94
2023-07-19,4.86,4.89,4.8,4.84,3005213.36
2023-07-20,4.85,4.87,4.71,4.74,3234655.96
2023-07-21,4.73,4.79,4.69,4.75,2179069.84
2023-07-24,4.71,4.9,4.68,4.79,2651287.71
2023-07-25,4.88,4.93,4.77,4.84,3002023.54
2023-07-26,4.84,4.84,4.73,4.75,1840103.37
2023-07-27,4.73,4.77,4.68,4.7,1960482.86
2023-07-28,4.68,4.93,4.67,4.9,4398071.79
2023-07-31,4.94,4.94,4.74,4.77,4618142.15
2023-08-01,4.76,4.79,4.7,4.75,2737934.35
2023-08-02,4.74,4.75,4.69,4.72,1544148.14
2023-08-03,4.7,4.74,4.68,4.72,1545690.05
2023-08-04,4.73,5.19,4.72,5.07,9697658.85
2023-08-07,4.96,5.01,4.87,4.9,5181246.78
2023-08-08,4.92,4.98,4.86,4.88,3052642.78
2023-08-09,4.88,4.9,4.82,4.85,2313472.34
2023-08-10,4.86,4.95,4.83,4.92,3533669.71
2023-08-11,4.89,5.13,4.86,4.86,5916134.3
2023-08-14,4.77,5.05,4.74,4.99,5071812.7
2023-08-15,4.98,5.01,4.87,4.92,2809287.47
2023-08-16,4.9,4.91,4.71,4.79,3202846.84
2023-08-17,4.76,4.83,4.7,4.81,2443192.76
2023-08-18,4.79,4.83,4.67,4.68,2603774.47
2023-08-21,4.68,4.83,4.66,4.73,2780510.04
2023-08-22,4.83,5.14,4.81,5.09,8684897.44
2023-08-23,5.04,5.13,4.99,5.01,4664803.45
2023-08-24,5.05,5.07,4.85,4.86,4637224.69
2023-08-25,4.78,4.81,4.72,4.74,3898935.92
2023-08-28,4.98,5.04,4.81,4.84,4483220.06
2023-08-29,4.82,5.02,4.8,4.92,3703837.64
2023-08-30,4.91,4.95,4.77,4.86,3628242.42
2023-08-31,4.83,4.87,4.76,4.82,2319163.9
2023-09-01,4.82,4.85,4.77,4.81,1632883.11
2023-09-04,4.84,4.99,4.79,4.91,3221861.72
2023-09-05,4.88,4.89,4.79,4.8,2262914.66
2023-09-06,4.79,4.8,4.74,4.79,1951395.84
2023-09-07,4.74,4.8,4.74,4.75,1775204.91
2023-09-08,4.74,4.81,4.74,4.79,1737505.81
2023-09-11,4.8,4.84,4.76,4.79,1799968.19
2023-09-12,4.78,4.84,4.76,4.81,1809814.85
2023-09-13,4.79,4.81,4.72,4.78,1906623.4
2023-09-14,4.78,4.89,4.76,4.82,2752840.16
2023-09-15,4.81,4.86,4.77,4.78,2182941.8
2023-09-18,4.77,4.78,4.72,4.73,2043769.44
2023-09-19,4.72,4.74,4.69,4.72,1368301.53
2023-09-20,4.71,4.74,4.69,4.7,971842.48
2023-09-21,4.69,4.72,4.67,4.67,1154192.89
2023-09-22,4.67,4.74,4.63,4.73,1908501.03
2023-09-25,4.71,4.73,4.69,4.7,1094984.95
2023-09-26,4.69,4.71,4.52,4.54,2923117.0
2023-09-27,4.53,4.57,4.52,4.54,1274085.25
2023-09-28,4.55,4.57,4.49,4.54,1241945.76
2023-10-09,4.53,4.62,4.49,4.59,1744172.79
2023-10-10,4.6,4.63,4.55,4.57,1063614.12
2023-10-11,4.59,4.6,4.54,4.55,929047.43
2023-10-12,4.58,4.72,4.57,4.65,2379078.6
2023-10-13,4.62,4.64,4.58,4.61,1297367.51
2023-10-16,4.61,4.65,4.59,4.61,1092147.71
2023-10-17,4.62,4.72,4.6,4.69,1992541.82
2023-10-18,4.67,4.68,4.62,4.64,1168955.61
2023-10-19,4.63,4.64,4.51,4.52,1788952.64
2023-10-20,4.5,4.51,4.34,4.37,2034038.31
2023-10-23,4.33,4.41,4.29,4.37,1418009.76
2023-10-24,4.37,4.39,4.28,4.33,1626658.34
2023-10-25,4.34,4.34,4.13,4.17,3842487.64
2023-10-26,4.13,4.18,4.07,4.17,2254164.96
2023-10-27,4.14,4.21,4.13,4.19,1863982.57
2023-10-30,4.16,4.19,4.08,4.13,2183487.92
2023-10-31,4.13,4.16,4.11,4.13,1489065.37
2023-11-01,4.13,4.15,4.09,4.11,1235059.85
2023-11-02,4.11,4.13,4.07,4.08,1452135.81
2023-11-03,4.08,4.13,4.07,4.12,1347282.45
2023-11-06,4.13,4.15,4.1,4.14,1934443.26
2023-11-07,4.13,4.17,4.1,4.14,1639576.26
2023-11-08,4.13,4.19,4.13,4.17,1767114.85
2023-11-09,4.16,4.23,4.14,4.15,1326417.53
2023-11-10,4.13,4.14,4.09,4.12,1156544.06
2023-11-13,4.13,4.19,4.11,4.17,1638348.24
2023-11-14,4.17,4.21,4.16,4.2,1235937.43
2023-11-15,4.23,4.24,4.17,4.19,1037409.43
2023-11-16,4.18,4.19,4.13,4.13,1140102.98
2023-11-17,4.13,4.14,4.09,4.13,1367454.23
2023-11-20,4.13,4.15,4.1,4.13,1088487.37
2023-11-21,4.13,4.17,4.12,4.13,1494875.24
2023-11-22,4.13,4.28,4.12,4.17,3359995.4
2023-11-23,4.16,4.21,4.13,4.19,1875618.72
2023-11-24,4.2,4.25,4.16,4.17,1801324.06
2023-11-27,4.17,4.18,4.08,4.1,1868766.69
2023-11-28,4.1,4.1,4.01,4.04,1951922.37
2023-11-29,4.05,4.06,4.0,4.02,1081772.6
2023-11-30,4.02,4.09,4.0,4.06,1521806.69
2023-12-01,4.06,4.13,4.02,4.13,1924879.05
2023-12-04,4.13,4.16,4.11,4.12,1208894.19
2023-12-05,4.11,4.12,4.03,4.04,1192955.05
2023-12-06,4.03,4.04,3.92,3.97,1731616.05
2023-12-07,3.96,4.01,3.94,3.97,1140328.79
2023-12-08,4.0,4.15,3.98,4.09,2321532.23
2023-12-11,4.08,4.14,4.03,4.13,1518788.81
2023-12-12,4.11,4.18,4.1,4.17,1245377.84
2023-12-13,4.15,4.18,4.12,4.13,955617.22
2023-12-14,4.13,4.19,4.12,4.12,1109585.83
2023-12-15,4.11,4.14,4.08,4.08,1166438.84
2023-12-18,4.07,4.12,4.05,4.08,1037610.61
2023-12-19,4.07,4.1,4.03,4.08,961536.02
2023-12-20,4.08,4.1,4.01,4.02,1021534.41
2023-12-21,4.01,4.04,4.0,4.02,1066872.81
2023-12-22,4.01,4.09,4.01,4.02,1746792.47
2023-12-25,4.02,4.03,3.95,3.97,1111694.06
2023-12-26,3.97,4.0,3.94,3.98,978854.37
2023-12-27,3.99,4.13,3.97,4.11,2333852.91
2023-12-28,4.08,4.15,4.06,4.12,2387526.07
2023-12-29,4.1,4.17,4.08,4.13,1801268.52
2024-01-02,4.13,4.17,4.03,4.04,2524215.55
2024-01-03,4.02,4.08,4.01,4.07,1248959.28
2024-01-04,4.06,4.1,3.99,4.03,1693299.59
2024-01-05,4.02,4.07,3.99,4.01,1419313.94
2024-01-08,3.99,4.01,3.94,3.95,1437194.6
2024-01-09,3.96,3.97,3.81,3.84,2457928.77
2024-01-10,3.82,3.82,3.76,3.76,1466860.72
2024-01-11,3.76,3.8,3.72,3.79,1330521.56
2024-01-12,3.77,3.83,3.76,3.77,979231.23
2024-01-15,3.75,3.84,3.74,3.82,1315690.23
2024-01-16,3.81,3.84,3.78,3.84,1147720.19
2024-01-17,3.82,3.85,3.78,3.78,1307217.99
2024-01-18,3.77,3.83,3.68,3.81,2244683.33
2024-01-19,3.78,3.83,3.76,3.81,1474645.58
2024-01-22,3.81,3.83,3.72,3.76,1717062.94
2024-01-23,3.75,3.76,3.7,3.74,1395719.5
2024-01-24,3.75,3.9,3.75,3.88,2785772.96
2024-01-25,3.89,4.27,3.88,4.27,8449035.95
2024-01-26,4.23,4.33,4.21,4.29,6910286.67
2024-01-29,4.27,4.55,4.26,4.31,6683270.61
2024-01-30,4.3,4.44,4.28,4.29,4532361.14
2024-01-31,4.26,4.38,4.21,4.26,3741106.46
2024-02-01,4.21,4.27,4.16,4.19,3185163.74
2024-02-02,4.19,4.28,4.03,4.19,4010282.21
2024-02-05,4.14,4.22,4.08,4.18,3463129.53
2024-02-06,4.16,4.27,4.05,4.21,3913852.79
2024-02-07,4.2,4.31,4.17,4.3,3970107.14
2024-02-08,4.27,4.31,4.24,4.3,3014420.16
2024-02-19,4.3,4.43,4.25,4.42,3694129.81
2024-02-20,4.43,4.51,4.36,4.47,3104938.98
2024-02-21,4.42,4.58,4.4,4.46,3438932.46
2024-02-22,4.51,4.71,4.51,4.62,4152140.81
2024-02-23,4.62,4.64,4.53,4.58,3034768.94
2024-02-26,4.57,4.58,4.45,4.46,2886028.03
2024-02-27,4.44,4.58,4.43,4.55,2646739.74
2024-02-28,4.58,4.59,4.43,4.44,3071434.28
2024-02-29,4.41,4.52,4.4,4.52,2536671.19
2024-03-01,4.52,4.6,4.5,4.56,2562796.5
2024-03-04,4.57,4.62,4.53,4.58,2450664.85
2024-03-05,4.58,4.66,4.53,4.56,2549838.17
2024-03-06,4.55,4.58,4.53,4.53,1852132.44
2024-03-07,4.52,4.53,4.44,4.45,2330658.17
2024-03-08,4.45,4.55,4.44,4.55,1980964.95
2024-03-11,4.53,4.55,4.47,4.51,1930674.69
2024-03-12,4.51,4.51,4.38,4.4,2656788.29
2024-03-13,4.39,4.42,4.33,4.36,1836896.96
2024-03-14,4.36,4.4,4.32,4.35,1500501.5
2024-03-15,4.34,4.35,4.31,4.34,1395413.13
2024-03-18,4.35,4.46,4.34,4.45,2139304.68
2024-03-19,4.44,4.45,4.36,4.37,1524945.03
2024-03-20,4.41,4.48,4.36,4.44,2351803.09
2024-03-21,4.42,4.52,4.42,4.45,2129084.13
2024-03-22,4.44,4.46,4.35,4.39,1717414.91
2024-03-25,4.37,4.44,4.35,4.36,1672816.34
2024-03-26,4.34,4.37,4.33,4.35,1273371.1
2024-03-27,4.34,4.4,4.29,4.32,1919784.54
2024-03-28,4.33,4.39,4.31,4.34,1863503.3
2024-03-29,4.34,4.41,4.33,4.4,1495150.38
2024-04-01,4.41,4.52,4.4,4.47,2011022.77
2024-04-02,4.46,4.5,4.43,4.45,1357320.87
2024-04-03,4.44,4.45,4.4,4.4,1036531.07
2024-04-08,4.38,4.45,4.34,4.41,1793148.69
2024-04-09,4.4,4.42,4.32,4.34,1689648.94
2024-04-10,4.33,4.38,4.28,4.3,1484999.71
2024-04-11,4.28,4.35,4.27,4.29,1325717.1
2024-04-12,4.29,4.32,4.24,4.26,1445303.16
2024-04-15,4.26,4.47,4.25,4.46,3627879.6
2024-04-16,4.45,4.5,4.41,4.46,2966981.86
2024-04-17,4.44,4.55,4.37,4.54,3238613.3
2024-04-18,4.52,4.66,4.51,4.56,3191448.75
2024-04-19,4.53,4.6,4.52,4.56,2052522.8
2024-04-22,4.56,4.6,4.47,4.49,2200189.65
2024-04-23,4.5,4.52,4.42,4.44,1907142.08
2024-04-24,4.44,4.47,4.41,4.46,1204252.5
2024-04-25,4.45,4.47,4.42,4.47,1131223.97
2024-04-26,4.46,4.51,4.45,4.49,1992672.85
2024-04-29,4.5,4.51,4.4,4.42,3052108.03
2024-04-30,4.42,4.5,4.41,4.42,2237620.8
2024-05-06,4.46,4.47,4.38,4.39,2730751.47
2024-05-07,4.4,4.42,4.38,4.4,1404402.63
2024-05-08,4.39,4.4,4.35,4.37,1305603.26
2024-05-09,4.36,4.39,4.35,4.37,1479353.18
2024-05-10,4.37,4.43,4.36,4.4,1962642.67
2024-05-13,4.38,4.42,4.35,4.39,1725783.17
2024-05-14,4.4,4.41,4.36,4.37,1209347.6
2024-05-15,4.37,4.37,4.32,4.33,1423795.51
2024-05-16,4.34,4.34,4.3,4.32,1516950.71
2024-05-17,4.32,4.37,4.3,4.37,1722024.63
2024-05-20,4.35,4.4,4.35,4.39,1912971.5
2024-05-21,4.38,4.41,4.37,4.4,1247726.76
2024-05-22,4.4,4.43,4.38,4.42,1642918.0
2024-05-23,4.43,4.43,4.36,4.37,1352531.33
2024-05-24,4.36,4.4,4.34,4.34,1231011.61
2024-05-27,4.36,4.43,4.34,4.43,1789261.16
2024-05-28,4.42,4.45,4.36,4.37,1391061.61
2024-05-29,4.37,4.38,4.32,4.33,1417562.06
2024-05-30,4.32,4.34,4.3,4.32,1226291.98
2024-05-31,4.32,4.34,4.31,4.31,1209355.3
2024-06-03,4.31,4.35,4.3,4.33,1350784.58
2024-06-04,4.32,4.34,4.27,4.34,1345398.55
2024-06-05,4.33,4.33,4.27,4.28,1089487.58
2024-06-06,4.28,4.31,4.26,4.26,1272386.9
2024-06-07,4.28,4.31,4.26,4.31,1238477.31
2024-06-11,4.29,4.33,4.21,4.21,1795129.87
2024-06-12,4.23,4.23,4.12,4.17,2327016.94
2024-06-13,4.17,4.19,4.15,4.18,1283482.09
2024-06-14,4.17,4.25,4.16,4.25,1788822.59
2024-06-17,4.24,4.29,4.22,4.25,1352447.69
2024-06-18,4.25,4.29,4.24,4.29,940207.55
2024-06-19,4.29,4.34,4.28,4.31,1253657.06
2024-06-20,4.31,4.33,4.24,4.26,1260022.87
2024-06-21,4.26,4.32,4.24,4.31,1331127.45
2024-06-24,4.31,4.33,4.28,4.29,1247434.28
2024-06-25,4.28,4.32,4.2,4.24,1436000.67
2024-06-26,4.24,4.27,4.18,4.26,1251948.69
2024-06-27,4.25,4.34,4.24,4.33,2048728.21
2024-06-28,4.32,4.44,4.31,4.43,2623749.2
2024-07-01,4.43,4.46,4.4,4.41,1670867.35
2024-07-02,4.41,4.49,4.41,4.47,1934386.69
2024-07-03,4.47,4.53,4.45,4.49,1772118.89
2024-07-04,4.49,4.52,4.44,4.45,1465830.02
2024-07-05,4.45,4.49,4.39,4.45,1606420.26
2024-07-08,4.44,4.49,4.44,4.45,1309225.53
2024-07-09,4.47,4.51,4.4,4.49,1665296.3
2024-07-10,4.48,4.52,4.45,4.46,1310688.71
2024-07-11,4.48,4.51,4.45,4.48,1338900.95
2024-07-12,4.47,4.52,4.45,4.5,1440318.49
2024-07-15,4.49,4.57,4.49,4.53,1696071.22
2024-07-16,4.52,4.54,4.49,4.53,1256176.64
2024-07-17,4.53,4.54,4.45,4.47,1784996.27
2024-07-18,4.45,4.55,4.44,4.53,1948814.45
2024-07-19,4.53,4.57,4.49,4.57,1776878.7
2024-07-22,4.57,4.58,4.48,4.52,1561603.02
2024-07-23,4.52,4.57,4.5,4.51,1422237.44
2024-07-24,4.49,4.6,4.48,4.56,1993563.17
2024-07-25,4.56,4.59,4.47,4.5,1868133.11
2024-07-26,4.5,4.51,4.38,4.43,1932644.11
2024-07-29,4.41,4.55,4.4,4.52,1699652.34
2024-07-30,4.52,4.57,4.5,4.55,1231873.57
2024-07-31,4.57,4.57,4.47,4.48,2404214.47
2024-08-01,4.46,4.55,4.46,4.49,1861641.19
2024-08-02,4.49,4.57,4.48,4.53,2033947.59
2024-08-05,4.52,4.55,4.43,4.44,1814722.06
2024-08-06,4.45,4.48,4.31,4.37,1892499.71
2024-08-07,4.37,4.42,4.35,4.35,962925.92
2024-08-08,4.34,4.4,4.33,4.37,854462.57
2024-08-09,4.37,4.4,4.3,4.3,1211070.59
2024-08-12,4.31,4.31,4.23,4.25,1026639.76
2024-08-13,4.25,4.28,4.24,4.26,967330.76
2024-08-14,4.27,4.31,4.25,4.28,1057053.28
2024-08-15,4.29,4.34,4.25,4.31,1291446.25
2024-08-16,4.35,4.51,4.34,4.5,3231695.54
2024-08-19,4.51,4.56,4.49,4.56,1863960.09
2024-08-20,4.57,4.57,4.51,4.53,1263161.22
2024-08-21,4.53,4.56,4.49,4.53,1153830.08
2024-08-22,4.53,4.57,4.51,4.53,1248644.35
2024-08-23,4.54,4.6,4.51,4.56,1449278.04
2024-08-26,4.56,4.59,4.52,4.56,1122252.42
2024-08-27,4.55,4.59,4.54,4.58,1272622.11
2024-08-28,4.58,4.59,4.53,4.56,1098238.29
2024-08-29,4.56,4.57,4.45,4.46,1411940.61
2024-08-30,4.45,4.48,4.42,4.42,1947817.52
2024-09-02,4.43,4.45,4.37,4.41,1255209.79
2024-09-03,4.41,4.46,4.38,4.45,1117722.1
2024-09-04,4.44,4.48,4.43,4.46,1075376.42
2024-09-05,4.46,4.48,4.38,4.4,1253780.02
2024-09-06,4.4,4.46,4.39,4.39,865498.82
2024-09-09,4.39,4.41,4.3,4.33,1182222.06
2024-09-10,4.32,4.36,4.32,4.34,853304.7
2024-09-11,4.33,4.34,4.27,4.28,1013777.77
2024-09-12,4.29,4.3,4.24,4.26,1092521.47
2024-09-13,4.26,4.31,4.25,4.26,822664.92
2024-09-18,4.26,4.28,4.23,4.27,944653.19
2024-09-19,4.28,4.28,4.22,4.26,1310994.92
2024-09-20,4.26,4.3,4.24,4.28,1495196.94
2024-09-23,4.28,4.3,4.26,4.28,1069850.14
2024-09-24,4.29,4.48,4.28,4.48,2374138.64
2024-09-25,4.5,4.66,4.49,4.57,3024410.49
2024-09-26,4.56,4.69,4.55,4.69,2586454.59
2024-09-27,4.73,4.8,4.63,4.73,1838253.29
2024-09-30,4.82,5.13,4.79,5.09,6023753.74
2024-10-08,5.6,5.61,5.06,5.27,7207305.63
2024-10-09,5.19,5.19,4.89,4.92,4674425.79
2024-10-10,4.97,5.34,4.97,5.15,5749176.8
2024-10-11,5.09,5.11,4.84,4.88,3652340.45
2024-10-14,4.9,5.04,4.89,5.0,2484877.99
2024-10-15,4.98,5.07,4.91,4.91,2063985.37
2024-10-16,4.86,4.96,4.84,4.91,1698190.39
2024-10-17,4.92,4.96,4.81,4.83,1852404.96
2024-10-18,4.82,4.98,4.77,4.92,2523118.36
2024-10-21,4.93,4.94,4.86,4.91,2741345.26
2024-10-22,4.9,4.91,4.83,4.89,2244179.9
2024-10-23,4.93,5.01,4.88,4.89,3213979.68
2024-10-24,4.88,4.88,4.78,4.81,2418125.76
2024-10-25,4.79,4.84,4.78,4.82,1668426.77
2024-10-28,4.8,4.97,4.79,4.91,2802451.68
2024-10-29,4.91,4.93,4.83,4.87,1930137.91
2024-10-30,4.88,4.88,4.82,4.86,1597071.87
2024-10-31,4.85,4.88,4.81,4.84,1900179.17
2024-11-01,4.84,4.94,4.82,4.88,2931890.15
2024-11-04,4.89,4.89,4.81,4.88,1860027.08
2024-11-05,4.88,4.99,4.88,4.99,3028460.7
2024-11-06,4.99,5.12,4.98,5.01,2798134.24
2024-11-07,4.98,5.13,4.97,5.13,2951832.11
2024-11-08,5.14,5.18,4.99,5.03,3109037.71
2024-11-11,5.02,5.07,4.97,5.06,2463273.15
2024-11-12,5.05,5.05,4.91,4.93,2975773.12
2024-11-13,4.89,5.43,4.89,5.29,12781016.41
2024-11-14,5.16,5.52,5.1,5.3,11018124.55
2024-11-15,5.23,5.83,5.23,5.63,16820485.11
2024-11-18,5.62,6.01,5.46,5.62,17121587.38
2024-11-19,5.47,5.51,5.18,5.31,13135740.25
2024-11-20,5.23,5.36,5.19,5.31,7555784.77
2024-11-21,5.29,5.34,5.15,5.2,6257145.7
2024-11-22,5.21,5.29,5.04,5.04,6346925.94
2024-11-25,5.06,5.08,4.92,4.95,4780738.28
2024-11-26,4.96,5.04,4.93,4.94,4022545.29
2024-11-27,4.92,5.07,4.9,5.06,4791788.89
2024-11-28,5.03,5.04,4.95,4.96,3380375.92
2024-11-29,4.98,5.04,4.96,4.99,3610099.28
2024-12-02,4.95,5.01,4.95,4.99,4100223.02
2024-12-03,4.98,5.02,4.94,5.01,3851015.3
2024-12-04,4.99,5.08,4.96,5.03,4999355.85
2024-12-05,5.01,5.12,4.99,5.01,3869747.21
2024-12-06,5.0,5.06,5.0,5.04,3319761.84
2024-12-09,5.05,5.28,5.03,5.19,6778880.77
2024-12-10,5.23,5.27,5.12,5.14,5643485.61
2024-12-11,5.13,5.15,5.09,5.13,3114647.34
2024-12-12,5.12,5.17,5.09,5.17,3536572.71
2024-12-13,5.14,5.15,5.06,5.06,5542408.99
2024-12-16,5.07,5.16,5.06,5.09,4724902.27
2024-12-17,5.08,5.19,5.06,5.08,4262606.44
2024-12-18,5.13,5.21,5.1,5.16,4617104.65
2024-12-19,5.11,5.22,5.09,5.19,4280397.29
2024-12-20,5.18,5.19,5.1,5.11,3527727.72
2024-12-23,5.1,5.2,5.09,5.15,4159129.77
2024-12-24,5.13,5.19,5.13,5.19,3130858.48
2024-12-25,5.19,5.39,5.19,5.27,6754089.45
2024-12-26,5.29,5.29,5.16,5.22,4453455.21
2024-12-27,5.19,5.23,5.18,5.2,2987776.59
2024-12-30,5.19,5.24,5.18,5.24,3411847.9
2024-12-31,5.23,5.27,5.15,5.15,4499626.94
2025-01-02,5.15,5.15,4.84,4.87,6316935.35
2025-01-03,4.86,4.88,4.73,4.77,3751283.7
2025-01-06,4.76,4.76,4.64,4.71,3178947.29
2025-01-07,4.69,4.75,4.68,4.75,2056171.3
2025-01-08,4.73,4.78,4.66,4.76,2996819.44
2025-01-09,4.73,4.75,4.69,4.71,1624933.31
2025-01-10,4.7,4.71,4.63,4.63,1828468.69
2025-01-13,4.58,4.62,4.56,4.59,1722224.25
2025-01-14,4.6,4.7,4.59,4.7,2146643.43
2025-01-15,4.69,4.74,4.66,4.67,1378119.29
2025-01-16,4.69,4.74,4.67,4.7,1796687.1
2025-01-17,4.7,4.73,4.67,4.71,1291526.18
2025-01-20,4.74,4.75,4.68,4.68,1492490.61
2025-01-21,4.71,4.72,4.66,4.67,1437195.77
2025-01-22,4.66,4.67,4.62,4.65,1610838.25
2025-01-23,4.69,4.76,4.68,4.68,2333287.75
2025-01-24,4.67,4.73,4.67,4.72,1638453.78
2025-01-27,4.72,4.77,4.71,4.74,1991362.47
2025-02-05,4.77,4.89,4.71,4.84,3569535.58
2025-02-06,4.91,5.0,4.84,4.97,5076416.22
2025-02-07,4.93,5.29,4.89,5.07,8556285.34
2025-02-10,5.27,5.47,5.22,5.29,13380589.45
2025-02-11,5.23,5.45,5.22,5.31,7475724.48
2025-02-12,5.27,5.36,5.25,5.33,4708410.63
2025-02-13,5.34,5.42,5.3,5.33,4701388.5
2025-02-14,5.31,5.86,5.24,5.8,15929591.74
2025-02-17,5.96,6.38,5.89,6.31,21644720.12
2025-02-18,6.35,6.37,6.06,6.22,17830106.31
2025-02-19,6.21,6.51,6.1,6.24,14800967.84
2025-02-20,6.14,6.25,5.99,6.01,10935287.03
2025-02-21,6.16,6.61,6.14,6.61,15382828.59
2025-02-24,6.67,6.72,6.4,6.52,16572510.54
2025-02-25,6.33,6.55,6.29,6.43,9009093.09
2025-02-26,6.59,6.64,6.31,6.41,7312310.29
2025-02-27,6.37,6.46,6.09,6.18,7896355.66
2025-02-28,6.14,6.22,5.97,6.06,7152210.83
2025-03-03,6.14,6.19,5.98,6.03,5745426.98
2025-03-04,5.95,6.04,5.9,5.99,5601390.76
2025-03-05,6.01,6.09,5.97,6.07,4719210.76
2025-03-06,6.2,6.48,6.16,6.33,10042225.04
2025-03-07,6.3,6.37,6.17,6.21,4877378.46
2025-03-10,6.2,6.2,6.0,6.03,4112162.59
2025-03-11,5.94,6.02,5.92,6.02,2889069.69
2025-03-12,6.04,6.2,5.93,6.04,5157914.64
2025-03-13,5.99,6.05,5.89,5.94,3238687.05
2025-03-14,5.92,6.06,5.91,6.01,3301012.81
2025-03-17,5.99,6.01,5.92,5.96,2929480.84
2025-03-18,6.06,6.17,5.99,6.02,4786457.17
2025-03-19,5.94,5.95,5.56,5.59,11358768.02
2025-03-20,5.59,5.61,5.51,5.53,4761207.43
2025-03-21,5.52,5.57,5.45,5.52,5022475.25
2025-03-24,5.48,5.51,5.45,5.51,3277821.2
2025-03-25,5.5,5.5,5.41,5.44,2823991.66
2025-03-26,5.45,5.48,5.43,5.45,2154182.17
2025-03-27,5.45,5.5,5.42,5.42,2790656.01
2025-03-28,5.43,5.44,5.37,5.4,2299123.13
2025-03-31,5.37,5.41,5.34,5.39,2274500.59
2025-04-01,5.39,5.41,5.37,5.39,1830236.42
2025-04-02,5.38,5.44,5.36,5.41,1949606.65
2025-04-03,5.37,5.47,5.35,5.42,2716967.16
2025-04-07,5.21,5.23,4.88,5.04,6548815.97
2025-04-08,5.03,5.19,5.02,5.18,4548455.85
2025-04-09,5.14,5.31,5.09,5.29,4959798.07
2025-04-10,5.35,5.36,5.23,5.26,3618617.65
2025-04-11,5.26,5.26,5.19,5.24,2606200.91
2025-04-14,5.26,5.27,5.22,5.25,2183175.93
2025-04-15,5.24,5.25,5.19,5.24,2251718.1
2025-04-16,5.22,5.3,5.19,5.3,3376332.87
2025-04-17,5.28,5.31,5.23,5.27,2213403.44
2025-04-18,5.24,5.27,5.21,5.27,1516431.38
2025-04-21,5.26,5.31,5.24,5.27,1440069.34
2025-04-22,5.27,5.29,5.22,5.23,1833629.47
2025-04-23,5.24,5.25,5.17,5.18,2661461.97
2025-04-24,5.18,5.2,5.15,5.17,1831172.61
2025-04-25,5.18,5.19,5.15,5.16,1642972.34
2025-04-28,5.15,5.2,5.12,5.19,2102965.92
2025-04-29,5.19,5.19,5.16,5.18,1278644.37
2025-04-30,5.18,5.19,5.15,5.16,1488350.81
2025-05-06,5.18,5.31,5.16,5.31,3726513.97
2025-05-07,5.38,5.4,5.26,5.31,2908479.44
2025-05-08,5.29,5.31,5.27,5.29,1792216.7
2025-05-09,5.29,5.31,5.26,5.26,1636604.23
2025-05-12,5.28,5.32,5.27,5.31,1948544.92
2025-05-13,5.32,5.35,5.26,5.27,1849496.44
2025-05-14,5.27,5.37,5.25,5.37,3347348.56
2025-05-15,5.35,5.37,5.26,5.27,3021390.99
2025-05-16,5.25,5.26,5.19,5.21,2499768.94
2025-05-19,5.2,5.25,5.19,5.25,1728027.01
2025-05-20,5.23,5.33,5.22,5.3,2495890.31
2025-05-21,5.3,5.31,5.26,5.29,1443187.0
2025-05-22,5.27,5.29,5.24,5.26,1326859.57
2025-05-23,5.25,5.3,5.2,5.21,2114702.82
2025-05-26,5.2,5.28,5.2,5.23,1667317.27
2025-05-27,5.22,5.28,5.21,5.25,1848958.15
2025-05-28,5.24,5.27,5.16,5.17,2367350.35
2025-05-29,5.16,5.23,5.15,5.23,2090904.27
2025-05-30,5.21,5.22,5.17,5.19,1516765.67
2025-06-03,5.16,5.18,5.14,5.17,1901814.86
2025-06-04,5.18,5.19,5.16,5.18,1513439.65
2025-06-05,5.18,5.22,5.15,5.21,2278806.59
2025-06-06,5.2,5.25,5.19,5.25,1833472.59
2025-06-09,5.25,5.27,5.2,5.22,2365905.09
2025-06-10,5.22,5.23,5.14,5.15,2863364.88
2025-06-11,5.15,5.18,5.13,5.15,2437574.99
2025-06-12,5.14,5.15,5.1,5.11,2184221.53
2025-06-13,5.1,5.12,5.07,5.11,2117130.55
2025-06-16,5.09,5.12,5.08,5.11,1389579.79
2025-06-17,5.11,5.16,5.09,5.15,1942604.79
2025-06-18,5.14,5.16,5.11,5.13,1230316.46
2025-06-19,5.12,5.14,5.05,5.07,1911558.44
2025-06-20,5.07,5.1,5.06,5.09,1303476.18
2025-06-23,5.07,5.14,5.06,5.12,1775080.54
2025-06-24,5.12,5.19,5.11,5.17,2117976.75
2025-06-25,5.18,5.22,5.16,5.21,2314333.95
2025-06-26,5.21,5.23,5.18,5.19,1732581.5
2025-06-27,5.2,5.26,5.19,5.2,1991469.8
2025-06-30,5.19,5.27,5.19,5.23,1787751.43
2025-07-01,5.24,5.25,5.22,5.24,1160695.82
2025-07-02,5.23,5.25,5.21,5.22,1135144.98
2025-07-03,5.23,5.24,5.19,5.22,1258401.35
2025-07-04,5.22,5.25,5.2,5.23,1366675.45
2025-07-07,5.22,5.25,5.21,5.24,1182289.26
2025-07-08,5.24,5.28,5.23,5.27,1456486.8
2025-07-09,5.27,5.36,5.26,5.32,3395036.52
2025-07-10,5.32,5.39,5.3,5.3,2803997.03
2025-07-11,5.3,5.37,5.3,5.3,2800581.44
2025-07-14,5.3,5.36,5.29,5.32,2441153.46
2025-07-15,5.31,5.34,5.27,5.33,2292537.88
2025-07-16,5.33,5.36,5.3,5.31,1579338.14
2025-07-17,5.31,5.32,5.26,5.27,2357842.92
2025-07-18,5.28,5.42,5.27,5.34,4369105.38
2025-07-21,5.36,5.4,5.34,5.37,2481681.28
2025-07-22,5.37,5.39,5.33,5.38,2675009.69
2025-07-23,5.39,5.46,5.37,5.39,3975217.91
2025-07-24,5.39,5.42,5.35,5.42,3072054.07
2025-07-25,5.41,5.42,5.35,5.36,2752518.48
2025-07-28,5.36,5.37,5.29,5.32,3260053.34
2025-07-29,5.3,5.33,5.27,5.33,2303199.62
2025-07-30,5.31,5.36,5.28,5.31,3007322.22
2025-07-31,5.3,5.31,5.23,5.25,3341516.64
2025-08-01,5.25,5.3,5.19,5.21,2658757.21
2025-08-04,5.19,5.22,5.18,5.21,1466546.33
2025-08-05,5.22,5.28,5.2,5.27,2600951.43
2025-08-06,5.26,5.27,5.21,5.23,2669011.15
2025-08-07,5.24,5.26,5.22,5.24,1820779.51
2025-08-08,5.24,5.29,5.23,5.26,2048176.32
2025-08-11,5.26,5.27,5.23,5.25,2195027.44
2025-08-12,5.25,5.3,5.24,5.28,2575618.48
2025-08-13,5.32,5.36,5.28,5.33,4323701.5
2025-08-14,5.33,5.36,5.27,5.27,3345323.08
2025-08-15,5.26,5.33,5.24,5.29,3373258.61
2025-08-18,5.31,5.51,5.3,5.41,7677919.87
2025-08-19,5.43,5.46,5.36,5.36,4320666.75
2025-08-20,5.35,5.4,5.29,5.4,4403716.33
2025-08-21,5.39,5.68,5.37,5.55,10540987.72
2025-08-22,5.52,5.83,5.48,5.77,11842830.41
2025-08-25,5.75,5.78,5.6,5.7,10743033.97
2025-08-26,5.67,5.73,5.65,5.68,4868218.22
2025-08-27,5.69,5.7,5.54,5.54,6468006.99
2025-08-28,5.54,5.69,5.53,5.66,6688745.28
2025-08-29,5.64,5.65,5.57,5.59,4342818.1
2025-09-01,5.64,5.67,5.56,5.59,4002144.32
2025-09-02,5.58,5.59,5.44,5.5,4581178.06
2025-09-03,5.5,5.5,5.34,5.38,4035157.25
2025-09-04,5.35,5.37,5.24,5.28,5588838.13
2025-09-05,5.29,5.29,5.23,5.28,4090644.35
2025-09-08,5.27,5.65,5.25,5.54,11403356.96
2025-09-09,5.5,5.51,5.36,5.36,8616784.1
2025-09-10,5.44,5.83,5.41,5.65,15881347.79
2025-09-11,5.57,5.66,5.51,5.66,10194499.94
2025-09-12,5.64,5.68,5.56,5.57,6853746.98
2025-09-15,5.55,5.56,5.45,5.47,4547586.25
2025-09-16,5.46,5.5,5.41,5.47,3603624.0
2025-09-17,5.46,5.61,5.42,5.51,5043601.85
2025-09-18,5.48,5.5,5.34,5.36,5344779.49
2025-09-19,5.36,5.41,5.31,5.31,3674672.22
2025-09-22,5.34,5.38,5.31,5.36,2651683.5
2025-09-23,5.36,5.37,5.26,5.31,3485291.75
2025-09-24,5.29,5.39,5.26,5.37,2981529.31
2025-09-25,5.36,5.36,5.31,5.34,2400782.71
2025-09-26,5.32,5.34,5.3,5.3,2168461.09
2025-09-29,5.3,5.36,5.26,5.35,2858065.45
2025-09-30,5.34,5.4,5.32,5.39,3160341.23
2025-10-09,5.37,5.49,5.35,5.47,4168684.38
2025-10-10,5.45,5.47,5.41,5.42,2992346.04
2025-10-13,5.27,5.42,5.25,5.42,4319383.04
2025-10-14,5.42,5.48,5.39,5.41,3760586.94
2025-10-15,5.41,5.44,5.34,5.4,2708080.13
2025-10-16,5.4,5.41,5.36,5.39,2246804.72
2025-10-17,5.39,5.43,5.32,5.33,2969984.22
2025-10-20,5.35,5.39,5.33,5.36,1876479.8
2025-10-21,5.36,5.4,5.35,5.39,2257075.79
2025-10-22,5.37,5.44,5.36,5.43,2406171.54
2025-10-23,5.44,5.46,5.38,5.44,2727049.49
2025-10-24,5.47,5.48,5.42,5.43,2479491.21
2025-10-27,5.44,5.5,5.44,5.49,3038414.16
2025-10-28,5.49,5.5,5.45,5.46,2185299.89
2025-10-29,5.46,5.49,5.44,5.49,1921226.77
2025-10-30,5.48,5.52,5.44,5.46,2663876.55
2025-10-31,5.46,5.47,5.4,5.42,2583159.76
2025-11-03,5.42,5.44,5.39,5.43,1577319.53
2025-11-04,5.42,5.46,5.4,5.43,1874294.47
2025-11-05,5.41,5.45,5.38,5.44,1906442.57
2025-11-06,5.44,5.49,5.43,5.47,1962396.92
2025-11-07,5.46,5.52,5.45,5.51,2204482.56
2025-11-10,5.51,5.53,5.49,5.53,1800805.49
2025-11-11,5.52,5.53,5.49,5.5,1627065.11
2025-11-12,5.51,5.52,5.46,5.48,2126213.65
2025-11-13,5.47,5.49,5.43,5.45,2803611.24
2025-11-14,5.44,5.46,5.42,5.42,1805525.7
2025-11-17,5.41,5.43,5.39,5.41,1906854.86
2025-11-18,5.4,5.43,5.39,5.4,1617764.65
2025-11-19,5.4,5.44,5.39,5.41,1676744.28
2025-11-20,5.42,5.52,5.41,5.49,3301109.13
2025-11-21,5.46,5.48,5.37,5.38,3035436.96
2025-11-24,5.4,5.44,5.38,5.43,1920149.75
2025-11-25,5.44,5.46,5.42,5.44,1459101.57
2025-11-26,5.44,5.48,5.43,5.45,1566528.47
2025-11-27,5.45,5.46,5.42,5.42,1302135.12
2025-11-28,5.43,5.43,5.39,5.4,1498753.08
