date,open,high,low,close,volume
2010-01-04,4.44,4.48,4.34,4.34,277488.48
2010-01-05,4.34,4.34,4.12,4.21,629569.34
2010-01-06,4.2,4.29,4.12,4.2,467974.71
2010-01-07,4.21,4.26,4.13,4.21,422345.92
2010-01-08,4.18,4.27,4.16,4.26,319176.27
2010-01-11,4.3,4.32,4.13,4.16,439245.5
2010-01-12,4.17,4.25,4.02,4.22,571170.23
2010-01-13,4.09,4.13,4.03,4.05,444263.37
2010-01-14,4.05,4.12,4.02,4.08,235774.47
2010-01-15,4.1,4.23,4.1,4.16,412001.55
2010-01-18,4.14,4.25,4.14,4.23,317079.05
2010-01-19,4.26,4.26,4.2,4.22,236785.74
2010-01-20,4.23,4.25,4.03,4.07,326534.77
2010-01-21,4.06,4.11,3.99,4.08,289842.94
2010-01-22,3.98,4.03,3.93,3.96,285562.98
2010-01-25,3.96,4.0,3.94,3.95,203018.05
2010-01-26,3.96,3.97,3.74,3.76,322208.46
2010-01-27,3.77,3.86,3.69,3.76,248238.86
2010-01-28,3.73,3.83,3.7,3.8,195950.75
2010-01-29,3.76,3.88,3.73,3.78,191910.43
2010-02-01,3.75,3.88,3.64,3.86,311844.05
2010-02-02,3.88,3.95,3.84,3.84,257620.76
2010-02-03,3.84,3.95,3.73,3.94,381584.73
2010-02-04,3.93,4.02,3.89,3.94,340867.98
2010-02-05,3.85,3.87,3.73,3.78,333591.78
2010-02-08,3.79,3.79,3.67,3.7,267598.25
2010-02-09,3.68,3.73,3.67,3.7,155125.31
2010-02-10,3.72,3.78,3.7,3.78,184977.98
2010-02-11,3.77,3.87,3.75,3.84,207631.92
2010-02-12,3.85,3.87,3.84,3.86,119341.76
2010-02-22,3.81,3.86,3.79,3.79,120495.91
2010-02-23,3.79,3.8,3.67,3.76,232066.74
2010-02-24,3.71,3.84,3.7,3.84,164464.68
2010-02-25,3.88,3.97,3.85,3.96,379090.65
2010-02-26,3.97,3.98,3.93,3.95,162462.19
2010-03-01,3.94,3.98,3.88,3.93,220707.27
2010-03-03,3.97,3.98,3.86,3.9,225052.66
2010-03-04,3.91,3.99,3.79,3.8,252535.55
2010-03-05,3.83,3.86,3.76,3.79,144363.62
2010-03-08,3.8,3.87,3.77,3.85,148099.75
2010-03-09,3.88,4.08,3.83,4.02,576446.89
2010-03-10,4.0,4.03,3.94,3.95,236290.88
2010-03-11,3.95,4.0,3.89,3.92,164880.89
2010-03-12,3.91,3.95,3.85,3.86,149627.12
2010-03-15,3.86,3.93,3.82,3.89,150141.7
2010-03-16,3.9,3.97,3.89,3.94,143229.36
2010-03-17,3.96,4.08,3.93,4.04,352995.88
2010-03-18,4.07,4.2,4.07,4.1,410338.2
2010-03-19,4.12,4.2,4.11,4.14,244058.1
2010-03-22,4.15,4.15,4.05,4.08,275397.39
2010-03-23,4.07,4.08,3.98,4.0,242831.33
2010-03-24,4.02,4.08,3.98,4.0,205672.69
2010-03-25,4.0,4.0,3.91,3.93,184641.38
2010-03-26,3.91,4.01,3.91,4.0,150503.1
2010-03-29,4.0,4.16,3.98,4.13,403825.1
2010-03-30,4.14,4.19,4.12,4.13,282750.57
2010-03-31,4.13,4.18,4.08,4.1,175066.58
2010-04-01,4.12,4.24,4.11,4.23,358672.77
2010-04-02,4.24,4.3,4.22,4.25,299696.12
2010-04-06,4.26,4.27,4.02,4.1,503206.32
2010-04-07,4.07,4.07,3.96,3.99,542011.53
2010-04-08,3.98,3.99,3.83,3.87,574868.83
2010-04-09,3.87,3.89,3.84,3.89,380419.37
2010-04-12,3.91,3.92,3.67,3.72,843813.16
2010-04-13,3.72,3.76,3.69,3.76,365566.03
2010-04-14,3.75,3.75,3.67,3.73,251302.02
2010-04-15,3.66,3.71,3.65,3.68,367526.62
2010-04-16,3.66,3.75,3.61,3.7,314567.01
2010-04-19,3.62,3.62,3.35,3.35,605789.25
2010-04-21,3.27,3.4,3.26,3.37,436495.97
2010-04-22,3.35,3.37,3.28,3.32,319786.07
2010-04-23,3.31,3.38,3.29,3.34,280936.24
2010-04-26,3.35,3.37,3.3,3.33,205890.69
2010-04-27,3.33,3.38,3.23,3.29,226529.33
2010-04-28,3.23,3.29,3.11,3.23,195775.95
2010-04-29,3.24,3.3,3.19,3.21,207161.32
2010-04-30,3.23,3.23,3.13,3.2,212681.96
2010-05-04,3.1,3.15,2.93,2.96,425680.27
2010-05-05,2.91,2.99,2.83,2.96,405442.49
2010-05-06,2.92,2.94,2.76,2.76,368140.34
2010-05-07,2.71,2.82,2.67,2.75,414347.06
2010-05-10,2.77,2.85,2.73,2.84,382834.99
2010-05-11,2.89,2.9,2.75,2.76,341043.31
2010-05-12,2.75,2.88,2.72,2.86,419980.1
2010-05-13,2.87,2.89,2.81,2.88,333204.21
2010-05-14,2.83,2.86,2.8,2.83,219075.99
2010-05-17,2.76,2.77,2.6,2.62,303878.77
2010-05-18,2.63,2.85,2.59,2.83,470234.04
2010-05-19,2.75,2.84,2.72,2.78,367415.98
2010-05-20,2.75,2.83,2.71,2.73,279971.95
2010-05-21,2.66,2.9,2.64,2.89,653022.92
2010-05-24,2.92,3.17,2.92,3.15,940108.2
2010-05-25,3.06,3.06,2.99,3.02,552058.5
2010-05-26,3.0,3.07,2.93,3.03,358172.93
2010-05-27,2.98,3.1,2.93,3.04,359769.8
2010-05-28,3.04,3.08,2.94,2.97,341059.99
2010-05-31,2.93,2.97,2.85,2.87,261997.08
2010-06-01,2.82,2.84,2.73,2.78,279949.37
2010-06-02,2.75,2.87,2.73,2.86,252244.07
2010-06-03,2.87,2.88,2.78,2.78,222675.52
2010-06-04,2.75,2.87,2.72,2.83,240469.95
2010-06-07,2.75,2.8,2.73,2.76,194411.21
2010-06-08,2.76,2.79,2.74,2.76,157424.07
2010-06-09,2.77,2.94,2.76,2.93,456245.37
2010-06-10,2.89,2.9,2.84,2.87,245259.27
2010-06-11,2.87,2.92,2.85,2.9,239201.39
2010-06-17,2.9,2.95,2.89,2.93,270466.1
2010-06-18,2.91,3.05,2.89,2.91,312904.39
2010-06-21,2.95,3.08,2.9,3.06,480244.59
2010-06-22,3.05,3.1,3.01,3.07,304461.61
2010-06-23,3.05,3.09,2.99,3.02,180709.22
2010-06-24,3.02,3.05,2.97,3.01,114631.05
2010-06-25,2.98,2.99,2.93,2.97,105703.33
2010-06-28,2.96,3.02,2.95,2.97,143228.24
2010-06-29,2.97,2.99,2.74,2.76,292348.58
2010-06-30,2.74,2.75,2.64,2.65,215080.88
2010-07-01,2.66,2.7,2.61,2.62,181048.34
2010-07-02,2.66,2.77,2.61,2.73,244151.15
2010-07-05,2.67,2.84,2.65,2.8,260430.98
2010-07-06,2.74,2.88,2.74,2.84,217877.0
2010-07-07,2.83,2.87,2.81,2.83,142704.05
2010-07-08,2.83,2.91,2.83,2.85,194866.63
2010-07-09,2.85,3.0,2.83,2.96,329298.26
2010-07-12,2.98,3.13,2.98,3.07,488466.71
2010-07-13,3.0,3.02,2.93,2.94,301851.86
2010-07-14,2.92,3.03,2.9,2.93,294739.68
2010-07-15,2.94,3.04,2.9,2.91,351425.89
2010-07-16,2.91,2.96,2.8,2.92,361455.99
2010-07-19,2.88,3.02,2.85,3.01,511530.12
2010-07-20,3.03,3.12,3.01,3.09,877860.23
2010-07-21,3.11,3.14,3.05,3.06,459816.9
2010-07-22,3.05,3.22,3.03,3.2,794235.99
2010-07-23,3.23,3.25,3.17,3.21,508138.39
2010-07-26,3.21,3.25,3.14,3.24,436304.77
2010-07-27,3.22,3.28,3.19,3.23,357289.2
2010-07-28,3.23,3.4,3.22,3.37,531245.81
2010-07-29,3.38,3.44,3.36,3.4,487550.52
2010-07-30,3.39,3.43,3.35,3.41,263487.57
2010-08-02,3.41,3.5,3.41,3.5,366071.89
2010-08-03,3.49,3.58,3.44,3.45,395494.82
2010-08-04,3.44,3.47,3.3,3.39,488817.99
2010-08-05,3.37,3.37,3.22,3.24,703952.01
2010-08-06,3.23,3.32,3.12,3.28,652591.76
2010-08-09,3.25,3.32,3.19,3.27,425568.9
2010-08-10,3.28,3.33,3.14,3.18,463601.12
2010-08-11,3.16,3.29,3.14,3.26,457417.66
2010-08-12,3.2,3.37,3.19,3.26,582321.3
2010-08-13,3.23,3.34,3.18,3.33,417944.73
2010-08-16,3.3,3.42,3.27,3.36,397390.91
2010-08-17,3.37,3.51,3.34,3.45,576238.47
2010-08-18,3.45,3.52,3.38,3.41,378310.3
2010-08-19,3.41,3.43,3.29,3.34,489972.47
2010-08-20,3.3,3.31,3.22,3.24,464309.09
2010-08-23,3.22,3.25,3.17,3.19,310717.06
2010-08-24,3.2,3.3,3.14,3.26,460711.06
2010-08-25,3.23,3.27,3.13,3.15,345622.5
2010-08-26,3.16,3.18,3.12,3.15,300320.38
2010-08-27,3.14,3.16,3.1,3.13,175262.25
2010-08-30,3.15,3.17,3.09,3.14,380356.83
2010-08-31,3.14,3.14,3.05,3.11,374109.24
2010-09-01,3.11,3.17,3.06,3.07,419522.9
2010-09-02,3.1,3.11,3.04,3.07,329499.64
2010-09-03,3.08,3.09,3.02,3.05,338294.45
2010-09-06,3.05,3.12,3.04,3.11,392337.97
2010-09-07,3.14,3.2,3.12,3.15,509619.68
2010-09-08,3.15,3.15,3.03,3.06,411066.07
2010-09-09,3.06,3.06,2.92,2.94,502373.4
2010-09-10,2.94,2.96,2.85,2.88,330097.5
2010-09-13,2.9,3.01,2.86,2.96,377181.19
2010-09-14,2.95,2.97,2.89,2.95,285841.12
2010-09-15,2.93,2.96,2.88,2.89,237496.02
2010-09-16,2.89,2.93,2.81,2.84,239437.78
2010-09-17,2.85,2.9,2.84,2.85,198552.5
2010-09-20,2.85,2.88,2.79,2.8,228041.17
2010-09-21,2.82,2.83,2.79,2.8,111376.63
2010-09-27,2.8,2.94,2.72,2.92,481893.42
2010-09-28,2.88,3.0,2.87,2.9,474148.29
2010-09-29,2.89,3.0,2.88,2.94,393110.89
2010-09-30,2.9,3.24,2.9,3.2,1268777.08
2010-10-08,3.16,3.37,3.11,3.3,1321159.18
2010-10-11,3.27,3.51,3.24,3.48,958114.36
2010-10-12,3.44,3.65,3.41,3.54,766586.41
2010-10-13,3.54,3.89,3.49,3.89,1280724.29
2010-10-14,3.89,4.04,3.81,3.88,1039094.68
2010-10-15,3.83,4.07,3.78,4.03,957584.9
2010-10-18,3.96,4.19,3.93,4.05,1107887.87
2010-10-19,4.02,4.02,3.81,3.93,619829.86
2010-10-20,3.76,3.81,3.54,3.62,1483957.22
2010-10-21,3.58,3.71,3.51,3.6,848789.21
2010-10-22,3.61,3.7,3.54,3.64,572883.77
2010-10-25,3.62,3.69,3.51,3.67,820933.1
2010-10-26,3.69,3.88,3.64,3.79,934741.7
2010-10-27,3.76,4.04,3.72,3.83,806583.92
2010-10-28,3.84,3.99,3.83,3.89,616253.48
2010-10-29,3.86,3.86,3.68,3.7,441962.89
2010-11-01,3.66,3.75,3.63,3.68,592577.39
2010-11-02,3.68,3.83,3.58,3.74,784708.2
2010-11-03,3.72,3.84,3.65,3.78,712784.34
2010-11-04,3.73,3.83,3.67,3.76,434683.24
2010-11-05,3.81,3.86,3.76,3.83,433571.6
2010-11-08,3.86,4.02,3.84,3.91,532929.49
2010-11-09,3.87,3.89,3.69,3.75,609200.52
2010-11-10,3.7,3.7,3.55,3.58,920803.38
2010-11-11,3.6,3.65,3.5,3.61,697345.09
2010-11-12,3.58,3.6,3.34,3.35,494797.13
2010-11-15,3.35,3.39,3.27,3.36,292535.95
2010-11-16,3.35,3.35,3.14,3.17,408009.93
2010-11-17,3.14,3.23,3.12,3.19,272009.54
2010-11-18,3.22,3.29,3.19,3.21,337137.49
2010-11-19,3.23,3.24,3.1,3.22,324011.65
2010-11-22,3.17,3.25,3.12,3.18,365232.86
2010-11-23,3.16,3.16,3.05,3.09,295926.8
2010-11-24,3.07,3.18,3.07,3.15,246779.14
2010-11-25,3.16,3.37,3.11,3.34,587523.5
2010-11-26,3.29,3.33,3.21,3.23,348980.34
2010-11-29,3.23,3.23,3.16,3.18,233633.61
2010-11-30,3.18,3.26,3.08,3.14,341472.8
2010-12-01,3.15,3.18,3.12,3.17,189498.2
2010-12-02,3.24,3.27,3.17,3.17,216985.07
2010-12-03,3.19,3.28,3.17,3.23,303340.48
2010-12-06,3.24,3.3,3.21,3.26,278464.19
2010-12-07,3.24,3.34,3.19,3.31,364490.55
2010-12-08,3.29,3.39,3.25,3.29,467954.52
2010-12-09,3.28,3.28,3.11,3.15,412078.98
2010-12-10,3.11,3.19,3.1,3.12,312734.95
2010-12-13,3.17,3.27,3.12,3.26,435521.33
2010-12-14,3.26,3.3,3.23,3.27,281760.25
2010-12-15,3.28,3.29,3.18,3.21,317688.89
2010-12-16,3.19,3.29,3.18,3.25,429742.62
2010-12-17,3.26,3.27,3.16,3.23,200688.44
2010-12-20,3.23,3.28,3.15,3.18,282554.68
2010-12-21,3.19,3.5,3.18,3.5,1318189.81
2010-12-22,3.58,3.69,3.53,3.57,1474121.56
2010-12-23,3.53,3.66,3.49,3.6,875088.75
2010-12-24,3.54,3.7,3.53,3.6,694092.47
2010-12-27,3.6,3.74,3.51,3.57,888056.25
2010-12-28,3.53,3.62,3.32,3.35,620263.53
2010-12-29,3.35,3.41,3.27,3.34,496262.82
2010-12-30,3.31,3.31,3.2,3.24,611693.11
2010-12-31,3.25,3.32,3.23,3.29,274496.68
2011-01-04,3.3,3.62,3.3,3.62,1025311.51
2011-01-05,3.54,3.72,3.52,3.63,963872.91
2011-01-06,3.65,3.73,3.55,3.73,726137.77
2011-01-07,3.73,3.94,3.7,3.73,836544.6
2011-01-10,3.79,3.82,3.59,3.62,558981.34
2011-01-11,3.6,3.86,3.58,3.82,551065.22
2011-01-12,3.84,3.97,3.8,3.92,658984.26
2011-01-13,3.92,3.98,3.83,3.86,414420.76
2011-01-14,3.82,3.92,3.79,3.86,319290.03
2011-01-17,3.8,3.85,3.47,3.53,572907.34
2011-01-18,3.5,3.61,3.47,3.53,357283.53
2011-01-19,3.5,3.63,3.38,3.61,559529.06
2011-01-20,3.52,3.59,3.36,3.38,497673.79
2011-01-21,3.38,3.71,3.37,3.5,545311.3
2011-01-24,3.5,3.63,3.43,3.53,468898.0
2011-01-25,3.5,3.62,3.47,3.55,289431.41
2011-01-26,3.53,3.61,3.51,3.59,229881.59
2011-01-27,3.47,3.47,3.24,3.43,895690.75
2011-01-28,3.45,3.57,3.33,3.39,757052.5
2011-01-31,3.36,3.39,3.3,3.36,463286.16
2011-02-01,3.37,3.4,3.27,3.34,462811.02
2011-02-09,3.26,3.31,3.24,3.24,568818.23
2011-02-10,3.24,3.31,3.19,3.31,571202.21
2011-02-11,3.29,3.42,3.27,3.39,773339.79
2011-02-14,3.37,3.52,3.36,3.48,731927.65
2011-02-15,3.48,3.51,3.43,3.49,509298.84
2011-02-16,3.47,3.47,3.38,3.45,736437.28
2011-02-17,3.43,3.45,3.32,3.36,506395.58
2011-02-18,3.34,3.43,3.33,3.37,389379.28
2011-02-21,3.32,3.38,3.3,3.38,402931.72
2011-02-22,3.36,3.37,3.16,3.19,1111048.67
2011-02-23,3.17,3.22,3.16,3.2,311685.5
2011-02-24,3.18,3.25,3.16,3.22,266137.54
2011-02-25,3.23,3.23,3.18,3.2,312715.42
2011-02-28,3.2,3.22,3.13,3.21,447801.21
2011-03-01,3.23,3.39,3.23,3.32,917366.47
2011-03-02,3.29,3.32,3.24,3.28,431117.81
2011-03-03,3.28,3.37,3.27,3.31,481096.92
2011-03-04,3.31,3.4,3.27,3.39,592749.31
2011-03-07,3.42,3.46,3.36,3.42,777643.52
2011-03-08,3.43,3.5,3.41,3.45,598869.98
2011-03-09,3.46,3.49,3.4,3.42,448312.79
2011-03-10,3.41,3.46,3.36,3.4,553069.14
2011-03-11,3.38,3.42,3.34,3.34,365004.17
2011-03-14,3.32,3.35,3.32,3.34,236710.74
2011-03-15,3.32,3.37,3.21,3.27,344646.21
2011-03-16,3.28,3.31,3.26,3.28,280588.9
2011-03-17,3.25,3.27,3.19,3.22,452785.81
2011-03-18,3.24,3.32,3.22,3.28,305699.11
2011-03-21,3.27,3.37,3.27,3.32,392541.02
2011-03-23,3.32,3.52,3.3,3.45,900024.35
2011-03-24,3.45,3.51,3.41,3.43,452823.57
2011-03-25,3.42,3.68,3.42,3.58,868362.96
2011-03-28,3.6,3.72,3.59,3.6,618177.83
2011-03-29,3.6,3.72,3.58,3.63,669995.8
2011-03-30,3.64,3.65,3.48,3.53,511860.28
2011-03-31,3.53,3.57,3.45,3.48,303985.72
2011-04-01,3.48,3.67,3.48,3.66,469992.34
2011-04-06,3.64,3.81,3.61,3.74,918862.32
2011-04-07,3.74,3.83,3.72,3.72,496679.46
2011-04-08,3.73,3.8,3.72,3.73,306609.9
2011-04-11,3.73,3.77,3.63,3.65,387635.54
2011-04-12,3.64,3.69,3.57,3.59,359372.88
2011-04-13,3.59,3.68,3.51,3.67,341160.49
2011-04-14,3.65,3.66,3.57,3.59,304492.72
2011-04-15,3.57,3.68,3.55,3.67,274273.01
2011-04-18,3.65,3.76,3.61,3.72,450775.74
2011-04-20,3.64,3.67,3.55,3.57,407030.34
2011-04-21,3.58,3.6,3.54,3.58,205602.45
2011-04-22,3.58,3.58,3.52,3.55,190966.94
2011-04-25,3.51,3.54,3.46,3.48,183975.97
2011-04-26,3.48,3.52,3.45,3.51,183238.4
2011-04-27,3.51,3.53,3.41,3.44,206980.34
2011-04-28,3.45,3.46,3.34,3.35,340723.81
2011-04-29,3.34,3.43,3.33,3.41,212672.55
2011-05-03,3.39,3.42,3.37,3.39,131937.56
2011-05-04,3.37,3.42,3.31,3.32,171662.56
2011-05-05,3.28,3.4,3.27,3.37,132936.6
2011-05-06,3.32,3.42,3.31,3.38,127285.18
2011-05-09,3.37,3.4,3.34,3.37,97012.82
2011-05-10,3.38,3.42,3.34,3.41,121454.8
2011-05-11,3.42,3.51,3.4,3.45,211385.2
2011-05-12,3.44,3.5,3.41,3.42,146702.54
2011-05-13,3.43,3.5,3.42,3.49,136749.07
2011-05-16,3.47,3.55,3.46,3.47,156924.67
2011-05-17,3.46,3.55,3.45,3.49,215756.97
2011-05-18,3.48,3.55,3.46,3.54,178432.63
2011-05-19,3.54,3.55,3.45,3.46,179341.14
2011-05-20,3.46,3.5,3.45,3.45,127066.54
2011-05-23,3.43,3.46,3.35,3.4,211525.53
2011-05-24,3.38,3.43,3.35,3.4,112583.98
2011-05-25,3.39,3.42,3.36,3.37,116143.39
2011-05-26,3.42,3.43,3.33,3.33,119756.13
2011-05-27,3.35,3.41,3.34,3.37,146171.09
2011-05-30,3.38,3.38,3.25,3.26,193882.58
2011-05-31,3.26,3.29,3.12,3.21,391268.16
2011-06-01,3.2,3.22,3.17,3.19,296258.55
2011-06-02,3.15,3.18,3.06,3.1,351501.38
2011-06-03,3.11,3.19,3.08,3.15,215104.33
2011-06-07,3.14,3.19,3.13,3.15,140779.47
2011-06-08,3.16,3.28,3.13,3.27,298632.7
2011-06-09,3.24,3.25,3.18,3.18,155767.26
2011-06-10,3.21,3.33,3.21,3.29,340602.78
2011-06-13,3.27,3.32,3.24,3.26,254985.08
2011-06-14,3.29,3.59,3.29,3.49,688177.51
2011-06-15,3.43,3.6,3.43,3.5,487742.86
2011-06-16,3.47,3.48,3.36,3.41,381425.78
2011-06-17,3.41,3.58,3.41,3.47,451095.68
2011-06-20,3.49,3.62,3.49,3.57,626047.03
2011-06-21,3.57,3.67,3.56,3.61,608553.81
2011-06-22,3.58,3.64,3.53,3.59,284818.47
2011-06-23,3.6,3.65,3.56,3.63,255250.31
2011-06-24,3.62,3.71,3.56,3.66,575167.41
2011-06-27,3.67,3.71,3.53,3.62,323222.34
2011-06-28,3.62,3.7,3.57,3.67,360584.39
2011-06-29,3.66,3.72,3.62,3.63,250542.35
2011-06-30,3.62,3.79,3.62,3.76,593075.15
2011-07-01,3.76,3.89,3.75,3.84,464563.63
2011-07-04,3.87,4.01,3.8,3.87,484906.48
2011-07-05,3.87,3.96,3.85,3.88,402568.53
2011-07-06,3.87,3.87,3.73,3.82,575722.87
2011-07-07,3.83,3.9,3.76,3.84,846840.08
2011-07-08,3.83,3.93,3.82,3.88,489818.32
2011-07-11,3.86,3.88,3.78,3.86,337233.35
2011-07-12,3.8,3.8,3.7,3.71,464409.93
2011-07-13,3.71,3.79,3.69,3.76,363432.58
2011-07-14,3.74,3.77,3.68,3.73,275540.46
2011-07-15,3.63,3.64,3.56,3.63,730685.9
2011-07-18,3.62,3.67,3.55,3.66,588825.2
2011-07-19,3.62,3.79,3.6,3.76,668641.42
2011-07-20,3.77,3.82,3.7,3.8,370157.07
2011-07-21,3.79,3.81,3.7,3.71,233789.52
2011-07-22,3.73,3.75,3.65,3.67,233334.29
2011-07-25,3.63,3.64,3.46,3.5,411983.8
2011-07-27,3.46,3.56,3.43,3.52,237407.19
2011-07-28,3.49,3.55,3.44,3.53,196333.54
2011-07-29,3.52,3.61,3.49,3.58,220019.7
2011-08-01,3.61,3.67,3.56,3.66,224271.83
2011-08-02,3.61,3.68,3.57,3.63,153176.84
2011-08-03,3.59,3.68,3.58,3.67,151247.32
2011-08-04,3.66,3.71,3.61,3.63,107642.11
2011-08-05,3.53,3.66,3.49,3.59,161436.11
2011-08-08,3.54,3.68,3.49,3.57,325135.25
2011-08-09,3.49,3.81,3.46,3.71,926671.54
2011-08-10,3.78,3.84,3.73,3.77,801046.7
2011-08-11,3.74,3.9,3.71,3.83,452020.7
2011-08-12,3.84,3.85,3.73,3.76,532401.91
2011-08-15,3.77,3.88,3.77,3.87,337757.63
2011-08-16,3.86,3.93,3.78,3.8,305992.66
2011-08-17,3.77,3.83,3.73,3.78,253249.97
2011-08-18,3.77,3.77,3.6,3.62,325229.74
2011-08-19,3.59,3.7,3.58,3.68,294972.14
2011-08-22,3.68,3.73,3.61,3.63,169180.42
2011-08-23,3.63,3.76,3.63,3.72,187925.36
2011-08-24,3.73,3.78,3.65,3.66,157862.42
2011-08-25,3.68,3.87,3.66,3.86,377300.84
2011-08-26,3.83,3.89,3.82,3.87,221677.32
2011-08-29,3.83,3.87,3.71,3.74,289547.56
2011-08-30,3.78,3.85,3.7,3.74,271705.51
2011-08-31,3.74,3.79,3.7,3.76,131042.74
2011-09-01,3.77,3.84,3.76,3.78,199694.66
2011-09-02,3.78,3.78,3.63,3.65,321746.41
2011-09-05,3.6,3.63,3.51,3.53,276983.17
2011-09-06,3.51,3.54,3.49,3.52,152422.96
2011-09-07,3.55,3.67,3.55,3.64,205199.78
2011-09-08,3.64,3.66,3.57,3.59,100291.78
2011-09-09,3.65,3.7,3.6,3.62,192640.63
2011-09-13,3.55,3.69,3.55,3.67,163385.49
2011-09-14,3.67,3.73,3.62,3.73,149855.2
2011-09-15,3.73,3.78,3.71,3.76,162896.86
2011-09-16,3.77,3.8,3.63,3.71,194148.15
2011-09-19,3.65,3.66,3.51,3.52,537232.03
2011-09-20,3.51,3.53,3.39,3.49,266498.24
2011-09-21,3.49,3.57,3.46,3.55,218057.05
2011-09-22,3.53,3.54,3.3,3.3,474097.8
2011-09-23,3.25,3.39,3.19,3.26,398131.4
2011-09-26,3.24,3.29,3.11,3.12,406555.78
2011-09-27,3.16,3.18,3.09,3.14,329627.17
2011-09-28,3.15,3.16,3.07,3.08,267678.42
2011-09-29,3.08,3.18,3.07,3.16,397692.81
2011-09-30,3.16,3.24,3.13,3.17,280617.42
2011-10-10,3.18,3.2,3.04,3.06,271236.46
2011-10-11,3.13,3.14,2.94,3.01,276815.1
2011-10-12,2.98,3.17,2.94,3.15,445744.89
2011-10-13,3.13,3.24,3.13,3.19,309506.46
2011-10-14,3.18,3.21,3.13,3.18,119498.4
2011-10-17,3.19,3.23,3.14,3.18,191262.63
2011-10-18,3.14,3.19,3.04,3.06,227617.93
2011-10-19,3.08,3.11,2.97,2.98,243307.27
2011-10-20,2.95,3.0,2.91,2.92,191238.24
2011-10-21,2.94,2.98,2.88,2.92,263033.3
2011-10-24,2.92,3.06,2.88,3.04,191711.42
2011-10-25,3.0,3.24,2.99,3.18,353837.45
2011-10-26,3.18,3.38,3.17,3.35,614426.69
2011-10-27,3.37,3.37,3.3,3.33,173271.19
2011-10-28,3.37,3.67,3.37,3.48,701414.54
2011-10-31,3.45,3.55,3.36,3.53,437129.89
2011-11-01,3.48,3.58,3.35,3.41,555526.8
2011-11-02,3.32,3.48,3.32,3.48,364411.32
2011-11-03,3.51,3.54,3.4,3.41,370539.99
2011-11-07,3.45,3.48,3.36,3.44,370232.94
2011-11-08,3.42,3.42,3.29,3.37,305399.42
2011-11-09,3.36,3.39,3.29,3.37,234006.18
2011-11-10,3.32,3.36,3.28,3.28,229682.25
2011-11-11,3.29,3.32,3.28,3.3,158325.45
2011-11-14,3.31,3.43,3.31,3.41,327893.52
2011-11-15,3.4,3.42,3.35,3.38,153241.65
2011-11-16,3.38,3.38,3.19,3.22,351832.52
2011-11-17,3.23,3.24,3.17,3.2,159824.47
2011-11-18,3.18,3.19,3.06,3.11,379458.25
2011-11-21,3.11,3.14,3.07,3.13,174579.91
2011-11-22,3.1,3.14,3.07,3.11,258463.63
2011-11-23,3.12,3.12,3.03,3.05,126690.51
2011-11-24,3.03,3.2,3.0,3.14,342905.8
2011-11-25,3.12,3.15,3.05,3.09,162189.87
2011-11-28,3.11,3.15,3.06,3.11,222259.61
2011-11-29,3.14,3.24,3.09,3.19,380360.96
2011-11-30,3.18,3.2,3.1,3.15,249320.15
2011-12-01,3.37,3.47,3.27,3.33,1211015.27
2011-12-02,3.29,3.36,3.27,3.32,225349.07
2011-12-05,3.31,3.37,3.22,3.35,281466.65
2011-12-06,3.33,3.44,3.33,3.38,311873.66
2011-12-07,3.39,3.42,3.34,3.4,181291.42
2011-12-08,3.39,3.45,3.36,3.41,213356.51
2011-12-09,3.38,3.56,3.38,3.46,334536.15
2011-12-12,3.43,3.43,3.31,3.35,373526.22
2011-12-13,3.32,3.38,3.27,3.28,180625.93
2011-12-14,3.28,3.28,3.18,3.21,165501.68
2011-12-15,3.2,3.31,3.18,3.25,320725.45
2011-12-16,3.24,3.46,3.23,3.42,298285.35
2011-12-19,3.39,3.46,3.37,3.45,366335.28
2011-12-20,3.43,3.56,3.42,3.45,411006.51
2011-12-21,3.48,3.49,3.39,3.39,195316.94
2011-12-22,3.39,3.52,3.36,3.45,233826.36
2011-12-23,3.45,3.56,3.44,3.49,317092.53
2011-12-26,3.47,3.55,3.44,3.45,188515.56
2011-12-27,3.46,3.46,3.34,3.34,156643.11
2011-12-28,3.34,3.4,3.22,3.31,341213.13
2011-12-29,3.3,3.39,3.29,3.33,171201.11
2011-12-30,3.35,3.48,3.35,3.42,256123.13
2012-01-04,3.43,3.53,3.39,3.44,341555.93
2012-01-05,3.43,3.46,3.3,3.36,342555.98
2012-01-06,3.36,3.37,3.25,3.32,238192.75
2012-01-09,3.31,3.5,3.27,3.48,469341.0
2012-01-10,3.47,3.58,3.4,3.54,1020899.31
2012-01-11,3.51,3.55,3.47,3.53,388812.78
2012-01-12,3.51,3.66,3.51,3.56,445844.83
2012-01-13,3.56,3.58,3.48,3.52,235823.49
2012-01-16,3.5,3.54,3.38,3.4,346420.61
2012-01-17,3.39,3.73,3.29,3.54,579360.93
2012-01-18,3.52,3.63,3.44,3.46,501339.09
2012-01-19,3.48,3.66,3.44,3.65,426694.04
2012-01-20,3.64,3.77,3.64,3.75,437375.86
2012-01-30,3.73,3.74,3.55,3.57,468384.31
2012-01-31,3.58,3.62,3.57,3.6,181374.08
2012-02-01,3.58,3.65,3.51,3.53,257114.36
2012-02-02,3.55,3.64,3.49,3.62,314082.16
2012-02-03,3.6,3.68,3.57,3.66,328586.09
2012-02-06,3.64,3.66,3.54,3.58,276025.76
2012-02-07,3.56,3.56,3.42,3.47,456967.75
2012-02-08,3.46,3.62,3.43,3.57,389189.09
2012-02-09,3.56,3.67,3.54,3.62,532727.51
2012-02-10,3.62,3.79,3.62,3.74,870791.6
2012-02-13,3.52,3.68,3.5,3.62,656061.93
2012-02-14,3.6,3.64,3.54,3.64,332137.49
2012-02-15,3.61,3.71,3.58,3.64,332537.25
2012-02-16,3.65,3.65,3.6,3.63,274918.97
2012-02-17,3.63,3.68,3.61,3.67,235362.33
2012-02-20,3.73,3.75,3.67,3.69,411825.18
2012-02-21,3.69,3.76,3.66,3.76,300682.18
2012-02-22,3.83,3.89,3.76,3.86,611685.46
2012-02-23,3.86,3.89,3.82,3.87,431670.7
2012-02-24,3.86,4.07,3.83,4.01,663755.26
2012-02-27,4.01,4.11,3.91,3.95,569877.24
2012-02-28,3.98,3.99,3.9,3.93,345623.11
2012-02-29,3.86,3.87,3.76,3.8,719520.58
2012-03-01,3.78,3.86,3.78,3.81,405316.16
2012-03-02,3.81,4.0,3.8,3.98,733711.3
2012-03-05,4.02,4.09,3.92,3.94,477609.89
2012-03-06,3.92,3.93,3.83,3.93,354553.28
2012-03-07,3.88,3.94,3.85,3.86,288826.33
2012-03-08,3.88,4.05,3.88,4.0,405150.82
2012-03-09,4.01,4.03,3.95,4.0,235745.8
2012-03-12,4.0,4.01,3.8,3.84,769514.05
2012-03-13,3.85,3.9,3.82,3.88,377518.35
2012-03-14,3.9,3.95,3.74,3.77,598284.88
2012-03-15,3.76,3.77,3.62,3.67,525217.12
2012-03-16,3.67,3.74,3.66,3.7,323649.69
2012-03-19,3.7,3.71,3.62,3.67,381958.43
2012-03-20,3.66,3.74,3.64,3.67,268912.52
2012-03-21,3.7,3.71,3.61,3.64,303762.58
2012-03-22,3.63,3.73,3.63,3.68,231925.28
2012-03-23,3.66,3.67,3.6,3.63,249805.46
2012-03-26,3.63,3.65,3.57,3.6,147651.46
2012-03-27,3.62,3.66,3.61,3.61,188576.73
2012-03-28,3.6,3.68,3.58,3.61,287165.07
2012-03-29,3.61,3.75,3.58,3.7,501350.9
2012-03-30,3.7,3.87,3.68,3.87,492557.81
2012-04-05,3.83,3.94,3.79,3.91,373354.19
2012-04-06,3.9,3.96,3.87,3.89,276174.66
2012-04-09,3.89,3.92,3.83,3.87,165398.39
2012-04-10,3.88,4.02,3.86,3.99,283961.02
2012-04-11,3.95,4.19,3.95,4.03,500917.95
2012-04-12,4.03,4.13,4.02,4.1,353929.93
2012-04-13,4.09,4.17,4.06,4.06,344735.3
2012-04-16,4.03,4.14,3.97,4.11,258822.95
2012-04-17,4.09,4.11,3.94,3.99,175970.64
2012-04-18,4.02,4.18,3.98,4.17,393849.5
2012-04-19,4.15,4.21,4.11,4.18,261688.09
2012-04-20,4.15,4.2,4.03,4.18,503855.54
2012-04-23,4.15,4.16,4.02,4.11,264245.9
2012-04-24,4.1,4.19,4.02,4.11,294159.88
2012-04-25,4.09,4.25,4.06,4.21,422124.34
2012-04-27,4.21,4.33,4.18,4.28,426105.3
2012-05-02,4.32,4.49,4.29,4.45,382244.75
2012-05-03,4.51,4.51,4.33,4.43,288843.86
2012-05-04,4.42,4.47,4.34,4.46,225047.25
2012-05-07,4.42,4.47,4.35,4.45,277043.32
2012-05-08,4.5,4.5,4.31,4.45,368329.19
2012-05-09,4.38,4.42,4.34,4.37,165569.84
2012-05-10,4.36,4.42,4.33,4.38,110688.66
2012-05-11,4.35,4.38,4.28,4.32,157655.76
2012-05-14,4.38,4.5,4.31,4.37,422507.28
2012-05-15,4.33,4.45,4.32,4.44,184227.45
2012-05-16,4.42,4.44,4.33,4.33,163365.6
2012-05-17,4.33,4.44,4.29,4.41,152634.42
2012-05-18,4.38,4.42,4.33,4.36,95138.0
2012-05-21,4.36,4.42,4.32,4.36,116015.83
2012-05-22,4.37,4.61,4.36,4.59,488857.12
2012-05-23,4.57,4.67,4.54,4.66,374088.67
2012-05-24,4.65,4.73,4.57,4.61,219073.45
2012-05-25,4.62,4.7,4.59,4.63,172720.91
2012-05-28,4.62,4.78,4.59,4.78,209699.02
2012-05-29,4.76,4.83,4.74,4.78,249154.47
2012-05-30,4.76,4.89,4.72,4.73,315328.46
2012-05-31,4.69,4.74,4.64,4.67,319671.48
2012-06-01,4.67,4.74,4.64,4.68,254473.61
2012-06-04,4.62,4.76,4.53,4.54,292279.11
2012-06-05,4.56,4.65,4.53,4.63,171214.41
2012-06-06,4.62,4.64,4.51,4.63,181169.53
2012-06-07,4.66,4.84,4.65,4.67,325842.47
2012-06-08,4.79,4.88,4.64,4.67,350019.35
2012-06-11,4.71,4.91,4.69,4.82,361465.45
2012-06-12,4.81,5.02,4.78,5.01,444413.8
2012-06-13,5.0,5.03,4.96,5.0,408380.6
2012-06-14,5.0,5.1,4.99,5.04,276396.55
2012-06-15,5.07,5.07,4.76,4.92,556181.62
2012-06-18,4.97,5.01,4.9,5.0,233027.82
2012-06-19,4.97,4.98,4.88,4.89,342079.03
2012-06-20,4.9,4.93,4.74,4.81,364247.37
2012-06-21,4.8,4.87,4.71,4.79,436443.8
2012-06-25,4.78,4.83,4.55,4.56,500544.37
2012-06-26,4.54,4.7,4.54,4.69,518726.77
2012-06-27,4.64,4.86,4.62,4.76,360745.1
2012-06-28,4.78,4.84,4.7,4.71,192058.22
2012-06-29,4.7,4.78,4.63,4.73,326612.83
2012-07-02,4.79,4.87,4.7,4.84,296897.85
2012-07-03,4.83,5.03,4.8,4.99,530449.64
2012-07-04,5.01,5.04,4.92,5.0,201293.98
2012-07-05,4.95,5.11,4.94,5.09,440463.6
2012-07-06,5.18,5.37,5.17,5.34,789514.65
2012-07-09,5.25,5.5,5.21,5.42,626143.14
2012-07-10,5.33,5.37,5.17,5.22,541169.46
2012-07-11,5.21,5.32,5.06,5.18,378443.44
2012-07-12,5.17,5.39,5.04,5.36,561338.2
2012-07-13,5.32,5.42,5.27,5.34,225599.46
2012-07-16,5.34,5.38,5.08,5.12,295053.38
2012-07-17,5.09,5.24,5.08,5.16,203514.95
2012-07-18,5.16,5.21,4.7,4.91,809930.02
2012-07-19,4.87,4.94,4.67,4.82,527288.92
2012-07-20,4.77,4.85,4.67,4.73,526072.35
2012-07-23,4.7,4.73,4.58,4.67,313844.31
2012-07-24,4.67,4.86,4.66,4.77,270672.72
2012-07-25,4.73,4.75,4.62,4.65,335808.35
2012-07-26,4.63,4.67,4.45,4.47,680321.83
2012-07-27,4.49,4.57,4.44,4.54,341533.24
2012-07-30,4.54,4.64,4.52,4.59,228259.79
2012-07-31,4.57,4.78,4.55,4.75,379742.6
2012-08-01,4.74,4.88,4.69,4.73,499889.25
2012-08-02,4.71,4.71,4.27,4.29,867849.75
2012-08-03,4.37,4.4,4.27,4.37,587387.32
2012-08-06,4.34,4.44,4.29,4.43,530195.68
2012-08-07,4.42,4.44,4.34,4.41,423417.65
2012-08-08,4.39,4.5,4.39,4.48,432815.06
2012-08-09,4.51,4.63,4.51,4.55,395666.32
2012-08-10,4.54,4.55,4.4,4.43,310234.57
2012-08-13,4.36,4.39,4.17,4.25,674634.26
2012-08-14,4.27,4.38,4.17,4.37,348830.31
2012-08-15,4.32,4.39,4.29,4.36,152313.69
2012-08-16,4.32,4.44,4.32,4.37,164442.48
2012-08-17,4.36,4.38,4.21,4.31,239194.41
2012-08-20,4.22,4.22,4.11,4.18,449843.37
2012-08-21,4.18,4.29,4.08,4.1,533134.98
2012-08-22,4.11,4.12,3.91,3.96,699224.27
2012-08-23,3.96,3.99,3.88,3.92,635713.31
2012-08-24,3.89,3.96,3.86,3.93,292925.96
2012-08-27,3.91,3.96,3.87,3.93,309889.57
2012-08-28,3.91,3.93,3.78,3.85,424321.91
2012-08-29,3.84,3.9,3.77,3.79,268038.81
2012-08-30,3.76,3.86,3.76,3.81,314933.16
2012-08-31,3.8,3.93,3.79,3.92,352368.64
2012-09-03,3.92,4.23,3.92,4.22,807891.25
2012-09-04,4.17,4.28,4.14,4.15,344121.32
2012-09-05,4.13,4.29,4.13,4.27,312264.53
2012-09-06,4.27,4.34,4.19,4.25,363671.26
2012-09-07,4.29,4.55,4.29,4.44,744670.5
2012-09-10,4.46,4.55,4.34,4.44,546379.07
2012-09-11,4.39,4.4,4.31,4.37,365793.65
2012-09-12,4.4,4.49,4.29,4.36,356570.99
2012-09-13,4.32,4.44,4.32,4.35,269474.86
2012-09-14,4.38,4.43,4.2,4.34,454100.49
2012-09-17,4.29,4.3,4.0,4.05,785094.96
2012-09-18,4.01,4.14,4.01,4.09,418799.75
2012-09-19,4.07,4.11,4.01,4.09,324692.94
2012-09-20,4.05,4.06,3.96,3.99,375059.3
2012-09-21,3.94,4.34,3.94,4.11,634950.05
2012-09-24,4.05,4.25,4.03,4.22,411130.15
2012-09-25,4.22,4.27,4.19,4.24,211626.65
2012-09-26,4.24,4.26,4.15,4.18,182447.75
2012-09-27,4.19,4.34,4.12,4.31,467406.42
2012-09-28,4.27,4.49,4.25,4.49,605741.37
2012-10-08,4.47,4.49,4.32,4.35,324144.99
2012-10-09,4.38,4.53,4.36,4.5,418840.1
2012-10-10,4.49,4.55,4.44,4.53,307737.53
2012-10-11,4.51,4.54,4.42,4.46,260232.11
2012-10-12,4.5,4.54,4.35,4.42,294795.96
2012-10-15,4.44,4.48,4.37,4.44,170772.57
2012-10-16,4.45,4.49,4.38,4.43,211695.97
2012-10-17,4.44,4.48,4.32,4.42,254177.02
2012-10-18,4.42,4.71,4.42,4.7,813408.41
2012-10-19,4.67,4.74,4.61,4.68,398326.31
2012-10-22,4.63,4.77,4.57,4.74,413027.56
2012-10-23,4.73,4.79,4.64,4.67,323987.53
2012-10-24,4.65,4.74,4.63,4.68,237810.59
2012-10-25,4.68,4.7,4.54,4.57,271435.91
2012-10-26,4.57,4.61,4.36,4.47,331290.96
2012-10-29,4.42,4.47,4.34,4.47,165836.54
2012-10-30,4.49,4.64,4.44,4.58,351491.72
2012-10-31,4.61,4.66,4.56,4.63,245778.54
2012-11-01,4.63,4.94,4.63,4.84,689808.41
2012-11-02,4.84,4.94,4.82,4.92,539884.91
2012-11-05,4.88,4.93,4.77,4.9,414815.36
2012-11-06,4.86,4.87,4.75,4.84,347841.73
2012-11-07,4.82,4.86,4.7,4.75,276119.38
2012-11-08,4.71,4.81,4.62,4.67,415776.4
2012-11-09,4.65,4.75,4.65,4.69,229937.02
2012-11-12,4.71,4.84,4.71,4.84,423664.99
2012-11-13,4.82,4.83,4.73,4.78,295600.57
2012-11-14,4.77,4.82,4.58,4.68,371622.74
2012-11-15,4.61,4.71,4.6,4.64,301926.47
2012-11-16,4.6,4.68,4.59,4.65,297591.13
2012-11-19,4.64,4.64,4.46,4.58,289629.22
2012-11-20,4.58,4.71,4.54,4.67,265030.06
2012-11-21,4.66,4.79,4.59,4.77,355630.43
2012-11-22,4.73,4.85,4.7,4.78,271469.88
2012-11-23,4.78,4.86,4.74,4.79,330639.66
2012-11-26,4.79,4.81,4.69,4.77,181910.19
2012-11-27,4.72,4.82,4.7,4.76,190550.48
2012-11-28,4.71,4.73,4.57,4.59,309099.88
2012-11-29,4.59,4.68,4.59,4.63,219473.73
2012-11-30,4.62,4.91,4.62,4.78,596678.71
2012-12-03,4.79,4.99,4.79,4.9,621648.26
2012-12-04,4.9,4.96,4.82,4.94,364004.16
2012-12-05,4.91,5.21,4.9,5.04,563342.55
2012-12-06,5.07,5.15,5.02,5.12,354697.4
2012-12-07,5.1,5.19,4.98,5.07,622864.71
2012-12-10,5.08,5.18,4.94,5.17,719841.52
2012-12-11,5.13,5.15,5.04,5.06,380053.29
2012-12-12,5.08,5.17,5.03,5.12,413411.71
2012-12-13,5.14,5.22,5.08,5.19,476981.77
2012-12-14,5.2,5.4,5.13,5.38,1019929.06
2012-12-17,5.34,5.45,5.17,5.25,915854.33
2012-12-18,5.21,5.26,5.03,5.06,1158444.44
2012-12-19,5.03,5.09,4.91,5.06,1322646.44
2012-12-20,5.02,5.18,4.96,5.13,725864.86
2012-12-21,5.14,5.26,5.04,5.05,666184.06
2012-12-24,5.04,5.14,5.0,5.11,429451.71
2012-12-25,5.09,5.45,5.08,5.35,1152026.42
2012-12-26,5.35,5.5,5.34,5.46,1095944.37
2012-12-27,5.47,5.55,5.36,5.37,650741.48
2012-12-28,5.34,5.51,5.3,5.49,632619.89
2012-12-31,5.5,5.68,5.47,5.67,731294.83
2013-01-04,5.75,5.94,5.68,5.92,1124836.93
2013-01-07,5.9,5.9,5.72,5.81,610863.14
2013-01-08,5.8,5.83,5.62,5.75,575143.94
2013-01-09,5.75,5.85,5.66,5.83,659617.79
2013-01-10,5.84,5.96,5.78,5.91,542021.81
2013-01-11,5.91,5.92,5.63,5.64,634372.93
2013-01-14,5.64,5.92,5.63,5.88,775347.23
2013-01-15,5.9,5.91,5.77,5.85,546092.63
2013-01-16,5.84,5.84,5.6,5.65,964025.13
2013-01-17,5.65,5.76,5.6,5.65,447755.8
2013-01-18,5.7,5.98,5.65,5.96,813858.32
2013-01-21,6.04,6.1,5.76,5.82,894980.4
2013-01-22,5.82,5.82,5.63,5.7,815021.96
2013-01-23,5.68,5.81,5.6,5.69,514541.42
2013-01-24,5.64,5.86,5.55,5.62,845373.75
2013-01-25,5.62,5.65,5.4,5.42,814814.86
2013-01-28,5.43,5.65,5.42,5.65,776268.07
2013-01-29,5.65,5.88,5.63,5.7,1001255.03
2013-01-30,5.71,5.9,5.68,5.87,1025931.44
2013-01-31,5.84,5.84,5.48,5.51,1326314.17
2013-02-01,5.53,5.55,5.35,5.53,1238557.21
2013-02-04,5.52,5.54,5.25,5.47,1393371.01
2013-02-05,5.39,5.66,5.37,5.6,1019581.16
2013-02-06,5.58,5.59,5.43,5.48,678399.52
2013-02-07,5.49,5.5,5.34,5.43,770195.82
2013-02-08,5.39,5.48,5.38,5.43,788350.88
2013-02-18,5.46,5.48,5.31,5.37,659124.57
2013-02-19,5.34,5.34,5.06,5.09,963955.67
2013-02-20,5.09,5.19,5.06,5.17,635127.83
2013-02-21,5.13,5.29,5.04,5.13,866851.53
2013-02-22,5.12,5.25,5.1,5.17,547724.55
2013-02-25,5.17,5.2,4.98,5.06,631532.42
2013-02-26,5.0,5.15,4.97,4.97,496351.76
2013-02-27,5.0,5.17,4.97,5.16,716252.16
2013-02-28,5.19,5.39,5.19,5.34,1141374.02
2013-03-01,5.37,5.37,5.21,5.27,550459.94
2013-03-04,4.82,4.86,4.74,4.74,1644416.39
2013-03-05,4.59,4.71,4.52,4.69,1708385.19
2013-03-06,4.68,4.78,4.67,4.73,1005338.8
2013-03-07,4.7,4.82,4.64,4.74,690385.46
2013-03-08,4.79,4.8,4.72,4.74,516447.04
2013-03-11,4.74,4.83,4.72,4.82,546718.04
2013-03-12,4.8,4.92,4.77,4.83,585569.95
2013-03-13,4.82,4.82,4.63,4.64,506996.88
2013-03-14,4.64,4.69,4.58,4.63,434391.78
2013-03-15,4.63,4.67,4.39,4.44,1148748.59
2013-03-18,4.45,4.54,4.38,4.49,605839.29
2013-03-19,4.48,4.69,4.45,4.67,717452.96
2013-03-20,4.67,4.93,4.67,4.86,1148619.36
2013-03-21,4.87,4.89,4.76,4.83,434793.51
2013-03-22,4.83,4.92,4.77,4.9,381071.15
2013-03-25,4.92,5.02,4.87,4.97,446068.39
2013-03-26,4.93,5.17,4.93,4.97,834273.02
2013-03-27,4.94,5.1,4.93,5.03,516521.87
2013-03-28,4.95,4.98,4.75,4.91,840899.08
2013-03-29,4.91,4.92,4.74,4.79,533428.54
2013-04-01,4.81,5.04,4.81,4.93,555637.64
2013-04-02,4.95,5.14,4.94,5.0,637472.99
2013-04-03,5.03,5.07,4.89,4.94,340243.22
2013-04-08,4.71,4.88,4.66,4.83,542139.97
2013-04-09,4.84,5.0,4.84,4.91,408404.22
2013-04-10,4.97,5.04,4.88,4.92,387642.53
2013-04-11,4.99,5.01,4.83,4.84,368876.47
2013-04-12,4.84,4.9,4.77,4.79,294530.54
2013-04-15,4.8,4.96,4.78,4.9,483666.14
2013-04-16,4.89,5.2,4.88,5.19,930608.11
2013-04-17,5.2,5.31,5.11,5.22,719887.59
2013-04-18,5.17,5.31,5.15,5.22,501625.33
2013-04-19,5.24,5.32,5.14,5.28,662439.65
2013-04-22,5.25,5.3,5.07,5.14,614862.18
2013-04-23,5.12,5.12,4.87,4.9,672975.48
2013-04-24,4.92,5.02,4.84,4.99,499727.41
2013-04-25,4.94,4.94,4.76,4.83,619293.64
2013-04-26,4.86,4.92,4.82,4.85,282034.51
2013-05-02,4.82,4.96,4.77,4.95,367341.59
2013-05-03,4.96,5.14,4.94,5.02,625241.36
2013-05-06,5.02,5.11,4.97,5.04,389722.7
2013-05-07,5.01,5.14,5.0,5.1,468610.1
2013-05-08,5.15,5.23,5.08,5.1,415909.74
2013-05-09,5.07,5.14,4.98,4.99,429871.4
2013-05-10,4.99,5.07,4.95,5.05,397656.72
2013-05-13,5.07,5.08,4.91,4.98,320394.59
2013-05-14,4.94,4.97,4.79,4.83,572702.62
2013-05-15,4.84,4.86,4.77,4.82,337455.82
2013-05-16,4.82,5.04,4.79,5.03,624491.9
2013-05-17,5.06,5.21,5.05,5.16,851238.07
2013-05-20,5.18,5.29,5.1,5.11,854817.33
2013-05-21,5.1,5.15,5.04,5.14,580281.12
2013-05-22,5.12,5.27,5.11,5.17,623931.86
2013-05-23,5.18,5.29,5.1,5.11,609189.37
2013-05-24,5.16,5.19,5.02,5.11,405524.77
2013-05-27,5.06,5.13,5.02,5.1,355455.91
2013-05-28,5.09,5.27,5.05,5.27,592724.86
2013-05-29,5.28,5.43,5.28,5.34,829812.15
2013-05-30,5.32,5.4,5.27,5.35,357690.46
2013-05-31,5.34,5.39,5.14,5.2,417769.1
2013-06-03,5.22,5.32,5.21,5.25,314022.57
2013-06-04,5.25,5.29,5.15,5.17,553611.61
2013-06-05,5.17,5.19,5.08,5.16,312312.39
2013-06-06,5.15,5.15,4.97,5.0,617388.15
2013-06-07,5.0,5.06,4.83,4.89,586424.19
2013-06-13,4.81,4.81,4.62,4.67,656148.21
2013-06-14,4.7,4.74,4.66,4.7,529115.25
2013-06-17,4.71,4.72,4.52,4.66,594424.25
2013-06-18,4.68,4.74,4.62,4.72,402444.73
2013-06-19,4.69,4.69,4.54,4.65,471045.84
2013-06-20,4.61,4.68,4.5,4.51,516961.05
2013-06-21,4.46,4.56,4.41,4.5,616741.73
2013-06-24,4.49,4.49,4.05,4.05,1457609.28
2013-06-25,3.96,4.07,3.65,3.95,1474025.21
2013-06-26,3.97,4.04,3.87,3.95,756362.39
2013-06-27,3.98,4.07,3.92,3.96,862751.98
2013-06-28,4.02,4.36,4.02,4.21,1561494.53
2013-07-01,4.14,4.33,4.11,4.24,435148.47
2013-07-02,4.24,4.27,4.1,4.19,529189.78
2013-07-03,4.19,4.19,3.95,4.1,691269.88
2013-07-04,4.06,4.29,4.04,4.22,738675.84
2013-07-05,4.4,4.64,4.4,4.42,1052704.5
2013-07-08,4.36,4.53,4.32,4.42,634958.82
2013-07-09,4.42,4.46,4.27,4.3,277991.09
2013-07-10,4.34,4.54,4.31,4.53,487134.28
2013-07-11,4.58,4.92,4.58,4.81,1600579.54
2013-07-12,4.82,4.9,4.61,4.63,760687.13
2013-07-15,4.64,4.77,4.6,4.64,505471.28
2013-07-16,4.61,4.7,4.47,4.68,617978.88
2013-07-17,4.62,4.84,4.54,4.68,649374.06
2013-07-18,4.66,4.71,4.57,4.58,363742.94
2013-07-19,4.57,4.6,4.29,4.32,895748.33
2013-07-22,4.32,4.32,4.14,4.24,768943.41
2013-07-23,4.25,4.44,4.21,4.39,755099.33
2013-07-24,4.33,4.37,4.21,4.26,616983.23
2013-07-25,4.27,4.35,4.21,4.28,455938.61
2013-07-26,4.25,4.35,4.22,4.29,362792.59
2013-07-29,4.24,4.25,4.05,4.12,483232.16
2013-07-30,4.15,4.32,4.09,4.19,518324.78
2013-07-31,4.5,4.57,4.32,4.33,1052193.71
2013-08-01,4.32,4.49,4.32,4.48,644964.04
2013-08-02,4.62,4.78,4.61,4.64,965814.45
2013-08-05,4.63,4.67,4.5,4.66,466048.3
2013-08-06,4.61,4.64,4.51,4.6,530992.18
2013-08-07,4.69,4.84,4.69,4.7,1073514.15
2013-08-08,4.76,4.77,4.64,4.66,340080.54
2013-08-09,4.68,4.72,4.54,4.62,284850.97
2013-08-12,4.61,4.86,4.6,4.85,675660.21
2013-08-13,4.85,4.91,4.79,4.85,539304.7
2013-08-14,4.89,4.98,4.82,4.84,379431.07
2013-08-15,4.84,4.88,4.72,4.73,266565.49
2013-08-16,4.69,5.2,4.6,4.69,960933.25
2013-08-19,4.63,4.75,4.61,4.71,381074.3
2013-08-20,4.68,4.8,4.57,4.61,619847.45
2013-08-21,4.65,4.65,4.46,4.49,603795.97
2013-08-22,4.49,4.56,4.41,4.44,426636.06
2013-08-23,4.46,4.49,4.34,4.49,419173.27
2013-08-26,4.49,4.59,4.44,4.58,532466.19
2013-08-27,4.61,4.61,4.5,4.54,389018.46
2013-08-28,4.49,4.49,4.4,4.43,474398.57
2013-08-29,4.44,4.52,4.4,4.49,409581.96
2013-08-30,4.5,4.51,4.42,4.43,432810.93
2013-09-02,4.45,4.45,4.28,4.33,652298.58
2013-09-03,4.34,4.54,4.29,4.53,1157873.97
2013-09-04,4.49,4.55,4.45,4.49,441268.48
2013-09-05,4.52,4.59,4.46,4.49,739770.85
2013-09-06,4.46,4.54,4.36,4.4,828683.46
2013-09-09,4.43,4.66,4.38,4.58,1210031.85
2013-09-10,4.64,4.71,4.59,4.66,837021.89
2013-09-11,4.71,4.82,4.68,4.82,1223982.57
2013-09-12,4.84,4.84,4.68,4.78,862304.9
2013-09-13,4.74,4.83,4.69,4.77,620304.84
2013-09-16,4.82,4.83,4.62,4.67,858347.6
2013-09-17,4.67,4.67,4.49,4.5,655643.04
2013-09-18,4.5,4.56,4.46,4.53,408408.95
2013-09-23,4.55,4.58,4.48,4.57,391478.88
2013-09-24,4.52,4.53,4.38,4.43,902971.72
2013-09-25,4.46,4.46,4.3,4.36,883876.95
2013-09-26,4.38,4.39,4.25,4.31,871569.94
2013-09-27,4.32,4.33,4.21,4.23,650292.33
2013-09-30,4.25,4.26,4.17,4.2,600305.55
2013-10-08,4.19,4.42,4.15,4.41,962977.55
2013-10-09,4.38,4.38,4.29,4.34,568880.16
2013-10-10,4.33,4.35,4.28,4.31,407252.07
2013-10-11,4.34,4.35,4.29,4.32,420921.89
2013-10-14,4.32,4.32,4.18,4.21,772602.57
2013-10-15,4.21,4.22,4.15,4.18,536100.34
2013-10-16,4.16,4.19,4.05,4.08,586462.94
2013-10-17,4.11,4.14,4.07,4.09,340626.78
2013-10-18,4.11,4.15,4.09,4.12,278611.69
2013-10-21,4.13,4.17,4.07,4.15,371237.71
2013-10-22,4.13,4.15,4.06,4.07,441906.13
2013-10-23,4.09,4.17,4.06,4.07,465413.22
2013-10-24,4.04,4.08,3.95,4.0,420111.49
2013-10-25,3.99,4.06,3.97,4.0,414518.76
2013-10-28,4.0,4.02,3.9,3.9,480836.25
2013-10-29,3.9,3.99,3.82,3.88,653966.99
2013-10-30,3.9,3.98,3.84,3.97,485745.31
2013-10-31,4.09,4.21,4.03,4.04,1427887.03
2013-11-01,4.0,4.15,3.99,4.12,553365.74
2013-11-04,4.12,4.16,4.06,4.07,333087.49
2013-11-05,4.06,4.06,3.97,4.04,304539.16
2013-11-06,4.01,4.03,3.95,3.95,314237.31
2013-11-07,3.93,3.97,3.89,3.92,245752.19
2013-11-08,3.93,3.97,3.84,3.88,401299.27
2013-11-11,3.88,3.88,3.74,3.8,389613.35
2013-11-12,3.78,3.85,3.78,3.84,338104.54
2013-11-13,3.85,3.88,3.82,3.84,292539.56
2013-11-14,3.86,3.87,3.74,3.78,362195.84
2013-11-15,3.79,3.91,3.76,3.88,523327.6
2013-11-18,3.9,3.98,3.83,3.98,752990.63
2013-11-19,3.95,3.98,3.9,3.94,549237.31
2013-11-20,3.97,3.98,3.9,3.92,315711.82
2013-11-21,3.89,3.89,3.77,3.81,627312.92
2013-11-22,3.81,3.82,3.75,3.75,473057.28
2013-11-25,3.73,3.79,3.68,3.76,480146.67
2013-11-26,3.75,3.77,3.69,3.71,374398.61
2013-11-27,3.7,3.74,3.65,3.73,488407.84
2013-11-28,3.72,3.84,3.72,3.8,630365.86
2013-11-29,3.79,3.83,3.77,3.78,335805.74
2013-12-02,3.74,3.78,3.7,3.74,465510.33
2013-12-03,3.73,3.78,3.71,3.78,337192.8
2013-12-04,3.77,3.87,3.75,3.82,608950.35
2013-12-05,3.83,3.89,3.81,3.84,394029.91
2013-12-06,3.82,3.87,3.81,3.82,250947.62
2013-12-09,3.84,3.87,3.76,3.77,329616.83
2013-12-10,3.79,3.81,3.75,3.8,348222.16
2013-12-11,3.76,3.81,3.71,3.73,437008.77
2013-12-12,3.72,3.74,3.69,3.7,287901.24
2013-12-13,3.66,3.74,3.66,3.72,262739.49
2013-12-16,3.74,3.75,3.69,3.7,340082.69
2013-12-17,3.7,3.71,3.64,3.65,440562.72
2013-12-18,3.65,3.66,3.62,3.65,364807.73
2013-12-19,3.66,3.67,3.56,3.57,493394.55
2013-12-20,3.57,3.58,3.42,3.43,819629.56
2013-12-23,3.43,3.44,3.37,3.39,401547.42
2013-12-24,3.4,3.48,3.37,3.4,504034.07
2013-12-25,3.4,3.45,3.36,3.45,365467.67
2013-12-26,3.44,3.45,3.38,3.39,492117.75
2013-12-27,3.39,3.5,3.38,3.47,491100.07
2013-12-30,3.48,3.49,3.39,3.41,515072.97
2013-12-31,3.38,3.52,3.35,3.5,549408.97
2014-01-02,3.48,3.51,3.45,3.47,321591.57
2014-01-03,3.45,3.48,3.42,3.44,255175.81
2014-01-06,3.43,3.43,3.24,3.25,764092.23
2014-01-07,3.24,3.27,3.21,3.22,402298.37
2014-01-08,3.23,3.27,3.16,3.19,504420.84
2014-01-09,3.23,3.3,3.22,3.25,562614.64
2014-01-10,3.24,3.28,3.23,3.25,327364.65
2014-01-13,3.25,3.27,3.13,3.19,445873.09
2014-01-14,3.18,3.22,3.15,3.22,718644.86
2014-01-15,3.2,3.22,3.14,3.19,411282.15
2014-01-16,3.18,3.24,3.14,3.2,323847.26
2014-01-17,3.19,3.19,3.13,3.16,303453.87
2014-01-20,3.15,3.18,3.12,3.16,231968.74
2014-01-21,3.17,3.25,3.17,3.2,297169.53
2014-01-22,3.23,3.47,3.22,3.44,1126073.81
2014-01-23,3.42,3.46,3.35,3.37,616246.51
2014-01-24,3.36,3.58,3.34,3.47,900842.56
2014-01-27,3.44,3.46,3.38,3.42,505443.04
2014-01-28,3.44,3.47,3.39,3.42,290018.64
2014-01-29,3.43,3.44,3.36,3.37,346755.54
2014-01-30,3.36,3.37,3.27,3.3,273996.09
2014-02-07,3.28,3.33,3.23,3.33,305175.4
2014-02-10,3.35,3.41,3.34,3.39,450457.79
2014-02-11,3.39,3.45,3.35,3.42,550801.56
2014-02-12,3.42,3.44,3.39,3.4,394806.44
2014-02-13,3.39,3.39,3.31,3.33,745962.47
2014-02-14,3.33,3.33,3.27,3.31,512166.68
2014-02-17,3.31,3.33,3.24,3.27,1000341.48
2014-02-18,3.27,3.27,3.19,3.2,801452.02
2014-02-19,3.19,3.25,3.18,3.24,972789.11
2014-02-20,3.23,3.28,3.2,3.21,648242.95
2014-02-21,3.19,3.22,3.13,3.14,544615.16
2014-02-24,3.08,3.08,2.87,2.88,1515178.69
2014-02-25,2.87,2.9,2.82,2.83,772407.4
2014-02-26,2.85,2.88,2.82,2.87,616659.02
2014-02-27,2.89,2.91,2.82,2.84,508567.67
2014-02-28,2.84,2.88,2.82,2.87,554866.06
2014-03-03,2.85,2.85,2.77,2.82,880790.29
2014-03-04,2.87,2.91,2.83,2.88,865416.36
2014-03-05,2.87,2.87,2.82,2.82,424834.51
2014-03-06,2.82,3.05,2.79,2.98,1585231.15
2014-03-07,2.95,3.0,2.91,2.94,879418.8
2014-03-10,2.9,2.9,2.78,2.79,634910.38
2014-03-11,2.79,2.96,2.77,2.92,1203980.54
2014-03-12,2.89,3.08,2.87,3.0,1381455.87
2014-03-13,2.99,3.07,2.96,3.02,859868.97
2014-03-14,2.99,3.05,2.95,2.97,485317.34
2014-03-17,2.98,3.08,2.95,3.01,627223.71
2014-03-18,3.01,3.01,2.91,2.92,733302.23
2014-03-19,2.89,2.9,2.84,2.88,586383.38
2014-03-20,2.89,2.99,2.86,2.86,871037.49
2014-03-21,2.87,3.08,2.84,3.06,2180483.83
2014-03-24,3.12,3.21,3.06,3.16,1833618.02
2014-03-25,3.16,3.26,3.13,3.18,1622102.83
2014-03-26,3.21,3.22,3.09,3.15,712559.43
2014-03-27,3.13,3.25,3.1,3.15,991385.77
2014-03-28,3.14,3.3,3.13,3.27,1725361.48
2014-03-31,3.29,3.32,3.16,3.23,891554.38
2014-04-01,3.3,3.31,3.24,3.27,977228.44
2014-04-02,3.3,3.53,3.3,3.5,2374051.09
2014-04-03,3.51,3.54,3.42,3.44,1160691.72
2014-04-04,3.46,3.47,3.42,3.47,569978.59
2014-04-08,3.47,3.57,3.44,3.56,1009924.86
2014-04-09,3.53,3.55,3.48,3.5,666423.91
2014-04-10,3.46,3.48,3.36,3.44,1437907.01
2014-04-11,3.41,3.42,3.37,3.4,573743.09
2014-04-14,3.39,3.44,3.39,3.43,424614.9
2014-04-15,3.4,3.41,3.29,3.31,931659.31
2014-04-16,3.3,3.36,3.29,3.33,532782.33
2014-04-17,3.35,3.36,3.27,3.28,603973.92
2014-04-18,3.27,3.3,3.24,3.28,403950.41
2014-04-21,3.25,3.28,3.21,3.21,429835.33
2014-04-22,3.21,3.27,3.17,3.26,582014.66
2014-04-23,3.23,3.29,3.23,3.26,470337.94
2014-04-24,3.27,3.4,3.25,3.35,991670.78
2014-04-25,3.39,3.39,3.29,3.3,622167.39
2014-04-28,3.3,3.34,3.19,3.21,641469.41
2014-04-29,3.21,3.23,3.15,3.19,344662.85
2014-04-30,3.17,3.25,3.17,3.25,285941.59
2014-05-05,3.21,3.22,3.11,3.13,588022.32
2014-05-06,3.12,3.17,3.08,3.09,502419.32
2014-05-07,3.08,3.1,3.05,3.05,492777.13
2014-05-08,3.06,3.12,3.04,3.05,475801.18
2014-05-09,3.05,3.05,2.99,3.02,366864.26
2014-05-12,3.03,3.09,2.99,3.05,499692.83
2014-05-13,3.05,3.15,3.05,3.14,786535.02
2014-05-14,3.21,3.28,3.19,3.19,855996.88
2014-05-15,3.15,3.19,3.12,3.13,292315.02
2014-05-16,3.14,3.24,3.14,3.18,504155.83
2014-05-19,3.19,3.19,3.1,3.15,258748.1
2014-05-20,3.17,3.18,3.14,3.16,228186.84
2014-05-21,3.16,3.22,3.13,3.2,363041.91
2014-05-22,3.2,3.36,3.2,3.22,516626.26
2014-05-23,3.22,3.38,3.22,3.36,1446882.4
2014-05-26,3.38,3.39,3.32,3.34,607465.91
2014-05-27,3.33,3.41,3.31,3.37,852731.19
2014-05-28,3.36,3.44,3.34,3.43,1126267.61
2014-05-29,3.45,3.48,3.38,3.38,806184.18
2014-05-30,3.38,3.41,3.28,3.33,875364.54
2014-06-03,3.32,3.36,3.29,3.32,515524.68
2014-06-04,3.32,3.32,3.2,3.22,648831.38
2014-06-05,3.22,3.28,3.21,3.27,350023.46
2014-06-06,3.3,3.31,3.23,3.28,338439.61
2014-06-09,3.25,3.48,3.24,3.41,1464224.48
2014-06-10,3.39,3.54,3.39,3.49,1963481.37
2014-06-11,3.47,3.53,3.46,3.49,726018.45
2014-06-12,3.49,3.49,3.38,3.42,836509.66
2014-06-13,3.41,3.46,3.38,3.42,673201.56
2014-06-16,3.42,3.44,3.34,3.4,1018192.93
2014-06-17,3.38,3.4,3.28,3.29,940883.04
2014-06-18,3.3,3.32,3.27,3.28,521679.51
2014-06-19,3.29,3.3,3.24,3.26,402261.47
2014-06-20,3.26,3.29,3.24,3.26,471326.9
2014-06-23,3.27,3.32,3.25,3.26,548932.27
2014-06-24,3.27,3.29,3.26,3.29,250492.81
2014-06-25,3.28,3.28,3.21,3.24,587502.28
2014-06-26,3.25,3.28,3.23,3.26,403631.2
2014-06-27,3.26,3.28,3.24,3.26,322221.16
2014-06-30,3.26,3.32,3.25,3.29,491696.39
2014-07-01,3.3,3.31,3.26,3.28,334761.72
2014-07-02,3.28,3.3,3.26,3.28,310547.56
2014-07-03,3.28,3.31,3.26,3.28,487702.93
2014-07-04,3.28,3.36,3.26,3.34,921263.93
2014-07-07,3.34,3.47,3.34,3.42,1184626.82
2014-07-08,3.43,3.45,3.4,3.42,635437.95
2014-07-09,3.41,3.42,3.34,3.35,532535.7
2014-07-10,3.34,3.4,3.34,3.38,506273.38
2014-07-11,3.39,3.53,3.38,3.47,1716743.46
2014-07-14,3.47,3.52,3.45,3.49,778371.68
2014-07-15,3.47,3.53,3.39,3.45,1300937.48
2014-07-16,3.43,3.61,3.42,3.55,1663671.68
2014-07-17,3.53,3.58,3.5,3.54,642374.25
2014-07-18,3.54,3.83,3.52,3.69,2656283.4
2014-07-21,3.69,3.83,3.67,3.79,1605775.39
2014-07-22,3.79,3.91,3.75,3.84,1770221.29
2014-07-23,3.82,3.93,3.82,3.84,1763601.74
2014-07-24,3.88,4.14,3.88,4.13,3809416.32
2014-07-25,4.13,4.14,4.02,4.11,1386504.38
2014-07-28,4.08,4.24,4.02,4.16,1872170.44
2014-07-29,4.14,4.19,4.03,4.13,1864501.22
2014-07-30,4.1,4.11,3.88,3.91,3074367.65
2014-07-31,3.89,3.99,3.84,3.99,1913002.01
2014-08-01,3.95,3.99,3.86,3.91,1612012.28
2014-08-04,3.94,4.04,3.85,4.02,2042937.37
2014-08-05,4.01,4.01,3.9,3.95,1201483.52
2014-08-06,3.93,3.93,3.84,3.91,1340343.81
2014-08-07,3.89,3.99,3.87,3.9,1324674.96
2014-08-08,3.89,3.91,3.77,3.81,2119462.47
2014-08-11,3.81,3.87,3.79,3.85,1194452.57
2014-08-12,3.85,3.88,3.81,3.85,1108305.8
2014-08-13,3.85,3.87,3.79,3.83,958118.06
2014-08-14,3.83,3.85,3.77,3.78,844131.92
2014-08-15,3.79,3.87,3.77,3.85,1008239.28
2014-08-18,3.83,3.86,3.79,3.82,922468.26
2014-08-19,3.8,3.81,3.69,3.76,1607945.94
2014-08-20,3.75,3.75,3.69,3.72,1291104.03
2014-08-21,3.72,3.76,3.67,3.75,1094314.65
2014-08-22,3.73,3.77,3.72,3.75,724969.22
2014-08-25,3.75,3.76,3.69,3.73,652285.84
2014-08-26,3.73,3.81,3.71,3.78,960740.44
2014-08-27,3.77,3.79,3.73,3.77,523314.94
2014-08-28,3.78,3.79,3.7,3.74,571720.24
2014-08-29,3.75,3.79,3.73,3.76,433994.31
2014-09-01,3.76,3.79,3.73,3.77,567764.58
2014-09-02,3.79,3.81,3.74,3.81,1077101.29
2014-09-03,3.81,3.9,3.81,3.88,1532922.86
2014-09-04,3.95,3.97,3.9,3.92,1286787.33
2014-09-05,3.94,3.96,3.9,3.93,787220.38
2014-09-09,3.93,3.97,3.83,3.85,1259088.74
2014-09-10,3.83,3.83,3.75,3.79,1682989.72
2014-09-11,3.77,3.81,3.75,3.76,1082190.07
2014-09-12,3.75,3.78,3.73,3.78,693621.77
2014-09-15,3.75,3.77,3.7,3.73,1436886.14
2014-09-16,3.74,3.77,3.69,3.7,1362059.91
2014-09-17,3.71,3.75,3.68,3.73,984570.22
2014-09-18,3.72,3.73,3.67,3.69,996372.62
2014-09-19,3.69,3.71,3.67,3.71,722404.11
2014-09-22,3.69,3.71,3.63,3.66,1195835.07
2014-09-23,3.69,3.75,3.68,3.71,1218302.49
2014-09-24,3.69,3.75,3.67,3.75,1457149.15
2014-09-25,3.75,3.77,3.71,3.73,1048075.81
2014-09-26,3.71,3.71,3.66,3.69,1257772.11
2014-09-29,3.69,3.71,3.67,3.69,775287.27
2014-09-30,3.68,3.69,3.65,3.68,618444.38
2014-10-08,3.81,3.83,3.74,3.79,2405529.91
2014-10-09,3.8,3.83,3.77,3.78,1478577.41
2014-10-10,3.77,3.9,3.76,3.87,2766883.07
2014-10-13,3.88,3.97,3.86,3.91,1832675.41
2014-10-14,3.91,3.92,3.85,3.86,1128157.3
2014-10-15,3.86,3.87,3.78,3.85,1084691.81
2014-10-16,3.8,3.85,3.77,3.77,851028.59
2014-10-17,3.77,3.8,3.71,3.75,860574.21
2014-10-20,3.75,3.77,3.71,3.75,821074.98
2014-10-21,3.73,3.74,3.69,3.71,809897.94
2014-10-22,3.71,3.73,3.69,3.7,430552.16
2014-10-23,3.7,3.71,3.65,3.65,613510.59
2014-10-24,3.65,3.68,3.64,3.66,383980.08
2014-10-27,3.65,3.65,3.51,3.55,1065066.61
2014-10-28,3.58,3.69,3.57,3.68,922087.56
2014-10-29,3.69,3.79,3.65,3.75,1193573.1
2014-10-30,3.76,3.76,3.67,3.73,925468.14
2014-10-31,3.73,3.83,3.73,3.83,1946145.67
2014-11-03,3.85,3.91,3.81,3.82,1724526.76
2014-11-04,3.81,3.9,3.78,3.88,1744403.53
2014-11-05,3.88,3.9,3.81,3.83,924344.23
2014-11-06,3.84,3.93,3.83,3.86,1288439.68
2014-11-07,3.85,3.96,3.79,3.86,1715049.11
2014-11-10,3.92,4.01,3.86,3.99,2396734.39
2014-11-11,4.02,4.13,3.98,4.06,3076800.68
2014-11-12,4.04,4.19,4.03,4.11,2275087.31
2014-11-13,4.12,4.18,4.04,4.05,1561872.74
2014-11-14,4.03,4.08,3.97,4.06,1461132.49
2014-11-17,4.11,4.14,3.93,3.94,1572686.73
2014-11-18,3.92,3.93,3.81,3.83,1819526.14
2014-11-19,3.84,3.86,3.79,3.83,1091707.49
2014-11-20,3.81,3.85,3.79,3.83,916896.16
2014-11-21,3.82,3.91,3.77,3.9,1573838.65
2014-11-24,4.14,4.29,4.1,4.29,6569753.68
2014-11-25,4.37,4.42,4.29,4.35,4498012.17
2014-11-26,4.35,4.48,4.26,4.43,3438604.43
2014-11-27,4.42,4.51,4.35,4.5,3383746.89
2014-11-28,4.48,4.84,4.42,4.77,4842746.15
2014-12-01,4.81,4.85,4.6,4.64,3895235.65
2014-12-02,4.62,4.9,4.55,4.77,3935774.59
2014-12-03,4.87,5.25,4.87,5.02,5127092.16
2014-12-04,4.98,5.31,4.87,5.27,3783665.19
2014-12-05,5.31,5.47,4.97,5.12,4132213.48
2014-12-08,5.07,5.63,4.97,5.63,5000079.16
2014-12-09,5.57,6.17,5.21,5.44,6050615.09
2014-12-10,5.44,5.82,5.32,5.77,3846284.26
2014-12-11,5.64,5.98,5.59,5.76,3314694.51
2014-12-12,5.73,5.79,5.47,5.53,2485152.59
2014-12-15,5.44,5.45,5.11,5.28,2695888.39
2014-12-16,5.24,5.47,5.13,5.46,2820238.14
2014-12-17,5.44,5.71,5.35,5.63,4092991.58
2014-12-18,5.75,5.92,5.54,5.57,2971411.5
2014-12-19,5.58,5.66,5.3,5.54,2129754.34
2014-12-22,5.54,5.89,5.44,5.66,3003270.2
2014-12-23,5.62,5.93,5.3,5.63,3123667.77
2014-12-24,5.58,5.63,5.27,5.35,2166995.63
2014-12-25,5.39,5.51,5.3,5.48,1624452.31
2014-12-26,5.49,5.82,5.47,5.75,2689532.23
2014-12-29,5.97,6.33,5.88,6.33,6173614.68
2014-12-30,6.4,6.83,6.25,6.52,5889498.67
2014-12-31,6.42,7.17,6.41,7.17,3884047.16
2015-01-05,7.73,7.89,7.49,7.89,5758539.65
2015-01-06,7.76,7.86,7.31,7.57,3847525.45
2015-01-07,7.48,7.75,7.39,7.57,2942244.28
2015-01-08,7.57,7.57,7.09,7.21,3263049.95
2015-01-09,7.16,7.56,6.95,7.08,4326434.2
2015-01-12,6.97,7.03,6.68,6.87,2730500.68
2015-01-13,6.77,7.0,6.72,6.81,2255538.44
2015-01-14,6.83,6.98,6.76,6.91,1778636.67
2015-01-15,6.91,7.48,6.9,7.46,3502870.72
2015-01-16,7.42,7.53,7.13,7.34,2995678.01
2015-01-19,6.63,7.16,6.6,6.6,3545113.33
2015-01-20,6.77,6.94,6.62,6.83,3506726.0
2015-01-21,6.78,7.48,6.66,7.29,3824472.44
2015-01-22,7.29,7.68,7.25,7.46,2887007.34
2015-01-23,7.43,7.79,7.23,7.58,3818159.04
2015-01-26,7.56,7.56,7.33,7.47,1766889.22
2015-01-27,7.49,7.52,6.82,7.12,3122070.3
2015-01-28,7.06,7.06,6.8,6.84,2250410.43
2015-01-29,6.73,6.96,6.66,6.82,1504373.99
2015-01-30,6.84,7.19,6.76,6.95,2651256.49
2015-02-02,6.64,7.09,6.56,6.76,2287718.42
2015-02-03,6.88,6.94,6.37,6.73,3298449.13
2015-02-04,6.78,6.86,6.58,6.66,1885497.72
2015-02-05,7.08,7.08,6.62,6.64,3779191.48
2015-02-06,6.5,6.58,6.23,6.29,2493539.62
2015-02-09,6.13,6.33,6.04,6.25,1766776.58
2015-02-10,6.23,6.51,6.17,6.46,1489645.47
2015-02-11,6.53,6.6,6.45,6.52,1110709.32
2015-02-12,6.47,6.55,6.37,6.47,922297.85
2015-02-13,6.49,6.86,6.44,6.7,2086619.81
2015-02-16,6.62,6.66,6.5,6.6,1475141.92
2015-02-17,6.62,6.79,6.62,6.69,1125952.76
2015-02-25,6.66,6.67,6.43,6.46,1323832.73
2015-02-26,6.45,6.8,6.41,6.78,1983657.16
2015-02-27,6.73,6.89,6.68,6.76,1371958.13
2015-03-02,6.95,7.04,6.66,6.77,3693338.79
2015-03-03,6.68,6.69,6.33,6.39,3864841.26
2015-03-04,6.37,6.51,6.25,6.35,2366402.4
2015-03-05,6.29,6.3,6.1,6.17,2204335.31
2015-03-06,6.19,6.27,6.1,6.13,1596804.94
2015-03-09,6.1,6.37,5.91,6.31,2903506.66
2015-03-10,6.23,6.23,6.09,6.13,1679333.15
2015-03-11,6.12,6.22,6.05,6.09,1431123.1
2015-03-12,6.15,6.34,6.09,6.28,2403083.15
2015-03-13,6.3,6.38,6.23,6.29,1780123.05
2015-03-16,6.37,6.49,6.33,6.45,2093267.48
2015-03-17,6.57,6.69,6.48,6.57,3337581.73
2015-03-18,6.62,6.91,6.62,6.9,4019945.11
2015-03-19,6.92,6.92,6.73,6.8,2543784.06
2015-03-20,6.86,7.16,6.76,7.0,4533536.35
2015-03-23,7.16,7.33,7.1,7.14,4017126.9
2015-03-24,7.14,7.14,6.77,6.92,3878844.92
2015-03-25,6.87,6.87,6.66,6.72,3112306.53
2015-03-26,6.66,6.89,6.59,6.88,2623459.17
2015-03-27,7.1,7.2,6.9,7.14,4755826.73
2015-03-30,7.23,7.86,7.1,7.86,7957933.05
2015-03-31,8.16,8.41,7.57,7.62,9433462.09
2015-04-01,7.62,7.7,7.42,7.56,4667909.31
2015-04-02,7.57,7.63,7.29,7.43,4122689.55
2015-04-03,7.31,7.45,7.29,7.43,2985672.76
2015-04-07,7.51,7.64,7.38,7.63,4603486.64
2015-04-08,7.65,7.86,7.4,7.85,6411718.08
2015-04-09,7.82,8.63,7.69,8.63,8905137.15
2015-04-10,8.3,8.6,8.21,8.44,5584401.39
2015-04-13,8.46,8.79,8.33,8.62,5370554.21
2015-04-14,8.59,8.73,8.36,8.51,3921862.81
2015-04-15,8.42,8.58,8.2,8.29,3631484.29
2015-04-16,8.25,8.95,8.18,8.93,4766413.94
2015-04-17,9.02,9.34,8.75,9.18,6269307.93
2015-04-20,9.28,9.74,8.82,9.01,5940529.77
2015-04-21,8.87,9.21,8.71,9.18,3739264.22
2015-04-22,9.17,9.49,9.09,9.32,4332221.2
2015-04-23,9.32,9.38,8.95,9.17,4179048.85
2015-04-24,8.93,9.01,8.65,8.8,3697185.69
2015-04-27,8.97,9.35,8.9,9.31,5416136.44
2015-04-28,9.31,9.31,8.89,9.08,3883587.18
2015-04-29,8.92,9.39,8.85,9.28,3931796.53
2015-04-30,9.41,10.19,9.22,9.93,6204916.83
2015-05-04,9.79,9.81,9.44,9.6,4839808.56
2015-05-05,9.66,9.66,8.79,8.93,4003730.17
2015-05-06,8.99,9.24,8.85,9.05,3705216.45
2015-05-07,8.95,9.28,8.74,9.2,3372826.66
2015-05-08,9.26,9.46,8.92,9.24,3200761.72
2015-05-11,9.47,9.48,9.27,9.41,6133986.7
2015-05-12,9.35,9.35,9.09,9.24,4573955.73
2015-05-13,9.18,9.67,8.88,9.47,5781292.82
2015-05-14,9.25,9.43,9.03,9.06,3730555.39
2015-05-15,9.02,9.04,8.49,8.51,4217850.03
2015-05-18,8.45,8.45,8.22,8.23,2967135.39
2015-05-19,8.27,8.59,8.24,8.54,2783543.7
2015-05-20,8.63,8.72,8.43,8.5,2943634.93
2015-05-21,8.49,8.65,8.28,8.57,2923830.29
2015-05-22,8.62,8.83,8.53,8.8,3976278.97
2015-05-25,8.81,9.1,8.76,9.07,4369270.45
2015-05-26,9.12,9.27,8.89,9.19,5322748.44
2015-05-27,9.16,9.16,8.93,8.94,3677777.75
2015-05-28,8.97,9.13,8.16,8.18,4279506.67
2015-05-29,8.18,8.32,7.7,8.01,3084185.51
2015-06-01,8.06,8.39,7.86,8.39,3142395.35
2015-06-02,8.41,8.47,8.28,8.43,2943519.39
2015-06-03,8.44,8.51,8.2,8.45,3071945.79
2015-06-04,8.45,8.59,7.9,8.46,3369948.75
2015-06-05,8.59,8.95,8.49,8.89,5674811.69
2015-06-08,8.94,9.2,8.82,9.14,6104347.91
2015-06-09,9.21,9.26,8.87,8.94,3884259.26
2015-06-10,8.94,9.14,8.71,8.98,3614908.17
2015-06-11,9.0,9.05,8.8,8.9,2583055.88
2015-06-12,8.94,9.03,8.88,8.94,3262494.96
2015-06-15,8.96,9.03,8.57,8.61,3542837.89
2015-06-16,8.53,8.72,8.28,8.37,2846136.17
2015-06-17,8.39,8.57,8.1,8.48,2599640.77
2015-06-18,8.44,8.65,8.24,8.25,2556156.07
2015-06-19,8.15,8.36,7.74,7.77,2206256.39
2015-06-23,7.79,7.99,7.31,7.94,2541366.02
2015-06-24,8.03,8.07,7.83,8.05,2702438.39
2015-06-25,8.05,8.33,7.83,7.92,2845338.36
2015-06-26,7.68,7.82,7.13,7.13,2902988.32
2015-06-29,7.41,7.58,6.42,7.14,5488884.76
2015-06-30,7.12,7.71,6.81,7.7,4185076.29
2015-07-01,7.55,7.77,7.12,7.19,3137616.71
2015-07-02,7.27,7.35,6.58,6.89,3344452.0
2015-07-03,6.81,6.98,6.24,6.34,2845493.14
2015-07-06,6.97,6.97,6.64,6.89,5171660.28
2015-07-07,6.79,7.12,6.61,6.96,4912444.35
2015-07-08,6.4,6.96,6.27,6.32,5072656.21
2015-07-09,6.32,6.96,6.05,6.96,4110744.93
2015-07-10,7.02,7.65,6.9,7.63,7213653.56
2015-07-13,7.41,7.91,7.28,7.66,5621339.29
2015-07-14,7.36,7.52,7.08,7.14,3603567.33
2015-07-15,7.08,7.33,6.68,7.08,2755295.18
2015-07-16,7.08,7.2,6.88,6.98,1758501.81
2015-07-17,7.07,7.34,6.98,7.23,2167167.18
2015-07-20,7.21,7.25,7.01,7.1,2261839.91
2015-07-21,7.01,7.06,6.9,6.96,1738775.44
2015-07-22,6.94,6.96,6.74,6.83,1948897.21
2015-07-23,6.85,7.01,6.82,7.0,2139583.34
2015-07-24,7.01,7.29,6.88,7.08,3748759.73
2015-07-27,6.9,7.04,6.37,6.37,2630525.83
2015-07-28,6.19,6.4,5.9,6.24,2578039.33
2015-07-29,6.37,6.44,6.19,6.43,1523163.46
2015-07-30,6.34,6.42,6.08,6.12,1505728.88
2015-07-31,6.04,6.25,6.01,6.2,1470326.58
2015-08-03,6.07,6.3,6.06,6.3,1727600.55
2015-08-04,6.28,6.46,6.23,6.46,1460690.18
2015-08-05,6.4,6.46,6.23,6.26,1068676.7
2015-08-06,6.11,6.22,6.07,6.13,921472.14
2015-08-07,6.15,6.32,6.15,6.3,1211424.83
2015-08-10,6.38,6.67,6.34,6.62,2261682.89
2015-08-11,6.53,6.82,6.52,6.67,2202287.84
2015-08-12,6.55,6.62,6.42,6.44,1562956.1
2015-08-13,6.44,6.49,6.23,6.46,1733645.73
2015-08-14,6.51,6.68,6.51,6.59,1896404.23
2015-08-17,6.54,6.7,6.51,6.69,1559775.54
2015-08-18,6.69,6.73,6.11,6.13,1964866.76
2015-08-19,6.07,6.36,6.0,6.32,1580859.86
2015-08-20,6.21,6.26,6.05,6.06,1246903.85
2015-08-21,5.97,6.07,5.76,5.78,1258089.97
2015-08-24,5.48,5.59,5.2,5.2,2388424.83
2015-08-25,4.86,5.07,4.68,4.68,2696036.55
2015-08-26,4.82,5.14,4.73,4.82,2782673.84
2015-08-27,4.97,5.24,4.84,5.22,2319578.88
2015-08-28,5.41,5.51,5.32,5.48,1946429.41
2015-08-31,5.45,5.69,5.22,5.66,1880907.35
2015-09-01,5.61,5.83,5.36,5.8,2463118.06
2015-09-02,5.54,5.82,5.5,5.74,2364099.32
2015-09-07,5.67,5.82,5.18,5.23,2213271.11
2015-09-08,5.16,5.4,5.11,5.37,1004379.46
2015-09-09,5.39,5.59,5.37,5.52,1142997.91
2015-09-10,5.45,5.6,5.4,5.57,925903.54
2015-09-11,5.54,5.58,5.46,5.52,478737.84
2015-09-14,5.53,5.61,5.26,5.59,1658041.17
2015-09-15,5.48,5.48,5.29,5.39,892516.95
2015-09-16,5.37,5.78,5.27,5.65,919739.91
2015-09-17,5.59,5.66,5.46,5.47,797973.77
2015-09-18,5.5,5.57,5.45,5.49,381417.1
2015-09-21,5.43,5.55,5.41,5.54,411695.24
2015-09-22,5.55,5.64,5.53,5.58,532746.97
2015-09-23,5.51,5.52,5.4,5.43,508466.68
2015-09-24,5.44,5.51,5.43,5.48,402335.54
2015-09-25,5.47,5.48,5.3,5.41,622002.65
2015-09-28,5.36,5.4,5.31,5.38,252742.35
2015-09-29,5.33,5.35,5.2,5.2,416571.19
2015-09-30,5.26,5.49,5.2,5.39,767825.2
2015-10-08,5.62,5.68,5.5,5.56,1003510.52
2015-10-09,5.58,5.64,5.51,5.61,691298.31
2015-10-12,5.64,5.86,5.59,5.78,1289211.79
2015-10-13,5.74,5.8,5.72,5.75,664182.55
2015-10-14,5.71,5.75,5.61,5.61,709117.24
2015-10-15,5.62,5.74,5.59,5.74,811227.88
2015-10-16,5.76,5.84,5.72,5.82,1126827.25
2015-10-19,5.83,5.85,5.7,5.75,1054570.0
2015-10-20,5.74,5.83,5.68,5.81,879391.91
2015-10-21,5.8,5.99,5.63,5.83,1807446.79
2015-10-22,5.72,5.8,5.67,5.79,842146.36
2015-10-23,5.77,6.15,5.77,6.13,1963937.52
2015-10-26,6.15,6.2,5.99,6.05,1836942.28
2015-10-27,6.01,6.01,5.81,5.95,937724.04
2015-10-28,5.9,5.95,5.78,5.8,746312.41
2015-10-29,5.84,5.9,5.8,5.84,440224.76
2015-10-30,5.86,5.97,5.82,5.88,673465.28
2015-11-02,5.8,5.86,5.73,5.74,519845.32
2015-11-03,5.74,5.78,5.67,5.68,479297.32
2015-11-04,5.7,6.0,5.7,5.96,1171481.99
2015-11-05,5.97,6.38,5.94,6.08,2937261.29
2015-11-06,6.12,6.26,6.09,6.21,1678018.18
2015-11-09,6.18,6.52,6.17,6.33,2039405.66
2015-11-10,6.28,6.29,6.16,6.21,1227383.76
2015-11-11,6.26,6.36,6.22,6.29,1210246.85
2015-11-12,6.37,6.37,6.12,6.19,1014407.87
2015-11-13,6.13,6.16,5.99,6.03,837825.27
2015-11-16,5.99,6.1,5.94,6.1,736543.07
2015-11-17,6.17,6.35,6.1,6.13,1368689.92
2015-11-18,6.12,6.75,6.09,6.52,4020855.64
2015-11-19,6.52,6.52,6.31,6.46,2063708.47
2015-11-20,6.45,6.67,6.42,6.55,1703651.0
2015-11-23,6.49,6.65,6.41,6.48,1085636.54
2015-11-24,6.43,6.43,6.28,6.4,978161.03
2015-11-25,6.36,6.55,6.34,6.44,1039364.78
2015-11-26,6.44,6.64,6.44,6.48,1102714.41
2015-11-27,6.44,6.51,6.13,6.2,1191024.09
2015-11-30,6.22,6.57,6.22,6.47,1579164.81
2015-12-01,6.43,7.12,6.38,7.12,5450317.8
2015-12-02,7.01,7.83,6.92,7.83,7153619.95
2015-12-03,7.82,7.91,7.5,7.66,3735823.08
2015-12-04,7.48,7.62,7.36,7.41,2610177.97
2015-12-07,7.35,7.48,7.14,7.3,2384263.31
2015-12-08,7.31,7.39,7.08,7.23,1439170.38
2015-12-09,7.26,7.67,7.17,7.54,2764756.94
2015-12-10,7.41,7.6,6.99,7.04,1923511.07
2015-12-11,7.0,7.04,6.79,6.98,1059719.32
2015-12-14,6.9,7.2,6.87,7.12,1126821.78
2015-12-15,7.19,7.53,7.12,7.22,1465982.94
2015-12-16,7.17,7.25,7.01,7.06,885983.34
2015-12-17,7.19,7.77,7.14,7.77,1920203.47
2015-12-18,8.09,8.3,7.6,7.65,4028810.81
2015-12-21,7.54,8.29,7.54,8.08,2603568.69
2015-12-22,8.16,8.16,7.83,7.99,1558310.5
2015-12-23,7.92,8.19,7.88,7.98,1612259.75
2015-12-24,7.92,7.95,7.45,7.6,1504833.19
2015-12-25,7.58,7.85,7.57,7.68,801232.95
2015-12-28,7.7,7.72,7.25,7.3,1127462.1
2015-12-29,7.28,7.39,7.13,7.38,702194.6
2015-12-30,7.35,7.38,7.18,7.31,813309.16
2015-12-31,7.31,7.45,7.15,7.17,693620.75
2016-01-04,7.17,7.18,6.46,6.49,997359.36
2016-01-05,6.3,6.76,6.23,6.65,1475344.24
2016-01-06,6.62,6.78,6.52,6.75,834873.85
2016-01-07,6.65,6.65,6.09,6.11,197016.0
2016-01-08,6.29,6.56,6.09,6.4,1365459.17
2016-01-11,6.28,6.41,5.87,5.96,1109567.7
2016-01-12,5.99,6.25,5.88,6.06,908442.87
2016-01-13,6.08,6.3,5.93,5.98,834199.42
2016-01-14,5.85,6.19,5.71,6.16,871819.57
2016-01-15,6.08,6.13,5.72,5.79,932798.88
2016-01-18,5.7,5.91,5.66,5.8,476750.7
2016-01-19,5.81,6.38,5.76,6.31,1458332.75
2016-01-20,6.21,6.3,5.98,6.03,975444.95
2016-01-21,5.97,6.21,5.88,5.94,649063.16
2016-01-22,6.0,6.12,5.93,6.07,570343.59
2016-01-25,6.08,6.21,6.05,6.14,536430.0
2016-01-26,6.07,6.27,5.67,5.74,867636.32
2016-01-27,5.81,6.01,5.68,5.9,935531.63
2016-01-28,5.84,5.98,5.62,5.64,617196.93
2016-01-29,5.66,5.95,5.66,5.87,569227.14
2016-02-01,5.88,5.92,5.64,5.8,464262.42
2016-02-02,5.8,6.23,5.76,6.09,925311.0
2016-02-03,6.11,6.32,5.99,6.16,1290089.42
2016-02-04,6.11,6.2,6.04,6.12,965402.91
2016-02-05,6.15,6.18,6.06,6.07,554373.3
2016-02-15,5.86,5.98,5.82,5.94,766791.79
2016-02-16,5.97,6.14,5.93,6.1,740476.42
2016-02-17,6.09,6.12,6.0,6.12,975842.62
2016-02-18,6.17,6.39,6.11,6.2,1097629.04
2016-02-19,6.16,6.21,6.03,6.1,713906.67
2016-02-22,6.26,6.4,6.23,6.3,1236349.62
2016-02-23,6.3,6.4,6.19,6.3,715840.05
2016-02-24,6.3,6.34,6.19,6.32,513717.68
2016-02-25,6.31,6.31,5.78,5.86,809549.4
2016-02-26,5.9,5.96,5.78,5.93,515941.94
2016-02-29,6.1,6.24,5.88,6.12,1473644.69
2016-03-01,6.19,6.72,6.11,6.39,1984261.74
2016-03-02,6.37,7.03,6.35,7.03,2680545.14
2016-03-03,7.41,7.48,6.94,6.98,4543781.47
2016-03-04,6.92,7.15,6.76,6.92,2792794.96
2016-03-07,7.0,7.12,6.77,6.86,1649498.13
2016-03-08,6.92,6.92,6.46,6.78,1539141.84
2016-03-09,6.6,6.7,6.46,6.66,1275325.46
2016-03-10,6.58,6.63,6.37,6.38,937052.79
2016-03-11,6.32,6.32,6.14,6.3,874789.53
2016-03-14,6.35,6.6,6.35,6.46,1073219.39
2016-03-15,6.45,6.6,6.18,6.55,1926903.63
2016-03-16,6.41,6.6,6.34,6.5,1760990.77
2016-03-17,6.5,6.59,6.35,6.53,1155971.34
2016-03-18,6.52,6.79,6.51,6.61,1821801.64
2016-03-21,6.65,6.79,6.61,6.75,1562607.21
2016-03-22,6.67,6.73,6.61,6.62,1067968.85
2016-03-23,6.59,6.63,6.47,6.55,981836.69
2016-03-24,6.48,6.59,6.41,6.44,884231.79
2016-03-25,6.45,6.55,6.43,6.48,557727.49
2016-03-28,6.46,6.5,6.28,6.32,985401.71
2016-03-29,6.29,6.3,6.12,6.15,824564.39
2016-03-30,6.19,6.37,6.17,6.33,785288.44
2016-03-31,6.37,6.38,6.23,6.26,720700.87
2016-04-01,6.28,6.32,6.15,6.28,651788.52
2016-04-05,6.26,6.44,6.25,6.38,817991.01
2016-04-06,6.38,6.39,6.31,6.37,599425.87
2016-04-07,6.44,6.46,6.31,6.32,653511.97
2016-04-08,6.28,6.3,6.17,6.21,593823.27
2016-04-11,6.24,6.36,6.24,6.31,532626.52
2016-04-12,6.3,6.31,6.2,6.23,458374.68
2016-04-13,6.26,6.43,6.26,6.34,947673.38
2016-04-14,6.39,6.43,6.3,6.4,538829.99
2016-04-15,6.4,6.46,6.35,6.4,629612.12
2016-04-18,6.36,6.36,6.23,6.26,561964.47
2016-04-19,6.28,6.32,6.22,6.26,430797.35
2016-04-20,6.28,6.29,5.97,6.17,1022009.08
2016-04-21,6.13,6.16,6.07,6.09,332754.49
2016-04-22,6.07,6.22,6.05,6.17,414862.47
2016-04-25,6.13,6.15,6.07,6.1,253160.07
2016-04-26,6.1,6.15,6.09,6.13,227775.32
2016-04-27,6.14,6.19,6.13,6.14,275312.73
2016-04-28,6.13,6.14,6.03,6.07,400166.57
2016-04-29,6.04,6.08,6.01,6.03,237891.97
2016-05-03,6.03,6.15,6.02,6.13,379941.39
2016-05-04,6.11,6.17,6.1,6.15,306112.58
2016-05-05,6.15,6.23,6.13,6.21,424700.35
2016-05-06,6.23,6.3,6.1,6.1,557972.87
2016-05-09,6.07,6.08,5.93,5.97,427864.0
2016-05-10,5.97,6.01,5.94,5.96,233537.18
2016-05-11,6.01,6.01,5.93,5.97,375246.06
2016-05-12,5.97,6.01,5.86,6.0,363238.47
2016-05-13,5.97,6.03,5.97,6.0,237847.76
2016-05-16,6.01,6.05,5.93,6.04,271753.51
2016-05-17,6.05,6.05,5.98,5.99,246248.97
2016-05-18,5.97,5.97,5.79,5.92,454898.48
2016-05-19,5.89,5.94,5.84,5.84,246285.99
2016-05-20,5.83,5.91,5.79,5.9,235952.46
2016-05-23,5.91,5.95,5.85,5.89,213313.07
2016-05-25,5.92,5.92,5.78,5.82,289916.04
2016-05-26,5.82,5.84,5.69,5.76,266162.34
2016-05-27,5.76,5.82,5.73,5.77,216287.73
2016-05-30,5.77,5.8,5.71,5.74,139327.21
2016-05-31,5.75,5.96,5.73,5.95,555408.83
2016-06-01,5.95,5.96,5.9,5.91,306002.85
2016-06-02,5.91,5.98,5.9,5.93,266408.04
2016-06-03,5.94,5.98,5.9,5.96,367494.63
2016-06-06,5.96,6.01,5.92,5.95,288101.76
2016-06-07,5.98,6.0,5.93,5.96,229412.69
2016-06-08,5.96,5.99,5.9,5.93,233687.88
2016-06-13,5.89,5.89,5.7,5.72,370705.22
2016-06-14,5.7,5.72,5.68,5.71,260161.79
2016-06-15,5.67,5.8,5.65,5.77,227349.75
2016-06-16,5.75,5.77,5.7,5.71,215205.44
2016-06-17,5.73,5.89,5.72,5.81,422835.11
2016-06-20,5.82,6.03,5.82,5.98,600920.46
2016-06-21,6.0,6.0,5.91,5.94,299124.97
2016-06-22,5.93,6.05,5.91,6.02,339091.71
2016-06-23,6.0,6.01,5.91,5.93,223918.1
2016-06-24,5.96,6.11,5.86,5.93,680301.5
2016-06-27,5.95,6.02,5.95,6.0,357976.6
2016-06-28,5.98,5.99,5.93,5.98,238473.27
2016-06-29,5.99,6.0,5.94,5.98,310015.72
2016-06-30,5.98,6.05,5.97,6.05,274267.91
2016-07-01,6.06,6.09,6.0,6.0,248576.8
2016-07-04,6.0,6.28,5.98,6.24,860495.11
2016-07-05,6.24,6.4,6.21,6.38,833788.99
2016-07-06,6.41,6.5,6.29,6.38,1019435.42
2016-07-14,6.5,6.72,6.45,6.46,1116341.57
2016-07-15,6.49,6.62,6.48,6.5,559554.68
2016-07-18,6.49,6.64,6.42,6.56,604412.13
2016-07-19,6.55,6.58,6.33,6.4,496490.63
2016-07-20,6.39,6.45,6.31,6.31,394267.55
2016-07-21,6.34,6.4,6.31,6.34,253216.59
2016-07-22,6.35,6.38,6.24,6.24,281645.36
2016-07-25,6.26,6.38,6.26,6.35,399964.73
2016-07-26,6.35,6.39,6.31,6.39,284096.85
2016-07-27,6.39,6.44,6.19,6.35,621531.04
2016-07-28,6.31,6.42,6.22,6.38,576006.21
2016-07-29,6.34,6.35,6.3,6.3,228288.67
2016-08-01,6.27,6.29,6.17,6.19,285885.08
2016-08-02,6.21,6.35,6.19,6.31,343061.39
2016-08-03,6.29,6.36,6.28,6.34,263188.72
2016-08-04,6.32,6.54,6.24,6.49,799961.59
2016-08-05,6.58,6.75,6.45,6.59,1224457.93
2016-08-08,6.52,6.82,6.5,6.64,1104610.32
2016-08-09,6.66,6.75,6.56,6.64,783442.77
2016-08-10,6.61,6.65,6.5,6.52,513979.66
2016-08-11,6.5,6.53,6.45,6.46,370144.76
2016-08-12,6.47,7.08,6.43,6.96,2031839.43
2016-08-15,6.94,7.44,6.9,7.34,3008351.67
2016-08-16,7.36,7.57,7.01,7.06,3234277.89
2016-08-17,7.01,7.08,6.85,6.93,1413593.37
2016-08-18,6.89,7.47,6.88,7.1,2774729.78
2016-08-19,7.03,7.08,6.93,6.97,1020898.38
2016-08-22,6.97,7.16,6.92,6.95,822781.18
2016-08-23,6.92,6.92,6.77,6.83,902530.94
2016-08-24,6.87,6.89,6.75,6.78,587848.76
2016-08-25,6.74,6.74,6.58,6.63,828984.92
2016-08-26,6.64,6.68,6.61,6.62,359206.66
2016-08-29,6.63,6.74,6.63,6.68,492228.48
2016-08-30,6.69,6.77,6.68,6.7,466139.11
2016-08-31,6.7,6.94,6.67,6.87,898048.54
2016-09-01,6.82,6.82,6.57,6.59,977943.39
2016-09-02,6.59,6.68,6.58,6.66,525427.74
2016-09-05,6.66,6.66,6.55,6.58,427493.04
2016-09-06,6.58,6.61,6.5,6.6,462818.05
2016-09-07,6.63,6.75,6.61,6.64,581747.66
2016-09-08,6.62,6.7,6.59,6.62,399690.15
2016-09-09,6.63,6.63,6.5,6.54,397497.08
2016-09-12,6.45,6.63,6.4,6.61,780356.94
2016-09-13,6.57,6.7,6.54,6.7,644854.35
2016-09-14,6.66,6.87,6.64,6.82,1245278.01
2016-09-19,6.83,6.84,6.72,6.77,551685.36
2016-09-20,6.77,6.82,6.73,6.75,310638.28
2016-09-21,6.77,6.86,6.74,6.85,537048.91
2016-09-22,6.86,7.1,6.86,7.0,1123134.85
2016-09-23,7.0,7.0,6.8,6.82,565637.24
2016-09-26,6.82,6.83,6.61,6.63,673017.12
2016-09-27,6.63,6.8,6.61,6.77,618220.66
2016-09-28,6.76,6.8,6.67,6.68,360371.63
2016-09-29,6.68,6.79,6.65,6.7,283926.03
2016-09-30,6.69,6.78,6.68,6.73,269426.52
2016-10-10,6.57,6.57,6.35,6.49,1019919.62
2016-10-11,6.44,6.57,6.43,6.48,536555.57
2016-10-12,6.48,6.51,6.41,6.45,479480.03
2016-10-13,6.44,6.46,6.39,6.43,395932.1
2016-10-14,6.43,6.45,6.4,6.45,318844.77
2016-10-17,6.43,6.45,6.37,6.38,436751.23
2016-10-18,6.36,6.42,6.34,6.42,519010.78
2016-10-19,6.42,6.47,6.39,6.41,343303.64
2016-10-20,6.4,6.45,6.39,6.42,292408.18
2016-10-21,6.43,6.44,6.38,6.41,316328.03
2016-10-24,6.41,6.47,6.39,6.47,501152.99
2016-10-25,6.46,6.49,6.45,6.46,346454.46
2016-10-26,6.46,6.47,6.41,6.43,257918.5
2016-10-27,6.42,6.43,6.39,6.4,296390.75
2016-10-28,6.4,6.45,6.4,6.42,262343.25
2016-10-31,6.41,6.43,6.32,6.41,398956.63
2016-11-01,6.41,6.45,6.39,6.43,308491.64
2016-11-02,6.42,6.44,6.37,6.38,298972.2
2016-11-03,6.38,6.42,6.36,6.39,335442.25
2016-11-04,6.4,6.42,6.35,6.36,303318.89
2016-11-07,6.38,6.38,6.34,6.36,217157.9
2016-11-08,6.38,6.39,6.35,6.36,286147.25
2016-11-09,6.37,6.43,6.31,6.38,646646.03
2016-11-10,6.42,6.47,6.38,6.43,514109.38
2016-11-11,6.42,6.49,6.41,6.48,640357.47
2016-11-14,6.46,6.5,6.45,6.49,493577.24
2016-11-15,6.49,6.62,6.47,6.54,667286.08
2016-11-16,6.54,6.55,6.49,6.52,353775.9
2016-11-17,6.51,6.52,6.47,6.5,332194.3
2016-11-18,6.52,6.69,6.52,6.56,820417.65
2016-11-21,6.57,6.7,6.56,6.65,656999.74
2016-11-22,6.66,6.73,6.61,6.69,485794.47
2016-11-23,6.71,7.06,6.71,6.89,1769872.74
2016-11-24,6.87,7.04,6.8,6.93,1056568.91
2016-11-25,6.94,7.23,6.93,7.05,1134726.36
2016-11-28,7.08,7.2,6.94,7.01,981633.69
2016-11-30,7.12,7.2,6.81,6.92,1251930.84
2016-12-01,6.94,7.62,6.88,7.47,4701789.43
2016-12-02,7.51,7.78,7.4,7.43,3690137.9
2016-12-05,7.11,7.15,6.85,7.02,2379978.39
2016-12-06,6.98,7.03,6.82,6.85,1103332.47
2016-12-07,6.84,6.98,6.79,6.93,852166.11
2016-12-08,6.92,6.95,6.85,6.89,554539.02
2016-12-09,6.89,7.03,6.87,6.96,891996.27
2016-12-12,6.92,6.93,6.68,6.77,1156014.26
2016-12-13,6.74,6.76,6.62,6.66,556570.39
2016-12-14,6.7,6.8,6.67,6.68,598212.6
2016-12-15,6.66,6.7,6.51,6.56,645390.04
2016-12-16,6.55,6.61,6.51,6.56,347686.93
2016-12-19,6.56,6.59,6.49,6.53,373332.23
2016-12-20,6.52,6.52,6.36,6.44,613478.19
2016-12-21,6.44,6.5,6.42,6.47,348646.76
2016-12-22,6.45,6.47,6.4,6.44,356371.44
2016-12-23,6.42,6.44,6.38,6.4,275583.15
2016-12-26,6.38,6.43,6.33,6.43,238974.31
2016-12-27,6.43,6.55,6.41,6.47,375270.6
2016-12-28,6.46,6.47,6.35,6.38,337927.13
2016-12-29,6.38,6.39,6.35,6.37,369388.03
2016-12-30,6.38,6.43,6.34,6.4,585876.86
2017-01-03,6.39,6.45,6.36,6.44,349280.55
2017-01-04,6.42,6.47,6.39,6.45,384206.78
2017-01-05,6.46,6.5,6.43,6.44,353439.82
2017-01-06,6.44,6.47,6.4,6.42,299801.26
2017-01-09,6.41,6.45,6.4,6.43,198153.92
2017-01-10,6.42,6.45,6.41,6.45,296687.08
2017-01-11,6.45,6.45,6.4,6.4,232849.15
2017-01-12,6.38,6.4,6.33,6.34,320319.56
2017-01-13,6.38,6.45,6.34,6.38,413039.16
2017-01-16,6.36,6.51,6.26,6.45,1206062.57
2017-01-17,6.43,6.44,6.37,6.4,257881.42
2017-01-18,6.41,6.47,6.39,6.42,230222.37
2017-01-19,6.42,6.49,6.4,6.44,258369.7
2017-01-20,6.43,6.51,6.42,6.49,344610.15
2017-01-23,6.51,6.53,6.47,6.5,326855.53
2017-01-24,6.5,6.51,6.42,6.45,446897.01
2017-01-25,6.41,6.47,6.4,6.45,212856.07
2017-01-26,6.46,6.48,6.44,6.46,227639.22
2017-02-03,6.47,6.49,6.41,6.43,187001.47
2017-02-06,6.43,6.43,6.38,6.42,269645.59
2017-02-07,6.42,6.44,6.41,6.42,215418.39
2017-02-08,6.42,6.52,6.39,6.51,446983.37
2017-02-09,6.52,6.76,6.51,6.65,880056.15
2017-02-10,6.65,6.7,6.59,6.63,377343.07
2017-02-13,6.63,6.69,6.59,6.66,334923.58
2017-02-14,6.66,6.68,6.63,6.67,214413.91
2017-02-15,6.67,6.68,6.56,6.56,453662.98
2017-02-16,6.56,6.63,6.54,6.62,299468.82
2017-02-17,6.62,6.66,6.52,6.52,439588.51
2017-02-20,6.53,6.73,6.52,6.71,670614.14
2017-02-21,6.7,6.84,6.7,6.8,981326.43
2017-02-22,6.78,6.82,6.75,6.79,453953.83
2017-02-23,6.8,6.83,6.7,6.75,377404.35
2017-02-24,6.72,6.75,6.63,6.71,377449.05
2017-02-27,6.68,6.68,6.59,6.61,305669.22
2017-02-28,6.61,6.66,6.61,6.63,195496.05
2017-03-01,6.68,6.71,6.64,6.68,340511.34
2017-03-02,6.68,6.7,6.6,6.61,243111.51
2017-03-03,6.59,6.63,6.5,6.61,376967.31
2017-03-06,6.59,6.66,6.58,6.63,287513.64
2017-03-07,6.65,6.66,6.59,6.63,239667.57
2017-03-08,6.65,6.77,6.63,6.71,569290.55
2017-03-09,6.69,6.78,6.66,6.77,607752.54
2017-03-10,6.75,6.85,6.73,6.75,432165.27
2017-03-13,6.74,7.17,6.68,7.07,1911090.99
2017-03-14,7.06,7.18,6.99,7.08,1103578.85
2017-03-15,7.07,7.13,7.0,7.07,565665.53
2017-03-16,7.08,7.15,6.96,7.01,879035.83
2017-03-17,7.03,7.06,6.8,6.82,1166221.9
2017-03-20,6.78,6.82,6.66,6.74,805498.23
2017-03-21,6.75,6.85,6.7,6.82,635650.52
2017-03-22,6.75,6.82,6.67,6.7,510636.14
2017-03-23,6.7,6.85,6.69,6.76,516861.19
2017-03-24,6.78,6.81,6.68,6.78,506663.11
2017-03-27,6.78,6.82,6.73,6.77,343928.89
2017-03-28,6.8,6.8,6.69,6.7,340193.63
2017-03-29,6.7,6.73,6.63,6.65,451613.52
2017-03-30,6.64,6.67,6.54,6.65,441096.63
2017-03-31,6.62,6.71,6.58,6.68,320988.76
2017-04-05,6.78,6.82,6.72,6.75,446628.16
2017-04-06,6.75,6.8,6.71,6.78,401157.43
2017-04-07,6.8,6.82,6.72,6.78,420521.03
2017-04-10,6.78,6.94,6.73,6.87,662238.44
2017-04-11,6.85,6.97,6.7,6.92,871504.32
2017-04-12,7.01,7.13,6.92,7.0,1080449.99
2017-04-13,6.96,6.97,6.82,6.94,583174.55
2017-04-14,6.89,6.94,6.83,6.93,455691.47
2017-04-17,6.89,6.92,6.81,6.9,376518.91
2017-04-18,6.87,6.88,6.72,6.73,578515.49
2017-04-19,6.7,6.78,6.67,6.75,321680.09
2017-04-20,6.73,6.78,6.68,6.77,305608.32
2017-04-21,6.77,6.85,6.75,6.81,362313.76
2017-04-24,6.81,6.87,6.69,6.86,687009.77
2017-04-25,6.84,6.88,6.8,6.83,336840.73
2017-04-26,6.84,6.87,6.78,6.79,256157.36
2017-04-27,6.77,6.78,6.53,6.69,541403.87
2017-04-28,6.66,6.67,6.55,6.6,655006.27
2017-05-02,6.58,6.59,6.52,6.56,230645.95
2017-05-03,6.56,6.58,6.5,6.56,250315.47
2017-05-04,6.54,6.56,6.52,6.55,214960.37
2017-05-05,6.55,6.57,6.43,6.56,769762.24
2017-05-08,6.51,6.63,6.38,6.54,1115123.96
2017-05-09,6.51,6.54,6.48,6.53,274613.08
2017-05-10,6.51,6.55,6.4,6.42,284746.67
2017-05-11,6.41,6.48,6.36,6.43,329023.15
2017-05-12,6.41,6.47,6.38,6.44,321908.48
2017-05-15,6.43,6.51,6.41,6.49,352436.86
2017-05-16,6.47,6.52,6.41,6.5,457589.83
2017-05-17,6.48,6.51,6.44,6.45,256793.42
2017-05-18,6.42,6.5,6.4,6.46,221851.58
2017-05-19,6.47,6.54,6.45,6.53,300853.73
2017-05-22,6.53,6.59,6.47,6.52,335067.82
2017-05-23,6.53,6.59,6.48,6.54,339599.47
2017-05-24,6.53,6.59,6.49,6.57,288132.59
2017-05-25,6.59,6.83,6.59,6.8,1108044.76
2017-05-26,6.8,6.86,6.68,6.7,547920.75
2017-05-31,6.94,7.0,6.78,6.79,744223.01
2017-06-01,6.79,6.97,6.78,6.84,572144.97
2017-06-02,6.81,6.93,6.77,6.82,446414.58
2017-06-05,6.82,6.84,6.72,6.79,361167.72
2017-06-06,6.78,6.94,6.76,6.89,498507.15
2017-06-07,6.87,6.95,6.83,6.91,852995.3
2017-06-08,6.92,7.06,6.88,7.04,992372.46
2017-06-09,7.06,7.13,6.95,7.0,788531.73
2017-06-12,7.0,7.18,6.95,7.0,910565.75
2017-06-13,6.95,7.05,6.93,7.0,439680.38
2017-06-14,6.96,6.98,6.8,6.82,750870.61
2017-06-15,6.82,6.83,6.73,6.81,424590.88
2017-06-16,6.8,6.82,6.76,6.79,313895.1
2017-06-19,6.78,6.86,6.77,6.83,316059.77
2017-06-20,6.82,6.88,6.75,6.78,328290.97
2017-06-21,6.82,6.96,6.75,6.94,730752.63
2017-06-22,6.91,7.13,6.87,6.95,1225474.54
2017-06-23,6.93,7.27,6.9,7.22,1590219.7
2017-06-26,7.26,7.55,7.21,7.4,2603555.78
2017-06-27,7.4,7.4,7.27,7.35,788260.73
2017-06-28,7.33,7.38,7.24,7.24,658580.46
2017-06-29,7.27,7.34,7.19,7.28,600015.19
2017-06-30,7.25,7.26,7.19,7.21,480465.06
2017-07-03,7.24,7.39,7.21,7.36,710710.22
2017-07-04,7.36,7.37,7.12,7.15,693208.75
2017-07-05,7.16,7.28,7.07,7.27,595139.21
2017-07-06,7.23,7.24,7.11,7.12,526685.92
2017-07-07,7.12,7.41,7.11,7.4,1080042.16
2017-07-10,7.37,7.75,7.34,7.48,1382666.34
2017-07-11,7.46,7.68,7.45,7.51,961475.94
2017-07-12,7.5,7.66,7.43,7.5,921462.63
2017-07-13,7.45,7.61,7.42,7.58,651657.47
2017-07-14,7.6,7.87,7.52,7.87,1156259.8
2017-07-17,7.89,7.98,7.67,7.71,1266611.77
2017-07-18,7.67,7.92,7.66,7.87,999154.0
2017-07-19,7.78,7.9,7.7,7.83,1068231.17
2017-07-20,7.79,8.15,7.79,8.08,1292276.38
2017-07-21,8.06,8.11,7.83,7.93,1041903.36
2017-07-24,7.89,7.94,7.72,7.76,865021.4
2017-07-25,7.72,7.75,7.57,7.63,721395.59
2017-07-26,7.65,7.69,7.45,7.5,893197.49
2017-07-27,7.49,7.62,7.44,7.58,748563.32
2017-07-28,7.55,7.73,7.53,7.68,621721.24
2017-07-31,7.68,7.73,7.51,7.6,644610.88
2017-08-01,7.61,7.7,7.58,7.65,475039.7
2017-08-02,7.64,7.69,7.36,7.37,872776.32
2017-08-03,7.37,7.42,7.25,7.32,686682.27
2017-08-04,7.32,7.4,7.27,7.29,696984.07
2017-08-07,7.3,7.32,7.21,7.29,499105.15
2017-08-08,7.29,7.33,7.21,7.28,596876.24
2017-08-09,7.29,7.39,7.27,7.37,582766.07
2017-08-10,7.35,7.38,7.23,7.37,509886.93
2017-08-11,7.3,7.35,7.08,7.11,684842.19
2017-08-14,7.13,7.18,7.08,7.15,584037.69
2017-08-15,7.14,7.21,7.11,7.15,359242.27
2017-08-16,7.16,7.19,7.09,7.15,275778.91
2017-08-17,7.14,7.23,7.12,7.21,369381.2
2017-08-18,7.19,7.33,7.16,7.31,546118.65
2017-08-21,7.27,7.35,7.27,7.32,360743.55
2017-08-22,7.48,7.61,7.38,7.42,906425.06
2017-08-23,7.4,7.47,7.34,7.36,439310.87
2017-08-24,7.35,7.37,7.27,7.31,315906.12
2017-08-25,7.29,7.43,7.29,7.42,424567.22
2017-08-28,7.44,7.58,7.39,7.5,743555.07
2017-08-29,7.51,7.54,7.42,7.43,321919.59
2017-08-30,7.48,7.58,7.47,7.53,627520.49
2017-08-31,7.5,7.56,7.42,7.45,371150.66
2017-09-01,7.45,7.48,7.3,7.38,678829.61
2017-09-04,7.37,7.46,7.34,7.43,352273.4
2017-09-05,7.4,7.63,7.4,7.61,790207.61
2017-09-06,7.56,7.63,7.52,7.58,461818.14
2017-09-07,7.63,8.04,7.63,7.88,1889732.76
2017-09-08,7.88,8.1,7.76,8.0,1198734.32
2017-09-11,8.06,8.12,7.79,7.88,1026657.07
2017-09-12,7.87,7.92,7.68,7.74,794992.89
2017-09-13,7.74,7.86,7.71,7.76,691984.44
2017-09-14,7.76,8.19,7.75,8.18,1990892.71
2017-09-15,8.17,8.68,8.13,8.42,2336594.99
2017-09-18,8.47,8.71,8.23,8.28,1821343.15
2017-09-19,8.32,8.68,8.28,8.38,1824444.8
2017-09-20,8.37,8.41,8.14,8.16,1233089.91
2017-09-21,8.19,8.31,8.13,8.19,904678.42
2017-09-22,8.18,8.34,8.1,8.18,660406.24
2017-09-25,7.96,7.97,7.61,7.64,1586831.85
2017-09-26,7.66,7.8,7.62,7.7,538439.45
2017-09-27,7.74,7.79,7.65,7.79,477418.02
2017-09-28,7.79,7.8,7.53,7.55,835400.18
2017-09-29,7.58,7.61,7.47,7.52,501572.16
2017-10-09,7.74,7.82,7.61,7.62,1109989.38
2017-10-10,7.66,7.68,7.52,7.56,779299.68
2017-10-11,7.58,7.66,7.5,7.55,747032.72
2017-10-12,7.55,7.55,7.4,7.46,784082.13
2017-10-13,7.46,7.5,7.4,7.42,656982.22
2017-10-16,7.45,7.48,7.35,7.36,575364.34
2017-10-17,7.35,7.41,7.33,7.39,400655.59
2017-10-18,7.39,7.42,7.36,7.41,412372.05
2017-10-19,7.42,7.49,7.37,7.42,572950.03
2017-10-20,7.42,7.5,7.39,7.5,413278.32
2017-10-23,7.5,7.62,7.45,7.58,677982.78
2017-10-24,7.7,7.87,7.61,7.81,1273236.83
2017-10-25,7.83,8.06,7.81,7.85,976386.54
2017-10-26,7.81,7.92,7.63,7.69,1173307.32
2017-10-27,7.74,7.89,7.6,7.69,1294170.31
2017-10-30,7.68,7.79,7.61,7.79,1268822.5
2017-10-31,7.8,7.89,7.71,7.87,970244.65
2017-11-01,7.89,8.1,7.74,7.79,1738450.87
2017-11-02,7.74,7.87,7.7,7.83,835856.68
2017-11-03,7.81,7.83,7.54,7.71,998392.21
2017-11-06,7.65,7.69,7.43,7.5,822979.45
2017-11-07,7.53,7.61,7.47,7.55,832642.74
2017-11-08,7.5,7.66,7.5,7.58,716415.14
2017-11-09,7.58,7.71,7.55,7.68,508740.64
2017-11-10,7.71,7.74,7.5,7.55,836336.08
2017-11-13,7.54,7.61,7.43,7.46,844226.57
2017-11-14,7.45,7.61,7.37,7.56,841820.89
2017-11-15,7.51,7.76,7.48,7.74,1008703.73
2017-11-16,7.75,8.27,7.73,8.26,2553547.86
2017-11-17,8.26,8.49,8.19,8.48,2582598.95
2017-11-20,8.41,8.49,8.21,8.49,1262328.53
2017-11-21,8.45,8.97,8.44,8.69,2431309.42
2017-11-22,8.82,8.95,8.64,8.71,2145445.31
2017-11-23,8.7,8.94,8.42,8.57,1550918.31
2017-11-24,8.53,8.74,8.46,8.63,1003703.15
2017-11-27,8.63,8.91,8.43,8.65,1306555.69
2017-11-28,8.64,8.64,8.26,8.44,926541.19
2017-11-29,8.53,9.29,8.44,9.29,2477452.91
2017-11-30,9.4,9.46,8.87,9.11,2357140.59
2017-12-01,9.11,9.58,9.04,9.22,2001432.36
2017-12-04,9.18,9.29,8.91,9.27,1238807.45
2017-12-05,9.18,9.52,9.07,9.25,2285226.5
2017-12-06,9.17,9.43,9.04,9.18,1230003.95
2017-12-07,9.2,9.65,9.2,9.28,1566829.44
2017-12-08,9.18,9.22,8.88,9.21,1448303.97
2017-12-11,9.14,9.34,8.99,9.33,1061582.37
2017-12-12,9.28,9.43,9.06,9.08,954301.82
2017-12-13,9.1,9.14,8.93,9.1,771350.45
2017-12-14,9.08,9.38,9.01,9.16,1011920.21
2017-12-15,9.04,9.14,8.72,8.78,1164531.25
2017-12-18,8.79,8.94,8.59,8.77,842467.89
2017-12-19,8.81,8.96,8.72,8.95,697373.27
2017-12-20,8.85,8.9,8.6,8.74,1064991.42
2017-12-21,8.77,9.57,8.76,9.42,1967975.13
2017-12-22,9.4,9.51,9.35,9.46,990558.95
2017-12-25,9.64,10.08,9.64,9.8,1868339.32
2017-12-26,9.85,10.03,9.72,10.01,1152057.32
2017-12-27,9.9,10.08,9.73,9.87,1073453.56
2017-12-28,9.83,10.0,9.63,9.91,925361.21
2017-12-29,9.88,10.35,9.84,10.23,1266858.08
2018-01-02,10.34,10.9,10.34,10.57,1838890.92
2018-01-03,10.64,10.95,10.37,10.44,1907440.86
2018-01-04,10.53,10.73,10.4,10.49,1467574.2
2018-01-05,10.52,11.53,10.45,11.05,2617996.17
2018-01-08,11.36,11.78,11.18,11.29,2782186.13
2018-01-09,11.17,11.54,11.16,11.35,1462556.68
2018-01-10,11.35,11.75,11.28,11.47,1432952.09
2018-01-11,11.38,11.53,11.09,11.41,1181745.77
2018-01-12,11.34,11.81,11.26,11.35,1394105.3
2018-01-15,11.7,12.2,11.57,12.0,2574305.5
2018-01-16,11.89,13.01,11.81,12.78,3224719.91
2018-01-17,12.58,13.16,12.32,12.96,2751892.61
2018-01-18,12.94,13.08,12.52,12.7,1882338.64
2018-01-19,12.8,13.01,12.36,12.5,1959306.93
2018-01-22,12.48,12.81,12.41,12.67,1462843.61
2018-01-23,12.76,13.27,12.76,12.83,2586248.32
2018-01-24,12.85,13.3,12.8,12.9,1929381.21
2018-01-25,12.85,12.88,12.07,12.36,2459242.0
2018-01-26,12.36,12.69,12.22,12.43,1624390.87
2018-01-29,12.53,12.64,12.06,12.28,1711330.85
2018-01-30,12.26,12.38,11.83,11.94,1621626.69
2018-01-31,12.01,12.5,11.92,12.46,1999987.05
2018-02-01,12.54,12.9,12.42,12.71,2247726.35
2018-02-02,12.51,13.36,12.29,13.32,2124072.55
2018-02-05,13.16,13.55,12.98,13.51,1899819.99
2018-02-06,13.16,13.21,12.58,13.03,2300497.37
2018-02-07,13.27,13.35,11.73,11.81,3102236.96
2018-02-08,11.59,11.8,10.99,11.33,2344830.74
2018-02-09,10.89,11.11,10.19,10.26,3260390.97
2018-02-12,10.27,10.53,10.04,10.48,1995139.61
2018-02-13,10.67,11.31,10.6,10.92,1877978.65
2018-02-14,10.92,11.1,10.66,10.99,809861.38
2018-02-22,11.21,11.41,11.04,11.15,1048358.38
2018-02-23,11.19,11.5,11.08,11.31,1062567.46
2018-02-26,11.33,11.41,10.41,10.91,2023755.14
2018-02-27,10.83,10.84,10.35,10.49,1868183.58
2018-02-28,10.31,10.74,10.16,10.58,1449395.71
2018-03-01,10.42,10.89,10.4,10.63,1355075.85
2018-03-02,10.47,10.84,10.34,10.7,1166831.31
2018-03-05,10.79,11.12,10.68,10.74,1215889.02
2018-03-06,10.84,11.27,10.55,11.24,1742183.23
2018-03-07,11.18,11.47,11.03,11.14,1131347.9
2018-03-08,11.15,11.31,11.04,11.23,758501.93
2018-03-09,11.28,11.35,10.84,11.02,1103530.89
2018-03-12,10.92,10.92,10.39,10.53,2009627.44
2018-03-13,10.47,10.64,10.43,10.5,973978.9
2018-03-14,10.43,10.63,10.34,10.53,849778.76
2018-03-15,10.53,10.61,10.42,10.55,760647.66
2018-03-16,10.5,10.74,10.49,10.56,955962.64
2018-03-19,10.53,10.53,10.12,10.17,1191869.05
2018-03-20,10.02,10.14,9.91,10.07,906166.92
2018-03-21,10.11,10.37,10.03,10.13,995003.63
2018-03-22,10.08,10.16,9.78,9.85,1097283.71
2018-03-23,9.47,9.64,9.2,9.62,2109759.53
2018-03-26,9.51,9.61,9.25,9.43,1071208.7
2018-03-27,9.65,9.73,9.35,9.47,1101884.37
2018-03-28,9.34,9.72,9.3,9.46,1091350.43
2018-03-29,9.51,10.18,9.02,9.95,2806956.94
2018-03-30,9.83,9.95,9.71,9.74,1178819.35
2018-04-02,9.8,10.16,9.73,9.86,1509565.03
2018-04-03,9.66,9.89,9.55,9.78,833386.49
2018-04-04,9.69,10.08,9.65,9.9,962823.66
2018-04-09,9.88,9.97,9.64,9.73,673817.93
2018-04-10,9.76,10.35,9.73,10.33,1498046.64
2018-04-11,10.35,10.67,10.19,10.51,1523034.21
2018-04-12,10.41,10.6,10.29,10.4,790223.25
2018-04-13,10.48,10.57,10.06,10.14,738997.31
2018-04-16,10.07,10.08,9.43,9.57,1646111.01
2018-04-17,9.59,9.69,9.44,9.51,901370.01
2018-04-18,9.77,9.95,9.62,9.73,1462819.97
2018-04-19,9.73,9.89,9.62,9.72,795331.09
2018-04-20,9.73,9.82,9.46,9.69,778279.1
2018-04-23,9.58,9.85,9.51,9.79,650066.23
2018-04-24,9.95,10.43,9.95,10.19,1496317.54
2018-04-25,10.07,10.19,9.93,10.01,722275.53
2018-04-26,10.13,10.18,9.66,9.82,787222.46
2018-04-27,9.66,9.69,9.05,9.49,1769216.15
2018-05-02,9.39,9.59,9.3,9.52,646107.06
2018-05-03,9.51,9.51,9.25,9.43,847434.76
2018-05-04,9.43,9.62,9.39,9.42,719787.18
2018-05-07,9.49,9.88,9.4,9.77,979354.17
2018-05-08,9.79,10.24,9.73,9.98,1145812.62
2018-05-09,10.03,10.17,9.94,10.04,648486.59
2018-05-10,10.11,10.22,9.89,10.05,526398.98
2018-05-11,10.11,10.12,9.84,9.9,474025.81
2018-05-14,10.0,10.12,9.77,9.92,488781.01
2018-05-15,9.95,10.1,9.84,10.09,472956.1
2018-05-16,10.01,10.07,9.83,9.87,489171.93
2018-05-17,9.87,10.06,9.82,9.83,417857.85
2018-05-18,9.85,10.04,9.77,10.03,433132.32
2018-05-21,10.06,10.11,9.9,9.94,659084.77
2018-05-22,9.95,9.95,9.43,9.54,1420126.24
2018-05-23,9.48,9.51,9.29,9.3,945601.02
2018-05-24,9.31,9.36,9.1,9.18,634034.02
2018-05-25,9.19,9.28,9.06,9.21,565588.38
2018-05-28,9.18,9.23,9.06,9.11,527138.93
2018-05-29,9.07,9.08,8.62,8.99,1479447.13
2018-05-30,8.83,8.91,8.69,8.7,611802.38
2018-05-31,8.79,8.99,8.69,8.92,718403.85
2018-06-01,8.91,9.29,8.88,9.1,1170785.56
2018-06-04,9.18,9.67,9.18,9.6,1500329.81
2018-06-05,9.58,9.79,9.49,9.68,1036820.27
2018-06-06,9.68,9.81,9.54,9.6,599206.45
2018-06-07,9.61,10.03,9.55,9.98,1068831.59
2018-06-08,9.96,9.98,9.6,9.72,745232.73
2018-06-11,9.66,10.2,9.6,10.13,899056.96
2018-06-12,10.13,10.33,10.01,10.15,725903.71
2018-06-13,10.08,10.42,10.08,10.19,768684.8
2018-06-14,10.15,10.32,9.92,10.16,603577.63
2018-06-15,10.18,10.64,10.18,10.42,970630.79
2018-06-19,10.24,10.48,9.94,10.04,1377005.11
2018-06-20,10.02,10.54,9.95,10.53,966375.94
2018-06-21,10.48,10.93,10.38,10.56,1090895.83
2018-06-22,10.58,10.71,10.23,10.48,746437.31
2018-06-25,10.57,10.62,9.69,9.74,1254714.65
2018-06-26,9.38,9.54,9.08,9.29,1468177.83
2018-06-27,9.29,9.31,8.67,8.87,1553747.84
2018-06-28,8.71,9.04,8.67,8.73,898030.59
2018-06-29,8.79,9.1,8.76,9.08,815703.27
2018-07-02,9.01,9.02,8.17,8.2,1887217.64
2018-07-03,8.24,8.38,8.03,8.3,1192976.65
2018-07-04,8.24,8.44,8.0,8.06,889074.76
2018-07-05,8.07,8.21,7.91,7.97,910442.0
2018-07-06,8.01,8.04,7.62,7.88,1188122.67
2018-07-09,7.93,8.32,7.88,8.3,1054981.49
2018-07-10,8.42,8.52,8.23,8.41,1146535.19
2018-07-11,8.19,8.25,7.96,8.2,789567.16
2018-07-12,8.23,8.46,8.22,8.35,896681.4
2018-07-13,8.6,8.66,8.29,8.32,973532.32
2018-07-16,8.35,8.38,7.97,8.12,920742.11
2018-07-17,8.06,8.23,7.93,8.14,708285.18
2018-07-18,8.15,8.18,7.85,7.87,891600.89
2018-07-19,7.96,8.09,7.9,7.94,767873.84
2018-07-20,7.95,8.32,7.67,8.17,1539355.61
2018-07-23,8.07,8.7,8.01,8.63,1843257.57
2018-07-24,8.73,9.22,8.71,8.91,1949921.23
2018-07-25,9.0,9.08,8.8,8.96,667260.17
2018-07-26,9.05,9.19,8.77,8.81,835567.85
2018-07-27,8.74,8.97,8.55,8.8,640905.14
2018-07-30,8.77,9.02,8.67,8.9,613260.14
2018-07-31,8.96,9.08,8.87,9.03,779265.33
2018-08-01,8.81,8.81,8.43,8.44,1433230.13
2018-08-02,8.34,8.35,7.97,8.09,980571.53
2018-08-03,8.1,8.2,7.91,7.95,649289.05
2018-08-06,8.0,8.02,7.74,7.82,734882.94
2018-08-07,7.88,8.26,7.85,8.2,882515.83
2018-08-08,8.19,8.39,7.96,7.97,760804.73
2018-08-09,7.99,8.6,7.92,8.58,1134624.42
2018-08-10,8.71,9.0,8.61,8.71,1216517.48
2018-08-13,8.49,8.59,8.35,8.54,782626.16
2018-08-14,8.52,8.52,8.12,8.23,1030885.41
2018-08-15,8.25,8.32,8.09,8.1,701327.4
2018-08-16,7.9,8.27,7.86,8.2,896695.4
2018-08-17,8.28,8.43,8.12,8.15,842519.64
2018-08-20,8.23,8.38,8.14,8.38,804629.13
2018-08-21,8.38,8.59,8.29,8.52,869528.08
2018-08-22,8.47,8.54,8.35,8.44,446354.28
2018-08-23,8.46,8.61,8.25,8.41,577386.5
2018-08-24,8.38,8.52,8.26,8.43,356358.26
2018-08-27,8.54,8.97,8.49,8.93,1045166.95
2018-08-28,8.86,9.1,8.84,8.92,631085.48
2018-08-29,8.88,9.19,8.88,9.02,598511.25
2018-08-30,8.96,9.09,8.81,8.84,461718.6
2018-08-31,8.79,9.26,8.7,9.14,943897.92
2018-09-03,9.07,9.26,8.89,9.06,692740.99
2018-09-04,9.04,9.23,8.85,9.2,576675.06
2018-09-05,9.06,9.14,8.79,8.81,673819.16
2018-09-06,8.78,8.85,8.44,8.51,966598.68
2018-09-07,8.52,8.77,8.44,8.58,726564.51
2018-09-10,8.6,8.96,8.6,8.79,1127942.03
2018-09-11,8.79,8.84,8.5,8.67,621214.07
2018-09-12,8.75,8.79,8.53,8.69,432063.24
2018-09-13,8.85,8.9,8.61,8.83,572269.68
2018-09-14,8.83,8.97,8.68,8.95,552760.65
2018-09-17,8.86,8.94,8.67,8.91,593198.06
2018-09-18,8.84,9.08,8.77,9.04,598227.37
2018-09-19,9.0,9.67,8.98,9.46,1390287.21
2018-09-20,9.43,9.51,9.27,9.35,783343.99
2018-09-21,9.38,9.92,9.29,9.79,1041115.86
2018-09-25,9.43,9.44,9.11,9.2,1325934.64
2018-09-26,9.25,9.42,9.05,9.23,1048092.79
2018-09-27,9.22,9.22,9.05,9.13,699646.73
2018-09-28,9.15,9.31,8.93,9.06,1101684.44
2018-10-08,8.67,8.79,8.39,8.45,1000160.17
2018-10-09,8.43,8.48,8.23,8.35,606289.88
2018-10-10,8.38,8.52,8.26,8.45,477174.05
2018-10-11,8.25,8.38,8.12,8.17,785607.41
2018-10-12,8.21,8.52,8.18,8.46,679846.78
2018-10-15,8.47,8.47,8.19,8.23,484432.71
2018-10-16,8.26,8.39,7.86,7.97,747290.96
2018-10-17,8.06,8.16,7.98,8.1,465579.05
2018-10-18,8.04,8.13,7.86,7.94,474512.88
2018-10-19,7.93,8.36,7.87,8.32,833534.05
2018-10-22,8.45,8.79,8.45,8.69,1006497.34
2018-10-23,8.67,8.75,8.38,8.43,587573.75
2018-10-24,8.46,8.78,8.42,8.57,588718.92
2018-10-25,8.41,9.05,8.31,9.05,1251850.62
2018-10-26,9.03,9.53,8.99,9.23,1335843.6
2018-10-29,9.29,9.37,8.75,8.99,976843.16
2018-10-30,9.16,9.36,8.87,9.16,983967.47
2018-10-31,9.19,9.53,8.98,9.38,743213.3
2018-11-01,9.63,9.86,9.46,9.56,1019788.63
2018-11-02,9.82,9.87,9.23,9.45,1353920.01
2018-11-05,9.27,9.31,9.01,9.14,871012.54
2018-11-06,9.12,9.31,9.02,9.31,669019.31
2018-11-07,9.29,9.38,9.14,9.22,442436.23
2018-11-08,9.29,9.42,9.16,9.22,415080.5
2018-11-09,9.13,9.31,9.05,9.07,432772.41
2018-11-12,9.05,9.25,9.01,9.19,512830.12
2018-11-13,9.04,9.31,9.02,9.28,360530.38
2018-11-14,9.38,9.61,9.34,9.39,705833.0
2018-11-15,9.38,9.51,9.31,9.51,298942.09
2018-11-16,9.46,9.79,9.37,9.68,606043.25
2018-11-19,9.68,10.11,9.68,10.07,869885.85
2018-11-20,9.97,10.18,9.76,9.89,625126.71
2018-11-21,9.81,10.18,9.77,9.99,530214.95
2018-11-22,9.99,10.02,9.7,9.84,392411.89
2018-11-23,9.81,9.86,9.5,9.68,377938.54
2018-11-26,9.75,10.01,9.54,9.72,483615.42
2018-11-27,9.71,9.75,9.49,9.52,331393.63
2018-11-28,9.54,9.95,9.53,9.95,462932.98
2018-11-29,10.01,10.11,9.59,9.61,566481.88
2018-11-30,9.61,9.77,9.48,9.75,340801.81
2018-12-03,9.95,10.01,9.43,9.75,1183893.13
2018-12-04,9.67,9.67,9.28,9.44,1105532.33
2018-12-05,9.31,9.58,9.28,9.48,612130.1
2018-12-06,9.33,9.51,9.33,9.44,428102.19
2018-12-07,9.4,9.61,9.39,9.44,434372.57
2018-12-10,9.4,9.52,9.18,9.26,451708.73
2018-12-11,9.3,9.56,9.28,9.53,583443.55
2018-12-12,9.66,9.84,9.55,9.6,715417.26
2018-12-13,9.75,10.02,9.72,9.92,799023.49
2018-12-14,9.9,9.94,9.66,9.68,462715.32
2018-12-17,9.64,9.72,9.54,9.68,432349.5
2018-12-18,9.55,9.64,9.3,9.33,603214.1
2018-12-19,9.44,9.55,9.26,9.28,440800.37
2018-12-20,9.33,9.43,9.09,9.21,593020.62
2018-12-21,9.14,9.19,8.58,8.9,971767.97
2018-12-24,8.75,8.93,8.64,8.91,667426.38
2018-12-25,8.75,8.93,8.69,8.88,535471.84
2018-12-26,8.84,8.9,8.65,8.79,429741.56
2018-12-27,8.91,9.04,8.75,8.75,439137.77
2018-12-28,8.8,8.9,8.71,8.78,472492.88
2019-01-02,8.74,8.81,8.58,8.72,379729.02
2019-01-03,8.69,8.93,8.64,8.86,550014.21
2019-01-04,8.79,9.14,8.75,9.11,567342.19
2019-01-07,9.23,9.28,8.98,9.05,533576.22
2019-01-08,9.07,9.08,8.73,8.93,432135.9
2019-01-09,8.96,9.19,8.87,9.04,640844.06
2019-01-10,8.99,9.01,8.89,8.93,388899.83
2019-01-11,8.97,9.02,8.86,8.93,459694.51
2019-01-14,8.86,8.89,8.67,8.76,485894.12
2019-01-15,8.77,8.77,8.36,8.7,1101272.36
2019-01-16,8.67,8.86,8.56,8.83,592800.58
2019-01-17,8.84,8.9,8.73,8.76,446021.76
2019-01-18,8.81,9.01,8.75,8.99,599464.14
2019-01-21,8.98,9.11,8.82,8.96,578158.49
2019-01-22,8.93,9.14,8.9,8.97,596990.95
2019-01-23,8.96,9.0,8.84,8.87,354312.7
2019-01-24,8.89,8.93,8.73,8.89,347617.6
2019-01-25,8.96,9.31,8.88,9.16,869353.12
2019-01-28,9.2,9.34,9.05,9.11,455277.54
2019-01-29,9.11,9.41,9.04,9.37,732931.64
2019-01-30,9.31,9.74,9.29,9.46,897206.65
2019-01-31,9.55,9.63,9.41,9.59,632213.4
2019-02-01,9.65,9.68,9.35,9.58,687435.7
2019-02-11,9.46,9.63,9.28,9.57,645343.77
2019-02-12,9.52,9.58,9.37,9.58,580779.91
2019-02-13,9.56,9.89,9.51,9.89,840461.55
2019-02-14,9.79,10.0,9.77,9.96,717020.51
2019-02-15,9.89,9.89,9.41,9.43,1105551.44
2019-02-18,9.55,9.66,9.46,9.64,991748.24
2019-02-19,9.69,9.75,9.46,9.52,1184059.06
2019-02-20,9.55,9.89,9.47,9.78,1409715.46
2019-02-21,9.73,9.74,9.51,9.57,920373.24
2019-02-22,9.54,9.63,9.39,9.6,864890.95
2019-02-25,9.66,10.19,9.6,10.14,2168062.49
2019-02-26,10.05,10.18,9.81,9.85,1969378.4
2019-02-27,9.87,10.15,9.76,9.9,1479286.6
2019-02-28,9.86,10.08,9.75,9.83,1220319.53
2019-03-01,9.91,9.95,9.68,9.94,1224367.85
2019-03-04,9.98,10.67,9.97,10.35,2891193.08
2019-03-05,10.35,10.74,10.27,10.54,1802566.24
2019-03-06,10.56,10.62,10.21,10.42,1238906.6
2019-03-07,10.39,10.39,9.92,10.07,1662140.35
2019-03-08,9.84,10.07,9.66,9.71,1545610.41
2019-03-11,9.56,9.77,9.37,9.7,1576937.38
2019-03-12,9.83,9.86,9.6,9.7,1272280.55
2019-03-13,9.68,10.04,9.49,9.86,1745308.12
2019-03-14,9.8,10.14,9.78,9.86,1229837.93
2019-03-15,9.87,10.26,9.79,10.26,1839419.26
2019-03-18,10.32,10.85,10.18,10.72,2123305.99
2019-03-19,10.72,10.99,10.5,10.6,1363653.05
2019-03-20,10.6,10.78,10.41,10.7,1285747.84
2019-03-21,10.69,10.87,10.45,10.53,1232855.06
2019-03-22,10.48,10.52,10.24,10.38,893041.04
2019-03-25,10.21,10.24,10.01,10.02,1064699.12
2019-03-26,10.05,10.2,9.89,9.92,1007494.05
2019-03-27,10.05,10.2,9.95,10.19,1045423.28
2019-03-28,10.12,10.23,9.96,9.96,995389.91
2019-03-29,10.02,10.61,9.95,10.6,1858685.08
2019-04-01,10.76,11.23,10.67,10.92,2115331.55
2019-04-02,10.93,10.93,10.69,10.75,1297843.59
2019-04-03,10.71,10.91,10.62,10.88,1064172.76
2019-04-04,10.89,11.07,10.71,10.83,1223665.47
2019-04-08,10.87,11.08,10.64,10.77,1204750.17
2019-04-09,10.98,11.12,10.77,11.11,1678967.82
2019-04-10,10.99,11.03,10.74,10.91,1128013.26
2019-04-11,10.87,11.03,10.53,10.57,1055213.75
2019-04-12,10.59,10.62,10.27,10.35,1218597.39
2019-04-15,10.58,10.69,10.3,10.3,1313612.04
2019-04-16,10.33,10.82,10.13,10.78,1445195.49
2019-04-17,10.72,10.77,10.5,10.56,925469.88
2019-04-18,10.55,10.56,10.31,10.42,1028734.5
2019-04-19,10.42,10.59,10.36,10.57,721934.7
2019-04-22,10.4,10.4,9.96,9.98,1912375.82
2019-04-23,10.0,10.09,9.95,9.98,1004087.06
2019-04-24,10.01,10.06,9.83,9.95,903312.5
2019-04-25,9.95,10.05,9.89,9.9,827301.05
2019-04-26,9.89,9.99,9.8,9.86,692306.31
2019-04-29,9.92,10.13,9.9,10.02,1016601.0
2019-04-30,9.96,10.06,9.83,10.04,643243.23
2019-05-06,9.74,9.89,9.44,9.55,1058708.27
2019-05-07,9.66,9.73,9.55,9.63,683261.55
2019-05-08,9.53,9.66,9.49,9.56,479784.93
2019-05-09,9.53,9.6,9.25,9.31,734587.01
2019-05-10,9.4,9.69,9.32,9.66,815905.94
2019-05-13,9.45,9.6,9.38,9.54,463484.68
2019-05-14,9.46,9.72,9.4,9.56,610991.7
2019-05-15,9.63,9.77,9.6,9.64,671912.9
2019-05-16,9.62,9.69,9.57,9.66,580134.07
2019-05-17,9.66,9.68,9.37,9.4,501025.25
2019-05-20,9.45,9.51,9.27,9.36,483748.96
2019-05-21,9.37,9.52,9.35,9.46,420079.61
2019-05-22,9.46,9.59,9.43,9.48,490882.34
2019-05-23,9.45,9.47,9.23,9.36,460321.94
2019-05-24,9.41,9.5,9.34,9.36,356417.56
2019-05-27,9.35,9.45,9.17,9.44,620904.22
2019-05-28,9.49,9.6,9.39,9.6,664819.08
2019-05-29,9.49,9.57,9.46,9.48,329527.34
2019-05-30,9.51,9.51,9.33,9.43,343177.36
2019-05-31,9.42,9.53,9.38,9.43,331340.88
2019-06-03,9.47,9.56,9.38,9.44,385663.71
2019-06-04,9.46,9.49,9.35,9.42,306615.48
2019-06-05,9.53,9.9,9.46,9.74,973204.97
2019-06-06,9.74,9.87,9.71,9.72,535169.41
2019-06-10,9.83,10.05,9.74,9.91,601310.81
2019-06-11,9.91,10.08,9.91,10.02,613210.37
2019-06-12,9.98,10.0,9.84,9.95,424334.31
2019-06-13,9.92,9.95,9.8,9.87,401623.56
2019-06-14,9.92,10.06,9.91,9.98,642867.87
2019-06-17,9.91,10.01,9.83,9.95,314241.72
2019-06-18,9.96,9.98,9.77,9.92,337014.75
2019-06-19,10.09,10.15,9.91,9.95,502012.04
2019-06-20,9.96,10.24,9.91,10.23,853450.68
2019-06-21,10.18,10.26,10.06,10.08,704595.84
2019-06-24,10.08,10.14,9.98,10.12,460789.4
2019-06-25,10.11,10.15,9.91,9.98,533459.25
2019-06-26,9.97,9.98,9.85,9.9,498251.82
2019-06-27,9.92,10.0,9.9,9.94,594195.68
2019-06-28,9.94,9.96,9.84,9.89,365155.34
2019-07-01,9.99,10.13,9.95,10.09,782770.22
2019-07-02,10.08,10.24,10.02,10.23,709971.25
2019-07-03,10.23,10.5,10.11,10.36,1315395.35
2019-07-04,10.36,10.82,10.36,10.57,1438880.19
2019-07-05,10.51,10.63,10.42,10.49,738327.93
2019-07-08,10.44,10.76,10.27,10.42,1191106.47
2019-07-09,10.45,10.71,10.4,10.45,955019.5
2019-07-10,10.54,10.59,10.36,10.43,649737.98
2019-07-11,10.52,10.58,10.38,10.44,534942.03
2019-07-12,10.44,10.59,10.41,10.5,582871.32
2019-07-15,10.42,10.44,10.19,10.35,884747.95
2019-07-16,10.36,10.55,10.33,10.48,604487.12
2019-07-17,10.41,10.61,10.39,10.51,464388.86
2019-07-18,10.5,10.59,10.39,10.5,422271.51
2019-07-19,11.02,11.19,10.84,11.15,2010707.83
2019-07-22,11.16,11.51,11.15,11.24,1202744.49
2019-07-23,11.22,11.29,11.0,11.08,932369.53
2019-07-24,11.15,11.22,11.01,11.09,707628.27
2019-07-25,11.13,11.14,10.94,11.13,597925.92
2019-07-26,11.01,11.29,10.98,11.22,622115.12
2019-07-29,11.19,11.29,11.16,11.22,488346.46
2019-07-30,11.21,11.4,11.21,11.33,490532.28
2019-07-31,11.18,11.18,10.91,11.01,996818.05
2019-08-01,10.93,11.02,10.66,10.72,1050505.9
2019-08-02,10.54,10.79,10.5,10.71,829014.57
2019-08-05,10.63,10.67,10.37,10.38,698337.82
2019-08-06,10.23,10.6,10.21,10.49,850294.84
2019-08-07,10.55,10.79,10.53,10.63,607268.19
2019-08-08,10.73,10.76,10.63,10.67,377533.78
2019-08-09,10.69,10.73,10.41,10.47,512213.79
2019-08-12,10.49,10.81,10.44,10.79,540229.29
2019-08-13,10.67,10.78,10.53,10.6,455696.42
2019-08-14,10.79,10.81,10.51,10.56,477053.62
2019-08-15,10.43,10.83,10.41,10.81,471227.16
2019-08-16,10.84,10.94,10.72,10.73,407647.44
2019-08-19,10.91,11.08,10.78,11.07,665565.65
2019-08-20,11.01,11.35,11.0,11.2,758148.95
2019-08-21,11.13,11.39,11.13,11.27,480573.75
2019-08-22,11.27,11.39,11.05,11.13,501134.65
2019-08-23,11.22,11.33,11.11,11.22,539077.62
2019-08-26,10.94,11.26,10.93,11.19,572153.71
2019-08-27,11.25,11.29,11.11,11.14,683893.27
2019-08-28,11.12,11.17,10.95,11.05,416008.07
2019-08-29,11.03,11.11,10.44,10.63,1036089.19
2019-08-30,10.72,10.73,10.34,10.42,967404.08
2019-09-02,10.36,10.5,10.32,10.45,920110.77
2019-09-03,10.46,10.46,10.21,10.31,900088.93
2019-09-04,10.31,10.77,10.31,10.75,1320130.55
2019-09-05,10.72,10.89,10.53,10.63,1592127.1
2019-09-06,10.63,10.7,10.39,10.67,913927.35
2019-09-09,10.71,10.93,10.71,10.91,1097161.96
2019-09-10,10.91,10.91,10.73,10.84,498684.12
2019-09-11,10.85,10.87,10.72,10.81,520801.48
2019-09-12,10.93,11.39,10.93,11.35,1492051.32
2019-09-16,11.42,11.46,11.15,11.22,931975.9
2019-09-17,11.19,11.38,11.12,11.22,662425.27
2019-09-18,11.28,11.65,11.18,11.51,983424.38
2019-09-19,11.51,11.56,11.36,11.48,496235.59
2019-09-20,11.48,11.52,11.25,11.3,740445.7
2019-09-23,11.29,11.36,11.15,11.22,548744.95
2019-09-24,11.22,11.32,11.14,11.15,429565.59
2019-09-25,11.13,11.21,10.99,11.12,428593.22
2019-09-26,11.16,11.49,11.15,11.21,696314.96
2019-09-27,11.21,11.23,10.95,11.04,487067.1
2019-09-30,11.0,11.19,10.98,11.08,383959.22
2019-10-08,11.12,11.94,11.12,11.71,1410944.55
2019-10-09,11.69,12.36,11.68,12.15,1262827.74
2019-10-10,12.17,12.29,11.97,12.13,914657.42
2019-10-11,12.16,12.32,12.04,12.18,901212.15
2019-10-14,12.21,12.41,12.04,12.09,875186.27
2019-10-15,12.09,12.3,12.02,12.09,514974.03
2019-10-16,12.15,12.74,12.11,12.25,1075893.32
2019-10-17,12.25,12.31,12.05,12.15,453039.05
2019-10-18,12.19,12.46,11.85,11.87,694966.14
2019-10-21,11.98,12.39,11.94,12.23,847279.67
2019-10-22,12.28,12.29,11.93,12.16,621135.53
2019-10-23,12.09,12.11,11.79,11.87,572631.52
2019-10-24,11.93,12.04,11.78,11.92,481818.0
2019-10-25,11.98,12.08,11.8,12.04,484973.55
2019-10-28,11.86,11.86,11.48,11.55,1351747.96
2019-10-29,11.53,11.53,11.32,11.39,812734.47
2019-10-30,11.33,11.53,11.21,11.31,855843.26
2019-10-31,11.31,11.39,11.07,11.17,742869.84
2019-11-01,11.16,11.55,11.04,11.49,903558.76
2019-11-04,11.51,11.54,11.3,11.46,740539.62
2019-11-05,11.52,11.74,11.29,11.6,950300.25
2019-11-06,11.55,11.55,11.35,11.37,676750.75
2019-11-07,11.35,11.49,11.31,11.43,433258.48
2019-11-08,11.49,11.53,11.32,11.33,517416.82
2019-11-11,11.24,11.25,10.89,10.94,1049416.78
2019-11-12,11.0,11.06,10.88,10.98,467099.36
2019-11-13,11.02,11.03,10.9,10.99,374014.51
2019-11-14,11.01,11.04,10.92,10.96,387840.19
2019-11-15,10.97,11.02,10.84,10.89,562531.11
2019-11-18,10.87,11.09,10.73,10.96,852205.38
2019-11-19,10.96,11.28,10.93,11.24,757734.72
2019-11-20,11.18,11.32,11.11,11.13,510314.3
2019-11-21,11.01,11.13,10.93,11.08,583664.26
2019-11-22,11.08,11.18,10.95,11.14,540090.33
2019-11-25,11.2,11.63,11.19,11.51,1194584.8
2019-11-26,11.55,11.56,11.34,11.45,644297.76
2019-11-27,11.39,11.48,11.28,11.36,413540.71
2019-11-28,11.37,11.4,11.08,11.16,416358.09
2019-11-29,11.11,11.28,11.05,11.18,371020.0
2019-12-02,11.24,11.65,11.24,11.6,1030915.0
2019-12-03,11.54,11.72,11.46,11.6,701813.69
2019-12-04,11.54,11.58,11.41,11.53,452036.24
2019-12-05,11.59,11.6,11.37,11.55,501579.17
2019-12-06,11.53,11.61,11.44,11.61,373774.31
2019-12-09,11.61,12.07,11.6,12.04,1052308.07
2019-12-10,11.92,12.07,11.84,11.99,557049.06
2019-12-11,12.08,12.25,11.87,12.08,642241.16
2019-12-12,12.08,12.17,11.8,11.9,559302.94
2019-12-13,12.04,12.27,12.03,12.17,864991.09
2019-12-16,12.09,12.18,11.89,12.16,899677.85
2019-12-17,12.11,12.67,12.03,12.39,1214687.71
2019-12-18,12.36,12.48,12.23,12.29,599437.66
2019-12-19,12.29,12.5,12.24,12.29,517778.66
2019-12-20,12.32,12.52,12.29,12.4,631272.48
2019-12-23,12.38,12.51,12.06,12.12,700982.81
2019-12-24,12.12,12.18,11.86,11.94,684881.19
2019-12-25,11.91,11.97,11.73,11.86,644191.46
2019-12-26,11.94,12.39,11.92,12.33,992783.26
2019-12-27,12.28,12.5,12.25,12.3,708062.92
2019-12-30,12.53,12.61,12.29,12.61,782131.34
2019-12-31,12.53,12.76,12.37,12.54,656682.77
2020-01-02,12.75,13.01,12.58,12.6,1002915.14
2020-01-03,12.7,12.7,12.21,12.36,1074823.73
2020-01-06,12.25,12.25,12.05,12.15,1263365.46
2020-01-07,12.18,12.26,12.08,12.24,855224.9
2020-01-08,12.09,12.11,11.94,12.03,882805.29
2020-01-09,12.54,12.71,12.37,12.62,1946176.67
2020-01-10,12.63,12.66,12.32,12.42,956771.37
2020-01-13,12.47,12.8,12.46,12.77,901699.3
2020-01-14,12.79,12.86,12.61,12.67,598866.42
2020-01-15,12.67,12.73,12.45,12.5,549852.7
2020-01-16,12.53,12.62,12.39,12.42,623515.64
2020-01-17,12.48,12.58,12.39,12.49,470332.26
2020-01-20,12.49,12.53,12.25,12.39,584887.55
2020-01-21,12.26,12.31,11.96,11.97,910108.38
2020-01-22,11.97,12.33,11.84,12.3,962108.85
2020-01-23,12.1,12.21,11.8,11.88,821771.27
2020-02-03,10.77,11.04,10.7,10.84,1820509.54
2020-02-04,10.93,11.15,10.74,11.09,1119867.93
2020-02-05,11.01,11.33,10.91,11.22,1169009.55
2020-02-06,11.31,11.38,11.08,11.28,1039265.56
2020-02-07,11.14,11.24,11.01,11.16,688732.15
2020-02-10,11.0,11.63,10.95,11.49,1112295.79
2020-02-11,11.4,11.82,11.39,11.6,849948.3
2020-02-12,11.49,11.69,11.43,11.56,648115.82
2020-02-13,11.72,12.08,11.71,11.93,1099935.38
2020-02-14,11.97,12.36,11.93,12.32,953059.65
2020-02-17,12.42,12.48,12.04,12.2,987223.9
2020-02-18,12.06,12.18,11.94,12.01,758720.57
2020-02-19,11.98,12.12,11.87,12.0,580113.33
2020-02-20,11.94,12.14,11.94,12.12,829784.41
2020-02-21,12.09,12.12,11.78,11.88,844023.43
2020-02-24,11.84,11.87,11.51,11.7,842404.73
2020-02-25,11.66,12.04,11.65,11.83,957682.34
2020-02-26,11.7,12.76,11.65,12.39,2141587.22
2020-02-27,12.43,12.52,12.18,12.27,990614.9
2020-02-28,12.17,12.77,12.11,12.55,1609630.34
2020-03-02,12.72,13.18,12.71,12.94,1793904.73
2020-03-03,13.01,13.1,12.59,12.87,1471336.54
2020-03-04,12.98,13.45,12.72,13.03,1609720.54
2020-03-05,12.94,13.31,12.79,13.21,1148835.52
2020-03-06,13.03,13.1,12.71,12.78,875205.62
2020-03-09,12.55,12.7,12.28,12.53,847579.98
2020-03-10,12.63,12.87,12.36,12.7,711188.41
2020-03-11,12.75,12.91,12.54,12.59,746381.94
2020-03-12,12.49,12.82,12.35,12.7,709346.34
2020-03-13,12.11,12.59,11.94,12.49,917554.12
2020-03-16,12.45,12.46,11.8,11.85,1006588.85
2020-03-17,11.82,12.08,11.53,11.7,875326.99
2020-03-18,11.67,11.79,11.16,11.18,918667.19
2020-03-19,11.02,11.24,10.39,10.85,1040889.56
2020-03-20,10.99,11.32,10.77,11.23,643167.24
2020-03-23,10.84,11.04,10.7,10.91,523402.93
2020-03-24,11.09,11.36,11.01,11.25,547285.23
2020-03-25,11.45,11.84,11.27,11.76,916586.79
2020-03-26,11.51,11.84,11.49,11.72,608704.43
2020-03-27,11.88,12.01,11.7,11.82,709913.98
2020-03-30,11.7,11.99,11.6,11.78,788985.56
2020-03-31,11.86,11.9,11.39,11.53,695371.91
2020-04-01,11.55,11.88,11.46,11.6,583735.96
2020-04-02,11.55,11.7,11.49,11.7,394513.19
2020-04-03,11.6,11.75,11.56,11.65,333922.0
2020-04-07,11.86,11.87,11.66,11.75,642316.44
2020-04-08,11.7,11.81,11.6,11.76,418136.35
2020-04-09,11.77,11.77,11.5,11.58,386593.32
2020-04-10,11.55,11.76,11.3,11.39,665537.81
2020-04-13,11.39,11.74,11.32,11.68,479214.93
2020-04-14,11.78,12.27,11.72,12.08,824339.18
2020-04-15,12.01,12.1,11.79,11.86,442485.46
2020-04-16,12.09,12.35,11.98,12.22,838853.51
2020-04-17,12.31,12.32,12.15,12.26,511058.47
2020-04-20,12.26,12.34,11.88,12.31,669331.2
2020-04-21,12.32,12.53,12.18,12.35,721010.92
2020-04-22,12.28,12.36,12.09,12.36,459004.68
2020-04-23,12.36,12.43,12.15,12.32,500668.63
2020-04-24,12.29,12.32,12.18,12.28,342607.95
2020-04-27,12.28,12.59,12.26,12.33,435572.59
2020-04-28,12.38,12.67,12.35,12.52,517666.41
2020-04-29,12.48,12.91,12.48,12.8,507074.04
2020-04-30,12.8,12.82,12.52,12.59,597304.09
2020-05-06,12.41,12.49,12.15,12.3,915526.25
2020-05-07,12.22,12.34,12.15,12.18,492958.84
2020-05-08,12.28,12.35,12.16,12.32,637560.63
2020-05-11,12.31,12.37,12.18,12.21,587481.85
2020-05-12,12.22,12.27,12.13,12.2,439948.49
2020-05-13,12.18,12.21,12.03,12.16,457082.29
2020-05-14,12.1,12.16,11.84,11.9,572642.22
2020-05-15,11.94,11.98,11.7,11.83,550221.06
2020-05-18,11.87,12.06,11.83,11.98,512259.36
2020-05-19,12.17,12.17,11.86,11.9,424138.65
2020-05-20,11.87,11.97,11.74,11.84,376922.99
2020-05-21,11.91,11.92,11.62,11.66,383278.99
2020-05-22,11.69,11.69,11.43,11.43,486626.11
2020-05-25,11.55,11.83,11.49,11.82,521357.01
2020-05-26,11.92,11.93,11.75,11.87,331278.75
2020-05-27,11.87,11.97,11.8,11.93,355443.29
2020-05-28,11.93,12.21,11.91,12.01,725712.73
2020-05-29,12.07,12.09,11.69,11.75,595727.53
2020-06-01,11.85,12.14,11.79,12.11,524767.35
2020-06-02,12.03,12.51,12.01,12.45,722984.12
2020-06-03,12.55,12.91,12.47,12.48,773456.02
2020-06-04,12.62,12.66,12.24,12.35,482214.0
2020-06-05,12.35,12.35,12.01,12.16,637146.81
2020-06-08,12.2,12.39,12.12,12.2,629105.05
2020-06-09,12.2,12.42,12.16,12.24,548815.19
2020-06-10,12.24,12.24,11.93,11.97,685704.68
2020-06-11,11.95,11.97,11.71,11.74,649191.91
2020-06-12,11.62,11.84,11.58,11.78,586456.6
2020-06-15,11.65,11.91,11.63,11.74,485107.73
2020-06-16,11.9,11.96,11.81,11.89,431030.82
2020-06-17,11.85,11.89,11.66,11.75,492702.94
2020-06-18,11.84,12.0,11.81,11.96,579451.19
2020-06-19,11.96,11.96,11.76,11.92,902115.82
2020-06-22,11.83,11.92,11.78,11.82,590732.58
2020-06-23,11.78,11.85,11.68,11.71,542773.71
2020-06-24,11.76,12.07,11.73,12.06,1042669.87
2020-06-29,12.0,12.01,11.76,11.89,560535.08
2020-06-30,11.92,12.1,11.85,12.1,611627.72
2020-07-01,12.12,13.31,12.04,13.01,2152274.05
2020-07-02,13.11,13.58,13.05,13.4,1820542.5
2020-07-03,13.44,13.82,13.04,13.38,1670759.67
2020-07-06,13.69,14.72,13.69,14.72,2218365.41
2020-07-07,15.12,15.3,14.36,14.45,1661575.46
2020-07-08,14.49,14.8,14.24,14.56,1247969.69
2020-07-09,14.72,14.89,14.22,14.84,1321335.9
2020-07-10,14.51,14.71,14.11,14.27,1318418.29
2020-07-13,14.16,14.41,13.79,14.17,1234971.9
2020-07-14,14.08,14.24,13.57,13.86,1362883.92
2020-07-15,13.96,14.1,13.44,13.46,1089904.52
2020-07-16,13.57,13.77,13.19,13.21,1207633.44
2020-07-17,13.3,13.44,12.93,13.15,999752.12
2020-07-20,13.28,13.97,13.18,13.81,1341740.45
2020-07-21,13.79,13.86,13.46,13.59,971632.55
2020-07-22,13.51,13.82,13.45,13.54,1047299.78
2020-07-23,13.36,13.49,13.06,13.3,823222.86
2020-07-24,13.27,13.54,12.85,12.99,933233.92
2020-07-27,13.11,13.14,12.57,12.7,918234.81
2020-07-28,12.81,12.91,12.62,12.85,922071.07
2020-07-29,12.78,12.99,12.61,12.93,898486.19
2020-07-30,12.92,12.92,12.68,12.7,1015175.89
2020-07-31,12.64,12.95,12.6,12.77,976284.29
2020-08-03,12.89,13.18,12.86,13.0,1288992.31
2020-08-04,13.01,13.38,12.87,13.28,1489558.36
2020-08-05,13.14,13.14,12.85,12.92,1397649.34
2020-08-06,12.93,13.05,12.76,13.01,786213.26
2020-08-07,12.91,13.0,12.77,12.91,731893.64
2020-08-10,12.85,13.46,12.82,13.32,1466594.35
2020-08-11,13.35,13.66,13.25,13.3,1278855.1
2020-08-12,13.34,13.62,13.26,13.54,976319.39
2020-08-13,13.51,13.61,13.38,13.52,624093.08
2020-08-14,13.51,14.0,13.41,13.93,1221907.94
2020-08-17,13.95,14.55,13.79,14.25,1389529.24
2020-08-18,14.23,14.31,13.72,13.88,1165665.4
2020-08-19,13.86,13.86,13.57,13.68,854731.04
2020-08-20,13.63,13.7,13.46,13.63,682858.94
2020-08-21,13.72,13.75,13.45,13.55,576909.37
2020-08-24,13.67,13.78,13.46,13.49,635640.72
2020-08-25,13.49,13.62,13.38,13.54,680464.52
2020-08-26,13.54,13.85,13.46,13.62,881090.61
2020-08-27,13.59,13.59,13.09,13.26,1138874.84
2020-08-28,13.18,13.54,13.15,13.48,929341.93
2020-08-31,13.58,13.72,13.15,13.18,998986.22
2020-09-01,13.2,13.3,13.12,13.27,684003.87
2020-09-02,13.19,13.46,13.14,13.32,868102.78
2020-09-03,13.32,13.53,13.23,13.42,876217.31
2020-09-04,13.3,13.5,13.16,13.48,726992.72
2020-09-07,13.36,14.01,13.35,13.59,1202366.1
2020-09-08,13.65,13.81,13.46,13.59,749928.8
2020-09-09,13.46,13.59,13.27,13.42,612640.61
2020-09-10,13.59,14.16,13.59,13.72,1286605.98
2020-09-11,13.74,13.81,13.46,13.57,771679.1
2020-09-14,13.59,13.69,13.39,13.54,585191.33
2020-09-15,13.5,13.73,13.36,13.63,648901.07
2020-09-16,13.57,13.89,13.49,13.78,785096.32
2020-09-17,13.72,13.82,13.59,13.62,574410.74
2020-09-18,13.62,14.2,13.59,14.2,1408700.75
2020-09-21,14.21,14.22,13.94,13.97,750742.77
2020-09-22,13.88,13.96,13.7,13.78,572055.92
2020-09-23,13.79,13.82,13.61,13.65,530941.69
2020-09-24,13.63,13.64,13.36,13.4,647520.55
2020-09-25,13.36,13.46,12.92,13.0,934862.43
2020-09-28,13.09,13.27,13.01,13.22,725702.53
2020-09-29,13.19,13.24,13.12,13.15,498309.32
2020-09-30,13.26,13.3,12.87,13.0,675891.99
2020-10-09,13.09,13.18,12.99,13.14,546719.38
2020-10-12,13.21,13.45,13.18,13.45,811521.8
2020-10-13,13.36,13.37,13.14,13.27,657030.37
2020-10-14,13.19,13.24,13.1,13.19,434851.47
2020-10-15,13.19,13.35,13.17,13.19,429236.45
2020-10-16,13.2,13.32,13.16,13.27,514729.11
2020-10-19,13.36,13.72,13.25,13.33,880067.05
2020-10-20,13.27,13.31,13.12,13.22,536028.38
2020-10-21,13.23,13.32,13.09,13.27,554983.59
2020-10-22,13.26,13.5,13.22,13.34,681959.09
2020-10-23,13.31,13.55,13.24,13.42,777286.83
2020-10-26,13.5,13.6,13.34,13.45,594438.99
2020-10-27,13.41,13.45,13.09,13.14,869124.28
2020-10-28,13.14,13.16,12.75,12.87,795669.25
2020-10-29,12.75,13.0,12.72,12.9,544636.2
2020-10-30,12.84,13.09,12.46,12.57,1039107.23
2020-11-02,12.61,12.78,12.57,12.68,524322.35
2020-11-03,12.69,12.78,12.55,12.74,560369.19
2020-11-04,12.68,12.82,12.65,12.72,400541.53
2020-11-05,12.78,13.13,12.78,13.03,826034.58
2020-11-06,13.08,13.32,13.01,13.23,828790.02
2020-11-09,13.34,13.4,13.14,13.25,771435.57
2020-11-10,13.31,13.47,13.14,13.19,585628.29
2020-11-11,13.19,13.5,13.14,13.42,991050.24
2020-11-12,13.33,13.44,13.24,13.32,503398.75
2020-11-13,13.23,13.24,12.85,12.91,787331.25
2020-11-16,12.93,13.14,12.87,13.09,658904.84
2020-11-17,13.09,13.59,13.06,13.55,1568109.78
2020-11-18,13.57,13.96,13.3,13.69,1489607.0
2020-11-19,13.74,13.99,13.65,13.9,1210508.45
2020-11-20,13.98,13.98,13.65,13.88,636290.87
2020-11-23,13.95,14.01,13.73,13.88,727720.49
2020-11-24,13.79,13.95,13.67,13.73,606149.33
2020-11-25,13.82,14.01,13.69,13.77,705081.44
2020-11-26,13.81,13.86,13.57,13.82,549774.97
2020-11-27,13.86,14.25,13.83,14.24,995854.27
2020-11-30,14.26,14.74,14.09,14.09,1321454.33
2020-12-01,14.08,14.16,13.64,14.12,1016514.27
2020-12-02,14.12,14.53,13.95,14.22,837312.86
2020-12-03,14.22,14.3,14.0,14.13,512634.11
2020-12-04,14.13,14.16,13.77,13.88,565766.1
2020-12-07,13.83,13.88,13.49,13.54,634187.42
2020-12-08,13.57,13.61,13.39,13.47,483969.51
2020-12-09,13.5,13.54,13.28,13.33,595086.59
2020-12-10,13.32,13.44,13.16,13.27,474265.45
2020-12-11,13.34,13.34,13.02,13.08,535687.5
2020-12-14,13.26,13.32,13.09,13.27,563059.82
2020-12-15,13.24,13.26,13.01,13.11,483407.04
2020-12-16,13.15,13.34,13.05,13.18,495821.01
2020-12-17,13.16,13.28,13.05,13.23,536393.87
2020-12-18,13.18,13.23,12.96,13.14,971686.15
2020-12-21,13.05,13.07,12.84,13.02,675639.2
2020-12-22,13.0,13.33,12.88,13.05,828228.76
2020-12-23,13.08,13.1,12.73,12.81,908582.42
2020-12-24,12.82,12.91,12.67,12.77,479854.92
2020-12-25,12.87,12.87,12.69,12.87,351813.24
2020-12-28,12.85,12.91,12.58,12.82,695064.87
2020-12-29,12.85,13.01,12.83,12.9,606106.86
2020-12-30,12.88,12.93,12.72,12.77,553000.5
2020-12-31,12.78,12.98,12.72,12.95,722417.86
2021-01-04,12.83,12.83,12.42,12.51,1232988.17
2021-01-05,12.43,12.44,12.01,12.36,1326558.47
2021-01-06,12.29,12.5,12.24,12.46,1039796.7
2021-01-07,12.47,12.64,12.12,12.33,1003551.91
2021-01-08,12.26,12.49,12.21,12.43,774125.66
2021-01-11,12.43,12.64,12.24,12.31,1236934.74
2021-01-12,12.32,12.43,12.16,12.42,868818.86
2021-01-13,12.48,12.83,12.37,12.64,1205709.79
2021-01-14,12.63,12.96,12.59,12.66,980633.4
2021-01-15,12.61,12.89,12.61,12.7,858350.87
2021-01-18,12.76,13.13,12.6,13.06,1277876.1
2021-01-19,12.89,13.42,12.77,13.18,1821935.56
2021-01-20,13.07,13.08,12.69,12.83,958790.54
2021-01-21,12.77,12.82,12.46,12.54,1345815.87
2021-01-22,12.41,12.42,12.14,12.14,1205636.06
2021-01-25,12.08,12.08,11.75,11.97,1430845.53
2021-01-26,11.94,12.1,11.87,11.95,804020.47
2021-01-27,11.96,12.08,11.66,11.76,941819.9
2021-01-28,11.63,11.63,11.4,11.5,914566.66
2021-01-29,11.53,11.58,11.27,11.3,720712.9
2021-02-01,11.31,11.42,11.11,11.31,646374.81
2021-02-02,11.31,11.51,11.24,11.46,734213.21
2021-02-03,11.5,11.5,11.21,11.26,543484.35
2021-02-04,11.24,11.24,10.89,10.95,976345.43
2021-02-05,10.95,11.38,10.92,11.25,883793.79
2021-02-08,11.44,11.64,11.29,11.42,845103.15
2021-02-09,11.42,11.49,11.23,11.36,627719.58
2021-02-10,11.35,11.47,11.27,11.32,543456.83
2021-02-18,11.38,11.78,11.38,11.75,925243.55
2021-02-19,11.68,11.87,11.6,11.79,640121.14
2021-02-22,11.8,12.12,11.7,12.03,904582.56
2021-02-23,11.92,12.13,11.89,11.99,491777.08
2021-02-24,12.0,12.27,11.96,12.13,961247.74
2021-02-25,12.32,13.34,12.27,13.15,3864955.94
2021-02-26,12.83,13.14,12.52,12.72,1798974.61
2021-03-01,12.84,13.32,12.61,13.16,1425360.44
2021-03-02,13.14,13.62,13.01,13.11,1296910.37
2021-03-03,12.98,13.35,12.91,13.16,894751.13
2021-03-04,13.08,13.32,12.69,12.78,1122717.83
2021-03-05,12.68,12.91,12.37,12.55,986394.01
2021-03-08,12.68,12.77,12.42,12.42,650107.74
2021-03-09,12.49,12.67,12.28,12.33,788234.85
2021-03-10,12.42,12.49,12.13,12.19,669358.72
2021-03-11,12.23,12.46,12.19,12.28,611528.35
2021-03-12,12.29,12.77,12.06,12.42,790036.68
2021-03-15,12.47,12.51,12.16,12.26,771001.76
2021-03-16,12.28,12.81,12.19,12.75,896051.59
2021-03-17,12.6,12.84,12.48,12.54,579418.66
2021-03-18,12.57,12.63,12.42,12.48,462580.05
2021-03-19,12.37,12.39,11.92,12.0,779135.81
2021-03-22,11.87,12.07,11.85,12.01,400238.85
2021-03-23,12.01,12.08,11.83,11.87,477571.53
2021-03-24,11.85,11.9,11.66,11.72,499666.88
2021-03-25,11.73,11.82,11.64,11.74,306445.57
2021-03-26,11.74,11.83,11.7,11.74,392819.11
2021-03-29,11.71,11.81,11.6,11.75,488362.66
2021-03-30,11.7,11.91,11.66,11.78,441330.28
2021-03-31,11.76,11.77,11.53,11.65,454187.11
2021-04-01,11.65,11.69,11.5,11.58,333864.9
2021-04-02,11.6,11.68,11.53,11.62,326982.73
2021-04-06,11.66,11.69,11.6,11.62,271952.49
2021-04-07,11.62,11.7,11.56,11.68,335414.54
2021-04-08,11.6,11.61,11.52,11.58,345027.65
2021-04-09,11.57,11.58,11.38,11.45,461722.74
2021-04-12,11.46,11.71,11.42,11.69,584832.37
2021-04-13,11.68,11.77,11.56,11.73,425218.39
2021-04-14,11.73,11.79,11.66,11.74,376038.69
2021-04-15,11.74,11.8,11.66,11.73,311652.6
2021-04-16,11.78,11.88,11.71,11.86,379533.01
2021-04-19,11.87,11.93,11.78,11.92,356401.07
2021-04-20,11.78,11.8,11.52,11.56,864696.97
2021-04-21,11.55,11.6,11.44,11.59,429920.3
2021-04-22,11.6,11.7,11.56,11.63,414824.71
2021-04-23,11.59,11.61,11.42,11.56,664239.63
2021-04-26,11.51,11.58,11.44,11.46,507474.04
2021-04-27,11.46,11.6,11.38,11.56,449759.62
2021-04-28,11.6,11.6,11.5,11.56,334437.65
2021-04-29,11.6,11.61,11.51,11.6,339105.73
2021-04-30,11.54,11.6,11.38,11.46,514015.74
2021-05-06,11.4,11.51,11.38,11.42,326632.04
2021-05-07,11.38,11.48,11.34,11.38,359141.02
2021-05-10,11.36,11.38,11.11,11.24,493246.35
2021-05-11,11.16,11.33,11.12,11.29,302365.46
2021-05-12,11.22,11.24,10.96,11.03,705036.09
2021-05-13,10.96,11.03,10.93,11.0,344650.09
2021-05-14,11.01,11.17,10.94,11.15,442186.22
2021-05-17,11.11,11.25,11.06,11.19,408657.89
2021-05-18,11.17,11.33,11.1,11.24,407698.56
2021-05-19,11.24,11.25,11.0,11.04,416391.18
2021-05-20,11.06,11.06,10.96,11.04,324413.44
2021-05-21,11.03,11.08,10.85,10.85,533195.14
2021-05-24,10.83,10.83,10.68,10.7,520272.82
2021-05-25,10.7,11.04,10.66,11.02,643660.6
2021-05-26,11.02,11.51,11.02,11.23,1074277.96
2021-05-27,11.24,11.43,11.17,11.26,553421.03
2021-05-28,11.29,11.33,11.03,11.11,468850.45
2021-05-31,11.12,11.18,10.97,11.06,424993.43
2021-06-01,11.09,11.15,10.9,10.93,427217.7
2021-06-02,10.93,11.09,10.85,11.02,418390.04
2021-06-03,11.01,11.11,10.95,10.96,337210.15
2021-06-04,10.95,11.06,10.9,10.98,394795.91
2021-06-07,10.91,10.91,10.65,10.72,662624.65
2021-06-08,10.76,10.82,10.69,10.72,390368.57
2021-06-09,10.75,10.79,10.72,10.76,357008.78
2021-06-10,10.76,10.79,10.68,10.68,355900.81
2021-06-11,10.68,10.75,10.62,10.7,452378.05
2021-06-15,10.69,10.69,10.38,10.38,555717.49
2021-06-16,10.31,10.63,10.28,10.55,460243.64
2021-06-17,10.52,10.6,10.43,10.55,370887.95
2021-06-18,10.52,10.53,10.33,10.45,398792.41
2021-06-21,10.43,10.44,10.21,10.25,414776.37
2021-06-22,10.25,10.35,10.03,10.07,590467.42
2021-06-23,10.08,10.21,10.06,10.16,513986.14
2021-06-24,10.15,10.25,10.09,10.15,397106.72
2021-06-25,10.16,10.23,10.12,10.21,363425.55
2021-06-28,10.21,10.22,9.89,9.93,636180.4
2021-06-29,9.93,9.98,9.8,9.82,521433.7
2021-06-30,9.85,9.9,9.8,9.85,361091.05
2021-07-01,9.88,10.31,9.83,10.26,927400.05
2021-07-02,10.21,10.22,9.87,9.89,564496.67
2021-07-05,9.89,9.92,9.64,9.72,609378.17
2021-07-06,9.71,10.21,9.67,10.07,825711.2
2021-07-07,10.01,10.13,9.92,9.96,385986.96
2021-07-08,9.97,10.01,9.75,9.92,528801.77
2021-07-09,9.88,10.03,9.85,9.97,353686.99
2021-07-12,10.05,10.05,9.83,9.84,479591.9
2021-07-13,9.85,10.03,9.8,9.85,374679.75
2021-07-14,9.86,9.86,9.62,9.65,488948.55
2021-07-15,9.62,9.73,9.53,9.66,483783.35
2021-07-16,9.61,9.76,9.61,9.65,364202.26
2021-07-19,9.64,9.67,9.31,9.36,755383.99
2021-07-20,9.3,9.39,9.17,9.34,647103.58
2021-07-21,9.33,9.39,9.15,9.17,645777.67
2021-07-22,9.17,9.31,9.11,9.24,585340.0
2021-07-23,9.2,9.21,9.08,9.13,510650.64
2021-07-26,8.99,8.99,8.48,8.52,1176455.52
2021-07-27,8.51,8.52,8.16,8.18,1439794.05
2021-07-28,8.18,8.36,8.11,8.22,1119895.16
2021-07-29,8.32,8.34,8.04,8.2,957257.5
2021-07-30,8.07,8.24,8.0,8.19,695391.53
2021-08-02,8.14,8.45,7.99,8.34,1058075.78
2021-08-03,8.29,8.37,8.23,8.26,549820.12
2021-08-04,8.26,8.26,8.14,8.18,510740.95
2021-08-05,8.35,8.87,8.35,8.58,1784318.11
2021-08-06,8.45,8.85,8.38,8.8,1167468.98
2021-08-09,8.72,9.68,8.7,9.46,2131280.43
2021-08-10,9.5,9.59,9.17,9.51,1329443.93
2021-08-11,9.81,10.46,9.81,10.3,2816973.38
2021-08-12,10.07,10.5,10.04,10.16,1230860.17
2021-08-13,10.13,10.2,9.8,9.84,1544204.11
2021-08-16,10.01,10.51,9.84,10.32,1519581.54
2021-08-17,10.27,10.82,10.15,10.63,1718453.43
2021-08-18,10.53,10.87,10.35,10.64,1236594.8
2021-08-19,10.54,10.56,10.16,10.28,1076007.18
2021-08-20,10.39,10.69,10.29,10.56,1093101.31
2021-08-23,10.5,10.61,10.35,10.39,573850.93
2021-08-24,10.41,10.54,10.12,10.26,823942.86
2021-08-25,10.34,10.35,9.93,10.01,808026.81
2021-08-26,10.01,10.33,9.87,9.93,763493.89
2021-08-27,9.91,9.97,9.66,9.76,771515.67
2021-08-30,9.67,9.67,9.22,9.45,1094610.03
2021-08-31,9.45,10.0,9.42,9.92,1139728.97
2021-09-01,9.83,10.66,9.83,10.58,1489565.64
2021-09-02,10.67,11.22,10.56,10.83,1479115.68
2021-09-03,10.72,11.02,10.53,10.7,1027467.48
2021-09-06,10.62,10.8,10.46,10.49,613546.9
2021-09-07,10.52,10.57,10.3,10.5,604540.38
2021-09-08,10.54,10.58,10.33,10.39,397026.81
2021-09-09,10.39,10.61,10.23,10.53,707819.54
2021-09-10,10.54,10.91,10.53,10.86,1045099.98
2021-09-13,10.89,11.61,10.77,11.46,1733861.45
2021-09-14,11.43,11.69,11.22,11.32,1042825.47
2021-09-15,11.23,11.45,10.76,11.0,1131895.95
2021-09-16,11.14,11.17,10.59,10.7,1002263.69
2021-09-17,10.71,11.4,10.6,11.3,898520.64
2021-09-22,10.98,12.16,10.92,11.95,1899572.48
2021-09-23,12.02,12.39,11.81,11.92,1294994.05
2021-09-24,11.92,12.35,11.59,11.69,1074143.29
2021-09-27,11.76,11.81,11.14,11.25,851406.61
2021-09-28,11.85,12.29,11.84,11.88,1710119.01
2021-09-29,12.2,12.24,11.83,12.03,1111884.9
2021-09-30,12.2,12.68,12.13,12.22,1132134.09
2021-10-08,12.37,12.43,11.74,11.81,712474.83
2021-10-11,11.85,12.48,11.85,12.1,917329.2
2021-10-12,12.09,12.7,11.99,12.28,1463529.8
2021-10-13,12.32,12.49,11.92,12.12,869559.96
2021-10-14,11.95,12.18,11.57,11.76,1113957.96
2021-10-15,11.76,12.11,11.66,12.02,859137.57
2021-10-18,11.88,12.02,11.05,11.59,1331382.39
2021-10-19,11.5,11.53,10.98,11.23,1285940.55
2021-10-20,11.23,11.31,10.98,11.12,740324.56
2021-10-21,11.11,11.79,11.07,11.73,1226924.21
2021-10-22,11.92,12.67,11.79,11.95,1655254.59
2021-10-25,11.6,12.42,11.59,11.75,1157475.12
2021-10-26,11.76,11.89,11.29,11.37,938117.99
2021-10-27,11.48,11.57,11.15,11.34,777478.33
2021-10-28,11.49,11.49,11.0,11.27,701614.84
2021-10-29,11.28,11.28,10.67,10.94,1139962.25
2021-11-01,10.94,11.11,10.59,10.67,791048.65
2021-11-02,10.72,10.98,10.48,10.66,728655.94
2021-11-03,10.64,11.37,10.56,11.25,1069144.14
2021-11-04,11.18,11.21,10.77,11.0,726180.78
2021-11-05,10.89,10.93,10.65,10.66,670894.48
2021-11-08,10.79,10.98,10.65,10.96,586720.53
2021-11-09,10.9,11.08,10.73,10.94,523891.41
2021-11-10,11.1,11.85,10.79,11.76,1584488.25
2021-11-11,11.92,12.94,11.9,12.94,2869468.1
2021-11-12,13.07,13.18,12.67,12.96,2153698.55
2021-11-15,12.95,12.96,12.29,12.63,1007850.33
2021-11-16,12.57,12.88,12.54,12.56,701862.49
2021-11-17,12.68,12.69,12.29,12.48,569456.74
2021-11-18,12.56,12.67,12.08,12.2,617895.7
2021-11-19,12.12,13.24,11.98,13.09,1458065.18
2021-11-22,13.14,13.16,12.17,12.29,1522136.51
2021-11-23,12.35,12.79,12.21,12.55,745268.21
2021-11-24,12.57,13.11,12.47,12.68,977095.99
2021-11-25,12.53,12.76,12.33,12.43,545337.7
2021-11-26,12.37,12.4,12.1,12.25,535438.07
2021-11-29,12.13,12.31,12.02,12.15,471248.77
2021-11-30,12.08,12.32,11.98,12.07,535480.36
2021-12-01,11.98,12.53,11.97,12.28,694659.9
2021-12-02,12.2,12.82,12.04,12.59,677923.49
2021-12-03,12.53,12.92,12.42,12.84,795083.73
2021-12-06,13.31,13.82,12.98,13.12,1440105.66
2021-12-07,13.55,13.72,12.81,12.98,1324130.33
2021-12-08,12.98,13.13,12.53,12.99,874495.75
2021-12-09,12.94,13.59,12.9,13.28,935067.24
2021-12-10,13.2,13.31,12.74,13.04,867883.69
2021-12-13,12.94,13.04,12.59,12.63,962201.17
2021-12-14,12.55,12.55,12.11,12.18,1077612.71
2021-12-15,12.15,12.61,12.09,12.43,617360.26
2021-12-16,12.38,12.66,12.31,12.61,540426.55
2021-12-17,12.63,12.94,12.52,12.57,587440.33
2021-12-20,12.61,13.02,12.55,12.81,697380.81
2021-12-21,12.81,13.55,12.81,13.45,1160556.4
2021-12-22,13.46,13.6,13.24,13.49,828772.21
2021-12-23,13.44,13.71,13.25,13.59,628124.77
2021-12-24,13.49,13.78,13.18,13.6,607050.54
2021-12-27,13.77,13.96,13.23,13.32,889471.52
2021-12-28,13.24,13.36,12.96,13.24,602288.33
2021-12-29,13.26,13.34,13.07,13.11,470678.29
2021-12-30,13.08,13.37,13.01,13.16,441428.56
2021-12-31,13.12,13.84,13.11,13.62,654052.4
2022-01-04,13.51,13.85,13.37,13.77,645213.84
2022-01-05,13.63,14.29,13.61,13.94,1173398.35
2022-01-06,13.92,14.08,13.42,13.51,810914.67
2022-01-07,13.72,14.24,13.59,14.07,950158.27
2022-01-10,13.75,14.46,13.7,14.35,1224318.85
2022-01-11,14.29,14.88,13.95,14.08,1356419.2
2022-01-12,14.01,14.12,13.63,13.94,729317.0
2022-01-13,13.93,14.26,13.51,13.55,633889.83
2022-01-14,13.55,13.58,12.97,13.03,983225.55
2022-01-17,12.99,13.66,12.99,13.39,783320.75
2022-01-18,13.42,14.19,13.25,14.07,828541.91
2022-01-19,14.19,14.64,13.85,14.02,710452.92
2022-01-20,14.29,14.36,13.44,13.51,1233113.48
2022-01-21,13.51,13.76,13.29,13.49,639860.13
2022-01-24,13.45,14.11,13.33,13.93,849944.96
2022-01-25,13.84,14.0,13.51,13.54,421762.53
2022-01-26,13.75,13.76,13.38,13.55,448277.16
2022-01-27,13.55,14.0,13.24,13.64,577099.84
2022-01-28,13.72,14.05,13.56,13.68,788064.55
2022-02-07,13.7,14.05,13.33,13.91,815312.65
2022-02-08,13.78,14.05,13.65,13.77,830743.43
2022-02-09,13.82,14.38,13.48,13.58,1130075.8
2022-02-10,13.42,14.36,13.17,13.96,1348783.19
2022-02-11,13.92,14.34,13.68,13.72,968451.9
2022-02-14,13.57,13.74,13.24,13.34,762026.15
2022-02-15,13.34,13.44,13.23,13.35,510199.76
2022-02-16,13.37,13.97,13.24,13.8,708728.06
2022-02-17,13.83,13.83,13.31,13.5,682505.13
2022-02-18,13.51,14.25,13.51,14.23,1293487.61
2022-02-21,14.25,14.33,13.99,14.24,762470.61
2022-02-22,14.24,14.59,14.03,14.33,698137.33
2022-02-23,14.31,14.36,13.85,14.01,607435.83
2022-02-24,13.96,14.22,13.8,13.92,503130.89
2022-02-25,13.9,14.25,13.7,13.78,656159.88
2022-02-28,13.71,13.92,13.51,13.78,475294.68
2022-03-01,13.78,14.31,13.71,14.25,706498.63
2022-03-02,14.32,14.81,14.26,14.42,841781.68
2022-03-03,14.46,15.01,14.46,14.91,1028372.25
2022-03-04,14.82,14.94,14.51,14.83,677753.65
2022-03-07,14.81,15.34,14.72,14.95,1059607.75
2022-03-08,14.9,15.05,14.56,14.64,597473.33
2022-03-09,14.71,14.89,13.63,14.13,1407798.91
2022-03-10,14.29,14.36,13.81,14.08,737608.06
2022-03-11,13.94,14.16,13.69,14.14,504990.51
2022-03-14,13.86,14.88,13.77,14.24,1054907.94
2022-03-15,14.12,14.2,12.82,12.82,1216107.71
2022-03-16,12.63,13.33,11.87,13.06,1690200.17
2022-03-17,13.6,13.71,13.28,13.45,1292185.16
2022-03-18,13.24,14.8,13.16,14.8,1251615.41
2022-03-21,14.65,14.7,14.09,14.52,1084379.71
2022-03-22,14.27,15.32,14.19,15.0,1303665.67
2022-03-23,15.0,15.36,14.54,15.01,1193402.95
2022-03-24,14.74,15.07,14.7,14.87,505586.23
2022-03-25,14.73,15.01,14.55,14.61,691026.17
2022-03-28,14.56,15.07,14.39,14.76,945499.55
2022-03-29,14.54,14.88,14.43,14.64,620393.51
2022-03-30,14.73,15.68,14.57,15.44,1247158.37
2022-03-31,15.42,15.84,15.16,15.42,1002088.98
2022-04-01,15.27,16.01,14.94,15.87,1392033.81
2022-04-06,15.95,16.45,15.71,15.95,1313418.56
2022-04-07,15.72,15.89,15.29,15.35,896582.84
2022-04-08,15.27,16.04,15.07,15.87,991374.12
2022-04-11,15.63,15.95,15.26,15.62,835383.01
2022-04-12,15.69,15.86,14.71,14.94,997225.3
2022-04-13,14.94,16.03,14.61,15.49,1139071.17
2022-04-14,15.45,16.8,15.31,16.49,1456510.51
2022-04-15,16.22,17.32,16.19,16.83,1279742.03
2022-04-18,16.45,16.83,15.84,16.02,1031605.51
2022-04-19,16.12,16.22,15.6,16.01,999242.21
2022-04-20,16.03,16.03,14.74,15.19,1839609.25
2022-04-21,15.07,15.58,14.91,15.26,967254.58
2022-04-22,15.03,15.86,14.61,15.49,1181774.1
2022-04-25,15.24,15.86,14.77,14.8,1162216.9
2022-04-26,14.86,15.71,14.74,15.31,1059103.1
2022-04-27,15.2,15.61,14.29,14.62,1488971.82
2022-04-28,14.77,15.67,14.58,15.51,1236070.51
2022-04-29,15.34,16.1,14.99,15.79,1508981.17
2022-05-05,15.84,15.99,14.8,15.28,1316062.83
2022-05-06,14.84,15.13,14.1,14.28,1111594.8
2022-05-09,14.11,14.5,13.92,14.18,802087.49
2022-05-10,13.91,14.54,13.43,14.33,1585818.16
2022-05-11,14.18,14.34,13.65,13.79,1633026.06
2022-05-12,13.85,13.98,13.28,13.59,1238632.08
2022-05-13,13.84,14.48,13.64,14.46,1590423.51
2022-05-16,14.95,15.1,14.1,14.76,1583295.61
2022-05-17,14.54,14.99,14.4,14.77,799853.39
2022-05-18,14.7,14.92,14.29,14.61,787784.95
2022-05-19,14.39,15.2,14.35,14.98,917256.25
2022-05-20,15.25,15.29,14.64,14.85,931275.33
2022-05-23,14.81,14.85,13.94,14.02,1588667.62
2022-05-24,13.95,14.29,13.89,14.1,949951.86
2022-05-25,14.1,14.25,13.8,14.13,558389.08
2022-05-26,14.12,14.54,13.96,14.32,817572.44
2022-05-27,14.25,14.37,14.01,14.21,669632.41
2022-05-30,14.09,14.27,13.67,13.82,894552.68
2022-05-31,13.74,13.87,13.42,13.51,1514886.36
2022-06-01,13.51,13.85,13.51,13.72,837863.44
2022-06-02,13.59,13.72,13.16,13.33,1210573.9
2022-06-06,13.17,13.22,12.63,13.01,2173771.33
2022-06-07,12.91,13.38,12.88,13.31,1132093.07
2022-06-08,13.29,13.34,13.01,13.14,1291576.32
2022-06-09,13.11,13.79,13.08,13.58,1577650.4
2022-06-10,13.51,13.71,13.38,13.53,925013.18
2022-06-13,13.37,13.49,12.83,12.92,1193076.44
2022-06-14,12.85,13.25,12.84,13.19,934077.09
2022-06-15,13.18,14.21,13.02,13.83,1868929.73
2022-06-16,13.84,14.32,13.49,13.58,1000869.38
2022-06-17,13.53,13.74,13.44,13.58,750752.08
2022-06-20,13.73,14.27,13.64,13.99,1479847.36
2022-06-21,14.05,14.76,13.94,14.18,1498264.42
2022-06-22,14.19,14.44,13.91,13.98,720542.12
2022-06-23,13.98,14.52,13.89,14.44,829415.69
2022-06-24,14.38,14.59,13.96,14.14,972511.58
2022-06-27,14.16,14.72,14.03,14.46,1146020.08
2022-06-28,14.34,14.47,13.98,14.08,1018968.52
2022-06-29,14.09,15.39,14.02,15.07,1889649.44
2022-06-30,15.25,15.49,14.81,15.21,1150839.21
2022-07-01,15.22,15.75,15.1,15.27,1191700.68
2022-07-04,15.2,15.42,14.92,15.18,1019257.95
2022-07-05,15.05,15.17,14.46,14.82,1638221.2
2022-07-06,14.83,14.88,14.43,14.61,732714.44
2022-07-07,14.82,14.87,14.41,14.51,671237.31
2022-07-08,14.52,14.81,14.35,14.63,678206.48
2022-07-11,14.45,14.75,14.18,14.33,714855.43
2022-07-12,14.35,14.81,14.33,14.62,742620.85
2022-07-13,14.79,15.47,14.7,14.97,1046775.18
2022-07-14,14.86,15.38,14.73,14.99,1191297.1
2022-07-15,15.15,15.19,13.96,14.23,1551178.24
2022-07-18,14.24,14.93,14.14,14.88,1113118.42
2022-07-19,14.76,14.96,14.39,14.88,826936.43
2022-07-20,14.85,15.02,14.62,14.75,489704.19
2022-07-21,14.72,14.72,14.16,14.23,964786.9
2022-07-22,14.28,14.47,14.02,14.1,598281.0
2022-07-25,14.25,14.65,14.17,14.52,819777.81
2022-07-26,14.45,15.44,14.43,15.36,1246777.87
2022-07-27,15.25,15.68,14.97,15.53,950655.22
2022-07-28,15.41,15.75,15.14,15.32,708717.3
2022-07-29,15.21,15.41,14.88,15.04,737363.59
2022-08-01,15.03,15.04,14.4,14.66,1278249.55
2022-08-02,14.51,14.62,14.25,14.47,962333.91
2022-08-03,14.46,14.6,13.75,13.88,1062621.95
2022-08-04,13.86,14.02,13.56,13.83,709992.64
2022-08-05,13.83,13.92,13.61,13.86,612100.31
2022-08-08,13.86,14.21,13.56,13.63,827528.06
2022-08-09,13.59,13.87,13.4,13.65,513602.06
2022-08-10,13.62,13.74,13.38,13.46,557258.04
2022-08-11,13.52,13.85,13.5,13.78,628487.43
2022-08-12,13.71,14.11,13.68,14.03,628870.57
2022-08-15,13.92,14.53,13.92,14.11,811582.43
2022-08-16,14.23,14.53,14.11,14.19,515571.32
2022-08-17,14.19,15.03,14.08,14.76,1055228.66
2022-08-18,14.77,15.01,14.48,14.62,480334.12
2022-08-19,14.63,15.28,14.6,15.16,943451.58
2022-08-22,15.13,15.3,14.93,15.06,592560.07
2022-08-23,15.06,15.18,14.71,14.85,632780.69
2022-08-24,14.86,15.19,14.73,14.81,590162.7
2022-08-25,14.97,15.28,14.89,15.24,722811.02
2022-08-26,15.2,15.24,14.84,15.05,441323.43
2022-08-29,14.87,15.14,14.62,14.98,426695.09
2022-08-30,15.02,15.43,14.97,15.29,535284.44
2022-08-31,15.29,15.71,15.2,15.61,817999.48
2022-09-01,15.57,15.94,15.43,15.62,651757.7
2022-09-02,15.65,15.71,15.11,15.35,647454.1
2022-09-05,15.43,15.63,15.2,15.53,615915.79
2022-09-06,15.52,16.08,15.43,15.9,946064.39
2022-09-07,15.83,15.99,15.61,15.83,488417.41
2022-09-08,15.86,15.98,15.43,15.86,544826.42
2022-09-09,15.78,16.74,15.71,16.66,1358947.28
2022-09-13,16.53,16.64,16.21,16.32,741760.65
2022-09-14,16.24,16.85,16.17,16.36,697832.11
2022-09-15,16.51,17.18,16.51,17.0,1026209.33
2022-09-16,16.96,17.1,16.21,16.28,1306834.07
2022-09-19,16.22,16.71,16.11,16.63,844590.12
2022-09-20,16.68,16.72,15.71,15.91,1119874.45
2022-09-21,15.91,16.3,15.72,16.08,630828.63
2022-09-22,16.1,16.15,15.43,15.8,828286.79
2022-09-23,15.73,16.26,15.73,15.83,557436.49
2022-09-26,16.06,16.35,15.9,15.96,645118.12
2022-09-27,15.98,16.09,15.49,15.94,619438.13
2022-09-28,15.86,16.11,15.62,15.8,461443.73
2022-09-29,15.81,15.91,15.49,15.59,573235.04
2022-09-30,15.93,16.48,15.7,16.24,959227.73
2022-10-10,16.06,17.14,16.02,16.53,1112186.69
2022-10-11,16.53,16.59,16.04,16.14,584190.5
2022-10-12,16.05,16.63,16.01,16.35,586544.57
2022-10-13,16.24,16.35,15.34,15.95,964835.95
2022-10-14,15.95,16.35,15.39,15.56,1078606.98
2022-10-17,15.35,15.57,14.75,15.42,879591.71
2022-10-18,15.42,15.55,14.97,15.15,657154.55
2022-10-19,15.13,15.46,15.06,15.22,554777.75
2022-10-20,15.21,15.34,14.81,14.97,637612.03
2022-10-21,15.06,15.67,15.04,15.13,791405.6
2022-10-24,14.89,14.98,14.55,14.65,922177.43
2022-10-25,14.68,14.82,14.43,14.57,710847.76
2022-10-26,14.52,14.61,13.89,13.97,1121065.69
2022-10-27,14.0,14.35,13.97,14.16,685813.57
2022-10-28,14.16,14.33,13.76,13.83,634439.26
2022-10-31,13.4,13.49,12.45,12.45,1788938.45
2022-11-01,12.32,12.51,11.62,12.28,2530970.55
2022-11-02,12.08,12.75,11.91,12.6,1517756.72
2022-11-03,12.39,12.7,12.16,12.32,949770.72
2022-11-04,12.29,12.93,12.27,12.68,1051201.86
2022-11-07,12.66,12.77,12.42,12.67,801048.1
2022-11-08,12.67,12.94,12.49,12.63,913007.57
2022-11-09,12.84,13.42,12.84,12.94,1370008.98
2022-11-10,12.88,13.11,12.55,12.98,658591.65
2022-11-11,13.27,14.28,13.25,14.28,1879572.81
2022-11-14,14.99,15.34,14.31,14.69,2227121.23
2022-11-15,14.56,14.98,14.31,14.52,1351786.71
2022-11-16,14.44,14.49,13.89,14.12,1051834.04
2022-11-17,14.05,14.27,13.88,14.16,658195.14
2022-11-18,14.14,14.19,13.8,14.05,765562.0
2022-11-21,13.85,14.13,13.45,14.11,976896.38
2022-11-22,14.17,14.45,13.99,14.18,763559.77
2022-11-23,14.06,14.41,14.05,14.27,501290.13
2022-11-24,14.54,14.71,14.05,14.37,770134.11
2022-11-25,14.41,15.33,14.41,15.19,1536031.63
2022-11-28,14.79,15.01,14.66,14.73,751949.96
2022-11-29,15.29,16.2,15.08,16.15,2011637.68
2022-11-30,15.78,16.11,14.9,15.02,2044984.63
2022-12-01,15.11,15.21,14.8,14.95,1236559.18
2022-12-02,14.79,14.79,14.21,14.57,1466439.99
2022-12-05,14.58,14.97,14.58,14.7,1245728.82
2022-12-06,14.57,14.61,14.27,14.51,931380.7
2022-12-07,14.42,14.49,13.94,14.16,1027782.67
2022-12-08,14.16,14.51,14.12,14.39,917576.6
2022-12-09,14.51,14.99,14.45,14.84,1239041.53
2022-12-12,14.67,14.67,14.16,14.21,757554.38
2022-12-13,14.18,14.55,14.11,14.4,642747.07
2022-12-14,14.38,14.38,14.14,14.23,529222.35
2022-12-15,14.07,14.27,13.62,14.18,1038222.86
2022-12-16,14.31,14.62,14.12,14.45,862157.03
2022-12-19,14.4,14.7,14.07,14.23,787653.62
2022-12-20,14.0,14.14,13.78,13.88,501686.53
2022-12-21,13.86,14.01,13.77,13.87,368600.94
2022-12-22,14.0,14.12,13.85,13.95,342934.2
2022-12-23,13.85,14.23,13.81,14.13,454529.3
2022-12-26,14.13,14.25,13.59,13.65,746521.76
2022-12-27,13.69,14.01,13.61,13.77,501594.06
2022-12-28,13.71,14.01,13.6,13.87,506443.52
2022-12-29,13.78,13.81,13.4,13.54,626667.63
2022-12-30,13.52,13.71,13.33,13.65,614805.9
2023-01-03,13.85,14.42,13.74,13.91,1479636.18
2023-01-04,13.91,14.66,13.85,14.45,1335057.16
2023-01-05,14.47,14.88,14.35,14.76,943504.5
2023-01-06,14.75,15.0,14.5,14.55,912124.59
2023-01-09,14.58,14.68,14.17,14.29,762475.11
2023-01-10,14.33,14.41,14.12,14.34,513232.35
2023-01-11,14.36,14.99,14.3,14.69,916147.13
2023-01-12,14.69,14.78,14.29,14.34,488165.24
2023-01-13,14.26,14.41,14.14,14.28,642921.19
2023-01-16,14.28,14.45,14.09,14.4,699084.01
2023-01-17,14.42,14.56,14.19,14.48,549775.49
2023-01-18,14.48,14.57,14.14,14.2,627201.9
2023-01-19,14.08,14.16,13.85,14.16,674019.09
2023-01-20,14.11,14.32,14.04,14.25,562082.63
2023-01-30,14.37,14.42,13.89,14.0,988672.72
2023-01-31,13.94,14.22,13.87,14.19,594752.52
2023-02-01,14.16,14.26,13.83,14.06,858347.29
2023-02-02,14.05,14.14,13.86,14.12,802598.98
2023-02-03,14.03,14.04,13.71,13.83,778959.15
2023-02-06,13.66,13.75,13.51,13.55,732886.37
2023-02-07,13.55,13.92,13.53,13.78,621022.82
2023-02-08,13.77,14.12,13.73,14.02,853319.53
2023-02-09,14.02,14.3,13.95,14.14,558393.28
2023-02-10,14.16,14.39,14.05,14.23,472529.02
2023-02-13,14.25,14.31,13.97,14.05,658950.88
2023-02-14,14.06,14.22,13.87,14.07,529631.85
2023-02-15,14.0,14.01,13.55,13.64,1058806.08
2023-02-16,13.62,13.93,13.46,13.58,877760.45
2023-02-17,13.57,13.67,13.49,13.53,424679.14
2023-02-20,13.5,13.8,13.47,13.77,682152.09
2023-02-21,13.89,13.98,13.68,13.85,628192.01
2023-02-22,13.72,13.79,13.63,13.7,341012.36
2023-02-23,13.71,13.86,13.68,13.74,378666.44
2023-02-24,13.71,13.74,13.36,13.46,936807.73
2023-02-27,13.43,13.65,13.43,13.55,508023.72
2023-02-28,13.53,13.62,13.28,13.61,810693.85
2023-03-01,13.6,13.68,13.51,13.65,668654.9
2023-03-02,13.61,13.75,13.42,13.46,927557.39
2023-03-03,13.48,13.62,13.31,13.59,831084.85
2023-03-06,13.55,13.59,13.17,13.31,1048920.76
2023-03-07,13.29,13.32,13.09,13.12,675469.27
2023-03-08,13.08,13.21,12.97,13.17,434244.26
2023-03-09,13.16,13.22,13.03,13.03,388324.75
2023-03-10,12.94,12.98,12.8,12.89,414632.36
2023-03-13,12.85,12.94,12.63,12.74,559286.19
2023-03-14,12.7,12.95,12.58,12.76,509109.51
2023-03-15,12.8,13.04,12.78,12.94,380054.55
2023-03-16,12.87,13.08,12.78,12.92,393124.08
2023-03-17,12.99,13.2,12.94,13.0,575992.74
2023-03-20,13.06,13.22,12.87,12.93,437677.69
2023-03-21,12.92,13.01,12.74,12.78,444189.99
2023-03-22,12.79,13.13,12.76,13.07,556011.64
2023-03-23,13.03,13.11,12.85,13.02,460677.06
2023-03-24,12.99,13.02,12.76,12.94,579089.11
2023-03-27,12.9,12.94,12.72,12.76,399652.74
2023-03-28,12.8,12.87,12.56,12.6,482181.19
2023-03-29,12.63,12.94,12.63,12.74,702896.91
2023-03-30,12.75,13.01,12.63,13.0,557710.59
2023-03-31,12.99,13.08,12.67,12.75,618111.87
2023-04-03,12.79,13.29,12.69,13.19,1206637.67
2023-04-04,13.17,13.27,13.07,13.22,499602.23
2023-04-06,13.2,13.29,13.08,13.18,406561.01
2023-04-07,13.22,13.76,13.22,13.63,1111959.71
2023-04-10,13.59,13.8,13.4,13.67,624097.58
2023-04-11,13.68,13.78,13.47,13.77,808039.02
2023-04-12,13.8,13.84,13.56,13.7,480555.62
2023-04-13,13.67,13.77,13.5,13.68,444913.38
2023-04-14,13.68,13.77,13.57,13.59,377620.18
2023-04-17,13.4,13.4,13.1,13.4,844911.12
2023-04-18,13.39,13.52,13.22,13.28,592873.36
2023-04-19,13.3,13.31,12.93,12.97,612228.06
2023-04-20,13.0,13.04,12.72,12.87,542049.2
2023-04-21,12.94,13.16,12.91,12.96,702080.8
2023-04-24,12.9,12.96,12.67,12.72,593367.27
2023-04-25,12.76,12.79,12.48,12.67,421150.91
2023-04-26,12.52,12.58,12.37,12.53,474164.38
2023-04-27,12.48,12.58,12.38,12.52,500167.44
2023-04-28,12.5,12.55,12.32,12.55,552505.66
2023-05-04,12.36,12.45,12.07,12.37,879648.34
2023-05-05,12.33,12.97,12.3,12.86,991085.12
2023-05-08,12.72,13.2,12.5,13.11,1073482.76
2023-05-09,13.01,13.71,12.96,13.31,1337429.9
2023-05-10,13.34,13.4,12.98,13.06,664621.37
2023-05-11,13.06,13.07,12.82,12.9,416799.15
2023-05-12,12.91,13.0,12.75,12.76,368031.8
2023-05-15,12.77,12.84,12.57,12.7,524010.06
2023-05-16,12.7,12.76,12.54,12.59,374348.67
2023-05-17,12.58,12.66,12.38,12.5,468385.38
2023-05-18,12.5,12.58,12.38,12.44,333045.88
2023-05-19,12.37,12.4,12.1,12.22,602034.07
2023-05-22,12.13,12.25,12.09,12.21,430752.1
2023-05-23,12.18,12.25,12.07,12.07,458492.16
2023-05-24,12.04,12.05,11.62,11.62,727929.05
2023-05-25,11.55,11.73,11.46,11.57,491277.68
2023-05-26,11.56,11.84,11.44,11.82,475340.08
2023-05-29,11.75,11.82,11.64,11.67,382190.85
2023-05-30,11.65,11.72,11.09,11.68,1004314.03
2023-05-31,11.64,11.87,11.48,11.49,636696.08
2023-06-01,11.46,11.61,11.26,11.56,506922.28
2023-06-02,11.61,12.36,11.58,12.25,1181174.05
2023-06-05,12.09,12.27,11.93,12.2,713554.02
2023-06-06,12.21,12.51,12.16,12.2,678589.33
2023-06-07,12.3,12.57,12.25,12.32,668282.74
2023-06-08,12.3,12.76,12.18,12.64,906532.46
2023-06-09,12.64,12.72,12.42,12.48,693267.27
2023-06-12,12.56,12.7,12.46,12.53,534079.99
2023-06-13,12.58,12.95,12.5,12.65,671569.9
2023-06-14,12.72,12.78,12.48,12.5,605997.12
2023-06-15,12.49,12.67,12.47,12.57,494810.41
2023-06-16,12.58,12.75,12.52,12.63,584424.13
2023-06-19,12.66,12.68,12.4,12.52,619149.03
2023-06-20,12.53,12.56,12.17,12.26,718004.61
2023-06-21,12.19,12.42,12.18,12.23,414588.94
2023-06-26,12.12,12.22,11.96,12.13,517178.07
2023-06-27,12.14,12.63,11.97,12.52,723903.8
2023-06-28,12.54,12.58,12.32,12.49,364726.22
2023-06-29,12.48,12.54,12.21,12.29,319051.72
2023-06-30,12.28,12.45,12.13,12.14,464546.46
2023-07-03,12.12,12.27,12.05,12.23,457458.18
2023-07-04,12.18,12.19,11.72,11.86,1074903.68
2023-07-05,11.82,11.87,11.69,11.78,669369.81
2023-07-06,11.77,12.05,11.7,11.97,584251.69
2023-07-07,12.11,12.17,11.8,11.93,524596.02
2023-07-10,11.95,12.04,11.8,11.84,374664.0
2023-07-11,11.98,12.07,11.81,11.87,412512.24
2023-07-12,11.8,11.83,11.5,11.59,854009.26
2023-07-13,11.61,11.74,11.58,11.72,463141.58
2023-07-14,11.69,11.86,11.58,11.74,488773.19
2023-07-17,11.72,11.72,11.56,11.61,279677.77
2023-07-18,11.58,11.79,11.52,11.72,464416.81
2023-07-19,11.67,11.97,11.66,11.88,553152.43
2023-07-20,11.88,12.06,11.8,11.89,585961.1
2023-07-21,11.86,12.08,11.85,12.0,600419.8
2023-07-24,12.03,12.08,11.63,11.75,552359.54
2023-07-25,12.16,12.8,12.16,12.78,2117997.37
2023-07-26,12.76,12.89,12.63,12.81,931753.1
2023-07-27,12.73,12.95,12.52,12.78,793625.76
2023-07-28,12.97,13.53,12.82,13.41,1555238.51
2023-07-31,13.47,13.77,13.21,13.26,1463647.26
2023-08-01,13.16,13.56,13.09,13.24,1051249.78
2023-08-02,13.23,13.49,13.17,13.22,669352.34
2023-08-03,13.14,13.5,13.03,13.46,899687.24
2023-08-04,13.69,13.76,13.31,13.42,1128566.17
2023-08-07,13.26,13.28,12.88,12.97,863881.68
2023-08-08,12.91,13.1,12.81,12.82,592067.3
2023-08-09,12.82,13.14,12.73,13.05,589808.43
2023-08-10,13.01,13.31,12.98,13.17,484865.26
2023-08-11,13.24,13.32,12.88,13.01,577519.07
2023-08-14,12.77,13.19,12.58,13.06,724943.23
2023-08-15,12.97,13.23,12.86,13.03,433636.25
2023-08-16,13.06,13.51,12.95,13.28,1027404.57
2023-08-17,13.15,13.38,13.1,13.28,550510.48
2023-08-18,13.4,13.56,13.2,13.2,720707.06
2023-08-21,13.16,13.23,12.87,12.95,594750.36
2023-08-22,12.96,13.08,12.83,12.95,450614.26
2023-08-23,12.93,13.06,12.77,12.77,446476.72
2023-08-24,12.8,12.94,12.52,12.65,461213.44
2023-08-25,12.7,13.36,12.65,13.03,850672.63
2023-08-28,13.87,13.88,13.26,13.38,1622578.31
2023-08-29,13.39,13.62,13.21,13.51,1157413.84
2023-08-30,13.56,13.77,13.48,13.75,1108232.04
2023-08-31,13.66,13.74,12.95,13.03,986237.9
2023-09-01,13.24,13.34,13.0,13.28,1043431.11
2023-09-04,13.43,13.63,13.16,13.18,1102293.62
2023-09-05,13.18,13.18,12.79,12.87,828665.04
2023-09-06,12.83,13.17,12.68,13.13,1030023.53
2023-09-07,13.04,13.28,12.92,13.09,506485.4
2023-09-08,13.02,13.12,12.88,13.02,301814.94
2023-09-11,13.01,13.06,12.65,12.81,725481.33
2023-09-12,12.75,12.79,12.63,12.68,513956.25
2023-09-13,12.67,12.83,12.62,12.68,490252.45
2023-09-14,12.66,12.7,12.52,12.63,478151.37
2023-09-15,12.68,12.71,12.4,12.45,643463.27
2023-09-18,12.4,12.41,12.14,12.24,808815.1
2023-09-19,12.29,12.3,12.14,12.2,463317.88
2023-09-20,12.18,12.43,12.13,12.3,404080.52
2023-09-21,12.45,12.63,12.33,12.36,513103.43
2023-09-22,12.3,12.48,12.27,12.44,443568.24
2023-09-25,12.38,12.4,11.99,12.02,931652.04
2023-09-26,12.02,12.1,11.91,11.97,371257.96
2023-09-27,11.94,11.99,11.85,11.91,453786.61
2023-09-28,11.94,12.02,11.83,11.87,345159.85
2023-10-09,11.79,11.81,11.61,11.72,558828.38
2023-10-10,11.72,11.79,11.61,11.64,438528.48
2023-10-11,11.66,11.7,11.47,11.58,566031.33
2023-10-12,11.6,11.72,11.53,11.71,413242.24
2023-10-13,11.6,11.72,11.54,11.6,333293.4
2023-10-16,11.58,11.66,11.22,11.28,645687.77
2023-10-17,11.28,11.37,11.03,11.2,589522.11
2023-10-18,11.16,11.22,11.06,11.17,426572.27
2023-10-19,11.11,11.16,10.81,10.84,532540.12
2023-10-20,10.84,10.91,10.62,10.75,778254.66
2023-10-23,10.67,10.81,10.51,10.63,560832.31
2023-10-24,10.65,10.8,10.59,10.67,511516.21
2023-10-25,10.77,10.86,10.6,10.62,660790.61
2023-10-26,10.54,10.58,10.36,10.48,450563.4
2023-10-27,10.44,10.55,10.21,10.47,709826.4
2023-10-30,10.3,10.33,9.97,10.16,1517986.38
2023-10-31,10.11,10.3,10.08,10.27,818333.48
2023-11-01,10.25,10.37,10.16,10.2,667129.91
2023-11-02,10.2,10.29,10.13,10.15,546418.63
2023-11-03,10.17,10.2,10.04,10.07,571761.01
2023-11-06,10.09,10.45,10.08,10.36,978006.46
2023-11-07,10.4,10.48,10.29,10.35,723994.75
2023-11-08,10.29,10.55,10.27,10.4,742896.91
2023-11-09,10.41,10.57,10.35,10.44,534233.99
2023-11-10,10.39,10.4,10.21,10.35,467793.76
2023-11-13,10.35,10.4,10.18,10.28,436555.16
2023-11-14,10.28,10.41,10.27,10.35,436404.27
2023-11-15,10.43,10.46,10.26,10.28,597528.83
2023-11-16,10.25,10.25,10.03,10.2,587983.88
2023-11-17,10.16,10.21,10.05,10.1,496738.01
2023-11-20,10.12,10.21,10.01,10.05,597940.84
2023-11-21,10.11,10.39,10.1,10.22,1053018.06
2023-11-22,10.16,10.31,10.11,10.11,524889.73
2023-11-23,10.14,10.49,10.0,10.44,1038099.38
2023-11-24,10.48,10.62,10.38,10.43,668100.22
2023-11-27,10.36,10.37,10.07,10.17,676968.98
2023-11-28,10.17,10.17,9.99,10.04,553122.93
2023-11-29,10.02,10.05,9.62,9.65,896603.63
2023-11-30,9.62,9.75,9.55,9.56,582762.9
2023-12-01,9.56,9.61,9.47,9.55,567582.66
2023-12-04,9.53,9.54,9.21,9.28,1004577.25
2023-12-05,9.24,9.29,8.98,9.0,762037.61
2023-12-06,8.98,9.24,8.88,9.18,774516.54
2023-12-07,9.14,9.25,9.07,9.19,514919.03
2023-12-08,9.17,9.18,9.02,9.11,721545.81
2023-12-11,9.04,9.04,8.74,8.96,850708.53
2023-12-12,9.41,9.79,9.24,9.64,2377338.91
2023-12-13,9.39,9.53,9.3,9.43,1630728.47
2023-12-14,9.45,9.59,9.25,9.25,1081152.81
2023-12-15,9.45,9.65,9.38,9.49,1555172.13
2023-12-18,9.38,9.9,9.34,9.55,1513754.66
2023-12-19,9.51,9.63,9.29,9.41,911703.39
2023-12-20,9.37,9.39,9.17,9.19,897959.8
2023-12-21,9.12,9.27,9.08,9.23,836914.66
2023-12-22,9.21,9.21,9.0,9.18,835636.99
2023-12-25,9.11,9.22,9.06,9.07,499299.2
2023-12-26,9.05,9.08,8.85,8.89,695338.08
2023-12-27,8.87,8.96,8.81,8.84,570609.25
2023-12-28,8.82,9.31,8.71,9.27,1130661.07
2023-12-29,9.23,9.39,9.15,9.23,754860.72
2024-01-02,9.18,9.21,8.78,8.79,1172785.68
2024-01-03,8.77,8.93,8.69,8.77,899725.52
2024-01-04,8.74,8.76,8.43,8.53,1050957.48
2024-01-05,8.5,8.73,8.44,8.55,1018851.81
2024-01-08,8.55,8.61,8.43,8.44,674551.32
2024-01-09,8.44,8.56,8.33,8.5,688930.95
2024-01-10,8.44,8.55,8.39,8.45,519694.57
2024-01-11,8.41,8.54,8.3,8.49,715589.6
2024-01-12,8.43,8.66,8.42,8.52,760363.61
2024-01-15,8.46,8.54,8.3,8.41,844441.84
2024-01-16,8.35,8.43,8.18,8.31,1002387.46
2024-01-17,8.25,8.29,8.08,8.08,864157.02
2024-01-18,8.02,8.26,8.0,8.24,1039591.72
2024-01-19,8.18,8.32,8.15,8.27,749154.99
2024-01-22,8.16,8.32,7.95,8.13,1283073.57
2024-01-23,8.09,8.2,7.99,8.16,965846.97
2024-01-24,8.18,8.38,8.06,8.37,1110588.71
2024-01-25,8.41,9.01,8.4,8.95,1999886.01
2024-01-26,9.06,9.31,8.98,9.24,2039764.09
2024-01-29,9.49,9.55,9.25,9.31,1817640.73
2024-01-30,9.2,9.39,9.05,9.11,1198508.35
2024-01-31,8.99,9.12,8.74,8.89,1410400.55
2024-02-01,8.8,8.85,8.57,8.61,1019267.79
2024-02-02,8.61,8.98,8.43,8.73,1130368.37
2024-02-05,8.68,8.84,8.42,8.65,1215489.29
2024-02-06,8.51,8.91,8.43,8.8,1173647.1
2024-02-07,8.81,8.87,8.63,8.84,1173287.54
2024-02-08,8.91,9.3,8.87,9.29,1193496.23
2024-02-19,9.22,9.22,8.88,9.14,1357051.86
2024-02-20,9.27,9.59,9.09,9.19,1230913.8
2024-02-21,9.1,9.65,8.98,9.4,1617542.55
2024-02-22,9.31,9.38,9.24,9.31,878801.16
2024-02-23,9.3,9.39,9.24,9.32,755136.25
2024-02-26,9.27,9.28,9.09,9.15,955312.6
2024-02-27,9.06,9.2,9.06,9.2,812331.8
2024-02-28,9.2,9.26,9.04,9.06,1136884.26
2024-02-29,8.95,9.15,8.95,9.11,944624.57
2024-03-01,9.07,9.15,8.83,8.93,1199335.49
2024-03-04,8.84,8.86,8.52,8.6,1484765.32
2024-03-05,8.54,8.8,8.5,8.74,1203136.53
2024-03-06,8.68,8.7,8.52,8.57,855872.36
2024-03-07,8.57,8.63,8.5,8.51,784597.87
2024-03-08,8.5,8.53,8.37,8.43,733728.24
2024-03-11,8.46,8.83,8.44,8.83,1569677.64
2024-03-12,8.78,9.37,8.74,9.28,1968065.25
2024-03-13,9.19,9.25,8.99,9.01,1006850.49
2024-03-14,8.98,9.25,8.95,9.11,970572.49
2024-03-15,9.04,9.2,8.96,9.03,696424.41
2024-03-18,8.99,9.03,8.79,8.85,1020653.93
2024-03-19,8.82,8.84,8.68,8.69,738237.23
2024-03-20,8.66,8.77,8.61,8.68,656059.47
2024-03-21,8.66,8.91,8.65,8.84,1103578.07
2024-03-22,8.78,8.81,8.57,8.73,890651.79
2024-03-25,8.7,9.15,8.68,9.01,1497737.56
2024-03-26,8.99,9.12,8.89,9.05,941727.5
2024-03-27,9.01,9.03,8.73,8.8,908196.83
2024-03-28,8.77,8.84,8.68,8.71,886953.35
2024-03-29,8.59,8.69,8.4,8.51,1324120.01
2024-04-01,8.47,8.7,8.41,8.47,1600343.41
2024-04-02,8.46,8.46,8.16,8.22,1822327.92
2024-04-03,8.15,8.26,8.12,8.17,882442.92
2024-04-08,8.13,8.14,7.97,7.99,1088691.12
2024-04-09,8.02,8.04,7.87,7.91,1007963.63
2024-04-10,7.88,7.89,7.52,7.58,1539141.43
2024-04-11,7.47,7.63,7.34,7.61,1143064.41
2024-04-12,7.54,7.61,7.35,7.36,1080507.24
2024-04-15,7.33,7.53,7.28,7.39,990123.54
2024-04-16,7.33,7.57,7.21,7.46,1185828.8
2024-04-17,7.38,7.6,7.37,7.53,976900.97
2024-04-18,7.48,7.7,7.41,7.62,1072719.99
2024-04-19,7.56,7.68,7.52,7.55,604577.91
2024-04-22,7.52,7.65,7.46,7.54,701180.17
2024-04-23,7.58,7.61,7.47,7.49,652434.96
2024-04-24,7.47,7.55,7.41,7.46,686308.43
2024-04-25,7.46,7.58,7.38,7.46,915473.3
2024-04-26,7.45,8.09,7.4,8.05,2487306.84
2024-04-29,7.97,8.71,7.93,8.65,3366040.5
2024-04-30,8.56,8.57,8.2,8.3,2261921.24
2024-05-06,8.51,8.64,8.2,8.23,2488272.45
2024-05-07,8.16,8.7,8.14,8.64,2551075.17
2024-05-08,8.53,8.56,8.37,8.37,1088568.07
2024-05-09,8.5,8.8,8.42,8.58,1662404.09
2024-05-10,8.7,9.07,8.6,9.06,3011847.46
2024-05-13,8.87,9.03,8.82,8.89,1482754.8
2024-05-14,8.85,9.05,8.8,8.93,1272013.11
2024-05-15,8.89,9.59,8.88,9.2,2750732.51
2024-05-16,9.2,9.68,9.14,9.49,2611881.14
2024-05-17,9.59,10.44,9.3,10.44,4272435.17
2024-05-20,10.39,10.9,10.07,10.33,3670578.09
2024-05-21,10.23,10.6,10.15,10.43,1736336.61
2024-05-22,10.38,11.08,10.31,10.51,2471976.58
2024-05-23,10.28,10.38,10.0,10.17,2178416.95
2024-05-24,10.07,10.11,9.83,9.9,1354301.13
2024-05-27,9.91,9.96,9.53,9.85,1556679.75
2024-05-28,9.96,10.07,9.58,9.66,1500529.7
2024-05-29,9.71,9.88,9.66,9.73,918617.58
2024-05-30,9.62,9.78,9.44,9.53,1022702.74
2024-05-31,9.55,9.73,9.48,9.53,1047222.62
2024-06-03,9.4,9.64,9.39,9.54,817210.38
2024-06-04,9.55,9.9,9.47,9.84,1542425.25
2024-06-05,9.8,9.84,9.62,9.63,658912.54
2024-06-06,9.62,9.7,9.49,9.59,620700.86
2024-06-07,9.58,9.8,9.57,9.71,741122.92
2024-06-11,9.62,9.93,9.49,9.53,1139823.33
2024-06-12,9.5,9.6,9.37,9.42,711836.41
2024-06-13,9.52,9.53,9.13,9.19,1075527.26
2024-06-14,9.14,9.49,9.08,9.32,832242.94
2024-06-17,9.21,9.29,9.02,9.13,873436.32
2024-06-18,9.12,9.21,8.98,8.99,699520.38
2024-06-19,9.01,9.1,8.85,8.98,569661.18
2024-06-20,8.98,8.99,8.7,8.75,723141.89
2024-06-21,8.81,8.87,8.74,8.8,494169.65
2024-06-24,8.74,8.76,8.58,8.64,730738.35
2024-06-25,8.67,8.94,8.51,8.74,855118.51
2024-06-26,8.67,8.68,8.5,8.61,709765.45
2024-06-27,8.62,8.69,8.35,8.36,966695.33
2024-06-28,8.33,8.44,8.11,8.16,1330763.02
2024-07-01,8.22,8.84,8.18,8.68,1987048.83
2024-07-02,8.67,8.83,8.37,8.42,1242405.41
2024-07-03,8.43,8.66,8.19,8.5,1260503.95
2024-07-04,8.46,8.51,8.22,8.25,935808.47
2024-07-05,8.28,8.41,8.13,8.2,848088.54
2024-07-08,8.17,8.18,7.9,7.97,1066508.5
2024-07-09,7.98,8.04,7.81,7.98,998540.42
2024-07-10,7.88,8.06,7.71,7.94,741834.02
2024-07-11,8.03,8.19,7.94,8.1,954138.84
2024-07-12,8.34,8.64,8.25,8.41,1769038.94
2024-07-15,8.26,8.53,8.22,8.39,945542.3
2024-07-16,8.37,8.62,8.27,8.48,972811.76
2024-07-17,8.5,8.84,8.46,8.71,1362438.83
2024-07-18,8.68,8.87,8.56,8.84,1156433.47
2024-07-19,8.73,8.78,8.46,8.57,1212998.34
2024-07-22,8.57,8.58,8.34,8.52,857108.09
2024-07-23,8.54,8.61,8.38,8.4,715493.9
2024-07-24,8.4,8.49,8.09,8.14,745847.25
2024-07-25,8.14,8.39,8.1,8.21,795389.67
2024-07-26,8.23,8.49,8.2,8.31,803131.72
2024-07-29,8.3,8.31,7.97,8.01,1028173.52
2024-07-30,8.03,8.23,7.98,8.15,928749.49
2024-07-31,8.17,8.65,8.0,8.63,1334531.17
2024-08-01,8.59,8.67,8.25,8.28,1255159.63
2024-08-02,8.17,8.24,8.08,8.11,977491.93
2024-08-05,8.0,8.4,7.98,8.08,1301103.0
2024-08-06,8.15,8.47,8.12,8.4,1260067.44
2024-08-07,8.35,8.37,8.19,8.29,658364.43
2024-08-08,8.34,8.63,8.16,8.3,1257316.02
2024-08-09,8.24,8.67,8.23,8.37,1795180.0
2024-08-12,8.31,8.34,8.05,8.08,1137055.86
2024-08-13,8.07,8.09,7.97,8.05,617589.39
2024-08-14,8.04,8.07,7.95,7.99,509986.1
2024-08-15,7.95,8.14,7.91,8.04,1093628.16
2024-08-16,8.01,8.06,7.9,8.01,781356.1
2024-08-19,7.97,8.13,7.91,8.01,813330.0
2024-08-20,8.01,8.06,7.83,7.87,792066.63
2024-08-21,7.81,7.84,7.62,7.7,1138393.98
2024-08-22,7.71,7.89,7.68,7.79,1236161.89
2024-08-23,7.73,7.91,7.68,7.74,946570.88
2024-08-26,7.74,8.01,7.64,7.85,1171859.02
2024-08-27,7.83,7.84,7.6,7.63,869706.03
2024-08-28,7.62,7.65,7.53,7.55,641015.09
2024-08-29,7.54,7.61,7.47,7.55,603124.84
2024-08-30,7.57,8.3,7.54,7.95,2956643.65
2024-09-02,7.84,7.87,7.66,7.68,1294164.03
2024-09-03,7.66,7.85,7.56,7.72,1225211.67
2024-09-04,7.65,7.82,7.52,7.54,1398239.49
2024-09-05,7.61,7.69,7.56,7.62,915293.65
2024-09-06,7.58,7.59,7.52,7.53,705935.44
2024-09-09,7.46,7.47,7.3,7.38,745442.0
2024-09-10,7.36,7.4,7.14,7.29,945111.71
2024-09-11,7.26,7.45,7.22,7.35,698622.42
2024-09-12,7.34,7.49,7.31,7.33,504655.03
2024-09-13,7.37,7.44,7.31,7.32,651669.01
2024-09-18,7.35,7.58,7.21,7.47,1223463.05
2024-09-19,7.54,7.89,7.51,7.74,2023200.78
2024-09-20,7.55,7.9,7.53,7.88,1842986.19
2024-09-23,7.79,8.03,7.76,7.91,1353166.31
2024-09-24,8.07,8.18,7.73,8.0,2792524.68
2024-09-25,8.06,8.51,8.04,8.11,2747566.87
2024-09-26,8.04,8.93,8.04,8.93,3499780.64
2024-09-27,9.4,9.82,9.37,9.82,4466307.14
2024-09-30,10.8,10.8,10.03,10.8,6359777.36
2024-10-08,11.87,11.87,10.14,10.76,6861207.56
2024-10-09,10.37,10.37,9.68,9.68,3951320.44
2024-10-10,9.41,10.13,9.3,9.82,3329522.72
2024-10-11,9.75,10.18,9.55,10.03,2821756.86
2024-10-14,10.36,10.91,10.19,10.56,3638268.6
2024-10-15,10.36,10.96,10.25,10.7,2900894.19
2024-10-16,10.9,11.31,10.65,11.15,4091581.38
2024-10-17,11.11,11.11,10.08,10.1,3808817.09
2024-10-18,9.89,10.51,9.69,10.25,2904480.63
2024-10-21,10.25,10.58,10.01,10.53,2338117.13
2024-10-22,10.47,10.81,10.4,10.73,1710524.67
2024-10-23,10.68,10.88,10.62,10.71,1476060.18
2024-10-24,10.63,10.75,10.43,10.49,1123162.18
2024-10-25,10.47,10.74,10.44,10.48,1153326.66
2024-10-28,10.43,10.75,10.42,10.68,1229096.11
2024-10-29,10.53,10.85,10.38,10.39,1249560.84
2024-10-30,10.39,10.64,10.3,10.44,1498619.28
2024-10-31,10.37,10.91,10.3,10.57,1828835.54
2024-11-01,10.67,11.07,10.62,10.71,2115002.37
2024-11-04,10.8,10.81,10.45,10.65,1415145.11
2024-11-05,10.59,11.01,10.52,10.9,1680474.08
2024-11-06,10.88,11.32,10.57,11.1,2569238.1
2024-11-07,10.92,11.45,10.82,11.4,3003947.05
2024-11-08,11.54,11.57,10.86,10.94,2603126.37
2024-11-11,10.7,10.82,10.46,10.68,1964767.15
2024-11-12,10.63,10.83,10.52,10.59,1305691.87
2024-11-13,10.53,10.62,10.31,10.4,1294202.47
2024-11-14,10.6,10.61,10.16,10.16,1567192.26
2024-11-15,10.09,10.19,9.89,9.89,1243184.33
2024-11-18,9.98,10.26,9.9,9.96,1584104.14
2024-11-19,9.99,10.03,9.74,9.96,1268354.97
2024-11-20,9.89,9.99,9.81,9.93,857303.71
2024-11-21,9.89,9.96,9.77,9.85,766748.16
2024-11-22,9.84,9.89,9.5,9.52,1106150.55
2024-11-25,9.52,9.65,9.43,9.53,917113.77
2024-11-26,9.51,9.78,9.46,9.64,960426.45
2024-11-27,9.62,9.82,9.51,9.79,1210335.22
2024-11-28,9.77,9.9,9.72,9.82,1068640.14
2024-11-29,9.82,10.21,9.79,10.02,1664314.67
2024-12-02,9.93,10.11,9.83,10.02,1329403.71
2024-12-03,9.99,10.19,9.93,10.09,1078758.46
2024-12-04,10.04,10.1,9.86,9.89,804685.7
2024-12-05,9.87,9.9,9.75,9.84,636660.87
2024-12-06,9.83,10.02,9.78,9.93,839193.0
2024-12-09,9.93,9.95,9.63,9.66,1289511.24
2024-12-10,10.23,10.23,9.82,9.82,2194811.73
2024-12-11,9.8,10.02,9.75,9.94,1312021.15
2024-12-12,9.94,10.04,9.82,9.99,1016635.9
2024-12-13,9.91,9.92,9.59,9.63,1814117.83
2024-12-16,9.64,9.69,9.26,9.3,1478610.24
2024-12-17,9.3,9.31,9.18,9.21,807135.86
2024-12-18,9.26,9.34,9.17,9.2,750902.62
2024-12-19,9.05,9.19,9.02,9.19,743508.64
2024-12-20,9.15,9.21,9.02,9.14,985490.43
2024-12-23,9.11,9.23,8.99,9.02,950417.84
2024-12-24,9.0,9.08,8.97,9.04,922187.78
2024-12-25,9.02,9.05,8.87,8.99,1094079.1
2024-12-26,8.97,9.0,8.85,8.89,1043387.24
2024-12-27,8.88,8.98,8.84,8.94,869013.08
2024-12-30,8.89,8.96,8.76,8.8,1241940.8
2024-12-31,8.8,8.93,8.65,8.67,1165445.51
2025-01-02,8.65,8.79,8.43,8.5,1273310.73
2025-01-03,8.5,8.56,8.31,8.36,1078567.31
2025-01-06,8.35,8.36,8.19,8.36,1010292.97
2025-01-07,8.33,8.51,8.22,8.49,1042318.99
2025-01-08,8.43,8.49,8.31,8.42,843759.84
2025-01-09,8.41,8.5,8.34,8.46,671247.07
2025-01-10,8.44,8.57,8.28,8.29,738847.18
2025-01-13,8.22,8.45,8.15,8.45,871190.16
2025-01-14,8.42,8.59,8.42,8.58,971042.12
2025-01-15,8.56,8.6,8.42,8.54,690145.6
2025-01-16,8.55,8.65,8.37,8.48,970053.56
2025-01-17,8.27,8.58,8.26,8.48,1065147.89
2025-01-20,8.46,8.54,8.25,8.42,1244043.88
2025-01-21,8.43,8.84,8.38,8.51,2370144.63
2025-01-22,8.39,8.4,8.12,8.12,1719081.13
2025-01-23,8.2,8.41,8.17,8.21,1620106.76
2025-01-24,8.21,8.3,8.14,8.24,1012359.5
2025-01-27,8.25,8.39,8.14,8.14,1028103.82
2025-02-05,8.17,8.2,8.0,8.05,941530.67
2025-02-06,8.05,8.2,8.04,8.11,930146.86
2025-02-07,8.09,8.36,8.05,8.27,1532733.77
2025-02-10,8.22,8.34,8.21,8.29,917453.28
2025-02-11,8.32,8.34,8.09,8.11,1095617.82
2025-02-12,8.13,8.45,8.0,8.41,1835008.3
2025-02-13,8.3,8.53,8.25,8.41,2256344.41
2025-02-14,8.37,8.42,8.23,8.34,1173622.54
2025-02-17,8.34,8.42,8.28,8.3,1308357.85
2025-02-18,8.3,8.3,8.09,8.14,1045919.45
2025-02-19,8.12,8.21,8.07,8.15,967869.71
2025-02-20,8.11,8.14,8.02,8.03,1022299.21
2025-02-21,8.03,8.09,7.99,8.03,1147910.25
2025-02-24,8.03,8.25,7.99,8.17,1684540.35
2025-02-25,8.11,8.25,8.07,8.16,1336694.61
2025-02-26,8.25,8.53,8.24,8.45,2224849.77
2025-02-27,8.49,8.67,8.46,8.62,2160757.23
2025-02-28,8.63,8.76,8.51,8.51,2173808.0
2025-03-03,8.58,8.76,8.51,8.55,1563042.05
2025-03-04,8.5,8.57,8.36,8.56,1152796.62
2025-03-05,8.54,8.58,8.37,8.43,1164436.3
2025-03-06,8.48,8.71,8.44,8.71,1863078.33
2025-03-07,8.63,8.65,8.52,8.61,1277142.04
2025-03-10,8.65,8.71,8.46,8.51,925522.87
2025-03-11,8.44,8.46,8.34,8.45,985470.83
2025-03-12,8.43,8.43,8.32,8.36,966979.94
2025-03-13,8.34,8.39,8.25,8.32,730018.58
2025-03-14,8.31,8.51,8.31,8.51,1918305.98
2025-03-17,8.51,8.63,8.51,8.56,998531.13
2025-03-18,8.56,8.63,8.49,8.52,787958.01
2025-03-19,8.52,8.53,8.43,8.46,676722.92
2025-03-20,8.46,8.51,8.4,8.43,666082.01
2025-03-21,8.41,8.44,8.28,8.35,959053.75
2025-03-24,8.33,8.34,8.23,8.28,676261.73
2025-03-25,8.27,8.4,8.23,8.34,682335.54
2025-03-26,8.33,8.45,8.29,8.33,735711.68
2025-03-27,8.32,8.35,8.25,8.29,569254.9
2025-03-28,8.3,8.32,8.22,8.27,539569.65
2025-03-31,8.24,8.25,8.05,8.08,752910.4
2025-04-01,8.1,8.12,8.04,8.06,694633.64
2025-04-02,8.05,8.13,8.03,8.11,712080.15
2025-04-03,8.06,8.38,8.05,8.21,1380550.75
2025-04-07,7.97,8.03,7.54,7.76,1936657.28
2025-04-08,7.77,8.37,7.76,8.32,2438714.37
2025-04-09,8.28,8.73,8.19,8.73,2560821.61
2025-04-10,8.61,8.79,8.42,8.79,1815451.3
2025-04-11,8.69,8.69,8.49,8.54,1184882.92
2025-04-14,8.45,8.54,8.43,8.49,700634.01
2025-04-15,8.46,8.49,8.37,8.48,636945.11
2025-04-16,8.47,8.64,8.45,8.64,1308310.67
2025-04-17,8.61,9.12,8.57,9.0,2755595.66
2025-04-18,8.91,9.04,8.83,9.0,1108918.56
2025-04-21,8.95,8.96,8.85,8.87,806602.05
2025-04-22,8.86,8.91,8.78,8.82,651845.36
2025-04-23,8.81,8.84,8.62,8.65,969918.45
2025-04-24,8.64,8.79,8.56,8.67,822571.72
2025-04-25,8.69,8.95,8.5,8.57,1943374.67
2025-04-28,8.43,8.47,8.1,8.13,1878450.1
2025-04-29,8.17,8.23,8.13,8.15,630724.56
2025-04-30,8.13,8.32,8.11,8.19,869908.65
2025-05-06,8.2,8.23,8.16,8.17,1084297.69
2025-05-07,8.47,8.52,8.25,8.32,1600770.28
2025-05-08,8.26,8.31,8.25,8.26,748455.18
2025-05-09,8.27,8.28,8.05,8.07,1167040.0
2025-05-12,8.09,8.13,8.06,8.12,798537.35
2025-05-13,8.15,8.18,8.1,8.12,617246.0
2025-05-14,8.11,8.24,8.05,8.17,1013443.43
2025-05-15,8.13,8.2,8.06,8.07,711949.47
2025-05-16,8.08,8.11,8.02,8.09,746578.1
2025-05-19,8.08,8.14,8.04,8.1,648897.47
2025-05-20,8.1,8.11,8.06,8.08,479515.49
2025-05-21,8.08,8.09,8.03,8.05,652930.89
2025-05-22,8.04,8.05,7.98,8.0,654223.62
2025-05-23,7.99,8.05,7.92,7.92,632551.16
2025-05-26,7.9,7.95,7.85,7.9,551790.55
2025-05-27,7.9,7.97,7.89,7.93,410074.94
2025-05-28,7.95,7.96,7.9,7.91,283362.58
2025-05-29,7.92,7.97,7.89,7.94,551531.27
2025-05-30,7.94,7.97,7.91,7.96,528735.41
2025-06-03,7.9,7.96,7.88,7.94,477520.25
2025-06-04,7.94,8.01,7.93,8.0,532558.23
2025-06-05,8.01,8.07,7.99,8.02,635754.62
2025-06-06,8.02,8.04,7.96,7.99,482754.65
2025-06-09,8.0,8.01,7.96,7.99,594009.46
2025-06-10,7.99,8.06,7.9,7.95,754732.39
2025-06-11,7.95,8.01,7.93,7.99,554669.48
2025-06-12,7.99,8.0,7.94,7.97,499356.0
2025-06-13,7.95,7.96,7.88,7.89,749945.65
2025-06-16,7.93,8.1,7.91,8.06,1312419.02
2025-06-17,8.04,8.05,7.94,7.95,708540.29
2025-06-18,7.95,7.96,7.81,7.84,947166.46
2025-06-19,7.83,7.84,7.63,7.71,914962.19
2025-06-20,7.71,7.75,7.65,7.72,583693.35
2025-06-23,7.66,7.73,7.61,7.71,512217.56
2025-06-24,7.73,7.8,7.7,7.8,697219.28
2025-06-25,7.79,7.89,7.75,7.88,792524.71
2025-06-26,7.88,7.9,7.85,7.87,666680.5
2025-06-27,7.87,8.03,7.86,7.88,951975.6
2025-06-30,7.89,8.0,7.86,7.93,629533.81
2025-07-01,7.94,7.95,7.82,7.85,914307.93
2025-07-02,7.86,7.93,7.83,7.91,826136.1
2025-07-03,7.92,8.0,7.9,7.94,822634.41
2025-07-04,7.93,7.96,7.89,7.9,836676.05
2025-07-07,7.88,8.03,7.87,7.99,1184212.0
2025-07-08,7.98,8.05,7.95,8.05,948738.07
2025-07-09,8.04,8.08,7.97,7.98,1298538.1
2025-07-10,7.98,8.25,7.97,8.16,2259255.9
2025-07-11,8.16,8.2,8.08,8.08,1441206.27
2025-07-14,8.07,8.12,7.96,7.97,1409268.98
2025-07-15,7.94,7.96,7.78,7.84,1726670.19
2025-07-16,7.82,7.87,7.78,7.81,918553.87
2025-07-17,7.81,7.84,7.78,7.82,662627.87
2025-07-18,7.83,7.85,7.81,7.85,747758.72
2025-07-21,7.85,7.89,7.83,7.88,983049.55
2025-07-22,7.89,8.05,7.82,8.03,2019345.09
2025-07-23,8.03,8.17,8.0,8.03,1965463.05
2025-07-24,8.01,8.2,8.01,8.16,2160834.09
2025-07-25,8.15,8.29,8.12,8.2,1802133.31
2025-07-28,8.2,8.37,8.07,8.31,1896972.54
2025-07-29,8.3,8.33,8.19,8.24,1336829.97
2025-07-30,8.22,8.34,8.13,8.14,1650388.35
2025-07-31,8.1,8.13,7.78,7.81,2869598.25
2025-08-01,7.8,7.84,7.75,7.78,1114412.92
2025-08-04,7.82,7.82,7.76,7.82,899118.83
2025-08-05,7.82,7.88,7.8,7.87,1008545.27
2025-08-06,7.86,7.86,7.8,7.84,790032.24
2025-08-07,7.83,7.88,7.78,7.87,1133345.25
2025-08-08,7.85,7.87,7.81,7.84,744323.62
2025-08-11,7.87,7.92,7.86,7.86,1129446.49
2025-08-12,7.86,7.9,7.84,7.85,974014.43
2025-08-13,7.87,7.88,7.81,7.83,1072510.58
2025-08-14,7.84,7.96,7.82,7.84,1929718.75
2025-08-15,7.84,8.02,7.82,7.98,2638366.3
2025-08-18,7.99,8.01,7.86,7.86,2240155.73
2025-08-19,7.89,7.95,7.81,7.82,2660594.21
2025-08-20,7.83,7.93,7.77,7.87,1724266.23
2025-08-21,7.88,7.98,7.85,7.93,1750597.33
2025-08-22,7.92,7.97,7.87,7.96,1406117.53
2025-08-25,8.0,8.55,7.99,8.3,5246582.68
2025-08-26,8.26,8.27,8.18,8.22,1871566.7
2025-08-27,8.2,8.22,7.97,7.98,2611766.53
2025-08-28,7.99,8.04,7.86,7.96,2000209.91
2025-08-29,8.05,8.1,7.92,7.96,3078035.22
2025-09-01,7.96,8.01,7.86,7.89,2560174.81
2025-09-02,7.87,7.91,7.77,7.82,2210992.31
2025-09-03,7.83,7.85,7.68,7.73,1763823.86
2025-09-04,7.72,7.76,7.68,7.72,1285393.01
2025-09-05,7.72,7.75,7.69,7.74,1369113.27
2025-09-08,7.78,7.83,7.73,7.76,2361230.83
2025-09-09,7.78,7.89,7.75,7.88,2842016.96
2025-09-10,7.85,7.85,7.79,7.83,1450720.06
2025-09-11,7.8,7.82,7.75,7.82,1595687.44
2025-09-12,7.83,8.0,7.83,7.87,2926588.91
2025-09-15,7.86,7.97,7.81,7.96,2472357.97
2025-09-16,7.94,8.01,7.88,7.98,1906796.53
2025-09-17,7.96,8.03,7.9,8.0,2039853.78
2025-09-18,7.95,7.96,7.73,7.76,2606947.83
2025-09-19,7.77,7.95,7.69,7.93,2611281.75
2025-09-22,7.86,7.89,7.78,7.82,1740405.79
2025-09-23,7.76,7.78,7.58,7.62,1940203.0
2025-09-24,7.58,7.78,7.57,7.66,1461776.28
2025-09-25,7.64,7.69,7.59,7.66,1423922.93
2025-09-26,7.63,7.9,7.62,7.72,2159228.63
2025-09-29,7.7,7.78,7.61,7.72,1629463.45
2025-09-30,7.7,7.88,7.69,7.86,2508932.19
2025-10-09,7.82,7.89,7.62,7.88,2745025.87
2025-10-10,7.79,8.0,7.78,7.93,2325278.51
2025-10-13,7.78,7.96,7.71,7.89,2387582.12
2025-10-14,7.88,7.99,7.84,7.88,1887765.77
2025-10-15,7.86,7.92,7.78,7.87,1371287.13
2025-10-16,7.84,7.87,7.77,7.82,1316818.2
2025-10-17,7.81,7.91,7.74,7.75,1797608.04
2025-10-20,7.78,7.8,7.69,7.71,1186558.15
2025-10-21,7.71,7.77,7.68,7.72,1285501.86
2025-10-22,7.64,7.71,7.56,7.58,2516636.27
2025-10-23,7.58,7.59,7.44,7.51,1613923.23
2025-10-24,7.5,7.52,7.47,7.49,866302.23
2025-10-27,7.5,7.51,7.47,7.48,1050488.5
2025-10-28,7.48,7.49,7.41,7.42,1168446.51
2025-10-29,7.42,7.44,7.36,7.44,1160823.7
2025-10-30,7.42,7.44,7.32,7.33,1542014.0
2025-10-31,7.33,7.35,7.31,7.33,920040.6
2025-11-03,7.35,7.35,7.27,7.3,902242.31
2025-11-04,7.28,7.29,7.19,7.21,1418930.65
2025-11-05,7.15,7.21,7.13,7.18,817149.27
2025-11-06,7.16,7.19,7.15,7.17,846612.62
2025-11-07,7.15,7.23,7.15,7.18,826693.44
2025-11-10,7.21,7.28,7.19,7.27,1235971.63
2025-11-11,7.28,7.32,7.25,7.29,1029217.03
2025-11-12,7.3,7.31,7.26,7.27,798327.72
2025-11-13,7.26,7.29,7.21,7.28,830745.7
2025-11-14,7.26,7.31,7.25,7.25,1010661.44
2025-11-17,7.24,7.27,7.23,7.25,726012.6
2025-11-18,7.24,7.25,7.08,7.08,1551288.1
2025-11-19,7.08,7.09,6.93,6.95,1510275.09
2025-11-20,6.95,7.18,6.86,7.07,2488973.36
2025-11-21,6.99,7.07,6.93,6.93,1267380.95
2025-11-24,6.93,7.06,6.93,7.0,1095077.54
2025-11-25,6.99,7.03,6.95,6.98,844101.92
2025-11-26,6.98,6.99,6.87,6.87,1060393.05
2025-11-27,6.77,6.83,6.66,6.77,1290220.53
2025-11-28,6.75,6.78,6.68,6.76,983949.84
