date,open,high,low,close,volume
2010-01-04,14.31,14.97,14.31,14.68,478212.06
2010-01-05,14.68,14.99,14.61,14.78,257679.82
2010-01-06,14.76,14.8,14.44,14.52,193714.87
2010-01-07,14.44,14.73,14.32,14.37,225992.61
2010-01-08,14.28,15.01,14.23,14.71,288408.7
2010-01-11,15.01,15.32,14.67,14.92,355985.01
2010-01-12,14.92,15.02,14.66,14.81,322833.34
2010-01-13,14.46,15.41,14.42,15.1,445259.29
2010-01-14,15.13,15.97,14.99,15.82,378923.59
2010-01-15,15.8,15.92,15.58,15.68,179329.39
2010-01-18,15.73,17.22,15.72,16.82,525890.69
2010-01-19,16.87,17.0,16.58,16.87,312428.61
2010-01-20,16.85,16.85,16.02,16.14,348823.25
2010-01-21,16.15,16.77,15.83,16.17,337459.5
2010-01-22,16.07,16.5,15.58,15.85,384157.56
2010-01-25,15.81,15.81,15.09,15.16,265301.13
2010-01-26,15.1,15.34,14.65,15.22,312505.51
2010-01-27,15.09,15.3,14.8,14.91,184483.73
2010-01-28,14.89,15.21,14.85,15.21,177116.97
2010-01-29,15.09,15.53,15.01,15.21,203529.53
2010-02-01,15.09,15.12,14.35,14.53,283348.46
2010-02-02,14.64,14.72,14.08,14.15,228252.7
2010-02-03,14.19,14.61,13.68,14.53,277890.17
2010-02-04,14.37,15.81,14.27,15.39,421805.66
2010-02-05,15.01,15.38,14.73,14.94,275254.66
2010-02-08,14.94,15.38,14.83,15.01,159890.77
2010-02-09,15.05,15.34,14.9,15.13,142840.32
2010-02-10,15.22,15.27,15.05,15.24,103192.02
2010-02-11,15.25,15.27,14.92,14.98,103189.46
2010-02-12,14.99,15.39,14.99,15.32,118145.33
2010-02-22,15.32,16.25,15.24,15.75,268082.86
2010-02-23,15.73,15.89,15.47,15.8,152017.7
2010-02-24,15.68,15.96,15.59,15.93,158633.14
2010-02-25,15.99,16.09,15.87,15.99,242520.55
2010-02-26,15.95,15.95,15.65,15.7,169139.93
2010-03-01,15.58,15.67,15.3,15.55,284796.32
2010-03-02,15.55,15.55,15.18,15.26,245954.31
2010-03-03,15.26,15.57,15.22,15.56,247614.21
2010-03-04,15.55,15.66,14.89,14.94,223717.2
2010-03-05,14.97,15.25,14.85,15.1,191361.99
2010-03-08,15.18,15.48,15.18,15.32,169783.65
2010-03-09,15.41,15.56,15.26,15.36,183841.48
2010-03-10,15.28,15.4,14.91,14.95,177564.22
2010-03-11,14.99,15.03,14.68,14.81,165699.85
2010-03-12,14.93,15.02,14.75,14.77,130953.46
2010-03-15,14.85,14.96,14.42,14.44,196568.81
2010-03-16,14.5,14.98,14.5,14.85,230414.78
2010-03-17,14.93,15.58,14.79,15.36,313109.01
2010-03-18,15.42,15.42,15.19,15.29,172493.47
2010-03-19,15.26,15.54,15.19,15.48,200744.34
2010-03-22,15.5,15.62,15.39,15.54,212793.13
2010-03-23,15.58,15.61,15.17,15.24,175346.19
2010-03-24,15.25,15.34,15.05,15.1,133120.2
2010-03-25,15.09,15.09,14.71,14.79,185380.17
2010-03-26,14.77,15.41,14.71,15.22,250491.15
2010-03-29,15.3,15.48,15.22,15.35,210681.97
2010-03-30,15.34,15.52,15.24,15.4,204992.57
2010-03-31,15.43,15.45,15.09,15.2,179286.3
2010-04-01,15.17,15.32,15.12,15.26,195279.72
2010-04-02,15.26,15.41,15.26,15.4,193505.49
2010-04-06,15.58,15.58,15.33,15.42,228680.29
2010-04-07,15.44,15.44,15.16,15.25,149605.75
2010-04-08,15.24,15.39,15.06,15.3,181439.4
2010-04-09,15.31,15.82,15.26,15.67,416600.9
2010-04-12,15.76,16.13,15.63,16.12,436396.05
2010-04-13,16.14,16.22,15.38,15.74,361614.3
2010-04-14,15.75,15.96,15.67,15.8,196858.35
2010-04-15,15.84,15.93,15.46,15.53,195845.96
2010-04-16,15.53,15.68,15.35,15.48,128453.0
2010-04-19,15.3,15.3,14.46,14.48,306023.18
2010-04-20,14.44,14.67,14.04,14.45,183410.72
2010-04-21,14.5,14.85,14.48,14.75,150520.09
2010-04-22,14.75,15.01,14.4,14.8,186387.77
2010-04-23,14.68,14.93,14.53,14.69,134740.06
2010-04-26,14.7,15.26,14.57,15.0,180831.15
2010-04-27,14.93,14.95,14.16,14.43,159938.75
2010-04-28,14.34,14.43,13.62,13.82,180781.66
2010-04-29,13.93,14.02,13.1,13.25,264022.9
2010-04-30,13.45,13.45,12.95,13.16,156944.56
2010-05-04,12.98,12.98,12.42,12.55,173631.84
2010-05-05,12.47,12.53,12.04,12.52,239563.09
2010-05-06,12.43,12.43,11.61,11.65,211556.02
2010-05-07,11.34,11.48,11.07,11.18,209681.49
2010-05-10,11.17,11.45,11.1,11.35,155798.15
2010-05-11,11.63,11.65,10.89,11.01,199855.1
2010-05-12,10.96,11.11,10.62,10.9,175455.04
2010-05-13,10.92,11.29,10.83,11.29,170283.77
2010-05-14,11.15,11.38,11.0,11.2,164767.2
2010-05-17,11.05,11.06,10.29,10.31,183244.76
2010-05-18,10.27,10.53,10.04,10.41,180917.84
2010-05-19,10.32,10.56,10.13,10.33,155969.92
2010-05-20,10.24,10.46,10.04,10.06,130260.85
2010-05-21,9.74,10.44,9.68,10.42,205732.56
2010-05-24,10.44,10.86,10.43,10.79,270995.26
2010-05-25,10.74,10.92,10.64,10.71,222439.83
2010-05-26,10.66,11.65,10.66,11.31,440342.81
2010-05-27,11.32,11.97,11.16,11.76,354494.6
2010-05-28,11.89,11.97,11.45,11.53,222668.45
2010-05-31,11.48,11.54,10.91,10.97,169585.74
2010-06-01,10.91,10.96,10.59,10.74,139290.46
2010-06-02,10.73,11.01,10.42,11.0,131087.52
2010-06-03,11.04,11.18,10.79,10.79,132614.56
2010-06-04,10.81,10.93,10.62,10.82,81771.84
2010-06-07,10.57,10.69,10.35,10.56,136222.78
2010-06-08,10.56,10.88,10.49,10.77,139227.3
2010-06-09,10.87,11.06,10.66,11.02,203578.49
2010-06-10,11.0,11.15,10.89,10.97,197144.92
2010-06-11,11.01,11.1,10.85,10.88,130318.54
2010-06-17,10.96,11.01,10.65,10.67,96436.22
2010-06-18,10.7,10.71,10.32,10.38,153590.21
2010-06-21,10.41,10.69,10.22,10.63,146305.51
2010-06-22,10.63,10.85,10.54,10.7,157322.82
2010-06-23,10.65,10.68,10.38,10.51,159046.54
2010-06-24,10.5,10.54,10.32,10.38,136019.22
2010-06-25,10.33,10.33,10.05,10.12,135161.01
2010-06-29,10.06,10.08,9.6,9.72,162534.4
2010-06-30,9.64,9.76,9.51,9.75,95101.2
2010-07-01,9.75,9.77,9.53,9.54,58578.23
2010-07-02,9.53,9.56,9.17,9.45,111391.05
2010-07-05,9.3,9.35,9.14,9.24,77899.06
2010-07-06,9.23,9.49,9.19,9.42,110773.48
2010-07-07,9.42,9.53,9.39,9.51,98681.91
2010-07-08,9.57,9.61,9.41,9.49,100352.51
2010-07-09,9.49,9.84,9.47,9.8,160219.34
2010-07-12,9.8,9.92,9.73,9.83,132210.17
2010-07-13,9.8,9.8,9.51,9.56,116468.25
2010-07-14,9.6,9.95,9.6,9.78,178569.45
2010-07-15,9.74,9.9,9.6,9.62,128816.88
2010-07-16,9.62,9.81,9.54,9.73,99220.88
2010-07-19,9.61,10.06,9.6,10.01,199330.46
2010-07-20,10.06,10.47,10.02,10.45,257216.75
2010-07-21,10.4,10.7,10.3,10.47,320670.81
2010-07-22,10.43,10.61,10.38,10.56,145374.37
2010-07-23,10.54,10.6,10.33,10.47,158840.64
2010-07-26,10.47,10.73,10.47,10.69,197215.49
2010-07-27,10.65,10.95,10.6,10.75,225698.41
2010-07-28,10.74,11.03,10.67,11.02,238783.25
2010-07-29,11.02,11.23,10.79,10.95,256340.33
2010-07-30,11.01,11.01,10.74,10.89,125697.17
2010-08-02,10.9,11.12,10.9,11.06,184259.88
2010-08-03,11.15,11.25,10.92,10.95,220442.79
2010-08-04,10.91,11.07,10.59,10.86,203426.37
2010-08-05,10.84,10.94,10.72,10.85,157404.96
2010-08-06,10.83,11.06,10.66,11.05,194121.65
2010-08-09,11.02,11.24,10.97,11.22,218189.69
2010-08-10,11.21,11.22,10.71,10.73,200221.64
2010-08-11,10.73,10.84,10.67,10.76,121689.0
2010-08-12,10.58,10.73,10.46,10.47,163661.45
2010-08-13,10.47,10.66,10.4,10.63,104646.84
2010-08-16,10.6,11.02,10.54,10.96,170256.04
2010-08-17,11.0,11.15,10.96,11.04,181491.0
2010-08-18,11.05,11.12,10.9,10.93,120938.83
2010-08-19,11.02,11.17,10.89,11.13,210724.27
2010-08-20,11.12,11.12,10.76,10.8,149081.72
2010-08-23,10.8,10.91,10.66,10.7,124320.4
2010-08-24,10.7,10.88,10.62,10.77,109045.41
2010-08-25,10.65,10.74,10.46,10.46,130277.37
2010-08-26,10.51,10.65,10.42,10.54,93657.43
2010-08-27,10.56,10.62,10.46,10.56,69944.57
2010-08-30,10.6,10.91,10.56,10.88,181505.99
2010-08-31,10.8,10.96,10.74,10.92,171722.19
2010-09-01,10.9,11.01,10.54,10.65,193054.56
2010-09-02,10.78,10.79,10.6,10.67,204112.47
2010-09-03,10.68,10.74,10.44,10.56,222512.06
2010-09-06,10.58,10.91,10.56,10.84,212945.33
2010-09-07,10.84,10.9,10.71,10.84,133874.56
2010-09-08,10.8,11.2,10.76,11.17,369442.58
2010-09-09,11.2,11.4,10.95,11.02,326291.11
2010-09-10,10.99,11.2,10.88,11.09,186747.76
2010-09-13,11.12,11.23,10.95,11.16,219281.67
2010-09-14,11.25,11.26,10.98,11.04,186595.44
2010-09-15,11.04,11.05,10.7,10.76,153241.93
2010-09-16,10.76,10.85,10.47,10.54,153194.85
2010-09-17,10.56,10.63,10.44,10.48,120358.27
2010-09-20,10.51,10.74,10.49,10.67,142373.26
2010-09-21,10.66,10.78,10.54,10.6,55938.74
2010-09-27,10.65,10.72,10.59,10.7,84254.79
2010-09-28,10.7,10.7,10.14,10.21,250920.49
2010-09-29,10.17,10.27,10.04,10.1,181700.87
2010-09-30,10.09,10.38,10.04,10.29,118664.26
2010-10-08,10.37,10.65,10.3,10.58,170717.98
2010-10-11,10.6,10.98,10.56,10.87,241512.95
2010-10-12,10.87,11.06,10.76,10.94,231911.34
2010-10-13,10.94,11.16,10.9,11.06,215688.5
2010-10-14,11.12,11.36,10.9,10.96,346149.28
2010-10-15,10.95,11.77,10.82,11.73,720649.85
2010-10-18,11.85,12.42,11.55,11.94,796305.39
2010-10-19,11.95,12.19,11.73,12.14,316651.1
2010-10-20,11.87,12.24,11.77,11.95,315636.39
2010-10-21,11.97,12.05,11.5,11.6,300604.45
2010-10-22,11.56,11.72,11.48,11.52,215738.43
2010-10-25,11.54,11.91,11.49,11.78,265250.6
2010-10-26,11.82,11.89,11.55,11.72,235001.23
2010-10-27,11.66,11.83,11.52,11.53,243553.02
2010-10-28,11.53,11.64,11.33,11.42,200960.97
2010-10-29,11.44,11.68,11.34,11.61,201789.12
2010-11-01,11.61,11.81,11.61,11.72,273504.53
2010-11-02,11.72,11.76,11.46,11.51,294663.53
2010-11-03,11.51,11.66,11.44,11.49,195385.27
2010-11-04,11.49,11.78,11.49,11.77,285551.45
2010-11-05,11.9,12.21,11.8,12.14,444814.59
2010-11-08,12.32,12.59,12.19,12.25,413761.38
2010-11-09,12.27,12.3,11.99,12.1,230504.29
2010-11-10,12.09,12.09,11.8,11.85,234867.71
2010-11-11,11.82,12.16,11.78,11.83,259842.27
2010-11-12,11.83,11.95,11.07,11.1,294498.52
2010-11-15,11.16,11.25,10.93,11.21,155743.8
2010-11-16,11.26,11.28,10.53,10.76,185103.06
2010-11-17,10.7,10.86,10.45,10.49,161670.78
2010-11-18,10.57,10.67,10.49,10.58,119526.5
2010-11-19,10.68,10.74,10.36,10.64,139346.48
2010-11-22,10.54,10.66,10.49,10.53,142761.33
2010-11-23,10.46,10.51,10.04,10.21,147917.74
2010-11-24,10.16,10.38,10.09,10.38,128182.12
2010-11-25,10.42,10.59,10.34,10.52,133891.69
2010-11-26,10.51,10.51,10.26,10.37,112357.6
2010-11-29,10.32,10.36,10.17,10.3,136874.38
2010-11-30,10.28,10.34,9.88,10.01,162281.03
2010-12-01,10.01,10.18,9.96,10.11,90441.22
2010-12-02,10.24,10.27,10.07,10.11,68563.31
2010-12-03,10.12,10.28,10.04,10.24,80872.86
2010-12-06,10.26,10.28,10.03,10.12,93247.69
2010-12-07,10.06,10.23,9.97,10.17,73088.26
2010-12-08,10.17,10.22,10.11,10.11,75143.21
2010-12-09,10.09,10.37,10.05,10.19,130807.58
2010-12-10,10.2,10.41,10.09,10.34,95269.76
2010-12-13,10.34,10.56,10.32,10.53,143215.96
2010-12-14,10.56,10.56,10.43,10.48,98853.93
2010-12-15,10.46,10.54,10.37,10.41,95824.64
2010-12-16,10.4,10.43,10.28,10.31,76334.38
2010-12-17,10.3,10.39,10.29,10.36,58933.17
2010-12-20,10.37,10.47,9.95,10.12,129152.06
2010-12-21,10.14,10.39,10.12,10.37,123046.52
2010-12-22,10.37,10.5,10.32,10.43,133927.82
2010-12-23,10.51,10.51,10.2,10.28,96400.62
2010-12-24,10.23,10.3,10.12,10.21,52231.45
2010-12-27,10.22,10.28,9.88,9.92,104974.38
2010-12-28,9.92,9.94,9.72,9.73,91601.88
2010-12-29,9.75,9.8,9.7,9.79,55680.88
2010-12-30,9.82,10.25,9.76,10.13,156911.78
2010-12-31,10.12,10.27,10.06,10.2,101072.21
2011-01-04,10.22,10.25,10.05,10.18,136554.79
2011-01-05,10.18,10.82,10.14,10.78,471992.74
2011-01-06,10.7,11.06,10.63,10.84,324896.28
2011-01-07,10.82,10.91,10.55,10.7,188917.23
2011-01-10,10.74,10.74,10.32,10.37,162822.86
2011-01-11,10.35,10.68,10.31,10.51,109234.15
2011-01-12,10.51,10.82,10.46,10.78,170159.4
2011-01-13,10.87,11.19,10.79,10.84,265964.87
2011-01-14,10.83,11.1,10.76,10.98,203578.45
2011-01-17,10.91,11.35,10.84,10.9,297036.05
2011-01-18,10.87,10.89,10.48,10.69,221566.92
2011-01-19,10.68,11.06,10.53,11.04,213654.27
2011-01-20,11.03,11.23,10.78,10.81,208438.22
2011-01-21,10.69,11.21,10.69,11.2,228476.7
2011-01-24,11.22,11.48,10.98,11.03,267733.35
2011-01-25,11.08,11.32,10.83,11.16,181280.2
2011-01-26,11.12,11.26,10.93,11.17,117876.46
2011-01-27,11.06,11.4,10.93,11.4,233439.91
2011-01-28,11.32,11.43,11.22,11.26,141336.06
2011-01-31,11.19,11.61,11.12,11.56,240016.95
2011-02-01,11.51,11.73,11.4,11.7,201651.56
2011-02-09,11.59,11.68,11.4,11.44,150079.36
2011-02-10,11.37,11.58,11.28,11.56,140872.64
2011-02-11,11.61,11.63,11.4,11.49,150258.73
2011-02-14,11.53,12.06,11.49,11.93,383065.77
2011-02-15,11.86,12.44,11.86,12.03,379267.57
2011-02-16,12.05,12.27,12.02,12.19,196449.1
2011-02-17,12.19,12.26,12.02,12.16,150433.66
2011-02-18,12.11,12.14,11.72,11.81,239594.31
2011-02-21,11.69,11.91,11.68,11.87,170114.88
2011-02-22,11.86,11.88,11.35,11.36,217935.33
2011-02-23,11.34,11.65,11.33,11.54,145411.76
2011-02-24,11.52,11.68,11.37,11.61,83958.79
2011-02-25,11.61,11.82,11.44,11.79,126850.54
2011-02-28,11.73,12.0,11.45,11.98,278617.63
2011-03-01,11.9,12.05,11.8,11.84,184832.91
2011-03-02,11.8,12.0,11.73,11.98,158113.01
2011-03-03,11.98,12.2,11.97,12.06,235712.7
2011-03-04,12.09,12.42,12.07,12.37,300268.82
2011-03-07,12.42,12.47,12.17,12.23,192441.32
2011-03-08,12.26,12.4,12.2,12.39,166497.06
2011-03-09,12.39,12.8,12.39,12.6,294871.24
2011-03-10,12.58,12.58,12.25,12.28,161328.95
2011-03-11,12.19,12.39,12.17,12.25,145017.43
2011-03-14,12.16,12.41,12.09,12.28,131759.88
2011-03-15,12.19,12.24,11.53,11.77,251988.28
2011-03-16,11.77,11.93,11.68,11.77,118398.69
2011-03-17,11.66,11.86,11.49,11.67,129494.07
2011-03-18,11.77,11.84,11.58,11.66,63888.62
2011-03-21,11.62,11.8,11.58,11.68,90546.5
2011-03-22,11.72,11.77,11.47,11.64,88956.1
2011-03-23,11.61,11.73,11.54,11.64,127213.9
2011-03-24,11.68,11.88,11.63,11.72,115787.78
2011-03-25,11.72,11.82,11.69,11.82,108439.91
2011-03-28,11.83,11.9,11.74,11.82,106862.9
2011-03-29,11.78,11.78,11.36,11.36,188416.74
2011-03-30,11.36,11.47,11.28,11.36,97652.4
2011-03-31,11.38,11.43,11.16,11.16,63975.62
2011-04-01,11.21,12.28,10.99,12.28,570778.71
2011-04-06,12.09,12.59,11.77,12.27,449286.5
2011-04-07,12.12,12.5,12.1,12.44,265213.41
2011-04-08,12.38,12.61,12.21,12.25,375257.29
2011-04-11,12.17,12.23,12.02,12.08,203200.45
2011-04-12,12.09,12.23,12.01,12.1,156711.47
2011-04-13,12.06,12.39,12.04,12.28,255040.06
2011-04-14,12.33,12.41,12.12,12.28,163620.37
2011-04-15,12.24,12.38,12.1,12.22,118809.99
2011-04-18,12.21,12.53,12.15,12.5,265840.85
2011-04-19,12.35,12.6,12.27,12.43,232208.47
2011-04-20,12.47,12.51,12.3,12.44,114868.78
2011-04-21,12.53,12.54,12.37,12.4,126295.84
2011-04-22,12.42,12.42,12.02,12.14,153378.36
2011-04-25,12.1,12.1,11.84,11.9,86487.43
2011-04-26,11.82,12.0,11.8,11.86,69598.57
2011-04-27,11.89,11.98,11.53,11.56,95306.09
2011-04-28,11.61,11.82,11.5,11.51,83938.99
2011-04-29,11.59,11.72,11.53,11.68,42059.81
2011-05-03,11.69,12.05,11.66,11.87,96447.05
2011-05-04,11.86,12.0,11.71,11.72,78494.83
2011-05-05,11.68,11.96,11.64,11.86,66473.98
2011-05-06,11.8,12.15,11.77,12.12,330839.46
2011-05-09,12.02,12.21,11.94,12.13,148890.14
2011-05-10,12.07,12.13,11.89,12.04,64295.67
2011-05-11,12.01,12.03,11.84,11.86,62565.91
2011-05-12,11.8,11.81,11.59,11.62,81916.9
2011-05-13,11.63,11.88,11.58,11.86,73963.04
2011-05-16,11.82,11.86,11.51,11.54,118142.23
2011-05-17,11.57,11.58,11.38,11.43,76832.04
2011-05-18,11.4,11.57,11.28,11.32,98763.67
2011-05-19,11.38,11.62,11.37,11.49,85866.5
2011-05-20,11.49,11.57,11.4,11.5,25556.31
2011-05-23,11.5,11.55,11.21,11.25,92024.94
2011-05-24,11.26,11.31,11.12,11.27,49237.24
2011-05-25,11.28,11.28,11.02,11.07,37089.99
2011-05-26,11.17,11.2,10.99,11.13,39350.43
2011-05-27,11.12,11.17,10.91,10.95,42107.66
2011-05-30,10.94,10.98,10.79,10.88,48174.45
2011-05-31,10.9,11.05,10.84,11.0,32159.24
2011-06-01,11.0,11.1,10.95,11.03,28247.79
2011-06-02,10.93,11.09,10.52,10.68,74319.16
2011-06-03,10.7,10.88,10.63,10.88,40770.03
2011-06-07,10.83,10.93,10.79,10.87,26534.86
2011-06-08,10.87,10.87,10.69,10.79,59407.65
2011-06-09,10.82,10.87,10.66,10.67,36204.69
2011-06-10,10.66,10.7,10.42,10.6,79110.43
2011-06-13,10.48,10.56,10.37,10.44,43182.67
2011-06-14,10.46,10.54,10.29,10.44,138615.37
2011-06-15,10.38,10.4,10.29,10.3,73387.95
2011-06-16,10.23,10.34,10.19,10.22,45569.11
2011-06-17,10.22,10.37,10.12,10.23,69203.3
2011-06-20,10.23,10.23,9.95,10.04,59621.39
2011-06-21,10.04,10.15,9.96,10.14,55225.1
2011-06-22,10.15,10.17,10.04,10.09,44286.93
2011-06-23,10.05,10.41,10.04,10.32,54629.54
2011-06-24,10.29,10.66,10.26,10.52,114143.6
2011-06-27,10.53,10.76,10.47,10.54,72860.87
2011-06-28,10.58,10.61,10.37,10.6,56654.37
2011-06-29,10.55,10.57,10.46,10.54,38519.01
2011-07-01,10.62,10.65,10.44,10.46,87410.84
2011-07-04,10.54,10.81,10.46,10.69,111687.61
2011-07-05,10.7,10.72,10.59,10.61,70658.04
2011-07-06,10.61,10.99,10.6,10.8,133300.77
2011-07-07,10.84,10.97,10.76,10.85,100358.43
2011-07-08,10.88,11.07,10.84,11.02,99803.95
2011-07-11,10.99,11.21,10.93,11.18,98749.38
2011-07-12,11.13,11.54,11.05,11.28,181413.01
2011-07-13,11.28,11.52,11.21,11.43,119050.8
2011-07-14,11.36,11.5,11.35,11.37,68405.31
2011-07-15,11.37,11.4,11.21,11.21,70714.13
2011-07-18,11.17,11.84,11.16,11.52,128415.48
2011-07-19,11.42,11.49,11.26,11.26,43683.36
2011-07-20,11.35,11.36,10.93,11.11,79282.97
2011-07-21,11.1,11.15,10.98,11.05,51672.35
2011-07-22,11.07,11.22,11.06,11.07,28668.51
2011-07-25,11.19,11.24,10.91,10.93,76549.54
2011-07-26,10.94,11.49,10.89,11.28,141484.64
2011-07-27,11.18,11.3,11.02,11.16,67796.75
2011-07-28,11.06,11.21,11.02,11.14,40259.06
2011-07-29,11.12,11.16,10.76,10.77,69444.96
2011-08-01,10.76,10.9,10.7,10.87,41012.43
2011-08-02,10.74,10.98,10.72,10.93,43324.47
2011-08-03,10.83,10.98,10.74,10.87,41568.37
2011-08-04,10.91,11.02,10.89,10.93,32233.88
2011-08-05,10.83,10.83,10.04,10.63,79573.65
2011-08-08,10.37,10.75,10.29,10.36,93049.46
2011-08-09,10.15,10.49,10.04,10.45,67846.79
2011-08-10,10.55,10.62,10.48,10.56,34457.19
2011-08-11,10.4,10.83,10.37,10.73,52928.86
2011-08-12,10.79,10.79,10.62,10.66,43295.39
2011-08-15,10.67,10.74,10.5,10.67,61986.45
2011-08-16,10.67,10.76,10.52,10.54,35627.9
2011-08-17,10.53,10.66,10.52,10.56,26396.53
2011-08-18,10.57,10.6,10.44,10.45,35518.59
2011-08-19,10.33,10.42,10.21,10.31,28405.31
2011-08-22,10.31,10.4,10.19,10.22,22972.05
2011-08-23,10.25,10.35,10.25,10.34,15993.89
2011-08-24,10.42,10.45,10.35,10.36,18795.0
2011-08-25,10.42,10.79,10.37,10.77,62490.67
2011-08-26,10.74,10.87,10.66,10.82,44423.05
2011-08-29,10.72,10.89,10.63,10.84,62303.95
2011-08-30,10.91,10.95,10.68,10.7,37656.92
2011-08-31,10.71,10.99,10.67,10.94,73108.69
2011-09-01,10.94,10.98,10.72,10.77,25681.7
2011-09-02,10.77,10.83,10.54,10.61,23955.37
2011-09-05,10.58,10.73,10.47,10.65,38320.53
2011-09-06,10.62,10.87,10.58,10.79,65923.42
2011-09-07,10.78,10.89,10.74,10.85,27925.09
2011-09-08,10.88,10.91,10.74,10.74,31156.07
2011-09-09,10.84,10.92,10.74,10.74,37611.81
2011-09-13,10.64,10.65,10.47,10.53,22842.45
2011-09-14,10.56,10.65,10.3,10.6,38964.97
2011-09-15,10.6,10.62,10.32,10.35,87078.54
2011-09-16,10.42,10.48,10.26,10.26,62426.08
2011-09-19,10.21,10.29,10.12,10.23,46657.51
2011-09-20,10.16,10.35,10.16,10.27,38946.55
2011-09-21,10.27,10.51,10.21,10.47,42987.62
2011-09-22,10.43,10.57,10.19,10.23,40346.75
2011-09-23,10.13,10.35,10.06,10.26,50190.95
2011-09-26,10.19,10.27,10.07,10.15,35777.59
2011-09-27,10.21,10.25,10.06,10.13,28524.12
2011-09-28,10.16,10.21,9.96,9.98,41778.15
2011-09-29,9.97,9.97,9.75,9.78,62166.22
2011-09-30,9.79,9.9,9.77,9.79,27120.7
2011-10-10,9.77,9.87,9.74,9.86,37188.63
2011-10-11,10.02,10.1,9.87,9.92,48029.81
2011-10-12,9.88,10.4,9.85,10.33,77917.24
2011-10-13,10.25,10.58,10.25,10.41,64371.47
2011-10-14,10.38,10.45,10.25,10.33,23017.08
2011-10-17,10.37,10.58,10.37,10.45,35326.87
2011-10-18,10.4,10.54,10.38,10.46,59147.36
2011-10-19,10.46,10.62,10.39,10.55,49515.07
2011-10-20,10.5,10.56,10.21,10.38,66986.72
2011-10-21,10.43,10.48,10.26,10.39,24033.99
2011-10-24,10.38,10.72,10.35,10.65,45992.34
2011-10-25,10.6,10.83,10.59,10.81,59567.9
2011-10-26,10.74,10.86,10.7,10.76,64101.17
2011-10-27,10.87,11.12,10.76,10.78,86359.66
2011-10-28,10.89,10.99,10.67,10.79,110409.85
2011-10-31,10.78,10.8,10.49,10.6,75814.95
2011-11-01,10.55,10.81,10.52,10.68,42476.37
2011-11-02,10.54,10.92,10.53,10.88,56295.43
2011-11-03,10.93,11.15,10.79,10.9,78388.04
2011-11-04,10.99,10.99,10.79,10.82,45334.38
2011-11-07,10.79,10.95,10.65,10.77,34661.81
2011-11-08,10.84,10.92,10.71,10.89,42967.12
2011-11-09,10.92,11.0,10.86,10.91,58553.43
2011-11-10,10.83,10.88,10.6,10.6,52267.5
2011-11-11,10.7,10.77,10.63,10.67,22544.27
2011-11-14,10.71,10.9,10.69,10.88,54142.83
2011-11-15,10.87,11.06,10.84,10.97,58607.82
2011-11-16,10.95,11.03,10.7,10.76,46056.12
2011-11-17,10.76,10.88,10.74,10.77,29906.9
2011-11-18,10.74,10.83,10.6,10.64,26291.45
2011-11-21,10.7,10.72,10.38,10.48,62554.16
2011-11-22,10.42,10.56,10.35,10.51,52541.37
2011-11-23,10.51,10.71,10.44,10.68,36585.21
2011-11-24,10.63,10.79,10.52,10.74,31825.63
2011-11-25,10.7,10.84,10.64,10.72,26801.56
2011-11-28,10.72,10.98,10.72,10.91,58445.39
2011-11-29,11.0,11.02,10.83,10.93,35220.54
2011-11-30,10.81,10.98,10.65,10.75,53865.45
2011-12-01,10.91,11.22,10.83,11.0,107721.69
2011-12-02,10.94,11.0,10.83,10.88,25172.28
2011-12-05,10.89,10.92,10.6,10.6,47144.23
2011-12-06,10.59,10.68,10.5,10.57,30106.34
2011-12-07,10.58,10.66,10.51,10.66,24572.6
2011-12-08,10.65,10.78,10.53,10.6,14890.5
2011-12-09,10.55,10.6,10.18,10.29,62883.32
2011-12-12,10.28,10.35,10.11,10.16,46719.41
2011-12-13,10.2,10.26,10.04,10.07,37679.06
2011-12-14,10.06,10.2,10.06,10.16,23363.22
2011-12-15,10.13,10.18,9.77,9.93,56407.66
2011-12-16,9.94,10.37,9.87,10.35,50392.66
2011-12-19,10.29,10.41,10.06,10.38,51264.61
2011-12-20,10.32,10.46,10.14,10.26,33773.4
2011-12-21,10.31,10.41,10.11,10.12,23329.4
2011-12-22,10.12,10.29,10.0,10.1,39595.61
2011-12-23,10.1,10.33,10.06,10.21,30301.38
2011-12-26,10.14,10.16,10.0,10.08,31424.85
2011-12-27,10.09,10.12,9.87,9.92,40589.08
2011-12-28,9.9,10.04,9.86,9.96,22572.58
2011-12-29,9.92,9.96,9.78,9.89,29702.61
2011-12-30,9.93,10.21,9.9,10.16,47201.7
2012-01-04,10.24,10.26,9.99,10.03,27758.87
2012-01-05,10.03,10.18,9.97,10.06,58792.22
2012-01-06,10.02,10.19,10.0,10.16,42106.68
2012-01-09,10.16,10.33,10.04,10.21,60296.47
2012-01-10,10.3,10.47,10.2,10.47,137648.7
2012-01-11,10.42,10.56,10.33,10.35,80642.97
2012-01-12,10.34,10.42,10.24,10.3,59540.06
2012-01-13,10.29,10.31,10.16,10.22,41909.95
2012-01-16,10.18,10.25,10.06,10.22,54025.84
2012-01-17,10.21,10.56,10.08,10.5,85375.41
2012-01-18,10.53,10.56,10.42,10.47,77667.92
2012-01-19,10.47,10.7,10.41,10.63,82220.34
2012-01-20,10.65,10.79,10.55,10.7,64674.18
2012-01-30,10.69,10.79,10.41,10.42,53241.57
2012-01-31,10.45,10.54,10.33,10.37,34004.08
2012-02-01,10.38,10.58,10.31,10.36,26326.36
2012-02-02,10.37,10.64,10.35,10.63,70076.75
2012-02-03,10.6,10.79,10.5,10.77,110146.21
2012-02-06,10.74,10.87,10.62,10.79,74633.21
2012-02-07,10.71,10.78,10.55,10.7,76582.75
2012-02-08,10.65,10.94,10.65,10.9,72294.63
2012-02-09,10.91,10.96,10.79,10.84,47298.83
2012-02-10,10.8,10.85,10.7,10.79,73601.52
2012-02-13,10.7,10.94,10.7,10.79,46010.03
2012-02-14,10.84,10.84,10.71,10.77,26583.52
2012-02-15,10.77,10.94,10.69,10.84,54768.99
2012-02-16,10.83,10.84,10.59,10.65,70207.85
2012-02-17,10.72,10.75,10.55,10.61,47240.13
2012-02-20,10.71,10.78,10.65,10.74,72133.76
2012-02-21,10.77,10.77,10.63,10.74,25982.14
2012-02-22,10.74,10.81,10.61,10.75,90356.87
2012-02-23,10.73,10.84,10.63,10.84,109735.26
2012-02-24,10.84,10.97,10.77,10.96,186327.14
2012-02-27,10.97,11.09,10.88,10.96,164299.37
2012-02-28,10.96,10.96,10.81,10.89,89144.21
2012-02-29,10.89,11.03,10.89,10.89,131787.12
2012-03-01,10.81,11.04,10.81,10.99,81697.91
2012-03-02,11.04,11.15,10.98,11.11,83918.63
2012-03-05,11.16,11.16,10.9,10.94,156730.84
2012-03-06,10.9,11.17,10.88,11.07,111970.54
2012-03-07,10.99,11.12,10.86,10.96,77798.89
2012-03-08,10.97,11.15,10.9,11.03,87691.42
2012-03-09,11.04,11.26,11.01,11.25,142980.21
2012-03-12,11.19,11.33,11.13,11.18,68029.51
2012-03-13,11.16,11.2,11.09,11.19,58263.48
2012-03-14,11.22,11.3,10.94,11.01,123646.02
2012-03-15,11.01,11.09,10.94,10.94,67759.13
2012-03-16,10.95,11.03,10.71,10.95,69928.7
2012-03-19,10.93,10.99,10.89,10.95,50641.17
2012-03-20,10.95,10.97,10.79,10.89,36364.51
2012-03-21,10.91,10.94,10.69,10.81,66935.99
2012-03-22,10.81,10.88,10.76,10.81,20858.03
2012-03-23,10.82,10.83,10.7,10.79,27669.49
2012-03-26,10.78,10.84,10.73,10.83,15884.58
2012-03-27,10.87,10.92,10.82,10.84,22646.07
2012-03-28,10.81,10.93,10.67,10.7,36326.95
2012-03-29,10.66,10.7,10.54,10.64,41977.86
2012-03-30,10.62,10.74,10.58,10.72,25091.55
2012-04-05,10.71,10.84,10.64,10.79,55545.5
2012-04-06,10.77,10.81,10.72,10.79,27116.06
2012-04-09,10.79,10.79,10.66,10.72,22308.98
2012-04-10,10.72,10.75,10.59,10.74,22719.25
2012-04-11,10.69,10.83,10.66,10.81,25009.0
2012-04-12,10.79,10.96,10.79,10.94,49128.58
2012-04-13,10.96,11.01,10.93,11.0,57072.83
2012-04-16,10.96,11.0,10.91,10.95,21708.68
2012-04-17,10.95,11.04,10.89,10.94,56746.33
2012-04-18,10.97,11.04,10.92,11.02,44555.07
2012-04-19,11.02,11.04,10.96,11.03,36536.73
2012-04-20,11.01,11.11,10.99,11.09,65744.04
2012-04-23,11.07,11.09,10.94,10.96,42318.58
2012-04-24,10.92,11.06,10.65,10.83,91330.84
2012-04-25,10.77,10.83,10.7,10.79,112701.39
2012-04-26,10.8,10.82,10.65,10.7,109747.12
2012-04-27,10.73,10.76,10.63,10.75,111811.62
2012-05-02,10.79,11.03,10.76,10.97,97061.3
2012-05-03,10.95,11.04,10.91,11.0,64628.76
2012-05-04,10.99,11.13,10.95,11.09,89277.7
2012-05-07,11.05,11.19,11.01,11.11,91422.05
2012-05-08,11.12,11.26,11.05,11.18,101176.46
2012-05-09,11.09,11.18,10.97,11.04,50943.74
2012-05-10,11.04,11.06,10.94,11.03,53173.71
2012-05-11,11.03,11.16,11.0,11.06,50551.02
2012-05-14,11.07,11.09,10.89,10.99,44727.43
2012-05-15,10.89,11.08,10.87,11.06,44115.28
2012-05-16,11.03,11.09,10.94,10.97,33453.73
2012-05-17,10.98,11.28,10.89,11.16,73398.57
2012-05-18,11.12,11.24,11.03,11.04,68306.33
2012-05-21,11.05,11.08,10.9,10.99,31628.83
2012-05-22,10.99,11.05,10.94,11.03,36602.67
2012-05-23,11.02,11.03,10.74,10.89,54416.26
2012-05-24,10.79,10.89,10.79,10.81,18943.9
2012-05-25,10.81,10.86,10.64,10.66,52422.79
2012-05-28,10.65,10.79,10.65,10.76,42999.05
2012-05-29,10.74,10.91,10.73,10.86,51727.04
2012-05-30,10.84,10.84,10.7,10.75,61113.42
2012-05-31,10.75,10.84,10.67,10.84,46788.49
2012-06-01,10.84,10.85,10.69,10.7,39919.54
2012-06-04,10.63,10.74,10.48,10.5,55694.94
2012-06-05,10.53,10.57,10.35,10.46,61657.63
2012-06-06,10.45,10.5,10.38,10.45,26875.97
2012-06-07,10.53,10.54,10.37,10.45,59985.87
2012-06-08,10.46,10.52,10.33,10.35,62534.62
2012-06-11,10.41,10.46,10.35,10.45,40659.8
2012-06-12,10.41,10.5,10.32,10.35,35116.9
2012-06-13,10.4,10.5,10.37,10.48,55451.23
2012-06-14,10.5,10.59,10.45,10.54,63131.75
2012-06-15,10.57,10.6,10.44,10.54,36320.85
2012-06-18,10.59,10.59,10.5,10.55,20147.91
2012-06-19,10.55,10.57,10.43,10.45,29675.04
2012-06-20,10.51,10.53,10.37,10.45,30685.46
2012-06-21,10.41,10.5,10.35,10.45,41898.5
2012-06-25,10.44,10.55,10.4,10.41,41006.91
2012-06-26,10.45,10.66,10.45,10.6,75899.43
2012-06-28,10.54,10.64,10.38,10.54,58971.95
2012-06-29,10.45,10.61,10.37,10.57,51633.64
2012-07-02,10.54,10.55,10.4,10.47,39749.56
2012-07-03,10.46,10.5,10.4,10.4,47096.69
2012-07-04,10.42,10.5,10.4,10.5,26155.48
2012-07-05,10.45,10.46,10.38,10.43,29393.99
2012-07-06,10.45,10.56,10.42,10.54,26220.25
2012-07-09,10.52,10.55,10.33,10.38,44201.23
2012-07-10,10.43,10.5,10.38,10.48,36640.27
2012-07-11,10.47,10.5,10.43,10.48,19035.61
2012-07-12,10.46,10.48,10.33,10.44,53064.84
2012-07-13,10.43,10.48,10.4,10.44,30251.32
2012-07-16,10.45,10.45,10.29,10.31,37459.42
2012-07-17,10.31,10.35,10.07,10.17,47895.92
2012-07-18,10.19,10.31,10.1,10.28,76462.7
2012-07-19,10.28,10.48,10.26,10.45,64603.05
2012-07-20,10.41,10.5,10.34,10.4,31100.74
2012-07-23,10.34,10.6,10.28,10.4,50803.0
2012-07-24,10.39,10.47,10.34,10.4,21379.91
2012-07-25,10.4,10.4,10.23,10.29,35758.6
2012-07-26,10.29,10.34,10.16,10.32,38509.16
2012-07-27,10.28,10.39,10.12,10.25,46239.96
2012-07-30,10.27,10.41,10.27,10.34,25392.93
2012-07-31,10.35,10.44,10.35,10.4,32333.51
2012-08-01,10.42,10.45,10.36,10.42,20651.0
2012-08-02,10.43,10.54,10.4,10.52,35557.42
2012-08-03,10.52,10.69,10.5,10.64,48933.84
2012-08-06,10.62,10.66,10.53,10.62,34987.68
2012-08-07,10.67,10.7,10.6,10.66,37191.06
2012-08-08,10.67,10.7,10.6,10.65,18897.76
2012-08-09,10.64,10.7,10.62,10.69,24441.61
2012-08-10,10.71,10.73,10.65,10.7,53467.36
2012-08-13,10.69,10.74,10.56,10.66,41683.32
2012-08-14,10.64,10.79,10.64,10.72,35482.25
2012-08-15,10.68,10.72,10.58,10.7,19135.87
2012-08-16,10.73,10.73,10.66,10.67,14246.57
2012-08-17,10.69,10.7,10.54,10.58,23929.09
2012-08-20,10.56,10.63,10.53,10.6,16602.12
2012-08-21,10.61,10.63,10.56,10.56,13321.94
2012-08-22,10.6,10.6,10.45,10.48,17273.08
2012-08-23,10.48,10.53,10.39,10.49,14154.36
2012-08-24,10.47,10.52,10.38,10.41,11077.15
2012-08-27,10.41,10.46,10.29,10.35,13261.83
2012-08-28,10.35,10.49,10.29,10.38,17752.83
2012-08-29,10.34,10.42,10.34,10.36,8134.36
2012-08-30,10.4,10.49,10.38,10.49,28248.73
2012-08-31,10.44,10.49,10.42,10.43,13509.89
2012-09-03,10.45,10.45,10.27,10.37,23258.31
2012-09-04,10.35,10.4,10.27,10.37,16522.97
2012-09-05,10.36,10.37,10.29,10.31,11374.32
2012-09-06,10.34,10.36,10.29,10.35,10223.26
2012-09-07,10.39,10.75,10.35,10.61,62026.22
2012-09-10,10.67,10.69,10.58,10.62,26227.62
2012-09-11,10.61,10.61,10.49,10.59,18622.7
2012-09-12,10.59,10.68,10.44,10.53,66461.12
2012-09-13,10.47,10.48,10.34,10.35,39291.74
2012-09-14,10.42,10.43,10.35,10.37,32081.0
2012-09-17,10.4,10.46,10.25,10.26,45853.96
2012-09-18,10.26,10.28,10.1,10.12,20798.89
2012-09-19,10.14,10.15,10.06,10.12,31096.84
2012-09-20,10.13,10.14,9.97,10.0,43034.22
2012-09-21,9.97,10.05,9.96,9.99,27114.02
2012-09-24,10.0,10.01,9.88,9.99,30377.65
2012-09-25,9.99,10.04,9.95,10.0,13844.52
2012-09-26,10.0,10.06,9.96,10.04,19413.81
2012-09-27,10.04,10.25,9.99,10.11,34224.8
2012-09-28,10.11,10.31,10.08,10.28,67080.52
2012-10-08,10.26,10.41,10.22,10.32,47853.36
2012-10-09,10.33,10.44,10.32,10.37,46513.39
2012-10-10,10.35,10.37,10.28,10.32,15455.47
2012-10-11,10.29,10.33,10.22,10.29,15639.14
2012-10-12,10.28,10.37,10.22,10.28,17983.83
2012-10-15,10.27,10.29,10.19,10.26,7923.86
2012-10-16,10.26,10.29,10.2,10.23,12388.78
2012-10-17,10.31,10.34,10.22,10.28,11413.55
2012-10-18,10.34,10.42,10.29,10.37,23435.26
2012-10-19,10.38,10.38,10.19,10.3,24381.2
2012-10-22,10.23,10.29,10.21,10.29,8680.5
2012-10-23,10.29,10.32,10.23,10.27,11602.18
2012-10-24,10.29,10.35,10.25,10.29,16877.54
2012-10-25,10.29,10.38,10.26,10.3,15252.3
2012-10-26,10.25,10.32,10.09,10.15,30901.89
2012-10-29,10.14,10.14,10.01,10.08,21994.34
2012-10-30,10.08,10.16,9.95,10.01,22760.87
2012-10-31,10.01,10.02,9.91,9.95,29622.3
2012-11-01,9.95,10.15,9.95,10.09,28712.03
2012-11-02,10.08,10.21,10.02,10.15,31692.08
2012-11-05,10.1,10.14,9.93,9.94,60206.28
2012-11-06,9.94,9.94,9.66,9.73,77207.73
2012-11-07,9.72,9.81,9.7,9.75,23714.42
2012-11-08,9.75,9.78,9.66,9.68,21727.03
2012-11-09,9.68,9.71,9.66,9.67,13251.68
2012-11-12,9.7,9.75,9.68,9.73,16555.39
2012-11-13,9.74,9.74,9.57,9.58,28079.5
2012-11-14,9.57,9.62,9.5,9.61,16730.99
2012-11-15,9.59,9.62,9.41,9.55,24710.01
2012-11-16,9.48,9.55,9.43,9.48,31877.0
2012-11-19,9.47,9.63,9.45,9.62,33542.49
2012-11-20,9.62,9.65,9.5,9.56,20066.2
2012-11-21,9.56,9.67,9.53,9.65,19175.54
2012-11-22,9.62,9.66,9.6,9.65,13048.28
2012-11-23,9.65,9.69,9.6,9.62,17085.58
2012-11-26,9.6,9.65,9.52,9.61,20442.14
2012-11-27,9.59,9.63,9.53,9.56,23177.28
2012-11-28,9.55,9.57,9.36,9.5,33943.11
2012-11-29,9.5,9.57,9.47,9.5,18945.76
2012-11-30,9.54,9.88,9.51,9.79,88797.79
2012-12-03,9.78,9.94,9.75,9.89,69376.9
2012-12-04,9.89,9.89,9.72,9.81,39947.92
2012-12-05,9.8,10.02,9.76,9.99,69693.97
2012-12-06,9.98,10.02,9.9,9.93,27746.31
2012-12-07,9.95,10.07,9.9,10.04,58757.77
2012-12-10,10.07,10.14,9.9,9.92,95367.32
2012-12-11,9.9,9.94,9.83,9.86,60200.38
2012-12-12,9.86,10.07,9.86,10.03,57687.82
2012-12-13,9.99,10.17,9.95,10.15,56111.47
2012-12-14,10.15,10.41,10.11,10.4,105252.04
2012-12-17,10.4,10.48,10.35,10.42,76115.38
2012-12-18,10.42,10.53,10.31,10.34,47470.08
2012-12-19,10.33,10.46,10.29,10.34,63599.1
2012-12-20,10.31,10.46,10.3,10.43,40276.24
2012-12-21,10.42,10.45,10.37,10.41,38975.73
2012-12-24,10.47,10.49,10.31,10.33,31510.4
2012-12-25,10.33,10.54,10.24,10.44,95150.61
2012-12-26,10.44,10.6,10.43,10.58,53891.17
2012-12-27,10.62,10.76,10.55,10.7,100420.22
2012-12-28,10.75,10.81,10.6,10.74,59063.85
2012-12-31,10.76,10.89,10.7,10.84,61822.03
2013-01-04,10.89,10.92,10.62,10.79,55029.12
2013-01-07,10.78,11.01,10.78,10.92,130746.05
2013-01-08,10.92,11.0,10.79,10.88,41728.93
2013-01-09,10.85,10.96,10.8,10.9,52158.38
2013-01-10,10.91,10.93,10.8,10.83,67316.96
2013-01-11,10.81,10.87,10.62,10.75,50565.15
2013-01-14,10.72,10.93,10.66,10.93,67337.01
2013-01-15,10.91,10.96,10.77,10.87,116496.71
2013-01-16,10.83,10.87,10.6,10.7,87802.61
2013-01-17,10.73,10.95,10.71,10.94,111514.67
2013-01-18,10.97,11.02,10.86,10.99,51656.0
2013-01-21,11.02,11.25,10.88,11.13,97400.14
2013-01-22,11.17,11.17,10.89,11.0,54974.31
2013-01-23,11.0,11.13,10.9,11.01,28764.31
2013-01-24,11.02,11.25,10.79,11.01,101080.76
2013-01-25,11.0,11.09,10.88,10.96,38654.16
2013-01-28,11.07,11.49,11.04,11.45,155342.08
2013-01-29,11.45,11.52,11.26,11.36,77224.52
2013-01-30,11.49,11.53,11.24,11.49,99152.83
2013-01-31,11.48,11.59,11.43,11.57,61092.99
2013-02-01,11.53,11.67,11.46,11.62,72410.64
2013-02-04,11.66,11.7,11.49,11.68,55360.38
2013-02-05,11.7,11.83,11.57,11.78,113976.53
2013-02-06,11.79,11.81,11.49,11.61,88859.93
2013-02-07,11.57,11.72,11.49,11.68,105269.24
2013-02-08,11.71,11.76,11.66,11.74,54079.52
2013-02-18,11.7,11.92,11.69,11.84,101158.64
2013-02-19,11.84,11.89,11.72,11.78,78083.42
2013-02-20,11.75,11.75,11.44,11.69,96198.27
2013-02-21,11.54,11.64,11.4,11.47,109320.72
2013-02-22,11.49,11.53,11.32,11.36,33108.73
2013-02-25,11.45,11.53,11.3,11.45,34248.23
2013-02-26,11.43,11.52,11.32,11.38,77517.07
2013-02-27,11.38,11.44,11.26,11.29,39324.5
2013-02-28,11.24,11.63,11.22,11.49,47494.41
2013-03-01,11.49,11.56,11.14,11.5,28616.08
2013-03-04,11.46,11.62,11.22,11.36,94832.24
2013-03-05,11.36,11.45,11.23,11.39,44515.23
2013-03-06,11.42,11.97,11.42,11.89,172547.23
2013-03-07,11.8,11.91,11.71,11.83,47547.87
2013-03-08,11.83,12.01,11.75,11.9,45323.75
2013-03-11,11.89,11.89,11.64,11.74,25121.05
2013-03-12,11.69,11.88,11.51,11.64,70578.23
2013-03-13,11.66,11.66,11.27,11.36,82639.87
2013-03-14,11.29,11.56,11.19,11.36,45598.68
2013-03-15,11.35,11.84,11.35,11.7,103442.47
2013-03-18,11.58,11.79,11.48,11.49,34218.57
2013-03-19,11.59,11.66,11.49,11.64,33933.16
2013-03-20,11.63,11.87,11.45,11.75,68299.54
2013-03-21,11.75,11.81,11.69,11.76,21520.05
2013-03-22,11.78,11.82,11.53,11.63,27333.78
2013-03-25,11.75,11.75,11.33,11.44,79540.81
2013-03-26,11.32,11.51,11.29,11.5,43118.41
2013-03-27,11.5,11.64,11.41,11.48,18067.74
2013-03-28,11.36,11.74,11.33,11.6,65668.52
2013-03-29,11.64,11.74,11.49,11.71,38254.16
2013-04-01,11.59,11.7,11.49,11.61,25370.57
2013-04-02,11.59,11.75,11.53,11.58,23180.49
2013-04-03,11.62,11.69,11.41,11.49,19879.77
2013-04-08,11.05,11.17,10.85,10.97,199791.81
2013-04-09,11.09,11.15,10.96,11.09,42496.8
2013-04-10,10.97,11.18,10.96,11.1,41750.41
2013-04-11,11.21,11.21,10.99,11.04,17575.92
2013-04-12,11.05,11.1,10.74,10.89,53360.06
2013-04-15,10.8,10.9,10.57,10.6,37529.79
2013-04-16,10.69,10.69,10.33,10.4,116667.38
2013-04-17,10.4,10.51,10.33,10.42,48280.99
2013-04-18,10.41,10.75,10.37,10.71,47862.69
2013-04-19,10.76,11.0,10.75,10.96,55914.41
2013-04-22,10.96,11.15,10.88,11.06,43821.74
2013-04-23,11.07,11.07,10.77,10.79,30325.19
2013-04-24,10.81,11.03,10.73,10.82,41580.45
2013-04-25,10.84,11.12,10.73,11.06,54070.29
2013-04-26,11.12,11.16,10.92,10.99,26391.67
2013-05-02,10.85,11.2,10.85,11.14,40261.15
2013-05-03,11.14,11.34,11.12,11.19,26481.13
2013-05-06,11.18,11.35,11.18,11.27,25502.43
2013-05-07,11.27,11.54,11.09,11.49,67569.0
2013-05-08,11.49,11.69,11.49,11.57,60664.98
2013-05-09,11.53,11.63,11.49,11.56,30637.94
2013-05-10,11.43,11.63,11.43,11.56,35323.87
2013-05-13,11.59,11.8,11.57,11.64,59623.18
2013-05-14,11.64,11.76,11.52,11.75,101493.08
2013-05-15,11.75,11.75,11.47,11.54,45161.97
2013-05-16,11.44,11.55,11.4,11.51,32799.64
2013-05-17,11.54,11.69,11.49,11.58,47826.82
2013-05-20,11.63,11.73,11.53,11.56,30583.48
2013-05-21,11.62,11.64,11.39,11.44,60496.8
2013-05-22,11.43,11.51,11.4,11.46,42251.37
2013-05-23,11.41,11.53,11.3,11.33,55750.42
2013-05-24,11.43,11.45,11.3,11.38,52457.6
2013-05-27,11.37,11.43,11.32,11.36,26295.15
2013-05-28,11.36,11.83,11.3,11.75,98411.74
2013-05-29,11.75,11.79,11.65,11.68,41169.09
2013-05-30,11.68,11.82,11.59,11.74,48199.27
2013-05-31,11.78,11.99,11.7,11.87,62501.56
2013-06-03,11.96,11.98,11.79,11.83,63887.77
2013-06-04,11.77,11.89,11.59,11.66,47528.34
2013-06-05,11.64,11.7,11.56,11.59,35037.28
2013-06-06,11.58,11.67,11.52,11.56,19391.25
2013-06-07,11.59,11.63,11.17,11.28,52656.52
2013-06-13,11.17,11.24,10.63,10.92,111831.44
2013-06-14,10.88,10.97,10.7,10.82,90929.5
2013-06-17,10.76,10.92,10.76,10.84,52185.48
2013-06-18,10.87,10.98,10.81,10.89,50653.03
2013-06-19,10.88,10.95,10.79,10.92,38692.71
2013-06-20,10.92,11.01,10.53,10.71,47957.75
2013-06-21,10.66,11.02,10.6,10.96,57233.45
2013-06-24,10.89,11.03,10.35,10.44,68260.15
2013-06-25,10.42,10.53,9.83,10.05,90954.56
2013-06-26,10.15,10.33,10.03,10.16,85271.7
2013-06-27,10.25,10.59,10.18,10.37,72283.1
2013-06-28,10.4,10.54,10.23,10.37,56398.84
2013-07-01,10.35,10.9,10.3,10.84,74945.0
2013-07-02,10.78,11.27,10.76,11.19,83034.07
2013-07-03,11.12,11.21,10.78,11.02,63958.38
2013-07-04,11.15,11.16,10.68,10.89,99998.07
2013-07-05,10.83,11.11,10.82,11.02,52203.86
2013-07-08,10.95,10.99,10.71,10.88,30237.03
2013-07-09,10.86,11.16,10.82,11.08,54148.28
2013-07-10,11.05,11.3,10.86,11.29,43862.86
2013-07-11,11.26,11.56,11.23,11.31,68164.04
2013-07-12,11.31,11.34,11.1,11.14,39000.96
2013-07-15,11.19,11.37,11.08,11.15,30992.47
2013-07-16,11.16,11.17,10.8,11.04,37816.15
2013-07-17,11.03,11.51,10.96,11.16,97190.79
2013-07-18,11.13,11.37,11.11,11.29,48447.2
2013-07-19,11.3,11.31,10.83,11.02,43993.21
2013-07-22,10.91,11.23,10.91,11.16,40648.67
2013-07-23,11.23,11.5,11.14,11.41,47004.48
2013-07-24,11.4,11.4,11.05,11.19,47871.94
2013-07-25,11.18,11.29,11.07,11.09,25550.78
2013-07-26,11.02,11.09,10.72,10.79,48920.79
2013-07-29,10.8,10.86,10.56,10.63,28444.39
2013-07-30,10.7,10.95,10.63,10.79,26102.94
2013-07-31,10.79,10.9,10.63,10.72,30163.03
2013-08-01,10.74,11.04,10.72,10.97,41506.78
2013-08-02,10.95,11.31,10.94,11.22,42804.89
2013-08-05,11.24,11.3,11.14,11.27,27915.85
2013-08-06,11.29,11.29,11.17,11.24,28363.81
2013-08-07,11.22,11.35,11.16,11.27,28021.51
2013-08-08,11.23,11.36,11.16,11.29,31871.5
2013-08-09,11.31,11.36,11.05,11.29,29421.02
2013-08-12,11.36,11.52,11.29,11.47,50086.75
2013-08-13,11.47,11.62,11.37,11.38,34555.99
2013-08-14,11.4,11.63,11.37,11.54,52942.5
2013-08-15,11.53,11.63,11.47,11.48,50106.43
2013-08-16,11.48,11.68,11.19,11.25,65050.33
2013-08-19,11.44,11.57,11.33,11.55,49964.48
2013-08-20,11.55,11.64,11.37,11.42,33073.36
2013-08-21,11.51,11.89,11.43,11.87,55225.78
2013-08-22,11.79,12.01,11.59,11.84,61926.95
2013-08-23,12.33,12.67,11.91,11.99,397115.33
2013-08-26,12.17,13.16,12.02,12.96,476751.61
2013-08-27,13.14,13.64,12.98,13.19,636651.75
2013-08-28,13.21,14.5,13.08,14.15,787931.69
2013-08-29,14.25,14.43,13.75,13.79,408672.11
2013-08-30,13.97,14.52,13.92,14.28,659374.82
2013-09-02,14.42,15.42,13.77,13.94,676644.26
2013-09-03,13.86,13.9,13.3,13.66,302671.68
2013-09-04,13.7,14.31,13.65,13.81,321270.08
2013-09-05,13.68,13.7,13.27,13.59,282411.09
2013-09-06,13.61,14.92,13.48,14.5,641853.45
2013-09-09,14.73,14.74,14.15,14.3,550374.37
2013-09-10,14.28,15.59,14.19,14.95,721658.5
2013-09-11,14.95,15.17,14.5,14.98,432472.33
2013-09-12,14.97,15.09,14.72,15.06,341048.72
2013-09-13,15.15,15.4,14.41,14.56,350635.52
2013-09-16,14.41,14.74,14.33,14.41,230145.53
2013-09-17,14.32,14.32,13.36,13.38,347302.3
2013-09-18,13.46,13.85,13.42,13.51,202918.73
2013-09-23,13.63,14.19,13.62,13.9,257904.1
2013-09-24,13.9,14.56,13.65,14.33,351527.21
2013-09-25,14.31,14.72,13.96,13.99,364191.26
2013-09-26,13.88,13.88,13.1,13.42,294900.6
2013-09-27,13.36,13.49,13.18,13.32,145372.39
2013-09-30,13.46,13.86,13.39,13.55,141609.22
2013-10-08,13.61,13.78,13.25,13.41,172501.78
2013-10-09,13.38,13.65,13.25,13.56,150259.97
2013-10-10,13.48,13.58,13.03,13.13,202262.96
2013-10-11,13.2,13.66,13.04,13.65,276567.54
2013-10-14,13.93,14.64,13.85,14.21,446765.91
2013-10-15,14.28,14.45,13.9,14.24,176784.94
2013-10-16,14.2,14.2,13.41,13.52,151490.78
2013-10-17,13.67,13.72,13.39,13.47,106228.13
2013-10-18,13.43,13.64,13.41,13.44,63550.67
2013-10-21,13.48,13.77,13.43,13.63,122548.9
2013-10-22,13.62,13.62,13.11,13.3,186953.3
2013-10-23,13.27,13.4,13.0,13.17,86997.21
2013-10-24,13.21,13.31,12.98,13.04,66393.25
2013-10-25,13.06,13.12,12.49,12.52,139913.26
2013-10-28,12.62,12.78,12.54,12.67,66697.27
2013-10-29,12.64,12.85,12.24,12.45,140816.39
2013-10-30,12.62,13.01,12.49,12.98,134256.01
2013-10-31,12.95,13.32,12.9,13.25,153090.81
2013-11-01,13.34,13.38,13.07,13.35,66998.3
2013-11-04,13.39,13.39,13.17,13.26,44289.23
2013-11-05,13.16,13.25,12.98,13.19,55034.85
2013-11-06,13.16,13.38,13.16,13.24,56241.04
2013-11-07,13.17,13.34,13.08,13.2,34623.95
2013-11-08,13.2,13.35,13.11,13.13,48494.25
2013-11-11,13.16,13.52,13.08,13.47,91087.3
2013-11-12,13.49,13.67,13.44,13.53,93081.32
2013-11-13,13.46,13.57,13.32,13.4,93103.62
2013-11-14,13.4,13.4,13.17,13.32,57053.53
2013-11-15,13.34,13.7,13.21,13.4,126153.1
2013-11-18,13.46,13.92,13.43,13.89,161029.17
2013-11-19,13.88,13.97,13.78,13.88,94772.5
2013-11-20,13.89,14.12,13.87,13.94,72313.38
2013-11-21,13.93,13.93,13.5,13.64,128049.87
2013-11-22,13.73,13.9,13.64,13.76,85020.03
2013-11-25,13.74,13.86,13.67,13.76,64487.88
2013-11-26,13.72,13.83,13.67,13.7,58706.97
2013-11-27,13.7,13.75,13.47,13.55,92095.25
2013-11-28,13.56,13.68,13.45,13.59,94576.34
2013-11-29,13.62,13.66,13.45,13.5,68529.62
2013-12-02,13.34,13.58,13.1,13.11,129886.06
2013-12-03,13.17,13.27,13.11,13.25,79218.09
2013-12-04,13.25,13.81,13.16,13.66,211468.29
2013-12-05,13.66,13.67,13.4,13.49,117559.84
2013-12-06,13.46,13.47,13.36,13.38,77858.22
2013-12-09,13.38,13.48,13.3,13.32,100326.84
2013-12-10,13.32,13.57,13.29,13.47,132727.13
2013-12-11,13.42,13.47,13.25,13.34,102327.34
2013-12-12,13.28,13.44,13.21,13.26,109789.52
2013-12-13,13.19,13.38,13.15,13.25,76279.45
2013-12-16,13.25,13.33,12.89,12.99,76659.26
2013-12-17,13.15,13.23,12.82,12.85,92162.38
2013-12-18,12.89,13.41,12.89,13.21,106401.98
2013-12-19,13.27,13.36,13.05,13.19,83553.92
2013-12-20,13.17,13.54,13.17,13.31,140974.65
2013-12-23,13.27,13.53,13.18,13.37,75821.34
2013-12-24,13.42,13.61,13.36,13.51,107069.31
2013-12-25,13.44,13.59,13.25,13.45,52576.81
2013-12-26,13.42,13.42,13.06,13.07,62980.64
2013-12-27,13.07,13.3,13.03,13.07,95599.5
2013-12-30,13.11,13.17,12.71,12.78,128123.14
2013-12-31,12.71,12.87,12.7,12.82,72111.76
2014-01-02,12.8,13.01,12.8,12.97,59299.95
2014-01-03,12.8,12.96,12.53,12.7,82335.04
2014-01-06,12.69,12.69,12.15,12.2,93917.52
2014-01-07,12.16,12.36,12.07,12.23,84881.43
2014-01-08,12.27,12.5,12.22,12.44,72978.41
2014-01-09,12.45,12.61,12.36,12.53,61459.21
2014-01-10,12.43,12.59,12.35,12.41,55641.57
2014-01-13,12.53,12.53,12.32,12.42,46859.05
2014-01-14,12.44,12.67,12.43,12.62,46005.95
2014-01-15,12.62,12.68,12.51,12.55,28044.32
2014-01-16,12.52,12.59,12.36,12.45,44433.36
2014-01-17,12.27,12.35,12.0,12.08,89229.1
2014-01-20,12.08,12.16,11.87,12.13,40753.29
2014-01-21,12.1,12.23,12.04,12.1,27809.81
2014-01-22,12.13,12.4,12.09,12.38,53342.11
2014-01-23,12.38,12.4,12.11,12.22,51410.21
2014-01-24,12.18,12.25,12.12,12.14,79143.4
2014-01-27,12.07,12.07,11.9,11.93,96709.68
2014-01-28,11.99,12.01,11.86,11.93,93774.07
2014-01-29,11.99,12.02,11.89,12.01,48392.36
2014-01-30,12.0,12.01,11.86,11.95,36012.67
2014-02-07,11.78,11.93,11.78,11.91,46825.01
2014-02-10,11.94,12.24,11.94,12.23,113294.38
2014-02-11,12.18,12.48,12.14,12.37,121752.61
2014-02-12,12.43,12.44,12.17,12.27,87598.89
2014-02-13,12.25,12.35,12.19,12.28,102869.76
2014-02-14,12.31,12.47,12.27,12.35,62035.6
2014-02-17,12.4,12.44,12.25,12.3,88952.18
2014-02-18,12.3,12.3,12.15,12.18,98194.57
2014-02-19,12.15,12.27,12.06,12.22,62883.77
2014-02-20,12.27,12.58,12.27,12.36,167282.94
2014-02-21,12.36,12.42,12.07,12.19,82179.79
2014-02-24,12.13,12.13,11.78,11.8,91825.63
2014-02-25,11.84,11.94,11.45,11.53,100290.42
2014-02-26,11.52,11.59,11.33,11.49,88376.13
2014-02-27,11.55,11.63,11.37,11.5,109114.44
2014-02-28,11.5,11.54,11.26,11.49,79711.03
2014-03-03,11.46,11.77,11.38,11.62,102794.44
2014-03-04,11.6,11.76,11.42,11.66,88352.38
2014-03-05,11.66,11.73,11.61,11.66,51264.14
2014-03-06,11.73,11.73,11.49,11.68,46561.2
2014-03-07,11.69,11.86,11.63,11.69,62657.04
2014-03-10,11.54,11.61,11.35,11.41,95667.24
2014-03-11,11.37,11.39,10.99,11.21,140445.73
2014-03-12,11.13,11.22,11.04,11.18,58630.75
2014-03-13,11.12,11.3,11.05,11.13,88574.11
2014-03-14,11.1,11.1,10.75,10.97,133722.2
2014-03-17,10.95,11.2,10.9,11.17,69252.75
2014-03-18,11.17,11.28,11.13,11.17,49508.29
2014-03-19,11.16,11.27,11.04,11.24,43757.62
2014-03-20,11.24,11.38,11.07,11.08,92776.27
2014-03-21,11.07,11.29,10.9,11.25,71604.86
2014-03-24,11.25,11.53,11.18,11.45,70129.05
2014-03-25,11.46,11.82,11.42,11.59,110709.59
2014-03-26,11.59,11.69,11.53,11.58,49728.97
2014-03-27,11.56,11.67,11.46,11.5,42023.65
2014-03-28,11.48,11.74,11.48,11.62,53064.41
2014-03-31,11.6,11.63,11.19,11.25,43525.74
2014-04-01,11.25,11.35,11.19,11.25,36345.95
2014-04-02,11.26,11.31,11.22,11.26,25309.04
2014-04-03,11.33,11.36,11.13,11.2,50968.34
2014-04-04,11.16,11.24,11.11,11.23,29077.94
2014-04-08,11.21,11.42,11.17,11.41,51187.41
2014-04-09,11.42,11.57,11.39,11.48,50786.01
2014-04-10,11.51,11.67,11.48,11.65,80783.82
2014-04-11,11.68,12.15,11.67,11.95,190160.15
2014-04-14,11.93,12.12,11.79,11.87,58800.11
2014-04-15,11.89,11.89,11.67,11.7,63050.26
2014-04-16,11.71,11.82,11.65,11.73,40857.82
2014-04-17,11.77,11.84,11.7,11.8,33792.04
2014-04-18,11.69,11.79,11.64,11.7,29361.86
2014-04-21,11.64,11.69,11.44,11.46,44177.46
2014-04-22,11.42,11.62,11.34,11.53,34895.69
2014-04-23,11.5,11.57,11.42,11.51,26336.9
2014-04-24,11.49,12.32,11.45,11.92,114867.25
2014-04-25,11.91,11.99,11.7,11.7,60919.98
2014-04-28,11.7,11.8,11.42,11.43,72016.61
2014-04-29,11.5,11.79,11.43,11.66,57026.51
2014-04-30,11.67,11.89,11.58,11.84,62433.65
2014-05-05,11.82,11.92,11.71,11.86,52472.89
2014-05-06,11.84,11.93,11.81,11.88,57510.59
2014-05-07,11.83,12.1,11.78,11.9,89629.79
2014-05-08,11.89,12.15,11.82,12.02,94133.8
2014-05-09,12.09,12.12,11.78,11.86,55264.16
2014-05-12,11.95,12.18,11.85,12.14,89187.3
2014-05-13,12.09,12.53,12.07,12.43,150980.21
2014-05-14,12.38,12.5,12.27,12.35,62481.53
2014-05-15,12.29,12.43,12.23,12.3,64569.49
2014-05-16,12.28,12.36,12.01,12.13,69317.94
2014-05-19,12.04,12.17,11.95,12.03,42656.5
2014-05-20,12.09,12.19,12.02,12.07,28727.41
2014-05-21,12.01,12.19,11.94,12.16,33645.85
2014-05-22,12.16,12.28,11.99,11.99,38985.28
2014-05-23,11.99,12.07,11.92,12.02,33816.83
2014-05-26,12.18,12.18,11.97,12.06,37443.02
2014-05-27,12.06,12.06,11.77,11.84,79083.14
2014-05-28,11.81,12.04,11.8,12.0,42190.61
2014-05-29,12.02,12.05,11.87,11.88,31895.47
2014-05-30,11.89,12.05,11.86,11.93,39371.51
2014-06-03,11.93,11.93,11.76,11.82,46399.19
2014-06-04,11.79,11.84,11.53,11.55,47388.56
2014-06-05,11.54,11.64,11.46,11.59,50577.08
2014-06-06,11.6,11.63,11.34,11.42,55537.51
2014-06-09,11.42,11.56,11.36,11.4,48078.32
2014-06-10,11.44,11.69,11.41,11.66,60119.64
2014-06-11,11.64,11.77,11.56,11.74,34734.32
2014-06-12,11.67,11.72,11.48,11.5,49906.22
2014-06-13,11.51,11.72,11.5,11.66,40188.72
2014-06-16,11.6,11.82,11.6,11.77,51574.14
2014-06-17,11.77,11.77,11.64,11.72,56357.06
2014-06-18,11.71,11.72,11.51,11.52,46633.12
2014-06-19,11.53,11.59,11.36,11.39,37585.74
2014-06-20,11.37,11.5,11.28,11.37,36505.5
2014-06-23,11.39,11.46,11.35,11.37,23204.31
2014-06-24,11.38,11.45,11.36,11.45,36226.92
2014-06-25,11.43,11.49,11.36,11.39,39858.59
2014-06-26,11.46,11.46,11.38,11.45,48276.12
2014-06-27,11.45,11.53,11.42,11.5,43371.61
2014-06-30,11.54,11.62,11.46,11.55,58795.28
2014-07-01,11.56,11.62,11.56,11.62,44850.96
2014-07-02,11.62,11.63,11.53,11.59,31960.15
2014-07-03,11.57,11.61,11.51,11.59,69997.33
2014-07-04,11.59,11.65,11.56,11.6,44182.72
2014-07-07,11.6,11.67,11.54,11.57,34065.15
2014-07-08,11.63,11.71,11.6,11.7,75176.6
2014-07-09,11.67,11.67,11.48,11.52,51830.36
2014-07-10,11.52,11.57,11.42,11.45,51536.73
2014-07-11,11.46,11.53,11.42,11.5,41840.09
2014-07-14,11.5,11.64,11.47,11.64,95293.06
2014-07-15,11.63,11.71,11.52,11.69,75526.8
2014-07-16,11.69,11.71,11.61,11.68,76503.75
2014-07-17,11.67,11.69,11.59,11.67,70814.05
2014-07-18,11.59,11.79,11.57,11.78,91600.89
2014-07-21,11.79,11.91,11.74,11.84,88366.0
2014-07-22,11.85,11.93,11.76,11.87,85852.86
2014-07-23,11.82,11.91,11.76,11.88,100062.47
2014-07-24,11.84,12.07,11.78,11.99,163010.4
2014-07-25,11.99,12.32,11.98,12.24,203003.48
2014-07-28,12.27,12.48,12.16,12.39,140581.3
2014-07-29,12.36,12.42,12.25,12.34,85200.94
2014-07-30,12.27,12.36,12.19,12.27,94456.99
2014-07-31,12.25,12.36,12.16,12.27,91071.54
2014-08-01,12.29,12.36,12.14,12.14,92213.06
2014-08-04,12.18,12.36,12.12,12.36,130990.33
2014-08-05,12.37,12.39,12.25,12.3,87630.93
2014-08-06,12.31,12.31,12.13,12.24,91126.76
2014-08-07,12.25,12.28,12.09,12.13,89775.68
2014-08-08,12.12,12.21,12.11,12.17,48394.81
2014-08-11,12.24,12.36,12.19,12.36,104619.63
2014-08-12,12.6,12.95,12.52,12.64,344717.85
2014-08-13,12.67,12.72,12.46,12.58,190278.29
2014-08-14,12.52,12.65,12.47,12.5,150222.2
2014-08-15,12.56,12.92,12.51,12.78,198594.9
2014-08-18,12.93,13.17,12.58,12.71,288718.51
2014-08-19,12.71,12.89,12.66,12.87,170043.66
2014-08-20,12.87,12.99,12.75,12.77,131807.26
2014-08-21,12.77,12.78,12.58,12.72,97219.36
2014-08-22,12.54,12.62,12.44,12.54,235823.99
2014-08-25,12.59,12.85,12.49,12.72,164187.55
2014-08-26,12.68,12.68,12.42,12.49,118200.6
2014-08-27,12.44,12.55,12.37,12.41,77325.88
2014-08-28,12.44,12.47,12.23,12.29,98573.15
2014-08-29,12.35,12.43,12.28,12.41,67517.79
2014-09-01,12.44,12.63,12.36,12.59,93982.74
2014-09-02,12.64,12.76,12.53,12.75,164021.47
2014-09-03,12.76,12.88,12.71,12.76,160939.61
2014-09-04,12.76,13.05,12.71,12.98,227062.47
2014-09-05,13.02,13.43,12.95,13.32,319040.4
2014-09-09,13.35,13.43,13.2,13.26,150114.99
2014-09-10,13.18,13.24,13.07,13.17,141643.35
2014-09-11,13.17,13.39,13.08,13.29,184502.26
2014-09-12,13.23,13.31,13.16,13.3,112064.59
2014-09-15,13.27,13.41,13.2,13.4,156041.78
2014-09-16,13.44,13.68,13.18,13.22,192086.8
2014-09-17,13.19,13.43,13.19,13.38,126397.77
2014-09-18,13.3,13.46,13.24,13.3,103789.31
2014-09-19,13.3,13.34,13.19,13.27,79051.55
2014-09-22,13.3,13.37,13.15,13.21,107106.38
2014-09-23,13.2,13.42,13.2,13.39,109386.53
2014-09-24,13.32,13.51,13.2,13.46,168300.47
2014-09-25,13.51,13.93,13.5,13.58,182921.01
2014-09-26,13.54,13.85,13.53,13.83,108245.77
2014-09-29,13.93,14.06,13.76,13.84,127071.85
2014-09-30,13.86,13.9,13.75,13.78,102138.5
2014-10-08,13.74,13.84,13.58,13.82,128151.1
2014-10-09,13.84,13.93,13.76,13.79,133891.21
2014-10-10,13.73,13.75,13.52,13.55,135765.35
2014-10-13,13.5,13.5,13.23,13.35,150063.86
2014-10-14,13.3,13.5,13.29,13.36,114072.51
2014-10-15,13.32,13.62,13.32,13.55,172542.39
2014-10-16,13.41,13.65,13.34,13.35,142559.5
2014-10-17,13.32,13.52,13.09,13.37,118626.44
2014-10-20,13.37,13.49,13.27,13.46,86382.9
2014-10-21,13.44,13.46,13.16,13.27,81388.1
2014-10-22,13.2,13.38,13.2,13.24,59724.44
2014-10-23,13.23,13.37,13.12,13.16,64853.31
2014-10-24,13.18,13.27,12.99,13.18,73710.83
2014-10-27,13.1,13.31,13.01,13.28,66813.8
2014-10-28,13.31,13.69,13.31,13.61,153760.86
2014-10-29,13.68,14.26,13.63,14.15,391434.6
2014-10-30,14.15,14.35,14.05,14.18,305904.11
2014-10-31,14.17,14.38,14.07,14.24,193030.7
2014-11-03,14.23,14.89,14.19,14.67,268838.97
2014-11-04,14.64,14.64,14.34,14.45,157854.87
2014-11-05,14.44,14.45,14.17,14.27,140271.4
2014-11-06,14.35,14.65,14.07,14.19,259789.2
2014-11-07,14.24,14.47,14.05,14.28,159823.63
2014-11-10,14.31,14.87,14.31,14.83,243328.73
2014-11-11,14.84,15.32,14.58,14.8,347662.02
2014-11-12,14.7,15.63,14.58,15.55,331021.36
2014-11-13,15.67,15.99,15.46,15.74,408589.97
2014-11-14,15.69,15.72,15.28,15.6,214387.25
2014-11-17,16.47,16.47,15.65,15.66,321147.96
2014-11-18,15.65,15.86,15.14,15.16,179597.86
2014-11-19,15.26,15.34,14.97,15.08,179969.97
2014-11-20,15.06,15.23,14.99,15.14,158257.58
2014-11-21,15.21,15.39,15.0,15.29,171940.49
2014-11-24,15.63,15.7,15.42,15.51,269073.97
2014-11-25,15.56,16.33,15.45,16.01,312480.04
2014-11-26,15.97,16.0,15.38,15.6,325900.13
2014-11-27,15.64,15.67,15.29,15.47,253271.05
2014-11-28,15.55,16.45,15.51,15.9,461316.69
2014-12-01,15.9,16.24,15.63,15.76,244954.65
2014-12-02,15.66,16.0,15.57,15.9,208534.62
2014-12-03,15.98,16.41,15.7,16.2,332897.61
2014-12-04,16.1,16.64,16.1,16.59,283085.29
2014-12-05,16.73,16.91,15.84,16.08,376623.28
2014-12-08,16.01,16.61,15.84,16.49,301716.15
2014-12-09,16.49,18.14,16.24,16.76,607626.0
2014-12-10,16.94,18.29,16.88,18.28,465106.09
2014-12-11,18.39,19.65,18.39,18.63,569174.32
2014-12-12,18.48,18.76,17.94,18.15,295229.18
2014-12-15,18.07,18.12,17.57,18.1,210332.07
2014-12-16,17.89,18.09,17.67,18.01,188749.74
2014-12-17,18.26,18.67,17.72,18.08,331387.46
2014-12-18,17.99,18.03,17.57,17.76,243917.04
2014-12-19,17.66,18.54,17.6,18.36,325801.36
2014-12-22,18.3,18.44,17.66,17.93,259718.89
2014-12-23,18.03,18.11,17.25,17.35,253131.06
2014-12-24,17.37,17.43,16.89,16.96,204175.43
2014-12-25,16.97,17.45,16.97,17.44,128744.62
2014-12-26,17.39,18.2,17.3,18.12,206392.35
2014-12-29,18.39,18.54,17.71,17.92,194869.35
2014-12-30,17.96,18.16,17.55,17.81,156072.33
2014-12-31,17.81,18.04,17.73,17.95,146243.39
2015-01-05,18.14,19.13,18.14,18.79,371485.54
2015-01-06,18.58,19.01,18.15,18.38,345388.53
2015-01-07,18.39,18.49,18.16,18.47,254100.23
2015-01-08,18.47,18.47,18.05,18.3,198117.45
2015-01-09,18.17,18.74,18.15,18.26,224732.07
2015-01-12,18.16,18.16,17.55,17.81,181121.99
2015-01-13,17.81,17.98,17.6,17.7,99780.6
2015-01-14,17.7,17.83,17.25,17.29,120314.9
2015-01-15,17.29,17.92,17.22,17.92,120222.32
2015-01-16,17.94,18.03,17.72,17.86,131966.07
2015-01-19,17.3,17.8,16.2,16.84,226084.2
2015-01-20,16.97,17.61,16.95,17.59,170276.24
2015-01-21,17.59,18.15,17.39,18.14,161574.56
2015-01-22,18.11,18.47,18.02,18.15,120060.46
2015-01-23,18.19,18.8,18.15,18.79,229063.97
2015-01-26,18.76,19.54,18.53,19.49,243377.75
2015-01-27,19.49,19.8,19.03,19.29,279352.42
2015-01-28,19.29,19.56,19.0,19.34,179009.47
2015-01-29,19.24,19.24,18.85,18.9,151387.55
2015-01-30,19.15,19.21,18.37,18.66,125363.38
2015-02-02,18.17,18.61,18.13,18.35,83496.04
2015-02-03,18.53,18.62,18.17,18.51,89137.45
2015-02-04,18.47,18.88,18.36,18.49,108322.75
2015-02-05,18.86,18.86,18.31,18.42,124152.96
2015-02-06,18.62,18.63,18.04,18.15,118549.57
2015-02-09,18.3,18.3,17.73,17.78,136344.92
2015-02-10,18.03,18.61,17.82,18.58,111759.75
2015-02-11,18.67,19.01,18.57,18.69,79451.09
2015-02-12,18.69,18.71,18.4,18.52,75861.52
2015-02-13,18.54,18.91,18.41,18.56,90013.74
2015-02-16,18.63,19.34,18.54,19.33,141269.28
2015-02-17,19.35,20.15,19.2,19.89,208912.02
2015-02-25,19.72,19.92,19.21,19.32,148549.32
2015-02-26,19.33,19.67,19.12,19.61,98541.69
2015-02-27,19.67,19.75,19.22,19.31,104234.46
2015-03-02,19.41,19.47,19.03,19.31,120038.91
2015-03-03,19.22,19.26,18.69,18.8,116763.99
2015-03-04,18.67,19.11,18.67,18.92,92068.76
2015-03-05,18.92,19.12,18.67,19.0,102710.98
2015-03-06,18.92,19.33,18.87,19.08,117021.74
2015-03-09,18.94,19.21,18.63,19.12,116047.48
2015-03-10,19.09,19.84,19.01,19.68,162746.63
2015-03-11,19.92,20.57,19.67,20.02,182845.85
2015-03-12,20.14,20.91,20.14,20.84,245302.19
2015-03-13,20.8,21.64,20.59,21.5,252574.13
2015-03-16,21.68,21.9,21.23,21.69,275581.37
2015-03-17,21.7,23.28,21.69,23.12,353847.1
2015-03-18,23.13,23.28,22.7,23.09,181732.72
2015-03-19,22.88,23.01,22.5,22.51,174972.45
2015-03-20,22.51,22.88,21.96,22.24,146131.67
2015-03-23,22.24,22.97,22.24,22.79,141577.27
2015-03-24,22.7,23.15,22.26,23.11,166850.8
2015-03-25,23.13,23.13,21.88,22.17,202384.81
2015-03-26,22.16,22.42,21.6,21.76,122004.34
2015-03-27,21.78,21.96,21.76,21.81,84693.95
2015-03-30,22.24,22.49,22.15,22.46,155175.74
2015-03-31,22.51,23.11,21.94,22.09,213993.17
2015-04-01,22.1,22.96,21.99,22.43,134094.18
2015-04-02,22.46,23.0,22.2,22.57,125157.96
2015-04-03,22.58,23.78,22.49,23.69,208264.55
2015-04-07,23.75,23.92,23.22,23.71,161621.22
2015-04-08,23.61,23.7,23.11,23.14,239421.67
2015-04-09,22.89,23.06,22.06,22.43,153649.24
2015-04-10,22.33,22.81,22.19,22.74,101537.81
2015-04-13,22.74,23.13,22.42,23.02,155469.61
2015-04-14,23.01,23.78,22.71,23.68,217102.59
2015-04-15,23.61,24.39,23.41,23.76,225307.06
2015-04-16,23.52,24.7,23.04,24.66,250605.68
2015-04-17,25.18,25.33,24.41,24.59,289232.45
2015-04-20,24.25,24.55,23.34,23.43,224872.75
2015-04-21,23.72,24.13,23.43,24.11,153884.78
2015-04-22,24.16,24.71,24.14,24.64,154060.33
2015-04-23,24.78,24.96,24.37,24.72,174175.07
2015-04-24,24.19,24.71,23.99,24.53,132636.45
2015-04-27,24.55,25.52,24.55,24.97,181440.45
2015-04-28,24.94,24.96,23.91,23.97,162951.02
2015-04-29,24.1,25.61,23.94,25.58,256208.7
2015-04-30,25.55,26.05,25.12,25.28,175082.06
2015-05-04,24.94,26.86,24.36,26.24,226510.28
2015-05-05,25.62,26.07,24.6,24.91,142410.48
2015-05-06,25.16,25.69,24.25,24.71,192034.87
2015-05-07,24.26,24.78,23.81,23.97,107480.48
2015-05-08,24.25,24.59,23.88,24.38,120141.82
2015-05-11,23.77,25.0,23.64,24.94,165020.85
2015-05-12,24.98,26.51,24.94,26.41,267157.09
2015-05-13,26.31,26.31,25.46,25.61,177246.53
2015-05-14,25.57,25.57,24.64,24.88,162771.7
2015-05-15,24.82,25.3,24.44,24.92,150284.09
2015-05-18,24.73,25.58,24.54,25.43,167427.81
2015-05-19,25.4,26.48,25.16,26.07,195259.88
2015-05-20,27.01,28.68,27.01,27.95,371965.78
2015-05-21,27.97,30.74,27.97,30.74,348390.34
2015-05-22,31.75,32.02,29.56,30.22,323802.78
2015-05-25,30.08,31.83,29.84,30.7,258195.42
2015-05-26,30.74,31.1,29.89,31.0,345525.84
2015-05-27,31.0,31.01,30.04,30.65,244486.55
2015-05-28,30.18,30.97,27.91,27.96,315907.06
2015-05-29,27.83,28.37,26.55,27.44,251867.37
2015-06-01,27.44,29.28,27.18,29.09,226776.93
2015-06-02,29.01,29.77,28.46,29.19,203810.31
2015-06-03,29.19,29.2,27.92,28.64,197878.28
2015-06-04,28.64,29.1,26.54,28.92,225535.53
2015-06-05,29.23,29.97,28.82,29.46,243450.63
2015-06-08,30.06,32.12,30.06,31.08,436529.46
2015-06-09,31.08,32.12,29.98,32.02,430440.61
2015-06-10,32.02,33.52,31.13,32.86,441395.54
2015-06-11,32.87,35.24,32.7,34.4,540587.25
2015-06-12,35.6,36.1,34.18,34.33,553273.44
2015-06-15,34.77,37.76,33.81,36.81,782308.62
2015-06-16,36.03,36.03,33.13,33.13,666435.11
2015-06-17,32.94,33.08,30.31,32.15,505686.73
2015-06-18,31.95,33.08,31.11,31.16,342417.77
2015-06-19,30.56,31.13,28.65,29.24,293861.11
2015-06-23,29.29,30.75,27.13,30.64,330782.57
2015-06-24,30.54,31.86,30.21,31.38,399694.17
2015-06-25,31.1,31.24,28.49,28.87,335446.05
2015-06-26,28.28,28.28,25.99,26.37,428981.25
2015-06-29,27.43,27.44,23.84,26.45,462136.11
2015-06-30,26.35,29.04,25.64,29.01,349696.38
2015-07-01,28.81,29.99,26.36,26.52,339279.68
2015-07-02,27.01,27.43,24.64,25.39,325746.2
2015-07-03,25.39,26.54,23.72,24.72,340500.69
2015-07-06,27.19,27.19,23.69,25.38,327406.74
2015-07-07,24.71,25.29,22.96,24.41,503081.24
2015-07-08,21.97,22.28,21.97,21.97,370834.38
2015-07-09,21.97,24.17,20.96,24.17,602174.9
2015-07-10,24.7,26.58,24.41,26.58,518171.01
2015-07-13,26.63,29.24,26.63,29.22,499889.44
2015-07-14,28.35,29.27,27.46,27.5,428279.58
2015-07-15,26.99,26.99,24.75,24.75,292232.48
2015-07-16,24.76,26.43,24.75,25.65,232218.11
2015-07-17,25.69,27.4,25.69,26.97,256940.56
2015-07-20,27.0,27.56,26.08,26.97,294069.25
2015-07-21,26.5,27.85,26.06,27.39,236601.36
2015-07-22,27.25,27.58,26.45,27.09,240927.05
2015-07-23,27.42,28.0,27.09,27.84,326719.82
2015-07-24,27.67,28.8,26.72,27.21,347540.26
2015-07-27,26.54,27.6,24.5,24.5,300228.97
2015-07-28,23.79,25.69,22.49,25.08,384012.37
2015-07-29,25.3,26.08,24.43,26.08,188322.75
2015-07-30,26.08,26.79,25.22,25.37,183702.44
2015-07-31,25.28,25.9,24.86,25.86,258459.31
2015-08-03,25.8,27.55,25.34,27.53,441818.23
2015-08-04,27.42,28.3,26.77,28.15,302642.55
2015-08-05,27.97,28.13,27.0,27.21,219874.32
2015-08-06,26.81,28.19,26.55,27.96,216484.18
2015-08-07,28.01,28.8,27.95,28.18,177010.28
2015-08-10,28.37,29.87,28.1,29.24,266360.05
2015-08-11,29.18,29.55,28.45,28.67,267202.94
2015-08-12,28.14,28.88,27.54,27.83,216792.25
2015-08-13,27.85,29.92,27.85,29.26,298494.08
2015-08-14,29.37,30.45,29.31,29.37,258392.97
2015-08-17,29.28,30.25,28.64,30.11,191099.45
2015-08-18,30.43,30.45,27.1,27.1,248282.22
2015-08-19,26.02,27.43,25.76,27.2,220157.41
2015-08-20,26.85,27.11,25.46,25.75,156216.87
2015-08-21,25.0,25.5,24.07,24.15,253524.0
2015-08-24,23.15,23.89,21.73,21.85,436060.62
2015-08-25,21.34,24.04,21.04,22.3,452488.86
2015-08-26,21.84,24.26,21.3,23.18,306046.6
2015-08-27,23.53,25.28,23.43,25.21,253806.6
2015-08-28,25.92,27.15,25.48,26.17,337431.88
2015-08-31,25.76,25.92,25.07,25.24,198163.76
2015-09-01,25.16,25.16,22.87,23.41,233637.71
2015-09-02,22.55,25.05,22.55,24.79,448258.38
2015-09-07,24.79,25.55,23.51,23.88,205022.66
2015-09-08,23.69,25.92,23.11,25.51,186187.67
2015-09-09,25.58,26.85,25.0,25.84,274740.66
2015-09-10,25.32,26.01,25.09,25.28,95549.68
2015-09-11,25.28,26.55,25.25,26.36,212376.44
2015-09-14,26.2,26.29,24.26,24.56,201238.36
2015-09-15,24.12,25.17,23.89,24.46,172524.98
2015-09-16,24.53,26.65,24.09,26.29,165154.27
2015-09-17,26.18,26.54,25.15,25.2,171473.99
2015-09-18,25.46,25.54,25.0,25.3,87358.65
2015-09-21,25.29,26.16,25.19,25.96,95517.4
2015-09-22,26.1,26.48,25.66,26.2,137035.34
2015-09-23,25.75,26.04,25.23,25.28,94837.88
2015-09-24,25.45,26.2,25.3,26.14,119448.26
2015-09-25,26.2,26.67,25.83,26.08,149879.33
2015-09-28,26.08,26.2,25.33,26.14,57003.88
2015-09-29,25.83,26.11,25.46,25.63,63426.32
2015-09-30,25.88,25.92,25.44,25.67,42381.64
2015-10-08,26.96,27.78,26.34,26.53,255265.73
2015-10-09,26.6,26.8,26.19,26.45,93697.12
2015-10-12,26.58,27.79,26.43,26.45,302337.96
2015-10-13,26.47,27.3,26.23,27.2,158265.76
2015-10-14,26.94,27.29,26.5,26.55,99407.81
2015-10-15,26.55,27.06,26.49,26.95,102595.95
2015-10-16,26.99,28.61,26.99,28.29,301748.54
2015-10-19,28.33,28.52,27.62,28.08,219982.82
2015-10-20,28.04,28.24,27.59,28.03,121135.45
2015-10-21,28.13,28.22,26.55,26.82,175460.33
2015-10-22,26.85,27.32,26.53,27.28,133313.45
2015-10-23,27.42,27.72,27.17,27.48,99328.03
2015-10-26,27.75,27.87,27.13,27.28,112945.22
2015-10-27,27.29,27.43,26.6,27.21,78230.71
2015-10-28,27.49,27.92,27.34,27.6,163571.49
2015-10-29,27.78,28.01,27.51,27.99,124358.4
2015-10-30,27.75,28.13,27.62,27.98,77835.05
2015-11-02,27.96,29.25,27.78,28.7,162313.07
2015-11-03,28.66,28.68,27.95,28.36,111751.89
2015-11-04,27.92,29.38,27.92,29.24,156515.95
2015-11-05,28.89,30.54,28.89,29.37,247438.64
2015-11-06,29.63,30.49,29.27,30.02,102895.92
2015-11-09,30.01,30.91,29.89,29.95,177528.79
2015-11-10,29.69,30.04,27.5,28.14,214882.89
2015-11-11,28.61,28.98,28.52,28.73,168416.39
2015-11-12,28.77,28.85,27.89,28.42,129366.26
2015-11-13,28.15,28.84,28.06,28.67,98096.1
2015-11-16,28.01,28.52,27.78,28.47,116204.43
2015-11-17,28.57,28.77,28.06,28.29,127353.05
2015-11-18,28.33,28.62,27.86,27.93,73479.75
2015-11-19,27.79,28.01,27.66,27.93,89216.67
2015-11-20,27.93,28.19,27.83,27.92,88977.32
2015-11-23,27.95,28.19,27.78,27.92,74837.85
2015-11-24,27.96,28.13,27.71,27.96,67810.69
2015-11-25,27.96,27.96,27.66,27.83,80193.91
2015-11-26,27.87,27.95,27.5,27.54,80731.87
2015-11-27,27.54,27.59,26.19,26.45,124137.96
2015-11-30,26.48,26.72,25.26,26.48,104344.7
2015-12-01,26.61,27.37,25.94,27.05,138422.97
2015-12-02,27.17,27.86,26.74,27.84,136286.79
2015-12-03,27.77,27.92,27.36,27.86,60124.8
2015-12-04,27.87,28.1,27.68,27.91,93313.3
2015-12-07,28.01,28.56,28.01,28.2,62501.37
2015-12-08,28.09,28.26,27.42,27.54,61231.25
2015-12-09,27.32,27.78,27.04,27.49,66261.77
2015-12-10,27.67,28.15,27.49,27.78,82515.29
2015-12-11,27.55,27.85,27.37,27.71,52322.3
2015-12-14,27.33,27.77,27.13,27.74,52503.68
2015-12-15,27.74,28.05,27.59,27.72,74316.71
2015-12-16,27.76,27.96,27.68,27.86,47099.4
2015-12-17,27.94,28.29,27.86,28.25,115369.93
2015-12-18,28.15,28.98,28.14,28.42,95766.73
2015-12-21,28.42,29.3,28.25,29.07,172270.82
2015-12-22,29.42,29.49,28.42,28.57,116750.79
2015-12-23,28.66,28.69,27.89,28.03,151291.92
2015-12-24,28.1,28.19,27.87,27.97,44550.3
2015-12-25,28.08,28.22,27.86,28.02,45087.98
2015-12-28,28.12,28.18,27.24,27.27,97890.26
2015-12-29,27.24,27.73,27.24,27.71,40001.3
2015-12-30,27.92,27.96,27.54,27.75,58338.05
2015-12-31,27.75,27.78,27.29,27.33,53516.35
2016-01-04,27.34,27.35,26.08,26.17,59462.81
2016-01-05,25.48,27.04,25.48,26.63,89726.16
2016-01-06,26.76,27.4,26.67,27.31,100796.97
2016-01-07,27.03,27.03,25.77,25.92,19019.0
2016-01-08,26.46,26.67,25.56,25.95,166619.66
2016-01-11,25.92,26.0,24.82,25.1,153196.62
2016-01-12,25.33,25.53,24.81,24.83,131626.94
2016-01-13,25.39,25.87,24.63,24.8,123763.29
2016-01-14,24.58,25.05,24.07,24.88,122526.75
2016-01-15,24.88,25.07,24.26,24.53,56701.36
2016-01-18,24.43,24.71,24.08,24.62,37557.01
2016-01-19,24.64,25.4,24.46,25.31,60315.39
2016-01-20,25.23,25.92,25.01,25.22,79282.63
2016-01-21,24.81,25.22,24.67,24.82,50522.84
2016-01-22,24.84,25.33,24.75,25.17,46806.43
2016-01-25,25.38,25.73,25.02,25.35,45361.87
2016-01-26,25.01,25.35,24.36,24.67,81158.83
2016-01-27,23.62,24.77,23.43,23.95,109688.66
2016-01-28,23.89,24.14,23.29,23.37,61620.9
2016-01-29,23.32,24.05,23.29,23.94,87361.18
2016-02-01,23.89,23.92,23.17,23.35,78776.55
2016-02-02,23.38,23.84,23.38,23.7,51360.45
2016-02-03,23.3,23.67,23.3,23.67,30315.56
2016-02-04,23.88,24.21,23.88,24.05,72865.82
2016-02-05,23.98,24.46,23.94,24.18,58045.25
2016-02-15,23.67,25.07,23.61,24.85,127222.98
2016-02-16,24.99,25.46,24.61,25.2,95583.47
2016-02-17,24.98,26.17,24.95,25.82,171449.64
2016-02-18,26.11,26.38,25.72,25.92,114148.9
2016-02-19,25.89,25.95,25.45,25.74,46951.7
2016-02-22,26.02,26.28,25.77,26.21,45442.58
2016-02-23,26.29,26.29,25.52,25.79,36621.07
2016-02-24,25.86,26.19,25.65,26.15,29226.58
2016-02-25,26.15,26.45,25.01,25.83,98238.46
2016-02-26,25.92,26.06,25.69,25.91,43638.5
2016-02-29,25.98,26.11,24.91,25.18,45949.22
2016-03-01,25.32,25.46,24.92,25.29,38009.76
2016-03-02,25.3,26.53,25.3,26.45,74544.25
2016-03-03,26.62,27.26,26.49,26.65,61179.73
2016-03-04,26.72,27.04,26.04,26.21,58320.66
2016-03-07,26.29,26.99,26.28,26.93,45540.07
2016-03-08,26.65,26.85,26.02,26.5,44132.7
2016-03-09,26.39,26.39,25.81,25.82,42021.34
2016-03-10,25.91,26.33,25.74,25.89,49903.59
2016-03-11,25.79,25.93,25.3,25.91,48524.16
2016-03-14,25.93,26.83,25.93,26.64,62965.34
2016-03-15,26.48,26.9,26.46,26.68,42896.92
2016-03-16,26.68,26.93,26.4,26.54,32832.19
2016-03-17,26.54,27.26,26.54,27.2,113412.11
2016-03-18,27.1,27.76,26.96,27.18,120532.98
2016-03-21,27.31,28.14,26.85,27.24,149226.1
2016-03-22,27.21,27.36,26.79,27.11,55056.65
2016-03-23,26.97,27.39,26.95,27.14,53041.75
2016-03-24,26.97,27.39,26.87,27.14,54115.02
2016-03-25,27.04,27.77,26.99,27.67,40403.64
2016-03-28,27.9,28.23,27.04,27.14,77787.67
2016-03-29,26.97,27.23,26.86,27.04,61153.2
2016-03-30,27.27,27.64,27.1,27.4,62016.91
2016-03-31,27.5,28.13,27.41,27.86,116176.96
2016-04-01,27.69,27.9,27.38,27.66,35015.26
2016-04-05,27.14,27.86,27.14,27.79,53283.74
2016-04-06,27.67,27.67,27.27,27.49,59464.74
2016-04-07,27.54,27.59,27.06,27.09,61144.69
2016-04-08,27.04,27.04,26.79,26.88,47223.35
2016-04-11,27.05,27.28,26.86,26.94,85498.45
2016-04-12,26.91,27.05,26.82,26.99,28637.52
2016-04-13,27.15,27.54,26.97,27.1,88689.83
2016-04-14,27.21,27.27,26.83,26.98,61694.18
2016-04-15,27.05,27.21,26.99,27.18,37692.3
2016-04-18,26.85,27.13,26.42,26.54,49991.71
2016-04-19,26.54,26.72,26.39,26.51,37279.57
2016-04-20,26.51,26.57,25.47,25.67,101106.68
2016-04-21,25.65,26.2,25.58,25.91,46863.11
2016-04-22,25.92,26.25,25.91,26.21,40047.63
2016-04-25,26.01,26.2,25.67,26.19,45076.18
2016-04-26,26.11,26.29,25.74,26.0,37543.31
2016-04-27,26.09,26.16,25.86,25.92,22095.64
2016-04-28,25.96,25.96,25.57,25.8,28645.47
2016-04-29,25.72,25.72,25.14,25.19,77935.93
2016-05-03,25.17,25.71,25.02,25.69,110723.57
2016-05-04,25.65,26.29,25.56,26.17,89776.78
2016-05-05,26.15,26.38,25.92,26.19,48812.04
2016-05-06,26.2,26.47,25.87,25.9,68301.02
2016-05-09,25.6,26.0,25.38,25.54,73477.88
2016-05-10,25.65,26.09,25.6,26.08,43580.37
2016-05-11,26.16,27.13,26.03,26.86,116893.53
2016-05-12,26.57,26.88,26.06,26.42,62164.67
2016-05-13,26.42,26.83,25.69,25.84,62524.95
2016-05-16,25.83,26.13,25.37,26.06,44667.65
2016-05-17,26.06,26.13,25.72,25.8,30031.08
2016-05-18,25.68,25.9,25.25,25.46,39392.04
2016-05-19,25.46,25.69,25.27,25.4,24810.08
2016-05-20,25.21,25.42,24.98,25.14,49419.96
2016-05-23,25.18,25.45,25.14,25.36,33737.4
2016-05-24,25.29,25.36,24.63,24.82,39953.81
2016-05-25,24.96,25.15,24.8,24.87,26763.32
2016-05-26,24.85,25.12,24.68,25.01,29073.21
2016-05-27,25.12,25.12,24.92,24.96,19404.6
2016-05-30,24.96,25.09,24.81,25.0,22980.75
2016-05-31,24.91,25.67,24.91,25.66,82636.32
2016-06-01,25.69,25.82,25.55,25.6,41842.21
2016-06-02,25.6,25.67,25.46,25.54,26353.78
2016-06-03,25.52,25.82,25.44,25.73,43480.76
2016-06-06,25.73,25.92,25.55,25.7,38962.07
2016-06-07,25.7,25.75,25.37,25.46,46591.53
2016-06-08,25.41,25.63,25.29,25.51,39539.96
2016-06-13,25.32,25.51,25.05,25.12,83665.1
2016-06-14,25.11,25.24,24.54,24.77,77611.89
2016-06-15,24.48,25.07,24.44,24.99,86340.67
2016-06-16,24.94,25.05,24.51,24.55,74541.04
2016-06-17,24.57,24.75,24.51,24.61,40970.03
2016-06-20,24.35,24.59,24.18,24.32,46088.03
2016-06-21,24.44,24.52,23.93,24.12,63160.89
2016-06-22,24.12,24.19,23.97,24.19,33879.01
2016-06-23,24.21,24.5,24.11,24.23,56928.35
2016-06-24,24.25,24.3,23.66,24.09,70576.94
2016-06-27,23.95,24.23,23.88,24.2,48432.01
2016-06-28,24.18,24.19,23.96,24.15,62737.9
2016-06-29,24.19,24.21,23.97,24.06,71452.34
2016-06-30,24.16,24.16,23.98,24.12,46499.75
2016-07-01,24.12,24.14,23.99,24.06,43748.95
2016-07-04,24.03,24.46,23.98,24.37,148800.87
2016-07-05,24.38,24.75,24.35,24.52,91715.08
2016-07-06,24.44,24.48,24.24,24.37,59915.12
2016-07-07,24.45,24.5,24.27,24.4,57952.41
2016-07-08,24.31,24.42,24.27,24.3,40985.91
2016-07-11,24.32,24.66,24.32,24.48,75951.36
2016-07-12,24.6,25.6,24.44,25.3,194133.7
2016-07-13,25.28,25.54,25.15,25.23,109429.96
2016-07-14,25.28,25.28,25.01,25.16,38032.22
2016-07-15,25.22,25.32,25.14,25.23,39692.29
2016-07-18,25.25,25.55,25.1,25.35,53062.75
2016-07-19,25.43,25.43,24.98,25.15,35539.57
2016-07-20,25.26,25.26,25.02,25.05,21035.15
2016-07-21,25.04,25.32,25.01,25.13,29800.31
2016-07-22,25.18,25.2,24.78,24.8,34208.19
2016-07-25,24.82,24.94,24.75,24.81,26734.7
2016-07-26,24.77,25.28,24.74,25.23,56697.58
2016-07-27,25.26,25.6,24.74,25.39,114209.38
2016-07-28,25.15,26.23,24.8,25.85,164794.16
2016-07-29,25.74,26.25,25.74,25.81,85299.29
2016-08-01,25.92,26.46,25.55,25.67,96070.02
2016-08-02,25.74,25.9,25.56,25.7,31772.38
2016-08-03,25.65,26.34,25.6,26.11,83789.06
2016-08-04,25.97,26.2,25.85,26.1,43929.49
2016-08-05,26.16,26.2,25.93,26.03,30512.51
2016-08-08,26.06,26.16,25.81,26.0,36955.82
2016-08-09,25.97,26.38,25.95,26.28,43355.97
2016-08-10,26.16,26.23,25.99,26.14,34430.24
2016-08-11,25.96,26.11,25.56,25.63,52746.54
2016-08-12,25.63,25.91,25.61,25.82,68675.32
2016-08-15,25.83,26.81,25.83,26.55,120171.51
2016-08-16,26.65,27.06,26.5,26.9,88697.2
2016-08-17,26.87,27.2,26.57,26.92,95445.43
2016-08-18,27.0,27.0,26.51,26.63,41532.7
2016-08-19,26.68,26.68,26.35,26.51,44349.07
2016-08-22,26.41,27.03,26.4,26.86,69483.67
2016-08-23,26.81,27.05,26.65,26.86,41579.35
2016-08-24,26.92,27.06,26.79,26.94,55100.27
2016-08-25,26.76,26.97,26.66,26.74,22646.26
2016-08-26,26.83,26.97,26.59,26.74,20339.13
2016-08-29,26.82,26.96,26.42,26.52,53974.57
2016-08-30,26.51,26.55,26.12,26.24,51254.31
2016-08-31,26.18,26.31,26.01,26.08,47817.52
2016-09-01,26.2,26.35,25.99,26.02,33089.25
2016-09-02,26.07,26.38,25.64,26.38,65510.15
2016-09-05,26.4,26.4,25.86,25.96,54487.8
2016-09-06,25.94,26.04,25.68,25.84,57886.43
2016-09-07,25.93,26.07,25.85,26.01,33381.74
2016-09-08,25.98,26.25,25.94,26.15,41020.05
2016-09-09,26.06,26.36,26.05,26.34,49933.55
2016-09-12,26.12,26.17,25.63,25.94,67947.51
2016-09-13,26.02,26.04,25.73,25.91,26556.1
2016-09-14,25.81,25.88,25.59,25.8,28856.76
2016-09-19,25.74,25.88,25.74,25.81,30258.67
2016-09-20,25.78,25.89,25.74,25.84,12646.08
2016-09-21,25.8,25.88,25.75,25.79,19599.3
2016-09-22,25.66,25.92,25.65,25.67,39516.34
2016-09-23,25.77,25.89,25.65,25.78,32116.84
2016-09-26,25.76,25.82,25.33,25.35,23180.2
2016-09-27,25.37,25.54,25.27,25.53,16437.86
2016-09-28,25.61,25.61,25.29,25.31,17008.81
2016-09-29,25.3,25.42,25.28,25.35,21293.55
2016-09-30,25.35,25.4,25.29,25.34,13527.93
2016-10-10,25.38,25.55,25.34,25.53,34387.36
2016-10-11,25.53,25.73,25.46,25.72,30534.34
2016-10-12,25.52,25.75,25.46,25.68,41545.62
2016-10-13,25.74,25.79,25.58,25.72,33905.91
2016-10-14,25.72,25.9,25.65,25.83,35544.05
2016-10-17,25.93,25.93,25.74,25.88,33328.11
2016-10-18,25.7,25.97,25.7,25.91,21621.8
2016-10-19,25.91,26.01,25.56,25.69,28029.19
2016-10-20,25.65,25.75,25.56,25.7,22624.97
2016-10-21,25.6,25.74,25.49,25.6,19281.59
2016-10-24,25.61,25.89,25.61,25.8,26097.0
2016-10-25,25.72,25.83,25.69,25.73,15200.69
2016-10-26,25.71,25.77,25.46,25.57,26255.88
2016-10-27,25.56,25.74,25.48,25.68,20221.7
2016-10-28,25.73,25.79,25.55,25.73,35715.55
2016-10-31,25.58,25.69,25.45,25.47,21832.44
2016-11-01,25.54,25.57,25.43,25.52,20044.17
2016-11-02,25.51,25.51,25.24,25.25,26767.29
2016-11-03,25.15,25.38,25.15,25.27,24545.08
2016-11-04,25.21,25.28,24.92,25.07,48867.38
2016-11-07,25.03,25.36,24.91,25.09,31716.02
2016-11-08,25.16,25.2,24.92,25.09,30489.78
2016-11-09,25.1,25.11,24.52,24.62,68039.39
2016-11-10,24.76,24.94,24.73,24.83,46158.94
2016-11-11,24.95,25.39,24.87,25.37,121409.11
2016-11-14,25.45,25.45,25.07,25.11,42547.15
2016-11-15,25.15,25.41,25.12,25.19,46176.93
2016-11-16,25.22,25.37,25.15,25.25,24167.53
2016-11-17,25.18,25.23,24.94,25.04,44178.29
2016-11-18,24.98,25.16,24.89,24.97,53156.28
2016-11-21,25.07,25.25,24.97,25.15,43317.27
2016-11-22,25.05,25.27,24.99,25.09,41030.4
2016-11-23,25.1,25.23,25.06,25.09,32528.09
2016-11-24,25.12,25.28,24.94,25.15,53096.58
2016-11-25,25.18,25.42,25.09,25.41,65128.08
2016-11-28,25.48,25.8,25.33,25.55,104247.31
2016-11-29,25.48,26.42,25.44,25.86,102759.9
2016-11-30,26.1,26.1,25.58,25.73,55858.9
2016-12-01,25.79,25.82,25.4,25.56,73312.9
2016-12-02,25.58,25.66,25.25,25.42,66315.5
2016-12-05,25.23,25.45,25.09,25.3,67341.36
2016-12-06,25.2,25.39,25.2,25.26,37377.76
2016-12-07,25.27,25.27,25.07,25.25,29141.89
2016-12-08,25.25,25.33,24.96,24.99,40540.28
2016-12-09,25.0,25.15,24.94,24.97,57637.98
2016-12-12,24.97,25.15,24.58,24.84,68422.26
2016-12-13,24.74,24.87,24.63,24.79,32565.59
2016-12-14,24.88,24.94,24.81,24.89,52442.79
2016-12-15,24.84,25.05,24.73,24.96,47069.84
2016-12-16,24.97,25.1,24.9,25.01,48267.8
2016-12-19,24.91,25.11,24.76,25.05,41027.51
2016-12-20,25.0,25.17,24.91,25.0,54239.56
2016-12-21,24.95,25.33,24.95,25.27,59346.5
2016-12-22,25.32,25.32,25.14,25.27,48802.12
2016-12-23,25.32,25.33,25.1,25.28,25467.54
2016-12-26,25.29,25.29,24.84,25.18,14635.18
2016-12-27,25.18,25.26,24.95,24.95,14731.59
2016-12-28,24.9,25.22,24.8,24.92,70003.52
2016-12-29,24.8,24.88,24.73,24.77,63558.4
2016-12-30,24.8,24.99,24.74,24.92,44001.95
2017-01-03,24.95,25.16,24.8,25.04,34862.43
2017-01-04,25.08,25.23,25.02,25.17,55340.21
2017-01-05,25.24,25.33,25.16,25.21,51351.46
2017-01-06,25.19,25.32,25.19,25.27,42419.79
2017-01-09,25.27,25.37,25.19,25.27,48496.9
2017-01-10,25.27,25.46,25.17,25.29,37636.13
2017-01-11,25.27,25.36,25.09,25.13,41934.86
2017-01-12,25.18,25.28,25.07,25.15,49423.73
2017-01-13,25.15,25.35,24.9,25.13,61349.77
2017-01-16,25.04,25.33,24.85,25.16,203593.11
2017-01-17,25.17,25.21,25.02,25.14,56775.03
2017-01-18,25.18,25.37,25.15,25.27,67467.88
2017-01-19,25.33,25.46,25.27,25.37,57018.92
2017-01-20,25.33,25.59,25.32,25.52,40846.52
2017-01-23,25.52,25.6,25.4,25.53,42400.45
2017-01-24,25.52,25.57,25.42,25.53,18944.65
2017-01-25,25.56,25.86,25.53,25.83,54383.54
2017-01-26,25.76,25.93,25.69,25.84,26858.21
2017-02-03,25.91,26.0,25.77,25.96,31675.6
2017-02-06,25.93,26.08,25.9,26.01,31518.98
2017-02-07,26.04,26.12,25.66,25.83,51611.74
2017-02-08,25.93,26.03,25.72,25.95,26584.98
2017-02-09,26.0,26.19,25.95,26.12,41385.64
2017-02-10,26.03,26.35,25.98,26.01,51574.24
2017-02-13,26.01,26.45,25.95,26.22,79170.95
2017-02-14,26.24,26.31,25.79,25.9,64664.22
2017-02-15,25.96,26.29,25.93,26.01,49969.57
2017-02-16,26.09,26.12,25.92,26.06,40680.3
2017-02-17,26.04,26.07,25.77,25.79,18192.01
2017-02-20,26.0,26.11,25.87,26.04,28852.27
2017-02-21,26.07,26.31,26.04,26.07,22008.57
2017-02-22,26.04,26.14,25.91,25.97,23210.26
2017-02-23,25.95,26.21,25.82,25.89,36142.76
2017-02-24,25.87,26.87,25.72,26.34,66516.85
2017-02-27,25.94,26.01,25.75,25.87,33974.8
2017-02-28,25.84,25.86,25.74,25.78,24869.01
2017-03-01,25.78,25.99,25.73,25.83,23791.66
2017-03-02,25.94,25.98,25.72,25.73,24998.76
2017-03-03,25.73,25.83,25.67,25.74,20249.07
2017-03-06,25.83,26.22,25.76,26.07,41018.51
2017-03-07,26.11,26.16,25.95,26.09,28356.11
2017-03-08,26.07,26.16,26.02,26.09,18551.7
2017-03-09,26.12,26.24,26.03,26.11,35833.21
2017-03-10,26.0,26.08,25.73,25.74,48947.63
2017-03-13,25.73,26.86,25.73,26.64,152316.87
2017-03-14,26.64,26.78,26.48,26.71,42545.72
2017-03-15,26.73,27.11,26.53,26.97,69706.31
2017-03-16,27.01,27.07,26.64,26.66,84524.37
2017-03-17,26.65,26.87,26.55,26.74,34875.61
2017-03-20,26.94,27.06,26.64,26.82,55890.28
2017-03-21,26.72,27.41,26.68,27.14,75164.47
2017-03-22,26.9,27.11,26.66,26.78,53906.98
2017-03-23,27.01,27.18,26.39,26.77,95086.23
2017-03-24,26.68,27.56,26.57,27.43,112175.74
2017-03-27,27.43,28.43,27.35,27.81,166881.23
2017-03-28,27.77,28.08,27.49,27.96,55710.74
2017-03-29,28.06,28.63,27.79,28.26,80955.71
2017-03-30,28.2,28.47,27.8,28.18,82832.58
2017-03-31,28.05,28.27,27.91,28.17,37070.88
2017-04-05,28.34,29.07,28.16,28.45,86011.19
2017-04-06,28.45,29.08,28.43,29.06,106192.3
2017-04-07,29.07,29.17,28.54,28.84,52870.72
2017-04-10,28.8,28.8,28.27,28.44,61001.95
2017-04-11,28.48,28.55,27.66,28.13,86125.52
2017-04-12,28.12,30.57,27.85,30.31,316461.7
2017-04-13,29.97,32.46,29.89,32.02,261962.95
2017-04-14,32.23,32.23,31.59,32.02,71793.84
2017-04-17,31.86,32.16,31.2,32.12,76387.22
2017-04-18,31.64,33.28,31.52,32.81,134787.68
2017-04-19,32.51,32.8,31.85,32.4,144194.41
2017-04-20,32.23,32.62,31.85,32.42,72641.73
2017-04-21,32.36,32.36,31.31,32.01,90767.62
2017-04-24,31.79,32.17,31.05,32.15,114064.01
2017-04-25,31.88,32.04,31.36,31.76,57052.69
2017-04-26,31.76,32.32,31.49,31.83,48080.31
2017-04-27,31.68,32.03,31.66,31.8,33805.12
2017-04-28,31.98,33.13,31.98,32.18,84318.71
2017-05-02,31.54,33.15,31.06,32.88,65524.31
2017-05-03,32.68,33.34,32.47,33.19,58894.85
2017-05-04,33.11,34.48,33.07,34.06,104953.94
2017-05-05,33.9,34.39,33.51,34.22,77509.77
2017-05-08,34.28,34.86,33.46,34.32,117023.4
2017-05-09,34.2,34.2,32.78,33.08,56322.42
2017-05-10,33.08,33.64,33.03,33.19,44982.57
2017-05-11,32.95,33.71,32.7,33.41,56307.06
2017-05-12,33.07,33.9,33.07,33.51,31287.35
2017-05-15,33.82,34.85,33.73,34.78,68713.31
2017-05-16,34.76,36.83,34.76,36.68,111251.94
2017-05-17,36.64,37.37,36.03,36.17,83457.2
2017-05-18,36.04,36.42,35.42,35.85,59512.04
2017-05-19,35.69,37.15,35.69,36.94,80943.95
2017-05-22,37.3,37.46,36.46,37.41,54798.01
2017-05-23,37.12,37.73,35.71,37.72,145912.0
2017-05-24,37.07,37.2,35.84,36.34,119346.5
2017-05-25,36.2,36.97,34.75,35.27,127472.0
2017-05-26,35.33,35.85,34.87,35.51,104075.97
2017-05-31,35.53,35.61,33.55,35.51,167798.13
2017-06-01,34.83,36.06,34.4,35.98,145803.92
2017-06-02,35.7,36.25,35.61,35.88,65020.19
2017-06-05,35.66,35.87,34.72,35.05,67352.15
2017-06-06,34.95,35.37,34.48,35.3,69602.66
2017-06-07,35.22,35.48,34.86,35.22,95861.28
2017-06-08,35.25,37.11,35.25,36.96,164317.19
2017-06-09,36.78,36.93,36.08,36.56,139971.3
2017-06-12,36.29,36.82,35.9,36.18,89892.41
2017-06-13,36.16,36.37,35.7,36.33,58279.52
2017-06-14,36.37,36.43,35.05,35.12,110177.73
2017-06-15,34.94,34.94,33.83,33.96,175941.47
2017-06-16,33.71,34.19,33.56,33.96,88394.21
2017-06-19,33.71,34.15,33.7,33.94,62319.34
2017-06-20,33.95,34.13,33.35,33.37,80358.27
2017-06-21,33.66,35.49,33.43,35.41,156820.1
2017-06-22,35.23,35.62,34.88,35.56,111933.88
2017-06-23,35.23,35.95,35.17,35.91,63199.15
2017-06-26,35.86,36.15,35.44,35.51,83040.02
2017-06-27,35.62,35.85,35.37,35.72,43140.59
2017-06-28,35.55,35.71,34.96,35.06,52087.26
2017-06-29,34.93,35.17,34.68,34.97,45929.72
2017-06-30,35.02,35.11,34.37,35.06,54381.45
2017-07-03,35.23,36.03,35.06,35.84,60072.41
2017-07-04,35.7,35.88,34.86,35.79,87134.05
2017-07-05,35.6,35.97,35.34,35.79,37034.94
2017-07-06,35.61,36.78,35.52,35.88,68590.08
2017-07-07,36.17,36.34,35.66,35.98,44209.13
2017-07-10,36.12,36.12,34.81,34.84,81482.18
2017-07-11,34.86,35.33,34.7,35.12,49210.93
2017-07-12,35.21,35.21,34.4,34.97,39227.62
2017-07-13,35.19,35.21,34.75,34.94,55623.7
2017-07-14,35.06,35.57,34.8,35.38,45369.62
2017-07-17,35.52,35.72,33.83,35.68,66794.8
2017-07-18,35.71,36.03,35.15,35.92,59257.62
2017-07-19,35.87,36.46,35.73,35.85,79415.29
2017-07-20,35.86,36.15,35.24,35.85,80217.65
2017-07-21,35.75,35.99,35.23,35.37,44530.51
2017-07-24,35.51,35.51,35.05,35.06,49578.45
2017-07-25,35.26,35.3,34.37,34.75,52702.47
2017-07-26,34.93,34.93,33.95,34.19,95745.39
2017-07-27,33.87,34.58,33.87,34.18,66238.33
2017-07-28,34.08,34.58,34.08,34.29,29593.62
2017-07-31,34.37,35.26,34.15,35.19,55761.22
2017-08-01,35.22,35.38,34.75,35.05,54699.4
2017-08-02,35.05,35.18,34.56,34.59,26870.29
2017-08-03,34.72,34.75,33.98,34.22,43306.57
2017-08-04,34.2,34.51,34.01,34.08,39277.45
2017-08-07,34.16,34.72,34.12,34.44,29856.68
2017-08-08,34.54,34.92,34.44,34.76,26517.14
2017-08-09,34.86,34.86,34.41,34.48,29638.22
2017-08-10,34.59,34.76,34.14,34.69,33176.16
2017-08-11,34.31,34.89,34.31,34.87,33182.71
2017-08-14,34.89,35.1,34.82,34.84,23393.73
2017-08-15,34.65,35.41,34.59,35.32,43712.61
2017-08-16,35.32,35.33,34.85,35.1,29154.82
2017-08-17,35.07,35.88,34.93,35.38,50038.89
2017-08-18,35.33,35.6,35.05,35.08,32343.96
2017-08-21,35.05,35.28,34.84,35.23,24316.97
2017-08-22,35.23,35.37,34.86,35.0,20137.96
2017-08-23,35.11,35.11,34.89,35.06,12814.29
2017-08-24,35.24,35.28,35.03,35.15,15811.92
2017-08-25,35.62,35.62,35.24,35.4,24200.81
2017-08-28,35.61,36.83,35.6,36.6,102376.66
2017-08-29,36.8,37.68,36.6,37.43,78856.47
2017-08-30,37.57,37.74,36.68,36.75,68275.56
2017-08-31,36.95,37.26,36.33,37.14,39967.69
2017-09-01,37.09,37.26,36.3,36.4,56661.78
2017-09-04,36.37,36.59,35.94,36.26,29394.83
2017-09-05,36.26,37.19,36.26,37.1,49698.64
2017-09-06,36.87,37.43,36.87,37.4,37822.96
2017-09-07,37.45,38.91,37.29,38.79,94366.83
2017-09-08,38.98,40.72,38.81,40.31,101071.95
2017-09-11,40.31,40.52,39.06,39.2,62018.13
2017-09-12,39.4,39.83,38.63,39.31,44702.52
2017-09-13,39.18,39.28,38.14,38.82,72196.11
2017-09-14,38.88,39.43,38.38,38.71,23313.52
2017-09-15,38.62,39.47,38.46,39.03,31632.85
2017-09-18,38.99,39.28,37.89,37.96,58436.2
2017-09-19,37.85,38.14,37.11,37.32,56463.66
2017-09-20,37.28,37.28,36.33,36.48,96779.81
2017-09-21,36.71,36.76,35.96,36.03,92051.81
2017-09-22,36.07,36.33,35.96,36.24,51539.62
2017-09-25,36.21,36.61,35.5,36.57,75016.35
2017-09-26,36.42,36.68,36.0,36.55,34266.41
2017-09-27,36.28,36.61,36.23,36.28,30337.29
2017-09-28,36.42,36.61,36.17,36.45,29654.3
2017-09-29,36.42,36.8,35.86,36.12,47383.2
2017-10-09,36.52,37.07,36.39,36.67,88022.87
2017-10-10,36.72,37.14,35.36,35.97,109140.46
2017-10-11,36.0,37.19,35.97,36.74,77863.46
2017-10-12,36.8,38.49,36.74,38.03,100514.94
2017-10-13,38.05,38.8,37.86,38.08,51470.86
2017-10-16,38.12,38.52,37.57,38.08,51168.51
2017-10-17,37.97,38.04,37.62,37.63,26184.02
2017-10-18,37.6,38.61,37.6,38.42,68908.51
2017-10-19,38.5,38.78,38.19,38.72,48499.69
2017-10-20,39.56,40.41,38.7,38.81,77128.67
2017-10-23,38.99,40.04,37.95,38.05,76412.95
2017-10-24,38.32,38.84,37.85,38.46,46714.16
2017-10-25,38.47,38.89,38.21,38.5,33362.94
2017-10-26,38.96,38.96,37.98,38.04,48167.48
2017-10-27,38.22,38.4,37.65,37.94,69585.99
2017-10-30,38.51,41.2,38.51,41.08,148657.77
2017-10-31,41.08,41.69,40.1,41.61,108064.95
2017-11-01,41.11,41.37,40.24,40.33,109397.46
2017-11-02,40.26,40.68,39.5,40.55,63975.07
2017-11-03,40.32,40.87,39.94,40.84,63777.8
2017-11-06,40.94,42.96,40.6,42.16,138385.53
2017-11-07,42.17,42.76,40.72,40.99,128695.96
2017-11-08,41.34,41.62,40.08,40.67,118852.32
2017-11-09,40.51,41.1,40.12,41.07,59958.92
2017-11-10,40.97,42.48,40.52,42.02,92953.58
2017-11-13,42.12,42.37,41.27,41.42,85513.47
2017-11-14,41.37,41.38,40.34,40.79,73944.45
2017-11-15,40.59,41.8,40.59,41.58,85641.7
2017-11-16,41.6,41.77,40.87,41.37,52972.77
2017-11-17,41.49,42.96,41.4,42.84,145920.25
2017-11-20,42.8,43.53,41.91,43.48,116146.9
2017-11-21,43.65,45.06,42.89,43.02,152507.46
2017-11-22,43.17,43.92,42.18,43.62,125646.05
2017-11-23,43.19,43.19,40.73,41.52,121524.08
2017-11-24,40.94,41.73,40.71,41.54,100771.31
2017-11-27,41.09,41.37,39.75,40.61,120564.0
2017-11-28,40.7,41.41,40.13,40.98,58323.33
2017-11-29,40.78,40.99,39.42,40.05,104353.35
2017-11-30,39.96,40.11,39.19,39.72,57129.16
2017-12-01,39.75,40.32,39.54,40.0,44948.84
2017-12-04,40.21,40.49,39.78,40.11,42140.61
2017-12-05,40.08,41.33,40.07,41.31,74974.85
2017-12-06,40.95,41.08,39.56,39.91,95996.89
2017-12-07,39.73,40.09,39.41,39.91,67273.56
2017-12-08,39.62,40.28,39.43,39.93,59553.17
2017-12-11,39.94,41.41,39.71,41.09,57436.71
2017-12-12,40.81,41.08,40.3,40.41,56813.86
2017-12-13,40.68,42.05,40.51,41.84,79150.94
2017-12-14,41.79,41.82,41.22,41.36,50596.21
2017-12-15,41.36,41.69,41.2,41.49,43287.8
2017-12-18,41.55,42.31,41.46,41.81,42185.28
2017-12-19,41.38,42.29,41.38,42.21,47462.05
2017-12-20,42.42,42.77,41.97,42.59,45541.59
2017-12-21,42.42,43.47,42.42,43.05,63935.96
2017-12-22,43.27,43.27,41.83,42.06,53823.22
2017-12-25,41.71,42.49,41.71,42.15,34692.73
2017-12-26,42.23,43.18,42.14,42.79,56441.03
2017-12-27,42.79,42.82,41.61,41.96,53222.72
2017-12-28,42.04,42.1,41.45,41.93,34988.98
2017-12-29,41.85,42.91,41.81,42.81,53409.58
2018-01-02,42.8,43.11,41.97,42.23,59717.92
2018-01-03,42.26,42.73,41.59,41.89,91973.65
2018-01-04,41.83,42.25,41.45,41.94,58965.74
2018-01-05,42.15,42.37,41.85,41.99,53116.71
2018-01-08,41.99,42.18,40.64,40.92,101478.58
2018-01-09,40.94,41.67,40.92,41.62,82117.14
2018-01-10,41.88,42.02,41.37,41.66,48186.06
2018-01-11,41.66,42.03,41.05,41.31,41599.13
2018-01-12,41.39,41.87,41.08,41.79,41700.45
2018-01-15,42.21,44.17,41.85,43.41,120640.78
2018-01-16,43.75,44.31,43.28,43.71,114277.46
2018-01-17,44.15,44.51,42.9,43.16,74809.89
2018-01-18,43.23,43.8,42.51,42.8,94096.33
2018-01-19,42.79,43.08,42.28,42.43,47010.98
2018-01-22,42.43,42.95,42.09,42.71,59134.99
2018-01-23,43.13,45.15,42.91,44.72,149605.08
2018-01-24,44.54,44.9,44.08,44.78,72126.14
2018-01-25,44.38,44.86,43.95,44.38,54751.83
2018-01-26,44.38,45.15,44.29,44.58,62449.18
2018-01-29,44.82,44.82,43.21,43.44,62637.27
2018-01-30,43.22,44.13,43.21,43.87,59065.08
2018-01-31,43.61,44.6,43.43,44.59,37963.02
2018-02-01,44.58,45.39,44.15,45.35,73398.23
2018-02-02,45.36,46.58,44.51,46.39,73692.57
2018-02-05,45.93,46.79,45.25,46.22,71137.35
2018-02-06,44.92,45.65,43.89,45.64,120190.02
2018-02-07,45.64,45.74,43.99,45.37,81815.47
2018-02-08,44.89,45.55,42.61,43.76,85654.08
2018-02-09,42.46,42.47,39.62,42.05,131658.44
2018-02-12,41.18,41.83,40.91,41.3,60676.54
2018-02-13,42.04,42.96,41.41,41.63,67029.01
2018-02-14,41.28,41.85,41.1,41.67,39787.98
2018-02-22,42.13,44.48,41.95,44.35,57564.4
2018-02-23,44.48,44.92,43.9,44.57,46545.97
2018-02-26,46.13,47.44,45.93,47.26,118711.71
2018-02-27,47.49,48.11,46.51,47.25,99702.18
2018-02-28,46.89,47.08,45.92,46.48,63199.82
2018-03-01,46.13,47.34,45.94,46.91,54349.28
2018-03-02,46.56,48.03,46.27,47.88,73294.46
2018-03-05,47.55,47.87,46.13,47.76,62503.31
2018-03-06,47.55,47.72,46.51,46.75,45923.44
2018-03-07,46.9,47.44,46.63,46.81,43794.37
2018-03-08,47.08,47.27,46.18,47.21,33285.86
2018-03-09,47.55,48.39,46.99,48.34,51695.66
2018-03-12,48.5,49.43,47.46,47.64,64016.82
2018-03-13,47.67,48.88,47.41,48.07,42194.71
2018-03-14,47.74,48.31,47.2,47.4,37622.47
2018-03-15,47.06,47.69,46.99,47.55,21775.61
2018-03-16,47.83,47.91,46.7,46.92,39649.86
2018-03-19,46.62,47.83,46.41,47.68,43211.03
2018-03-20,47.41,47.84,47.17,47.54,31526.65
2018-03-21,47.87,48.36,47.17,47.54,35880.11
2018-03-22,47.56,48.96,47.31,48.3,57330.81
2018-03-23,46.49,48.32,46.49,48.29,97617.93
2018-03-26,47.36,48.92,45.99,47.58,76999.98
2018-03-27,47.84,47.84,46.6,46.9,37899.6
2018-03-28,46.6,47.54,46.2,46.84,41086.14
2018-03-29,46.84,47.14,44.98,45.32,68947.38
2018-03-30,45.4,46.77,45.33,46.45,31940.54
2018-04-02,47.31,47.57,46.71,46.89,36313.2
2018-04-03,46.6,47.36,45.6,45.64,49437.96
2018-04-04,46.0,46.26,45.42,45.52,54742.67
2018-04-09,44.96,45.62,44.91,44.94,59351.99
2018-04-10,45.25,45.95,44.58,45.88,49692.62
2018-04-11,45.9,46.03,45.46,45.74,53673.17
2018-04-12,45.63,46.27,45.55,45.71,48302.43
2018-04-13,45.74,46.13,44.71,44.97,29026.76
2018-04-16,44.7,44.96,43.28,43.61,81706.53
2018-04-17,43.46,44.38,42.34,42.37,81303.18
2018-04-18,42.65,43.56,41.67,42.2,84682.64
2018-04-19,42.51,43.06,41.85,42.88,66492.64
2018-04-20,42.62,44.08,42.62,43.19,49558.5
2018-04-23,43.07,43.93,42.81,43.05,39871.74
2018-04-24,43.65,44.84,43.27,44.0,45930.19
2018-04-25,43.72,44.72,43.56,44.66,31130.8
2018-04-26,44.79,44.9,43.92,44.7,38688.24
2018-04-27,44.99,47.41,44.98,47.35,88933.93
2018-05-02,47.35,48.73,46.41,48.39,72189.31
2018-05-03,47.5,48.68,47.39,48.5,49243.8
2018-05-04,48.26,49.1,48.26,48.66,50879.21
2018-05-07,48.82,49.13,48.49,49.05,49954.04
2018-05-08,48.51,49.76,48.5,49.36,54457.64
2018-05-09,49.45,50.71,49.26,50.4,62972.39
2018-05-10,49.94,52.46,49.94,52.32,77207.18
2018-05-11,52.31,52.31,49.69,50.01,70401.2
2018-05-14,50.18,51.17,50.01,50.31,52081.37
2018-05-15,50.68,51.64,50.26,50.85,30837.36
2018-05-16,50.55,51.74,50.5,51.22,37951.43
2018-05-17,51.37,51.62,49.26,49.79,57254.17
2018-05-18,49.73,51.49,49.73,51.35,62255.24
2018-05-21,51.36,51.64,50.31,50.54,43225.91
2018-05-22,50.92,51.01,50.24,50.36,25779.21
2018-05-23,50.84,50.89,49.65,49.91,56733.91
2018-05-24,50.08,50.21,49.49,49.92,41237.01
2018-05-25,50.27,50.32,48.88,49.91,59002.56
2018-05-28,49.46,50.28,49.17,49.63,45789.6
2018-05-29,49.67,51.64,49.56,51.22,73512.67
2018-05-30,50.42,51.18,49.26,49.82,62488.75
2018-05-31,49.83,51.4,49.82,51.23,53337.04
2018-06-01,51.14,51.97,48.9,50.12,78136.94
2018-06-04,50.26,52.29,50.1,52.28,58331.34
2018-06-05,52.67,52.69,51.34,52.23,71514.68
2018-06-06,52.07,54.85,51.88,54.31,75346.08
2018-06-07,54.46,54.48,53.14,54.13,45172.72
2018-06-08,53.73,55.52,53.57,54.48,61486.09
2018-06-11,54.26,54.96,52.88,53.13,56721.56
2018-06-12,53.23,56.65,53.15,56.43,95609.21
2018-06-13,56.3,57.06,55.82,57.03,70298.52
2018-06-14,57.0,57.0,55.92,56.61,62686.35
2018-06-15,56.28,56.99,55.0,56.23,65676.08
2018-06-19,54.68,55.8,52.67,55.44,179402.6
2018-06-20,53.73,55.06,52.31,53.6,127784.94
2018-06-21,53.78,55.06,53.35,54.24,67523.2
2018-06-22,53.92,54.35,53.26,53.81,56101.21
2018-06-25,54.1,56.59,53.89,55.64,75526.94
2018-06-26,55.16,55.16,53.04,53.72,76015.09
2018-06-27,53.26,53.87,51.85,52.6,46527.29
2018-06-28,51.59,53.6,51.37,52.13,59118.2
2018-06-29,52.39,53.52,52.31,52.76,43151.93
2018-07-02,52.32,54.03,51.99,52.61,40083.0
2018-07-03,51.95,52.62,49.17,50.52,109463.83
2018-07-04,51.26,54.4,50.91,53.83,101080.08
2018-07-05,54.3,55.09,53.17,54.57,78531.83
2018-07-06,54.57,54.73,52.15,53.15,47345.17
2018-07-09,54.02,54.38,53.33,54.25,42019.77
2018-07-10,54.26,57.25,54.26,57.23,79317.26
2018-07-11,56.9,57.25,55.25,57.01,67237.83
2018-07-12,56.54,57.94,56.03,57.11,70370.48
2018-07-13,56.84,59.72,56.84,58.71,70738.42
2018-07-16,58.96,61.15,58.96,59.47,76004.65
2018-07-17,59.63,59.63,58.17,59.23,48518.6
2018-07-18,59.23,60.68,58.73,59.69,48778.43
2018-07-19,59.91,60.1,57.32,58.22,61371.78
2018-07-20,58.22,59.62,58.22,58.8,57637.29
2018-07-23,58.96,61.61,58.22,58.8,86781.47
2018-07-24,59.25,60.2,57.85,58.41,118066.04
2018-07-25,58.6,59.8,58.01,59.62,85533.18
2018-07-26,59.63,60.72,58.98,59.4,88649.46
2018-07-27,59.07,59.29,57.35,58.68,75680.17
2018-07-30,58.66,58.94,57.16,57.44,73236.24
2018-07-31,57.74,58.36,57.03,57.32,100950.25
2018-08-01,58.15,59.59,57.93,58.67,102253.99
2018-08-02,58.04,59.24,57.82,59.04,53986.6
2018-08-03,59.06,59.59,56.59,56.76,72414.99
2018-08-06,55.25,55.68,51.28,52.26,158776.87
2018-08-07,51.2,53.37,50.98,53.27,104781.85
2018-08-08,53.05,55.8,52.31,54.76,82703.97
2018-08-09,54.22,56.07,54.22,55.36,61679.87
2018-08-10,55.36,56.05,54.96,55.92,30140.11
2018-08-13,55.24,57.5,55.23,57.28,45380.62
2018-08-14,57.24,57.66,54.69,55.24,60704.75
2018-08-15,54.78,56.28,54.24,55.19,40431.07
2018-08-16,54.94,55.4,53.79,53.8,70538.09
2018-08-17,54.11,55.25,53.32,53.89,52050.55
2018-08-20,53.28,53.75,50.49,51.91,99459.56
2018-08-21,51.83,55.82,51.64,55.68,78495.99
2018-08-22,55.71,55.88,54.69,55.54,34553.27
2018-08-23,55.68,55.91,53.93,54.54,52465.72
2018-08-24,54.04,55.7,54.0,54.8,28044.29
2018-08-27,54.22,55.2,52.44,55.2,117891.07
2018-08-28,54.56,54.64,53.03,53.63,106584.81
2018-08-29,53.12,53.5,52.44,52.55,50889.4
2018-08-30,52.06,53.17,52.06,52.67,37687.8
2018-08-31,52.6,53.03,51.86,52.72,44433.27
2018-09-03,51.73,52.35,51.73,52.16,34263.54
2018-09-04,52.43,52.43,51.54,52.16,38697.92
2018-09-05,52.16,52.79,51.78,51.78,46284.18
2018-09-06,51.67,51.97,50.92,51.01,26319.62
2018-09-07,51.01,52.04,50.72,50.98,34885.87
2018-09-10,51.01,51.71,50.8,50.94,34179.68
2018-09-11,50.91,52.45,50.91,52.38,36001.52
2018-09-12,52.26,52.52,51.49,51.97,22578.32
2018-09-13,52.06,52.64,50.53,51.32,31009.59
2018-09-14,51.34,52.15,51.1,51.92,31886.11
2018-09-17,51.66,51.95,50.29,50.79,28794.42
2018-09-18,50.49,51.1,48.8,50.91,53154.59
2018-09-19,50.53,53.52,50.03,52.65,82201.03
2018-09-20,52.56,53.01,51.92,52.34,42306.3
2018-09-21,52.49,54.64,52.49,54.37,59919.61
2018-09-25,53.82,55.12,53.68,54.4,35666.98
2018-09-26,54.18,56.31,54.1,55.77,66887.05
2018-09-27,55.84,56.26,55.43,55.99,57333.97
2018-09-28,55.98,56.58,55.23,56.45,36533.87
2018-10-08,53.79,55.11,51.79,53.5,111389.47
2018-10-09,52.83,53.25,51.43,51.71,66787.6
2018-10-10,51.87,52.4,50.24,52.32,49228.7
2018-10-11,50.43,51.36,49.13,50.81,71146.28
2018-10-12,50.81,52.74,50.14,52.46,68406.84
2018-10-15,52.46,52.99,51.72,51.92,41257.22
2018-10-16,51.94,52.8,50.91,51.3,34299.91
2018-10-17,51.77,52.36,50.43,50.6,49139.44
2018-10-18,50.61,51.25,46.71,48.17,86789.25
2018-10-19,47.26,50.78,47.26,50.7,93431.08
2018-10-22,50.9,55.06,50.9,53.6,91574.56
2018-10-23,53.14,54.06,51.39,52.64,56791.18
2018-10-24,52.06,52.63,49.73,49.85,73658.62
2018-10-25,48.03,48.86,47.32,48.74,84981.25
2018-10-26,48.7,49.11,45.43,46.68,116415.87
2018-10-29,46.11,46.22,42.02,42.02,133849.91
2018-10-30,42.27,46.12,42.07,45.92,129280.85
2018-10-31,45.93,48.02,45.78,47.6,88392.92
2018-11-01,48.36,49.93,47.57,48.19,82649.18
2018-11-02,49.74,52.06,49.57,52.06,157343.74
2018-11-05,52.21,52.21,49.9,50.14,101133.29
2018-11-06,49.95,50.53,49.82,50.09,38824.07
2018-11-07,50.05,50.08,48.52,49.18,53075.01
2018-11-08,49.85,49.95,47.91,48.28,52679.54
2018-11-09,48.03,48.97,47.26,47.68,52013.69
2018-11-12,47.63,48.03,46.64,47.62,47725.59
2018-11-13,47.07,48.27,46.65,47.94,56763.0
2018-11-14,48.51,48.83,47.54,48.03,56562.85
2018-11-15,48.2,48.52,47.38,48.41,41964.9
2018-11-16,48.51,49.61,48.08,49.57,65441.39
2018-11-19,49.55,49.95,48.75,49.02,52162.83
2018-11-20,48.59,49.09,47.84,48.07,29197.26
2018-11-21,47.74,48.25,47.29,48.07,20249.48
2018-11-22,47.76,47.79,47.31,47.44,24854.17
2018-11-23,47.07,47.81,47.0,47.07,29116.75
2018-11-26,47.44,47.57,46.81,47.27,21182.57
2018-11-27,47.37,47.4,46.0,46.09,33237.77
2018-11-28,46.02,47.52,45.49,47.5,33187.04
2018-11-29,47.58,48.24,46.03,46.52,36416.48
2018-11-30,46.4,48.59,46.17,48.13,59589.86
2018-12-03,49.47,50.19,48.67,49.24,78484.43
2018-12-04,48.99,50.09,48.7,50.03,36228.81
2018-12-05,49.46,49.95,49.28,49.61,22141.43
2018-12-06,49.48,49.76,48.13,48.51,30892.68
2018-12-07,48.51,48.99,47.17,47.96,33791.98
2018-12-10,47.34,48.48,47.34,47.65,21470.44
2018-12-11,47.84,48.35,47.24,47.82,33095.67
2018-12-12,48.23,48.28,47.64,47.74,16805.18
2018-12-13,47.92,49.97,47.91,49.76,49241.55
2018-12-14,49.59,49.89,48.99,49.21,35588.61
2018-12-17,49.23,49.54,47.18,48.04,45064.99
2018-12-18,47.8,48.52,47.69,48.5,38450.38
2018-12-19,48.55,48.57,47.81,47.89,33047.87
2018-12-20,47.65,48.22,46.97,48.08,35207.91
2018-12-21,47.64,48.39,47.36,47.49,33815.31
2018-12-24,47.49,48.45,47.27,48.3,19716.52
2018-12-25,48.25,48.25,47.63,48.08,15707.1
2018-12-26,48.38,49.28,48.03,48.82,22689.35
2018-12-27,49.33,49.62,48.61,49.5,22851.99
2018-12-28,49.47,49.47,47.46,48.76,66799.78
2019-01-02,48.61,48.72,47.76,48.39,40051.97
2019-01-03,48.39,48.39,47.34,47.74,42482.83
2019-01-04,47.45,48.17,47.23,47.86,30535.74
2019-01-07,48.0,48.4,47.63,47.82,30551.99
2019-01-08,47.82,48.13,47.65,47.88,16281.36
2019-01-09,47.74,49.3,47.74,48.69,36892.05
2019-01-10,48.68,48.68,47.8,47.84,31959.8
2019-01-11,47.82,47.84,46.18,47.16,77638.56
2019-01-14,47.11,47.11,45.82,45.99,63943.1
2019-01-15,45.9,46.71,45.52,46.46,86668.83
2019-01-16,46.47,46.56,45.52,45.61,58396.43
2019-01-17,45.61,46.16,45.47,45.77,44305.66
2019-01-18,45.84,48.37,45.43,48.02,109017.71
2019-01-21,47.55,48.77,47.32,48.56,101155.2
2019-01-22,48.13,48.37,46.2,46.59,77254.19
2019-01-23,46.3,46.78,45.53,45.96,59295.04
2019-01-24,45.87,45.87,44.38,45.46,144136.01
2019-01-25,45.24,46.59,45.05,46.24,70429.03
2019-01-28,46.25,47.38,46.11,46.95,62259.4
2019-01-29,46.57,47.51,46.14,47.26,52577.24
2019-01-30,46.97,47.42,46.0,47.17,57013.78
2019-01-31,46.88,47.64,46.83,47.36,56614.82
2019-02-01,47.55,47.67,46.91,47.6,47545.72
2019-02-11,47.07,48.27,47.07,48.27,70479.04
2019-02-12,48.17,48.72,47.86,48.63,56081.92
2019-02-13,48.61,50.96,48.51,50.62,88593.19
2019-02-14,51.2,51.71,50.61,51.09,73135.13
2019-02-15,51.12,51.86,49.72,49.95,77839.56
2019-02-18,50.6,51.66,50.6,51.12,89595.46
2019-02-19,51.37,53.56,51.12,52.35,86882.67
2019-02-20,52.83,54.39,52.83,54.09,73280.74
2019-02-21,54.29,55.88,53.1,54.56,54994.6
2019-02-22,54.27,56.66,54.25,56.65,61341.69
2019-02-25,59.47,59.55,54.78,57.11,149946.8
2019-02-26,56.48,56.48,54.65,54.69,112570.54
2019-02-27,54.32,54.92,53.35,53.68,113794.29
2019-02-28,53.81,55.0,53.81,55.0,75441.81
2019-03-01,55.04,57.15,54.78,57.15,107499.2
2019-03-04,57.23,57.63,55.91,56.57,136625.43
2019-03-05,56.15,56.62,55.08,55.58,99427.24
2019-03-06,55.51,55.51,54.43,54.86,118646.49
2019-03-07,54.67,54.74,53.82,54.2,90845.75
2019-03-08,53.75,54.81,53.65,53.98,90157.94
2019-03-11,53.97,55.23,53.96,54.9,73358.52
2019-03-12,55.52,55.52,54.27,54.63,99242.48
2019-03-13,53.79,54.66,53.79,54.12,55807.95
2019-03-14,53.89,55.34,53.89,55.0,73773.84
2019-03-15,55.0,56.25,54.62,55.5,98728.33
2019-03-18,55.58,56.29,54.89,56.2,72821.13
2019-03-19,56.4,57.34,56.19,56.58,64855.93
2019-03-20,56.68,56.68,55.52,55.74,47896.85
2019-03-21,56.19,56.19,55.52,55.76,43501.79
2019-03-22,55.77,58.4,55.57,57.59,108477.57
2019-03-25,56.72,56.72,54.56,54.8,101301.77
2019-03-26,54.83,55.69,54.27,54.81,55142.32
2019-03-27,55.6,56.24,54.87,55.77,50499.08
2019-03-28,55.91,57.57,55.34,57.27,63494.06
2019-03-29,57.06,59.93,56.86,59.7,108580.62
2019-04-01,59.56,61.77,58.79,59.28,107646.03
2019-04-02,59.36,59.94,58.94,59.62,57159.01
2019-04-03,59.34,60.01,58.6,59.72,53432.2
2019-04-04,62.92,63.74,59.36,60.1,136752.63
2019-04-08,58.79,59.56,57.63,58.65,105771.6
2019-04-09,58.4,59.3,58.12,59.08,55801.2
2019-04-10,58.61,61.09,58.61,60.4,85179.44
2019-04-11,60.32,61.0,58.79,59.02,59113.53
2019-04-12,58.6,59.46,58.07,58.37,47480.72
2019-04-15,58.98,60.21,58.65,58.74,60948.94
2019-04-16,58.21,60.04,58.14,60.04,59946.75
2019-04-17,60.08,60.9,59.65,60.52,49942.31
2019-04-18,60.73,61.96,60.05,61.55,57553.14
2019-04-19,61.55,64.65,60.98,63.94,97105.72
2019-04-22,64.03,65.66,63.49,63.88,61960.29
2019-04-23,64.12,67.1,63.4,66.5,94359.16
2019-04-24,66.23,66.55,63.59,65.22,101738.78
2019-04-25,64.46,66.47,64.3,65.75,77678.66
2019-04-26,64.74,65.77,63.45,63.48,101299.92
2019-04-29,66.27,68.84,64.89,67.72,135895.7
2019-04-30,67.24,68.2,66.77,67.85,68102.03
2019-05-06,65.61,66.67,63.06,64.26,111789.2
2019-05-07,64.85,68.57,64.85,68.57,106032.46
2019-05-08,67.24,67.24,65.9,66.25,95546.09
2019-05-09,65.22,66.16,63.21,64.88,92172.36
2019-05-10,65.93,69.99,64.46,69.74,81918.88
2019-05-13,67.64,69.96,66.57,67.68,78568.26
2019-05-14,65.94,67.66,65.66,65.8,87670.23
2019-05-15,66.38,68.6,66.28,67.78,81974.22
2019-05-16,67.58,71.91,66.95,70.62,106326.84
2019-05-17,70.12,70.44,68.2,68.45,129202.06
2019-05-20,68.02,68.3,65.81,66.34,122449.56
2019-05-21,66.57,67.77,66.36,66.79,78058.89
2019-05-22,66.76,67.98,65.99,67.25,70089.19
2019-05-23,66.77,67.58,65.91,66.18,56650.16
2019-05-24,65.92,66.86,65.15,65.35,79991.4
2019-05-27,65.29,66.05,63.94,65.42,86554.2
2019-05-28,65.59,67.89,65.32,67.34,98270.75
2019-05-29,66.47,67.05,65.47,66.15,66586.51
2019-05-30,65.61,67.03,65.32,66.82,58813.3
2019-05-31,67.24,67.32,66.28,66.41,46404.44
2019-06-03,66.95,68.49,66.82,66.9,74854.81
2019-06-04,67.01,67.87,65.93,67.25,56980.55
2019-06-05,67.83,68.11,66.74,66.76,48494.37
2019-06-06,66.97,68.15,66.5,67.05,61039.44
2019-06-10,67.43,71.29,67.22,70.7,95999.79
2019-06-11,70.96,74.23,70.14,72.74,88276.55
2019-06-12,72.41,72.96,71.04,71.21,67123.86
2019-06-13,71.07,71.54,69.79,71.02,59697.59
2019-06-14,71.02,72.42,70.03,70.28,63886.53
2019-06-17,70.54,72.15,70.54,71.89,58309.89
2019-06-18,71.79,73.45,71.28,72.4,64677.4
2019-06-19,73.54,73.96,72.59,73.53,68201.57
2019-06-20,73.56,76.95,73.03,75.69,101195.59
2019-06-21,75.5,76.27,74.64,75.16,80911.64
2019-06-24,74.85,76.25,74.47,76.02,79804.56
2019-06-25,75.77,75.78,74.5,75.4,73631.68
2019-06-26,75.31,76.44,74.76,76.08,65194.94
2019-06-27,75.89,78.13,75.36,78.07,77356.68
2019-06-28,77.99,80.5,77.44,80.48,60042.62
2019-07-01,80.94,84.51,80.94,83.09,92744.14
2019-07-02,83.07,83.09,80.79,81.1,126348.84
2019-07-03,80.94,81.27,79.27,79.59,91289.27
2019-07-04,79.32,79.32,76.08,76.61,238691.15
2019-07-05,76.85,78.86,76.32,78.19,156494.97
2019-07-08,77.55,77.81,75.89,76.64,96828.85
2019-07-09,76.48,77.91,76.39,77.22,83120.78
2019-07-10,77.37,78.67,76.94,78.19,80795.84
2019-07-11,78.56,78.72,76.9,77.02,60594.91
2019-07-12,77.27,78.96,77.27,78.7,70061.73
2019-07-15,78.31,78.38,77.33,77.81,60847.31
2019-07-16,77.66,77.98,75.79,76.46,121103.25
2019-07-17,76.45,77.79,75.89,77.36,76249.81
2019-07-18,77.37,78.74,77.04,77.82,60129.08
2019-07-19,78.57,79.56,78.1,78.3,54819.3
2019-07-22,78.42,79.3,77.33,78.83,54146.44
2019-07-23,78.77,79.68,77.86,78.75,67589.61
2019-07-24,78.65,79.21,78.11,78.47,53888.67
2019-07-25,78.29,80.77,78.08,80.69,76704.16
2019-07-26,80.79,82.19,80.22,81.7,60929.05
2019-07-29,81.7,82.3,81.08,81.63,45810.2
2019-07-30,81.63,82.11,80.77,80.94,62312.84
2019-07-31,80.54,80.88,79.1,79.52,76636.78
2019-08-01,79.52,80.17,78.38,78.78,72583.66
2019-08-02,77.52,79.23,77.15,78.67,56008.29
2019-08-05,78.24,79.04,76.17,76.23,94278.97
2019-08-06,74.14,76.56,73.35,75.84,122266.99
2019-08-07,76.51,77.42,75.9,75.9,60245.61
2019-08-08,76.26,78.65,76.26,77.57,82327.09
2019-08-09,78.26,78.37,76.75,76.99,48763.29
2019-08-12,76.85,78.17,76.85,78.16,50065.62
2019-08-13,77.81,78.29,77.21,77.6,50144.13
2019-08-14,78.16,79.03,77.98,78.29,59259.17
2019-08-15,77.03,79.24,76.41,78.84,55286.72
2019-08-16,79.15,81.9,79.08,81.5,89637.9
2019-08-19,82.14,82.87,80.41,81.52,78178.48
2019-08-20,82.47,82.61,80.21,80.65,60114.03
2019-08-21,80.69,81.66,79.64,81.65,51278.17
2019-08-22,81.73,83.9,80.99,83.0,65069.32
2019-08-23,83.06,84.98,82.85,84.39,64393.29
2019-08-26,83.32,84.63,82.94,84.05,50902.97
2019-08-27,84.87,86.05,84.69,84.69,66932.75
2019-08-28,84.65,84.65,81.77,82.86,114330.12
2019-08-29,82.68,82.85,81.21,81.85,77719.95
2019-08-30,82.27,82.92,81.04,81.35,99441.76
2019-09-02,81.69,82.58,81.3,82.52,74074.06
2019-09-03,82.18,82.57,80.67,81.28,106290.46
2019-09-04,81.16,81.43,80.34,81.26,78772.37
2019-09-05,82.18,83.45,81.51,81.69,128648.68
2019-09-06,82.16,83.24,81.79,83.24,82061.9
2019-09-09,83.72,84.02,81.9,82.29,103613.22
2019-09-10,82.03,82.03,81.32,81.69,49397.49
2019-09-11,81.8,81.88,79.37,79.56,144636.64
2019-09-12,79.37,80.71,79.37,80.49,61909.64
2019-09-16,80.93,80.93,79.88,80.14,60308.1
2019-09-17,80.05,80.6,78.69,79.41,81088.21
2019-09-18,79.47,80.59,79.47,80.11,110675.9
2019-09-19,80.65,80.74,78.93,79.29,102209.0
2019-09-20,79.56,80.48,78.65,78.65,154840.39
2019-09-23,78.88,78.95,76.74,78.06,105315.79
2019-09-24,78.11,78.11,77.12,77.33,103082.57
2019-09-25,77.43,79.2,77.03,78.09,132965.02
2019-09-26,78.79,79.06,77.61,77.77,67508.31
2019-09-27,77.77,78.21,76.45,77.36,60663.5
2019-09-30,77.43,78.35,76.56,77.22,60310.62
2019-10-08,77.06,77.06,74.7,75.28,165974.79
2019-10-09,75.49,76.22,74.54,75.62,123352.18
2019-10-10,76.35,78.21,75.95,77.9,133521.24
2019-10-11,77.96,78.64,77.55,77.68,87563.37
2019-10-14,78.39,78.78,76.43,76.69,153112.66
2019-10-15,76.37,76.56,74.43,75.77,113939.59
2019-10-16,75.5,76.27,75.23,75.74,89358.77
2019-10-17,76.27,78.26,75.79,77.85,165985.06
2019-10-18,77.64,78.35,76.49,76.76,142133.16
2019-10-21,76.46,76.66,74.63,75.15,118882.48
2019-10-22,75.46,75.48,74.34,74.66,79851.52
2019-10-23,74.66,75.03,74.0,74.53,84632.3
2019-10-24,74.51,74.57,72.3,72.51,144802.77
2019-10-25,72.8,73.48,71.61,73.25,114366.51
2019-10-28,73.27,73.9,72.42,73.03,99220.67
2019-10-29,73.03,73.08,70.17,71.07,175375.43
2019-10-30,72.27,75.47,72.06,75.19,229106.2
2019-10-31,74.72,75.0,73.45,73.8,99019.81
2019-11-01,73.79,74.42,72.46,73.81,127326.7
2019-11-04,74.14,75.97,72.88,75.2,141312.53
2019-11-05,75.67,76.66,75.21,76.25,109616.37
2019-11-06,76.73,76.79,75.51,76.03,59126.64
2019-11-07,75.94,76.19,75.42,75.68,61876.79
2019-11-08,76.14,76.37,75.11,75.37,66631.59
2019-11-11,75.18,75.89,74.69,75.3,65302.42
2019-11-12,75.46,75.85,73.44,74.97,70364.24
2019-11-13,75.07,75.11,73.57,73.98,74113.05
2019-11-14,74.31,74.52,72.95,73.49,65711.83
2019-11-15,73.49,74.11,72.64,72.98,50005.03
2019-11-18,73.17,73.95,72.41,73.56,52691.51
2019-11-19,73.46,73.93,73.14,73.66,61308.4
2019-11-20,73.66,74.67,73.66,73.92,56815.95
2019-11-21,73.79,74.42,72.96,73.56,44468.46
2019-11-22,73.72,73.85,71.63,72.37,77842.5
2019-11-25,71.92,73.03,71.15,72.62,61606.25
2019-11-26,73.21,74.14,72.61,73.85,85924.57
2019-11-27,73.86,74.38,73.3,73.5,60079.9
2019-11-28,73.51,75.0,73.51,73.93,52960.6
2019-11-29,73.94,74.4,71.7,72.72,74301.3
2019-12-02,72.23,73.74,72.23,73.46,64024.12
2019-12-03,73.46,73.46,72.5,73.04,42605.63
2019-12-04,72.5,72.98,72.06,72.76,40401.22
2019-12-05,73.22,74.75,72.61,74.19,85090.04
2019-12-06,74.52,75.9,74.19,75.25,97376.29
2019-12-09,75.32,75.8,74.83,74.97,58658.94
2019-12-10,74.77,76.46,74.53,76.17,73077.93
2019-12-11,76.03,76.44,75.16,75.91,52781.9
2019-12-12,75.91,76.17,75.23,75.71,61666.67
2019-12-13,76.37,77.92,76.37,76.49,141385.8
2019-12-16,77.38,78.21,75.38,76.07,105399.17
2019-12-17,76.46,76.83,75.62,76.27,61012.25
2019-12-18,76.27,76.72,75.21,75.91,69239.0
2019-12-19,75.98,76.07,75.16,75.79,56458.06
2019-12-20,75.79,76.96,75.59,76.57,61464.65
2019-12-23,76.46,77.27,75.44,75.84,59085.73
2019-12-24,75.61,75.69,74.58,75.3,40616.82
2019-12-25,75.19,75.93,74.93,75.08,31341.37
2019-12-26,75.06,75.58,74.98,75.34,33693.18
2019-12-27,75.1,75.74,74.63,74.78,63089.07
2019-12-30,74.82,75.57,73.58,75.36,75691.11
2019-12-31,75.37,76.38,74.82,76.22,71094.28
2020-01-02,76.26,76.38,74.63,74.88,158265.63
2020-01-03,75.02,75.16,74.48,74.82,91716.07
2020-01-06,74.44,74.44,72.64,73.18,174588.47
2020-01-07,72.98,72.98,72.42,72.84,143460.62
2020-01-08,72.6,73.17,72.24,72.66,92659.57
2020-01-09,73.17,73.62,72.96,73.14,110181.43
2020-01-10,73.14,73.56,72.4,73.49,133486.53
2020-01-13,73.56,73.9,73.22,73.52,88235.77
2020-01-14,73.58,73.84,72.08,72.17,167355.37
2020-01-15,72.18,72.18,70.87,71.15,175185.75
2020-01-16,71.32,71.62,70.92,71.14,76266.03
2020-01-17,71.43,71.61,70.68,70.91,110841.05
2020-01-20,70.55,70.86,68.97,69.65,257889.48
2020-01-21,68.75,68.82,67.46,68.15,245965.58
2020-01-22,67.49,69.31,67.47,68.69,188290.1
2020-01-23,67.85,68.08,66.3,66.77,217067.16
2020-02-03,60.09,63.38,60.09,61.76,520899.2
2020-02-04,62.92,67.07,62.59,66.02,359596.36
2020-02-05,66.6,68.89,66.2,68.05,235304.27
2020-02-06,68.84,69.4,68.15,69.33,182495.95
2020-02-07,68.87,69.68,68.42,69.41,120114.75
2020-02-10,68.73,68.92,66.98,68.45,128646.49
2020-02-11,68.64,70.11,68.58,69.91,100870.09
2020-02-12,69.69,71.14,69.36,70.06,131360.53
2020-02-13,70.37,71.48,69.42,70.08,136724.77
2020-02-14,69.77,70.06,69.22,69.69,91715.31
2020-02-17,69.82,69.85,68.29,69.28,167496.75
2020-02-18,69.11,69.81,68.39,68.71,129172.64
2020-02-19,68.87,70.16,68.33,69.77,115359.83
2020-02-20,69.74,71.84,69.69,71.44,166075.89
2020-02-21,71.56,71.6,69.98,70.36,128575.16
2020-02-24,68.73,68.9,66.69,67.64,296657.96
2020-02-25,65.99,66.8,65.7,66.4,205229.46
2020-02-26,65.71,66.13,64.85,65.41,170746.4
2020-02-27,65.82,66.67,65.13,65.43,185122.47
2020-02-28,62.26,65.43,62.26,63.61,224047.89
2020-03-02,63.79,67.38,63.79,66.6,196040.31
2020-03-03,67.33,68.28,66.14,66.5,145938.6
2020-03-04,66.79,69.84,66.27,69.39,221932.07
2020-03-05,68.75,71.32,68.71,70.66,188802.28
2020-03-06,69.69,70.79,69.5,69.5,120879.98
2020-03-09,67.9,69.4,66.6,68.15,171067.02
2020-03-10,67.99,69.41,67.24,68.73,106748.8
2020-03-11,69.11,69.23,67.77,67.85,72330.53
2020-03-12,67.08,68.04,66.0,67.41,123503.77
2020-03-13,64.56,67.06,64.52,66.71,176627.68
2020-03-16,66.11,66.64,63.7,64.08,193202.96
2020-03-17,62.93,64.37,61.37,61.95,204611.17
2020-03-18,61.95,63.88,61.1,61.27,164503.24
2020-03-19,60.79,61.56,57.79,59.05,213001.21
2020-03-20,59.9,60.84,58.56,60.84,178267.49
2020-03-23,59.04,59.04,56.14,57.41,240568.74
2020-03-24,58.85,60.84,58.09,60.18,155658.38
2020-03-25,61.91,62.93,61.54,62.65,125624.65
2020-03-26,61.95,63.08,61.56,61.95,105810.86
2020-03-27,61.92,62.42,59.54,60.1,188742.1
2020-03-30,58.51,58.76,57.12,57.78,149188.04
2020-03-31,58.85,59.53,58.08,58.86,104918.78
2020-04-01,59.38,61.43,58.86,59.69,124723.51
2020-04-02,59.82,60.91,59.05,60.54,98520.21
2020-04-03,60.59,61.91,60.59,61.37,92480.45
2020-04-07,61.88,62.73,60.99,61.19,129917.73
2020-04-08,60.93,62.41,60.71,61.89,86628.11
2020-04-09,62.13,63.98,62.13,63.49,104109.73
2020-04-10,63.42,64.76,62.64,63.48,80643.21
2020-04-13,62.87,63.4,62.03,62.82,55921.09
2020-04-14,63.23,64.04,62.64,63.98,74463.76
2020-04-15,64.12,64.25,62.71,63.45,107364.4
2020-04-16,63.04,63.3,62.53,63.13,64631.59
2020-04-17,64.36,65.94,64.12,65.55,188000.71
2020-04-20,65.56,65.85,64.95,65.78,86214.22
2020-04-21,65.39,65.61,63.61,64.56,80658.87
2020-04-22,64.16,65.13,62.92,65.13,84204.44
2020-04-23,65.05,69.5,65.05,68.71,197454.68
2020-04-24,68.71,68.98,67.76,68.24,82752.5
2020-04-27,68.73,68.91,65.94,66.2,131005.4
2020-04-28,66.31,68.24,66.05,68.24,116218.17
2020-04-29,67.76,68.34,66.48,66.65,78566.28
2020-04-30,67.81,69.64,67.81,68.44,128350.31
2020-05-06,67.5,68.33,65.73,67.96,184722.31
2020-05-07,67.64,67.75,65.9,66.21,123504.37
2020-05-08,66.4,67.07,65.96,66.79,101312.09
2020-05-11,66.69,67.39,66.03,66.4,99094.34
2020-05-12,66.35,66.87,65.58,65.73,78037.67
2020-05-13,65.73,66.74,65.22,66.7,72340.35
2020-05-14,66.03,66.67,64.87,64.94,86038.38
2020-05-15,64.94,64.95,63.38,63.5,132191.27
2020-05-18,63.49,65.36,63.27,65.08,91243.88
2020-05-19,65.92,67.94,65.92,66.96,126802.67
2020-05-20,66.8,67.67,65.43,65.53,89786.29
2020-05-21,66.08,66.54,64.72,65.22,72365.27
2020-05-22,65.21,65.21,62.93,63.4,112435.75
2020-05-25,63.4,64.37,62.67,64.32,62165.76
2020-05-26,64.47,66.81,64.36,66.75,99300.72
2020-05-27,67.27,67.64,66.03,66.19,69530.78
2020-05-28,66.62,67.56,65.55,66.31,73545.54
2020-05-29,66.58,70.08,66.27,70.07,188282.8
2020-06-01,69.97,73.44,69.97,72.15,196966.47
2020-06-02,72.07,72.6,70.38,71.73,116980.82
2020-06-03,71.62,72.14,70.66,71.27,78929.26
2020-06-04,70.86,71.02,69.02,69.82,135604.75
2020-06-05,70.12,72.69,69.93,71.9,144155.27
2020-06-08,73.24,73.45,71.11,71.92,134993.47
2020-06-09,72.17,74.05,72.11,73.5,128484.32
2020-06-10,73.59,74.75,72.93,73.29,105674.62
2020-06-11,73.2,73.57,72.17,73.45,95636.14
2020-06-12,71.83,72.6,70.32,72.6,149347.91
2020-06-15,70.96,71.23,68.75,68.93,229958.08
2020-06-16,69.52,70.24,69.41,69.87,86223.03
2020-06-17,69.22,69.26,67.76,68.53,140477.61
2020-06-18,68.5,69.14,67.91,68.21,97304.22
2020-06-19,68.34,69.57,68.34,69.23,104787.55
2020-06-22,68.92,69.23,68.02,68.75,102386.59
2020-06-23,68.46,68.92,68.1,68.49,109953.73
2020-06-24,68.73,69.1,68.42,68.59,83175.84
2020-06-29,67.91,68.46,66.78,68.22,160457.4
2020-06-30,68.53,69.8,68.44,69.76,115149.81
2020-07-01,69.76,70.64,69.03,70.63,125160.66
2020-07-02,70.16,73.48,70.16,73.47,178166.21
2020-07-03,73.28,73.28,72.02,72.89,136575.15
2020-07-06,72.83,75.5,72.13,74.66,193883.72
2020-07-07,75.45,76.32,73.37,73.48,217270.42
2020-07-08,72.99,73.52,72.01,72.52,209141.9
2020-07-09,72.52,74.19,72.13,73.39,177557.37
2020-07-10,73.35,74.49,72.42,73.13,134757.28
2020-07-13,72.55,73.13,71.24,71.53,314817.81
2020-07-14,71.44,72.02,69.93,70.07,212172.47
2020-07-15,71.63,72.46,70.26,70.47,255850.16
2020-07-16,70.53,71.6,67.54,67.54,262777.73
2020-07-17,68.15,69.21,67.55,69.21,187684.12
2020-07-20,69.21,70.72,68.19,70.46,172060.78
2020-07-21,71.02,71.09,69.9,70.65,108635.35
2020-07-22,71.15,71.5,69.46,69.69,210526.87
2020-07-23,69.69,70.08,67.74,68.89,188411.67
2020-07-24,68.82,69.21,65.82,66.18,193413.27
2020-07-27,66.18,66.78,64.54,65.03,127298.97
2020-07-28,65.75,66.03,64.64,65.34,125124.11
2020-07-29,65.14,67.46,64.37,67.3,139389.97
2020-07-30,67.19,67.23,66.09,66.15,81814.8
2020-07-31,66.15,67.37,65.16,65.75,137481.79
2020-08-03,66.15,66.38,65.53,66.11,144344.66
2020-08-04,66.41,67.35,66.02,67.05,120698.93
2020-08-05,66.6,66.64,65.32,65.46,171735.95
2020-08-06,65.48,65.66,64.75,65.05,93628.62
2020-08-07,65.1,65.9,64.67,65.61,109258.66
2020-08-10,65.24,66.45,64.76,66.27,117600.48
2020-08-11,66.67,69.02,66.67,67.98,227405.89
2020-08-12,68.73,70.66,68.43,70.21,298913.31
2020-08-13,70.9,71.87,69.74,70.55,179388.49
2020-08-14,70.55,72.75,70.09,72.74,230305.99
2020-08-17,72.69,73.31,71.24,72.0,199515.87
2020-08-18,71.99,76.14,70.91,75.11,292663.47
2020-08-19,74.96,78.5,73.88,76.0,314815.03
2020-08-20,75.24,76.27,72.87,74.32,193362.68
2020-08-21,74.32,77.56,73.35,75.97,143493.02
2020-08-24,76.67,78.52,75.93,76.46,130187.91
2020-08-25,76.46,77.74,75.49,76.46,115139.97
2020-08-26,76.45,79.86,76.28,78.4,197386.67
2020-08-27,78.27,79.06,76.85,77.38,105002.04
2020-08-28,78.12,79.19,76.38,77.69,115083.73
2020-08-31,77.79,78.07,74.32,74.7,262409.14
2020-09-01,74.32,74.94,73.41,74.13,129026.61
2020-09-02,74.45,75.23,73.12,73.74,103690.61
2020-09-03,74.31,76.69,73.85,74.23,174276.77
2020-09-04,73.66,76.32,72.96,75.98,166107.14
2020-09-07,75.3,75.49,73.53,73.82,139843.0
2020-09-08,74.16,75.49,73.82,75.13,113119.98
2020-09-09,74.32,75.1,72.36,72.54,114090.95
2020-09-10,73.09,73.68,71.88,72.06,102549.77
2020-09-11,72.23,72.26,69.98,71.58,133579.03
2020-09-14,72.22,73.84,71.97,72.65,120807.19
2020-09-15,72.36,73.51,71.88,72.92,108946.39
2020-09-16,72.7,73.82,72.31,72.53,105847.9
2020-09-17,72.53,73.22,71.71,73.03,90838.1
2020-09-18,73.03,73.43,71.25,73.21,126838.09
2020-09-21,72.86,73.27,71.7,72.06,72996.48
2020-09-22,71.28,71.28,67.37,67.66,320026.02
2020-09-23,67.82,68.21,67.35,67.51,110915.98
2020-09-24,67.76,68.13,66.89,67.27,96024.13
2020-09-25,67.47,67.86,66.86,67.39,65410.35
2020-09-28,67.97,68.11,66.74,66.88,69601.1
2020-09-29,67.2,67.76,67.0,67.65,54551.84
2020-09-30,67.64,68.21,67.03,67.25,58875.83
2020-10-09,68.2,68.38,67.5,67.88,75457.15
2020-10-12,67.84,68.88,67.55,68.56,131313.99
2020-10-13,68.7,69.13,68.16,68.42,94939.2
2020-10-14,68.44,69.17,67.36,69.08,125574.42
2020-10-15,68.79,68.9,67.97,68.06,71394.18
2020-10-16,67.89,68.49,67.68,67.94,67163.52
2020-10-19,68.18,68.62,67.27,67.38,73249.73
2020-10-20,67.37,68.05,67.06,68.02,44688.98
2020-10-21,67.86,68.34,67.46,68.23,53497.56
2020-10-22,68.11,68.11,66.0,66.37,152283.3
2020-10-23,66.17,66.49,65.52,65.69,84437.78
2020-10-26,65.36,66.0,64.54,65.81,59343.91
2020-10-27,65.36,65.7,64.71,65.04,88070.67
2020-10-28,64.86,65.94,64.55,65.71,73590.58
2020-10-29,64.68,65.18,64.37,64.68,105442.55
2020-10-30,64.55,65.81,64.54,64.63,102258.59
2020-11-02,64.34,64.37,60.14,61.75,271515.36
2020-11-03,61.76,63.0,61.27,62.82,110123.23
2020-11-04,62.76,63.33,62.29,62.95,72216.81
2020-11-05,63.36,65.6,63.34,65.55,162484.17
2020-11-06,65.51,65.84,64.55,65.47,107974.09
2020-11-09,66.36,68.81,66.36,68.65,219391.62
2020-11-10,75.5,75.52,72.19,72.65,574531.43
2020-11-11,72.36,73.22,70.92,72.46,253494.79
2020-11-12,71.96,74.51,71.95,73.62,191954.06
2020-11-13,73.53,74.85,72.25,74.24,172097.84
2020-11-16,74.6,77.05,74.31,76.58,224436.53
2020-11-17,77.21,77.69,75.63,76.75,195155.19
2020-11-18,76.06,79.79,76.06,79.24,251131.3
2020-11-19,78.33,78.89,77.29,78.22,124259.87
2020-11-20,77.76,78.59,77.31,77.88,98260.89
2020-11-23,76.27,78.13,74.12,77.4,216052.66
2020-11-24,77.25,78.53,76.64,78.17,118879.43
2020-11-25,79.2,81.15,78.39,78.39,152171.63
2020-11-26,78.63,80.47,78.63,80.08,113291.97
2020-11-27,80.67,80.83,77.11,78.18,168811.83
2020-11-30,78.71,79.54,76.78,76.78,118123.06
2020-12-01,77.74,78.46,77.26,77.94,83281.79
2020-12-02,77.74,79.01,77.1,77.75,86460.25
2020-12-03,78.06,79.0,77.75,78.42,84193.59
2020-12-04,78.96,79.78,78.01,79.26,80264.5
2020-12-07,79.05,79.05,77.16,77.89,95987.71
2020-12-08,78.03,78.21,76.2,77.14,83092.16
2020-12-09,76.76,77.25,74.5,74.69,128013.77
2020-12-10,74.32,75.0,73.02,73.34,99744.05
2020-12-11,73.53,74.45,72.65,73.63,82001.3
2020-12-14,73.94,75.29,73.14,74.51,90160.17
2020-12-15,75.1,75.13,73.71,74.02,61412.1
2020-12-16,74.12,74.48,72.99,73.71,84514.12
2020-12-17,73.68,75.38,73.36,74.41,104279.31
2020-12-18,74.12,74.69,72.22,73.95,145983.99
2020-12-21,73.15,73.21,70.72,72.16,213661.63
2020-12-22,71.48,72.63,70.55,70.77,126730.48
2020-12-23,71.11,72.14,70.97,71.48,91448.27
2020-12-24,71.47,71.48,68.69,69.12,182004.95
2020-12-25,69.23,71.38,69.03,71.22,87857.11
2020-12-28,71.28,72.14,69.91,69.91,117854.61
2020-12-29,70.89,72.73,70.63,71.33,104680.82
2020-12-30,71.04,72.06,70.27,71.63,102810.36
2020-12-31,72.02,75.57,71.38,73.98,255061.48
2021-01-04,74.02,77.02,73.5,75.77,219886.31
2021-01-05,75.78,75.78,74.31,75.58,195667.58
2021-01-06,75.4,77.72,75.1,75.77,200265.11
2021-01-07,75.93,76.23,73.33,74.16,226825.22
2021-01-08,74.46,75.41,73.75,74.29,161971.13
2021-01-11,74.4,74.89,71.5,71.78,224256.39
2021-01-12,71.67,72.36,70.43,72.08,191592.44
2021-01-13,72.16,75.97,72.09,75.87,330580.19
2021-01-14,75.4,75.51,71.57,71.64,331649.66
2021-01-15,71.23,72.02,70.29,70.34,247851.33
2021-01-18,69.91,71.27,69.29,70.6,135351.88
2021-01-19,70.6,70.81,69.09,70.06,160751.48
2021-01-20,69.74,70.0,69.23,69.23,143614.31
2021-01-21,68.44,69.72,68.25,69.34,171090.5
2021-01-22,68.93,70.4,68.69,69.59,147454.97
2021-01-25,69.37,70.97,68.35,70.41,247043.24
2021-01-26,70.42,71.32,68.71,70.58,181690.39
2021-01-27,70.45,75.01,69.4,74.8,349361.21
2021-01-28,73.34,75.76,73.34,74.12,256987.93
2021-01-29,74.54,79.61,73.33,77.24,403323.04
2021-02-01,69.52,69.52,69.52,69.52,78404.0
2021-02-02,62.57,62.57,62.57,62.57,93983.0
2021-02-03,56.31,59.06,56.31,57.98,1942573.53
2021-02-04,55.74,57.67,55.25,56.92,764820.99
2021-02-05,56.71,58.51,56.22,57.08,453080.31
2021-02-08,56.98,56.98,53.48,54.07,560155.2
2021-02-09,54.2,57.76,53.58,57.18,467796.13
2021-02-10,57.06,58.51,55.76,56.89,463330.04
2021-02-18,58.18,60.19,56.91,59.16,784980.99
2021-02-19,58.57,59.64,57.39,59.59,432997.46
2021-02-22,59.16,61.6,58.18,59.56,496363.05
2021-02-23,59.56,60.22,58.37,58.75,330536.56
2021-02-24,59.16,60.61,58.78,59.6,358615.67
2021-02-25,60.18,62.86,59.87,61.64,400759.28
2021-02-26,60.12,62.52,59.69,60.5,296625.56
2021-03-01,59.55,60.8,58.2,59.82,276540.15
2021-03-02,59.74,59.76,57.6,58.38,282290.59
2021-03-03,57.69,59.16,57.3,59.03,211507.15
2021-03-04,58.37,59.4,58.27,58.7,179279.06
2021-03-05,58.18,59.62,58.01,59.33,166682.07
2021-03-08,59.32,60.06,57.22,57.48,237937.53
2021-03-09,57.49,57.79,54.32,56.18,226542.62
2021-03-10,56.94,57.44,56.2,56.33,137649.05
2021-03-11,56.34,57.84,55.82,57.46,144114.23
2021-03-12,57.59,58.86,57.15,58.81,201220.77
2021-03-15,58.97,60.5,58.44,59.38,233627.15
2021-03-16,59.64,60.96,59.05,60.92,243455.79
2021-03-17,60.14,61.2,59.74,60.48,168811.82
2021-03-18,60.43,61.09,59.05,59.84,177452.29
2021-03-19,59.06,59.72,57.5,58.47,209570.69
2021-03-22,58.08,59.01,57.75,59.0,129426.96
2021-03-23,58.93,59.16,56.97,57.54,172928.07
2021-03-24,57.3,57.52,56.52,56.97,111817.66
2021-03-25,56.82,57.08,56.32,56.64,95973.7
2021-03-26,56.69,57.73,56.69,57.44,149721.39
2021-03-29,57.3,58.37,56.73,57.88,162948.11
2021-03-30,57.89,58.17,57.25,57.62,130074.39
2021-03-31,57.61,57.61,56.52,56.61,153167.9
2021-04-01,56.55,57.2,56.46,57.0,98536.83
2021-04-02,57.05,57.25,56.78,57.18,125830.7
2021-04-06,57.22,58.55,57.22,57.57,158792.95
2021-04-07,57.49,57.84,56.77,57.81,111797.9
2021-04-08,57.14,57.63,56.81,57.01,120395.96
2021-04-09,56.82,57.01,56.08,56.14,133230.91
2021-04-12,56.15,56.3,54.85,55.15,118160.5
2021-04-13,55.14,56.06,54.91,55.68,91335.62
2021-04-14,55.44,55.82,55.06,55.31,132887.08
2021-04-15,55.15,55.17,54.55,54.7,116150.58
2021-04-16,54.71,55.05,54.32,54.69,129549.19
2021-04-19,54.75,55.57,54.15,55.55,196857.86
2021-04-20,55.14,55.78,54.87,55.18,123199.47
2021-04-21,54.95,56.1,54.77,55.82,136665.35
2021-04-22,55.82,56.06,54.93,55.1,147570.05
2021-04-23,54.92,55.22,54.36,55.11,123921.24
2021-04-26,54.02,54.02,51.46,52.07,398783.18
2021-04-27,51.73,51.77,47.79,48.5,542489.53
2021-04-28,48.18,48.99,47.01,48.89,220809.65
2021-04-29,47.9,48.88,47.3,48.0,184886.66
2021-04-30,47.91,48.39,47.5,48.05,120408.64
2021-05-06,47.56,47.56,45.47,45.66,317853.9
2021-05-07,45.18,45.6,44.09,44.26,250184.36
2021-05-10,44.26,44.49,42.97,43.45,207374.83
2021-05-11,43.18,44.84,43.02,44.42,162278.33
2021-05-12,44.25,44.65,43.83,44.55,107732.37
2021-05-13,44.3,44.86,44.0,44.51,89723.92
2021-05-14,44.58,45.4,44.57,45.32,122083.45
2021-05-17,45.47,47.35,45.37,46.9,202956.42
2021-05-18,46.93,47.28,46.3,47.21,109484.4
2021-05-19,47.03,47.03,46.23,46.36,81966.65
2021-05-20,46.26,46.83,45.9,46.57,88379.79
2021-05-21,46.6,46.88,45.98,46.11,67948.74
2021-05-24,46.11,46.82,45.86,46.76,73278.51
2021-05-25,46.8,49.11,46.77,48.23,222945.2
2021-05-26,48.48,48.54,47.72,48.17,104997.11
2021-05-27,48.18,48.49,48.03,48.35,84175.88
2021-05-28,48.3,48.73,48.0,48.27,93645.75
2021-05-31,47.72,48.69,46.76,48.39,120141.15
2021-06-01,48.38,49.45,48.24,48.89,137696.08
2021-06-02,49.05,49.51,48.48,48.93,130181.07
2021-06-03,49.01,51.68,48.76,51.02,302476.23
2021-06-04,50.06,50.65,49.23,49.67,177852.17
2021-06-07,48.99,49.67,47.42,47.63,197683.88
2021-06-08,47.9,48.55,47.23,47.62,157513.0
2021-06-09,47.62,47.98,47.37,47.76,72362.21
2021-06-25,50.53,51.99,46.44,49.94,884134.91
2021-06-28,48.69,49.65,47.75,48.35,352764.29
2021-06-29,48.06,48.11,46.84,46.85,258777.53
2021-06-30,46.54,47.85,46.43,47.06,176321.63
2021-07-01,47.08,47.22,46.2,46.56,136586.92
2021-07-02,46.26,46.43,44.98,45.0,200049.1
2021-07-05,44.97,45.42,44.39,45.13,142614.96
2021-07-06,45.07,46.55,44.65,45.9,157932.11
2021-07-07,45.84,46.37,45.47,45.96,110324.87
2021-07-08,45.96,45.98,44.98,44.98,119387.48
2021-07-09,44.91,45.42,44.63,45.11,83457.29
2021-07-12,45.11,45.7,44.68,45.36,127733.91
2021-07-13,45.47,45.96,45.23,45.32,174368.52
2021-07-14,45.29,45.3,44.16,44.19,194416.23
2021-07-15,44.01,44.08,43.22,43.7,162408.67
2021-07-16,44.45,45.41,44.1,44.22,165041.43
2021-07-19,44.04,44.57,43.23,44.5,118344.71
2021-07-20,44.0,44.44,43.8,44.15,63305.81
2021-07-21,43.95,44.32,43.41,43.46,118079.26
2021-07-22,43.32,43.75,43.04,43.36,86340.7
2021-07-23,43.36,43.37,42.16,42.17,157598.42
2021-07-26,41.75,41.8,39.97,40.0,218297.1
2021-07-27,39.89,40.55,38.63,38.71,169615.3
2021-07-28,38.75,39.03,37.55,38.0,156545.83
2021-07-29,38.18,38.37,37.31,37.86,143173.86
2021-07-30,37.46,37.96,36.68,37.69,149796.51
2021-08-02,36.81,37.59,35.79,37.13,264047.03
2021-08-03,36.49,37.85,36.25,37.41,161675.81
2021-08-04,37.39,37.73,36.96,37.0,134053.9
2021-08-05,36.89,37.93,36.52,37.03,148761.13
2021-08-06,37.06,37.25,36.53,36.69,94496.97
2021-08-09,36.41,37.9,36.27,37.66,136027.43
2021-08-10,37.72,37.92,37.25,37.85,111001.52
2021-08-11,37.84,39.41,37.74,38.12,188880.84
2021-08-12,38.31,38.39,37.28,37.38,114658.63
2021-08-13,37.21,37.62,36.96,37.35,73703.35
2021-08-16,37.18,38.04,37.06,37.62,78730.92
2021-08-17,37.76,39.47,37.59,38.6,288164.12
2021-08-18,38.14,39.27,37.74,39.24,186209.53
2021-08-19,38.74,39.2,38.52,38.97,111744.73
2021-08-20,38.82,38.82,37.83,38.13,122516.75
2021-08-23,37.65,38.39,37.64,38.05,75224.3
2021-08-24,38.0,38.42,37.79,38.13,102072.91
2021-08-25,38.13,41.65,37.99,40.98,380977.83
2021-08-26,40.74,41.39,39.63,41.34,257634.07
2021-08-27,40.84,41.8,40.47,40.47,151772.41
2021-08-30,39.83,39.98,39.11,39.34,146508.99
2021-08-31,39.11,42.53,39.07,42.31,311372.71
2021-09-01,41.95,43.02,41.78,42.5,239794.03
2021-09-02,42.12,42.97,41.85,42.53,137089.11
2021-09-03,42.49,44.39,41.95,44.2,242773.56
2021-09-06,43.83,45.54,43.58,44.22,215837.12
2021-09-07,44.2,45.29,43.83,45.21,182147.44
2021-09-08,44.82,45.17,44.02,44.54,159089.69
2021-09-09,44.35,44.44,43.8,44.09,123105.37
2021-09-10,44.0,45.7,44.0,44.76,180123.92
2021-09-13,44.0,44.44,43.07,43.46,183590.57
2021-09-14,43.32,43.88,42.29,42.36,130287.8
2021-09-15,42.52,42.83,41.61,41.9,123059.69
2021-09-16,41.79,42.14,41.08,41.33,123270.95
2021-09-17,40.87,42.92,40.87,42.67,127494.89
2021-09-22,42.04,42.67,41.75,42.13,69072.72
2021-09-23,42.64,42.94,42.13,42.31,91975.5
2021-09-24,42.53,43.51,42.34,42.98,106861.97
2021-09-27,42.83,43.97,42.05,43.24,124507.86
2021-09-28,42.95,43.3,42.44,43.12,66994.39
2021-09-29,42.83,43.46,42.5,43.23,98261.7
2021-09-30,43.12,43.47,42.75,43.27,68007.24
2021-10-08,44.68,46.82,44.34,45.96,304137.0
2021-10-11,45.86,48.89,45.55,48.53,339438.84
2021-10-12,48.26,50.4,47.65,49.24,380163.6
2021-10-13,48.89,49.34,47.81,48.95,190230.23
2021-10-14,48.68,52.64,48.61,51.63,410468.18
2021-10-15,51.49,52.96,50.36,51.33,299715.55
2021-10-18,50.83,51.44,49.26,49.77,259873.34
2021-10-19,49.38,50.16,48.87,49.86,155568.76
2021-10-20,49.8,50.48,48.1,49.78,220546.35
2021-10-21,49.49,51.21,49.0,49.58,160128.71
2021-10-22,49.21,50.05,48.78,48.95,137679.09
2021-10-25,47.91,48.69,46.82,48.61,182525.53
2021-10-26,48.21,49.83,48.12,49.67,210325.21
2021-10-27,49.32,50.32,48.92,49.95,169441.49
2021-10-28,49.63,51.36,49.14,50.13,164107.48
2021-10-29,50.12,51.95,49.64,51.63,207316.19
2021-11-01,50.72,50.73,49.03,49.94,190262.64
2021-11-02,49.92,50.3,48.48,49.23,158856.93
2021-11-03,48.99,49.86,48.61,49.13,103784.14
2021-11-04,49.33,49.38,47.8,48.15,139091.7
2021-11-05,48.09,48.92,47.85,47.94,90558.53
2021-11-08,49.98,52.66,49.98,51.73,405642.89
2021-11-09,51.73,52.22,48.59,48.82,353683.28
2021-11-10,48.85,49.08,47.58,48.04,178828.15
2021-11-11,47.79,49.16,47.63,48.96,131194.26
2021-11-12,48.69,50.31,48.31,49.65,139150.04
2021-11-15,49.55,49.78,48.29,48.33,145055.48
2021-11-16,48.6,49.13,47.79,47.97,136983.84
2021-11-17,48.0,48.81,48.0,48.57,86471.72
2021-11-18,48.14,48.49,47.57,47.57,98413.92
2021-11-19,47.6,47.84,46.82,47.24,104831.65
2021-11-22,47.24,47.64,46.93,47.51,63753.16
2021-11-23,47.93,48.35,47.3,47.48,85995.1
2021-11-24,47.49,48.06,46.94,47.95,80298.74
2021-11-25,47.95,48.13,47.54,47.98,58132.91
2021-11-26,47.3,47.3,45.76,46.08,208693.9
2021-11-29,43.95,44.49,42.83,43.01,336958.92
2021-11-30,43.05,43.55,42.12,42.2,162369.5
2021-12-01,42.92,44.36,42.53,43.88,254034.83
2021-12-02,43.53,44.46,43.02,43.63,142350.97
2021-12-03,44.18,45.27,43.65,45.0,155242.33
2021-12-06,44.96,45.1,44.23,44.69,94122.06
2021-12-07,45.27,46.42,45.12,45.34,171442.0
2021-12-08,45.34,46.05,45.1,45.84,126302.38
2021-12-09,45.94,46.71,45.81,45.98,123380.03
2021-12-10,45.91,45.98,44.98,45.44,168556.58
2021-12-13,45.48,45.89,44.74,44.86,156305.77
2021-12-14,44.39,44.64,44.08,44.59,112985.32
2021-12-15,44.61,44.68,43.56,43.76,124943.09
2021-12-16,43.56,43.98,43.17,43.32,119401.01
2021-12-17,43.33,43.34,42.53,42.63,142495.07
2021-12-20,42.43,43.1,42.26,42.49,90504.15
2021-12-21,42.4,43.23,42.26,43.07,94577.46
2021-12-22,43.68,44.2,43.11,43.13,94962.65
2021-12-23,43.24,43.53,42.58,42.9,75880.63
2021-12-24,42.73,43.62,42.66,43.58,96892.23
2021-12-27,43.7,45.22,43.69,44.97,195640.66
2021-12-28,44.98,45.19,44.34,44.67,91450.04
2021-12-29,44.67,45.95,44.5,45.46,194353.97
2021-12-30,45.27,46.77,44.9,46.33,183878.34
2021-12-31,46.58,46.6,45.57,45.65,97864.08
2022-01-04,45.37,47.62,45.27,47.44,206907.55
2022-01-05,47.4,49.18,47.25,47.75,253678.45
2022-01-06,48.1,48.3,46.93,47.91,151020.53
2022-01-07,47.91,49.38,47.53,48.88,229848.97
2022-01-10,47.57,49.17,47.13,48.88,138564.47
2022-01-11,48.69,49.52,48.36,48.51,132130.88
2022-01-12,48.51,49.8,48.17,48.63,97476.02
2022-01-13,48.62,49.49,48.04,48.18,111076.92
2022-01-14,47.93,48.65,47.21,47.65,121352.46
2022-01-17,47.67,47.94,46.73,47.23,128173.95
2022-01-18,47.13,48.63,46.77,48.27,141582.61
2022-01-19,47.98,48.84,47.56,48.57,108176.9
2022-01-20,48.48,50.73,48.32,49.92,194413.06
2022-01-21,50.84,54.11,50.84,51.71,427762.58
2022-01-24,51.58,52.29,51.03,51.17,243520.39
2022-01-25,50.85,52.39,50.75,50.84,245704.22
2022-01-26,51.14,51.48,49.34,49.69,179851.02
2022-01-27,48.99,50.04,48.6,48.67,147857.8
2022-01-28,48.26,50.36,47.93,49.37,141954.01
2022-02-07,50.16,51.71,49.49,51.04,198485.23
2022-02-08,51.35,53.04,51.33,52.96,238000.42
2022-02-09,53.45,55.03,52.72,54.46,257334.1
2022-02-10,54.18,56.71,54.04,56.51,267825.43
2022-02-11,56.49,57.77,55.34,56.12,274022.18
2022-02-14,56.7,57.49,55.16,56.17,153457.55
2022-02-15,55.73,55.74,53.9,54.36,199273.72
2022-02-16,54.48,55.83,53.78,54.87,134275.41
2022-02-17,54.7,54.7,53.48,53.97,153294.63
2022-02-18,53.68,55.85,53.48,55.62,153648.96
2022-02-21,54.85,55.54,54.27,55.42,90808.05
2022-02-22,54.71,54.99,53.79,54.27,116646.91
2022-02-23,54.07,54.66,52.65,53.09,184742.11
2022-02-24,52.81,53.0,50.8,51.62,201605.56
2022-02-25,52.29,52.65,51.26,51.8,106072.1
2022-02-28,51.43,51.43,50.47,51.19,116531.01
2022-03-01,51.19,53.18,51.04,52.96,138033.26
2022-03-02,52.48,53.37,51.73,52.82,116250.31
2022-03-03,53.53,55.62,53.01,55.24,246312.41
2022-03-04,54.72,55.04,53.89,54.22,121212.29
2022-03-07,53.76,53.76,49.45,49.89,254090.46
2022-03-08,49.86,51.58,48.84,48.87,192494.64
2022-03-09,49.02,49.81,46.71,49.29,172914.27
2022-03-10,49.88,51.02,49.56,50.32,131847.62
2022-03-11,49.38,51.14,47.89,50.14,204077.57
2022-03-14,47.62,48.45,45.97,45.98,282222.92
2022-03-15,45.76,46.86,44.5,44.7,197640.81
2022-03-16,45.96,49.04,45.96,48.79,269130.81
2022-03-17,49.94,51.48,48.76,50.57,263696.38
2022-03-18,50.17,51.9,50.11,51.52,206790.82
2022-03-21,51.02,51.54,50.58,51.43,124071.23
2022-03-22,49.84,51.33,49.81,50.6,132642.2
2022-03-23,50.51,50.82,49.18,50.16,126047.88
2022-03-24,50.06,50.52,49.01,49.4,73654.6
2022-03-25,49.67,49.72,47.5,47.63,132021.96
2022-03-28,46.2,47.83,46.16,47.48,130570.02
2022-03-29,47.4,48.88,47.14,47.91,83236.31
2022-03-30,48.4,49.59,47.52,49.41,100593.52
2022-03-31,49.08,49.67,47.67,48.11,100346.51
2022-04-01,47.81,50.07,47.52,49.56,142856.96
2022-04-06,48.97,50.78,48.9,50.01,156449.54
2022-04-07,49.57,50.54,49.09,49.31,121771.25
2022-04-11,49.14,49.18,46.61,46.92,164718.59
2022-04-12,46.94,51.57,46.94,51.24,245201.87
2022-04-13,50.55,50.84,48.84,49.79,189634.73
2022-04-14,50.37,52.34,49.77,50.84,167475.97
2022-04-15,50.45,52.0,49.99,51.54,126146.21
2022-04-18,50.85,51.4,50.01,50.66,122898.66
2022-04-19,50.46,50.84,48.48,49.04,165895.94
2022-04-20,49.06,50.42,48.74,49.87,123845.93
2022-04-21,49.43,51.11,49.19,49.67,161954.92
2022-04-22,49.38,50.36,48.11,50.11,146617.12
2022-04-25,48.89,48.91,47.45,47.45,158691.55
2022-04-26,47.51,48.07,46.05,46.91,140112.69
2022-04-27,46.52,49.33,46.26,49.29,149726.2
2022-04-28,48.78,49.17,46.25,47.05,170243.47
2022-04-29,46.74,48.89,45.77,48.3,161795.7
2022-05-05,48.04,50.19,47.11,50.16,185018.26
2022-05-06,48.6,48.69,46.83,47.14,193310.65
2022-05-09,46.74,47.68,45.95,46.2,118234.2
2022-05-10,45.66,46.18,44.73,46.07,152521.49
2022-05-11,46.08,47.69,46.08,46.61,187822.02
2022-05-12,46.1,46.33,44.78,45.37,180778.76
2022-05-13,44.79,45.91,44.73,45.81,151096.4
2022-05-16,46.53,47.28,45.72,46.78,169066.38
2022-05-17,46.41,47.08,46.05,46.98,128016.1
2022-05-18,47.01,47.39,45.86,46.05,103765.99
2022-05-19,45.3,45.9,45.03,45.71,74111.47
2022-05-20,45.74,46.88,45.74,46.7,147551.99
2022-05-23,46.7,46.7,45.62,46.31,109287.0
2022-05-24,46.6,47.42,46.12,46.21,154637.11
2022-05-25,45.97,48.26,45.71,48.11,238478.06
2022-05-26,47.75,48.79,47.72,48.25,134278.75
2022-05-27,48.67,48.79,47.42,47.96,97128.26
2022-05-30,48.74,49.5,48.52,48.9,155075.49
2022-05-31,49.07,50.03,48.52,49.29,150323.25
2022-06-01,49.29,49.84,47.4,47.8,161412.44
2022-06-02,47.82,48.0,47.06,47.41,103223.44
2022-06-06,47.32,47.8,46.45,47.8,113246.83
2022-06-07,47.87,48.33,47.24,47.52,114421.41
2022-06-08,47.52,48.3,47.37,48.05,114731.66
2022-06-09,47.82,48.23,47.52,47.82,110874.02
2022-06-10,47.28,47.62,46.47,47.13,191435.1
2022-06-13,46.64,46.71,45.96,46.25,146973.44
2022-06-14,45.87,46.64,45.76,46.6,96607.02
2022-06-15,46.54,47.42,46.28,46.54,175735.04
2022-06-16,46.54,47.12,46.32,46.84,126492.8
2022-06-17,46.58,46.93,46.13,46.91,132273.47
2022-06-20,47.16,49.28,47.14,48.74,260802.79
2022-06-21,48.89,49.85,48.35,48.98,190565.67
2022-06-22,49.22,49.36,47.92,48.08,99822.16
2022-06-23,48.18,48.49,47.64,48.1,105757.91
2022-06-24,48.1,49.46,47.5,48.88,153634.57
2022-06-27,49.37,52.25,49.37,50.91,334396.13
2022-06-28,50.92,56.01,50.55,55.25,463663.96
2022-06-29,55.23,56.44,54.21,54.41,310184.33
2022-06-30,55.83,56.29,54.72,55.44,273878.09
2022-07-01,54.92,54.98,52.6,52.95,213144.16
2022-07-04,52.97,53.78,51.92,52.51,179147.84
2022-07-05,52.63,52.89,51.93,52.26,130444.49
2022-07-06,51.88,52.05,50.8,51.04,138638.18
2022-07-07,50.56,51.31,50.41,50.58,131462.99
2022-07-08,51.48,52.35,50.33,50.38,144172.94
2022-07-11,49.43,49.96,48.77,49.17,142345.87
2022-07-12,49.06,49.86,48.97,49.43,114002.68
2022-07-13,49.67,50.66,49.52,49.9,108013.29
2022-07-14,49.78,52.14,49.48,51.15,188236.08
2022-07-15,51.02,51.72,50.46,50.65,127304.93
2022-07-18,50.36,50.75,49.71,50.09,104762.52
2022-07-19,50.26,50.64,49.68,50.09,89822.03
2022-07-20,50.28,51.3,50.16,50.42,90227.93
2022-07-21,50.35,50.65,49.79,49.85,74572.85
2022-07-22,49.87,51.76,49.67,51.19,146319.07
2022-07-25,51.21,51.21,50.14,50.4,80131.57
2022-07-26,50.8,52.81,50.78,51.58,180444.27
2022-07-27,51.11,52.73,51.05,51.95,115489.7
2022-07-28,52.21,53.29,52.05,52.23,136970.14
2022-07-29,52.02,52.02,49.69,50.43,189831.72
2022-08-01,50.44,55.03,50.44,53.58,334593.26
2022-08-02,52.96,55.05,52.04,54.18,313981.18
2022-08-03,54.18,55.41,53.7,54.34,240536.85
2022-08-04,54.66,55.97,53.8,55.67,239672.16
2022-08-05,56.17,56.38,54.56,55.36,150484.08
2022-08-08,54.08,56.5,53.76,55.75,149750.45
2022-08-09,55.71,56.01,54.94,55.71,108297.04
2022-08-10,55.7,56.21,54.45,54.65,123537.16
2022-08-11,54.79,55.83,53.84,55.5,109319.16
2022-08-12,56.22,57.19,55.34,56.71,135765.96
2022-08-15,56.3,56.3,55.36,55.51,97742.93
2022-08-16,55.44,56.38,55.42,55.78,68573.55
2022-08-17,55.78,57.69,55.59,56.21,85477.09
2022-08-18,55.88,56.2,54.49,55.44,121428.22
2022-08-19,55.48,55.64,55.02,55.19,65718.84
2022-08-22,55.11,55.64,54.56,54.85,131173.29
2022-08-23,54.78,55.74,53.81,54.78,92519.16
2022-08-24,54.96,55.7,54.49,54.93,73872.77
2022-08-25,54.81,56.5,54.67,56.41,96471.89
2022-08-26,56.61,58.79,56.3,56.49,171709.04
2022-08-29,56.03,56.6,54.96,55.79,94520.25
2022-08-30,55.72,55.83,54.72,55.07,71666.03
2022-08-31,55.24,56.59,54.74,55.17,130094.81
2022-09-01,55.05,55.24,53.33,53.55,120181.89
2022-09-02,53.7,54.26,53.12,53.86,59781.39
2022-09-05,53.69,54.1,52.96,53.87,59091.35
2022-09-06,54.31,55.99,53.69,55.82,112165.31
2022-09-07,55.82,56.83,55.43,55.73,104205.9
2022-09-08,56.22,57.87,55.86,57.42,122355.6
2022-09-09,57.0,57.97,56.78,57.74,77652.08
2022-09-13,57.79,58.72,57.28,58.12,94112.64
2022-09-14,56.71,58.22,56.41,57.42,71944.44
2022-09-15,57.42,58.47,56.66,57.09,71986.91
2022-09-16,57.05,57.71,56.18,56.53,79917.22
2022-09-19,56.25,59.53,55.9,58.93,208610.63
2022-09-20,59.01,59.31,58.31,59.02,85503.39
2022-09-21,59.26,59.64,58.42,58.58,91093.87
2022-09-22,58.01,58.67,57.23,57.94,74347.61
2022-09-23,58.02,59.15,57.49,58.13,78804.87
2022-09-26,57.98,60.33,57.94,58.52,127517.31
2022-09-27,58.01,61.2,58.01,61.04,184192.05
2022-09-28,60.43,61.68,59.18,59.54,134518.29
2022-09-29,59.55,59.62,57.32,57.93,156187.46
2022-09-30,57.8,57.81,55.34,56.5,171283.76
2022-10-10,55.83,58.01,55.64,56.22,97987.18
2022-10-11,56.61,56.79,53.78,56.4,170803.6
2022-10-12,55.24,55.44,52.9,54.36,217183.48
2022-10-13,53.89,55.7,53.69,54.96,124523.17
2022-10-14,54.78,56.08,53.9,54.56,156465.43
2022-10-17,54.27,56.71,54.13,56.66,112252.71
2022-10-18,57.69,59.49,55.62,55.88,137759.04
2022-10-19,56.04,56.8,55.06,55.41,72648.46
2022-10-20,54.96,57.65,54.36,55.54,149596.44
2022-10-21,54.95,56.79,53.87,56.07,108996.19
2022-10-24,55.84,56.52,53.0,53.4,151775.09
2022-10-25,52.9,56.29,52.9,55.26,115635.67
2022-10-26,55.38,57.3,55.38,56.08,117692.35
2022-10-27,56.28,56.96,55.34,55.5,89227.18
2022-10-28,55.51,56.3,54.56,54.99,91135.71
2022-10-31,54.75,54.9,51.42,52.19,182755.98
2022-11-01,52.22,56.71,50.98,56.71,216706.71
2022-11-02,55.94,60.56,55.78,58.44,378698.97
2022-11-03,57.56,58.13,56.54,57.27,151803.25
2022-11-04,57.29,60.9,57.2,59.25,213539.09
2022-11-07,57.88,58.77,57.4,58.24,130734.99
2022-11-08,57.91,59.34,57.36,57.65,93147.02
2022-11-09,57.59,58.76,57.16,57.62,59757.3
2022-11-10,57.08,58.57,56.78,58.27,128951.5
2022-11-11,59.96,60.56,54.83,55.96,477285.52
2022-11-14,55.73,55.73,52.23,52.62,438496.01
2022-11-15,52.75,54.65,52.63,54.29,226095.73
2022-11-16,54.41,54.78,53.31,53.5,136628.83
2022-11-17,53.18,53.78,52.81,53.47,117903.7
2022-11-18,53.29,53.63,52.16,52.57,150859.0
2022-11-21,51.79,51.8,50.59,51.08,160706.82
2022-11-22,51.04,51.51,50.73,51.21,95154.55
2022-11-23,50.87,51.19,50.08,50.94,131483.88
2022-11-24,50.16,51.1,50.16,50.29,94610.06
2022-11-25,50.11,50.61,49.99,50.56,71344.86
2022-11-28,49.95,52.63,49.38,52.21,211085.65
2022-11-29,52.02,54.52,51.63,54.3,309950.48
2022-11-30,54.02,54.25,52.46,54.25,158908.12
2022-12-01,55.73,56.22,52.78,53.04,272470.08
2022-12-02,52.9,53.14,52.05,52.52,172030.71
2022-12-05,53.66,55.1,53.01,54.07,268402.58
2022-12-06,53.59,55.78,53.58,55.17,265580.67
2022-12-07,55.63,57.69,55.18,55.88,361802.05
2022-12-08,56.31,57.0,55.73,56.6,236587.13
2022-12-09,56.88,58.08,56.1,56.97,168358.06
2022-12-12,57.38,58.84,57.04,57.66,282787.42
2022-12-13,57.8,59.31,57.03,57.7,211144.25
2022-12-14,57.59,59.31,57.56,58.76,210560.1
2022-12-15,59.16,59.49,58.08,58.38,177076.32
2022-12-16,58.18,59.16,57.88,59.06,142931.17
2022-12-19,59.05,59.77,58.01,58.86,144027.99
2022-12-20,58.57,58.65,56.42,56.6,205139.23
2022-12-21,56.69,58.62,56.69,58.22,189398.64
2022-12-22,58.47,58.78,57.74,58.12,107476.46
2022-12-23,57.86,59.17,57.66,58.3,104088.64
2022-12-26,58.26,59.76,57.69,58.08,157399.43
2022-12-27,59.06,59.15,56.79,57.98,181571.82
2022-12-28,57.67,58.47,56.68,56.81,169063.44
2022-12-29,56.81,56.99,55.75,56.13,135158.78
2022-12-30,56.19,56.66,55.83,56.43,101674.27
2023-01-03,56.28,56.28,54.8,55.0,227976.33
2023-01-04,55.03,55.23,54.27,55.18,138602.15
2023-01-05,55.2,57.39,54.86,57.04,225888.12
2023-01-06,56.91,56.98,55.17,55.73,185063.91
2023-01-09,55.89,57.38,55.72,57.23,192306.49
2023-01-10,57.22,57.22,55.94,56.71,137316.73
2023-01-11,56.61,56.61,55.44,55.89,155973.42
2023-01-12,55.73,56.52,55.7,55.82,107811.99
2023-01-13,56.01,56.99,55.85,56.71,137450.95
2023-01-16,59.64,62.38,59.6,61.6,655314.04
2023-01-17,61.79,62.25,59.69,61.49,329773.42
2023-01-18,61.49,62.46,61.01,61.78,120516.0
2023-01-19,61.99,62.26,60.04,60.46,197320.52
2023-01-20,60.62,61.57,60.38,60.61,99331.52
2023-01-30,61.46,61.56,59.15,59.64,212883.01
2023-01-31,59.83,60.03,59.01,59.16,139179.48
2023-02-01,59.54,59.86,58.58,59.15,128623.44
2023-02-02,59.25,59.85,58.85,59.17,163767.77
2023-02-03,59.18,59.66,58.62,59.42,120837.34
2023-02-06,59.33,60.06,58.74,59.64,109788.57
2023-02-07,59.91,60.04,58.86,58.98,97177.2
2023-02-08,59.25,60.11,58.99,59.5,94510.01
2023-02-09,59.5,60.02,58.88,59.25,120853.51
2023-02-10,59.01,59.86,58.3,59.16,113987.32
2023-02-13,59.16,60.54,58.46,60.42,176248.44
2023-02-14,60.49,61.26,60.24,61.15,117561.95
2023-02-15,61.3,61.36,60.05,60.41,78963.63
2023-02-16,60.43,61.45,59.44,59.91,123934.65
2023-02-17,59.97,60.95,58.86,58.91,107616.55
2023-02-20,59.6,60.49,59.2,60.2,100202.19
2023-02-21,60.13,60.38,58.67,59.07,137991.81
2023-02-22,58.68,59.17,58.33,58.47,86956.28
2023-02-23,58.46,58.64,57.49,57.77,122562.0
2023-02-24,57.71,57.86,57.1,57.36,75568.87
2023-02-27,57.01,57.48,56.53,57.44,96819.05
2023-02-28,57.54,57.74,56.89,57.34,67565.31
2023-03-01,57.34,57.87,57.2,57.51,67579.99
2023-03-02,57.57,58.16,57.49,57.59,76489.34
2023-03-03,57.63,58.32,57.57,58.12,85124.28
2023-03-06,58.12,58.59,57.38,57.59,97265.47
2023-03-07,57.46,57.84,56.64,56.67,76278.94
2023-03-08,56.62,57.2,55.91,57.04,63473.04
2023-03-09,56.99,57.34,56.46,56.76,73845.93
2023-03-10,56.01,56.83,55.39,55.63,107637.8
2023-03-13,55.59,56.55,55.45,56.47,84436.58
2023-03-14,56.46,56.56,55.54,56.06,70222.14
2023-03-15,56.35,57.29,55.76,55.88,81923.77
2023-03-16,55.64,56.24,54.41,54.82,108332.52
2023-03-17,55.01,55.6,54.05,54.32,104471.57
2023-03-20,54.07,54.07,53.11,53.26,121826.25
2023-03-21,53.58,55.04,53.35,54.87,116682.1
2023-03-22,54.93,55.16,54.31,54.63,66247.74
2023-03-23,54.36,54.45,53.59,54.25,106690.91
2023-03-24,54.15,54.55,53.5,53.61,96220.65
2023-03-27,53.64,53.92,52.94,53.85,133547.87
2023-03-28,53.91,54.16,52.85,52.99,100274.83
2023-03-29,52.99,53.9,52.95,53.33,82215.26
2023-03-30,53.4,55.03,53.4,54.95,140752.79
2023-03-31,54.95,55.2,54.38,54.49,92778.91
2023-04-03,54.56,55.73,54.22,55.22,125670.06
2023-04-04,55.17,56.36,54.98,55.96,141220.96
2023-04-06,55.95,56.16,55.44,55.73,83209.9
2023-04-07,55.74,56.02,55.4,55.79,67648.0
2023-04-10,55.79,55.82,54.92,55.04,80025.99
2023-04-11,54.96,55.28,54.57,55.23,73883.82
2023-04-12,55.16,55.24,54.27,54.42,81773.3
2023-04-13,54.27,54.64,53.85,54.54,74940.16
2023-04-14,54.68,54.72,53.45,53.69,117209.95
2023-04-17,53.73,54.65,53.73,54.37,107998.37
2023-04-18,54.53,54.55,53.47,54.06,81270.49
2023-04-19,54.34,54.34,53.49,54.06,104587.75
2023-04-20,54.12,54.45,53.38,53.64,90529.75
2023-04-21,53.65,53.7,52.46,52.54,108376.38
2023-04-24,52.51,52.53,50.82,51.32,138514.44
2023-04-25,51.38,52.01,49.88,51.03,117543.27
2023-04-26,51.04,51.89,51.04,51.77,76338.8
2023-04-27,51.91,52.31,51.29,51.7,67850.79
2023-04-28,51.82,52.51,51.36,52.51,96411.85
2023-05-04,52.51,52.51,50.43,50.73,130359.63
2023-05-05,50.84,51.47,50.73,51.29,64460.75
2023-05-08,51.57,51.65,50.04,50.28,122242.61
2023-05-09,50.26,50.95,50.05,50.17,97670.73
2023-05-10,50.16,50.26,48.9,49.13,116495.4
2023-05-11,49.23,49.33,48.46,48.6,110711.71
2023-05-12,48.65,48.82,47.9,48.03,74675.02
2023-05-15,48.04,48.87,47.6,48.85,70718.52
2023-05-16,48.84,49.06,48.6,48.82,57329.28
2023-05-17,49.04,49.22,48.16,48.38,63620.23
2023-05-18,48.38,48.88,47.88,48.11,63236.93
2023-05-19,48.01,48.59,47.83,48.27,41182.7
2023-05-22,48.31,49.49,48.02,49.17,85922.58
2023-05-23,48.89,49.13,47.78,47.85,102127.63
2023-05-24,47.53,47.55,46.23,46.24,136177.71
2023-05-25,46.23,46.71,45.76,46.32,71165.43
2023-05-26,46.37,46.44,45.61,46.23,51757.0
2023-05-29,46.27,46.53,45.91,46.06,54559.87
2023-05-30,46.06,46.23,44.83,45.66,122135.11
2023-05-31,45.5,45.95,44.7,45.56,89209.98
2023-06-01,45.42,45.42,44.05,44.12,156420.62
2023-06-02,44.12,45.15,44.12,44.97,102679.28
2023-06-05,44.97,45.32,44.43,44.78,63749.09
2023-06-06,44.82,45.03,43.82,44.19,104744.72
2023-06-07,44.19,45.47,44.13,44.82,90624.02
2023-06-08,44.92,45.75,44.83,45.59,101407.85
2023-06-09,45.76,45.94,45.42,45.93,107262.19
2023-06-12,45.93,46.32,45.46,45.87,71019.3
2023-06-13,45.67,46.06,45.52,45.77,73294.28
2023-06-14,45.78,46.47,45.66,45.9,93061.14
2023-06-15,45.96,46.88,45.71,46.56,88446.21
2023-06-16,46.57,46.81,46.26,46.72,77207.75
2023-06-19,46.87,47.49,46.35,46.77,91591.27
2023-06-20,46.78,46.91,46.06,46.17,63698.47
2023-06-21,46.18,47.13,46.16,46.24,84376.29
2023-06-26,45.95,45.95,44.69,44.72,109726.93
2023-06-27,44.72,45.44,44.35,45.37,64606.35
2023-06-28,45.54,45.54,45.0,45.33,61157.4
2023-06-29,45.37,45.45,44.29,44.41,90693.59
2023-06-30,44.37,44.58,44.16,44.41,68268.86
2023-07-03,44.44,46.48,44.44,45.99,175263.16
2023-07-04,45.86,46.63,45.75,46.29,100584.1
2023-07-05,46.23,46.44,45.81,45.88,51268.0
2023-07-06,45.86,46.42,45.14,45.25,81426.85
2023-07-07,45.07,45.6,45.01,45.47,48237.73
2023-07-10,45.84,46.4,45.54,46.03,85544.4
2023-07-11,46.03,46.37,45.67,46.28,68826.43
2023-07-12,46.45,46.45,45.81,45.96,53553.08
2023-07-13,46.14,46.25,45.78,45.88,71566.58
2023-07-14,46.06,46.09,44.78,44.86,158740.61
2023-07-17,44.87,45.22,44.51,45.0,61490.05
2023-07-18,44.91,44.96,44.49,44.61,85702.1
2023-07-19,44.57,44.61,43.9,43.99,124584.9
2023-07-20,43.96,44.39,43.32,43.34,143319.31
2023-07-21,43.34,44.36,43.31,43.56,119724.51
2023-07-24,43.46,43.49,42.54,42.81,145853.82
2023-07-25,43.42,43.95,43.24,43.77,176215.35
2023-07-26,43.8,43.8,42.73,43.04,157679.53
2023-07-27,43.15,43.79,42.84,43.42,149867.01
2023-07-28,43.26,45.44,43.06,45.43,298276.9
2023-07-31,45.96,47.84,45.96,46.35,361596.1
2023-08-01,46.3,46.9,45.77,45.81,175851.58
2023-08-02,45.66,46.66,45.32,46.05,136447.42
2023-08-03,45.75,46.42,45.52,46.23,125036.21
2023-08-04,46.65,46.9,45.84,45.89,113895.52
2023-08-07,45.81,45.81,45.26,45.39,83074.83
2023-08-08,45.42,45.53,44.9,45.11,79492.1
2023-08-09,44.92,45.47,44.86,45.16,64711.39
2023-08-10,45.52,46.79,45.43,46.77,233399.91
2023-08-11,46.8,47.29,46.05,46.08,180992.73
2023-08-14,45.9,46.23,44.98,45.55,129283.05
2023-08-15,45.94,46.34,44.63,45.1,125222.92
2023-08-16,45.1,45.52,44.79,44.91,64793.46
2023-08-17,44.87,45.17,44.46,45.08,100301.51
2023-08-18,45.08,45.54,44.1,44.12,139181.37
2023-08-21,44.1,44.1,39.71,40.33,803951.08
2023-08-22,39.95,39.96,38.43,39.19,431582.38
2023-08-23,39.05,39.19,38.14,38.18,195749.1
2023-08-24,38.23,38.71,37.93,38.4,159935.25
2023-08-25,38.19,38.7,37.85,38.23,113714.93
2023-08-28,40.28,40.28,37.64,37.84,215627.26
2023-08-29,37.88,38.99,37.84,38.9,152259.32
2023-08-30,38.89,39.09,38.46,38.51,133051.9
2023-08-31,38.56,38.94,38.33,38.36,118731.99
2023-09-01,38.45,38.86,38.31,38.61,87757.42
2023-09-04,38.61,39.14,38.4,39.14,153145.96
2023-09-05,38.99,39.05,38.65,38.77,106654.56
2023-09-06,38.66,38.7,38.34,38.55,85865.06
2023-09-07,38.55,38.63,38.02,38.04,101331.79
2023-09-08,37.93,38.43,37.78,38.37,89682.28
2023-09-11,38.41,38.62,38.13,38.48,96590.51
2023-09-12,38.51,38.56,38.24,38.3,75924.99
2023-09-13,38.34,38.41,37.79,37.97,98777.39
2023-09-14,37.9,38.13,37.35,37.49,124393.85
2023-09-15,37.53,37.88,37.16,37.32,120856.17
2023-09-18,37.27,37.97,37.2,37.61,93151.65
2023-09-19,37.66,37.83,37.08,37.33,87097.52
2023-09-20,37.18,37.23,36.93,36.97,75547.43
2023-09-21,36.94,37.15,36.68,36.8,75375.24
2023-09-22,36.69,37.34,36.61,37.31,83688.6
2023-09-25,37.33,37.4,36.94,37.0,66417.17
2023-09-26,37.01,37.22,36.5,36.51,92649.0
2023-09-27,36.5,37.45,36.5,36.78,97918.79
2023-09-28,36.82,37.14,36.47,37.05,84519.65
2023-10-09,37.04,37.04,36.19,36.25,97537.25
2023-10-10,36.31,36.82,36.29,36.29,79288.76
2023-10-11,36.42,36.57,36.09,36.1,84970.78
2023-10-12,36.31,36.71,36.22,36.5,73736.55
2023-10-13,36.34,36.34,35.84,35.86,91998.12
2023-10-16,35.86,35.95,35.32,35.43,78294.05
2023-10-17,35.49,35.61,35.28,35.52,55632.41
2023-10-18,35.4,35.4,34.81,34.84,81077.74
2023-10-19,34.67,34.99,34.35,34.38,89277.61
2023-10-20,34.25,34.51,34.03,34.14,77918.61
2023-10-23,34.14,34.26,33.6,33.81,82761.1
2023-10-24,33.81,34.48,33.66,34.47,80533.12
2023-10-25,34.75,35.54,34.71,34.89,103148.18
2023-10-26,34.71,35.2,34.58,35.1,63454.18
2023-10-27,35.1,35.89,34.92,35.84,109101.93
2023-10-30,36.07,36.74,36.02,36.6,141533.16
2023-10-31,36.38,36.53,36.02,36.38,82153.57
2023-11-01,36.19,36.55,36.08,36.27,56806.53
2023-11-02,36.38,36.57,35.89,35.9,53814.95
2023-11-03,35.9,36.57,35.9,36.44,78822.62
2023-11-06,36.52,36.92,36.4,36.84,82911.68
2023-11-07,36.67,36.78,36.36,36.59,58002.91
2023-11-08,36.52,36.75,36.3,36.43,53424.72
2023-11-09,36.43,36.76,36.19,36.38,55146.0
2023-11-10,36.29,36.33,35.95,36.27,58303.54
2023-11-13,36.45,36.7,36.19,36.36,54200.5
2023-11-14,36.35,36.55,36.29,36.42,44049.1
2023-11-15,36.79,36.87,36.39,36.53,63374.79
2023-11-16,36.52,36.52,35.99,36.2,70689.93
2023-11-17,36.2,36.71,36.09,36.17,102913.7
2023-11-20,36.23,36.91,36.01,36.64,128207.57
2023-11-21,36.76,37.16,36.67,36.79,94318.97
2023-11-22,36.72,36.74,36.25,36.25,63964.19
2023-11-23,36.19,36.35,36.04,36.3,50047.88
2023-11-24,36.31,36.31,35.82,35.89,55900.81
2023-11-27,36.07,36.15,35.31,35.72,69556.46
2023-11-28,35.71,35.89,35.41,35.82,46655.94
2023-11-29,35.79,35.86,35.12,35.26,60867.58
2023-11-30,35.2,35.45,35.05,35.08,64327.01
2023-12-01,34.99,35.33,34.51,35.16,77387.77
2023-12-04,35.17,35.41,34.89,35.02,52127.46
2023-12-05,34.98,34.98,33.95,33.98,109868.02
2023-12-06,34.01,34.15,33.73,33.75,102778.26
2023-12-07,33.66,33.73,33.06,33.23,98389.93
2023-12-08,33.24,33.93,33.24,33.73,104623.9
2023-12-11,33.64,33.72,32.95,33.64,104445.3
2023-12-12,33.49,33.72,33.3,33.34,74281.08
2023-12-13,33.2,33.23,32.34,32.34,135642.89
2023-12-14,32.56,33.01,32.0,32.01,88364.45
2023-12-15,32.1,32.55,32.02,32.16,69259.09
2023-12-18,32.07,32.07,31.31,31.4,103633.18
2023-12-19,31.3,31.74,31.23,31.49,60670.12
2023-12-20,31.58,31.68,31.02,31.02,61622.32
2023-12-21,30.9,31.55,30.71,31.4,79231.92
2023-12-22,31.34,32.03,31.11,31.57,86852.0
2023-12-25,31.65,31.9,31.46,31.77,54888.2
2023-12-26,31.76,31.77,31.3,31.36,39063.31
2023-12-27,31.64,31.64,30.59,30.74,107709.71
2023-12-28,30.6,32.26,30.46,32.12,163588.6
2023-12-29,32.0,32.29,31.73,32.05,85934.13
2024-01-02,32.21,32.26,31.4,31.46,78460.64
2024-01-03,31.56,31.62,31.19,31.44,59840.59
2024-01-04,31.39,31.41,30.8,30.97,64907.87
2024-01-05,30.92,31.34,30.67,30.75,71675.29
2024-01-08,30.75,30.84,30.06,30.2,79582.32
2024-01-09,30.26,31.14,30.13,30.73,90920.6
2024-01-10,30.56,31.09,30.2,30.75,61955.34
2024-01-11,30.63,31.05,30.61,30.97,72952.22
2024-01-12,30.97,31.43,30.7,31.04,81696.3
2024-01-15,31.02,32.24,30.87,31.97,143209.04
2024-01-16,31.88,32.74,31.71,32.52,164939.87
2024-01-17,32.51,32.52,31.69,31.72,108012.87
2024-01-18,31.53,32.52,31.21,32.52,141197.35
2024-01-19,32.44,32.84,32.22,32.7,118061.71
2024-01-22,32.65,32.95,31.96,32.17,143468.98
2024-01-23,32.16,32.32,31.68,32.04,90281.23
2024-01-24,32.16,32.9,31.66,32.78,125403.88
2024-01-25,32.85,33.51,32.47,33.44,179142.91
2024-01-26,33.47,33.9,33.18,33.58,161497.12
2024-01-29,33.82,34.81,33.67,34.4,233709.29
2024-01-30,33.97,34.18,33.03,33.17,151874.57
2024-01-31,32.85,33.11,32.34,32.36,123727.1
2024-02-01,32.27,32.95,32.27,32.6,92261.87
2024-02-02,32.6,32.85,31.29,32.34,124729.3
2024-02-05,32.07,32.32,31.07,32.0,140895.05
2024-02-06,32.0,33.58,31.61,33.51,145442.25
2024-02-07,33.51,34.05,33.03,33.88,150412.64
2024-02-08,34.04,34.79,34.02,34.52,181272.85
2024-02-19,35.2,35.29,34.22,34.48,136714.8
2024-02-20,34.47,34.47,34.0,34.25,84899.41
2024-02-21,34.07,35.28,33.95,34.75,156101.96
2024-02-22,34.75,34.98,34.4,34.66,97583.83
2024-02-23,34.65,34.65,34.28,34.52,82278.98
2024-02-26,34.34,34.5,33.93,34.08,123985.53
2024-02-27,34.08,34.4,33.94,34.22,97945.32
2024-02-28,34.27,34.88,34.04,34.09,152194.38
2024-02-29,34.03,34.4,33.86,34.4,133145.78
2024-03-01,34.4,34.42,33.98,34.15,129226.99
2024-03-04,34.21,35.09,34.21,34.89,185424.43
2024-03-05,34.71,34.74,34.28,34.59,131368.31
2024-03-06,34.56,34.79,34.45,34.54,81826.94
2024-03-07,34.43,34.59,33.98,34.14,109498.69
2024-03-08,34.08,34.2,33.92,34.09,83053.68
2024-03-11,34.09,34.31,33.95,34.3,80693.92
2024-03-12,34.3,35.28,34.15,35.25,222420.95
2024-03-13,35.1,35.48,34.98,35.22,109491.38
2024-03-14,35.37,36.64,35.3,36.28,257099.59
2024-03-15,36.36,36.67,36.08,36.33,144016.26
2024-03-18,36.25,37.01,35.98,36.81,133226.77
2024-03-19,36.81,36.81,36.28,36.3,100508.6
2024-03-20,36.32,36.42,36.05,36.05,78736.24
2024-03-21,36.08,36.28,35.62,35.7,104570.49
2024-03-22,35.86,35.93,35.41,35.59,103715.57
2024-03-25,35.47,36.06,35.29,35.65,79747.26
2024-03-26,35.65,35.85,34.88,35.11,112794.71
2024-03-27,35.1,35.14,34.23,34.23,117170.48
2024-03-28,34.13,35.09,34.12,34.87,103823.93
2024-03-29,34.74,35.58,34.55,35.45,102925.64
2024-04-01,35.68,35.96,35.33,35.84,92108.76
2024-04-02,35.85,36.32,35.69,35.92,110158.83
2024-04-03,36.05,36.32,35.87,35.91,85648.31
2024-04-08,35.85,35.92,35.3,35.42,98590.77
2024-04-09,35.41,36.15,35.1,35.2,109359.17
2024-04-10,35.05,35.51,34.83,35.13,75745.05
2024-04-11,35.13,35.29,34.88,35.16,60387.31
2024-04-12,35.21,35.39,34.63,34.66,85812.53
2024-04-15,34.76,35.82,34.66,35.76,128159.53
2024-04-16,35.86,36.2,35.55,35.6,138256.64
2024-04-17,35.44,36.03,35.18,36.01,94784.93
2024-04-18,35.86,36.42,35.85,35.96,113963.4
2024-04-19,35.85,35.85,35.31,35.49,95911.55
2024-04-22,35.49,36.03,35.44,35.96,85154.74
2024-04-23,35.96,36.02,35.49,35.64,90998.33
2024-04-24,35.65,35.86,35.35,35.67,74419.39
2024-04-25,35.67,36.37,35.59,36.17,121110.93
2024-04-26,36.17,36.67,36.01,36.67,143254.81
2024-04-29,36.69,36.8,36.22,36.79,182102.81
2024-04-30,36.06,36.89,35.39,36.8,229961.53
2024-05-06,37.01,37.02,36.52,36.63,173852.17
2024-05-07,36.73,36.73,36.14,36.47,119089.68
2024-05-08,36.38,36.55,36.24,36.34,60040.02
2024-05-09,36.32,36.52,36.28,36.36,77178.2
2024-05-10,36.39,36.44,35.99,36.17,84237.22
2024-05-13,36.0,36.31,35.7,36.12,73048.76
2024-05-14,36.04,36.25,35.92,36.02,57555.81
2024-05-15,35.89,35.91,35.48,35.49,101938.53
2024-05-16,35.51,35.56,34.9,34.96,132739.85
2024-05-17,34.86,35.59,34.8,35.58,107084.36
2024-05-20,35.64,36.14,35.51,35.98,112773.49
2024-05-21,35.95,35.96,35.34,35.43,90066.78
2024-05-22,35.47,35.72,35.36,35.63,53652.73
2024-05-23,35.55,35.55,34.92,34.99,82720.01
2024-05-24,34.91,35.22,34.85,34.94,63802.33
2024-05-27,34.97,35.05,34.77,34.98,45624.64
2024-05-28,34.97,34.98,34.31,34.4,81059.99
2024-05-29,34.42,34.62,34.21,34.45,51412.14
2024-05-30,34.33,34.49,34.17,34.36,44739.27
2024-05-31,34.31,34.54,33.95,33.98,95497.21
2024-06-03,33.9,33.91,33.41,33.8,90478.08
2024-06-04,33.65,33.8,33.51,33.72,91574.5
2024-06-05,33.64,34.1,33.61,33.86,74890.89
2024-06-06,33.89,33.95,33.26,33.34,80434.71
2024-06-07,33.5,33.51,32.85,33.44,109047.73
2024-06-11,33.46,33.63,33.24,33.51,51743.41
2024-06-12,33.56,33.6,33.05,33.05,81989.01
2024-06-13,32.95,33.09,32.3,32.45,114653.54
2024-06-14,32.36,32.75,32.23,32.64,78156.55
2024-06-17,32.44,32.93,32.43,32.78,51231.05
2024-06-18,32.79,33.48,32.79,33.37,72101.23
2024-06-19,33.43,33.52,32.94,33.0,46564.72
2024-06-20,32.86,33.12,32.3,32.3,56142.99
2024-06-21,32.27,32.46,31.64,31.97,85801.99
2024-06-24,31.79,31.9,31.48,31.61,74071.35
2024-06-25,31.72,31.88,31.11,31.31,76338.96
2024-06-26,31.31,31.67,31.07,31.6,61481.72
2024-06-27,31.55,31.6,31.24,31.29,43340.0
2024-06-28,31.29,31.82,31.16,31.53,64446.14
2024-07-01,31.5,32.06,31.48,31.86,58807.34
2024-07-02,31.75,32.2,31.57,31.97,62250.01
2024-07-03,32.01,33.23,31.78,32.84,152177.72
2024-07-04,32.63,32.64,32.17,32.27,92780.24
2024-07-05,32.09,32.51,31.99,32.19,70353.41
2024-07-08,32.19,32.42,31.64,31.74,58780.3
2024-07-09,32.07,33.1,31.96,33.05,172431.93
2024-07-10,32.91,33.56,32.77,33.22,115871.9
2024-07-11,33.53,33.9,33.32,33.81,123229.71
2024-07-12,33.78,34.08,33.54,33.85,88934.61
2024-07-15,33.65,34.01,33.55,33.71,65877.88
2024-07-16,33.62,33.96,33.47,33.84,62966.99
2024-07-17,33.91,34.54,33.84,34.37,125765.3
2024-07-18,34.28,34.46,33.94,34.27,92153.17
2024-07-19,34.14,35.05,34.1,34.95,131059.7
2024-07-22,34.92,35.42,34.84,35.02,114469.58
2024-07-23,35.26,35.26,34.49,34.5,92268.32
2024-07-24,34.5,34.66,34.05,34.15,95013.12
2024-07-25,34.18,34.8,34.09,34.61,82524.83
2024-07-26,34.66,34.83,34.22,34.42,70979.61
2024-07-29,34.36,34.36,33.16,33.31,186110.71
2024-07-30,33.06,33.41,33.02,33.21,67035.04
2024-07-31,33.21,34.0,33.2,33.93,99150.62
2024-08-01,33.93,33.98,33.57,33.76,65090.01
2024-08-02,33.58,33.95,33.51,33.68,49362.36
2024-08-05,33.68,34.71,33.57,34.07,137039.4
2024-08-06,34.13,34.7,33.74,34.08,87484.69
2024-08-07,33.9,34.08,33.77,33.77,39992.73
2024-08-08,33.76,33.9,33.45,33.66,48049.0
2024-08-09,33.81,33.93,33.36,33.36,45866.39
2024-08-12,33.36,33.5,33.19,33.26,34560.0
2024-08-13,33.3,33.35,32.78,33.2,39040.28
2024-08-14,33.22,33.26,32.74,32.81,43871.1
2024-08-15,32.77,33.61,32.77,33.6,71582.37
2024-08-16,33.58,33.62,33.17,33.38,54969.85
2024-08-19,33.29,33.29,32.43,32.95,98152.07
2024-08-20,32.94,33.08,32.79,32.9,47711.5
2024-08-21,32.64,33.08,32.58,32.87,45012.68
2024-08-22,32.77,32.92,32.04,32.16,71881.34
2024-08-23,32.17,32.52,31.99,32.43,31699.55
2024-08-26,32.43,32.65,32.18,32.44,29787.09
2024-08-27,32.42,32.44,31.95,32.03,33734.09
2024-08-28,32.16,32.37,31.81,31.86,38866.81
2024-08-29,31.74,32.12,31.71,32.03,43481.0
2024-08-30,31.99,32.8,31.99,32.51,82547.21
2024-09-02,32.49,32.5,31.6,31.64,76862.51
2024-09-03,31.59,31.89,31.42,31.77,38249.04
2024-09-04,31.62,31.9,31.58,31.72,35114.68
2024-09-05,31.63,31.97,31.63,31.95,41721.4
2024-09-06,32.03,32.05,31.76,31.83,27540.47
2024-09-09,31.51,31.84,31.07,31.25,59661.62
2024-09-10,31.25,31.38,30.36,30.84,68015.4
2024-09-11,30.79,30.87,30.37,30.64,42865.26
2024-09-12,30.7,30.76,30.41,30.48,36396.5
2024-09-13,30.51,30.59,30.29,30.3,34087.5
2024-09-18,30.3,30.39,29.27,29.76,75491.96
2024-09-19,29.95,30.7,29.63,30.4,73804.43
2024-09-20,30.29,30.77,30.1,30.51,51079.69
2024-09-23,30.51,30.68,30.37,30.53,37916.13
2024-09-24,30.77,31.77,30.65,31.77,109937.13
2024-09-25,31.95,32.6,31.83,31.99,122920.98
2024-09-26,31.98,33.37,31.83,33.33,139788.05
2024-09-27,33.64,35.32,33.63,35.14,184754.99
2024-09-30,36.41,38.18,35.97,37.81,497480.06
2024-10-08,41.36,41.59,36.58,38.31,625072.09
2024-10-09,37.64,37.64,34.92,34.93,348015.63
2024-10-10,35.02,36.02,34.69,35.33,205149.37
2024-10-11,35.32,35.63,34.46,34.71,138841.12
2024-10-14,34.71,34.88,33.98,34.54,157292.34
2024-10-15,34.52,34.8,34.03,34.03,107141.94
2024-10-16,33.8,34.13,33.48,33.72,101709.92
2024-10-17,33.74,33.9,33.34,33.39,98392.21
2024-10-18,33.39,34.71,33.14,34.25,167833.25
2024-10-21,34.48,34.94,34.09,34.43,154094.07
2024-10-22,34.43,34.58,34.12,34.54,106117.41
2024-10-23,34.56,35.2,34.46,35.04,144257.94
2024-10-24,34.97,35.16,34.47,34.53,85349.74
2024-10-25,34.54,34.97,34.54,34.76,100009.96
2024-10-28,34.78,35.15,34.64,35.1,97535.74
2024-10-29,35.22,35.3,34.6,34.71,107614.25
2024-10-30,34.54,34.91,34.4,34.7,86151.05
2024-10-31,34.58,34.58,33.95,34.41,130819.4
2024-11-01,34.41,34.52,33.97,34.37,120406.29
2024-11-04,34.37,34.54,34.23,34.54,89769.88
2024-11-05,34.55,35.18,34.35,35.17,162008.01
2024-11-06,35.14,35.53,34.98,35.15,147313.71
2024-11-07,34.94,36.2,34.9,36.19,210152.22
2024-11-08,36.51,36.6,35.79,35.95,169742.51
2024-11-11,35.73,36.17,35.6,36.01,123965.0
2024-11-12,35.93,36.5,35.61,35.77,180778.77
2024-11-13,35.67,36.18,35.58,35.83,111730.86
2024-11-14,35.83,35.88,35.43,35.44,109581.0
2024-11-15,35.41,36.38,35.33,35.72,146889.23
2024-11-18,35.72,36.27,35.46,35.61,154678.34
2024-11-19,35.71,35.79,34.91,35.39,125595.99
2024-11-20,35.33,35.68,35.09,35.45,82804.0
2024-11-21,35.43,35.6,35.04,35.26,75640.02
2024-11-22,35.14,35.43,34.26,34.27,107780.0
2024-11-25,34.06,34.83,33.58,33.9,132557.58
2024-11-26,33.9,34.54,33.81,34.0,91308.12
2024-11-27,34.0,34.25,33.77,34.24,85994.65
2024-11-28,34.25,34.5,34.1,34.27,73263.96
2024-11-29,34.24,34.57,34.17,34.36,84508.56
2024-12-02,34.4,35.38,34.39,35.13,124381.97
2024-12-03,35.01,35.32,34.86,35.11,64549.16
2024-12-04,35.1,35.16,34.45,34.52,71159.77
2024-12-05,34.4,34.59,34.37,34.45,48588.87
2024-12-06,34.51,35.0,34.51,34.96,78209.04
2024-12-09,34.84,35.41,34.82,34.97,101477.0
2024-12-10,35.73,35.97,34.99,35.03,157390.44
2024-12-11,34.94,35.32,34.94,35.27,71552.14
2024-12-12,35.28,35.58,35.14,35.58,105450.91
2024-12-13,35.4,35.53,35.12,35.16,115119.9
2024-12-16,35.31,35.38,34.63,34.75,69974.6
2024-12-17,34.76,34.93,34.38,34.42,80416.0
2024-12-18,34.62,34.72,34.21,34.31,72148.37
2024-12-19,34.26,34.27,33.51,33.91,118873.23
2024-12-20,33.9,34.13,33.78,33.96,60418.73
2024-12-23,34.32,34.97,34.08,34.12,106222.12
2024-12-24,34.12,34.6,33.96,34.56,76276.77
2024-12-25,34.54,34.79,34.27,34.74,80648.58
2024-12-26,34.74,34.88,34.39,34.41,68779.64
2024-12-27,34.43,34.8,34.34,34.68,66404.2
2024-12-30,34.6,34.73,34.2,34.26,84584.19
2024-12-31,34.28,34.34,33.59,33.61,109295.0
2025-01-02,33.71,33.83,32.57,32.78,143279.78
2025-01-03,32.87,32.93,32.48,32.58,83527.44
2025-01-06,32.59,32.82,32.4,32.58,79489.48
2025-01-07,32.58,32.69,32.07,32.49,85961.1
2025-01-08,32.48,32.54,32.03,32.36,59591.0
2025-01-09,32.37,32.41,32.09,32.15,54480.41
2025-01-10,32.21,32.46,31.86,31.86,53988.31
2025-01-13,31.73,31.98,31.67,31.89,51902.1
2025-01-14,31.89,32.74,31.87,32.68,88976.76
2025-01-15,32.63,32.95,32.56,32.81,67652.32
2025-01-16,32.87,33.14,32.53,32.67,60143.83
2025-01-17,32.58,32.95,32.5,32.67,48870.1
2025-01-20,32.9,33.15,32.54,32.57,69547.75
2025-01-21,32.74,32.87,32.56,32.67,43303.51
2025-01-22,32.72,32.95,32.61,32.8,65226.58
2025-01-23,32.97,33.23,32.71,32.72,75792.41
2025-01-24,32.63,32.85,32.52,32.81,73201.98
2025-01-27,32.83,33.02,32.62,32.64,70232.11
2025-02-05,32.82,32.86,32.39,32.49,60139.81
2025-02-06,32.39,32.67,32.19,32.6,63477.3
2025-02-07,32.6,32.89,32.46,32.77,88445.13
2025-02-10,32.76,33.04,32.65,32.95,85420.07
2025-02-11,32.95,33.01,32.49,32.51,86807.47
2025-02-12,32.49,32.56,32.32,32.52,73441.89
2025-02-13,32.48,32.64,32.43,32.49,80396.94
2025-02-14,32.46,32.56,32.25,32.47,77365.18
2025-02-17,32.47,32.53,32.33,32.38,82432.89
2025-02-18,32.38,32.42,32.04,32.08,89004.67
2025-02-19,32.07,32.15,31.87,32.03,78600.66
2025-02-20,31.99,32.13,31.81,32.03,64628.97
2025-02-21,32.02,32.27,31.97,32.2,89566.38
2025-02-24,32.21,32.46,32.12,32.32,103519.34
2025-02-25,32.14,32.18,31.89,31.96,98345.92
2025-02-26,31.99,32.03,31.81,32.01,72269.85
2025-02-27,31.99,32.36,31.97,32.29,108590.87
2025-02-28,32.18,32.37,31.84,31.98,89884.14
2025-03-03,31.98,32.06,31.81,31.87,71498.7
2025-03-04,31.79,31.89,31.7,31.89,50308.1
2025-03-05,31.89,31.94,31.64,31.75,62997.38
2025-03-06,31.83,31.87,31.59,31.84,95285.96
2025-03-07,31.78,31.85,31.62,31.68,80591.0
2025-03-10,31.68,31.7,31.55,31.63,66432.59
2025-03-11,31.5,31.71,31.47,31.71,74156.62
2025-03-12,31.78,31.8,31.6,31.62,65526.06
2025-03-13,31.65,31.71,31.45,31.51,82779.0
2025-03-14,31.52,31.97,31.5,31.96,125953.49
2025-03-17,32.06,32.42,32.06,32.17,108577.08
2025-03-18,32.19,32.29,32.08,32.14,60256.37
2025-03-19,32.14,32.25,31.97,32.05,64847.83
2025-03-20,32.01,32.15,31.93,31.97,52511.77
2025-03-21,31.98,32.25,31.79,31.86,90070.94
2025-03-24,31.84,32.11,31.76,31.96,68340.38
2025-03-25,31.98,32.41,31.76,32.34,100634.74
2025-03-26,32.34,32.38,32.15,32.17,63660.35
2025-03-27,32.17,32.25,32.03,32.18,51383.41
2025-03-28,32.19,32.23,31.94,31.99,50251.19
2025-03-31,32.08,32.26,31.76,31.82,68170.12
2025-04-01,31.87,32.12,31.78,32.08,62202.62
2025-04-02,32.06,32.07,31.75,31.88,67362.0
2025-04-03,31.7,32.08,31.69,31.87,66727.67
2025-04-07,30.8,31.18,29.21,30.17,248833.05
2025-04-08,30.02,31.13,30.0,31.13,173843.26
2025-04-09,30.9,32.96,30.52,32.64,289218.87
2025-04-10,32.67,32.74,31.79,32.5,227229.25
2025-04-11,32.31,32.32,32.03,32.14,100466.73
2025-04-14,32.1,32.26,32.06,32.13,74275.01
2025-04-15,32.04,32.08,31.54,31.67,93785.0
2025-04-16,31.56,32.18,31.5,32.18,113797.19
2025-04-17,32.09,32.43,31.93,32.43,93035.19
2025-04-18,32.28,32.28,31.9,32.01,57865.0
2025-04-21,32.01,32.08,31.71,31.89,48995.93
2025-04-22,31.85,31.99,31.74,31.8,43922.65
2025-04-23,31.84,31.95,31.56,31.57,60452.42
2025-04-24,31.6,31.77,31.53,31.58,43646.21
2025-04-25,31.57,31.78,31.53,31.75,48731.87
2025-04-28,31.81,31.89,31.62,31.67,56596.78
2025-04-29,31.67,31.69,31.51,31.57,48357.12
2025-04-30,31.54,31.71,31.38,31.59,53207.79
2025-05-06,31.66,31.94,31.61,31.74,69014.09
2025-05-07,31.99,32.03,31.66,31.83,88013.96
2025-05-08,31.67,31.86,31.54,31.81,51276.54
2025-05-09,31.8,31.84,31.57,31.57,51070.0
2025-05-12,31.67,31.74,31.55,31.74,68743.18
2025-05-13,31.84,31.95,31.74,31.74,72753.1
2025-05-14,31.62,32.04,31.58,32.04,96953.52
2025-05-15,32.03,32.36,31.97,32.08,99742.99
2025-05-16,32.17,32.18,31.88,32.03,54667.86
2025-05-19,32.03,32.23,31.9,32.15,57456.35
2025-05-20,32.16,32.27,31.98,32.15,56731.24
2025-05-21,32.1,32.27,32.01,32.18,65069.3
2025-05-22,32.16,32.36,32.14,32.27,70563.2
2025-05-23,32.26,32.36,31.88,31.88,68076.69
2025-05-26,31.86,32.13,31.78,32.04,50104.77
2025-05-27,31.98,32.29,31.98,32.05,54798.96
2025-05-28,32.12,32.18,31.9,32.09,47385.27
2025-05-29,32.13,32.22,31.9,32.02,57152.73
2025-05-30,31.94,32.1,31.85,31.85,48133.31
2025-06-03,31.84,32.02,31.72,31.99,57060.05
2025-06-04,31.98,32.03,31.82,32.0,56633.51
2025-06-05,31.99,32.17,31.94,31.96,67316.5
2025-06-06,31.96,32.01,31.74,31.87,68577.61
2025-06-09,31.87,32.08,31.82,32.04,60421.01
2025-06-10,32.03,32.08,31.82,31.87,57167.63
2025-06-11,31.89,32.33,31.82,32.26,93974.79
2025-06-12,32.09,32.24,31.94,31.99,66080.5
2025-06-13,31.81,31.94,31.56,31.57,98473.29
2025-06-16,31.55,31.57,31.31,31.41,62976.71
2025-06-17,31.4,31.51,31.22,31.29,67676.33
2025-06-18,31.3,31.33,31.0,31.06,70568.75
2025-06-19,31.01,31.15,30.79,30.83,52500.9
2025-06-20,30.86,31.09,30.83,30.88,40900.12
2025-06-23,30.79,30.94,30.58,30.79,58363.35
2025-06-24,30.99,31.25,30.96,31.18,71768.77
2025-06-25,31.18,31.32,31.08,31.3,64052.88
2025-06-26,31.29,31.36,31.16,31.27,44956.0
2025-06-27,31.2,31.35,31.16,31.27,53769.0
2025-06-30,31.3,31.34,31.16,31.27,52852.25
2025-07-01,31.31,31.31,31.07,31.11,59812.84
2025-07-02,31.11,31.15,30.98,31.05,40315.57
2025-07-03,31.06,31.16,31.03,31.15,36651.0
2025-07-04,31.18,31.26,31.07,31.07,60863.0
2025-07-07,31.08,31.14,30.94,30.98,49452.02
2025-07-08,30.98,31.1,30.96,31.09,50886.87
2025-07-09,31.1,31.28,31.02,31.19,62322.28
2025-07-10,31.2,31.32,31.11,31.23,67584.32
2025-07-11,31.23,31.54,31.2,31.2,123695.25
2025-07-14,31.26,31.56,31.25,31.33,86676.25
2025-07-15,31.35,31.41,31.11,31.23,69603.64
2025-07-16,31.23,31.36,31.2,31.29,43373.62
2025-07-17,31.24,31.35,31.23,31.33,45494.73
2025-07-18,31.32,31.64,31.32,31.63,88990.11
2025-07-21,31.64,31.71,31.52,31.67,77470.78
2025-07-22,31.68,31.89,31.67,31.88,103910.72
2025-07-23,31.95,32.22,31.88,31.9,133574.7
2025-07-24,31.91,32.76,31.84,32.7,265381.92
2025-07-25,32.69,32.69,32.22,32.24,166574.31
2025-07-28,32.3,32.42,32.06,32.21,95097.02
2025-07-29,32.21,32.36,31.95,32.03,86648.39
2025-07-30,32.09,32.34,32.02,32.15,83160.01
2025-07-31,32.08,32.13,31.59,31.67,110875.61
2025-08-01,31.6,31.83,31.56,31.63,65497.49
2025-08-04,31.63,31.7,31.48,31.6,67408.57
2025-08-05,31.64,31.85,31.59,31.83,66546.06
2025-08-06,31.85,31.85,31.66,31.72,72492.9
2025-08-07,31.74,31.84,31.65,31.76,75650.13
2025-08-08,31.84,31.84,31.56,31.7,56746.64
2025-08-11,31.69,31.83,31.61,31.69,78458.57
2025-08-12,31.69,31.78,31.59,31.63,90694.17
2025-08-13,31.66,31.77,31.57,31.62,109433.68
2025-08-14,31.66,31.74,31.55,31.65,104794.94
2025-08-15,31.56,31.82,31.4,31.59,127507.1
2025-08-18,31.64,32.07,31.64,31.66,176102.84
2025-08-19,31.74,31.89,31.66,31.66,118857.16
2025-08-20,31.67,32.08,31.55,32.08,142311.25
2025-08-21,32.19,32.47,32.14,32.26,155805.27
2025-08-22,32.29,32.31,32.08,32.29,114999.04
2025-08-25,32.41,32.57,32.31,32.57,152927.96
2025-08-26,32.5,33.06,32.35,32.93,210368.34
2025-08-27,32.83,33.02,32.3,32.31,191183.99
2025-08-28,32.3,32.73,32.09,32.43,158959.68
2025-08-29,32.43,32.93,32.06,32.11,229443.42
2025-09-01,32.19,32.46,31.96,32.15,187474.43
2025-09-02,32.16,32.23,31.82,31.96,128108.49
2025-09-03,32.02,32.15,31.51,31.74,157538.42
2025-09-04,31.67,31.7,31.37,31.52,135956.6
2025-09-05,31.59,31.73,31.47,31.71,114354.54
2025-09-08,31.72,32.36,31.71,32.35,186210.51
2025-09-09,32.26,32.31,32.02,32.17,78713.97
2025-09-10,32.07,32.21,31.92,31.95,73843.09
2025-09-11,31.93,32.04,31.71,32.03,107034.89
2025-09-12,31.98,32.23,31.78,31.87,107409.21
2025-09-15,31.85,32.01,31.82,31.87,74811.11
2025-09-16,31.9,32.04,31.77,31.85,80133.55
2025-09-17,31.94,32.33,31.79,32.18,131697.3
2025-09-18,32.15,32.17,31.62,31.73,146163.84
2025-09-19,31.88,32.14,31.69,32.09,133496.5
2025-09-22,32.1,32.15,31.71,31.84,105553.78
2025-09-23,31.81,31.82,31.37,31.67,116547.03
2025-09-24,31.65,31.74,31.54,31.72,68677.71
2025-09-25,31.72,31.72,31.39,31.52,105101.78
2025-09-26,31.47,31.57,31.36,31.45,74414.18
2025-09-29,31.41,31.72,31.25,31.68,121397.86
2025-09-30,31.6,31.76,31.48,31.68,84105.26
2025-10-09,31.68,31.77,31.33,31.74,123015.19
2025-10-10,31.67,31.83,31.51,31.67,92475.85
2025-10-13,31.21,31.54,31.07,31.31,117447.89
2025-10-14,31.36,31.6,31.29,31.38,99848.68
2025-10-15,31.3,31.67,31.29,31.67,91362.15
2025-10-16,31.67,31.75,31.51,31.6,66067.5
2025-10-17,31.64,31.82,31.3,31.32,95066.51
2025-10-20,31.56,31.56,31.2,31.43,84606.49
2025-10-21,31.54,31.54,31.32,31.4,69770.72
2025-10-22,31.35,31.37,31.24,31.27,63660.03
2025-10-23,31.26,31.42,31.2,31.38,61307.46
2025-10-24,31.38,31.48,31.3,31.37,51845.04
2025-10-27,31.37,31.43,31.32,31.37,71667.29
2025-10-28,31.42,31.62,31.36,31.5,82529.02
2025-10-29,31.5,31.61,31.4,31.6,71234.06
2025-10-30,31.53,31.9,31.51,31.67,97134.44
2025-10-31,31.95,32.4,31.79,32.29,224201.26
2025-11-03,32.15,32.3,32.05,32.24,108070.18
2025-11-04,32.27,32.54,31.98,32.08,115774.58
2025-11-05,31.92,32.44,31.73,32.25,139108.08
2025-11-06,32.25,32.33,31.95,32.03,100390.63
2025-11-07,32.0,32.35,31.96,32.23,81704.09
2025-11-10,32.3,33.38,32.11,33.26,355282.87
2025-11-11,33.13,33.75,33.07,33.53,288005.04
2025-11-12,33.62,34.66,33.62,33.96,304781.19
2025-11-13,33.85,34.58,33.78,34.55,264203.47
2025-11-14,34.49,34.92,34.13,34.23,195628.7
2025-11-17,33.84,33.87,33.43,33.59,179404.28
2025-11-18,33.72,33.79,32.99,33.14,149531.29
2025-11-19,33.29,33.33,32.6,32.64,140399.23
2025-11-20,32.75,32.96,32.55,32.58,116852.48
2025-11-21,32.35,32.71,32.0,32.01,155267.25
2025-11-24,32.05,32.21,31.53,31.54,175755.63
2025-11-25,31.61,31.74,31.5,31.55,143305.89
2025-11-26,31.65,31.88,31.58,31.74,110109.03
2025-11-27,31.74,31.78,31.5,31.64,80459.32
2025-11-28,31.54,31.69,31.45,31.66,67791.34
