date,open,high,low,close,volume
2010-01-04,4.94,4.99,4.75,4.85,11745.49
2010-01-05,4.8,4.85,4.59,4.68,20124.76
2010-01-06,4.69,4.73,4.63,4.66,19379.92
2010-01-07,4.65,4.68,4.56,4.6,11977.03
2010-01-08,4.62,4.72,4.57,4.69,10305.15
2010-01-11,4.64,4.72,4.54,4.56,13431.12
2010-01-12,4.56,4.75,4.55,4.72,19625.24
2010-01-13,4.63,4.75,4.61,4.72,14340.7
2010-01-14,4.72,4.88,4.72,4.81,16081.83
2010-01-15,4.81,4.85,4.74,4.75,9989.2
2010-01-18,4.74,4.78,4.66,4.76,14481.67
2010-01-19,4.71,4.75,4.64,4.67,9253.02
2010-01-20,4.65,4.75,4.62,4.65,11452.66
2010-01-21,4.68,4.68,4.61,4.65,6408.31
2010-01-22,4.61,4.65,4.47,4.55,7867.9
2010-01-25,4.52,4.56,4.49,4.55,6166.82
2010-01-26,4.54,4.61,4.49,4.56,5807.24
2010-01-27,4.52,4.61,4.43,4.52,18374.1
2010-01-28,4.48,4.61,4.42,4.6,15396.23
2010-01-29,4.58,4.66,4.52,4.54,11236.6
2010-02-01,4.54,4.64,4.48,4.56,30728.62
2010-02-02,4.56,4.61,4.53,4.54,17063.61
2010-02-03,4.53,4.56,4.33,4.46,27210.11
2010-02-04,4.47,4.55,4.38,4.48,25972.99
2010-02-05,4.37,4.51,4.37,4.45,7213.1
2010-02-08,4.45,4.53,4.33,4.33,17053.05
2010-02-09,4.34,4.38,4.28,4.31,12952.69
2010-02-10,4.33,4.4,4.29,4.4,15580.56
2010-02-11,4.38,4.49,4.35,4.46,23746.65
2010-02-12,4.49,4.9,4.44,4.61,15135.24
2010-02-22,4.62,4.69,4.61,4.62,9668.1
2010-02-23,4.62,4.64,4.52,4.62,6299.65
2010-02-24,4.62,4.8,4.58,4.73,14117.96
2010-02-25,4.73,4.75,4.61,4.67,18182.2
2010-02-26,4.66,4.76,4.6,4.67,29326.84
2010-03-02,4.71,4.75,4.59,4.62,8550.32
2010-03-03,4.62,4.69,4.59,4.63,9872.42
2010-03-04,4.63,4.63,4.48,4.51,14845.18
2010-03-05,4.51,4.51,4.49,4.51,24685.44
2010-03-08,4.5,4.6,4.5,4.53,5816.46
2010-03-09,4.54,4.56,4.45,4.53,11023.88
2010-03-10,4.52,4.57,4.48,4.55,8842.7
2010-03-11,4.53,4.56,4.49,4.5,3211.3
2010-03-12,4.49,4.52,4.37,4.38,22479.91
2010-03-15,4.4,4.4,4.28,4.29,14499.58
2010-03-16,4.33,4.35,4.3,4.33,5989.55
2010-03-17,4.33,4.51,4.33,4.48,8456.57
2010-03-18,4.48,4.48,4.28,4.46,7517.57
2010-03-19,4.46,4.51,4.41,4.5,11144.3
2010-03-22,4.5,4.55,4.46,4.49,11640.07
2010-03-23,4.52,4.53,4.4,4.43,10157.18
2010-03-24,4.4,4.46,4.39,4.41,6897.27
2010-03-25,4.4,4.41,4.34,4.37,7232.07
2010-03-26,4.36,4.37,4.32,4.37,7884.75
2010-03-29,4.38,4.49,4.32,4.48,35043.82
2010-03-30,4.46,4.5,4.43,4.48,14301.5
2010-03-31,4.48,4.48,4.4,4.48,13583.83
2010-04-01,4.49,4.58,4.44,4.55,27737.35
2010-04-02,4.57,4.75,4.55,4.68,32831.49
2010-04-06,4.69,4.75,4.62,4.68,9167.07
2010-04-07,4.68,4.76,4.63,4.76,17821.82
2010-04-08,4.75,4.8,4.71,4.75,10305.1
2010-04-13,4.88,5.12,4.88,4.99,93980.38
2010-04-14,4.99,5.37,4.88,5.31,51625.87
2010-04-15,5.31,5.31,5.04,5.17,29798.36
2010-04-16,5.13,5.25,5.03,5.18,14442.1
2010-04-19,5.17,5.22,5.04,5.19,15191.23
2010-04-20,5.18,5.41,4.92,5.36,19697.25
2010-04-21,5.33,5.43,5.26,5.36,11516.93
2010-04-22,5.27,5.43,5.21,5.42,10910.79
2010-04-23,5.41,5.46,5.32,5.36,9848.91
2010-04-26,5.35,5.41,5.23,5.26,11899.58
2010-04-27,5.18,5.26,5.08,5.18,18758.55
2010-04-28,5.09,5.26,5.09,5.24,8612.67
2010-04-29,5.24,5.3,5.0,5.03,9943.82
2010-04-30,5.06,5.07,4.77,4.89,21458.58
2010-05-04,4.8,5.17,4.8,5.0,15758.1
2010-05-05,5.01,5.13,4.95,5.03,30531.34
2010-05-06,5.0,5.18,4.98,5.0,19420.08
2010-05-07,4.96,5.14,4.81,5.1,17387.92
2010-05-10,5.01,5.09,4.86,4.99,8429.98
2010-05-11,5.05,5.09,4.87,4.92,9472.7
2010-05-12,4.92,4.96,4.73,4.73,21703.99
2010-05-13,4.74,4.91,4.74,4.88,15852.95
2010-05-14,4.88,5.12,4.87,5.09,16690.67
2010-05-17,5.05,5.16,4.99,5.01,13610.97
2010-05-18,4.98,5.07,4.8,4.89,12430.83
2010-05-19,4.9,5.03,4.81,4.97,9535.11
2010-05-20,4.99,5.02,4.92,4.93,9882.39
2010-05-21,4.82,5.0,4.8,4.96,4918.77
2010-05-24,4.94,5.17,4.94,5.1,9864.17
2010-05-25,5.1,5.25,5.1,5.22,9490.8
2010-05-26,5.2,5.22,5.06,5.09,6998.67
2010-05-27,5.06,5.26,4.94,5.21,8415.6
2010-05-28,5.2,5.36,5.2,5.34,10397.74
2010-05-31,5.35,5.53,5.21,5.22,14364.94
2010-06-01,5.22,5.35,5.09,5.14,13279.8
2010-06-02,5.12,5.18,4.98,5.05,13647.09
2010-06-03,5.06,5.21,5.06,5.12,12403.65
2010-06-04,5.1,5.4,5.08,5.36,18778.76
2010-06-07,5.29,5.67,5.28,5.61,32384.92
2010-06-08,5.59,5.83,5.5,5.63,11461.76
2010-06-09,5.61,5.76,5.61,5.72,11474.32
2010-06-10,5.73,5.76,5.66,5.73,10256.34
2010-06-11,5.71,5.77,5.49,5.6,24705.97
2010-06-17,5.6,5.6,5.08,5.15,74751.78
2010-06-18,5.12,5.12,4.86,4.96,75111.19
2010-06-21,4.92,4.96,4.81,4.92,49254.67
2010-06-22,4.93,5.01,4.89,4.95,37955.21
2010-06-23,4.94,4.96,4.78,4.8,41716.2
2010-06-24,4.8,4.87,4.79,4.83,22733.02
2010-06-25,4.84,4.84,4.56,4.6,56761.77
2010-06-29,4.56,4.66,4.42,4.49,43742.97
2010-06-30,4.42,4.52,4.33,4.47,69782.25
2010-07-01,4.46,4.49,4.21,4.22,40974.93
2010-07-02,4.22,4.29,3.99,4.27,43014.59
2010-07-05,4.24,4.41,4.08,4.33,22277.31
2010-07-06,4.33,4.39,4.26,4.33,18728.89
2010-07-07,4.33,4.45,4.29,4.42,25282.63
2010-07-08,4.44,4.5,4.32,4.34,26883.47
2010-07-09,4.37,4.57,4.26,4.46,31703.31
2010-07-12,4.46,4.51,4.42,4.46,10359.1
2010-07-13,4.47,4.55,4.43,4.46,15651.13
2010-07-14,4.46,4.51,4.34,4.34,30917.76
2010-07-15,4.33,4.44,4.32,4.37,21017.58
2010-07-16,4.34,4.39,4.22,4.38,15495.16
2010-07-19,4.33,4.44,4.29,4.39,25777.41
2010-07-20,4.39,4.56,4.39,4.54,22502.86
2010-07-21,4.56,4.65,4.52,4.6,13580.94
2010-07-22,4.6,4.64,4.53,4.6,12560.99
2010-07-23,4.61,4.71,4.57,4.69,19080.94
2010-07-26,4.69,4.87,4.65,4.85,22006.76
2010-07-27,4.82,4.94,4.77,4.91,19177.47
2010-07-28,4.92,4.94,4.84,4.92,20463.81
2010-07-29,4.92,4.92,4.74,4.75,19124.11
2010-07-30,4.72,4.82,4.71,4.77,13298.9
2010-08-02,4.76,4.89,4.74,4.88,17806.36
2010-08-03,4.89,4.89,4.76,4.81,20895.44
2010-08-04,4.78,4.83,4.63,4.7,24971.55
2010-08-05,4.7,4.87,4.7,4.82,20203.45
2010-08-06,4.8,4.86,4.73,4.84,14959.16
2010-08-09,4.86,5.07,4.86,5.06,31368.63
2010-08-10,5.1,5.24,4.95,5.01,35843.1
2010-08-11,5.0,5.06,4.96,5.03,16622.07
2010-08-12,4.94,5.14,4.93,5.04,14092.19
2010-08-13,5.09,5.14,4.97,5.11,19858.5
2010-08-16,5.11,5.2,5.11,5.14,27654.9
2010-08-17,5.14,5.14,5.01,5.05,24163.95
2010-08-18,5.05,5.06,4.97,4.98,38698.53
2010-08-19,4.98,5.03,4.89,4.9,30819.87
2010-08-20,4.9,4.91,4.71,4.73,32506.88
2010-08-23,4.73,4.73,4.64,4.68,28753.53
2010-08-24,4.7,4.8,4.68,4.69,24645.84
2010-08-25,4.7,4.83,4.68,4.8,38708.55
2010-08-26,4.8,4.86,4.74,4.86,44004.79
2010-08-27,4.84,4.96,4.82,4.92,22132.75
2010-08-30,4.92,5.06,4.88,5.05,33141.19
2010-08-31,5.06,5.1,5.01,5.02,22728.44
2010-09-01,5.02,5.11,4.78,4.92,30685.72
2010-09-02,4.92,5.01,4.83,4.95,37524.74
2010-09-03,4.94,5.06,4.94,5.03,23916.31
2010-09-06,5.04,5.08,5.0,5.01,16168.41
2010-09-07,5.01,5.05,4.95,4.96,13595.98
2010-09-08,4.96,5.05,4.94,5.03,20138.55
2010-09-09,5.04,5.33,5.03,5.22,46394.59
2010-09-10,5.18,5.53,5.18,5.42,34118.77
2010-09-13,5.45,5.46,5.26,5.34,46631.57
2010-09-14,5.34,5.6,5.28,5.54,45913.02
2010-09-15,5.53,5.62,5.46,5.48,21706.91
2010-09-16,5.47,5.56,5.28,5.33,27360.4
2010-09-17,5.32,5.58,5.22,5.5,27121.56
2010-09-20,5.51,5.52,5.4,5.5,18731.71
2010-09-21,5.51,5.73,5.39,5.71,18104.11
2010-09-27,5.69,5.74,5.61,5.73,21766.16
2010-09-28,5.72,5.8,5.63,5.67,17244.56
2010-09-29,5.67,5.73,5.43,5.47,15080.63
2010-09-30,5.4,5.6,5.4,5.58,19262.5
2010-10-08,5.58,5.72,5.58,5.72,19275.02
2010-10-11,5.69,5.74,5.24,5.36,43349.55
2010-10-12,5.34,5.34,5.14,5.18,44483.04
2010-10-13,5.19,5.24,5.13,5.16,27042.73
2010-10-14,5.16,5.23,5.03,5.17,44783.85
2010-10-15,5.16,5.21,4.65,5.06,59386.18
2010-10-18,4.97,5.16,4.82,5.13,49075.64
2010-10-19,5.14,5.29,5.05,5.24,53463.27
2010-10-20,5.2,5.45,5.13,5.36,75128.27
2010-10-21,5.34,5.34,5.23,5.31,40244.17
2010-10-22,5.3,5.44,5.28,5.34,30825.5
2010-10-25,5.35,5.51,5.35,5.48,28725.64
2010-10-26,5.49,5.49,5.3,5.49,30349.93
2010-10-27,5.5,5.68,5.46,5.47,33227.97
2010-10-28,5.46,5.46,5.24,5.42,28070.56
2010-10-29,5.37,5.41,5.21,5.4,26929.81
2010-11-01,5.35,5.56,5.35,5.54,32840.3
2010-11-02,5.55,5.61,5.47,5.53,22332.03
2010-11-03,5.56,5.75,5.53,5.73,38251.92
2010-11-04,5.73,5.73,5.66,5.71,29298.16
2010-11-05,5.73,5.79,5.68,5.72,27533.78
2010-11-08,5.72,6.01,5.72,5.98,20497.68
2010-11-09,5.97,6.16,5.87,6.04,31305.65
2010-11-10,6.09,6.63,6.09,6.22,35390.39
2010-11-11,6.34,6.41,6.06,6.16,40528.66
2010-11-12,6.08,6.31,5.83,6.18,62256.59
2010-11-15,6.21,6.76,6.15,6.76,91139.68
2010-11-16,6.85,7.3,6.66,7.06,115634.32
2010-11-17,6.4,7.07,6.4,6.68,51860.27
2010-11-18,6.68,6.84,6.45,6.61,40257.69
2010-11-19,6.72,6.94,6.58,6.93,38169.28
2010-11-22,6.93,7.14,6.71,6.8,33107.45
2010-11-23,6.81,6.86,6.66,6.69,12856.61
2010-11-24,6.63,7.12,6.63,7.0,21921.7
2010-11-25,7.03,7.35,6.76,6.96,38332.82
2010-11-26,6.88,7.03,6.79,6.97,18608.02
2010-11-29,6.97,7.08,6.7,6.88,43039.59
2010-11-30,6.95,6.95,6.57,6.7,36157.23
2010-12-01,6.63,6.74,6.49,6.5,13262.86
2010-12-02,6.55,6.63,6.39,6.45,39557.92
2010-12-03,6.45,6.58,6.37,6.4,43811.37
2010-12-06,6.38,6.49,6.32,6.4,29341.07
2010-12-07,6.42,6.7,6.35,6.68,31638.51
2010-12-08,6.71,6.72,6.61,6.66,11979.1
2010-12-09,6.68,6.72,6.47,6.66,14779.29
2010-12-10,6.57,6.72,6.53,6.68,30359.47
2010-12-13,6.7,6.92,6.67,6.73,16489.47
2010-12-14,6.73,6.78,6.36,6.46,56469.47
2010-12-15,6.46,6.6,6.32,6.51,41744.95
2010-12-16,6.5,6.57,6.45,6.48,17430.74
2010-12-17,6.42,6.5,6.32,6.34,32714.82
2010-12-20,6.36,6.44,6.26,6.33,30674.3
2010-12-21,6.33,6.4,6.18,6.23,44707.26
2010-12-22,6.26,6.3,6.17,6.28,26750.38
2010-12-23,6.28,6.35,6.07,6.14,34220.92
2010-12-24,6.12,6.31,6.08,6.28,27205.25
2010-12-27,6.28,6.38,6.2,6.32,27691.23
2010-12-28,6.32,6.39,6.17,6.34,21688.12
2010-12-29,6.36,6.49,6.34,6.48,20607.51
2010-12-30,6.51,6.71,6.41,6.66,32710.73
2010-12-31,6.73,6.84,6.64,6.81,38138.97
2011-01-04,6.86,6.88,6.51,6.57,53872.1
2011-01-05,6.54,6.54,6.31,6.36,47651.85
2011-01-06,6.36,6.39,6.22,6.23,39924.54
2011-01-07,6.28,6.45,6.23,6.4,57380.77
2011-01-10,6.43,6.43,6.06,6.06,52835.78
2011-01-11,6.06,6.06,5.77,5.81,46525.34
2011-01-12,5.83,5.86,5.67,5.74,27520.74
2011-01-13,5.77,5.86,5.75,5.79,49142.05
2011-01-14,5.82,5.84,5.72,5.8,24020.12
2011-01-17,5.8,5.83,5.49,5.57,37113.37
2011-01-18,5.5,5.67,5.44,5.58,38882.4
2011-01-19,5.59,5.77,5.5,5.72,30684.43
2011-01-20,5.72,5.73,5.49,5.57,18840.75
2011-01-21,5.67,5.68,5.37,5.43,20302.4
2011-01-24,5.42,5.47,5.25,5.31,48866.18
2011-01-25,5.31,5.45,5.3,5.31,36832.29
2011-01-26,5.35,5.43,5.29,5.32,39588.73
2011-01-27,5.29,5.64,5.28,5.62,33584.28
2011-01-28,5.6,5.68,5.57,5.65,39343.8
2011-01-31,5.6,5.66,5.53,5.65,23461.19
2011-02-01,5.59,5.66,5.36,5.65,53270.41
2011-02-09,5.53,5.63,5.49,5.53,22646.5
2011-02-10,5.5,5.69,5.49,5.67,33772.25
2011-02-11,5.66,5.78,5.6,5.76,31576.91
2011-02-14,5.77,5.93,5.77,5.9,32071.87
2011-02-15,5.9,5.94,5.8,5.87,36410.02
2011-02-16,5.86,5.93,5.81,5.84,34225.02
2011-02-17,5.85,6.09,5.75,5.93,56133.25
2011-02-18,5.95,6.01,5.82,5.89,34213.31
2011-02-21,5.83,5.94,5.83,5.88,33929.65
2011-02-22,5.88,5.97,5.84,5.87,34325.48
2011-02-23,5.87,6.04,5.85,5.95,28703.22
2011-02-24,5.95,6.13,5.89,6.06,49244.88
2011-02-25,6.05,6.12,5.98,6.07,47324.38
2011-02-28,6.06,6.11,5.9,5.94,30855.84
2011-03-01,5.95,5.99,5.83,5.89,25942.04
2011-03-02,5.88,5.88,5.68,5.69,55122.36
2011-03-03,5.71,5.82,5.58,5.61,33975.12
2011-03-04,5.61,5.71,5.59,5.64,25253.32
2011-03-07,5.66,5.67,5.49,5.57,71241.36
2011-03-08,5.54,5.54,5.43,5.53,62275.83
2011-03-09,5.54,5.62,5.54,5.58,38822.64
2011-03-10,5.6,5.69,5.6,5.64,41279.8
2011-03-11,5.63,5.68,5.51,5.54,39327.15
2011-03-14,5.54,5.68,5.52,5.66,39107.9
2011-03-15,5.66,5.83,5.47,5.76,58685.01
2011-03-16,5.74,5.75,5.56,5.61,37391.64
2011-03-17,5.56,5.56,5.38,5.42,42874.78
2011-03-18,5.44,5.48,5.37,5.4,19805.07
2011-03-21,5.4,5.4,5.29,5.31,44008.3
2011-03-22,5.33,5.4,5.22,5.32,46830.33
2011-03-23,5.32,5.42,5.32,5.4,29240.45
2011-03-24,5.41,5.5,5.37,5.46,30766.06
2011-03-28,5.46,5.5,5.17,5.2,86104.26
2011-03-29,5.2,5.25,5.16,5.19,37559.1
2011-03-30,5.23,5.23,5.16,5.19,40775.38
2011-03-31,5.19,5.27,5.19,5.24,21030.67
2011-04-01,5.28,5.3,5.21,5.26,15464.65
2011-04-06,5.24,5.28,5.18,5.24,28530.98
2011-04-07,5.22,5.22,5.08,5.17,49444.69
2011-04-08,5.17,5.29,5.12,5.28,34155.79
2011-04-11,5.4,5.45,5.33,5.34,51270.58
2011-04-12,5.37,5.43,5.34,5.38,48520.34
2011-04-13,5.39,5.4,5.3,5.39,48801.08
2011-04-14,5.36,5.44,5.34,5.38,23030.76
2011-04-15,5.4,5.43,5.35,5.4,20698.11
2011-04-18,5.4,5.43,5.36,5.37,32690.47
2011-04-19,5.37,5.44,5.36,5.39,44487.95
2011-04-20,5.42,5.55,5.4,5.54,68942.19
2011-04-21,5.57,5.7,5.45,5.49,71922.81
2011-04-22,5.49,5.55,5.46,5.55,21330.4
2011-04-25,5.56,5.64,5.55,5.58,51200.75
2011-04-26,5.59,5.64,5.42,5.43,28600.38
2011-04-27,5.42,5.43,5.27,5.4,38921.13
2011-04-28,5.36,5.4,5.24,5.24,34351.78
2011-04-29,5.24,5.3,5.21,5.29,24994.18
2011-05-03,5.27,5.48,5.26,5.41,36028.39
2011-05-04,5.36,5.52,5.33,5.36,44976.12
2011-05-05,5.36,5.57,5.34,5.53,52112.45
2011-05-06,5.52,5.7,5.46,5.65,55736.39
2011-05-09,5.65,5.71,5.56,5.58,52235.25
2011-05-10,5.58,5.6,5.51,5.54,25187.77
2011-05-11,5.54,5.63,5.51,5.6,24935.45
2011-05-12,5.57,5.63,5.53,5.57,26535.84
2011-05-13,5.59,5.6,5.51,5.56,22219.44
2011-05-16,5.55,5.7,5.5,5.64,43213.48
2011-05-17,5.62,5.68,5.58,5.6,27345.62
2011-05-18,5.62,5.67,5.58,5.59,25545.99
2011-05-19,5.61,5.67,5.58,5.6,23415.31
2011-05-20,5.6,5.75,5.59,5.64,43886.75
2011-05-23,5.62,5.64,5.39,5.45,54248.85
2011-05-24,5.42,5.45,5.24,5.39,34606.12
2011-05-25,5.31,5.39,5.24,5.25,29708.24
2011-05-26,5.3,5.32,5.15,5.15,25710.29
2011-05-27,5.18,5.24,5.14,5.22,25258.43
2011-05-30,5.22,5.29,5.14,5.25,17133.97
2011-05-31,5.26,5.3,5.21,5.28,13369.51
2011-06-01,5.28,5.31,5.23,5.29,15707.95
2011-06-02,5.27,5.43,5.24,5.39,38623.3
2011-06-03,5.36,5.43,5.33,5.4,43216.14
2011-06-07,5.41,5.44,5.36,5.41,19005.87
2011-06-08,5.41,5.41,5.29,5.33,23990.88
2011-06-09,5.31,5.33,5.15,5.15,57326.16
2011-06-10,5.18,5.27,5.16,5.22,47628.92
2011-06-13,5.16,5.19,5.15,5.15,21636.24
2011-06-14,5.15,5.21,5.15,5.18,27761.65
2011-06-15,5.26,5.28,5.17,5.18,15424.24
2011-06-16,5.15,5.17,5.07,5.07,25254.03
2011-06-17,5.09,5.1,4.98,4.99,23431.81
2011-06-20,4.98,5.01,4.79,4.81,58875.05
2011-06-21,4.81,4.85,4.71,4.81,35545.96
2011-06-22,4.81,4.84,4.75,4.8,19214.93
2011-06-23,4.79,4.93,4.72,4.91,21422.94
2011-06-24,4.89,5.07,4.86,5.05,25215.92
2011-06-27,5.08,5.14,5.02,5.14,37107.63
2011-06-28,5.14,5.15,5.04,5.09,13855.69
2011-06-29,5.09,5.15,5.05,5.09,16141.56
2011-06-30,5.09,5.19,5.06,5.15,41671.88
2011-07-01,5.15,5.19,5.12,5.14,22419.74
2011-07-04,5.16,5.29,5.16,5.28,28101.19
2011-07-05,5.29,5.36,5.24,5.33,19324.95
2011-07-06,5.33,5.37,5.29,5.34,16882.91
2011-07-07,5.35,5.48,5.34,5.41,28066.4
2011-07-08,5.41,5.45,5.33,5.36,42438.96
2011-07-11,5.34,5.4,5.25,5.38,60487.76
2011-07-12,5.31,5.49,5.29,5.41,29479.24
2011-07-13,5.39,5.52,5.36,5.5,29247.86
2011-07-14,5.5,5.7,5.5,5.67,55485.35
2011-07-15,5.66,5.84,5.63,5.83,46330.82
2011-07-18,5.83,5.94,5.76,5.8,56971.21
2011-07-19,5.76,5.76,5.67,5.71,39422.14
2011-07-20,5.73,5.74,5.59,5.65,34128.91
2011-07-21,5.65,5.75,5.58,5.63,36777.29
2011-07-22,5.61,5.72,5.58,5.71,23140.29
2011-07-25,5.65,5.78,5.46,5.51,43721.15
2011-07-26,5.5,5.56,5.45,5.48,23483.16
2011-07-27,5.44,5.59,5.41,5.54,19722.87
2011-07-28,5.51,5.61,5.48,5.59,21967.59
2011-07-29,5.6,5.68,5.55,5.58,22008.9
2011-08-01,5.64,5.64,5.48,5.48,23871.09
2011-08-02,5.46,5.48,5.39,5.48,37168.28
2011-08-03,5.46,5.47,5.39,5.4,31516.71
2011-08-04,5.4,5.46,5.37,5.41,17056.97
2011-08-05,5.33,5.43,5.25,5.42,40335.74
2011-08-08,5.35,5.41,5.16,5.39,65706.28
2011-08-09,5.16,5.47,5.16,5.29,63141.41
2011-08-10,5.34,5.41,5.29,5.37,43787.07
2011-08-11,5.33,5.58,5.3,5.56,60833.24
2011-08-12,5.57,5.73,5.57,5.68,60292.22
2011-08-15,5.7,5.77,5.67,5.75,45022.45
2011-08-16,5.75,5.75,5.57,5.6,48814.83
2011-08-17,5.59,5.63,5.43,5.48,52829.42
2011-08-18,5.47,5.48,5.41,5.42,21471.13
2011-08-19,5.33,5.48,5.33,5.39,21733.84
2011-08-22,5.36,5.44,5.33,5.37,20779.18
2011-08-23,5.39,5.51,5.36,5.5,36982.13
2011-08-24,5.5,5.53,5.36,5.42,34602.24
2011-08-25,5.43,5.5,5.36,5.49,37850.78
2011-08-26,5.48,5.49,5.39,5.39,33131.35
2011-08-29,5.41,5.41,5.27,5.31,29868.56
2011-08-30,5.35,5.41,5.3,5.33,31935.53
2011-08-31,5.33,5.37,5.3,5.34,14764.35
2011-09-01,5.33,5.33,5.2,5.22,25000.09
2011-09-02,5.21,5.24,5.15,5.18,27515.34
2011-09-05,5.15,5.18,5.14,5.16,17432.66
2011-09-06,5.15,5.2,5.07,5.12,12389.45
2011-09-07,5.16,5.26,5.15,5.25,18285.31
2011-09-08,5.21,5.26,5.2,5.25,12578.74
2011-09-09,5.26,5.33,5.19,5.2,18708.44
2011-09-13,5.2,5.21,5.07,5.15,14176.27
2011-09-14,5.16,5.23,5.14,5.18,30676.59
2011-09-15,5.2,5.22,5.14,5.17,14776.86
2011-09-16,5.2,5.24,5.12,5.15,10385.35
2011-09-19,5.17,5.17,4.99,5.09,10609.59
2011-09-20,5.07,5.12,5.06,5.08,18009.15
2011-09-21,5.09,5.21,5.05,5.15,18074.17
2011-09-22,5.14,5.17,5.07,5.07,14990.57
2011-09-23,5.03,5.14,4.98,5.01,30844.4
2011-09-26,4.92,5.03,4.83,4.9,24101.18
2011-09-27,4.93,4.98,4.9,4.98,23047.32
2011-09-28,4.98,5.02,4.95,4.99,23345.52
2011-09-29,4.95,5.0,4.91,4.93,14783.06
2011-09-30,4.95,5.0,4.91,4.99,10255.87
2011-10-10,5.01,5.06,4.92,5.04,9251.02
2011-10-11,5.11,5.14,4.98,5.03,23821.5
2011-10-12,5.05,5.07,4.96,5.05,33927.38
2011-10-13,5.05,5.06,4.98,5.05,26877.6
2011-10-14,5.05,5.05,4.96,5.0,13354.37
2011-10-17,5.01,5.04,4.97,5.0,11081.37
2011-10-18,4.98,5.01,4.95,4.95,10122.36
2011-10-19,4.95,5.01,4.95,4.98,13654.52
2011-10-20,4.95,4.99,4.84,4.87,14603.89
2011-10-21,4.95,4.95,4.76,4.77,29749.57
2011-10-24,4.76,4.87,4.71,4.82,22975.19
2011-10-25,4.83,4.93,4.77,4.88,19080.83
2011-10-26,4.86,5.01,4.86,4.95,21640.15
2011-10-27,4.98,5.06,4.95,5.05,19134.65
2011-10-28,5.05,5.11,4.98,5.07,30557.23
2011-10-31,5.05,5.05,4.95,4.96,45638.91
2011-11-01,4.93,5.04,4.93,4.96,26432.59
2011-11-02,4.93,5.15,4.91,5.13,57638.99
2011-11-03,5.16,5.31,5.11,5.24,37869.19
2011-11-04,5.29,5.36,5.19,5.24,17302.89
2011-11-07,5.17,5.33,5.17,5.31,18643.64
2011-11-08,5.34,5.35,5.25,5.3,15336.07
2011-11-09,5.33,5.34,5.16,5.29,13128.71
2011-11-10,5.2,5.31,5.19,5.29,21027.09
2011-11-11,5.3,5.31,5.24,5.29,9851.27
2011-11-14,5.31,5.38,5.31,5.37,16844.81
2011-11-15,5.39,5.45,5.34,5.44,16416.51
2011-11-16,5.44,5.49,5.21,5.31,27982.99
2011-11-17,5.31,5.38,5.28,5.3,19433.13
2011-11-18,5.25,5.29,5.12,5.17,34027.32
2011-11-21,5.18,5.2,5.13,5.18,8092.93
2011-11-22,5.17,5.2,5.07,5.16,13087.95
2011-11-23,5.17,5.17,5.07,5.16,11165.07
2011-11-24,5.15,5.38,5.1,5.34,35049.1
2011-11-25,5.31,5.39,5.3,5.35,13407.68
2011-11-28,5.35,5.47,5.24,5.44,30979.71
2011-11-29,5.45,5.49,5.36,5.43,33827.56
2011-11-30,5.44,5.45,5.25,5.32,30133.15
2011-12-01,5.33,5.56,5.33,5.43,43758.51
2011-12-02,5.38,5.47,5.33,5.45,23948.53
2011-12-05,5.43,5.48,5.27,5.36,19069.79
2011-12-06,5.32,5.33,5.24,5.25,19138.25
2011-12-07,5.24,5.28,5.19,5.26,14781.29
2011-12-08,5.24,5.36,5.15,5.35,16371.3
2011-12-09,5.34,5.45,5.26,5.42,16313.9
2011-12-12,5.33,5.42,5.24,5.27,31588.89
2011-12-13,5.24,5.29,5.09,5.18,49175.24
2011-12-14,5.18,5.18,4.99,5.09,27094.95
2011-12-15,5.04,5.1,4.97,5.04,10170.47
2011-12-16,4.99,5.09,4.95,5.07,17949.69
2011-12-19,4.99,5.23,4.99,5.19,27842.75
2011-12-20,5.34,5.41,5.14,5.2,34071.68
2011-12-21,5.27,5.29,5.05,5.14,13788.76
2011-12-22,5.12,5.21,5.09,5.2,24988.24
2011-12-23,5.2,5.24,5.12,5.18,19838.35
2011-12-26,5.13,5.21,5.1,5.13,16516.02
2011-12-27,5.12,5.17,4.94,4.96,29657.73
2011-12-28,4.94,5.05,4.93,4.96,20431.93
2011-12-29,4.98,4.99,4.9,4.96,16551.33
2011-12-30,4.97,5.07,4.94,5.06,30929.75
2012-01-04,5.07,5.11,4.88,4.89,11847.13
2012-01-05,4.82,4.9,4.57,4.64,38922.96
2012-01-06,4.64,4.68,4.51,4.56,33756.86
2012-01-09,4.58,4.72,4.4,4.71,43085.35
2012-01-10,4.68,4.84,4.64,4.77,30371.21
2012-01-11,4.76,4.81,4.71,4.76,22914.32
2012-01-12,4.76,4.79,4.68,4.7,19448.9
2012-01-13,4.74,4.75,4.6,4.6,22659.07
2012-01-16,4.56,4.6,4.46,4.47,14736.41
2012-01-17,4.49,4.64,4.28,4.47,73474.76
2012-01-18,4.47,4.48,4.2,4.24,42776.19
2012-01-19,4.27,4.34,4.19,4.33,42475.94
2012-01-20,4.33,4.67,4.33,4.58,49622.94
2012-01-30,4.61,4.61,4.42,4.5,49424.05
2012-01-31,4.49,4.49,4.42,4.47,21468.71
2012-02-01,4.48,4.58,4.43,4.44,19412.06
2012-02-02,4.47,4.54,4.44,4.51,12900.59
2012-02-03,4.51,4.56,4.46,4.53,31566.79
2012-02-06,4.59,4.66,4.53,4.65,42250.82
2012-02-07,4.6,4.63,4.52,4.56,31948.33
2012-02-08,4.55,4.61,4.49,4.57,48724.54
2012-02-09,4.57,4.66,4.55,4.63,32804.71
2012-02-10,4.61,4.64,4.55,4.57,34637.83
2012-02-13,4.52,4.65,4.5,4.64,63272.36
2012-02-14,4.63,4.65,4.56,4.62,25252.15
2012-02-15,4.59,4.69,4.59,4.67,43093.58
2012-02-16,4.64,4.79,4.64,4.74,66688.21
2012-02-17,4.78,4.78,4.67,4.71,27096.87
2012-02-20,4.73,4.77,4.69,4.71,35534.06
2012-02-21,4.72,4.72,4.6,4.66,34408.45
2012-02-22,4.66,4.69,4.6,4.66,78068.04
2012-02-23,4.7,4.74,4.66,4.68,54236.95
2012-02-24,4.7,4.75,4.61,4.74,55301.74
2012-02-27,4.74,4.8,4.7,4.78,74429.6
2012-02-28,4.74,4.8,4.69,4.75,55110.98
2012-02-29,4.74,4.74,4.6,4.6,63637.44
2012-03-01,4.62,4.62,4.42,4.48,147257.75
2012-03-02,4.49,4.58,4.47,4.57,73376.85
2012-03-05,4.59,4.6,4.46,4.48,72853.1
2012-03-06,4.49,4.52,4.46,4.47,53676.53
2012-03-07,4.46,4.59,4.43,4.57,64819.81
2012-03-08,4.57,4.63,4.5,4.62,47768.74
2012-03-09,4.62,4.63,4.55,4.61,38720.34
2012-03-12,4.61,4.75,4.61,4.72,61336.22
2012-03-13,4.75,4.77,4.67,4.74,42413.49
2012-03-14,4.75,4.86,4.61,4.64,63278.68
2012-03-15,4.65,4.78,4.65,4.73,61890.52
2012-03-16,4.74,4.88,4.72,4.87,62860.13
2012-03-19,4.87,4.91,4.81,4.83,41260.67
2012-03-20,4.81,4.83,4.72,4.72,34083.09
2012-03-21,4.72,4.77,4.67,4.72,20872.19
2012-03-22,4.7,4.8,4.7,4.75,23690.64
2012-03-23,4.76,4.77,4.66,4.72,22417.98
2012-03-26,4.75,4.78,4.69,4.75,12387.52
2012-03-27,4.75,4.77,4.64,4.65,15555.07
2012-03-28,4.65,4.68,4.47,4.47,43032.6
2012-03-29,4.47,4.52,4.44,4.5,29728.06
2012-03-30,4.52,4.59,4.49,4.51,14297.33
2012-04-05,4.48,4.56,4.46,4.54,39773.45
2012-04-06,4.51,4.58,4.5,4.51,27471.63
2012-04-09,4.5,4.52,4.46,4.49,13984.81
2012-04-10,4.5,4.51,4.45,4.51,9440.25
2012-04-12,4.47,4.59,4.47,4.59,18156.29
2012-04-13,4.6,4.62,4.55,4.6,21053.06
2012-04-16,4.58,4.71,4.57,4.68,28628.44
2012-04-17,4.69,4.75,4.64,4.72,38054.67
2012-04-18,4.74,4.81,4.68,4.76,43623.94
2012-04-19,4.76,4.76,4.66,4.69,23163.9
2012-04-20,4.69,4.71,4.64,4.68,31485.2
2012-04-23,4.68,4.74,4.62,4.64,16954.53
2012-04-24,4.66,4.7,4.53,4.65,19196.14
2012-04-25,4.62,4.68,4.6,4.65,12202.18
2012-04-26,4.65,4.68,4.63,4.66,12197.04
2012-04-27,4.66,4.66,4.6,4.63,24863.71
2012-05-02,4.68,4.77,4.68,4.76,43078.06
2012-05-03,4.76,4.86,4.76,4.82,55782.11
2012-05-04,4.82,4.89,4.82,4.82,55720.83
2012-05-07,4.78,4.9,4.78,4.88,52052.08
2012-05-08,4.86,4.89,4.84,4.86,31456.1
2012-05-09,4.81,4.84,4.74,4.77,35290.13
2012-05-10,4.81,4.9,4.75,4.88,40495.02
2012-05-11,4.87,4.89,4.79,4.86,36440.94
2012-05-14,4.83,5.02,4.83,4.94,39865.21
2012-05-15,4.88,4.96,4.88,4.91,36972.12
2012-05-16,4.9,4.96,4.88,4.93,30271.72
2012-05-17,4.93,4.98,4.89,4.9,39305.63
2012-05-18,4.87,4.91,4.79,4.79,29172.05
2012-05-21,4.79,4.84,4.76,4.81,15500.9
2012-05-22,4.82,4.86,4.79,4.84,23059.07
2012-05-23,4.84,4.87,4.76,4.78,51394.51
2012-05-24,4.78,4.81,4.75,4.76,18484.97
2012-05-25,4.74,4.81,4.73,4.75,21614.12
2012-05-28,4.74,4.81,4.72,4.8,14582.13
2012-05-29,4.93,4.93,4.78,4.85,22430.7
2012-05-30,4.85,4.87,4.82,4.85,44611.72
2012-05-31,4.83,4.99,4.83,4.95,27057.04
2012-06-01,4.95,5.12,4.94,5.1,43156.79
2012-06-04,5.05,5.25,5.02,5.1,67233.54
2012-06-05,5.14,5.22,5.04,5.13,53672.62
2012-06-06,5.14,5.18,5.1,5.14,50159.72
2012-06-07,5.14,5.15,5.06,5.11,39007.16
2012-06-08,5.09,5.13,5.06,5.11,17691.96
2012-06-11,5.12,5.17,5.07,5.16,17686.15
2012-06-12,5.15,5.36,5.1,5.33,36318.02
2012-06-13,5.31,5.49,5.31,5.47,37826.71
2012-06-14,5.45,5.52,5.37,5.44,24595.66
2012-06-15,5.46,5.5,5.37,5.41,24144.38
2012-06-18,5.41,5.48,5.4,5.48,32868.53
2012-06-19,5.47,5.51,5.43,5.43,19599.08
2012-06-20,5.43,5.46,5.27,5.3,29177.14
2012-06-21,5.29,5.29,5.18,5.25,23128.15
2012-06-25,5.23,5.41,5.23,5.26,27905.35
2012-06-26,5.31,5.31,5.2,5.26,26196.89
2012-06-27,5.26,5.36,5.24,5.33,20323.0
2012-06-28,5.35,5.47,5.31,5.44,33863.17
2012-06-29,5.44,5.5,5.4,5.44,30824.1
2012-07-02,5.41,5.5,5.36,5.48,32538.24
2012-07-03,5.46,5.52,5.33,5.38,48092.51
2012-07-04,5.36,5.4,5.25,5.3,42396.23
2012-07-05,5.25,5.42,5.23,5.41,22267.32
2012-07-06,5.44,5.51,5.35,5.48,47687.08
2012-07-09,5.48,5.62,5.43,5.44,69623.42
2012-07-10,5.44,5.5,5.36,5.37,32095.58
2012-07-11,5.32,5.51,5.32,5.5,30813.95
2012-07-12,5.53,5.84,5.53,5.64,74857.5
2012-07-13,5.69,5.75,5.57,5.68,50858.26
2012-07-16,5.7,5.76,5.5,5.54,50113.9
2012-07-17,5.52,5.64,5.49,5.6,29254.37
2012-07-18,5.58,5.65,5.43,5.52,22251.75
2012-07-19,5.55,5.71,5.49,5.69,38280.66
2012-07-20,5.66,5.83,5.63,5.76,39620.85
2012-07-23,5.77,5.83,5.67,5.68,28306.6
2012-07-24,5.71,5.76,5.55,5.6,39040.1
2012-07-25,5.54,5.82,5.54,5.77,43446.24
2012-07-26,5.76,5.8,5.67,5.67,26076.27
2012-07-27,5.67,5.67,5.42,5.43,81080.93
2012-07-30,5.39,5.45,5.35,5.43,57272.3
2012-07-31,5.43,5.48,5.42,5.43,13941.91
2012-08-01,5.42,5.59,5.42,5.5,16078.49
2012-08-02,5.5,5.64,5.48,5.52,20616.97
2012-08-03,5.52,5.59,5.47,5.56,20910.36
2012-08-06,5.57,5.73,5.57,5.64,31460.41
2012-08-07,5.6,5.72,5.6,5.68,20717.35
2012-08-08,5.68,5.72,5.48,5.51,49854.82
2012-08-09,5.54,5.72,5.48,5.69,34308.26
2012-08-10,5.69,5.85,5.65,5.81,41329.75
2012-08-13,5.8,5.86,5.76,5.78,46736.3
2012-08-14,5.79,5.81,5.58,5.65,46292.47
2012-08-15,5.63,5.69,5.58,5.59,27792.32
2012-08-16,5.53,5.64,5.52,5.53,17662.37
2012-08-17,5.5,5.59,5.45,5.45,38019.45
2012-08-20,5.42,5.58,5.4,5.49,13713.41
2012-08-21,5.47,5.66,5.46,5.57,23945.0
2012-08-22,5.54,5.61,5.51,5.53,33446.4
2012-08-23,5.59,5.7,5.54,5.69,49295.35
2012-08-24,5.76,5.85,5.69,5.73,87378.25
2012-08-27,5.71,5.8,5.63,5.74,21639.91
2012-08-28,5.74,5.76,5.65,5.69,21431.62
2012-08-29,5.63,5.9,5.63,5.75,29653.92
2012-08-30,5.83,5.83,5.54,5.76,44723.47
2012-08-31,5.75,5.79,5.63,5.69,41926.14
2012-09-03,5.71,5.8,5.62,5.77,42147.64
2012-09-04,5.73,5.81,5.69,5.76,20505.11
2012-09-05,5.76,5.81,5.69,5.76,16454.37
2012-09-06,5.77,5.83,5.73,5.77,12344.65
2012-09-07,5.74,6.04,5.73,5.96,42073.03
2012-09-10,5.99,5.99,5.86,5.96,21961.36
2012-09-11,5.91,6.04,5.9,6.03,24401.92
2012-09-12,6.05,6.12,5.86,5.95,28317.35
2012-09-13,5.95,6.02,5.86,5.89,15336.89
2012-09-14,5.94,6.0,5.86,5.93,26786.38
2012-09-17,5.92,5.93,5.77,5.81,22066.17
2012-09-18,5.84,5.84,5.65,5.69,60750.42
2012-09-19,5.64,5.84,5.64,5.76,46744.72
2012-09-20,5.71,5.76,5.66,5.67,28153.9
2012-09-21,5.65,5.71,5.54,5.62,26979.04
2012-09-24,5.53,5.72,5.52,5.65,18157.62
2012-09-25,5.65,5.72,5.57,5.64,21568.97
2012-09-26,5.68,5.73,5.63,5.73,16019.77
2012-09-27,5.73,5.8,5.68,5.73,40887.03
2012-09-28,5.69,5.78,5.62,5.75,30525.47
2012-10-08,5.74,5.75,5.66,5.71,16458.73
2012-10-09,5.75,5.88,5.72,5.87,23442.23
2012-10-10,5.86,5.95,5.81,5.92,22729.64
2012-10-11,5.9,5.9,5.82,5.84,26352.96
2012-10-12,5.86,5.91,5.74,5.79,12708.84
2012-10-15,5.81,5.89,5.74,5.88,20865.94
2012-10-16,5.88,6.0,5.83,5.93,30586.11
2012-10-17,5.94,5.95,5.88,5.92,9542.58
2012-10-18,5.95,5.98,5.82,5.86,35006.3
2012-10-19,5.87,5.88,5.72,5.77,25871.98
2012-10-22,5.75,5.79,5.73,5.76,21720.34
2012-10-23,5.76,5.78,5.62,5.67,53107.54
2012-10-24,5.67,5.73,5.63,5.67,14042.65
2012-10-25,5.66,5.72,5.63,5.69,11610.49
2012-10-26,5.69,5.69,5.54,5.65,16319.19
2012-10-29,5.64,5.66,5.54,5.61,17560.5
2012-10-30,5.6,5.73,5.56,5.6,21282.46
2012-10-31,5.59,5.7,5.58,5.7,28347.07
2012-11-01,5.7,5.78,5.69,5.74,29065.97
2012-11-02,5.73,5.78,5.59,5.69,20159.79
2012-11-05,5.69,5.79,5.65,5.75,19858.65
2012-11-06,5.77,5.77,5.61,5.71,15937.36
2012-11-07,5.69,5.74,5.63,5.63,12956.11
2012-11-08,5.61,5.67,5.58,5.58,15262.61
2012-11-09,5.58,5.64,5.52,5.58,9703.95
2012-11-12,5.58,5.61,5.39,5.46,27485.31
2012-11-13,5.46,5.46,5.35,5.4,20523.89
2012-11-14,5.4,5.51,5.4,5.47,21442.08
2012-11-15,5.42,5.55,5.42,5.5,15094.89
2012-11-16,5.48,5.53,5.37,5.49,17268.89
2012-11-19,5.47,5.52,5.42,5.44,18148.26
2012-11-20,5.42,5.5,5.39,5.41,14867.99
2012-11-21,5.43,5.5,5.37,5.44,11219.99
2012-11-22,5.42,5.45,5.36,5.41,23048.28
2012-11-23,5.44,5.47,5.41,5.46,18789.41
2012-11-26,5.42,5.51,5.41,5.5,8101.44
2012-11-27,5.46,5.52,5.43,5.44,11727.6
2012-11-28,5.44,5.48,5.28,5.31,30016.14
2012-11-29,5.27,5.32,5.27,5.28,16414.09
2012-11-30,5.25,5.31,5.21,5.28,23749.33
2012-12-03,5.28,5.3,5.2,5.21,27924.01
2012-12-04,5.21,5.23,5.04,5.15,61521.55
2012-12-05,5.17,5.29,5.08,5.25,54994.34
2012-12-06,5.26,5.29,5.19,5.26,18252.49
2012-12-07,5.26,5.39,5.24,5.39,31726.53
2012-12-10,5.46,5.47,5.22,5.26,57143.54
2012-12-11,5.22,5.3,5.19,5.26,44150.91
2012-12-12,5.25,5.34,5.24,5.34,25437.38
2012-12-13,5.29,5.4,5.27,5.37,23972.91
2012-12-14,5.42,5.49,5.3,5.47,61508.25
2012-12-17,5.42,5.5,5.28,5.3,75021.35
2012-12-18,5.3,5.33,5.26,5.29,51412.87
2012-12-19,5.29,5.32,5.28,5.3,46584.52
2012-12-20,5.31,5.33,5.25,5.27,37174.69
2012-12-21,5.29,5.32,5.23,5.27,69603.55
2012-12-24,5.31,5.43,5.26,5.38,54985.52
2012-12-25,5.38,5.59,5.36,5.57,68410.42
2012-12-26,5.57,5.59,5.47,5.59,50143.66
2012-12-27,5.59,5.64,5.54,5.6,49260.9
2012-12-28,5.61,5.72,5.55,5.68,56064.41
2012-12-31,5.69,5.73,5.53,5.71,105168.51
2013-01-04,5.65,5.65,5.38,5.4,127544.46
2013-01-07,5.41,5.54,5.41,5.5,73746.51
2013-01-08,5.51,5.64,5.47,5.59,68368.95
2013-01-09,5.58,5.71,5.56,5.62,49977.53
2013-01-10,5.61,5.65,5.5,5.57,62417.91
2013-01-11,5.56,5.59,5.47,5.57,37822.94
2013-01-14,5.58,5.78,5.52,5.72,92496.07
2013-01-15,5.73,5.74,5.66,5.7,68566.04
2013-01-16,5.69,5.9,5.67,5.84,83178.58
2013-01-17,5.95,6.02,5.84,5.92,55051.51
2013-01-18,5.94,6.07,5.82,5.99,54136.98
2013-01-21,6.03,6.03,5.84,5.92,68350.36
2013-01-22,5.9,5.91,5.8,5.81,45633.75
2013-01-23,5.84,5.95,5.78,5.94,41425.5
2013-01-24,5.94,6.01,5.88,5.94,47614.89
2013-01-25,5.97,6.23,5.93,6.2,82356.3
2013-01-28,6.22,6.35,6.18,6.3,80888.33
2013-01-29,6.31,6.33,6.22,6.29,36305.67
2013-01-30,6.29,6.29,6.12,6.2,70894.67
2013-01-31,6.2,6.21,6.03,6.19,77577.62
2013-02-01,6.14,6.21,5.99,6.03,53899.37
2013-02-04,6.06,6.07,5.86,5.89,68957.39
2013-02-05,5.88,6.07,5.84,6.0,59505.54
2013-02-06,6.0,6.18,5.97,6.17,44599.91
2013-02-07,6.17,6.23,6.11,6.17,44129.72
2013-02-08,6.17,6.31,6.15,6.21,52953.3
2013-02-18,6.24,6.25,6.03,6.12,41236.92
2013-02-19,6.11,6.26,6.11,6.26,38705.26
2013-02-20,6.24,6.55,6.22,6.49,116930.07
2013-02-21,6.5,6.57,6.29,6.35,83396.66
2013-02-22,6.35,6.42,6.29,6.34,41920.11
2013-02-25,6.39,6.46,6.35,6.37,36899.38
2013-02-26,6.34,6.52,6.26,6.28,51226.85
2013-02-27,6.28,6.33,6.13,6.2,42629.79
2013-02-28,6.22,6.32,6.2,6.25,47171.64
2013-03-01,6.24,6.45,6.21,6.42,53829.96
2013-03-04,6.39,6.67,6.39,6.45,95389.13
2013-03-05,6.48,6.6,6.41,6.54,97760.0
2013-03-06,6.6,6.65,6.44,6.44,80736.08
2013-03-07,6.46,6.48,6.27,6.32,43474.73
2013-03-08,6.33,6.41,6.27,6.32,44358.5
2013-03-11,6.3,6.39,6.25,6.31,27941.21
2013-03-12,6.31,6.35,6.06,6.16,69403.78
2013-03-13,6.11,6.16,6.05,6.12,29484.68
2013-03-14,6.05,6.31,6.05,6.23,36560.66
2013-03-15,6.2,6.37,6.18,6.25,31369.9
2013-03-18,6.31,6.35,6.09,6.11,47587.38
2013-03-19,6.15,6.24,6.02,6.05,38597.16
2013-03-20,6.07,6.19,6.03,6.16,36495.85
2013-03-21,6.17,6.3,6.07,6.26,47636.55
2013-03-22,6.26,6.38,6.22,6.35,30618.25
2013-03-25,6.4,6.41,6.22,6.26,32177.42
2013-03-26,6.26,6.29,6.12,6.23,18905.75
2013-03-27,6.22,6.32,6.18,6.31,35805.07
2013-03-28,6.3,6.46,6.21,6.38,63198.96
2013-03-29,6.41,6.45,6.35,6.37,34188.64
2013-04-01,6.37,6.4,6.14,6.15,72061.66
2013-04-02,6.17,6.29,5.93,5.95,131017.35
2013-04-03,6.02,6.02,5.82,5.86,67302.43
2013-04-08,6.07,6.23,5.97,6.05,177236.65
2013-04-09,6.03,6.03,5.73,5.9,110870.64
2013-04-10,5.86,5.86,5.68,5.84,109216.83
2013-04-11,5.82,5.85,5.75,5.78,71491.86
2013-04-12,5.76,5.84,5.73,5.77,42374.32
2013-04-15,5.81,5.85,5.67,5.68,55849.3
2013-04-16,5.65,5.76,5.6,5.73,66112.0
2013-04-17,5.72,5.8,5.69,5.77,58320.65
2013-04-18,5.77,5.82,5.63,5.65,81501.55
2013-04-19,5.65,5.79,5.65,5.77,82188.71
2013-04-22,5.77,5.97,5.76,5.93,91892.45
2013-04-23,5.93,5.97,5.79,5.86,67365.85
2013-04-24,5.82,5.91,5.76,5.87,43276.55
2013-04-25,5.77,5.77,5.6,5.69,136366.64
2013-04-26,5.69,5.83,5.65,5.78,56794.11
2013-05-02,5.71,5.81,5.69,5.77,50212.36
2013-05-03,5.77,5.93,5.77,5.88,42399.98
2013-05-06,5.88,6.06,5.88,6.0,42222.77
2013-05-07,6.01,6.17,5.99,6.05,74787.22
2013-05-08,6.06,6.17,6.01,6.12,56334.99
2013-05-09,6.12,6.14,5.94,6.05,47173.84
2013-05-10,5.99,6.12,5.99,6.06,26366.08
2013-05-13,6.07,6.08,5.98,5.99,26103.08
2013-05-14,6.0,6.05,5.89,5.98,43087.64
2013-05-15,5.95,6.09,5.9,6.08,35595.41
2013-05-16,5.97,6.1,5.97,5.98,55272.83
2013-05-17,5.98,6.19,5.98,6.15,73303.41
2013-05-20,6.14,6.14,5.69,5.86,253239.59
2013-05-21,5.79,5.82,5.7,5.79,167064.96
2013-05-22,5.79,5.8,5.57,5.6,236165.32
2013-05-23,5.61,5.68,5.57,5.67,125353.55
2013-05-24,5.69,5.72,5.62,5.66,85131.3
2013-05-27,5.69,5.83,5.66,5.8,120726.95
2013-05-28,5.8,5.84,5.75,5.81,74449.58
2013-05-29,5.81,5.85,5.79,5.81,47536.41
2013-05-30,5.81,5.86,5.75,5.81,66842.49
2013-05-31,5.8,6.02,5.79,5.94,109250.35
2013-06-03,5.94,6.08,5.93,5.97,86645.28
2013-06-04,5.94,6.0,5.76,5.81,77459.74
2013-06-05,5.8,5.93,5.8,5.9,47623.71
2013-06-06,5.9,5.94,5.8,5.8,43178.71
2013-06-07,5.85,5.93,5.74,5.84,54183.76
2013-06-13,5.78,5.84,5.66,5.8,61443.56
2013-06-14,5.81,6.05,5.81,6.0,88848.57
2013-06-17,6.0,6.11,5.96,6.07,80190.68
2013-06-18,6.07,6.08,5.97,6.03,63581.75
2013-06-19,6.01,6.01,5.87,5.93,52986.0
2013-06-20,5.88,5.99,5.84,5.85,46753.72
2013-06-21,5.73,5.83,5.68,5.7,72671.25
2013-06-24,5.72,5.72,5.41,5.46,127493.75
2013-06-25,5.45,5.46,5.16,5.38,134390.56
2013-06-26,5.42,5.51,5.29,5.47,67675.71
2013-06-27,5.47,5.67,5.47,5.56,63922.38
2013-06-28,5.5,5.64,5.42,5.51,41308.43
2013-07-01,5.43,5.69,5.43,5.65,58886.88
2013-07-02,5.66,5.98,5.66,5.96,151927.74
2013-07-03,5.94,6.1,5.88,6.04,99639.72
2013-07-04,5.93,5.99,5.88,5.91,62598.93
2013-07-05,5.92,6.05,5.87,5.92,61096.1
2013-07-08,5.84,6.0,5.75,5.85,45328.58
2013-07-09,5.79,5.92,5.76,5.79,39992.46
2013-07-10,5.75,5.92,5.75,5.89,49411.34
2013-07-11,5.91,6.12,5.91,6.08,66675.47
2013-07-12,6.09,6.31,6.07,6.18,76899.52
2013-07-15,6.18,6.8,6.18,6.8,125934.24
2013-07-16,6.9,7.31,6.9,7.04,197312.47
2013-07-17,7.02,7.21,6.95,7.06,144896.41
2013-07-18,6.99,7.03,6.8,6.93,102522.09
2013-07-19,6.94,6.99,6.71,6.8,78635.48
2013-07-22,6.73,7.27,6.69,7.24,99239.74
2013-07-23,7.21,7.29,7.07,7.11,102856.43
2013-07-24,7.1,7.27,6.93,7.23,122319.59
2013-07-25,7.23,7.64,7.17,7.22,104349.4
2013-07-26,7.12,7.48,7.08,7.25,77708.78
2013-07-29,7.13,7.61,7.08,7.31,110919.32
2013-07-30,7.38,7.5,7.0,7.13,86423.05
2013-07-31,7.14,7.21,6.92,6.99,61582.86
2013-08-01,7.03,7.15,6.88,7.09,82249.23
2013-08-02,7.08,7.09,6.96,7.08,62388.03
2013-08-05,7.08,7.34,7.0,7.29,73506.13
2013-08-06,7.29,7.58,7.23,7.44,73151.73
2013-08-07,7.51,7.52,7.25,7.4,50283.76
2013-08-08,7.33,7.69,7.33,7.65,70581.96
2013-08-09,7.68,7.68,7.36,7.56,57925.79
2013-08-12,7.47,7.56,7.18,7.32,103018.52
2013-08-13,7.31,7.31,7.08,7.21,80404.83
2013-08-14,7.21,7.28,7.13,7.28,53648.74
2013-08-15,7.26,7.26,6.83,6.85,170766.26
2013-08-16,6.79,7.13,6.6,6.61,110145.75
2013-08-19,6.63,6.91,6.62,6.88,96657.58
2013-08-20,6.85,6.94,6.71,6.81,53144.76
2013-08-21,6.83,6.84,6.71,6.77,35736.09
2013-08-22,6.73,6.94,6.71,6.91,58725.19
2013-08-23,6.88,7.21,6.88,7.09,93517.98
2013-08-26,7.02,7.09,6.96,7.07,53535.97
2013-08-27,7.05,7.12,6.92,6.94,40814.02
2013-08-28,6.92,6.92,6.72,6.72,49282.33
2013-08-29,6.79,6.81,6.69,6.74,33444.47
2013-08-30,6.71,6.78,6.66,6.69,33914.5
2013-09-02,6.67,6.71,6.42,6.66,87329.07
2013-09-03,6.69,6.89,6.62,6.86,50199.8
2013-09-04,6.85,6.93,6.76,6.83,27988.32
2013-09-05,6.83,6.96,6.78,6.91,51986.71
2013-09-06,6.97,7.0,6.84,6.91,49068.51
2013-09-09,6.91,6.93,6.78,6.84,49213.8
2013-09-10,6.84,6.85,6.62,6.65,95949.74
2013-09-11,6.66,6.78,6.52,6.73,67188.52
2013-09-12,6.74,6.82,6.65,6.79,63772.13
2013-09-13,6.76,6.87,6.61,6.8,67870.52
2013-09-16,6.82,6.93,6.72,6.92,75740.74
2013-09-17,6.89,6.91,6.71,6.8,65575.34
2013-09-18,6.78,6.93,6.71,6.8,52364.85
2013-09-23,6.81,7.19,6.73,7.16,121824.97
2013-09-24,7.16,7.24,7.11,7.19,68800.83
2013-09-25,7.14,7.17,7.01,7.07,53712.17
2013-09-26,7.08,7.51,7.02,7.49,133745.46
2013-09-27,7.47,7.54,7.36,7.48,78383.55
2013-09-30,7.47,7.61,7.36,7.6,50953.56
2013-10-08,7.54,7.7,7.39,7.43,61635.74
2013-10-09,7.45,7.47,7.28,7.4,52638.74
2013-10-10,7.27,7.28,7.07,7.12,106730.26
2013-10-11,7.11,7.32,7.07,7.29,53561.04
2013-10-14,7.25,7.25,6.94,7.02,141482.42
2013-10-15,7.03,7.13,6.8,6.85,160323.47
2013-10-16,6.89,6.92,6.76,6.86,93290.29
2013-10-17,6.87,7.04,6.87,6.98,83717.05
2013-10-18,7.0,7.03,6.78,6.83,60783.48
2013-10-21,6.82,6.9,6.68,6.87,90989.36
2013-10-22,6.87,6.99,6.81,6.95,66394.48
2013-10-23,6.99,7.12,6.95,7.02,69752.94
2013-10-24,7.02,7.05,6.79,6.8,54120.63
2013-10-25,6.78,6.84,6.61,6.69,61227.93
2013-10-28,6.69,6.75,6.56,6.71,24651.89
2013-10-29,6.77,6.79,6.58,6.64,55481.1
2013-10-30,6.62,6.75,6.54,6.63,45082.83
2013-10-31,6.63,6.67,6.56,6.63,25332.36
2013-11-01,6.68,6.76,6.63,6.75,37973.92
2013-11-04,6.71,6.77,6.37,6.47,86323.12
2013-11-05,6.38,6.48,6.2,6.46,77706.42
2013-11-06,6.42,6.44,6.25,6.27,49476.21
2013-11-07,6.27,6.38,6.26,6.32,32322.07
2013-11-08,6.32,6.38,6.26,6.33,28900.41
2013-11-11,6.27,6.55,6.23,6.51,50346.08
2013-11-12,6.51,6.6,6.43,6.51,47382.9
2013-11-13,6.51,6.51,6.39,6.45,27587.61
2013-11-14,6.45,6.7,6.44,6.65,43290.11
2013-11-15,6.65,6.78,6.61,6.67,52158.28
2013-11-18,6.69,6.79,6.63,6.77,64454.71
2013-11-19,6.77,6.77,6.69,6.75,23798.0
2013-11-20,6.82,6.85,6.67,6.75,20271.92
2013-11-21,6.69,7.02,6.69,6.99,95036.28
2013-11-22,7.04,7.05,6.9,6.98,48918.37
2013-11-25,6.92,7.27,6.92,7.24,61890.69
2013-11-26,7.21,7.4,7.13,7.14,67077.81
2013-11-27,7.19,7.24,7.0,7.17,35124.28
2013-11-28,7.17,7.18,7.08,7.08,48658.69
2013-11-29,7.04,7.18,7.0,7.08,46958.04
2013-12-02,7.0,7.07,6.85,6.89,44302.42
2013-12-03,6.81,7.16,6.81,7.14,24976.62
2013-12-04,7.16,7.25,7.08,7.18,31232.45
2013-12-05,7.12,7.29,7.05,7.23,31686.01
2013-12-06,7.16,7.24,7.04,7.08,30790.04
2013-12-09,7.09,7.32,7.09,7.21,36004.06
2013-12-10,7.18,7.32,7.13,7.21,40963.61
2013-12-11,7.16,7.35,7.16,7.19,58121.44
2013-12-12,7.14,7.46,7.14,7.42,76617.21
2013-12-13,7.3,7.64,7.3,7.53,97143.1
2013-12-16,7.46,7.55,7.27,7.35,56595.12
2013-12-17,7.32,7.66,7.3,7.65,107854.34
2013-12-18,7.65,7.84,7.61,7.69,87527.41
2013-12-19,7.64,7.69,7.42,7.47,70113.4
2013-12-20,7.42,7.77,7.42,7.71,95591.38
2013-12-23,7.78,8.14,7.67,8.02,140449.18
2013-12-24,7.97,8.06,7.73,7.75,101742.55
2013-12-25,7.76,7.92,7.63,7.64,94698.61
2013-12-26,7.65,7.94,7.65,7.81,105048.61
2013-12-27,7.81,7.92,7.73,7.82,49720.46
2013-12-30,7.86,8.03,7.8,8.0,67887.16
2013-12-31,7.84,8.03,7.84,7.94,67916.3
2014-01-02,7.94,8.3,7.92,8.16,78341.95
2014-01-03,8.16,8.19,7.92,8.11,65572.19
2014-01-06,8.04,8.04,7.73,7.84,62723.52
2014-01-07,7.71,8.17,7.71,8.1,68591.97
2014-01-08,8.2,8.2,7.94,8.11,36014.08
2014-01-09,8.07,8.28,7.94,8.13,57489.6
2014-01-10,8.11,8.21,7.88,7.89,52449.6
2014-01-13,7.89,7.94,7.65,7.75,48520.83
2014-01-14,7.73,7.86,7.58,7.69,55610.46
2014-01-15,7.7,8.15,7.7,8.14,39135.08
2014-01-16,8.11,8.13,7.93,7.96,36824.0
2014-01-17,7.98,8.02,7.74,7.76,25834.96
2014-01-20,7.74,7.86,7.46,7.62,48401.86
2014-01-21,7.63,7.71,7.55,7.64,28621.89
2014-01-22,7.66,7.81,7.58,7.81,35893.8
2014-01-23,7.8,7.8,7.53,7.55,68688.11
2014-01-24,7.53,7.7,7.48,7.63,92177.91
2014-01-27,7.61,7.63,7.38,7.54,52256.4
2014-01-28,7.58,7.69,7.46,7.59,61506.96
2014-01-29,7.6,7.78,7.49,7.77,39850.75
2014-01-30,7.72,7.89,7.65,7.83,26695.6
2014-02-07,7.69,7.83,7.65,7.75,35077.57
2014-02-10,7.83,7.94,7.73,7.92,55744.03
2014-02-11,7.88,8.14,7.84,7.96,68111.0
2014-02-12,7.95,7.99,7.86,7.94,43390.23
2014-02-13,7.9,8.12,7.71,7.75,55687.87
2014-02-14,7.75,8.03,7.74,7.98,33004.14
2014-02-17,8.03,8.15,7.83,7.96,51336.9
2014-02-18,7.89,7.89,7.66,7.68,58808.42
2014-02-19,7.68,7.82,7.53,7.66,62443.2
2014-02-20,7.65,7.78,7.55,7.64,35331.43
2014-02-21,7.65,7.84,7.64,7.75,60602.33
2014-02-24,7.69,8.1,7.69,8.07,120746.88
2014-02-25,8.06,8.12,7.73,7.84,58720.29
2014-02-26,7.86,7.86,7.59,7.79,62463.6
2014-02-27,7.73,7.76,7.16,7.23,177731.18
2014-02-28,7.1,7.66,7.04,7.55,95202.66
2014-03-03,7.55,7.62,7.4,7.53,76944.93
2014-03-04,7.53,7.6,7.18,7.23,78846.73
2014-03-05,7.23,7.29,7.06,7.1,69818.42
2014-03-06,7.09,7.19,6.96,7.04,59025.83
2014-03-07,7.04,7.22,6.98,7.15,59330.69
2014-03-10,7.14,7.3,7.03,7.15,51433.0
2014-03-11,7.08,7.58,7.08,7.5,77275.64
2014-03-12,7.48,7.69,7.4,7.45,77793.79
2014-03-13,7.46,7.64,7.42,7.5,30744.25
2014-03-14,7.51,7.51,7.31,7.33,24930.2
2014-03-17,7.39,7.48,7.29,7.37,37497.3
2014-03-18,7.38,7.38,7.11,7.23,63910.47
2014-03-19,7.18,7.31,7.11,7.16,36519.71
2014-03-20,7.17,7.2,6.97,6.99,75842.44
2014-03-21,6.97,7.2,6.9,7.19,37352.68
2014-03-24,7.13,7.21,7.05,7.16,31118.34
2014-03-25,7.16,7.2,7.05,7.14,21663.61
2014-03-26,7.14,7.31,7.11,7.21,20526.51
2014-03-27,7.16,7.2,7.07,7.09,23161.07
2014-03-28,7.07,7.15,6.86,6.91,39599.87
2014-03-31,6.9,7.13,6.87,7.0,30489.47
2014-04-01,6.98,7.09,6.88,6.96,46104.04
2014-04-02,6.96,6.96,6.8,6.84,59081.93
2014-04-03,6.88,6.97,6.84,6.93,40497.17
2014-04-04,6.95,6.98,6.82,6.96,50122.63
2014-04-08,6.96,7.32,6.94,7.26,72077.08
2014-04-09,7.16,7.23,7.09,7.17,65807.64
2014-04-10,7.17,7.24,7.05,7.1,46757.45
2014-04-11,7.1,7.33,7.09,7.24,58545.57
2014-04-14,7.22,7.38,7.18,7.25,37168.04
2014-04-15,7.19,7.37,7.19,7.28,55522.72
2014-04-16,7.3,7.3,7.17,7.27,22321.47
2014-04-17,7.25,7.27,7.14,7.16,21361.34
2014-04-18,7.11,7.23,7.11,7.17,10822.98
2014-04-21,7.11,7.24,7.0,7.02,27405.03
2014-04-22,7.02,7.08,6.94,6.97,38391.63
2014-04-23,6.95,7.1,6.94,7.0,21376.32
2014-04-24,6.99,7.02,6.91,6.94,19924.27
2014-04-25,6.93,6.96,6.81,6.83,28809.06
2014-04-28,6.82,6.89,6.68,6.75,54280.53
2014-04-29,6.7,6.84,6.7,6.77,23893.86
2014-04-30,6.73,7.02,6.73,6.97,41385.43
2014-05-05,6.96,7.01,6.88,6.97,27678.9
2014-05-06,6.91,7.12,6.9,7.02,23747.84
2014-05-07,6.97,7.03,6.97,6.99,15787.18
2014-05-08,6.98,7.1,6.94,6.94,23008.17
2014-05-09,7.01,7.14,6.95,7.12,53909.26
2014-05-12,7.14,7.17,7.04,7.08,37239.38
2014-05-13,7.07,7.1,7.03,7.08,16098.05
2014-05-14,7.1,7.19,7.1,7.17,33282.48
2014-05-15,7.26,7.26,7.08,7.13,19366.8
2014-05-16,7.17,7.28,7.08,7.12,22026.09
2014-05-19,7.04,7.1,6.91,7.06,38666.89
2014-05-20,7.08,7.15,7.01,7.11,17097.45
2014-05-21,7.04,7.18,7.01,7.13,30143.78
2014-05-22,7.12,7.28,7.12,7.2,20420.37
2014-05-23,7.2,7.39,7.2,7.36,37020.98
2014-05-26,7.49,7.49,7.28,7.28,23365.61
2014-05-27,7.27,7.42,7.26,7.3,27482.83
2014-05-28,7.3,7.37,7.26,7.31,18304.23
2014-05-29,7.37,7.56,7.37,7.46,44980.08
2014-05-30,7.49,7.5,7.42,7.47,20691.35
2014-06-03,7.43,7.63,7.43,7.59,27404.11
2014-06-04,7.61,7.63,7.42,7.46,24278.91
2014-06-05,7.46,7.68,7.43,7.65,34163.01
2014-06-06,7.65,7.76,7.56,7.58,43085.87
2014-06-09,7.63,7.77,7.58,7.73,32308.52
2014-06-10,7.68,7.78,7.6,7.75,34493.61
2014-06-11,7.68,7.84,7.68,7.84,28936.62
2014-06-12,7.84,7.84,7.74,7.76,26723.59
2014-06-13,7.74,7.83,7.69,7.69,45831.57
2014-06-16,7.69,7.76,7.58,7.61,43438.0
2014-06-17,7.61,7.67,7.54,7.56,35855.7
2014-06-18,7.58,7.77,7.56,7.7,34944.89
2014-06-19,7.7,7.74,7.58,7.6,25855.24
2014-06-20,7.61,7.65,7.52,7.59,25540.3
2014-06-23,7.61,7.75,7.59,7.73,41117.15
2014-06-24,7.79,7.79,7.71,7.73,27722.32
2014-06-25,7.73,7.73,7.49,7.58,35418.52
2014-06-26,7.61,7.62,7.49,7.55,32981.61
2014-06-27,7.55,7.58,7.49,7.52,25697.46
2014-06-30,7.54,7.65,7.54,7.64,32115.72
2014-07-01,7.66,7.72,7.57,7.69,27995.14
2014-07-02,7.73,7.75,7.58,7.61,29370.55
2014-07-03,7.61,7.72,7.59,7.69,30534.97
2014-07-04,7.68,7.69,7.56,7.57,26812.4
2014-07-07,7.56,7.61,7.53,7.54,18009.26
2014-07-08,7.52,7.64,7.47,7.57,49592.11
2014-07-09,7.58,7.58,7.22,7.3,84403.15
2014-07-10,7.3,7.37,7.24,7.29,31720.52
2014-07-11,7.31,7.41,7.29,7.36,30356.26
2014-07-14,7.4,7.51,7.35,7.46,34104.4
2014-07-15,7.55,7.55,7.41,7.51,40665.27
2014-07-16,7.48,7.59,7.28,7.29,65626.89
2014-07-17,7.28,7.35,7.25,7.31,29505.82
2014-07-18,7.28,7.35,7.27,7.32,33594.39
2014-07-21,7.35,7.46,7.32,7.44,35211.96
2014-07-22,7.44,7.52,7.44,7.49,33398.26
2014-07-23,7.49,7.52,7.4,7.41,19243.8
2014-07-24,7.41,7.56,7.39,7.44,31278.48
2014-07-25,7.52,7.55,7.36,7.44,28664.91
2014-07-28,7.46,7.52,6.7,7.46,77844.83
2014-07-29,7.44,7.52,7.4,7.49,48713.34
2014-07-30,7.45,7.68,7.45,7.66,65329.06
2014-07-31,7.65,7.72,7.54,7.62,38231.17
2014-08-01,7.61,7.86,7.59,7.75,79767.75
2014-08-04,7.82,7.97,7.71,7.77,55765.28
2014-08-05,7.78,7.78,7.59,7.65,57629.81
2014-08-06,7.61,7.73,7.61,7.66,50200.55
2014-08-07,7.7,7.7,7.58,7.61,39829.31
2014-08-08,7.64,7.7,7.6,7.63,30245.22
2014-08-11,7.63,7.75,7.63,7.74,41298.89
2014-08-12,7.68,7.83,7.68,7.81,48358.44
2014-08-13,7.82,7.88,7.7,7.8,43369.65
2014-08-14,7.76,7.82,7.69,7.74,25385.11
2014-08-15,7.81,7.91,7.73,7.87,43024.56
2014-08-18,7.9,8.05,7.9,8.01,46110.56
2014-08-19,8.02,8.06,7.94,7.99,43448.96
2014-08-20,7.96,8.0,7.89,7.9,43050.21
2014-08-21,7.95,7.97,7.88,7.95,26271.35
2014-08-22,7.91,8.02,7.91,7.94,23948.36
2014-08-25,7.94,8.06,7.91,7.91,43406.35
2014-08-26,7.89,7.99,7.89,7.94,26899.62
2014-08-27,7.96,7.99,7.81,7.81,31939.06
2014-08-28,7.81,7.83,7.71,7.81,31025.83
2014-08-29,7.84,7.92,7.74,7.8,39114.32
2014-09-01,7.81,7.9,7.74,7.86,53672.07
2014-09-02,7.91,7.91,7.79,7.86,46727.28
2014-09-03,7.85,7.99,7.85,7.95,60047.92
2014-09-04,7.95,7.95,7.83,7.91,76389.95
2014-09-05,7.93,7.99,7.81,7.93,71664.39
2014-09-09,7.92,7.92,7.81,7.83,83217.99
2014-09-10,7.79,7.87,7.76,7.83,46979.15
2014-09-11,7.79,7.85,7.72,7.74,52983.78
2014-09-12,7.74,7.83,7.74,7.82,54483.18
2014-09-15,7.74,7.82,7.74,7.81,52185.39
2014-09-16,7.83,7.98,7.8,7.82,94289.26
2014-09-17,7.81,8.22,7.8,8.21,129192.71
2014-09-18,8.24,8.55,8.23,8.45,129593.01
2014-09-19,8.45,8.55,8.33,8.55,71529.51
2014-09-22,8.49,8.67,8.37,8.49,55902.09
2014-09-23,8.56,8.77,8.45,8.7,88090.55
2014-09-24,8.64,8.8,8.62,8.78,81294.93
2014-09-25,8.83,8.83,8.55,8.65,84441.35
2014-09-26,8.66,8.74,8.61,8.7,44384.92
2014-09-29,8.7,8.73,8.51,8.66,51481.29
2014-09-30,8.66,8.68,8.53,8.55,45428.67
2014-10-08,8.55,9.07,8.47,8.99,120357.46
2014-10-09,8.98,9.2,8.92,8.97,87677.97
2014-10-10,8.88,9.06,8.81,8.93,33203.32
2014-10-13,8.91,9.16,8.73,9.12,55510.38
2014-10-14,9.06,9.11,8.83,8.96,36660.08
2014-10-15,8.84,9.06,8.84,8.98,40492.9
2014-10-16,8.93,9.18,8.71,8.74,50999.91
2014-10-17,8.74,8.87,8.58,8.82,48094.96
2014-10-20,8.82,8.94,8.68,8.7,44325.37
2014-10-21,8.75,9.01,8.74,8.89,54049.32
2014-10-22,8.89,8.94,8.74,8.81,32080.19
2014-10-23,8.81,8.96,8.69,8.73,34732.43
2014-10-24,8.74,8.83,8.67,8.77,22997.59
2014-10-27,8.69,8.99,8.68,8.99,45486.93
2014-10-28,8.96,9.13,8.92,9.09,59366.13
2014-10-29,9.1,9.13,8.98,9.09,73518.31
2014-10-30,9.08,9.25,9.06,9.12,67880.62
2014-10-31,9.13,9.32,8.9,8.98,51261.18
2014-11-03,8.99,9.02,8.88,8.92,42393.63
2014-11-04,8.93,8.93,8.71,8.85,78430.26
2014-11-05,8.99,9.12,8.85,8.9,68576.8
2014-11-06,8.97,9.09,8.94,9.01,52338.85
2014-11-07,9.04,9.08,8.73,8.79,87725.27
2014-11-10,8.76,8.78,8.66,8.76,63646.91
2014-11-11,8.76,8.85,8.67,8.84,84320.45
2014-11-12,8.81,9.09,8.77,9.06,59993.01
2014-11-13,9.04,9.04,8.75,8.82,59992.74
2014-11-14,8.79,8.91,8.7,8.8,37732.74
2014-11-17,9.31,9.31,8.64,8.71,108523.45
2014-11-18,8.74,8.82,8.71,8.77,53940.67
2014-11-19,8.78,8.89,8.76,8.84,42737.92
2014-11-20,8.76,8.82,8.53,8.58,74999.3
2014-11-21,8.59,8.68,8.52,8.58,55428.64
2014-11-24,8.58,8.6,8.3,8.37,207858.0
2014-11-25,8.37,8.55,8.29,8.43,131318.03
2014-11-26,8.44,8.47,8.18,8.36,181681.97
2014-11-27,8.31,8.34,8.18,8.3,165050.88
2014-11-28,8.25,8.26,8.17,8.22,156105.8
2014-12-01,8.19,8.55,8.11,8.52,192576.05
2014-12-02,8.48,8.53,8.37,8.47,149186.32
2014-12-03,8.47,8.6,8.29,8.58,191672.54
2014-12-04,8.58,8.81,8.58,8.71,176351.73
2014-12-05,8.74,8.77,8.36,8.64,235662.41
2014-12-08,8.53,8.54,8.3,8.45,176081.5
2014-12-09,8.48,8.5,8.25,8.26,214271.11
2014-12-10,8.32,8.66,8.31,8.53,157560.7
2014-12-11,8.51,8.64,8.41,8.54,128828.01
2014-12-12,8.58,8.82,8.41,8.68,118210.94
2014-12-15,8.73,9.09,8.68,9.01,186078.06
2014-12-16,9.0,9.09,8.82,8.94,96343.71
2014-12-17,8.99,8.99,8.61,8.64,146078.17
2014-12-18,8.69,8.73,8.53,8.72,77416.7
2014-12-19,8.71,8.81,8.5,8.62,93233.5
2014-12-22,8.59,8.6,8.28,8.46,91283.41
2014-12-23,8.46,8.5,8.35,8.36,82063.5
2014-12-24,8.36,8.46,8.3,8.42,60606.36
2014-12-25,8.41,8.51,8.39,8.45,60935.89
2014-12-26,8.45,8.51,8.32,8.48,114381.95
2014-12-29,8.47,8.66,8.38,8.48,86723.19
2014-12-30,8.49,8.69,8.46,8.58,99043.7
2014-12-31,8.53,8.69,8.5,8.64,91741.01
2015-01-05,8.64,9.03,8.53,8.94,131527.84
2015-01-06,8.93,9.47,8.85,9.13,174777.05
2015-01-07,9.12,9.2,8.92,9.03,71088.88
2015-01-08,9.08,9.31,9.04,9.1,86168.98
2015-01-09,9.14,9.41,9.02,9.03,124714.7
2015-01-12,9.0,9.32,8.88,9.27,88035.88
2015-01-13,9.22,9.49,9.22,9.28,68357.26
2015-01-14,9.27,9.36,9.02,9.03,60988.17
2015-01-15,9.03,9.17,8.87,8.99,72157.69
2015-01-16,8.96,9.03,8.9,8.97,68470.01
2015-01-19,8.88,9.31,8.8,8.99,123324.91
2015-01-20,8.91,9.15,8.89,9.08,93546.51
2015-01-21,9.12,9.45,9.11,9.4,118751.24
2015-01-22,9.41,9.82,9.41,9.68,150925.23
2015-01-23,9.73,9.8,9.56,9.65,71140.76
2015-01-26,9.65,9.89,9.65,9.78,87431.74
2015-01-27,9.77,9.91,9.63,9.71,68627.52
2015-01-28,9.64,9.76,9.45,9.49,53130.36
2015-01-29,9.42,9.52,9.29,9.4,56325.28
2015-01-30,9.44,9.54,9.27,9.38,44025.0
2015-02-02,9.29,9.72,9.29,9.68,93159.05
2015-02-03,9.8,9.82,9.5,9.55,60246.41
2015-02-04,9.57,9.61,9.38,9.4,38151.91
2015-02-05,9.45,9.52,9.22,9.25,54659.9
2015-02-06,9.24,9.45,9.21,9.27,51956.17
2015-02-09,9.41,9.5,9.24,9.41,51478.41
2015-02-10,9.41,9.59,9.34,9.42,73303.43
2015-02-11,9.43,9.56,9.38,9.5,33926.46
2015-02-12,9.5,9.56,9.37,9.53,33091.33
2015-02-13,9.57,9.59,9.27,9.35,67901.88
2015-02-16,9.35,9.59,9.27,9.5,59261.15
2015-02-17,9.53,9.61,9.51,9.53,34528.25
2015-02-25,9.53,9.54,9.32,9.38,50338.67
2015-02-26,9.36,9.43,9.29,9.41,41343.51
2015-02-27,9.43,9.44,9.29,9.3,55175.63
2015-03-02,9.33,9.34,9.15,9.22,106514.14
2015-03-03,9.27,9.38,9.2,9.24,115558.88
2015-03-04,9.33,9.68,9.27,9.65,164683.99
2015-03-05,9.57,10.01,9.53,9.87,154821.15
2015-03-06,9.89,9.92,9.64,9.76,62558.57
2015-03-09,9.62,9.9,9.54,9.81,94067.81
2015-03-10,9.73,9.99,9.73,9.92,63622.54
2015-03-11,9.96,10.14,9.84,10.05,74625.12
2015-03-12,10.06,10.22,9.89,9.91,62819.21
2015-03-13,9.75,9.95,9.69,9.88,61015.35
2015-03-16,9.88,10.02,9.7,9.91,107696.13
2015-03-17,9.89,10.0,9.68,9.77,148943.94
2015-03-18,9.77,9.92,9.66,9.91,118060.67
2015-03-19,9.91,9.91,9.67,9.74,103540.2
2015-03-20,9.73,10.17,9.59,10.16,219913.13
2015-03-23,10.18,10.47,10.16,10.19,120276.3
2015-03-24,10.15,10.18,9.87,10.08,151668.7
2015-03-25,9.98,10.48,9.96,10.42,169116.59
2015-03-26,10.37,10.58,10.26,10.42,93092.58
2015-03-27,10.42,10.43,10.12,10.25,79923.76
2015-03-30,10.26,10.49,10.12,10.41,90677.1
2015-03-31,10.56,10.9,10.34,10.63,162635.48
2015-04-01,10.63,11.34,10.6,11.17,153760.87
2015-04-02,11.18,11.39,10.97,11.17,107436.26
2015-04-03,11.08,11.26,10.99,11.24,79507.49
2015-04-07,11.34,11.41,11.14,11.32,118820.62
2015-04-08,11.32,11.61,11.25,11.36,168239.3
2015-04-09,11.31,11.53,10.97,11.38,125707.7
2015-04-10,11.37,11.92,11.3,11.8,123519.72
2015-04-13,11.76,12.7,11.76,12.34,199340.2
2015-04-14,12.35,12.81,12.08,12.23,113408.43
2015-04-15,12.23,12.91,12.11,12.58,121393.73
2015-04-16,12.68,13.59,12.47,12.7,176973.84
2015-04-17,12.7,13.04,12.36,12.56,190268.23
2015-04-20,13.02,13.37,12.34,12.4,166788.15
2015-04-21,12.61,13.07,12.45,13.04,174696.99
2015-04-22,13.09,13.76,13.09,13.41,153528.3
2015-04-23,13.62,13.62,13.12,13.26,120616.02
2015-04-24,13.02,13.41,12.87,13.13,133120.26
2015-04-27,13.17,13.44,12.9,13.19,155409.12
2015-04-28,12.94,13.14,12.79,12.8,128660.82
2015-04-29,12.79,13.11,12.79,13.06,89391.66
2015-04-30,13.14,13.28,13.06,13.14,95306.03
2015-05-04,13.17,13.21,12.82,12.87,81235.04
2015-05-05,12.91,13.35,12.87,13.12,133515.54
2015-05-06,13.14,13.67,13.14,13.29,137210.37
2015-05-07,13.21,13.37,12.91,13.02,80194.32
2015-05-08,13.0,13.11,12.82,13.07,97562.62
2015-05-11,13.07,13.49,12.79,13.39,178250.79
2015-05-12,13.42,13.67,13.34,13.64,164513.51
2015-05-13,13.65,13.91,13.35,13.42,120258.11
2015-05-14,13.3,13.57,13.18,13.31,109826.43
2015-05-15,13.32,13.39,12.82,12.92,109113.18
2015-05-18,12.91,13.02,12.61,12.87,117041.14
2015-05-19,12.86,13.14,12.59,13.07,140112.26
2015-05-20,13.08,13.37,12.91,13.27,176415.34
2015-05-21,13.28,13.75,13.14,13.74,174261.86
2015-05-22,13.95,14.11,13.6,13.8,140926.74
2015-05-25,13.74,13.99,13.53,13.9,210032.67
2015-05-26,13.91,15.0,13.77,14.74,281208.54
2015-05-27,14.64,15.69,14.39,15.5,234610.53
2015-05-28,15.33,15.56,13.97,14.02,184155.71
2015-05-29,14.06,14.79,13.84,14.47,173327.3
2015-06-01,14.59,15.11,14.36,15.08,163013.01
2015-06-02,15.09,15.12,14.41,14.78,181711.42
2015-06-03,14.79,14.79,14.14,14.21,160489.13
2015-06-04,14.29,14.34,13.04,13.68,217305.71
2015-06-05,13.94,14.29,13.8,14.06,169864.48
2015-06-08,14.06,14.06,13.4,13.69,186350.28
2015-06-09,13.83,14.24,13.56,13.7,177912.08
2015-06-10,13.69,14.27,13.58,14.1,165577.7
2015-06-11,14.12,14.51,13.89,14.41,182377.21
2015-06-12,14.41,14.52,14.07,14.4,138584.25
2015-06-15,14.46,14.62,13.73,13.79,141146.93
2015-06-16,13.52,13.84,12.97,13.12,180381.13
2015-06-17,13.21,13.46,13.12,13.36,172665.54
2015-06-18,13.21,13.34,12.79,12.86,157865.71
2015-06-19,12.85,13.16,12.55,12.57,167177.84
2015-06-23,12.61,13.66,12.16,13.59,235066.02
2015-06-24,13.33,13.72,13.24,13.55,176905.74
2015-06-25,13.55,13.55,12.71,12.77,130787.76
2015-06-26,12.61,12.81,11.68,12.02,198836.34
2015-06-29,12.31,12.73,11.43,12.35,327163.11
2015-06-30,12.25,13.58,12.01,13.37,331935.55
2015-07-01,13.42,14.03,13.35,13.43,323867.31
2015-07-02,13.66,13.94,12.91,13.25,246460.52
2015-07-03,13.5,13.7,11.92,12.5,353839.34
2015-07-06,13.64,13.64,11.41,13.07,379693.06
2015-07-07,12.61,13.35,11.87,12.5,413370.9
2015-07-08,11.25,11.25,11.25,11.25,302000.0
2015-07-09,11.25,12.37,10.35,12.37,512450.7
2015-07-10,13.37,13.61,12.72,13.61,345491.22
2015-07-13,13.63,14.47,13.36,14.38,523467.82
2015-07-14,13.98,14.51,13.72,13.78,324676.14
2015-07-15,13.48,13.56,12.59,12.65,220825.78
2015-07-16,12.65,13.49,12.65,13.26,198110.07
2015-07-17,13.39,14.1,13.36,13.91,170683.75
2015-07-20,13.91,14.11,13.46,13.74,153090.5
2015-07-21,13.43,13.74,13.28,13.61,108414.87
2015-07-22,13.61,14.05,13.52,13.79,156185.6
2015-07-23,13.75,13.96,13.54,13.84,155499.0
2015-07-24,13.84,13.95,13.34,13.38,155092.59
2015-07-27,13.06,13.2,12.11,12.15,183782.5
2015-07-28,11.91,13.12,11.26,13.01,356490.76
2015-07-29,12.95,13.61,12.64,13.5,196092.53
2015-07-30,13.39,13.62,12.78,12.85,128956.09
2015-07-31,13.0,13.64,13.0,13.49,195056.54
2015-08-03,13.41,14.24,13.22,14.23,306757.66
2015-08-04,14.22,14.6,13.96,14.38,203740.71
2015-08-05,14.38,14.48,13.8,14.07,110602.0
2015-08-06,13.85,14.33,13.81,14.01,78780.04
2015-08-07,14.11,14.3,13.93,14.04,88402.15
2015-08-10,14.05,15.01,13.96,14.97,199354.57
2015-08-11,14.94,14.94,14.32,14.53,182318.84
2015-08-12,14.32,14.58,14.07,14.1,121750.53
2015-08-13,14.05,14.23,13.84,14.11,89229.54
2015-08-14,14.19,14.31,14.01,14.07,96512.33
2015-08-17,13.82,14.33,13.71,14.24,98344.59
2015-08-18,14.27,14.35,13.38,13.92,144237.28
2015-08-19,13.66,14.32,13.56,14.3,157604.8
2015-08-20,14.11,14.16,13.74,13.76,104042.98
2015-08-21,13.66,13.72,13.07,13.11,164155.75
2015-08-24,12.61,12.88,11.8,11.89,288110.33
2015-08-25,11.56,12.79,11.56,12.0,207490.61
2015-08-26,12.29,12.97,12.03,12.84,169872.83
2015-08-27,12.94,13.19,12.47,13.09,169390.26
2015-08-28,12.93,13.44,12.85,13.34,126424.14
2015-08-31,13.12,13.54,12.91,13.33,101852.2
2015-09-01,13.21,13.21,12.55,12.76,111363.65
2015-09-02,12.61,13.01,12.35,12.58,108028.11
2015-09-07,12.95,13.66,12.66,13.27,174262.75
2015-09-08,13.2,14.49,13.06,14.42,202670.76
2015-09-09,14.4,14.85,13.67,13.85,357899.36
2015-09-10,13.63,14.33,13.51,14.05,170694.17
2015-09-11,13.96,14.14,13.54,13.69,111254.55
2015-09-14,13.77,14.1,13.45,13.93,190760.47
2015-09-15,13.66,13.84,13.3,13.31,81590.98
2015-09-16,13.44,14.41,13.15,14.11,137424.8
2015-09-17,13.96,14.11,13.61,13.62,122034.87
2015-09-18,13.72,13.77,13.37,13.64,67185.4
2015-09-21,13.51,13.86,13.42,13.83,91423.39
2015-09-22,13.81,14.1,13.72,13.76,84825.79
2015-09-23,13.66,13.73,13.47,13.6,47967.23
2015-09-24,13.66,14.06,13.53,14.04,99175.73
2015-09-25,13.9,14.34,13.76,13.84,98793.27
2015-09-28,13.92,14.21,13.75,14.17,76917.66
2015-09-29,14.03,14.41,13.9,14.02,82688.48
2015-09-30,14.04,14.16,13.85,13.86,61820.98
2015-10-08,14.26,14.56,14.07,14.41,125431.1
2015-10-09,14.32,14.65,14.27,14.47,60323.68
2015-10-12,14.43,15.07,14.3,14.44,346343.98
2015-10-13,14.29,14.37,13.98,14.11,157616.79
2015-10-14,14.11,14.17,13.96,14.07,78483.96
2015-10-15,14.07,14.22,13.96,14.19,88705.63
2015-10-16,14.22,14.33,14.01,14.12,98418.63
2015-10-19,14.11,14.67,13.99,14.61,160595.77
2015-10-20,14.61,14.76,14.41,14.61,127249.21
2015-10-21,14.7,15.12,14.28,14.31,202169.3
2015-10-22,14.29,14.76,14.26,14.65,116785.76
2015-10-23,14.75,15.09,14.41,14.7,201829.99
2015-10-26,14.94,15.61,14.73,15.59,239649.71
2015-10-27,15.46,15.56,15.02,15.44,165683.4
2015-10-28,15.31,16.01,15.23,15.57,164977.32
2015-10-29,15.7,16.08,15.43,16.05,126272.28
2015-10-30,16.03,16.24,15.76,15.77,103303.4
2015-11-02,15.52,16.0,15.37,15.46,116878.96
2015-11-03,15.55,15.74,15.25,15.3,101033.68
2015-11-04,15.31,15.87,15.31,15.86,114971.24
2015-11-05,15.88,16.0,15.61,15.67,128810.99
2015-11-06,15.67,15.76,15.27,15.45,235861.28
2015-11-09,15.43,15.66,15.31,15.41,156999.29
2015-11-10,15.42,15.72,14.44,14.69,228061.51
2015-11-11,15.22,15.43,14.97,15.41,221545.91
2015-11-12,15.37,15.46,15.05,15.36,138826.14
2015-11-13,15.22,15.29,15.04,15.13,85764.22
2015-11-16,15.01,15.45,14.96,15.45,92638.12
2015-11-17,15.45,15.58,15.37,15.51,115320.17
2015-11-18,15.51,15.53,15.28,15.33,68470.59
2015-11-19,15.33,15.54,15.28,15.4,49008.77
2015-11-20,15.42,15.42,15.16,15.29,78756.73
2015-11-23,15.31,15.37,15.03,15.12,86244.76
2015-11-24,15.11,15.28,14.89,15.22,68088.55
2015-11-25,15.19,15.19,14.97,15.07,71634.65
2015-11-26,15.08,15.24,14.92,15.17,107838.36
2015-11-27,15.04,15.08,14.76,14.84,83755.74
2015-11-30,14.84,14.92,14.62,14.85,84898.15
2015-12-01,14.77,15.17,14.74,15.12,49413.14
2015-12-02,15.13,15.36,15.03,15.29,71439.28
2015-12-03,15.26,15.35,15.1,15.31,73507.17
2015-12-04,15.24,15.42,15.18,15.36,55388.66
2015-12-07,15.28,15.49,15.19,15.46,64224.34
2015-12-08,15.37,15.47,15.01,15.07,54871.53
2015-12-09,15.01,15.16,14.94,15.01,57508.72
2015-12-10,15.01,15.07,14.89,15.01,56263.69
2015-12-11,14.92,15.16,14.83,14.9,51984.2
2015-12-14,14.82,14.84,14.63,14.72,122460.55
2015-12-15,14.74,15.04,14.7,14.94,68415.89
2015-12-16,14.86,14.97,14.85,14.88,42083.77
2015-12-17,14.92,15.07,14.89,14.97,58917.84
2015-12-18,14.95,15.05,14.8,14.93,47273.17
2015-12-21,14.89,15.43,14.8,15.31,131212.49
2015-12-22,15.31,15.31,15.09,15.18,59660.07
2015-12-23,15.19,15.35,15.13,15.15,70543.87
2015-12-24,15.16,15.21,14.87,14.96,47299.88
2015-12-25,14.97,15.03,14.78,14.82,55183.93
2015-12-28,14.86,14.86,14.62,14.68,90194.87
2015-12-29,14.65,14.87,14.65,14.84,44599.75
2015-12-30,14.8,14.87,14.5,14.67,93190.9
2015-12-31,14.67,14.88,14.62,14.74,81922.04
2016-01-04,14.74,14.74,14.13,14.17,86744.76
2016-01-05,13.96,14.41,13.94,14.28,95328.66
2016-01-06,14.28,14.67,14.23,14.56,86670.45
2016-01-07,14.48,14.48,13.7,13.86,15488.0
2016-01-08,14.2,14.4,13.81,14.3,112455.96
2016-01-11,14.3,14.4,13.66,13.67,69613.8
2016-01-12,13.8,13.88,13.18,13.52,89419.98
2016-01-13,13.54,13.75,13.18,13.19,66595.13
2016-01-14,12.94,13.47,12.76,13.3,93403.18
2016-01-15,13.26,13.35,12.81,12.91,61851.39
2016-01-18,12.9,13.07,12.6,13.02,94166.93
2016-01-19,12.98,13.36,12.85,13.31,55823.98
2016-01-20,13.34,13.4,13.06,13.3,39341.58
2016-01-21,13.18,13.36,12.86,12.87,35315.44
2016-01-22,12.99,13.05,12.9,13.0,39782.84
2016-01-25,12.96,13.38,12.96,13.2,52165.49
2016-01-26,13.17,13.45,12.7,12.88,95603.24
2016-01-27,12.82,13.1,12.53,13.01,70181.31
2016-01-28,12.91,13.22,12.77,12.78,63235.44
2016-01-29,12.82,13.32,12.8,13.21,55463.06
2016-02-01,13.19,13.58,13.12,13.41,53689.8
2016-02-02,13.47,13.63,13.39,13.49,33837.87
2016-02-03,13.39,13.93,13.32,13.81,58671.75
2016-02-04,13.75,13.88,13.57,13.74,44352.87
2016-02-05,13.74,13.78,13.46,13.58,31637.25
2016-02-15,13.45,13.81,13.36,13.61,30503.69
2016-02-16,13.69,13.86,13.61,13.82,49445.69
2016-02-17,13.81,13.89,13.37,13.66,67258.62
2016-02-18,13.64,13.7,13.43,13.48,45708.56
2016-02-19,13.51,13.69,13.46,13.67,55641.08
2016-02-22,13.89,14.07,13.75,13.88,96079.16
2016-02-23,13.84,14.02,13.73,14.01,48928.76
2016-02-24,14.02,14.22,13.95,14.09,97056.32
2016-02-25,14.1,14.1,13.55,13.7,78693.76
2016-02-26,13.72,13.91,13.66,13.81,54757.32
2016-02-29,13.8,13.8,13.19,13.5,81485.53
2016-03-01,13.41,13.57,13.22,13.43,49761.83
2016-03-02,13.39,13.81,13.39,13.77,69259.59
2016-03-03,13.72,14.04,13.72,14.02,59698.25
2016-03-04,13.96,14.49,13.84,14.25,172106.72
2016-03-07,14.2,14.38,14.13,14.32,55310.52
2016-03-08,14.22,14.31,13.9,14.31,51104.87
2016-03-09,14.12,14.52,13.91,14.46,60689.65
2016-03-10,14.38,14.45,13.99,14.0,52027.57
2016-03-11,13.99,14.06,13.73,13.98,41939.38
2016-03-14,14.04,14.26,13.96,14.04,45286.22
2016-03-15,13.98,14.54,13.85,14.39,84805.87
2016-03-16,14.26,14.59,14.16,14.44,109620.53
2016-03-17,14.44,14.61,14.33,14.53,58302.97
2016-03-18,14.55,14.62,14.24,14.3,138049.67
2016-03-21,14.34,14.42,14.28,14.36,77708.06
2016-03-22,14.35,14.35,14.13,14.17,76759.22
2016-03-23,14.17,14.26,14.1,14.17,51938.92
2016-03-24,14.14,14.22,14.01,14.19,38666.4
2016-03-25,14.19,14.33,14.14,14.22,36439.07
2016-03-28,14.29,14.36,14.07,14.09,50804.63
2016-03-29,14.13,14.13,13.96,14.01,42203.97
2016-03-30,14.03,14.27,14.02,14.2,38449.12
2016-03-31,14.21,14.32,14.11,14.18,38075.61
2016-04-01,14.18,14.28,13.99,14.27,33613.93
2016-04-05,14.17,14.43,14.17,14.38,48776.98
2016-04-06,14.38,14.38,14.24,14.28,38279.3
2016-04-07,14.38,14.41,14.24,14.32,40341.13
2016-04-08,14.22,14.27,14.11,14.21,30098.47
2016-04-11,14.17,14.25,14.08,14.11,87431.73
2016-04-13,14.2,14.35,14.11,14.15,92719.25
2016-04-14,14.15,14.25,14.11,14.17,66521.87
2016-04-15,14.18,14.34,14.13,14.3,64032.93
2016-04-18,14.36,14.57,14.3,14.45,86852.52
2016-04-19,14.47,14.51,14.29,14.34,40549.26
2016-04-20,14.34,14.4,13.78,14.36,97610.84
2016-04-21,14.15,14.19,14.0,14.03,54467.27
2016-04-22,14.02,14.1,13.92,14.07,50417.79
2016-04-25,14.0,14.06,13.9,13.96,45964.09
2016-04-26,13.97,14.23,13.93,14.21,42651.2
2016-04-27,14.2,14.25,14.09,14.21,34233.37
2016-04-28,14.15,14.15,13.9,14.04,33813.37
2016-04-29,14.0,14.11,13.92,14.01,38340.29
2016-05-03,14.07,14.4,13.96,14.34,68193.36
2016-05-04,14.32,14.53,14.29,14.35,54106.93
2016-05-05,14.33,14.33,14.19,14.27,26990.1
2016-05-06,14.29,14.34,14.03,14.08,28655.28
2016-05-09,14.02,14.05,13.83,13.92,46019.67
2016-05-10,13.87,14.01,13.83,13.9,36591.13
2016-05-11,13.91,14.37,13.89,14.19,55602.51
2016-05-12,14.11,14.23,14.0,14.08,44246.58
2016-05-13,14.01,14.11,13.93,14.05,32865.13
2016-05-16,14.02,14.15,13.87,14.11,31325.26
2016-05-17,14.11,14.26,14.04,14.21,30587.28
2016-05-18,14.11,14.25,13.99,14.16,36959.43
2016-05-19,14.03,14.15,13.91,14.0,60078.12
2016-05-20,13.94,13.99,13.84,13.95,34239.24
2016-05-23,13.87,13.92,13.72,13.78,87086.4
2016-05-24,13.74,13.87,13.66,13.78,52032.22
2016-05-25,13.78,13.83,13.56,13.58,53217.79
2016-05-26,13.58,13.65,13.44,13.55,52768.69
2016-05-27,13.61,13.61,13.32,13.46,76859.93
2016-05-30,13.41,13.6,13.34,13.51,47062.39
2016-05-31,13.51,13.8,13.51,13.79,69486.43
2016-06-01,13.75,13.81,13.67,13.72,52440.23
2016-06-02,13.69,13.75,13.64,13.67,32618.71
2016-06-03,13.74,14.09,13.68,14.02,113815.95
2016-06-06,14.09,14.13,13.96,13.99,44840.59
2016-06-07,14.02,14.04,13.87,13.97,32780.29
2016-06-08,13.96,14.09,13.88,14.01,49639.64
2016-06-13,13.84,14.08,13.81,13.83,69345.31
2016-06-14,13.78,13.86,13.61,13.78,48485.66
2016-06-15,13.74,13.93,13.66,13.87,51359.55
2016-06-16,13.87,14.16,13.87,14.04,62663.37
2016-06-17,14.01,14.27,14.01,14.2,76089.6
2016-06-20,14.2,14.26,14.05,14.14,35211.07
2016-06-21,14.2,14.44,14.13,14.15,69526.36
2016-06-22,14.15,14.42,14.07,14.35,57346.76
2016-06-23,14.35,14.44,14.32,14.39,61013.48
2016-06-24,14.26,14.48,14.09,14.21,51975.47
2016-06-27,14.2,14.62,14.19,14.57,58672.13
2016-06-28,14.51,14.91,14.51,14.64,63209.67
2016-06-29,14.65,14.73,14.5,14.55,34124.06
2016-06-30,14.58,14.58,14.44,14.48,25519.78
2016-07-01,14.47,14.76,14.47,14.55,27541.56
2016-07-04,14.56,14.78,14.53,14.73,38136.89
2016-07-05,14.76,14.96,14.59,14.64,41799.95
2016-07-06,14.64,14.82,14.55,14.74,43053.7
2016-07-07,14.71,14.93,14.7,14.79,51988.72
2016-07-08,14.8,14.83,14.55,14.64,56872.86
2016-07-11,14.66,15.27,14.58,15.19,122774.96
2016-07-12,15.14,15.69,15.12,15.61,133560.62
2016-07-13,15.71,15.88,15.52,15.55,84227.35
2016-07-14,15.59,15.59,15.38,15.48,56385.15
2016-07-15,15.56,15.7,15.47,15.59,41148.24
2016-07-18,15.65,15.76,15.45,15.69,38663.4
2016-07-19,15.7,15.84,15.34,15.4,51696.36
2016-07-20,15.48,15.55,15.35,15.45,26790.8
2016-07-21,15.48,15.52,15.27,15.39,61183.05
2016-07-22,15.36,15.38,15.09,15.2,53550.67
2016-07-25,15.16,15.51,15.09,15.47,39768.64
2016-07-26,15.45,15.52,15.41,15.49,37759.56
2016-07-27,15.48,15.66,15.22,15.57,104320.08
2016-07-28,15.52,16.04,15.38,15.81,79341.99
2016-07-29,15.72,15.91,15.59,15.77,55135.62
2016-08-01,15.77,15.93,15.52,15.58,60388.79
2016-08-02,15.53,15.82,15.53,15.81,42467.66
2016-08-03,15.8,15.9,15.67,15.82,35596.72
2016-08-04,15.79,15.92,15.66,15.71,31289.01
2016-08-05,15.7,15.88,15.7,15.83,27646.21
2016-08-08,15.85,15.85,15.71,15.77,37252.35
2016-08-09,15.82,16.32,15.82,16.21,76721.92
2016-08-10,16.21,16.31,16.1,16.14,38923.88
2016-08-11,16.13,16.26,16.07,16.09,29965.69
2016-08-12,16.08,16.2,16.04,16.16,27908.61
2016-08-15,16.2,16.56,16.14,16.35,57050.68
2016-08-16,16.42,16.48,16.17,16.35,70020.65
2016-08-17,16.29,16.44,16.17,16.2,38586.86
2016-08-18,16.18,16.38,15.88,16.06,64828.07
2016-08-19,16.01,16.12,15.99,16.05,38216.68
2016-08-22,16.09,16.15,15.95,16.1,50690.95
2016-08-23,16.06,16.12,15.88,15.95,53734.22
2016-08-24,15.99,16.09,15.86,15.91,27869.94
2016-08-25,15.86,15.99,15.79,15.93,46951.71
2016-08-26,15.93,16.08,15.84,15.93,31854.91
2016-08-29,15.89,16.12,15.89,16.02,39715.4
2016-08-30,15.97,16.02,15.52,15.61,88340.05
2016-08-31,15.62,15.71,15.53,15.64,31288.46
2016-09-01,15.64,15.8,15.59,15.72,26229.52
2016-09-02,15.65,16.08,15.65,16.07,59786.92
2016-09-05,16.1,16.12,15.86,15.92,33523.2
2016-09-06,15.9,15.97,15.8,15.93,29181.0
2016-09-07,15.97,15.98,15.64,15.77,69866.41
2016-09-08,15.74,15.82,15.65,15.69,23299.99
2016-09-09,15.73,15.8,15.58,15.59,32617.17
2016-09-12,15.5,15.84,15.38,15.83,65060.61
2016-09-13,15.72,15.81,15.56,15.73,44684.82
2016-09-14,15.69,15.7,15.34,15.4,59135.77
2016-09-19,15.4,15.6,15.4,15.58,52192.01
2016-09-20,15.61,15.72,15.5,15.7,35331.62
2016-09-21,15.72,15.77,15.65,15.72,22493.22
2016-09-22,15.79,15.79,15.7,15.78,37131.95
2016-09-23,15.78,16.06,15.74,16.05,58377.22
2016-09-26,16.05,16.05,15.81,15.83,23006.44
2016-09-27,15.88,15.97,15.64,15.76,38227.01
2016-09-28,15.79,15.82,15.68,15.79,30158.87
2016-09-29,15.79,15.97,15.76,15.84,32516.87
2016-09-30,15.84,16.01,15.82,15.9,17689.59
2016-10-10,16.02,16.43,16.01,16.31,75452.02
2016-10-11,16.33,16.63,16.25,16.54,93189.78
2016-10-12,16.53,16.57,16.35,16.47,37680.42
2016-10-13,16.42,16.67,16.42,16.65,74156.55
2016-10-14,16.6,16.84,16.51,16.57,44242.84
2016-10-17,16.57,17.12,16.53,16.91,71163.43
2016-10-18,16.83,17.06,16.82,16.89,59649.99
2016-10-19,16.93,17.11,16.9,17.0,51017.79
2016-10-20,17.06,17.09,16.71,16.8,38293.08
2016-10-21,16.79,16.95,16.68,16.82,27213.81
2016-10-24,16.88,16.88,16.63,16.71,40546.19
2016-10-25,16.75,16.78,16.56,16.6,39849.83
2016-10-26,16.63,16.83,16.61,16.79,32433.35
2016-10-27,16.78,16.96,16.75,16.82,33423.73
2016-10-28,16.78,16.84,16.58,16.68,32772.12
2016-10-31,16.71,16.82,16.57,16.65,58249.74
2016-11-01,16.7,16.93,16.6,16.92,67040.28
2016-11-02,16.89,17.0,16.79,16.88,40586.34
2016-11-03,16.86,16.89,16.6,16.81,47956.47
2016-11-04,16.67,16.69,16.44,16.51,82580.51
2016-11-07,16.52,16.57,16.31,16.38,67425.63
2016-11-08,16.39,16.73,16.35,16.7,68578.71
2016-11-09,16.7,16.78,16.37,16.69,50223.48
2016-11-10,16.75,16.78,16.5,16.56,61500.87
2016-11-11,16.54,16.59,16.39,16.48,45034.06
2016-11-14,16.49,16.57,16.17,16.28,115997.12
2016-11-15,16.28,16.43,16.25,16.35,47062.14
2016-11-16,16.35,16.62,16.31,16.54,48379.27
2016-11-17,16.54,16.62,16.48,16.55,32718.85
2016-11-18,16.58,16.59,16.41,16.43,41676.15
2016-11-21,16.47,16.59,16.4,16.56,48495.3
2016-11-22,16.57,16.74,16.53,16.71,61092.51
2016-11-23,16.69,16.75,16.57,16.64,39176.97
2016-11-24,16.61,16.9,16.61,16.83,63943.31
2016-11-25,16.82,16.96,16.66,16.82,59604.86
2016-11-28,16.92,16.92,16.69,16.73,41508.98
2016-11-29,16.73,16.83,16.62,16.73,47929.78
2016-11-30,16.76,16.95,16.65,16.91,46518.53
2016-12-01,16.87,16.95,16.77,16.92,36125.53
2016-12-02,16.95,17.05,16.82,16.98,72730.39
2016-12-05,16.89,17.02,16.82,17.0,77857.99
2016-12-06,16.99,17.32,16.92,17.27,67096.32
2016-12-07,17.32,17.36,17.15,17.26,63317.97
2016-12-08,17.32,17.39,17.0,17.06,55604.78
2016-12-09,17.06,17.07,16.84,16.93,68255.86
2016-12-12,16.96,17.31,16.74,17.09,76748.29
2016-12-13,17.01,17.03,16.75,16.89,38338.07
2016-12-14,16.9,16.95,16.76,16.87,25356.03
2016-12-15,16.88,16.93,16.73,16.78,51825.6
2016-12-16,16.75,16.83,16.7,16.82,50156.65
2016-12-19,16.86,16.96,16.78,16.88,44896.7
2016-12-20,16.92,16.92,16.33,16.56,96968.61
2016-12-21,16.5,16.69,16.49,16.63,45516.14
2016-12-22,16.63,16.66,16.3,16.36,62892.24
2016-12-23,16.38,16.45,16.3,16.36,69363.19
2016-12-26,16.24,16.61,16.13,16.51,73548.39
2016-12-27,16.48,16.71,16.48,16.57,28203.24
2016-12-28,16.56,16.58,16.31,16.41,43158.43
2016-12-29,16.44,16.46,16.3,16.43,38232.33
2016-12-30,16.49,16.5,16.34,16.42,48789.57
2017-01-03,16.39,16.75,16.35,16.6,45691.77
2017-01-04,16.65,16.91,16.61,16.81,47645.91
2017-01-05,16.8,16.88,16.74,16.82,48903.06
2017-01-06,16.8,16.87,16.56,16.6,41927.87
2017-01-09,16.57,16.61,16.31,16.45,71542.84
2017-01-10,16.44,16.64,16.38,16.62,32582.94
2017-01-11,16.63,16.63,16.31,16.34,52474.35
2017-01-12,16.34,16.47,16.26,16.34,35404.86
2017-01-13,16.34,16.48,16.3,16.48,53792.51
2017-01-16,16.42,16.82,16.31,16.78,141228.1
2017-01-17,16.67,16.77,16.62,16.71,34105.32
2017-01-18,16.74,16.81,16.71,16.79,31983.45
2017-01-19,16.78,16.96,16.74,16.95,39581.07
2017-01-20,16.95,17.02,16.89,16.96,29541.69
2017-01-23,16.96,17.21,16.9,17.18,37032.65
2017-01-24,17.21,17.23,16.86,16.91,67773.91
2017-01-25,16.93,17.56,16.89,17.24,53950.96
2017-01-26,17.29,17.5,17.23,17.26,34472.55
2017-02-03,17.29,17.7,17.22,17.65,38259.42
2017-02-06,17.61,18.1,17.32,17.43,79007.98
2017-02-07,17.4,17.4,17.26,17.31,35938.32
2017-02-08,17.37,17.48,17.32,17.42,35248.79
2017-02-09,17.46,17.63,17.31,17.38,60693.35
2017-02-10,17.39,17.41,17.17,17.26,50732.86
2017-02-13,17.27,17.36,17.11,17.28,38246.98
2017-02-14,17.29,17.53,17.24,17.44,39426.23
2017-02-15,17.4,17.49,17.22,17.28,27707.69
2017-02-16,17.29,17.95,17.29,17.83,58633.67
2017-02-17,17.83,17.86,17.65,17.71,28817.2
2017-02-20,17.73,18.11,17.63,17.95,52931.31
2017-02-21,18.01,18.3,17.87,17.99,46595.86
2017-02-22,18.05,18.12,17.87,18.03,32161.89
2017-02-23,17.96,18.19,17.91,18.17,54343.51
2017-02-24,18.2,18.59,18.19,18.54,77912.49
2017-02-27,18.51,18.51,18.21,18.34,53392.1
2017-02-28,18.34,18.43,18.08,18.19,40963.64
2017-03-01,18.17,18.28,17.97,17.99,71447.47
2017-03-02,18.0,18.17,17.85,17.9,54695.51
2017-03-03,17.91,17.99,17.88,17.97,28468.56
2017-03-06,17.99,18.24,17.92,18.12,44008.59
2017-03-07,18.17,18.49,18.15,18.46,63747.37
2017-03-08,18.37,18.58,18.35,18.54,34131.06
2017-03-09,18.65,18.65,18.4,18.46,34251.56
2017-03-10,18.46,18.65,18.43,18.51,51258.12
2017-03-13,18.3,18.44,18.15,18.32,121568.93
2017-03-14,18.33,18.39,18.12,18.37,75838.23
2017-03-15,18.32,18.87,18.27,18.85,72753.89
2017-03-16,18.81,18.94,18.59,18.7,69437.61
2017-03-17,18.71,18.82,18.59,18.75,44435.03
2017-03-20,18.71,19.13,18.6,18.92,60692.53
2017-03-21,18.86,19.34,18.84,19.3,61339.37
2017-03-22,19.31,19.45,19.17,19.37,43334.21
2017-03-23,19.45,19.61,19.13,19.36,67302.04
2017-03-24,19.38,19.56,19.26,19.3,62568.57
2017-03-27,19.27,19.74,19.17,19.42,58914.68
2017-03-28,19.37,19.62,19.31,19.43,39465.21
2017-03-29,19.43,19.55,19.18,19.26,39111.12
2017-03-30,19.31,19.41,19.0,19.22,53849.89
2017-03-31,19.19,19.62,19.14,19.61,46314.91
2017-04-05,19.57,19.84,19.45,19.67,59591.72
2017-04-06,19.78,19.85,19.63,19.75,43743.36
2017-04-07,19.77,19.88,19.74,19.79,42309.48
2017-04-10,19.87,19.87,19.25,19.45,71083.67
2017-04-11,19.42,19.42,18.91,19.09,104866.61
2017-04-12,19.06,19.38,19.02,19.26,55294.53
2017-04-13,19.26,19.56,19.16,19.55,36000.91
2017-04-14,19.55,19.55,19.37,19.49,19685.13
2017-04-17,19.41,19.56,19.31,19.55,33227.44
2017-04-18,19.49,20.02,19.49,19.84,62663.44
2017-04-19,19.88,19.88,19.58,19.84,68496.43
2017-04-20,19.84,20.23,19.76,20.13,82221.54
2017-04-21,20.03,20.32,19.99,20.31,62448.51
2017-04-24,20.24,20.45,19.66,20.42,67090.13
2017-04-25,20.25,20.57,20.23,20.35,53870.34
2017-04-26,20.35,20.59,19.96,20.06,74585.35
2017-04-27,20.03,20.04,19.6,19.75,135524.54
2017-04-28,19.74,19.85,19.12,19.36,180879.59
2017-05-02,19.36,19.36,19.07,19.18,82470.33
2017-05-03,19.2,19.55,19.19,19.39,79004.46
2017-05-04,19.45,19.65,19.27,19.63,86055.53
2017-05-05,19.64,19.74,19.49,19.72,88036.4
2017-05-08,19.71,19.81,19.55,19.75,98875.9
2017-05-09,19.72,19.72,19.28,19.63,93551.75
2017-05-10,19.67,20.32,19.53,19.98,84083.66
2017-05-11,19.96,20.27,19.86,20.18,77866.49
2017-05-12,20.18,20.37,20.14,20.2,47175.15
2017-05-15,20.25,20.46,20.09,20.39,59282.99
2017-05-16,20.3,20.94,20.29,20.87,67828.53
2017-05-17,20.86,21.11,20.58,20.73,53194.25
2017-05-18,20.68,21.27,20.62,21.23,67898.88
2017-05-19,21.22,21.33,20.97,21.2,46090.64
2017-05-22,21.19,21.59,21.13,21.41,57953.82
2017-05-23,21.4,21.76,21.24,21.73,65579.48
2017-05-24,21.74,21.8,21.31,21.7,67417.16
2017-05-25,21.59,21.76,21.14,21.15,59962.99
2017-05-26,21.15,21.29,20.94,21.25,57285.18
2017-05-31,21.29,21.68,21.21,21.62,82142.6
2017-06-01,21.57,22.05,21.42,22.04,72126.33
2017-06-02,21.88,21.99,21.5,21.74,82315.03
2017-06-05,21.65,21.71,21.09,21.17,115766.32
2017-06-06,21.15,21.49,21.04,21.49,74619.87
2017-06-07,21.47,21.87,21.46,21.85,77925.36
2017-06-08,21.87,22.38,21.84,22.25,88318.48
2017-06-09,22.29,22.48,22.03,22.2,72850.93
2017-06-12,22.21,22.48,22.05,22.24,80310.3
2017-06-13,22.25,22.29,21.88,22.05,72278.62
2017-06-14,22.05,22.12,21.84,22.06,61160.98
2017-06-15,22.06,22.06,21.66,21.93,82376.29
2017-06-16,21.83,22.47,21.83,22.3,174206.38
2017-06-19,22.14,22.25,21.78,21.82,110271.63
2017-06-20,21.84,21.9,21.29,21.4,135726.52
2017-06-21,21.49,21.71,21.22,21.7,177570.25
2017-06-22,21.66,21.88,21.45,21.49,127644.47
2017-06-23,21.49,21.9,21.45,21.76,92978.25
2017-06-26,21.85,22.24,21.75,22.18,123357.09
2017-06-27,22.19,22.29,21.98,22.18,74837.72
2017-06-28,22.06,22.13,21.71,21.75,70764.24
2017-06-29,21.71,22.09,21.71,21.98,70709.81
2017-06-30,21.96,22.05,21.75,21.96,49714.47
2017-07-03,22.03,22.14,21.71,21.74,76612.53
2017-07-04,21.66,21.71,21.27,21.35,101196.31
2017-07-05,21.32,21.61,21.29,21.6,45215.63
2017-07-06,21.6,21.61,21.31,21.39,64069.45
2017-07-07,21.36,21.36,21.14,21.19,67177.56
2017-07-10,21.16,21.52,21.02,21.41,68604.52
2017-07-11,21.42,21.57,21.36,21.5,47988.91
2017-07-12,21.6,21.62,21.23,21.3,47482.63
2017-07-13,21.32,21.52,21.25,21.32,54570.71
2017-07-14,21.27,21.27,21.1,21.15,59241.37
2017-07-17,21.14,21.49,21.02,21.29,73223.13
2017-07-18,21.33,21.78,21.28,21.76,124331.5
2017-07-19,21.8,22.12,21.73,21.93,75397.0
2017-07-20,21.83,22.11,21.71,21.87,73180.05
2017-07-21,21.88,21.96,21.64,21.67,81838.52
2017-07-24,21.67,21.87,21.64,21.73,40269.45
2017-07-25,21.71,21.96,21.7,21.76,45988.98
2017-07-26,21.78,21.88,21.66,21.81,49287.75
2017-07-27,21.81,21.92,21.64,21.91,45683.78
2017-07-28,21.97,22.29,21.92,22.09,81855.57
2017-07-31,22.26,22.26,22.04,22.23,68436.72
2017-08-01,22.22,22.29,22.08,22.27,48398.93
2017-08-02,22.2,22.27,21.74,21.81,66828.45
2017-08-03,21.77,21.92,21.7,21.75,55877.94
2017-08-04,21.74,21.9,21.7,21.76,43560.19
2017-08-07,21.75,22.07,21.61,22.02,46267.24
2017-08-08,22.08,22.2,21.97,22.03,61776.86
2017-08-09,22.03,23.31,21.98,22.98,141662.5
2017-08-10,22.86,23.14,22.67,22.83,60458.19
2017-08-11,22.78,23.13,22.71,23.07,86844.7
2017-08-14,23.07,23.96,23.07,23.86,119365.25
2017-08-15,23.88,23.95,23.52,23.68,61960.89
2017-08-16,23.68,23.92,23.4,23.47,49711.91
2017-08-17,23.44,23.44,23.16,23.27,52191.93
2017-08-18,23.2,23.44,23.18,23.32,39355.04
2017-08-21,23.33,23.86,23.32,23.79,70722.92
2017-08-22,23.75,23.81,23.47,23.54,36531.38
2017-08-23,23.48,23.92,23.44,23.7,38398.41
2017-08-24,23.71,23.82,23.62,23.79,41503.85
2017-08-25,23.84,24.16,23.7,23.74,78603.19
2017-08-28,23.68,23.94,23.27,23.45,104826.17
2017-08-29,23.53,23.59,23.27,23.44,59782.69
2017-08-30,23.51,23.61,23.36,23.47,52756.11
2017-08-31,23.34,23.53,23.26,23.5,64839.6
2017-09-01,23.56,24.25,23.56,24.17,127376.46
2017-09-04,24.19,25.68,24.17,25.36,148136.41
2017-09-05,25.23,25.44,25.07,25.28,70038.77
2017-09-06,25.18,25.27,24.83,24.99,68986.93
2017-09-07,24.96,25.8,24.78,25.34,67037.06
2017-09-08,25.42,26.04,25.21,25.8,75605.34
2017-09-11,25.79,25.79,25.27,25.36,66621.11
2017-09-12,25.33,25.35,24.88,25.3,71567.74
2017-09-13,25.2,25.48,25.05,25.37,53106.92
2017-09-14,25.32,25.74,25.05,25.07,57338.24
2017-09-15,25.0,25.3,24.96,25.28,41439.6
2017-09-18,25.36,25.68,25.3,25.44,42998.93
2017-09-19,25.44,25.61,25.35,25.51,34654.2
2017-09-20,25.51,25.68,25.49,25.56,27024.17
2017-09-21,25.59,25.61,25.18,25.28,46973.9
2017-09-22,25.18,25.42,25.14,25.24,32194.9
2017-09-25,25.29,25.4,25.01,25.23,55413.34
2017-09-26,25.15,25.36,25.08,25.21,38688.53
2017-09-27,25.53,25.61,25.24,25.37,52914.33
2017-09-28,25.39,26.1,25.37,26.08,93993.25
2017-09-29,26.24,26.47,25.96,26.02,65029.83
2017-10-09,26.4,27.7,26.31,26.89,121213.49
2017-10-10,26.87,27.34,25.97,26.45,142659.95
2017-10-11,26.53,27.3,26.53,27.09,114461.69
2017-10-12,27.11,27.63,27.11,27.32,72326.78
2017-10-13,27.34,27.39,26.96,27.31,51394.03
2017-10-16,27.3,27.76,27.11,27.35,62790.32
2017-10-17,27.37,27.73,27.2,27.7,77688.26
2017-10-18,27.73,27.76,27.48,27.62,59065.4
2017-10-19,27.6,28.44,27.57,28.41,103743.89
2017-10-20,28.38,28.38,27.96,28.21,59965.88
2017-10-23,28.22,28.57,28.03,28.27,58795.83
2017-10-24,28.24,28.46,28.13,28.15,55798.44
2017-10-25,28.15,29.15,28.05,29.0,76949.55
2017-10-26,28.41,29.39,28.41,28.77,126909.52
2017-10-27,28.8,28.8,28.36,28.6,104221.07
2017-10-30,28.6,28.77,28.13,28.22,105583.85
2017-10-31,28.17,29.35,28.13,29.19,117837.13
2017-11-01,29.35,29.83,29.04,29.74,107060.71
2017-11-02,29.77,30.58,29.52,29.99,115051.67
2017-11-03,30.13,31.86,30.04,31.24,146268.45
2017-11-06,31.25,33.14,30.87,32.86,192794.66
2017-11-07,32.82,33.39,31.21,31.39,387043.18
2017-11-08,31.14,31.19,30.42,30.59,319676.27
2017-11-09,30.39,30.87,30.0,30.81,292337.23
2017-11-10,30.82,31.17,30.14,31.05,259303.93
2017-11-13,30.95,30.95,30.05,30.15,263076.84
2017-11-14,30.17,30.51,29.06,29.12,284490.45
2017-11-15,29.04,29.65,28.71,29.56,266164.16
2017-11-16,29.52,30.46,29.16,30.33,215881.3
2017-11-17,30.22,30.56,29.3,29.4,176265.71
2017-11-20,28.89,29.97,28.05,29.92,223413.65
2017-11-21,29.64,30.25,29.61,30.05,179777.21
2017-11-22,30.39,30.82,29.43,29.86,225279.47
2017-11-23,29.54,29.67,28.13,28.18,240950.69
2017-11-24,27.7,28.74,27.7,28.32,169674.46
2017-11-27,28.22,28.65,27.57,27.88,120598.6
2017-11-28,28.05,28.77,27.96,28.76,131977.85
2017-11-29,28.93,29.27,28.13,28.35,109406.12
2017-11-30,28.35,28.74,28.0,28.3,69654.75
2017-12-01,28.57,28.94,28.31,28.69,77924.11
2017-12-04,28.44,29.49,28.25,29.26,105660.83
2017-12-05,29.24,29.39,28.65,28.83,75881.2
2017-12-06,28.82,29.17,28.01,28.38,101330.07
2017-12-07,28.35,28.51,27.88,27.98,74576.52
2017-12-08,27.93,28.55,27.91,28.41,114272.23
2017-12-11,28.97,30.17,28.78,30.14,243700.71
2017-12-12,30.26,30.47,29.82,29.86,138390.42
2017-12-13,30.09,30.34,29.61,30.15,115216.16
2017-12-14,30.35,30.49,30.04,30.23,88646.98
2017-12-15,30.22,30.22,29.3,29.33,108179.9
2017-12-18,29.34,29.87,29.34,29.58,72954.04
2017-12-19,29.69,29.82,29.39,29.8,82889.5
2017-12-20,30.17,30.25,29.74,30.12,89702.72
2017-12-21,30.09,31.02,30.01,30.74,150573.64
2017-12-22,30.74,31.23,30.6,30.92,106673.18
2017-12-25,30.82,31.39,30.48,30.83,75866.47
2017-12-26,30.83,31.08,30.26,30.7,61590.13
2017-12-27,30.77,30.77,29.52,29.59,110444.28
2017-12-28,29.59,30.37,29.59,30.14,73494.44
2017-12-29,30.09,30.5,29.87,29.95,72756.1
2018-01-02,30.14,30.32,29.61,29.81,93925.46
2018-01-03,29.82,30.39,29.78,29.88,124564.48
2018-01-04,30.01,30.69,29.88,30.64,160499.09
2018-01-05,31.06,31.16,30.34,30.53,133913.0
2018-01-08,30.57,30.98,30.35,30.94,97948.32
2018-01-09,31.12,32.64,30.85,32.43,217986.76
2018-01-10,32.39,32.85,32.13,32.52,145295.31
2018-01-11,32.39,32.64,32.03,32.24,86486.57
2018-01-12,32.24,32.56,32.11,32.39,72168.2
2018-01-15,32.3,32.99,31.96,32.34,141139.87
2018-01-16,32.21,33.42,32.06,32.6,172476.09
2018-01-17,32.82,32.85,31.8,31.93,115277.43
2018-01-18,32.0,32.55,31.23,31.6,99762.18
2018-01-19,31.64,32.46,31.28,32.28,116944.32
2018-01-22,32.28,33.2,32.21,33.16,127705.74
2018-01-23,33.12,33.85,32.78,33.29,147308.08
2018-01-24,33.35,34.04,33.13,33.89,139220.66
2018-01-25,34.16,34.19,32.76,33.02,154773.38
2018-01-26,33.03,33.76,32.89,33.49,105402.76
2018-01-29,33.65,33.86,31.65,31.8,175524.4
2018-01-30,31.8,32.48,31.71,32.17,86503.01
2018-01-31,32.12,32.95,32.08,32.86,86171.38
2018-02-01,33.08,33.38,31.78,32.23,96967.16
2018-02-02,32.48,32.99,32.0,32.25,79708.09
2018-02-05,31.89,31.98,31.13,31.85,124317.31
2018-02-06,31.04,31.04,29.16,29.96,241600.59
2018-02-07,30.86,30.91,29.12,29.39,153767.63
2018-02-08,29.51,30.34,29.43,30.0,107457.38
2018-02-09,28.96,29.9,28.7,29.33,167040.87
2018-02-12,29.47,31.0,29.46,30.81,125221.92
2018-02-13,31.07,31.69,30.81,30.92,91029.1
2018-02-14,31.13,31.44,30.95,31.23,55794.97
2018-02-22,31.26,31.77,30.81,31.46,145671.43
2018-02-23,31.68,32.51,31.44,31.81,96619.52
2018-02-26,31.91,32.56,31.5,32.46,98866.67
2018-02-27,32.57,32.78,31.96,31.98,64497.43
2018-02-28,31.91,32.26,31.42,31.47,65965.93
2018-03-01,31.39,32.25,31.34,32.21,73570.07
2018-03-02,32.06,32.34,31.93,32.03,51571.94
2018-03-05,32.04,32.44,31.74,32.33,54846.06
2018-03-06,32.32,33.32,32.3,33.08,98475.38
2018-03-07,32.95,33.28,32.62,32.73,59575.7
2018-03-08,33.15,34.29,32.92,33.98,143653.63
2018-03-09,33.98,34.54,33.73,34.47,98135.63
2018-03-12,34.73,34.94,34.32,34.72,88345.12
2018-03-13,34.59,34.82,34.08,34.21,77988.7
2018-03-14,34.14,34.84,34.0,34.69,77879.34
2018-03-15,34.54,36.03,34.51,35.9,124889.22
2018-03-16,35.69,36.18,35.45,35.58,93116.93
2018-03-19,35.69,37.5,35.42,37.49,144529.27
2018-03-20,37.17,38.58,37.12,37.98,149633.0
2018-03-21,38.12,38.72,37.34,37.56,142643.19
2018-03-22,37.34,37.92,36.8,37.29,124608.2
2018-03-23,36.18,37.28,35.6,36.74,158383.69
2018-03-26,36.73,38.74,36.73,37.92,204555.05
2018-03-27,38.59,38.64,36.92,37.64,207803.37
2018-03-28,37.38,38.0,36.03,36.14,233196.62
2018-03-29,36.47,36.67,34.3,35.95,161244.81
2018-03-30,35.93,37.8,35.92,37.77,142271.32
2018-04-02,37.77,38.16,36.73,36.84,110219.27
2018-04-03,36.32,36.9,35.73,36.84,143768.12
2018-04-04,37.51,37.64,36.38,36.51,137104.67
2018-04-09,36.38,36.63,35.66,35.86,129534.41
2018-04-10,36.05,36.78,35.96,36.62,95517.0
2018-04-11,36.66,37.39,36.47,36.93,120562.16
2018-04-12,36.99,37.53,36.56,37.22,104014.79
2018-04-13,37.25,37.42,35.16,35.2,223433.51
2018-04-16,35.45,36.38,34.77,36.16,162869.91
2018-04-17,36.15,36.35,34.66,35.11,166656.48
2018-04-18,35.38,35.81,34.73,35.62,138486.53
2018-04-19,35.69,36.12,35.43,36.05,97605.95
2018-04-20,36.05,37.4,35.95,36.48,136024.34
2018-04-23,36.45,36.9,36.1,36.59,93334.73
2018-04-24,36.73,37.43,36.47,36.79,108921.17
2018-04-25,36.7,38.02,36.62,37.97,168922.47
2018-04-26,38.07,38.07,36.2,36.37,157848.79
2018-04-27,36.03,36.98,35.17,36.24,152687.34
2018-05-02,36.46,36.86,35.16,35.57,138002.03
2018-05-03,35.59,36.23,34.77,35.99,88419.12
2018-05-04,35.96,36.35,35.52,35.79,80977.18
2018-05-07,35.89,36.71,35.82,36.69,92976.8
2018-05-08,36.87,37.36,36.55,37.14,103102.82
2018-05-09,37.14,37.51,36.76,37.27,76963.01
2018-05-10,37.69,40.2,37.36,39.76,252768.95
2018-05-11,39.79,41.5,38.56,38.85,269733.28
2018-05-14,39.07,39.72,38.41,39.57,126126.61
2018-05-15,39.66,40.47,39.33,40.13,131331.05
2018-05-16,39.85,40.45,39.67,39.78,114591.85
2018-05-17,39.64,39.75,38.72,39.04,103643.65
2018-05-18,39.06,40.07,38.73,40.05,102791.04
2018-05-21,40.29,40.32,39.51,39.84,85001.44
2018-05-22,39.82,41.34,39.59,41.3,138794.21
2018-05-23,41.16,41.86,40.91,41.09,115270.21
2018-05-24,40.37,41.24,40.37,40.85,88624.85
2018-05-25,40.94,42.91,40.79,42.27,166512.76
2018-05-28,42.65,44.06,41.97,43.96,173744.05
2018-05-29,43.52,44.66,40.44,41.42,239240.79
2018-05-30,40.44,43.18,39.79,42.11,228286.18
2018-05-31,42.11,43.07,41.45,43.02,218449.87
2018-06-01,43.03,43.4,41.09,41.83,215486.19
2018-06-04,42.15,43.08,41.31,42.8,202431.18
2018-06-05,43.04,46.34,42.68,45.3,300368.91
2018-06-06,45.54,46.96,45.04,46.57,267558.38
2018-06-07,46.6,47.07,45.98,46.35,237760.91
2018-06-08,46.0,46.69,45.79,45.86,271095.16
2018-06-11,45.83,45.83,43.14,44.09,376465.55
2018-06-12,44.17,44.52,43.61,44.45,232293.53
2018-06-13,44.08,44.22,42.93,43.53,186431.12
2018-06-14,43.52,44.06,42.94,43.11,158804.57
2018-06-15,42.96,43.5,42.43,42.92,142981.28
2018-06-19,42.78,43.87,41.54,42.38,262520.67
2018-06-20,42.39,44.72,41.59,44.61,319820.78
2018-06-21,44.61,45.17,43.62,44.19,219275.39
2018-06-22,43.57,44.81,43.06,44.63,201434.0
2018-06-25,44.74,45.93,44.42,45.0,230032.02
2018-06-26,44.65,45.66,43.84,45.07,188501.1
2018-06-27,45.19,45.24,42.95,43.2,216343.84
2018-06-28,42.33,43.01,41.14,41.17,256433.36
2018-06-29,41.36,43.0,41.36,42.81,162773.96
2018-07-02,42.39,43.84,41.82,42.61,169244.19
2018-07-03,42.53,42.54,38.99,40.98,379958.3
2018-07-04,40.41,40.8,39.58,39.6,190048.88
2018-07-05,39.67,40.44,38.35,38.42,250616.16
2018-07-06,38.43,40.39,38.25,39.55,309294.6
2018-07-09,39.15,40.95,39.11,40.85,214347.39
2018-07-10,41.11,41.63,40.6,41.16,157070.49
2018-07-11,40.41,41.18,39.68,40.9,192820.89
2018-07-12,41.01,42.19,41.0,41.65,241162.37
2018-07-13,41.75,42.55,41.31,42.38,237112.26
2018-07-16,42.1,42.49,41.62,42.22,137178.54
2018-07-17,42.33,42.42,40.73,41.11,181517.94
2018-07-18,41.28,42.84,40.97,41.88,233663.45
2018-07-19,42.16,42.2,41.11,41.38,128442.22
2018-07-20,41.34,41.74,40.17,41.68,175336.43
2018-07-23,39.87,40.58,39.09,39.67,392308.28
2018-07-24,39.39,40.8,39.1,40.13,260237.41
2018-07-25,40.03,40.85,39.91,40.63,155788.65
2018-07-26,40.8,41.03,39.79,39.84,144469.3
2018-07-27,39.68,40.06,39.49,39.79,111570.09
2018-07-30,39.68,39.84,38.43,39.02,160200.31
2018-07-31,38.72,39.76,38.71,38.92,131961.52
2018-08-01,39.44,39.44,38.51,38.6,96969.74
2018-08-02,38.6,39.24,38.09,39.22,196298.57
2018-08-03,38.99,39.55,37.53,37.58,180978.14
2018-08-06,37.02,37.12,34.36,34.95,386501.47
2018-08-07,34.81,35.94,34.39,35.85,247370.03
2018-08-08,36.01,36.33,35.18,35.4,124749.42
2018-08-09,35.43,38.23,35.24,37.89,232524.53
2018-08-10,37.89,39.92,37.88,39.58,260948.65
2018-08-13,39.49,39.96,38.81,39.76,148724.8
2018-08-14,39.76,40.36,39.39,40.19,156682.34
2018-08-15,40.03,40.1,38.03,38.16,203947.94
2018-08-16,37.58,39.23,37.47,37.99,175889.54
2018-08-17,38.36,38.37,35.94,36.67,329551.72
2018-08-20,36.47,36.73,34.47,35.55,295977.4
2018-08-21,35.6,38.09,35.58,37.86,246914.69
2018-08-22,37.61,37.97,36.95,37.62,132341.51
2018-08-23,37.76,38.55,37.33,38.18,156090.6
2018-08-24,37.95,39.0,37.6,38.41,184790.9
2018-08-27,38.55,40.41,38.51,39.76,265124.77
2018-08-28,39.83,40.06,39.3,39.86,168854.17
2018-08-29,39.67,39.84,39.22,39.43,108663.78
2018-08-30,39.47,39.73,38.32,38.42,157552.17
2018-08-31,38.15,38.15,36.58,37.38,293465.62
2018-09-03,36.81,37.19,36.45,37.12,129138.1
2018-09-04,37.3,37.55,36.45,37.15,173985.36
2018-09-05,37.13,37.47,36.61,36.62,137537.28
2018-09-06,36.17,36.69,35.89,35.94,132835.58
2018-09-07,36.2,37.46,36.2,37.08,199101.39
2018-09-10,37.19,37.44,35.99,36.16,144492.06
2018-09-11,36.21,37.16,35.9,36.58,120543.01
2018-09-12,36.54,36.54,34.47,34.7,333740.11
2018-09-13,35.37,35.49,31.45,33.29,560078.86
2018-09-14,33.22,33.31,31.99,32.85,273474.78
2018-09-17,32.42,33.29,31.19,31.31,289501.75
2018-09-18,31.31,32.59,30.65,32.47,346143.63
2018-09-19,32.38,34.11,32.13,33.43,326950.59
2018-09-20,33.43,34.08,33.07,33.45,185944.31
2018-09-21,33.5,34.61,32.92,34.37,205031.14
2018-09-25,33.93,35.13,33.8,34.76,164970.41
2018-09-26,34.99,36.11,34.58,35.43,328167.67
2018-09-27,35.35,36.17,35.08,35.46,216015.36
2018-09-28,35.11,36.06,35.11,35.89,179392.13
2018-10-08,35.04,35.04,32.89,33.0,290842.06
2018-10-09,32.89,33.66,32.88,33.21,190432.27
2018-10-10,33.67,33.85,32.21,32.86,153980.29
2018-10-11,30.52,32.0,30.35,31.39,294450.87
2018-10-12,31.55,32.84,31.02,32.38,273915.55
2018-10-15,32.33,33.42,32.27,32.55,165328.68
2018-10-16,32.66,33.55,32.4,32.78,124743.14
2018-10-17,33.23,33.71,31.48,32.85,165453.62
2018-10-18,32.72,33.07,31.03,31.33,280168.7
2018-10-19,31.08,32.55,30.69,31.99,334821.0
2018-10-22,32.5,35.19,32.48,34.59,488159.36
2018-10-23,34.4,34.77,33.46,34.11,329623.35
2018-10-24,34.06,34.09,32.13,33.09,280090.11
2018-10-25,31.76,32.42,31.13,32.1,234672.39
2018-10-26,32.77,33.26,32.22,32.66,231620.31
2018-10-29,32.66,32.66,31.08,31.94,246942.64
2018-10-30,32.17,33.63,31.68,32.99,228883.53
2018-10-31,33.29,35.04,33.23,34.8,242007.34
2018-11-01,35.24,36.39,34.86,35.32,292174.11
2018-11-02,37.02,38.34,36.59,38.2,371911.48
2018-11-05,37.65,37.78,36.63,37.29,219001.07
2018-11-06,37.3,37.4,36.48,36.97,154046.28
2018-11-07,37.13,37.37,36.51,36.66,143596.12
2018-11-08,37.11,37.24,36.6,36.9,121184.34
2018-11-09,36.56,37.01,36.05,36.43,124070.95
2018-11-12,36.42,37.24,35.82,36.75,134920.64
2018-11-13,36.1,37.3,36.0,36.96,157490.87
2018-11-14,37.13,37.35,36.17,36.24,135609.41
2018-11-15,35.94,36.3,35.15,36.3,220142.89
2018-11-16,36.06,36.09,34.86,35.21,293398.21
2018-11-19,35.31,36.22,35.07,35.78,181850.7
2018-11-20,35.55,35.95,35.21,35.4,123957.67
2018-11-21,35.04,36.42,34.97,36.18,143635.45
2018-11-22,36.17,36.54,35.61,35.78,121120.75
2018-11-23,35.59,35.97,35.25,35.39,101553.54
2018-11-26,35.6,35.68,35.04,35.35,75948.18
2018-11-27,35.48,35.69,35.1,35.33,73165.11
2018-11-28,35.52,36.6,35.15,36.43,175436.44
2018-11-29,36.56,36.89,36.19,36.19,128711.73
2018-11-30,36.39,37.07,36.06,36.99,142638.42
2018-12-03,37.92,38.15,37.07,37.83,221274.88
2018-12-04,37.86,38.03,37.3,37.84,125143.12
2018-12-05,37.3,38.56,37.23,37.81,161182.95
2018-12-06,37.19,37.52,34.19,35.41,343875.69
2018-12-07,34.81,34.92,32.8,32.99,508862.29
2018-12-10,32.48,33.61,32.07,33.34,233019.01
2018-12-11,33.37,34.24,33.37,33.98,174130.07
2018-12-12,34.37,34.42,33.07,33.25,186623.65
2018-12-13,33.35,34.3,33.06,33.86,205222.55
2018-12-14,33.56,33.85,32.93,33.29,203403.81
2018-12-17,33.02,33.04,31.32,32.32,285971.79
2018-12-18,32.26,32.66,31.93,32.11,175128.13
2018-12-19,32.21,32.32,31.08,31.14,228167.38
2018-12-20,30.9,31.14,29.82,29.92,364633.25
2018-12-21,29.73,29.73,28.19,28.31,513154.62
2018-12-24,28.6,30.07,28.48,30.04,295973.85
2018-12-25,29.56,30.39,29.36,30.18,222119.57
2018-12-26,30.13,30.29,29.39,29.39,150453.46
2018-12-27,29.67,30.12,28.99,29.1,255486.8
2018-12-28,29.36,29.89,29.22,29.81,202230.64
2019-01-02,30.12,30.47,29.69,29.94,278848.08
2019-01-03,29.52,29.77,28.32,28.86,325560.97
2019-01-04,28.43,30.79,28.13,30.72,354968.63
2019-01-07,30.52,30.57,29.9,30.27,240338.18
2019-01-08,30.15,30.72,30.15,30.51,128292.05
2019-01-09,30.8,31.77,30.57,31.38,197010.98
2019-01-10,31.13,32.35,30.92,31.8,163685.75
2019-01-11,31.76,31.94,31.1,31.62,131164.99
2019-01-14,31.62,31.62,30.58,30.7,111805.5
2019-01-15,30.8,31.92,30.7,31.9,161210.03
2019-01-16,31.89,32.77,31.37,32.48,177373.55
2019-01-17,32.41,33.03,32.28,32.42,124214.06
2019-01-18,32.72,33.78,32.51,33.44,178399.95
2019-01-21,33.32,34.17,33.26,33.38,157929.72
2019-01-22,33.51,33.51,32.24,32.6,151659.57
2019-01-23,32.44,32.99,32.34,32.79,90135.34
2019-01-24,32.72,33.73,32.44,33.56,121942.26
2019-01-25,33.54,33.78,33.24,33.34,111232.13
2019-01-28,32.75,32.75,30.8,30.98,415754.83
2019-01-29,31.09,32.35,30.96,32.31,267403.42
2019-01-30,32.21,33.05,32.12,32.44,144053.42
2019-01-31,32.91,33.6,32.55,33.37,185000.62
2019-02-01,33.87,34.4,33.25,34.37,173804.01
2019-02-11,33.95,35.13,33.79,34.95,162455.95
2019-02-12,35.32,36.3,35.04,35.89,213539.11
2019-02-13,36.17,37.29,36.17,37.07,208882.37
2019-02-14,37.02,37.38,36.68,37.19,157679.41
2019-02-15,36.86,37.16,36.12,36.33,137296.32
2019-02-18,37.47,38.23,37.3,37.77,240945.81
2019-02-19,37.75,38.13,37.07,37.26,196815.26
2019-02-20,37.07,37.26,36.21,36.71,176077.0
2019-02-21,36.77,37.58,36.73,36.98,159134.69
2019-02-22,37.17,37.47,36.51,37.47,119445.41
2019-02-25,37.3,38.94,37.19,38.71,356755.06
2019-02-26,38.25,41.5,38.04,38.43,368608.97
2019-02-27,38.4,39.72,38.3,38.88,191795.33
2019-02-28,38.88,40.8,38.72,40.63,282684.21
2019-03-01,41.14,41.26,40.06,40.69,207387.4
2019-03-04,40.92,41.82,40.5,40.84,270970.79
2019-03-05,40.76,41.19,40.46,40.76,159719.83
2019-03-06,40.8,41.14,39.79,40.27,207512.09
2019-03-07,40.26,40.26,39.42,39.77,202092.76
2019-03-08,38.99,40.38,38.8,39.37,201548.61
2019-03-11,39.57,40.06,39.16,39.73,196450.42
2019-03-12,40.29,40.43,39.21,39.45,186710.86
2019-03-13,39.49,39.93,39.22,39.49,166470.61
2019-03-14,39.66,40.19,39.41,39.59,188755.34
2019-03-15,39.73,41.15,39.42,40.42,256058.31
2019-03-18,40.8,42.41,40.2,41.88,291631.0
2019-03-19,41.79,41.8,40.49,40.75,235289.83
2019-03-20,40.5,41.26,40.22,41.1,170864.17
2019-03-21,41.27,41.57,40.62,40.92,125727.09
2019-03-22,41.2,41.53,40.72,41.33,134844.02
2019-03-25,40.75,41.31,40.23,40.24,178861.15
2019-03-26,40.63,40.96,40.05,40.44,129691.87
2019-03-27,40.77,42.7,40.77,42.02,344629.27
2019-03-28,41.96,44.52,41.49,43.98,255548.47
2019-03-29,43.45,44.9,42.62,44.5,294505.44
2019-04-01,44.89,46.22,44.53,44.72,264290.2
2019-04-02,44.89,44.9,43.94,44.4,199156.46
2019-04-03,44.38,44.85,44.15,44.61,166465.06
2019-04-04,44.55,45.06,44.15,44.99,178992.18
2019-04-08,45.23,45.23,43.16,43.52,320093.82
2019-04-09,43.21,44.28,42.58,44.09,257800.62
2019-04-10,44.19,45.59,43.54,44.71,326110.48
2019-04-11,44.71,45.23,43.4,43.52,250216.74
2019-04-12,43.74,44.3,43.21,43.96,157140.09
2019-04-15,44.64,44.88,42.94,43.09,197564.64
2019-04-16,43.08,44.12,42.89,44.12,164085.52
2019-04-17,44.55,44.55,43.68,43.89,153631.46
2019-04-18,44.04,44.04,43.38,43.62,101789.21
2019-04-19,43.53,44.27,43.38,43.84,127295.41
2019-04-22,43.74,43.81,42.22,42.27,269081.68
2019-04-23,42.23,43.23,42.18,42.74,190381.05
2019-04-24,43.03,43.32,42.51,42.75,147052.18
2019-04-25,42.87,44.13,42.79,43.47,264766.53
2019-04-26,42.86,43.4,41.9,42.4,203221.83
2019-04-29,42.5,45.19,42.5,44.43,412739.97
2019-04-30,44.21,45.1,43.97,44.72,194519.14
2019-05-06,44.21,44.21,42.87,43.67,348033.33
2019-05-07,44.08,46.58,43.89,44.99,424232.09
2019-05-08,43.92,44.62,43.53,43.69,235150.83
2019-05-09,43.33,44.04,42.17,42.51,211815.72
2019-05-10,43.11,43.74,41.74,43.62,219774.16
2019-05-13,43.13,44.05,42.66,43.65,137765.85
2019-05-14,43.42,44.66,42.85,42.87,234627.21
2019-05-15,43.21,44.49,43.2,44.49,300369.68
2019-05-16,44.14,44.34,43.34,43.72,284269.45
2019-05-17,43.4,43.51,42.58,42.69,295148.41
2019-05-20,42.65,43.17,40.58,40.98,319055.72
2019-05-21,40.99,41.87,40.99,41.36,192418.15
2019-05-22,41.36,41.9,40.88,41.53,157541.21
2019-05-23,41.49,41.49,40.53,40.55,161124.92
2019-05-24,40.72,41.29,40.57,40.86,114232.32
2019-05-27,40.91,41.9,40.13,41.63,178433.23
2019-05-28,41.63,42.64,41.57,42.53,244889.87
2019-05-29,42.17,42.56,41.89,42.11,106882.25
2019-05-30,41.63,42.17,41.37,42.11,111061.74
2019-05-31,42.79,43.45,42.28,42.28,180457.08
2019-06-03,42.42,43.19,42.35,43.0,196510.13
2019-06-04,43.09,43.32,41.83,42.19,162462.24
2019-06-05,42.17,42.42,40.06,40.13,361236.65
2019-06-06,40.17,40.4,38.89,39.44,244782.57
2019-06-10,39.43,40.38,39.03,39.88,164987.64
2019-06-11,40.13,41.04,39.94,40.89,236636.9
2019-06-12,40.79,41.38,40.2,41.05,158292.08
2019-06-13,41.36,42.0,40.81,41.7,152969.81
2019-06-14,41.76,42.5,41.49,41.68,175688.21
2019-06-17,42.14,42.5,41.83,41.9,138578.81
2019-06-18,42.17,42.74,42.08,42.57,140974.98
2019-06-19,43.32,44.29,43.32,43.79,274499.92
2019-06-20,44.01,44.89,43.55,44.56,264794.12
2019-06-21,44.49,45.32,44.44,44.83,192742.73
2019-06-24,45.17,45.54,44.61,44.93,157763.7
2019-06-25,44.98,45.68,44.27,44.91,158846.65
2019-06-26,45.03,45.56,44.69,45.23,130423.83
2019-06-27,45.13,45.97,45.13,45.51,146115.95
2019-06-28,45.51,45.51,44.04,44.89,189280.77
2019-07-01,45.57,46.68,45.56,46.41,222347.93
2019-07-02,46.25,47.93,46.19,47.76,296291.42
2019-07-03,47.61,47.61,46.27,46.51,219413.61
2019-07-04,46.51,46.59,44.69,44.97,265375.94
2019-07-05,45.13,46.19,45.06,45.85,167373.53
2019-07-08,45.35,46.1,44.89,45.23,147923.76
2019-07-09,45.53,45.85,45.08,45.22,101459.35
2019-07-10,45.61,46.48,45.3,45.85,143314.36
2019-07-11,46.05,46.22,45.17,45.34,114916.76
2019-07-12,45.23,45.84,44.96,45.2,113454.9
2019-07-15,45.5,46.07,44.59,45.83,182260.99
2019-07-16,45.71,45.91,44.93,44.93,122060.46
2019-07-17,44.97,45.45,44.4,45.06,94187.83
2019-07-18,44.96,45.19,44.66,44.91,89084.42
2019-07-19,45.23,45.59,44.79,44.91,147348.97
2019-07-22,44.89,45.59,44.45,45.26,120897.06
2019-07-23,45.26,45.44,44.76,44.93,95375.82
2019-07-24,45.18,45.52,44.93,45.3,108107.59
2019-07-25,45.3,45.57,45.17,45.38,93202.85
2019-07-26,45.2,45.68,45.2,45.45,120438.75
2019-07-29,45.45,45.88,45.03,45.34,104602.82
2019-07-30,45.4,45.74,45.32,45.55,100350.62
2019-07-31,45.17,45.57,44.67,45.53,146493.41
2019-08-01,45.3,45.81,45.22,45.39,104499.3
2019-08-02,44.71,45.25,44.34,44.92,137849.17
2019-08-05,44.69,44.89,43.47,43.6,196056.53
2019-08-06,42.85,44.5,42.07,44.04,183629.52
2019-08-07,44.21,44.88,44.01,44.55,138901.48
2019-08-08,44.81,45.44,44.81,45.34,121912.76
2019-08-09,45.63,46.13,45.36,45.49,164169.56
2019-08-12,45.39,45.79,45.34,45.74,112063.31
2019-08-13,45.74,46.01,45.51,45.61,117636.81
2019-08-14,45.98,47.21,45.98,46.72,242887.55
2019-08-15,46.29,47.14,46.25,46.93,215331.66
2019-08-16,46.93,47.41,46.48,47.02,169987.2
2019-08-19,47.28,49.08,47.14,48.93,247327.6
2019-08-20,48.94,49.28,48.36,48.95,129141.15
2019-08-21,49.11,49.18,48.27,48.78,109978.62
2019-08-22,49.65,49.65,48.43,48.79,125230.42
2019-08-23,49.32,52.92,49.18,52.1,352863.96
2019-08-26,51.74,52.11,51.13,51.39,255952.06
2019-08-27,51.76,52.91,51.42,51.56,294953.21
2019-08-28,51.73,52.94,51.36,52.46,219129.85
2019-08-29,51.72,53.12,51.49,52.34,187372.78
2019-08-30,52.97,54.8,52.72,54.45,287797.6
2019-09-02,54.75,54.88,53.62,54.15,220966.41
2019-09-03,54.23,54.32,53.06,53.4,235753.89
2019-09-04,53.59,54.07,52.59,53.25,181167.79
2019-09-05,53.59,53.71,53.06,53.38,177268.59
2019-09-06,53.83,54.54,52.92,54.49,202205.56
2019-09-09,54.57,54.57,53.28,53.91,180285.43
2019-09-10,54.12,55.27,53.84,54.8,195322.12
2019-09-11,54.65,54.65,52.58,53.12,237228.86
2019-09-12,53.38,53.7,52.77,53.46,123693.21
2019-09-16,54.01,54.74,53.4,54.25,148501.11
2019-09-17,54.14,54.68,53.61,53.76,113183.86
2019-09-18,53.74,54.48,53.52,54.29,158199.86
2019-09-19,54.53,55.35,54.06,54.51,170379.73
2019-09-20,54.51,56.76,54.42,55.44,261808.0
2019-09-23,55.8,55.8,54.81,55.17,167257.03
2019-09-24,55.1,56.72,54.93,56.12,217481.71
2019-09-25,55.87,56.99,55.49,56.34,169407.41
2019-09-26,56.8,57.02,55.14,55.31,149840.18
2019-09-27,55.37,55.78,54.87,55.13,125056.15
2019-09-30,54.96,56.05,54.79,54.88,123381.88
2019-10-08,54.5,55.54,54.5,54.65,162990.1
2019-10-09,54.65,54.66,52.76,53.53,223927.66
2019-10-10,53.59,56.71,53.53,56.46,263569.51
2019-10-11,57.07,57.34,56.2,56.72,151871.5
2019-10-14,57.02,57.75,56.24,56.84,193422.94
2019-10-15,57.25,58.46,56.96,57.99,154965.87
2019-10-16,58.23,58.73,57.31,58.48,143535.29
2019-10-17,58.66,59.08,57.55,58.36,126525.63
2019-10-18,58.36,58.42,56.91,57.32,156062.85
2019-10-21,57.31,57.61,55.64,56.19,199148.7
2019-10-22,56.73,57.02,56.14,56.93,101579.01
2019-10-23,56.8,57.42,56.16,56.31,114957.7
2019-10-24,56.59,56.78,55.54,56.26,121178.66
2019-10-25,57.89,59.57,57.87,59.55,419354.16
2019-10-28,59.43,62.0,59.32,61.95,251886.19
2019-10-29,61.76,62.28,61.35,61.74,139972.71
2019-10-30,62.4,62.41,60.91,61.34,143744.39
2019-10-31,61.9,63.03,61.14,61.82,169234.63
2019-11-01,61.71,62.92,61.53,62.92,175347.64
2019-11-04,62.92,63.26,62.27,62.72,171634.94
2019-11-05,62.58,62.69,61.55,62.1,176470.18
2019-11-06,62.14,62.51,61.56,62.03,127383.08
2019-11-07,62.23,62.49,61.5,61.61,151496.54
2019-11-08,62.24,63.21,61.82,62.1,162781.07
2019-11-11,61.77,61.77,59.86,60.46,261003.77
2019-11-12,60.84,61.16,59.92,60.99,159165.92
2019-11-13,60.93,62.58,60.1,62.16,209854.11
2019-11-14,62.58,64.61,62.58,64.16,251296.68
2019-11-15,64.01,64.38,63.05,63.06,142107.19
2019-11-18,63.74,63.84,62.78,63.19,108510.51
2019-11-19,63.19,65.05,63.06,65.05,200283.28
2019-11-20,64.63,65.62,64.29,64.62,152919.82
2019-11-21,64.62,64.62,62.44,62.99,239382.7
2019-11-22,63.26,63.7,59.88,60.53,332720.9
2019-11-25,60.54,60.87,58.89,59.94,226209.27
2019-11-26,60.46,61.29,59.98,60.47,204799.32
2019-11-27,60.48,61.39,59.98,60.98,121332.3
2019-11-28,60.99,61.31,60.4,61.0,94543.6
2019-11-29,60.54,60.54,56.95,58.43,438806.13
2019-12-02,56.51,58.15,56.48,56.95,269762.31
2019-12-03,56.78,57.67,55.43,57.51,295124.33
2019-12-04,57.48,58.66,56.98,58.26,205708.77
2019-12-05,58.49,59.37,58.31,58.44,166422.23
2019-12-06,58.78,59.27,58.26,59.25,129563.29
2019-12-09,59.45,59.45,56.44,56.88,338597.68
2019-12-10,56.46,57.55,56.38,57.48,191100.38
2019-12-11,58.01,58.09,57.21,57.82,125158.08
2019-12-12,58.39,58.39,57.34,57.89,126099.34
2019-12-13,58.22,59.18,57.89,59.08,211275.55
2019-12-16,58.99,59.04,57.61,57.99,239490.28
2019-12-17,57.97,58.87,57.18,58.53,218063.43
2019-12-18,58.5,58.5,57.36,57.65,232334.06
2019-12-19,57.93,57.93,57.27,57.72,128419.76
2019-12-20,57.95,57.99,57.34,57.75,115342.01
2019-12-23,57.76,58.44,57.44,57.97,174041.41
2019-12-24,57.74,58.11,57.46,57.48,98282.95
2019-12-25,57.21,57.25,55.78,56.72,170645.1
2019-12-26,56.8,57.63,56.73,57.4,93423.98
2019-12-27,57.14,57.87,57.13,57.4,142714.41
2019-12-30,57.34,58.21,56.62,58.16,180846.66
2019-12-31,58.0,59.98,58.0,59.53,220793.14
2020-01-02,59.86,59.93,59.08,59.64,210809.91
2020-01-03,59.87,60.0,58.29,58.46,218177.79
2020-01-06,58.19,58.3,56.83,57.2,297348.39
2020-01-07,57.21,58.11,56.92,57.73,189409.18
2020-01-08,57.16,57.71,57.14,57.6,123041.71
2020-01-09,57.82,59.31,57.8,59.1,260171.92
2020-01-10,59.45,60.2,59.25,59.52,232566.65
2020-01-13,60.12,60.19,58.84,59.75,215037.04
2020-01-14,59.72,59.72,58.55,58.85,214681.24
2020-01-15,58.94,59.83,58.54,59.13,164960.87
2020-01-16,59.61,59.69,58.23,58.8,207123.94
2020-01-17,58.84,61.68,58.84,61.67,526241.17
2020-01-20,63.11,63.59,60.59,61.29,293527.13
2020-01-21,61.29,62.57,61.12,61.47,199509.39
2020-01-22,61.46,62.02,60.89,61.44,162262.39
2020-01-23,61.23,61.63,59.31,59.85,237015.55
2020-02-03,54.81,59.1,54.69,58.13,410420.08
2020-02-04,58.12,59.91,56.77,59.01,324330.85
2020-02-05,59.18,60.52,58.7,60.48,296758.28
2020-02-06,60.85,62.17,60.06,61.28,308324.8
2020-02-07,61.56,61.63,59.75,60.98,224676.53
2020-02-10,60.34,60.47,59.38,60.2,165484.22
2020-02-11,60.54,61.82,60.21,61.32,229187.42
2020-02-12,61.57,63.23,61.42,63.23,249630.47
2020-02-13,63.4,63.7,62.08,62.21,185216.31
2020-02-14,62.34,62.89,61.91,62.27,150103.25
2020-02-17,62.27,63.12,61.93,62.84,162569.91
2020-02-18,62.85,63.63,61.38,61.63,227545.16
2020-02-19,61.48,61.83,60.8,61.0,168513.31
2020-02-20,61.34,61.95,60.71,61.76,160275.53
2020-02-21,61.43,61.7,61.14,61.36,193347.18
2020-02-24,61.2,61.25,59.55,60.12,279507.56
2020-02-25,59.43,61.21,59.31,60.07,231843.51
2020-02-26,59.79,59.85,58.84,58.96,229985.36
2020-02-27,59.18,59.86,58.7,59.32,190021.79
2020-02-28,58.5,58.89,56.91,57.2,269596.78
2020-03-02,57.85,58.78,56.54,57.95,269891.62
2020-03-03,58.68,60.71,58.68,60.09,292429.99
2020-03-04,59.86,59.93,58.77,59.72,150531.0
2020-03-05,60.95,62.92,60.55,62.38,441925.55
2020-03-06,62.58,63.8,62.38,62.75,312582.61
2020-03-09,61.25,62.1,60.4,60.46,328201.79
2020-03-10,60.71,62.31,59.96,61.63,262844.68
2020-03-11,62.44,62.44,60.41,60.56,160102.43
2020-03-12,59.53,60.54,58.5,58.76,250774.54
2020-03-13,55.91,58.5,55.78,57.61,349671.3
2020-03-16,57.82,58.29,55.47,55.81,289940.95
2020-03-17,55.81,57.11,53.79,55.16,272934.7
2020-03-18,55.23,57.32,54.61,54.83,283896.86
2020-03-19,54.76,55.64,52.5,53.74,322310.88
2020-03-20,54.4,55.09,53.51,54.53,248832.24
2020-03-23,54.42,56.79,53.95,55.98,415207.7
2020-03-24,56.49,58.5,56.38,58.27,319005.49
2020-03-25,59.96,61.21,58.91,60.52,318446.47
2020-03-26,60.47,62.24,59.96,61.41,317703.56
2020-03-27,61.93,63.43,61.27,61.82,284698.59
2020-03-30,61.22,62.89,60.32,61.7,256846.44
2020-03-31,62.02,62.7,61.22,62.6,263044.68
2020-04-01,62.16,62.23,60.68,61.22,193044.98
2020-04-02,61.25,62.57,60.96,62.48,181388.7
2020-04-03,62.44,64.62,62.26,63.76,292103.44
2020-04-07,64.28,65.29,63.65,64.96,237684.03
2020-04-08,64.55,65.64,64.1,64.47,161198.58
2020-04-09,64.48,66.53,64.25,65.84,177080.66
2020-04-10,65.83,67.8,65.23,65.44,171076.28
2020-04-13,65.97,66.23,64.81,65.76,93329.25
2020-04-14,66.47,67.03,65.36,66.99,193455.08
2020-04-15,67.01,67.72,65.9,66.27,144663.07
2020-04-16,65.42,66.61,64.97,66.26,139842.86
2020-04-17,66.36,66.8,65.55,65.71,147495.45
2020-04-20,65.71,66.32,65.31,65.78,128541.9
2020-04-21,65.98,65.99,64.11,64.82,183203.23
2020-04-22,64.82,66.32,64.02,66.32,177450.49
2020-04-23,66.66,67.18,64.62,65.33,193765.77
2020-04-24,65.29,65.29,64.28,64.81,108507.01
2020-04-27,65.23,66.19,64.14,65.54,183859.78
2020-04-28,65.57,65.98,64.65,65.33,221291.79
2020-04-29,65.0,65.3,62.34,63.53,241029.82
2020-04-30,63.53,64.35,62.88,63.26,196497.46
2020-05-06,62.93,65.59,62.65,65.59,260013.73
2020-05-07,65.67,66.21,65.03,65.71,124586.0
2020-05-08,65.95,67.13,65.59,66.02,167320.86
2020-05-11,65.78,65.83,63.53,63.72,329389.74
2020-05-12,63.72,64.98,63.61,64.92,182856.28
2020-05-13,64.92,65.98,64.01,65.1,224920.09
2020-05-14,64.93,66.66,64.42,66.12,222616.79
2020-05-15,66.53,66.76,64.29,64.5,253660.6
2020-05-18,64.59,66.8,64.01,66.12,301163.21
2020-05-19,67.34,68.0,66.19,66.62,185348.38
2020-05-20,67.01,68.0,66.08,66.59,193245.58
2020-05-21,66.87,68.7,66.68,67.84,270698.81
2020-05-22,67.87,67.94,64.88,65.22,284477.85
2020-05-25,65.95,66.87,65.5,66.23,199368.39
2020-05-26,65.99,67.01,65.67,66.68,211371.0
2020-05-27,66.38,66.38,64.16,65.35,311442.12
2020-05-28,65.22,65.4,63.27,64.23,231916.84
2020-05-29,63.9,64.92,63.66,64.39,173189.68
2020-06-01,65.29,66.11,65.12,65.64,261484.02
2020-06-02,65.68,65.95,65.07,65.78,176093.19
2020-06-03,66.0,66.1,65.37,65.6,209537.71
2020-06-04,65.93,66.49,65.38,66.44,209797.92
2020-06-05,66.44,67.35,65.8,67.34,185789.31
2020-06-08,67.52,67.66,65.19,65.7,330382.99
2020-06-09,65.7,67.91,65.7,67.89,352699.85
2020-06-10,67.92,69.96,67.53,69.17,319124.87
2020-06-11,69.02,69.84,68.39,69.11,221178.62
2020-06-12,68.0,70.24,68.0,70.23,233958.44
2020-06-15,69.63,70.86,68.79,68.93,254781.88
2020-06-16,69.63,71.68,69.2,71.3,274286.15
2020-06-17,71.43,73.68,71.31,73.35,331274.01
2020-06-18,73.31,73.61,71.66,73.07,214876.4
2020-06-19,73.23,76.36,73.07,76.08,334485.03
2020-06-22,76.01,78.07,75.44,76.28,292777.81
2020-06-23,75.5,77.32,75.27,77.32,254530.6
2020-06-24,76.91,77.24,75.3,76.05,310912.58
2020-06-29,75.6,76.45,74.78,75.46,271305.7
2020-06-30,75.99,76.58,75.07,75.52,257668.83
2020-07-01,75.6,75.73,73.07,74.5,420680.46
2020-07-02,74.44,75.07,73.64,74.62,345271.21
2020-07-03,74.72,75.27,74.05,75.18,299107.49
2020-07-06,75.27,76.42,74.58,76.2,496528.11
2020-07-07,76.48,80.36,76.05,79.6,474944.22
2020-07-08,80.16,81.62,78.6,79.42,358710.41
2020-07-09,79.45,81.18,79.05,80.6,282674.64
2020-07-10,80.68,82.16,80.23,81.29,293976.09
2020-07-13,81.48,82.54,81.04,81.67,323715.08
2020-07-14,81.66,81.66,79.37,80.54,332262.94
2020-07-15,81.74,85.91,81.05,84.27,478899.51
2020-07-16,84.52,85.22,78.76,78.83,475574.46
2020-07-17,78.47,80.09,77.73,78.82,366631.52
2020-07-20,78.92,79.84,77.09,78.95,256361.38
2020-07-21,79.69,81.8,78.94,81.25,324188.57
2020-07-22,80.99,82.69,79.75,81.31,301276.09
2020-07-23,80.85,82.54,80.18,81.31,345556.35
2020-07-24,80.27,80.83,76.91,77.56,444160.2
2020-07-27,77.55,79.33,77.31,78.05,249829.11
2020-07-28,78.06,78.72,77.08,77.4,285202.4
2020-07-29,77.11,78.86,76.91,78.43,266036.73
2020-07-30,78.43,78.79,77.41,77.71,272996.45
2020-07-31,77.62,78.12,75.14,77.22,560034.17
2020-08-03,75.85,76.7,74.87,76.26,639978.43
2020-08-04,76.5,78.4,76.46,76.9,407385.07
2020-08-05,76.82,77.0,75.59,75.92,383114.96
2020-08-06,76.1,76.33,74.06,74.46,477497.04
2020-08-07,74.7,75.25,73.25,74.62,329882.93
2020-08-10,74.72,74.94,73.42,74.28,287939.48
2020-08-11,74.84,76.19,74.62,75.09,350842.74
2020-08-12,75.09,75.41,72.82,73.65,353338.73
2020-08-13,74.4,74.4,72.66,72.72,263858.12
2020-08-14,72.8,73.47,71.98,73.23,242375.05
2020-08-17,73.62,74.86,72.97,74.37,343676.79
2020-08-18,74.62,77.45,74.62,76.42,449290.68
2020-08-19,76.75,77.62,75.7,75.87,327703.93
2020-08-20,75.87,76.37,74.62,75.03,203114.18
2020-08-21,76.17,76.63,74.29,75.11,205668.9
2020-08-24,76.08,76.09,74.99,75.62,177433.32
2020-08-25,76.08,77.44,75.93,76.9,249792.23
2020-08-26,76.94,78.5,76.67,77.39,268722.96
2020-08-27,77.39,77.63,75.76,77.0,213099.61
2020-08-28,76.34,78.14,76.02,78.05,281548.1
2020-08-31,78.38,79.0,77.49,77.62,272986.21
2020-09-01,77.31,78.18,76.37,76.9,209669.34
2020-09-02,77.73,77.73,75.77,77.48,273407.26
2020-09-03,77.48,78.45,76.81,77.73,196908.13
2020-09-04,76.81,77.16,75.58,76.51,254464.52
2020-09-07,76.09,76.74,74.87,74.95,233965.58
2020-09-08,74.96,76.0,74.62,75.54,205175.84
2020-09-09,74.9,75.33,73.23,73.88,210802.86
2020-09-10,74.87,75.24,73.89,74.24,162648.43
2020-09-11,73.31,75.49,73.31,75.12,183389.84
2020-09-14,75.36,75.59,74.72,74.75,154824.17
2020-09-15,74.7,74.73,73.65,74.54,148881.31
2020-09-16,74.78,75.19,73.31,73.43,195171.28
2020-09-17,72.89,73.34,70.37,70.6,423045.12
2020-09-18,70.69,72.8,70.55,72.8,297717.27
2020-09-21,72.66,73.2,71.8,72.41,168298.13
2020-09-22,72.0,73.72,71.99,73.07,204940.47
2020-09-23,73.19,74.05,72.7,73.51,155194.78
2020-09-24,73.27,73.27,71.43,71.89,173027.34
2020-09-25,72.25,72.51,71.47,72.37,141112.75
2020-09-28,72.4,73.29,72.09,72.48,145684.91
2020-09-29,73.05,73.97,72.74,73.55,177814.46
2020-09-30,73.96,75.26,73.23,73.49,234315.95
2020-10-09,75.27,75.63,74.33,75.23,195760.69
2020-10-12,75.59,77.16,75.59,77.08,246020.19
2020-10-13,77.08,77.48,76.18,76.67,186963.58
2020-10-14,76.49,76.97,75.9,76.09,210900.34
2020-10-15,76.09,76.63,75.73,76.22,178034.79
2020-10-16,76.88,77.08,75.37,76.17,176502.17
2020-10-19,76.65,76.91,74.55,74.88,207159.34
2020-10-20,74.78,74.88,73.36,74.46,222966.71
2020-10-21,74.47,74.62,72.83,73.29,288335.96
2020-10-22,73.26,73.28,72.41,73.28,161529.15
2020-10-23,73.28,73.52,72.07,72.12,145912.35
2020-10-26,72.08,73.26,71.67,72.97,125431.86
2020-10-27,72.95,73.43,72.26,73.01,152409.54
2020-10-28,73.01,75.27,72.42,74.75,260264.02
2020-10-29,74.2,75.27,73.47,74.49,238521.81
2020-10-30,74.59,74.78,72.27,72.69,303491.03
2020-11-02,72.48,73.23,71.84,73.01,214136.5
2020-11-03,73.17,73.99,72.83,73.76,196299.73
2020-11-04,73.79,74.05,73.29,73.78,139725.54
2020-11-05,74.77,75.44,74.18,74.62,180905.9
2020-11-06,75.03,75.1,72.0,72.73,319761.9
2020-11-09,72.89,73.59,72.5,73.12,314853.23
2020-11-10,73.31,73.51,71.73,71.96,300412.95
2020-11-11,71.96,71.96,70.28,70.5,351043.52
2020-11-12,70.77,71.32,70.53,70.82,195162.1
2020-11-13,70.86,70.97,69.69,69.96,294420.48
2020-11-16,70.45,70.65,69.5,70.06,203857.59
2020-11-17,70.07,70.23,69.47,69.98,215696.11
2020-11-18,70.0,71.41,70.0,70.86,240688.42
2020-11-19,71.18,71.67,70.77,71.43,180168.63
2020-11-20,71.43,71.74,70.91,71.11,171634.36
2020-11-23,71.11,71.18,69.55,70.46,328838.46
2020-11-24,70.46,71.36,69.98,71.32,238377.57
2020-11-25,71.32,71.45,70.28,70.47,200237.59
2020-11-26,71.01,71.15,69.62,70.37,156071.66
2020-11-27,70.27,71.18,69.57,71.14,162138.3
2020-11-30,70.94,71.59,70.36,70.36,241934.47
2020-12-01,70.6,71.9,70.49,71.68,245353.27
2020-12-02,71.85,71.9,71.16,71.62,159662.99
2020-12-03,71.84,73.72,71.69,73.63,321789.13
2020-12-04,73.55,74.87,73.23,74.72,301797.14
2020-12-07,75.09,75.09,73.07,73.54,239911.75
2020-12-08,74.26,74.28,73.39,73.7,145613.2
2020-12-09,74.18,74.18,72.11,72.2,223855.26
2020-12-10,72.0,73.39,71.66,72.82,172351.43
2020-12-11,73.31,74.32,72.49,73.23,259012.07
2020-12-14,72.84,73.96,72.03,73.73,178857.62
2020-12-15,73.74,79.6,73.74,79.38,771545.2
2020-12-16,79.43,80.09,78.2,79.37,410625.17
2020-12-17,83.46,87.31,82.65,86.06,903875.43
2020-12-18,86.57,87.92,85.44,86.45,463820.65
2020-12-21,86.53,88.84,85.81,88.25,369735.77
2020-12-22,88.2,89.17,86.73,86.89,284836.48
2020-12-23,87.87,88.49,86.2,86.73,298966.25
2020-12-24,87.14,90.91,86.82,89.02,283334.37
2020-12-25,89.04,95.32,88.78,94.1,324330.38
2020-12-28,94.91,95.28,90.0,90.82,394340.48
2020-12-29,91.49,92.15,86.77,88.6,377975.34
2020-12-30,89.17,92.78,89.02,92.21,362171.22
2020-12-31,92.09,92.18,90.01,91.2,281568.85
2021-01-04,91.63,93.02,90.82,90.98,363422.65
2021-01-05,90.98,95.45,90.98,92.65,417627.95
2021-01-06,92.66,94.81,91.64,93.05,283700.17
2021-01-07,93.98,94.09,91.48,94.09,329276.05
2021-01-08,94.19,95.62,91.76,92.64,307676.05
2021-01-11,91.9,93.4,90.0,91.07,272011.38
2021-01-12,91.06,93.7,90.0,93.36,286387.91
2021-01-13,93.28,93.68,91.33,92.11,237719.06
2021-01-14,92.11,92.4,88.86,90.15,300416.17
2021-01-15,91.23,91.23,88.37,89.86,247070.98
2021-01-18,89.21,90.28,87.87,88.23,235131.96
2021-01-19,88.78,88.78,85.32,85.87,348142.27
2021-01-20,86.65,87.98,85.91,86.71,305027.27
2021-01-21,86.73,89.02,86.22,88.49,382934.55
2021-01-22,88.33,92.46,87.64,92.13,411307.99
2021-01-25,92.28,92.97,89.59,91.19,387944.49
2021-01-26,90.45,91.05,87.34,87.55,339761.0
2021-01-27,88.12,88.51,86.32,87.24,230270.45
2021-01-28,87.18,88.36,84.59,85.63,282737.48
2021-01-29,85.3,86.01,82.65,84.9,327275.53
2021-02-01,83.83,85.17,82.64,83.91,250766.09
2021-02-02,84.86,87.55,83.5,86.73,311946.28
2021-02-03,86.68,87.51,85.52,85.91,215735.69
2021-02-04,85.09,85.42,83.06,84.11,285482.11
2021-02-05,85.05,88.6,83.87,87.79,380711.74
2021-02-08,87.8,89.47,86.61,86.96,373467.91
2021-02-09,88.16,90.67,86.57,89.79,341345.61
2021-02-10,89.35,90.62,87.65,89.35,343645.24
2021-02-18,91.15,91.15,85.5,85.83,450415.64
2021-02-19,85.56,86.55,84.12,86.04,286563.49
2021-02-22,87.06,87.06,81.82,81.83,456260.45
2021-02-23,81.28,83.42,81.0,82.39,254888.64
2021-02-24,82.63,82.64,80.68,81.58,317806.63
2021-02-25,81.82,83.65,81.13,82.68,316097.19
2021-02-26,81.01,84.82,81.01,83.29,349963.66
2021-03-01,84.11,84.11,81.26,82.07,305339.38
2021-03-02,82.07,82.48,79.78,80.47,304205.74
2021-03-03,80.59,83.03,79.81,82.93,264631.84
2021-03-04,81.97,82.93,80.67,82.23,250831.24
2021-03-05,80.61,82.75,80.59,82.07,228363.25
2021-03-08,82.4,83.09,75.03,75.37,462043.35
2021-03-09,76.0,77.48,73.14,75.1,429656.18
2021-03-10,76.9,77.35,75.72,76.42,242134.15
2021-03-11,76.9,77.63,75.68,76.49,272516.41
2021-03-12,77.32,77.98,74.93,75.43,229178.55
2021-03-15,74.56,75.32,72.47,73.3,301244.08
2021-03-16,74.05,74.28,72.08,72.98,240419.67
2021-03-17,72.98,73.44,71.66,72.51,250863.37
2021-03-18,72.83,74.04,72.25,72.99,311127.51
2021-03-19,72.0,72.77,71.35,72.04,224501.45
2021-03-22,72.04,73.88,71.68,72.09,254826.96
2021-03-23,71.23,72.37,71.19,71.72,243465.43
2021-03-24,71.72,72.17,70.16,70.79,201135.2
2021-03-25,70.12,71.9,69.62,71.37,217352.35
2021-03-26,71.67,75.36,71.5,74.64,378234.39
2021-03-29,74.7,75.19,73.75,74.07,249642.1
2021-03-30,73.93,76.65,73.64,76.58,296355.71
2021-03-31,76.27,76.27,74.47,75.35,188051.39
2021-04-01,74.95,77.32,74.95,76.79,192760.29
2021-04-02,76.91,77.6,75.18,75.83,197985.1
2021-04-06,75.6,75.63,74.18,74.38,169784.96
2021-04-07,74.62,74.7,73.43,74.2,169071.48
2021-04-08,73.88,75.97,73.39,75.64,184761.4
2021-04-09,76.09,76.26,74.05,74.62,179889.09
2021-04-12,74.33,75.26,72.72,73.25,213443.89
2021-04-13,73.14,73.88,71.72,72.8,223808.89
2021-04-14,73.19,73.19,67.27,69.97,922490.94
2021-04-15,69.16,69.2,67.14,67.24,598683.83
2021-04-16,67.38,67.38,64.89,65.96,528806.32
2021-04-19,66.03,67.26,65.05,67.17,529617.73
2021-04-20,67.0,67.0,64.97,65.71,742405.23
2021-04-21,65.61,68.21,65.14,68.06,688096.52
2021-04-22,67.65,67.83,66.93,67.26,368503.61
2021-04-23,67.83,68.71,67.09,67.91,468637.94
2021-04-26,68.06,69.2,66.59,66.7,542472.71
2021-04-27,66.72,68.06,66.15,67.95,336011.74
2021-04-28,67.99,68.22,67.01,67.8,271647.36
2021-04-29,67.9,67.99,66.93,67.38,317535.62
2021-04-30,67.91,69.79,67.43,68.81,513369.41
2021-05-06,68.81,69.79,67.1,67.19,421448.0
2021-05-07,67.19,67.38,65.45,65.45,371053.86
2021-05-10,65.37,66.18,63.83,65.73,253161.23
2021-05-11,65.05,68.57,64.92,68.49,387986.73
2021-05-12,68.43,68.68,67.5,68.06,243462.5
2021-05-13,67.6,67.84,66.38,66.87,247591.01
2021-05-14,67.35,68.89,66.61,68.59,347378.29
2021-05-17,69.06,70.9,69.02,69.86,358228.71
2021-05-18,69.88,70.64,69.17,70.15,191551.65
2021-05-19,70.12,70.12,69.14,69.59,167147.16
2021-05-20,69.69,69.83,68.16,68.49,347174.75
2021-05-21,68.77,69.75,67.09,67.23,366266.2
2021-05-24,67.02,68.21,66.19,68.21,279434.78
2021-05-25,68.2,70.91,68.12,70.57,464456.8
2021-05-26,71.25,71.57,70.06,70.6,417488.43
2021-05-27,70.33,71.1,69.66,70.62,326367.5
2021-05-28,71.09,71.45,69.76,70.24,321284.05
2021-05-31,70.12,70.68,69.56,70.61,259537.25
2021-06-01,70.69,71.59,70.04,71.57,392538.26
2021-06-02,71.6,71.8,68.4,69.02,524298.71
2021-06-03,68.35,68.65,67.55,67.57,414103.38
2021-06-04,67.15,68.31,66.84,67.62,334781.19
2021-06-07,67.5,67.53,66.48,67.45,253011.13
2021-06-08,67.79,69.0,67.59,67.9,297829.18
2021-06-09,67.99,69.14,67.99,68.85,256590.93
2021-06-10,69.89,74.26,69.01,71.84,617790.45
2021-06-11,71.94,72.29,69.97,71.8,448208.74
2021-06-15,71.8,72.98,70.42,70.74,438438.03
2021-06-16,70.74,71.25,69.38,69.69,280377.61
2021-06-17,69.72,70.16,69.05,70.02,233548.01
2021-06-18,70.37,71.3,69.71,70.31,310606.55
2021-06-21,70.07,70.07,68.02,68.41,452862.31
2021-06-22,68.41,69.37,67.91,69.36,436129.83
2021-06-23,69.45,71.31,69.43,70.02,572155.69
2021-06-24,68.88,68.88,66.8,66.92,772127.94
2021-06-25,66.6,67.36,65.92,66.98,537240.03
2021-06-28,66.98,67.51,66.43,67.51,411067.7
2021-06-29,67.52,67.73,66.74,67.12,300627.02
2021-06-30,67.17,67.61,66.82,66.89,266825.14
2021-07-01,66.92,69.68,66.68,68.59,494101.76
2021-07-02,67.94,68.19,65.79,65.85,531315.55
2021-07-05,65.6,65.6,61.33,61.95,795018.91
2021-07-06,61.61,61.61,59.87,61.08,655917.79
2021-07-07,61.3,62.48,61.27,61.46,421309.78
2021-07-08,61.47,61.88,60.2,60.4,376692.99
2021-07-09,60.05,61.33,59.94,61.12,317139.65
2021-07-12,62.49,63.48,61.99,62.12,599866.95
2021-07-13,62.12,62.41,60.78,60.96,381454.68
2021-07-14,60.72,60.82,59.05,59.16,676798.71
2021-07-15,58.85,59.34,57.46,59.32,648061.22
2021-07-16,59.32,59.32,58.07,59.15,450067.36
2021-07-19,58.89,60.03,58.08,59.99,502333.3
2021-07-20,59.89,62.18,59.54,62.18,798080.81
2021-07-21,62.99,63.45,61.67,61.98,554571.24
2021-07-22,61.96,61.96,60.3,60.31,470006.4
2021-07-23,60.22,60.87,59.28,60.52,361120.11
2021-07-26,60.33,60.33,57.66,58.28,464010.01
2021-07-27,58.27,58.64,53.25,53.64,810946.44
2021-07-28,53.12,55.38,52.75,55.02,523920.23
2021-07-29,56.69,56.98,53.8,54.24,530125.07
2021-07-30,53.72,54.01,52.16,53.52,484235.69
2021-08-02,53.13,55.36,51.42,54.38,604140.95
2021-08-03,54.24,56.49,53.74,56.49,549982.21
2021-08-04,56.69,56.86,54.92,55.44,473267.82
2021-08-05,55.45,56.57,54.61,54.92,385788.77
2021-08-06,54.62,54.66,53.42,53.93,347438.25
2021-08-09,53.64,57.0,53.4,56.02,539000.47
2021-08-10,56.19,56.88,54.86,56.83,563060.95
2021-08-11,56.29,57.45,55.87,55.99,394125.59
2021-08-12,55.63,56.76,54.74,54.92,400836.44
2021-08-13,54.68,55.75,54.4,55.63,338591.64
2021-08-16,55.63,56.2,55.16,55.58,250644.84
2021-08-17,55.31,55.54,53.78,53.88,362978.64
2021-08-18,53.95,54.34,52.91,54.12,330020.61
2021-08-19,53.79,54.58,52.93,52.99,332101.1
2021-08-20,49.21,49.52,47.69,47.69,1406764.43
2021-08-23,46.8,47.44,44.78,46.43,1342009.61
2021-08-24,46.17,47.4,45.37,46.45,973951.0
2021-08-25,46.46,47.35,45.97,46.66,631070.53
2021-08-26,46.27,46.35,44.53,44.59,804365.21
2021-08-27,44.78,46.16,44.77,45.32,538304.32
2021-08-30,45.09,45.55,44.54,44.88,444568.61
2021-08-31,44.73,45.41,43.63,44.48,495741.85
2021-09-01,44.68,46.45,44.21,45.85,731270.61
2021-09-02,45.86,45.86,44.78,45.13,465752.1
2021-09-03,44.6,46.1,44.34,45.37,462357.55
2021-09-06,45.46,48.12,45.46,47.34,866635.69
2021-09-07,47.34,47.56,46.43,47.32,488971.72
2021-09-08,47.32,47.55,46.85,46.99,331068.71
2021-09-09,46.96,47.4,46.55,46.69,301660.33
2021-09-10,46.65,47.19,46.34,46.7,337885.85
2021-09-13,46.7,47.18,45.76,46.01,405871.03
2021-09-14,46.03,46.77,45.99,46.06,487354.57
2021-09-15,45.94,45.97,44.78,45.0,448329.55
2021-09-16,45.17,45.71,44.66,45.42,558905.81
2021-09-17,45.1,46.85,44.98,46.21,635327.5
2021-09-22,46.21,47.39,45.87,47.14,580513.09
2021-09-23,47.24,48.02,46.53,47.03,586867.81
2021-09-24,46.94,49.31,46.8,49.01,927196.99
2021-09-27,49.05,51.33,48.42,49.95,881590.53
2021-09-28,50.68,50.68,48.55,49.59,542766.4
2021-09-29,49.11,49.64,47.99,49.13,484391.25
2021-09-30,49.15,49.83,48.66,49.43,411221.29
2021-10-08,50.05,53.85,49.29,53.33,1124308.83
2021-10-11,53.33,54.66,52.17,52.76,739909.26
2021-10-12,52.9,53.83,52.26,52.95,549720.5
2021-10-13,52.7,52.7,50.73,52.11,607656.13
2021-10-14,51.62,51.86,50.25,50.25,561685.08
2021-10-15,49.6,50.56,48.95,49.26,569811.51
2021-10-18,48.95,49.21,47.76,48.32,515125.46
2021-10-19,47.97,49.94,47.89,48.82,521174.89
2021-10-20,48.22,51.07,47.04,50.76,965916.64
2021-10-21,50.15,50.51,49.57,49.7,437411.24
2021-10-22,49.81,51.04,49.61,50.49,461961.86
2021-10-25,50.19,51.47,50.0,50.4,459921.67
2021-10-26,50.45,50.58,48.62,48.62,638573.32
2021-10-27,48.52,49.08,47.91,48.28,341071.24
2021-10-28,47.79,49.36,47.71,47.99,445554.41
2021-10-29,47.73,49.09,47.73,48.46,427476.45
2021-11-01,48.24,49.31,47.78,49.01,487701.63
2021-11-02,48.73,49.48,47.24,47.73,480225.25
2021-11-03,47.74,49.39,47.74,48.34,415537.19
2021-11-04,48.47,50.98,48.22,50.4,823350.21
2021-11-05,50.44,52.83,50.41,50.99,920662.28
2021-11-08,51.18,51.4,48.72,48.83,826902.86
2021-11-09,48.89,49.58,48.72,49.02,373594.83
2021-11-10,49.02,53.64,48.91,52.88,1371612.02
2021-11-11,52.65,52.94,51.73,52.16,775869.65
2021-11-12,52.21,52.6,51.19,51.72,443428.47
2021-11-15,51.74,53.1,51.56,52.52,590072.05
2021-11-16,52.55,54.1,52.52,53.49,676749.9
2021-11-17,53.64,54.28,52.93,53.07,522252.4
2021-11-18,52.65,52.73,50.78,50.96,696158.84
2021-11-19,50.51,51.39,50.43,51.17,366586.38
2021-11-22,51.76,52.33,51.03,51.2,431026.16
2021-11-23,50.99,51.62,50.79,51.26,298044.26
2021-11-24,51.13,51.37,50.68,51.06,301306.3
2021-11-25,51.08,52.26,50.81,52.15,473939.26
2021-11-26,52.34,52.36,51.42,51.52,421662.55
2021-11-29,51.55,52.35,50.03,50.28,566363.57
2021-11-30,49.85,50.29,49.27,49.38,482994.12
2021-12-01,49.39,49.85,48.92,49.7,320409.92
2021-12-02,49.14,49.14,48.24,48.28,524007.22
2021-12-03,48.25,48.64,48.11,48.42,388782.52
2021-12-06,48.42,49.01,48.41,48.5,362114.77
2021-12-07,48.89,49.48,48.51,49.39,415264.86
2021-12-08,49.4,49.58,48.62,49.56,334289.58
2021-12-09,49.6,50.79,49.22,50.58,576038.92
2021-12-10,50.2,50.86,50.1,50.45,396118.04
2021-12-13,50.67,51.18,50.07,50.19,444105.87
2021-12-14,49.85,50.66,49.82,50.19,309301.05
2021-12-15,49.87,50.19,48.78,49.21,423672.71
2021-12-16,48.91,49.5,48.55,49.43,317146.85
2021-12-17,49.48,49.69,48.99,48.99,264859.99
2021-12-20,48.67,49.65,48.58,49.09,251470.77
2021-12-21,48.69,49.39,48.68,49.25,223402.17
2021-12-22,49.21,49.3,48.78,48.87,251012.3
2021-12-23,48.92,49.11,48.42,48.63,254866.48
2021-12-24,48.52,49.53,48.47,49.33,330458.03
2021-12-27,49.33,49.7,49.11,49.61,268235.76
2021-12-28,49.61,49.97,49.13,49.38,277509.53
2021-12-29,49.38,49.38,48.84,48.93,214950.8
2021-12-30,48.95,49.66,48.65,49.22,285881.26
2021-12-31,49.41,50.17,49.2,49.91,379036.19
2022-01-04,49.98,50.15,49.05,49.59,375580.99
2022-01-05,49.54,50.7,49.1,50.11,466265.2
2022-01-06,50.12,50.66,49.21,49.32,443946.13
2022-01-07,49.33,50.66,49.02,50.07,483773.82
2022-01-10,50.09,50.66,49.41,50.31,393542.01
2022-01-11,49.81,50.0,49.22,49.39,370171.98
2022-01-12,49.43,49.6,48.68,48.8,516615.89
2022-01-13,48.71,48.78,46.27,46.73,910495.34
2022-01-14,46.26,46.68,45.84,45.91,493168.42
2022-01-17,45.92,46.14,45.33,45.68,394114.35
2022-01-18,45.68,45.76,45.27,45.48,354220.94
2022-01-19,45.37,45.65,44.57,45.01,413247.58
2022-01-20,44.93,45.37,44.86,44.97,350225.31
2022-01-21,44.98,45.15,43.8,44.23,446901.11
2022-01-24,43.8,44.22,42.59,42.6,648813.9
2022-01-25,42.42,43.09,41.99,42.14,403949.76
2022-01-26,42.46,42.59,41.37,41.42,379315.18
2022-01-27,41.42,41.6,40.36,40.44,465658.3
2022-01-28,40.44,40.89,40.23,40.3,349369.21
2022-02-07,40.8,40.99,40.38,40.49,313713.84
2022-02-08,40.49,41.11,40.06,41.06,310681.55
2022-02-09,41.04,41.47,40.92,41.34,320537.83
2022-02-10,41.44,41.44,40.69,40.91,256442.23
2022-02-11,40.7,40.84,39.94,40.61,371662.44
2022-02-14,40.35,40.57,39.07,39.12,537081.85
2022-02-15,39.12,40.71,38.97,40.55,645330.24
2022-02-16,40.35,40.43,39.76,39.93,483054.57
2022-02-17,39.94,40.22,39.77,39.97,271649.21
2022-02-18,39.57,40.43,39.41,40.31,321421.9
2022-02-21,40.15,40.5,39.96,40.28,253579.56
2022-02-22,40.28,40.28,39.38,39.47,321386.6
2022-02-23,39.61,40.29,39.54,40.25,336117.66
2022-02-24,40.03,40.09,38.71,39.05,559658.19
2022-02-25,39.26,40.53,39.24,39.47,536278.57
2022-02-28,39.48,39.8,39.17,39.45,319263.4
2022-03-01,39.45,40.64,39.45,40.41,544670.42
2022-03-02,40.18,40.18,39.78,39.97,277589.55
2022-03-03,40.12,40.2,39.46,39.51,285091.53
2022-03-04,39.17,39.69,38.88,39.15,322607.3
2022-03-07,38.78,38.87,36.87,36.96,693118.21
2022-03-08,37.03,37.25,35.93,36.1,475707.33
2022-03-09,36.22,36.45,34.15,35.47,558800.42
2022-03-10,36.22,36.51,35.53,35.6,459155.01
2022-03-11,34.87,37.07,34.67,37.02,709098.83
2022-03-14,37.18,38.27,36.81,36.81,679360.56
2022-03-15,36.37,37.4,35.43,35.56,578555.69
2022-03-16,36.07,36.41,34.25,36.16,680261.4
2022-03-17,36.51,37.61,36.26,36.83,771905.22
2022-03-18,36.44,37.0,36.22,36.91,560523.04
2022-03-21,37.05,37.28,36.22,36.71,507424.01
2022-03-22,36.71,37.05,36.32,36.36,285881.95
2022-03-23,36.51,37.23,35.98,36.77,498462.81
2022-03-24,36.4,37.26,36.05,37.04,575648.42
2022-03-25,36.84,37.05,35.77,35.79,531614.48
2022-03-28,35.33,35.59,34.94,35.33,322102.68
2022-03-29,35.33,35.78,35.1,35.35,273912.97
2022-03-30,35.6,36.83,35.13,36.83,584918.87
2022-03-31,36.55,36.82,36.15,36.24,401770.28
2022-04-01,36.02,36.48,35.5,36.2,374430.74
2022-04-06,36.2,36.7,35.54,35.68,431287.08
2022-04-07,35.71,35.91,34.74,34.76,395446.02
2022-04-08,34.53,34.71,33.19,33.39,723020.5
2022-04-11,33.08,33.31,32.18,32.28,570156.53
2022-04-12,32.27,33.26,31.78,33.14,591549.1
2022-04-13,32.84,33.61,32.69,33.11,368376.57
2022-04-14,33.08,33.85,33.07,33.28,308844.78
2022-04-15,33.26,33.9,33.11,33.55,332957.78
2022-04-18,33.36,33.42,32.81,33.42,223627.02
2022-04-19,33.28,33.81,32.4,32.59,403557.56
2022-04-20,32.77,34.61,32.68,33.78,754695.79
2022-04-21,33.66,34.05,32.4,32.64,471589.07
2022-04-22,32.44,33.07,31.11,32.48,452914.38
2022-04-25,29.67,30.3,29.23,29.23,1039617.07
2022-04-26,28.54,28.57,27.24,27.3,1082858.15
2022-04-27,26.58,27.71,26.57,27.62,708003.84
2022-04-28,27.52,28.27,27.36,28.0,572219.82
2022-04-29,27.99,29.22,27.92,29.01,570478.71
2022-05-05,29.0,29.59,28.76,29.21,461882.13
2022-05-06,28.64,29.48,28.55,28.88,307035.06
2022-05-09,28.95,29.2,28.66,28.84,201674.25
2022-05-10,28.06,29.13,27.8,28.92,384859.15
2022-05-11,28.93,30.31,28.93,29.48,573372.52
2022-05-12,29.29,29.79,29.23,29.55,257546.13
2022-05-13,30.33,30.41,29.33,29.51,339406.52
2022-05-16,29.8,30.04,28.9,28.96,340038.37
2022-05-17,29.13,29.31,28.74,28.99,248480.83
2022-05-18,29.09,29.23,28.79,28.91,240164.08
2022-05-19,28.58,28.9,28.42,28.79,237596.65
2022-05-20,29.08,29.87,29.03,29.76,518716.53
2022-05-23,30.0,30.07,29.49,29.62,293970.07
2022-05-24,29.6,29.62,28.07,28.16,585918.64
2022-05-25,28.25,28.5,28.05,28.47,321550.12
2022-05-26,28.52,28.99,28.11,28.58,378680.62
2022-05-27,29.03,29.88,28.9,29.31,761231.0
2022-05-30,29.36,29.57,28.99,29.24,386844.02
2022-05-31,29.03,29.92,28.89,29.84,564940.51
2022-06-01,29.85,29.97,29.34,29.51,365274.66
2022-06-02,29.45,29.46,28.98,29.37,348859.11
2022-06-06,29.29,30.18,29.25,30.05,552506.28
2022-06-07,30.22,31.15,29.98,30.7,762499.75
2022-06-08,30.76,32.38,30.68,31.58,1184831.39
2022-06-09,31.39,31.44,30.4,30.46,649194.31
2022-06-10,30.2,31.18,30.2,31.06,560984.75
2022-06-13,30.75,31.28,30.55,30.8,445047.11
2022-06-14,30.56,31.15,29.97,31.12,494083.09
2022-06-15,31.25,32.63,31.15,32.08,910668.74
2022-06-16,32.19,32.8,32.0,32.09,665953.22
2022-06-17,31.85,33.25,31.75,32.84,740717.8
2022-06-20,32.99,33.42,32.48,32.93,654971.53
2022-06-21,32.87,32.87,32.13,32.49,531508.73
2022-06-22,32.58,32.97,32.09,32.12,422605.59
2022-06-23,32.23,32.43,31.99,32.41,347493.08
2022-06-24,32.41,33.25,32.41,32.99,561877.24
2022-06-27,33.22,35.51,33.22,35.0,1114010.72
2022-06-28,34.99,35.26,34.3,35.1,587815.99
2022-06-29,35.09,36.2,34.54,34.96,828483.47
2022-06-30,35.23,36.89,35.18,36.5,861263.25
2022-07-01,36.5,38.38,36.28,38.32,1000345.65
2022-07-04,38.38,40.84,37.21,40.52,1416053.59
2022-07-05,40.1,40.67,39.35,40.02,875506.96
2022-07-06,40.12,41.09,38.68,38.95,949990.76
2022-07-07,38.56,38.93,37.55,38.19,714187.56
2022-07-08,38.52,38.83,37.84,37.99,469154.45
2022-07-11,38.0,38.43,36.83,37.61,590257.64
2022-07-12,37.6,37.7,36.42,36.43,555109.86
2022-07-13,36.43,36.75,36.14,36.54,378406.0
2022-07-14,36.75,38.36,36.75,38.07,756205.9
2022-07-15,37.84,38.32,36.77,36.79,488436.22
2022-07-18,36.75,37.59,36.18,37.47,385230.36
2022-07-19,37.42,37.86,36.72,37.19,339888.54
2022-07-20,37.45,38.0,37.25,37.56,357702.4
2022-07-21,37.49,38.48,37.23,38.24,441108.02
2022-07-22,38.24,39.17,38.03,38.53,520039.28
2022-07-25,38.53,38.91,37.86,38.02,263741.81
2022-07-26,38.05,38.53,35.57,35.74,997684.28
2022-07-27,35.57,36.47,35.47,35.8,374379.43
2022-07-28,35.69,36.05,35.07,35.67,436470.16
2022-07-29,35.69,35.96,34.76,34.87,377161.87
2022-08-01,34.86,35.15,34.19,34.76,263278.07
2022-08-02,34.58,34.58,33.47,33.79,456817.72
2022-08-03,33.83,34.83,33.83,34.28,367133.07
2022-08-04,34.57,36.32,34.53,36.27,643002.41
2022-08-05,36.5,37.63,36.47,37.57,599976.12
2022-08-08,37.72,38.09,37.06,37.63,348084.47
2022-08-09,37.54,37.54,36.61,36.88,280719.91
2022-08-10,36.85,37.1,35.99,36.41,329821.39
2022-08-11,36.56,37.21,36.18,36.98,329242.6
2022-08-12,36.96,37.35,36.65,36.99,226886.67
2022-08-15,36.92,37.2,36.44,36.46,259247.69
2022-08-16,36.46,36.98,35.92,36.01,265367.87
2022-08-17,35.86,36.42,35.72,36.19,258070.37
2022-08-18,35.98,36.16,35.29,35.61,274330.98
2022-08-19,35.46,35.95,35.37,35.47,232144.54
2022-08-22,34.1,35.1,33.2,34.62,604420.02
2022-08-23,34.61,35.2,34.02,34.2,327829.76
2022-08-24,34.2,34.83,34.05,34.07,279635.17
2022-08-25,34.13,34.72,33.48,34.57,263564.37
2022-08-26,34.67,34.91,34.28,34.35,212095.25
2022-08-29,33.74,34.19,33.64,33.82,176265.6
2022-08-30,33.85,34.16,33.0,33.27,309316.38
2022-08-31,33.02,34.57,32.98,34.24,356546.24
2022-09-01,34.23,34.44,33.68,33.93,242546.86
2022-09-02,34.08,34.76,33.3,33.49,266194.03
2022-09-05,33.39,33.69,32.9,33.33,222203.87
2022-09-06,33.52,33.79,33.22,33.47,180244.31
2022-09-07,33.2,33.32,32.76,33.03,247838.01
2022-09-08,33.2,33.99,33.1,33.33,274555.26
2022-09-09,33.26,34.45,33.26,34.36,414174.42
2022-09-13,34.38,35.22,34.17,35.09,362340.31
2022-09-14,34.67,35.39,34.3,35.25,291787.32
2022-09-15,35.46,35.56,34.98,35.06,275192.77
2022-09-16,35.07,35.25,34.31,34.41,316295.56
2022-09-19,34.5,34.9,34.0,34.27,200494.69
2022-09-20,34.29,34.54,33.54,33.72,202237.3
2022-09-21,33.72,33.82,32.85,33.03,290761.91
2022-09-22,32.7,33.17,31.94,32.25,312045.76
2022-09-23,32.11,33.26,31.97,32.53,341931.06
2022-09-26,32.53,32.9,31.5,31.52,345768.05
2022-09-27,31.64,33.3,31.52,33.25,464681.07
2022-09-28,33.23,33.58,32.81,33.07,297009.83
2022-09-29,33.48,35.51,33.19,34.55,582714.32
2022-09-30,34.54,35.16,34.28,34.68,342588.36
2022-10-10,34.58,34.93,33.82,33.85,312170.84
2022-10-11,34.14,34.17,33.44,33.69,199416.3
2022-10-12,33.59,33.71,31.73,32.85,418961.96
2022-10-13,32.7,34.55,32.55,34.13,397853.98
2022-10-14,34.58,37.53,34.53,37.53,950157.43
2022-10-17,37.77,39.92,37.77,39.08,1415941.13
2022-10-18,39.08,39.67,38.31,38.99,827033.42
2022-10-19,38.98,39.34,38.04,38.53,550167.99
2022-10-20,38.1,40.17,38.04,38.71,861645.77
2022-10-21,38.24,39.7,38.14,39.49,701746.49
2022-10-24,39.52,39.89,38.31,38.51,676904.69
2022-10-25,38.2,38.6,36.97,37.66,505044.65
2022-10-26,37.65,39.82,37.63,39.24,734058.41
2022-10-27,39.24,39.67,38.73,39.24,507585.76
2022-10-28,39.12,39.91,38.36,38.48,560421.71
2022-10-31,37.7,40.01,37.69,39.72,736430.88
2022-11-01,39.6,41.08,39.06,40.99,834855.7
2022-11-02,40.71,42.69,40.4,41.48,944807.98
2022-11-03,41.05,42.05,40.58,41.59,509934.69
2022-11-04,41.3,42.05,41.15,41.3,533435.96
2022-11-07,41.25,41.58,40.72,41.49,481563.12
2022-11-08,41.46,41.46,40.04,40.21,586386.21
2022-11-09,40.21,40.9,39.94,40.26,331977.94
2022-11-10,40.01,40.66,39.55,39.71,319877.22
2022-11-11,40.55,40.96,38.75,38.75,678497.0
2022-11-14,38.87,40.64,38.8,40.27,568396.8
2022-11-15,40.28,40.29,39.27,39.76,480042.89
2022-11-16,39.76,41.08,39.15,40.01,476330.55
2022-11-17,39.82,40.62,39.52,39.92,277682.65
2022-11-18,40.0,40.8,39.71,39.79,349113.4
2022-11-21,39.32,40.59,38.73,40.3,418370.61
2022-11-22,40.34,41.25,39.29,39.44,408099.56
2022-11-23,39.21,39.41,38.59,39.03,279882.78
2022-11-24,39.14,39.63,38.34,38.9,284074.98
2022-11-25,38.71,39.32,38.33,39.15,248639.39
2022-11-28,38.43,39.0,38.15,38.71,260135.07
2022-11-29,38.95,39.74,38.62,39.57,275733.27
2022-11-30,39.57,39.82,39.12,39.35,293263.72
2022-12-01,39.74,40.47,39.32,39.98,379558.16
2022-12-02,39.94,40.42,39.75,40.01,250603.29
2022-12-05,40.01,40.37,39.12,39.4,453317.41
2022-12-06,39.22,40.01,39.2,39.4,274308.04
2022-12-07,39.32,40.39,38.87,40.09,396003.31
2022-12-08,40.08,40.09,38.39,38.4,612777.45
2022-12-09,38.47,38.83,38.24,38.35,409826.99
2022-12-12,38.43,39.08,38.04,38.41,376900.11
2022-12-13,38.42,38.53,37.41,37.92,384599.77
2022-12-14,37.92,38.12,37.35,37.98,262940.84
2022-12-15,37.72,38.33,37.41,37.5,212865.04
2022-12-16,37.36,37.59,37.26,37.54,249092.48
2022-12-19,37.62,37.78,36.64,36.74,291345.05
2022-12-20,36.72,37.03,36.06,36.07,278437.99
2022-12-21,36.07,36.25,35.5,35.71,251313.27
2022-12-22,36.01,36.9,35.83,36.19,356206.32
2022-12-23,35.87,36.49,35.77,36.31,216845.2
2022-12-26,36.27,37.54,36.24,37.11,316401.83
2022-12-27,37.43,37.44,36.44,36.63,320140.23
2022-12-28,36.55,37.4,36.48,36.95,247494.78
2022-12-29,36.8,37.85,36.61,37.67,357508.43
2022-12-30,37.71,38.38,37.71,38.07,282411.27
2023-01-03,38.16,38.58,37.65,37.98,257564.93
2023-01-04,38.17,38.52,37.95,38.3,257668.0
2023-01-05,38.53,39.39,38.25,39.08,408464.18
2023-01-06,39.22,39.36,38.74,38.84,200106.79
2023-01-09,38.81,39.32,38.3,39.08,328360.27
2023-01-10,39.06,39.42,38.83,38.91,374507.72
2023-01-11,38.91,39.17,37.87,37.99,531572.59
2023-01-12,38.01,38.08,37.29,37.34,495276.76
2023-01-13,37.99,39.04,37.39,38.8,708163.02
2023-01-16,38.8,42.68,38.8,42.61,1378804.85
2023-01-17,42.28,42.81,41.38,41.67,844312.16
2023-01-18,41.77,42.15,40.83,41.07,541312.92
2023-01-19,41.65,44.23,41.16,43.12,1094864.09
2023-01-20,43.16,44.34,42.87,43.02,532464.67
2023-01-30,43.37,43.91,42.57,42.73,496623.46
2023-01-31,42.75,43.27,41.63,41.7,409175.58
2023-02-01,41.72,42.19,41.48,42.13,396413.65
2023-02-02,42.19,43.57,41.94,42.48,653486.51
2023-02-03,42.55,43.07,42.21,42.29,498018.17
2023-02-06,42.29,42.45,41.4,41.98,379172.65
2023-02-07,41.88,42.66,41.34,41.59,307633.1
2023-02-08,41.68,42.98,41.64,42.44,423949.35
2023-02-09,42.31,43.34,42.16,43.13,373021.95
2023-02-10,43.12,43.43,42.71,43.08,279699.63
2023-02-13,43.78,45.44,43.78,44.43,652677.26
2023-02-14,44.39,44.86,44.01,44.68,329762.5
2023-02-15,44.66,44.98,43.92,44.27,269469.78
2023-02-16,44.26,44.53,42.79,43.26,458815.24
2023-02-17,43.18,44.36,42.86,43.64,395715.99
2023-02-20,43.63,44.9,43.17,44.68,459923.11
2023-02-21,44.48,44.89,43.77,43.97,337434.04
2023-02-22,43.87,44.26,43.47,43.58,222476.59
2023-02-23,43.49,43.79,42.66,43.0,337062.11
2023-02-24,42.87,43.66,42.57,42.67,238178.26
2023-02-27,42.39,42.88,42.09,42.61,270401.02
2023-02-28,42.71,43.9,42.41,42.98,328494.51
2023-03-01,42.91,43.61,42.66,43.24,265212.82
2023-03-02,42.97,43.24,42.37,42.67,230685.76
2023-03-03,42.64,43.45,42.58,42.88,190156.12
2023-03-06,42.98,43.24,42.56,42.9,210868.72
2023-03-07,42.88,43.27,41.6,41.61,334386.82
2023-03-08,41.6,41.82,41.09,41.46,270510.28
2023-03-09,41.43,41.72,41.2,41.23,176773.88
2023-03-10,40.86,41.7,40.83,41.36,208267.78
2023-03-13,41.03,41.4,40.72,40.92,254688.54
2023-03-14,40.92,41.95,40.78,40.98,331394.74
2023-03-15,41.35,41.76,40.77,40.88,212095.71
2023-03-16,40.66,41.45,40.57,40.7,184247.65
2023-03-17,41.05,41.29,40.21,40.33,387715.55
2023-03-20,40.39,40.6,39.61,39.92,335133.18
2023-03-21,39.87,41.28,39.87,41.1,333896.63
2023-03-22,41.11,42.25,41.11,42.12,331144.24
2023-03-23,42.08,42.44,41.78,42.16,262655.61
2023-03-24,42.09,42.36,41.13,41.2,259856.41
2023-03-27,41.2,42.78,40.41,42.76,469300.86
2023-03-28,42.57,42.68,41.81,42.48,261611.18
2023-03-29,42.83,42.94,42.27,42.64,183575.76
2023-03-30,42.64,42.73,42.0,42.49,206746.89
2023-03-31,42.49,42.92,41.99,42.31,220698.49
2023-04-03,42.14,42.66,41.89,42.05,244113.61
2023-04-04,42.05,42.64,41.59,42.63,338527.19
2023-04-06,42.68,42.73,41.79,42.27,280352.52
2023-04-07,42.28,44.76,42.28,44.61,670008.52
2023-04-10,44.61,46.13,44.36,45.71,662719.65
2023-04-11,45.65,46.1,45.17,45.46,327026.06
2023-04-12,45.55,46.78,45.01,45.08,336008.69
2023-04-13,45.08,47.18,44.92,46.78,646011.44
2023-04-14,47.36,48.05,46.44,47.15,604879.52
2023-04-17,47.23,49.7,47.23,48.7,803311.57
2023-04-18,48.71,49.1,47.8,48.34,376306.31
2023-04-19,48.21,48.61,47.83,48.08,267819.79
2023-04-20,47.92,48.32,46.96,47.23,414766.07
2023-04-21,47.23,47.77,46.75,46.75,408354.84
2023-04-24,46.76,48.73,46.76,47.77,603104.83
2023-04-25,47.77,48.37,46.71,47.4,438672.08
2023-04-26,47.42,48.18,46.46,47.62,360254.8
2023-04-27,47.6,48.17,46.84,47.62,400538.33
2023-04-28,47.62,48.36,47.26,48.07,282982.96
2023-05-04,47.97,49.3,47.9,48.68,432507.08
2023-05-05,48.79,48.89,46.52,46.9,422608.25
2023-05-08,46.9,47.03,45.52,45.95,468052.47
2023-05-09,45.83,46.26,45.15,45.38,289535.61
2023-05-10,45.45,46.14,45.1,45.79,251665.12
2023-05-11,45.79,47.41,45.66,45.87,286218.14
2023-05-12,45.88,46.31,44.83,44.96,363767.1
2023-05-15,44.96,47.04,44.95,46.87,326024.93
2023-05-16,48.51,49.11,48.12,48.54,588845.71
2023-05-17,48.66,48.76,47.58,47.92,271330.92
2023-05-18,47.92,48.28,47.21,47.44,229021.66
2023-05-19,47.5,49.15,47.5,48.54,341092.83
2023-05-22,48.59,49.6,47.75,48.12,291329.91
2023-05-23,48.17,49.3,48.16,48.51,328982.6
2023-05-24,48.51,48.59,47.06,47.38,287120.39
2023-05-25,47.1,47.67,46.61,47.48,183705.35
2023-05-26,47.37,48.46,47.32,47.82,174985.95
2023-05-29,47.87,48.44,47.26,47.72,218624.7
2023-05-30,47.72,48.61,46.73,47.71,347626.6
2023-05-31,47.92,48.05,44.47,45.0,859349.09
2023-06-01,45.01,46.33,44.9,45.38,458275.91
2023-06-02,45.63,46.28,45.32,45.48,286950.31
2023-06-05,45.65,46.34,45.49,45.94,270911.4
2023-06-06,45.98,46.6,45.6,45.75,267819.98
2023-06-07,45.74,46.13,44.81,44.95,248217.52
2023-06-08,45.11,45.29,44.47,45.2,223283.68
2023-06-09,44.95,45.76,44.73,45.4,314957.25
2023-06-12,45.24,45.24,43.33,44.32,499494.18
2023-06-13,44.23,44.95,43.89,44.62,196179.74
2023-06-14,44.72,45.99,44.44,45.61,411555.84
2023-06-15,46.01,46.59,45.65,46.53,317300.99
2023-06-16,46.4,48.07,46.3,47.1,380343.66
2023-06-19,47.1,47.47,46.23,46.48,218126.81
2023-06-20,46.57,47.09,46.3,46.38,148967.22
2023-06-21,46.11,46.77,46.01,46.01,170862.61
2023-06-26,45.89,46.68,45.29,45.97,213999.89
2023-06-27,45.79,46.4,45.44,45.56,189783.55
2023-06-28,45.74,46.01,45.32,45.81,215203.19
2023-06-29,45.76,47.04,45.71,46.65,302949.97
2023-06-30,46.5,48.07,46.46,47.49,283561.63
2023-07-03,47.51,47.51,46.63,46.96,203984.24
2023-07-04,46.9,50.07,46.11,48.43,841570.68
2023-07-05,48.43,49.43,48.12,48.77,461083.11
2023-07-06,48.74,48.78,47.48,47.7,252248.43
2023-07-07,47.59,48.18,47.4,47.98,172267.79
2023-07-10,47.97,48.08,46.96,47.21,216794.25
2023-07-11,47.59,48.15,46.81,47.83,242128.38
2023-07-12,47.83,47.99,47.15,47.36,146811.1
2023-07-13,47.53,47.79,47.1,47.6,246040.15
2023-07-14,47.57,47.58,47.1,47.12,134610.16
2023-07-17,47.12,47.12,46.33,46.8,213943.59
2023-07-18,47.0,47.44,46.6,46.8,121134.52
2023-07-19,46.6,46.97,46.15,46.29,194150.49
2023-07-20,46.59,47.0,45.48,45.57,180988.29
2023-07-21,45.64,45.91,45.26,45.54,209765.58
2023-07-24,45.51,47.59,45.5,46.89,473988.16
2023-07-25,47.34,47.49,46.73,47.35,249097.69
2023-07-26,47.36,47.75,47.15,47.67,167788.04
2023-07-27,47.92,48.06,47.39,47.7,162254.72
2023-07-28,47.47,48.78,47.19,48.63,377573.4
2023-07-31,48.62,48.91,43.84,44.2,1359241.69
2023-08-01,43.93,43.93,41.94,43.01,1344001.31
2023-08-02,42.88,43.62,41.7,41.92,934818.63
2023-08-03,41.49,42.53,40.83,41.91,791887.96
2023-08-04,42.19,42.31,40.65,40.72,1064608.87
2023-08-07,40.31,40.31,38.23,38.8,1347893.1
2023-08-08,38.27,40.34,38.25,39.8,974176.96
2023-08-09,39.56,40.32,39.46,39.87,573863.28
2023-08-10,39.87,40.04,39.26,39.56,355952.51
2023-08-11,39.62,39.89,38.87,38.87,337897.76
2023-08-14,38.5,40.44,38.47,40.27,602789.81
2023-08-15,40.26,40.75,39.64,40.16,426582.21
2023-08-16,40.05,41.55,39.91,40.66,630408.95
2023-08-17,40.37,40.51,39.76,40.22,395599.04
2023-08-18,40.16,40.23,39.46,39.61,261862.08
2023-08-21,37.64,39.0,36.78,38.47,607920.5
2023-08-22,38.82,39.06,38.0,38.82,435385.59
2023-08-23,38.77,38.98,38.35,38.37,258170.58
2023-08-24,38.38,40.53,38.07,40.1,477736.53
2023-08-25,39.92,40.98,39.82,40.37,430305.79
2023-08-28,42.62,42.98,41.17,41.56,722101.77
2023-08-29,41.55,42.13,41.25,41.89,376996.85
2023-08-30,42.14,42.14,41.64,41.79,253503.81
2023-08-31,41.79,41.88,41.35,41.42,259632.64
2023-09-01,41.49,41.66,41.08,41.18,165313.03
2023-09-04,41.57,41.61,40.75,40.85,324688.08
2023-09-05,40.86,41.23,40.74,40.86,202444.28
2023-09-06,40.66,40.84,40.25,40.38,211816.11
2023-09-07,40.53,40.53,39.59,39.95,286649.43
2023-09-08,39.91,40.26,39.66,40.23,178496.59
2023-09-11,40.4,42.79,40.4,42.63,757357.06
2023-09-12,42.45,42.81,42.32,42.54,262042.55
2023-09-13,42.49,42.71,41.65,41.84,223141.29
2023-09-14,41.97,42.43,41.69,42.23,230088.52
2023-09-15,42.34,43.58,41.99,43.23,669590.64
2023-09-18,43.24,44.57,43.22,43.98,478973.73
2023-09-19,43.98,44.44,43.71,44.25,257265.85
2023-09-20,44.12,44.22,43.51,43.97,218103.68
2023-09-21,43.97,44.01,43.41,43.52,192237.92
2023-09-22,43.6,43.76,43.03,43.69,282408.36
2023-09-25,43.72,44.67,43.34,44.47,407403.39
2023-09-26,44.42,44.7,43.77,44.32,273017.92
2023-09-27,44.3,45.29,44.27,44.92,357243.35
2023-09-28,45.16,45.49,44.38,44.56,251307.45
2023-10-09,44.51,44.82,43.74,44.38,331422.48
2023-10-10,44.54,44.61,43.9,43.99,166018.62
2023-10-11,44.32,45.18,44.32,44.67,329577.19
2023-10-12,45.21,45.26,44.32,44.57,244607.77
2023-10-13,44.2,44.74,43.99,44.27,187513.25
2023-10-16,44.44,44.74,43.72,43.85,214400.14
2023-10-17,43.85,44.15,43.23,44.09,214292.57
2023-10-18,44.1,44.11,43.39,43.45,157010.71
2023-10-19,43.29,43.71,42.83,43.04,262746.5
2023-10-20,42.75,43.13,42.19,42.36,303034.33
2023-10-23,42.37,42.99,41.97,42.7,224631.99
2023-10-24,42.69,43.13,42.25,42.86,260856.07
2023-10-25,43.32,43.5,42.69,42.8,275145.4
2023-10-26,43.52,44.47,43.08,44.07,418091.67
2023-10-27,43.88,45.16,43.51,45.01,414072.04
2023-10-30,45.06,46.6,44.82,46.18,550653.86
2023-10-31,48.12,48.37,46.83,47.53,706569.35
2023-11-01,47.54,47.77,46.89,47.56,335686.63
2023-11-02,47.76,47.79,47.3,47.49,205141.54
2023-11-03,47.39,47.69,47.0,47.11,212838.11
2023-11-06,48.08,48.46,47.75,47.92,378137.66
2023-11-07,48.09,48.39,47.77,48.02,261491.97
2023-11-08,48.06,49.32,48.06,48.86,318466.19
2023-11-09,48.72,48.95,47.86,47.97,294700.18
2023-11-10,47.69,48.27,47.62,47.98,186558.43
2023-11-13,48.1,48.23,46.66,46.9,338641.22
2023-11-14,46.97,47.27,46.4,46.64,206787.55
2023-11-15,47.27,47.57,46.76,46.93,156722.04
2023-11-16,46.63,47.08,46.36,46.4,139575.72
2023-11-17,46.39,46.93,46.28,46.74,211799.04
2023-11-20,46.81,47.57,46.56,47.09,231080.19
2023-11-21,47.2,47.67,46.91,47.18,205465.93
2023-11-22,47.18,47.26,46.74,46.74,126901.97
2023-11-23,46.75,46.87,46.25,46.77,126847.1
2023-11-24,46.61,46.81,46.32,46.53,146471.1
2023-11-27,46.52,46.7,46.03,46.4,184431.96
2023-11-28,46.3,47.1,46.18,47.1,204180.19
2023-11-29,47.1,47.49,46.93,47.26,175453.65
2023-11-30,47.29,47.67,47.03,47.61,215983.33
2023-12-01,47.54,47.72,45.44,46.18,408166.47
2023-12-04,46.16,46.24,45.11,45.6,276861.01
2023-12-05,45.44,45.91,44.77,44.87,265791.43
2023-12-06,44.84,45.63,44.47,45.02,220289.02
2023-12-07,45.09,45.36,44.35,44.4,237437.94
2023-12-08,44.39,45.27,44.27,45.2,292412.98
2023-12-11,44.98,46.2,44.68,46.13,267694.68
2023-12-12,46.13,46.26,45.06,45.41,212970.04
2023-12-13,45.15,45.7,45.13,45.23,186764.47
2023-12-14,45.69,45.8,45.18,45.34,194061.17
2023-12-15,45.36,45.45,44.07,44.28,259065.71
2023-12-18,44.21,45.39,43.8,45.1,244785.62
2023-12-19,45.02,45.05,43.83,44.4,214346.76
2023-12-20,44.32,44.8,43.81,43.85,189820.63
2023-12-21,43.8,44.25,43.68,44.11,188352.12
2023-12-22,44.1,44.19,43.14,43.64,242358.23
2023-12-25,43.64,44.17,43.53,43.63,133611.5
2023-12-26,43.63,43.7,42.93,43.61,150553.93
2023-12-27,43.53,43.83,42.99,43.71,216014.9
2023-12-28,43.72,44.47,43.56,44.37,307634.47
2023-12-29,44.5,45.01,44.27,44.85,242380.46
2024-01-02,44.86,45.05,43.98,44.09,182607.97
2024-01-03,43.83,44.5,43.68,43.85,146693.79
2024-01-04,43.92,43.96,42.52,43.42,339045.43
2024-01-05,42.94,43.13,40.93,41.59,495226.87
2024-01-08,41.44,41.44,40.65,40.76,300091.12
2024-01-09,40.8,41.21,40.53,40.85,211749.33
2024-01-10,40.85,41.63,40.42,41.15,206745.83
2024-01-11,41.16,41.49,40.83,41.13,189719.94
2024-01-12,40.86,41.25,40.57,40.75,132701.35
2024-01-15,40.35,41.54,40.33,41.16,148934.96
2024-01-16,40.85,41.3,40.45,41.06,186577.09
2024-01-17,40.78,40.94,39.77,39.77,240232.17
2024-01-18,39.66,41.05,39.13,40.94,387164.6
2024-01-19,40.74,41.25,40.46,41.06,317394.89
2024-01-22,41.05,41.35,39.79,40.43,349377.45
2024-01-23,40.33,40.57,39.89,39.96,208862.14
2024-01-24,40.33,40.38,39.16,40.18,250042.07
2024-01-25,40.49,40.85,39.71,40.85,278911.63
2024-01-26,40.55,40.87,39.67,39.96,302799.54
2024-01-29,39.91,40.21,38.7,38.92,281051.0
2024-01-30,38.89,39.1,38.23,38.36,233013.0
2024-01-31,38.07,38.27,36.9,37.13,380597.05
2024-02-01,36.88,37.74,36.57,36.84,300234.6
2024-02-02,36.9,37.35,35.21,35.64,360475.09
2024-02-05,35.67,37.64,35.49,37.08,497938.6
2024-02-06,37.08,40.7,36.88,40.65,568194.66
2024-02-07,40.9,41.5,40.17,41.48,522123.78
2024-02-08,41.48,42.19,40.83,41.51,379944.04
2024-02-19,41.5,41.81,40.7,41.31,253807.9
2024-02-20,41.38,41.87,41.16,41.5,212255.0
2024-02-21,41.52,42.1,41.1,41.86,299014.7
2024-02-22,41.64,42.18,41.6,42.07,175300.89
2024-02-23,42.07,42.5,41.52,42.03,229506.41
2024-02-26,41.85,42.13,41.44,41.72,188782.34
2024-02-27,41.74,41.97,41.48,41.91,176161.19
2024-02-28,42.11,43.22,41.87,41.87,340117.85
2024-02-29,41.86,42.49,41.74,42.28,253408.41
2024-03-01,42.28,42.55,41.74,42.16,215636.99
2024-03-04,42.16,43.61,42.1,43.53,376568.12
2024-03-05,43.53,44.32,43.25,44.18,371200.36
2024-03-06,44.27,44.52,43.33,43.59,216990.75
2024-03-07,43.53,43.59,41.25,41.59,457432.63
2024-03-08,41.58,42.34,41.27,41.53,277417.88
2024-03-11,41.54,43.33,41.33,43.23,325467.46
2024-03-12,43.34,44.9,42.83,44.55,431409.72
2024-03-13,44.62,44.65,43.78,44.3,207494.81
2024-03-14,48.58,48.73,46.11,46.63,1099244.76
2024-03-15,46.58,47.54,46.1,46.73,438579.39
2024-03-18,46.6,47.27,46.05,46.88,297914.31
2024-03-19,46.51,46.93,45.51,45.58,272047.91
2024-03-20,45.27,45.52,44.92,45.24,225014.1
2024-03-21,45.46,45.68,45.06,45.24,183357.06
2024-03-22,45.15,45.61,44.72,45.54,242254.21
2024-03-25,45.56,46.42,45.42,45.77,232619.53
2024-03-26,45.71,46.19,45.48,45.88,200060.73
2024-03-27,45.81,45.96,45.31,45.52,155668.13
2024-03-28,45.52,46.46,45.15,45.82,214019.47
2024-03-29,45.82,45.98,45.01,45.58,187037.57
2024-04-01,45.59,46.4,45.59,45.93,202224.35
2024-04-02,45.81,46.29,44.68,45.07,224903.09
2024-04-03,44.72,44.94,44.14,44.38,236904.2
2024-04-08,44.42,45.48,44.42,45.01,236267.91
2024-04-09,45.01,45.24,43.9,45.15,215272.35
2024-04-10,45.15,45.59,44.52,45.06,163530.62
2024-04-11,44.67,45.1,44.25,44.56,186091.52
2024-04-12,44.42,44.96,43.58,43.71,222119.02
2024-04-15,43.76,44.77,43.71,44.18,220277.68
2024-04-16,43.95,44.27,43.42,43.88,233857.21
2024-04-17,43.97,44.4,43.47,44.01,232756.0
2024-04-18,44.82,45.11,41.84,41.99,590167.74
2024-04-19,41.64,41.98,40.87,41.33,384254.6
2024-04-22,41.63,41.81,41.11,41.5,278064.45
2024-04-23,41.5,43.89,41.44,43.7,493661.1
2024-04-24,43.59,43.82,43.03,43.33,216251.98
2024-04-25,43.33,44.59,43.13,43.92,244691.03
2024-04-26,43.82,45.4,43.79,45.22,342782.62
2024-04-29,45.21,46.46,45.14,45.79,342795.67
2024-04-30,46.0,46.45,45.46,45.77,192502.43
2024-05-06,46.53,47.46,46.03,46.76,325824.23
2024-05-07,46.76,47.1,46.62,46.83,203779.65
2024-05-08,46.86,46.97,45.86,46.03,261291.51
2024-05-09,46.11,46.83,45.92,46.5,175147.23
2024-05-10,46.39,46.65,45.8,46.08,155772.77
2024-05-13,46.08,46.38,44.98,45.14,291756.92
2024-05-14,45.14,45.39,44.84,44.94,197237.37
2024-05-15,44.95,45.03,44.15,44.29,159428.98
2024-05-16,44.62,44.73,44.02,44.31,234377.08
2024-05-17,45.11,45.84,43.7,44.37,376855.49
2024-05-20,43.9,44.41,43.11,43.44,397022.65
2024-05-21,43.35,43.78,43.05,43.43,244383.25
2024-05-22,43.53,43.59,43.03,43.17,252388.47
2024-05-23,43.17,43.22,42.54,42.68,197024.07
2024-05-24,42.68,42.81,42.02,42.08,220383.5
2024-05-27,41.97,42.54,41.46,42.34,306781.96
2024-05-28,42.34,43.22,42.0,42.9,374278.81
2024-05-29,42.88,43.11,42.58,42.65,166766.75
2024-05-30,42.68,42.87,42.18,42.52,132477.11
2024-05-31,43.03,43.22,42.0,42.0,228650.66
2024-06-03,41.86,42.33,41.71,42.14,187800.93
2024-06-04,42.09,43.63,42.0,43.46,358138.9
2024-06-05,43.46,43.92,43.32,43.55,180675.77
2024-06-06,43.28,43.72,42.44,42.54,225868.53
2024-06-07,42.62,42.89,41.79,41.79,238547.35
2024-06-11,41.64,42.45,41.35,42.36,251121.41
2024-06-12,42.37,42.37,41.55,41.74,218505.45
2024-06-13,41.74,42.07,41.18,41.7,207298.21
2024-06-14,41.54,41.74,40.73,41.54,415372.4
2024-06-17,41.25,42.34,41.24,42.17,241981.12
2024-06-18,42.14,42.35,41.45,41.61,203923.34
2024-06-19,41.64,41.9,40.86,41.01,201011.28
2024-06-20,40.99,41.41,40.23,40.25,247827.4
2024-06-21,40.35,40.45,39.43,39.7,364553.01
2024-06-24,39.66,40.29,39.2,39.95,278930.44
2024-06-25,40.17,40.23,39.11,39.36,224589.55
2024-06-26,39.35,39.7,39.09,39.56,223235.23
2024-06-27,39.51,39.51,38.67,38.91,271837.73
2024-06-28,38.87,39.1,38.0,38.13,309257.98
2024-07-01,38.12,38.14,37.48,37.94,238909.13
2024-07-02,37.9,37.92,36.92,37.15,310846.95
2024-07-03,37.28,39.26,37.01,38.34,552759.48
2024-07-04,38.34,39.11,38.0,38.12,289257.33
2024-07-05,38.13,39.96,37.78,39.69,493652.71
2024-07-08,38.87,39.76,38.11,38.88,499868.2
2024-07-09,38.79,39.14,37.69,38.66,401062.62
2024-07-10,38.67,39.45,38.55,39.07,202323.04
2024-07-11,39.45,40.79,38.97,40.25,379802.0
2024-07-12,40.69,41.35,40.33,41.12,315010.13
2024-07-15,40.85,41.14,40.31,40.63,207109.58
2024-07-16,40.5,40.91,40.27,40.8,226268.02
2024-07-17,40.43,42.0,40.35,41.59,356832.08
2024-07-18,41.65,42.27,41.55,42.0,307122.3
2024-07-19,41.93,42.33,41.78,42.08,277510.83
2024-07-22,42.07,42.94,41.7,42.62,325703.26
2024-07-23,42.58,42.67,41.2,41.26,366896.67
2024-07-24,41.14,41.91,41.05,41.25,200351.66
2024-07-25,41.07,41.73,40.55,41.31,219080.3
2024-07-26,41.31,41.43,40.44,40.92,221158.17
2024-07-29,40.87,41.21,40.24,40.34,234789.09
2024-07-30,40.35,40.51,39.48,39.86,242615.02
2024-07-31,39.85,42.21,39.56,42.06,395724.2
2024-08-01,42.04,42.35,41.6,41.8,174313.19
2024-08-02,41.74,42.83,41.65,42.02,255820.33
2024-08-05,42.02,43.42,41.96,42.5,323588.03
2024-08-06,42.48,43.02,42.33,42.76,217715.13
2024-08-07,42.73,42.74,41.96,42.0,177293.45
2024-08-08,41.96,42.74,41.96,42.43,164886.58
2024-08-09,42.55,43.14,42.26,42.27,155984.27
2024-08-12,42.07,43.8,42.06,43.47,332834.89
2024-08-13,43.44,43.44,42.25,42.52,227236.19
2024-08-14,42.8,42.83,41.94,42.35,141846.73
2024-08-15,42.23,43.49,42.17,42.77,214246.55
2024-08-16,42.45,43.05,42.15,42.96,156942.8
2024-08-19,43.05,43.44,41.62,41.96,239672.9
2024-08-20,41.95,42.23,41.65,42.1,153987.22
2024-08-21,42.04,42.65,41.89,42.16,162312.98
2024-08-22,43.05,44.11,42.48,43.77,537347.5
2024-08-23,43.52,43.79,42.93,43.46,277508.8
2024-08-26,43.45,43.64,42.65,43.16,245224.98
2024-08-27,43.11,43.82,42.95,43.44,226267.54
2024-08-28,43.44,43.92,42.99,43.34,206226.88
2024-08-29,43.32,44.39,43.14,44.16,305230.04
2024-08-30,44.28,44.34,43.77,43.97,313280.37
2024-09-02,43.85,44.21,42.87,43.74,258008.46
2024-09-03,43.72,45.04,43.56,44.42,316479.68
2024-09-04,44.22,44.99,44.01,44.35,212577.2
2024-09-05,44.5,45.02,44.26,44.84,198638.61
2024-09-06,44.99,44.99,44.24,44.24,141475.7
2024-09-09,44.24,45.26,44.14,44.39,256016.84
2024-09-10,44.24,44.54,43.55,44.32,199182.91
2024-09-11,44.14,45.39,43.95,45.27,291578.38
2024-09-12,45.07,45.62,44.59,44.81,186578.15
2024-09-13,44.79,45.14,44.24,44.61,195097.34
2024-09-18,44.73,45.43,44.62,44.96,175079.05
2024-09-19,44.97,45.17,44.24,44.84,224011.52
2024-09-20,44.74,44.74,42.17,42.56,669155.99
2024-09-23,42.73,43.32,42.37,42.56,284753.78
2024-09-24,43.22,43.56,42.09,43.5,433280.54
2024-09-25,43.85,44.49,43.53,43.68,433825.01
2024-09-26,43.98,46.33,43.55,46.29,476933.38
2024-09-27,47.21,48.72,46.78,48.5,380620.85
2024-09-30,50.02,52.55,49.82,52.11,1018482.11
2024-10-08,57.32,57.32,53.21,55.81,1192594.93
2024-10-09,54.8,54.8,51.37,51.49,900590.68
2024-10-10,51.49,53.63,51.49,52.38,585280.66
2024-10-11,51.94,52.38,49.5,50.02,495422.03
2024-10-14,50.32,51.48,49.88,51.21,395841.23
2024-10-15,51.21,52.43,50.37,50.42,363263.59
2024-10-16,49.71,50.5,48.83,49.0,397388.16
2024-10-17,49.12,50.35,49.04,49.04,342963.11
2024-10-18,48.82,51.32,48.58,50.3,536725.95
2024-10-21,50.42,50.89,49.15,50.38,471851.78
2024-10-22,50.03,51.6,50.03,50.58,401077.48
2024-10-23,50.65,51.0,49.96,50.51,370597.32
2024-10-24,50.42,50.42,47.65,48.49,901547.12
2024-10-25,48.43,48.43,46.55,47.83,943148.86
2024-10-28,47.86,48.72,47.8,48.42,571141.04
2024-10-29,48.45,48.73,47.93,48.01,397700.39
2024-10-30,48.01,48.31,46.79,47.03,475484.94
2024-10-31,47.04,47.23,46.39,46.43,456721.71
2024-11-01,46.55,48.33,46.55,47.39,619958.84
2024-11-04,47.93,48.22,47.09,47.82,406592.29
2024-11-05,47.45,48.66,47.33,48.5,514369.98
2024-11-06,48.53,49.5,48.08,48.57,537558.39
2024-11-07,48.43,49.82,48.24,49.82,584066.08
2024-11-08,49.92,50.32,48.97,49.32,652314.45
2024-11-11,48.81,49.49,48.13,49.25,586791.68
2024-11-12,49.25,50.6,48.87,49.11,767356.8
2024-11-13,48.98,50.08,48.88,49.17,409141.37
2024-11-14,49.09,49.52,48.26,48.28,389091.69
2024-11-15,48.1,48.52,47.53,47.53,330869.81
2024-11-18,47.54,47.89,46.83,47.03,303535.55
2024-11-19,47.07,47.63,46.67,47.26,260304.58
2024-11-20,47.27,50.61,47.27,50.28,1095673.59
2024-11-21,50.13,50.79,49.57,50.01,488474.93
2024-11-22,50.01,50.45,48.03,48.1,501547.61
2024-11-25,48.43,49.31,47.59,47.59,436128.7
2024-11-26,47.69,49.38,47.63,48.5,399756.02
2024-11-27,48.45,50.02,48.41,49.81,574543.6
2024-11-28,49.77,50.57,49.14,49.52,367210.23
2024-11-29,49.93,51.12,49.62,50.51,693040.72
2024-12-02,50.42,50.61,49.84,50.27,419764.62
2024-12-03,50.17,50.23,49.35,49.45,396197.49
2024-12-04,49.47,49.8,49.07,49.22,258260.13
2024-12-05,49.24,49.27,48.28,48.77,298107.75
2024-12-06,48.77,49.62,48.66,49.35,342291.1
2024-12-09,49.8,49.91,48.88,49.2,276613.58
2024-12-10,50.07,50.07,47.44,47.96,1022100.21
2024-12-11,47.69,48.0,47.34,47.98,429448.59
2024-12-12,47.98,47.98,47.43,47.87,361608.92
2024-12-13,47.63,47.74,46.39,46.42,650777.16
2024-12-16,46.41,46.41,45.64,45.9,354079.12
2024-12-17,45.88,46.8,45.73,46.33,315874.86
2024-12-18,46.53,46.88,46.36,46.42,247139.65
2024-12-19,46.01,46.49,45.71,46.37,217460.77
2024-12-20,46.37,46.71,46.05,46.08,260732.76
2024-12-23,46.08,46.16,45.35,45.69,361926.84
2024-12-24,45.69,46.49,45.62,46.16,293991.09
2024-12-25,46.39,46.83,46.16,46.45,315257.66
2024-12-26,46.33,46.37,45.6,45.94,255827.87
2024-12-27,46.03,46.19,45.73,45.93,212505.38
2024-12-30,46.12,46.59,45.88,45.97,256266.85
2024-12-31,45.96,46.4,45.69,45.73,388165.93
2025-01-02,45.71,45.93,44.54,44.79,348132.41
2025-01-03,44.84,45.01,44.0,44.2,273873.2
2025-01-06,44.59,44.95,44.22,44.85,301481.16
2025-01-07,44.89,44.93,43.85,43.88,257421.75
2025-01-08,43.89,44.02,42.8,43.39,350327.42
2025-01-09,43.42,43.71,42.91,42.93,257767.64
2025-01-10,42.91,43.25,42.38,42.52,265751.59
2025-01-13,42.36,43.01,42.25,42.66,191129.33
2025-01-14,42.66,44.25,42.66,44.13,337755.03
2025-01-15,44.1,44.12,43.5,43.72,184964.57
2025-01-16,43.92,43.99,42.71,42.75,310157.71
2025-01-17,42.35,42.93,42.29,42.69,200612.2
2025-01-20,43.13,45.2,43.12,44.36,558602.98
2025-01-21,44.69,45.14,44.39,44.97,353980.18
2025-01-22,44.87,45.08,44.08,44.27,210750.95
2025-01-23,44.39,44.66,43.61,43.8,286082.25
2025-01-24,43.71,44.99,43.66,44.48,350460.72
2025-01-27,44.64,45.02,44.42,44.49,193067.71
2025-02-05,44.51,44.64,43.71,43.85,274406.78
2025-02-06,43.97,44.39,43.51,44.2,252177.2
2025-02-07,44.2,46.16,43.84,45.13,505422.35
2025-02-10,45.34,45.34,44.51,44.72,378892.46
2025-02-11,44.84,44.94,43.89,44.03,310678.3
2025-02-12,44.04,44.39,43.86,44.28,251757.38
2025-02-13,44.14,44.9,43.9,44.48,378625.24
2025-02-14,44.46,45.61,44.4,45.34,522174.34
2025-02-17,45.64,46.14,44.79,45.1,557653.26
2025-02-18,45.15,45.61,44.5,44.66,350219.47
2025-02-19,44.58,45.02,44.04,44.55,367611.03
2025-02-20,44.59,46.81,44.59,46.33,854057.51
2025-02-21,46.53,48.31,46.36,48.11,975118.16
2025-02-24,48.23,48.47,47.43,47.92,533080.63
2025-02-25,47.47,48.08,47.0,47.2,354331.99
2025-02-26,47.43,47.57,46.78,47.38,328112.8
2025-02-27,47.23,48.19,47.02,47.74,369081.48
2025-02-28,47.54,47.93,45.65,45.79,491615.19
2025-03-03,45.78,46.64,45.61,45.75,318945.54
2025-03-04,45.65,45.92,45.22,45.7,243336.71
2025-03-05,45.7,45.95,45.3,45.81,252669.65
2025-03-06,46.13,46.69,45.88,46.35,331389.15
2025-03-07,46.23,46.23,45.36,45.52,336614.4
2025-03-10,45.66,45.99,44.84,45.33,343605.56
2025-03-11,44.89,45.33,44.79,45.18,291535.12
2025-03-12,45.22,45.63,44.79,44.84,339551.47
2025-03-13,44.89,45.12,44.61,44.87,243348.95
2025-03-14,44.96,46.7,44.72,46.37,573206.76
2025-03-17,47.15,47.18,46.21,46.31,277430.95
2025-03-18,46.71,47.31,46.25,46.33,308309.46
2025-03-19,46.35,47.95,46.13,47.12,485161.79
2025-03-20,47.03,47.3,46.31,46.46,325187.57
2025-03-21,46.23,46.46,44.67,44.69,541538.18
2025-03-24,44.7,44.88,44.04,44.19,327075.94
2025-03-25,44.31,44.86,44.07,44.71,229105.0
2025-03-26,46.03,46.77,45.9,46.06,611035.93
2025-03-27,45.91,48.25,45.44,48.22,868632.07
2025-03-28,48.22,49.35,48.22,48.44,772998.09
2025-03-31,48.8,49.9,48.67,49.02,783165.91
2025-04-01,49.02,52.31,48.73,51.61,1359062.8
2025-04-02,51.14,51.57,50.48,50.67,631878.82
2025-04-03,50.23,51.41,50.23,50.86,517858.46
2025-04-07,48.62,49.67,46.59,48.52,1155033.05
2025-04-08,48.62,49.11,47.09,48.52,987645.78
2025-04-09,47.56,48.05,45.7,48.05,975199.51
2025-04-10,48.79,48.91,47.69,48.33,731712.6
2025-04-11,47.99,48.5,47.63,48.21,425797.99
2025-04-14,48.21,49.82,47.93,48.69,571834.42
2025-04-15,48.43,48.75,47.75,48.1,326288.85
2025-04-16,48.23,48.72,47.19,48.72,455344.14
2025-04-17,48.37,48.69,48.15,48.6,303900.4
2025-04-18,48.41,48.74,47.69,47.83,253301.79
2025-04-21,47.53,49.22,47.46,48.99,370680.01
2025-04-22,48.86,51.12,48.86,50.79,617891.98
2025-04-23,50.78,51.26,50.44,50.91,385430.44
2025-04-24,50.79,51.53,50.24,50.95,336077.41
2025-04-25,51.49,51.81,49.79,50.09,524329.14
2025-04-28,49.5,49.97,48.82,49.79,396210.32
2025-04-29,49.53,49.55,48.7,49.42,346669.88
2025-04-30,49.27,51.18,49.12,50.92,429338.48
2025-05-06,51.91,51.99,50.55,50.82,385439.45
2025-05-07,51.91,52.06,50.83,51.32,397287.94
2025-05-08,51.04,51.54,50.85,51.37,290148.12
2025-05-09,51.37,52.8,51.26,52.62,586037.14
2025-05-12,51.81,51.81,50.02,50.51,843912.22
2025-05-13,51.01,52.04,50.7,51.05,519132.33
2025-05-14,50.84,53.06,50.83,52.71,626346.9
2025-05-15,52.71,53.76,52.51,53.5,533614.59
2025-05-16,53.3,53.81,52.71,53.66,382176.6
2025-05-19,53.61,54.13,52.86,53.26,350190.68
2025-05-20,54.09,54.95,53.6,54.25,593356.91
2025-05-21,54.08,56.3,53.84,55.74,612403.49
2025-05-22,55.8,56.16,54.96,55.4,413146.29
2025-05-23,55.9,56.0,54.3,54.5,541840.27
2025-05-26,54.2,54.63,53.06,53.35,532284.37
2025-05-27,53.22,54.09,53.13,53.42,360323.48
2025-05-28,53.59,54.93,53.33,54.25,358049.83
2025-05-29,54.15,54.59,53.86,54.1,354852.76
2025-05-30,54.29,55.66,54.25,54.74,471421.6
2025-06-03,54.74,55.78,54.25,54.88,434450.35
2025-06-04,54.84,55.84,54.61,55.29,368593.02
2025-06-05,55.1,55.1,53.55,53.88,495272.67
2025-06-06,53.9,54.18,53.38,53.8,344533.88
2025-06-09,54.0,55.79,53.78,54.36,656905.82
2025-06-10,54.38,55.8,54.38,55.13,480735.17
2025-06-11,55.0,55.81,54.55,54.71,377735.66
2025-06-12,54.4,56.2,54.0,55.82,493188.22
2025-06-13,55.69,56.06,53.56,53.89,660238.3
2025-06-16,53.41,54.08,53.1,53.76,392241.37
2025-06-17,54.0,54.21,51.6,51.84,695180.32
2025-06-18,51.7,52.23,51.32,51.81,334095.43
2025-06-19,51.84,52.39,51.31,51.58,373166.94
2025-06-20,51.75,52.33,51.63,51.76,240607.75
2025-06-23,51.68,52.18,51.2,51.96,313281.06
2025-06-24,52.09,52.5,51.73,52.15,451035.39
2025-06-25,52.15,53.03,51.31,52.95,536481.96
2025-06-26,52.6,52.95,51.9,52.08,392268.68
2025-06-27,51.91,52.07,51.67,51.95,287765.07
2025-06-30,51.91,52.19,50.99,51.9,445354.88
2025-07-01,51.89,52.74,51.8,52.46,397724.96
2025-07-02,52.4,53.44,52.1,52.25,325712.23
2025-07-03,52.26,52.58,51.81,52.47,293678.18
2025-07-04,52.61,53.79,52.6,53.26,477923.12
2025-07-07,53.38,53.59,52.56,52.65,286387.94
2025-07-08,52.69,53.69,52.5,53.4,359263.15
2025-07-09,53.4,57.94,53.02,57.19,1158211.69
2025-07-10,57.13,58.28,56.61,57.6,903715.7
2025-07-11,57.51,58.12,56.88,56.9,658631.71
2025-07-14,56.75,58.05,56.56,57.21,473758.36
2025-07-15,57.25,57.53,56.52,57.22,436928.47
2025-07-16,57.65,58.9,57.04,57.22,398191.2
2025-07-17,56.9,57.9,56.84,57.73,444146.28
2025-07-18,58.21,59.86,57.9,58.76,660985.65
2025-07-21,58.5,58.8,57.68,58.0,509441.85
2025-07-22,58.0,58.85,57.2,57.41,475570.25
2025-07-23,57.2,58.08,56.87,57.13,425295.11
2025-07-24,57.44,57.98,56.95,57.5,465834.15
2025-07-25,57.5,57.55,56.35,56.4,505394.23
2025-07-28,60.1,62.04,59.66,62.04,1630095.95
2025-07-29,63.0,65.43,62.13,63.8,1682768.89
2025-07-30,63.81,64.73,62.65,63.59,980849.33
2025-07-31,63.4,64.25,62.5,62.9,742038.75
2025-08-01,62.83,63.58,60.76,61.31,734654.64
2025-08-04,60.6,62.05,60.0,62.0,689613.49
2025-08-05,62.11,62.46,61.56,62.3,541443.18
2025-08-06,62.19,62.55,61.38,61.58,572478.61
2025-08-07,61.25,62.1,60.7,60.81,504763.97
2025-08-08,60.7,61.13,60.0,60.99,362970.73
2025-08-11,60.99,61.42,60.68,61.07,425752.38
2025-08-12,61.32,61.45,60.26,60.85,391834.75
2025-08-13,60.85,63.51,60.85,62.61,815296.32
2025-08-14,62.85,63.6,62.36,62.82,571266.47
2025-08-15,62.64,64.27,62.46,63.4,614932.54
2025-08-18,63.4,63.95,62.81,63.08,728857.56
2025-08-19,63.4,65.4,61.63,61.69,997700.49
2025-08-20,61.66,62.97,61.11,62.85,650424.42
2025-08-21,63.98,65.33,62.95,63.99,858629.23
2025-08-22,64.71,65.2,63.83,64.98,637718.91
2025-08-25,64.98,66.4,64.37,66.26,849233.81
2025-08-26,66.2,66.2,65.0,65.3,575129.37
2025-08-27,65.01,65.71,63.04,63.05,836169.34
2025-08-28,62.95,63.22,61.41,63.03,715901.54
2025-08-29,63.03,66.87,63.03,66.23,1023186.07
2025-09-01,66.4,68.88,65.92,68.35,872180.89
2025-09-02,69.8,70.77,67.8,68.87,1084489.69
2025-09-03,68.8,73.42,68.8,71.98,1129369.01
2025-09-04,71.27,71.58,67.5,68.65,1102894.06
2025-09-05,69.0,72.98,69.0,72.47,936478.56
2025-09-08,73.0,73.87,71.64,72.31,748209.28
2025-09-09,72.17,74.04,70.48,71.09,767670.09
2025-09-10,70.84,71.77,70.08,70.32,468204.13
2025-09-11,66.58,68.47,64.0,68.29,1942359.37
2025-09-12,68.28,69.51,67.86,69.01,831215.21
2025-09-15,68.85,69.69,68.26,69.1,611881.53
2025-09-16,69.1,69.34,68.34,69.15,434582.05
2025-09-17,69.3,70.8,69.3,70.13,586033.71
2025-09-18,70.56,73.12,69.9,71.09,865638.88
2025-09-19,71.1,71.24,69.49,69.65,524392.42
2025-09-22,70.49,72.7,70.4,71.05,576542.43
2025-09-23,71.0,71.19,68.5,69.7,561329.57
2025-09-24,69.7,70.38,69.3,70.11,395302.11
2025-09-25,72.4,73.08,71.55,72.27,739039.18
2025-09-26,70.8,71.37,69.23,70.08,699044.85
2025-09-29,69.79,69.79,67.76,69.2,647991.04
2025-09-30,69.0,71.58,68.8,71.55,579450.78
2025-10-09,71.56,71.66,69.11,71.15,592793.4
2025-10-10,70.38,70.88,67.85,68.2,706100.7
2025-10-13,66.0,68.03,65.7,66.98,532287.09
2025-10-14,67.61,67.66,63.7,64.27,702946.63
2025-10-15,64.2,66.42,63.68,66.4,511231.63
2025-10-16,66.43,68.5,65.72,66.84,460377.57
2025-10-17,66.85,67.4,65.0,65.1,349507.34
2025-10-20,65.99,66.51,64.83,65.13,326716.94
2025-10-21,65.5,66.58,65.14,66.0,369560.31
2025-10-22,66.25,66.79,65.01,65.26,398048.08
2025-10-23,65.01,65.43,64.02,65.14,342785.26
2025-10-24,65.26,66.36,65.01,65.5,372752.77
2025-10-27,66.55,67.85,66.51,67.01,508924.92
2025-10-28,65.22,65.46,63.5,63.62,1082089.99
2025-10-29,63.6,64.48,62.71,64.02,562174.55
2025-10-30,64.02,64.02,62.87,62.88,608740.0
2025-10-31,63.36,65.49,63.2,64.15,837063.9
2025-11-03,64.96,64.99,62.82,63.4,460305.61
2025-11-04,63.42,63.45,61.55,61.92,515609.66
2025-11-05,61.3,62.49,61.22,61.96,334380.78
2025-11-06,61.95,62.5,61.47,62.42,252523.95
2025-11-07,62.0,62.49,61.5,61.58,270654.28
2025-11-10,61.57,61.93,60.96,61.83,396248.3
2025-11-11,61.95,62.2,61.0,61.06,275159.98
2025-11-12,61.09,62.86,61.09,62.1,514267.76
2025-11-13,62.69,63.79,62.23,63.56,508318.37
2025-11-14,63.45,63.9,62.76,62.9,319504.14
2025-11-17,62.89,63.05,61.41,61.8,315384.52
2025-11-18,61.61,62.85,61.52,61.78,219100.59
2025-11-19,61.5,61.78,61.02,61.11,211162.42
2025-11-20,61.23,61.65,60.54,60.63,253480.06
2025-11-21,60.33,61.1,59.31,59.5,447335.34
2025-11-24,60.04,61.1,59.96,60.66,343973.24
2025-11-25,61.1,61.61,60.53,60.88,265045.13
2025-11-26,61.5,62.8,61.03,62.36,439861.95
2025-11-27,62.6,62.96,61.94,62.09,257307.63
2025-11-28,62.36,62.36,61.61,62.08,202776.19
