date,open,high,low,close,volume
2010-01-04,10.13,10.13,9.95,9.96,85774.09
2010-01-05,9.95,10.0,9.71,9.77,99399.11
2010-01-06,9.79,10.17,9.79,10.11,142101.74
2010-01-07,10.13,10.13,9.67,9.77,87082.39
2010-01-08,9.71,9.77,9.37,9.52,98033.82
2010-01-11,9.63,9.7,9.29,9.45,97256.66
2010-01-12,9.45,9.73,9.41,9.72,95855.14
2010-01-13,9.48,10.01,9.42,9.9,173086.18
2010-01-14,9.83,10.4,9.83,10.39,211520.34
2010-01-15,10.46,11.14,10.46,10.68,230342.81
2010-01-18,10.72,11.0,10.47,10.85,106734.74
2010-01-19,10.85,10.97,10.49,10.5,113092.34
2010-01-20,10.52,10.57,10.06,10.16,91881.38
2010-01-21,10.19,10.56,10.08,10.35,96414.42
2010-01-22,10.21,10.21,9.82,9.98,126775.84
2010-01-25,9.99,10.3,9.7,9.71,92853.95
2010-01-26,9.77,9.91,9.09,9.22,142031.71
2010-01-27,9.25,9.3,8.81,9.03,129411.86
2010-01-28,8.9,9.48,8.89,9.29,128588.59
2010-01-29,9.24,9.66,9.17,9.38,116243.55
2010-02-01,9.38,9.45,9.01,9.17,84941.83
2010-02-02,9.2,9.48,8.99,9.03,80721.05
2010-02-03,9.03,9.2,8.76,9.18,83465.08
2010-02-04,9.18,9.4,9.03,9.08,82811.82
2010-02-05,8.95,9.22,8.85,9.08,87808.85
2010-02-08,9.09,9.26,9.02,9.21,53823.83
2010-02-09,9.24,9.56,9.22,9.41,72442.24
2010-02-10,9.54,9.68,9.48,9.56,59883.7
2010-02-11,9.54,9.54,9.16,9.3,175343.7
2010-02-12,9.3,9.56,9.28,9.47,72262.05
2010-02-22,9.36,9.66,9.36,9.54,53870.63
2010-02-23,9.52,9.95,9.37,9.93,114493.34
2010-02-24,9.89,10.23,9.84,10.2,121328.42
2010-02-25,10.2,10.4,10.13,10.34,83973.41
2010-02-26,10.25,10.31,10.08,10.12,94909.2
2010-03-01,10.04,10.36,10.04,10.29,71331.59
2010-03-02,10.34,10.59,10.34,10.55,126071.18
2010-03-03,10.55,10.61,10.45,10.47,77626.05
2010-03-04,10.51,10.63,10.09,10.12,97733.73
2010-03-05,10.18,10.23,9.92,10.07,50211.58
2010-03-08,10.15,10.3,10.01,10.23,50179.55
2010-03-09,10.25,10.35,10.11,10.14,62518.79
2010-03-10,10.14,10.17,9.96,10.17,49919.56
2010-03-11,10.14,10.17,9.75,9.89,53976.65
2010-03-12,9.89,9.98,9.75,9.9,54192.55
2010-03-15,9.74,9.9,9.43,9.45,66021.19
2010-03-16,9.49,9.57,9.43,9.57,34055.88
2010-03-17,9.57,9.77,9.53,9.76,57908.92
2010-03-18,9.81,9.85,9.54,9.63,72541.33
2010-03-19,9.6,9.65,9.39,9.54,129066.4
2010-03-22,9.55,9.89,9.4,9.87,87135.85
2010-03-23,9.83,9.99,9.7,9.8,95060.22
2010-03-24,9.71,9.83,9.53,9.62,76053.0
2010-03-25,9.5,9.86,9.5,9.66,68549.18
2010-03-26,9.65,10.08,9.59,9.98,112403.73
2010-03-29,9.99,10.13,9.98,10.12,69650.94
2010-03-30,10.12,10.12,9.92,10.0,60974.39
2010-03-31,10.01,10.07,9.92,10.02,45815.39
2010-04-01,10.01,10.15,9.85,10.13,115407.3
2010-04-02,10.17,10.34,10.05,10.17,81435.56
2010-04-06,10.21,10.28,10.04,10.1,62126.93
2010-04-07,10.1,10.1,9.74,9.83,219021.4
2010-04-08,9.83,9.97,9.82,9.94,87173.02
2010-04-09,9.94,9.98,9.72,9.91,76441.78
2010-04-12,9.91,10.04,9.83,9.98,107381.99
2010-04-13,10.0,10.21,9.82,10.19,126178.87
2010-04-14,10.26,10.34,10.11,10.15,136965.76
2010-04-15,10.32,10.57,10.21,10.39,207408.93
2010-04-16,10.34,10.5,10.15,10.28,99416.66
2010-04-19,10.12,10.25,9.49,9.54,142758.07
2010-04-20,9.55,9.71,9.2,9.38,95663.0
2010-04-21,9.39,9.64,9.39,9.62,83059.43
2010-04-22,9.58,9.58,9.22,9.37,157278.29
2010-04-23,9.36,9.41,9.11,9.13,150040.64
2010-04-26,9.11,9.2,8.63,8.76,238917.64
2010-04-27,8.72,8.72,8.3,8.37,220139.67
2010-04-29,8.53,8.72,8.44,8.46,137419.86
2010-04-30,8.48,8.61,8.35,8.59,110156.79
2010-05-04,8.44,8.55,8.04,8.13,128864.72
2010-05-05,8.06,8.33,7.71,8.27,200794.32
2010-05-06,8.27,8.27,7.85,7.88,126125.42
2010-05-07,7.68,7.92,7.62,7.65,108785.54
2010-05-10,7.7,7.92,7.64,7.89,87822.85
2010-05-11,8.02,8.12,7.68,7.71,87986.47
2010-05-12,7.68,7.77,7.43,7.68,95644.11
2010-05-13,7.72,7.98,7.61,7.96,100260.35
2010-05-14,7.98,8.17,7.89,8.09,117882.8
2010-05-17,8.01,8.01,7.42,7.52,97743.92
2010-05-18,7.5,7.59,7.24,7.52,132004.36
2010-05-19,7.43,7.7,7.37,7.49,65144.32
2010-05-20,7.46,7.79,7.37,7.48,109348.37
2010-05-21,7.29,7.63,7.08,7.61,99140.9
2010-05-24,7.65,8.06,7.65,7.99,116379.29
2010-05-25,7.95,7.97,7.71,7.73,101836.2
2010-05-26,7.73,7.82,7.46,7.55,88540.82
2010-05-27,7.6,7.75,7.4,7.75,110349.7
2010-05-28,7.84,8.03,7.77,7.91,170888.22
2010-05-31,7.91,7.99,7.67,7.67,104613.78
2010-06-01,7.61,7.63,7.33,7.48,80404.64
2010-06-02,7.43,7.58,7.37,7.58,63671.72
2010-06-03,7.59,7.7,7.5,7.61,93942.54
2010-06-04,7.56,7.7,7.5,7.61,91809.56
2010-06-07,7.43,7.66,7.37,7.55,88425.27
2010-06-08,7.55,7.85,7.49,7.84,99805.72
2010-06-09,7.85,8.08,7.8,8.01,110790.41
2010-06-10,7.99,8.1,7.88,7.97,82936.94
2010-06-11,8.02,8.12,7.9,8.0,74030.11
2010-06-17,8.11,8.12,7.79,7.8,65504.49
2010-06-18,7.8,7.89,7.5,7.55,70010.34
2010-06-21,7.5,7.81,7.5,7.79,69237.6
2010-06-22,7.76,7.91,7.72,7.81,43771.39
2010-06-23,7.76,7.76,7.52,7.59,64696.86
2010-06-24,7.55,7.67,7.54,7.55,36001.54
2010-06-25,7.57,7.57,7.15,7.19,103412.43
2010-06-28,7.15,7.22,6.69,6.82,125283.53
2010-06-29,6.82,6.84,6.22,6.37,112741.59
2010-06-30,6.28,6.34,6.16,6.25,104257.54
2010-07-01,6.26,6.3,5.8,5.92,157798.7
2010-07-02,5.88,6.01,5.7,5.92,164213.6
2010-07-05,5.79,5.89,5.68,5.73,123163.83
2010-07-06,5.74,5.93,5.74,5.9,101605.99
2010-07-07,5.89,6.06,5.89,6.04,113008.88
2010-07-08,6.09,6.09,5.92,5.97,76487.17
2010-07-09,5.96,6.19,5.84,6.18,176574.48
2010-07-12,6.19,6.35,6.13,6.28,145126.02
2010-07-13,6.22,6.22,6.04,6.09,80259.56
2010-07-14,6.13,6.22,6.07,6.1,105690.23
2010-07-15,6.11,6.18,6.0,6.01,74499.98
2010-07-16,5.91,6.3,5.86,6.27,118378.36
2010-07-19,6.26,6.67,6.26,6.59,245507.93
2010-07-20,6.6,6.89,6.52,6.81,225603.15
2010-07-21,6.82,7.16,6.77,6.99,270650.49
2010-07-22,6.88,7.02,6.88,6.99,97897.04
2010-07-23,6.98,7.01,6.74,6.84,129319.72
2010-07-26,6.85,6.92,6.68,6.88,132050.74
2010-07-27,6.88,6.88,6.74,6.82,114300.53
2010-07-28,6.82,7.11,6.76,7.08,192192.08
2010-07-29,7.07,7.21,6.98,7.09,151188.52
2010-07-30,7.01,7.15,6.99,7.07,109607.98
2010-08-02,7.09,7.4,7.02,7.33,190825.38
2010-08-03,7.34,7.34,7.07,7.11,156978.1
2010-08-04,7.07,7.16,6.83,7.06,151044.64
2010-08-05,7.07,7.17,6.92,7.07,175707.41
2010-08-06,7.04,7.26,6.85,7.21,228632.43
2010-08-09,7.2,7.44,7.14,7.33,189605.56
2010-08-10,7.36,7.37,6.97,6.97,155374.24
2010-08-11,6.97,7.07,6.91,7.0,84990.27
2010-08-12,6.91,7.06,6.81,6.82,124436.38
2010-08-13,6.82,6.91,6.67,6.9,116763.17
2010-08-16,6.86,7.12,6.85,7.12,130629.0
2010-08-17,7.16,7.32,7.15,7.21,189916.92
2010-08-18,7.23,7.53,7.18,7.5,342541.13
2010-08-19,7.5,7.53,7.36,7.41,180283.08
2010-08-20,7.38,7.38,7.09,7.15,186257.26
2010-08-23,7.15,7.26,7.14,7.19,76716.9
2010-08-24,7.21,7.28,7.06,7.16,104348.8
2010-08-25,7.11,7.2,6.86,6.89,117710.68
2010-08-26,6.9,6.96,6.74,6.86,98966.35
2010-08-27,6.82,6.84,6.7,6.79,131280.96
2010-08-30,6.79,6.98,6.79,6.92,271960.28
2010-08-31,6.91,6.97,6.85,6.96,151554.35
2010-09-01,6.97,7.19,6.91,7.12,299391.43
2010-09-03,7.29,7.32,6.99,7.13,255042.22
2010-09-06,7.13,7.43,7.13,7.38,332004.87
2010-09-07,7.45,7.52,7.28,7.39,268295.18
2010-09-08,7.35,7.76,7.3,7.67,332542.91
2010-09-09,7.7,7.84,7.43,7.49,357955.89
2010-09-10,7.46,7.53,7.17,7.36,302170.69
2010-09-13,7.37,7.76,7.31,7.7,306033.7
2010-09-14,7.73,7.97,7.63,7.92,356246.87
2010-09-15,7.89,7.91,7.55,7.63,222955.13
2010-09-16,7.64,7.71,7.27,7.39,209101.54
2010-09-17,7.44,7.61,7.33,7.47,154646.64
2010-09-20,7.46,7.5,7.24,7.34,142324.45
2010-09-21,7.35,7.37,7.25,7.31,66394.82
2010-09-27,7.33,7.56,7.33,7.53,106987.48
2010-09-28,7.52,7.52,7.17,7.22,186840.09
2010-09-29,7.16,7.26,6.98,7.03,158110.87
2010-09-30,7.06,7.33,7.06,7.28,161396.75
2010-10-08,7.3,7.57,7.3,7.53,202960.06
2010-10-11,7.58,7.87,7.53,7.64,350389.35
2010-10-12,7.63,8.23,7.57,8.19,480087.29
2010-10-13,8.17,8.36,8.04,8.25,373823.05
2010-10-14,8.26,8.31,7.85,8.01,316397.92
2010-10-15,7.94,8.25,7.79,8.15,284870.21
2010-10-18,8.19,8.85,8.1,8.5,496521.96
2010-10-19,8.51,8.57,8.3,8.54,246817.02
2010-10-20,8.3,8.77,8.3,8.63,387169.13
2010-10-21,8.66,9.05,8.57,8.68,351914.08
2010-10-22,8.69,8.85,8.4,8.78,282203.34
2010-10-25,8.88,9.12,8.75,8.81,359684.02
2010-10-26,8.86,9.07,8.74,8.84,271758.33
2010-10-27,8.85,9.4,8.66,9.11,461967.46
2010-10-28,9.0,9.22,8.83,8.88,188851.01
2010-10-29,8.88,8.98,8.56,8.71,194074.66
2010-11-01,8.79,9.22,8.74,9.18,296354.43
2010-11-02,9.37,9.37,8.94,8.96,242814.87
2010-11-03,8.87,8.95,8.57,8.61,171405.44
2010-11-04,8.68,8.92,8.59,8.71,290983.71
2010-11-05,8.85,8.9,8.62,8.72,256036.1
2010-11-08,8.77,9.59,8.77,9.43,593117.13
2010-11-09,9.43,9.54,9.2,9.45,321590.32
2010-11-10,9.38,9.81,9.38,9.6,363605.81
2010-11-11,9.72,9.97,9.43,9.5,357335.39
2010-11-12,9.47,9.81,9.08,9.11,455108.85
2010-11-15,9.11,9.43,9.05,9.37,216040.41
2010-11-16,9.35,9.67,8.54,8.65,321327.34
2010-11-17,8.49,8.49,7.95,8.03,304102.87
2010-11-18,8.14,8.26,7.98,8.15,169112.58
2010-11-19,8.21,8.29,7.94,8.27,224009.92
2010-11-22,8.17,8.32,8.09,8.2,216042.54
2010-11-23,8.18,8.18,7.84,7.93,235571.79
2010-11-24,7.89,8.21,7.85,8.17,260379.99
2010-11-25,8.23,8.53,8.22,8.41,224973.46
2010-11-26,8.44,8.44,8.22,8.28,114212.46
2010-11-29,8.15,8.23,7.89,8.1,221882.54
2010-11-30,7.97,8.22,7.61,8.21,235624.34
2010-12-01,8.1,8.21,8.04,8.09,110536.41
2010-12-02,8.23,8.36,8.06,8.09,130976.81
2010-12-03,8.09,8.09,7.93,8.02,76710.56
2010-12-06,8.03,8.25,8.01,8.09,122733.48
2010-12-07,8.02,8.22,7.91,8.18,88869.74
2010-12-08,8.18,8.24,8.04,8.06,98923.96
2010-12-09,7.97,7.97,7.63,7.69,304377.4
2010-12-10,7.63,7.76,7.46,7.69,197147.23
2010-12-13,7.71,7.93,7.7,7.92,149954.69
2010-12-14,7.96,8.27,7.96,8.12,299357.71
2010-12-15,8.14,8.36,8.06,8.15,229332.53
2010-12-16,8.16,8.23,8.04,8.07,118516.59
2010-12-17,8.06,8.16,7.97,8.09,100077.62
2010-12-20,8.15,8.2,7.76,7.92,149272.79
2010-12-21,7.92,8.09,7.85,8.06,85716.06
2010-12-22,8.06,8.19,8.03,8.1,174315.85
2010-12-23,8.19,8.51,8.19,8.23,270820.88
2010-12-24,8.3,8.38,8.17,8.36,210587.55
2010-12-27,8.35,8.56,7.98,8.08,249573.13
2010-12-28,8.02,8.03,7.72,7.8,123374.04
2010-12-29,7.8,7.94,7.8,7.92,74714.23
2010-12-30,7.85,8.03,7.81,8.01,135124.59
2010-12-31,8.02,8.36,7.97,8.23,160560.32
2011-01-04,8.33,8.36,8.12,8.28,177954.28
2011-01-05,8.23,8.49,8.1,8.44,242619.48
2011-01-06,8.41,8.85,8.38,8.74,396111.99
2011-01-07,8.75,8.9,8.57,8.6,234953.49
2011-01-10,8.59,8.92,8.56,8.62,242799.93
2011-01-11,8.57,8.81,8.45,8.79,187258.4
2011-01-12,8.81,8.9,8.56,8.69,155720.83
2011-01-13,8.72,8.77,8.56,8.61,97724.83
2011-01-14,8.61,8.61,8.27,8.34,118915.55
2011-01-17,8.27,8.31,7.79,7.81,181666.75
2011-01-18,7.76,7.95,7.72,7.86,88761.45
2011-01-19,7.86,8.14,7.77,8.12,105438.69
2011-01-20,8.09,8.25,7.82,7.87,101675.13
2011-01-21,7.83,8.15,7.76,8.0,98566.67
2011-01-24,8.01,8.32,7.93,8.13,145214.0
2011-01-25,8.09,8.22,8.02,8.1,71411.44
2011-01-26,8.14,8.28,8.06,8.22,65667.06
2011-01-27,8.17,8.48,7.99,8.44,136420.84
2011-01-28,8.34,8.6,8.34,8.55,114348.32
2011-01-31,8.51,8.61,8.43,8.56,108085.36
2011-02-01,8.62,8.62,8.42,8.44,64142.54
2011-02-09,8.34,8.87,8.32,8.64,188150.01
2011-02-10,8.78,9.51,8.77,9.29,486497.65
2011-02-11,9.33,9.47,9.13,9.24,243399.71
2011-02-14,9.29,9.65,9.26,9.51,355262.59
2011-02-15,9.44,9.67,9.33,9.36,294968.97
2011-02-16,9.36,9.58,9.32,9.53,167508.31
2011-02-17,9.52,9.77,9.43,9.47,248957.25
2011-02-18,9.5,9.5,9.19,9.23,174670.54
2011-02-21,9.2,9.77,9.2,9.7,253321.49
2011-02-22,9.88,10.42,9.74,9.98,483582.98
2011-02-23,9.86,10.73,9.82,10.49,405351.5
2011-02-24,10.37,10.83,10.25,10.28,312785.18
2011-02-25,10.21,10.48,9.95,10.31,170615.69
2011-02-28,10.36,10.97,10.36,10.95,343610.87
2011-03-01,10.98,11.1,10.77,10.97,242125.66
2011-03-02,10.88,10.88,10.49,10.72,186504.47
2011-03-03,10.67,10.93,10.33,10.41,149063.67
2011-03-04,10.41,10.77,10.17,10.74,180056.56
2011-03-07,10.74,11.01,10.63,10.85,187241.71
2011-03-08,10.86,11.18,10.72,10.78,219879.54
2011-03-09,10.78,11.05,10.68,10.76,148421.3
2011-03-10,10.78,10.78,10.34,10.35,177989.59
2011-03-11,10.2,10.55,10.16,10.26,172171.96
2011-03-14,11.06,11.21,10.55,10.93,553701.62
2011-03-15,10.89,11.1,10.54,10.84,266744.34
2011-03-16,10.83,11.49,10.7,11.39,325938.33
2011-03-17,11.24,11.52,10.93,11.07,261215.72
2011-03-18,11.12,11.24,10.92,11.09,141651.11
2011-03-21,11.02,11.06,10.66,10.74,212531.7
2011-03-22,10.97,11.06,10.7,11.02,186620.87
2011-03-23,10.94,11.27,10.94,11.18,190679.73
2011-03-24,11.15,11.7,11.06,11.54,230928.07
2011-03-25,11.54,11.65,11.4,11.51,143500.36
2011-03-28,11.58,11.74,11.19,11.69,218371.39
2011-03-29,11.53,11.93,11.4,11.51,203822.13
2011-03-30,11.45,11.64,11.05,11.06,153082.38
2011-03-31,11.06,11.06,10.62,10.66,217919.38
2011-04-01,10.67,10.97,10.56,10.94,106944.72
2011-04-06,10.89,11.03,10.7,10.76,155516.78
2011-04-07,10.75,11.19,10.72,11.12,115742.25
2011-04-08,11.08,11.5,10.97,11.32,115264.56
2011-04-11,11.32,11.45,10.92,10.98,91178.44
2011-04-12,11.06,11.24,10.88,11.08,94647.86
2011-04-13,11.02,11.15,10.85,11.14,94782.26
2011-04-14,11.23,11.45,11.02,11.28,134547.07
2011-04-18,11.47,12.28,11.45,12.11,365013.4
2011-04-19,12.0,12.15,11.57,11.95,175551.7
2011-04-20,11.9,12.07,11.53,11.58,161390.88
2011-04-21,11.66,11.69,11.44,11.62,75719.11
2011-04-22,11.7,11.92,11.46,11.5,101220.9
2011-04-25,11.42,11.53,11.15,11.25,94294.83
2011-04-26,11.24,11.36,10.67,10.79,161017.67
2011-04-27,10.82,10.91,10.45,10.55,146568.29
2011-04-28,10.64,10.76,9.86,10.22,214302.85
2011-04-29,10.24,10.48,10.08,10.43,114443.71
2011-05-03,10.44,10.79,10.41,10.7,87792.99
2011-05-04,10.62,10.62,10.01,10.06,212540.28
2011-05-05,10.04,10.1,9.84,10.06,130446.11
2011-05-06,9.99,10.33,9.8,10.13,142297.18
2011-05-09,10.21,10.29,9.97,10.06,107803.57
2011-05-10,10.06,10.39,9.95,10.35,93338.18
2011-05-11,10.35,10.46,10.16,10.31,90698.6
2011-05-12,10.16,10.51,10.1,10.21,84967.64
2011-05-13,10.24,10.29,9.56,9.83,245347.0
2011-05-16,9.78,10.0,9.63,9.69,145372.25
2011-05-17,9.7,9.84,9.44,9.73,108350.46
2011-05-18,9.74,9.95,9.69,9.85,84853.84
2011-05-19,9.96,9.96,9.74,9.79,83501.78
2011-05-20,9.79,9.83,9.53,9.69,126500.94
2011-05-23,9.63,9.65,9.18,9.19,152526.27
2011-05-24,9.07,9.36,9.07,9.26,110523.06
2011-05-25,9.29,9.33,9.14,9.27,69315.44
2011-05-26,9.3,9.33,9.15,9.16,55676.04
2011-05-27,9.07,9.33,9.07,9.18,75368.92
2011-05-30,9.18,9.24,8.9,9.12,117529.55
2011-05-31,9.12,9.55,9.12,9.46,163799.75
2011-06-01,9.5,9.76,9.47,9.72,185535.32
2011-06-02,9.58,9.75,9.38,9.67,98628.13
2011-06-03,9.59,9.83,9.58,9.77,108427.57
2011-06-07,9.77,10.11,9.74,9.82,100411.47
2011-06-08,9.81,9.96,9.71,9.73,117374.5
2011-06-09,9.73,9.74,9.35,9.39,130553.09
2011-06-10,9.34,9.57,9.29,9.45,75854.77
2011-06-13,9.4,9.46,9.21,9.42,50285.8
2011-06-14,9.43,9.91,9.42,9.81,132710.49
2011-06-15,9.78,9.99,9.73,9.86,118953.65
2011-06-16,9.75,9.82,9.61,9.67,110487.45
2011-06-17,9.63,9.83,9.57,9.65,61111.69
2011-06-20,9.59,9.66,9.3,9.59,89493.41
2011-06-21,9.58,9.83,9.58,9.82,105880.16
2011-06-22,9.86,9.97,9.75,9.86,97955.43
2011-06-23,9.83,10.15,9.7,10.09,135526.25
2011-06-24,10.08,10.61,10.03,10.59,284351.63
2011-06-27,10.57,10.69,10.26,10.59,225706.53
2011-06-28,10.6,10.6,10.3,10.46,150815.09
2011-06-29,10.38,10.48,10.33,10.33,106327.42
2011-06-30,10.34,10.68,10.31,10.6,163325.73
2011-07-01,10.61,10.73,10.52,10.61,130166.05
2011-07-04,10.65,11.05,10.65,10.93,250783.66
2011-07-05,11.0,11.09,10.71,10.96,220346.88
2011-07-06,10.84,10.9,10.68,10.84,131050.01
2011-07-07,11.03,11.03,10.63,10.64,157508.54
2011-07-08,10.65,10.76,10.37,10.72,167287.57
2011-07-11,10.6,10.76,10.47,10.68,129805.24
2011-07-12,10.53,10.6,10.42,10.44,99766.82
2011-07-13,10.46,10.88,10.46,10.85,195233.06
2011-07-14,10.85,10.93,10.71,10.88,162521.85
2011-07-15,10.9,10.96,10.76,10.94,124972.08
2011-07-18,10.96,11.07,10.89,10.97,151399.85
2011-07-19,10.91,10.91,10.69,10.73,117732.3
2011-07-20,10.81,10.89,10.68,10.74,75192.87
2011-07-21,10.76,10.77,10.26,10.31,200076.35
2011-07-22,10.37,10.44,10.17,10.25,201217.1
2011-07-25,10.27,10.27,9.73,9.93,228629.73
2011-07-26,9.89,10.02,9.86,10.01,78260.21
2011-07-27,10.03,10.27,9.87,10.26,154287.24
2011-07-28,10.09,10.35,10.08,10.32,92255.52
2011-07-29,10.33,10.34,10.01,10.17,82349.19
2011-08-01,10.16,10.2,10.01,10.14,82518.55
2011-08-02,10.01,10.03,9.63,9.81,158713.31
2011-08-03,9.69,9.79,9.57,9.63,169076.93
2011-08-04,9.62,9.84,9.62,9.7,129560.38
2011-08-05,9.4,9.78,9.33,9.69,133447.14
2011-08-08,9.41,9.63,9.2,9.32,233076.24
2011-08-09,9.06,9.7,9.02,9.5,187272.33
2011-08-10,9.67,9.81,9.6,9.61,105982.67
2011-08-11,9.44,9.75,9.42,9.7,118418.24
2011-08-12,9.78,9.79,9.61,9.63,98130.27
2011-08-15,9.67,9.9,9.63,9.83,87429.19
2011-08-16,9.85,9.94,9.65,9.68,98235.55
2011-08-17,9.68,9.75,9.54,9.58,70900.08
2011-08-18,9.58,9.65,9.42,9.54,75549.16
2011-08-19,9.37,9.57,9.3,9.5,125376.76
2011-08-22,9.5,9.55,9.22,9.23,67984.49
2011-08-23,9.28,9.37,9.22,9.32,60448.73
2011-08-24,9.39,9.57,9.3,9.36,109051.04
2011-08-25,9.42,9.82,9.36,9.8,155025.62
2011-08-26,9.75,9.92,9.7,9.91,99816.46
2011-08-29,9.78,9.8,9.64,9.7,90172.33
2011-08-30,9.79,9.86,9.53,9.57,69493.86
2011-08-31,9.57,9.65,9.42,9.65,49870.41
2011-09-01,9.65,9.76,9.58,9.59,45334.99
2011-09-02,9.58,9.59,9.34,9.55,54279.58
2011-09-05,9.37,9.45,9.04,9.14,131504.14
2011-09-06,9.08,9.19,8.8,8.9,137425.6
2011-09-07,8.98,9.19,8.84,9.18,98727.37
2011-09-08,9.25,9.25,9.01,9.01,61529.23
2011-09-09,8.95,9.2,8.89,8.99,77578.87
2011-09-13,8.84,9.05,8.8,8.9,51829.91
2011-09-14,8.93,9.15,8.84,9.07,48481.07
2011-09-15,9.1,9.25,9.01,9.15,88919.71
2011-09-16,9.23,9.32,9.15,9.18,51586.5
2011-09-19,9.09,9.17,9.01,9.06,39273.46
2011-09-20,9.06,9.24,8.98,9.13,50483.18
2011-09-21,9.15,9.63,9.07,9.58,158322.62
2011-09-22,9.52,9.53,9.28,9.31,76445.17
2011-09-23,9.12,9.37,9.04,9.2,80150.4
2011-09-26,9.07,9.31,9.05,9.08,65502.3
2011-09-27,9.17,9.41,9.11,9.38,85512.3
2011-09-28,9.41,9.56,9.07,9.23,85142.13
2011-09-29,9.16,9.27,8.95,8.95,93340.83
2011-09-30,8.96,9.11,8.91,9.02,66374.32
2011-10-10,9.03,9.11,8.33,8.38,109996.17
2011-10-11,8.55,8.67,7.72,7.87,372318.76
2011-10-12,7.91,8.3,7.8,8.23,130742.63
2011-10-13,8.2,8.53,8.14,8.34,154849.11
2011-10-14,8.31,8.5,8.26,8.34,73528.74
2011-10-17,8.42,8.48,8.36,8.44,54509.08
2011-10-18,8.36,8.43,8.08,8.09,94445.83
2011-10-19,8.16,8.21,7.92,8.13,43751.34
2011-10-20,8.05,8.05,7.74,7.93,101031.68
2011-10-21,7.93,7.93,7.66,7.75,68378.05
2011-10-24,7.76,7.92,7.6,7.91,106801.27
2011-10-25,7.89,8.25,7.83,8.22,97374.97
2011-10-26,8.16,8.4,8.16,8.33,155834.46
2011-10-27,8.35,8.4,8.15,8.21,77295.95
2011-10-28,8.38,8.56,8.34,8.52,160086.87
2011-10-31,8.51,8.67,8.42,8.51,103531.19
2011-11-01,8.43,8.66,8.37,8.44,119941.04
2011-11-02,8.33,8.61,8.28,8.61,69003.4
2011-11-03,8.67,8.89,8.55,8.65,126895.27
2011-11-04,8.77,8.77,8.6,8.66,66605.61
2011-11-07,8.64,8.76,8.56,8.59,67569.44
2011-11-08,8.66,8.7,8.56,8.59,44389.73
2011-11-09,8.63,8.67,8.38,8.54,110144.97
2011-11-10,8.44,8.49,8.28,8.33,124578.53
2011-11-11,8.37,8.39,8.15,8.21,59953.71
2011-11-14,8.27,8.71,8.23,8.71,210770.33
2011-11-15,8.72,8.72,8.47,8.55,141405.7
2011-11-16,8.56,8.6,8.22,8.34,119783.08
2011-11-17,8.35,8.38,8.26,8.27,73265.8
2011-11-18,8.27,8.27,7.79,7.94,175365.14
2011-11-21,7.93,7.96,7.76,7.91,88231.81
2011-11-22,7.83,7.84,7.7,7.82,99824.52
2011-11-23,7.85,7.87,7.62,7.68,127703.93
2011-11-24,7.62,7.74,7.59,7.69,110050.73
2011-11-25,7.69,7.69,7.51,7.53,128887.88
2011-11-28,7.54,7.64,7.44,7.61,148763.59
2011-11-29,7.65,7.88,7.61,7.81,133182.06
2011-11-30,7.78,7.78,7.46,7.5,115708.44
2011-12-01,7.77,7.87,7.59,7.61,201315.72
2011-12-02,7.58,7.58,7.42,7.44,82310.66
2011-12-05,7.49,7.49,7.32,7.4,57053.23
2011-12-06,7.39,7.48,7.3,7.34,110654.09
2011-12-08,7.34,7.38,7.1,7.33,101948.29
2011-12-09,7.3,7.3,6.83,6.94,228811.81
2011-12-12,6.97,7.0,6.86,6.9,75957.63
2011-12-13,6.87,6.91,6.61,6.65,138496.67
2011-12-14,6.65,6.73,6.55,6.61,70457.53
2011-12-15,6.55,6.76,6.46,6.69,150709.64
2011-12-16,6.66,6.94,6.63,6.91,131452.52
2011-12-19,6.83,7.19,6.76,7.16,158618.87
2011-12-20,7.14,7.21,7.03,7.06,69628.22
2011-12-21,7.15,7.36,7.03,7.06,128289.96
2011-12-22,7.0,7.21,6.9,7.12,91351.37
2011-12-23,7.1,7.33,7.0,7.2,54134.51
2011-12-26,7.12,7.25,7.12,7.16,53227.62
2011-12-27,7.13,7.21,7.06,7.06,43202.92
2011-12-28,7.03,7.03,6.89,6.95,55730.93
2011-12-29,6.95,7.11,6.95,7.06,53408.6
2011-12-30,7.07,7.36,7.07,7.31,98118.84
2012-01-04,7.35,7.42,7.06,7.08,96092.38
2012-01-05,7.08,7.17,6.8,6.86,98669.94
2012-01-06,6.86,6.91,6.65,6.83,73107.04
2012-01-09,6.85,7.08,6.71,7.07,151864.28
2012-01-10,7.06,7.5,7.03,7.49,169922.82
2012-01-11,7.51,7.62,7.35,7.51,154606.08
2012-01-12,7.49,7.66,7.4,7.54,111308.6
2012-01-13,7.5,7.58,7.13,7.27,141761.67
2012-01-16,7.2,7.29,7.02,7.08,72838.04
2012-01-17,7.08,7.61,7.01,7.59,142078.17
2012-01-18,7.57,7.7,7.42,7.51,135192.29
2012-01-19,7.51,7.88,7.37,7.8,130860.22
2012-01-20,7.82,8.05,7.76,7.99,151571.99
2012-01-30,7.99,8.03,7.71,7.75,105697.29
2012-02-01,7.75,8.1,7.71,7.81,162293.04
2012-02-02,7.87,7.99,7.7,7.96,118302.82
2012-02-03,7.93,8.29,7.86,8.17,215322.98
2012-02-06,8.32,8.44,8.2,8.27,200265.95
2012-02-07,8.19,8.22,7.93,8.08,130566.32
2012-02-08,8.08,8.42,8.0,8.39,191481.39
2012-02-09,8.33,8.52,8.31,8.45,130494.12
2012-02-10,8.39,8.47,8.24,8.31,120428.61
2012-02-13,8.16,8.37,8.1,8.26,105050.5
2012-02-14,8.26,8.29,8.04,8.11,104284.7
2012-02-15,8.07,8.23,8.05,8.16,100550.74
2012-02-16,8.16,8.3,8.11,8.2,104906.95
2012-02-17,8.27,8.35,8.09,8.16,100392.62
2012-02-20,8.3,8.3,7.98,8.01,159824.21
2012-02-21,8.03,8.09,7.84,8.09,130735.43
2012-02-22,8.09,8.33,7.99,8.29,197857.19
2012-02-23,8.33,8.33,8.23,8.3,120331.51
2012-02-24,8.29,8.51,8.15,8.46,196829.0
2012-02-27,8.5,8.61,8.38,8.42,245439.43
2012-02-28,8.4,8.44,8.26,8.37,135200.51
2012-02-29,8.31,8.59,8.23,8.41,149601.74
2012-03-01,8.39,8.56,8.34,8.49,125789.63
2012-03-02,8.51,8.71,8.51,8.59,162144.56
2012-03-05,8.71,8.74,8.57,8.59,135201.38
2012-03-06,8.63,8.63,8.34,8.47,144438.4
2012-03-07,8.39,8.68,8.35,8.67,180973.45
2012-03-08,8.73,8.81,8.64,8.73,152980.31
2012-03-09,8.78,8.81,8.64,8.81,127209.49
2012-03-12,8.84,8.85,8.55,8.65,193335.68
2012-03-13,8.61,8.77,8.56,8.71,113952.97
2012-03-14,8.76,8.81,8.22,8.27,264649.79
2012-03-15,8.27,8.33,7.99,8.04,193305.65
2012-03-16,8.07,8.18,7.93,8.15,210520.09
2012-03-19,8.13,8.18,8.0,8.15,160048.78
2012-03-20,8.16,8.16,7.9,7.94,156367.77
2012-03-21,8.01,8.02,7.85,7.99,129808.75
2012-03-22,7.99,8.12,7.92,8.06,87712.55
2012-03-23,8.02,8.05,7.85,7.91,99343.21
2012-03-26,7.87,7.99,7.81,7.89,61575.58
2012-03-27,7.93,7.95,7.54,7.59,182934.85
2012-03-28,7.51,7.63,7.35,7.36,153147.65
2012-03-29,7.34,7.46,7.29,7.36,130679.61
2012-03-30,7.39,7.46,7.35,7.41,71292.85
2012-04-05,7.41,7.65,7.35,7.59,122400.31
2012-04-09,7.59,7.68,7.49,7.57,72716.76
2012-04-10,7.56,7.78,7.51,7.75,92691.51
2012-04-11,7.66,7.93,7.63,7.8,109382.29
2012-04-12,7.8,7.95,7.74,7.92,91555.27
2012-04-13,7.93,8.0,7.82,7.93,104071.96
2012-04-16,7.89,7.93,7.82,7.85,65980.25
2012-04-17,7.78,7.95,7.76,7.87,83520.98
2012-04-18,7.96,8.25,7.92,8.21,185559.9
2012-04-19,8.2,8.27,8.16,8.22,75967.01
2012-04-20,8.22,8.29,8.18,8.2,92035.05
2012-04-23,8.2,8.27,8.1,8.14,112650.86
2012-04-24,8.16,8.22,7.79,7.98,111224.16
2012-04-25,7.93,8.16,7.9,8.13,64074.89
2012-04-26,8.14,8.2,7.91,8.03,114182.99
2012-04-27,8.03,8.1,7.95,8.06,59293.87
2012-05-02,8.19,8.36,8.11,8.29,115013.71
2012-05-03,8.29,8.37,8.25,8.32,70777.36
2012-05-04,8.4,8.75,8.4,8.71,325385.35
2012-05-07,8.65,9.02,8.61,8.98,309371.84
2012-05-08,8.94,8.98,8.72,8.91,169921.73
2012-05-09,8.82,8.9,8.65,8.77,127464.44
2012-05-10,8.77,8.83,8.66,8.75,64080.61
2012-05-11,8.74,8.75,8.59,8.61,67646.13
2012-05-14,8.72,8.72,8.39,8.4,113424.58
2012-05-15,8.33,8.46,8.19,8.45,99200.49
2012-05-16,8.4,8.42,8.23,8.23,64533.73
2012-05-17,8.21,8.5,8.21,8.46,73064.57
2012-05-18,8.37,8.41,8.28,8.33,83316.67
2012-05-21,8.33,8.49,8.27,8.46,63003.89
2012-05-22,8.47,8.61,8.46,8.58,81077.75
2012-05-23,8.53,8.61,8.34,8.4,85561.9
2012-05-24,8.4,8.56,8.37,8.46,68176.29
2012-05-25,8.49,8.56,8.34,8.39,56020.84
2012-05-28,8.36,8.52,8.23,8.5,107729.79
2012-05-29,8.56,8.85,8.56,8.7,225288.3
2012-05-30,8.71,8.83,8.64,8.69,89271.41
2012-05-31,8.63,9.04,8.61,8.94,237221.36
2012-06-01,8.95,8.97,8.85,8.94,95552.88
2012-06-04,8.82,8.84,8.68,8.74,104074.12
2012-06-05,8.75,8.83,8.59,8.6,97305.17
2012-06-06,8.61,8.69,8.37,8.43,117895.33
2012-06-07,8.52,8.53,8.36,8.43,90355.06
2012-06-08,8.52,8.57,8.42,8.46,100782.92
2012-06-11,8.5,8.72,8.45,8.71,82725.98
2012-06-12,8.61,8.72,8.57,8.67,64210.37
2012-06-13,8.66,8.93,8.65,8.86,142449.76
2012-06-14,8.78,8.96,8.78,8.85,90699.92
2012-06-15,8.82,8.92,8.57,8.77,94886.17
2012-06-18,8.8,8.84,8.66,8.71,78854.55
2012-06-19,8.69,8.95,8.65,8.76,146975.34
2012-06-20,8.79,8.84,8.68,8.74,69822.32
2012-06-21,8.75,8.75,8.47,8.57,90452.08
2012-06-25,8.54,8.54,8.17,8.18,117338.78
2012-06-26,8.1,8.21,7.97,8.16,80981.49
2012-06-27,8.16,8.24,7.93,8.01,105518.4
2012-06-28,8.01,8.07,7.74,7.75,130904.33
2012-06-29,7.72,7.92,7.72,7.9,71327.94
2012-07-02,7.98,8.13,7.93,8.03,61439.97
2012-07-03,8.04,8.14,7.68,7.77,116754.09
2012-07-04,7.79,7.84,7.68,7.78,71234.2
2012-07-05,7.77,7.79,7.45,7.58,139879.8
2012-07-06,7.65,7.87,7.56,7.86,93520.26
2012-07-09,7.79,7.96,7.66,7.69,77803.36
2012-07-10,7.69,7.76,7.58,7.66,67364.84
2012-07-11,7.61,7.96,7.61,7.87,66560.97
2012-07-12,7.87,8.01,7.77,7.96,110736.46
2012-07-13,7.94,8.07,7.93,7.97,50726.72
2012-07-16,8.01,8.01,7.76,7.78,43973.96
2012-07-17,7.77,7.91,7.75,7.88,46321.51
2012-07-18,7.89,7.95,7.81,7.93,44598.25
2012-07-19,7.93,8.16,7.93,8.01,83041.77
2012-07-20,8.01,8.07,7.94,7.96,52712.63
2012-07-23,7.87,7.94,7.79,7.9,32632.86
2012-07-24,7.84,8.01,7.81,7.94,38612.06
2012-07-25,7.93,8.02,7.87,7.9,42116.24
2012-07-26,7.91,7.95,7.62,7.68,78379.98
2012-07-27,7.75,7.79,7.63,7.66,48030.53
2012-07-30,7.69,7.75,7.68,7.74,34179.31
2012-07-31,7.69,7.77,7.69,7.75,36003.22
2012-08-01,7.77,7.91,7.75,7.9,66957.56
2012-08-02,7.9,7.91,7.81,7.83,34615.45
2012-08-03,7.84,7.97,7.82,7.96,48502.54
2012-08-06,7.97,8.04,7.86,8.03,75613.26
2012-08-07,7.98,8.03,7.9,7.97,69894.98
2012-08-08,7.99,8.01,7.91,7.97,76213.9
2012-08-09,7.95,8.04,7.87,7.99,71894.4
2012-08-10,7.99,7.99,7.84,7.85,70620.84
2012-08-13,7.85,7.87,7.63,7.75,88298.7
2012-08-14,7.77,7.78,7.56,7.66,118010.39
2012-08-15,7.65,7.71,7.58,7.68,51411.15
2012-08-16,7.67,7.72,7.57,7.63,44000.76
2012-08-17,7.59,7.66,7.56,7.57,60082.47
2012-08-20,7.56,7.58,7.42,7.55,59719.37
2012-08-21,7.57,7.71,7.52,7.69,73309.4
2012-08-22,7.78,7.82,7.67,7.69,65001.39
2012-08-23,7.69,7.78,7.64,7.73,49565.96
2012-08-24,7.69,7.74,7.56,7.61,41508.07
2012-08-27,7.54,7.62,7.46,7.49,45078.59
2012-08-28,7.48,7.51,7.3,7.48,67758.78
2012-08-29,7.4,7.46,7.35,7.39,30503.15
2012-08-30,7.29,7.54,7.29,7.46,60385.69
2012-08-31,7.42,7.51,7.39,7.43,35470.02
2012-09-03,7.43,7.64,7.43,7.53,64697.76
2012-09-04,7.51,7.58,7.43,7.46,54883.5
2012-09-05,7.46,7.58,7.43,7.54,41411.88
2012-09-06,7.57,7.62,7.52,7.61,22907.17
2012-09-07,7.68,7.98,7.65,7.9,163261.84
2012-09-10,7.91,7.97,7.75,7.9,114077.15
2012-09-11,7.88,7.88,7.72,7.82,68987.2
2012-09-12,7.91,7.93,7.71,7.79,76093.08
2012-09-13,7.76,7.87,7.74,7.75,42393.31
2012-09-14,7.73,7.88,7.73,7.83,74557.91
2012-09-17,7.82,7.82,7.6,7.61,47843.15
2012-09-18,7.58,7.6,7.46,7.48,44943.43
2012-09-19,7.48,7.59,7.43,7.54,49147.11
2012-09-20,7.51,7.72,7.48,7.56,86204.92
2012-09-21,7.56,7.78,7.52,7.67,67509.61
2012-09-24,7.72,7.9,7.72,7.84,126460.5
2012-09-25,7.85,7.91,7.74,7.75,73753.61
2012-09-26,7.75,7.89,7.69,7.72,62735.99
2012-09-27,7.72,8.3,7.69,8.24,379353.07
2012-09-28,8.15,8.32,8.13,8.19,220781.89
2012-10-08,8.28,8.55,8.28,8.43,270322.49
2012-10-09,8.43,8.69,8.39,8.48,242864.35
2012-10-10,8.5,8.52,8.34,8.48,108922.3
2012-10-11,8.45,8.63,8.28,8.41,196607.42
2012-10-12,8.43,8.56,8.33,8.47,180586.67
2012-10-15,8.47,8.47,8.27,8.34,122212.97
2012-10-16,8.3,8.4,8.15,8.16,143465.27
2012-10-17,8.16,8.31,8.13,8.24,75997.47
2012-10-18,8.27,8.56,8.21,8.47,134058.27
2012-10-19,8.47,8.49,8.34,8.36,76458.44
2012-10-22,8.35,8.37,8.15,8.28,177992.03
2012-10-23,8.26,8.28,8.06,8.1,122090.76
2012-10-24,8.08,8.17,8.06,8.14,55963.76
2012-10-25,8.1,8.19,8.0,8.04,65675.81
2012-10-26,8.06,8.13,7.82,7.99,98774.11
2012-10-29,7.94,8.14,7.93,8.06,53989.27
2012-10-30,8.04,8.17,8.04,8.1,59270.08
2012-10-31,8.11,8.13,7.99,8.1,30096.02
2012-11-01,8.1,8.3,8.08,8.29,102996.48
2012-11-02,8.28,8.31,8.19,8.25,46013.81
2012-11-05,8.17,8.25,8.0,8.13,118903.21
2012-11-06,8.24,8.29,8.03,8.23,90973.5
2012-11-07,8.17,8.26,8.14,8.16,44522.08
2012-11-08,8.06,8.16,8.0,8.02,49241.03
2012-11-09,7.98,8.04,7.69,7.8,102877.67
2012-11-12,7.81,7.85,7.68,7.77,60080.07
2012-11-13,7.78,7.78,7.64,7.71,59095.31
2012-11-14,7.72,7.81,7.67,7.81,76328.86
2012-11-15,7.75,7.77,7.55,7.58,92929.17
2012-11-16,7.61,7.7,7.49,7.69,66912.39
2012-11-19,7.66,7.74,7.57,7.72,41641.31
2012-11-20,7.74,7.78,7.63,7.65,25838.0
2012-11-21,7.66,7.74,7.55,7.72,46802.56
2012-11-22,7.7,7.71,7.65,7.68,39915.03
2012-11-23,7.74,7.84,7.66,7.78,67524.75
2012-11-26,7.72,7.78,7.66,7.7,57098.17
2012-11-27,7.68,7.71,7.56,7.56,46967.19
2012-11-28,7.51,7.64,7.45,7.61,46449.6
2012-11-29,7.56,7.66,7.53,7.58,34873.71
2012-11-30,7.56,7.75,7.54,7.68,49459.74
2012-12-03,7.66,7.84,7.61,7.63,67043.33
2012-12-04,7.62,7.82,7.58,7.77,74260.13
2012-12-05,7.77,8.1,7.77,7.98,116824.28
2012-12-06,8.07,8.07,7.87,7.93,42812.41
2012-12-07,7.98,8.34,7.98,8.28,192633.34
2012-12-10,8.28,8.49,8.27,8.35,183506.29
2012-12-11,8.29,8.37,8.2,8.26,87757.05
2012-12-12,8.26,8.31,8.16,8.22,52156.4
2012-12-13,8.19,8.29,8.14,8.21,47918.7
2012-12-14,8.27,8.58,8.23,8.56,158412.0
2012-12-17,8.56,8.71,8.5,8.61,103610.61
2012-12-18,8.63,8.63,8.52,8.54,70975.62
2012-12-19,8.53,8.54,8.34,8.52,88740.59
2012-12-20,8.49,8.55,8.39,8.52,59050.93
2012-12-21,8.52,8.71,8.47,8.53,96746.16
2012-12-24,8.56,8.69,8.49,8.57,77634.22
2012-12-25,8.5,8.89,8.48,8.81,146234.86
2012-12-26,8.81,8.99,8.72,8.93,127543.26
2012-12-27,8.95,8.98,8.82,8.83,63123.84
2012-12-28,8.93,9.17,8.85,9.07,111594.33
2012-12-31,9.08,9.27,9.04,9.23,167956.47
2013-01-04,9.26,9.31,8.87,8.97,176536.47
2013-01-07,8.96,9.43,8.88,9.4,221639.79
2013-01-08,9.37,9.77,9.31,9.58,203950.33
2013-01-09,9.52,9.63,9.36,9.46,101651.69
2013-01-10,9.46,9.51,9.27,9.3,163487.47
2013-01-11,9.31,9.4,9.1,9.19,123751.43
2013-01-14,9.18,9.7,9.17,9.6,125789.2
2013-01-15,9.67,9.85,9.54,9.61,97276.62
2013-01-16,9.58,9.64,9.34,9.47,97563.93
2013-01-17,9.47,9.56,9.29,9.36,95763.76
2013-01-18,9.51,9.53,9.34,9.42,93524.01
2013-01-21,9.42,9.61,9.34,9.5,81240.23
2013-01-22,9.5,9.55,9.23,9.37,106612.45
2013-01-23,9.34,9.39,9.21,9.33,99391.59
2013-01-24,9.3,9.52,9.05,9.2,127613.9
2013-01-25,9.23,9.43,9.16,9.38,81571.1
2013-01-28,9.39,9.7,9.37,9.66,143278.37
2013-01-29,9.66,9.76,9.47,9.58,88784.63
2013-01-30,9.58,9.85,9.5,9.79,170213.93
2013-01-31,9.77,9.91,9.73,9.81,130162.96
2013-02-01,9.78,9.88,9.64,9.8,74575.52
2013-02-04,9.85,9.91,9.68,9.82,187933.0
2013-02-05,9.86,10.19,9.79,10.17,131484.68
2013-02-06,10.2,10.57,10.2,10.25,168684.0
2013-02-07,10.25,10.54,10.21,10.5,121657.84
2013-02-08,10.53,10.68,10.37,10.51,107317.75
2013-02-18,10.54,10.6,10.22,10.3,118103.2
2013-02-19,10.3,10.34,9.99,10.08,110939.07
2013-02-20,10.05,10.2,9.79,10.15,101130.62
2013-02-21,10.06,10.17,9.76,9.92,152910.6
2013-02-22,9.88,9.98,9.63,9.82,150189.34
2013-02-25,9.85,9.91,9.69,9.89,54021.6
2013-02-26,9.87,10.1,9.71,9.75,105059.53
2013-02-27,9.81,10.1,9.81,10.08,119815.38
2013-02-28,10.08,10.27,10.0,10.22,120396.85
2013-03-01,10.2,10.23,9.95,10.18,101725.95
2013-03-04,10.13,10.13,9.34,9.52,230653.55
2013-03-05,9.59,9.82,9.48,9.76,163689.41
2013-03-06,9.78,9.94,9.65,9.91,116264.24
2013-03-07,9.91,10.21,9.88,10.01,139632.98
2013-03-08,10.05,10.07,9.7,9.73,67284.3
2013-03-11,9.75,9.79,9.53,9.75,52429.45
2013-03-12,9.76,9.91,9.46,9.62,88355.95
2013-03-13,9.57,9.68,9.46,9.53,58281.89
2013-03-14,9.47,9.67,9.47,9.66,58752.48
2013-03-15,9.66,9.95,9.6,9.61,95653.82
2013-03-18,9.57,9.72,9.53,9.59,58963.65
2013-03-19,9.69,9.75,9.58,9.68,51583.77
2013-03-20,9.69,10.05,9.66,9.97,109236.43
2013-03-21,9.99,10.15,9.97,10.11,137821.09
2013-03-22,10.08,10.13,9.92,10.03,65402.1
2013-03-25,10.11,10.16,9.89,10.05,85431.38
2013-03-26,10.14,10.69,10.01,10.65,296302.87
2013-03-27,10.68,10.9,10.6,10.79,246484.91
2013-03-28,10.73,11.04,10.47,10.87,214764.58
2013-03-29,10.82,10.94,10.61,10.76,101002.25
2013-04-01,10.65,10.68,10.5,10.61,107894.46
2013-04-02,10.54,10.89,10.47,10.53,126858.7
2013-04-03,10.56,10.74,10.44,10.64,103555.05
2013-04-08,10.59,10.75,10.4,10.59,110348.8
2013-04-09,10.63,10.9,10.59,10.82,120680.1
2013-04-10,10.8,10.98,10.49,10.91,168960.19
2013-04-11,11.01,11.19,10.81,10.85,143767.42
2013-04-12,10.94,11.01,10.65,10.78,150621.15
2013-04-15,10.73,10.82,10.57,10.69,89376.82
2013-04-16,10.68,10.68,10.32,10.56,125397.45
2013-04-17,10.56,10.75,10.54,10.75,66303.2
2013-04-18,10.65,10.88,10.6,10.63,101642.91
2013-04-19,10.62,11.51,10.62,11.48,253849.07
2013-04-22,11.44,11.53,11.26,11.51,109230.04
2013-04-23,11.5,11.5,11.12,11.28,130253.94
2013-04-24,11.3,11.65,11.15,11.49,118321.47
2013-04-25,11.44,11.67,11.12,11.18,150977.04
2013-04-26,11.12,11.23,10.9,10.99,105027.52
2013-05-02,11.0,11.2,10.85,11.14,102728.48
2013-05-03,11.28,11.66,11.12,11.5,125362.16
2013-05-06,11.51,11.68,11.36,11.61,131098.45
2013-05-07,11.55,11.58,11.31,11.49,123522.93
2013-05-08,11.52,11.63,11.44,11.5,76866.36
2013-05-09,11.49,11.5,11.06,11.2,127458.09
2013-05-10,11.14,11.39,11.0,11.38,91402.05
2013-05-13,11.32,11.47,11.05,11.11,118575.84
2013-05-14,11.11,11.22,10.96,11.03,103858.77
2013-05-15,11.0,11.09,10.8,10.88,145598.05
2013-05-16,10.88,11.22,10.84,11.17,134799.63
2013-05-17,11.17,11.35,11.14,11.35,142610.73
2013-05-20,11.38,11.5,11.15,11.47,188494.45
2013-05-21,11.42,11.42,10.98,11.02,272564.59
2013-05-22,11.07,11.11,10.97,11.08,123676.84
2013-05-23,11.0,11.1,10.82,10.83,119997.92
2013-05-24,10.89,11.07,10.89,11.01,106098.56
2013-05-27,10.97,11.3,10.95,11.2,146219.51
2013-05-28,11.17,11.22,10.8,11.09,175491.08
2013-05-29,11.13,11.22,11.01,11.12,104714.72
2013-05-30,11.11,11.17,10.96,11.06,105163.1
2013-05-31,11.09,11.14,10.8,10.82,148845.35
2013-06-03,10.82,10.86,10.49,10.52,213119.8
2013-06-04,10.52,10.52,10.26,10.44,149048.32
2013-06-05,10.44,10.66,10.41,10.64,112948.11
2013-06-06,10.63,10.63,10.4,10.42,89240.79
2013-06-07,10.41,10.49,10.21,10.34,81484.09
2013-06-13,10.18,10.18,9.57,9.94,145297.88
2013-06-14,9.94,10.02,9.83,9.94,70312.36
2013-06-17,9.94,9.96,9.71,9.86,72773.11
2013-06-18,9.88,10.02,9.88,9.97,62064.64
2013-06-19,9.97,9.97,9.62,9.79,77520.95
2013-06-20,9.64,9.91,9.57,9.59,90817.39
2013-06-21,9.43,9.82,9.26,9.77,114034.1
2013-06-24,9.64,9.87,9.55,9.79,171404.45
2013-06-25,9.66,10.26,9.18,10.22,196739.02
2013-06-26,10.22,10.35,9.88,10.03,134666.17
2013-06-27,10.07,10.29,9.65,9.73,152867.21
2013-06-28,9.66,10.14,9.45,9.84,111190.69
2013-07-01,9.99,10.15,9.77,10.1,111091.6
2013-07-02,10.06,10.56,10.06,10.52,172146.92
2013-07-03,10.54,10.57,10.26,10.44,111526.99
2013-07-04,10.41,10.72,10.31,10.56,91486.81
2013-07-05,10.56,10.7,10.47,10.58,83327.66
2013-07-08,10.45,10.68,10.26,10.37,101268.39
2013-07-09,10.33,10.43,10.1,10.14,79958.19
2013-07-10,10.14,10.33,9.84,10.29,116968.49
2013-07-11,10.21,10.76,10.2,10.61,161080.15
2013-07-12,10.57,10.72,10.36,10.4,95841.5
2013-07-15,10.42,10.58,10.37,10.47,62259.99
2013-07-16,10.45,10.68,10.39,10.59,85593.32
2013-07-17,10.54,10.64,10.23,10.25,90283.07
2013-07-18,10.23,10.35,10.0,10.17,77443.2
2013-07-19,10.15,10.24,9.74,9.74,100207.27
2013-07-22,9.71,9.88,9.58,9.87,34502.95
2013-07-23,9.94,10.25,9.87,10.06,83380.81
2013-07-24,10.01,10.07,9.71,9.91,99034.97
2013-07-25,9.99,10.05,9.77,9.78,84678.24
2013-07-26,9.78,9.82,9.47,9.55,103086.4
2013-07-29,9.55,9.55,9.15,9.29,117127.16
2013-07-30,9.51,9.8,9.33,9.61,209555.58
2013-07-31,9.64,10.04,9.55,9.64,149299.62
2013-08-01,9.62,9.97,9.62,9.85,123551.24
2013-08-02,9.95,9.95,9.76,9.85,103664.58
2013-08-05,9.83,9.83,9.62,9.8,150652.78
2013-08-06,9.75,9.85,9.63,9.85,191744.62
2013-08-07,9.75,9.89,9.63,9.64,175718.58
2013-08-08,9.64,9.75,9.52,9.64,89486.51
2013-08-09,9.68,9.92,9.61,9.9,148821.44
2013-08-12,10.01,10.83,10.01,10.77,436893.57
2013-08-13,10.79,11.06,10.77,11.0,319376.05
2013-08-14,10.98,11.09,10.68,10.74,201977.76
2013-08-15,10.74,10.95,10.72,10.75,140608.34
2013-08-16,10.71,11.36,10.52,10.58,223060.18
2013-08-19,10.49,10.82,10.47,10.74,135144.99
2013-08-20,10.78,10.83,10.5,10.66,144217.05
2013-08-21,10.69,10.76,10.41,10.57,104060.32
2013-08-22,10.54,10.63,10.36,10.39,111986.24
2013-08-23,10.43,10.52,10.1,10.31,132503.06
2013-08-26,10.28,10.69,10.28,10.63,159199.62
2013-08-27,10.63,10.93,10.57,10.74,133164.95
2013-08-28,10.69,10.69,10.44,10.49,103367.99
2013-08-29,10.52,10.62,10.4,10.42,67011.12
2013-08-30,10.44,10.54,10.31,10.37,82281.66
2013-09-02,10.41,10.54,10.29,10.53,86738.7
2013-09-03,10.55,10.62,10.42,10.53,95688.66
2013-09-04,10.52,10.73,10.5,10.58,126700.81
2013-09-05,10.58,10.61,10.3,10.4,125837.38
2013-09-06,10.38,10.46,10.07,10.12,201043.28
2013-09-09,10.17,10.36,10.05,10.34,139834.45
2013-09-10,10.38,10.41,10.14,10.25,169868.45
2013-09-11,10.26,10.5,10.26,10.37,200259.26
2013-09-12,10.37,10.49,10.27,10.41,130773.05
2013-09-13,10.44,10.54,10.34,10.5,108292.13
2013-09-16,10.53,10.67,10.28,10.29,177461.02
2013-09-17,10.21,10.34,10.01,10.01,122452.46
2013-09-18,10.07,10.1,9.95,10.04,66458.52
2013-09-23,10.07,10.19,10.06,10.17,71359.98
2013-09-24,10.17,10.17,9.89,10.06,149279.09
2013-09-25,9.99,10.07,9.9,10.05,128698.23
2013-09-26,10.01,10.04,9.83,9.83,101935.88
2013-09-27,9.84,9.96,9.84,9.92,79714.66
2013-09-30,9.98,10.05,9.89,9.98,65649.72
2013-10-08,9.96,10.25,9.86,10.25,109430.77
2013-10-09,10.14,10.25,10.12,10.2,80009.5
2013-10-10,10.2,10.22,9.86,9.95,144010.94
2013-10-11,10.0,10.44,9.96,10.3,139192.59
2013-10-14,10.29,10.49,10.26,10.31,166204.59
2013-10-15,10.27,10.39,10.2,10.37,107861.5
2013-10-16,10.31,10.51,10.19,10.45,208167.33
2013-10-17,10.46,10.66,10.46,10.61,206291.25
2013-10-18,10.71,10.77,10.32,10.39,213888.47
2013-10-21,10.39,10.85,10.39,10.81,254214.11
2013-10-22,10.83,10.86,10.61,10.7,202122.69
2013-10-23,10.71,10.74,10.37,10.41,161593.47
2013-10-24,10.42,10.78,10.41,10.63,132141.34
2013-10-25,10.63,10.73,10.37,10.47,121975.95
2013-10-28,10.56,10.69,10.43,10.5,95609.58
2013-10-29,10.52,10.63,10.07,10.28,165224.99
2013-10-30,10.28,10.71,10.17,10.67,171500.48
2013-10-31,10.6,10.81,10.47,10.73,143888.13
2013-11-01,10.74,10.78,10.52,10.59,85727.0
2013-11-04,10.66,10.77,10.52,10.77,163166.05
2013-11-05,10.68,10.96,10.63,10.91,192151.3
2013-11-06,10.83,11.17,10.63,10.86,227183.09
2013-11-07,10.8,10.91,10.6,10.72,150621.14
2013-11-08,10.69,10.72,10.5,10.65,87349.77
2013-11-11,10.57,10.74,10.52,10.69,53865.43
2013-11-12,10.7,11.02,10.63,11.01,137530.18
2013-11-13,10.9,11.17,10.76,10.85,134691.19
2013-11-14,10.86,11.12,10.63,11.03,111191.5
2013-11-15,11.01,11.34,10.97,11.1,205382.02
2013-11-18,11.15,11.4,11.15,11.35,171245.02
2013-11-19,11.36,11.42,11.24,11.33,137767.63
2013-11-20,11.41,11.76,11.28,11.66,209759.85
2013-11-21,11.59,11.81,11.52,11.62,134702.22
2013-11-22,11.65,11.88,11.44,11.53,107039.78
2013-11-25,11.44,11.72,11.32,11.42,113211.17
2013-11-26,11.47,11.72,11.35,11.66,91238.53
2013-11-27,11.72,11.76,11.57,11.62,113687.66
2013-11-28,11.62,11.92,11.48,11.85,224228.22
2013-11-29,11.82,12.4,11.78,12.19,256124.58
2013-12-02,11.99,12.46,11.99,12.32,236321.46
2013-12-03,12.36,12.59,12.16,12.34,185643.91
2013-12-04,12.29,12.65,12.23,12.6,189211.71
2013-12-05,12.62,12.67,12.41,12.62,133445.28
2013-12-06,12.58,12.64,12.3,12.35,127514.91
2013-12-09,12.36,12.46,12.24,12.32,116634.27
2013-12-10,12.33,12.99,12.33,12.97,230962.32
2013-12-11,12.97,12.99,12.6,12.73,126575.42
2013-12-12,12.71,12.87,12.65,12.77,69906.32
2013-12-13,12.59,13.03,12.54,12.58,133179.51
2013-12-16,12.48,12.53,12.17,12.28,187900.72
2013-12-17,12.22,12.3,11.84,12.08,161184.96
2013-12-18,12.1,12.38,12.01,12.28,69894.29
2013-12-19,12.29,12.38,12.01,12.08,58032.15
2013-12-20,12.15,12.3,11.62,11.8,114115.49
2013-12-23,11.8,12.06,11.72,11.93,93052.27
2013-12-24,11.93,12.19,11.57,11.78,148426.12
2013-12-25,11.78,12.16,11.69,12.06,135487.19
2013-12-26,11.93,12.21,11.82,11.97,124213.61
2013-12-27,11.97,12.4,11.91,12.38,126459.02
2013-12-30,12.43,12.78,12.29,12.59,105262.46
2013-12-31,12.5,12.76,12.47,12.71,96588.1
2014-01-02,12.68,12.83,12.46,12.49,77585.32
2014-01-03,12.35,12.46,12.16,12.19,81855.84
2014-01-06,12.15,12.24,11.66,11.67,104443.65
2014-01-07,11.64,11.97,11.57,11.74,95067.32
2014-01-08,11.81,11.93,11.58,11.65,76793.58
2014-01-09,11.65,11.84,11.36,11.46,90833.99
2014-01-10,11.42,11.6,11.3,11.47,87477.61
2014-01-13,11.49,11.54,11.03,11.23,93042.78
2014-01-14,11.22,11.38,10.96,11.33,73807.24
2014-01-15,11.36,11.53,11.33,11.45,68623.55
2014-01-16,11.46,11.87,11.3,11.78,131539.84
2014-01-17,11.79,11.82,11.34,11.54,77646.91
2014-01-20,11.54,11.67,11.24,11.35,58155.76
2014-01-21,11.36,11.67,11.27,11.41,114143.77
2014-01-22,11.43,12.1,11.3,12.06,133517.3
2014-01-23,12.04,12.13,11.81,12.01,108913.94
2014-01-24,11.92,12.33,11.92,12.04,82565.36
2014-01-27,11.95,12.26,11.79,12.03,65931.27
2014-01-28,12.07,12.4,12.0,12.34,78054.84
2014-01-29,12.34,12.74,12.28,12.46,108538.02
2014-01-30,12.42,12.43,12.08,12.15,43866.31
2014-02-07,11.98,12.14,11.74,12.13,67244.96
2014-02-10,12.11,12.56,12.04,12.51,109203.63
2014-02-11,12.51,12.53,12.22,12.27,88051.65
2014-02-12,12.25,12.54,12.21,12.33,61710.72
2014-02-13,12.3,12.36,11.97,11.98,129576.83
2014-02-14,11.98,12.1,11.79,12.04,82624.68
2014-02-17,12.08,12.22,11.94,12.03,125631.4
2014-02-18,12.03,12.04,11.62,11.74,118668.37
2014-02-19,11.74,11.87,11.65,11.85,104180.98
2014-02-20,11.83,11.99,11.72,11.74,64065.68
2014-02-21,11.74,11.82,11.59,11.66,57353.3
2014-02-24,11.58,11.58,11.0,11.08,274342.56
2014-02-25,11.11,11.14,10.5,10.76,276668.34
2014-02-26,10.54,10.66,10.26,10.61,314569.35
2014-02-27,10.64,10.86,10.39,10.59,216767.76
2014-02-28,10.63,10.81,10.2,10.76,267856.38
2014-03-03,10.75,10.92,10.62,10.82,109661.94
2014-03-04,10.68,10.75,10.44,10.61,148886.44
2014-03-05,10.53,10.77,10.53,10.66,79110.46
2014-03-06,10.6,10.75,10.4,10.67,97389.34
2014-03-07,10.57,10.88,10.54,10.84,109339.81
2014-03-10,10.72,10.72,10.38,10.49,98291.81
2014-03-11,10.53,10.53,10.14,10.33,117057.4
2014-03-12,10.2,10.41,10.19,10.33,72049.8
2014-03-13,10.28,10.52,10.28,10.42,52473.01
2014-03-14,10.34,10.63,10.23,10.58,74110.0
2014-03-17,10.6,10.81,10.55,10.68,60506.01
2014-03-18,10.71,10.75,10.29,10.44,168482.05
2014-03-19,10.3,10.39,10.1,10.17,126060.93
2014-03-20,10.12,10.26,10.04,10.09,91592.03
2014-03-21,9.96,10.44,9.87,10.41,136666.81
2014-03-24,10.31,10.49,10.28,10.39,69956.47
2014-03-25,10.29,10.4,10.23,10.34,58073.28
2014-03-26,10.35,10.53,10.33,10.39,62689.3
2014-03-27,10.34,10.57,10.31,10.39,64379.64
2014-03-28,10.39,10.72,10.35,10.57,123682.11
2014-03-31,10.66,10.84,10.57,10.73,117985.3
2014-04-01,10.76,11.11,10.66,11.06,176065.94
2014-04-02,11.05,11.11,10.85,11.07,98711.01
2014-04-03,11.07,11.07,10.8,10.86,78607.69
2014-04-04,10.8,11.05,10.67,10.96,85137.63
2014-04-08,10.9,11.3,10.86,11.09,139510.48
2014-04-09,11.09,11.2,11.01,11.04,65502.04
2014-04-10,11.07,11.2,10.99,11.12,87333.77
2014-04-11,11.13,11.13,10.76,10.76,211116.33
2014-04-14,10.75,10.84,10.43,10.56,210308.87
2014-04-15,10.56,10.59,10.44,10.58,129116.11
2014-04-16,10.56,10.58,10.44,10.5,75944.23
2014-04-17,10.53,10.61,10.43,10.45,99471.61
2014-04-18,10.42,10.5,10.25,10.45,92285.38
2014-04-21,10.38,10.5,10.29,10.35,61017.79
2014-04-22,10.33,10.42,10.26,10.37,47920.03
2014-04-23,10.35,10.39,10.12,10.14,130476.29
2014-04-24,10.14,10.2,10.01,10.07,61003.69
2014-04-25,10.05,10.14,10.05,10.07,40650.58
2014-04-28,10.09,10.13,9.83,9.9,79463.11
2014-04-29,9.91,10.18,9.85,10.11,56033.78
2014-04-30,10.07,10.14,9.99,10.12,57642.25
2014-05-05,10.07,10.09,9.87,10.0,48285.84
2014-05-06,10.01,10.13,10.01,10.04,44433.34
2014-05-07,10.02,10.07,9.94,10.01,26110.23
2014-05-08,9.98,10.12,9.88,10.02,49961.86
2014-05-09,10.01,10.01,9.79,9.81,104478.11
2014-05-12,9.88,10.18,9.84,10.14,103842.96
2014-05-13,10.19,10.31,10.07,10.26,100883.0
2014-05-14,10.25,10.32,10.18,10.18,53310.82
2014-05-15,10.14,10.17,9.94,9.96,46305.1
2014-05-16,9.99,10.17,9.94,10.14,54214.83
2014-05-19,10.06,10.09,9.93,10.0,39728.33
2014-05-20,10.01,10.11,10.01,10.04,24473.0
2014-05-21,9.95,10.1,9.92,10.08,42146.6
2014-05-22,10.07,10.19,10.01,10.06,43014.8
2014-05-23,10.01,10.14,9.97,10.13,34287.73
2014-05-26,10.21,10.3,10.15,10.19,47622.09
2014-05-27,10.19,10.36,10.17,10.31,79534.07
2014-05-28,10.3,10.44,10.21,10.41,67520.44
2014-05-29,10.41,10.48,10.34,10.39,58428.15
2014-05-30,10.35,10.41,10.25,10.35,64978.17
2014-06-03,10.28,10.41,10.26,10.27,46705.14
2014-06-04,10.25,10.27,10.07,10.1,48871.7
2014-06-05,10.13,10.35,10.13,10.31,64108.9
2014-06-06,10.31,10.31,10.09,10.17,44325.72
2014-06-09,10.15,10.31,10.12,10.13,59296.62
2014-06-10,10.14,10.25,10.07,10.25,70952.81
2014-06-11,10.18,10.29,10.17,10.28,50356.61
2014-06-12,10.23,10.24,10.13,10.17,57031.36
2014-06-13,10.17,10.3,10.14,10.23,107703.84
2014-06-16,10.27,10.36,10.22,10.25,129754.46
2014-06-17,10.26,10.32,10.19,10.25,75722.04
2014-06-18,10.26,10.28,9.89,9.93,118540.47
2014-06-19,9.94,9.98,9.49,9.54,206837.09
2014-06-20,9.4,9.64,9.4,9.59,78078.12
2014-06-23,9.6,9.67,9.52,9.53,76525.76
2014-06-24,9.53,9.62,9.52,9.6,52368.41
2014-06-25,9.62,9.63,9.54,9.61,58422.37
2014-06-26,9.62,9.65,9.58,9.64,54026.48
2014-06-27,9.62,9.65,9.54,9.59,64798.89
2014-06-30,9.61,9.78,9.56,9.72,98901.8
2014-07-01,9.73,9.75,9.66,9.71,47925.25
2014-07-02,9.75,9.75,9.59,9.67,92420.34
2014-07-03,9.66,9.77,9.59,9.71,66490.81
2014-07-04,9.71,9.74,9.65,9.66,40182.84
2014-07-07,9.66,9.66,9.49,9.51,82084.17
2014-07-08,9.52,9.53,9.43,9.46,69686.02
2014-07-09,9.45,9.45,9.18,9.19,159211.09
2014-07-10,9.19,9.28,9.1,9.23,114896.57
2014-07-11,9.23,9.35,9.17,9.3,83973.13
2014-07-14,9.29,9.33,9.16,9.3,130252.55
2014-07-15,9.28,9.53,9.26,9.48,172987.47
2014-07-16,9.52,9.55,9.44,9.48,108882.65
2014-07-17,9.55,9.55,9.31,9.35,55221.21
2014-07-18,9.39,9.51,9.32,9.43,113984.27
2014-07-21,9.48,9.82,9.4,9.77,182545.53
2014-07-22,9.75,9.97,9.68,9.84,199671.8
2014-07-23,9.81,10.08,9.72,9.91,224649.1
2014-07-24,9.93,10.57,9.93,10.46,387689.33
2014-07-25,10.46,10.68,10.31,10.52,190532.66
2014-07-28,10.59,10.8,10.56,10.62,276428.18
2014-07-29,10.63,10.81,10.54,10.64,136918.66
2014-07-30,10.62,10.76,10.55,10.71,117446.52
2014-07-31,10.78,11.16,10.68,11.14,175278.49
2014-08-01,11.06,11.1,10.88,10.89,176464.51
2014-08-04,10.84,11.07,10.84,11.02,129340.51
2014-08-05,11.02,11.02,10.73,10.85,104732.27
2014-08-06,10.77,10.78,10.51,10.6,199244.09
2014-08-07,10.59,10.7,10.55,10.6,132105.78
2014-08-08,10.6,10.86,10.56,10.73,141810.05
2014-08-11,10.74,10.88,10.71,10.84,164455.43
2014-08-12,10.8,11.07,10.79,11.0,173558.58
2014-08-13,11.0,11.03,10.61,10.82,151612.03
2014-08-14,10.76,10.94,10.65,10.8,110123.35
2014-08-15,10.82,11.0,10.75,10.93,101467.77
2014-08-18,10.93,10.99,10.77,10.89,156862.39
2014-08-19,10.87,10.91,10.78,10.85,110723.26
2014-08-20,10.84,10.91,10.78,10.83,101558.62
2014-08-21,10.83,10.86,10.61,10.77,103469.06
2014-08-22,10.76,10.84,10.58,10.68,92645.58
2014-08-25,10.62,10.7,10.53,10.58,114552.7
2014-08-26,10.48,10.5,10.26,10.31,232289.29
2014-08-27,10.31,10.39,10.27,10.36,78870.26
2014-08-28,10.44,10.53,10.32,10.43,128976.55
2014-08-29,10.49,10.71,10.42,10.69,94073.59
2014-09-01,10.61,10.69,10.54,10.63,95909.27
2014-09-02,10.62,10.82,10.62,10.78,111898.61
2014-09-03,10.8,10.91,10.78,10.87,135533.74
2014-09-04,10.86,11.09,10.8,11.04,150716.51
2014-09-05,11.09,11.52,11.09,11.28,228131.29
2014-09-09,11.36,11.49,11.23,11.25,128152.76
2014-09-10,11.22,11.36,11.13,11.28,135362.87
2014-09-11,11.26,11.43,11.09,11.31,130894.08
2014-09-12,11.26,11.6,11.18,11.34,159048.86
2014-09-15,11.25,11.32,11.03,11.11,166361.84
2014-09-16,11.13,11.19,10.87,10.9,131547.5
2014-09-17,10.96,11.03,10.87,10.96,106446.72
2014-09-18,10.91,11.05,10.91,10.96,86308.93
2014-09-19,10.96,11.12,10.94,11.05,73207.87
2014-09-22,11.05,11.07,10.8,10.89,115561.98
2014-09-23,10.84,11.09,10.74,11.0,77202.32
2014-09-24,10.94,11.16,10.84,11.11,122314.33
2014-09-25,11.15,11.21,11.0,11.03,112510.65
2014-09-26,11.03,11.08,10.82,10.93,81360.05
2014-09-29,10.99,11.03,10.84,10.98,103338.5
2014-09-30,11.02,11.13,10.97,11.1,89974.02
2014-10-08,11.16,11.59,11.11,11.51,219777.31
2014-10-09,11.51,11.61,11.34,11.51,132354.02
2014-10-10,11.41,11.61,11.36,11.46,114501.14
2014-10-13,11.39,11.41,11.09,11.29,102833.8
2014-10-14,11.25,11.43,11.19,11.36,117472.1
2014-10-15,11.26,11.93,11.25,11.81,316364.96
2014-10-16,11.78,12.25,11.64,11.89,252758.58
2014-10-17,11.72,11.79,11.41,11.62,199996.69
2014-10-20,11.68,11.89,11.45,11.52,176525.82
2014-10-21,11.53,11.57,11.18,11.3,195374.11
2014-10-22,11.3,11.4,11.07,11.08,129899.77
2014-10-23,11.06,11.19,10.77,10.9,148444.63
2014-10-24,10.9,10.96,10.72,10.78,117225.83
2014-10-27,10.77,10.96,10.75,10.87,63342.37
2014-10-28,10.9,11.25,10.87,11.14,203988.41
2014-10-29,11.18,11.23,11.05,11.19,108234.83
2014-10-30,11.23,11.27,10.99,11.02,149820.78
2014-10-31,11.14,11.45,11.04,11.43,245483.08
2014-11-03,11.43,11.64,11.35,11.53,214929.47
2014-11-04,11.41,11.54,11.41,11.46,107765.97
2014-11-05,11.48,11.77,11.48,11.68,185610.96
2014-11-06,11.68,11.7,11.36,11.5,153593.33
2014-11-07,11.5,11.62,11.4,11.52,116416.38
2014-11-10,11.67,11.91,11.54,11.75,188784.04
2014-11-11,11.75,11.9,11.29,11.5,259102.67
2014-11-12,11.45,11.57,11.36,11.48,105649.89
2014-11-13,11.46,11.47,11.06,11.11,169331.45
2014-11-14,11.16,11.45,11.16,11.37,137730.49
2014-11-17,11.37,11.46,11.21,11.35,121206.31
2014-11-18,11.35,11.43,11.21,11.41,90985.43
2014-11-19,11.41,11.41,11.22,11.3,70402.67
2014-11-20,11.22,11.32,11.17,11.27,48285.65
2014-11-21,11.28,11.32,11.15,11.3,96923.27
2014-11-24,11.48,11.59,11.39,11.56,303451.01
2014-11-25,11.57,11.8,11.46,11.7,195294.22
2014-11-26,11.7,11.8,11.48,11.64,154397.27
2014-11-27,11.66,11.82,11.55,11.71,169419.25
2014-11-28,11.72,11.72,11.27,11.43,361953.78
2014-12-01,11.39,11.77,11.28,11.52,266629.05
2014-12-02,11.5,11.7,11.41,11.61,285875.68
2014-12-03,11.6,12.23,11.59,11.8,538478.01
2014-12-04,11.85,12.5,11.85,12.35,712569.37
2014-12-05,12.54,12.76,12.04,12.39,562009.04
2014-12-08,12.31,13.06,12.2,13.0,520096.27
2014-12-09,12.96,14.03,12.79,12.95,744535.78
2014-12-10,13.12,13.58,12.95,13.49,494581.56
2014-12-11,13.52,13.88,12.98,13.2,388749.56
2014-12-12,13.1,13.37,12.69,12.93,281595.74
2014-12-15,12.93,13.39,12.8,13.29,296045.38
2014-12-16,13.26,13.56,12.94,13.23,288902.53
2014-12-17,13.21,13.21,12.7,12.86,367741.59
2014-12-18,12.9,13.0,12.66,12.96,261776.93
2014-12-19,12.95,14.16,12.79,14.04,602122.08
2014-12-22,14.11,14.81,13.7,14.34,629609.98
2014-12-23,14.16,14.75,13.66,14.13,327631.17
2014-12-24,14.11,14.34,13.54,13.88,310131.86
2014-12-25,13.91,14.81,13.82,14.41,397931.57
2014-12-26,14.41,14.81,14.33,14.63,341831.02
2014-12-29,14.66,15.18,14.33,14.44,391678.82
2014-12-30,14.52,14.52,13.58,13.73,350845.89
2014-12-31,13.67,14.03,13.45,13.97,376068.97
2015-01-05,13.97,15.24,13.96,15.09,665253.25
2015-01-06,14.98,15.93,14.82,15.34,546233.16
2015-01-07,15.53,16.18,15.13,15.43,607734.08
2015-01-08,15.65,15.9,15.11,15.57,433778.1
2015-01-09,15.39,15.9,14.94,15.16,567608.27
2015-01-12,14.88,15.74,14.73,15.63,445452.11
2015-01-13,15.71,16.02,15.48,15.8,307004.09
2015-01-14,15.75,15.88,14.91,15.13,293470.31
2015-01-15,15.09,15.12,14.72,15.08,305893.67
2015-01-16,15.17,15.55,15.06,15.49,281537.45
2015-01-19,14.79,15.07,13.94,13.94,659659.77
2015-01-20,14.12,14.74,13.95,14.37,417134.92
2015-01-21,14.36,14.72,14.18,14.61,475559.92
2015-01-22,14.67,14.7,14.37,14.58,319514.26
2015-01-23,14.59,15.11,14.55,14.69,341312.97
2015-01-26,14.71,14.74,14.04,14.5,428666.99
2015-01-27,14.45,14.55,13.88,14.17,354112.43
2015-01-28,14.07,14.3,13.79,14.27,449799.97
2015-01-29,14.0,14.22,13.95,14.11,174096.55
2015-01-30,14.14,14.25,13.89,13.93,168980.84
2015-02-02,13.74,13.88,13.5,13.53,206480.42
2015-02-03,13.59,14.14,13.59,14.04,236779.66
2015-02-04,14.07,14.3,13.69,13.73,213854.69
2015-02-05,13.94,14.01,13.45,13.55,248832.25
2015-02-06,13.54,13.61,12.89,13.04,293245.2
2015-02-09,13.0,13.25,12.95,13.16,141637.35
2015-02-10,13.18,13.57,13.12,13.45,175788.93
2015-02-11,13.54,13.57,13.3,13.35,113217.26
2015-02-12,13.37,13.75,13.31,13.74,157392.92
2015-02-13,13.74,14.16,13.7,13.86,255363.76
2015-02-16,13.86,14.01,13.7,13.89,172832.03
2015-02-17,13.92,13.98,13.77,13.8,157529.04
2015-02-25,13.85,13.85,13.49,13.56,198764.11
2015-02-26,13.55,13.8,13.48,13.8,223965.65
2015-02-27,13.8,14.13,13.8,14.03,229102.59
2015-03-02,14.29,14.75,14.06,14.67,425293.69
2015-03-03,14.55,14.89,14.29,14.3,359552.63
2015-03-04,14.36,14.45,14.18,14.4,253309.02
2015-03-05,14.34,14.34,13.97,14.13,239467.87
2015-03-06,14.13,14.55,14.04,14.36,231376.76
2015-03-09,14.33,14.43,14.04,14.34,244605.17
2015-03-10,14.31,14.59,14.31,14.39,190148.74
2015-03-11,14.36,14.77,14.33,14.73,326782.5
2015-03-12,14.75,14.84,14.49,14.63,213427.86
2015-03-13,14.61,14.75,14.3,14.38,210492.14
2015-03-16,14.43,14.64,14.36,14.63,324774.71
2015-03-17,14.35,14.35,14.03,14.33,737816.16
2015-03-18,14.3,14.68,14.23,14.65,584817.18
2015-03-19,14.72,14.85,14.54,14.81,503339.7
2015-03-20,14.88,15.04,14.63,14.77,484794.85
2015-03-23,14.84,14.88,14.55,14.79,602957.27
2015-03-24,14.79,14.79,14.36,14.45,644671.16
2015-03-25,14.39,14.55,14.29,14.41,443295.18
2015-03-26,14.36,14.7,14.2,14.64,481043.01
2015-03-27,14.7,14.73,14.3,14.42,426845.03
2015-03-30,14.46,15.42,14.36,15.34,989316.79
2015-03-31,15.26,15.77,15.14,15.47,833811.69
2015-04-01,15.39,15.66,15.31,15.5,476291.18
2015-04-02,15.52,15.7,15.26,15.47,464251.1
2015-04-03,15.42,15.63,15.26,15.61,492583.13
2015-04-07,15.68,16.32,15.67,16.18,606916.35
2015-04-08,16.29,16.31,15.47,15.82,572554.63
2015-04-09,15.77,15.77,15.06,15.41,457476.51
2015-04-10,14.9,15.59,14.76,15.53,711139.26
2015-04-13,15.5,16.23,15.26,16.13,736174.68
2015-04-14,16.03,16.47,15.91,16.32,639092.85
2015-04-15,16.3,16.8,15.94,16.47,541937.74
2015-04-16,16.35,17.02,16.11,16.88,433587.1
2015-04-17,16.93,17.1,16.56,16.88,573333.92
2015-04-20,16.82,16.82,16.09,16.18,534239.32
2015-04-21,16.16,16.6,16.09,16.59,326400.1
2015-04-22,16.62,16.95,16.48,16.84,360916.4
2015-04-23,16.88,17.36,16.72,17.17,422702.99
2015-04-24,16.75,17.2,16.54,16.93,379545.45
2015-04-27,16.9,17.31,16.9,17.1,367427.91
2015-04-28,16.9,16.99,15.91,16.1,442251.62
2015-04-29,16.1,16.33,15.97,16.07,252664.35
2015-04-30,16.1,16.23,15.83,15.87,294772.45
2015-05-04,15.9,16.56,15.84,16.49,307070.26
2015-05-05,16.49,16.5,15.59,15.83,246396.23
2015-05-06,16.13,16.13,15.27,15.38,266336.49
2015-05-07,15.34,15.48,15.26,15.31,178784.85
2015-05-08,15.26,15.52,15.22,15.48,185558.49
2015-05-11,15.53,15.82,15.34,15.75,307994.0
2015-05-12,15.77,15.91,15.61,15.82,241486.54
2015-05-13,15.68,16.52,15.63,16.02,416646.04
2015-05-14,16.02,16.09,15.83,15.85,201221.83
2015-05-15,15.85,15.85,15.28,15.38,243328.18
2015-05-18,15.29,15.76,14.98,15.66,284106.69
2015-05-19,15.59,15.98,15.5,15.81,287747.52
2015-05-20,15.95,16.13,15.71,15.74,278924.34
2015-05-21,15.77,15.93,15.54,15.85,250898.99
2015-05-22,15.97,16.51,15.91,16.49,382401.13
2015-05-25,16.59,18.11,16.57,17.83,560029.67
2015-05-26,17.84,18.13,17.5,18.06,448195.11
2015-05-27,18.06,19.23,17.59,18.47,416991.74
2015-05-28,18.66,18.76,16.94,16.98,336920.48
2015-05-29,16.97,17.98,16.09,17.46,388354.12
2015-06-01,17.5,18.43,17.17,18.25,380868.49
2015-06-02,18.26,18.66,17.99,18.38,311851.15
2015-06-03,18.39,19.04,17.91,18.49,284249.07
2015-06-04,18.49,18.89,17.12,18.87,360643.98
2015-06-05,19.04,19.28,18.34,18.92,376647.0
2015-06-08,18.82,18.82,17.57,18.63,352723.15
2015-06-09,18.4,18.62,18.13,18.28,208529.26
2015-06-10,18.04,18.48,17.89,18.27,258807.63
2015-06-11,18.16,18.34,17.59,18.02,318702.24
2015-06-12,18.05,18.27,17.87,18.03,387011.77
2015-06-15,18.11,18.34,17.63,17.71,315057.53
2015-06-16,17.49,17.49,16.72,17.11,344934.06
2015-06-17,17.11,17.74,16.84,17.62,244678.77
2015-06-18,17.49,17.96,16.98,17.1,236936.39
2015-06-19,16.74,17.66,16.33,16.37,261051.69
2015-06-23,16.41,16.77,15.02,16.44,283324.71
2015-06-24,16.52,17.31,16.21,17.25,317960.67
2015-06-25,17.53,17.58,16.33,16.44,276263.7
2015-06-26,16.13,16.28,14.79,14.79,298008.73
2015-06-29,15.27,15.75,13.35,14.71,345288.13
2015-06-30,14.88,15.78,14.42,15.67,307725.52
2015-07-01,15.35,16.0,14.75,14.82,276526.51
2015-07-02,14.97,15.03,13.53,13.96,294167.99
2015-07-03,13.96,14.42,12.63,13.81,343547.74
2015-07-06,15.19,15.19,12.96,13.86,366643.23
2015-07-07,13.54,13.79,12.69,13.28,469948.53
2015-07-08,11.95,12.18,11.95,11.95,397129.17
2015-07-09,11.95,13.15,10.95,13.15,542546.27
2015-07-10,13.42,14.47,12.97,14.47,641355.9
2015-07-13,14.38,15.61,13.91,14.88,516101.85
2015-07-14,14.29,14.64,13.42,13.58,516455.42
2015-07-15,13.28,13.53,12.22,12.22,301525.53
2015-07-16,12.22,13.15,12.22,12.82,247083.43
2015-07-17,12.86,13.46,12.58,13.37,287201.39
2015-07-20,13.32,13.72,13.02,13.29,271868.12
2015-07-21,13.09,13.58,12.97,13.47,238943.97
2015-07-22,13.44,13.8,13.19,13.74,316122.62
2015-07-23,13.79,14.11,13.61,14.02,282237.12
2015-07-24,13.88,14.72,13.81,14.22,525953.24
2015-07-27,13.9,14.25,12.8,12.8,349854.02
2015-07-28,12.45,13.13,11.99,12.95,442937.51
2015-07-29,13.02,13.46,12.69,13.41,215183.9
2015-07-30,13.36,13.44,12.87,12.97,260070.67
2015-07-31,12.84,13.41,12.77,13.33,258689.91
2015-08-03,13.15,14.11,13.07,14.09,360628.63
2015-08-04,14.12,14.39,13.61,14.35,262651.54
2015-08-05,14.24,14.69,14.13,14.26,286500.34
2015-08-06,13.94,14.57,13.88,14.13,214721.19
2015-08-07,14.16,14.6,14.16,14.47,178928.1
2015-08-10,14.78,15.14,14.5,15.04,259673.72
2015-08-11,15.02,15.1,14.71,14.8,186228.44
2015-08-12,14.77,14.93,14.2,14.33,216312.51
2015-08-13,14.18,14.5,13.94,14.49,196534.51
2015-08-14,14.63,14.64,14.22,14.34,192661.95
2015-08-17,14.34,14.57,14.06,14.56,215600.04
2015-08-18,14.59,14.9,13.1,13.24,285047.86
2015-08-19,13.17,13.98,12.76,13.91,243237.4
2015-08-20,13.67,13.68,13.16,13.22,187186.03
2015-08-21,13.21,13.37,12.39,12.53,198135.58
2015-08-24,12.08,12.08,11.28,11.29,288164.44
2015-08-25,10.69,11.27,10.17,10.2,342026.27
2015-08-26,10.5,11.16,10.19,10.55,233268.11
2015-08-27,10.88,11.33,10.56,11.29,205818.61
2015-08-28,11.47,11.97,11.3,11.88,231739.65
2015-08-31,11.66,12.08,11.18,12.05,213801.57
2015-09-01,11.7,12.31,11.34,12.21,360425.59
2015-09-02,11.53,12.51,11.35,12.34,303003.6
2015-09-07,12.25,12.68,11.73,11.75,173696.2
2015-09-08,11.68,12.26,11.59,12.24,115608.72
2015-09-09,12.28,12.52,12.18,12.4,161853.7
2015-09-10,12.25,12.25,11.87,11.99,91799.69
2015-09-11,11.99,12.1,11.68,11.78,75069.89
2015-09-14,11.84,11.99,11.2,11.84,150237.3
2015-09-15,11.6,11.66,11.1,11.46,79127.6
2015-09-16,11.39,12.43,11.12,12.22,95756.27
2015-09-17,11.99,12.28,11.59,11.62,114874.37
2015-09-18,11.72,11.8,11.26,11.54,73924.76
2015-09-21,11.46,11.69,11.27,11.56,116709.34
2015-09-22,11.57,11.68,11.37,11.51,105260.72
2015-09-23,11.35,11.4,10.94,11.02,132277.62
2015-09-24,11.08,11.2,10.95,10.96,69760.7
2015-09-25,10.97,11.1,10.5,10.57,114362.21
2015-09-28,10.67,10.69,10.44,10.66,91457.13
2015-09-29,10.46,10.55,10.09,10.41,140228.69
2015-09-30,10.41,10.46,10.26,10.33,79038.82
2015-10-08,10.69,10.83,10.56,10.74,170178.66
2015-10-09,10.74,10.76,10.59,10.68,180776.5
2015-10-12,10.77,11.36,10.73,11.33,484046.0
2015-10-13,11.21,11.52,11.18,11.51,270455.1
2015-10-14,11.4,11.51,11.18,11.25,185294.34
2015-10-15,11.21,11.5,11.13,11.48,224185.45
2015-10-16,11.55,11.73,11.33,11.56,187804.22
2015-10-19,11.61,11.76,11.44,11.63,178611.97
2015-10-20,11.66,11.8,11.5,11.74,156127.3
2015-10-21,11.76,11.79,11.02,11.04,205022.6
2015-10-22,11.02,11.31,10.95,11.24,112506.21
2015-10-23,11.4,12.3,11.35,11.95,318704.86
2015-10-26,12.08,12.43,11.79,12.01,328383.9
2015-10-27,11.78,12.41,11.49,12.19,246993.83
2015-10-28,12.14,12.58,12.03,12.19,203768.6
2015-10-29,12.27,12.29,11.84,12.15,104505.92
2015-10-30,12.17,12.26,11.77,11.99,65846.18
2015-11-02,11.75,11.97,11.53,11.53,129983.72
2015-11-03,11.55,11.7,11.42,11.68,83915.0
2015-11-04,11.63,12.38,11.6,12.32,179605.15
2015-11-17,13.48,13.48,12.13,12.27,502777.81
2015-11-18,12.37,12.37,11.84,12.1,236127.96
2015-11-19,12.14,12.35,11.92,12.31,168203.96
2015-11-20,12.32,12.32,12.03,12.07,149302.08
2015-11-23,12.05,12.05,11.85,11.88,131050.55
2015-11-24,11.86,12.02,11.77,12.0,89197.4
2015-11-25,11.95,12.03,11.79,11.92,111978.71
2015-11-26,11.95,12.15,11.9,12.11,155137.07
2015-11-27,12.04,12.04,11.16,11.25,173292.79
2015-11-30,11.2,11.31,10.78,11.09,135394.52
2015-12-01,11.09,11.23,10.95,11.11,105672.65
2015-12-02,11.12,11.71,11.07,11.66,152765.54
2015-12-03,11.68,11.82,11.55,11.79,88430.63
2015-12-04,11.66,11.69,11.43,11.55,98661.58
2015-12-07,11.53,11.6,11.41,11.56,77180.17
2015-12-08,11.53,11.6,11.16,11.29,114366.45
2015-12-09,11.24,11.39,11.14,11.27,70341.15
2015-12-10,11.26,11.52,11.14,11.46,82264.58
2015-12-11,11.47,11.47,11.16,11.24,58398.66
2015-12-14,11.09,11.5,11.03,11.39,80640.13
2015-12-15,11.36,11.73,11.31,11.65,153473.45
2015-12-16,11.61,11.69,11.51,11.55,74370.25
2015-12-17,11.6,11.83,11.59,11.82,138291.14
2015-12-18,11.72,11.93,11.68,11.79,99314.53
2015-12-21,11.73,12.28,11.66,12.09,179557.39
2015-12-22,12.16,12.16,11.89,11.99,90485.61
2015-12-23,12.06,12.24,11.95,11.99,120677.58
2015-12-24,11.99,12.04,11.62,11.77,79107.8
2015-12-25,11.78,11.95,11.73,11.86,69896.75
2015-12-28,11.88,11.98,11.6,11.64,79178.96
2015-12-29,11.66,11.74,11.31,11.52,133256.42
2015-12-30,11.59,11.59,11.4,11.53,118465.42
2015-12-31,11.51,11.75,11.46,11.57,106646.79
2016-01-04,11.56,11.56,10.89,10.96,58483.0
2016-01-05,10.81,11.11,10.69,10.92,138694.97
2016-01-06,11.02,11.25,10.92,11.24,79773.32
2016-01-07,11.07,11.11,10.47,10.52,33548.0
2016-01-08,10.88,10.99,10.37,10.83,101669.56
2016-01-11,10.74,10.98,9.99,10.17,101938.86
2016-01-12,10.17,10.33,10.0,10.21,109892.21
2016-01-13,10.27,10.32,10.11,10.18,72526.31
2016-01-14,9.99,10.67,9.88,10.5,67908.7
2016-01-15,10.43,10.46,10.14,10.29,56988.98
2016-01-18,10.18,10.43,10.08,10.3,58765.75
2016-01-19,10.24,10.5,10.16,10.48,58005.12
2016-01-20,10.44,10.45,10.16,10.21,54447.27
2016-01-21,10.16,10.24,9.4,9.43,90329.9
2016-01-22,9.56,9.78,9.33,9.62,126373.98
2016-01-25,9.64,9.69,9.52,9.59,37471.02
2016-01-26,9.49,9.49,8.84,8.94,100895.06
2016-01-27,8.94,9.17,8.31,8.97,126012.39
2016-01-28,8.82,8.97,8.53,8.62,63663.06
2016-01-29,8.67,8.93,8.57,8.86,45618.7
2016-02-01,8.85,8.91,8.36,8.56,84017.87
2016-02-02,8.56,8.77,8.42,8.68,108955.48
2016-02-03,8.55,8.55,8.33,8.49,92348.03
2016-02-04,8.49,8.79,8.49,8.75,99616.94
2016-02-05,8.77,8.9,8.68,8.88,70105.83
2016-02-15,8.62,8.84,8.49,8.77,38213.9
2016-02-16,8.79,9.06,8.74,9.03,87291.3
2016-02-17,9.03,9.08,8.9,9.06,61262.0
2016-02-18,9.1,9.29,8.9,8.92,104226.7
2016-02-19,8.89,9.05,8.79,9.03,60443.02
2016-02-22,9.09,9.2,9.01,9.14,130442.51
2016-02-23,9.17,9.32,8.97,9.11,124583.9
2016-02-24,9.02,9.23,8.99,9.22,75067.81
2016-02-25,9.14,9.21,8.43,8.46,96256.5
2016-02-26,8.55,8.6,8.33,8.52,57918.9
2016-02-29,8.55,8.55,7.78,8.35,88983.98
2016-03-01,8.34,8.65,8.18,8.62,93831.4
2016-03-02,8.65,9.36,8.63,9.27,175779.29
2016-03-03,9.27,10.13,9.27,9.58,236409.68
2016-03-04,9.7,9.72,9.41,9.62,180050.08
2016-03-07,9.69,9.81,9.34,9.56,97694.38
2016-03-08,9.46,9.57,9.16,9.57,90166.46
2016-03-09,9.33,9.42,8.9,9.26,132283.35
2016-03-10,9.14,9.24,8.86,8.88,76426.56
2016-03-11,8.9,8.99,8.81,8.88,48215.38
2016-03-14,8.96,9.27,8.96,9.2,56538.94
2016-03-15,9.14,9.52,8.94,9.48,104991.61
2016-03-16,9.38,9.69,9.3,9.6,126569.25
2016-03-17,9.54,9.72,9.5,9.62,64020.37
2016-03-18,9.65,9.91,9.58,9.71,200693.88
2016-03-21,9.84,9.87,9.46,9.7,203435.33
2016-03-22,9.57,9.64,9.43,9.45,149618.13
2016-03-23,9.45,9.6,9.43,9.52,102666.11
2016-03-24,9.45,9.45,9.23,9.23,121009.69
2016-03-25,9.29,9.38,9.23,9.36,60814.28
2016-03-28,9.43,9.62,9.33,9.4,85203.16
2016-03-29,9.45,9.46,9.14,9.19,75687.79
2016-03-30,9.32,9.56,9.26,9.55,120419.75
2016-03-31,9.59,9.71,9.51,9.56,151947.16
2016-04-01,9.56,9.82,9.46,9.81,152006.76
2016-04-05,9.85,10.21,9.85,10.1,238502.41
2016-04-06,9.97,10.07,9.83,9.94,132896.82
2016-04-07,9.95,9.96,9.65,9.69,124601.15
2016-04-08,9.56,9.76,9.54,9.71,85397.15
2016-04-11,9.76,10.04,9.76,9.84,124071.24
2016-04-12,9.83,10.04,9.78,10.02,155852.84
2016-04-13,10.03,10.6,10.03,10.41,343694.52
2016-04-14,10.44,10.49,10.24,10.39,116207.64
2016-04-15,10.45,10.81,10.41,10.54,174103.61
2016-04-18,10.37,10.39,10.22,10.26,111288.85
2016-04-19,10.28,10.54,10.27,10.44,84880.6
2016-04-20,10.5,10.8,10.05,10.79,254022.42
2016-04-21,10.66,11.13,10.63,10.87,240643.37
2016-04-22,10.66,10.95,10.37,10.79,107862.08
2016-04-25,10.74,10.77,10.41,10.56,79141.99
2016-04-26,10.62,11.02,10.49,10.78,90300.06
2016-04-27,10.74,10.77,10.42,10.48,88410.01
2016-04-28,10.49,10.72,10.43,10.71,79059.05
2016-04-29,10.59,10.75,10.47,10.57,58548.49
2016-05-03,10.6,10.85,10.5,10.58,173081.95
2016-05-04,10.59,10.59,10.26,10.45,146840.77
2016-05-05,10.39,10.45,10.27,10.33,77206.97
2016-05-06,10.37,10.48,9.93,9.97,105108.55
2016-05-09,9.95,10.08,9.32,9.59,131440.88
2016-05-10,9.57,9.72,9.36,9.37,115002.81
2016-05-11,9.46,9.63,9.42,9.5,95076.94
2016-05-12,9.41,9.7,9.28,9.67,76267.5
2016-05-13,9.58,9.95,9.58,9.8,131414.81
2016-05-16,9.9,9.9,9.67,9.84,95622.29
2016-05-17,9.72,10.33,9.72,10.15,140268.13
2016-05-18,10.04,10.09,9.76,10.06,87746.24
2016-05-19,9.97,10.1,9.88,9.93,43527.2
2016-05-20,9.89,10.01,9.78,9.91,46572.13
2016-05-23,9.82,9.99,9.82,9.94,34026.62
2016-05-24,10.0,10.09,9.9,9.96,51501.38
2016-05-25,10.0,10.21,10.0,10.06,68390.93
2016-05-26,10.07,10.14,9.71,9.93,74013.78
2016-05-27,9.9,10.03,9.81,9.94,51364.86
2016-05-30,9.91,10.3,9.73,10.21,87921.85
2016-05-31,10.21,10.49,10.21,10.43,152597.22
2016-06-01,10.41,10.73,10.4,10.55,123119.58
2016-06-02,10.5,10.65,10.47,10.55,59408.59
2016-06-03,10.61,10.75,10.46,10.68,82477.57
2016-06-06,10.66,10.67,10.49,10.5,60401.37
2016-06-07,10.5,10.64,10.49,10.62,67682.81
2016-06-08,10.62,10.87,10.49,10.85,88527.18
2016-06-13,10.85,10.85,10.31,10.49,86050.72
2016-06-14,10.37,10.74,10.36,10.73,109472.8
2016-06-15,10.8,11.57,10.8,11.5,202156.86
2016-06-16,11.49,12.02,11.3,11.33,279765.24
2016-06-17,11.38,11.93,11.36,11.82,145685.98
2016-06-20,11.8,12.07,11.48,11.61,143981.98
2016-06-21,11.72,11.87,11.58,11.63,86628.53
2016-06-22,11.65,11.97,11.51,11.91,70640.09
2016-06-23,11.82,12.03,11.73,11.81,67570.4
2016-06-24,11.8,11.8,11.28,11.51,112670.92
2016-06-27,11.42,11.8,11.42,11.71,62110.93
2016-06-28,11.61,11.61,11.34,11.51,102629.89
2016-06-29,11.51,11.59,11.21,11.34,106392.27
2016-06-30,11.4,11.46,11.3,11.34,68325.6
2016-07-01,11.36,11.55,11.32,11.5,61831.65
2016-07-04,11.46,11.91,11.43,11.74,110026.29
2016-07-05,11.74,11.81,11.61,11.78,55103.7
2016-07-06,11.78,11.78,11.61,11.71,68975.1
2016-07-07,11.67,11.78,11.28,11.56,73822.62
2016-07-08,11.48,11.51,11.25,11.31,106061.54
2016-07-11,11.36,11.51,11.26,11.42,57993.83
2016-07-12,11.38,11.71,11.3,11.69,67347.87
2016-07-13,11.78,12.26,11.75,11.91,165502.05
2016-07-14,12.12,12.12,11.81,11.93,46904.41
2016-07-15,11.96,11.96,11.67,11.76,52507.78
2016-07-18,11.7,12.11,11.61,11.99,92850.75
2016-07-19,11.95,12.16,11.73,11.89,55255.44
2016-07-20,11.91,11.93,11.79,11.88,44588.66
2016-07-21,11.87,12.08,11.86,11.88,75045.07
2016-07-22,11.94,12.07,11.84,11.95,66567.05
2016-07-25,11.84,11.99,11.83,11.86,31622.33
2016-07-26,11.87,12.23,11.84,12.19,75079.25
2016-07-27,12.13,12.31,11.71,11.94,139820.32
2016-07-28,11.91,12.71,11.86,12.66,154620.54
2016-07-29,12.49,12.8,12.46,12.52,169632.54
2016-08-01,12.51,12.51,11.97,12.08,133013.87
2016-08-02,12.33,13.0,12.33,12.91,305254.8
2016-08-03,12.85,12.9,12.66,12.83,187616.07
2016-08-04,12.83,13.02,12.6,12.92,113131.16
2016-08-05,12.92,13.02,12.75,12.77,60058.77
2016-08-08,12.66,12.96,12.58,12.81,82001.52
2016-08-09,12.85,13.57,12.72,13.46,195198.11
2016-08-10,13.44,13.44,13.15,13.23,72062.78
2016-08-11,13.25,13.48,13.08,13.1,100184.28
2016-08-12,13.18,13.29,13.02,13.19,88420.11
2016-08-15,13.17,13.44,13.15,13.27,126952.19
2016-08-16,13.26,13.35,12.86,13.04,161304.56
2016-08-17,12.97,13.17,12.8,13.12,124428.2
2016-08-18,13.04,13.08,12.72,12.86,133330.81
2016-08-19,12.72,12.86,12.72,12.76,71883.95
2016-08-22,12.76,12.9,12.74,12.83,54829.74
2016-08-23,12.81,12.91,12.8,12.87,60700.46
2016-08-24,12.92,12.92,12.7,12.85,62157.75
2016-08-25,12.81,12.81,12.43,12.57,93020.24
2016-08-26,12.62,12.77,12.54,12.7,37270.9
2016-08-29,12.7,13.19,12.58,13.08,103687.18
2016-08-30,13.02,13.48,13.02,13.38,130883.09
2016-08-31,13.4,13.43,13.15,13.39,53698.63
2016-09-01,13.39,13.55,13.22,13.23,63189.34
2016-09-02,13.17,13.33,13.05,13.11,45549.99
2016-09-05,13.19,13.5,13.1,13.21,53065.27
2016-09-06,13.22,13.39,13.14,13.36,56074.31
2016-09-07,13.46,13.95,13.38,13.69,134866.94
2016-09-08,13.7,13.74,13.38,13.51,114884.82
2016-09-09,13.45,13.58,13.27,13.28,59132.43
2016-09-12,13.1,13.44,13.0,13.11,87192.35
2016-09-13,13.18,13.3,13.05,13.22,55042.85
2016-09-14,13.17,13.4,13.09,13.25,75444.9
2016-09-19,13.06,13.34,13.06,13.24,57276.54
2016-09-20,13.3,13.48,13.14,13.47,68773.03
2016-09-21,13.19,13.22,12.73,12.79,302611.96
2016-09-22,12.9,13.11,12.9,13.02,129436.96
2016-09-23,13.17,13.17,12.79,12.9,96688.42
2016-09-26,12.89,12.9,12.53,12.54,87033.7
2016-09-27,12.48,12.94,12.46,12.91,94753.21
2016-09-28,12.98,13.44,12.93,13.31,203631.97
2016-09-29,13.36,13.67,13.28,13.46,195706.83
2016-09-30,13.41,13.54,13.3,13.48,87316.44
2016-10-10,13.97,14.26,13.62,13.8,246343.93
2016-10-11,13.92,14.35,13.8,14.07,178283.52
2016-10-12,14.24,14.3,13.77,13.84,142342.79
2016-10-13,13.77,13.85,13.61,13.82,115998.62
2016-10-14,13.8,13.92,13.51,13.63,110110.91
2016-10-17,13.69,13.8,13.42,13.5,83780.19
2016-10-18,13.71,14.09,13.66,14.07,159136.57
2016-10-19,14.1,14.14,13.79,13.88,92879.39
2016-10-20,13.84,14.14,13.82,13.97,116124.09
2016-10-21,13.88,14.2,13.87,14.04,96091.97
2016-10-24,14.05,14.2,13.9,14.03,82753.44
2016-10-25,14.04,14.08,13.84,13.93,63339.57
2016-10-26,13.92,13.93,13.64,13.87,93659.44
2016-10-27,13.91,14.18,13.71,14.01,89063.1
2016-10-28,14.05,14.08,13.93,14.03,59759.06
2016-10-31,14.03,14.03,13.61,13.69,113275.06
2016-11-01,13.69,13.79,13.57,13.78,83048.73
2016-11-02,13.71,13.84,13.59,13.63,63244.71
2016-11-03,13.57,13.73,13.53,13.68,69817.38
2016-11-04,13.64,13.7,13.44,13.53,84458.36
2016-11-07,13.5,13.74,13.4,13.71,96817.77
2016-11-08,13.72,13.8,13.61,13.69,90064.12
2016-11-09,13.64,13.72,13.35,13.53,79309.13
2016-11-10,13.65,13.74,13.61,13.68,79021.28
2016-11-11,13.65,13.86,13.65,13.74,66037.0
2016-11-14,13.64,13.78,13.38,13.49,129609.35
2016-11-15,13.48,13.66,13.44,13.63,68908.82
2016-11-16,13.67,13.76,13.51,13.59,62997.34
2016-11-17,13.59,13.62,13.44,13.51,69964.89
2016-11-18,13.51,13.61,13.46,13.48,39369.56
2016-11-21,13.48,13.51,13.2,13.36,131127.08
2016-11-22,13.4,13.63,13.34,13.4,100649.41
2016-11-23,13.42,13.64,13.37,13.57,106852.74
2016-11-24,13.61,13.99,13.57,13.92,172679.12
2016-11-25,13.93,13.96,13.63,13.8,116760.37
2016-11-28,13.9,14.15,13.39,13.66,193687.67
2016-11-29,13.66,13.95,13.6,13.75,184356.36
2016-11-30,13.67,13.86,13.61,13.69,77646.93
2016-12-01,13.69,13.9,13.61,13.69,169264.01
2016-12-02,13.77,13.88,13.63,13.67,142064.29
2016-12-05,13.59,13.67,13.36,13.39,108738.94
2016-12-06,13.4,13.61,13.4,13.59,96738.43
2016-12-07,13.59,13.83,13.46,13.8,64108.54
2016-12-08,13.87,13.9,13.51,13.56,66165.57
2016-12-09,13.56,13.67,13.41,13.5,64209.43
2016-12-12,13.51,13.51,13.04,13.15,110897.18
2016-12-13,13.05,13.27,13.04,13.15,66329.94
2016-12-14,13.15,13.48,13.15,13.28,104943.3
2016-12-15,13.23,13.31,13.1,13.2,83952.67
2016-12-16,13.23,13.41,13.12,13.37,55934.73
2016-12-19,13.41,13.52,13.23,13.38,58450.57
2016-12-20,13.4,13.4,13.25,13.36,51523.62
2016-12-21,13.38,13.99,13.38,13.94,196243.25
2016-12-22,13.95,14.41,13.87,14.18,150448.33
2016-12-23,14.18,14.35,14.11,14.18,115613.38
2016-12-26,14.22,14.53,14.01,14.2,162001.42
2016-12-27,14.16,14.38,14.14,14.21,115649.93
2016-12-28,14.31,14.42,14.11,14.15,88585.1
2016-12-29,14.14,14.21,13.92,13.97,112668.93
2016-12-30,14.02,14.35,14.02,14.12,221126.6
2017-01-03,14.13,15.05,14.13,14.98,273738.6
2017-01-04,14.98,15.57,14.89,15.55,273070.53
2017-01-05,15.55,15.57,15.31,15.39,110848.12
2017-01-06,15.48,15.66,15.21,15.47,137856.04
2017-01-09,15.48,15.84,15.24,15.35,175737.89
2017-01-10,15.44,15.69,15.27,15.46,92921.58
2017-01-11,15.57,15.64,15.31,15.39,77705.52
2017-01-12,15.45,15.63,15.23,15.29,118395.91
2017-01-13,15.27,15.57,14.96,15.42,122569.02
2017-01-16,15.41,15.93,15.35,15.74,326549.26
2017-01-17,15.82,15.82,15.15,15.36,151909.36
2017-01-18,15.48,16.33,15.38,16.16,309523.56
2017-01-19,16.19,16.43,15.93,16.05,161073.69
2017-01-20,16.03,16.24,15.98,16.18,109386.44
2017-01-23,16.32,16.4,16.09,16.22,101074.33
2017-01-24,16.25,16.62,16.13,16.37,181514.62
2017-01-25,16.39,16.39,16.0,16.23,90153.19
2017-01-26,16.26,16.3,15.98,16.02,98448.87
2017-02-03,16.11,16.43,16.0,16.26,91082.32
2017-02-06,16.43,16.46,16.03,16.12,137575.02
2017-02-07,16.12,16.12,15.69,15.79,181086.2
2017-02-08,15.79,15.79,15.47,15.71,182952.27
2017-02-09,15.77,15.9,15.57,15.72,177014.53
2017-02-10,15.74,16.51,15.72,16.49,301249.99
2017-02-13,16.53,16.9,16.46,16.61,214738.48
2017-02-14,16.55,16.61,16.16,16.26,170350.31
2017-02-15,16.37,16.45,16.11,16.12,171770.29
2017-02-16,16.18,17.51,16.18,17.25,416366.34
2017-02-17,17.37,17.43,16.92,17.17,196629.62
2017-02-20,17.28,17.87,17.25,17.36,237860.14
2017-02-21,17.3,17.63,17.3,17.5,154044.81
2017-02-22,17.53,18.21,17.39,17.94,243816.87
2017-02-23,17.93,17.96,17.55,17.68,193723.04
2017-02-24,17.68,17.74,17.32,17.59,164791.61
2017-02-27,17.84,17.97,16.8,16.82,450450.63
2017-02-28,16.93,17.41,16.93,17.19,247540.29
2017-03-01,17.07,17.36,17.04,17.2,157747.8
2017-03-02,17.21,17.73,17.18,17.31,241807.82
2017-03-03,17.16,17.34,17.0,17.32,188494.41
2017-03-06,17.4,17.87,17.38,17.65,243721.87
2017-03-07,17.57,18.12,17.52,17.94,250997.46
2017-03-08,18.08,18.16,17.77,17.88,148359.76
2017-03-09,18.1,18.1,17.3,17.37,325496.5
2017-03-10,17.24,17.61,17.23,17.47,189324.21
2017-03-13,17.33,17.76,17.33,17.54,206678.31
2017-03-14,17.57,17.8,17.56,17.74,226020.12
2017-03-15,17.84,18.05,17.74,17.83,222136.06
2017-03-16,17.8,17.93,17.62,17.82,220343.24
2017-03-17,17.87,18.07,17.69,17.71,210931.92
2017-03-20,17.66,17.71,17.2,17.51,245803.44
2017-03-21,17.52,17.66,17.36,17.65,135249.81
2017-03-22,17.51,17.63,17.2,17.36,181325.07
2017-03-23,17.34,17.51,17.15,17.27,218654.41
2017-03-24,17.21,18.1,17.21,18.06,317574.88
2017-03-27,18.06,18.28,17.7,17.8,270516.8
2017-03-28,17.8,18.0,17.64,17.82,155880.46
2017-03-29,17.83,17.9,17.3,17.38,236132.62
2017-03-30,17.43,17.7,17.1,17.44,166389.19
2017-03-31,17.5,17.8,17.31,17.78,156064.73
2017-04-05,17.79,18.45,17.78,18.33,309457.04
2017-04-06,18.33,18.52,18.13,18.45,148851.42
2017-04-07,18.43,19.18,18.4,18.91,255614.81
2017-04-10,18.96,19.51,18.91,18.95,249974.61
2017-04-11,18.92,19.19,18.49,19.01,236961.49
2017-04-12,19.02,19.26,18.64,18.8,195859.95
2017-04-13,18.73,19.36,18.73,19.21,234075.13
2017-04-14,19.33,19.53,18.96,19.36,203040.85
2017-04-17,19.0,19.21,18.31,18.37,582925.3
2017-04-18,18.39,19.92,18.35,19.67,557018.45
2017-04-19,19.67,19.9,19.41,19.84,333747.95
2017-04-20,19.68,20.91,19.58,20.55,465848.59
2017-04-21,20.48,20.7,19.97,20.11,255533.82
2017-04-24,19.98,20.38,19.46,20.05,262251.65
2017-04-25,20.09,20.18,19.46,19.74,338057.84
2017-04-26,19.74,19.99,19.04,19.07,520132.53
2017-04-27,18.82,18.85,17.92,18.47,638697.33
2017-04-28,18.16,18.43,17.99,18.27,325515.04
2017-05-02,18.3,18.56,17.8,18.54,298467.61
2017-05-03,18.46,18.74,18.39,18.54,243417.9
2017-05-04,18.49,18.52,18.11,18.26,164730.56
2017-05-05,18.0,18.22,17.5,17.51,363056.35
2017-05-08,17.41,18.01,17.33,17.67,211359.67
2017-05-09,17.62,18.07,17.48,17.93,155968.06
2017-05-10,17.95,18.03,17.23,17.38,368382.95
2017-05-11,17.26,17.64,17.11,17.55,237435.64
2017-05-12,17.63,17.95,17.53,17.63,224093.37
2017-05-15,17.65,18.52,17.65,18.34,338526.46
2017-05-16,18.34,18.59,18.03,18.56,258843.17
2017-05-17,18.59,19.2,18.56,18.65,325557.38
2017-05-18,18.59,19.23,18.43,18.98,207626.48
2017-05-19,18.79,18.91,18.45,18.53,218814.53
2017-05-22,18.57,18.88,18.35,18.55,167785.36
2017-05-23,18.51,19.31,18.48,19.15,392429.45
2017-05-24,19.11,19.26,18.83,19.15,237412.35
2017-05-25,19.08,19.41,18.99,19.24,267228.8
2017-05-26,19.13,19.2,18.5,18.51,357849.32
2017-05-31,18.72,18.84,18.51,18.53,158271.93
2017-06-01,18.54,18.62,17.89,18.11,277001.48
2017-06-02,18.1,18.31,18.0,18.18,141678.76
2017-06-05,18.16,18.33,18.07,18.24,112526.26
2017-06-06,18.15,18.29,18.15,18.23,129030.65
2017-06-07,18.31,19.77,18.31,19.58,618689.74
2017-06-08,19.45,19.71,19.38,19.68,429728.8
2017-06-09,19.76,20.13,19.61,19.85,430565.69
2017-06-12,19.85,20.88,19.76,20.56,602220.96
2017-06-13,20.59,20.88,20.33,20.68,341712.54
2017-06-14,20.54,20.66,20.03,20.17,343848.34
2017-06-15,20.12,20.41,19.87,19.96,326980.01
2017-06-16,19.98,20.32,19.76,20.29,322340.61
2017-06-19,20.34,20.54,20.05,20.39,293550.09
2017-06-20,20.41,20.47,20.2,20.36,228152.23
2017-06-21,20.45,21.29,20.35,21.23,536343.25
2017-06-22,21.25,21.73,20.84,20.88,501057.6
2017-06-23,21.0,21.69,20.84,21.66,423612.17
2017-06-26,21.92,22.5,21.92,22.34,651812.11
2017-06-27,22.33,22.7,21.97,22.26,419353.3
2017-06-28,22.16,23.29,22.11,23.22,563816.82
2017-06-29,22.9,23.17,22.72,23.04,448416.33
2017-06-30,22.95,23.69,22.86,22.94,428779.03
2017-07-03,22.95,23.1,22.41,22.66,390975.49
2017-07-04,22.64,22.82,22.29,22.54,374584.5
2017-07-05,22.54,23.02,22.01,22.9,440007.97
2017-07-06,22.83,22.97,22.5,22.94,393002.85
2017-07-07,22.9,23.32,22.82,22.96,389606.56
2017-07-10,23.0,23.18,22.35,22.6,400560.76
2017-07-11,22.66,23.45,22.58,23.23,504520.35
2017-07-12,23.31,23.51,23.0,23.29,384102.74
2017-07-13,23.87,23.92,22.86,22.89,458463.96
2017-07-14,22.86,23.43,22.55,23.42,374612.89
2017-07-17,23.33,24.1,22.76,23.38,685557.62
2017-07-18,23.14,23.91,22.84,23.42,498254.53
2017-07-19,23.52,24.89,23.28,24.77,772450.36
2017-07-20,24.58,25.94,24.51,25.48,825150.91
2017-07-21,25.31,25.89,25.18,25.48,462190.45
2017-07-24,25.31,25.6,24.99,25.28,536736.47
2017-07-25,25.23,25.63,24.91,25.4,380406.09
2017-07-26,25.48,26.43,25.48,25.84,657271.1
2017-07-27,25.63,25.63,24.67,24.87,604893.74
2017-07-28,25.16,25.93,25.03,25.33,448303.61
2017-07-31,25.8,27.77,25.61,27.75,718049.85
2017-08-01,28.04,29.07,27.53,27.61,978599.3
2017-08-02,27.89,28.12,27.28,27.8,565329.99
2017-08-03,27.64,28.26,27.25,27.35,537450.41
2017-08-04,27.28,27.93,26.85,27.46,555815.04
2017-08-07,27.49,27.61,26.67,27.47,472291.42
2017-08-08,27.16,27.85,27.09,27.33,345420.25
2017-08-09,27.25,27.58,26.72,27.23,325625.53
2017-08-10,27.23,27.23,26.75,26.8,296191.5
2017-08-11,26.52,26.64,25.15,25.19,696625.1
2017-08-14,25.2,26.81,25.2,26.69,505209.47
2017-08-15,26.98,28.03,26.79,27.59,586701.24
2017-08-16,27.49,27.77,26.98,27.12,350168.11
2017-08-17,27.24,27.9,27.14,27.65,429892.16
2017-08-18,27.41,27.92,27.09,27.64,416599.8
2017-08-21,27.65,28.12,27.51,27.66,301826.61
2017-08-22,28.28,29.24,28.05,29.12,675662.37
2017-08-23,28.85,29.12,28.46,28.65,404707.98
2017-08-24,28.68,29.1,28.32,28.72,370056.68
2017-08-25,28.63,29.06,28.58,28.76,300509.29
2017-08-28,28.71,28.98,28.38,28.59,378514.13
2017-08-29,29.0,29.46,28.38,28.39,410086.38
2017-08-30,28.44,29.1,28.22,28.76,437841.84
2017-08-31,28.84,29.1,28.6,28.86,289032.21
2017-09-01,29.06,30.0,28.95,29.83,547369.64
2017-09-04,29.96,30.39,29.58,29.76,404798.69
2017-09-05,29.9,30.0,29.5,29.79,250045.74
2017-09-06,29.8,31.07,29.8,30.85,492099.69
2017-09-07,31.03,32.62,30.68,31.66,696576.39
2017-09-08,32.04,32.42,31.7,32.15,409484.48
2017-09-11,32.37,32.4,31.09,31.59,620256.54
2017-09-12,32.33,34.26,32.08,33.89,799565.05
2017-09-13,33.65,34.33,33.33,34.15,597026.23
2017-09-14,34.24,34.34,33.49,33.79,452082.23
2017-09-15,34.11,34.29,33.17,33.3,516935.97
2017-09-18,33.05,33.23,32.49,32.82,461001.04
2017-09-19,32.74,33.11,31.56,31.96,557052.67
2017-09-20,32.04,32.75,31.68,32.28,392385.42
2017-09-21,32.09,32.44,31.65,31.68,321095.71
2017-09-22,31.32,31.54,30.92,31.01,381515.07
2017-09-25,31.01,32.24,30.95,32.02,414303.85
2017-09-26,32.12,32.67,31.79,32.38,349678.44
2017-09-27,32.4,32.95,32.09,32.8,308224.54
2017-09-28,33.52,34.31,33.25,33.41,479378.53
2017-09-29,33.57,34.14,33.27,33.77,304287.31
2017-10-09,34.46,34.89,33.99,34.42,403023.53
2017-10-10,34.37,34.99,34.31,34.83,401886.82
2017-10-11,34.77,34.97,33.09,33.17,705089.82
2017-10-12,33.15,34.25,32.51,34.2,473248.16
2017-10-13,34.17,34.35,32.88,33.2,497665.53
2017-10-16,32.22,32.22,30.94,31.07,1082719.46
2017-10-17,30.84,31.4,30.68,31.16,389298.06
2017-10-18,31.16,31.28,30.05,30.21,654066.89
2017-10-19,30.43,30.95,30.21,30.43,349324.28
2017-10-20,30.43,31.42,29.87,31.35,475357.01
2017-10-23,31.32,31.42,30.88,31.2,274719.44
2017-10-24,31.04,31.44,30.6,30.83,275034.92
2017-10-25,30.98,31.36,30.77,31.24,277959.47
2017-10-26,31.16,32.36,30.95,32.08,579641.29
2017-10-27,31.96,32.27,31.26,31.4,422448.7
2017-10-30,30.92,30.92,29.97,30.11,590961.79
2017-10-31,30.26,30.39,29.06,29.71,577431.15
2017-11-01,29.75,30.16,29.43,29.92,300932.61
2017-11-02,29.76,29.76,28.8,28.82,449645.32
2017-11-03,28.52,29.1,28.2,28.56,372929.1
2017-11-06,28.54,29.88,28.46,29.75,483716.3
2017-11-07,29.72,30.71,29.56,30.19,511149.36
2017-11-08,30.12,30.42,29.92,30.01,299347.6
2017-11-09,30.08,30.39,29.55,29.83,298574.58
2017-11-10,29.85,29.95,28.94,29.43,452940.74
2017-11-13,29.34,32.03,29.23,31.88,942553.43
2017-11-14,32.02,32.75,31.64,32.21,819552.87
2017-11-15,32.0,32.92,31.45,31.78,557632.14
2017-11-16,31.56,33.05,31.55,32.8,635667.63
2017-11-17,32.81,32.97,31.48,31.5,576354.73
2017-11-20,31.48,31.48,29.92,31.31,471545.15
2017-11-21,31.2,32.67,31.15,32.18,500866.42
2017-11-22,32.36,32.52,31.16,31.42,445433.45
2017-11-23,31.44,32.2,31.07,31.09,490475.44
2017-11-24,30.85,31.39,29.84,30.19,451043.28
2017-11-27,30.35,30.96,29.25,29.68,359558.02
2017-11-28,29.64,30.27,29.45,30.15,270905.09
2017-11-29,30.04,31.52,29.57,31.1,529548.26
2017-11-30,31.02,31.44,30.77,30.84,330651.51
2017-12-01,30.84,30.99,30.12,30.14,299426.93
2017-12-04,30.12,30.72,29.5,30.39,269612.76
2018-06-04,33.43,33.43,33.43,33.43,72809.26
2018-06-05,36.77,36.77,35.3,36.77,1710493.69
2018-06-06,36.77,40.12,36.7,37.97,1300374.89
2018-06-07,39.2,40.1,38.7,40.01,925641.11
2018-06-08,40.2,40.33,39.22,39.57,689186.09
2018-06-11,39.52,41.58,39.35,41.12,813592.61
2018-06-12,40.8,41.35,40.27,41.32,590979.99
2018-06-13,41.7,42.12,40.7,41.11,613597.84
2018-06-14,40.87,41.06,39.59,39.83,692316.1
2018-06-15,40.06,40.54,39.62,40.0,447185.51
2018-06-19,39.2,39.68,38.25,39.51,1216030.97
2018-06-20,39.04,39.43,38.53,39.0,396402.72
2018-06-21,39.16,41.27,38.62,40.09,639914.86
2018-06-22,39.83,40.64,39.34,40.57,340929.86
2018-06-25,41.04,41.14,38.15,38.31,549953.89
2018-06-26,37.7,39.31,37.63,38.65,472691.85
2018-06-27,38.81,39.18,37.02,37.42,547672.93
2018-06-28,37.2,37.33,35.79,35.98,527870.01
2018-06-29,36.26,37.94,36.25,37.88,367147.8
2018-07-02,37.53,38.49,36.62,37.15,367010.0
2018-07-03,37.83,37.99,36.06,37.3,336435.58
2018-07-04,37.28,37.51,36.71,37.03,217961.08
2018-07-05,37.03,37.61,36.15,37.56,460557.4
2018-07-06,37.38,37.74,36.4,36.69,370816.39
2018-07-09,36.7,38.25,36.59,38.19,408932.12
2018-07-10,38.2,38.36,37.89,38.32,237140.37
2018-07-11,37.24,37.83,36.94,37.53,264784.45
2018-07-12,37.33,38.75,37.33,38.48,286975.67
2018-07-13,38.62,42.12,38.4,42.1,744072.1
2018-07-16,42.05,42.76,41.37,42.63,492582.06
2018-07-17,42.41,44.19,41.84,43.44,545282.04
2018-07-18,43.53,45.83,43.21,44.37,615974.55
2018-07-19,44.11,44.85,42.43,42.85,566557.78
2018-07-20,42.71,43.25,41.95,42.46,433551.77
2018-07-23,42.43,44.49,42.2,44.46,497101.84
2018-07-24,44.83,45.82,43.73,44.12,506150.62
2018-07-25,44.17,45.33,43.37,43.73,440310.46
2018-07-26,43.98,44.41,43.28,44.17,354176.41
2018-07-27,44.2,44.25,42.13,42.33,358105.07
2018-07-30,42.54,43.86,42.54,43.05,303049.63
2018-07-31,43.46,43.66,42.27,42.51,260268.6
2018-08-01,42.71,44.51,42.69,43.5,479006.9
2018-08-02,43.12,43.35,41.5,42.55,470388.07
2018-08-03,42.46,42.74,40.4,40.46,402246.53
2018-08-06,40.04,40.41,38.79,39.24,382688.58
2018-08-07,39.39,40.76,39.39,40.54,339902.26
2018-08-08,40.12,41.47,39.6,40.51,379865.15
2018-08-09,40.04,41.94,39.86,41.61,314088.48
2018-08-17,41.7,42.66,39.62,39.64,472525.33
2018-08-20,39.34,40.28,38.67,39.62,282239.44
2018-08-21,39.61,40.69,39.53,40.19,204356.58
2018-08-22,40.32,40.98,39.77,40.48,180288.31
2018-08-23,40.48,40.85,39.03,40.02,264130.57
2018-08-24,39.66,40.11,39.37,39.69,123317.09
2018-08-27,39.91,41.5,39.74,41.37,283103.63
2018-08-28,41.29,42.42,41.08,41.94,300543.12
2018-08-29,41.47,41.79,41.02,41.48,210724.03
2018-08-30,41.63,42.74,41.48,41.96,274120.8
2018-08-31,41.7,41.7,40.79,41.12,193063.91
2018-09-03,40.76,40.76,39.44,40.11,282581.15
2018-09-04,40.11,40.33,38.79,39.59,266571.91
2018-09-05,39.62,39.79,38.68,38.69,200496.24
2018-09-06,38.69,38.91,37.29,37.49,296315.14
2018-09-07,37.78,38.56,37.38,37.92,239383.58
2018-09-10,37.6,37.73,36.31,36.42,226615.19
2018-09-11,36.2,36.66,33.45,34.43,555935.88
2018-09-12,34.44,35.07,33.71,34.57,258160.68
2018-09-13,35.1,35.52,34.36,35.03,220142.37
2018-09-14,35.39,35.66,34.86,35.19,177479.18
2018-09-17,35.03,35.03,32.85,33.26,334947.85
2018-09-18,32.53,35.02,32.49,34.71,348459.47
2018-09-19,34.57,35.37,34.21,34.91,279913.4
2018-09-20,34.84,35.97,34.72,35.37,276856.46
2018-09-21,35.54,36.78,34.82,36.42,267117.37
2018-09-25,35.87,36.3,35.7,35.94,151382.86
2018-09-26,36.02,37.53,35.74,37.32,313412.99
2018-09-28,36.19,36.19,34.7,35.42,445877.99
2018-10-08,34.17,34.54,33.34,33.76,255760.23
2018-10-09,33.68,34.03,32.45,32.67,291966.14
2018-10-10,32.76,33.41,32.45,32.72,185924.87
2018-10-11,31.29,32.3,30.45,30.78,383550.17
2018-10-12,31.03,31.82,30.59,31.45,272914.3
2018-10-15,31.7,32.17,31.28,31.34,189611.04
2018-10-16,31.36,32.05,29.19,29.87,385825.58
2018-10-17,30.37,30.49,29.47,30.21,231205.13
2018-10-18,30.02,30.29,29.53,29.69,200595.38
2018-10-19,26.72,26.72,26.72,26.72,188673.0
2018-10-22,26.69,28.11,25.95,27.08,961822.63
2018-10-23,26.69,26.7,24.37,24.42,926176.09
2018-10-24,24.46,25.3,24.45,24.66,446828.65
2018-10-25,23.75,24.34,23.32,24.19,495443.68
2018-10-26,24.44,24.66,24.11,24.19,269447.83
2018-10-29,23.35,23.75,22.42,22.6,454588.4
2018-10-30,22.69,23.5,22.35,23.23,373857.05
2018-10-31,23.44,23.81,23.13,23.62,299491.16
2018-11-01,23.82,24.76,23.66,24.15,419292.77
2018-11-02,24.75,26.57,24.75,26.57,648779.65
2018-11-05,26.28,26.4,25.17,25.71,526401.51
2018-11-06,25.73,25.73,24.95,25.36,254872.6
2018-11-07,25.24,25.96,25.19,25.26,329095.94
2018-11-08,25.68,25.82,24.74,24.88,266141.7
2018-11-09,24.76,24.76,24.25,24.38,206403.78
2018-11-12,24.43,25.05,24.31,25.03,206325.86
2018-11-13,24.66,25.34,24.46,24.99,276909.18
2018-11-14,24.92,25.65,24.69,25.08,279080.33
2018-11-15,25.09,25.31,24.94,25.26,208286.22
2018-11-16,25.36,25.56,24.92,25.31,320841.08
2018-11-19,25.31,26.01,25.29,25.94,301565.07
2018-11-20,25.84,25.84,25.27,25.31,212999.54
2018-11-21,24.9,25.1,24.7,24.98,180153.17
2018-11-22,25.15,25.31,24.86,25.21,144978.92
2018-11-23,25.11,25.11,23.88,23.88,277586.83
2018-11-26,23.84,24.19,23.35,23.48,164870.68
2018-11-27,23.69,23.92,23.18,23.35,158375.3
2018-11-28,23.4,23.64,23.22,23.55,153170.32
2018-11-29,23.59,24.31,23.59,23.68,256001.45
2018-11-30,23.72,24.19,23.6,24.09,191459.31
2018-12-03,25.01,26.29,24.59,25.54,451199.11
2018-12-04,25.48,27.5,25.36,27.47,637518.92
2018-12-05,26.82,28.25,26.78,27.35,601736.33
2018-12-06,26.86,27.26,26.03,26.12,438701.18
2018-12-07,26.42,26.48,25.76,26.02,205159.7
2018-12-10,25.76,26.4,25.67,25.98,193368.05
2018-12-11,26.07,26.21,25.69,26.0,151192.5
2018-12-12,26.27,26.32,25.86,25.97,136650.02
2018-12-13,26.07,27.23,25.92,26.77,368558.12
2018-12-14,26.77,27.01,25.91,25.94,247828.9
2018-12-17,25.86,26.42,25.52,26.16,192638.13
2018-12-18,26.04,26.48,25.87,26.3,168857.12
2018-12-19,26.31,26.35,25.28,25.32,232588.78
2018-12-20,25.27,25.51,24.92,25.04,159889.88
2018-12-21,24.92,24.92,23.96,24.17,245789.61
2018-12-24,24.18,24.78,24.07,24.51,142410.74
2018-12-25,24.17,24.18,23.37,24.01,265117.26
2018-12-26,23.98,24.25,23.62,23.63,137807.75
2018-12-27,24.27,24.4,23.65,23.66,209627.72
2018-12-28,23.84,23.85,22.84,23.35,183366.51
2019-01-02,23.65,23.96,23.45,23.72,222881.21
2019-01-03,23.72,23.8,22.95,22.98,201816.62
2019-01-04,22.63,23.81,22.52,23.73,243695.61
2019-01-07,24.01,24.14,23.63,23.98,192045.9
2019-01-08,23.91,24.14,23.71,24.01,124324.45
2019-01-09,24.16,26.18,24.16,25.66,548600.23
2019-01-10,25.67,25.96,25.35,25.48,261704.09
2019-01-11,25.53,26.33,25.53,25.78,283885.69
2019-01-14,25.82,26.13,25.3,25.97,214904.09
2019-01-15,25.84,27.07,25.74,26.71,345510.49
2019-01-16,26.63,27.19,26.5,26.96,275244.35
2019-01-17,27.03,27.12,26.49,26.5,206484.19
2019-01-18,26.62,26.97,26.45,26.73,255395.37
2019-01-21,26.91,27.78,26.82,27.68,366432.81
2019-01-22,27.57,27.6,27.02,27.09,222640.13
2019-01-23,26.82,27.27,26.82,27.15,128090.42
2019-01-24,27.07,27.22,25.69,26.27,347635.27
2019-01-25,26.27,27.37,26.27,26.97,277550.85
2019-01-28,27.09,27.63,26.56,26.87,273166.81
2019-01-29,26.81,27.4,26.66,27.32,225505.53
2019-01-30,27.52,27.76,26.92,27.07,218610.15
2019-01-31,27.26,27.49,27.04,27.27,204970.09
2019-02-01,27.45,29.07,27.32,28.73,407614.96
2019-02-11,28.59,29.62,28.44,29.43,348500.24
2019-02-12,29.53,30.92,29.26,30.09,423334.62
2019-02-13,30.09,31.49,29.99,31.23,430519.56
2019-02-14,31.19,32.05,31.1,31.57,325434.77
2019-02-15,31.53,31.53,30.37,30.42,444281.49
2019-02-18,30.72,31.98,30.72,31.8,355677.1
2019-02-19,32.4,32.47,31.29,31.63,327731.44
2019-02-20,31.69,31.76,30.79,30.98,291632.93
2019-02-21,31.13,31.68,30.8,31.07,288243.96
2019-02-22,30.86,31.33,30.54,31.28,296661.22
2019-02-25,31.7,33.63,31.7,33.33,725027.28
2019-02-26,33.34,34.76,32.95,33.4,580108.27
2019-02-27,33.36,34.45,33.01,33.37,356751.24
2019-02-28,34.2,35.17,33.38,34.09,429144.08
2019-03-01,34.21,35.27,34.06,35.1,429965.93
2019-03-04,35.22,35.94,34.3,34.66,554813.62
2019-03-05,34.64,34.64,33.78,34.22,399219.8
2019-03-06,34.1,34.59,33.86,34.35,345286.13
2019-03-07,34.12,34.12,32.61,33.01,565642.87
2019-03-08,32.25,32.25,31.27,31.27,547828.86
2019-03-11,31.32,32.61,31.32,32.59,418460.84
2019-03-12,33.07,33.16,31.76,32.34,360420.39
2019-03-13,32.35,32.47,31.62,31.81,257285.67
2019-03-14,31.87,32.43,31.63,32.18,296628.53
2019-03-15,32.27,34.35,32.26,34.22,770041.29
2019-03-18,34.28,35.43,34.03,35.03,654092.45
2019-03-19,35.04,35.78,34.86,35.03,367309.28
2019-03-20,34.96,35.34,34.01,34.42,340455.92
2019-03-21,34.74,34.83,34.09,34.24,249552.06
2019-03-22,34.31,34.91,34.3,34.66,225398.14
2019-03-25,34.06,34.53,33.7,33.72,236765.35
2019-03-26,33.96,35.37,33.78,34.22,428980.83
2019-03-27,34.64,37.52,34.45,37.34,786692.38
2019-03-28,36.7,37.1,35.87,36.45,536218.8
2019-03-29,36.52,38.28,36.38,37.98,553056.18
2019-04-01,38.92,40.77,38.92,39.19,612828.66
2019-04-02,39.61,40.45,39.2,39.66,513679.52
2019-04-03,39.19,39.6,38.58,39.06,400327.12
2019-04-04,39.62,40.7,39.09,39.56,506508.45
2019-04-08,42.63,43.51,41.3,41.95,1138460.35
2019-04-09,41.13,42.74,40.31,41.95,586539.69
2019-04-10,41.36,41.92,40.7,40.95,377102.61
2019-04-11,40.95,41.29,38.91,38.98,516752.36
2019-04-12,38.37,39.62,38.25,38.67,351803.27
2019-04-15,39.37,40.19,38.52,38.55,358936.89
2019-04-16,38.33,39.89,37.98,39.79,328924.04
2019-04-17,39.9,40.27,39.29,39.6,277641.35
2019-04-18,39.42,39.6,39.09,39.1,163108.06
2019-04-19,39.04,39.74,38.74,39.47,181585.21
2019-04-22,39.8,40.47,38.78,38.99,310808.79
2019-04-23,39.2,40.19,38.83,39.87,350179.01
2019-04-24,40.27,40.29,38.52,39.05,280837.03
2019-04-25,38.95,39.33,37.98,37.98,264920.05
2019-04-26,37.85,38.14,36.62,36.69,398975.5
2019-04-29,36.62,38.49,36.58,37.78,389790.57
2019-04-30,37.54,38.61,37.46,37.73,204031.69
2019-05-06,35.87,35.87,33.99,35.45,531062.51
2019-05-07,35.55,36.58,35.24,35.86,305718.25
2019-05-08,35.03,36.17,34.45,35.54,213706.99
2019-05-09,34.93,34.93,33.41,33.65,425197.49
2019-05-10,34.36,35.24,32.79,35.12,436512.83
2019-05-13,34.35,34.56,33.29,33.42,349563.6
2019-05-14,33.11,34.0,32.98,33.52,240928.11
2019-05-15,34.02,34.49,33.68,34.21,263294.41
2019-05-16,33.8,34.21,33.7,34.2,220649.54
2019-05-17,34.36,34.36,33.03,33.21,279770.53
2019-05-20,33.03,33.07,31.7,32.21,341728.59
2019-05-21,32.62,34.2,32.51,33.96,368082.93
2019-05-22,33.51,34.33,33.51,34.11,209573.0
2019-05-23,33.9,33.99,33.2,33.46,180285.55
2019-05-24,33.42,33.83,33.11,33.48,183548.93
2019-05-27,33.36,34.06,32.46,33.84,245844.12
2019-05-28,33.81,34.57,33.53,34.15,221142.6
2019-05-29,34.09,35.01,33.84,34.6,178823.35
2019-05-30,33.36,33.95,33.16,33.81,307888.55
2019-05-31,33.93,34.02,33.18,33.39,166951.22
2019-06-03,33.25,34.01,33.23,33.61,170635.86
2019-06-04,33.66,33.77,32.88,33.56,136831.54
2019-06-05,33.86,34.07,33.37,33.37,107344.79
2019-06-06,33.46,33.62,33.09,33.19,119590.67
2019-06-10,33.19,33.76,33.08,33.59,105294.47
2019-06-11,33.59,35.29,33.48,35.2,301469.28
2019-06-12,34.95,35.46,34.62,34.92,144961.56
2019-06-13,34.94,35.02,34.39,34.74,105226.29
2019-06-14,34.73,34.93,34.02,34.09,146379.18
2019-06-17,34.1,34.28,33.69,33.94,88568.8
2019-06-18,34.03,34.21,33.8,34.15,82494.12
2019-06-19,35.36,35.79,34.72,35.02,291109.13
2019-06-20,34.99,36.66,34.91,36.46,293141.9
2019-06-21,36.48,37.22,36.48,36.85,195105.88
2019-06-24,36.87,37.93,36.77,37.71,198999.43
2019-06-25,37.44,38.1,36.79,37.83,201075.09
2019-06-26,37.47,37.76,37.05,37.26,140909.76
2019-06-27,37.57,38.17,37.38,37.68,155723.89
2019-06-28,37.79,38.3,37.42,37.56,153609.46
2019-07-01,38.45,39.09,38.27,38.54,250584.43
2019-07-02,38.43,38.62,37.9,38.2,146298.12
2019-07-03,38.09,38.4,37.48,37.57,166878.45
2019-07-04,37.7,38.12,37.4,37.62,107270.14
2019-07-05,37.8,38.36,37.47,38.17,135936.4
2019-07-08,37.92,37.97,36.6,36.75,228250.23
2019-07-09,36.79,37.0,36.1,36.63,147240.0
2019-07-10,36.75,37.0,36.12,36.38,90177.11
2019-07-11,36.68,37.18,36.46,36.6,109224.4
2019-07-12,36.72,37.14,36.45,36.96,105482.43
2019-07-15,36.96,37.05,35.99,36.47,115833.44
2019-07-16,36.52,36.86,36.25,36.39,75330.62
2019-07-17,36.46,37.03,36.39,36.69,103544.36
2019-07-18,36.41,36.41,35.64,35.82,139143.55
2019-07-19,35.78,36.28,35.56,35.57,110471.87
2019-07-22,35.57,35.77,34.86,35.36,104410.69
2019-07-23,35.68,36.25,35.3,36.15,114638.74
2019-07-24,36.58,37.74,36.58,37.43,201310.13
2019-07-25,37.45,37.66,37.2,37.47,107148.65
2019-07-26,37.55,38.17,37.48,38.11,176584.0
2019-07-29,38.35,39.13,38.35,38.96,198338.94
2019-07-30,39.04,39.12,38.53,38.61,126074.77
2019-07-31,38.89,39.82,38.44,38.61,187447.27
2019-08-01,38.56,38.96,38.34,38.55,109074.82
2019-08-02,37.63,38.83,37.48,38.19,158921.5
2019-08-05,38.09,38.48,36.62,36.71,169652.85
2019-08-06,36.03,37.05,35.89,36.74,205284.77
2019-08-07,36.88,37.22,36.53,36.68,105491.39
2019-08-08,37.51,38.47,36.94,38.45,229527.89
2019-08-09,38.68,38.96,37.59,37.69,146260.99
2019-08-12,37.56,38.34,37.5,38.34,120048.4
2019-08-13,37.89,38.05,36.78,37.29,156408.46
2019-08-14,37.8,38.18,37.54,37.64,102023.86
2019-08-15,36.85,37.66,36.62,37.65,109083.06
2019-08-16,37.48,38.11,37.35,37.4,130221.7
2019-08-19,37.57,38.38,36.88,38.19,186498.3
2019-08-20,38.15,38.75,37.87,38.53,171910.67
2019-08-21,37.6,38.29,37.57,38.19,188161.14
2019-08-22,38.42,38.67,37.89,38.04,126290.51
2019-08-23,38.04,38.18,37.47,37.67,118773.58
2019-08-26,37.26,37.55,36.77,37.27,150973.75
2019-08-27,37.68,38.8,37.61,38.8,304014.84
2019-08-28,38.45,38.79,38.08,38.34,155863.39
2019-08-29,38.58,39.81,38.4,39.68,330136.72
2019-08-30,39.97,40.2,39.16,39.25,181586.42
2019-09-02,39.22,39.62,39.06,39.41,170834.18
2019-09-03,39.46,39.73,38.79,39.24,127714.47
2019-09-04,38.99,40.07,38.9,40.01,200250.38
2019-09-05,40.27,41.69,40.2,41.23,315405.24
2019-09-06,41.23,41.63,40.77,40.99,136406.44
2019-09-09,41.61,41.95,41.08,41.43,174000.74
2019-09-10,41.52,41.78,40.7,41.43,136772.76
2019-09-11,41.42,41.85,40.64,40.82,137500.67
2019-09-12,40.95,41.44,40.45,41.16,126285.56
2019-09-16,41.45,42.38,41.42,41.49,139526.86
2019-09-17,41.49,41.69,40.48,40.81,125372.87
2019-09-18,40.96,41.25,40.39,40.56,97366.37
2019-09-19,40.88,40.88,40.03,40.34,111193.39
2019-09-20,40.26,40.56,39.65,39.65,221863.02
2019-09-23,39.72,40.08,38.88,39.46,155658.78
2019-09-24,39.55,39.81,39.14,39.25,118146.67
2019-09-25,39.15,39.5,38.58,39.22,141428.76
2019-09-26,39.85,39.91,38.55,38.83,158176.62
2019-09-27,38.89,39.03,38.61,38.77,92266.29
2019-09-30,38.8,38.93,38.4,38.76,81710.65
2019-10-08,38.88,39.55,38.42,39.02,103148.41
2019-10-09,38.69,38.73,37.75,38.26,123072.99
2019-10-10,38.26,39.11,38.04,38.83,125421.61
2019-10-11,39.02,39.49,38.69,39.31,103540.73
2019-10-14,39.64,40.05,39.48,39.61,111651.56
2019-10-15,39.51,39.51,38.45,38.57,120279.03
2019-10-16,38.63,38.98,38.33,38.69,82577.84
2019-10-17,38.67,38.74,38.04,38.14,76733.99
2019-10-18,38.34,38.47,37.92,37.97,62996.26
2019-10-21,38.04,38.57,37.87,38.36,85133.96
2019-10-22,38.23,38.75,38.15,38.44,53948.73
2019-10-23,38.32,38.69,38.26,38.54,50280.16
2019-10-24,38.55,38.57,37.84,37.85,71803.09
2019-10-25,37.3,39.33,37.0,39.25,229499.45
2019-10-28,39.22,39.46,38.71,39.34,104866.16
2019-10-29,39.22,39.93,38.83,39.4,118024.4
2019-10-30,39.38,39.84,39.16,39.57,109599.78
2019-10-31,39.68,40.27,39.35,40.04,117920.77
2019-11-01,39.94,40.51,39.72,40.18,119183.61
2019-11-04,40.44,41.31,40.27,40.81,191389.98
2019-11-05,41.12,41.25,40.58,41.01,153398.02
2019-11-06,40.99,41.49,40.73,41.0,128468.31
2019-11-07,41.0,41.18,40.55,40.77,94206.6
2019-11-08,41.24,41.56,40.74,40.78,110665.85
2019-11-11,40.73,41.14,40.13,40.28,98752.72
2019-11-12,40.27,40.71,40.13,40.34,66285.29
2019-11-13,40.53,41.24,40.3,40.89,96332.79
2019-11-14,41.04,41.46,40.93,41.14,79916.07
2019-11-15,41.28,41.35,40.0,40.07,103800.55
2019-11-18,40.07,40.52,39.87,40.12,78996.58
2019-11-19,40.15,40.56,40.15,40.49,77139.01
2019-11-20,40.6,40.77,40.29,40.38,57720.16
2019-11-21,40.21,40.81,40.08,40.7,85414.07
2019-11-22,40.63,42.1,40.54,41.14,171548.29
2019-11-25,41.08,43.14,41.08,42.93,350420.41
2019-11-26,42.97,43.68,42.42,43.22,210492.6
2019-11-27,43.1,43.38,42.6,42.84,115298.01
2019-11-28,42.75,43.77,42.74,43.36,148817.18
2019-11-29,43.49,43.61,41.79,42.5,191458.98
2019-12-02,42.71,43.5,42.7,43.27,138472.37
2019-12-03,43.27,43.34,42.31,43.01,87484.9
2019-12-04,42.84,43.08,42.46,42.8,76887.6
2019-12-05,43.07,44.02,42.76,43.77,146512.04
2019-12-06,43.79,44.46,43.79,44.06,105855.75
2019-12-09,44.29,44.59,43.87,44.51,99897.91
2019-12-10,44.51,45.64,44.36,45.52,149243.51
2019-12-11,45.65,45.69,44.67,44.94,81655.2
2019-12-12,44.77,46.02,44.77,45.78,115365.83
2019-12-13,46.0,46.78,45.53,45.6,165388.37
2019-12-16,46.0,47.18,45.44,46.92,187059.05
2019-12-17,46.9,47.09,46.3,46.79,115357.83
2019-12-18,46.69,46.74,45.87,46.09,119077.77
2019-12-19,46.13,46.37,45.65,45.91,78196.73
2019-12-20,45.96,46.72,45.91,46.6,89936.48
2019-12-23,46.79,47.29,46.14,46.52,114599.73
2019-12-24,46.52,46.96,46.15,46.66,53814.25
2019-12-25,46.51,47.4,46.27,47.37,86300.51
2019-12-26,46.26,46.66,44.78,45.95,235739.63
2019-12-27,45.78,48.15,45.73,47.75,209545.8
2019-12-30,47.92,49.64,47.86,49.2,189875.02
2019-12-31,49.16,50.2,48.88,49.31,142068.42
2020-01-02,49.6,50.56,48.89,49.06,213379.65
2020-01-03,49.07,50.7,49.07,49.98,177848.57
2020-01-06,49.77,50.34,47.09,48.46,274945.34
2020-01-07,48.46,49.15,47.92,48.09,200630.06
2020-01-08,48.12,48.27,47.23,47.62,167528.74
2020-01-09,47.99,48.77,47.4,48.6,127669.54
2020-01-10,48.6,48.69,46.99,47.72,187824.92
2020-01-13,47.83,47.93,46.83,47.75,144255.18
2020-01-14,47.88,49.03,47.88,48.34,183043.21
2020-01-15,48.28,48.31,47.02,47.37,126227.78
2020-01-16,47.7,48.39,47.31,47.5,97108.76
2020-01-17,47.63,47.75,47.1,47.33,76582.52
2020-01-20,47.5,48.19,47.3,47.87,112633.16
2020-01-21,48.03,48.09,46.43,47.21,155823.29
2020-01-22,46.88,47.55,46.54,47.33,112027.86
2020-01-23,47.23,47.23,44.7,45.57,240974.03
2020-02-03,41.01,42.84,41.01,42.57,334513.73
2020-02-04,42.84,44.15,42.79,43.43,309379.81
2020-02-05,43.28,44.33,42.96,43.46,304609.08
2020-02-06,43.48,43.86,43.01,43.65,224178.11
2020-02-07,43.43,43.43,42.38,42.88,221106.48
2020-02-10,42.85,44.17,42.29,44.15,284831.29
2020-02-11,44.24,44.64,43.63,43.89,175447.37
2020-02-12,43.91,45.15,43.72,44.28,216298.59
2020-02-13,44.5,45.08,44.02,44.08,158584.71
2020-02-14,43.86,44.4,43.49,43.86,121214.83
2020-02-17,43.72,45.21,43.67,45.2,174412.53
2020-02-18,45.3,45.36,44.24,44.58,148928.92
2020-02-19,44.51,45.6,44.03,44.94,194586.3
2020-02-20,44.79,45.46,44.72,45.31,187390.01
2020-02-21,45.3,46.07,44.94,45.13,213120.34
2020-02-24,44.77,44.79,43.7,43.88,270795.35
2020-02-25,43.01,43.36,42.14,42.81,281896.59
2020-02-26,42.01,42.93,41.75,42.54,207956.59
2020-02-27,42.69,44.01,42.57,43.77,225607.38
2020-02-28,43.05,43.05,41.26,41.29,265274.68
2020-03-02,41.33,44.46,41.33,44.03,292356.55
2020-03-03,44.69,44.94,43.06,43.29,241275.14
2020-03-04,43.5,44.32,43.29,43.8,149874.55
2020-03-05,44.02,46.51,44.01,45.82,394935.61
2020-03-06,45.41,46.56,45.21,45.3,178618.14
2020-03-09,43.89,43.89,42.49,42.59,413346.56
2020-03-10,41.88,43.67,41.87,43.5,199225.96
2020-03-11,43.53,43.55,42.57,42.64,138359.96
2020-03-12,42.05,42.05,40.09,40.79,345961.3
2020-03-13,38.62,39.88,37.97,39.47,345161.21
2020-03-16,39.68,39.84,36.76,37.25,316937.5
2020-03-17,37.18,38.11,35.27,36.39,291380.82
2020-03-18,37.13,38.05,36.29,36.6,293329.01
2020-03-19,36.5,37.11,34.64,35.45,441182.69
2020-03-20,35.82,36.63,35.24,35.61,330074.38
2020-03-23,34.13,34.54,33.01,33.75,365657.24
2020-03-24,34.58,34.72,33.51,34.41,229554.68
2020-03-25,35.56,36.47,35.42,36.24,262502.38
2020-03-26,35.9,36.79,35.57,36.1,146030.8
2020-03-27,36.78,36.85,35.84,36.24,139577.41
2020-03-30,35.51,35.53,34.95,35.11,158445.11
2020-03-31,35.9,36.87,35.38,36.21,184378.12
2020-04-01,36.43,37.0,36.04,36.33,155269.72
2020-04-02,35.91,37.04,35.81,37.04,179259.49
2020-04-03,37.04,38.74,36.96,37.68,234536.86
2020-04-07,38.45,38.67,38.0,38.27,157448.12
2020-04-08,38.08,38.42,37.68,38.09,117229.57
2020-04-09,38.07,38.4,37.75,37.9,71453.78
2020-04-10,37.92,38.22,37.24,37.66,114911.07
2020-04-13,37.39,37.88,36.99,37.16,96395.75
2020-04-14,37.71,38.63,37.44,38.61,154978.13
2020-04-15,38.97,38.97,37.75,37.83,127256.32
2020-04-16,37.68,37.73,36.94,37.04,164744.14
2020-04-17,37.44,38.94,37.44,38.73,247055.34
2020-04-20,38.54,39.11,38.3,38.77,105743.84
2020-04-21,38.45,38.45,37.32,37.7,179154.4
2020-04-22,37.22,37.61,36.93,37.61,141348.78
2020-04-23,37.7,38.11,37.36,37.67,115265.81
2020-04-24,37.47,37.94,37.41,37.53,85483.82
2020-04-27,37.37,37.37,36.25,36.91,179949.05
2020-04-28,37.09,37.41,36.48,37.31,128242.8
2020-04-29,37.31,38.27,37.01,38.09,136765.7
2020-04-30,38.1,39.9,38.1,39.5,207622.96
2020-05-06,38.84,40.38,38.84,40.22,217344.92
2020-05-07,40.38,40.69,39.96,40.29,129358.75
2020-05-08,40.31,41.7,40.31,41.11,175599.29
2020-05-11,41.26,42.14,40.8,41.04,143019.94
2020-05-12,41.04,41.46,40.38,40.84,114888.34
2020-05-13,40.91,41.52,40.42,41.13,88653.16
2020-05-14,40.99,40.99,40.39,40.39,94320.79
2020-05-15,41.18,41.18,39.67,39.72,140233.67
2020-05-18,39.99,40.72,39.45,40.31,105471.68
2020-05-19,41.07,43.32,41.07,43.13,281563.8
2020-05-20,42.82,43.44,42.61,42.82,153363.0
2020-05-21,43.22,43.22,41.32,41.65,161869.05
2020-05-22,41.66,41.84,40.01,40.38,147799.17
2020-05-25,40.2,40.83,39.79,40.71,118171.43
2020-05-26,40.86,42.28,40.79,42.1,136490.41
2020-05-27,42.19,42.19,40.81,41.11,98641.41
2020-05-28,41.47,41.69,40.37,40.7,115333.01
2020-05-29,41.46,43.01,41.45,41.99,241821.99
2020-06-01,42.75,43.52,42.53,43.29,229711.02
2020-06-02,43.36,43.81,42.71,43.51,162641.21
2020-06-03,44.34,45.47,44.1,44.25,185353.58
2020-06-04,44.94,44.95,43.88,44.34,110888.18
2020-06-05,44.17,44.44,43.45,44.09,114973.82
2020-06-08,44.72,45.6,44.36,44.98,161124.03
2020-06-09,45.15,45.3,44.52,44.72,84716.27
2020-06-10,44.72,45.32,44.16,44.41,101386.38
2020-06-11,44.26,44.94,43.88,44.26,106084.88
2020-06-12,43.36,43.89,42.75,43.81,149513.15
2020-06-15,43.39,43.67,42.56,42.6,146050.24
2020-06-16,43.22,43.85,43.18,43.59,112603.9
2020-06-17,43.58,43.71,42.81,43.2,96866.02
2020-06-18,43.0,44.04,42.96,43.9,119598.73
2020-06-19,43.81,44.57,43.69,44.21,157486.14
2020-06-22,44.21,44.34,43.06,43.86,169743.5
2020-06-23,43.82,43.96,43.22,43.38,132152.95
2020-06-24,43.49,45.8,43.49,45.19,255757.63
2020-06-29,45.19,45.21,43.81,44.43,171562.71
2020-06-30,44.72,45.23,44.53,45.16,122866.15
2020-07-01,45.17,47.33,44.99,47.02,242429.87
2020-07-02,46.79,49.48,46.71,49.02,337710.14
2020-07-03,48.96,49.97,48.18,48.42,210797.66
2020-07-06,49.23,50.68,49.21,50.27,249210.96
2020-07-07,50.41,51.67,49.6,49.86,254363.5
2020-07-08,49.19,50.82,49.15,49.72,181837.15
2020-07-09,49.86,50.51,49.15,49.68,248883.73
2020-07-10,49.33,49.8,48.39,48.59,231480.95
2020-07-13,48.69,49.86,48.6,49.86,263347.28
2020-07-14,49.68,50.81,48.87,49.65,209472.83
2020-07-15,50.14,53.47,49.82,52.63,383678.59
2020-07-16,52.03,54.06,50.82,51.48,389774.71
2020-07-17,51.76,56.19,51.76,56.09,498712.91
2020-07-20,56.55,60.58,56.55,58.99,456847.67
2020-07-21,58.72,59.02,57.05,58.33,292233.82
2020-07-22,58.49,62.02,58.35,60.74,310597.11
2020-07-23,59.62,61.97,58.56,59.93,301759.07
2020-07-24,58.78,59.17,55.16,56.11,416313.8
2020-07-27,56.91,58.51,56.82,57.5,235265.04
2020-07-28,58.16,62.01,56.98,59.78,247858.59
2020-07-29,58.45,60.18,57.8,59.3,279163.14
2020-07-30,61.52,62.67,60.23,60.59,328917.14
2020-07-31,60.61,63.05,60.34,61.06,247655.76
2020-08-03,60.97,61.14,58.72,61.07,281444.16
2020-08-04,61.07,62.15,60.05,60.42,182129.92
2020-08-05,59.85,61.88,59.85,61.88,193859.35
2020-08-06,62.51,63.82,61.44,62.96,260832.79
2020-08-07,62.43,62.85,59.83,61.04,205138.28
2020-08-10,60.98,60.98,58.89,60.43,163024.84
2020-08-11,60.98,62.01,60.07,60.25,147899.59
2020-08-12,60.03,60.51,57.29,58.21,225758.72
2020-08-13,58.2,60.79,58.2,59.58,192018.57
2020-08-14,60.16,61.57,60.14,60.96,114244.22
2020-08-17,61.8,61.88,60.07,60.7,224430.64
2020-08-18,61.25,62.49,59.45,62.32,206635.35
2020-08-19,61.82,61.99,60.8,61.12,139854.46
2020-08-20,59.08,62.48,58.76,62.15,224651.87
2020-08-21,62.3,62.75,61.13,62.51,128557.02
2020-08-24,62.57,65.14,62.57,64.32,243984.84
2020-08-25,64.63,65.01,62.5,62.84,176109.16
2020-08-26,62.9,63.21,61.94,62.62,112645.15
2020-08-27,63.24,63.96,61.97,63.54,127656.85
2020-08-28,63.6,68.29,63.17,67.35,261375.69
2020-08-31,67.72,68.02,66.02,66.21,178608.45
2020-09-01,65.6,67.15,65.31,67.08,117140.66
2020-09-02,67.39,67.71,65.58,66.4,121114.77
2020-09-03,66.95,69.82,66.65,68.47,210623.83
2020-09-04,66.78,70.51,66.12,70.01,195954.8
2020-09-07,69.76,70.61,64.68,65.84,263970.78
2020-09-08,65.48,66.71,62.87,66.56,223940.23
2020-09-09,64.32,64.49,61.45,62.96,217635.6
2020-09-10,63.81,66.17,62.78,64.86,180926.31
2020-09-11,64.41,65.76,63.46,65.18,152009.8
2020-09-14,65.84,67.61,65.37,66.92,175025.35
2020-09-15,67.12,68.7,65.94,68.11,135500.53
2020-09-16,67.75,69.06,67.66,68.0,115646.63
2020-09-17,68.65,69.53,67.12,68.56,155451.59
2020-09-18,67.71,69.49,67.12,67.74,206957.24
2020-09-21,68.29,68.98,67.57,68.65,129710.44
2020-09-22,67.3,67.96,65.04,65.05,204627.6
2020-09-23,65.44,66.0,63.58,64.23,161367.09
2020-09-24,64.17,64.17,62.61,62.86,130866.63
2020-09-25,64.78,64.78,62.06,62.36,137351.4
2020-09-28,62.69,64.06,62.34,63.52,121413.98
2020-09-29,64.0,64.67,63.52,63.54,110822.36
2020-09-30,63.52,64.12,62.06,62.6,135117.21
2020-10-09,64.14,65.47,63.64,65.22,141666.59
2020-10-12,65.49,70.05,65.49,69.74,208908.56
2020-10-13,69.56,73.27,69.0,71.45,185673.01
2020-10-14,72.08,73.33,71.78,72.4,157264.36
2020-10-15,72.39,73.23,71.58,71.88,135584.79
2020-10-16,72.09,72.97,70.75,71.91,126840.42
2020-10-19,72.7,73.89,71.02,71.63,140784.03
2020-10-20,71.32,72.34,71.17,72.18,87639.98
2020-10-21,72.45,72.99,71.03,71.47,98341.56
2020-10-22,71.9,72.09,70.1,70.83,82232.24
2020-10-23,70.15,73.06,69.4,71.09,196350.18
2020-10-26,70.43,71.08,67.66,69.11,166453.58
2020-10-27,69.61,71.05,69.38,70.09,113671.21
2020-10-28,72.27,74.93,71.73,74.34,260923.89
2020-10-29,73.67,74.34,70.36,70.87,283634.79
2020-10-30,70.7,73.35,70.51,70.9,169772.6
2020-11-02,71.09,72.88,70.25,71.89,157377.38
2020-11-03,73.07,73.15,71.18,72.31,123570.07
2020-11-04,71.53,75.12,71.53,75.09,178668.84
2020-11-05,75.38,76.51,73.89,75.47,161085.04
2020-11-06,76.38,78.79,75.03,77.56,210337.74
2020-11-09,78.68,80.29,76.94,78.95,201444.86
2020-11-10,79.75,83.0,79.04,81.52,223334.0
2020-11-11,81.3,82.09,79.58,79.95,151694.61
2020-11-12,80.46,81.84,79.98,81.73,128138.83
2020-11-13,80.42,81.3,77.89,79.4,212054.58
2020-11-16,80.38,83.75,78.7,83.06,228629.73
2020-11-17,82.43,83.25,80.4,81.65,169590.02
2020-11-18,81.36,83.97,80.4,81.65,185967.65
2020-11-19,80.85,81.3,78.43,80.84,140040.45
2020-11-20,80.76,82.57,80.62,81.84,96553.41
2020-11-23,82.37,84.31,80.21,80.77,228038.31
2020-11-24,81.24,81.24,77.38,78.82,291737.55
2020-11-25,80.24,80.24,75.93,76.04,204509.36
2020-11-26,75.61,76.06,72.34,74.16,348681.6
2020-11-27,74.98,77.23,74.25,75.77,253161.93
2020-11-30,74.98,76.06,73.35,73.35,217216.81
2020-12-01,73.87,76.09,73.37,75.88,189123.35
2020-12-02,75.43,76.1,74.07,74.94,121042.99
2020-12-03,75.23,75.72,73.98,75.11,121717.38
2020-12-04,75.28,77.19,74.91,76.21,140836.98
2020-12-07,75.97,76.33,74.25,75.19,130859.09
2020-12-08,75.2,76.68,74.72,74.97,117957.35
2020-12-09,75.07,75.87,74.32,74.62,85375.28
2020-12-10,73.97,75.43,73.43,74.18,115308.55
2020-12-11,74.21,75.94,73.17,73.91,141718.81
2020-12-14,73.77,74.21,72.08,72.5,183228.32
2020-12-15,72.93,76.2,72.54,75.96,211773.58
2020-12-16,76.27,78.32,76.27,78.0,179928.02
2020-12-17,78.09,79.4,77.18,77.64,168852.78
2020-12-18,77.65,79.67,77.65,78.68,158249.73
2020-12-21,78.5,80.34,77.52,80.23,157955.57
2020-12-22,79.36,79.83,77.52,77.67,178546.9
2020-12-23,77.76,79.76,77.24,78.55,143076.76
2020-12-24,79.02,80.23,77.74,80.04,158654.19
2020-12-25,79.22,82.87,78.32,82.39,196569.33
2020-12-28,82.1,82.85,79.11,79.49,208185.35
2020-12-29,79.84,81.87,79.56,80.71,163197.0
2020-12-30,80.47,82.46,80.4,82.4,123825.52
2020-12-31,81.19,82.64,80.13,82.24,213631.34
2021-01-04,81.57,85.99,81.3,85.02,207791.08
2021-01-05,84.73,89.25,84.24,88.18,246270.77
2021-01-06,88.26,90.54,86.63,88.91,207364.05
2021-01-07,93.77,97.79,92.67,96.65,553054.21
2021-01-08,96.66,98.99,96.39,98.46,285837.05
2021-01-11,98.44,100.42,96.04,98.17,248373.09
2021-01-12,97.14,102.8,96.82,102.09,252848.11
2021-01-13,102.84,106.76,101.17,102.7,250149.92
2021-01-14,100.78,102.59,98.11,99.05,232267.23
2021-01-15,99.91,100.23,94.85,97.29,219452.95
2021-01-18,97.82,100.98,95.89,99.19,193955.7
2021-01-19,99.29,101.36,95.75,97.1,192540.43
2021-01-20,98.01,100.47,97.65,99.32,139101.16
2021-01-21,100.45,105.42,99.81,102.47,243934.12
2021-01-22,102.45,106.85,101.67,105.23,164852.59
2021-01-25,105.6,107.77,103.35,105.25,195064.58
2021-01-26,104.15,106.77,102.7,105.69,138868.4
2021-01-27,106.62,107.41,101.47,104.16,184565.84
2021-01-28,102.56,104.68,99.82,100.6,161301.0
2021-01-29,103.67,104.23,99.82,100.99,164000.13
2021-02-01,102.47,109.37,102.47,109.37,275281.56
2021-02-02,109.48,109.57,104.38,109.38,230557.52
2021-02-03,110.21,114.15,108.18,111.28,222753.42
2021-02-04,111.65,117.79,111.29,117.43,238357.28
2021-02-05,118.61,119.14,110.8,111.79,288309.73
2021-02-08,111.81,119.14,109.1,119.14,229022.22
2021-02-09,120.41,124.11,117.89,124.11,240644.19
2021-02-10,122.4,127.45,122.24,126.85,192013.36
2021-02-18,132.34,135.66,128.16,130.06,305706.48
2021-02-19,128.37,132.16,119.03,124.19,318423.89
2021-02-22,126.47,128.14,121.54,122.27,372584.83
2021-02-23,122.52,124.21,116.44,118.15,287454.7
2021-02-24,120.44,122.82,113.94,116.37,438074.3
2021-02-25,122.07,124.21,119.03,120.46,296340.87
2021-02-26,119.15,123.94,118.13,118.16,343157.7
2021-03-01,118.43,120.59,113.41,117.56,386018.31
2021-03-02,119.24,119.32,109.48,110.59,425592.49
2021-03-03,111.17,114.36,110.93,113.68,237466.26
2021-03-04,111.43,112.65,102.32,103.27,442867.33
2021-03-05,102.29,103.87,99.08,99.18,408049.88
2021-03-08,101.63,105.99,97.31,97.46,379864.48
2021-03-09,95.84,99.0,93.95,93.96,350230.5
2021-03-10,96.75,100.11,96.46,98.4,333670.2
2021-03-11,99.32,102.6,97.84,100.04,343933.78
2021-03-12,102.82,105.18,102.08,105.08,359709.64
2021-03-15,106.41,106.99,100.36,102.33,294936.75
2021-03-16,102.35,106.14,102.33,105.86,209525.31
2021-03-17,105.84,107.81,102.08,106.59,242101.32
2021-03-18,107.77,107.92,105.69,106.76,171183.73
2021-03-19,103.7,105.4,101.09,104.1,205998.13
2021-03-22,103.05,104.69,97.88,99.64,302156.38
2021-03-23,100.0,100.06,93.2,97.56,377521.57
2021-03-24,96.82,96.82,90.57,91.56,356970.9
2021-03-25,91.1,95.71,90.97,93.84,234429.34
2021-03-26,95.44,98.46,93.97,97.77,210693.83
2021-03-29,98.82,102.82,97.3,100.44,231129.08
2021-03-30,100.59,101.52,98.82,100.5,149530.5
2021-03-31,98.56,99.28,94.0,95.39,285188.34
2021-04-01,96.11,97.38,94.88,97.34,154280.8
2021-04-02,98.03,101.15,97.76,100.72,174603.44
2021-04-06,101.22,101.44,96.07,96.87,195041.41
2021-04-07,98.13,98.77,94.49,96.59,179475.35
2021-04-08,96.67,99.23,94.86,98.57,194667.29
2021-04-09,100.94,101.08,96.25,96.57,172698.69
2021-04-12,99.36,99.36,89.43,90.4,484016.07
2021-04-13,91.24,96.35,90.42,94.34,355990.49
2021-04-14,94.34,95.99,93.6,95.13,167507.05
2021-04-15,95.75,96.04,92.41,94.42,147256.86
2021-04-16,95.3,96.08,91.51,93.54,186311.54
2021-04-19,93.22,97.92,91.63,97.51,269725.98
2021-04-20,96.75,102.26,96.69,101.19,274250.68
2021-04-21,99.3,101.87,98.76,101.01,189075.79
2021-04-22,101.8,102.13,97.38,99.01,149929.85
2021-04-23,98.99,101.68,98.15,100.38,156664.53
2021-04-26,101.45,103.45,99.04,99.4,187198.84
2021-04-27,99.54,99.83,96.92,98.18,141733.51
2021-04-28,98.71,99.26,95.2,99.15,136979.28
2021-04-29,97.8,97.81,95.06,96.42,256199.43
2021-04-30,95.53,96.08,92.87,93.91,253039.5
2021-05-06,93.23,97.07,93.18,95.86,204123.05
2021-05-07,96.29,100.52,95.06,97.45,255933.74
2021-05-10,99.52,99.6,93.6,94.75,217645.31
2021-05-11,93.69,95.47,91.4,95.17,195985.1
2021-05-12,94.14,97.22,94.14,96.73,135641.87
2021-05-13,95.78,95.85,90.28,91.17,345500.38
2021-05-14,91.18,94.57,90.86,94.51,257750.97
2021-05-17,93.07,100.23,93.05,99.6,351710.93
2021-05-18,100.2,100.95,97.79,99.12,132789.0
2021-05-19,99.17,100.09,97.24,99.08,112531.63
2021-05-20,97.8,98.09,94.91,96.05,201603.69
2021-05-21,97.23,97.33,93.58,94.6,161537.82
2021-05-24,94.6,95.32,92.95,95.12,153070.16
2021-05-25,95.35,99.92,94.79,99.8,269025.67
2021-05-26,100.5,103.08,100.41,102.32,252849.21
2021-05-27,99.64,102.36,99.06,101.46,197032.83
2021-05-28,101.91,102.92,99.24,99.9,169196.17
2021-05-31,99.63,99.9,97.81,99.43,179748.49
2021-06-01,98.73,107.08,98.73,106.8,340423.77
2021-06-02,107.4,107.67,104.73,106.29,190022.35
2021-06-03,106.29,107.03,103.14,103.27,193027.85
2021-06-04,102.55,104.97,102.37,104.11,174009.06
2021-06-07,104.25,104.84,102.6,103.93,171093.52
2021-06-08,104.22,104.36,100.23,101.51,188903.83
2021-06-09,100.54,104.93,100.27,104.93,250510.57
2021-06-10,104.2,105.48,103.65,104.35,187007.83
2021-06-11,104.61,107.03,103.85,104.93,201707.83
2021-06-15,104.98,109.59,104.38,104.86,216299.62
2021-06-16,105.21,107.75,100.41,100.55,247320.07
2021-06-17,99.12,100.69,97.1,98.54,222748.52
2021-06-18,98.44,98.44,93.87,95.24,338609.18
2021-06-21,94.57,96.29,93.87,95.97,180901.25
2021-06-22,96.89,98.95,96.89,97.55,156959.03
2021-06-23,97.8,97.8,95.55,95.87,163753.63
2021-06-24,96.23,96.43,94.65,95.96,110453.06
2021-06-25,95.66,100.52,95.66,100.09,255554.06
2021-06-28,100.54,100.91,97.8,98.96,177660.93
2021-06-29,97.99,99.44,97.85,98.51,134920.48
2021-06-30,98.51,100.71,97.9,99.47,140679.21
2021-07-01,100.07,100.07,95.98,97.79,158233.34
2021-07-02,96.44,97.34,94.67,95.01,174884.11
2021-07-05,96.11,103.1,95.97,102.98,477803.81
2021-07-06,104.2,108.77,104.2,108.68,408949.21
2021-07-07,106.94,108.91,105.82,108.68,281175.84
2021-07-08,109.07,113.03,108.92,109.59,252155.63
2021-07-09,112.66,114.83,109.05,113.93,347375.22
2021-07-12,115.2,120.47,114.84,116.47,390208.57
2021-07-13,116.47,118.39,114.16,115.49,240314.24
2021-07-14,116.91,117.13,113.43,114.62,163712.85
2021-07-15,115.54,120.29,115.08,118.32,262129.23
2021-07-16,119.74,120.25,113.56,114.15,253676.65
2021-07-19,115.12,115.42,111.7,113.84,179229.28
2021-07-20,111.33,111.33,108.02,110.07,260281.33
2021-07-21,111.4,112.33,109.91,111.31,199924.81
2021-07-22,112.12,114.7,111.21,112.06,207848.81
2021-07-23,112.61,113.7,108.59,108.68,232451.37
2021-07-26,110.14,111.06,104.19,107.11,209479.65
2021-07-27,108.45,108.77,102.15,102.32,245397.34
2021-07-28,101.46,102.32,98.01,99.49,307526.94
2021-07-29,102.19,105.11,99.04,104.68,330380.51
2021-07-30,106.49,106.58,101.99,103.94,284851.7
2021-08-02,103.18,110.14,102.84,109.68,319900.03
2021-08-03,110.14,110.95,106.7,110.23,222120.54
2021-08-04,108.78,110.22,106.92,108.93,174465.83
2021-08-05,108.18,108.18,104.49,105.8,215172.31
2021-08-06,106.48,106.48,102.13,102.83,229405.72
2021-08-09,103.18,105.56,101.91,104.49,201603.78
2021-08-10,103.3,104.57,102.08,104.0,182311.71
2021-08-11,104.21,106.02,102.55,102.92,158705.63
2021-08-12,103.19,103.47,99.95,100.62,233963.99
2021-08-13,101.09,105.11,100.62,103.74,264387.25
2021-08-16,104.81,106.45,102.57,104.75,290854.02
2021-08-17,104.91,105.79,101.09,101.47,209880.28
2021-08-18,101.55,102.18,99.07,100.22,145751.63
2021-08-19,99.66,99.66,96.66,97.78,264599.11
2021-08-20,97.78,98.51,92.96,95.85,277955.31
2021-08-23,95.85,97.72,95.12,96.98,176267.38
2021-08-24,97.0,98.42,96.29,97.78,190082.29
2021-08-25,98.44,98.44,95.47,96.99,204570.24
2021-08-26,97.14,99.44,95.52,97.42,201551.33
2021-08-27,96.89,97.2,95.15,95.7,201678.49
2021-08-30,96.07,99.05,96.05,97.67,209559.9
2021-08-31,99.12,99.61,95.84,97.53,197366.71
2021-09-01,98.17,98.29,95.31,97.8,220595.96
2021-09-02,96.89,98.0,95.61,96.07,241023.83
2021-09-03,96.39,96.43,93.24,94.01,234843.3
2021-09-06,93.31,96.12,93.31,95.6,189838.41
2021-09-07,95.52,98.3,94.31,97.83,227362.35
2021-09-08,96.89,100.25,96.52,99.1,260921.93
2021-09-09,98.56,100.07,95.5,96.52,235099.65
2021-09-10,96.52,97.34,95.7,96.11,147515.4
2021-09-13,96.42,105.73,96.11,105.73,556707.46
2021-09-14,106.76,107.24,102.22,102.57,410017.87
2021-09-15,102.55,102.57,97.64,101.1,330455.7
2021-09-16,101.46,105.47,101.17,101.87,306899.78
2021-09-17,101.87,102.83,99.79,102.4,163602.71
2021-09-22,100.55,102.23,98.67,101.52,142701.63
2021-09-23,101.98,102.74,97.8,98.11,195199.65
2021-09-24,98.19,98.26,95.57,95.73,227793.15
2021-09-27,95.91,96.82,93.29,94.28,220952.48
2021-09-28,94.48,97.23,93.83,96.75,171618.59
2021-09-29,96.09,98.34,94.77,97.08,175146.94
2021-09-30,97.09,98.09,96.15,97.57,130729.87
2021-10-08,99.61,99.79,97.17,98.11,132488.34
2021-10-11,98.38,99.49,96.48,97.07,117910.87
2021-10-12,97.19,97.19,95.06,95.64,123773.12
2021-10-13,95.68,96.31,93.97,94.72,130807.64
2021-10-14,94.72,97.57,94.72,95.94,117632.8
2021-10-15,95.06,96.54,94.88,95.95,107933.79
2021-10-18,96.47,97.1,94.06,95.74,126995.75
2021-10-19,96.01,101.38,95.97,99.5,339396.13
2021-10-20,100.54,104.02,98.62,98.8,318394.81
2021-10-21,99.63,102.98,99.32,102.14,267661.09
2021-10-22,102.36,102.87,100.22,101.49,156188.89
2021-10-25,101.05,102.36,99.74,101.11,161649.5
2021-10-26,102.08,102.37,99.65,99.87,128855.33
2021-10-27,99.87,99.88,96.23,96.8,192438.02
2021-10-28,97.2,97.68,94.77,95.52,177829.71
2021-10-29,95.52,96.68,95.05,96.4,148893.88
2021-11-01,96.07,97.45,94.93,95.43,171467.28
2021-11-02,95.43,95.97,93.4,95.04,223862.61
2021-11-03,94.69,94.86,93.12,93.75,172136.32
2021-11-04,94.05,94.84,93.26,94.4,122516.62
2021-11-05,94.35,94.69,91.4,91.92,272588.63
2021-11-08,91.29,92.82,89.65,91.85,142571.37
2021-11-09,91.86,92.3,87.67,88.35,312777.84
2021-11-10,87.76,89.05,85.37,88.97,223821.24
2021-11-11,87.77,90.69,87.3,90.38,146257.61
2021-11-12,90.49,90.76,88.84,90.05,106582.8
2021-11-15,90.02,90.54,87.62,89.14,126826.7
2021-11-16,89.44,89.83,88.55,88.89,86404.77
2021-11-17,88.84,90.95,88.81,89.95,122053.41
2021-11-18,90.2,90.31,89.12,89.21,92494.84
2021-11-19,89.47,92.42,89.24,91.62,144446.34
2021-11-22,91.62,92.0,90.35,91.4,112661.03
2021-11-23,91.4,91.4,89.85,90.31,131945.37
2021-11-24,90.57,90.57,89.18,89.82,86451.93
2021-11-25,89.41,89.74,88.45,88.64,116298.48
2021-11-26,88.15,89.48,87.76,88.15,89909.95
2021-11-29,86.65,88.15,86.38,86.83,174113.61
2021-11-30,86.74,88.0,86.47,87.52,119079.63
2021-12-01,87.64,88.39,86.38,86.83,119370.47
2021-12-02,86.54,87.98,86.01,87.01,127699.46
2021-12-03,86.66,87.11,85.52,86.85,117381.54
2021-12-06,87.11,91.86,87.11,89.27,234682.51
2021-12-07,90.02,91.66,89.15,90.95,205624.85
2021-12-08,91.95,92.3,90.57,91.4,151526.42
2021-12-09,91.4,94.49,90.99,94.01,239412.09
2021-12-10,93.23,94.84,92.65,93.78,162423.7
2021-12-13,95.61,101.97,95.61,97.62,473738.65
2021-12-14,96.89,97.98,94.64,95.7,177694.09
2021-12-15,95.53,96.78,93.99,94.31,131406.55
2021-12-16,95.02,95.43,94.15,95.05,93553.61
2021-12-17,95.38,96.68,94.19,94.28,108492.98
2021-12-20,93.48,94.27,91.69,92.23,145504.7
2021-12-21,91.77,93.83,91.76,93.0,87601.47
2021-12-22,93.05,93.42,91.66,92.77,89042.37
2021-12-23,92.94,94.07,92.65,93.82,78870.0
2021-12-24,94.04,94.12,91.95,92.55,72930.21
2021-12-27,93.14,93.41,92.38,92.91,61599.1
2021-12-28,92.39,93.51,92.21,93.12,68757.01
2021-12-29,93.51,93.73,92.04,93.13,77944.61
2021-12-30,93.13,93.15,90.63,92.06,122422.63
2021-12-31,92.06,92.92,91.31,92.32,89415.07
2022-01-04,92.36,92.8,90.29,91.45,141545.23
2022-01-05,91.21,94.6,90.95,91.91,133877.36
2022-01-06,91.42,93.95,91.4,92.27,103596.34
2022-01-07,92.28,95.16,91.95,94.01,136442.6
2022-01-10,94.15,95.02,91.78,92.04,126873.01
2022-01-11,91.57,92.13,89.58,89.76,118939.75
2022-01-12,89.74,91.01,88.68,90.66,91404.42
2022-01-13,90.22,91.04,88.55,88.73,90773.09
2022-01-14,88.69,89.47,87.2,87.84,90253.3
2022-01-17,88.02,88.64,87.13,87.32,92002.4
2022-01-18,88.01,90.75,87.93,90.31,179503.05
2022-01-19,90.12,90.18,87.77,88.18,130630.64
2022-01-20,88.2,88.48,86.65,87.13,113035.2
2022-01-21,87.02,87.18,84.92,85.62,133166.23
2022-01-24,85.28,85.49,83.45,85.4,86861.15
2022-01-25,84.98,85.33,82.79,82.81,117104.58
2022-01-26,82.87,84.09,82.87,83.54,72607.54
2022-01-27,84.12,85.01,83.22,84.12,113264.15
2022-01-28,84.24,85.01,82.42,82.58,114276.89
2022-02-07,83.13,85.44,82.99,84.67,99522.1
2022-02-08,84.27,85.93,83.73,85.92,103461.06
2022-02-09,85.98,87.44,85.98,86.73,109506.3
2022-02-10,87.05,89.44,86.45,88.3,164161.16
2022-02-11,88.78,92.3,87.94,89.7,198291.71
2022-02-14,88.66,91.63,88.52,90.6,143407.93
2022-02-15,90.76,91.12,88.49,88.83,92990.41
2022-02-16,89.48,90.47,87.84,89.12,85487.05
2022-02-17,89.46,89.89,88.08,89.38,68651.97
2022-02-18,88.97,90.03,88.53,89.96,71969.84
2022-02-21,89.4,90.89,88.82,89.64,67815.85
2022-02-22,88.8,89.26,87.16,87.93,103969.21
2022-02-23,88.62,88.66,86.38,87.11,115211.67
2022-02-24,87.06,87.06,84.58,85.56,126292.8
2022-02-25,86.07,87.91,86.02,86.38,100309.36
2022-02-28,86.83,88.05,86.23,86.65,82881.83
2022-03-01,86.7,87.24,84.85,85.99,106204.18
2022-03-02,85.92,86.62,85.01,85.09,70872.21
2022-03-03,85.12,87.28,85.11,85.68,92800.85
2022-03-04,85.53,85.65,83.31,83.61,139373.49
2022-03-07,82.95,83.62,79.38,79.57,206360.81
2022-03-08,79.52,80.88,77.48,78.09,163748.24
2022-03-09,79.39,79.66,73.42,76.41,201646.24
2022-03-10,77.73,78.91,75.86,76.8,217605.07
2022-03-11,75.86,76.14,74.01,75.69,189313.29
2022-03-14,74.31,75.8,73.34,73.43,166502.25
2022-03-15,72.76,72.76,69.06,69.06,269423.73
2022-03-16,70.29,71.98,67.18,71.59,280957.64
2022-03-17,72.67,74.84,72.3,73.62,253459.44
2022-03-18,74.02,74.78,72.33,74.15,155145.64
2022-03-21,74.16,74.2,71.61,72.89,171203.83
2022-03-22,72.91,74.58,72.03,72.25,127255.81
2022-03-23,72.12,73.65,72.09,73.21,123000.76
2022-03-24,73.1,73.75,72.08,73.21,95711.3
2022-03-25,72.22,74.03,71.06,71.16,120686.29
2022-03-28,70.65,71.75,69.6,71.43,92932.47
2022-03-29,71.29,71.85,70.41,71.44,85189.72
2022-03-30,72.14,75.15,72.14,74.86,165094.25
2022-03-31,74.4,74.82,73.44,73.94,76964.85
2022-04-01,73.73,79.92,73.31,78.63,312127.83
2022-04-06,78.04,80.18,77.77,79.23,175051.94
2022-04-07,78.24,81.55,78.23,80.07,189295.76
2022-04-08,79.43,81.52,79.43,80.91,168421.02
2022-04-11,80.91,81.61,79.98,80.64,149863.18
2022-04-12,79.97,80.77,77.6,79.52,125884.89
2022-04-13,79.49,80.21,78.66,79.16,83577.19
2022-04-14,79.41,80.68,78.93,79.16,98622.43
2022-04-15,79.8,79.8,77.26,77.37,114082.4
2022-04-18,76.78,77.28,76.23,76.59,72765.27
2022-04-19,76.23,77.05,74.45,75.44,119383.98
2022-04-20,75.58,76.05,73.12,73.42,110381.36
2022-04-21,73.12,74.22,72.77,73.12,106085.06
2022-04-22,72.86,73.23,71.5,72.95,124812.49
2022-04-25,72.48,72.66,69.03,69.03,153877.35
2022-04-26,68.57,71.61,67.41,70.65,199095.57
2022-04-27,70.12,72.59,70.11,72.01,180276.51
2022-04-28,71.93,73.18,71.11,73.1,134342.23
2022-04-29,73.6,74.89,71.92,73.45,131074.64
2022-05-05,74.96,77.93,74.19,77.08,201543.47
2022-05-06,76.22,76.28,74.37,75.01,107685.25
2022-05-09,74.44,75.06,73.41,74.35,74032.54
2022-05-10,73.88,74.79,71.81,73.56,117495.82
2022-05-11,73.59,78.46,73.59,77.47,222281.6
2022-05-12,77.36,79.33,76.92,77.7,109192.46
2022-05-13,78.95,78.96,76.72,77.36,66153.94
2022-05-16,77.97,79.5,77.18,77.18,82654.44
2022-05-17,77.84,78.22,76.45,77.78,65954.68
2022-05-18,77.94,79.07,77.18,78.67,81717.03
2022-05-19,77.45,77.65,75.95,76.8,93459.62
2022-05-20,77.35,79.71,76.96,79.43,150346.53
2022-05-23,79.43,79.67,77.84,78.45,72761.91
2022-05-24,78.35,79.96,77.33,77.4,82424.24
2022-05-25,78.36,78.48,76.97,77.66,61039.37
2022-05-26,77.84,79.26,76.8,78.41,75126.42
2022-05-27,79.25,80.55,78.49,78.79,113280.96
2022-05-30,79.35,80.84,78.99,80.52,112072.31
2022-05-31,80.2,80.2,78.74,79.37,148225.92
2022-06-01,79.92,79.92,78.01,78.61,92331.84
2022-06-02,78.1,78.14,76.69,77.09,116573.73
2022-06-06,77.09,78.59,75.82,78.32,132900.37
2022-06-07,77.6,79.54,77.52,79.26,165484.57
2022-06-08,79.73,80.51,78.89,79.81,149624.71
2022-06-09,79.58,82.45,79.58,80.93,211649.56
2022-06-10,80.43,82.73,80.05,82.48,208173.42
2022-06-13,81.25,82.28,79.82,80.21,154942.61
2022-06-14,79.27,81.83,79.27,81.52,131406.28
2022-06-15,82.1,89.28,82.1,86.98,423957.01
2022-06-16,88.21,89.16,85.01,85.15,184780.2
2022-06-17,84.92,90.52,84.92,89.79,236477.61
2022-06-20,90.87,91.05,87.4,87.75,184549.96
2022-06-21,87.28,88.79,87.14,87.84,117458.8
2022-06-22,87.84,88.56,85.78,85.88,121121.24
2022-06-23,86.3,87.44,85.48,86.68,92242.41
2022-06-24,87.16,88.15,86.5,88.14,139507.17
2022-06-27,88.5,91.33,87.8,90.25,162994.23
2022-06-28,90.54,90.54,87.84,89.48,120898.18
2022-06-29,88.22,90.2,87.81,89.13,142693.13
2022-06-30,89.16,92.75,88.7,91.51,170794.59
2022-07-01,91.99,93.09,90.81,91.13,97763.29
2022-07-04,90.63,91.41,89.72,90.77,106751.78
2022-07-05,91.33,93.02,89.07,91.28,112654.37
2022-07-06,90.68,90.68,87.44,88.31,168588.59
2022-07-07,87.75,89.6,87.65,88.65,88923.04
2022-07-08,89.52,90.19,88.86,88.97,67252.99
2022-07-11,88.7,88.96,85.77,86.6,112828.25
2022-07-12,86.07,88.55,86.07,87.29,82826.38
2022-07-13,87.09,87.97,86.8,87.28,65879.34
2022-07-14,87.26,87.26,85.56,86.32,68856.8
2022-07-15,85.77,88.05,84.68,84.74,137445.72
2022-07-18,84.82,87.42,84.63,86.96,88046.66
2022-07-19,87.13,87.41,84.82,85.78,99796.11
2022-07-20,86.21,86.21,84.26,84.44,148709.96
2022-07-21,84.44,84.93,82.28,82.46,164799.92
2022-07-22,83.03,83.6,81.39,81.89,127753.56
2022-07-25,81.78,82.15,81.17,81.38,62457.93
2022-07-26,81.99,82.44,81.61,81.86,56724.35
2022-07-27,81.86,82.07,80.04,80.44,102206.27
2022-07-28,80.46,81.98,80.24,80.34,103329.28
2022-07-29,81.05,81.59,78.19,78.97,148111.78
2022-08-01,78.97,78.97,76.12,77.43,195240.55
2022-08-02,77.27,77.27,75.48,76.43,130160.9
2022-08-03,76.42,77.99,75.74,76.24,117749.79
2022-08-04,76.43,77.06,75.68,76.13,116435.34
2022-08-05,76.12,77.86,75.95,77.67,86584.35
2022-08-08,77.84,77.89,76.12,77.1,105330.24
2022-08-09,77.1,77.99,76.62,77.01,79954.17
2022-08-10,77.09,77.96,76.43,77.19,95402.95
2022-08-11,77.19,78.81,76.43,78.63,122212.92
2022-08-12,78.77,83.75,77.84,82.91,293465.43
2022-08-15,82.74,83.95,82.09,83.08,182571.76
2022-08-16,83.67,83.73,81.26,81.51,138204.53
2022-08-17,81.33,81.97,80.12,81.14,94365.92
2022-08-18,81.38,81.85,79.9,80.19,89799.12
2022-08-19,79.56,81.12,79.56,80.09,65012.92
2022-08-22,79.82,84.6,79.75,84.31,192275.82
2022-08-23,84.83,86.63,83.12,85.75,189970.13
2022-08-24,85.62,87.37,83.67,83.97,130734.46
2022-08-25,84.45,84.77,82.09,84.44,119050.05
2022-08-26,84.74,84.92,83.03,83.66,99394.4
2022-08-29,82.82,84.15,82.0,82.84,164820.63
2022-08-30,82.55,83.86,81.25,83.45,124323.73
2022-08-31,82.1,85.75,81.98,83.57,178618.49
2022-09-01,83.6,84.42,82.82,83.13,88192.87
2022-09-02,83.28,83.58,81.61,82.04,79980.35
2022-09-05,82.71,84.92,82.57,83.64,122136.22
2022-09-06,84.8,87.54,84.17,86.33,193505.69
2022-09-07,86.05,87.32,84.94,85.41,126221.06
2022-09-08,85.86,87.38,84.64,86.81,129152.16
2022-09-09,87.12,90.73,86.5,90.21,222659.48
2022-09-13,90.18,90.21,87.4,87.75,176571.43
2022-09-14,86.74,87.46,85.66,86.2,127333.68
2022-09-15,86.19,88.29,86.0,86.33,123089.82
2022-09-16,85.99,86.62,85.01,85.28,108718.54
2022-09-19,85.75,87.7,84.45,86.2,104449.62
2022-09-20,86.14,86.8,83.98,84.49,93643.04
2022-09-21,83.97,85.01,82.78,82.97,152845.0
2022-09-22,82.46,83.93,82.18,83.08,90628.95
2022-09-23,83.07,83.82,81.52,82.8,81462.46
2022-09-26,82.08,83.67,81.9,82.35,75486.54
2022-09-27,82.37,82.98,81.52,82.71,83392.89
2022-09-28,83.86,84.79,81.9,82.16,106504.83
2022-09-29,83.21,85.36,82.84,84.44,132140.63
2022-09-30,85.42,88.0,84.99,86.9,152911.43
2022-10-10,86.85,86.85,82.91,84.85,115885.11
2022-10-11,84.02,88.01,83.97,87.53,130021.23
2022-10-12,87.43,89.47,85.51,88.88,155628.91
2022-10-13,87.74,88.48,86.33,87.74,108579.38
2022-10-14,88.46,88.69,87.05,87.19,93150.52
2022-10-17,87.13,88.01,86.52,87.45,66832.57
2022-10-18,86.96,88.65,85.59,85.77,121894.35
2022-10-19,85.76,86.6,80.37,80.68,239365.79
2022-10-20,80.2,83.13,79.75,81.77,166229.72
2022-10-21,81.77,82.72,80.82,81.54,93149.2
2022-10-24,81.13,82.56,80.1,81.19,146833.65
2022-10-25,77.13,80.1,76.43,78.78,215461.15
2022-10-26,78.67,79.2,77.37,77.71,162073.64
2022-10-27,77.44,79.4,77.44,78.43,121248.37
2022-10-28,78.5,80.09,77.39,77.56,116627.5
2022-10-31,76.94,77.98,75.48,75.82,142233.7
2022-11-01,75.48,76.94,73.55,76.94,179132.72
2022-11-02,76.27,77.8,75.48,77.17,139612.48
2022-11-03,77.74,77.82,76.05,76.9,105483.26
2022-11-04,76.43,78.42,76.24,77.76,138320.2
2022-11-07,77.37,78.78,76.85,78.17,113286.62
2022-11-08,78.37,78.78,76.8,77.53,86196.98
2022-11-09,77.6,78.22,77.37,77.67,68047.99
2022-11-10,77.29,77.45,76.35,76.97,64345.36
2022-11-11,78.46,82.31,78.13,81.6,211947.72
2022-11-14,82.46,84.91,82.28,83.64,192416.82
2022-11-15,83.6,84.43,81.78,84.15,122273.03
2022-11-16,83.96,84.87,83.12,83.36,79946.12
2022-11-17,83.23,83.96,82.34,83.67,69225.61
2022-11-18,83.85,84.5,83.29,83.97,75621.68
2022-11-21,83.12,83.12,80.59,81.57,102853.77
2022-11-22,82.04,83.29,81.58,82.56,82348.36
2022-11-23,82.82,83.11,81.54,81.61,61431.59
2022-11-24,81.72,82.95,81.15,81.63,66937.6
2022-11-25,81.61,84.08,81.28,82.94,107631.14
2022-11-28,81.17,82.94,80.3,82.08,101274.4
2022-11-29,83.03,85.86,82.47,85.78,163514.16
2022-11-30,84.7,85.58,83.16,84.45,127006.83
2022-12-01,84.92,87.84,84.64,85.34,125210.62
2022-12-02,85.53,85.53,84.35,84.86,67709.0
2022-12-05,86.5,87.04,84.8,86.05,101391.92
2022-12-06,85.39,87.85,85.28,87.63,138662.54
2022-12-07,87.56,88.01,86.79,87.4,98224.93
2022-12-08,87.29,87.9,86.48,87.22,87634.66
2022-12-09,87.18,88.37,86.8,88.12,176613.67
2022-12-12,87.28,87.89,85.55,85.68,131044.69
2022-12-13,85.68,86.6,84.92,86.0,79596.93
2022-12-14,86.31,86.9,85.55,86.62,59313.76
2022-12-15,86.62,86.62,85.29,86.11,72142.61
2022-12-16,85.9,86.65,85.69,86.24,67525.14
2022-12-19,86.64,86.79,85.07,85.61,97144.52
2022-12-20,84.93,85.95,84.26,84.55,75881.57
2022-12-21,85.29,85.29,83.99,84.78,58907.61
2022-12-22,85.56,86.95,84.99,86.4,101540.29
2022-12-23,86.75,86.75,83.12,83.79,97505.31
2022-12-26,84.17,86.14,83.04,85.18,83705.12
2022-12-27,86.12,86.92,85.42,86.65,75299.29
2022-12-28,86.1,88.06,86.07,87.62,86327.25
2022-12-29,86.95,87.79,86.5,87.66,79151.62
2022-12-30,87.87,88.39,87.34,87.42,84234.65
2023-01-03,86.8,87.64,86.14,87.18,94489.47
2023-01-04,87.37,87.92,86.99,87.23,67351.21
2023-01-05,88.22,88.27,87.45,87.65,66735.76
2023-01-06,87.43,89.07,87.43,88.39,93806.28
2023-01-09,88.5,90.46,87.75,87.85,105348.45
2023-01-10,87.96,88.12,84.98,85.77,125571.35
2023-01-11,85.93,86.76,85.15,85.36,76590.56
2023-01-12,85.85,86.48,85.4,86.05,52958.98
2023-01-13,86.72,88.07,86.19,88.06,70399.56
2023-01-16,87.79,90.49,87.46,90.07,126589.2
2023-01-17,90.43,90.95,89.63,90.25,81314.5
2023-01-18,90.56,91.05,89.26,89.57,59231.13
2023-01-19,89.83,90.48,88.88,90.44,89974.26
2023-01-20,91.03,91.03,89.25,89.56,90780.4
2023-01-30,91.94,93.03,90.29,92.34,157534.45
2023-01-31,93.11,93.22,90.96,91.15,115906.78
2023-02-01,91.5,91.8,90.21,91.47,95032.58
2023-02-02,91.48,94.64,90.37,94.39,207343.76
2023-02-03,93.41,94.6,92.38,94.33,183163.46
2023-02-06,93.69,93.86,91.39,93.59,142930.31
2023-02-07,93.2,93.34,91.86,92.5,77759.4
2023-02-08,92.28,93.41,91.52,91.77,103212.68
2023-02-09,91.52,92.37,91.19,91.97,90776.2
2023-02-10,91.92,92.94,91.6,92.46,80099.46
2023-02-13,91.63,92.84,91.54,92.44,94457.0
2023-02-14,91.33,94.65,90.8,94.35,143878.42
2023-02-15,94.35,95.09,93.3,93.8,57900.02
2023-02-16,94.33,95.11,92.94,93.41,78569.46
2023-02-17,93.6,97.35,93.6,95.87,189710.93
2023-02-20,95.97,98.57,94.9,98.14,157290.61
2023-02-21,98.09,101.9,97.57,100.77,160754.48
2023-02-22,100.02,101.2,97.16,97.37,150165.49
2023-02-23,97.28,98.53,96.06,96.89,113987.45
2023-02-24,96.37,97.45,95.77,95.99,83446.91
2023-02-27,95.61,99.05,95.37,97.04,146274.87
2023-02-28,97.61,98.98,96.77,98.37,120780.28
2023-03-01,98.31,99.81,96.79,97.38,123237.24
2023-03-02,97.34,101.1,97.19,100.32,135221.23
2023-03-03,99.54,100.96,99.34,100.02,81163.52
2023-03-06,99.07,100.01,97.72,98.22,107823.85
2023-03-07,98.02,99.05,96.53,96.85,86129.46
2023-03-08,96.43,96.79,94.77,95.29,112911.7
2023-03-09,94.99,95.77,93.04,93.49,134120.17
2023-03-10,93.13,94.34,92.56,92.69,99601.9
2023-03-13,93.31,95.65,93.03,93.41,89229.42
2023-03-14,93.3,93.4,91.33,92.66,73614.19
2023-03-15,94.44,94.82,92.17,92.2,71495.6
2023-03-16,91.99,92.68,91.05,91.29,102665.45
2023-03-17,92.73,94.05,91.53,91.92,100549.44
2023-03-20,92.37,93.88,91.44,91.6,109238.32
2023-03-21,91.4,93.31,91.1,92.48,82920.03
2023-03-22,92.67,94.09,91.99,92.32,78276.17
2023-03-23,92.33,92.56,91.05,91.63,78148.0
2023-03-24,91.12,91.53,88.96,90.2,126103.69
2023-03-27,90.39,91.39,89.16,89.52,121702.93
2023-03-28,91.05,93.0,89.29,90.44,147250.16
2023-03-29,91.52,92.21,89.33,89.62,79821.33
2023-03-30,89.52,91.05,88.69,90.98,87615.25
2023-03-31,91.14,92.44,90.06,90.46,109078.57
2023-04-03,90.92,91.2,89.52,90.41,93115.24
2023-04-04,90.46,90.58,89.16,89.62,83804.46
2023-04-06,89.31,89.37,87.85,88.7,67564.44
2023-04-07,88.58,90.1,88.22,89.6,56830.96
2023-04-10,89.63,89.75,88.06,88.31,81537.69
2023-04-11,88.31,89.26,87.99,87.99,73271.19
2023-04-12,88.11,88.39,86.44,86.92,101385.89
2023-04-13,86.92,87.19,85.67,86.73,80211.93
2023-04-14,86.79,87.63,86.08,86.79,73790.65
2023-04-17,87.28,91.86,87.28,91.78,200459.88
2023-04-18,91.2,92.82,91.13,92.59,113653.55
2023-04-19,92.65,92.65,90.77,90.96,69587.39
2023-04-20,90.99,91.26,89.07,89.26,96781.51
2023-04-21,89.26,89.49,87.13,87.26,86334.53
2023-04-24,88.14,88.22,85.45,85.62,91392.8
2023-04-25,85.64,89.24,85.64,88.93,148932.86
2023-04-26,88.97,89.02,86.52,86.55,76318.6
2023-04-27,86.56,88.96,85.97,88.22,75369.05
2023-04-28,87.67,88.85,86.65,86.97,67491.81
2023-05-04,86.7,86.97,84.47,84.96,156440.21
2023-05-05,85.12,85.39,82.74,85.02,128220.74
2023-05-08,84.81,85.44,83.3,84.36,106549.11
2023-05-09,84.45,85.95,83.71,84.68,84699.56
2023-05-10,84.73,86.43,84.68,84.81,67092.56
2023-05-11,84.91,85.02,83.31,83.97,54142.93
2023-05-12,83.96,84.76,82.48,82.79,83174.78
2023-05-15,82.29,83.76,81.64,83.55,74197.92
2023-05-16,84.11,84.26,83.22,83.58,52947.68
2023-05-17,83.44,83.97,82.43,82.55,56876.34
2023-05-18,82.6,83.08,81.71,82.19,61388.75
2023-05-19,81.91,83.03,81.05,82.09,69253.17
2023-05-22,82.99,84.06,81.99,83.88,59320.05
2023-05-23,84.14,84.14,82.84,82.84,43184.92
2023-05-24,82.85,84.07,82.07,82.76,91372.47
2023-05-25,82.28,82.79,81.44,81.82,60241.64
2023-05-26,82.64,83.22,81.9,82.93,44428.88
2023-05-29,82.93,83.87,80.28,80.47,148619.35
2023-05-30,80.81,81.38,78.93,79.86,91449.74
2023-05-31,79.86,80.35,78.39,79.07,131239.79
2023-06-01,79.08,81.15,78.91,79.02,108336.85
2023-06-02,79.3,81.85,79.23,81.17,128836.83
2023-06-05,81.4,81.71,80.34,81.23,56895.12
2023-06-06,80.76,84.07,80.75,82.44,123477.05
2023-06-07,82.73,83.87,81.51,81.51,68162.47
2023-06-08,82.29,83.78,81.71,83.6,81554.19
2023-06-09,84.4,84.94,83.04,83.97,96882.63
2023-06-12,83.97,86.13,83.54,85.22,91422.17
2023-06-13,85.07,86.46,84.78,86.15,87482.74
2023-06-14,86.4,88.72,86.27,86.96,104758.53
2023-06-15,87.03,88.21,86.35,88.05,73845.69
2023-06-16,88.04,88.85,87.35,87.75,77672.6
2023-06-19,87.75,88.65,87.33,88.34,78072.34
2023-06-20,88.44,89.58,87.0,87.2,86654.0
2023-06-21,86.89,87.84,86.26,86.26,72948.9
2023-06-26,85.07,86.01,84.36,85.39,111210.55
2023-06-27,85.39,86.4,84.92,85.94,76262.79
2023-06-28,86.0,86.66,84.81,85.31,66506.06
2023-06-29,86.03,86.05,83.89,84.49,73392.98
2023-06-30,84.49,85.01,83.76,84.44,67987.4
2023-07-03,84.45,85.74,83.8,84.19,104038.65
2023-07-04,84.28,84.55,83.42,84.01,76535.56
2023-07-05,83.69,84.21,82.75,82.99,70323.86
2023-07-06,83.23,83.47,82.03,82.59,71860.34
2023-07-07,82.19,82.72,81.79,82.1,47570.86
2023-07-10,82.1,84.54,81.86,83.92,80072.29
2023-07-11,84.67,86.36,83.91,86.03,92577.37
2023-07-12,86.07,88.03,85.45,87.33,112768.7
2023-07-13,87.84,88.44,86.97,88.1,89596.98
2023-07-14,88.1,88.56,87.04,87.6,77317.67
2023-07-17,88.19,88.19,85.32,86.97,63017.44
2023-07-18,87.25,87.69,86.13,87.47,53419.54
2023-07-19,87.0,87.72,86.99,87.62,49743.61
2023-07-20,88.07,89.68,88.0,88.68,82318.08
2023-07-21,88.7,89.0,87.69,88.06,70263.38
2023-07-24,86.76,88.57,86.54,88.44,59064.23
2023-07-25,89.3,91.78,89.3,91.2,138234.05
2023-07-26,91.2,91.61,90.71,91.32,69747.31
2023-07-27,91.7,91.7,90.56,90.99,54907.98
2023-07-28,90.37,92.34,90.34,92.0,159770.09
2023-07-31,93.05,95.91,93.05,93.97,165409.85
2023-08-01,93.43,95.36,93.15,93.82,86633.97
2023-08-02,94.09,94.18,92.72,93.29,45313.56
2023-08-03,93.51,93.56,92.39,92.91,56385.35
2023-08-04,93.5,94.47,92.39,92.8,62118.74
2023-08-07,93.0,93.42,92.29,93.18,61049.1
2023-08-08,92.77,94.0,92.29,93.28,53332.71
2023-08-09,92.74,93.67,92.62,93.2,45379.39
2023-08-10,93.17,93.82,91.89,93.0,60431.43
2023-08-11,93.45,93.46,91.32,91.32,76181.53
2023-08-14,89.62,91.48,89.49,90.73,85772.88
2023-08-15,90.8,91.24,89.91,90.96,50113.31
2023-08-16,90.33,90.73,89.6,90.1,64255.76
2023-08-17,89.65,90.15,88.63,89.56,73062.5
2023-08-18,89.3,89.68,88.24,88.24,81928.46
2023-08-21,87.48,89.33,87.28,87.95,90481.29
2023-08-22,88.44,90.05,88.06,89.44,83046.76
2023-08-23,89.11,89.79,87.63,87.92,77153.77
2023-08-24,87.76,89.94,87.76,89.28,73103.51
2023-08-25,88.65,90.05,88.58,89.21,65605.54
2023-08-28,92.76,93.24,89.4,89.69,122225.77
2023-08-29,90.57,91.2,89.16,89.81,94656.2
2023-08-30,90.26,91.29,89.41,90.02,80316.81
2023-08-31,89.97,90.89,89.79,90.12,57316.52
2023-09-01,90.12,92.98,90.12,92.84,101934.69
2023-09-04,93.75,95.26,92.86,93.97,140067.79
2023-09-05,93.42,94.01,92.76,93.39,52702.5
2023-09-06,93.11,93.72,92.47,92.79,45175.87
2023-09-07,92.79,93.24,91.7,92.39,56659.22
2023-09-08,92.36,92.46,90.6,90.89,41882.64
2023-09-11,90.92,92.04,90.66,90.96,50715.23
2023-09-12,90.89,91.44,90.47,90.66,47955.86
2023-09-13,91.32,92.24,90.47,90.7,56656.17
2023-09-14,91.41,91.5,89.95,90.37,63418.22
2023-09-15,90.71,90.84,88.61,89.24,68807.84
2023-09-18,89.2,89.99,88.49,89.49,57024.28
2023-09-19,89.4,89.69,88.01,89.21,64229.68
2023-09-20,89.21,89.4,87.9,88.17,44882.2
2023-09-21,87.79,88.4,87.56,87.59,63086.27
2023-09-22,87.48,89.62,87.21,89.58,101497.7
2023-09-25,90.16,90.16,87.76,87.89,86211.07
2023-09-26,87.28,88.13,87.28,87.59,54435.02
2023-09-27,87.59,87.93,85.23,85.75,130435.99
2023-09-28,85.98,86.2,83.98,84.9,111354.04
2023-10-09,84.59,85.12,84.11,84.49,67733.67
2023-10-10,85.44,85.44,83.51,83.72,77824.04
2023-10-11,84.86,85.42,83.99,84.1,84493.42
2023-10-12,85.44,85.83,83.44,83.83,96282.79
2023-10-13,83.15,83.82,82.94,83.71,53214.73
2023-10-16,83.63,84.06,82.67,83.05,85167.38
2023-10-17,82.97,84.24,82.5,84.17,77118.2
2023-10-18,83.62,83.92,82.55,82.64,54789.61
2023-10-19,81.8,82.49,81.55,81.56,80863.02
2023-10-20,81.18,82.0,81.1,81.71,76724.37
2023-10-23,81.7,81.71,79.83,80.63,63183.91
2023-10-24,80.63,81.71,80.61,81.38,82505.36
2023-10-25,83.0,83.73,82.57,82.63,96977.31
2023-10-26,82.69,83.33,81.61,82.68,55685.46
2023-10-27,82.67,84.5,82.31,84.45,78387.57
2023-10-30,83.73,85.76,83.45,85.2,78558.75
2023-10-31,85.15,85.36,84.25,85.36,55055.92
2023-11-01,85.23,85.41,82.19,82.19,114378.49
2023-11-02,83.1,83.82,82.4,83.01,75500.61
2023-11-03,83.02,83.84,82.41,83.72,46231.54
2023-11-06,83.95,85.18,83.92,84.74,79429.08
2023-11-07,84.31,84.44,83.27,83.82,68060.13
2023-11-08,83.61,83.63,78.71,80.15,328420.22
2023-11-09,79.38,81.97,79.21,81.67,197778.5
2023-11-10,81.38,82.0,79.67,80.1,121529.29
2023-11-13,80.25,80.48,79.32,79.88,92355.84
2023-11-14,80.03,80.73,78.83,79.48,101942.7
2023-11-15,79.96,80.58,79.28,80.07,105194.45
2023-11-16,80.06,80.06,79.02,79.16,76773.0
2023-11-17,79.02,79.34,78.11,79.11,118090.48
2023-11-20,79.3,79.67,78.44,79.11,86138.83
2023-11-21,79.3,80.6,79.16,79.53,133489.16
2023-11-22,79.48,79.48,78.54,78.65,71358.36
2023-11-23,78.49,78.86,77.87,78.58,79807.45
2023-11-24,78.42,78.93,78.22,78.25,63598.6
2023-11-27,77.96,78.25,76.82,78.04,123554.82
2023-11-28,78.04,78.06,77.38,77.67,58007.64
2023-11-29,77.67,77.76,76.91,77.23,75310.46
2023-11-30,77.41,77.75,76.96,77.53,64244.04
2023-12-01,77.15,77.24,75.12,75.82,161763.0
2023-12-04,75.94,76.48,75.19,76.18,81528.63
2023-12-05,76.6,76.6,74.73,74.76,86110.45
2023-12-06,74.51,75.0,73.97,74.11,114751.55
2023-12-07,74.11,74.76,72.94,73.04,116809.99
2023-12-08,73.03,73.39,72.58,73.24,116521.76
2023-12-11,72.63,73.92,71.95,73.64,100056.24
2023-12-12,73.54,73.54,72.48,73.22,89051.01
2023-12-13,73.13,73.14,70.62,70.81,159132.1
2023-12-14,71.27,72.84,70.99,72.14,180787.91
2023-12-15,72.43,73.69,72.01,72.25,119867.67
2023-12-18,72.25,73.3,71.09,72.93,101306.51
2023-12-19,72.4,72.9,72.0,72.86,67669.73
2023-12-20,72.87,73.53,72.64,72.89,84388.29
2023-12-21,72.64,74.16,72.33,73.71,102353.96
2023-12-22,74.07,74.42,73.07,74.37,89266.5
2023-12-25,74.38,74.87,74.04,74.64,54931.72
2023-12-26,74.6,74.66,73.39,73.85,54676.69
2023-12-27,73.85,74.56,72.94,73.25,86786.04
2023-12-28,73.63,75.35,73.34,75.17,124737.3
2023-12-29,75.17,75.55,73.74,73.84,136951.66
2024-01-02,73.92,73.94,72.62,72.74,96389.11
2024-01-03,72.59,73.06,72.09,72.62,85717.6
2024-01-04,72.29,73.29,71.42,72.25,94171.55
2024-01-05,72.09,73.13,71.65,72.29,79455.31
2024-01-08,72.09,72.39,70.68,70.78,75435.44
2024-01-09,70.84,70.99,69.32,69.52,103765.19
2024-01-10,69.22,70.6,69.21,70.17,87546.51
2024-01-11,70.04,70.08,68.55,68.71,125805.54
2024-01-12,68.51,68.7,67.55,68.1,118519.86
2024-01-15,67.92,68.04,66.98,67.11,125433.31
2024-01-16,67.0,67.61,66.36,67.35,118083.3
2024-01-17,67.35,67.35,65.08,65.08,141452.82
2024-01-18,64.74,67.25,64.19,67.11,180312.45
2024-01-19,66.78,67.71,66.34,67.48,133997.1
2024-01-22,67.42,68.53,65.53,66.49,222455.33
2024-01-23,66.49,67.39,65.99,66.92,99871.53
2024-01-24,67.72,67.76,66.09,67.58,102873.12
2024-01-25,67.9,69.51,67.34,69.3,118143.08
2024-01-26,69.02,70.6,68.97,70.17,118425.96
2024-01-29,70.54,71.07,69.88,69.88,89999.33
2024-01-30,69.59,70.01,68.12,68.48,94994.55
2024-01-31,68.44,68.92,66.97,66.99,101779.09
2024-02-01,67.33,68.35,66.91,67.49,121272.25
2024-02-02,67.91,67.91,64.22,65.09,197405.37
2024-02-05,65.8,68.44,65.65,67.3,317069.73
2024-02-06,67.3,69.85,66.96,69.5,279208.62
2024-02-07,69.5,70.63,68.68,70.51,247917.89
2024-02-08,70.69,72.39,70.54,71.65,230213.62
2024-02-19,72.58,72.73,71.08,71.72,140315.24
2024-02-20,71.73,72.27,71.12,72.06,121953.95
2024-02-21,71.98,76.23,71.74,75.01,211498.98
2024-02-22,74.81,75.93,74.42,75.75,123665.01
2024-02-23,75.37,76.04,74.37,74.61,105571.01
2024-02-26,74.62,74.98,73.42,73.82,97432.79
2024-02-27,73.82,75.32,73.71,75.28,127086.26
2024-02-28,75.56,76.18,74.7,74.78,115948.59
2024-02-29,74.68,76.53,74.63,76.47,143677.94
2024-03-01,76.13,76.44,75.56,75.68,101937.94
2024-03-04,75.62,75.75,72.96,73.19,216447.46
2024-03-05,72.67,74.08,72.53,73.89,160289.71
2024-03-06,73.89,74.02,72.88,73.01,89461.61
2024-03-07,73.01,74.25,72.94,74.02,111431.04
2024-03-08,73.79,74.68,73.71,74.19,98987.75
2024-03-11,74.27,74.85,73.88,74.42,98188.26
2024-03-12,74.7,76.42,74.04,75.96,181002.51
2024-03-13,76.13,76.38,74.59,75.22,104668.4
2024-03-14,75.23,75.45,74.03,74.3,95341.39
2024-03-15,74.3,75.46,73.67,75.26,109686.0
2024-03-18,75.27,76.19,74.76,75.93,102678.8
2024-03-19,75.56,76.02,73.76,75.54,128400.96
2024-03-20,75.16,75.87,74.76,74.86,87322.57
2024-03-21,75.17,75.27,74.08,74.21,87386.6
2024-03-22,74.05,74.5,73.16,74.25,103740.56
2024-03-25,74.25,75.84,74.07,75.21,142507.57
2024-03-26,75.07,77.0,75.01,76.91,152008.5
2024-03-27,76.89,78.34,76.15,76.65,174824.14
2024-03-28,76.42,78.33,76.18,77.33,119067.59
2024-03-29,77.29,79.78,77.29,79.59,144184.24
2024-04-01,80.17,82.78,80.08,81.27,193533.17
2024-04-02,81.23,82.65,80.94,81.71,112407.65
2024-04-03,81.59,82.16,80.79,81.61,98814.46
2024-04-08,81.62,84.07,81.37,83.63,201503.38
2024-04-09,83.62,85.23,83.0,83.53,180637.48
2024-04-10,83.62,84.2,83.03,84.03,126110.45
2024-04-11,83.51,84.14,82.67,83.44,114491.18
2024-04-12,83.15,83.57,82.17,82.77,139203.58
2024-04-15,82.76,85.06,82.7,84.59,173721.6
2024-04-16,84.53,85.2,83.37,83.63,150895.04
2024-04-17,83.58,84.11,82.86,83.71,104412.18
2024-04-18,83.5,85.17,82.89,83.83,118306.84
2024-04-19,83.63,84.16,82.31,83.2,136851.04
2024-04-22,83.8,85.71,83.42,84.53,140806.22
2024-04-23,84.25,84.72,82.45,82.78,118534.33
2024-04-24,83.51,83.51,82.06,82.71,87000.27
2024-04-25,82.65,83.22,81.87,82.78,88403.02
2024-04-26,82.76,85.7,82.72,84.97,165540.85
2024-04-29,84.97,90.75,84.74,88.02,247390.05
2024-04-30,88.47,89.25,87.28,87.28,98231.68
2024-05-06,89.14,90.62,88.28,90.06,200195.52
2024-05-07,89.99,90.61,89.81,90.08,104734.91
2024-05-08,90.09,90.42,88.61,89.02,90705.95
2024-05-09,88.54,89.01,87.37,88.49,131994.87
2024-05-10,88.56,89.54,87.67,88.38,110644.27
2024-05-13,88.07,89.49,87.46,88.75,99943.8
2024-05-14,88.78,89.08,87.56,87.84,85479.63
2024-05-15,87.83,88.26,86.21,86.89,85873.72
2024-05-16,86.87,87.44,86.07,86.94,97363.11
2024-05-17,86.5,88.24,86.5,88.22,100872.64
2024-05-20,88.65,89.72,86.98,88.0,127766.01
2024-05-21,87.68,87.97,86.32,86.79,79245.12
2024-05-22,87.65,90.34,87.38,89.42,222422.89
2024-05-23,88.94,88.99,86.99,87.27,115112.08
2024-05-24,87.0,87.62,86.23,86.9,110292.25
2024-05-27,86.63,89.0,86.6,88.69,108152.48
2024-05-28,88.69,89.15,88.17,88.28,74346.25
2024-05-29,88.02,89.4,88.02,88.58,88145.88
2024-05-30,88.58,90.3,86.65,87.06,140117.05
2024-05-31,88.05,88.05,85.62,85.76,117405.84
2024-06-03,85.47,86.16,85.03,85.44,97821.84
2024-06-04,85.4,86.94,85.23,86.3,86282.66
2024-06-05,86.69,86.72,85.87,86.34,51997.83
2024-06-06,86.4,88.44,86.34,86.99,98514.2
2024-06-07,87.88,87.97,85.71,86.19,75729.01
2024-06-11,86.38,86.84,85.26,86.5,73561.54
2024-06-12,86.51,86.68,84.02,84.88,117531.55
2024-06-13,85.01,85.08,83.28,84.01,101181.15
2024-06-14,83.78,85.37,82.21,84.71,154341.96
2024-06-17,84.39,85.3,83.63,84.0,99565.14
2024-06-18,84.06,84.29,82.88,83.39,75874.72
2024-06-19,83.38,83.56,82.06,82.48,118025.02
2024-06-20,82.49,83.85,82.23,82.33,88540.35
2024-06-21,82.33,82.58,80.83,81.6,94078.64
2024-06-24,81.7,82.75,80.79,82.56,113688.5
2024-06-25,82.95,84.49,82.14,84.03,132209.14
2024-06-26,83.74,84.05,82.93,83.65,82363.53
2024-06-27,83.36,83.71,80.4,81.4,182364.98
2024-06-28,81.12,81.63,79.21,79.21,190360.39
2024-07-01,78.96,81.11,78.96,80.62,109442.45
2024-07-02,79.93,80.8,78.64,78.66,144155.98
2024-07-03,78.66,79.62,78.49,78.78,74683.45
2024-07-04,79.2,79.51,77.78,79.36,103398.38
2024-07-05,79.26,79.64,78.18,79.45,93077.0
2024-07-08,78.97,78.98,77.58,77.62,96050.13
2024-07-09,77.58,77.86,76.41,76.98,111466.5
2024-07-10,76.82,77.74,75.82,76.16,87811.55
2024-07-11,76.54,79.67,76.17,78.89,145118.03
2024-07-12,79.64,82.24,79.35,81.62,163353.2
2024-07-15,81.8,82.04,79.65,79.93,99133.4
2024-07-16,79.79,80.8,79.59,80.1,80404.29
2024-07-17,80.11,80.85,77.88,80.63,117961.17
2024-07-18,80.65,80.7,78.94,80.11,110673.91
2024-07-19,79.91,81.28,78.97,80.86,136021.1
2024-07-22,80.86,81.11,79.05,79.96,113375.83
2024-07-23,79.94,80.21,77.98,78.07,96585.95
2024-07-24,78.87,79.01,77.17,77.67,72106.94
2024-07-25,77.58,78.93,76.43,76.9,92142.92
2024-07-26,77.29,78.66,76.92,77.69,107030.28
2024-07-29,77.76,77.91,75.91,76.0,72032.41
2024-07-30,75.92,76.36,72.86,73.63,150216.6
2024-07-31,73.55,76.19,73.17,76.02,137457.59
2024-08-01,75.92,76.04,72.67,72.73,197499.58
2024-08-02,72.0,72.79,70.73,72.49,185326.14
2024-08-05,71.72,72.69,70.81,70.82,141863.73
2024-08-06,71.34,72.15,70.0,70.82,117388.67
2024-08-07,70.68,72.47,70.55,71.99,147293.78
2024-08-08,71.99,75.61,71.99,74.94,209534.59
2024-08-09,74.45,75.18,73.74,74.07,99007.55
2024-08-12,73.69,74.14,72.49,73.39,70078.24
2024-08-13,73.0,73.16,69.92,71.52,205133.72
2024-08-14,71.51,71.51,68.39,69.36,228153.74
2024-08-15,69.06,69.92,68.49,68.92,167196.28
2024-08-16,68.85,69.88,68.23,69.27,125167.78
2024-08-19,69.18,70.46,68.75,69.17,112562.85
2024-08-20,69.02,69.68,67.98,68.39,113705.78
2024-08-21,68.5,69.14,67.97,68.68,78736.43
2024-08-22,68.67,69.06,68.13,68.47,69754.59
2024-08-23,68.28,69.81,68.1,69.12,98013.82
2024-08-26,69.14,69.52,67.77,68.38,111761.94
2024-08-27,68.18,68.47,67.76,68.13,70850.33
2024-08-28,68.13,68.75,67.78,68.06,73453.65
2024-08-29,68.2,69.84,67.77,69.37,121401.83
2024-08-30,69.43,72.7,68.38,71.51,200345.26
2024-09-02,71.31,71.58,69.07,69.39,119911.58
2024-09-03,69.39,70.02,68.78,69.89,81048.13
2024-09-04,69.55,70.12,68.67,69.25,97005.81
2024-09-05,69.28,70.32,68.8,69.87,100809.2
2024-09-06,69.87,70.59,69.49,69.67,75826.45
2024-09-09,69.29,70.63,68.19,69.42,103733.14
2024-09-10,69.22,69.77,68.31,68.78,68860.85
2024-09-11,68.51,69.96,67.99,69.74,96063.52
2024-09-12,69.36,70.85,69.36,69.8,79976.72
2024-09-13,69.96,71.25,69.67,69.94,92360.19
2024-09-18,70.07,71.87,70.07,71.8,138093.41
2024-09-19,72.04,75.49,71.85,74.62,216323.55
2024-09-20,74.51,74.74,73.52,74.68,133339.65
2024-09-23,74.73,75.66,74.11,74.66,100787.96
2024-09-24,76.01,77.96,74.66,77.92,225201.4
2024-09-25,79.48,80.49,76.55,76.7,246866.47
2024-09-26,77.47,79.64,76.44,79.64,220232.91
2024-09-27,81.32,84.86,81.32,84.29,213327.96
2024-09-30,88.32,91.75,85.94,90.12,472789.24
2024-10-08,99.08,99.08,89.92,92.52,544066.47
2024-10-09,90.79,90.79,83.49,83.76,458294.99
2024-10-10,83.86,87.29,83.63,84.33,275524.97
2024-10-11,84.08,84.28,79.84,80.92,249783.3
2024-10-14,81.42,82.4,80.11,80.85,335814.25
2024-10-15,80.93,81.12,78.26,78.39,243052.5
2024-10-16,77.77,79.13,77.64,77.8,188647.83
2024-10-17,78.08,78.45,75.48,75.49,260469.88
2024-10-18,75.33,78.45,74.62,77.19,307101.37
2024-10-21,77.96,78.08,76.09,77.16,322369.78
2024-10-22,77.25,79.18,76.87,77.85,287766.64
2024-10-23,78.01,79.03,77.27,78.28,298037.52
2024-10-24,78.06,78.06,75.91,76.38,264120.23
2024-10-25,76.46,77.75,75.97,76.7,227121.26
2024-10-28,76.71,79.44,76.71,78.55,431055.93
2024-10-29,77.91,77.91,75.48,75.83,463608.67
2024-10-30,75.59,76.34,74.88,74.98,239448.99
2024-10-31,74.79,75.05,73.58,74.26,237519.83
2024-11-01,74.28,76.75,74.02,75.5,321770.74
2024-11-04,75.5,76.36,74.85,76.31,222049.25
2024-11-05,76.09,77.96,75.52,77.84,313684.35
2024-11-06,77.85,78.3,76.48,76.87,298053.36
2024-11-07,76.04,78.5,75.87,78.5,316260.94
2024-11-08,79.19,82.49,79.19,80.49,471874.58
2024-11-11,79.29,80.19,78.53,79.81,274189.08
2024-11-12,80.72,81.89,79.1,79.44,288344.45
2024-11-13,78.6,79.44,78.53,78.86,167561.71
2024-11-14,78.46,78.86,76.96,77.04,174972.3
2024-11-15,77.04,77.82,75.79,75.98,188633.74
2024-11-18,75.99,77.76,75.0,75.36,226835.39
2024-11-19,75.69,76.19,75.2,76.12,134705.55
2024-11-20,75.99,76.04,75.0,75.78,197161.85
2024-11-21,76.12,76.22,75.26,75.67,141897.79
2024-11-22,75.29,75.49,72.8,72.92,310177.48
2024-11-25,72.92,73.46,71.51,72.04,179755.69
2024-11-26,71.76,72.48,71.36,71.94,106052.1
2024-11-27,71.92,73.57,71.63,73.5,150980.61
2024-11-28,73.12,73.69,72.68,72.94,111176.85
2024-11-29,73.03,74.01,72.13,73.31,174087.67
2024-12-02,73.22,74.5,72.93,74.4,163287.11
2024-12-03,74.39,74.45,73.64,74.07,123770.74
2024-12-04,74.01,74.01,72.29,72.44,237865.79
2024-12-05,72.06,72.23,71.05,71.38,193946.73
2024-12-06,71.4,73.01,71.4,72.66,173515.8
2024-12-09,72.73,73.09,71.94,72.21,149045.62
2024-12-10,74.16,75.1,73.19,73.4,322811.95
2024-12-11,73.13,74.06,73.03,73.92,141124.63
2024-12-12,73.88,75.63,73.6,75.35,259971.02
2024-12-13,74.91,74.95,73.69,73.77,196938.2
2024-12-16,73.77,74.25,72.41,72.55,131402.72
2024-12-17,72.39,74.69,72.27,74.12,192356.09
2024-12-18,74.23,75.33,73.66,73.73,148570.75
2024-12-19,73.35,73.8,72.76,73.28,83827.17
2024-12-20,73.29,73.49,72.4,72.72,128670.95
2024-12-23,72.71,73.98,72.66,73.16,134277.99
2024-12-24,73.17,74.41,72.91,73.91,155854.6
2024-12-25,74.01,74.01,72.08,72.35,186454.31
2024-12-26,72.35,72.44,71.63,72.12,167290.81
2024-12-27,72.13,72.23,71.46,72.03,166676.0
2024-12-30,71.92,73.01,71.69,71.89,186823.66
2024-12-31,71.67,71.99,70.4,70.41,236275.66
2025-01-02,70.41,70.41,68.49,68.8,257306.89
2025-01-03,68.8,70.2,68.78,69.17,177043.91
2025-01-06,69.2,69.78,68.76,69.34,143874.06
2025-01-07,69.2,69.47,68.27,68.57,163240.21
2025-01-08,68.57,68.57,66.88,67.3,224259.26
2025-01-09,67.21,67.53,66.63,66.82,157823.66
2025-01-10,66.93,67.2,65.03,65.03,235103.11
2025-01-13,65.02,66.21,64.59,65.81,151597.32
2025-01-14,65.81,67.1,65.41,66.92,178331.93
2025-01-15,67.11,67.2,66.02,66.3,112573.68
2025-01-16,66.29,68.09,66.27,66.85,192764.66
2025-01-17,66.76,68.38,66.56,67.71,185262.17
2025-01-20,68.39,68.86,67.62,67.82,160453.06
2025-01-21,68.09,68.14,66.16,66.63,188536.57
2025-01-22,66.43,66.88,65.18,66.85,234111.18
2025-01-23,67.14,67.85,67.03,67.17,171964.34
2025-01-24,67.17,67.62,66.82,67.09,140463.59
2025-01-27,67.11,68.09,67.1,67.63,160293.55
2025-02-05,67.69,67.9,66.32,66.84,131562.9
2025-02-06,66.78,66.89,65.63,66.24,219327.44
2025-02-07,66.12,68.39,65.67,67.91,384058.32
2025-02-10,68.29,70.66,68.14,70.36,358010.09
2025-02-11,70.09,70.3,69.63,70.22,147779.07
2025-02-12,70.23,70.92,69.9,70.51,177114.31
2025-02-13,70.59,73.02,70.56,72.34,374381.07
2025-02-14,72.03,72.03,69.3,69.53,400509.3
2025-02-17,69.54,69.62,68.5,69.49,225465.35
2025-02-18,69.01,70.4,68.78,69.04,221065.57
2025-02-19,68.99,69.14,68.33,68.73,204892.35
2025-02-20,68.54,68.54,67.22,67.65,258828.39
2025-02-21,67.65,67.91,66.56,67.19,230946.78
2025-02-24,66.91,67.77,66.81,67.2,191014.84
2025-02-25,66.78,67.05,66.01,66.18,212913.0
2025-02-26,66.36,67.6,66.36,67.45,222434.66
2025-02-27,67.45,68.33,67.09,68.01,204996.26
2025-02-28,67.99,69.66,67.76,67.91,265094.97
2025-03-03,67.91,69.24,67.81,68.06,192872.21
2025-03-04,67.71,68.06,67.02,67.51,157214.78
2025-03-05,67.5,67.59,66.96,67.02,116492.43
2025-03-06,67.4,67.83,66.91,67.46,143344.85
2025-03-07,67.46,68.25,67.05,67.72,184585.94
2025-03-10,67.72,68.77,67.25,68.29,166962.46
2025-03-11,67.62,68.27,67.3,68.27,158258.55
2025-03-12,68.27,68.39,66.91,66.94,283281.24
2025-03-13,67.1,67.58,66.79,67.16,141440.8
2025-03-14,67.19,69.37,67.11,68.92,360472.64
2025-03-17,69.33,70.83,69.31,69.87,237175.58
2025-03-18,68.69,68.69,67.28,67.7,391946.08
2025-03-19,67.48,69.06,67.46,68.4,223024.96
2025-03-20,68.13,68.32,67.35,67.43,185016.13
2025-03-21,67.36,67.88,66.47,66.51,223937.09
2025-03-24,66.47,66.7,65.9,66.18,183654.58
2025-03-25,66.22,67.65,65.82,67.58,249868.29
2025-03-26,67.53,67.56,67.04,67.18,121131.77
2025-03-27,67.2,68.09,67.19,67.63,171345.7
2025-03-28,67.64,68.03,66.65,66.82,141281.09
2025-03-31,67.19,67.65,66.19,66.33,152553.87
2025-04-01,66.34,66.75,66.0,66.22,143215.92
2025-04-02,66.22,66.26,65.65,65.71,170742.98
2025-04-03,64.73,65.13,64.54,64.88,195279.41
2025-04-07,61.97,61.97,58.39,58.39,449230.37
2025-04-08,59.41,59.46,57.12,59.46,435352.5
2025-04-09,58.39,59.38,57.73,59.38,321192.83
2025-04-10,60.67,60.68,59.22,60.08,266348.66
2025-04-11,59.56,59.7,58.87,59.41,183921.26
2025-04-14,59.45,59.66,58.53,58.67,241032.49
2025-04-15,57.59,57.61,54.49,55.52,669616.48
2025-04-16,55.53,55.56,53.84,54.62,419179.0
2025-04-17,54.08,54.54,53.86,54.17,344153.18
2025-04-18,54.19,54.33,53.88,54.27,208294.6
2025-04-21,54.16,54.16,53.18,53.55,340943.55
2025-04-22,53.29,53.83,53.18,53.37,233711.05
2025-04-23,53.61,54.94,53.61,54.33,396007.23
2025-04-24,54.44,54.44,53.51,53.73,211666.36
2025-04-25,54.18,56.24,54.17,55.31,486824.98
2025-04-28,55.31,55.31,54.41,54.46,221997.62
2025-04-29,54.48,54.49,53.63,53.78,217374.17
2025-04-30,53.68,54.41,53.59,53.72,167348.18
2025-05-06,54.16,54.38,53.78,54.34,266810.04
2025-05-07,55.26,55.36,54.25,54.7,266257.97
2025-05-08,54.3,54.97,54.16,54.72,204165.72
2025-05-09,54.66,54.66,53.96,54.17,178434.57
2025-05-12,54.76,56.72,54.67,56.72,613487.12
2025-05-13,57.24,57.34,56.03,56.21,338236.97
2025-05-14,56.2,57.55,56.04,57.52,380970.6
2025-05-15,57.27,57.65,56.53,56.68,246833.39
2025-05-16,56.4,56.44,55.88,56.08,186262.62
2025-05-19,56.08,56.19,55.41,56.0,143919.78
2025-05-20,55.92,56.34,55.57,56.06,142920.53
2025-05-21,55.8,56.31,55.77,55.92,128649.48
2025-05-22,55.86,55.86,55.3,55.42,130733.83
2025-05-23,55.48,56.3,55.32,55.34,215233.74
2025-05-26,55.35,55.45,54.6,54.68,185026.31
2025-05-27,54.7,54.8,54.18,54.23,142351.25
2025-05-28,54.39,54.42,54.16,54.19,96506.91
2025-05-29,54.26,54.8,53.93,54.8,143998.44
2025-05-30,54.88,54.88,53.92,54.14,150576.25
2025-06-03,54.06,54.38,54.0,54.14,121928.25
2025-06-04,54.14,54.62,54.01,54.42,115984.2
2025-06-05,54.5,54.58,54.08,54.26,156285.47
2025-06-06,54.28,55.79,54.25,54.88,243160.57
2025-06-09,55.07,55.6,54.8,55.17,182017.66
2025-06-10,55.18,55.38,54.31,54.63,207078.83
2025-06-11,54.64,55.14,54.53,55.02,156004.58
2025-06-12,54.98,54.99,54.42,54.5,163103.25
2025-06-13,54.31,55.22,54.0,54.41,209050.99
2025-06-16,54.36,54.85,54.01,54.13,189961.46
2025-06-17,54.14,54.27,53.88,53.98,132341.43
2025-06-18,54.04,54.4,53.85,53.96,130096.0
2025-06-19,53.95,53.97,53.24,53.4,167777.05
2025-06-20,53.4,53.82,53.19,53.19,140224.37
2025-06-23,52.9,52.9,52.1,52.53,217468.5
2025-06-24,52.54,53.3,52.49,53.24,237343.45
2025-06-25,53.24,53.69,52.83,53.61,254327.34
2025-06-26,53.52,53.79,53.16,53.17,201586.84
2025-06-27,53.17,53.97,53.1,53.39,240336.75
2025-06-30,53.39,54.32,53.23,54.26,242871.23
2025-07-01,54.03,54.49,53.93,53.98,161936.8
2025-07-02,53.98,54.99,53.8,54.21,314323.69
2025-07-03,54.22,54.98,54.0,54.56,263591.87
2025-07-04,54.57,54.66,53.91,54.09,226735.94
2025-07-07,54.09,54.98,53.93,54.3,186016.07
2025-07-08,54.3,55.79,54.01,55.3,369202.62
2025-07-09,55.33,55.44,54.36,54.44,265129.01
2025-07-10,54.45,56.8,54.45,56.41,671779.33
2025-07-11,56.18,56.52,55.72,55.72,401421.96
2025-07-14,55.73,56.05,55.23,55.25,263069.97
2025-07-15,55.25,55.45,54.5,55.02,245152.88
2025-07-16,55.0,55.09,54.71,54.84,155576.74
2025-07-17,54.89,55.33,54.72,55.15,223018.42
2025-07-18,55.52,59.96,55.31,59.72,1178913.41
2025-07-21,59.99,60.35,59.01,59.94,628162.66
2025-07-22,60.4,63.05,59.9,63.05,1030836.19
2025-07-23,63.0,63.28,61.66,61.83,682328.08
2025-07-24,61.25,62.71,61.24,62.51,510849.5
2025-07-25,62.58,64.64,62.57,62.98,546335.89
2025-07-28,62.0,62.96,61.55,62.6,398068.61
2025-07-29,62.61,63.15,61.83,61.96,307875.0
2025-07-30,62.56,64.95,62.52,63.84,662587.11
2025-07-31,63.8,63.8,61.82,62.31,515264.96
2025-08-01,61.4,61.88,60.66,60.92,393958.4
2025-08-04,60.4,60.78,59.92,60.48,255821.07
2025-08-05,60.58,61.25,60.5,60.99,227963.21
2025-08-06,60.99,61.36,60.57,61.08,197458.52
2025-08-07,61.19,61.55,60.24,60.62,224056.53
2025-08-08,60.8,61.46,60.3,60.8,209182.31
2025-08-11,61.07,61.8,61.0,61.46,263564.26
2025-08-12,61.08,64.49,60.9,62.9,633869.85
2025-08-13,62.91,63.16,62.31,62.98,313200.04
2025-08-14,62.99,63.47,62.05,62.51,306673.75
2025-08-15,62.15,63.65,62.1,62.99,309612.11
2025-08-18,63.05,63.7,62.63,62.71,395253.76
2025-08-19,62.9,64.2,62.13,62.19,381996.52
2025-08-20,62.19,63.09,61.57,63.04,337232.86
2025-08-21,63.16,66.0,63.16,65.6,785601.88
2025-08-22,65.85,67.48,65.41,67.17,564038.43
2025-08-25,67.25,68.77,66.6,68.17,513981.26
2025-08-26,68.17,70.78,67.72,69.63,556442.67
2025-08-27,69.64,70.24,68.05,68.05,487421.53
2025-08-28,67.84,69.15,66.5,68.13,485337.12
2025-08-29,68.14,69.12,68.06,68.6,361429.3
2025-09-01,68.6,69.85,68.0,69.02,403277.47
2025-09-02,69.02,69.21,66.95,67.27,385692.19
2025-09-03,67.27,67.96,65.9,66.89,284232.67
2025-09-04,66.09,66.6,63.78,64.69,502025.87
2025-09-05,64.64,66.12,64.51,65.85,324338.29
2025-09-08,65.88,69.93,65.77,69.6,630918.66
2025-09-09,69.65,70.2,67.82,68.52,403632.65
2025-09-10,67.84,68.38,66.96,67.54,244392.88
2025-09-11,67.3,68.5,66.82,68.43,319294.65
2025-09-12,68.44,68.71,67.1,67.79,263774.07
2025-09-15,67.79,69.09,67.5,67.74,209925.1
2025-09-16,67.81,68.05,66.0,66.61,284113.48
2025-09-17,66.32,67.5,66.06,67.01,212181.75
2025-09-18,67.02,67.08,65.35,65.88,314009.89
2025-09-19,65.66,66.52,65.31,65.31,293062.87
2025-09-22,65.22,65.22,63.51,64.1,287562.59
2025-09-23,64.12,64.41,62.59,63.34,268882.6
2025-09-24,63.06,63.92,63.0,63.68,215650.93
2025-09-25,63.66,65.35,63.55,64.56,285235.59
2025-09-26,64.48,64.87,63.9,64.01,209298.25
2025-09-29,64.2,66.53,63.7,65.94,329371.69
2025-09-30,65.88,66.86,65.26,66.58,293174.11
2025-10-09,66.58,67.85,65.3,67.73,335340.0
2025-10-10,67.5,68.8,66.66,67.73,328917.39
2025-10-13,65.12,66.78,64.99,66.35,306093.72
2025-10-14,66.54,67.45,64.54,64.77,306328.49
2025-10-15,64.7,65.56,64.07,64.75,208856.78
2025-10-16,64.82,64.82,62.55,62.99,351123.83
2025-10-17,62.96,63.65,61.5,61.51,301345.79
2025-10-20,62.03,62.03,60.61,60.86,259369.26
2025-10-21,61.09,61.55,60.6,61.18,191258.97
2025-10-22,61.2,61.58,60.81,61.34,158524.72
2025-10-23,61.24,62.8,60.85,62.73,225942.42
2025-10-24,62.69,62.97,61.01,61.45,310696.41
2025-10-27,62.0,63.3,61.81,62.49,367917.59
2025-10-28,62.66,62.66,61.41,61.48,247704.19
2025-10-29,61.4,62.45,61.03,61.99,269625.42
2025-10-30,62.0,62.25,61.18,61.71,280866.99
2025-10-31,61.88,63.33,61.87,62.63,311848.57
2025-11-03,62.85,62.96,61.66,62.52,182917.73
2025-11-04,62.35,62.85,61.11,61.6,189338.55
2025-11-05,61.11,62.08,60.69,61.47,177935.6
2025-11-06,61.3,62.45,61.3,61.7,205363.1
2025-11-07,61.69,65.51,61.35,65.27,762160.0
2025-11-10,66.2,68.78,66.15,67.86,786641.6
2025-11-11,67.4,68.49,66.75,67.95,373544.69
2025-11-12,68.0,68.5,67.23,67.77,299056.91
2025-11-13,67.4,69.16,67.4,68.71,416458.4
2025-11-14,67.4,68.28,65.8,65.8,504502.96
2025-11-17,65.08,67.68,65.08,66.38,326430.84
2025-11-18,66.4,66.76,65.02,65.4,234161.99
2025-11-19,65.2,66.0,65.0,65.61,162992.74
2025-11-20,65.97,66.47,64.18,64.3,207793.25
2025-11-21,63.85,63.93,62.33,62.71,298714.74
2025-11-24,63.43,63.65,62.26,62.79,242334.82
2025-11-25,63.0,64.1,62.93,63.04,216534.63
2025-11-26,63.06,63.88,62.82,63.7,168651.0
2025-11-27,63.4,66.33,63.35,65.9,378088.66
2025-11-28,65.89,67.98,65.85,67.12,388355.22
