date,open,high,low,close,volume
2010-01-04,4.07,4.22,4.07,4.1,187914.1
2010-01-05,4.1,4.19,4.05,4.19,126557.76
2010-01-06,4.2,4.26,4.13,4.13,105923.89
2010-01-07,4.13,4.16,4.01,4.03,89826.4
2010-01-08,4.03,4.07,3.93,4.07,62083.86
2010-01-11,4.08,4.13,3.98,4.0,73664.56
2010-01-12,3.99,4.14,3.93,4.14,94625.46
2010-01-13,4.05,4.29,4.03,4.27,239208.9
2010-01-14,4.27,4.38,4.21,4.37,203830.59
2010-01-15,4.36,4.42,4.27,4.33,140815.15
2010-01-18,4.3,4.52,4.24,4.51,205276.23
2010-01-19,4.51,4.72,4.45,4.59,248595.35
2010-01-20,4.59,4.63,4.35,4.37,213939.49
2010-01-21,4.34,4.42,4.31,4.37,108583.9
2010-01-22,4.29,4.29,4.08,4.19,143081.2
2010-01-25,4.17,4.24,4.07,4.08,68600.7
2010-01-26,4.07,4.12,3.93,3.98,66993.52
2010-01-27,4.01,4.2,3.96,4.11,129865.56
2010-01-28,4.11,4.22,4.07,4.2,109546.07
2010-01-29,4.22,4.38,4.18,4.33,126775.13
2010-02-01,4.36,4.39,4.16,4.16,116829.72
2010-02-02,4.24,4.51,4.22,4.37,242661.08
2010-02-03,4.38,4.38,4.12,4.33,163113.71
2010-02-04,4.3,4.54,4.24,4.54,215185.43
2010-02-05,4.46,4.66,4.38,4.48,232760.2
2010-02-08,4.44,4.5,4.36,4.43,86742.29
2010-02-09,4.43,4.58,4.4,4.5,139522.29
2010-02-10,4.55,4.58,4.38,4.43,102174.39
2010-02-11,4.44,4.53,4.24,4.27,151196.51
2010-02-12,4.24,4.35,4.19,4.29,86313.69
2010-02-22,4.29,4.37,4.22,4.28,71962.05
2010-02-23,4.26,4.38,4.17,4.38,90852.42
2010-02-24,4.33,4.62,4.32,4.58,212654.6
2010-02-25,4.6,4.72,4.56,4.69,262752.68
2010-02-26,4.7,4.79,4.63,4.72,201536.58
2010-03-01,4.71,4.83,4.68,4.79,185138.74
2010-03-02,4.81,4.84,4.6,4.66,184725.66
2010-03-03,4.65,4.99,4.62,4.94,302046.31
2010-03-04,4.92,4.92,4.58,4.61,227071.63
2010-03-05,4.66,4.69,4.5,4.64,114391.76
2010-03-08,4.66,4.77,4.57,4.73,122517.04
2010-03-09,4.73,4.73,4.59,4.62,116214.23
2010-03-10,4.62,4.67,4.5,4.53,88218.11
2010-03-11,4.54,4.58,4.39,4.44,99019.46
2010-03-12,4.47,4.5,4.38,4.38,70228.66
2010-03-15,4.37,4.45,4.33,4.44,53805.9
2010-03-16,4.45,4.46,4.35,4.44,43232.31
2010-03-17,4.45,4.57,4.43,4.57,76750.59
2010-03-18,4.59,4.61,4.47,4.52,75026.81
2010-03-19,4.52,4.54,4.42,4.48,67730.45
2010-03-22,4.49,4.54,4.41,4.48,63049.98
2010-03-23,4.51,4.6,4.5,4.54,99202.39
2010-03-24,4.54,4.55,4.46,4.48,60480.69
2010-03-25,4.46,4.47,4.33,4.33,84441.82
2010-03-26,4.33,4.39,4.24,4.37,57340.81
2010-03-30,4.45,4.47,4.29,4.36,96118.42
2010-03-31,4.36,4.36,4.28,4.3,61271.72
2010-04-01,4.3,4.35,4.29,4.34,102437.93
2010-04-02,4.38,4.45,4.35,4.42,138437.67
2010-04-06,4.42,4.44,4.33,4.39,99628.88
2010-04-07,4.37,4.37,4.29,4.31,105473.19
2010-04-08,4.31,4.35,4.29,4.3,82644.12
2010-04-09,4.32,4.37,4.3,4.35,100301.97
2010-04-12,4.39,4.54,4.35,4.54,306769.81
2010-04-13,4.56,4.59,4.34,4.47,179745.45
2010-04-14,4.47,4.66,4.43,4.64,234422.92
2010-04-15,4.62,4.64,4.49,4.55,138215.44
2010-04-16,4.54,4.57,4.45,4.49,111841.9
2010-04-19,4.43,4.44,4.21,4.21,145561.79
2010-04-20,4.22,4.26,4.11,4.15,130168.6
2010-04-21,4.16,4.28,4.09,4.27,107892.91
2010-04-22,4.24,4.34,4.16,4.29,91252.22
2010-04-23,4.28,4.37,4.24,4.24,67106.26
2010-04-26,4.2,4.3,4.19,4.19,53620.89
2010-04-28,4.02,4.1,3.96,3.99,73843.16
2010-04-29,3.99,4.07,3.82,3.83,54946.25
2010-04-30,3.87,3.87,3.45,3.6,89041.66
2010-05-04,3.52,3.63,3.47,3.6,30169.87
2010-05-05,3.59,3.77,3.57,3.76,58823.59
2010-05-06,3.74,3.86,3.66,3.67,72191.19
2010-05-07,3.63,3.88,3.56,3.8,120496.14
2010-05-10,3.8,3.98,3.77,3.85,99707.33
2010-05-11,3.93,3.94,3.59,3.65,54147.78
2010-05-12,3.6,3.69,3.45,3.5,52679.96
2010-05-13,3.5,3.59,3.38,3.55,63095.86
2010-05-14,3.52,3.53,3.44,3.47,47893.7
2010-05-17,3.43,3.46,3.17,3.18,50408.46
2010-05-18,3.18,3.2,2.98,3.1,70046.4
2010-05-19,3.09,3.15,3.06,3.09,41511.27
2010-05-20,3.12,3.14,2.99,2.99,42973.21
2010-05-21,2.93,3.06,2.82,3.04,55055.44
2010-05-24,3.06,3.19,3.06,3.16,71515.72
2010-05-26,3.12,3.23,3.02,3.22,89942.73
2010-05-27,3.16,3.45,3.12,3.38,96591.97
2010-05-28,3.37,3.59,3.31,3.54,113113.88
2010-05-31,3.45,3.58,3.35,3.45,164086.45
2010-06-01,3.45,3.54,3.31,3.5,130377.95
2010-06-02,3.45,3.78,3.43,3.49,210019.12
2010-06-03,3.46,3.55,3.33,3.33,121274.44
2010-06-04,3.3,3.39,3.22,3.38,77231.91
2010-06-07,3.32,3.44,3.26,3.41,50727.42
2010-06-08,3.37,3.5,3.31,3.35,89850.69
2010-06-09,3.31,3.4,3.18,3.34,147131.94
2010-06-10,3.3,3.6,3.26,3.51,193795.11
2010-06-11,3.48,3.53,3.35,3.45,200748.95
2010-06-17,3.46,3.48,3.35,3.43,121723.31
2010-06-18,3.41,3.42,3.22,3.24,44528.07
2010-06-21,3.21,3.32,3.14,3.27,40205.53
2010-06-22,3.22,3.32,3.22,3.26,29757.05
2010-06-23,3.22,3.29,3.17,3.21,30431.33
2010-06-24,3.21,3.23,3.1,3.14,40774.32
2010-06-25,3.13,3.15,3.04,3.06,32950.34
2010-06-28,3.07,3.11,2.95,2.98,65687.44
2010-06-29,2.98,2.99,2.81,2.82,63963.68
2010-06-30,2.81,2.82,2.73,2.73,36099.93
2010-07-01,2.73,2.78,2.72,2.73,23046.1
2010-07-02,2.73,2.76,2.59,2.75,39548.36
2010-07-05,2.73,2.73,2.65,2.7,17204.42
2010-07-06,2.69,2.77,2.69,2.77,27246.35
2010-07-07,2.77,2.8,2.73,2.79,28841.73
2010-07-08,2.8,2.81,2.64,2.71,78508.04
2010-07-09,2.7,2.81,2.67,2.79,68106.42
2010-07-12,2.79,2.85,2.79,2.83,62069.98
2010-07-13,2.81,2.9,2.78,2.85,88007.38
2010-07-14,2.85,2.97,2.84,2.94,107995.47
2010-07-15,2.91,2.99,2.86,2.87,90402.03
2010-07-16,2.82,2.94,2.81,2.93,72387.06
2010-07-19,2.88,3.14,2.87,3.08,118272.57
2010-07-20,3.04,3.1,3.02,3.09,203040.49
2010-07-21,3.08,3.14,3.04,3.05,98591.24
2010-07-22,3.03,3.06,2.98,3.05,69267.76
2010-07-23,3.04,3.06,2.98,3.0,54320.45
2010-07-26,2.98,3.05,2.98,3.04,54884.92
2010-07-27,3.03,3.09,3.02,3.07,79816.99
2010-07-28,3.06,3.15,3.05,3.13,103048.18
2010-07-29,3.13,3.15,3.09,3.14,90371.89
2010-07-30,3.14,3.16,3.09,3.12,55261.18
2010-08-02,3.09,3.2,3.07,3.16,114973.42
2010-08-03,3.19,3.21,3.08,3.09,96145.84
2010-08-04,3.1,3.12,3.03,3.09,83824.55
2010-08-05,3.1,3.31,3.09,3.19,188115.71
2010-08-06,3.16,3.36,3.15,3.29,184811.12
2010-08-09,3.36,3.52,3.35,3.45,201643.7
2010-08-10,3.44,3.46,3.27,3.29,147916.82
2010-08-11,3.29,3.36,3.26,3.31,100285.21
2010-08-12,3.26,3.3,3.16,3.19,86137.76
2010-08-13,3.21,3.24,3.15,3.23,63044.0
2010-08-16,3.24,3.33,3.23,3.29,75274.49
2010-08-17,3.35,3.37,3.25,3.28,77116.54
2010-08-18,3.28,3.34,3.2,3.25,91776.96
2010-08-19,3.25,3.3,3.2,3.29,87439.37
2010-08-20,3.28,3.32,3.23,3.23,89524.55
2010-08-23,3.2,3.23,3.15,3.2,64667.95
2010-08-24,3.21,3.33,3.15,3.3,113963.72
2010-08-25,3.27,3.32,3.18,3.18,69106.49
2010-08-26,3.18,3.21,3.12,3.16,60107.21
2010-08-27,3.14,3.22,3.13,3.18,44117.31
2010-08-30,3.2,3.35,3.2,3.34,136051.81
2010-08-31,3.31,3.54,3.29,3.48,243226.94
2010-09-01,3.45,3.5,3.36,3.42,98477.49
2010-09-02,3.45,3.65,3.43,3.56,166941.34
2010-09-03,3.55,3.71,3.51,3.59,157222.85
2010-09-06,3.63,3.68,3.51,3.53,88196.35
2010-09-07,3.52,3.59,3.41,3.55,84438.17
2010-09-08,3.56,3.6,3.48,3.56,70554.47
2010-09-09,3.58,3.66,3.52,3.57,141222.51
2010-09-10,3.55,3.71,3.55,3.7,137826.53
2010-09-13,3.73,3.89,3.73,3.77,167665.21
2010-09-14,3.8,3.98,3.78,3.88,167001.11
2010-09-15,3.82,3.86,3.69,3.7,104074.42
2010-09-16,3.7,3.7,3.49,3.56,71235.67
2010-09-17,3.58,3.63,3.48,3.62,74698.04
2010-09-20,3.61,3.66,3.56,3.6,53639.04
2010-09-21,3.58,3.62,3.51,3.56,42835.94
2010-09-27,3.56,3.7,3.55,3.69,48443.38
2010-09-28,3.67,3.74,3.63,3.65,47078.54
2010-09-29,3.63,3.73,3.6,3.7,48418.61
2010-09-30,3.69,3.76,3.66,3.73,47637.56
2010-10-08,3.75,3.84,3.75,3.82,76438.38
2010-10-11,3.82,4.01,3.82,3.88,138378.4
2010-10-12,3.88,3.88,3.79,3.84,76797.68
2010-10-13,3.84,3.84,3.67,3.72,115239.66
2010-10-14,3.71,3.78,3.63,3.64,115402.9
2010-10-15,3.62,3.65,3.54,3.56,80456.4
2010-10-18,3.57,3.58,3.21,3.38,96761.5
2010-10-19,3.36,3.48,3.34,3.46,53814.97
2010-10-20,3.43,3.53,3.39,3.45,84658.34
2010-10-21,3.47,3.5,3.4,3.43,80730.7
2010-10-22,3.44,3.59,3.44,3.53,84820.27
2010-10-25,3.52,3.66,3.5,3.62,93525.17
2010-10-26,3.63,3.66,3.52,3.62,91777.49
2010-10-27,3.6,3.63,3.53,3.53,58017.73
2010-10-28,3.51,3.54,3.46,3.49,66975.57
2010-10-29,3.49,3.57,3.47,3.57,75677.03
2010-11-01,3.71,3.92,3.71,3.92,305172.25
2010-11-02,4.19,4.29,3.9,3.93,439824.37
2010-11-03,3.88,4.08,3.85,3.9,207913.93
2010-11-04,3.89,4.03,3.88,3.98,149079.6
2010-11-05,4.03,4.04,3.94,3.97,148221.98
2010-11-08,4.0,4.2,3.97,4.15,211880.06
2010-11-09,4.2,4.2,4.05,4.11,146965.81
2010-11-10,4.11,4.2,4.07,4.16,154232.59
2010-11-11,4.15,4.15,4.02,4.03,184827.24
2010-11-12,3.98,4.05,3.66,3.68,144707.49
2010-11-15,3.71,3.82,3.67,3.82,77187.61
2010-11-16,3.82,3.85,3.64,3.7,77057.47
2010-11-17,3.62,3.78,3.56,3.58,73810.35
2010-11-18,3.59,3.65,3.5,3.59,53099.91
2010-11-19,3.62,3.63,3.53,3.62,61066.5
2010-11-22,3.59,3.7,3.56,3.67,83554.68
2010-11-23,3.64,3.71,3.51,3.68,81009.85
2010-11-24,3.62,3.79,3.62,3.78,102316.94
2010-11-25,3.78,3.84,3.73,3.79,104353.41
2010-11-26,3.79,3.88,3.71,3.85,98653.45
2010-11-29,3.82,3.94,3.8,3.86,98273.09
2010-11-30,3.83,3.88,3.57,3.68,92208.77
2010-12-01,3.66,3.73,3.65,3.68,41888.46
2010-12-02,3.72,3.82,3.71,3.78,94212.45
2010-12-03,3.84,3.87,3.71,3.8,84804.06
2010-12-06,3.81,3.83,3.64,3.66,56773.31
2010-12-07,3.62,3.67,3.56,3.67,35397.08
2010-12-08,3.66,3.71,3.58,3.62,42964.33
2010-12-09,3.63,3.63,3.48,3.48,43005.94
2010-12-10,3.48,3.51,3.44,3.5,37496.99
2010-12-13,3.52,3.65,3.52,3.64,52640.78
2010-12-14,3.64,3.74,3.61,3.73,57599.39
2010-12-15,3.71,3.82,3.7,3.71,101659.73
2010-12-16,3.71,3.74,3.67,3.69,45882.96
2010-12-17,3.67,3.77,3.65,3.76,42736.33
2010-12-20,3.82,3.82,3.65,3.77,82636.82
2010-12-21,3.78,3.79,3.71,3.78,53790.94
2010-12-22,3.79,3.79,3.71,3.76,43835.03
2010-12-23,3.76,3.76,3.61,3.61,60482.72
2010-12-24,3.59,3.59,3.53,3.56,27395.04
2010-12-27,3.57,3.62,3.45,3.47,31587.28
2010-12-28,3.46,3.48,3.39,3.4,32403.45
2010-12-29,3.4,3.43,3.37,3.43,20562.1
2010-12-30,3.43,3.46,3.37,3.42,26610.06
2010-12-31,3.42,3.49,3.42,3.48,28341.38
2011-01-04,3.48,3.55,3.43,3.55,48454.45
2011-01-05,3.52,3.6,3.49,3.51,45496.58
2011-01-06,3.52,3.52,3.45,3.47,34161.48
2011-01-07,3.47,3.51,3.45,3.47,24714.86
2011-01-10,3.47,3.47,3.38,3.38,27770.53
2011-01-11,3.36,3.39,3.33,3.37,21480.0
2011-01-12,3.37,3.58,3.36,3.56,54922.74
2011-01-13,3.6,3.6,3.52,3.59,79637.34
2011-01-14,3.56,3.72,3.46,3.68,116126.94
2011-01-17,3.67,3.67,3.52,3.65,83190.98
2011-01-18,3.63,3.96,3.58,3.67,167553.94
2011-01-19,3.65,3.7,3.53,3.63,113488.17
2011-01-20,3.59,3.59,3.34,3.35,82962.46
2011-01-21,3.34,3.4,3.27,3.38,39992.94
2011-01-24,3.37,3.4,3.27,3.32,27102.32
2011-01-25,3.33,3.36,3.19,3.24,29600.92
2011-01-26,3.23,3.28,3.23,3.28,14259.38
2011-01-27,3.26,3.33,3.23,3.33,24656.75
2011-01-28,3.32,3.36,3.31,3.34,29195.58
2011-01-31,3.34,3.41,3.31,3.4,35922.05
2011-02-01,3.4,3.43,3.37,3.4,16444.33
2011-02-09,3.36,3.51,3.34,3.46,54728.12
2011-02-10,3.48,3.58,3.48,3.55,65906.18
2011-02-11,3.56,3.56,3.5,3.51,47438.88
2011-02-14,3.51,3.57,3.49,3.56,51215.88
2011-02-15,3.56,3.63,3.52,3.6,68299.66
2011-02-16,3.59,3.6,3.54,3.6,42904.75
2011-02-17,3.6,3.63,3.53,3.57,45446.48
2011-02-18,3.62,3.65,3.57,3.59,59859.04
2011-02-21,3.55,3.65,3.52,3.63,72957.15
2011-02-22,3.64,3.7,3.57,3.62,120064.44
2011-02-23,3.58,3.62,3.5,3.56,67938.77
2011-02-24,3.56,3.59,3.51,3.59,52259.64
2011-02-25,3.59,3.68,3.54,3.67,94388.93
2011-02-28,3.71,3.71,3.64,3.68,80679.6
2011-03-01,3.68,3.75,3.65,3.73,102719.48
2011-03-02,3.69,3.73,3.61,3.7,71091.73
2011-03-03,3.71,3.78,3.66,3.67,101382.28
2011-03-04,3.7,3.7,3.6,3.68,56932.27
2011-03-07,3.7,3.75,3.68,3.73,81729.29
2011-03-08,3.72,3.74,3.69,3.73,58947.81
2011-03-09,3.73,3.84,3.71,3.77,111517.29
2011-03-10,3.75,3.92,3.41,3.84,209785.42
2011-03-11,3.77,3.87,3.74,3.76,126480.49
2011-03-14,3.72,3.79,3.69,3.77,70160.83
2011-03-15,3.75,3.75,3.6,3.67,88211.38
2011-03-16,3.65,3.74,3.63,3.71,69342.67
2011-03-17,3.66,3.8,3.61,3.73,129787.57
2011-03-18,3.74,3.83,3.69,3.79,135671.91
2011-03-21,3.77,3.79,3.69,3.71,75822.87
2011-03-22,3.71,3.74,3.64,3.7,44241.5
2011-03-23,3.7,3.75,3.67,3.74,55973.15
2011-03-24,3.74,3.78,3.71,3.74,69643.35
2011-03-25,3.74,3.8,3.71,3.77,96521.33
2011-03-28,3.79,3.86,3.75,3.83,129014.73
2011-03-29,3.82,3.93,3.79,3.86,164372.94
2011-03-30,3.86,3.91,3.76,3.76,109806.1
2011-03-31,3.74,3.75,3.6,3.63,98607.6
2011-04-01,3.64,3.68,3.6,3.67,45724.34
2011-04-06,3.66,3.71,3.62,3.65,65930.06
2011-04-07,3.63,3.68,3.6,3.67,53535.8
2011-04-08,3.66,3.69,3.62,3.68,52516.61
2011-04-11,3.68,3.69,3.56,3.56,85411.75
2011-04-12,3.56,3.58,3.54,3.58,48591.86
2011-04-13,3.58,3.61,3.54,3.61,41056.36
2011-04-14,3.62,3.68,3.6,3.62,66197.41
2011-04-15,3.62,3.65,3.56,3.61,59550.92
2011-04-18,3.58,3.63,3.57,3.61,83382.61
2011-04-19,3.57,3.58,3.41,3.44,145852.17
2011-04-20,3.44,3.46,3.4,3.44,82345.82
2011-04-21,3.46,3.48,3.42,3.46,65451.66
2011-04-22,3.47,3.47,3.4,3.41,64550.91
2011-04-25,3.42,3.42,3.29,3.31,64072.77
2011-04-26,3.27,3.29,3.22,3.24,48735.75
2011-04-27,3.24,3.27,3.19,3.22,40248.47
2011-04-28,3.22,3.26,3.1,3.1,36349.46
2011-04-29,3.1,3.15,3.09,3.15,29030.55
2011-05-03,3.16,3.2,3.12,3.2,22391.48
2011-05-04,3.2,3.2,3.09,3.1,28558.66
2011-05-05,3.12,3.15,3.11,3.13,18072.51
2011-05-06,3.14,3.16,3.1,3.16,23053.97
2011-05-09,3.17,3.23,3.17,3.18,40113.5
2011-05-11,3.2,3.23,3.15,3.2,37072.0
2011-05-12,3.18,3.18,3.12,3.13,28281.63
2011-05-13,3.12,3.19,3.11,3.17,33592.15
2011-05-16,3.17,3.21,3.15,3.19,25306.99
2011-05-17,3.2,3.21,3.16,3.2,30674.18
2011-05-18,3.2,3.21,3.17,3.2,54491.72
2011-05-19,3.2,3.23,3.19,3.21,32247.32
2011-05-20,3.21,3.22,3.17,3.22,26162.75
2011-05-23,3.23,3.23,3.04,3.07,37584.3
2011-05-24,3.05,3.21,3.04,3.2,65187.74
2011-05-25,3.2,3.26,3.17,3.23,100352.52
2011-05-26,3.24,3.33,3.15,3.17,146065.28
2011-05-27,3.16,3.19,2.99,3.0,62669.08
2011-05-30,3.0,3.02,2.84,2.84,41287.56
2011-05-31,2.84,2.9,2.84,2.9,22343.7
2011-06-01,2.91,2.96,2.89,2.92,24371.74
2011-06-02,2.9,2.9,2.79,2.82,30995.17
2011-06-03,2.85,2.87,2.82,2.86,22057.04
2011-06-07,2.86,2.9,2.84,2.9,22303.75
2011-06-08,2.9,2.9,2.84,2.89,18057.64
2011-06-09,2.89,2.9,2.82,2.82,21264.36
2011-06-10,2.86,2.87,2.81,2.86,25935.99
2011-06-13,2.85,2.85,2.81,2.85,13548.38
2011-06-14,2.84,2.88,2.83,2.88,17920.87
2011-06-15,2.88,2.9,2.85,2.85,20488.94
2011-06-16,2.84,2.87,2.81,2.83,20945.56
2011-06-17,2.83,2.87,2.81,2.84,30045.84
2011-06-20,2.85,2.85,2.79,2.81,20344.42
2011-06-21,2.83,2.84,2.81,2.83,17288.48
2011-06-22,2.85,2.85,2.82,2.83,18995.15
2011-06-23,2.83,2.88,2.81,2.87,22220.57
2011-06-24,2.87,3.0,2.85,2.95,67054.13
2011-06-27,2.95,2.99,2.93,2.97,46886.16
2011-06-28,2.99,2.99,2.92,2.94,31452.55
2011-06-29,2.94,2.96,2.9,2.9,22953.52
2011-06-30,2.9,3.0,2.9,2.95,31508.42
2011-07-01,2.95,2.99,2.92,2.96,38649.38
2011-07-04,2.96,3.03,2.96,3.02,42833.39
2011-07-05,3.03,3.04,2.99,3.02,36613.11
2011-07-06,3.03,3.03,2.98,3.03,33706.4
2011-07-07,3.02,3.05,2.99,3.01,40555.89
2011-07-08,3.04,3.04,3.0,3.02,19778.52
2011-07-11,3.0,3.05,3.0,3.04,25679.2
2011-07-12,3.02,3.03,2.99,2.99,30745.43
2011-07-13,3.01,3.03,2.98,3.02,24370.51
2011-07-14,3.04,3.09,3.02,3.05,37025.16
2011-07-15,3.05,3.07,3.03,3.07,31147.24
2011-07-18,3.09,3.1,3.06,3.06,29667.88
2011-07-19,3.05,3.07,3.01,3.02,26415.7
2011-07-20,3.05,3.06,3.02,3.05,18215.95
2011-07-21,3.06,3.07,3.0,3.0,25603.7
2011-07-22,3.01,3.02,2.99,3.01,16510.22
2011-07-25,3.02,3.02,2.86,2.88,25609.04
2011-07-26,2.87,2.93,2.84,2.91,16042.02
2011-07-27,2.9,2.95,2.86,2.93,12379.25
2011-07-28,2.92,2.92,2.87,2.89,14388.6
2011-07-29,2.88,2.92,2.88,2.9,15397.9
2011-08-01,2.9,2.92,2.87,2.88,16336.72
2011-08-02,2.87,2.87,2.79,2.86,26417.17
2011-08-03,2.8,2.88,2.8,2.86,12813.95
2011-08-04,2.86,2.88,2.84,2.84,15851.91
2011-08-05,2.79,2.79,2.71,2.76,22565.46
2011-08-08,2.69,2.75,2.53,2.57,31420.92
2011-08-09,2.52,2.72,2.5,2.7,44072.16
2011-08-10,2.76,2.95,2.71,2.89,99824.38
2011-08-11,2.83,2.93,2.81,2.91,45710.29
2011-08-12,2.95,2.95,2.89,2.92,35260.3
2011-08-15,2.91,3.21,2.91,3.21,343056.84
2011-08-16,3.18,3.25,3.16,3.22,337527.06
2011-08-17,3.21,3.27,3.18,3.22,258935.41
2011-08-18,3.23,3.25,3.18,3.18,191851.49
2011-08-19,3.14,3.23,3.07,3.21,133928.65
2011-08-22,3.19,3.27,3.18,3.21,189971.88
2011-08-23,3.21,3.24,3.14,3.21,223010.71
2011-08-24,3.23,3.27,3.19,3.24,238376.2
2011-08-25,3.24,3.32,3.22,3.24,360417.7
2011-08-26,3.26,3.28,3.19,3.24,257519.93
2011-08-29,3.2,3.26,3.18,3.23,189552.01
2011-08-30,3.22,3.27,3.22,3.23,261356.64
2011-08-31,3.25,3.52,3.2,3.4,456088.32
2011-09-01,3.35,3.41,3.12,3.16,306530.14
2011-09-02,3.1,3.12,2.94,3.02,190867.38
2011-09-05,2.96,2.97,2.88,2.89,84314.25
2011-09-06,2.83,2.92,2.82,2.85,67134.8
2011-09-07,2.87,2.93,2.85,2.92,70139.83
2011-09-08,2.92,2.93,2.79,2.8,81822.15
2011-09-09,2.77,2.82,2.76,2.8,57230.15
2011-09-13,2.76,2.77,2.71,2.74,38697.32
2011-09-14,2.76,2.86,2.74,2.85,56054.96
2011-09-15,2.85,2.88,2.8,2.8,50851.22
2011-09-16,2.81,2.85,2.77,2.77,36909.08
2011-09-19,2.76,2.76,2.66,2.67,43527.72
2011-09-20,2.65,2.71,2.64,2.69,28077.37
2011-09-21,2.68,2.79,2.65,2.78,48586.31
2011-09-22,2.74,2.81,2.68,2.68,54944.48
2011-09-23,2.61,2.67,2.58,2.64,44726.19
2011-09-26,2.63,2.65,2.55,2.56,42341.45
2011-09-27,2.57,2.62,2.57,2.59,33966.13
2011-09-28,2.61,2.64,2.49,2.5,49429.01
2011-09-29,2.5,2.56,2.49,2.5,43483.02
2011-09-30,2.53,2.53,2.39,2.43,38073.76
2011-10-10,2.46,2.48,2.41,2.42,18674.91
2011-10-11,2.5,2.51,2.4,2.42,28165.58
2011-10-12,2.42,2.51,2.4,2.51,40553.54
2011-10-13,2.56,2.57,2.52,2.55,54248.87
2011-10-14,2.55,2.56,2.51,2.54,37338.43
2011-10-17,2.55,2.58,2.53,2.55,33718.28
2011-10-18,2.56,2.56,2.41,2.43,42602.66
2011-10-19,2.45,2.46,2.36,2.39,34255.51
2011-10-20,2.39,2.39,2.32,2.33,27255.31
2011-10-21,2.33,2.36,2.29,2.31,22741.36
2011-10-24,2.31,2.34,2.25,2.32,37588.87
2011-10-25,2.34,2.39,2.29,2.38,39182.14
2011-10-26,2.34,2.41,2.34,2.38,49218.43
2011-10-27,2.38,2.41,2.36,2.39,30819.49
2011-10-28,2.41,2.45,2.4,2.44,59146.29
2011-10-31,2.46,2.49,2.43,2.48,53219.05
2011-11-01,2.45,2.48,2.42,2.45,41722.93
2011-11-02,2.41,2.47,2.36,2.46,49694.74
2011-11-03,2.47,2.56,2.44,2.49,80157.2
2011-11-04,2.5,2.55,2.47,2.53,67731.91
2011-11-07,2.53,2.54,2.48,2.49,46419.42
2011-11-08,2.51,2.51,2.44,2.45,45497.92
2011-11-09,2.46,2.49,2.43,2.49,31219.28
2011-11-10,2.46,2.46,2.41,2.42,37502.71
2011-11-11,2.42,2.44,2.4,2.41,26075.55
2011-11-14,2.43,2.49,2.43,2.49,42610.07
2011-11-15,2.48,2.54,2.48,2.54,69911.25
2011-11-16,2.54,2.57,2.46,2.48,60794.24
2011-11-17,2.49,2.55,2.47,2.51,51497.53
2011-11-18,2.48,2.49,2.39,2.4,46878.37
2011-11-21,2.41,2.41,2.35,2.39,31442.64
2011-11-22,2.35,2.38,2.33,2.37,26278.39
2011-11-23,2.37,2.39,2.35,2.36,24491.38
2011-11-24,2.34,2.37,2.3,2.34,28439.38
2011-11-25,2.35,2.35,2.32,2.32,20640.06
2011-11-28,2.32,2.37,2.32,2.35,25199.04
2011-11-29,2.37,2.41,2.35,2.41,37412.61
2011-11-30,2.4,2.4,2.24,2.28,47734.95
2011-12-01,2.35,2.37,2.3,2.3,32934.35
2011-12-02,2.3,2.3,2.25,2.26,17417.01
2011-12-05,2.25,2.27,2.18,2.18,22183.86
2011-12-06,2.18,2.21,2.15,2.18,14722.23
2011-12-07,2.18,2.2,2.16,2.2,12137.09
2011-12-08,2.2,2.2,2.14,2.18,21015.72
2011-12-09,2.16,2.18,2.14,2.16,14696.82
2011-12-12,2.16,2.18,2.12,2.14,14623.3
2011-12-13,2.11,2.14,2.03,2.03,23369.17
2011-12-14,2.01,2.04,1.98,2.0,21104.0
2011-12-15,2.0,2.0,1.88,1.89,41945.37
2011-12-16,1.89,1.94,1.88,1.94,26238.26
2011-12-19,1.93,1.95,1.89,1.94,24265.42
2011-12-20,1.93,1.96,1.92,1.93,22049.9
2011-12-21,1.95,1.96,1.89,1.89,20808.49
2011-12-22,1.89,1.89,1.78,1.83,25906.64
2011-12-23,1.83,1.87,1.82,1.85,17870.75
2011-12-26,1.85,1.92,1.84,1.89,25916.58
2011-12-27,1.88,1.9,1.82,1.83,23176.52
2011-12-28,1.82,1.84,1.78,1.83,19873.28
2011-12-29,1.82,1.87,1.81,1.85,22270.39
2011-12-30,1.85,1.89,1.85,1.89,24470.87
2012-01-04,1.9,1.92,1.83,1.84,17962.7
2012-01-05,1.81,1.83,1.76,1.76,20717.95
2012-01-06,1.76,1.79,1.73,1.79,13340.89
2012-01-09,1.79,1.86,1.76,1.85,24346.27
2012-01-10,1.87,1.96,1.85,1.93,69787.56
2012-01-11,1.93,1.93,1.9,1.92,38034.03
2012-01-12,1.92,1.96,1.9,1.9,37553.79
2012-01-13,1.89,1.92,1.83,1.84,31584.09
2012-01-16,1.83,1.86,1.79,1.8,17439.39
2012-01-17,1.79,1.91,1.79,1.9,27859.95
2012-01-18,1.91,1.93,1.86,1.87,28407.09
2012-01-19,1.87,1.91,1.86,1.9,18529.52
2012-01-20,1.9,1.93,1.9,1.93,31413.63
2012-01-30,1.93,1.95,1.9,1.91,27376.0
2012-01-31,1.91,1.93,1.89,1.92,17419.66
2012-02-01,1.93,1.95,1.9,1.91,21565.69
2012-02-02,1.93,2.0,1.93,1.99,74968.49
2012-02-03,1.98,2.0,1.95,1.99,47711.67
2012-02-06,1.99,2.01,1.97,2.0,39433.07
2012-02-07,1.99,1.99,1.92,1.93,29695.98
2012-02-08,1.92,1.98,1.91,1.97,33070.68
2012-02-09,1.98,2.01,1.96,1.99,51460.65
2012-02-10,1.99,2.03,1.97,2.01,60484.98
2012-02-13,2.0,2.05,1.98,2.03,55754.92
2012-02-14,2.03,2.06,2.0,2.04,36720.83
2012-02-15,2.04,2.12,2.01,2.1,84777.86
2012-02-16,2.08,2.12,2.06,2.12,78478.66
2012-02-17,2.11,2.18,2.1,2.14,101412.27
2012-02-20,2.16,2.17,2.11,2.14,71576.02
2012-02-21,2.14,2.32,2.09,2.31,172795.34
2012-02-22,2.27,2.35,2.25,2.31,232114.37
2012-02-23,2.29,2.29,2.24,2.26,91269.04
2012-02-24,2.26,2.26,2.23,2.26,73259.55
2012-02-27,2.27,2.29,2.24,2.24,83089.73
2012-02-28,2.23,2.32,2.21,2.29,90474.56
2012-02-29,2.29,2.29,2.21,2.22,56285.58
2012-03-01,2.21,2.24,2.2,2.22,30180.3
2012-03-02,2.21,2.26,2.21,2.26,37506.85
2012-03-05,2.27,2.3,2.25,2.28,57599.57
2012-03-06,2.26,2.29,2.2,2.22,44118.73
2012-03-07,2.2,2.23,2.18,2.18,37177.52
2012-03-08,2.19,2.23,2.19,2.21,33416.63
2012-03-09,2.23,2.25,2.22,2.25,44738.52
2012-03-12,2.26,2.29,2.25,2.28,53275.25
2012-03-13,2.29,2.29,2.25,2.28,42096.18
2012-03-14,2.29,2.3,2.1,2.13,97874.72
2012-03-15,2.12,2.15,2.03,2.07,50699.07
2012-03-16,2.06,2.12,2.05,2.11,43189.96
2012-03-19,2.12,2.15,2.1,2.15,38664.78
2012-03-20,2.15,2.15,2.08,2.09,30553.61
2012-03-21,2.09,2.22,2.09,2.2,84658.25
2012-03-22,2.17,2.24,2.17,2.2,49764.35
2012-03-23,2.2,2.2,2.11,2.12,31399.84
2012-03-26,2.11,2.14,2.09,2.11,13871.67
2012-03-27,2.14,2.18,2.13,2.15,20775.66
2012-03-28,2.13,2.15,2.05,2.05,26497.22
2012-03-29,2.05,2.08,1.97,1.98,20119.63
2012-03-30,1.98,2.02,1.95,1.98,17947.59
2012-04-05,1.98,2.07,1.98,2.04,15387.52
2012-04-06,2.04,2.08,2.01,2.04,16326.67
2012-04-09,2.04,2.06,2.01,2.01,13565.19
2012-04-10,2.0,2.04,1.96,2.04,14533.94
2012-04-11,2.01,2.04,2.0,2.03,18969.96
2012-04-12,2.04,2.1,2.02,2.09,34203.55
2012-04-13,2.1,2.14,2.09,2.12,35050.94
2012-04-16,2.09,2.15,2.08,2.14,28243.41
2012-04-17,2.15,2.16,2.1,2.1,26114.78
2012-04-18,2.1,2.16,2.1,2.15,42209.72
2012-04-19,2.15,2.17,2.13,2.16,28728.76
2012-04-20,2.16,2.23,2.14,2.19,50239.65
2012-04-23,2.18,2.21,2.14,2.14,30934.35
2012-04-24,2.14,2.17,2.06,2.11,35863.97
2012-04-25,2.11,2.21,2.11,2.2,44148.37
2012-04-26,2.2,2.23,2.17,2.19,38898.59
2012-04-27,2.18,2.19,2.12,2.13,32907.98
2012-05-02,2.13,2.15,2.01,2.03,78582.79
2012-05-03,2.03,2.05,2.01,2.04,29212.78
2012-05-04,2.02,2.05,2.01,2.04,31742.96
2012-05-07,2.03,2.04,2.01,2.03,22524.01
2012-05-08,2.03,2.05,2.03,2.04,24102.59
2012-05-09,2.04,2.06,2.01,2.03,24227.28
2012-05-10,2.02,2.05,2.01,2.03,18975.83
2012-05-11,2.03,2.03,1.96,1.98,34074.01
2012-05-14,2.0,2.01,1.97,1.98,20231.12
2012-05-15,1.97,1.98,1.92,1.96,21816.74
2012-05-16,1.96,1.97,1.92,1.93,18355.68
2012-05-17,1.93,1.97,1.93,1.96,15072.88
2012-05-18,1.96,1.96,1.92,1.92,17239.56
2012-05-22,1.94,1.95,1.92,1.95,15404.71
2012-05-23,1.95,1.95,1.9,1.92,19975.96
2012-05-24,1.91,1.94,1.9,1.91,12727.39
2012-05-25,1.91,1.92,1.87,1.87,17035.03
2012-05-28,1.87,1.91,1.84,1.91,15636.97
2012-05-29,1.91,1.96,1.9,1.96,32631.52
2012-05-30,1.96,1.97,1.94,1.96,20376.27
2012-05-31,1.95,1.98,1.93,1.96,20745.89
2012-06-01,1.97,1.98,1.95,1.97,18249.18
2012-06-04,1.95,1.95,1.89,1.89,20257.66
2012-06-05,1.89,1.91,1.88,1.89,9337.89
2012-06-06,1.9,1.91,1.88,1.89,8524.02
2012-06-07,1.91,1.92,1.87,1.87,9782.61
2012-06-08,1.89,1.9,1.85,1.87,9827.89
2012-06-11,1.86,1.9,1.86,1.89,7996.07
2012-06-12,1.89,1.9,1.88,1.88,5860.29
2012-06-13,1.88,1.96,1.88,1.94,21154.64
2012-06-14,1.93,1.99,1.93,1.95,21558.59
2012-06-15,1.95,1.96,1.92,1.95,11794.4
2012-06-18,1.95,1.99,1.95,1.96,22854.45
2012-06-19,1.97,2.0,1.95,1.98,22324.96
2012-06-20,1.98,2.11,1.97,2.1,130781.72
2012-06-28,2.31,2.31,2.2,2.31,165207.36
2012-06-29,2.31,2.48,2.23,2.38,388824.23
2012-07-02,2.37,2.62,2.34,2.54,255330.43
2012-07-03,2.53,2.67,2.47,2.59,181921.96
2012-07-04,2.56,2.66,2.53,2.61,127478.55
2012-07-05,2.61,2.64,2.56,2.59,109840.81
2012-07-06,2.58,2.66,2.54,2.61,117285.73
2012-07-09,2.6,2.84,2.58,2.7,208410.81
2012-07-10,2.66,2.76,2.66,2.74,101684.9
2012-07-11,2.71,2.77,2.59,2.66,99657.59
2012-07-12,2.67,2.79,2.62,2.76,105335.46
2012-07-13,2.76,2.85,2.71,2.82,90658.23
2012-07-16,2.85,2.93,2.74,2.75,105430.45
2012-07-17,2.67,2.86,2.57,2.82,81858.05
2012-07-18,2.78,2.97,2.71,2.96,88012.89
2012-07-19,2.91,2.98,2.87,2.87,79929.63
2012-07-20,2.83,2.9,2.66,2.72,92423.27
2012-07-23,2.68,2.77,2.64,2.72,43301.57
2012-07-24,2.67,2.74,2.64,2.73,41806.29
2012-07-25,2.69,2.73,2.46,2.48,150565.36
2012-07-26,2.52,2.6,2.48,2.51,131934.71
2012-07-27,2.51,2.52,2.42,2.44,70996.7
2012-07-30,2.42,2.48,2.42,2.47,73972.23
2012-07-31,2.45,2.48,2.34,2.43,64222.42
2012-08-01,2.45,2.62,2.42,2.58,68018.84
2012-08-02,2.57,2.61,2.54,2.58,42715.54
2012-08-03,2.57,2.62,2.55,2.62,29912.21
2012-08-06,2.63,2.69,2.56,2.67,41048.71
2012-08-07,2.67,2.69,2.61,2.65,29624.97
2012-08-08,2.61,2.64,2.55,2.57,24049.76
2012-08-09,2.56,2.67,2.53,2.66,39338.43
2012-08-10,2.64,2.67,2.61,2.65,23456.25
2012-08-13,2.64,2.67,2.57,2.62,23259.65
2012-08-14,2.62,2.62,2.36,2.48,53382.67
2012-08-15,2.45,2.47,2.4,2.41,29000.57
2012-08-16,2.41,2.41,2.32,2.39,37632.54
2012-08-17,2.37,2.37,2.32,2.36,24111.66
2012-08-20,2.35,2.38,2.32,2.37,29796.23
2012-08-21,2.38,2.46,2.35,2.37,43346.59
2012-08-22,2.37,2.4,2.3,2.33,38551.69
2012-08-23,2.33,2.34,2.28,2.34,34818.78
2012-08-24,2.33,2.33,2.18,2.2,45783.78
2012-08-27,2.2,2.2,2.09,2.1,59272.92
2012-08-28,2.11,2.2,2.1,2.17,42906.92
2012-08-29,2.17,2.18,2.13,2.15,20703.46
2012-08-30,2.15,2.18,2.08,2.09,22223.96
2012-08-31,2.12,2.14,2.08,2.11,19504.91
2012-09-03,2.1,2.24,2.08,2.22,52569.75
2012-09-04,2.24,2.33,2.24,2.26,67558.77
2012-09-05,2.25,2.28,2.22,2.28,18563.54
2012-09-06,2.28,2.32,2.25,2.27,18640.36
2012-09-07,2.27,2.36,2.27,2.35,33935.37
2012-09-10,2.35,2.35,2.29,2.32,40714.2
2012-09-11,2.32,2.32,2.25,2.3,29908.98
2012-09-12,2.31,2.32,2.28,2.31,19132.21
2012-09-13,2.3,2.33,2.27,2.27,19305.73
2012-09-14,2.27,2.3,2.2,2.22,44333.67
2012-09-17,2.18,2.2,2.1,2.11,43457.7
2012-09-18,2.11,2.15,2.08,2.1,27605.17
2012-09-19,2.09,2.13,2.09,2.11,30360.26
2012-09-20,2.1,2.11,2.02,2.02,29508.58
2012-09-21,2.02,2.08,2.02,2.02,20946.62
2012-09-24,2.02,2.05,1.99,2.04,11567.82
2012-09-25,2.04,2.08,2.03,2.06,12321.22
2012-09-26,2.06,2.08,1.98,2.01,16471.8
2012-09-27,2.01,2.08,1.99,2.06,16697.52
2012-09-28,2.05,2.15,2.04,2.15,50313.28
2012-10-08,2.15,2.16,2.06,2.09,55324.61
2012-10-09,2.09,2.14,2.07,2.14,33917.54
2012-10-10,2.13,2.21,2.1,2.21,48409.24
2012-10-11,2.2,2.21,2.17,2.19,32034.26
2012-10-12,2.19,2.2,2.12,2.14,18191.75
2012-10-15,2.16,2.23,2.1,2.22,34426.47
2012-10-16,2.2,2.21,2.14,2.17,25061.67
2012-10-17,2.17,2.21,2.16,2.2,21794.01
2012-10-18,2.21,2.21,2.18,2.2,38828.46
2012-10-19,2.2,2.22,2.14,2.14,31729.44
2012-10-22,2.16,2.16,2.09,2.1,63722.85
2012-10-23,2.09,2.11,2.08,2.1,27566.55
2012-10-24,2.1,2.1,2.06,2.08,32367.2
2012-10-25,2.08,2.11,2.07,2.07,14920.66
2012-10-26,2.06,2.07,1.99,2.01,20409.04
2012-10-29,2.02,2.04,2.0,2.02,10123.2
2012-10-30,2.04,2.08,2.03,2.04,27984.62
2012-10-31,2.04,2.06,2.01,2.04,13738.43
2012-11-01,2.05,2.11,2.04,2.1,45284.04
2012-11-02,2.09,2.12,2.09,2.12,41367.41
2012-11-05,2.12,2.16,2.11,2.16,38448.68
2012-11-06,2.16,2.16,2.11,2.13,38199.92
2012-11-07,2.13,2.16,2.12,2.15,19570.47
2012-11-08,2.14,2.14,2.07,2.07,22247.68
2012-11-09,2.06,2.09,2.03,2.06,9937.02
2012-11-12,2.05,2.08,2.05,2.06,13655.93
2012-11-13,2.06,2.07,2.03,2.06,10121.4
2012-11-14,2.06,2.14,2.04,2.14,27446.52
2012-11-15,2.12,2.2,2.11,2.14,44295.17
2012-11-16,2.13,2.17,2.1,2.16,46483.45
2012-11-19,2.19,2.19,2.04,2.08,113277.7
2012-11-20,2.06,2.09,2.04,2.08,29961.32
2012-11-21,2.07,2.11,2.06,2.11,20755.7
2012-11-22,2.11,2.14,2.09,2.13,25605.93
2012-11-23,2.12,2.15,2.12,2.14,34632.58
2012-11-26,2.15,2.16,2.11,2.12,27860.72
2012-11-27,2.1,2.1,2.02,2.04,35445.39
2012-11-28,2.04,2.05,2.01,2.02,13076.03
2012-11-29,2.04,2.17,2.02,2.11,39103.82
2012-11-30,2.1,2.17,2.06,2.16,37136.93
2012-12-03,2.17,2.2,2.14,2.16,45172.23
2012-12-04,2.16,2.28,2.11,2.27,64010.97
2012-12-05,2.25,2.41,2.23,2.39,77644.16
2012-12-06,2.36,2.4,2.32,2.37,45397.29
2012-12-07,2.37,2.49,2.34,2.48,114818.35
2012-12-10,2.5,2.63,2.4,2.6,96800.64
2012-12-11,2.55,2.59,2.49,2.55,44927.43
2012-12-12,2.51,2.53,2.45,2.49,35010.92
2012-12-13,2.46,2.58,2.45,2.54,44516.34
2012-12-14,2.54,2.73,2.49,2.72,119399.23
2012-12-17,2.71,2.76,2.66,2.69,120271.75
2012-12-18,2.67,2.71,2.58,2.63,117342.94
2012-12-19,2.62,2.62,2.52,2.56,129303.52
2012-12-20,2.52,2.58,2.51,2.57,32259.24
2012-12-21,2.58,2.64,2.53,2.58,40092.57
2012-12-24,2.59,2.61,2.54,2.56,24967.97
2012-12-25,2.54,2.67,2.53,2.65,78277.03
2012-12-26,2.64,2.65,2.56,2.61,81415.64
2012-12-27,2.6,2.61,2.52,2.54,103894.7
2012-12-28,2.51,2.61,2.51,2.59,46053.63
2012-12-31,2.58,2.64,2.52,2.56,62160.86
2013-01-04,2.58,2.59,2.45,2.45,53044.16
2013-01-07,2.45,2.49,2.44,2.47,74674.28
2013-01-08,2.47,2.5,2.43,2.5,74777.14
2013-01-09,2.51,2.54,2.47,2.51,102987.5
2013-01-10,2.53,2.53,2.48,2.51,66847.94
2013-01-11,2.51,2.52,2.43,2.45,69906.6
2013-01-14,2.43,2.54,2.43,2.52,80582.51
2013-01-15,2.53,2.62,2.5,2.61,153073.35
2013-01-16,2.61,2.61,2.48,2.53,110520.92
2013-01-17,2.51,2.51,2.44,2.45,79512.62
2013-01-18,2.46,2.49,2.45,2.49,73935.76
2013-01-21,2.48,2.51,2.46,2.51,82254.29
2013-01-22,2.54,2.59,2.46,2.51,143110.93
2013-01-23,2.48,2.48,2.4,2.46,86059.73
2013-01-24,2.46,2.47,2.37,2.39,73913.64
2013-01-25,2.39,2.4,2.36,2.38,43934.25
2013-01-28,2.39,2.41,2.37,2.4,118543.71
2013-01-29,2.4,2.41,2.38,2.39,107670.19
2013-01-30,2.4,2.43,2.4,2.42,71085.18
2013-01-31,2.43,2.43,2.38,2.4,49110.89
2013-02-01,2.42,2.54,2.42,2.5,162831.55
2013-02-04,2.5,2.5,2.43,2.45,103288.7
2013-02-05,2.43,2.47,2.41,2.45,52669.96
2013-02-06,2.47,2.48,2.43,2.44,68680.03
2013-02-07,2.43,2.45,2.41,2.43,48017.54
2013-02-08,2.44,2.46,2.41,2.46,105789.31
2013-02-18,2.48,2.51,2.46,2.49,101607.49
2013-02-19,2.49,2.51,2.45,2.46,70774.39
2013-02-20,2.45,2.51,2.43,2.51,82079.16
2013-02-21,2.49,2.51,2.45,2.48,83240.11
2013-02-22,2.48,2.54,2.47,2.51,105399.76
2013-02-25,2.52,2.56,2.49,2.52,89741.64
2013-02-26,2.52,2.56,2.45,2.46,115746.09
2013-02-27,2.47,2.48,2.3,2.34,146689.43
2013-02-28,2.33,2.37,2.28,2.36,139438.02
2013-03-01,2.36,2.36,2.32,2.34,85593.62
2013-03-04,2.34,2.38,2.3,2.32,94278.64
2013-03-05,2.32,2.34,2.3,2.33,76088.89
2013-03-06,2.36,2.36,2.32,2.36,73291.41
2013-03-07,2.36,2.36,2.33,2.36,63278.71
2013-03-08,2.36,2.36,2.33,2.33,37834.6
2013-03-11,2.33,2.34,2.31,2.33,30671.26
2013-03-12,2.33,2.34,2.21,2.29,76194.84
2013-03-13,2.27,2.27,2.24,2.25,25564.64
2013-03-14,2.24,2.26,2.22,2.23,20196.2
2013-03-15,2.24,2.27,2.22,2.24,29640.25
2013-03-18,2.23,2.24,2.18,2.19,29728.9
2013-03-19,2.2,2.21,2.17,2.2,18280.05
2013-03-20,2.18,2.25,2.18,2.25,36559.78
2013-03-21,2.25,2.27,2.23,2.26,38813.32
2013-03-22,2.26,2.26,2.24,2.26,24455.07
2013-03-25,2.26,2.28,2.24,2.28,31051.11
2013-03-26,2.27,2.27,2.22,2.23,27809.81
2013-03-27,2.23,2.25,2.2,2.21,25797.84
2013-03-28,2.2,2.2,2.12,2.14,41091.22
2013-03-29,2.15,2.16,2.14,2.14,18197.34
2013-04-01,2.14,2.16,2.12,2.15,14145.24
2013-04-02,2.15,2.17,2.14,2.15,19270.46
2013-04-03,2.15,2.16,2.12,2.14,19834.88
2013-04-08,2.11,2.2,2.05,2.2,55417.33
2013-04-09,2.22,2.25,2.2,2.21,40680.79
2013-04-10,2.22,2.22,2.18,2.2,18225.17
2013-04-11,2.2,2.24,2.16,2.16,14216.53
2013-04-12,2.16,2.17,2.11,2.12,23407.7
2013-04-15,2.12,2.18,2.09,2.16,23149.13
2013-04-16,2.14,2.17,2.12,2.15,25587.29
2013-04-17,2.15,2.16,2.09,2.13,41244.83
2013-04-18,2.12,2.14,2.1,2.12,20339.85
2013-04-19,2.12,2.16,2.1,2.16,35787.0
2013-04-22,2.15,2.15,2.11,2.14,31987.13
2013-04-23,2.14,2.14,2.07,2.07,34051.58
2013-04-24,2.07,2.1,2.07,2.09,22351.6
2013-04-25,2.09,2.09,2.05,2.06,23766.58
2013-04-26,2.06,2.07,2.02,2.02,24979.45
2013-05-02,2.01,2.01,1.97,1.98,31547.67
2013-05-03,1.98,2.03,1.97,1.99,58889.16
2013-05-06,2.0,2.19,2.0,2.19,158261.78
2013-05-07,2.19,2.19,2.14,2.16,64535.14
2013-05-08,2.17,2.25,2.14,2.22,92668.87
2013-05-09,2.2,2.22,2.17,2.22,39533.97
2013-05-10,2.22,2.24,2.19,2.22,39528.78
2013-05-13,2.25,2.25,2.19,2.22,44340.95
2013-05-14,2.22,2.22,2.16,2.17,30650.14
2013-05-15,2.2,2.39,2.19,2.31,152491.35
2013-05-16,2.27,2.33,2.27,2.33,52422.8
2013-05-17,2.31,2.4,2.29,2.37,91742.89
2013-05-20,2.37,2.38,2.34,2.38,43142.51
2013-05-21,2.38,2.4,2.34,2.37,35742.99
2013-05-22,2.4,2.4,2.33,2.34,37202.03
2013-05-23,2.32,2.34,2.28,2.28,40303.21
2013-05-24,2.28,2.4,2.28,2.4,54979.45
2013-05-27,2.4,2.45,2.37,2.43,61952.31
2013-05-28,2.44,2.45,2.41,2.43,59081.67
2013-05-29,2.43,2.47,2.41,2.43,42731.79
2013-05-30,2.42,2.42,2.35,2.36,57761.71
2013-05-31,2.36,2.42,2.36,2.38,46272.99
2013-06-03,2.38,2.41,2.36,2.38,28919.68
2013-06-04,2.37,2.39,2.24,2.29,30688.82
2013-06-05,2.29,2.31,2.26,2.27,21446.41
2013-06-06,2.26,2.29,2.18,2.21,32656.88
2013-06-07,2.21,2.22,2.1,2.14,51230.2
2013-06-13,2.1,2.19,2.05,2.15,36697.6
2013-06-14,2.14,2.2,2.14,2.15,22646.33
2013-06-17,2.15,2.16,2.11,2.15,15905.98
2013-06-18,2.14,2.18,2.13,2.14,21751.17
2013-06-19,2.14,2.14,2.09,2.12,21028.29
2013-06-20,2.12,2.16,2.1,2.1,18972.43
2013-06-21,2.09,2.13,2.02,2.1,38115.1
2013-06-24,2.08,2.09,2.0,2.03,33497.62
2013-06-25,2.02,2.02,1.84,1.99,45392.05
2013-06-26,2.01,2.02,1.96,2.0,12290.45
2013-06-27,2.0,2.03,1.98,1.98,14489.6
2013-06-28,1.98,2.01,1.94,1.99,15141.63
2013-07-01,1.99,2.03,1.98,2.02,13456.54
2013-07-02,2.02,2.04,1.99,2.04,14311.79
2013-07-03,2.04,2.09,2.01,2.08,21123.81
2013-07-04,2.06,2.11,2.05,2.1,17861.28
2013-07-05,2.08,2.11,2.07,2.09,16771.63
2013-07-08,2.08,2.12,2.04,2.09,28739.08
2013-07-09,2.08,2.25,2.08,2.22,83296.3
2013-07-10,2.22,2.28,2.17,2.27,70111.05
2013-07-11,2.25,2.37,2.23,2.35,78735.1
2013-07-12,2.33,2.38,2.27,2.28,63391.68
2013-07-15,2.25,2.42,2.24,2.38,87108.11
2013-07-16,2.36,2.4,2.34,2.38,60141.62
2013-07-17,2.38,2.4,2.32,2.33,49134.16
2013-07-18,2.33,2.36,2.31,2.32,35201.52
2013-07-19,2.32,2.35,2.25,2.28,29221.22
2013-07-22,2.26,2.33,2.22,2.33,27711.65
2013-07-23,2.31,2.39,2.29,2.3,48342.84
2013-07-24,2.3,2.35,2.17,2.31,62650.88
2013-07-25,2.31,2.32,2.19,2.2,54788.49
2013-07-26,2.19,2.22,2.16,2.18,38274.71
2013-07-29,2.18,2.22,2.12,2.19,29345.63
2013-07-30,2.19,2.21,2.09,2.12,45361.9
2013-07-31,2.14,2.15,2.09,2.1,21032.67
2013-08-01,2.11,2.16,2.11,2.16,35981.67
2013-08-02,2.16,2.17,2.09,2.13,69371.16
2013-08-05,2.1,2.21,2.1,2.21,71189.28
2013-08-06,2.19,2.25,2.18,2.21,43482.72
2013-08-07,2.22,2.25,2.21,2.22,55944.56
2013-08-08,2.21,2.26,2.19,2.25,43477.08
2013-08-09,2.25,2.26,2.21,2.23,20605.84
2013-08-12,2.26,2.28,2.21,2.28,39926.68
2013-08-13,2.29,2.31,2.26,2.28,42124.78
2013-08-14,2.27,2.29,2.23,2.24,28030.66
2013-08-15,2.24,2.26,2.21,2.22,27792.64
2013-08-16,2.21,2.24,2.13,2.15,32898.26
2013-08-19,2.15,2.2,2.13,2.19,15753.48
2013-08-20,2.19,2.2,2.15,2.17,23825.42
2013-08-21,2.17,2.18,2.14,2.18,11991.18
2013-08-22,2.17,2.2,2.17,2.19,12429.51
2013-08-23,2.18,2.21,2.14,2.16,24889.72
2013-08-26,2.16,2.2,2.16,2.2,31264.95
2013-08-27,2.22,2.32,2.22,2.29,85069.15
2013-08-28,2.29,2.31,2.26,2.28,51101.55
2013-08-29,2.28,2.31,2.27,2.31,41992.43
2013-08-30,2.31,2.32,2.24,2.27,46869.4
2013-09-02,2.28,2.39,2.26,2.37,90393.7
2013-09-03,2.37,2.45,2.34,2.38,95974.77
2013-09-04,2.39,2.43,2.37,2.38,59796.41
2013-09-05,2.36,2.38,2.31,2.32,56171.76
2013-09-06,2.32,2.35,2.29,2.3,51131.4
2013-09-09,2.31,2.34,2.3,2.33,41172.37
2013-09-10,2.33,2.39,2.3,2.38,51324.2
2013-09-11,2.38,2.43,2.34,2.37,59520.2
2013-09-12,2.37,2.37,2.34,2.36,28480.28
2013-09-13,2.37,2.39,2.31,2.31,41561.89
2013-09-16,2.33,2.34,2.27,2.3,50918.2
2013-09-17,2.3,2.32,2.27,2.28,27447.15
2013-09-18,2.27,2.32,2.25,2.31,27910.59
2013-09-23,2.31,2.35,2.3,2.34,39828.52
2013-09-24,2.35,2.37,2.32,2.34,41738.23
2013-09-25,2.34,2.49,2.33,2.45,130394.96
2013-09-26,2.46,2.46,2.41,2.43,72037.12
2013-09-27,2.42,2.48,2.4,2.43,50913.97
2013-09-30,2.43,2.54,2.43,2.52,83885.52
2013-10-08,2.52,2.69,2.5,2.67,175629.78
2013-10-09,2.66,2.76,2.62,2.73,153392.24
2013-10-10,2.72,2.73,2.66,2.68,62089.3
2013-10-11,2.68,2.74,2.66,2.7,76581.77
2013-10-14,2.7,2.85,2.7,2.76,113088.64
2013-10-15,2.76,2.8,2.66,2.71,99169.77
2013-10-16,2.69,2.69,2.55,2.57,111655.13
2013-10-17,2.58,2.7,2.58,2.64,137582.18
2013-10-18,2.74,2.91,2.74,2.81,312616.58
2013-10-21,2.84,2.95,2.75,2.92,206805.18
2013-10-22,2.89,2.97,2.82,2.83,114865.72
2013-10-23,2.84,2.94,2.75,2.77,101206.62
2013-10-24,2.77,2.83,2.75,2.8,73619.48
2013-10-25,2.8,2.81,2.66,2.73,71992.9
2013-10-28,2.74,2.76,2.7,2.73,35805.31
2013-10-29,2.74,2.76,2.57,2.73,79969.19
2013-10-30,2.69,2.83,2.69,2.83,89532.25
2013-10-31,2.83,2.83,2.7,2.79,64972.7
2013-11-01,2.76,2.84,2.71,2.83,60375.77
2013-11-04,2.84,2.88,2.75,2.78,64854.38
2013-11-05,2.79,2.89,2.76,2.87,117405.71
2013-11-06,2.88,2.96,2.81,2.83,133507.3
2013-11-07,2.83,2.85,2.7,2.74,89294.24
2013-11-08,2.7,2.73,2.59,2.68,69673.47
2013-11-11,2.66,2.72,2.59,2.71,36350.84
2013-11-12,2.71,2.73,2.67,2.71,27250.24
2013-11-13,2.71,2.74,2.64,2.72,48091.41
2013-11-14,2.72,2.81,2.68,2.79,85203.71
2013-11-15,2.8,2.84,2.77,2.83,72224.09
2013-11-18,2.83,2.85,2.81,2.84,71669.26
2013-11-19,2.85,2.9,2.83,2.84,56948.51
2013-11-20,2.87,2.87,2.78,2.83,45303.9
2013-11-21,2.82,2.89,2.79,2.89,59434.69
2013-11-22,2.9,2.98,2.89,2.93,111853.78
2013-11-25,2.93,2.96,2.83,2.85,56442.95
2013-11-26,2.82,2.85,2.79,2.82,42998.61
2013-11-27,2.82,2.87,2.81,2.84,33215.36
2013-11-28,2.84,2.89,2.84,2.87,38150.1
2013-11-29,2.87,2.94,2.87,2.9,41397.53
2013-12-02,2.85,2.87,2.76,2.87,64374.17
2013-12-03,2.84,3.08,2.83,3.06,85993.52
2013-12-04,3.07,3.26,3.03,3.16,143960.2
2013-12-05,3.22,3.22,3.14,3.16,76633.57
2013-12-06,3.15,3.29,3.13,3.18,81695.91
2013-12-09,3.18,3.23,3.14,3.2,54535.56
2013-12-10,3.22,3.22,3.11,3.15,59623.52
2013-12-11,3.14,3.2,3.1,3.18,52650.07
2013-12-12,3.16,3.28,3.16,3.21,53683.06
2013-12-13,3.19,3.22,3.13,3.21,42277.85
2013-12-16,3.19,3.36,3.08,3.09,183073.13
2013-12-17,3.08,3.13,2.95,3.11,100217.07
2013-12-18,3.1,3.17,3.02,3.16,60289.59
2013-12-19,3.16,3.16,3.09,3.12,40258.75
2013-12-20,3.08,3.13,3.01,3.1,39974.25
2013-12-23,3.11,3.16,3.08,3.15,37036.84
2013-12-24,3.15,3.26,3.14,3.18,60958.99
2013-12-25,3.21,3.34,3.18,3.34,123601.02
2013-12-26,3.36,3.37,3.19,3.22,104428.46
2013-12-27,3.2,3.32,3.19,3.27,74577.16
2013-12-30,3.28,3.42,3.28,3.41,87061.76
2013-12-31,3.4,3.49,3.33,3.48,96115.22
2014-01-02,3.46,3.46,3.4,3.43,53017.34
2014-01-03,3.43,3.45,3.32,3.34,55867.72
2014-01-06,3.31,3.43,3.2,3.42,64583.09
2014-01-07,3.4,3.49,3.31,3.36,47000.67
2014-01-08,3.37,3.53,3.37,3.53,104918.05
2014-01-09,3.49,3.56,3.48,3.53,50006.11
2014-01-10,3.53,3.56,3.39,3.5,59972.7
2014-01-13,3.57,3.6,3.34,3.39,84913.52
2014-01-14,3.38,3.46,3.31,3.46,58778.45
2014-01-15,3.46,3.61,3.4,3.58,96055.5
2014-01-16,3.58,3.63,3.51,3.58,57858.43
2014-01-17,3.58,3.63,3.54,3.57,50021.79
2014-01-20,3.57,3.6,3.43,3.47,69849.97
2014-01-21,3.46,3.55,3.4,3.53,49703.37
2014-01-22,3.53,3.55,3.46,3.48,61405.27
2014-01-23,3.48,3.53,3.4,3.49,89291.73
2014-01-24,3.46,3.51,3.39,3.49,74713.2
2014-01-27,3.47,3.6,3.43,3.57,76215.98
2014-01-28,3.56,3.56,3.45,3.51,48913.01
2014-01-29,3.51,3.52,3.41,3.48,58583.99
2014-01-30,3.45,3.48,3.42,3.47,24353.43
2014-02-07,3.44,3.44,3.35,3.41,34498.52
2014-02-10,3.4,3.47,3.38,3.46,51548.43
2014-02-11,3.46,3.48,3.33,3.37,78898.42
2014-02-12,3.37,3.59,3.34,3.56,111427.9
2014-02-13,3.57,3.6,3.49,3.57,88061.41
2014-02-14,3.57,3.82,3.55,3.81,160192.94
2014-02-17,3.81,3.97,3.74,3.85,130786.38
2014-02-18,3.86,3.94,3.78,3.84,57292.11
2014-02-19,3.83,3.88,3.81,3.86,46672.17
2014-02-20,3.86,4.0,3.8,3.82,93034.68
2014-02-21,3.8,3.85,3.75,3.81,39942.76
2014-02-24,3.79,3.84,3.69,3.79,52763.74
2014-02-25,3.77,3.82,3.49,3.64,63059.59
2014-02-26,3.57,3.65,3.5,3.62,41655.55
2014-02-27,3.62,3.66,3.52,3.53,43262.47
2014-02-28,3.51,3.58,3.49,3.56,54104.89
2014-03-03,3.55,3.65,3.53,3.59,47161.9
2014-03-04,3.56,3.63,3.53,3.61,24804.98
2014-03-05,3.62,3.79,3.62,3.76,67861.85
2014-03-06,3.76,3.76,3.64,3.71,48390.85
2014-03-07,3.68,3.74,3.49,3.61,60994.56
2014-03-10,3.62,3.67,3.49,3.59,55427.71
2014-03-11,3.59,3.72,3.54,3.62,42059.26
2014-03-12,3.62,3.62,3.35,3.51,66412.03
2014-03-13,3.49,3.55,3.43,3.49,25437.97
2014-03-14,3.47,3.47,3.35,3.44,25278.94
2014-03-17,3.36,3.49,3.36,3.49,17510.68
2014-03-18,3.49,3.55,3.47,3.48,21938.54
2014-03-19,3.49,3.5,3.42,3.48,23941.13
2014-03-20,3.43,3.47,3.38,3.39,17271.66
2014-03-21,3.36,3.43,3.32,3.41,21518.19
2014-03-24,3.41,3.51,3.4,3.49,29045.68
2014-03-25,3.48,3.52,3.41,3.48,26804.39
2014-03-26,3.46,3.51,3.44,3.51,20018.19
2014-03-27,3.5,3.51,3.46,3.48,14923.3
2014-03-28,3.46,3.49,3.38,3.42,19708.53
2014-03-31,3.39,3.41,3.2,3.34,48856.2
2014-04-01,3.33,3.34,3.28,3.34,15603.38
2014-04-02,3.34,3.38,3.29,3.32,13933.44
2014-04-03,3.31,3.34,3.28,3.32,13125.63
2014-04-04,3.31,3.34,3.25,3.33,13005.55
2014-04-08,3.34,3.37,3.3,3.36,20658.03
2014-04-09,3.36,3.48,3.32,3.47,33441.46
2014-04-10,3.46,3.53,3.46,3.49,32433.27
2014-04-11,3.48,3.51,3.46,3.49,16489.82
2014-04-14,3.49,3.62,3.46,3.61,42078.39
2014-04-15,3.6,3.66,3.58,3.6,48271.07
2014-04-16,3.58,3.63,3.49,3.51,31302.78
2014-04-17,3.52,3.57,3.5,3.53,21366.39
2014-04-18,3.52,3.56,3.49,3.53,15196.71
2014-04-21,3.5,3.64,3.49,3.56,38609.7
2014-04-22,3.55,3.61,3.51,3.6,16399.24
2014-04-23,3.6,3.62,3.53,3.59,16119.48
2014-04-24,3.55,3.59,3.53,3.56,12418.78
2014-04-25,3.53,3.58,3.37,3.43,23240.33
2014-04-28,3.37,3.37,3.09,3.09,56971.03
2014-04-29,3.06,3.17,3.01,3.12,39590.83
2014-04-30,3.12,3.18,3.08,3.16,20553.62
2014-05-05,3.16,3.21,3.11,3.2,26134.85
2014-05-06,3.18,3.42,3.18,3.32,35259.83
2014-05-07,3.31,3.33,3.18,3.2,15742.4
2014-05-08,3.22,3.25,3.15,3.22,14426.85
2014-05-09,3.18,3.2,3.09,3.13,14687.97
2014-05-12,3.16,3.24,3.11,3.23,26802.36
2014-05-13,3.22,3.32,3.21,3.27,22882.5
2014-05-14,3.3,3.35,3.29,3.29,12650.72
2014-05-15,3.53,3.62,3.38,3.41,73870.09
2014-05-16,3.34,3.42,3.25,3.41,36360.19
2014-05-19,3.32,3.5,3.32,3.47,30660.16
2014-05-20,3.48,3.53,3.46,3.46,24815.94
2014-05-21,3.46,3.61,3.46,3.56,50337.41
2014-05-22,3.56,3.6,3.53,3.55,24349.81
2014-05-23,3.56,3.56,3.47,3.51,19526.19
2014-05-26,3.52,3.58,3.5,3.53,22040.78
2014-05-27,3.51,3.53,3.46,3.49,22889.59
2014-05-28,3.48,3.49,3.42,3.46,20724.09
2014-05-29,3.45,3.48,3.42,3.44,14569.7
2014-05-30,3.42,3.47,3.42,3.44,11732.53
2014-06-03,3.44,3.58,3.43,3.56,41218.57
2014-06-04,3.6,3.6,3.46,3.51,31115.66
2014-06-05,3.51,3.59,3.51,3.57,40013.13
2014-06-06,3.58,3.62,3.56,3.6,41844.74
2014-06-09,3.58,3.72,3.58,3.68,69707.84
2014-06-10,3.68,3.71,3.61,3.69,34053.15
2014-06-11,3.67,3.7,3.6,3.62,32933.65
2014-06-12,3.62,3.65,3.57,3.61,18309.2
2014-06-13,3.6,3.79,3.6,3.74,65765.99
2014-06-16,3.73,3.88,3.71,3.73,64109.01
2014-06-17,3.75,3.75,3.61,3.62,38809.24
2014-06-18,3.62,3.66,3.53,3.59,38084.84
2014-06-19,3.56,3.6,3.54,3.56,19176.91
2014-06-20,3.58,3.62,3.55,3.57,23073.07
2014-06-23,3.54,3.69,3.54,3.68,34457.03
2014-06-24,3.68,3.75,3.65,3.74,20157.25
2014-06-25,3.74,3.74,3.65,3.65,15789.18
2014-06-26,3.64,3.7,3.64,3.66,17441.14
2014-06-27,3.66,3.72,3.64,3.68,18154.78
2014-06-30,3.68,3.83,3.65,3.8,45540.64
2014-07-01,3.86,3.86,3.78,3.79,34815.59
2014-07-02,3.79,3.93,3.77,3.86,36014.98
2014-07-03,3.87,3.98,3.81,3.98,54760.65
2014-07-04,3.97,3.98,3.9,3.96,34954.84
2014-07-07,3.95,3.96,3.84,3.84,45503.45
2014-07-08,3.84,3.99,3.81,3.98,52453.19
2014-07-09,3.98,4.05,3.85,3.94,55875.15
2014-07-10,3.92,4.12,3.92,4.08,97481.26
2014-07-11,4.08,4.23,4.06,4.13,71150.12
2014-07-14,4.13,4.19,4.08,4.1,51826.36
2014-07-15,4.11,4.25,4.1,4.14,44834.13
2014-07-16,4.14,4.18,4.03,4.09,26556.63
2014-07-17,4.06,4.15,4.04,4.04,15624.77
2014-07-18,4.04,4.07,4.0,4.05,24629.16
2014-07-21,4.02,4.1,3.86,3.92,57415.04
2014-07-22,3.92,4.05,3.9,4.0,44685.64
2014-07-23,4.01,4.05,3.95,4.03,36878.48
2014-07-24,4.01,4.04,3.9,3.94,34741.21
2014-07-25,3.93,4.0,3.88,3.94,19926.15
2014-07-28,3.94,4.05,3.92,4.04,56723.01
2014-07-29,4.01,4.04,3.97,3.99,58627.15
2014-07-30,3.99,4.03,3.97,4.01,37703.54
2014-07-31,4.04,4.08,3.94,4.03,64770.84
2014-08-01,4.01,4.03,3.97,3.97,39328.73
2014-08-04,3.99,4.14,3.96,4.12,88577.06
2014-08-05,4.1,4.14,4.06,4.11,32221.31
2014-08-06,4.12,4.12,4.05,4.09,32682.69
2014-08-07,4.07,4.16,4.04,4.04,30307.58
2014-08-08,4.05,4.06,4.02,4.03,16397.49
2014-08-11,4.02,4.17,4.01,4.16,49669.2
2014-08-12,4.16,4.18,4.1,4.14,37618.96
2014-08-13,4.14,4.14,4.04,4.08,34765.93
2014-08-14,4.07,4.1,4.0,4.02,38006.3
2014-08-15,4.02,4.1,4.01,4.08,27711.72
2014-08-18,4.1,4.1,4.06,4.09,27578.89
2014-08-19,4.11,4.12,4.06,4.1,47091.07
2014-08-20,4.08,4.18,4.07,4.14,46372.85
2014-08-21,4.14,4.15,4.06,4.12,20001.61
2014-08-22,4.11,4.19,4.1,4.18,38101.06
2014-08-25,4.18,4.32,4.16,4.17,49661.26
2014-08-26,4.17,4.23,4.03,4.04,40177.95
2014-08-27,4.04,4.08,3.96,4.04,39592.44
2014-08-28,4.04,4.06,3.93,4.02,31283.0
2014-08-29,4.02,4.04,3.94,4.02,26950.33
2014-09-01,4.02,4.02,3.92,3.98,73475.67
2014-09-02,3.95,4.04,3.95,4.04,57632.24
2014-09-03,4.04,4.05,4.0,4.04,40346.13
2014-09-04,4.04,4.12,4.02,4.1,52708.6
2014-09-05,4.11,4.16,4.07,4.12,58919.8
2014-09-09,4.12,4.17,4.0,4.04,68522.17
2014-09-10,4.03,4.03,3.93,3.98,98977.51
2014-09-11,3.97,4.02,3.92,3.99,71565.86
2014-09-12,3.99,4.03,3.93,4.01,46666.81
2014-09-15,4.01,4.07,3.98,4.05,58405.95
2014-09-16,4.05,4.07,3.89,3.94,83728.98
2014-09-17,3.94,3.94,3.81,3.89,62230.34
2014-09-18,3.89,3.91,3.85,3.9,27826.36
2014-09-19,3.9,3.9,3.81,3.88,32276.23
2014-09-22,3.86,3.87,3.8,3.85,30451.0
2014-09-23,3.82,3.89,3.79,3.84,65847.32
2014-09-24,3.84,3.88,3.78,3.88,59844.99
2014-09-25,3.88,3.88,3.84,3.84,60279.02
2014-09-26,3.84,3.88,3.79,3.87,52576.94
2014-09-29,3.88,3.95,3.87,3.94,69515.01
2014-09-30,3.94,3.96,3.9,3.94,41006.43
2014-10-08,3.95,3.97,3.91,3.96,52841.64
2014-10-09,3.97,3.98,3.93,3.95,52245.01
2014-10-10,3.96,3.97,3.91,3.92,46065.3
2014-10-13,3.92,3.92,3.8,3.88,50207.96
2014-10-14,3.88,3.88,3.8,3.81,41092.96
2014-10-15,3.8,3.89,3.8,3.85,29715.66
2014-10-16,3.83,3.85,3.78,3.78,47308.51
2014-10-17,3.78,3.78,3.7,3.74,35376.15
2014-10-20,3.74,3.8,3.73,3.77,24694.7
2014-10-21,3.76,3.83,3.76,3.8,25359.89
2014-10-22,3.79,3.81,3.72,3.73,24702.41
2014-10-23,3.73,3.73,3.6,3.65,43583.65
2014-10-24,3.63,3.66,3.61,3.66,26314.79
2014-10-27,3.63,3.73,3.63,3.72,34563.83
2014-10-28,3.72,3.76,3.7,3.75,26385.55
2014-10-29,3.75,3.79,3.73,3.77,26741.04
2014-10-30,3.76,3.78,3.74,3.75,28392.01
2014-10-31,3.75,3.79,3.74,3.76,39615.95
2014-11-03,3.76,3.8,3.76,3.77,43407.99
2014-11-04,3.76,3.77,3.69,3.69,34370.74
2014-11-05,3.69,3.71,3.67,3.69,22670.07
2014-11-06,3.71,3.72,3.64,3.68,27544.47
2014-11-07,3.69,3.7,3.66,3.66,31226.92
2014-11-10,3.65,3.68,3.6,3.65,38590.55
2014-11-11,3.66,3.68,3.56,3.62,44274.11
2014-11-12,3.61,3.73,3.57,3.72,55089.59
2014-11-13,3.73,3.82,3.7,3.8,108129.55
2014-11-14,3.79,3.82,3.74,3.77,45890.47
2014-11-17,3.81,3.86,3.75,3.82,58594.82
2014-11-18,3.8,3.88,3.78,3.85,91350.45
2014-11-19,3.85,3.88,3.8,3.82,56380.51
2014-11-20,3.8,3.84,3.77,3.8,31738.55
2014-11-21,3.81,3.84,3.79,3.81,42628.62
2014-11-24,3.82,3.84,3.79,3.81,66082.13
2014-11-25,3.82,3.86,3.79,3.86,64895.35
2014-11-26,3.88,3.88,3.81,3.84,50238.58
2014-11-27,3.84,4.03,3.83,4.02,142172.03
2014-11-28,4.01,4.01,3.91,3.97,106269.4
2014-12-01,3.97,3.99,3.87,3.9,83610.76
2014-12-02,3.88,3.95,3.88,3.93,49681.01
2014-12-03,3.92,3.98,3.9,3.97,80202.54
2014-12-04,3.97,3.99,3.93,3.96,114791.72
2014-12-05,3.93,3.96,3.77,3.78,118700.19
2014-12-08,3.78,3.84,3.72,3.77,100449.13
2014-12-09,3.76,3.8,3.71,3.71,84805.4
2014-12-10,3.7,3.84,3.68,3.81,52940.38
2014-12-11,3.8,3.87,3.76,3.84,70600.56
2014-12-12,3.86,3.88,3.78,3.84,79853.0
2014-12-15,3.87,3.9,3.81,3.88,63924.85
2014-12-16,3.89,3.89,3.84,3.86,48396.93
2014-12-17,3.86,3.88,3.73,3.76,59720.61
2014-12-18,3.76,3.79,3.73,3.77,33292.02
2014-12-19,3.76,3.76,3.63,3.67,81517.61
2014-12-22,3.71,3.74,3.56,3.73,82128.71
2014-12-23,3.76,3.77,3.63,3.65,38204.23
2014-12-24,3.68,3.7,3.64,3.68,28292.57
2014-12-25,3.67,3.74,3.65,3.72,31708.28
2014-12-26,3.71,3.74,3.66,3.67,60389.05
2014-12-29,3.67,3.72,3.63,3.66,39736.87
2014-12-30,3.66,3.71,3.57,3.68,40449.48
2014-12-31,3.66,3.74,3.64,3.73,55107.81
2015-01-05,3.73,3.88,3.69,3.86,124060.14
2015-01-06,3.81,3.89,3.8,3.88,92723.31
2015-01-07,3.87,3.99,3.84,3.99,149598.8
2015-01-08,4.02,4.15,4.0,4.06,223727.45
2015-01-09,4.06,4.16,4.0,4.02,152894.1
2015-01-12,4.02,4.02,3.87,3.89,97300.95
2015-01-13,3.84,4.01,3.82,4.0,89633.77
2015-01-14,3.96,4.18,3.95,4.1,167994.9
2015-01-15,4.12,4.16,4.04,4.08,75716.86
2015-01-16,4.07,4.13,4.0,4.1,114067.86
2015-01-19,4.01,4.06,3.83,3.97,121691.11
2015-01-20,3.95,4.09,3.94,4.07,91925.58
2015-01-21,4.05,4.12,4.05,4.08,85876.43
2015-01-22,4.09,4.39,4.06,4.34,203634.64
2015-01-23,4.36,4.43,4.27,4.33,156403.54
2015-01-26,4.31,4.48,4.29,4.42,128763.8
2015-01-27,4.39,4.44,4.34,4.35,45051.0
2015-05-11,4.78,4.78,4.78,4.78,958.5
2015-05-12,5.25,5.25,5.25,5.25,8502.42
2015-05-13,5.78,5.78,5.78,5.78,3273.05
2015-05-14,6.36,6.36,6.36,6.36,1805.96
2015-05-15,6.99,6.99,6.99,6.99,12121.31
2015-05-18,7.7,7.7,7.26,7.7,426878.96
2015-05-19,7.91,8.02,6.93,7.46,434134.31
2015-05-20,7.47,7.69,7.29,7.48,288707.53
2015-05-21,7.5,8.23,7.5,8.23,329507.4
2015-05-22,8.76,8.82,7.87,8.0,336605.1
2015-05-25,7.76,8.0,7.49,7.79,270127.62
2015-05-26,7.8,8.21,7.61,8.15,293768.87
2015-05-27,8.1,8.75,7.86,8.54,319415.97
2015-05-28,8.52,8.91,7.7,7.8,298069.06
2015-05-29,7.82,8.3,7.57,7.93,237789.44
2015-06-01,7.92,8.49,7.7,8.29,206111.36
2015-06-02,8.31,9.12,8.18,9.12,322926.77
2015-06-03,9.17,9.2,8.62,8.7,277259.83
2015-06-04,8.69,9.57,8.28,9.23,378932.79
2015-06-05,9.19,9.63,8.85,9.49,278548.48
2015-06-08,9.36,9.37,8.87,9.17,182643.37
2015-06-09,9.19,9.25,8.71,8.81,171567.99
2015-06-10,8.59,8.83,8.51,8.72,184241.74
2015-06-11,8.68,8.88,8.58,8.83,145045.74
2015-06-12,8.91,8.91,8.61,8.63,155873.15
2015-06-15,8.63,8.76,8.08,8.14,177414.09
2015-06-16,8.14,8.18,7.74,7.87,126430.15
2015-06-17,7.91,8.09,7.53,8.06,126280.7
2015-06-18,8.02,8.28,7.9,7.93,116363.95
2015-06-19,7.65,7.92,7.17,7.34,91999.43
2015-06-23,7.38,7.61,6.61,7.34,112141.77
2015-06-24,7.35,7.49,7.23,7.44,92169.46
2015-06-25,7.45,7.8,7.29,7.55,148127.56
2015-06-26,7.4,7.48,6.8,6.83,117709.6
2015-06-29,6.89,7.17,6.14,6.14,156924.74
2015-06-30,5.93,6.46,5.53,6.37,132046.4
2015-07-01,6.3,6.62,5.74,5.74,112721.05
2015-07-02,5.74,5.84,5.16,5.16,121288.36
2015-07-03,4.83,5.17,4.65,4.65,133416.71
2015-07-06,5.11,5.11,4.18,4.18,192412.92
2015-07-07,3.85,3.96,3.76,3.76,87256.0
2015-07-13,4.14,4.14,4.14,4.14,11900.28
2015-07-14,4.55,4.55,4.55,4.55,3451.58
2015-07-15,5.01,5.01,4.42,4.55,357780.36
2015-07-16,4.09,4.86,4.09,4.78,194521.95
2015-07-17,4.9,5.26,4.9,5.26,170705.94
2015-07-20,5.55,5.78,5.43,5.78,311812.3
2015-07-21,5.77,6.13,5.59,5.81,265138.63
2015-07-22,5.79,6.01,5.31,5.76,178889.56
2015-07-23,5.78,6.03,5.78,5.97,145330.24
2015-07-24,5.99,6.02,5.76,5.83,140908.15
2015-07-27,5.69,5.99,5.24,5.24,172033.75
2015-07-28,4.92,5.39,4.72,4.97,188599.93
2015-07-29,5.13,5.26,4.67,5.18,135629.2
2015-07-30,5.13,5.23,4.89,4.95,115454.34
2015-07-31,4.9,5.18,4.86,4.98,93393.11
2015-08-03,4.97,5.06,4.58,4.67,91634.55
2015-08-04,4.72,5.03,4.66,5.02,94755.07
2015-08-05,4.98,5.07,4.8,4.89,96953.91
2015-08-06,4.78,4.9,4.72,4.81,50076.31
2015-08-07,4.86,5.06,4.86,4.98,84963.46
2015-08-10,5.06,5.43,5.03,5.37,114205.24
2015-08-11,5.31,5.67,5.31,5.42,122736.71
2015-08-12,5.42,5.59,5.35,5.51,107617.09
2015-08-13,5.47,5.75,5.43,5.73,118769.8
2015-08-14,5.72,6.12,5.72,5.99,164333.81
2015-08-17,5.99,6.11,5.87,5.99,132551.55
2015-08-18,6.0,6.02,5.39,5.39,144997.75
2015-08-19,5.27,5.67,5.04,5.6,119520.44
2015-08-20,5.57,6.0,5.43,5.67,137984.47
2015-08-21,5.55,5.67,5.11,5.16,104834.54
2015-08-24,4.94,4.96,4.65,4.65,86872.12
2015-08-25,4.2,4.41,4.18,4.18,96040.65
2015-08-26,4.3,4.43,3.89,4.1,114256.13
2015-08-27,4.21,4.46,4.11,4.46,84356.63
2015-08-28,4.47,4.79,4.47,4.75,77027.84
2015-08-31,4.75,4.75,4.44,4.52,59662.04
2015-09-01,4.47,4.52,4.12,4.15,71189.55
2015-09-02,3.93,4.31,3.9,4.02,58816.14
2015-09-07,4.13,4.31,4.06,4.11,39019.88
2015-09-08,4.09,4.42,4.03,4.41,47662.04
2015-09-09,4.43,4.72,4.41,4.65,68976.3
2015-09-10,4.67,4.8,4.58,4.6,72769.32
2015-09-11,4.54,4.68,4.46,4.55,45254.03
2015-09-14,4.58,4.61,4.09,4.09,56892.11
2015-09-15,4.02,4.14,3.72,3.78,53311.69
2015-09-16,3.79,4.16,3.79,4.16,64305.6
2015-09-17,4.09,4.29,4.01,4.05,64294.82
2015-09-18,4.09,4.15,4.04,4.1,35531.79
2015-09-21,4.05,4.32,4.05,4.27,41178.98
2015-09-22,4.27,4.42,4.25,4.34,39841.87
2015-09-23,4.27,4.33,4.17,4.2,32407.21
2015-09-24,4.25,4.32,4.2,4.26,27093.19
2015-09-25,4.23,4.28,4.05,4.08,28213.15
2015-09-28,4.13,4.32,4.07,4.31,37526.27
2015-09-29,4.29,4.5,4.21,4.38,77337.53
2015-09-30,4.45,4.46,4.31,4.37,38904.49
2015-10-08,4.6,4.6,4.46,4.54,57810.91
2015-10-09,4.54,4.64,4.47,4.58,45334.58
2015-10-12,4.6,4.85,4.59,4.8,53467.53
2015-10-13,4.74,4.98,4.74,4.9,83211.9
2015-10-14,4.89,4.98,4.84,4.9,51062.15
2015-10-22,4.46,4.86,4.45,4.85,369932.75
2015-10-23,4.72,4.8,4.59,4.71,274773.59
2015-10-26,4.76,4.8,4.62,4.8,201363.84
2015-10-27,4.73,4.79,4.5,4.75,163106.97
2015-10-28,4.73,4.84,4.54,4.61,168110.89
2015-10-29,4.64,4.8,4.56,4.73,139132.94
2015-10-30,4.73,5.03,4.67,4.94,216235.2
2015-11-02,4.77,5.21,4.74,5.13,261833.0
2015-11-03,5.07,5.37,5.07,5.18,264490.15
2015-11-04,5.12,5.39,5.08,5.37,240538.15
2015-11-05,5.34,5.37,5.2,5.26,173521.59
2015-11-06,5.26,5.51,5.23,5.35,169785.68
2015-11-09,5.27,5.39,5.14,5.32,160417.36
2015-11-10,5.27,5.3,5.18,5.23,138116.07
2015-11-11,5.23,5.37,5.18,5.35,122579.91
2015-11-12,5.35,5.35,5.14,5.19,155709.28
2015-11-13,5.11,5.29,5.03,5.21,131517.37
2015-11-16,5.12,5.54,5.07,5.52,203424.61
2015-11-17,5.53,5.58,5.38,5.52,151190.8
2015-11-18,5.47,5.6,5.39,5.42,104244.34
2015-11-19,5.37,5.56,5.35,5.52,94552.98
2015-11-20,5.55,5.72,5.52,5.71,160977.32
2015-11-23,5.72,5.81,5.45,5.54,158763.41
2015-11-24,5.59,5.59,5.37,5.49,92033.46
2015-11-25,5.43,5.66,5.39,5.65,109105.92
2015-11-26,5.65,5.69,5.52,5.63,110604.62
2015-11-27,5.66,5.66,5.06,5.09,113407.96
2015-11-30,5.05,5.27,5.0,5.25,105507.85
2015-12-01,5.2,5.3,5.14,5.26,68113.16
2015-12-02,5.22,5.3,5.08,5.26,50554.02
2015-12-03,5.27,5.37,5.27,5.35,47389.73
2015-12-04,5.36,5.67,5.32,5.58,150049.19
2015-12-07,5.63,5.73,5.57,5.61,127718.41
2015-12-08,5.57,5.57,5.36,5.42,83571.38
2015-12-09,5.43,5.49,5.37,5.41,44870.36
2015-12-10,5.4,5.43,5.24,5.28,72582.74
2015-12-11,5.29,5.4,5.15,5.36,65022.63
2015-12-14,5.27,5.54,5.22,5.53,75576.25
2015-12-15,5.53,5.63,5.47,5.53,77099.94
2015-12-16,5.53,5.67,5.51,5.62,83836.15
2015-12-24,5.99,6.07,5.79,5.89,237872.35
2015-12-25,5.88,6.19,5.8,6.17,194974.9
2015-12-28,6.09,6.34,5.99,6.15,189904.41
2015-12-29,6.15,6.15,5.9,5.98,93550.53
2015-12-30,6.0,6.06,5.89,5.94,75548.0
2015-12-31,5.94,5.99,5.73,5.76,83005.63
2016-01-04,5.76,5.78,5.18,5.22,72864.34
2016-01-05,4.9,5.22,4.84,5.02,90014.85
2016-01-06,5.09,5.17,5.04,5.15,68363.43
2016-01-07,5.14,5.14,4.64,4.66,25065.99
2016-01-08,4.78,4.93,4.46,4.75,76773.67
2016-01-11,4.7,5.14,4.66,4.81,101341.08
2016-01-12,4.85,5.03,4.77,5.0,87666.65
2016-01-13,5.02,5.13,4.94,4.99,99169.11
2016-01-14,4.82,5.14,4.75,5.11,77928.73
2016-01-15,5.06,5.1,4.78,4.83,71969.84
2016-01-18,4.72,4.93,4.67,4.85,51918.27
2016-01-19,4.85,5.01,4.8,4.99,59502.41
2016-01-20,4.96,4.99,4.82,4.87,49558.2
2016-01-21,4.81,4.91,4.48,4.56,54307.73
2016-01-22,4.66,4.69,4.52,4.65,37254.98
2016-01-25,4.71,4.87,4.7,4.8,49569.21
2016-01-26,4.64,4.87,4.39,4.5,74648.82
2016-01-27,4.56,4.68,4.38,4.62,55696.76
2016-01-28,4.64,4.73,4.57,4.59,47391.04
2016-01-29,4.56,4.84,4.56,4.8,85649.8
2016-02-01,4.86,5.14,4.81,4.99,87085.68
2016-02-02,5.06,5.25,5.0,5.2,67718.12
2016-02-03,5.18,5.66,5.07,5.59,115755.68
2016-05-05,6.15,6.15,5.67,5.74,276310.25
2016-05-06,5.74,5.77,5.19,5.3,208725.62
2016-05-09,5.29,5.29,5.06,5.25,86521.94
2016-05-10,5.22,5.25,5.09,5.16,36971.67
2016-05-11,5.16,5.32,5.13,5.27,73165.38
2016-05-12,5.16,5.18,4.94,5.05,63816.01
2016-05-13,5.14,5.46,5.05,5.45,103052.44
2016-05-16,5.49,5.55,5.35,5.52,102410.04
2016-05-17,5.54,5.57,5.27,5.34,92151.17
2016-05-18,5.29,5.29,5.07,5.17,67320.77
2016-05-19,5.24,5.46,5.24,5.29,76750.37
2016-05-20,5.11,5.39,5.04,5.25,128625.3
2016-05-23,5.2,5.36,5.16,5.25,98263.7
2016-05-24,5.25,5.28,5.0,5.06,100170.47
2016-05-25,5.1,5.21,5.0,5.07,104183.6
2016-05-26,5.07,5.11,4.86,4.99,84698.35
2016-05-27,4.98,5.01,4.89,4.9,61206.42
2016-05-30,4.86,5.28,4.8,5.26,113772.08
2016-05-31,5.19,5.52,5.16,5.46,224355.54
2016-06-01,5.52,5.52,5.39,5.43,145987.34
2016-06-02,5.7,5.79,5.56,5.6,336000.53
2016-06-03,5.65,5.7,5.56,5.59,173583.59
2016-06-06,5.57,5.62,5.47,5.5,124297.06
2016-06-07,5.51,5.57,5.49,5.56,101663.39
2016-06-08,5.54,5.54,5.43,5.52,85807.71
2016-06-13,5.47,5.51,5.23,5.25,109501.91
2016-06-14,5.24,5.28,5.05,5.15,85588.86
2016-06-15,5.03,5.34,5.03,5.29,105654.85
2016-06-16,5.24,5.34,5.16,5.19,60981.97
2016-06-17,5.19,5.34,5.19,5.25,51191.36
2016-06-20,5.25,5.43,5.19,5.39,103375.48
2016-06-21,5.45,5.47,5.18,5.22,80557.36
2016-06-22,5.21,5.26,5.19,5.22,48119.01
2016-06-23,5.25,5.25,5.12,5.16,49186.99
2016-06-24,5.16,5.19,4.91,5.04,78410.28
2016-06-27,5.01,5.12,4.97,5.11,52762.47
2016-06-28,5.1,5.16,5.02,5.16,78232.29
2016-06-29,5.17,5.25,5.16,5.19,106632.54
2016-06-30,5.21,5.25,5.15,5.2,52603.57
2016-07-01,5.23,5.25,5.12,5.16,50648.55
2016-07-04,5.11,5.29,5.11,5.28,111416.59
2016-07-05,5.28,5.29,5.2,5.23,74387.54
2016-07-06,5.23,5.25,5.16,5.19,77264.28
2016-07-07,5.2,5.38,5.15,5.34,223208.57
2016-07-08,5.36,5.46,5.28,5.43,191935.88
2016-07-11,5.42,5.52,5.32,5.4,166834.92
2016-07-12,5.42,5.45,5.29,5.43,130432.75
2016-07-13,5.46,5.51,5.36,5.51,143754.13
2016-07-14,5.47,5.49,5.43,5.46,72638.96
2016-07-15,5.46,5.49,5.42,5.43,59266.5
2016-07-18,5.43,5.57,5.32,5.56,170162.24
2016-07-19,5.52,5.64,5.46,5.56,101972.65
2016-07-20,5.56,5.57,5.4,5.41,79092.21
2016-07-21,5.42,5.58,5.38,5.45,162445.87
2016-07-22,5.42,5.44,5.16,5.18,220992.46
2016-07-25,5.18,5.2,5.05,5.17,127631.86
2016-07-26,5.15,5.29,5.12,5.27,126326.01
2016-07-27,5.26,5.29,4.8,4.9,214003.31
2016-07-28,4.91,4.94,4.75,4.86,118791.26
2016-07-29,4.87,4.94,4.83,4.89,72517.69
2016-08-01,4.89,4.89,4.75,4.8,57052.68
2016-08-02,4.82,4.94,4.8,4.87,61163.0
2016-08-03,4.84,4.92,4.84,4.86,32265.39
2016-08-04,4.86,4.89,4.84,4.88,34390.46
2016-08-05,4.88,4.96,4.85,4.94,55174.65
2016-08-08,4.94,5.03,4.87,5.02,90143.73
2016-08-09,5.05,5.14,5.02,5.09,87058.93
2016-08-10,5.08,5.13,5.03,5.04,48460.67
2016-08-11,5.04,5.07,4.94,4.94,58487.92
2016-08-12,4.94,5.08,4.9,5.06,69552.91
2016-08-15,5.07,5.23,5.05,5.2,130442.52
2016-08-16,5.21,5.22,5.14,5.21,84343.22
2016-08-17,5.21,5.23,5.16,5.17,48179.72
2016-08-25,5.31,5.52,5.21,5.38,426726.98
2016-08-26,5.32,5.43,5.23,5.31,222439.6
2016-08-29,5.25,5.29,5.16,5.21,144011.48
2016-08-30,5.21,5.24,5.08,5.15,93482.27
2016-08-31,5.17,5.19,5.1,5.15,61184.13
2016-09-01,5.13,5.19,5.13,5.13,85305.88
2016-09-02,5.12,5.17,5.11,5.16,58096.43
2016-09-05,5.16,5.21,5.12,5.14,86671.43
2016-09-06,5.16,5.17,5.06,5.16,112448.99
2016-09-07,5.17,5.19,5.14,5.14,85856.11
2016-09-08,5.14,5.16,5.09,5.11,61839.83
2016-09-09,5.1,5.13,4.99,5.0,99055.67
2016-09-12,4.95,5.0,4.81,4.85,154127.25
2016-09-13,4.94,4.98,4.9,4.95,84919.5
2016-09-14,4.93,4.96,4.85,4.92,80343.9
2016-09-19,4.93,4.98,4.92,4.97,73600.24
2016-09-20,4.98,5.0,4.92,4.99,52461.79
2016-09-21,5.0,5.01,4.93,4.94,58248.68
2016-09-22,4.97,5.12,4.95,5.07,153548.81
2016-09-23,5.07,5.11,5.02,5.05,67421.42
2016-09-26,5.05,5.05,4.95,4.96,55486.7
2016-09-27,4.95,4.98,4.91,4.98,49706.71
2016-09-28,4.98,5.02,4.91,4.96,87687.64
2016-09-29,4.98,4.98,4.92,4.93,59627.52
2016-09-30,4.94,4.98,4.9,4.93,65888.28
2016-10-10,4.94,5.03,4.92,5.02,93162.47
2016-10-11,5.01,5.09,4.99,5.03,117747.76
2016-10-12,5.0,5.03,4.98,5.03,63110.95
2016-10-13,5.03,5.03,4.97,4.97,68513.28
2016-10-14,4.97,5.0,4.94,4.98,68010.25
2016-10-17,4.99,4.99,4.89,4.9,147633.17
2016-10-18,4.93,4.93,4.83,4.91,173069.83
2016-10-19,4.92,4.92,4.86,4.88,72968.6
2016-10-20,4.89,5.01,4.87,4.98,161954.48
2016-10-21,5.0,5.03,4.96,4.99,166605.77
2016-10-24,4.99,5.01,4.95,5.0,154930.74
2016-10-25,5.03,5.04,5.0,5.03,140257.8
2016-10-26,5.03,5.03,4.9,4.95,125824.15
2016-10-27,4.95,4.97,4.92,4.95,66289.0
2016-10-28,4.95,4.99,4.93,4.97,74556.03
2016-10-31,5.0,5.02,4.92,4.97,139549.56
2016-11-01,4.96,5.19,4.95,5.16,289451.46
2016-11-02,5.17,5.21,5.11,5.15,186101.02
2016-11-03,5.12,5.21,5.07,5.1,138130.58
2016-11-04,5.16,5.23,5.13,5.18,122872.45
2016-11-07,5.19,5.22,5.06,5.07,162877.2
2016-11-08,5.1,5.13,5.06,5.11,82096.88
2016-11-09,5.11,5.12,4.98,5.04,102869.71
2016-11-10,5.06,5.1,5.05,5.07,91634.76
2016-11-11,5.07,5.11,5.03,5.1,85766.61
2016-11-14,5.11,5.12,5.05,5.08,135439.6
2016-11-15,5.08,5.12,5.06,5.1,110845.05
2016-11-16,5.1,5.17,5.08,5.14,128859.92
2016-11-17,5.14,5.16,5.1,5.13,72705.3
2016-11-18,5.12,5.15,5.04,5.07,115875.96
2016-11-21,5.05,5.12,5.03,5.07,113124.1
2016-11-22,5.08,5.11,5.07,5.1,82751.28
2016-11-23,5.1,5.16,5.07,5.12,136407.04
2016-11-24,5.11,5.12,5.06,5.07,69411.27
2016-11-25,5.07,5.1,4.99,5.09,87930.22
2016-11-28,5.1,5.22,5.06,5.21,216424.5
2016-11-29,5.19,5.46,5.16,5.31,297469.33
2016-11-30,5.33,5.35,5.23,5.26,160361.69
2016-12-01,5.26,5.54,5.25,5.49,290288.72
2016-12-02,5.5,5.52,5.35,5.45,173029.83
2016-12-05,5.43,5.51,5.34,5.43,117617.76
2016-12-06,5.41,5.46,5.3,5.34,131599.54
2016-12-07,5.31,5.38,5.3,5.35,98937.04
2016-12-08,5.36,5.47,5.28,5.35,134197.61
2016-12-09,5.35,5.35,5.24,5.29,108773.14
2016-12-12,5.29,5.31,5.04,5.06,161491.43
2016-12-13,5.05,5.16,5.02,5.15,107167.77
2016-12-14,5.17,5.2,5.1,5.16,81719.16
2016-12-15,5.14,5.43,5.12,5.37,149568.31
2016-12-16,5.37,5.43,5.3,5.42,105748.86
2016-12-19,5.43,5.48,5.37,5.44,114413.01
2016-12-20,5.47,5.51,5.31,5.32,158424.82
2016-12-21,5.32,5.7,5.32,5.61,306917.67
2016-12-22,5.55,5.61,5.47,5.55,204005.42
2016-12-23,5.54,5.54,5.35,5.38,239965.24
2016-12-26,5.37,5.38,5.22,5.35,115333.13
2016-12-27,5.35,5.4,5.28,5.3,76094.56
2016-12-28,5.31,5.33,5.21,5.25,102563.9
2016-12-29,5.25,5.32,5.2,5.25,90182.28
2016-12-30,5.25,5.27,5.17,5.21,95248.59
2017-01-03,5.21,5.29,5.18,5.28,140726.33
2017-01-04,5.23,5.29,5.23,5.29,108487.3
2017-01-05,5.29,5.29,5.21,5.22,110492.08
2017-01-06,5.22,5.27,5.2,5.22,77574.32
2017-01-09,5.22,5.25,5.12,5.19,93708.87
2017-01-10,5.16,5.18,5.11,5.12,114766.6
2017-01-11,5.11,5.15,5.07,5.07,70877.63
2017-01-12,5.08,5.12,5.05,5.07,57142.93
2017-01-13,5.12,5.12,4.89,5.07,208629.76
2017-01-16,5.05,5.18,4.9,5.15,322505.02
2017-01-17,5.07,5.17,5.05,5.15,58487.31
2017-01-18,5.16,5.16,5.05,5.07,55206.39
2017-01-19,5.07,5.07,4.98,5.0,53740.16
2017-01-20,5.01,5.07,4.97,5.06,103720.03
2017-01-23,5.13,5.16,5.07,5.11,56145.56
2017-01-24,5.11,5.12,5.03,5.05,58217.0
2017-01-25,5.03,5.08,5.02,5.06,27080.86
2017-01-26,5.06,5.1,5.06,5.09,32418.0
2017-02-03,5.09,5.11,5.03,5.03,43256.3
2017-02-06,5.06,5.09,5.03,5.07,70211.47
2017-02-07,5.07,5.07,5.01,5.03,58430.19
2017-02-08,5.04,5.06,4.98,5.06,76897.9
2017-02-09,5.07,5.08,5.03,5.07,78640.42
2017-02-10,5.08,5.1,5.06,5.09,83373.8
2017-02-13,5.09,5.11,5.07,5.1,92747.03
2017-02-14,5.09,5.09,5.03,5.05,80999.78
2017-02-15,5.05,5.06,4.98,5.01,84835.58
2017-02-16,5.0,5.03,4.98,5.01,60923.07
2017-02-17,4.99,5.01,4.94,4.94,103974.97
2017-02-20,4.94,5.0,4.94,4.98,71952.82
2017-02-21,4.99,5.0,4.96,4.99,95203.66
2017-02-22,4.99,5.09,4.98,5.08,140865.25
2017-02-23,5.09,5.1,5.03,5.06,72379.6
2017-02-24,5.06,5.12,5.04,5.1,107367.58
2017-02-27,5.11,5.15,5.03,5.04,101788.85
2017-02-28,5.04,5.07,5.03,5.07,58621.51
2017-03-01,5.07,5.08,5.04,5.05,86232.75
2017-03-02,5.05,5.07,4.98,5.0,108905.77
2017-03-03,4.99,5.02,4.97,5.02,55700.05
2017-03-06,5.02,5.03,4.99,5.0,123186.98
2017-03-07,5.0,5.02,4.98,5.0,84399.5
2017-03-08,5.01,5.07,4.98,5.07,131564.04
2017-03-09,5.07,5.08,5.0,5.05,114233.12
2017-03-10,5.06,5.23,5.03,5.13,285215.55
2017-03-13,5.39,5.55,5.25,5.34,434161.85
2017-03-14,5.35,5.38,5.17,5.24,196658.33
2017-03-15,5.21,5.26,5.15,5.25,173770.18
2017-03-16,5.22,5.43,5.21,5.32,202127.07
2017-03-17,5.29,5.52,5.27,5.32,230427.05
2017-03-20,5.29,5.37,5.21,5.25,119458.12
2017-03-21,5.3,5.34,5.23,5.29,115588.69
2017-03-22,5.26,5.27,5.15,5.21,116788.81
2017-03-23,5.19,5.44,5.17,5.36,239081.0
2017-03-24,5.36,5.42,5.23,5.28,149261.98
2017-03-27,5.25,5.32,5.25,5.29,93454.5
2017-03-28,5.29,5.3,5.21,5.22,91362.26
2017-03-29,5.23,5.24,5.16,5.18,96174.07
2017-03-30,5.18,5.19,5.04,5.06,138745.2
2017-03-31,5.05,5.16,5.05,5.12,78552.76
2017-04-05,5.11,5.27,5.11,5.24,177980.54
2017-04-06,5.22,5.45,5.21,5.38,281389.17
2017-04-07,5.37,5.39,5.29,5.32,153301.91
2017-04-10,5.31,5.39,5.28,5.34,112987.44
2017-04-11,5.34,5.35,5.23,5.29,98884.57
2017-04-12,5.29,5.39,5.24,5.34,119868.53
2017-04-13,5.31,5.41,5.31,5.35,90364.72
2017-04-14,5.36,5.38,5.21,5.29,123384.13
2017-04-17,5.29,5.29,5.16,5.27,76207.91
2017-04-18,5.29,5.35,5.23,5.24,111799.35
2017-04-19,5.21,5.28,5.16,5.26,104300.32
2017-04-20,5.26,5.35,5.23,5.35,121839.08
2017-04-21,5.34,5.47,5.34,5.37,194374.46
2017-04-24,5.39,5.39,5.22,5.26,143328.47
2017-04-25,5.25,5.32,5.21,5.21,93261.4
2017-04-26,5.21,5.25,5.15,5.2,86847.78
2017-04-27,5.18,5.25,5.12,5.23,84211.13
2017-04-28,5.23,5.25,5.17,5.22,75696.02
2017-05-02,5.21,5.37,5.2,5.36,135202.22
2017-05-03,5.36,5.41,5.32,5.38,125802.69
2017-05-04,5.39,5.39,5.31,5.35,95938.2
2017-05-05,5.34,5.38,5.25,5.26,77102.37
2017-05-08,5.24,5.29,5.17,5.18,109975.1
2017-05-09,5.17,5.21,5.12,5.19,88432.52
2017-05-10,5.19,5.2,4.9,4.92,140869.59
2017-05-11,4.93,4.94,4.66,4.71,171121.08
2017-05-12,4.74,4.76,4.54,4.61,154015.35
2017-05-15,4.63,4.69,4.61,4.62,93759.99
2017-05-16,4.64,4.72,4.58,4.71,81697.4
2017-05-17,4.71,4.88,4.69,4.75,114390.7
2017-05-18,4.68,4.78,4.67,4.71,51552.34
2017-05-19,4.7,4.76,4.7,4.74,54913.79
2017-05-22,4.71,4.77,4.63,4.66,69323.51
2017-05-23,4.66,4.66,4.35,4.36,113741.24
2017-05-24,4.36,4.49,4.29,4.45,95631.93
2017-05-25,4.44,4.5,4.37,4.49,68973.29
2017-05-26,4.48,4.5,4.44,4.49,40794.86
2017-05-31,4.53,4.58,4.48,4.49,53615.83
2017-06-01,4.49,4.49,4.28,4.29,63225.6
2017-06-02,4.29,4.36,4.21,4.33,78947.22
2017-06-05,4.31,4.39,4.29,4.36,39062.33
2017-06-06,4.36,4.42,4.34,4.4,45626.63
2017-06-07,4.4,4.49,4.38,4.48,75629.17
2017-06-08,4.48,4.52,4.4,4.45,52320.42
2017-06-09,4.46,4.5,4.4,4.48,45007.15
2017-06-12,4.47,4.47,4.4,4.4,54559.0
2017-06-13,4.4,4.44,4.37,4.43,49115.25
2017-06-14,4.4,4.43,4.38,4.43,33363.37
2017-06-15,4.45,4.6,4.42,4.59,105691.39
2017-06-16,4.55,4.69,4.54,4.69,117094.15
2017-06-19,4.69,4.69,4.59,4.64,73938.83
2017-06-20,4.64,4.69,4.61,4.65,57371.03
2017-06-21,4.65,4.69,4.64,4.66,38459.37
2017-06-22,4.66,4.66,4.55,4.56,62236.4
2017-06-23,4.55,4.59,4.51,4.56,40264.97
2017-06-26,4.56,4.64,4.53,4.64,53820.36
2017-06-27,4.64,4.72,4.6,4.64,56167.59
2017-06-28,4.64,4.67,4.54,4.59,54961.77
2017-06-29,4.59,4.63,4.56,4.59,36738.33
2017-06-30,4.57,4.63,4.57,4.63,28211.34
2017-07-03,4.83,5.02,4.83,4.96,259812.02
2017-07-04,4.93,5.08,4.88,5.03,194507.96
2017-07-05,5.03,5.03,4.89,4.98,123349.95
2017-07-06,4.98,4.98,4.9,4.98,101238.33
2017-07-07,4.98,5.01,4.93,4.98,160803.34
2017-07-10,5.02,5.07,4.95,4.99,127677.36
2017-07-11,4.99,5.01,4.89,4.9,85945.7
2017-07-12,4.88,4.93,4.82,4.89,78955.57
2017-07-13,4.91,4.98,4.86,4.95,79944.01
2017-07-14,4.96,5.01,4.92,4.94,55864.44
2017-07-17,4.93,4.95,4.72,4.74,110923.0
2017-07-18,4.75,4.84,4.71,4.83,44335.95
2017-07-19,4.83,4.96,4.8,4.94,96396.75
2017-07-20,4.95,5.11,4.94,5.03,167926.79
2017-07-21,5.03,5.06,4.99,5.03,83255.45
2017-07-24,5.05,5.1,5.01,5.08,111646.47
2017-07-25,5.07,5.14,5.0,5.13,111171.29
2017-07-26,5.13,5.14,5.03,5.09,76015.02
2017-07-27,5.09,5.18,5.06,5.13,99366.18
2017-07-28,5.11,5.41,5.08,5.36,351396.21
2017-07-31,5.39,5.9,5.38,5.9,833917.26
2017-08-01,6.0,6.22,5.75,5.9,1154614.33
2017-08-02,5.89,5.92,5.7,5.74,476266.21
2017-08-03,5.82,6.0,5.76,5.9,693546.37
2017-08-04,5.93,6.02,5.79,5.81,514215.12
2017-08-07,5.85,6.09,5.71,5.98,467309.59
2017-08-08,6.02,6.37,6.0,6.25,661385.03
2017-08-09,6.19,6.35,6.03,6.13,390642.05
2017-08-10,6.29,6.34,5.81,5.95,463502.97
2017-08-11,5.91,6.05,5.71,5.74,458423.92
2017-08-14,5.83,6.07,5.81,5.95,351618.36
2017-08-15,6.05,6.06,5.86,5.95,209227.48
2017-08-16,6.0,6.01,5.82,5.86,209793.98
2017-08-17,5.89,5.95,5.83,5.9,183444.38
2017-08-18,5.85,5.87,5.47,5.8,527474.18
2017-08-21,5.72,5.89,5.61,5.86,274272.48
2017-08-22,5.86,6.1,5.84,6.08,470914.16
2017-08-23,6.06,6.12,5.97,6.01,202089.51
2017-08-24,6.02,6.05,5.88,5.92,199077.59
2017-08-25,5.92,5.98,5.83,5.94,177212.64
2017-08-28,5.93,5.98,5.85,5.92,280851.64
2017-08-29,5.92,5.98,5.86,5.95,171734.3
2017-08-30,6.05,6.2,5.91,6.1,397021.53
2017-08-31,6.07,6.22,6.0,6.2,252040.18
2017-09-01,6.17,6.4,6.15,6.26,291503.85
2017-09-04,6.3,6.34,6.15,6.29,256328.37
2017-09-05,6.27,6.54,6.18,6.39,556297.48
2017-09-06,6.43,6.61,6.34,6.49,382624.65
2017-09-07,6.52,6.57,6.25,6.29,278459.77
2017-09-08,6.33,6.49,6.26,6.41,256325.9
2017-09-11,6.53,6.96,6.53,6.88,697593.05
2017-09-12,6.91,7.53,6.89,7.01,1101292.05
2017-09-13,7.18,7.46,7.17,7.44,691776.38
2017-09-14,7.51,7.86,7.51,7.64,607744.19
2017-09-15,7.61,7.61,7.3,7.43,425271.49
2017-09-18,7.49,8.03,7.46,7.95,490892.83
2017-09-19,7.95,8.48,7.7,7.75,790137.84
2017-09-20,7.88,7.95,7.56,7.87,470476.28
2017-09-21,7.9,8.07,7.57,7.6,429607.25
2017-09-22,7.67,7.92,7.62,7.66,368080.89
2017-09-25,7.73,7.91,7.6,7.63,250671.23
2017-09-26,7.63,7.71,7.23,7.37,484054.65
2017-09-27,7.45,7.69,7.28,7.62,331114.31
2017-09-28,7.62,8.15,7.61,8.0,523442.09
2017-09-29,7.99,7.99,7.75,7.82,331766.13
2017-10-09,7.88,8.43,7.72,8.33,505553.55
2017-10-10,8.25,8.48,8.12,8.43,361459.81
2017-10-11,8.42,8.83,8.26,8.48,388785.45
2017-10-12,8.39,8.4,8.04,8.07,363898.85
2017-10-13,8.12,8.4,8.04,8.12,264737.65
2017-10-16,8.12,8.17,7.72,7.74,440423.34
2017-10-17,7.74,7.92,7.5,7.79,289309.32
2017-10-18,7.78,7.85,7.58,7.61,207132.61
2017-10-19,7.62,7.76,7.52,7.71,266025.5
2017-10-20,7.7,8.09,7.61,7.96,320826.34
2017-10-23,8.1,8.2,7.84,8.03,288329.52
2017-10-24,8.04,8.28,7.9,8.22,315788.5
2017-10-25,8.19,8.43,8.17,8.22,188377.23
2017-10-26,8.21,8.63,8.13,8.46,500385.56
2017-10-27,8.42,8.53,8.25,8.35,265873.02
2017-10-30,8.37,8.39,7.89,7.99,420650.0
2017-10-31,7.99,8.17,7.89,8.16,240083.41
2017-11-01,8.13,8.47,8.06,8.38,382925.48
2017-11-02,8.3,8.44,8.24,8.31,196170.4
2017-11-03,8.29,8.34,7.79,7.9,398226.71
2017-11-06,7.82,8.42,7.8,8.4,552641.66
2017-11-07,8.73,8.97,8.55,8.72,714135.67
2017-11-08,8.77,9.44,8.77,9.27,687631.46
2017-11-09,9.14,9.65,9.11,9.36,564997.92
2017-11-10,9.52,10.3,9.39,10.3,849071.31
2017-11-13,10.51,11.33,10.48,11.02,878515.18
2017-11-14,10.88,11.33,10.4,10.52,836450.53
2017-11-15,10.64,10.68,9.99,10.35,682470.47
2017-11-16,10.56,11.21,10.37,11.11,648552.89
2017-11-17,11.04,11.96,10.62,10.81,738936.17
2017-11-20,10.86,11.78,10.62,11.59,631119.37
2017-11-21,11.58,12.17,11.45,11.79,662230.04
2017-11-22,11.83,11.83,10.82,11.34,681053.05
2017-11-23,11.2,11.2,10.2,10.2,577337.86
2017-11-24,9.83,10.72,9.44,10.42,704055.19
2017-11-27,10.39,10.39,9.54,9.63,473689.37
2017-11-28,9.74,10.14,9.7,10.13,390627.48
2017-11-29,10.29,10.34,9.79,10.1,373489.33
2017-11-30,10.05,10.05,9.09,9.32,790462.02
2017-12-01,9.29,9.68,9.29,9.31,480733.84
2017-12-04,9.41,9.74,9.4,9.44,353865.6
2017-12-05,9.39,9.54,8.96,9.03,450104.01
2017-12-06,9.11,9.16,8.25,8.72,783551.81
2017-12-07,8.67,8.86,8.51,8.72,409422.32
2017-12-08,8.77,9.11,8.53,8.91,524849.4
2017-12-11,8.8,9.79,8.67,9.79,673894.67
2017-12-12,9.7,9.86,9.34,9.45,546498.43
2017-12-13,9.4,9.7,9.36,9.67,339282.57
2017-12-14,9.61,9.8,9.5,9.79,280541.54
2017-12-15,9.7,9.73,9.39,9.46,275307.85
2017-12-18,9.52,9.61,8.99,9.17,277038.6
2017-12-19,9.19,9.4,9.06,9.25,206711.09
2017-12-20,9.26,9.7,9.16,9.65,413660.51
2017-12-21,9.59,10.24,9.28,9.98,560794.12
2017-12-22,10.07,10.97,10.07,10.91,887349.62
2017-12-25,10.78,11.33,10.67,10.74,582152.55
2017-12-26,10.72,10.73,9.74,10.25,586454.42
2017-12-27,10.04,10.12,9.71,9.82,459733.47
2017-12-28,9.69,10.17,9.5,9.82,342215.83
2017-12-29,9.87,10.16,9.69,10.04,480806.9
2018-01-02,10.12,10.67,9.93,10.54,475780.75
2018-01-03,10.56,10.96,10.39,10.6,403050.88
2018-01-04,10.59,10.96,10.37,10.86,407368.39
2018-01-05,10.84,11.03,10.55,10.68,330902.83
2018-01-08,10.6,10.6,10.17,10.47,394923.1
2018-01-09,10.66,10.78,10.16,10.33,497716.45
2018-01-10,10.26,10.62,10.17,10.38,445656.05
2018-01-11,10.28,10.28,9.95,10.12,387517.21
2018-01-12,10.09,10.33,9.96,10.25,248832.34
2018-01-15,10.19,10.19,9.73,9.94,399962.73
2018-01-16,9.83,10.1,9.73,9.84,311099.06
2018-01-17,9.85,9.89,8.86,9.18,786878.39
2018-01-18,9.24,9.45,9.14,9.21,313856.11
2018-01-19,9.29,9.74,9.26,9.54,448059.79
2018-01-22,9.55,10.2,9.55,10.1,497729.48
2018-01-23,10.19,10.45,10.06,10.31,525232.17
2018-01-24,10.28,10.49,9.95,10.31,478919.93
2018-01-25,10.23,10.57,10.2,10.24,352396.0
2018-01-26,10.35,10.39,10.01,10.09,225782.61
2018-01-29,10.1,10.24,9.84,9.94,334011.74
2018-01-30,9.94,10.16,9.91,10.08,302377.64
2018-01-31,9.97,10.08,9.84,9.9,213860.45
2018-02-01,9.88,9.94,9.12,9.21,509465.06
2018-02-02,9.12,9.51,8.94,9.41,265089.2
2018-02-05,9.11,9.11,8.48,8.48,809408.77
2018-02-06,8.13,8.19,7.63,7.76,739634.9
2018-02-07,7.96,8.02,7.67,7.76,339412.6
2018-02-08,7.76,7.9,7.68,7.69,271908.73
2018-02-09,7.43,7.57,7.22,7.34,372578.81
2018-02-12,7.47,8.08,7.46,8.08,413679.41
2018-02-13,8.14,8.59,8.08,8.13,547913.8
2018-02-14,8.19,8.47,8.14,8.46,299429.72
2018-02-22,8.69,8.69,8.32,8.61,352718.48
2018-02-23,8.53,8.55,8.09,8.22,418750.57
2018-02-26,8.18,8.62,8.18,8.48,371551.38
2018-02-27,8.53,8.64,8.36,8.38,287378.38
2018-02-28,8.29,8.53,8.17,8.36,200342.86
2018-03-01,8.38,8.72,8.3,8.7,398631.8
2018-03-02,8.61,8.67,8.39,8.46,297862.48
2018-03-05,8.46,8.5,8.32,8.35,210772.73
2018-03-06,8.4,8.53,8.35,8.42,244936.26
2018-03-07,8.4,8.61,8.36,8.5,265929.94
2018-03-08,8.5,8.52,8.36,8.42,183905.19
2018-03-09,8.43,8.69,8.38,8.61,273699.1
2018-03-12,8.61,9.08,8.61,8.82,348100.67
2018-03-13,8.8,9.04,8.66,8.68,217438.9
2018-03-14,8.62,8.72,8.53,8.64,168456.62
2018-03-15,8.64,8.64,8.38,8.48,190501.76
2018-03-16,8.43,8.53,8.33,8.33,166889.3
2018-03-19,8.35,8.43,8.18,8.33,141215.93
2018-03-20,8.27,8.42,8.18,8.39,162341.09
2018-03-21,8.49,9.23,8.46,9.02,781087.15
2018-03-22,9.19,9.26,8.8,8.92,374785.08
2018-03-23,8.67,8.82,8.29,8.53,377575.28
2018-03-26,8.36,8.7,8.31,8.63,312726.21
2018-03-27,8.75,8.91,8.65,8.86,302575.95
2018-03-28,8.7,8.75,8.5,8.55,314548.04
2018-03-29,8.63,8.7,8.43,8.64,162924.33
2018-03-30,8.74,8.98,8.71,8.81,222590.27
2018-04-02,8.82,8.88,8.72,8.82,214320.88
2018-04-03,8.71,8.98,8.62,8.72,251858.33
2018-04-04,8.82,9.0,8.77,8.92,268440.85
2018-04-09,8.89,8.94,8.55,8.58,232308.95
2018-04-10,8.6,8.76,8.46,8.65,224990.14
2018-04-11,8.69,8.9,8.64,8.87,269940.85
2018-04-12,8.82,8.92,8.77,8.87,140257.15
2018-04-13,8.87,8.95,8.72,8.77,109539.46
2018-04-16,8.77,8.83,8.57,8.68,133195.82
2018-04-17,8.68,8.69,8.29,8.33,269275.83
2018-04-18,8.48,9.16,8.48,9.15,878958.15
2018-04-19,9.08,10.06,9.04,9.73,894533.73
2018-04-20,9.79,9.89,9.55,9.7,392894.96
2018-04-23,9.66,9.91,9.34,9.48,439115.66
2018-04-24,9.5,10.04,9.5,9.91,555207.49
2018-04-25,9.85,9.98,9.6,9.61,399377.21
2018-04-26,9.65,9.93,9.65,9.89,331467.76
2018-04-27,9.99,10.0,9.65,9.77,295999.45
2018-05-02,9.77,10.03,9.74,9.98,231014.66
2018-05-03,9.94,10.45,9.89,10.28,325572.77
2018-05-04,10.33,10.91,10.13,10.15,329351.05
2018-05-07,10.32,11.14,10.26,11.1,434030.68
2018-05-08,11.08,11.08,10.65,10.89,327267.63
2018-05-09,10.93,10.96,10.44,10.59,295428.54
2018-05-10,10.59,10.87,10.59,10.67,172147.55
2018-05-11,10.77,10.91,10.58,10.6,191240.92
2018-05-14,10.67,10.79,10.5,10.62,182395.31
2018-05-15,10.74,10.92,10.67,10.88,228764.32
2018-05-16,10.69,10.82,10.4,10.52,239844.29
2018-05-17,10.59,10.64,10.28,10.31,238189.93
2018-05-18,10.34,10.34,9.83,9.99,376960.78
2018-05-21,10.18,10.21,9.91,9.93,282126.0
2018-05-22,10.03,10.23,9.87,10.18,313613.3
2018-05-23,10.47,10.5,9.93,10.03,277062.38
2018-05-24,10.08,10.12,9.71,9.77,233780.18
2018-05-25,9.86,9.86,9.33,9.47,368639.17
2018-05-28,9.48,9.69,9.46,9.58,248997.87
2018-05-29,9.56,9.65,9.14,9.27,285523.07
2018-05-30,9.24,9.49,9.02,9.34,274304.96
2018-05-31,9.44,9.5,9.21,9.48,234358.28
2018-06-01,9.39,9.41,8.67,8.8,572639.34
2018-06-04,7.92,7.92,7.92,7.92,115310.0
2018-06-05,7.13,7.13,7.13,7.13,101827.0
2018-06-06,6.97,7.21,6.42,6.7,1628063.73
2018-06-07,6.64,6.84,6.53,6.71,721431.03
2018-06-08,6.67,6.77,6.55,6.61,512610.67
2018-06-11,6.59,6.62,5.95,5.98,1081400.36
2018-06-12,6.13,6.26,6.02,6.21,666350.32
2018-06-13,6.23,6.23,5.98,6.02,355172.22
2018-06-14,6.07,6.12,5.97,6.05,306914.42
2018-06-15,6.08,6.09,5.69,5.9,513222.86
2018-06-19,5.83,5.85,5.31,5.34,628183.14
2018-06-20,5.3,5.71,5.14,5.59,771268.95
2018-06-21,5.61,5.7,5.47,5.54,441229.82
2018-06-22,5.61,5.65,5.46,5.64,330352.54
2018-06-25,5.7,5.77,5.56,5.58,313306.25
2018-06-26,5.46,5.68,5.38,5.64,306108.42
2018-06-27,5.66,5.9,5.6,5.8,398442.01
2018-06-28,5.78,5.82,5.68,5.7,297160.33
2018-06-29,5.76,5.81,5.69,5.8,231630.1
2018-07-02,5.81,5.81,5.25,5.33,628018.79
2018-07-03,5.29,5.39,5.13,5.36,373485.59
2018-07-04,5.29,5.46,5.27,5.31,279049.88
2018-07-05,5.33,5.37,5.02,5.06,265656.18
2018-07-06,5.12,5.33,5.05,5.25,339766.15
2018-07-09,5.32,5.44,5.25,5.39,248047.16
2018-07-10,5.41,5.44,5.23,5.3,288766.05
2018-07-11,5.24,5.26,5.09,5.22,245485.49
2018-07-12,5.22,5.4,5.22,5.33,248147.76
2018-07-13,5.33,5.37,5.24,5.31,221224.6
2018-07-16,5.33,5.43,5.31,5.34,244625.54
2018-07-17,5.34,5.39,5.25,5.34,161270.47
2018-07-18,5.34,5.38,5.24,5.25,159580.74
2018-07-19,5.27,5.31,5.16,5.18,171552.68
2018-07-20,5.18,5.33,5.17,5.31,237806.75
2018-07-23,5.27,5.35,5.27,5.33,158233.2
2018-07-24,5.37,5.87,5.31,5.87,556559.01
2018-07-25,6.03,6.07,5.71,5.75,639685.03
2018-07-26,5.74,5.99,5.74,5.87,524771.56
2018-07-27,6.01,6.18,5.9,5.96,556569.2
2018-07-30,5.98,6.19,5.96,6.05,441718.88
2018-07-31,6.05,6.1,5.9,5.95,260333.89
2018-08-01,5.91,6.0,5.74,5.79,327356.28
2018-08-02,5.76,5.78,5.39,5.61,333629.86
2018-08-03,5.57,5.78,5.49,5.56,266601.96
2018-08-06,5.52,5.52,5.12,5.21,335405.95
2018-08-07,5.26,5.32,5.09,5.31,265645.19
2018-08-08,5.31,5.59,5.31,5.39,322956.84
2018-08-09,5.38,5.65,5.31,5.58,288967.52
2018-08-10,5.58,5.6,5.44,5.53,185983.13
2018-08-13,5.46,5.51,5.31,5.47,206644.26
2018-08-14,5.44,5.51,5.36,5.44,116545.73
2018-08-15,5.39,5.43,5.2,5.27,213915.03
2018-08-16,5.15,5.32,5.13,5.18,173454.82
2018-08-17,5.24,5.26,4.86,4.89,423057.48
2018-08-20,4.94,4.98,4.72,4.86,296175.93
2018-08-21,4.86,4.97,4.86,4.97,317651.49
2018-08-22,4.98,4.99,4.82,4.86,188467.21
2018-08-23,4.89,4.97,4.86,4.94,181438.4
2018-08-24,4.95,4.97,4.89,4.94,122684.97
2018-08-27,5.03,5.22,5.01,5.18,351029.47
2018-08-28,5.22,5.33,5.17,5.26,276059.72
2018-08-29,5.22,5.23,5.12,5.19,183153.93
2018-08-30,5.19,5.28,5.14,5.25,211058.68
2018-08-31,5.22,5.49,5.15,5.38,369087.72
2018-09-03,5.46,5.67,5.38,5.6,502650.32
2018-09-04,5.55,5.67,5.46,5.61,429745.57
2018-09-05,5.63,5.68,5.54,5.55,220876.0
2018-09-06,5.48,5.6,5.39,5.45,273293.51
2018-09-07,5.49,5.57,5.4,5.45,161971.93
2018-09-10,5.42,5.49,5.28,5.3,186984.56
2018-09-11,5.34,5.41,5.28,5.34,125291.64
2018-09-12,5.35,5.42,5.26,5.34,128614.91
2018-09-13,5.38,5.43,5.17,5.29,182718.56
2018-09-14,5.3,5.62,5.3,5.51,339891.89
2018-09-17,5.5,5.5,5.33,5.35,286807.15
2018-09-18,5.33,5.35,5.11,5.29,306464.58
2018-09-19,5.25,5.36,5.18,5.27,245047.94
2018-09-20,5.27,5.35,5.23,5.26,146547.52
2018-09-21,5.28,5.44,5.18,5.39,244687.53
2018-09-25,5.34,5.38,5.28,5.36,168336.39
2018-09-26,5.36,5.74,5.36,5.6,467012.78
2018-09-27,5.61,5.63,5.47,5.48,297608.03
2018-09-28,5.5,5.68,5.47,5.6,315005.9
2018-10-08,5.49,5.5,5.38,5.4,199288.81
2018-10-09,5.4,5.53,5.31,5.44,196572.59
2018-10-10,5.47,5.55,5.19,5.23,323207.69
2018-10-11,5.03,5.07,4.77,4.82,389458.02
2018-10-12,4.74,4.82,4.34,4.65,377174.46
2018-10-15,4.65,4.73,4.47,4.54,198487.54
2018-10-16,4.54,4.61,4.34,4.36,242595.82
2018-10-17,4.49,4.51,4.31,4.41,158210.34
2018-10-18,4.38,4.4,4.22,4.23,167348.65
2018-10-19,4.21,4.58,4.17,4.55,326081.06
2018-10-22,4.57,4.91,4.57,4.79,312275.79
2018-10-23,4.8,5.02,4.71,4.81,371876.17
2018-10-24,4.79,4.89,4.71,4.84,219983.58
2018-10-25,4.7,4.98,4.64,4.98,312558.22
2018-10-26,5.02,5.09,4.92,4.97,179839.58
2018-10-29,5.08,5.18,4.98,5.06,397789.25
2018-10-30,5.11,5.18,5.04,5.15,242316.11
2018-10-31,5.15,5.4,5.15,5.38,299926.2
2018-11-01,5.42,5.65,5.42,5.51,526119.72
2018-11-02,5.78,6.02,5.66,5.91,870827.1
2018-11-05,6.49,6.49,6.23,6.49,399896.41
2018-11-06,6.7,6.79,6.32,6.56,888839.23
2018-11-07,6.49,6.6,6.33,6.34,415566.89
2018-11-08,6.43,6.59,6.28,6.52,401887.32
2018-11-09,6.42,6.54,6.35,6.45,228033.55
2018-11-12,6.43,7.02,6.43,6.91,474535.74
2018-11-13,6.83,7.09,6.75,6.77,410766.41
2018-11-14,6.82,6.85,6.64,6.72,247392.05
2018-11-15,6.66,6.72,6.58,6.67,276872.36
2018-11-16,6.77,6.93,6.69,6.71,366706.27
2018-11-19,6.73,6.79,6.44,6.6,407742.21
2018-11-20,6.54,6.7,6.38,6.41,322355.09
2018-11-21,6.36,6.77,6.23,6.68,396947.21
2018-11-22,6.7,6.78,6.6,6.63,239494.97
2018-11-23,6.65,6.7,6.44,6.54,201956.08
2018-11-26,6.49,6.59,6.43,6.54,151733.78
2018-11-27,6.61,6.81,6.57,6.71,238462.88
2018-11-28,6.7,7.28,6.66,7.14,580954.37
2018-11-29,7.19,7.39,7.03,7.05,376860.41
2018-11-30,7.01,7.22,6.95,7.12,266756.91
2018-12-03,7.48,7.64,7.18,7.28,398403.51
2018-12-04,7.23,7.33,7.15,7.21,187302.37
2018-12-05,7.1,7.88,7.07,7.82,652194.47
2018-12-06,7.75,8.26,7.71,7.86,688082.43
2018-12-07,7.88,7.92,7.58,7.88,405185.65
2018-12-10,7.77,7.94,7.5,7.51,407235.71
2018-12-11,7.51,7.59,7.44,7.56,181107.37
2018-12-12,7.56,7.81,7.49,7.52,286711.02
2018-12-13,7.54,7.66,7.33,7.56,287727.26
2018-12-14,7.59,7.63,7.23,7.3,358231.47
2018-12-17,7.35,7.41,7.15,7.31,221073.78
2018-12-18,7.37,7.44,7.27,7.36,164860.22
2018-12-19,7.36,7.36,6.91,7.01,321168.41
2018-12-20,7.02,7.29,6.98,7.1,326401.13
2018-12-21,7.15,7.31,6.89,7.09,344566.52
2018-12-24,7.02,7.31,6.96,7.28,265496.79
2018-12-25,7.17,7.41,7.1,7.21,293254.2
2018-12-26,7.34,7.34,7.08,7.12,166734.68
2018-12-27,7.22,7.28,6.89,6.94,211795.56
2018-12-28,6.96,7.0,6.59,6.96,325807.67
2019-01-02,6.97,7.07,6.9,6.96,143613.67
2019-01-03,7.09,7.09,6.62,6.67,280630.11
2019-01-04,6.56,6.84,6.53,6.79,223709.81
2019-01-07,6.87,7.14,6.81,7.14,305941.46
2019-01-08,7.14,7.17,7.01,7.12,195560.55
2019-01-09,7.14,7.18,6.81,6.98,286020.94
2019-01-10,7.14,7.64,7.14,7.49,709628.67
2019-01-11,7.49,7.54,7.33,7.35,259843.31
2019-01-14,7.35,7.5,7.26,7.35,216174.14
2019-01-15,7.31,7.68,7.28,7.65,389956.73
2019-01-16,7.68,7.75,7.58,7.7,240485.52
2019-01-17,7.72,8.07,7.67,7.78,354628.62
2019-01-18,7.89,8.29,7.82,8.18,465925.85
2019-01-21,8.19,8.28,7.99,8.05,322960.14
2019-01-22,8.02,8.14,7.74,7.82,292282.66
2019-01-23,7.83,7.99,7.75,7.91,249860.9
2019-01-24,7.89,8.7,7.89,8.49,1024075.21
2019-01-25,8.63,8.69,8.38,8.5,455285.79
2019-01-28,8.64,8.74,8.3,8.44,417906.82
2019-01-29,8.49,8.68,8.28,8.49,408423.32
2019-01-30,8.55,8.92,8.54,8.62,517498.87
2019-01-31,8.63,8.76,8.53,8.62,277905.92
2019-02-01,8.74,9.28,8.7,9.03,512605.67
2019-02-11,9.03,9.23,8.99,9.22,322418.75
2019-02-12,9.14,9.2,8.91,9.13,319803.25
2019-02-13,9.08,9.24,9.01,9.2,356418.55
2019-02-14,9.11,9.54,9.07,9.48,419739.67
2019-02-15,9.43,9.83,9.38,9.65,495397.06
2019-02-18,9.52,10.35,9.52,10.31,579688.01
2019-02-19,10.63,10.91,10.08,10.28,796625.28
2019-02-20,10.42,10.54,10.08,10.49,287959.28
2019-02-21,10.34,11.06,10.33,10.65,507911.95
2019-02-22,10.78,11.28,10.59,11.17,553700.15
2019-02-25,11.5,11.58,10.93,11.26,809500.22
2019-02-26,11.18,11.34,10.74,10.96,754476.81
2019-02-27,10.82,10.87,9.87,9.87,1169718.47
2019-02-28,9.77,10.18,9.59,10.0,609725.54
2019-03-01,10.03,10.23,9.92,10.08,517699.07
2019-03-04,10.22,10.28,9.86,10.02,916225.81
2019-03-05,10.0,10.15,9.81,10.07,612613.92
2019-03-06,10.07,10.17,9.81,9.94,601900.91
2019-03-07,9.94,9.96,9.53,9.64,616677.57
2019-03-08,9.59,9.96,9.43,9.53,539494.85
2019-03-11,9.51,10.48,9.5,10.48,1090321.65
2019-03-12,10.48,10.88,10.38,10.59,807729.3
2019-03-13,10.49,10.7,10.17,10.61,473386.33
2019-03-14,10.59,10.97,10.36,10.49,662154.52
2019-03-15,10.68,10.88,10.59,10.75,586468.43
2019-03-18,10.7,10.73,10.24,10.54,445726.33
2019-03-19,10.54,10.54,10.32,10.38,321270.96
2019-03-20,10.36,10.52,10.12,10.43,317835.56
2019-03-21,10.43,10.49,10.24,10.29,254351.58
2019-03-22,10.24,10.28,9.76,9.92,517621.77
2019-03-25,9.8,10.07,9.62,9.65,396459.83
2019-03-26,9.87,9.87,9.42,9.45,288813.14
2019-03-27,9.55,9.64,9.33,9.52,224904.67
2019-03-28,9.5,9.84,9.41,9.66,278712.67
2019-03-29,9.73,10.25,9.66,10.22,509414.52
2019-04-01,10.22,11.24,10.22,11.24,816503.08
2019-04-02,11.64,11.86,11.33,11.6,780885.14
2019-04-03,11.6,11.68,11.43,11.6,367608.02
2019-04-04,11.61,11.72,11.18,11.22,458449.95
2019-04-08,11.3,11.59,10.96,11.17,395496.01
2019-04-09,10.94,11.17,10.88,10.95,297193.71
2019-04-10,11.01,11.3,10.9,11.12,335744.3
2019-04-11,11.26,11.32,10.17,10.67,623168.88
2019-04-12,10.55,10.84,10.43,10.55,330522.04
2019-04-15,10.47,11.02,10.47,10.59,352636.04
2019-04-16,10.61,10.87,10.3,10.79,263771.76
2019-04-17,10.91,11.7,10.84,11.62,583877.49
2019-04-18,11.66,12.48,11.4,12.01,694232.7
2019-04-19,12.02,12.39,11.8,12.27,436996.21
2019-04-22,12.43,13.15,12.33,12.5,506769.23
2019-04-23,12.6,12.87,12.17,12.22,476512.85
2019-04-24,12.48,12.65,12.1,12.33,368186.65
2019-04-25,12.59,12.62,12.05,12.1,374830.56
2019-04-26,12.14,12.43,11.85,11.96,331079.14
2019-04-29,12.07,12.53,11.94,12.22,452593.22
2019-04-30,12.06,12.22,11.65,11.99,358743.6
2019-05-06,11.64,11.9,11.3,11.71,501983.86
2019-05-07,11.89,12.59,11.6,12.43,496319.91
2019-05-08,12.27,12.41,11.89,11.97,399303.43
2019-05-09,11.77,12.35,11.67,12.34,354179.89
2019-05-10,12.39,13.02,11.87,12.67,577369.42
2019-05-13,12.44,12.6,11.94,12.39,269931.3
2019-05-14,12.07,13.06,12.07,12.9,385517.31
2019-05-15,13.03,14.1,12.91,13.9,738673.58
2019-05-16,13.78,14.0,13.34,13.59,489633.63
2019-05-17,13.62,13.78,13.08,13.15,345410.0
2019-05-20,13.03,13.13,12.09,12.81,351232.37
2019-05-21,12.79,13.07,12.57,12.71,343863.33
2019-05-22,12.69,13.16,12.61,12.8,329706.95
2019-05-23,12.79,12.82,12.31,12.42,275555.05
2019-05-24,12.26,12.7,12.02,12.34,239278.13
2019-05-27,12.58,13.16,12.45,13.13,391275.19
2019-05-28,13.12,13.26,12.81,13.24,328273.49
2019-05-29,13.0,13.15,12.82,12.85,230968.1
2019-05-30,12.71,13.03,12.52,12.95,288822.89
2019-05-31,13.16,13.48,12.79,13.08,440122.41
2019-06-03,13.0,13.24,12.57,12.57,355894.81
2019-06-04,12.74,12.88,12.32,12.68,248872.78
2019-06-05,12.78,12.81,12.21,12.28,240405.13
2019-06-06,12.28,12.37,11.79,11.9,275339.88
2019-06-10,11.91,12.38,11.72,12.24,222589.16
2019-06-11,12.31,12.75,12.24,12.65,281399.86
2019-06-12,12.68,12.68,12.18,12.19,231693.78
2019-06-13,12.35,12.49,11.96,12.11,226030.78
2019-06-14,12.27,12.36,11.97,12.07,202146.11
2019-06-17,12.01,12.02,11.06,11.51,466076.81
2019-06-18,11.48,11.88,11.43,11.79,246711.87
2019-06-19,12.19,12.54,11.91,12.07,403882.44
2019-06-20,12.1,12.69,11.97,12.6,374263.91
2019-06-21,12.57,12.75,12.24,12.36,361605.3
2019-06-24,12.57,12.65,12.2,12.47,250566.46
2019-06-25,12.35,12.35,11.84,12.06,378808.92
2019-06-26,11.93,11.99,11.45,11.9,442002.88
2019-06-27,12.02,12.19,11.88,12.12,269139.72
2019-06-28,12.19,12.22,11.82,11.94,169626.82
2019-07-01,12.31,12.61,12.14,12.41,314115.09
2019-07-02,12.48,12.48,11.57,12.11,687366.65
2019-07-03,11.98,11.99,11.79,11.85,304314.67
2019-07-04,11.73,11.91,11.68,11.77,191245.36
2019-07-05,12.18,12.25,11.79,11.85,332333.26
2019-07-08,11.76,11.76,11.46,11.54,247329.29
2019-07-09,11.45,11.55,11.15,11.29,287508.96
2019-07-10,11.38,11.51,11.24,11.31,150315.28
2019-07-11,11.22,11.29,10.59,10.94,534675.05
2019-07-12,11.05,11.62,11.05,11.55,460942.32
2019-07-15,11.43,11.63,11.29,11.54,303352.97
2019-07-16,11.54,11.54,11.32,11.34,188733.35
2019-07-17,11.34,11.55,11.29,11.4,173880.43
2019-07-18,11.72,11.86,11.55,11.62,384536.37
2019-07-19,11.61,11.85,11.51,11.55,236166.6
2019-07-22,11.62,11.65,11.32,11.42,123226.92
2019-07-23,11.45,12.0,11.34,11.93,368080.18
2019-07-24,12.03,12.15,11.84,12.0,252754.11
2019-07-25,11.94,12.2,11.74,12.1,351709.45
2019-07-26,11.93,12.28,11.86,12.1,293360.89
2019-07-29,12.01,12.68,12.01,12.56,361212.53
2019-07-30,12.63,12.66,12.36,12.39,241423.75
2019-07-31,12.36,12.56,12.3,12.36,164145.12
2019-08-01,12.27,12.44,12.15,12.26,217707.03
2019-08-02,11.79,12.13,11.79,12.01,187807.71
2019-08-05,12.07,12.18,11.68,11.68,191482.29
2019-08-06,11.62,11.62,11.12,11.29,304159.93
2019-08-07,11.5,11.6,11.23,11.23,215587.37
2019-08-08,11.28,11.44,11.07,11.14,265698.97
2019-08-09,11.23,11.41,11.06,11.21,229143.16
2019-08-12,11.22,11.34,10.96,11.04,340079.47
2019-08-13,11.06,11.26,10.74,10.87,295205.32
2019-08-14,10.95,11.12,10.65,10.87,354675.61
2019-08-15,10.66,11.15,10.5,11.06,430404.67
2019-08-16,11.04,11.25,10.85,11.02,358831.83
2019-08-19,11.14,11.42,10.94,11.2,440549.79
2019-08-20,11.23,11.69,11.21,11.63,425146.64
2019-08-21,11.55,12.8,11.55,12.8,1092144.46
2019-08-22,12.81,13.09,12.57,12.69,604411.33
2019-08-23,12.82,12.91,12.49,12.59,280238.48
2019-08-26,12.44,12.52,12.25,12.35,312102.95
2019-08-27,12.48,12.78,12.4,12.65,384237.65
2019-08-28,12.6,13.02,12.53,12.9,574713.27
2019-08-29,12.94,13.18,12.78,12.81,325826.05
2019-08-30,12.91,12.97,12.39,12.44,305207.49
2019-09-02,12.57,13.25,12.43,13.06,464335.87
2019-09-03,13.08,13.31,12.91,13.07,322087.27
2019-09-04,12.99,13.15,12.71,12.82,262550.23
2019-09-05,12.86,13.04,12.78,12.85,297631.98
2019-09-06,12.79,12.92,12.52,12.64,304496.25
2019-09-09,12.74,12.8,12.46,12.61,294761.52
2019-09-10,12.69,12.69,12.44,12.52,225170.95
2019-09-11,12.55,12.58,12.24,12.29,244453.7
2019-09-12,12.41,12.91,12.41,12.84,506281.8
2019-09-16,12.88,12.89,12.58,12.65,268003.44
2019-09-17,12.61,12.64,12.01,12.21,364960.19
2019-09-18,12.2,12.3,12.02,12.13,177044.9
2019-09-19,12.12,12.38,11.96,12.12,243433.06
2019-09-20,12.18,12.27,11.91,12.27,277723.98
2019-09-23,12.1,12.12,11.72,11.85,380304.17
2019-09-24,11.81,12.05,11.58,11.85,308669.5
2019-09-25,11.77,11.77,11.23,11.26,400972.71
2019-09-26,11.37,11.46,10.87,11.01,333910.21
2019-09-27,11.12,11.12,10.7,10.97,302963.24
2019-09-30,11.04,11.04,10.72,10.82,163107.87
2019-10-08,10.86,11.0,10.61,10.81,215915.11
2019-10-09,10.81,11.16,10.75,11.1,196573.71
2019-10-10,11.1,11.19,10.94,11.0,199239.71
2019-10-11,11.07,11.07,10.61,10.74,323631.22
2019-10-14,10.75,11.21,10.75,10.97,406231.68
2019-10-15,10.88,11.06,10.61,10.71,266723.99
2019-10-16,10.64,10.69,9.7,10.33,840715.57
2019-10-17,10.33,10.76,10.27,10.55,368613.24
2019-10-18,10.49,10.67,10.14,10.27,273467.48
2019-10-21,10.2,10.36,10.04,10.29,179821.58
2019-10-22,10.29,10.67,10.11,10.66,299484.22
2019-10-23,10.65,10.99,10.57,10.65,280400.43
2019-10-24,10.66,10.75,10.32,10.4,166745.33
2019-10-25,10.4,10.97,10.19,10.93,427212.4
2019-10-28,10.85,11.08,10.77,11.0,280836.27
2019-10-29,10.96,11.34,10.92,11.17,265225.86
2019-10-30,11.1,11.23,10.78,11.11,186495.53
2019-10-31,11.16,11.16,10.7,10.8,212393.53
2019-11-01,10.71,10.82,10.48,10.67,186954.56
2019-11-04,10.67,10.79,10.64,10.69,138523.67
2019-11-05,10.7,11.04,10.67,11.04,206051.06
2019-11-06,11.0,11.27,10.89,11.04,221206.68
2019-11-07,11.24,11.29,10.96,11.08,192372.54
2019-11-08,11.12,11.23,10.94,10.96,157562.08
2019-11-11,10.91,10.91,10.54,10.65,159872.53
2019-11-12,10.67,10.78,10.34,10.52,146312.54
2019-11-13,10.56,10.56,10.11,10.22,250304.63
2019-11-14,10.27,10.27,9.97,10.05,251954.52
2019-11-15,10.05,10.05,9.73,9.74,291231.37
2019-11-18,9.54,10.05,9.5,9.96,342959.51
2019-11-19,9.98,10.57,9.89,10.45,392175.77
2019-11-20,10.54,10.78,10.45,10.53,287533.23
2019-11-21,10.47,10.61,10.37,10.61,133989.48
2019-11-22,10.7,10.88,10.53,10.78,318921.65
2019-11-25,10.75,10.84,10.43,10.56,194120.73
2019-11-26,10.58,10.7,10.4,10.7,231285.43
2019-11-27,10.61,10.67,10.3,10.47,222109.68
2019-11-28,10.4,10.92,10.4,10.78,322046.41
2019-11-29,10.74,11.24,10.74,11.12,434325.66
2019-12-02,11.31,11.61,11.19,11.34,506748.12
2019-12-03,11.32,11.76,11.17,11.62,415245.44
2019-12-04,11.6,11.68,11.36,11.53,234283.16
2019-12-05,11.59,11.76,11.41,11.66,288426.92
2019-12-06,11.65,11.85,11.38,11.72,275022.52
2019-12-09,11.71,11.8,11.4,11.51,208893.64
2019-12-10,11.49,11.52,11.28,11.34,267900.93
2019-12-11,11.4,11.43,11.01,11.13,226571.42
2019-12-12,11.04,11.2,10.96,10.99,212501.49
2019-12-13,11.04,11.25,10.93,11.21,287989.47
2019-12-16,11.15,11.59,11.12,11.53,284054.45
2019-12-17,11.54,11.64,11.37,11.46,248691.26
2019-12-18,11.47,11.48,11.23,11.31,200584.45
2019-12-19,11.37,11.41,11.19,11.29,172919.54
2019-12-20,11.23,11.34,11.03,11.12,166146.39
2019-12-23,11.05,11.11,10.82,10.82,191635.52
2019-12-24,10.82,10.94,10.64,10.9,211717.17
2019-12-25,10.94,11.26,10.89,11.16,282112.09
2019-12-26,11.17,11.18,11.02,11.09,181661.66
2019-12-27,11.07,11.12,10.94,11.04,205354.39
2019-12-30,11.06,11.15,10.78,11.1,203343.08
2019-12-31,11.1,11.25,11.0,11.15,188915.82
2020-01-02,11.29,12.01,11.17,12.01,763094.04
2020-01-03,12.04,12.42,11.97,12.19,510229.0
2020-01-06,12.04,12.97,12.01,12.74,641633.44
2020-01-07,12.89,13.0,12.66,12.9,450332.64
2020-01-08,13.26,13.28,12.6,12.64,545240.22
2020-01-09,12.81,13.03,12.61,12.68,473243.91
2020-01-10,12.85,12.88,12.29,12.37,404949.72
2020-01-13,12.46,12.46,12.06,12.18,466154.96
2020-01-14,12.28,12.52,12.14,12.24,539796.12
2020-01-15,12.18,12.28,11.89,12.05,354475.57
2020-01-16,12.05,12.14,11.93,11.99,325542.1
2020-01-17,12.16,12.26,11.87,11.88,442609.54
2020-01-20,11.88,11.97,11.71,11.96,308792.29
2020-01-21,11.86,12.2,11.85,12.02,437207.51
2020-01-22,11.9,11.96,11.56,11.92,400031.84
2020-01-23,11.72,12.19,11.37,11.5,414766.29
2020-02-03,10.35,10.61,10.35,10.35,534640.18
2020-02-04,10.35,11.38,10.34,11.15,523916.36
2020-02-05,11.33,11.42,11.12,11.21,367435.96
2020-02-06,11.33,12.13,11.29,11.96,550795.88
2020-02-07,11.96,12.57,11.85,12.47,578918.75
2020-02-10,12.28,12.87,12.24,12.7,566531.27
2020-02-11,12.73,12.91,12.45,12.65,325440.56
2020-02-12,13.92,13.92,13.92,13.92,195782.58
2020-02-13,15.31,15.31,15.21,15.31,1983697.29
2020-02-14,14.85,15.5,14.55,15.11,2048311.98
2020-02-17,15.22,16.23,15.22,15.98,1642131.34
2020-02-18,15.77,17.07,15.67,16.89,1335199.68
2020-02-19,16.64,16.97,16.11,16.15,967428.24
2020-02-20,16.61,16.73,15.8,16.47,865847.23
2020-02-21,16.43,16.64,16.01,16.11,990445.04
2020-02-24,15.91,16.35,15.79,16.1,817750.74
2020-02-25,15.79,16.56,15.24,16.13,1073019.65
2020-02-26,15.77,16.05,15.28,15.38,595560.11
2020-02-27,15.49,15.84,15.22,15.62,547154.8
2020-02-28,14.94,15.11,14.45,14.65,818643.78
2020-03-02,14.98,15.01,14.29,14.76,684506.84
2020-03-03,15.01,15.63,14.79,14.97,860923.55
2020-03-04,14.51,14.69,14.04,14.38,778760.18
2020-03-05,14.64,14.71,14.29,14.59,563932.6
2020-03-06,14.28,14.52,14.22,14.31,405462.67
2020-03-09,13.88,13.88,12.88,12.91,1326202.5
2020-03-10,12.75,13.55,12.63,13.42,1053278.62
2020-03-11,13.62,14.05,13.24,13.26,942601.0
2020-03-12,12.9,13.08,12.71,12.8,794694.84
2020-03-13,12.09,12.71,11.97,12.53,975373.44
2020-03-16,12.54,12.71,11.28,11.42,1233739.91
2020-03-17,11.55,11.78,10.91,11.21,933316.9
2020-03-18,11.38,11.97,11.17,11.19,984637.17
2020-03-19,11.25,11.53,10.94,11.45,1030815.61
2020-03-20,11.77,11.81,11.06,11.27,1016697.63
2020-03-23,10.62,10.78,10.14,10.14,1199915.78
2020-03-24,10.38,10.49,9.52,9.99,1866194.53
2020-03-25,10.38,10.73,10.23,10.3,2162698.64
2020-03-26,10.21,10.21,9.72,9.78,1936867.71
2020-03-27,9.95,10.54,9.77,10.23,2270451.57
2020-03-30,10.03,10.1,9.62,9.9,1578031.34
2020-03-31,10.05,10.11,9.59,9.86,1327754.93
2020-04-01,9.76,10.61,9.73,10.06,2081753.1
2020-04-02,10.1,10.78,10.08,10.72,1997635.22
2020-04-03,10.72,10.72,10.29,10.38,1437926.11
2020-04-07,10.68,10.95,10.55,10.83,1501610.56
2020-04-08,10.7,10.74,10.53,10.64,1109315.64
2020-04-09,10.66,10.71,10.34,10.44,1172458.49
2020-04-10,10.41,10.41,9.94,10.0,1207548.53
2020-04-13,9.81,9.88,9.53,9.59,961060.48
2020-04-14,9.76,10.07,9.7,10.07,948313.78
2020-04-15,10.08,10.31,9.93,10.1,1066844.19
2020-04-16,10.03,10.43,9.95,10.33,967986.5
2020-04-17,10.74,11.24,10.54,10.89,2375280.31
2020-04-20,10.67,10.9,10.38,10.83,1665768.1
2020-04-21,10.45,10.78,10.33,10.68,1478262.55
2020-04-22,10.44,11.44,10.36,11.18,1799374.52
2020-04-23,11.12,11.38,10.98,11.28,1436673.87
2020-04-24,11.21,11.27,10.78,10.81,916396.78
2020-04-27,10.72,11.25,10.72,11.11,1173387.39
2020-04-28,11.11,11.96,10.64,11.69,1777561.19
2020-04-29,11.48,12.3,11.48,12.04,1546962.5
2020-04-30,12.04,12.96,12.04,12.83,1391494.97
2020-05-06,12.71,12.98,12.44,12.82,1131205.39
2020-05-07,12.85,13.2,12.69,12.72,1048482.05
2020-05-08,12.75,12.87,12.43,12.45,1179650.52
2020-05-11,12.25,12.49,12.04,12.14,1093057.46
2020-05-12,12.23,12.8,12.02,12.79,1378575.54
2020-05-13,12.48,12.68,12.38,12.43,907051.9
2020-05-14,12.31,12.39,11.89,11.98,1009462.19
2020-05-15,11.94,12.24,11.73,11.95,929499.56
2020-05-18,12.01,12.46,11.81,12.3,1178136.1
2020-05-19,12.52,12.78,12.4,12.45,1134343.05
2020-05-20,12.52,12.65,12.22,12.27,686046.64
2020-05-21,12.38,12.44,11.48,11.52,1162298.09
2020-05-22,11.62,11.64,11.13,11.3,781914.68
2020-05-25,11.28,11.37,10.9,11.23,610104.81
2020-05-26,11.37,11.56,11.34,11.49,560661.52
2020-05-27,11.41,11.59,11.21,11.47,453562.74
2020-05-28,11.48,11.53,11.1,11.28,436179.32
2020-05-29,11.27,11.93,11.18,11.8,934223.38
2020-06-01,12.03,12.35,11.79,12.28,822692.77
2020-06-02,12.28,12.47,12.15,12.16,515533.13
2020-06-03,12.19,12.32,12.0,12.04,494957.73
2020-06-04,12.13,12.24,12.02,12.1,360095.64
2020-06-05,12.14,12.17,11.85,12.03,411265.43
2020-06-08,12.1,12.85,12.03,12.73,1025980.47
2020-06-09,12.78,12.84,12.62,12.78,549763.58
2020-06-10,12.73,13.01,12.56,12.88,579371.99
2020-06-11,12.88,13.44,12.79,13.04,933400.6
2020-06-12,12.68,12.89,12.59,12.81,625102.0
2020-06-15,12.53,12.89,12.23,12.84,636005.15
2020-06-16,12.91,13.13,12.75,13.02,540106.16
2020-06-17,13.13,13.16,12.63,12.77,457959.06
2020-06-18,12.74,12.95,12.55,12.81,365085.08
2020-06-19,12.88,12.97,12.77,12.81,481496.1
2020-06-22,12.84,13.55,12.84,13.55,851037.78
2020-06-23,13.43,14.34,13.42,14.16,952240.35
2020-06-24,14.34,15.32,14.21,14.82,1122437.89
2020-06-29,14.82,15.66,14.82,14.99,1095343.59
2020-06-30,15.33,15.5,14.71,14.97,882174.68
2020-07-01,15.46,15.65,15.0,15.65,920453.49
2020-07-02,16.03,17.1,16.01,16.4,1131890.36
2020-07-03,16.4,16.82,16.12,16.38,677988.17
2020-07-06,16.2,17.24,16.18,16.89,859690.62
2020-07-07,16.84,17.89,16.8,16.89,741736.48
2020-07-08,16.93,17.33,16.72,17.07,584770.2
2020-07-09,17.36,17.92,17.09,17.38,615873.26
2020-07-10,17.38,17.4,16.93,17.04,461533.09
2020-07-13,16.75,17.66,16.71,17.63,536670.29
2020-07-14,17.69,18.29,16.76,17.11,950035.08
2020-07-15,17.61,18.74,16.89,18.15,1046953.15
2020-07-16,18.12,18.44,16.38,16.55,879300.28
2020-07-17,16.6,17.49,16.42,17.23,618882.37
2020-07-20,18.95,18.95,17.79,18.95,1103450.96
2020-07-21,20.03,20.85,19.04,19.89,1566088.16
2020-07-22,19.08,20.28,18.69,19.62,1070611.73
2020-07-23,19.5,21.54,19.41,21.28,1234722.34
2020-07-24,21.07,21.63,19.92,20.34,823421.2
2020-07-27,21.28,22.21,20.59,21.18,1055567.57
2020-07-28,21.31,21.53,19.73,20.43,716623.4
2020-07-29,20.42,21.39,19.62,21.34,879661.86
2020-07-30,21.78,23.48,21.12,23.48,981180.26
2020-07-31,22.83,24.42,22.73,23.52,825931.39
2020-08-03,23.82,24.22,23.27,23.67,578563.48
2020-08-04,23.33,23.55,22.07,22.52,797224.0
2020-08-05,22.52,22.91,21.71,22.67,584161.79
2020-08-06,22.66,22.66,21.03,21.48,879940.96
2020-08-07,21.27,22.27,20.67,22.05,997872.88
2020-08-10,22.65,23.22,21.8,22.64,972933.65
2020-08-11,22.72,22.96,21.0,21.05,1019676.03
2020-08-12,21.05,21.18,19.31,20.11,1062018.15
2020-08-13,20.63,20.9,20.07,20.15,630155.43
2020-08-14,20.31,20.49,19.77,20.22,444144.91
2020-08-17,20.24,20.35,19.3,20.05,877785.85
2020-08-18,20.14,20.57,19.62,20.07,729884.16
2020-08-19,19.81,19.87,19.38,19.42,520767.39
2020-08-20,19.2,19.66,18.96,19.07,476342.42
2020-08-21,19.41,20.1,19.25,19.67,679276.4
2020-08-24,19.65,20.87,19.65,20.8,829236.05
2020-08-25,20.8,20.8,20.01,20.21,583909.87
2020-08-26,20.21,20.21,18.53,18.88,927316.36
2020-08-27,18.94,20.32,18.85,19.99,760613.02
2020-08-28,20.07,20.54,19.73,20.39,499165.88
2020-08-31,20.68,21.54,20.44,21.02,639574.2
2020-09-01,20.93,22.17,20.5,21.97,684095.83
2020-09-02,21.92,22.27,21.3,21.73,457627.89
2020-09-03,21.53,21.53,20.72,20.93,492445.81
2020-09-04,20.42,20.77,19.87,20.49,440366.83
2020-09-07,20.33,20.59,19.87,19.94,382724.38
2020-09-08,20.17,20.83,19.94,20.71,536844.14
2020-09-09,20.07,20.66,19.5,19.81,457992.34
2020-09-10,20.07,20.31,19.23,19.39,422078.92
2020-09-11,19.17,21.33,18.74,21.33,1016987.17
2020-09-14,21.76,22.83,21.45,21.54,1233773.88
2020-09-15,21.81,21.94,20.98,21.54,486857.37
2020-09-16,21.61,22.66,21.4,21.6,756572.64
2020-09-17,21.2,22.07,21.11,21.62,524982.65
2020-09-18,21.57,21.69,20.72,21.41,561356.78
2020-09-21,21.36,21.61,20.94,21.11,318702.54
2020-09-22,20.94,21.42,20.55,20.81,295264.73
2020-09-23,21.16,22.39,20.81,22.05,744591.35
2020-09-24,21.81,22.27,20.85,20.93,603525.78
2020-09-25,21.14,22.08,21.14,21.37,486956.45
2020-09-28,21.62,23.51,21.62,23.07,1051626.22
2020-09-29,23.48,23.48,22.63,23.17,632111.96
2020-09-30,23.17,23.78,22.87,22.9,617262.29
2020-10-09,24.64,25.19,24.45,25.19,907336.71
2020-10-12,25.84,26.08,24.7,25.93,940237.51
2020-10-13,25.84,27.26,25.24,26.78,707697.35
2020-10-14,26.36,28.31,26.21,27.21,925788.91
2020-10-15,27.46,27.61,24.95,25.6,1143613.64
2020-10-16,26.17,26.17,24.41,24.73,782764.3
2020-10-19,24.74,24.87,23.26,23.43,929372.68
2020-10-20,23.69,24.29,23.61,24.25,764243.93
2020-10-21,24.64,24.68,23.6,24.15,500367.16
2020-10-22,23.82,24.1,23.33,23.85,411246.77
2020-10-23,23.17,24.83,22.94,24.03,752200.42
2020-10-26,23.69,25.67,23.35,25.5,899273.63
2020-10-27,25.16,26.24,24.96,26.09,713773.94
2020-10-28,25.76,28.01,25.5,26.54,802550.34
2020-10-29,26.06,27.53,25.93,26.34,713058.47
2020-10-30,26.33,27.4,25.67,26.45,658011.64
2020-11-02,25.93,28.92,25.54,27.74,1156000.19
2020-11-03,27.9,28.08,26.71,27.74,636253.93
2020-11-04,27.46,28.03,25.24,25.99,1145362.24
2020-11-05,27.14,27.89,26.53,27.71,889370.16
2020-11-06,28.26,28.3,25.85,26.36,1090258.61
2020-11-09,26.64,28.08,25.66,27.74,1022426.33
2020-11-10,27.57,29.62,26.89,28.91,923779.78
2020-11-11,28.69,29.9,28.0,28.26,670998.07
2020-11-12,29.17,29.17,27.4,27.96,602644.23
2020-11-13,27.74,28.0,25.93,26.64,932442.58
2020-11-16,26.7,27.24,25.67,26.96,570776.82
2020-11-17,26.71,26.81,24.98,25.4,865337.04
2020-11-18,25.77,26.28,24.9,25.53,766777.17
2020-11-19,25.5,26.98,25.03,26.85,835929.46
2020-11-20,26.71,27.87,26.46,27.63,719138.55
2020-11-23,27.65,28.88,27.2,28.25,675208.0
2020-11-24,27.83,28.06,27.29,27.62,438806.49
2020-11-25,27.9,28.59,27.33,27.46,423673.88
2020-11-26,26.99,27.55,26.1,27.2,548148.6
2020-11-27,27.04,27.37,26.51,26.94,480625.88
2020-11-30,27.02,27.02,25.68,26.53,612871.21
2020-12-01,26.3,27.74,26.3,27.23,540106.9
2020-12-02,27.15,27.29,25.84,26.28,919923.08
2020-12-03,25.93,26.15,25.72,25.86,551384.44
2020-12-04,25.74,25.96,24.91,25.33,790008.18
2020-12-07,25.33,25.93,24.98,25.63,730748.99
2020-12-08,25.41,25.72,25.03,25.16,606713.43
2020-12-09,25.28,25.38,23.97,24.5,880804.45
2020-12-10,25.44,26.94,24.91,26.62,1526688.16
2020-12-11,26.84,27.35,26.13,26.49,1031239.79
2020-12-14,27.18,27.74,26.28,27.02,1064368.84
2020-12-15,27.1,27.44,26.44,27.38,859542.73
2020-12-16,28.02,28.46,27.57,27.82,995473.68
2020-12-17,27.76,27.88,26.8,27.62,754041.93
2020-12-18,27.57,29.08,27.41,28.98,1104959.56
2020-12-21,30.15,31.44,29.36,30.75,1456295.6
2020-12-22,30.65,31.51,29.82,29.83,1162687.91
2020-12-23,30.42,32.81,30.42,32.81,1402643.97
2020-12-24,32.91,33.68,31.96,32.93,1035296.17
2020-12-25,32.79,35.26,32.23,34.96,1010593.16
2020-12-28,34.55,35.41,33.87,34.92,897276.35
2020-12-29,34.47,34.68,31.51,31.83,1590944.83
2020-12-30,32.22,33.17,32.16,32.69,889691.26
2020-12-31,33.59,34.2,32.47,33.12,1003271.69
2021-01-04,32.99,36.42,32.75,35.88,1296910.74
2021-01-05,35.36,37.6,35.03,36.61,1121495.75
2021-01-06,36.43,37.36,35.33,36.53,1003257.19
2021-01-07,37.4,38.47,36.62,37.96,1129549.92
2021-01-08,38.01,38.48,35.41,36.27,1391214.74
2021-01-11,36.28,36.28,33.19,33.88,1541563.5
2021-01-12,33.94,35.18,33.43,34.81,1050198.69
2021-01-13,34.81,35.8,33.44,33.9,1096411.62
2021-01-14,33.33,33.66,31.94,32.66,975127.33
2021-01-15,32.61,33.5,31.89,33.17,801917.9
2021-01-18,32.65,33.3,31.96,33.0,802620.17
2021-01-19,33.69,33.99,31.88,32.04,945252.87
2021-01-20,32.31,33.25,31.89,33.01,907219.44
2021-01-21,33.86,36.27,33.34,36.01,1613315.17
2021-01-22,36.59,38.78,36.15,38.64,1551149.57
2021-01-25,38.64,40.9,37.05,38.17,1680062.03
2021-01-26,38.77,40.22,37.63,39.48,1400057.21
2021-01-27,39.11,43.42,37.71,43.42,1681118.48
2021-01-28,42.65,44.36,41.43,42.38,1704104.6
2021-01-29,42.47,42.83,38.29,39.63,1894555.38
2021-02-01,37.81,38.65,36.88,37.39,1420652.34
2021-02-02,38.38,40.11,36.78,39.25,1331512.01
2021-02-03,39.29,41.13,39.16,39.91,1352799.56
2021-02-04,38.84,39.91,37.8,38.77,1099941.17
2021-02-05,39.42,41.11,38.5,39.28,1168631.14
2021-02-08,39.29,40.39,37.17,40.22,1105611.53
2021-02-09,40.22,43.94,40.22,43.94,1300022.09
2021-02-10,44.8,47.81,43.23,46.57,1334014.04
2021-02-18,46.91,47.35,45.27,46.6,990349.47
2021-02-19,45.55,45.57,42.16,43.9,1148249.89
2021-02-22,43.06,45.95,42.95,43.12,1079485.65
2021-02-23,41.6,44.09,41.42,43.25,770800.0
2021-02-24,43.07,43.53,39.91,40.69,1107668.55
2021-02-25,41.83,42.25,40.66,41.06,766907.69
2021-02-26,39.24,41.0,38.77,40.47,781602.26
2021-03-01,41.48,42.64,40.4,40.92,985545.4
2021-03-02,41.65,41.86,39.43,40.35,845834.69
2021-03-03,39.66,39.88,36.32,37.13,2261710.41
2021-03-04,35.42,35.76,33.42,33.42,1660534.55
2021-03-05,31.07,33.17,30.43,32.08,1607535.79
2021-03-08,32.33,32.72,28.96,29.1,2339514.87
2021-03-09,29.0,29.56,27.73,27.91,1581449.57
2021-03-10,28.76,29.0,27.9,28.5,1457546.27
2021-03-11,28.51,30.33,28.35,29.79,1309770.07
2021-03-12,30.41,30.58,28.14,29.02,1569391.44
2021-03-15,28.43,28.59,26.36,26.79,1676283.03
2021-03-16,27.14,27.45,26.49,26.87,1138609.24
2021-03-17,26.87,27.7,26.29,27.36,1051880.13
2021-03-18,27.39,28.23,26.89,28.09,1102122.04
2021-03-19,27.14,27.28,26.28,26.56,1149251.28
2021-03-22,26.53,27.32,26.28,27.07,801672.4
2021-03-23,27.05,27.12,26.02,26.72,767342.67
2021-03-24,26.84,27.05,25.76,25.95,726694.37
2021-03-25,25.42,26.66,25.28,26.41,727559.39
2021-03-26,26.89,28.0,26.72,27.59,1222429.34
2021-03-29,27.65,27.66,26.9,26.99,942822.96
2021-03-30,26.89,29.0,26.6,28.5,1454760.98
2021-03-31,28.43,28.71,27.9,28.21,838026.85
2021-04-01,28.68,29.53,28.38,28.53,892438.01
2021-04-02,28.53,28.96,27.84,28.86,636666.56
2021-04-06,29.37,30.07,29.05,29.4,897187.51
2021-04-07,29.21,29.21,28.09,28.43,724055.47
2021-04-08,28.0,28.65,27.74,28.24,502899.56
2021-04-09,27.91,28.53,27.58,27.73,491265.52
2021-04-12,27.57,27.96,26.71,26.78,571411.96
2021-04-13,25.85,27.22,25.82,26.67,633819.72
2021-04-14,27.11,27.64,26.99,27.48,611198.65
2021-04-15,27.78,27.97,27.23,27.81,475868.09
2021-04-16,27.7,27.7,26.53,27.28,627530.94
2021-04-19,27.45,29.0,27.27,28.84,917217.06
2021-04-20,28.9,30.17,28.65,29.3,1148564.11
2021-04-21,29.33,29.91,28.74,29.25,776176.64
2021-04-22,29.54,29.63,28.34,29.46,701853.3
2021-04-23,29.7,30.8,29.58,30.5,990148.52
2021-04-26,30.4,31.01,29.71,29.71,898919.29
2021-04-27,29.39,29.81,28.95,29.46,526762.74
2021-04-28,29.63,29.99,29.12,29.63,522546.75
2021-04-29,29.77,29.85,28.73,29.35,582119.6
2021-04-30,29.36,30.77,29.35,30.35,1052213.65
2021-05-06,30.15,32.09,29.95,31.51,1092662.43
2021-05-07,31.51,32.67,30.83,31.01,982715.39
2021-05-10,30.58,33.55,30.45,33.24,1205587.39
2021-05-11,32.82,33.25,31.45,33.09,967463.98
2021-05-12,32.76,33.59,32.42,33.35,624745.39
2021-05-13,32.74,33.25,32.21,32.38,583333.86
2021-05-14,32.2,32.47,31.1,32.22,608355.43
2021-05-17,32.22,34.41,32.22,34.14,919389.55
2021-05-18,34.2,34.42,33.63,34.01,424462.97
2021-05-19,33.77,35.29,33.77,35.14,660467.72
2021-05-20,35.33,35.57,34.0,34.19,614886.7
2021-05-21,34.68,35.19,33.38,34.06,623737.35
2021-05-24,33.98,35.1,32.72,34.97,720606.57
2021-05-25,34.63,34.79,34.06,34.65,592400.74
2021-05-26,34.72,34.87,33.58,33.68,600754.27
2021-05-27,33.71,34.5,33.2,33.32,554435.96
2021-05-28,32.94,34.46,32.94,33.26,728801.01
2021-05-31,33.09,34.92,32.75,34.78,906283.92
2021-06-01,34.54,34.82,33.81,34.27,591833.98
2021-06-02,34.76,35.19,33.09,33.29,661880.85
2021-06-03,32.85,32.85,30.99,31.18,1140754.48
2021-06-04,30.77,31.53,30.39,30.92,714436.56
2021-06-07,30.65,30.81,29.65,30.34,980619.28
2021-06-08,30.34,31.19,29.77,30.1,876385.99
2021-06-09,30.14,30.16,29.19,29.9,767449.55
2021-06-10,29.69,31.59,29.67,30.86,1172233.11
2021-06-11,30.87,32.16,30.43,31.42,1305030.01
2021-06-15,31.64,32.43,30.65,30.99,1019049.87
2021-06-16,30.6,30.61,29.08,29.09,941821.93
2021-06-17,29.09,30.16,29.09,29.88,554298.86
2021-06-18,29.77,30.86,29.64,30.16,728294.86
2021-06-21,30.25,31.22,29.73,30.79,633958.25
2021-06-22,31.19,31.48,30.6,30.77,651206.87
2021-06-23,30.82,31.51,30.55,31.12,834298.69
2021-06-24,31.9,34.19,31.13,34.19,1855200.69
2021-06-25,34.19,34.55,33.33,33.89,1215779.27
2021-06-28,34.5,36.58,34.06,35.89,1521470.54
2021-06-29,36.4,37.7,35.97,37.49,1496228.14
2021-06-30,36.84,38.34,36.14,37.5,1072790.78
2021-07-01,38.75,39.32,37.41,37.44,1352495.53
2021-07-02,36.76,38.22,36.26,36.38,1508225.77
2021-07-05,37.27,37.41,36.08,36.92,1072437.58
2021-07-06,37.11,37.11,34.42,35.17,1321626.39
2021-07-07,35.06,37.05,34.55,36.66,1179013.78
2021-07-08,36.67,36.92,35.46,35.56,1141053.35
2021-07-09,35.43,36.27,34.15,35.94,1021917.77
2021-07-12,36.32,36.36,35.23,35.33,1214979.34
2021-07-13,36.11,37.27,35.32,36.9,1468522.82
2021-07-14,36.9,36.9,34.6,34.86,1347382.39
2021-07-15,34.25,35.42,33.46,35.04,1220657.62
2021-07-16,34.67,34.83,33.53,33.54,1029397.62
2021-07-19,33.5,34.94,33.37,34.23,770186.48
2021-07-20,33.8,34.72,33.63,34.4,594124.0
2021-07-21,34.52,37.84,34.5,37.84,1842790.08
2021-07-22,38.83,39.44,37.36,38.47,1966193.26
2021-07-23,38.13,39.05,37.4,37.74,1117863.71
2021-07-26,37.66,38.73,35.95,37.29,1252202.65
2021-07-27,37.27,39.77,36.27,36.45,1465722.61
2021-07-28,35.97,37.05,34.41,35.83,1030141.44
2021-07-29,36.45,38.01,35.85,37.96,1295086.64
2021-07-30,37.27,38.88,37.04,37.46,1217017.05
2021-08-02,37.4,40.48,37.27,39.75,1642613.3
2021-08-03,39.74,40.34,38.14,39.65,1141177.2
2021-08-04,39.65,43.62,39.57,43.62,1826947.45
2021-08-05,43.34,45.38,42.83,44.44,1692234.99
2021-08-06,44.44,45.67,43.34,43.93,1015751.47
2021-08-09,43.36,43.93,41.28,42.92,993975.86
2021-08-10,42.73,44.1,41.49,42.73,951038.4
2021-08-11,42.44,42.72,40.25,40.89,1298336.02
2021-08-12,40.82,41.49,39.44,41.33,1170448.42
2021-08-13,40.4,41.13,39.84,39.96,840239.52
2021-08-16,39.26,41.48,39.07,40.74,950872.69
2021-08-17,40.74,42.73,40.74,41.58,1119809.98
2021-08-18,42.21,43.11,40.65,41.13,1138419.0
2021-08-19,41.13,42.8,40.3,42.49,976887.12
2021-08-20,42.47,42.89,41.17,42.44,797957.12
2021-08-23,42.73,44.16,41.17,43.71,1079384.38
2021-08-24,43.46,46.27,43.35,43.94,1061940.18
2021-08-25,44.19,48.1,43.77,47.36,1525626.5
2021-08-26,46.89,48.07,46.48,46.97,952543.38
2021-08-27,46.45,51.21,46.21,49.72,1358605.78
2021-08-30,50.17,54.01,50.01,52.43,1511840.41
2021-08-31,51.88,53.4,50.87,52.87,1047081.61
2021-09-01,52.89,53.39,47.58,48.84,1487917.31
2021-09-02,49.4,53.65,49.4,53.65,1228359.81
2021-09-03,52.87,54.4,49.59,50.75,1209524.5
2021-09-06,51.03,51.03,46.02,48.23,1162348.92
2021-09-07,48.23,49.91,47.41,49.56,754674.63
2021-09-08,49.4,50.48,47.25,47.77,789842.94
2021-09-09,47.8,49.6,47.39,49.33,678386.03
2021-09-10,48.63,51.12,48.17,50.83,860682.51
2021-09-13,50.29,50.95,47.7,48.07,918060.26
2021-09-14,46.82,46.97,44.2,45.04,1447577.84
2021-09-15,45.5,46.46,45.08,45.95,767697.68
2021-09-16,45.99,46.27,42.9,42.9,1211481.05
2021-09-17,44.06,44.18,41.33,42.83,1053377.82
2021-09-22,42.41,43.75,41.78,42.56,591986.43
2021-09-23,43.4,44.63,42.51,42.64,748372.7
2021-09-24,42.56,45.16,41.72,44.07,999498.19
2021-09-27,44.38,44.63,42.0,43.47,849156.65
2021-09-28,43.47,44.37,42.56,42.87,519794.85
2021-09-29,42.21,44.18,42.04,43.56,634914.48
2021-09-30,43.5,44.93,42.83,44.15,610673.87
2021-10-08,45.56,45.93,42.71,43.74,650269.83
2021-10-11,43.6,45.5,43.42,44.65,622876.45
2021-10-12,44.72,45.82,44.26,45.7,647609.35
2021-10-13,45.73,48.06,45.35,47.58,765627.85
2021-10-14,47.32,48.75,46.59,47.12,664998.26
2021-10-15,46.95,48.8,46.47,48.45,595109.94
2021-10-18,48.96,49.16,46.98,48.37,615537.23
2021-10-19,47.91,48.54,46.7,46.71,642608.87
2021-10-20,46.63,48.52,46.58,47.28,677076.62
2021-10-21,47.24,47.54,46.21,46.74,444681.7
2021-10-22,47.15,48.3,46.6,47.34,446317.57
2021-10-25,47.5,49.82,47.5,49.4,827209.78
2021-10-26,49.58,49.73,48.02,48.64,620131.96
2021-10-27,48.98,49.65,48.36,49.01,617211.04
2021-10-28,48.69,49.0,47.32,48.05,580234.39
2021-10-29,48.19,49.76,46.47,49.6,943402.72
2021-11-01,48.97,49.29,47.15,47.67,902600.72
2021-11-02,47.06,47.38,44.31,44.48,1054067.07
2021-11-03,43.6,45.28,43.59,44.61,698761.83
2021-11-04,45.1,46.42,44.29,45.68,713514.29
2021-11-05,45.77,45.77,43.34,43.38,839716.17
2021-11-08,43.09,44.2,42.83,43.68,442071.19
2021-11-09,44.46,45.13,43.55,43.75,503242.86
2021-11-10,43.67,43.94,41.43,42.21,896282.1
2021-11-11,42.3,42.9,42.01,42.38,483936.65
2021-11-12,42.47,43.25,42.47,42.89,421993.15
2021-11-15,43.09,43.09,41.62,41.89,412781.55
2021-11-16,41.75,42.3,41.45,42.16,314828.38
2021-11-17,42.23,43.51,42.04,43.51,579161.79
2021-11-18,43.51,43.51,42.31,42.83,355521.96
2021-11-19,42.77,43.08,41.6,42.41,544851.95
2021-11-22,42.04,42.91,41.69,42.66,654939.22
2021-11-23,42.59,42.63,41.78,41.93,549865.69
2021-11-24,42.12,42.17,39.77,40.2,996948.52
2021-11-25,40.04,40.13,38.66,39.0,919484.38
2021-11-26,39.21,39.46,38.57,38.94,652005.86
2021-11-29,38.22,38.83,38.05,38.39,650734.78
2021-11-30,38.73,39.44,38.4,38.93,664517.31
2021-12-01,38.4,40.01,38.29,39.57,779442.71
2021-12-02,39.55,40.25,39.11,39.57,523673.91
2021-12-03,39.21,39.57,37.18,38.11,966985.95
2021-12-06,38.11,39.61,38.11,38.6,792924.81
2021-12-07,39.17,39.28,38.22,38.99,462918.56
2021-12-08,39.0,40.81,38.66,40.26,928431.18
2021-12-09,40.22,40.73,39.78,40.35,593759.71
2021-12-10,40.22,42.37,40.03,41.98,937081.91
2021-12-13,41.76,42.31,41.07,41.82,620361.48
2021-12-14,41.82,41.85,40.35,40.52,502371.27
2021-12-15,40.25,42.19,40.2,40.97,521074.11
2021-12-16,41.04,41.63,40.66,40.91,301488.18
2021-12-17,40.58,40.61,39.02,39.1,556301.59
2021-12-20,38.75,39.5,38.19,38.27,404164.1
2021-12-21,38.31,39.0,38.01,38.79,278698.74
2021-12-22,39.06,39.14,38.5,38.61,218190.61
2021-12-23,38.57,38.74,37.96,38.19,324260.72
2021-12-24,38.44,38.54,35.75,35.77,844985.47
2021-12-27,35.54,35.69,34.01,34.97,768801.38
2021-12-28,34.76,35.97,34.54,35.77,585801.61
2021-12-29,35.61,37.02,35.45,36.58,669277.41
2021-12-30,36.41,37.43,36.25,36.49,587439.22
2021-12-31,37.21,39.94,37.21,38.97,1050943.05
2022-01-04,39.52,39.59,36.4,36.85,855328.63
2022-01-05,36.86,37.17,35.83,36.17,502742.92
2022-01-06,36.06,36.48,35.1,36.32,502661.89
2022-01-07,36.69,37.37,35.54,36.49,588403.36
2022-01-10,36.49,36.82,35.48,36.31,395077.48
2022-01-11,36.25,36.61,35.01,35.36,382412.36
2022-01-12,35.7,36.89,34.97,36.84,578119.29
2022-01-13,36.76,36.91,35.61,35.61,388475.6
2022-01-14,35.41,36.36,35.19,35.9,308416.27
2022-01-17,36.19,36.98,35.91,36.0,374333.61
2022-01-18,35.89,36.23,35.36,35.78,314339.62
2022-01-19,35.6,35.71,35.02,35.11,305890.67
2022-01-20,35.26,35.37,34.5,34.67,317484.0
2022-01-21,34.58,35.47,34.13,34.62,305708.19
2022-01-24,34.63,35.62,34.06,35.4,325697.23
2022-01-25,35.02,35.4,33.46,33.67,403310.53
2022-01-26,34.28,35.03,33.87,34.71,348582.47
2022-01-27,34.46,34.65,33.5,33.53,315663.61
2022-01-28,33.95,34.05,31.57,32.37,438091.96
2022-02-07,32.94,34.87,32.94,34.54,530270.91
2022-02-08,34.65,34.65,32.88,33.59,430512.73
2022-02-09,33.46,34.03,33.26,33.8,376570.14
2022-02-10,33.8,34.32,33.01,33.44,384785.13
2022-02-11,32.94,33.66,32.75,32.85,293693.01
2022-02-14,32.79,32.88,31.9,32.46,421023.27
2022-02-15,32.59,33.63,32.41,33.49,455493.04
2022-02-16,33.89,33.97,33.18,33.29,280885.69
2022-02-17,33.25,34.66,33.02,34.37,502620.4
2022-02-18,34.02,34.3,33.66,33.85,332288.91
2022-02-21,33.93,34.5,33.56,34.3,287546.03
2022-02-22,33.97,36.33,33.91,36.24,896810.26
2022-02-23,36.24,37.51,36.13,37.24,731090.21
2022-02-24,36.4,38.09,36.08,36.51,769099.76
2022-02-25,37.29,38.13,36.4,36.48,534036.01
2022-02-28,36.83,37.32,36.42,37.18,411317.42
2022-03-01,38.11,39.13,37.41,37.57,713200.89
2022-03-02,37.36,38.47,36.75,38.15,533874.93
2022-03-03,38.05,38.44,37.28,37.45,396519.69
2022-03-04,36.86,37.89,36.75,37.03,316176.18
2022-03-07,36.83,37.7,36.01,36.62,381958.13
2022-03-08,36.62,37.75,36.47,37.09,526544.36
2022-03-09,37.7,38.09,35.58,37.57,739886.43
2022-03-10,40.13,40.29,38.58,38.88,1140655.63
2022-03-11,38.19,39.55,38.02,39.48,712557.26
2022-03-14,39.0,39.59,38.14,38.15,476973.78
2022-03-15,37.65,39.4,37.1,38.11,716855.18
2022-03-16,38.74,39.57,37.06,39.52,770374.7
2022-03-17,39.77,40.3,38.57,38.72,762224.89
2022-03-18,38.31,38.71,37.66,38.4,350589.0
2022-03-21,38.31,39.13,37.95,38.81,391138.59
2022-03-22,39.35,39.74,38.13,38.74,530169.6
2022-03-23,39.13,39.16,38.02,38.19,352190.44
2022-03-24,37.81,37.82,36.5,36.71,535853.92
2022-03-25,36.92,37.22,35.78,35.79,372836.78
2022-03-28,36.32,38.01,36.06,37.44,651691.46
2022-03-29,37.51,38.95,37.22,37.79,503888.18
2022-03-30,38.13,38.83,37.28,38.73,498603.29
2022-03-31,38.23,38.47,36.84,37.0,484634.67
2022-04-01,37.02,38.27,36.43,37.55,431515.47
2022-04-06,37.26,37.26,35.54,35.88,572790.84
2022-04-07,35.36,36.49,35.36,35.82,286780.48
2022-04-08,35.83,35.87,34.57,35.42,352025.41
2022-04-11,35.19,35.19,33.72,33.89,386843.88
2022-04-12,33.8,34.54,33.63,34.37,296510.48
2022-04-13,34.23,34.89,33.89,34.06,272144.56
2022-04-14,34.49,34.63,33.7,34.1,291879.77
2022-04-15,33.72,34.37,33.27,34.23,284499.23
2022-04-18,33.95,35.09,33.72,34.93,308620.97
2022-04-19,34.96,35.49,34.58,34.63,301987.45
2022-04-20,34.29,34.52,33.76,33.96,240970.78
2022-04-21,33.63,33.87,32.31,32.45,465270.48
2022-04-22,32.08,32.75,31.79,31.92,301520.91
2022-04-25,31.24,31.69,30.47,30.48,462473.26
2022-04-26,31.51,32.68,31.18,31.66,642059.56
2022-04-27,31.72,34.67,31.53,34.51,714383.31
2022-04-28,34.02,35.41,33.82,34.41,578061.44
2022-04-29,34.66,35.97,34.37,35.62,580091.63
2022-05-05,35.94,36.14,35.2,35.29,435972.9
2022-05-06,34.54,34.72,34.07,34.31,287114.23
2022-05-09,34.15,35.03,33.82,34.25,268947.96
2022-05-10,33.81,35.36,33.64,34.69,405531.2
2022-05-11,34.83,35.95,34.21,35.26,509776.31
2022-05-12,34.76,35.47,34.67,34.89,305663.78
2022-05-13,35.28,35.66,34.59,34.97,339688.25
2022-05-16,35.02,35.48,34.32,34.43,327902.16
2022-05-17,35.05,36.62,34.95,36.49,734512.87
2022-05-18,36.58,36.71,35.9,36.33,434695.53
2022-05-19,35.8,39.72,35.69,39.37,1148519.37
2022-05-20,39.37,39.99,39.0,39.87,801906.46
2022-05-23,39.87,40.04,38.81,39.65,558790.61
2022-05-24,39.66,40.28,38.83,38.97,561406.9
2022-05-25,39.18,39.39,38.52,39.15,412730.16
2022-05-26,39.34,39.57,38.53,38.99,389593.85
2022-05-27,39.18,39.51,38.4,38.72,414649.86
2022-05-30,38.98,39.24,38.44,38.74,345039.57
2022-05-31,39.82,40.26,38.98,39.98,694278.55
2022-06-01,39.94,40.57,39.18,39.83,492030.03
2022-06-02,40.26,42.18,39.84,41.91,756901.46
2022-06-06,41.61,44.62,41.5,43.5,848918.39
2022-06-07,44.95,46.1,44.02,44.28,1119049.64
2022-06-08,44.51,44.86,43.49,44.73,682309.11
2022-06-09,44.4,45.9,44.4,44.97,649008.63
2022-06-10,44.25,47.82,44.24,47.36,951522.39
2022-06-13,47.35,49.11,46.77,47.41,930584.55
2022-06-14,46.74,47.78,45.29,47.42,907805.15
2022-06-15,47.79,48.18,46.05,46.44,672398.49
2022-06-16,46.36,48.26,46.32,47.45,686573.54
2022-06-17,47.78,48.73,47.34,48.22,852038.13
2022-06-20,49.52,49.52,47.32,48.0,839083.06
2022-06-21,48.04,48.25,46.35,47.12,926247.31
2022-06-22,47.51,48.92,47.35,48.35,717202.01
2022-06-23,48.65,48.86,47.13,48.82,575792.29
2022-06-24,48.8,51.7,48.75,51.28,922543.82
2022-06-27,51.47,51.47,50.23,50.92,586196.36
2022-06-28,50.92,52.71,50.53,52.22,546354.17
2022-06-29,51.85,52.24,50.09,50.37,733083.23
2022-06-30,50.36,53.67,50.34,52.96,831905.24
2022-07-01,53.09,54.03,52.09,52.79,570239.0
2022-07-04,53.97,58.07,52.98,58.07,1355148.25
2022-07-05,59.16,60.04,56.8,59.94,1310299.71
2022-07-06,59.28,59.28,57.1,57.85,808222.64
2022-07-07,57.95,58.38,55.72,57.33,801001.18
2022-07-08,58.4,58.98,56.08,56.39,663586.5
2022-07-11,55.75,56.41,52.66,53.35,1061244.35
2022-07-12,54.24,55.33,52.9,53.19,793170.48
2022-07-13,53.19,53.57,50.76,52.97,919910.59
2022-07-14,52.65,54.09,51.76,53.14,793516.16
2022-07-15,52.27,54.73,52.16,52.82,756594.3
2022-07-18,53.09,53.42,50.32,51.93,803045.29
2022-07-19,52.17,52.5,50.88,51.19,535491.28
2022-07-20,51.49,52.04,50.54,50.72,590473.46
2022-07-21,50.88,51.05,49.19,49.22,807886.58
2022-07-22,49.25,50.01,48.55,49.65,740970.87
2022-07-25,49.29,49.46,47.5,47.62,741921.43
2022-07-26,48.21,49.64,47.63,48.1,659614.28
2022-07-27,48.31,49.06,47.17,49.03,748271.36
2022-07-28,49.38,49.74,47.72,47.86,936776.65
2022-07-29,47.72,48.84,47.6,47.61,504216.14
2022-08-01,47.16,47.83,46.12,47.33,749986.93
2022-08-02,46.8,46.81,44.92,45.19,802638.88
2022-08-03,45.98,46.04,43.86,43.97,767049.87
2022-08-04,44.73,45.26,43.89,44.52,578689.97
2022-08-05,44.59,45.33,43.8,44.97,665678.52
2022-08-08,44.49,44.84,44.13,44.76,539120.33
2022-08-09,44.77,46.71,44.32,46.19,1123595.91
2022-08-10,45.92,46.31,45.12,45.43,690006.96
2022-08-11,45.77,46.19,44.34,46.06,877049.75
2022-08-12,46.0,46.0,45.16,45.23,502536.81
2022-08-15,44.95,47.34,44.8,47.17,1051818.86
2022-08-16,47.06,47.95,46.46,47.39,1088547.97
2022-08-17,47.47,49.13,47.08,48.49,968825.71
2022-08-18,48.75,50.82,48.75,50.58,1254133.21
2022-08-19,51.76,54.84,50.67,53.05,1994796.98
2022-08-22,54.86,55.96,53.26,54.13,1659859.88
2022-08-23,53.62,55.48,51.83,52.25,1569133.52
2022-08-24,52.27,53.51,51.26,51.7,1104132.29
2022-08-25,51.36,51.58,49.79,50.86,965848.49
2022-08-26,51.02,51.49,49.6,49.93,719852.88
2022-08-29,48.85,50.75,48.75,50.24,597304.51
2022-08-30,50.11,50.2,48.86,49.16,485540.95
2022-08-31,48.88,49.35,46.33,46.79,908819.91
2022-09-01,47.27,47.34,46.06,46.73,497540.41
2022-09-02,46.69,47.12,45.66,46.19,481209.59
2022-09-05,46.24,47.19,46.07,46.41,471993.0
2022-09-06,46.98,50.61,46.55,50.32,1203111.27
2022-09-07,49.55,51.34,49.53,50.16,919203.91
2022-09-08,50.16,51.32,49.88,49.99,623937.19
2022-09-09,49.73,49.88,47.5,48.27,780476.74
2022-09-13,49.11,49.54,47.54,48.65,566423.43
2022-09-14,47.67,48.53,47.13,47.54,459555.07
2022-09-15,47.53,47.76,44.95,45.39,820634.77
2022-09-16,44.89,45.39,43.81,43.81,622982.17
2022-09-19,43.81,44.88,43.72,44.12,438927.97
2022-09-20,44.65,45.88,44.31,44.5,613728.66
2022-09-21,43.97,44.91,43.63,44.32,400315.63
2022-09-22,43.8,44.15,42.65,43.46,517986.52
2022-09-23,44.21,44.64,43.26,43.62,582108.0
2022-09-26,42.79,44.21,42.43,43.07,526084.8
2022-09-27,43.21,43.8,42.44,43.64,509529.21
2022-09-28,43.86,44.04,41.48,41.5,620840.16
2022-09-29,41.99,43.03,41.85,42.45,587916.04
2022-09-30,42.27,42.57,41.24,41.55,418998.36
2022-10-10,42.03,42.68,40.99,41.2,530443.0
2022-10-11,41.76,42.59,41.48,41.97,523508.75
2022-10-12,41.97,42.86,40.52,42.79,711433.68
2022-10-13,42.25,43.19,41.85,42.03,632427.03
2022-10-14,42.65,45.88,42.19,44.55,1163831.21
2022-10-17,43.89,44.14,42.97,44.03,654716.19
2022-10-18,44.24,44.55,43.58,43.81,453195.12
2022-10-19,43.71,44.34,42.74,43.29,495327.05
2022-10-20,42.81,42.81,41.6,41.81,531284.6
2022-10-21,42.11,42.59,41.28,41.59,427993.91
2022-10-24,41.67,42.19,40.09,40.54,547654.44
2022-10-25,40.33,42.05,40.28,41.91,573002.16
2022-10-26,42.08,42.87,41.4,42.23,623579.25
2022-10-27,42.55,43.33,41.59,41.66,599432.47
2022-10-28,41.14,41.47,39.82,39.97,561528.11
2022-10-31,38.95,39.64,38.24,38.49,677202.7
2022-11-01,38.71,39.88,38.54,39.87,718341.53
2022-11-02,39.82,40.51,39.44,40.22,597688.73
2022-11-03,40.08,40.9,39.68,40.13,558692.73
2022-11-04,39.99,42.54,39.98,42.2,933291.52
2022-11-07,42.01,42.6,41.7,41.97,563442.97
2022-11-08,42.2,42.37,40.93,41.44,496673.05
2022-11-09,41.19,41.36,40.28,40.3,485880.87
2022-11-10,40.26,40.33,39.49,39.82,397661.4
2022-11-11,41.14,41.21,40.26,40.61,500092.62
2022-11-14,40.79,41.24,39.55,39.67,517174.61
2022-11-15,39.68,40.81,39.64,40.52,543085.83
2022-11-16,40.61,40.75,39.64,39.82,420109.86
2022-11-17,39.72,39.72,38.57,39.09,552011.52
2022-11-18,39.11,39.7,38.58,38.88,430244.6
2022-11-21,38.63,39.33,38.38,38.97,348985.14
2022-11-22,38.84,38.84,37.94,38.04,434250.26
2022-11-23,38.0,39.36,37.88,39.15,541099.52
2022-11-24,39.24,39.43,38.8,38.85,305923.04
2022-11-25,38.64,38.64,37.85,38.12,357899.72
2022-11-28,37.16,38.06,36.75,37.93,347238.23
2022-11-29,38.1,38.53,37.96,38.18,360738.89
2022-11-30,38.15,38.52,37.87,38.33,348339.47
2022-12-01,38.75,39.36,38.61,38.83,505904.44
2022-12-02,38.58,39.26,37.94,38.05,564429.32
2022-12-05,37.91,38.05,37.07,37.28,636255.85
2022-12-06,37.28,37.64,36.33,37.28,610090.02
2022-12-07,37.16,37.91,36.9,37.47,496538.42
2022-12-08,37.25,38.26,37.01,37.41,483613.92
2022-12-09,37.51,37.52,36.85,37.15,415561.03
2022-12-12,36.88,37.06,36.57,36.64,296085.09
2022-12-13,36.75,36.95,36.1,36.13,437028.82
2022-12-14,36.13,36.44,35.84,36.06,363735.38
2022-12-15,36.01,36.76,35.7,36.63,399556.47
2022-12-16,36.29,36.43,35.48,35.83,414688.75
2022-12-19,35.53,36.22,35.48,35.62,296021.02
2022-12-20,35.59,35.67,34.86,35.29,322362.87
2022-12-21,35.35,35.36,34.41,34.6,339057.87
2022-12-22,34.93,34.95,33.57,33.75,566311.35
2022-12-23,33.59,33.89,33.32,33.61,319549.77
2022-12-26,33.44,34.65,33.03,34.5,503366.19
2022-12-27,34.49,35.61,34.35,35.45,501393.97
2022-12-28,34.68,35.53,34.68,35.01,422313.33
2022-12-29,34.75,35.26,34.29,34.41,320746.93
2022-12-30,34.57,34.79,34.14,34.14,370615.65
2023-01-03,34.11,34.33,33.36,34.26,464672.4
2023-01-04,34.26,34.42,33.09,33.18,514542.29
2023-01-05,33.19,34.37,33.09,34.11,566162.23
2023-01-06,34.11,36.54,33.98,35.83,1061102.54
2023-01-09,35.83,35.93,35.18,35.47,562621.51
2023-01-10,35.59,35.98,35.13,35.37,450190.89
2023-01-11,35.52,35.55,34.92,35.01,354769.69
2023-01-12,35.0,35.63,34.87,35.1,409378.94
2023-01-13,35.12,35.35,34.69,35.07,362201.36
2023-01-16,35.03,36.28,34.86,36.12,658954.86
2023-01-17,36.41,36.43,35.77,36.07,388416.45
2023-01-18,36.21,36.54,35.9,36.19,390047.89
2023-01-19,35.93,36.24,35.63,36.22,367703.2
2023-01-20,36.36,37.25,36.32,37.1,704360.33
2023-01-30,37.87,38.01,36.84,36.9,799482.97
2023-01-31,36.93,37.74,36.9,37.35,618725.16
2023-02-01,37.5,37.68,36.88,37.64,672766.45
2023-02-02,37.77,37.77,36.91,37.02,723722.15
2023-02-03,36.95,36.95,35.85,36.26,626918.22
2023-02-06,35.99,36.18,35.84,36.06,340098.29
2023-02-07,36.11,36.32,35.93,36.03,337437.28
2023-02-08,36.14,36.34,36.0,36.08,343336.92
2023-02-09,36.08,36.44,35.73,36.42,429477.61
2023-02-10,36.46,36.5,35.83,35.94,372018.61
2023-02-13,35.94,36.01,35.66,35.75,423064.63
2023-02-14,35.84,36.17,35.49,35.7,478982.19
2023-02-15,35.75,36.36,35.73,35.96,578866.7
2023-02-16,35.83,36.13,34.86,35.05,643347.0
2023-02-17,34.89,35.12,34.37,34.37,475658.3
2023-02-20,34.37,35.34,34.09,35.29,440477.78
2023-02-21,35.3,37.56,35.11,36.97,1244099.21
2023-02-22,36.63,37.16,36.54,36.79,561256.19
2023-02-23,36.79,37.82,36.74,37.45,847331.05
2023-02-24,37.43,37.44,36.78,36.91,533118.6
2023-02-27,36.68,37.09,36.2,36.44,396320.17
2023-02-28,36.56,37.55,36.24,37.07,660843.0
2023-03-01,37.12,37.37,36.85,37.05,425909.22
2023-03-02,37.21,37.34,36.46,36.49,418324.95
2023-03-03,36.49,36.79,36.23,36.46,299325.8
2023-03-06,36.46,37.43,36.04,37.21,723416.14
2023-03-07,36.98,37.0,36.1,36.12,626904.94
2023-03-08,35.83,36.4,35.42,35.64,430073.28
2023-03-09,35.64,35.79,35.3,35.31,291267.7
2023-03-10,35.04,35.12,34.6,34.71,324623.06
2023-03-13,34.59,35.66,34.59,35.25,369070.14
2023-03-14,34.95,35.11,33.83,34.6,481724.1
2023-03-15,34.68,35.48,34.62,34.71,340869.83
2023-03-16,34.37,34.45,33.47,33.6,495269.36
2023-03-17,33.79,33.96,33.24,33.62,377586.36
2023-03-20,33.63,34.32,33.28,33.87,349100.07
2023-03-21,33.88,34.32,33.57,34.25,297191.7
2023-03-22,34.51,34.82,34.08,34.27,303909.81
2023-03-23,34.06,34.25,33.78,34.13,296828.23
2023-03-24,34.2,34.77,34.1,34.55,378905.32
2023-03-27,34.53,34.93,34.19,34.66,329028.69
2023-03-28,34.54,34.67,34.13,34.19,232026.01
2023-03-29,34.5,34.75,34.15,34.23,260751.21
2023-03-30,34.33,34.37,33.69,34.37,296035.34
2023-03-31,34.32,34.75,34.24,34.43,278811.85
2023-04-03,34.42,34.99,33.9,34.81,523905.55
2023-04-04,34.81,34.81,34.15,34.5,362683.05
2023-04-06,34.27,34.55,34.02,34.33,278927.73
2023-04-07,34.32,34.66,33.98,34.43,248608.26
2023-04-10,35.64,36.26,35.57,35.81,887630.58
2023-04-11,35.83,36.14,35.5,35.86,487455.28
2023-04-12,35.86,35.9,35.04,35.31,462865.95
2023-04-13,35.61,35.68,35.11,35.19,337070.24
2023-04-14,35.21,35.89,34.95,35.46,358966.69
2023-04-17,35.39,35.99,35.23,35.89,409334.35
2023-04-18,35.91,36.23,35.71,35.98,403921.87
2023-04-19,35.92,35.96,35.18,35.31,394132.11
2023-04-20,35.29,35.55,34.98,35.12,334618.35
2023-04-21,35.14,35.48,34.58,34.64,468100.97
2023-04-24,34.64,34.72,34.01,34.33,348003.62
2023-04-25,34.33,35.11,33.39,33.58,593253.86
2023-04-26,33.63,36.27,33.27,35.62,1006088.19
2023-04-27,35.63,35.7,34.84,35.21,480480.06
2023-04-28,35.21,35.46,34.87,35.24,356477.1
2023-05-04,34.94,35.36,34.42,34.52,397577.76
2023-05-05,34.41,34.41,33.53,33.9,413771.38
2023-05-08,33.74,34.48,33.64,34.16,341168.17
2023-05-09,34.07,34.28,33.67,33.91,307830.6
2023-05-10,33.76,34.67,33.56,34.43,392738.28
2023-05-11,34.29,34.75,34.07,34.15,314562.01
2023-05-12,34.15,34.35,33.78,33.82,230806.36
2023-05-15,33.82,34.72,33.78,34.65,428762.71
2023-05-16,34.6,35.08,34.29,34.47,373865.76
2023-05-17,34.53,34.8,34.16,34.21,277228.11
2023-05-18,34.33,34.38,33.78,33.94,289781.4
2023-05-19,33.91,33.96,33.62,33.96,194828.14
2023-05-22,33.96,34.19,33.81,34.07,210738.02
2023-05-23,34.11,34.37,33.91,34.02,227685.52
2023-05-24,34.04,34.6,33.8,34.23,384669.09
2023-05-25,34.06,34.67,33.91,34.57,480295.73
2023-05-26,34.48,34.48,33.72,33.96,344719.29
2023-05-29,34.03,34.04,33.11,33.35,418531.4
2023-05-30,33.29,33.57,31.9,32.94,546789.46
2023-05-31,33.07,33.09,32.21,32.7,346510.61
2023-06-01,32.61,32.97,32.27,32.28,261668.53
2023-06-02,32.28,32.73,32.12,32.5,258235.41
2023-06-05,32.59,32.64,31.85,31.86,289487.38
2023-06-06,31.82,31.83,30.63,30.78,492022.66
2023-06-07,31.0,31.07,30.03,30.2,380335.04
2023-06-08,30.09,30.53,30.04,30.05,282582.96
2023-06-09,30.05,30.5,29.73,30.5,392333.67
2023-06-12,30.44,30.91,29.88,30.59,351074.19
2023-06-13,30.34,30.65,30.14,30.5,232599.85
2023-06-14,30.55,30.86,30.37,30.41,254016.28
2023-06-15,30.36,32.0,30.15,31.99,707506.21
2023-06-16,31.63,33.03,31.51,33.03,669180.21
2023-06-19,33.03,33.21,32.46,32.97,357809.72
2023-06-20,32.89,33.51,32.88,33.11,308309.8
2023-06-21,32.97,33.93,32.8,32.83,414200.98
2023-06-26,32.47,33.32,32.2,32.57,307577.37
2023-06-27,32.58,33.3,32.58,32.83,252105.75
2023-06-28,32.78,33.38,32.7,32.99,294754.87
2023-06-29,32.94,33.24,32.62,32.63,229026.01
2023-06-30,32.63,33.1,32.36,32.88,242508.8
2023-07-03,32.88,33.23,32.74,32.8,284723.3
2023-07-04,32.71,32.8,31.96,32.18,348826.79
2023-07-05,32.12,32.16,31.31,31.42,361215.81
2023-07-06,31.43,31.57,31.13,31.19,192110.17
2023-07-07,31.05,31.21,30.83,30.86,175970.17
2023-07-10,30.96,33.28,30.96,33.1,907958.19
2023-07-11,33.09,33.24,32.58,32.71,307718.2
2023-07-12,32.88,33.75,32.31,33.22,555790.28
2023-07-13,32.95,33.72,32.95,33.31,315099.78
2023-07-14,33.32,33.36,32.78,32.84,239717.38
2023-07-17,32.77,33.11,32.33,32.58,179683.13
2023-07-18,32.76,32.87,32.3,32.61,158303.68
2023-07-19,32.68,32.79,32.16,32.39,138207.28
2023-07-20,32.52,33.16,32.41,32.44,264035.7
2023-07-21,32.39,32.54,31.78,32.13,200714.93
2023-07-24,31.91,32.25,31.7,31.81,151165.85
2023-07-25,32.17,33.03,32.02,32.85,335700.23
2023-07-26,32.8,33.47,32.72,32.96,232579.74
2023-07-27,32.93,33.21,32.54,32.59,173485.35
2023-07-28,32.48,33.22,32.31,33.17,304454.14
2023-07-31,33.35,34.02,33.18,33.35,382333.32
2023-08-01,33.34,33.53,32.95,33.14,207234.25
2023-08-02,33.14,33.39,32.87,32.92,162435.58
2023-08-03,33.25,34.1,33.22,33.92,522582.78
2023-08-04,34.09,34.56,33.78,34.03,414182.53
2023-08-07,34.04,34.12,33.6,33.77,188875.82
2023-08-08,33.87,34.07,33.45,33.66,164657.35
2023-08-09,33.45,33.76,33.38,33.58,129598.65
2023-08-10,33.6,33.93,33.49,33.73,159839.99
2023-08-11,33.67,33.81,33.23,33.26,198511.11
2023-08-14,32.97,33.21,32.67,32.97,184167.66
2023-08-15,32.87,33.01,31.54,31.86,455443.24
2023-08-16,31.64,32.08,31.4,31.45,286951.2
2023-08-17,31.36,31.56,30.88,31.49,239719.6
2023-08-18,31.49,31.7,31.1,31.1,177752.42
2023-08-21,31.04,31.04,30.34,30.34,254998.97
2023-08-22,30.59,30.84,29.35,30.19,382095.8
2023-08-23,29.91,29.99,29.28,29.33,256671.8
2023-08-24,29.35,30.18,29.35,29.94,263068.34
2023-08-25,29.81,30.5,29.66,30.27,265074.2
2023-08-28,32.4,32.42,30.91,31.11,473892.73
2023-08-29,31.12,31.54,31.04,31.35,283558.0
2023-08-30,31.35,31.55,31.06,31.13,191318.9
2023-08-31,31.1,31.38,30.74,30.74,206198.73
2023-09-01,30.78,31.14,30.68,30.82,134452.54
2023-09-04,31.05,31.09,30.5,31.01,238463.99
2023-09-05,30.91,31.43,30.63,31.12,294231.08
2023-09-06,30.91,30.98,30.48,30.72,217083.6
2023-09-07,30.69,30.7,30.03,30.03,207077.77
2023-09-08,29.85,30.04,29.71,29.78,126682.43
2023-09-11,29.9,30.36,29.64,30.2,170867.27
2023-09-12,30.14,30.52,30.06,30.3,139750.96
2023-09-13,30.48,30.48,29.76,29.88,148790.15
2023-09-14,30.03,30.07,29.68,29.79,137803.67
2023-09-15,29.89,30.03,29.52,29.52,290352.09
2023-09-18,29.6,29.76,29.0,29.71,220571.51
2023-09-19,29.6,29.61,29.15,29.29,172454.3
2023-09-20,29.14,29.27,28.94,29.08,137135.99
2023-09-21,28.95,29.02,28.47,28.49,232350.32
2023-09-22,28.38,29.3,28.25,29.29,252524.75
2023-09-25,29.07,29.74,29.01,29.69,254583.42
2023-09-26,29.64,29.92,29.5,29.71,186102.19
2023-09-27,30.13,31.09,30.08,30.91,501424.49
2023-09-28,30.88,31.03,30.7,30.92,240518.92
2023-10-09,30.86,30.86,30.48,30.56,184132.35
2023-10-10,30.56,30.8,30.27,30.28,145284.41
2023-10-11,30.56,30.79,30.11,30.3,156812.41
2023-10-12,30.4,30.73,30.26,30.58,180459.83
2023-10-13,30.33,30.4,29.81,29.97,189278.81
2023-10-16,29.95,30.14,29.24,29.36,186564.3
2023-10-17,29.43,29.9,29.26,29.77,156426.3
2023-10-18,29.69,29.69,29.05,29.21,164501.66
2023-10-19,29.1,29.1,28.55,28.62,210358.01
2023-10-20,28.56,28.9,28.36,28.65,186122.63
2023-10-23,28.51,28.51,27.15,27.46,289996.21
2023-10-24,27.68,27.86,27.35,27.76,185108.36
2023-10-25,27.87,28.36,27.73,27.75,184759.28
2023-10-26,26.64,26.82,25.67,26.14,597826.21
2023-10-27,25.88,26.69,25.57,26.54,475826.89
2023-10-30,26.16,26.87,26.12,26.58,337850.55
2023-10-31,26.51,26.77,25.97,26.16,319211.77
2023-11-01,26.16,26.18,25.64,25.66,304328.96
2023-11-02,25.44,25.72,24.93,24.94,421749.34
2023-11-03,24.96,25.55,24.96,25.22,315880.96
2023-11-06,25.36,26.13,25.36,25.93,423163.97
2023-11-07,25.91,26.03,25.68,26.01,218216.39
2023-11-08,25.98,26.22,25.78,25.91,273637.14
2023-11-09,25.91,27.1,25.84,26.76,660497.4
2023-11-10,26.67,26.67,25.98,26.12,339558.94
2023-11-13,26.31,26.45,26.09,26.29,198120.77
2023-11-14,26.35,26.59,25.97,26.13,227271.22
2023-11-15,26.56,26.87,26.33,26.53,356207.58
2023-11-16,26.55,26.59,26.05,26.07,258869.74
2023-11-17,25.89,26.2,25.87,26.16,182172.41
2023-11-20,26.15,26.24,25.83,26.07,183065.93
2023-11-21,26.12,26.3,25.85,25.89,197554.61
2023-11-22,25.88,25.89,25.42,25.43,209621.69
2023-11-23,25.4,25.58,25.26,25.46,175790.15
2023-11-24,25.44,25.44,25.19,25.2,160768.23
2023-11-27,25.16,25.16,24.39,24.61,355193.0
2023-11-28,24.6,24.72,24.4,24.54,164064.17
2023-11-29,24.52,24.53,23.88,23.94,307870.07
2023-11-30,23.91,24.0,23.38,23.48,352853.12
2023-12-01,23.41,23.44,22.9,23.3,349061.12
2023-12-04,23.28,23.5,23.07,23.09,218211.55
2023-12-05,23.07,23.18,22.46,22.51,317958.16
2023-12-06,22.38,23.1,22.37,22.85,349906.96
2023-12-07,22.78,22.78,22.28,22.49,258288.19
2023-12-08,22.7,22.78,22.33,22.67,306787.79
2023-12-11,22.48,22.72,21.91,22.64,386640.28
2023-12-12,22.53,22.76,22.47,22.58,197745.54
2023-12-13,22.5,22.51,21.87,21.88,270357.14
2023-12-14,22.03,22.33,21.87,21.93,211991.3
2023-12-15,22.14,22.41,21.79,21.79,349228.28
2023-12-18,21.67,21.95,21.37,21.51,215428.15
2023-12-19,21.46,21.98,21.42,21.74,232464.93
2023-12-20,21.85,21.91,21.62,21.66,150616.22
2023-12-21,21.55,22.7,21.38,22.36,568227.34
2023-12-22,22.37,23.05,22.1,22.67,429518.05
2023-12-25,22.7,22.82,22.53,22.71,212962.77
2023-12-26,22.68,22.83,22.53,22.75,171726.6
2023-12-27,22.8,22.81,22.38,22.47,243657.03
2023-12-28,22.4,24.58,22.39,24.43,886205.19
2023-12-29,24.39,24.39,23.88,23.99,472838.73
2024-01-02,23.96,24.01,23.54,23.62,277627.31
2024-01-03,23.56,24.04,23.53,23.82,277068.38
2024-01-04,23.77,23.83,23.19,23.29,286798.23
2024-01-05,23.29,23.81,22.87,23.0,269145.76
2024-01-08,22.81,23.48,22.73,22.96,278170.05
2024-01-09,23.01,24.05,22.7,23.54,460772.85
2024-01-10,23.35,24.33,23.3,23.82,442436.37
2024-01-11,23.82,24.23,23.69,24.2,417188.5
2024-01-12,24.2,25.43,24.0,24.93,721303.88
2024-01-15,24.82,25.24,24.58,24.61,413456.58
2024-01-16,24.44,25.1,24.27,24.94,384126.03
2024-01-17,24.91,24.92,24.21,24.21,286614.75
2024-01-18,24.01,25.63,23.96,25.6,866226.38
2024-01-19,25.5,25.87,24.93,24.99,523198.86
2024-01-22,24.8,25.47,24.4,24.85,562914.87
2024-01-23,24.82,25.88,24.51,25.16,522103.15
2024-01-24,25.28,25.4,24.26,24.91,534878.47
2024-01-25,24.88,25.22,24.29,25.06,573519.58
2024-01-26,24.9,25.35,24.74,25.03,362629.34
2024-01-29,24.85,24.85,23.32,23.46,609701.45
2024-01-30,23.24,23.71,23.0,23.0,380584.87
2024-01-31,22.9,23.33,22.33,22.33,377279.27
2024-02-01,22.9,24.15,22.9,23.69,704478.0
2024-02-02,23.65,23.84,22.28,23.02,470039.35
2024-02-05,23.01,23.29,22.07,22.84,418746.95
2024-02-06,22.84,24.22,22.71,24.07,523449.14
2024-02-07,24.21,24.83,23.83,24.54,526127.72
2024-02-08,24.86,25.08,24.52,24.9,431147.84
2024-02-19,24.98,25.17,24.65,24.92,299124.12
2024-02-20,24.73,24.74,24.31,24.58,268939.88
2024-02-21,24.33,25.4,24.28,24.89,394450.45
2024-02-22,24.89,25.64,24.86,25.14,303807.48
2024-02-23,25.3,25.66,24.99,25.21,334666.58
2024-02-26,25.2,25.32,24.82,24.86,296517.93
2024-02-27,24.82,25.21,24.69,25.21,306196.77
2024-02-28,25.32,26.07,24.92,24.92,525952.55
2024-02-29,24.92,25.45,24.81,25.4,361391.51
2024-03-01,25.43,25.72,25.11,25.66,402629.69
2024-03-04,25.64,26.45,25.54,26.45,610544.59
2024-03-05,26.26,26.26,25.73,25.92,440915.57
2024-03-06,25.87,26.81,25.61,26.31,529776.86
2024-03-07,26.12,26.3,25.41,25.59,459729.42
2024-03-08,25.57,26.31,25.49,25.97,440663.22
2024-03-11,26.35,26.62,25.82,26.52,672326.38
2024-03-12,26.54,26.96,26.26,26.84,538131.81
2024-03-13,26.74,26.77,26.31,26.39,326544.55
2024-03-14,26.27,26.55,25.48,25.58,473667.45
2024-03-15,25.49,25.62,25.08,25.42,285796.19
2024-03-18,25.51,25.7,25.41,25.6,323067.81
2024-03-19,25.6,25.91,25.21,25.21,322938.34
2024-03-20,25.16,25.52,25.09,25.25,219937.83
2024-03-21,25.24,25.33,24.95,24.98,232083.63
2024-03-22,24.92,24.98,24.32,24.46,284329.85
2024-03-25,24.36,24.72,24.23,24.32,178704.91
2024-03-26,24.32,24.52,24.04,24.4,234790.87
2024-03-27,24.38,24.38,23.6,23.6,256873.88
2024-03-28,23.62,24.0,23.56,23.67,209111.54
2024-03-29,23.69,24.03,23.68,23.83,194503.35
2024-04-01,23.84,24.32,23.84,24.14,341136.92
2024-04-02,24.16,24.32,23.91,24.2,254230.26
2024-04-03,24.15,24.34,23.97,24.28,241674.22
2024-04-08,24.05,24.12,23.13,23.15,453853.83
2024-04-09,22.99,23.53,22.97,23.45,270273.36
2024-04-10,23.44,23.44,22.83,22.99,208211.63
2024-04-11,22.83,23.03,22.67,22.82,165197.65
2024-04-12,22.77,22.85,22.2,22.34,263233.16
2024-04-15,22.24,22.79,22.24,22.59,223293.2
2024-04-16,22.52,22.52,22.24,22.27,196942.8
2024-04-17,22.33,22.95,22.33,22.95,244345.42
2024-04-18,22.9,23.03,22.62,22.82,222469.71
2024-04-19,22.69,22.7,21.99,22.07,312076.84
2024-04-22,22.12,22.79,22.1,22.38,248941.13
2024-04-23,22.39,22.69,21.85,21.94,250025.84
2024-04-24,21.94,21.94,20.65,20.97,542020.25
2024-04-25,20.92,20.92,20.34,20.37,518517.6
2024-04-26,20.23,20.92,20.21,20.78,472966.27
2024-04-29,20.78,21.65,20.73,21.55,460923.71
2024-04-30,21.08,21.73,20.44,20.8,799002.71
2024-05-06,21.08,21.4,20.99,21.1,510194.88
2024-05-07,21.11,21.51,20.92,21.45,391126.8
2024-05-08,21.45,21.54,21.26,21.37,287985.59
2024-05-09,21.37,22.17,21.35,21.84,480077.52
2024-05-10,21.84,21.85,21.39,21.65,258992.9
2024-05-13,21.75,22.12,21.52,21.93,403504.84
2024-05-14,21.84,21.91,21.59,21.63,257693.1
2024-05-15,21.6,21.83,21.21,21.33,238207.05
2024-05-16,21.23,21.53,21.14,21.32,224330.32
2024-05-17,21.22,21.22,20.71,20.99,391636.62
2024-05-20,20.93,21.23,20.84,20.93,267695.09
2024-05-21,20.87,20.92,20.47,20.56,256987.76
2024-05-22,20.79,22.62,20.78,22.43,1421439.44
2024-05-23,22.22,22.26,21.69,21.93,836050.93
2024-05-24,21.9,22.36,21.8,21.81,427994.21
2024-05-27,21.8,21.81,20.94,21.38,374036.49
2024-05-28,21.26,21.56,20.94,21.06,308476.79
2024-05-29,21.56,22.59,21.56,22.04,828013.61
2024-05-30,22.68,22.95,22.23,22.56,703065.01
2024-05-31,22.57,22.71,22.05,22.05,384450.25
2024-06-03,22.01,22.35,21.82,22.12,346673.35
2024-06-04,22.11,22.18,21.8,22.11,292053.0
2024-06-05,21.98,22.13,21.81,21.84,217030.86
2024-06-06,21.86,22.12,21.11,21.22,421617.42
2024-06-07,21.24,21.37,20.6,20.87,324266.41
2024-06-11,20.84,21.13,20.57,21.06,205358.37
2024-06-12,20.99,21.12,20.74,20.97,190813.89
2024-06-13,20.97,21.04,20.61,20.73,217374.05
2024-06-14,20.91,20.97,20.28,20.97,267608.62
2024-06-17,20.8,20.99,20.46,20.88,199005.47
2024-06-18,20.77,21.09,20.66,20.84,196019.4
2024-06-19,20.76,20.8,20.3,20.55,246002.51
2024-06-20,20.42,20.5,20.09,20.32,238932.84
2024-06-21,20.48,21.21,20.46,20.92,545112.48
2024-06-24,20.83,20.9,20.36,20.36,290668.36
2024-06-25,20.3,20.44,19.54,19.69,308210.82
2024-06-26,19.68,19.92,19.21,19.89,202577.74
2024-06-27,19.61,19.68,19.35,19.45,168374.48
2024-06-28,19.45,19.58,19.05,19.11,226433.17
2024-07-01,19.0,19.23,18.59,18.84,229305.09
2024-07-02,18.71,18.77,18.27,18.28,261676.48
2024-07-03,18.28,18.45,17.68,17.92,316491.26
2024-07-04,17.92,17.97,17.3,17.38,354669.04
2024-07-05,17.33,17.88,17.15,17.68,320799.94
2024-07-08,17.55,17.59,16.63,16.73,380050.15
2024-07-09,16.74,16.78,16.24,16.42,416232.83
2024-07-10,15.8,17.04,15.79,16.78,528932.42
2024-07-11,17.0,17.79,16.9,17.25,372698.1
2024-07-12,17.19,17.6,17.12,17.37,261295.61
2024-07-15,17.3,17.59,17.2,17.51,217011.47
2024-07-16,17.45,18.11,17.29,18.08,334142.7
2024-07-17,18.25,18.52,18.06,18.06,322762.06
2024-07-18,17.91,18.1,17.65,17.98,236848.67
2024-07-19,17.95,18.41,17.77,18.31,243660.38
2024-07-22,18.2,18.59,18.19,18.45,187066.39
2024-07-23,18.4,18.53,17.98,17.99,176063.45
2024-07-24,17.9,18.08,17.45,17.5,212960.14
2024-07-25,17.56,18.08,17.46,17.68,241662.14
2024-07-26,17.68,17.9,17.49,17.81,145623.52
2024-07-29,17.8,17.9,17.56,17.57,135350.5
2024-07-30,17.55,17.71,17.42,17.57,125286.58
2024-07-31,17.51,18.27,17.25,18.13,284000.4
2024-08-01,18.18,18.25,17.85,17.89,156650.17
2024-08-02,17.82,18.01,17.77,17.85,147738.1
2024-08-05,17.8,18.81,17.77,18.27,421828.2
2024-08-06,18.58,19.13,18.55,18.83,386078.2
2024-08-07,18.73,19.18,18.63,19.07,272093.64
2024-08-08,19.0,19.24,18.82,18.95,169806.0
2024-08-09,18.96,19.05,18.63,18.67,141776.54
2024-08-12,18.95,19.12,18.61,18.67,113238.0
2024-08-13,18.61,18.83,18.38,18.57,122876.66
2024-08-14,19.01,19.45,18.5,18.87,469011.16
2024-08-15,18.49,20.19,18.4,19.8,558341.56
2024-08-16,19.58,19.96,19.15,19.18,383118.89
2024-08-19,19.18,19.22,18.82,18.93,226114.52
2024-08-20,18.86,19.06,18.4,18.61,237631.56
2024-08-21,18.6,19.05,18.43,18.75,192323.7
2024-08-22,18.83,18.86,18.21,18.24,174878.54
2024-08-23,18.24,18.5,18.08,18.32,116937.91
2024-08-26,18.4,18.82,18.08,18.19,176264.32
2024-08-27,18.03,18.48,17.77,18.02,220708.48
2024-08-28,17.96,18.25,17.85,18.04,137259.1
2024-08-29,18.0,18.98,17.86,18.83,315283.32
2024-08-30,18.7,19.42,18.57,19.01,326395.35
2024-09-02,18.86,19.19,18.2,18.21,224023.9
2024-09-03,18.29,19.18,18.06,19.0,359257.95
2024-09-04,18.97,19.52,18.93,19.2,271059.93
2024-09-05,19.2,19.43,19.01,19.37,214298.39
2024-09-06,19.39,19.39,19.07,19.11,123083.3
2024-09-09,19.06,19.35,18.85,18.96,154415.22
2024-09-10,18.82,19.19,18.61,18.69,172960.56
2024-09-11,18.57,19.2,18.52,19.01,180768.34
2024-09-12,19.01,19.73,18.88,18.89,256023.79
2024-09-13,18.97,19.0,18.56,18.6,168724.02
2024-09-18,18.55,18.66,18.29,18.31,131165.73
2024-09-19,18.39,18.97,18.18,18.56,239189.38
2024-09-20,18.53,18.56,17.58,17.81,430783.0
2024-09-23,17.81,17.83,17.39,17.43,184167.94
2024-09-24,17.6,18.18,17.39,18.18,403881.07
2024-09-25,18.39,19.02,18.33,18.34,382831.38
2024-09-26,18.32,19.44,18.21,19.44,452146.0
2024-09-27,19.78,20.8,19.7,20.76,387469.61
2024-09-30,21.8,22.84,21.45,22.83,951923.28
2024-10-08,25.11,25.11,23.21,24.38,1129018.56
2024-10-09,23.6,23.61,21.94,21.94,802260.23
2024-10-10,21.5,22.34,21.06,21.53,514763.62
2024-10-11,21.4,21.5,20.3,20.63,364946.58
2024-10-14,20.67,21.05,20.5,20.92,393696.94
2024-10-15,20.7,21.19,20.46,20.85,416908.92
2024-10-16,20.55,21.0,20.36,20.77,306611.34
2024-10-17,20.98,21.03,20.01,20.03,395110.42
2024-10-18,19.91,20.99,19.7,20.43,514095.93
2024-10-21,20.87,22.23,20.75,21.65,820899.88
2024-10-22,21.7,22.65,21.11,22.32,693914.69
2024-10-23,22.34,24.55,22.15,24.55,1511900.45
2024-10-24,24.61,26.5,24.55,25.15,2288534.84
2024-10-25,25.4,27.67,25.4,27.67,1366902.54
2024-10-28,28.98,29.36,28.0,28.8,2600424.97
2024-10-29,30.6,31.68,29.25,29.31,2236988.39
2024-10-30,28.01,30.24,28.0,28.88,1495175.25
2024-10-31,29.9,31.29,29.1,30.75,1583012.28
2024-11-01,30.18,30.79,29.2,29.73,996017.56
2024-11-04,29.7,31.2,29.44,30.4,766938.37
2024-11-05,30.3,31.12,29.4,31.12,1170799.38
2024-11-06,31.07,32.05,29.76,29.91,1127735.89
2024-11-07,28.9,29.54,27.8,29.5,1030089.27
2024-11-08,29.71,30.77,29.71,30.09,814762.51
2024-11-11,30.0,30.75,29.55,30.23,642741.28
2024-11-12,30.28,30.62,29.3,29.63,593989.51
2024-11-13,29.4,29.99,29.04,29.8,617715.84
2024-11-14,29.81,29.99,28.84,28.9,510159.18
2024-11-15,28.74,29.25,26.51,26.55,1050168.08
2024-11-18,26.4,27.5,26.1,26.74,656166.6
2024-11-19,26.97,27.7,26.58,27.41,447202.34
2024-11-20,27.28,27.5,26.7,27.0,360527.33
2024-11-21,28.5,28.59,26.76,27.15,781116.01
2024-11-22,26.85,27.05,25.99,25.99,510606.22
2024-11-25,25.68,26.55,25.67,25.99,435805.79
2024-11-26,26.5,27.5,26.27,26.31,494217.92
2024-11-27,26.15,27.16,25.96,27.01,406927.51
2024-11-28,27.0,27.76,26.8,27.02,382681.89
2024-11-29,27.0,27.94,26.92,27.45,415865.94
2024-12-02,27.0,27.55,26.4,27.54,382791.55
2024-12-03,27.8,28.1,27.55,28.0,449231.15
2024-12-04,27.95,28.23,26.66,26.86,577846.27
2024-12-05,26.71,27.21,26.69,27.17,306358.33
2024-12-06,26.96,27.15,25.28,26.01,849561.54
2024-12-09,25.7,25.99,25.5,25.74,363609.58
2024-12-10,26.46,26.49,25.2,25.26,546811.36
2024-12-11,25.21,25.5,24.81,25.26,336017.56
2024-12-12,25.26,25.6,25.06,25.25,347894.96
2024-12-13,25.1,25.11,24.0,24.07,616254.57
2024-12-16,24.09,24.25,23.31,23.59,406948.3
2024-12-17,23.59,23.81,23.46,23.5,255480.67
2024-12-18,23.52,23.73,23.37,23.47,203310.92
2024-12-19,23.21,23.3,22.9,23.13,342936.97
2024-12-20,23.2,23.29,22.43,22.66,498212.85
2024-12-23,22.6,23.59,22.44,22.91,595349.71
2024-12-24,23.65,24.26,23.47,23.86,739264.04
2024-12-25,24.3,24.42,23.43,23.74,550306.05
2024-12-26,23.71,23.71,22.35,22.39,842878.52
2024-12-27,22.25,22.53,21.92,22.05,537339.22
2024-12-30,22.06,22.8,21.7,22.6,673461.18
2024-12-31,22.5,23.09,22.09,22.11,498173.57
2025-01-02,22.16,22.7,21.82,22.09,479841.44
2025-01-03,22.3,22.6,21.21,21.29,456906.44
2025-01-06,21.3,21.85,20.95,21.14,612622.98
2025-01-07,21.08,21.4,20.91,21.12,305496.63
2025-01-08,21.05,21.38,20.71,21.15,370060.71
2025-01-09,21.15,21.59,20.76,20.9,361233.58
2025-01-10,20.9,21.02,20.05,20.05,352996.0
2025-01-13,19.98,20.42,19.82,20.18,308106.27
2025-01-14,20.3,20.82,20.05,20.71,341848.29
2025-01-15,20.66,22.37,20.26,21.54,1032340.46
2025-01-16,21.54,22.06,21.35,21.72,582488.15
2025-01-17,21.66,22.1,21.2,21.72,379742.79
2025-01-20,21.45,21.87,21.07,21.17,488947.56
2025-01-21,21.25,21.31,20.05,20.19,628535.48
2025-01-22,20.08,20.18,19.5,19.98,455400.44
2025-01-23,20.05,20.53,19.8,19.8,469368.73
2025-01-24,19.79,20.88,19.71,20.71,669392.29
2025-01-27,20.68,20.98,20.45,20.46,344477.21
2025-02-05,20.8,21.14,20.32,20.58,405077.82
2025-02-06,20.5,21.08,20.12,21.08,436886.79
2025-02-07,21.1,23.07,21.09,22.74,1096978.14
2025-02-10,22.55,22.55,21.68,22.12,755238.24
2025-02-11,22.04,22.24,21.18,21.39,561204.65
2025-02-12,21.39,21.77,21.25,21.77,412302.26
2025-02-13,21.68,21.88,21.4,21.43,345027.43
2025-02-14,21.43,21.8,21.28,21.47,356713.67
2025-02-17,21.32,21.88,21.03,21.78,519902.46
2025-02-18,21.7,21.75,20.8,20.9,526760.15
2025-02-19,20.88,21.53,20.7,21.19,532642.4
2025-02-20,21.03,21.1,20.46,20.49,506116.33
2025-02-21,20.49,20.7,20.38,20.58,504963.09
2025-02-24,20.58,21.22,20.4,20.8,507391.72
2025-02-25,20.58,21.75,20.53,21.42,922151.8
2025-02-26,21.58,22.13,21.25,22.07,847409.56
2025-02-27,21.97,21.98,21.27,21.56,507877.21
2025-02-28,21.5,21.75,21.07,21.09,463770.8
2025-03-03,21.09,21.85,21.09,21.31,567478.27
2025-03-04,21.22,21.36,20.8,21.28,382259.21
2025-03-05,21.19,21.26,20.33,20.64,554986.14
2025-03-06,20.88,21.68,20.68,21.33,626191.78
2025-03-07,21.18,21.92,20.85,21.42,553552.23
2025-03-10,21.5,21.97,21.48,21.77,507759.87
2025-03-11,21.42,22.07,21.21,22.07,468352.46
2025-03-12,22.04,22.09,21.45,21.45,481396.8
2025-03-13,21.45,21.52,20.88,21.02,327527.47
2025-03-14,21.09,21.98,21.04,21.63,725659.55
2025-03-17,21.85,22.18,21.6,21.66,388032.9
2025-03-18,21.63,21.78,21.4,21.49,384910.28
2025-03-19,21.46,21.5,21.07,21.12,428325.9
2025-03-20,21.15,21.23,20.91,21.0,312767.0
2025-03-21,20.95,21.25,20.75,20.79,375558.48
2025-03-24,20.81,20.88,20.2,20.51,340988.5
2025-03-25,20.5,20.77,20.36,20.5,305871.13
2025-03-26,20.5,21.03,20.42,20.81,449183.5
2025-03-27,20.59,20.68,20.27,20.32,375353.92
2025-03-28,20.28,20.52,19.97,19.98,324471.24
2025-03-31,19.91,19.92,19.08,19.13,511178.21
2025-04-01,19.13,19.32,18.94,19.18,291659.85
2025-04-02,19.08,19.2,18.87,18.89,254132.74
2025-04-03,18.56,19.09,18.52,18.62,295909.98
2025-04-07,17.63,17.72,16.76,16.76,606507.44
2025-04-08,16.86,17.16,16.69,17.01,571093.39
2025-04-09,16.79,17.2,16.48,17.2,558459.7
2025-04-10,17.8,17.85,17.29,17.47,465716.49
2025-04-11,17.47,17.48,17.25,17.31,335031.85
2025-04-14,17.46,17.87,17.36,17.4,476631.75
2025-04-15,17.48,17.48,17.14,17.25,260621.83
2025-04-16,17.23,17.45,16.85,17.45,310767.37
2025-04-17,17.25,17.36,17.16,17.27,221379.49
2025-04-18,17.13,17.17,16.85,16.93,254425.42
2025-04-21,16.88,17.05,16.76,17.01,208031.87
2025-04-22,16.98,17.18,16.82,16.91,222164.0
2025-04-23,17.03,17.26,16.95,17.01,232994.36
2025-04-24,17.05,17.11,16.79,16.8,222092.28
2025-04-25,16.81,16.86,16.63,16.66,310571.66
2025-04-28,16.54,16.83,16.48,16.6,266512.88
2025-04-29,16.54,16.74,16.29,16.31,287088.35
2025-04-30,16.08,16.45,16.05,16.31,345458.21
2025-05-06,16.38,16.63,16.38,16.63,327303.39
2025-05-07,16.85,16.9,16.52,16.7,290532.8
2025-05-08,16.6,16.94,16.58,16.9,294370.53
2025-05-09,16.93,16.93,16.47,16.5,269487.52
2025-05-12,16.65,17.1,16.65,17.06,468717.72
2025-05-13,17.6,18.77,17.6,18.35,1614012.11
2025-05-14,18.0,18.25,17.62,17.79,974080.93
2025-05-15,17.75,17.75,17.17,17.2,520429.75
2025-05-16,17.1,17.44,17.1,17.22,343051.24
2025-05-19,17.1,17.12,16.87,16.98,316520.35
2025-05-20,17.0,17.18,16.78,17.15,307454.05
2025-05-21,17.04,17.25,17.01,17.18,266632.2
2025-05-22,17.07,17.17,16.92,16.99,185907.61
2025-05-23,16.9,17.22,16.84,16.84,253760.13
2025-05-26,16.95,17.39,16.8,17.13,316284.89
2025-05-27,17.07,17.13,16.89,16.95,183969.61
2025-05-28,16.98,17.04,16.84,16.88,161928.38
2025-05-29,16.92,17.05,16.84,17.0,201303.5
2025-05-30,16.89,16.93,16.2,16.29,565985.8
2025-06-03,16.1,16.26,16.06,16.19,260564.15
2025-06-04,16.25,16.35,16.21,16.31,223418.47
2025-06-05,16.3,16.34,16.17,16.23,237956.76
2025-06-06,16.28,16.29,16.05,16.09,354489.23
2025-06-09,16.04,16.33,15.95,16.27,355722.14
2025-06-10,16.22,16.34,15.91,15.96,388508.25
2025-06-11,15.95,16.45,15.93,16.14,439251.45
2025-06-12,16.11,16.11,15.88,16.0,397146.42
2025-06-13,15.91,15.93,15.64,15.93,563208.44
2025-06-16,15.78,15.88,15.56,15.66,497468.75
2025-06-17,15.64,15.71,15.48,15.59,281623.75
2025-06-18,15.54,15.62,15.37,15.39,312212.17
2025-06-19,15.38,15.45,14.97,14.98,419897.68
2025-06-20,15.22,15.65,15.15,15.23,604134.26
2025-06-23,15.04,15.15,14.89,15.06,416062.02
2025-06-24,15.09,15.5,15.03,15.48,525526.81
2025-06-25,15.47,15.67,15.29,15.67,528568.0
2025-06-26,15.76,16.36,15.65,15.67,903706.82
2025-06-27,15.76,16.04,15.53,15.65,593615.86
2025-06-30,16.2,17.0,16.0,16.75,1629790.39
2025-07-01,16.47,16.58,16.11,16.18,710333.09
2025-07-02,16.5,17.8,16.5,17.8,1965794.61
2025-07-03,18.0,18.47,17.43,18.32,2135150.07
2025-07-04,18.49,18.78,17.86,18.36,1349068.44
2025-07-07,18.05,18.56,17.9,18.2,693622.57
2025-07-08,18.35,20.02,18.18,20.02,1451486.65
2025-07-09,20.0,20.87,19.84,20.27,1857371.97
2025-07-10,20.26,21.64,20.03,20.81,1995117.41
2025-07-11,20.69,20.9,20.26,20.39,1255959.8
2025-07-14,20.39,21.03,20.32,20.63,1206389.95
2025-07-15,20.39,20.91,20.03,20.16,1179805.86
2025-07-16,19.95,20.84,19.51,20.63,1358052.05
2025-07-17,20.85,21.11,20.15,20.79,1317081.34
2025-07-18,21.0,21.49,20.31,20.36,962595.74
2025-07-21,20.34,20.8,20.17,20.53,749156.43
2025-07-22,20.5,22.0,20.38,21.67,1639087.04
2025-07-23,22.1,22.87,21.01,21.18,1859713.37
2025-07-24,20.75,22.15,20.65,21.87,1379755.8
2025-07-25,21.67,21.8,21.05,21.13,906140.46
2025-07-28,20.7,21.04,20.41,20.6,779172.29
2025-07-29,20.81,21.35,20.6,21.31,879340.86
2025-07-30,21.26,22.6,21.18,21.85,1394158.52
2025-07-31,21.35,21.38,20.01,20.43,1526097.97
2025-08-01,20.12,21.35,20.0,20.58,1051816.03
2025-08-04,20.15,20.26,19.65,20.07,797706.89
2025-08-05,20.11,20.58,19.96,20.55,600413.03
2025-08-06,20.58,20.65,20.28,20.42,490312.57
2025-08-07,20.38,20.5,19.96,20.14,580499.47
2025-08-08,20.0,20.54,19.94,20.15,616724.4
2025-08-11,20.29,21.04,20.23,20.88,827024.24
2025-08-12,20.75,20.75,20.14,20.36,702519.1
2025-08-13,20.29,20.42,20.1,20.18,604544.16
2025-08-14,20.09,20.13,19.51,19.56,830682.15
2025-08-15,19.48,21.17,19.42,20.81,1522727.25
2025-08-18,20.99,21.08,20.66,20.79,1125075.33
2025-08-19,20.79,21.06,20.56,20.61,727552.77
2025-08-20,21.15,21.3,20.18,20.77,1093443.3
2025-08-21,20.61,21.11,20.54,20.66,968547.71
2025-08-22,20.5,21.13,20.44,21.03,1005605.34
2025-08-25,21.3,22.0,21.27,21.57,1410005.9
2025-08-26,21.55,22.06,21.25,21.32,870980.64
2025-08-27,21.34,21.9,20.84,20.9,930698.2
2025-08-28,20.71,22.0,20.7,21.53,1193095.01
2025-08-29,21.56,22.25,21.32,22.03,1326680.49
2025-09-01,21.81,22.79,21.22,22.58,1527394.19
2025-09-02,22.62,23.2,21.69,21.9,1528641.47
2025-09-03,21.9,22.39,21.53,21.98,1122931.88
2025-09-04,21.99,23.5,21.99,22.97,2169592.29
2025-09-05,22.9,24.5,22.77,24.39,2133519.8
2025-09-08,24.4,24.41,23.5,24.08,1627425.64
2025-09-09,23.84,24.14,23.37,23.68,1044005.22
2025-09-10,23.06,23.06,22.08,22.26,1348086.58
2025-09-11,22.11,22.49,22.02,22.44,773318.23
2025-09-12,22.49,22.64,22.06,22.23,771037.03
2025-09-15,22.05,22.59,22.05,22.16,712123.81
2025-09-16,22.59,23.0,22.18,22.39,707648.37
2025-09-17,22.58,23.29,22.58,22.99,1153805.24
2025-09-18,22.99,23.07,21.85,22.1,1056010.65
2025-09-19,22.19,22.29,21.8,21.83,546963.45
2025-09-22,21.8,21.83,21.03,21.28,622313.19
2025-09-23,21.07,21.36,20.31,20.77,704453.01
2025-09-24,20.61,21.79,20.51,21.74,773425.5
2025-09-25,21.64,22.42,21.5,21.97,847409.26
2025-09-26,21.97,22.17,21.68,21.74,434305.17
2025-09-29,21.51,22.25,21.5,21.89,570405.05
2025-09-30,21.85,22.49,21.57,22.29,652747.79
2025-10-09,22.46,22.98,22.02,22.7,756362.36
2025-10-10,22.72,22.9,21.67,21.79,720235.59
2025-10-13,20.7,21.97,20.63,21.9,741527.25
2025-10-14,21.89,23.99,21.83,23.12,1999015.97
2025-10-15,23.12,24.9,23.01,24.37,1784519.51
2025-10-16,24.0,24.99,23.9,24.84,1289775.81
2025-10-17,24.8,25.24,23.5,23.6,1176763.86
2025-10-20,23.98,23.98,22.85,23.03,713144.24
2025-10-21,23.1,23.56,22.67,23.08,679172.1
2025-10-22,22.93,23.07,22.38,22.47,510366.04
2025-10-23,22.31,22.95,21.61,22.87,761180.32
2025-10-24,22.8,23.04,22.0,22.21,1112895.75
2025-10-27,22.6,23.42,22.51,22.93,1125976.57
2025-10-28,23.11,23.37,22.52,22.61,666175.37
2025-10-29,22.4,24.87,22.4,24.87,1832104.0
2025-10-30,24.96,25.68,24.61,24.78,1671282.26
2025-10-31,24.58,26.02,24.57,24.78,1054482.71
2025-11-03,25.0,25.46,24.51,25.21,1186039.06
2025-11-04,25.19,25.27,24.06,24.3,871891.02
2025-11-05,23.82,25.1,23.6,24.4,1096226.31
2025-11-06,24.4,25.5,24.08,24.96,1270078.74
2025-11-07,24.8,27.46,24.75,26.65,3061780.29
2025-11-10,27.2,27.67,26.41,27.16,2305941.52
2025-11-11,26.9,27.75,26.55,26.72,1421805.95
2025-11-12,26.45,26.6,24.05,25.1,2294304.68
2025-11-13,25.09,26.3,25.09,25.62,1625222.65
2025-11-14,25.17,27.2,24.84,25.76,1468066.54
2025-11-17,25.46,25.59,24.59,25.22,1086178.23
2025-11-18,25.08,25.68,24.63,24.88,625322.38
2025-11-19,24.83,25.96,24.2,25.91,1149843.33
2025-11-20,25.6,25.66,24.4,24.59,1019435.97
2025-11-21,24.0,24.0,22.9,22.97,858438.54
2025-11-24,23.13,23.3,22.22,22.72,631644.14
2025-11-25,22.94,23.19,22.71,22.73,542189.47
2025-11-26,23.4,23.65,22.77,22.86,540524.95
2025-11-27,22.86,23.69,22.74,23.0,654011.32
2025-11-28,22.8,23.27,22.56,22.88,459398.02
