date,open,high,low,close,volume
2010-01-04,4.57,4.82,4.57,4.64,59982.8
2010-01-05,4.67,4.93,4.6,4.92,91198.96
2010-01-06,4.94,5.01,4.8,4.9,39310.64
2010-01-07,4.9,4.9,4.69,4.77,56746.26
2010-01-08,4.75,4.82,4.63,4.76,54950.96
2010-01-11,5.13,5.15,4.78,4.91,157620.13
2010-01-12,4.85,4.96,4.58,4.72,122361.29
2010-01-13,4.58,4.86,4.53,4.8,94825.0
2010-01-14,4.8,5.01,4.73,4.92,128790.11
2010-01-15,4.92,5.25,4.92,5.18,126766.49
2010-01-18,5.19,5.23,5.01,5.16,43015.13
2010-01-19,5.17,5.25,5.04,5.2,63082.02
2010-01-20,5.19,5.19,4.87,4.93,36786.88
2010-01-21,4.8,4.98,4.8,4.9,36018.9
2010-01-22,4.82,4.89,4.54,4.7,38923.59
2010-01-25,4.71,4.75,4.6,4.7,24584.57
2010-01-26,4.67,4.71,4.32,4.36,36197.44
2010-01-27,4.4,4.56,4.22,4.49,54703.16
2010-01-28,4.47,4.8,4.47,4.72,33144.48
2010-01-29,4.71,4.8,4.61,4.72,66542.95
2010-02-01,4.72,4.77,4.58,4.71,18425.12
2010-02-02,4.71,4.93,4.66,4.84,47538.59
2010-02-03,4.8,4.89,4.56,4.84,31219.74
2010-02-04,4.83,4.84,4.65,4.76,19019.09
2010-02-05,4.6,4.71,4.48,4.5,16281.9
2010-02-09,4.45,4.59,4.38,4.5,18115.95
2010-02-10,4.51,4.64,4.36,4.63,50258.07
2010-02-11,4.63,4.69,4.55,4.68,11207.79
2010-02-12,4.68,4.76,4.61,4.75,11404.72
2010-02-22,4.75,4.87,4.64,4.82,13847.22
2010-02-23,4.82,4.82,4.64,4.73,11944.11
2010-02-24,4.72,4.89,4.65,4.89,17769.68
2010-02-25,4.86,4.99,4.84,4.97,17615.8
2010-02-26,4.97,5.02,4.9,4.94,16241.78
2010-03-01,4.94,4.96,4.84,4.89,15829.36
2010-03-02,4.94,5.03,4.89,4.99,24534.95
2010-03-03,4.99,5.47,4.98,5.21,26380.59
2010-03-04,5.16,5.42,5.01,5.08,31125.32
2010-03-05,5.01,5.15,5.0,5.06,12194.56
2010-03-08,5.06,5.12,5.01,5.1,7220.08
2010-03-09,5.12,5.14,5.01,5.06,6452.26
2010-03-10,5.04,5.13,4.84,4.93,17113.03
2010-03-11,4.94,4.96,4.75,4.91,16286.7
2010-03-12,4.81,4.92,4.81,4.85,14266.06
2010-03-15,4.86,4.86,4.75,4.79,15660.39
2010-03-16,4.8,4.82,4.76,4.81,4254.25
2010-03-17,4.81,5.04,4.77,4.9,21052.34
2010-03-18,4.91,5.04,4.91,5.0,17053.82
2010-03-19,4.99,5.03,4.97,5.01,10787.45
2010-03-22,5.04,5.16,5.01,5.14,25244.83
2010-03-23,5.16,5.2,5.0,5.01,13777.25
2010-03-24,5.06,5.07,4.95,5.06,17981.19
2010-03-25,5.01,5.08,4.97,5.06,10085.15
2010-03-26,5.05,5.14,5.01,5.12,26400.65
2010-03-29,5.17,5.2,5.02,5.05,19013.39
2010-03-30,5.08,5.08,4.98,5.03,25385.14
2010-03-31,5.01,5.08,4.95,5.08,30288.16
2010-04-01,5.07,5.31,5.03,5.3,46242.71
2010-04-02,5.28,5.28,5.12,5.23,47084.5
2010-04-06,5.21,5.23,5.07,5.17,26074.5
2010-04-07,5.16,5.23,5.12,5.23,21668.8
2010-04-08,5.17,5.35,5.14,5.33,34766.13
2010-04-09,5.33,5.79,5.28,5.7,49446.89
2010-04-12,5.75,5.91,5.69,5.84,47993.65
2010-04-13,5.84,5.95,5.56,5.79,51790.03
2010-04-14,5.79,5.84,5.7,5.81,11511.28
2010-04-15,5.8,5.93,5.67,5.69,16142.04
2010-04-16,5.82,5.82,5.56,5.58,19473.49
2010-04-19,5.56,5.64,5.26,5.41,18840.42
2010-04-20,5.51,5.7,5.24,5.62,13944.95
2010-04-21,5.64,5.99,5.62,5.85,35825.48
2010-04-23,5.85,6.09,5.78,6.08,28769.32
2010-04-26,6.08,6.12,5.89,6.06,14299.77
2010-04-27,6.01,6.06,5.73,6.0,14426.78
2010-04-28,5.91,5.92,5.47,5.65,23702.73
2010-04-29,5.69,5.77,5.45,5.62,19261.36
2010-04-30,5.63,5.63,5.18,5.35,22457.37
2010-05-04,5.25,5.34,5.21,5.29,22618.73
2010-05-05,5.24,5.37,5.18,5.36,26473.82
2010-05-06,5.34,5.39,4.97,5.06,30285.79
2010-05-07,4.94,5.01,4.8,4.95,21178.76
2010-05-10,4.95,5.16,4.76,4.85,22880.62
2010-05-11,4.91,5.02,4.5,4.57,37587.89
2010-05-12,4.47,4.69,4.32,4.49,33430.76
2010-05-13,4.53,4.67,4.37,4.62,14640.77
2010-05-14,4.59,4.81,4.53,4.71,18831.3
2010-05-17,4.65,4.65,4.34,4.43,39858.77
2010-05-18,4.42,4.54,4.28,4.39,20652.83
2010-05-19,4.39,4.65,4.31,4.58,25769.36
2010-05-20,4.54,4.71,4.48,4.56,40666.31
2010-05-21,4.4,4.65,4.4,4.63,27369.33
2010-05-24,4.63,4.86,4.59,4.81,28899.19
2010-05-25,4.8,4.81,4.65,4.75,22539.17
2010-05-26,4.74,4.8,4.7,4.73,10519.11
2010-05-27,4.71,4.86,4.68,4.82,11658.87
2010-05-28,4.82,5.04,4.82,4.98,31277.82
2010-05-31,4.97,5.04,4.86,4.97,18148.78
2010-06-01,4.86,4.97,4.71,4.87,24662.89
2010-06-02,4.82,5.05,4.58,4.9,28732.91
2010-06-03,4.88,5.04,4.82,4.83,14997.66
2010-06-04,4.74,4.86,4.62,4.76,27733.11
2010-06-07,4.61,4.88,4.61,4.87,40227.06
2010-06-08,4.86,4.92,4.77,4.85,18111.55
2010-06-09,4.89,5.01,4.86,5.0,22798.42
2010-06-10,4.98,5.14,4.95,5.11,24803.94
2010-06-11,5.19,5.23,5.12,5.13,24463.04
2010-06-17,5.16,5.22,4.95,4.98,12161.8
2010-06-18,4.9,5.01,4.62,4.77,27319.62
2010-06-21,4.67,4.83,4.67,4.81,14594.6
2010-06-22,4.81,4.92,4.71,4.74,12837.25
2010-06-23,4.8,4.92,4.78,4.85,17244.14
2010-06-24,4.79,4.92,4.79,4.86,13586.33
2010-06-25,4.78,4.88,4.72,4.73,18991.96
2010-06-28,4.73,4.78,4.63,4.66,14845.96
2010-06-29,4.65,4.69,4.48,4.51,21547.2
2010-06-30,4.51,4.62,4.44,4.59,35579.91
2010-07-01,4.61,4.68,4.5,4.54,13005.59
2010-07-02,4.6,4.6,4.09,4.34,28089.25
2010-07-05,4.3,4.4,3.91,4.11,63685.94
2010-07-06,3.97,4.13,3.86,4.08,47711.46
2010-07-07,4.07,4.07,3.91,4.04,36632.99
2010-07-08,4.03,4.04,3.81,3.88,77509.98
2010-07-09,3.89,4.13,3.78,4.13,152291.07
2010-07-12,4.1,4.54,4.04,4.37,92047.83
2010-07-13,4.28,4.32,4.22,4.26,66202.74
2010-07-14,4.27,4.37,4.22,4.24,38314.75
2010-07-15,4.24,4.32,4.04,4.07,31468.12
2010-07-16,4.06,4.16,3.97,4.09,29043.73
2010-07-19,4.03,4.25,3.98,4.2,28257.21
2010-07-20,4.18,4.45,4.18,4.33,65179.93
2010-07-21,4.31,4.4,4.3,4.33,35486.15
2010-07-22,4.32,4.43,4.27,4.41,35701.66
2010-07-23,4.42,4.6,4.42,4.56,67280.55
2010-07-26,4.54,4.65,4.45,4.6,45807.98
2010-07-27,4.6,4.66,4.54,4.56,32584.69
2010-07-28,4.58,4.69,4.52,4.61,35008.76
2010-07-29,4.62,4.8,4.61,4.8,44863.61
2010-07-30,4.75,4.95,4.67,4.88,58917.09
2010-08-02,4.88,4.98,4.83,4.89,33869.29
2010-08-03,4.9,4.96,4.74,4.74,37875.18
2010-08-04,4.71,4.77,4.52,4.71,58199.31
2010-08-05,4.67,4.72,4.58,4.66,60201.33
2010-08-06,4.66,4.77,4.54,4.75,65901.24
2010-08-09,4.73,4.81,4.68,4.78,50236.4
2010-08-10,4.76,4.78,4.55,4.56,46145.02
2010-08-11,4.56,4.6,4.46,4.58,66000.41
2010-08-12,4.52,4.67,4.46,4.59,52710.88
2010-08-13,4.54,4.61,4.49,4.56,35582.67
2010-08-16,4.55,4.7,4.53,4.66,38363.76
2010-08-17,4.66,4.81,4.66,4.69,39461.45
2010-08-18,4.69,4.81,4.66,4.8,47784.4
2010-08-19,4.79,4.83,4.67,4.69,52519.5
2010-08-20,4.68,4.68,4.53,4.54,39055.44
2010-08-23,4.52,4.67,4.48,4.58,28615.54
2010-08-24,4.58,4.66,4.49,4.59,38365.31
2010-08-25,4.56,4.6,4.47,4.48,36267.57
2010-08-26,4.51,4.54,4.5,4.5,14127.4
2010-08-27,4.53,4.56,4.46,4.51,26381.87
2010-08-30,4.52,4.62,4.48,4.56,71356.5
2010-08-31,4.59,4.59,4.42,4.46,81214.36
2010-09-01,4.46,4.69,4.43,4.68,155211.16
2010-09-02,4.71,4.88,4.65,4.86,158343.35
2010-09-03,4.86,4.98,4.74,4.85,105418.05
2010-09-06,4.85,4.94,4.71,4.77,95813.82
2010-09-07,4.77,4.82,4.71,4.77,72246.13
2010-09-08,4.77,4.86,4.72,4.78,85173.48
2010-09-09,4.8,5.03,4.77,4.98,222936.8
2010-09-10,4.95,4.99,4.83,4.98,151382.99
2010-09-13,4.97,5.25,4.96,5.19,184169.77
2010-09-14,5.25,5.47,5.23,5.3,167995.26
2010-09-15,5.27,5.38,5.17,5.19,80782.64
2010-09-16,5.19,5.24,4.86,5.05,94579.84
2010-09-17,5.09,5.2,5.0,5.09,62090.39
2010-09-20,5.08,5.21,4.89,4.94,58444.62
2010-09-21,4.97,4.98,4.83,4.89,47797.49
2010-09-27,4.89,5.11,4.87,5.11,59430.59
2010-09-28,5.12,5.15,5.02,5.1,48872.38
2010-09-29,5.11,5.11,4.91,4.92,55395.08
2010-09-30,4.9,5.01,4.82,4.98,57767.86
2010-10-08,4.99,5.09,4.89,5.06,59514.16
2010-10-11,5.09,5.14,4.82,4.89,121874.03
2010-10-12,4.9,4.9,4.73,4.8,130068.59
2010-10-13,4.78,4.88,4.77,4.88,104445.08
2010-10-14,4.88,4.96,4.59,4.68,120382.32
2010-10-15,4.65,4.65,4.46,4.5,107024.49
2010-10-18,4.46,4.52,4.17,4.28,135163.86
2010-10-19,4.28,4.7,4.24,4.58,136844.84
2010-10-20,4.55,4.68,4.37,4.52,77642.86
2010-10-21,4.54,4.71,4.54,4.61,110257.14
2010-10-22,4.61,4.93,4.61,4.77,116632.88
2010-10-25,4.83,5.04,4.83,5.0,157391.22
2010-10-26,5.0,5.13,4.93,5.07,120586.55
2010-10-27,5.05,5.58,5.02,5.58,207241.3
2010-10-28,5.6,6.02,5.45,5.82,196565.5
2010-10-29,5.69,6.06,5.66,5.87,130116.83
2010-11-01,5.87,5.95,5.64,5.86,110707.36
2010-11-02,5.78,5.83,5.58,5.6,77287.44
2010-11-03,5.53,5.64,5.41,5.49,69169.05
2010-11-04,5.5,5.91,5.5,5.81,115357.5
2010-11-05,5.81,6.0,5.78,5.91,112209.14
2010-11-08,5.88,6.5,5.88,6.47,161794.85
2010-11-09,6.39,6.84,6.33,6.81,185135.78
2010-11-10,6.74,6.8,6.46,6.72,110703.72
2010-11-11,6.69,7.06,6.51,6.7,112387.92
2010-11-12,6.51,6.79,6.04,6.25,105525.48
2010-11-15,6.25,6.87,6.22,6.62,104723.37
2010-11-16,6.73,6.85,6.32,6.61,113966.42
2010-11-17,6.42,6.6,5.95,6.14,116392.11
2010-11-18,6.16,6.45,6.16,6.31,55124.94
2010-11-19,6.36,6.94,6.27,6.94,117221.47
2010-11-23,7.06,7.27,6.67,6.8,128226.53
2010-11-24,6.73,7.09,6.73,6.96,54363.94
2010-11-25,6.97,7.24,6.85,6.91,62474.02
2010-11-26,6.91,6.99,6.67,6.91,28153.84
2010-11-29,6.91,7.05,6.69,6.92,52583.33
2010-11-30,6.82,6.93,6.39,6.61,48872.92
2010-12-01,6.53,6.73,6.42,6.57,27958.09
2010-12-02,6.72,6.76,6.3,6.35,56743.89
2010-12-03,6.27,6.41,6.13,6.24,31182.26
2010-12-06,6.23,6.35,5.96,6.08,87272.51
2010-12-07,6.11,6.39,6.08,6.34,37849.54
2010-12-08,6.34,6.59,6.27,6.46,27947.92
2010-12-09,6.16,6.77,6.15,6.73,59948.47
2010-12-10,6.65,6.87,6.6,6.79,43171.75
2010-12-13,6.79,6.99,6.73,6.88,41535.2
2010-12-14,6.92,6.93,6.61,6.66,46169.51
2010-12-15,6.64,6.69,6.42,6.66,48208.77
2010-12-16,6.66,6.71,6.54,6.6,23860.63
2010-12-17,6.61,6.61,6.37,6.44,37339.34
2010-12-20,6.45,6.48,6.26,6.41,30714.59
2010-12-21,6.32,6.94,6.32,6.89,63187.73
2010-12-22,6.88,6.91,6.62,6.7,26124.71
2010-12-23,6.56,6.73,6.39,6.43,33295.82
2010-12-24,6.42,6.42,6.21,6.28,43149.64
2010-12-27,6.28,6.4,5.99,6.07,28953.58
2010-12-28,6.07,6.07,5.74,5.87,34893.38
2010-12-29,5.87,5.94,5.77,5.93,21622.3
2010-12-30,5.95,5.95,5.78,5.86,30836.97
2010-12-31,5.9,6.28,5.86,6.19,43815.1
2011-01-04,6.21,6.27,6.1,6.2,66538.61
2011-01-05,6.15,6.19,6.06,6.09,28065.27
2011-01-06,6.09,6.1,5.9,6.03,22159.42
2011-01-07,6.03,6.09,5.91,6.09,24984.92
2011-01-10,6.08,6.09,5.77,5.8,35515.12
2011-01-11,5.8,5.83,5.5,5.6,38564.67
2011-01-12,5.6,5.61,5.49,5.6,18764.9
2011-01-13,5.81,5.81,5.49,5.51,18931.47
2011-01-14,5.48,5.55,5.34,5.39,21558.95
2011-01-17,5.38,5.38,4.98,5.05,72467.06
2011-01-18,5.19,5.26,5.02,5.13,51299.72
2011-01-19,5.13,5.31,5.13,5.24,17193.93
2011-01-20,5.28,5.28,5.08,5.23,27930.02
2011-01-21,5.16,5.21,5.04,5.17,35019.18
2011-01-24,5.18,5.18,4.95,4.98,16667.57
2011-01-25,4.97,5.09,4.95,5.02,13403.56
2011-01-26,4.95,5.2,4.95,5.16,34285.3
2011-01-27,5.11,5.35,5.05,5.31,22757.59
2011-01-28,5.29,5.64,5.24,5.45,20151.51
2011-01-31,5.45,5.51,5.35,5.5,9688.48
2011-02-01,5.43,5.5,5.37,5.47,9165.61
2011-02-09,5.36,5.51,5.36,5.47,11719.83
2011-02-10,5.51,5.59,5.41,5.57,28111.16
2011-02-11,5.6,5.69,5.51,5.65,53591.65
2011-02-14,5.65,5.91,5.6,5.86,49551.76
2011-02-15,5.9,5.93,5.75,5.82,37632.88
2011-02-16,5.78,5.87,5.74,5.86,24052.16
2011-02-17,5.87,5.9,5.65,5.75,23890.67
2011-02-18,5.75,5.77,5.54,5.58,22978.55
2011-02-21,5.52,5.87,5.52,5.86,41898.56
2011-02-22,5.87,5.89,5.65,5.69,30587.38
2011-02-23,5.66,5.79,5.6,5.77,26471.85
2011-02-24,5.75,5.79,5.65,5.69,28906.28
2011-02-25,5.72,6.0,5.69,5.87,33021.68
2011-02-28,5.81,5.86,5.72,5.76,44319.95
2011-03-01,5.77,5.8,5.62,5.63,66937.48
2011-03-02,5.62,5.62,5.5,5.54,42029.35
2011-03-03,5.56,5.56,5.31,5.37,80732.22
2011-03-04,5.34,5.46,5.23,5.42,63291.34
2011-03-07,5.42,5.46,5.29,5.38,77652.77
2011-03-08,5.39,5.43,5.33,5.41,56788.51
2011-03-09,5.43,5.43,5.35,5.42,48565.16
2011-03-10,5.42,5.53,5.39,5.46,40767.63
2011-03-11,5.44,5.46,5.26,5.29,44824.84
2011-03-14,5.27,5.35,5.11,5.35,106741.74
2011-03-15,5.29,5.35,5.1,5.29,40150.37
2011-03-16,5.29,5.29,5.11,5.17,114138.53
2011-03-17,5.15,5.15,4.86,4.91,150867.59
2011-03-18,4.93,5.02,4.89,4.98,74305.08
2011-03-21,4.95,5.03,4.92,4.96,50172.14
2011-03-22,4.95,5.16,4.95,5.14,73355.68
2011-03-23,5.16,5.2,5.06,5.1,101641.21
2011-03-24,5.1,5.13,5.06,5.1,28859.34
2011-03-25,5.11,5.17,5.08,5.13,37291.82
2011-03-28,5.13,5.14,4.95,4.97,71687.76
2011-03-29,4.96,5.01,4.8,4.91,41014.98
2011-03-30,4.91,4.95,4.86,4.91,14502.42
2011-03-31,4.89,4.94,4.83,4.85,16248.01
2011-04-01,4.86,4.89,4.8,4.87,18904.72
2011-04-06,4.87,4.87,4.62,4.67,63149.78
2011-04-07,4.67,4.67,4.54,4.62,58577.54
2011-04-08,4.6,4.69,4.59,4.68,52008.99
2011-04-11,4.71,4.71,4.61,4.62,31424.64
2011-04-13,4.63,4.84,4.59,4.77,74691.39
2011-04-14,4.76,4.86,4.72,4.75,54475.78
2011-04-15,4.74,4.74,4.59,4.66,41157.79
2011-04-18,4.66,4.68,4.61,4.62,30015.86
2011-04-19,4.62,4.65,4.48,4.62,41047.79
2011-04-20,4.61,4.75,4.61,4.72,46500.62
2011-04-21,4.73,4.83,4.7,4.83,50391.74
2011-04-22,4.88,4.88,4.77,4.8,37020.53
2011-04-25,4.8,4.83,4.65,4.66,24469.53
2011-04-26,4.65,4.73,4.61,4.72,22382.88
2011-04-27,4.71,4.8,4.71,4.76,25978.8
2011-04-28,4.76,4.86,4.6,4.61,43857.65
2011-04-29,4.61,4.65,4.46,4.59,29495.17
2011-05-03,4.59,4.64,4.55,4.62,12728.17
2011-05-04,4.59,4.72,4.57,4.65,21939.78
2011-05-05,4.6,4.79,4.6,4.73,33813.84
2011-05-06,4.73,4.8,4.65,4.76,40399.97
2011-05-09,4.8,4.83,4.74,4.79,25072.89
2011-05-10,4.79,4.8,4.7,4.77,20305.73
2011-05-11,4.75,4.84,4.65,4.83,35790.09
2011-05-12,4.82,4.83,4.71,4.71,30857.5
2011-05-13,4.71,4.72,4.57,4.63,34977.67
2011-05-16,4.61,4.7,4.57,4.6,20025.31
2011-05-17,4.57,4.67,4.57,4.65,9268.56
2011-05-18,4.65,4.68,4.51,4.52,41536.64
2011-05-19,4.53,4.57,4.51,4.54,19303.54
2011-05-20,4.53,4.61,4.51,4.56,16289.38
2011-05-23,4.51,4.56,4.39,4.4,25397.62
2011-05-24,4.4,4.43,4.36,4.41,8676.22
2011-05-25,4.4,4.48,4.38,4.44,13431.92
2011-05-26,4.44,4.49,4.33,4.35,22886.54
2011-05-27,4.31,4.36,4.21,4.27,43197.47
2011-05-30,4.27,4.36,4.21,4.27,21382.33
2011-05-31,4.28,4.34,4.24,4.33,13786.04
2011-06-01,4.33,4.35,4.28,4.34,22044.89
2011-06-02,4.31,4.33,4.23,4.27,14622.12
2011-06-03,4.26,4.35,4.25,4.27,17332.31
2011-06-07,4.28,4.36,4.23,4.36,13912.97
2011-06-08,4.35,4.35,4.26,4.3,24399.49
2011-06-09,4.31,4.38,4.3,4.31,18135.97
2011-06-10,4.29,4.38,4.27,4.37,20681.29
2011-06-13,4.36,4.36,4.29,4.34,12555.6
2011-06-14,4.35,4.38,4.32,4.35,10731.46
2011-06-15,4.33,4.38,4.3,4.32,10595.28
2011-06-16,4.3,4.3,4.14,4.15,23999.66
2011-06-17,4.14,4.17,3.93,4.0,17034.97
2011-06-20,3.97,4.03,3.96,3.97,5412.0
2011-06-21,3.99,4.08,3.93,4.07,20342.98
2011-06-22,4.05,4.19,4.02,4.15,15643.9
2011-06-23,4.12,4.24,4.11,4.22,16913.4
2011-06-24,4.2,4.39,4.17,4.35,30669.55
2011-06-27,4.38,4.39,4.29,4.32,25625.83
2011-06-28,4.32,4.36,4.26,4.31,15368.34
2011-06-29,4.31,4.43,4.3,4.34,28163.49
2011-06-30,4.35,4.58,4.33,4.55,69277.61
2011-07-01,4.54,4.54,4.46,4.46,20630.35
2011-07-04,4.46,4.57,4.43,4.49,35694.47
2011-07-05,4.5,4.54,4.46,4.5,22646.37
2011-07-06,4.5,4.5,4.39,4.48,48256.76
2011-07-07,4.45,4.7,4.44,4.55,71318.39
2011-07-08,4.55,4.63,4.55,4.61,21517.49
2011-07-11,4.57,4.7,4.51,4.68,25083.04
2011-07-12,4.63,4.68,4.53,4.57,13134.27
2011-07-13,4.54,4.58,4.53,4.57,21480.97
2011-07-14,4.57,4.6,4.53,4.54,15183.0
2011-07-15,4.52,4.57,4.45,4.47,51683.96
2011-07-18,4.48,4.58,4.46,4.5,44296.65
2011-07-19,4.45,4.53,4.38,4.44,29474.6
2011-07-20,4.44,4.46,4.34,4.41,37983.81
2011-07-21,4.4,4.67,4.26,4.32,35134.48
2011-07-22,4.3,4.38,4.26,4.27,17283.09
2011-07-25,4.27,4.31,4.09,4.13,28174.36
2011-07-26,4.07,4.26,4.07,4.18,29340.89
2011-07-27,4.17,4.28,4.15,4.26,25942.68
2011-07-28,4.22,4.38,4.2,4.31,24984.99
2011-07-29,4.36,4.43,4.27,4.28,37482.79
2011-08-01,4.21,4.32,4.21,4.24,17516.81
2011-08-02,4.22,4.27,4.17,4.26,15142.74
2011-08-03,4.23,4.31,4.2,4.29,8886.25
2011-08-04,4.3,4.34,4.27,4.3,8331.1
2011-08-05,4.2,4.25,4.15,4.21,16051.2
2011-08-08,4.11,4.37,4.07,4.36,58754.79
2011-08-09,4.28,4.66,4.23,4.63,136196.88
2011-08-10,4.65,4.79,4.56,4.76,94128.27
2011-08-11,4.66,4.87,4.62,4.84,70214.41
2011-08-12,4.85,5.05,4.79,5.0,103244.19
2011-08-15,4.97,5.02,4.83,4.88,78525.2
2011-08-16,4.87,4.89,4.77,4.84,37589.53
2011-08-17,4.84,4.9,4.76,4.85,41763.98
2011-08-18,4.83,4.91,4.79,4.87,45659.9
2011-08-19,4.83,4.96,4.76,4.96,59679.18
2011-08-22,4.97,5.14,4.82,4.91,91973.05
2011-08-23,4.85,4.96,4.76,4.95,34532.08
2011-08-24,4.95,5.0,4.84,4.91,26797.4
2011-08-25,4.9,4.98,4.84,4.94,24404.27
2011-08-26,4.94,5.0,4.9,4.92,26522.99
2011-08-29,4.9,4.9,4.73,4.82,26732.77
2011-08-30,4.8,4.84,4.76,4.77,15550.63
2011-08-31,4.76,4.76,4.61,4.67,19226.17
2011-09-01,4.67,4.73,4.61,4.66,11946.25
2011-09-02,4.66,4.72,4.63,4.69,13226.45
2011-09-05,4.68,4.69,4.46,4.48,17498.45
2011-09-06,4.46,4.53,4.38,4.43,12077.71
2011-09-07,4.48,4.55,4.43,4.54,8487.01
2011-09-08,4.57,4.69,4.54,4.62,22585.87
2011-09-09,4.6,4.76,4.6,4.75,47084.7
2011-09-13,4.69,4.79,4.61,4.69,25386.99
2011-09-14,4.69,4.82,4.63,4.79,45398.1
2011-09-15,4.76,4.78,4.64,4.66,20460.03
2011-09-16,4.66,4.7,4.64,4.66,12071.6
2011-09-19,4.62,4.66,4.47,4.48,30766.68
2011-09-20,4.48,4.53,4.3,4.47,34893.76
2011-09-21,4.48,4.61,4.46,4.55,18916.77
2011-09-22,4.55,4.55,4.44,4.45,6134.2
2011-09-23,4.36,4.5,4.32,4.49,8103.31
2011-09-26,4.39,4.48,4.23,4.33,17104.25
2011-09-27,4.29,4.38,4.29,4.34,12128.12
2011-09-28,4.34,4.37,4.2,4.22,18204.85
2011-09-29,4.18,4.23,4.08,4.1,18715.64
2011-09-30,4.15,4.26,4.06,4.22,14844.48
2011-10-10,4.29,4.29,4.16,4.22,4169.64
2011-10-11,4.26,4.3,4.12,4.19,4920.06
2011-10-12,4.19,4.33,4.11,4.29,18775.02
2011-10-13,4.29,4.33,4.23,4.26,16623.26
2011-10-14,4.26,4.28,4.22,4.25,4939.46
2011-10-17,4.26,4.29,4.17,4.24,10361.87
2011-10-18,4.24,4.25,4.05,4.06,23976.57
2011-10-19,4.08,4.11,3.93,3.95,20024.99
2011-10-20,3.95,3.97,3.67,3.72,22266.35
2011-10-21,3.74,3.77,3.62,3.75,41107.49
2011-10-24,3.76,3.92,3.71,3.9,42256.22
2011-10-25,3.99,4.03,3.89,3.98,62517.15
2011-10-26,3.92,4.07,3.9,3.92,33196.22
2011-10-27,3.92,3.97,3.77,3.79,16899.38
2011-10-28,3.84,4.13,3.68,4.08,173541.19
2011-10-31,4.02,4.16,3.99,4.12,106612.03
2011-11-01,4.05,4.33,4.05,4.26,77675.7
2011-11-02,4.15,4.44,4.14,4.34,66122.06
2011-11-03,4.4,4.61,4.33,4.38,113410.75
2011-11-04,4.39,4.42,4.27,4.3,43763.06
2011-11-07,4.29,4.42,4.26,4.28,31253.03
2011-11-08,4.3,4.38,4.15,4.23,26182.91
2011-11-09,4.2,4.38,4.2,4.34,40097.1
2011-11-10,4.3,4.4,4.27,4.3,25034.71
2011-11-11,4.3,4.35,4.22,4.25,19962.43
2011-11-14,4.29,4.47,4.25,4.41,29617.51
2011-11-15,4.43,4.43,4.29,4.35,25220.17
2011-11-16,4.35,4.42,4.23,4.26,25758.3
2011-11-17,4.24,4.3,4.21,4.25,13215.48
2011-11-18,4.23,4.25,4.14,4.15,14176.47
2011-11-21,4.09,4.16,4.04,4.1,16082.84
2011-11-22,4.08,4.13,3.95,3.98,21522.05
2011-11-23,4.01,4.14,3.88,4.06,23374.77
2011-11-24,4.01,4.09,3.96,4.05,15471.94
2011-11-25,4.04,4.16,4.02,4.1,10833.34
2011-11-28,4.06,4.19,4.05,4.14,23069.93
2011-11-29,4.18,4.22,4.1,4.21,50287.21
2011-11-30,4.2,4.26,3.99,4.19,49003.85
2011-12-01,4.21,4.26,3.99,4.09,75908.17
2011-12-02,4.03,4.03,3.91,3.98,51563.33
2011-12-05,3.96,3.98,3.77,3.85,27876.87
2011-12-06,3.74,3.87,3.74,3.86,9034.33
2011-12-07,3.85,3.87,3.72,3.86,32231.54
2011-12-08,3.79,3.88,3.74,3.84,16132.17
2011-12-09,3.78,3.84,3.68,3.76,24274.18
2011-12-12,3.77,3.77,3.65,3.71,36272.58
2011-12-13,3.72,3.72,3.38,3.47,112132.2
2011-12-14,3.44,3.48,3.37,3.39,18728.32
2011-12-15,3.4,3.42,3.32,3.33,15033.75
2011-12-16,3.38,3.45,3.33,3.45,10737.08
2011-12-23,3.68,3.69,3.48,3.61,170533.59
2011-12-26,3.53,3.62,3.47,3.55,20773.86
2011-12-27,3.57,3.58,3.47,3.47,5601.06
2011-12-28,3.47,3.62,3.44,3.58,11553.51
2011-12-29,3.58,3.65,3.53,3.63,12777.35
2011-12-30,3.59,3.77,3.54,3.76,25801.0
2012-01-04,3.76,3.76,3.52,3.53,18070.26
2012-01-05,3.53,3.53,3.22,3.28,22929.7
2012-01-06,3.25,3.3,3.16,3.27,24180.35
2012-01-09,3.29,3.38,3.27,3.38,15365.29
2012-01-10,3.4,3.49,3.37,3.48,22239.8
2012-01-11,3.44,3.6,3.4,3.45,46624.99
2012-01-12,3.44,3.48,3.38,3.39,20329.39
2012-01-13,3.39,3.39,3.18,3.22,45343.24
2012-01-16,3.19,3.25,3.13,3.16,18922.29
2012-01-17,3.16,3.28,3.13,3.25,38325.92
2012-01-18,3.24,3.33,3.17,3.22,50925.0
2012-01-19,3.18,3.23,3.07,3.17,39034.67
2012-01-20,3.18,3.21,3.14,3.19,19183.48
2012-01-30,3.21,3.22,3.16,3.18,15087.89
2012-01-31,3.19,3.23,3.18,3.19,14664.38
2012-02-01,3.19,3.28,3.18,3.26,48877.12
2012-02-02,3.27,3.32,3.23,3.3,44483.87
2012-02-03,3.28,3.42,3.27,3.38,27703.55
2012-02-06,3.35,3.42,3.34,3.38,33367.73
2012-02-07,3.36,3.38,3.27,3.3,13548.91
2012-02-08,3.33,3.4,3.28,3.39,18722.72
2012-02-09,3.4,3.45,3.37,3.41,17520.36
2012-02-10,3.41,3.43,3.37,3.39,15836.89
2012-02-13,3.37,3.47,3.3,3.44,27498.12
2012-02-14,3.43,3.65,3.41,3.46,43232.2
2012-02-15,3.44,3.53,3.38,3.53,34385.74
2012-02-16,3.5,3.59,3.5,3.54,45827.58
2012-02-17,3.56,3.56,3.42,3.53,20487.5
2012-02-20,3.54,3.59,3.51,3.52,24416.41
2012-02-21,3.52,3.61,3.49,3.59,24363.52
2012-02-22,3.61,3.78,3.56,3.74,39930.37
2012-02-23,3.74,3.86,3.7,3.77,53754.91
2012-02-24,3.77,3.82,3.73,3.78,21059.96
2012-02-27,3.79,3.95,3.78,3.88,45434.79
2012-02-28,3.84,3.91,3.74,3.81,36898.88
2012-02-29,3.8,3.82,3.75,3.78,13491.91
2012-03-01,3.77,3.8,3.7,3.73,25895.67
2012-03-02,3.73,3.9,3.72,3.9,22100.43
2012-03-05,3.9,4.02,3.87,3.97,56119.93
2012-03-06,3.99,3.99,3.86,3.9,24333.94
2012-03-07,3.86,4.0,3.81,3.92,23049.21
2012-03-08,3.9,4.1,3.88,3.97,25668.78
2012-03-09,3.97,4.03,3.95,3.99,12869.46
2012-03-12,3.99,4.04,3.93,3.99,14095.6
2012-03-13,4.0,4.1,3.96,4.1,23146.55
2012-03-14,4.11,4.12,3.84,3.87,23401.6
2012-03-15,3.88,4.01,3.77,3.98,30126.2
2012-03-16,3.97,4.08,3.96,4.08,25847.52
2012-03-19,4.07,4.16,4.02,4.13,18411.74
2012-03-20,4.09,4.11,3.91,4.01,26713.28
2012-03-21,4.01,4.01,3.89,3.93,15660.68
2012-03-22,3.88,3.94,3.85,3.89,9675.4
2012-03-23,3.87,3.89,3.77,3.8,11233.66
2012-03-26,3.79,3.88,3.79,3.82,6657.83
2012-03-27,3.82,3.88,3.68,3.76,15525.77
2012-03-28,3.72,3.72,3.56,3.6,20672.4
2012-03-29,3.58,3.95,3.54,3.77,35637.63
2012-03-30,3.74,3.82,3.65,3.74,26885.38
2012-04-05,3.76,3.91,3.74,3.9,15668.18
2012-04-06,3.89,4.01,3.85,3.94,18243.35
2012-04-09,3.94,4.04,3.92,3.98,31549.52
2012-04-10,3.98,4.02,3.91,3.98,28240.24
2012-04-11,3.96,4.01,3.94,3.99,18081.59
2012-04-12,4.02,4.07,3.97,4.02,22743.76
2012-04-13,4.03,4.14,4.01,4.11,32869.33
2012-04-16,4.07,4.11,4.02,4.04,13534.21
2012-04-17,4.02,4.04,3.87,3.9,34927.14
2012-04-18,3.92,3.95,3.82,3.91,55507.41
2012-04-19,3.92,3.98,3.88,3.9,32693.58
2012-04-20,3.89,4.13,3.86,4.03,57184.19
2012-04-23,4.03,4.2,4.03,4.18,68290.43
2012-04-26,4.22,4.26,4.05,4.16,52009.95
2012-04-27,4.14,4.16,4.06,4.11,18139.91
2012-05-02,4.17,4.42,4.17,4.4,60019.38
2012-05-03,4.38,4.41,4.29,4.36,28771.29
2012-05-04,4.4,4.51,4.35,4.44,67863.64
2012-05-07,4.46,4.54,4.36,4.5,57976.94
2012-05-08,4.49,4.49,4.37,4.45,41408.17
2012-05-09,4.43,4.58,4.36,4.5,42956.97
2012-05-10,4.48,4.51,4.4,4.44,19462.32
2012-05-11,4.51,4.51,4.38,4.39,11804.89
2012-05-14,4.45,4.45,4.33,4.36,24322.16
2012-05-15,4.33,4.36,4.25,4.36,24550.68
2012-05-16,4.35,4.35,4.2,4.21,9579.25
2012-05-17,4.2,4.43,4.2,4.36,47323.84
2012-05-18,4.35,4.39,4.26,4.36,17708.53
2012-05-21,4.34,4.37,4.26,4.36,11074.78
2012-05-22,4.41,4.79,4.27,4.34,38192.23
2012-05-23,4.34,4.34,4.28,4.31,23382.03
2012-05-24,4.32,4.43,4.28,4.34,19474.85
2012-05-25,4.36,4.36,4.25,4.26,10471.86
2012-05-28,4.23,4.36,4.14,4.33,11936.19
2012-05-29,4.31,4.48,4.28,4.4,21106.05
2012-05-30,4.37,4.48,4.26,4.34,23413.31
2012-05-31,4.36,4.4,4.3,4.32,24553.58
2012-06-01,4.3,4.33,4.14,4.15,49329.42
2012-06-04,4.11,4.26,4.09,4.11,36613.02
2012-06-05,4.12,4.19,4.11,4.12,27283.4
2012-06-06,4.14,4.22,4.11,4.2,25470.39
2012-06-07,4.21,4.27,4.15,4.24,17213.79
2012-06-08,4.3,4.33,4.23,4.25,30075.49
2012-06-11,4.25,4.33,4.22,4.31,17615.29
2012-06-12,4.3,4.37,4.27,4.3,20335.57
2012-06-13,4.3,4.46,4.3,4.45,36866.81
2012-06-14,4.42,4.48,4.33,4.4,25543.47
2012-06-15,4.37,4.41,4.33,4.39,21001.11
2012-06-18,4.37,4.43,4.32,4.42,18066.47
2012-06-19,4.37,4.44,4.37,4.41,10579.22
2012-06-20,4.42,4.52,4.4,4.43,35463.22
2012-06-21,4.42,4.44,4.3,4.32,37151.93
2012-06-25,4.31,4.36,4.13,4.23,25398.52
2012-06-26,4.17,4.31,4.12,4.28,11546.43
2012-06-27,4.28,4.35,4.2,4.29,16606.21
2012-06-28,4.3,4.38,4.23,4.23,12138.19
2012-06-29,4.22,4.28,4.17,4.23,19246.76
2012-07-02,4.25,4.3,4.13,4.26,28421.63
2012-07-03,4.21,4.3,4.18,4.24,13353.39
2012-07-04,4.27,4.27,4.14,4.22,27786.96
2012-07-05,4.21,4.21,4.14,4.18,17823.64
2012-07-06,4.21,4.21,4.12,4.15,45470.48
2012-07-09,4.17,4.18,3.98,4.01,16409.13
2012-07-10,4.01,4.07,3.86,4.04,35143.07
2012-07-11,4.01,4.07,3.96,3.98,16350.92
2012-07-12,3.98,4.17,3.87,4.09,24279.19
2012-07-13,4.01,4.07,3.94,4.0,8748.21
2012-07-16,3.98,3.98,3.79,3.9,28079.78
2012-07-17,3.84,3.92,3.81,3.89,11780.51
2012-07-18,3.88,3.92,3.78,3.9,11659.62
2012-07-19,3.89,3.96,3.82,3.92,28756.68
2012-07-20,3.86,3.95,3.86,3.94,13458.68
2012-07-23,3.91,4.0,3.88,3.98,7770.98
2012-07-24,4.01,4.04,3.97,4.02,25380.55
2012-07-25,4.05,4.09,4.01,4.03,18325.98
2012-07-26,4.06,4.12,4.02,4.1,24537.86
2012-07-27,4.1,4.1,4.0,4.1,17767.28
2012-07-30,4.1,4.1,3.97,3.98,8684.96
2012-07-31,3.98,4.0,3.92,3.95,3713.11
2012-08-01,3.92,4.09,3.92,4.07,26516.45
2012-08-02,4.07,4.1,3.99,4.03,12044.63
2012-08-03,4.04,4.04,3.92,4.02,14603.57
2012-08-06,4.04,4.13,3.93,4.12,46406.05
2012-08-07,4.09,4.14,4.06,4.09,32180.25
2012-08-08,4.08,4.1,3.92,4.03,24492.98
2012-08-09,4.01,4.07,3.96,4.05,15912.94
2012-08-10,4.05,4.08,4.01,4.01,11863.15
2012-08-13,4.03,4.11,3.86,3.87,50876.46
2012-08-14,3.89,3.92,3.73,3.89,37315.86
2012-08-15,3.89,3.91,3.83,3.87,10586.82
2012-08-16,3.83,3.88,3.82,3.86,8198.9
2012-08-17,3.86,3.87,3.67,3.81,13432.21
2012-08-20,3.8,3.84,3.72,3.8,14599.63
2012-08-21,3.79,3.89,3.78,3.87,14980.72
2012-08-22,3.86,3.91,3.78,3.8,10141.08
2012-08-23,3.83,3.84,3.77,3.8,6238.45
2012-08-24,3.81,3.91,3.79,3.8,12367.17
2012-08-27,3.84,3.87,3.67,3.69,14689.4
2012-08-28,3.69,3.76,3.49,3.66,2918.43
2012-08-29,3.7,3.73,3.55,3.61,34613.63
2012-08-30,3.6,3.63,3.47,3.62,38722.63
2012-08-31,3.61,3.72,3.52,3.71,25092.8
2012-09-03,3.7,3.75,3.66,3.72,12531.53
2012-09-04,3.74,3.83,3.67,3.71,31987.23
2012-09-05,3.76,3.76,3.65,3.7,13194.23
2012-09-06,3.75,3.75,3.59,3.72,21765.76
2012-09-07,3.73,3.92,3.72,3.82,30719.3
2012-09-10,3.8,3.92,3.8,3.86,10215.46
2012-09-11,3.83,3.87,3.8,3.84,11760.06
2012-09-12,3.84,3.88,3.81,3.86,16169.49
2012-09-13,3.88,3.89,3.83,3.86,8445.39
2012-09-14,3.87,3.94,3.8,3.82,15101.15
2012-09-17,3.85,3.86,3.76,3.76,15052.48
2012-09-18,3.8,3.89,3.72,3.85,18865.17
2012-09-19,3.87,4.02,3.87,3.95,37249.97
2012-09-20,3.91,3.95,3.82,3.85,9429.07
2012-09-21,3.85,3.89,3.8,3.88,6229.2
2012-09-24,3.88,3.88,3.82,3.86,11001.8
2012-09-25,3.81,3.86,3.65,3.75,15483.75
2012-09-26,3.76,3.79,3.62,3.62,24129.91
2012-09-27,3.59,3.83,3.59,3.73,13116.25
2012-09-28,3.73,3.88,3.73,3.88,16437.29
2012-10-08,3.88,3.88,3.83,3.86,5978.46
2012-10-09,3.86,4.01,3.83,4.01,9982.77
2012-10-10,3.95,4.01,3.92,3.99,10405.11
2012-10-11,3.97,4.03,3.94,3.95,15276.03
2012-10-12,3.98,3.98,3.89,3.92,7287.25
2012-10-15,3.93,3.93,3.79,3.87,12121.08
2012-10-16,3.87,3.88,3.76,3.79,17626.71
2012-10-17,3.79,3.81,3.74,3.8,10850.81
2012-10-18,3.78,3.89,3.78,3.84,14573.28
2012-10-19,3.84,3.91,3.84,3.9,10597.72
2012-10-22,3.9,3.93,3.83,3.92,12044.62
2012-10-23,3.92,3.92,3.76,3.78,14783.5
2012-10-24,3.78,3.81,3.75,3.76,17251.88
2012-10-25,3.76,3.81,3.69,3.71,5826.5
2012-10-26,3.72,3.76,3.6,3.72,18837.21
2012-10-29,3.71,3.71,3.55,3.56,24918.3
2012-10-30,3.58,3.58,3.28,3.39,62080.68
2012-10-31,3.33,3.33,3.18,3.27,49830.88
2012-11-01,3.27,3.42,3.27,3.39,40434.92
2012-11-02,3.38,3.43,3.34,3.35,17558.28
2012-11-05,3.38,3.49,3.33,3.49,26402.29
2012-11-06,3.49,3.49,3.36,3.42,18537.88
2012-11-07,3.42,3.51,3.39,3.47,13144.14
2012-11-08,3.45,3.46,3.41,3.43,10509.82
2012-11-09,3.41,3.43,3.27,3.34,10435.52
2012-11-12,3.35,3.36,3.29,3.35,3944.1
2012-11-13,3.35,3.4,3.3,3.35,5955.92
2012-11-14,3.38,3.38,3.31,3.32,2774.99
2012-11-15,3.33,3.35,3.24,3.31,19086.59
2012-11-16,3.27,3.27,3.11,3.26,45015.54
2012-11-19,3.26,3.26,3.01,3.15,62887.29
2012-11-20,3.14,3.14,2.96,3.04,67093.63
2012-11-21,3.01,3.12,2.98,3.07,24636.91
2012-11-22,3.07,3.1,3.04,3.08,10430.47
2012-11-23,3.05,3.21,3.05,3.16,21170.5
2012-11-26,3.13,3.19,3.13,3.16,6815.37
2012-11-27,3.16,3.17,3.04,3.06,7987.03
2012-11-28,3.04,3.04,2.95,2.95,4073.01
2012-11-29,2.95,3.03,2.93,3.02,7266.61
2012-11-30,3.02,3.18,3.02,3.14,13647.55
2012-12-31,3.46,3.46,3.45,3.46,168955.01
2013-01-04,3.49,3.57,3.42,3.45,284918.56
2013-01-07,3.42,3.56,3.36,3.53,142387.79
2013-01-08,3.5,3.67,3.49,3.63,93160.68
2013-01-09,3.58,3.69,3.55,3.67,61368.4
2013-01-10,3.64,3.73,3.62,3.63,51099.85
2013-01-11,3.63,3.69,3.54,3.55,37054.55
2013-01-14,3.55,3.74,3.55,3.69,63410.02
2013-01-15,3.67,3.91,3.66,3.86,50195.62
2013-01-16,3.86,3.89,3.78,3.85,37980.0
2013-01-17,3.85,3.87,3.79,3.83,15603.02
2013-01-18,3.86,4.01,3.84,3.95,52080.81
2013-01-21,3.95,4.09,3.9,3.92,35683.66
2013-01-22,3.95,4.07,3.91,3.96,25746.87
2013-01-23,3.97,4.03,3.81,3.92,33191.22
2013-01-24,3.88,3.96,3.76,3.87,26661.08
2013-01-25,3.86,3.87,3.76,3.76,35470.04
2013-01-28,3.72,3.89,3.69,3.88,42572.85
2013-01-29,3.89,3.96,3.83,3.94,23047.94
2013-01-30,3.9,4.23,3.9,4.12,90326.05
2013-01-31,4.05,4.19,4.05,4.16,25626.09
2013-02-01,4.14,4.29,4.13,4.27,72651.77
2013-02-04,4.2,4.2,3.85,3.95,132996.02
2013-02-05,3.92,4.12,3.92,4.08,77913.61
2013-02-06,4.08,4.27,4.07,4.26,71435.84
2013-02-07,4.26,4.27,4.15,4.18,35121.07
2013-02-08,4.18,4.27,4.17,4.24,25500.74
2013-02-18,4.24,4.26,4.14,4.2,36617.51
2013-02-19,4.21,4.22,4.01,4.08,29936.38
2013-02-20,4.07,4.08,3.93,4.01,61083.85
2013-02-21,3.98,4.0,3.9,3.99,34890.71
2013-02-22,3.96,4.09,3.9,4.02,28081.23
2013-02-25,4.07,4.07,3.99,4.06,36591.1
2013-02-26,4.08,4.08,3.95,3.99,21988.66
2013-02-27,3.99,3.99,3.7,3.82,80223.82
2013-02-28,3.84,3.87,3.73,3.82,68968.8
2013-03-01,3.82,3.92,3.8,3.87,26920.21
2013-03-04,3.86,3.87,3.7,3.75,25708.51
2013-03-05,3.75,3.86,3.67,3.8,40589.34
2013-03-06,3.81,4.1,3.8,3.98,99884.79
2013-03-07,3.95,4.15,3.89,3.97,149889.47
2013-03-08,3.98,3.98,3.83,3.83,63479.79
2013-03-11,3.83,3.88,3.72,3.8,34629.47
2013-03-12,3.77,3.8,3.64,3.68,37441.16
2013-03-13,3.68,3.68,3.56,3.57,36665.25
2013-03-14,3.54,3.61,3.51,3.56,26595.66
2013-03-15,3.54,3.63,3.48,3.52,51223.09
2013-03-18,3.51,3.51,3.36,3.38,51117.45
2013-03-19,3.38,3.42,3.35,3.36,31617.12
2013-03-20,3.38,3.47,3.33,3.46,60243.59
2013-03-21,3.46,3.63,3.46,3.6,97104.74
2013-03-22,3.61,3.72,3.57,3.6,106463.36
2013-03-25,3.6,3.64,3.54,3.59,79818.7
2013-03-26,3.56,3.58,3.42,3.44,102913.86
2013-03-27,3.45,3.65,3.44,3.64,101573.58
2013-03-28,3.6,3.73,3.54,3.63,79957.87
2013-03-29,3.63,3.74,3.58,3.59,73043.08
2013-04-01,3.57,3.64,3.5,3.61,69635.04
2013-04-02,3.61,3.68,3.53,3.62,81473.36
2013-04-03,3.62,3.66,3.48,3.52,114685.29
2013-04-08,3.46,3.47,3.33,3.45,61157.95
2013-04-09,3.45,3.56,3.42,3.48,87053.55
2013-04-10,3.49,3.49,3.42,3.46,23403.6
2013-04-11,3.46,3.51,3.3,3.38,117297.85
2013-04-12,3.36,3.43,3.3,3.33,48168.9
2013-04-15,3.34,3.39,3.26,3.37,64935.49
2013-04-16,3.29,3.44,3.29,3.41,50143.15
2013-04-17,3.43,3.55,3.39,3.52,102178.66
2013-04-18,3.49,3.54,3.44,3.51,50860.7
2013-04-19,3.48,3.59,3.48,3.59,57482.27
2013-04-22,3.56,3.67,3.53,3.64,58031.19
2013-04-23,3.63,3.63,3.52,3.59,63674.8
2013-04-24,3.58,3.84,3.57,3.82,99852.66
2013-04-25,3.8,3.85,3.76,3.81,50637.93
2013-04-26,3.79,3.84,3.66,3.7,38283.41
2013-05-02,3.67,3.86,3.66,3.85,67219.38
2013-05-03,3.86,3.94,3.83,3.89,42873.39
2013-05-06,3.88,3.99,3.83,3.98,74171.82
2013-05-07,3.98,4.03,3.93,3.99,22656.5
2013-05-08,3.98,4.03,3.88,4.02,58954.92
2013-05-09,4.01,4.05,3.94,3.99,60082.01
2013-05-10,3.97,4.13,3.97,4.12,87717.49
2013-05-13,4.12,4.18,4.04,4.12,42774.55
2013-05-14,4.13,4.15,3.98,4.08,50711.03
2013-05-15,4.06,4.1,3.95,4.07,38628.8
2013-05-16,4.04,4.18,4.0,4.15,61658.4
2013-05-17,4.16,4.28,4.09,4.25,66289.77
2013-05-20,4.27,4.32,4.2,4.31,56195.48
2013-05-21,4.29,4.39,4.26,4.33,61848.02
2013-05-22,4.32,4.41,4.15,4.19,58209.58
2013-05-23,4.2,4.35,4.13,4.15,40984.52
2013-05-24,4.16,4.21,4.04,4.18,64248.31
2013-05-27,4.21,4.3,4.13,4.26,66669.17
2013-05-28,4.31,4.31,4.17,4.24,65615.56
2013-05-29,4.23,4.26,4.1,4.15,103079.29
2013-05-30,4.12,4.2,4.01,4.19,89006.06
2013-05-31,4.18,4.21,4.09,4.13,58863.32
2013-06-03,4.1,4.13,4.04,4.07,57819.76
2013-06-04,4.07,4.16,3.99,4.13,99054.51
2013-06-05,4.13,4.17,4.08,4.17,43258.94
2013-06-06,4.17,4.17,4.02,4.02,38910.92
2013-06-07,4.01,4.08,3.88,3.97,47134.94
2013-06-13,3.93,3.95,3.68,3.72,37410.46
2013-06-14,3.72,3.79,3.68,3.79,62659.44
2013-06-17,3.8,3.8,3.67,3.69,78566.48
2013-06-18,3.73,3.81,3.67,3.8,49924.59
2013-06-19,3.79,3.85,3.71,3.78,30719.82
2013-06-20,3.82,3.88,3.73,3.78,63479.63
2013-06-21,3.72,3.87,3.62,3.85,28672.27
2013-06-24,3.84,3.88,3.63,3.74,46658.36
2013-06-25,3.72,3.79,3.44,3.67,62602.8
2013-06-26,3.69,3.81,3.66,3.78,47400.0
2013-06-27,3.76,3.84,3.73,3.77,40744.71
2013-06-28,3.75,3.99,3.67,3.89,101622.38
2013-07-01,3.91,4.15,3.85,4.03,183534.88
2013-07-02,4.1,4.43,4.07,4.29,376566.53
2013-07-03,4.22,4.41,4.18,4.35,318672.43
2013-07-04,4.29,4.48,4.24,4.26,145801.0
2013-07-05,4.26,4.54,4.25,4.26,205163.96
2013-07-08,4.08,4.19,3.95,3.99,140697.56
2013-07-09,3.97,4.1,3.85,4.06,129842.92
2013-07-10,4.03,4.21,3.98,4.12,97855.54
2013-07-11,4.05,4.29,4.05,4.26,211601.27
2013-07-12,4.24,4.41,4.19,4.19,116462.49
2013-07-15,4.17,4.52,4.17,4.4,149266.05
2013-07-16,4.41,4.49,4.29,4.47,124321.01
2013-07-17,4.45,4.92,4.42,4.79,325192.33
2013-07-18,4.68,5.13,4.67,4.99,276885.55
2013-07-19,4.94,5.34,4.91,5.11,236617.24
2013-07-22,5.09,5.31,5.03,5.21,176219.58
2013-07-23,5.16,5.37,5.08,5.2,198652.3
2013-07-24,5.18,5.35,5.03,5.28,196197.58
2013-07-25,5.23,5.3,4.94,5.02,128392.75
2013-07-26,5.05,5.09,4.88,5.05,63369.56
2013-07-29,5.0,5.01,4.82,4.92,71953.2
2013-07-30,4.9,4.92,4.64,4.84,83384.99
2013-07-31,4.83,5.09,4.8,5.06,104238.64
2013-08-01,5.06,5.29,5.03,5.28,77289.1
2013-08-02,5.28,5.42,5.23,5.38,112295.88
2013-08-05,5.37,5.45,5.27,5.34,65821.41
2013-08-06,5.29,5.42,5.26,5.36,48408.04
2013-08-07,5.36,5.38,5.14,5.25,74158.2
2013-08-08,5.24,5.28,5.06,5.25,61460.46
2013-08-09,5.24,5.35,5.05,5.31,57803.63
2013-08-12,5.27,5.32,4.96,5.14,90964.64
2013-08-13,5.13,5.13,5.0,5.05,53885.76
2013-08-14,5.1,5.28,5.01,5.2,55213.4
2013-08-15,5.21,5.35,5.18,5.23,103335.8
2013-08-16,5.22,5.22,4.82,4.9,137646.28
2013-08-19,4.8,5.15,4.8,5.12,84717.08
2013-08-20,5.25,5.62,5.18,5.51,153988.75
2013-08-21,5.65,5.66,5.42,5.52,104134.57
2013-08-22,5.46,5.65,5.41,5.56,89579.26
2013-08-23,5.51,5.58,5.41,5.49,88484.42
2013-08-26,5.52,5.7,5.45,5.67,122127.52
2013-08-27,5.68,5.7,5.51,5.68,68643.27
2013-08-28,5.6,5.67,5.51,5.59,83907.1
2013-08-29,5.59,5.59,5.38,5.46,66608.3
2013-08-30,5.47,5.57,5.32,5.46,59079.39
2013-09-02,5.51,5.75,5.39,5.73,94646.37
2013-09-03,5.73,5.91,5.69,5.9,74631.42
2013-09-04,5.88,6.1,5.84,6.08,111079.06
2013-09-05,6.08,6.16,5.96,6.06,87182.4
2013-09-06,6.05,6.11,5.84,6.01,59053.02
2013-09-09,6.05,6.37,6.0,6.25,83279.37
2013-09-10,6.27,6.3,6.13,6.23,42387.74
2013-09-11,6.26,6.26,5.91,6.26,102934.57
2013-09-12,6.22,6.29,6.03,6.28,55900.53
2013-09-13,6.3,6.34,6.14,6.23,51171.37
2013-09-16,6.2,6.31,6.14,6.19,70399.56
2013-09-17,6.19,6.26,6.14,6.23,59651.38
2013-09-18,6.24,6.24,6.08,6.19,50820.81
2013-09-23,6.22,6.28,6.1,6.18,54716.41
2013-09-24,6.16,6.23,6.1,6.22,39534.45
2013-09-25,6.24,6.25,6.12,6.21,31333.34
2013-09-26,6.21,6.67,6.14,6.52,84650.54
2013-09-27,6.52,6.65,6.45,6.54,46113.15
2013-09-30,6.54,6.74,6.44,6.7,64175.26
2013-10-08,6.7,6.95,6.57,6.81,128058.9
2013-10-09,6.84,6.92,6.47,6.89,130266.81
2013-10-10,7.08,7.4,6.72,6.78,118707.03
2013-10-11,6.78,6.99,6.5,6.67,69731.05
2013-10-14,6.68,6.89,6.57,6.81,57078.24
2013-10-15,6.99,7.15,6.72,6.79,71993.98
2013-10-16,6.81,6.84,6.46,6.64,63298.54
2013-10-17,6.68,6.72,6.41,6.59,46495.44
2013-10-18,6.53,6.66,6.48,6.56,35405.04
2013-10-21,6.61,6.79,6.53,6.75,49295.11
2013-10-22,6.76,6.81,6.4,6.48,61963.17
2013-10-23,6.46,6.46,5.92,6.13,93698.04
2013-10-24,6.07,6.26,6.07,6.22,55831.76
2013-10-25,6.22,6.24,5.88,6.0,71573.01
2013-10-28,5.98,6.09,5.91,6.02,12157.8
2013-10-29,6.08,6.2,5.66,6.08,37994.27
2013-10-30,6.04,6.15,6.0,6.13,18945.26
2013-10-31,6.19,6.3,5.96,6.12,44811.2
2013-11-01,5.93,6.09,5.64,5.75,61187.71
2013-11-04,5.91,5.91,5.64,5.81,22758.11
2013-11-05,5.75,5.96,5.66,5.82,63698.81
2013-11-06,5.8,6.2,5.76,6.07,75360.85
2013-11-07,6.06,6.11,5.83,5.87,27888.11
2013-11-08,5.84,5.93,5.67,5.86,30483.46
2013-11-11,5.81,5.95,5.72,5.88,29121.8
2013-11-12,5.82,5.95,5.81,5.89,16701.62
2013-11-13,5.89,5.99,5.85,5.92,14818.63
2013-11-14,5.88,5.96,5.81,5.96,14155.24
2013-11-15,5.97,6.36,5.97,6.35,58961.75
2013-11-18,6.35,6.49,6.33,6.44,39859.29
2013-11-19,6.43,6.43,6.22,6.31,37804.01
2013-11-20,6.31,6.38,6.21,6.32,28701.44
2013-11-21,6.3,6.36,6.24,6.3,14284.2
2013-11-22,6.3,6.49,6.28,6.44,35337.66
2013-11-25,6.5,6.5,6.28,6.32,20729.14
2013-11-26,6.3,6.36,6.2,6.22,23512.47
2013-11-27,6.23,6.4,6.22,6.37,30443.51
2013-11-28,6.4,6.4,6.3,6.36,25966.3
2013-11-29,6.36,6.47,6.3,6.45,27936.29
2013-12-02,6.37,6.37,5.97,6.12,40065.22
2013-12-03,6.15,6.16,5.92,6.02,39495.46
2013-12-04,6.02,6.15,5.94,6.09,34164.3
2013-12-05,6.06,6.07,5.89,5.97,29448.53
2013-12-06,5.97,5.99,5.9,5.96,14409.9
2013-12-09,5.97,6.12,5.91,6.11,21803.26
2013-12-10,6.08,6.13,5.99,6.06,18028.01
2013-12-11,6.06,6.09,5.97,6.08,11859.94
2013-12-12,6.07,6.26,6.06,6.24,69559.49
2013-12-13,6.24,6.3,6.13,6.2,37100.0
2013-12-16,6.12,6.22,5.93,5.99,31240.7
2013-12-17,6.0,6.02,5.88,5.95,27452.54
2013-12-18,5.96,6.02,5.94,6.0,22911.6
2013-12-19,6.0,6.04,5.75,5.8,41358.8
2013-12-20,5.8,5.82,5.59,5.75,20980.84
2013-12-23,5.72,5.84,5.63,5.84,38038.37
2013-12-24,5.84,5.96,5.84,5.92,33844.24
2013-12-25,5.95,6.11,5.88,6.06,34464.79
2013-12-26,6.02,6.12,5.98,6.1,23139.54
2013-12-27,6.1,6.19,6.03,6.18,49449.54
2013-12-30,6.18,6.51,6.18,6.49,68641.98
2013-12-31,6.44,6.52,6.34,6.48,45755.26
2014-01-02,6.45,6.45,6.28,6.41,24085.13
2014-01-03,6.37,6.37,6.13,6.22,71970.52
2014-01-06,6.23,6.23,5.88,5.99,80628.34
2014-01-07,5.97,6.06,5.9,6.02,33039.05
2014-01-08,5.98,6.13,5.88,5.99,50367.4
2014-01-09,5.99,6.02,5.85,5.92,37909.34
2014-01-10,5.88,5.91,5.66,5.81,59128.49
2014-01-13,5.83,5.84,5.71,5.77,29747.68
2014-01-14,5.72,5.79,5.59,5.79,51787.68
2014-01-15,5.78,5.81,5.65,5.75,40223.05
2014-01-16,5.75,5.77,5.51,5.71,68051.3
2014-01-17,5.68,5.68,5.48,5.6,43294.58
2014-01-20,5.55,5.6,5.32,5.4,57797.37
2014-01-21,5.39,5.53,5.36,5.42,55698.1
2014-01-22,5.5,5.96,5.5,5.75,114785.81
2014-01-23,5.75,5.95,5.65,5.75,164351.89
2014-01-24,5.81,6.1,5.78,6.07,145565.24
2014-01-27,6.08,6.44,6.02,6.38,138446.27
2014-01-28,6.31,6.56,6.25,6.29,107929.19
2014-01-29,6.31,6.64,6.28,6.53,135943.74
2014-01-30,6.44,6.97,6.44,6.85,140191.58
2014-02-07,6.79,6.87,6.68,6.82,77094.33
2014-02-10,6.83,6.87,6.62,6.68,127132.3
2014-02-11,6.69,6.79,6.36,6.59,150170.36
2014-02-12,6.53,6.99,6.48,6.89,128857.61
2014-02-13,6.88,7.0,6.53,6.57,82537.06
2014-02-14,6.5,6.67,6.37,6.65,48639.83
2014-02-17,6.76,6.8,6.54,6.77,79767.95
2014-02-18,6.7,6.84,6.61,6.67,59489.67
2014-02-19,6.67,6.68,6.5,6.6,51116.3
2014-02-20,6.55,6.64,6.31,6.39,93379.63
2014-02-21,6.37,6.39,6.05,6.25,100534.7
2014-02-24,6.19,6.36,6.12,6.31,70819.72
2014-02-25,6.3,6.53,6.11,6.16,102463.09
2014-02-26,6.11,6.37,6.0,6.28,86353.88
2014-02-27,6.24,6.59,6.21,6.27,108932.36
2014-02-28,6.34,6.4,6.0,6.32,79726.85
2014-03-03,6.31,6.51,6.28,6.46,36732.67
2014-03-04,6.46,6.51,6.36,6.45,45688.9
2014-03-05,6.44,6.5,6.33,6.36,30259.03
2014-03-06,6.34,6.5,6.34,6.43,37180.93
2014-03-07,6.4,6.46,6.22,6.3,47989.83
2014-03-10,6.25,6.27,6.12,6.18,31774.73
2014-03-11,6.16,6.25,6.12,6.21,25186.23
2014-03-12,6.19,6.37,6.05,6.14,36075.61
2014-03-13,6.14,6.46,6.14,6.45,54541.38
2014-03-14,6.39,6.7,6.39,6.67,128793.8
2014-04-08,7.34,7.34,7.34,7.34,1944.33
2014-04-09,8.08,8.08,8.08,8.08,2186.48
2014-04-10,8.89,8.89,8.86,8.89,421667.19
2014-04-11,8.86,8.92,8.35,8.59,510988.29
2014-04-14,8.74,9.0,8.6,8.73,371866.38
2014-04-15,8.58,9.18,8.56,8.87,386247.41
2014-04-16,8.78,8.89,8.61,8.72,210038.65
2014-04-17,8.72,8.83,8.42,8.6,203212.77
2014-04-18,8.53,8.66,8.49,8.6,111515.35
2014-04-21,8.59,8.69,8.44,8.57,202932.91
2014-04-22,8.55,8.88,8.44,8.57,194875.85
2014-04-23,8.56,8.75,8.26,8.55,153312.94
2014-04-24,8.49,8.69,8.46,8.56,65377.14
2014-04-25,8.52,8.55,8.21,8.34,126899.96
2014-04-28,8.33,8.33,7.51,7.51,202569.17
2014-04-29,7.43,7.69,7.4,7.66,90983.8
2014-04-30,7.66,8.17,7.6,7.94,94827.0
2014-05-05,7.94,8.33,7.94,8.28,109871.21
2014-05-06,8.24,8.3,8.04,8.11,113348.61
2014-05-07,8.08,8.55,7.97,7.99,125014.39
2014-05-08,7.87,8.22,7.84,8.02,100534.72
2014-05-09,8.01,8.06,7.83,8.02,74369.79
2014-05-12,8.18,8.44,8.08,8.42,112841.03
2014-05-13,8.35,8.49,8.28,8.42,75134.58
2014-05-14,8.42,8.52,8.24,8.34,47819.35
2014-05-15,8.33,8.38,8.1,8.12,52630.23
2014-05-16,8.13,8.2,7.93,8.01,48029.25
2014-05-19,8.03,8.1,7.9,8.07,31926.71
2014-05-20,8.11,8.33,8.07,8.13,43940.88
2014-05-21,8.07,8.08,7.85,8.04,66495.53
2014-05-22,8.02,8.16,7.96,8.15,63731.0
2014-05-23,8.2,8.63,8.07,8.61,118789.26
2014-05-26,8.57,8.68,8.51,8.64,105752.0
2014-05-27,8.6,8.63,8.45,8.5,86168.48
2014-05-28,8.48,8.77,8.45,8.67,123926.34
2014-05-29,8.58,8.95,8.55,8.79,218803.25
2014-05-30,8.78,8.78,8.29,8.67,113859.96
2014-06-03,8.66,8.66,8.38,8.46,47446.05
2014-06-04,8.62,8.71,8.51,8.61,68012.22
2014-06-05,8.6,8.63,8.39,8.61,44862.94
2014-06-06,8.6,8.76,8.51,8.64,52793.68
2014-06-09,8.57,8.75,8.45,8.59,43960.8
2014-06-10,8.6,8.63,8.35,8.61,63849.55
2014-06-11,8.6,9.01,8.54,8.9,132881.87
2014-06-12,8.89,9.49,8.78,9.37,230561.08
2014-06-13,9.29,9.51,9.26,9.33,132184.84
2014-06-16,9.29,9.54,9.17,9.4,120740.63
2014-06-17,9.38,9.41,9.14,9.26,55555.86
2014-06-18,9.2,9.22,8.97,9.16,75201.9
2014-06-19,9.17,9.21,8.76,8.9,56767.58
2014-06-20,8.89,8.9,8.72,8.82,51004.78
2014-06-23,8.82,9.07,8.8,9.0,46248.78
2014-06-24,9.03,9.05,8.9,8.94,32728.51
2014-06-25,8.94,8.95,8.68,8.79,50820.85
2014-06-26,8.84,9.04,8.78,8.89,41842.92
2014-06-27,8.9,9.34,8.9,9.18,79368.82
2014-06-30,9.38,9.46,9.09,9.2,39271.91
2014-07-01,9.19,9.36,9.17,9.33,47487.36
2014-07-02,9.29,9.59,9.17,9.55,76571.62
2014-07-03,9.62,10.06,9.51,9.86,106184.87
2014-07-04,9.81,9.85,9.59,9.76,49225.52
2014-07-07,9.67,9.67,9.37,9.61,51702.98
2014-07-08,9.6,9.6,9.35,9.54,43381.24
2014-07-09,9.48,9.54,9.26,9.36,43481.41
2014-07-10,9.38,9.45,9.25,9.37,47059.09
2014-07-11,9.4,9.76,9.34,9.43,61402.23
2014-07-14,9.43,9.5,9.15,9.43,45598.85
2014-07-15,9.45,9.5,9.24,9.38,37186.92
2014-07-16,9.37,9.37,8.94,9.05,73553.87
2014-07-17,8.99,9.0,8.66,8.83,65727.15
2014-07-18,8.91,8.96,8.69,8.84,41780.12
2014-07-21,8.87,8.87,8.38,8.6,75274.76
2014-07-22,8.54,8.89,8.44,8.85,44651.81
2014-07-23,8.89,9.27,8.88,9.21,142601.6
2014-07-24,9.31,9.31,8.94,9.17,74184.4
2014-07-25,9.13,9.32,9.02,9.16,67730.27
2014-07-28,9.13,9.18,9.01,9.12,62750.53
2014-07-29,9.16,9.16,8.9,9.11,65765.82
2014-07-30,9.06,9.12,8.95,9.01,38068.34
2014-07-31,9.03,9.11,8.91,9.01,43874.9
2014-08-01,9.01,9.01,8.86,8.9,41339.44
2014-08-04,8.94,9.0,8.86,8.94,38430.55
2014-08-05,8.93,9.1,8.73,9.03,73968.36
2014-08-06,9.02,9.12,8.86,9.05,47793.4
2014-08-07,9.01,9.1,8.91,8.93,39346.97
2014-08-08,8.93,9.11,8.9,9.07,54507.13
2014-08-11,9.07,9.14,9.02,9.11,52219.0
2014-08-12,9.11,9.13,8.97,8.98,40189.83
2014-08-13,8.98,9.12,8.86,9.01,135697.61
2014-08-14,9.03,9.07,8.9,8.98,99132.11
2014-08-15,9.01,9.12,8.91,9.05,98642.46
2014-08-18,9.07,9.49,9.04,9.4,109612.44
2014-08-19,9.41,9.45,9.27,9.35,83227.77
2014-08-20,9.35,9.59,9.27,9.31,82701.83
2014-08-21,9.31,9.37,9.1,9.19,70743.17
2014-08-22,9.31,9.59,9.23,9.37,108103.79
2014-08-25,9.38,9.57,9.19,9.44,148812.54
2014-08-26,9.38,9.76,9.36,9.68,119139.2
2014-08-27,9.63,9.82,9.57,9.74,78802.31
2014-08-28,9.69,9.76,9.51,9.66,106958.4
2014-08-29,9.7,9.91,9.57,9.85,88305.04
2014-09-01,9.92,10.41,9.92,10.18,149317.01
2014-09-02,10.24,10.93,10.24,10.78,179041.16
2014-09-03,10.81,10.84,10.54,10.8,131915.95
2014-09-04,10.78,11.09,10.61,10.9,182333.56
2014-09-05,10.9,11.13,10.74,10.88,124506.73
2014-09-09,11.07,11.25,10.64,10.75,151255.5
2014-09-10,10.74,10.74,10.51,10.66,89280.9
2014-09-11,10.79,11.0,10.67,10.78,123894.25
2014-09-12,10.81,11.1,10.58,11.04,178340.71
2014-09-15,11.04,11.25,10.96,11.18,108870.32
2014-09-16,11.14,11.17,10.84,10.88,150721.86
2014-09-17,10.95,11.14,10.67,10.88,109029.82
2014-09-18,10.88,11.04,10.64,10.94,88828.81
2014-09-19,10.96,11.1,10.8,10.88,77196.9
2014-09-23,11.35,11.97,11.1,11.63,326998.55
2014-09-24,11.61,11.61,11.26,11.5,159091.61
2014-09-25,11.5,11.81,11.38,11.6,165136.35
2014-09-26,11.5,12.37,11.43,12.27,157347.83
2014-09-29,12.67,12.79,11.89,12.01,211270.38
2014-09-30,11.92,13.21,11.91,13.19,305734.43
2014-10-08,13.2,13.2,12.7,12.96,158013.09
2014-10-09,12.93,13.11,12.44,12.67,163659.2
2014-10-10,12.7,12.7,12.28,12.44,140406.37
2014-10-13,12.32,12.79,11.98,12.65,139620.09
2014-10-14,12.56,12.67,12.39,12.59,95566.93
2014-10-15,12.77,13.19,12.64,12.88,155491.23
2014-10-16,12.72,13.08,12.51,12.58,161955.84
2014-10-17,12.51,12.51,12.14,12.45,153108.09
2014-10-20,12.52,12.59,12.38,12.57,75989.67
2014-10-21,12.82,12.97,12.67,12.73,108098.65
2014-10-22,12.7,12.85,12.56,12.61,71494.9
2014-10-23,12.55,12.57,12.22,12.34,74174.66
2014-10-24,12.34,12.41,12.2,12.3,45890.04
2014-10-27,12.26,12.58,11.99,12.48,67568.62
2014-10-28,12.28,12.62,12.23,12.54,91619.0
2014-10-29,12.56,12.83,12.56,12.68,84881.77
2014-10-30,12.89,13.36,12.72,13.27,154715.9
2014-10-31,13.29,13.33,12.85,12.96,101058.1
2014-11-03,12.83,13.13,12.67,13.06,98210.0
2014-11-24,14.37,14.37,14.37,14.37,3985.55
2014-11-25,15.8,15.8,13.77,15.8,348193.18
2014-11-26,15.95,17.31,15.8,17.17,244249.54
2014-11-27,17.29,17.38,16.76,16.88,191348.45
2014-11-28,16.99,17.89,16.58,17.36,231997.65
2014-12-01,17.17,18.52,16.89,17.61,242659.95
2014-12-02,17.52,18.14,17.37,17.83,217702.84
2014-12-03,18.04,18.04,17.2,17.52,183958.63
2014-12-04,18.1,19.27,18.1,19.27,292391.99
2014-12-05,19.53,20.02,18.14,19.07,299320.97
2014-12-08,18.5,20.01,18.29,18.46,242280.44
2014-12-09,18.05,18.69,16.92,17.07,250815.1
2014-12-10,17.04,17.83,16.92,17.49,145461.68
2014-12-11,17.44,18.67,17.36,18.45,123932.72
2014-12-12,18.51,19.15,18.5,19.07,172389.31
2014-12-15,19.07,20.43,18.92,20.18,216649.2
2014-12-16,20.43,20.45,19.63,20.28,143169.26
2014-12-17,19.86,21.18,19.86,20.64,153040.67
2014-12-18,20.41,21.21,20.31,20.35,83891.75
2014-12-19,20.14,20.29,19.24,19.81,112674.35
2014-12-22,19.58,19.58,17.83,17.83,211386.29
2014-12-23,17.83,18.01,16.89,17.59,125335.4
2014-12-24,17.42,18.08,17.21,17.9,82486.99
2014-12-25,17.83,18.49,17.58,18.46,90462.85
2014-12-26,18.47,18.55,17.97,18.42,86252.2
2014-12-29,18.14,18.39,16.64,17.05,150694.57
2014-12-30,17.17,17.17,15.64,16.84,201293.64
2014-12-31,16.74,17.36,16.36,17.13,134650.12
2015-01-05,17.13,17.15,15.77,16.21,174594.06
2015-01-06,15.95,17.39,15.53,17.0,206370.15
2015-01-07,16.89,17.52,16.43,17.19,144658.11
2015-01-08,16.89,17.58,16.76,17.16,126898.09
2015-01-09,17.2,17.98,17.05,17.32,160726.63
2015-01-12,17.52,18.64,17.52,18.5,186486.85
2015-01-13,18.51,19.36,18.08,19.16,161019.07
2015-01-14,19.19,19.59,18.72,18.85,95670.07
2015-01-15,18.8,19.23,18.39,18.81,103289.27
2015-01-16,18.77,20.18,18.48,19.75,177789.86
2015-01-19,18.39,19.75,18.05,18.56,189759.86
2015-01-20,18.77,19.99,18.32,19.72,229537.19
2015-01-21,19.81,20.1,19.33,19.63,144831.09
2015-01-22,19.39,19.94,19.04,19.17,132841.33
2015-01-23,19.2,19.39,18.14,18.44,145337.54
2015-01-26,18.52,18.97,18.3,18.8,138794.73
2015-01-27,18.81,20.18,18.8,19.71,212481.9
2015-01-28,19.6,19.89,18.7,18.82,138294.26
2015-01-29,18.46,19.16,18.15,18.92,142365.2
2015-01-30,18.94,18.99,18.33,18.71,94874.25
2015-02-02,18.48,19.12,18.24,18.88,91200.95
2015-02-03,19.05,20.11,18.61,19.71,223777.09
2015-02-04,19.49,20.16,19.43,19.54,128700.23
2015-02-05,19.55,20.65,19.43,19.86,197295.45
2015-02-06,19.7,20.2,18.72,19.0,138571.36
2015-02-09,18.92,19.96,18.77,19.75,137308.33
2015-02-10,19.61,20.14,19.55,20.1,99421.08
2015-02-11,20.36,22.12,20.21,22.12,258151.0
2015-02-12,22.83,23.15,21.68,21.82,267078.71
2015-02-13,22.77,22.77,21.83,22.24,214524.31
2015-02-16,22.21,24.46,21.99,24.4,293350.72
2015-02-17,24.61,25.43,23.77,24.91,167408.11
2015-02-25,24.93,25.45,23.15,23.45,134750.48
2015-02-26,23.08,23.9,22.05,23.84,148879.3
2015-02-27,23.65,24.38,23.46,24.21,121817.2
2015-03-02,24.21,25.96,23.77,25.77,214786.62
2015-03-03,25.9,26.46,24.87,25.73,210723.59
2015-03-04,25.73,25.83,24.81,25.32,122392.82
2015-03-05,25.9,27.17,25.62,25.71,193722.96
2015-03-06,25.45,26.09,24.86,25.39,93941.7
2015-03-09,24.89,25.73,24.56,25.45,98524.88
2015-03-10,25.46,26.03,25.27,25.66,102285.37
2015-03-11,25.54,25.96,25.28,25.7,79426.68
2015-03-12,25.65,27.62,25.44,27.46,228663.98
2015-03-13,27.26,28.37,26.74,28.13,202619.2
2015-03-16,28.78,30.86,28.5,30.7,264367.56
2015-03-17,30.81,31.03,29.97,30.18,115818.97
2015-03-18,29.03,30.5,27.21,30.2,210746.54
2015-03-19,30.22,30.57,29.4,30.38,112763.95
2015-03-20,30.97,32.4,30.66,31.57,169084.03
2015-03-23,32.53,34.72,32.53,34.39,170949.13
2015-03-24,34.39,36.28,33.16,35.38,205218.7
2015-03-25,34.72,36.29,33.86,33.95,136672.59
2015-03-26,33.16,33.63,30.97,32.11,237888.5
2015-03-27,31.71,34.22,30.92,33.56,185338.35
2015-03-30,33.09,34.66,31.28,32.86,164611.65
2015-03-31,32.84,34.8,31.97,34.06,131191.54
2015-04-01,34.41,37.29,34.37,36.94,135789.15
2015-04-02,38.06,38.39,36.9,37.9,130454.06
2015-04-03,37.56,41.69,37.23,41.69,196448.64
2015-04-07,43.42,43.79,40.82,41.64,166368.15
2015-04-08,41.64,41.64,39.63,40.39,172406.26
2015-04-09,40.04,44.42,38.2,44.36,204925.02
2015-04-10,42.81,45.35,41.71,44.04,166083.78
2015-04-13,44.13,45.67,42.58,44.13,150232.82
2015-04-14,43.32,44.11,41.24,44.01,244982.13
2015-04-15,42.85,43.63,39.61,39.99,203384.26
2015-04-16,38.48,41.99,37.54,39.62,189041.97
2015-04-17,39.1,40.31,38.1,40.0,160297.86
2015-04-20,39.09,39.1,36.6,37.36,244267.82
2015-04-21,36.6,39.06,36.49,38.82,157720.25
2015-04-22,38.48,40.63,38.48,40.52,171683.76
2015-04-23,40.95,40.98,37.72,38.83,163302.29
2015-04-24,37.66,38.94,36.6,38.0,215493.22
2015-04-27,39.41,39.64,37.38,37.99,152217.46
2015-04-28,37.85,37.97,34.19,34.19,205206.52
2015-04-29,33.16,37.47,33.16,37.34,200990.41
2015-04-30,37.81,40.66,37.22,39.09,231898.79
2015-05-04,38.78,38.78,36.47,36.91,130468.82
2015-05-05,36.28,36.6,34.0,35.59,145891.31
2015-05-06,36.29,37.87,34.96,35.95,165344.95
2015-05-07,35.32,37.54,34.72,36.84,128029.82
2015-05-08,37.51,40.51,37.51,40.42,276774.62
2015-05-11,40.98,44.47,40.4,44.47,286617.91
2015-05-12,45.64,46.06,42.89,45.19,257999.78
2015-05-13,43.79,47.86,42.76,44.66,187998.34
2015-05-14,45.36,46.84,41.29,41.48,187086.77
2015-05-15,40.1,41.6,38.99,40.87,108604.89
2015-05-18,40.87,44.04,40.66,43.57,169788.02
2015-05-19,43.81,44.29,41.61,43.09,122986.03
2015-05-20,44.47,44.47,41.76,42.15,179263.17
2015-05-21,42.85,43.03,40.35,40.74,211280.78
2015-05-22,41.16,41.16,39.19,40.74,160439.8
2015-05-25,38.32,40.02,38.29,39.71,193264.29
2015-05-26,39.72,42.54,39.68,42.17,153304.1
2015-05-27,42.23,42.7,39.82,40.33,168399.12
2015-05-28,40.34,40.34,36.97,37.51,234180.93
2015-05-29,37.34,40.03,37.19,38.26,158950.4
2015-06-01,38.69,40.41,38.69,40.14,168524.88
2015-06-02,40.57,44.16,40.0,44.16,250513.93
2015-06-03,45.39,48.57,45.39,48.54,320921.68
2015-06-04,48.55,50.12,44.17,47.53,220819.82
2015-06-05,48.31,49.99,45.11,45.35,203670.48
2015-06-09,44.8,49.89,43.48,46.63,357753.58
2015-06-10,47.3,51.3,44.48,51.3,355289.67
2015-06-11,51.3,56.33,50.67,54.28,263381.35
2015-06-12,53.26,54.82,51.7,52.06,148840.98
2015-06-15,51.22,51.22,46.85,46.85,166276.55
2015-06-16,43.39,46.45,42.17,43.53,247055.91
2015-06-17,43.45,47.88,42.45,47.88,226459.57
2015-06-18,48.86,50.55,43.51,45.48,225932.15
2015-06-19,45.48,49.42,44.49,46.67,271892.47
2015-06-23,47.56,48.1,42.29,45.8,238963.51
2015-06-24,46.43,47.23,42.5,43.82,242693.53
2015-06-25,43.86,44.48,39.44,39.44,250341.85
2015-06-26,36.95,36.95,35.5,35.5,209142.29
2015-06-29,33.53,35.05,31.95,31.95,278052.22
2015-06-30,28.76,35.14,28.75,35.1,500315.53
2015-07-01,34.15,37.12,31.59,31.59,334264.67
2015-07-02,31.56,31.56,28.44,28.44,368192.08
2015-07-03,26.0,30.21,25.59,25.59,432106.63
2015-07-06,28.15,28.15,23.03,23.03,582710.7
2015-07-13,25.33,25.33,24.12,25.33,677010.96
2015-07-14,25.12,27.87,25.06,27.87,866020.18
2015-07-15,26.94,27.72,25.08,25.08,280580.37
2015-07-16,22.57,25.06,22.57,22.57,947531.14
2015-07-17,22.57,24.83,21.3,24.83,726725.84
2015-07-20,25.53,27.31,25.44,27.31,765922.86
2015-07-21,26.94,27.81,26.31,26.74,589005.03
2015-07-22,26.25,28.82,26.25,27.83,559948.95
2015-07-23,28.18,29.22,26.95,28.57,449345.93
2015-07-24,28.59,29.54,26.43,26.84,511525.87
2015-07-27,25.38,26.0,24.16,24.16,473291.72
2015-07-28,21.74,23.49,21.74,21.74,680494.08
2015-07-29,22.24,22.89,19.67,22.56,669979.39
2015-07-30,22.24,22.51,20.3,20.3,532584.44
2015-07-31,19.89,21.68,19.08,20.65,498947.28
2015-08-03,19.55,20.01,18.58,18.74,587651.73
2015-08-04,18.8,20.52,18.61,20.37,470615.07
2015-08-05,20.05,20.45,18.92,19.2,457168.74
2015-08-06,18.48,20.19,18.17,19.7,364129.53
2015-08-07,19.96,21.68,19.92,21.68,656052.5
2015-08-10,22.3,23.24,21.6,22.7,570476.0
2015-08-11,22.64,24.08,22.18,23.43,559705.16
2015-08-12,22.86,23.33,21.38,21.57,428782.17
2015-08-13,21.4,22.96,21.4,22.93,413903.36
2015-08-14,23.18,24.09,23.18,23.21,439950.07
2015-08-17,22.74,23.02,21.9,22.66,333250.07
2015-08-18,22.68,23.49,20.39,20.39,461036.85
2015-08-19,19.74,22.43,19.61,22.43,560537.39
2015-08-20,21.62,22.05,20.74,20.99,423438.15
2015-08-21,20.38,20.62,19.13,19.23,323318.67
2015-08-24,17.86,18.32,17.3,17.3,223997.34
2015-08-25,15.57,15.87,15.57,15.57,281263.26
2015-08-26,15.16,16.13,14.02,14.02,501618.57
2015-08-27,14.6,15.31,13.47,15.21,450623.27
2015-08-28,15.35,16.36,14.76,16.05,532146.97
2015-08-31,15.72,15.87,14.81,15.59,447172.94
2015-09-01,15.22,15.41,14.57,14.78,318874.18
2015-09-02,13.68,15.41,13.3,14.31,418193.15
2015-09-07,13.03,14.47,12.9,13.06,665643.22
2015-09-08,12.74,14.09,12.22,13.97,538222.02
2015-09-09,14.1,15.37,13.96,15.37,631626.95
2015-09-10,15.0,15.19,14.65,14.7,399811.42
2015-09-11,14.75,15.16,14.37,14.82,315115.46
2015-09-14,14.66,14.75,13.34,13.34,326522.72
2015-09-15,12.56,12.93,12.0,12.0,293515.13
2015-09-16,12.0,13.2,11.97,13.2,354535.95
2015-09-17,13.5,13.94,12.88,12.94,363595.56
2015-09-18,12.96,13.58,12.88,13.45,223881.37
2015-09-21,13.15,14.5,13.07,14.36,326390.22
2015-09-22,14.41,14.8,13.94,14.33,332554.8
2015-09-23,14.24,15.04,13.94,14.61,346010.05
2015-09-24,14.69,15.22,14.45,14.6,317349.11
2015-09-25,14.58,14.66,13.43,13.58,277445.72
2015-09-28,13.6,14.25,13.38,14.18,191751.32
2015-09-29,13.8,13.91,13.4,13.64,182894.79
2015-09-30,13.76,13.89,13.44,13.68,119732.83
2015-10-08,14.29,14.83,14.18,14.64,244646.0
2015-10-09,14.6,15.13,14.51,14.91,262607.5
2015-10-12,15.11,16.4,15.01,16.4,267422.62
2015-10-13,16.88,17.91,16.64,17.53,571177.9
2015-10-14,17.23,18.35,16.92,17.81,403967.36
2015-10-15,17.69,19.35,17.39,19.0,380553.75
2015-10-16,19.0,20.9,19.0,20.9,500089.9
2015-10-19,21.43,21.73,20.11,20.58,420292.87
2015-10-20,20.37,22.64,20.24,22.64,419805.24
2015-10-21,22.56,22.56,20.37,20.37,494214.72
2015-10-22,20.09,21.31,19.68,20.82,484751.24
2015-10-23,20.82,21.06,19.96,20.63,411086.97
2015-10-26,21.04,21.16,19.59,20.09,403342.65
2015-10-27,20.05,21.99,19.52,21.53,501861.97
2015-10-28,21.27,21.49,19.89,20.13,390503.21
2015-10-29,20.12,20.99,19.55,20.32,326533.96
2015-10-30,20.23,21.1,19.66,20.27,318956.84
2015-11-02,19.39,20.48,19.13,19.19,307222.06
2015-11-03,19.39,19.78,19.04,19.18,231754.16
2015-11-04,19.42,21.1,19.42,21.1,506260.27
2015-11-05,20.99,22.46,20.88,20.98,556533.81
2015-11-06,21.08,22.64,21.04,22.29,443451.31
2015-11-09,22.26,24.52,21.93,24.52,557975.95
2015-11-10,24.87,25.92,24.12,24.63,493938.96
2015-11-11,24.59,24.63,23.5,24.4,324431.65
2015-11-12,24.48,24.99,22.9,23.47,395370.04
2015-11-13,22.59,23.81,22.51,23.08,347360.05
2015-11-16,22.1,23.71,22.02,23.57,296389.31
2015-11-17,23.81,24.25,22.24,22.46,472395.65
2015-11-18,22.43,22.71,21.31,21.52,301320.71
2015-11-19,21.71,22.29,21.3,22.2,273459.14
2015-11-20,22.21,22.21,21.49,21.77,284395.71
2015-11-23,21.83,22.45,21.62,21.78,278799.99
2015-11-24,21.68,22.26,21.05,22.24,298538.78
2015-11-25,22.23,24.0,21.8,23.48,418713.32
2015-11-26,23.73,23.78,22.37,22.43,358965.36
2015-11-27,22.34,22.34,20.19,20.38,372924.8
2015-11-30,20.33,20.59,19.06,20.01,290562.69
2015-12-01,19.96,20.36,19.62,19.8,201722.38
2015-12-02,19.81,20.29,19.11,20.16,202452.12
2015-12-03,20.05,20.86,19.96,20.85,239330.28
2015-12-04,20.66,20.72,19.84,20.0,228612.78
2015-12-07,20.01,20.94,19.9,20.4,231870.65
2015-12-08,20.05,20.19,19.54,19.66,188114.45
2015-12-09,19.45,20.26,19.4,19.79,192501.08
2015-12-10,19.79,20.78,19.71,20.07,271755.47
2015-12-11,20.01,20.64,19.89,20.32,202408.09
2015-12-14,20.11,20.61,19.68,20.59,195704.78
2015-12-15,20.66,21.44,20.64,20.79,210911.98
2015-12-16,21.18,21.26,20.42,20.45,207775.52
2015-12-17,20.61,21.18,20.45,21.05,301073.96
2015-12-18,20.99,20.99,20.36,20.48,221009.15
2015-12-21,20.28,20.46,19.9,20.35,182663.2
2015-12-22,20.39,20.81,20.3,20.51,255298.3
2015-12-23,20.46,20.46,19.43,19.47,388500.55
2015-12-24,19.47,19.48,19.05,19.24,195687.71
2015-12-25,19.28,19.39,19.07,19.26,141713.07
2015-12-28,19.3,20.17,19.3,19.36,289055.66
2015-12-29,19.36,19.94,19.26,19.86,213276.52
2015-12-30,19.88,20.17,19.75,19.92,174582.62
2015-12-31,19.86,19.95,19.07,19.1,175808.03
2016-01-04,18.98,19.06,17.19,17.19,260040.26
2016-01-05,15.51,16.6,15.5,16.13,294243.07
2016-01-06,16.04,16.49,15.65,16.33,252908.34
2016-01-07,15.84,15.84,14.7,14.7,70759.99
2016-01-08,15.02,15.27,13.23,14.54,304600.14
2016-01-11,13.88,14.53,13.31,13.42,266838.6
2016-01-12,13.44,13.78,13.04,13.58,255960.71
2016-01-13,13.66,13.71,12.82,12.85,192086.41
2016-01-14,12.28,13.78,12.21,13.64,325655.01
2016-01-15,13.46,13.61,12.76,12.88,230459.07
2016-01-18,12.5,13.99,12.5,13.5,289256.74
2016-01-19,13.47,14.1,13.31,14.09,297398.09
2016-01-20,13.94,14.03,13.48,13.65,263671.91
2016-01-21,13.42,14.23,13.24,13.29,310922.39
2016-01-22,13.55,13.78,13.15,13.73,217260.73
2016-01-25,13.85,13.92,13.5,13.64,172035.0
2016-01-26,13.38,13.44,12.28,12.28,223349.17
2016-01-27,12.31,12.41,11.53,12.25,229394.63
2016-01-28,12.06,12.41,11.78,11.89,183089.1
2016-01-29,11.89,12.67,11.89,12.49,191662.18
2016-02-01,12.49,12.51,11.87,12.18,145976.99
2016-02-02,12.18,13.0,12.18,12.8,186560.83
2016-02-03,12.53,12.78,12.39,12.7,141296.6
2016-02-04,12.84,13.25,12.78,12.97,170262.94
2016-02-05,12.98,13.06,12.69,12.72,114652.52
2016-02-15,12.22,12.62,12.1,12.56,110710.84
2016-02-16,12.69,13.81,12.6,13.66,273300.63
2016-02-17,13.56,13.76,13.31,13.72,245068.92
2016-02-18,13.88,14.41,13.56,13.68,257091.01
2016-02-19,13.47,13.85,13.42,13.66,209729.28
2016-02-22,13.91,14.06,13.54,13.93,242323.86
2016-02-23,14.03,14.04,13.35,13.62,221504.91
2016-02-24,13.47,13.65,13.07,13.54,207893.17
2016-02-25,13.44,13.44,12.19,12.19,257531.52
2016-02-26,12.2,12.34,11.75,12.03,163165.14
2016-02-29,11.9,11.9,10.83,10.9,255740.91
2016-03-01,10.95,11.39,10.53,11.21,213337.91
2016-03-02,11.2,11.9,11.19,11.85,215159.89
2016-03-03,11.8,12.46,11.78,11.86,273432.49
2016-03-04,11.75,11.86,11.12,11.24,203447.45
2016-03-07,11.31,12.37,11.31,12.37,508646.59
2016-03-08,12.36,12.65,11.68,12.5,436234.72
2016-03-09,12.18,12.41,11.98,12.07,236679.24
2016-03-10,12.15,12.29,11.47,11.53,236900.59
2016-03-11,11.31,11.75,11.18,11.62,170492.26
2016-03-14,11.91,12.78,11.91,12.78,180673.77
2016-03-15,13.16,13.57,12.79,12.84,520284.62
2016-03-16,13.63,14.01,13.19,13.41,600434.46
2016-03-17,13.22,14.76,13.17,14.76,513389.13
2016-03-18,16.1,16.23,15.85,16.23,503444.71
2016-03-21,17.85,17.85,17.85,17.85,254553.09
2016-03-22,18.48,19.11,18.12,18.23,1260017.54
2016-03-23,18.17,18.45,17.2,18.36,1154491.22
2016-03-24,17.62,19.83,17.32,18.45,1242843.63
2016-03-25,18.11,18.29,17.22,17.62,657892.77
2016-03-28,17.54,18.11,17.29,17.84,571403.37
2016-03-29,17.79,18.48,17.29,17.78,725803.6
2016-03-30,18.1,18.55,17.65,18.31,721921.55
2016-03-31,18.11,19.55,18.05,18.28,789117.82
2016-04-01,17.86,18.35,17.55,17.85,478540.09
2016-04-05,17.94,19.63,17.89,19.63,616647.59
2016-04-06,20.02,20.04,18.84,19.09,720227.52
2016-04-07,19.13,19.17,18.3,18.39,510100.71
2016-04-08,18.18,18.64,18.04,18.45,371585.7
2016-04-11,18.83,19.05,18.36,18.39,481083.49
2016-04-12,18.14,18.16,17.64,18.01,384923.69
2016-04-13,18.19,19.05,18.11,18.35,536851.74
2016-04-14,18.47,18.79,18.12,18.69,382599.41
2016-04-15,18.78,19.42,18.58,18.85,488628.16
2016-04-18,18.08,18.31,17.9,18.13,361523.44
2016-04-19,18.33,18.68,18.06,18.25,275303.17
2016-04-20,18.29,18.6,16.92,17.4,519345.22
2016-04-21,17.24,17.29,15.95,16.11,470328.09
2016-04-22,15.98,16.46,15.88,16.38,269851.11
2016-04-25,16.21,16.21,15.62,15.99,261642.01
2016-04-26,16.01,16.6,15.92,16.55,246054.71
2016-04-27,16.61,16.67,16.19,16.22,242684.49
2016-04-28,16.21,17.29,16.14,17.02,495027.95
2016-04-29,16.86,17.39,16.63,17.1,306891.68
2016-05-03,17.07,18.32,16.94,18.12,360189.29
2016-05-04,17.92,18.34,17.86,18.04,263346.56
2016-05-05,17.96,18.58,17.96,18.4,323689.06
2016-05-06,18.46,18.76,17.4,17.43,442581.71
2016-05-09,17.11,17.12,16.29,16.51,289857.04
2016-05-10,16.76,16.76,16.3,16.46,172254.58
2016-05-11,16.6,16.77,16.19,16.49,220521.23
2016-05-12,16.2,16.68,15.83,16.66,210825.97
2016-05-13,16.51,16.68,15.72,15.9,300380.46
2016-05-16,15.73,16.22,15.73,16.11,187056.64
2016-05-17,16.2,17.72,15.86,17.44,557264.62
2016-05-18,16.92,17.01,16.32,16.59,348902.34
2016-05-19,16.64,17.72,16.64,16.91,423478.16
2016-05-20,16.7,18.52,16.64,18.35,596192.78
2016-05-23,18.2,18.84,18.03,18.45,511164.48
2016-05-24,18.26,18.34,17.91,18.21,282198.23
2016-05-25,18.79,19.38,18.19,18.22,477566.1
2016-05-26,18.17,18.89,17.39,18.74,456096.0
2016-05-27,18.48,18.64,18.06,18.09,335003.18
2016-05-30,17.8,18.15,17.51,17.69,193707.59
2016-05-31,17.94,19.46,17.84,19.25,676208.07
2016-06-01,19.16,19.97,18.78,19.43,694016.39
2016-06-02,19.2,20.07,19.1,19.69,507652.69
2016-06-03,19.51,21.66,19.35,21.08,772933.98
2016-06-06,21.27,22.63,21.08,21.88,673944.89
2016-06-07,21.72,22.3,21.46,22.04,449142.61
2016-06-08,21.94,22.49,21.49,21.56,466100.38
2016-06-13,21.18,21.87,19.64,19.75,515429.17
2016-06-14,19.67,19.83,19.08,19.66,514738.09
2016-06-15,19.26,21.33,19.26,20.47,585160.21
2016-06-16,20.42,20.67,19.86,20.05,372331.71
2016-06-17,20.23,21.19,20.23,20.45,453567.43
2016-06-20,20.53,20.83,19.83,20.69,313167.67
2016-06-21,20.97,21.52,19.98,20.17,475997.73
2016-06-22,19.98,21.08,19.89,21.08,433057.05
2016-06-23,20.93,21.14,20.36,20.75,309703.76
2016-06-24,20.73,21.24,19.67,20.6,478728.18
2016-06-27,20.71,21.18,20.55,21.04,395869.8
2016-06-28,20.79,21.14,20.42,20.91,397708.88
2016-06-29,21.03,21.39,20.65,20.83,324249.89
2016-06-30,20.77,21.4,20.73,21.01,378149.57
2016-07-01,21.08,21.15,20.2,20.35,381205.33
2016-07-04,20.02,20.93,20.01,20.48,338864.95
2016-07-05,20.45,20.49,20.05,20.28,253520.44
2016-07-06,20.26,20.57,20.08,20.32,200702.54
2016-07-07,20.22,20.27,19.63,19.87,323676.34
2016-07-08,19.88,20.09,19.73,19.87,168808.7
2016-07-11,19.75,19.98,19.37,19.48,235007.94
2016-07-12,19.47,20.22,19.13,20.2,412444.97
2016-07-13,20.39,20.39,19.83,20.05,202277.02
2016-07-14,20.09,20.3,19.87,20.03,164024.36
2016-07-15,20.11,20.18,19.41,19.55,252192.69
2016-07-18,19.41,19.74,19.16,19.5,183246.34
2016-07-19,19.51,19.75,19.41,19.67,148979.93
2016-07-20,19.76,19.78,19.52,19.54,117533.25
2016-07-21,19.55,19.92,19.51,19.56,182069.23
2016-07-22,19.34,19.47,19.16,19.2,179174.7
2016-07-25,19.18,19.46,19.16,19.3,116041.68
2016-07-26,19.3,19.92,19.3,19.8,209823.18
2016-07-27,19.83,19.87,17.99,18.25,356285.87
2016-07-28,18.25,18.44,17.39,17.82,257315.98
2016-07-29,17.76,17.87,17.35,17.68,136621.3
2016-08-01,17.69,17.69,16.9,17.24,164302.57
2016-08-02,17.29,17.48,17.19,17.41,124171.15
2016-08-03,17.37,17.37,17.1,17.25,114843.92
2016-08-04,17.23,17.55,17.18,17.43,139415.41
2016-08-05,17.42,17.96,17.34,17.49,182458.44
2016-08-08,17.37,17.92,17.23,17.9,187572.92
2016-08-09,17.87,17.97,17.72,17.96,132721.77
2016-08-10,18.03,18.21,17.78,17.88,144759.46
2016-08-11,17.78,18.42,17.78,17.91,191907.07
2016-08-12,17.84,18.02,17.47,17.85,180830.26
2016-08-15,17.91,19.64,17.91,19.64,602856.72
2016-08-16,19.51,19.89,19.26,19.74,451857.35
2016-08-17,19.76,20.08,19.26,19.37,340114.31
2016-08-18,19.2,19.47,19.11,19.23,204172.97
2016-08-19,19.23,19.47,19.03,19.25,176030.46
2016-08-22,20.14,21.08,19.77,20.1,547777.66
2016-08-23,19.54,20.34,19.54,19.75,335898.58
2016-08-24,19.8,20.28,19.57,19.62,248598.85
2016-08-25,18.94,19.12,18.5,18.78,318511.55
2016-08-26,18.94,19.06,18.6,18.65,153268.33
2016-08-29,18.69,19.03,18.61,18.76,118512.53
2016-08-30,18.91,18.91,18.68,18.77,93063.95
2016-08-31,18.73,18.84,18.38,18.63,138841.68
2016-09-01,18.64,18.97,18.56,18.63,172483.01
2016-09-02,18.67,19.04,18.58,18.82,160426.85
2016-09-05,18.88,19.04,18.62,18.69,143055.59
2016-09-06,18.54,18.94,18.0,18.87,248531.27
2016-09-07,18.74,18.87,18.52,18.56,148113.83
2016-09-08,18.47,18.87,18.44,18.57,108639.69
2016-09-09,18.6,18.68,18.19,18.2,122286.43
2016-09-12,17.75,17.87,17.4,17.44,166504.65
2016-09-13,17.69,17.76,17.47,17.51,87073.4
2016-09-14,17.4,17.9,17.33,17.63,133170.48
2016-09-19,17.73,18.17,17.72,17.91,118195.89
2016-09-20,17.94,17.94,17.69,17.77,77355.16
2016-09-21,17.84,17.87,17.7,17.77,63767.76
2016-09-22,17.99,18.09,17.83,17.85,99462.66
2016-09-23,17.86,18.03,17.61,17.62,89910.29
2016-09-26,17.62,17.72,17.31,17.37,103111.17
2016-09-27,17.37,17.6,17.31,17.59,90227.41
2016-09-28,17.59,17.59,17.45,17.47,53141.09
2016-09-29,17.56,17.65,17.44,17.47,74329.02
2016-09-30,17.52,17.61,17.49,17.6,70703.81
2016-10-10,17.79,18.39,17.79,18.24,192756.82
2016-10-11,18.27,18.33,18.04,18.2,109695.8
2016-10-12,18.16,18.16,17.91,18.03,89200.66
2016-10-13,18.09,18.25,18.0,18.16,116781.1
2016-10-14,18.02,18.06,17.81,17.94,100606.54
2016-10-17,17.94,18.02,17.48,17.62,115210.21
2016-10-18,17.56,18.03,17.56,17.93,124145.94
2016-10-19,17.93,18.06,17.77,17.82,112129.51
2016-10-20,17.81,18.25,17.75,18.09,160366.77
2016-10-21,18.03,18.03,17.72,17.85,106287.37
2016-10-24,17.81,18.31,17.75,18.09,170713.71
2016-10-25,17.97,18.36,17.97,18.19,142595.86
2016-10-26,18.06,18.16,17.95,18.06,103925.86
2016-10-27,18.21,19.25,18.21,18.47,367865.0
2016-10-28,18.31,19.16,18.3,18.64,308293.23
2016-10-31,18.63,18.65,18.29,18.58,141777.65
2016-11-01,18.6,18.94,18.6,18.79,146072.64
2016-11-02,18.79,19.29,18.68,19.02,291412.55
2016-11-03,19.01,19.23,18.76,18.97,224886.37
2016-11-04,18.98,19.27,18.63,18.67,189218.15
2016-11-07,18.64,18.79,18.37,18.6,117590.77
2016-11-08,18.94,19.0,18.63,18.68,122793.59
2016-11-09,18.68,18.72,18.01,18.21,203381.8
2016-11-10,18.44,18.61,18.31,18.45,138970.13
2016-11-11,18.57,18.74,18.19,18.74,200761.54
2016-11-14,18.74,19.26,18.61,18.77,230518.51
2016-11-15,18.78,18.94,18.52,18.85,161275.55
2016-11-16,18.98,19.17,18.72,18.76,207874.22
2016-11-17,18.63,18.73,18.43,18.64,113361.24
2016-11-18,18.69,18.69,18.39,18.43,86918.61
2016-11-21,18.31,18.49,18.25,18.4,99765.45
2016-11-22,18.4,18.8,18.25,18.67,157027.97
2016-11-23,18.69,18.78,18.44,18.48,136692.57
2016-11-24,18.36,18.41,18.11,18.15,117914.38
2016-11-25,18.12,18.31,17.78,18.22,121474.65
2016-11-28,18.39,18.72,18.25,18.29,161031.66
2016-11-29,18.19,18.19,17.8,17.82,184181.64
2016-11-30,17.67,18.34,17.66,17.96,150729.42
2016-12-01,17.89,17.92,17.79,17.86,78334.24
2016-12-02,17.87,17.98,17.63,17.64,88826.09
2016-12-05,17.47,17.81,17.32,17.35,92751.13
2016-12-06,17.46,17.57,17.3,17.34,66439.42
2016-12-07,17.36,17.43,17.12,17.37,72330.21
2016-12-08,17.46,17.48,17.15,17.16,66285.33
2016-12-09,17.15,17.21,16.59,16.64,149004.95
2016-12-12,16.46,16.51,14.98,14.98,270469.18
2016-12-13,14.91,14.93,14.41,14.81,135980.56
2016-12-14,14.75,14.75,14.41,14.48,144571.07
2016-12-15,14.44,14.82,14.32,14.6,107584.73
2016-12-16,14.61,16.06,14.61,15.67,351339.76
2016-12-19,15.29,15.47,15.13,15.28,151638.18
2016-12-20,15.36,15.67,15.26,15.32,108328.73
2016-12-21,15.44,15.53,15.11,15.28,94665.78
2016-12-22,15.3,15.4,15.08,15.28,75252.82
2016-12-23,15.27,15.4,14.94,14.95,74632.61
2016-12-26,14.88,15.0,14.38,14.99,105435.32
2016-12-27,15.0,15.1,14.89,14.9,48271.53
2016-12-28,14.9,14.91,14.69,14.73,59569.31
2016-12-29,14.69,15.18,14.65,14.88,108498.17
2016-12-30,14.79,15.0,14.75,14.83,52563.72
2017-01-03,14.95,15.14,14.89,15.1,74774.4
2017-01-04,15.16,15.29,15.01,15.19,98661.57
2017-01-05,15.2,15.23,15.08,15.08,66933.85
2017-01-06,15.01,15.07,14.65,14.67,100728.34
2017-01-09,14.64,14.81,14.59,14.76,58606.41
2017-01-10,14.77,14.84,14.62,14.65,54610.43
2017-01-11,14.35,14.59,14.22,14.28,104162.27
2017-01-12,14.29,14.47,14.26,14.31,64891.49
2017-01-13,14.31,14.37,13.74,13.78,123067.21
2017-01-18,13.53,13.53,13.03,13.33,134957.9
2017-01-19,13.21,13.48,13.12,13.33,74568.74
2017-01-20,13.31,13.94,13.28,13.74,131767.83
2017-01-23,13.75,13.93,13.73,13.79,72021.21
2017-01-24,13.75,13.78,13.61,13.65,41267.29
2017-01-25,13.71,13.85,13.61,13.69,54524.01
2017-01-26,13.77,13.98,13.75,13.93,78328.61
2017-02-03,13.99,14.0,13.71,13.81,44183.25
2017-02-06,13.82,13.94,13.74,13.88,44284.87
2017-02-07,13.86,13.87,13.64,13.7,56492.51
2017-02-08,13.72,14.09,13.7,14.03,125702.33
2017-02-09,14.08,14.25,13.97,14.08,92402.23
2017-02-10,14.1,14.15,13.98,14.04,80974.65
2017-02-13,13.95,14.47,13.85,14.13,149315.96
2017-02-14,14.05,14.26,14.0,14.15,88763.93
2017-02-15,14.33,14.48,14.1,14.18,180492.12
2017-02-16,14.07,14.19,14.0,14.11,86704.77
2017-02-17,14.07,14.41,13.94,13.95,133331.78
2017-02-20,13.96,13.98,13.63,13.93,97815.88
2017-02-21,13.9,14.24,13.9,14.11,107954.09
2017-02-22,14.11,14.29,14.07,14.2,86574.71
2017-02-23,14.16,14.24,14.01,14.23,89628.86
2017-02-24,14.25,15.01,14.2,14.56,219941.7
2017-02-27,14.7,15.0,14.51,14.69,181807.27
2017-02-28,14.54,14.75,14.48,14.65,91292.7
2017-03-01,14.54,15.01,14.54,14.81,173339.79
2017-03-02,14.8,14.99,14.61,14.62,120562.02
2017-03-03,14.59,14.59,14.38,14.47,77551.4
2017-03-06,14.44,14.63,14.38,14.59,68147.37
2017-03-07,14.6,14.69,14.49,14.67,79670.05
2017-03-08,14.69,14.72,14.41,14.43,75640.04
2017-03-09,14.38,14.41,14.16,14.18,79644.9
2017-03-10,14.18,14.26,13.8,13.84,110499.42
2017-03-13,13.74,14.2,13.74,14.13,106478.6
2017-03-14,14.16,14.28,13.99,14.2,95831.8
2017-03-15,14.15,14.26,14.06,14.16,55915.8
2017-03-16,14.11,14.33,14.11,14.19,79946.8
2017-03-17,14.19,14.52,14.04,14.06,169194.63
2017-03-20,14.08,14.1,13.87,13.97,69489.99
2017-03-21,13.97,14.05,13.92,13.99,44572.41
2017-03-22,13.93,13.93,13.47,13.54,158475.52
2017-03-23,13.56,13.67,13.34,13.49,89925.78
2017-03-24,13.5,13.78,13.44,13.67,77901.1
2017-03-27,13.63,13.65,13.5,13.56,59894.16
2017-03-28,13.55,13.92,13.52,13.7,106587.16
2017-03-29,13.72,13.73,13.5,13.51,65841.37
2017-03-30,13.52,13.59,13.15,13.18,94715.22
2017-03-31,13.19,13.37,13.19,13.3,48728.75
2017-04-05,13.22,13.53,13.17,13.47,97868.64
2017-04-06,13.45,13.47,13.3,13.35,68908.56
2017-04-07,13.35,13.35,13.19,13.24,72552.45
2017-04-10,13.24,13.24,12.65,12.68,145794.22
2017-04-11,12.68,12.78,12.52,12.76,109529.93
2017-04-12,12.61,12.83,12.56,12.58,71284.17
2017-04-13,12.6,12.76,12.57,12.62,63173.33
2017-04-14,12.6,13.08,12.6,12.79,135936.86
2017-04-17,12.56,12.72,12.36,12.63,72534.4
2017-04-18,12.61,12.71,12.37,12.37,69711.29
2017-04-19,12.27,12.27,11.91,11.99,91966.12
2017-04-20,12.0,12.52,11.96,12.39,151502.58
2017-04-21,12.29,12.3,12.02,12.04,88537.69
2017-04-24,12.02,12.08,11.58,11.88,98594.09
2017-04-25,11.96,12.16,11.71,11.9,88924.59
2017-04-26,11.92,12.16,11.91,12.06,79487.76
2017-04-27,12.04,12.43,11.8,12.33,157661.81
2017-04-28,12.27,12.37,12.18,12.27,70008.26
2017-05-02,12.28,12.35,12.22,12.29,50065.96
2017-05-03,12.24,12.32,12.01,12.08,75187.13
2017-05-04,11.97,12.21,11.89,12.01,75726.77
2017-05-05,11.99,12.04,11.77,11.78,90799.06
2017-05-08,11.78,12.16,11.71,12.02,122110.78
2017-05-09,11.94,12.26,11.87,12.18,121745.48
2017-05-10,12.22,12.44,11.82,11.83,139222.37
2017-05-11,11.61,11.85,11.15,11.66,149513.22
2017-05-12,11.56,11.77,11.38,11.55,92188.12
2017-05-15,11.71,11.75,11.46,11.55,51444.12
2017-05-16,11.51,11.93,11.27,11.92,104563.09
2017-05-17,12.0,12.43,11.83,12.05,156777.0
2017-05-18,11.88,12.05,11.8,11.89,76407.97
2017-05-19,11.92,12.08,11.8,12.03,74197.68
2017-05-22,12.01,12.13,11.58,11.62,84861.06
2017-05-23,11.61,11.75,11.33,11.38,80815.15
2017-05-24,11.39,11.61,11.2,11.58,68153.05
2017-05-25,11.53,11.93,11.39,11.86,114446.52
2017-05-26,11.85,12.06,11.81,11.83,75489.52
2017-05-31,11.99,12.05,11.77,11.79,85802.39
2017-06-01,11.71,11.75,11.39,11.41,88331.02
2017-06-02,11.37,11.88,11.32,11.79,89819.37
2017-06-05,11.83,12.04,11.76,11.94,93494.21
2017-06-06,11.95,12.61,11.81,12.56,267022.73
2017-06-07,12.43,13.0,12.38,12.69,263850.81
2017-06-08,12.62,13.82,12.62,13.38,332415.68
2017-06-09,13.38,13.72,13.08,13.31,229760.43
2017-06-12,13.28,13.81,13.25,13.35,201752.92
2017-06-13,13.27,13.69,13.21,13.53,194061.03
2017-06-14,13.42,13.51,13.17,13.28,145571.76
2017-06-15,13.24,14.27,13.24,14.16,346350.63
2017-06-16,14.04,14.18,13.85,13.89,177529.53
2017-06-19,13.85,14.14,13.66,13.88,151102.73
2017-06-20,13.89,14.19,13.77,13.95,169059.52
2017-06-21,14.04,14.59,14.0,14.15,256997.73
2017-06-22,14.13,14.35,13.38,13.4,293757.4
2017-06-23,13.38,13.78,13.38,13.74,197757.0
2017-06-26,13.78,14.25,13.58,14.18,215886.81
2017-06-27,14.2,14.59,14.06,14.31,198976.82
2017-06-28,14.19,14.34,13.97,14.14,138508.78
2017-06-29,14.18,15.13,14.18,14.84,402266.07
2017-06-30,14.67,14.79,14.53,14.73,180100.3
2017-07-03,14.71,14.92,14.53,14.79,171657.82
2017-07-04,14.67,14.69,14.25,14.33,238390.21
2017-07-05,14.23,14.44,14.06,14.38,183834.4
2017-07-06,14.32,14.51,14.16,14.2,178654.09
2017-07-07,14.17,14.37,14.06,14.13,164702.67
2017-07-10,14.04,14.24,13.71,13.75,174576.89
2017-07-11,13.69,14.0,13.63,13.76,127302.83
2017-07-12,13.73,13.83,13.33,13.6,154702.07
2017-07-13,13.6,13.84,13.47,13.79,119630.8
2017-07-14,13.79,13.79,13.45,13.48,99459.89
2017-07-17,13.24,13.24,12.13,12.13,347475.21
2017-07-18,12.11,12.42,11.72,12.23,157990.92
2017-07-19,12.12,12.45,12.0,12.43,130425.9
2017-07-20,12.4,12.74,12.34,12.38,144583.09
2017-07-21,12.59,12.84,12.45,12.49,127409.04
2017-07-24,12.34,12.7,12.2,12.62,94972.17
2017-07-25,12.6,12.81,12.3,12.62,99618.12
2017-07-26,12.59,12.89,12.53,12.78,115099.9
2017-07-27,12.64,13.74,12.62,13.68,279914.15
2017-07-28,13.65,13.7,13.36,13.41,147479.61
2017-07-31,13.26,13.53,13.15,13.33,132898.23
2017-08-01,13.33,13.48,13.18,13.44,115193.34
2017-08-02,13.36,13.68,13.21,13.49,158054.51
2017-08-03,13.45,14.23,13.26,13.72,275046.47
2017-08-04,13.57,13.81,13.4,13.43,147447.63
2017-08-07,13.39,13.7,13.34,13.46,81615.52
2017-08-08,13.43,14.02,13.41,13.97,218524.46
2017-08-09,13.88,13.91,13.63,13.74,122126.93
2017-08-10,13.7,14.09,13.61,13.74,165567.54
2017-08-11,13.54,13.63,13.14,13.18,172827.73
2017-08-14,13.19,14.2,13.19,14.07,335563.63
2017-08-15,14.16,14.16,13.86,14.05,154865.15
2017-08-16,13.9,14.69,13.74,14.43,342568.62
2017-08-17,14.29,15.71,14.21,15.22,477542.99
2017-08-18,15.08,15.46,14.77,14.91,277178.29
2017-08-21,14.83,15.26,14.67,14.92,247615.45
2017-08-22,14.85,15.92,14.77,15.67,417825.63
2017-08-23,15.46,15.64,15.11,15.3,235232.07
2017-08-24,15.14,15.24,14.67,14.83,257346.31
2017-08-25,14.92,15.16,14.63,15.0,225308.65
2017-08-28,14.86,15.98,14.86,15.52,400900.44
2017-08-29,15.38,15.76,15.31,15.41,186959.12
2017-08-30,15.46,16.15,15.37,15.9,323877.78
2017-08-31,16.37,16.56,15.86,16.2,327614.64
2017-09-01,16.27,17.82,16.0,17.36,559672.01
2017-09-04,17.35,18.27,17.18,17.6,457057.82
2017-09-05,17.44,17.81,17.01,17.41,285157.75
2017-09-06,17.23,17.88,17.14,17.83,284033.78
2017-09-07,17.77,18.47,17.03,17.21,425786.39
2017-09-08,17.05,17.32,16.88,17.14,242639.76
2017-09-11,16.96,17.19,16.9,17.12,170889.66
2017-09-12,17.12,17.62,16.66,17.2,364977.26
2017-09-13,17.07,17.21,16.86,17.02,135718.47
2017-09-14,17.07,17.21,16.63,16.66,187930.79
2017-09-15,16.58,16.99,16.41,16.55,200046.65
2017-09-18,16.6,17.1,16.57,17.05,179851.48
2017-09-19,17.1,17.34,16.78,16.82,144704.11
2017-09-20,16.72,17.22,16.58,17.21,192606.21
2017-09-21,17.18,17.38,16.86,16.9,181358.97
2017-09-22,16.74,16.74,16.25,16.27,186290.67
2017-09-25,16.13,16.5,15.92,15.95,117429.58
2017-09-26,15.93,16.22,15.89,16.17,95833.85
2017-09-27,16.17,16.27,16.04,16.18,90361.86
2017-09-28,16.06,16.37,16.02,16.07,99809.11
2017-09-29,16.05,16.28,16.05,16.1,70659.11
2017-10-09,16.66,16.72,16.34,16.62,128671.33
2017-10-10,16.68,17.55,16.6,17.31,246967.8
2017-10-11,17.27,17.28,16.84,17.07,153012.48
2017-10-12,17.04,17.54,16.91,17.13,139418.9
2017-10-13,17.04,17.19,16.84,17.05,90540.45
2017-10-16,17.06,17.35,16.27,16.29,186796.26
2017-10-17,16.17,16.47,16.09,16.31,98771.51
2017-10-18,16.36,16.42,15.87,15.98,117119.77
2017-10-19,16.01,16.14,15.33,15.48,151280.42
2017-10-20,15.45,15.77,15.44,15.71,75391.46
2017-10-23,15.72,16.04,15.72,15.92,72741.24
2017-10-24,15.93,15.98,15.51,15.78,80542.06
2017-10-25,15.84,16.33,15.79,16.24,120601.04
2017-10-26,16.16,16.58,16.1,16.54,137032.49
2017-10-27,16.56,16.56,16.25,16.44,93259.29
2017-10-30,16.41,16.62,15.9,15.92,128741.24
2017-10-31,15.93,16.22,15.87,16.12,84131.26
2017-11-01,16.13,16.94,16.02,16.61,167332.49
2017-11-02,16.65,17.15,16.5,16.83,236400.02
2017-11-03,16.83,17.07,16.43,16.67,177346.91
2017-11-06,16.66,17.2,16.56,17.18,203693.97
2017-11-07,17.11,17.27,16.91,17.25,189990.23
2017-11-08,17.35,17.35,16.82,16.83,193956.08
2017-11-09,16.72,16.97,16.66,16.88,121137.62
2017-11-10,16.85,17.89,16.79,17.87,355178.41
2017-11-13,17.73,18.24,17.54,18.14,291405.52
2017-11-14,17.99,18.09,17.63,17.77,203990.31
2017-11-15,17.67,17.98,17.0,17.02,233388.95
2017-11-16,16.95,17.29,16.88,17.01,144261.63
2017-11-17,17.13,17.57,16.33,16.45,255521.16
2017-11-20,16.09,16.35,15.49,16.2,202286.77
2017-11-21,16.18,16.81,16.09,16.49,199896.8
2017-11-22,16.37,16.94,16.25,16.51,170513.75
2017-11-23,16.35,16.45,15.74,15.78,154824.4
2017-11-24,15.62,15.97,15.43,15.46,120566.67
2017-11-27,15.56,15.9,15.1,15.25,124886.49
2017-11-28,15.29,15.66,15.21,15.61,100691.27
2017-11-29,15.62,15.62,15.02,15.3,110655.6
2017-11-30,15.15,15.3,14.77,14.82,120668.74
2017-12-01,14.89,15.24,14.83,15.11,102368.25
2017-12-04,15.05,15.1,14.85,14.92,74850.3
2017-12-05,14.92,15.08,13.53,13.87,231788.37
2017-12-06,13.94,14.22,13.79,14.18,110467.87
2017-12-07,14.1,14.38,14.05,14.15,81823.69
2017-12-08,14.19,14.41,14.11,14.13,98481.37
2017-12-11,14.36,15.52,14.29,15.31,253667.46
2017-12-12,15.11,15.6,14.98,15.3,193197.16
2017-12-13,15.19,15.6,15.15,15.38,111757.25
2017-12-14,15.36,15.84,15.34,15.52,125216.9
2017-12-15,15.53,15.61,14.86,14.94,133492.56
2017-12-18,15.07,15.51,14.95,15.05,123512.74
2017-12-19,15.18,15.9,15.18,15.76,223424.23
2017-12-20,15.68,15.71,15.31,15.43,135691.2
2017-12-21,15.4,15.63,15.19,15.47,108087.95
2017-12-22,15.48,15.67,15.04,15.05,119903.7
2017-12-25,14.99,15.17,14.45,14.51,137923.28
2017-12-26,14.63,14.86,14.37,14.79,81588.29
2017-12-27,14.83,14.94,14.47,14.59,77814.79
2017-12-28,14.61,14.83,14.43,14.64,74018.17
2017-12-29,14.6,14.73,14.36,14.64,104552.94
2018-01-02,14.66,15.09,14.58,15.01,112652.65
2018-01-03,15.01,15.18,14.86,15.16,108955.07
2018-01-04,15.08,15.31,14.93,15.07,100217.48
2018-01-05,15.4,15.56,15.11,15.17,151438.89
2018-01-08,15.24,15.25,14.67,15.11,147321.4
2018-01-09,15.09,15.09,14.77,14.91,90512.85
2018-01-10,15.03,16.34,15.03,15.97,378787.22
2018-01-11,16.08,17.2,15.9,16.89,478173.48
2018-01-12,16.89,16.89,16.07,16.15,319450.43
2018-01-15,15.74,15.89,15.36,15.56,245082.42
2018-01-16,15.65,15.9,15.55,15.85,153321.49
2018-01-17,15.31,15.41,14.89,15.16,195904.53
2018-01-18,15.14,15.28,14.96,15.01,95102.89
2018-01-19,15.02,15.48,14.99,15.3,125721.15
2018-01-22,15.29,16.23,15.17,15.99,226144.85
2018-01-23,15.87,15.96,15.69,15.9,119382.04
2018-01-24,15.9,16.8,15.78,16.61,330701.42
2018-01-25,16.56,16.82,16.05,16.07,223360.38
2018-01-26,16.06,16.39,15.93,16.21,140588.74
2018-01-29,16.21,16.38,15.61,15.91,150744.82
2018-01-30,16.09,16.49,15.77,16.47,176899.05
2018-01-31,16.27,16.41,15.97,16.25,178731.68
2018-02-01,16.31,16.55,14.95,15.39,237826.41
2018-02-02,15.46,15.71,14.99,15.48,131154.63
2018-02-05,15.08,15.42,15.01,15.17,86270.15
2018-02-06,14.61,14.83,13.66,13.66,237717.6
2018-02-07,14.06,14.19,13.22,13.81,170133.42
2018-02-08,13.83,14.2,13.74,14.08,100830.99
2018-02-09,13.48,13.82,13.09,13.7,145927.62
2018-02-12,13.79,14.19,13.79,14.12,95484.85
2018-02-13,14.26,14.4,13.98,14.06,84912.71
2018-02-14,14.07,14.13,13.84,14.02,52867.12
2018-02-22,14.2,14.62,14.15,14.51,99420.7
2018-02-23,14.46,14.6,14.32,14.45,63852.04
2018-02-26,14.59,14.94,14.53,14.83,121045.51
2018-02-27,14.99,15.46,14.85,14.89,158552.34
2018-02-28,14.83,15.3,14.61,15.06,121426.5
2018-03-01,14.99,15.92,14.94,15.91,322846.06
2018-03-02,15.74,15.93,15.4,15.54,219108.77
2018-03-05,15.89,16.2,15.73,15.99,221166.19
2018-03-06,16.11,16.68,16.03,16.2,308254.79
2018-03-07,15.89,15.98,15.65,15.66,188040.95
2018-03-08,15.67,16.02,15.67,15.77,125072.82
2018-03-09,15.8,16.55,15.73,16.42,257073.57
2018-03-12,16.4,17.07,16.4,16.49,278666.5
2018-03-13,16.47,17.1,16.28,16.83,283264.47
2018-03-14,16.68,16.83,16.15,16.22,184621.43
2018-03-15,16.21,16.57,16.0,16.53,165037.15
2018-03-16,17.15,17.5,16.63,16.66,290338.12
2018-03-19,16.41,16.96,16.24,16.58,184562.55
2018-03-20,16.17,16.75,16.06,16.59,156292.75
2018-03-21,16.53,16.88,15.96,16.0,185086.55
2018-03-22,16.09,16.68,16.01,16.28,192113.63
2018-03-23,15.6,15.99,14.95,15.52,243135.51
2018-03-26,15.33,16.25,15.33,16.21,173399.12
2018-03-27,16.56,17.84,16.5,17.84,320310.8
2018-03-28,18.17,18.84,17.94,18.39,631152.94
2018-03-29,18.34,18.7,17.89,18.18,345746.58
2018-03-30,18.51,18.99,18.36,18.86,398533.75
2018-04-02,19.24,20.72,19.09,19.83,479150.66
2018-04-03,19.61,20.51,19.51,20.5,321892.85
2018-04-04,20.75,20.75,19.46,19.5,279817.59
2018-04-09,19.55,20.26,19.17,19.7,242019.04
2018-04-10,19.76,19.85,18.66,19.24,275145.77
2018-04-11,19.32,20.02,19.22,19.36,222978.63
2018-04-12,19.53,19.93,19.21,19.27,176853.53
2018-04-13,19.53,20.68,19.52,20.19,330072.3
2018-04-16,20.19,21.26,19.72,21.24,433433.05
2018-04-17,20.85,21.08,19.25,20.02,355799.81
2018-04-18,20.03,20.88,19.22,20.48,340985.65
2018-04-19,20.21,20.26,19.38,19.45,266867.07
2018-04-20,19.38,19.78,18.62,18.66,292466.91
2018-04-23,18.9,19.03,17.95,18.49,225989.33
2018-04-24,18.54,19.24,18.2,19.14,259354.85
2018-04-25,18.8,19.62,18.78,19.17,200676.41
2018-04-26,19.09,19.38,18.61,18.66,152726.79
2018-04-27,18.85,19.41,18.2,19.21,208328.02
2018-05-02,19.15,19.86,19.14,19.54,203160.58
2018-05-03,19.4,19.81,18.77,19.8,194359.63
2018-05-04,19.69,20.06,19.46,19.47,156497.75
2018-05-07,19.66,20.39,19.59,20.32,219787.43
2018-05-08,20.23,20.66,20.0,20.3,150196.8
2018-05-09,20.32,20.33,19.72,19.79,146773.06
2018-05-10,19.79,19.87,18.94,19.13,204255.88
2018-05-11,19.15,19.34,18.84,18.93,139898.03
2018-05-14,18.99,19.12,18.45,18.67,158142.49
2018-05-15,18.74,19.14,18.62,19.14,129529.63
2018-05-16,19.02,19.11,18.68,18.72,114039.44
2018-05-17,18.68,18.9,18.51,18.61,76389.05
2018-05-18,18.65,18.82,18.24,18.72,112415.38
2018-05-21,18.84,19.42,18.84,19.29,157517.36
2018-05-22,19.21,19.27,18.88,19.17,103733.19
2018-05-23,19.12,19.83,19.0,19.41,194919.1
2018-05-24,19.65,20.44,19.43,20.15,262038.91
2018-05-25,20.01,20.14,19.6,19.94,149438.52
2018-05-28,19.97,19.97,19.06,19.09,165639.9
2018-05-29,19.09,19.43,18.8,18.83,110910.68
2018-05-30,18.39,18.68,18.02,18.09,182469.95
2018-05-31,18.3,18.47,17.67,18.29,130558.03
2018-06-01,18.13,18.57,18.03,18.29,102099.68
2018-06-04,18.41,18.47,17.38,17.49,186307.34
2018-06-05,17.45,17.94,17.44,17.91,111404.93
2018-06-06,17.94,18.39,17.91,18.18,109074.76
2018-06-07,18.39,18.69,18.13,18.14,98296.45
2018-06-08,18.21,18.33,17.73,18.03,93058.91
2018-06-11,18.03,18.39,17.87,18.35,90938.32
2018-06-12,18.43,18.46,17.82,18.3,105663.52
2018-06-13,18.25,18.3,17.8,17.81,86736.54
2018-06-14,17.75,18.0,17.59,17.6,78481.81
2018-06-15,17.59,17.7,16.76,16.82,160420.06
2018-06-19,16.44,16.44,15.14,15.53,204830.78
2018-06-20,15.37,16.01,15.37,15.77,142778.83
2018-06-21,15.67,15.83,14.86,14.94,148668.88
2018-06-22,14.69,15.47,14.58,15.29,106070.23
2018-06-25,15.47,15.6,15.12,15.22,104093.0
2018-06-26,15.05,15.99,14.98,15.83,132087.0
2018-06-27,15.78,15.97,15.6,15.75,111712.31
2018-06-28,15.8,16.0,15.6,15.72,93969.52
2018-06-29,15.74,16.89,15.74,16.78,162459.69
2018-07-02,16.67,17.09,16.49,16.74,147591.33
2018-07-03,16.84,17.61,16.68,17.46,151105.35
2018-07-04,17.39,17.4,16.79,16.93,112087.31
2018-07-05,16.9,17.19,16.73,16.79,88911.3
2018-07-06,16.85,17.17,15.11,15.11,434805.3
2018-07-09,15.52,15.96,15.28,15.78,230453.13
2018-07-10,15.91,16.09,15.68,16.02,151432.5
2018-07-11,15.72,15.9,15.3,15.68,116739.38
2018-07-12,15.82,16.8,15.79,16.46,159219.88
2018-07-13,16.54,16.7,16.32,16.49,95110.46
2018-07-16,16.39,16.49,16.04,16.28,119712.74
2018-07-17,16.27,16.27,15.69,16.09,116209.47
2018-07-18,16.17,16.42,15.99,16.06,90831.11
2018-07-19,15.94,16.37,15.75,16.1,93184.89
2018-07-20,16.03,16.64,15.88,16.53,174575.62
2018-07-23,16.51,17.24,16.45,16.96,175818.53
2018-07-24,16.96,17.51,16.88,17.08,167921.83
2018-07-25,17.12,17.43,16.94,17.05,99896.7
2018-07-26,17.02,17.1,16.49,16.67,102222.7
2018-07-27,16.64,16.75,16.36,16.49,77385.59
2018-07-30,16.48,16.74,15.99,16.16,90079.99
2018-07-31,16.1,16.33,15.99,16.22,57874.31
2018-08-01,16.28,16.52,16.1,16.14,59338.43
2018-08-02,16.04,16.1,14.91,15.62,129083.65
2018-08-03,15.49,15.69,15.23,15.27,55072.49
2018-08-06,15.32,15.42,14.86,15.06,65629.69
2018-08-07,15.06,15.37,14.54,15.36,122842.21
2018-08-08,15.28,15.31,14.68,14.71,100639.88
2018-08-09,14.7,15.63,14.64,15.52,142896.91
2018-08-10,15.47,15.98,15.47,15.85,136231.17
2018-08-13,15.57,16.52,15.54,16.43,154189.67
2018-08-14,16.33,16.43,16.05,16.16,74619.04
2018-08-15,16.16,16.36,15.62,15.76,89075.18
2018-08-16,15.64,16.15,15.39,15.79,91215.51
2018-08-17,16.01,16.23,15.48,15.56,83576.44
2018-08-20,15.6,16.18,15.4,16.17,94770.23
2018-08-21,16.16,16.26,15.88,16.14,92423.48
2018-08-22,16.06,16.43,15.98,16.11,64706.75
2018-08-23,16.61,17.17,16.61,17.02,244847.48
2018-08-24,16.89,17.49,16.82,17.34,220392.84
2018-08-27,17.32,17.61,17.21,17.43,160536.51
2018-08-28,17.37,17.72,17.21,17.37,115762.29
2018-08-29,17.44,17.48,17.06,17.22,76814.9
2018-08-30,17.25,17.35,16.93,17.16,79312.28
2018-08-31,17.17,17.28,16.84,16.91,83836.59
2018-09-03,16.91,17.85,16.64,17.79,169386.11
2018-09-04,17.7,18.19,17.48,17.92,175910.51
2018-09-05,17.75,18.01,17.5,17.59,111891.59
2018-09-06,17.58,18.53,17.58,17.88,186313.07
2018-09-07,17.91,18.19,16.81,17.16,202320.56
2018-09-10,17.12,17.37,16.71,16.71,119500.78
2018-09-11,16.77,17.22,16.67,17.04,85211.18
2018-09-12,17.04,17.53,16.96,17.18,107555.25
2018-09-13,17.31,17.62,16.76,17.21,132100.38
2018-09-14,17.29,17.34,16.39,16.46,168833.03
2018-09-17,16.36,16.74,16.28,16.42,75212.4
2018-09-18,16.39,16.75,16.01,16.67,124572.34
2018-09-19,16.64,17.16,16.45,16.9,138517.39
2018-09-20,17.07,17.3,16.9,16.97,100340.36
2018-09-21,17.07,17.42,16.76,17.39,120932.27
2018-09-25,17.28,17.69,17.22,17.52,104788.38
2018-09-26,17.45,17.74,17.24,17.51,116198.04
2018-09-27,17.53,17.68,17.36,17.5,86390.08
2018-09-28,17.51,17.61,17.08,17.5,115020.22
2018-10-08,17.07,17.23,16.61,16.67,105667.22
2018-10-09,16.71,16.98,15.85,16.25,142576.98
2018-10-10,16.25,16.32,15.75,16.15,88069.37
2018-10-11,15.43,15.66,14.58,14.9,167153.85
2018-10-12,14.79,15.24,14.48,15.03,118966.71
2018-10-15,15.04,15.37,15.01,15.01,77306.6
2018-10-16,15.01,15.22,14.04,14.37,122219.16
2018-10-17,14.64,14.92,14.13,14.78,113795.73
2018-10-18,14.64,15.05,14.49,14.64,100642.23
2018-10-19,14.46,15.52,14.39,15.44,156785.19
2018-10-22,15.9,16.9,15.75,16.55,241755.99
2018-10-23,16.67,16.82,16.29,16.43,123939.18
2018-10-24,16.41,16.66,16.13,16.44,109562.15
2018-10-25,15.86,16.16,15.5,16.06,162979.31
2018-10-26,16.29,16.29,14.83,15.28,191344.39
2018-10-29,15.06,15.06,13.82,14.32,186912.31
2018-10-30,14.19,14.93,13.69,14.81,165554.66
2018-10-31,14.72,15.06,14.55,14.81,94837.07
2018-11-01,15.26,15.64,15.06,15.12,174078.6
2018-11-02,15.79,16.15,15.79,16.08,209634.15
2018-11-05,15.85,16.13,15.5,15.84,120161.51
2018-11-06,15.82,16.19,15.53,16.16,123693.31
2018-11-07,16.07,16.27,15.93,16.07,119114.37
2018-11-08,16.25,16.28,15.51,15.54,111467.12
2018-11-09,15.52,15.98,15.46,15.78,90131.73
2018-11-12,15.79,17.23,15.62,17.12,236867.98
2018-11-13,16.94,18.12,16.9,17.56,282649.66
2018-11-14,17.57,18.0,17.42,17.69,159702.97
2018-11-15,17.71,18.1,17.4,17.91,156986.26
2018-11-16,17.94,18.65,17.94,18.35,193549.3
2018-11-19,18.32,18.37,17.83,18.13,105656.28
2018-11-20,17.82,18.03,17.56,17.72,108837.55
2018-11-21,17.56,17.87,17.43,17.69,88935.85
2018-11-22,17.69,18.04,17.51,17.72,89989.69
2018-11-23,17.73,17.74,16.78,16.86,133006.55
2018-11-26,16.84,17.08,16.71,16.8,72362.99
2018-11-27,16.94,17.36,16.87,17.16,95896.84
2018-11-28,17.12,17.53,16.76,17.39,116974.02
2018-11-29,17.53,17.75,16.79,16.81,112939.81
2018-11-30,16.86,17.18,16.82,17.18,71534.35
2018-12-03,18.08,18.23,17.74,17.81,140569.7
2018-12-04,17.83,17.93,17.56,17.89,78227.57
2018-12-05,17.51,17.85,17.43,17.7,66343.14
2018-12-06,17.56,17.56,17.09,17.16,78021.23
2018-12-07,17.32,17.6,17.25,17.55,63287.88
2018-12-10,17.43,17.94,17.43,17.87,82822.85
2018-12-11,18.0,18.0,17.42,17.61,62413.71
2018-12-12,17.63,17.74,17.43,17.55,33535.19
2018-12-13,17.62,17.96,17.31,17.79,106241.38
2018-12-14,17.72,17.72,17.21,17.21,80973.52
2018-12-17,17.07,17.15,16.8,16.97,63382.4
2018-12-18,16.83,17.02,16.5,16.77,71255.52
2018-12-19,16.78,16.95,16.55,16.56,52206.94
2018-12-20,16.64,16.95,16.57,16.92,67292.22
2018-12-21,16.84,17.04,16.67,16.9,54490.94
2018-12-24,16.93,17.23,16.84,17.02,56607.8
2018-12-25,16.89,17.21,16.64,17.08,79503.93
2018-12-26,16.99,17.18,16.88,17.08,63887.08
2018-12-27,17.34,17.62,16.98,17.0,91580.53
2018-12-28,17.08,17.1,16.01,16.48,139334.65
2019-01-02,16.4,16.41,15.94,16.02,80077.62
2019-01-03,15.86,16.54,15.85,16.19,96857.65
2019-01-04,16.0,17.03,15.96,16.9,94663.59
2019-01-07,17.05,17.69,16.96,17.52,146383.69
2019-01-08,17.5,17.74,17.33,17.44,86175.27
2019-01-09,17.55,17.78,17.28,17.29,97293.12
2019-01-10,17.36,17.72,17.3,17.42,79394.58
2019-01-11,17.44,17.77,17.31,17.75,83624.63
2019-01-14,17.75,18.03,17.5,17.58,70512.9
2019-01-15,17.5,18.37,17.36,18.34,128539.48
2019-01-16,19.68,19.96,18.52,18.73,261788.38
2019-01-17,18.77,19.0,18.42,18.44,97175.58
2019-01-18,18.39,18.89,18.39,18.88,90035.82
2019-01-21,18.9,19.68,18.58,19.04,131192.42
2019-01-22,19.02,19.18,18.5,18.65,73114.04
2019-01-23,18.65,18.78,18.37,18.47,88720.93
2019-01-24,18.61,19.25,18.5,18.92,138752.46
2019-01-25,18.92,19.16,18.74,18.76,81532.92
2019-01-28,18.99,19.75,18.93,19.3,157048.06
2019-01-29,20.13,20.45,19.77,20.21,237670.71
2019-01-30,20.21,20.7,19.88,19.96,150420.82
2019-01-31,20.19,20.21,19.59,19.77,105239.62
2019-02-01,19.94,20.92,19.86,20.85,166282.57
2019-02-11,21.24,21.87,21.08,21.87,240082.96
2019-02-12,21.65,21.8,21.43,21.56,147087.92
2019-02-13,21.56,22.24,21.46,21.71,182624.33
2019-02-14,21.68,21.92,21.44,21.63,129422.42
2019-02-15,21.62,21.86,21.23,21.27,143471.97
2019-02-18,21.46,22.51,21.46,22.51,218443.18
2019-02-19,22.71,22.86,21.91,22.38,200017.18
2019-02-20,22.32,22.35,21.58,22.0,144627.09
2019-02-21,21.94,23.3,21.87,22.41,240747.87
2019-02-22,22.38,24.65,22.02,24.65,268216.82
2019-02-25,27.12,27.12,27.12,27.12,66146.48
2019-02-26,29.81,29.81,27.25,27.58,634603.97
2019-02-27,27.63,28.52,26.63,27.25,387682.43
2019-02-28,27.01,27.75,26.34,27.4,236839.35
2019-03-01,27.74,29.06,27.1,27.98,311649.19
2019-03-04,28.5,29.7,27.49,27.99,394514.0
2019-03-05,27.31,27.89,27.1,27.77,240350.66
2019-03-06,27.83,28.62,27.42,28.43,324487.88
2019-03-07,27.89,31.28,27.51,29.13,455255.43
2019-03-08,26.79,28.64,26.79,26.79,354063.71
2019-03-11,27.17,27.92,26.82,27.55,233962.47
2019-03-12,27.58,30.3,27.58,30.21,508143.88
2019-03-13,30.11,30.11,27.58,27.94,367939.37
2019-03-14,27.39,27.39,25.67,26.15,297944.19
2019-03-15,26.44,26.88,25.3,25.73,223609.94
2019-03-18,25.79,26.59,25.16,26.53,211766.42
2019-03-19,26.79,27.29,26.25,26.78,181950.21
2019-03-20,26.73,27.42,26.15,26.59,165946.37
2019-03-21,26.69,28.3,26.69,27.84,290713.29
2019-03-22,27.86,27.96,26.72,27.38,159397.9
2019-03-25,26.61,26.92,26.22,26.31,160101.27
2019-03-26,26.62,26.84,26.19,26.46,158336.42
2019-03-27,26.63,26.71,25.36,25.67,177159.6
2019-03-28,25.57,26.37,25.38,25.74,116521.87
2019-03-29,25.99,27.83,25.99,27.76,256296.23
2019-04-01,30.53,30.53,29.2,30.53,395434.15
2019-04-02,30.53,33.34,29.83,30.87,444923.0
2019-04-03,30.52,32.55,30.49,31.72,261522.53
2019-04-04,31.7,31.7,30.53,30.85,210942.96
2019-04-08,31.3,31.8,29.89,31.38,302234.58
2019-04-09,30.75,30.87,29.62,30.0,242978.59
2019-04-10,29.49,29.64,28.56,28.94,224513.06
2019-04-11,29.16,29.64,28.85,29.14,176014.46
2019-04-12,29.01,29.51,28.78,29.16,126770.74
2019-04-15,29.83,29.96,28.22,28.34,161105.5
2019-04-16,28.05,28.9,27.57,28.75,211443.4
2019-04-17,28.54,28.94,28.28,28.57,124131.45
2019-04-18,28.67,28.67,27.97,27.99,106546.18
2019-04-19,28.09,28.95,28.09,28.61,133715.3
2019-04-22,28.64,28.68,27.48,27.5,165197.4
2019-04-23,27.38,27.99,26.91,27.4,157112.83
2019-04-24,27.63,28.71,27.55,28.66,209672.34
2019-04-25,28.37,28.83,27.48,27.5,177451.11
2019-04-26,27.3,28.05,27.04,27.23,149521.07
2019-04-29,27.23,27.4,25.87,26.16,199272.01
2019-04-30,26.16,26.6,25.93,26.33,113946.42
2019-05-06,24.59,25.4,23.69,23.69,233995.53
2019-05-07,23.9,24.33,23.14,24.08,166186.46
2019-05-08,23.52,25.04,23.36,24.35,156215.25
2019-05-09,24.35,25.12,24.25,24.73,147073.03
2019-05-10,25.36,26.81,24.95,26.47,270945.94
2019-05-13,26.09,26.79,25.76,26.11,152808.82
2019-05-14,25.83,26.68,25.83,26.36,147973.51
2019-05-15,26.89,28.03,26.52,27.55,188386.78
2019-05-16,27.2,27.47,26.69,26.74,164793.66
2019-05-17,26.97,27.4,25.67,25.96,211096.84
2019-05-20,25.96,26.62,25.58,26.37,166952.1
2019-05-21,26.34,27.17,25.73,26.81,194000.93
2019-05-22,26.81,27.1,26.54,27.0,137963.42
2019-05-23,26.97,26.97,25.51,25.77,188226.41
2019-05-24,25.65,26.29,25.49,25.5,122307.88
2019-05-27,25.8,26.64,25.36,26.46,191600.51
2019-05-28,26.58,26.86,26.19,26.68,164571.38
2019-05-29,26.46,26.75,26.23,26.38,108116.2
2019-05-30,26.14,26.25,25.59,25.8,113569.93
2019-05-31,25.94,26.32,25.73,25.79,114437.58
2019-06-03,26.06,26.17,25.48,25.61,112763.21
2019-06-04,25.64,25.71,24.15,24.54,219895.86
2019-06-05,24.82,25.3,24.65,24.88,134004.02
2019-06-06,24.82,25.19,24.61,24.75,119493.32
2019-06-10,24.75,25.11,23.99,24.68,127287.97
2019-06-11,24.79,26.74,24.61,26.63,265695.46
2019-06-12,26.33,26.67,26.01,26.06,163792.59
2019-06-13,26.06,27.09,25.96,26.84,211999.6
2019-06-14,26.81,26.98,25.93,25.96,145331.43
2019-06-17,25.86,26.36,25.83,26.14,87162.29
2019-06-18,26.21,26.98,25.9,26.56,153130.14
2019-06-19,28.01,28.13,27.12,27.12,283054.28
2019-06-20,27.19,29.08,27.12,28.56,361551.23
2019-06-21,28.67,29.61,28.59,28.96,342409.09
2019-06-24,29.16,29.43,28.49,28.75,201819.97
2019-06-25,28.61,28.87,27.55,28.34,233230.98
2019-06-26,27.82,28.41,27.72,28.07,123938.78
2019-06-27,28.34,28.98,28.23,28.62,191659.63
2019-06-28,28.37,28.59,27.96,28.19,121696.64
2019-07-01,29.37,29.56,28.79,29.06,259047.66
2019-07-02,28.95,29.23,28.58,28.87,139289.97
2019-07-03,28.73,28.74,27.96,28.12,145289.36
2019-07-04,28.25,28.39,27.91,28.2,93147.02
2019-07-05,28.16,28.4,28.13,28.32,85468.84
2019-07-08,28.17,28.21,27.12,27.22,171190.36
2019-07-09,27.24,27.58,26.93,27.26,107086.73
2019-07-10,27.38,27.46,27.07,27.11,70806.61
2019-07-11,27.28,27.55,26.89,26.98,118861.01
2019-07-12,26.97,27.15,26.72,26.96,89997.16
2019-07-15,27.1,28.75,26.69,28.29,240847.99
2019-07-16,28.04,28.51,28.01,28.32,116462.83
2019-07-17,28.13,28.57,28.13,28.17,115388.33
2019-07-18,28.09,28.09,27.55,27.59,102971.13
2019-07-19,27.78,28.33,27.61,27.93,116655.87
2019-07-22,28.13,28.49,27.54,27.82,128768.46
2019-07-23,28.07,29.09,27.93,29.02,251247.83
2019-07-24,29.11,29.57,28.85,28.96,229209.38
2019-07-25,28.96,29.66,28.88,29.41,186216.51
2019-07-26,29.76,29.76,28.83,29.07,204108.37
2019-07-29,29.06,29.35,28.91,29.1,112934.64
2019-07-30,29.22,29.73,29.11,29.25,178830.79
2019-07-31,29.13,29.6,28.8,29.41,144666.33
2019-08-01,29.37,29.73,29.22,29.52,141476.93
2019-08-02,28.63,28.83,28.37,28.53,225903.57
2019-08-05,28.37,28.79,27.63,27.68,206208.43
2019-08-06,26.91,27.1,25.96,26.91,251228.65
2019-08-07,27.09,27.12,26.63,26.63,118381.96
2019-08-08,27.02,27.41,27.02,27.3,142869.21
2019-08-09,27.38,27.78,26.72,26.99,137492.07
2019-08-12,27.01,27.76,26.99,27.76,127470.8
2019-08-13,27.51,27.58,27.05,27.13,98931.83
2019-08-14,27.84,27.88,27.12,27.22,118589.8
2019-08-15,26.47,27.38,26.34,27.34,120435.88
2019-08-16,27.3,28.12,27.22,27.66,170518.74
2019-08-19,28.14,29.78,28.14,29.76,337893.6
2019-08-20,29.74,30.03,29.24,29.31,210256.43
2019-08-21,29.25,29.64,29.17,29.33,119786.86
2019-08-22,29.39,29.57,29.09,29.32,116546.07
2019-08-23,30.0,30.65,29.59,29.83,299064.17
2019-08-26,29.16,29.59,29.08,29.3,146007.56
2019-08-27,29.68,31.86,29.66,31.19,331038.02
2019-08-28,31.06,31.58,30.91,31.36,181032.43
2019-08-29,31.38,31.38,30.66,31.0,188077.47
2019-08-30,31.03,31.94,30.49,30.74,209908.95
2019-09-02,31.0,32.96,30.82,32.62,304726.12
2019-09-03,32.51,32.95,32.12,32.75,199519.84
2019-09-04,32.54,33.3,32.27,32.89,214609.34
2019-09-05,33.88,35.19,33.51,33.51,404002.65
2019-09-06,34.09,34.57,33.32,33.88,238002.19
2019-09-09,34.54,35.19,34.14,34.9,250292.84
2019-09-10,35.1,35.29,33.97,34.37,243018.74
2019-09-11,34.5,34.61,33.38,33.45,227157.4
2019-09-12,33.63,34.15,33.46,33.95,166549.99
2019-09-16,34.12,34.33,33.51,33.66,137630.64
2019-09-17,33.47,33.47,32.42,32.71,210162.18
2019-09-18,32.9,32.93,32.36,32.67,128586.49
2019-09-19,32.99,33.38,32.8,33.16,124144.61
2019-09-20,33.21,33.3,32.71,33.01,113792.87
2019-09-23,32.79,32.79,31.39,32.03,222186.34
2019-09-24,32.03,32.58,32.03,32.09,161712.14
2019-09-25,31.85,32.2,31.44,31.58,130071.2
2019-09-26,31.85,31.94,30.55,30.66,160147.68
2019-09-27,30.88,31.29,30.74,31.04,111457.16
2019-09-30,31.12,31.24,30.57,30.58,95837.63
2019-10-08,30.77,31.22,30.28,30.31,115198.66
2019-10-09,30.15,30.65,29.77,30.65,90268.92
2019-10-10,30.71,31.29,30.61,31.27,137900.01
2019-10-11,31.31,32.06,30.96,31.57,196404.06
2019-10-14,31.98,32.36,31.54,31.92,173754.47
2019-10-15,31.72,31.85,30.98,30.98,135944.33
2019-10-16,31.03,31.31,30.88,31.0,80577.26
2019-10-17,30.95,31.11,30.57,30.61,79562.89
2019-10-18,30.76,30.9,29.83,29.85,123423.28
2019-10-21,29.87,30.24,29.32,29.97,90152.09
2019-10-22,30.12,30.56,29.97,30.55,85248.04
2019-10-23,30.6,30.79,30.01,30.08,78525.33
2019-10-24,30.12,30.29,29.83,30.13,61448.05
2019-10-25,30.07,31.02,29.91,31.02,101839.91
2019-10-28,34.12,34.12,32.89,34.12,616225.31
2019-10-29,34.75,36.75,33.51,33.53,874899.07
2019-10-30,33.64,34.2,32.32,32.7,475982.69
2019-10-31,32.68,32.87,31.48,31.55,307602.97
2019-11-01,31.44,32.06,31.36,31.88,202361.9
2019-11-04,32.1,32.58,31.89,32.08,219012.73
2019-11-05,31.48,32.46,31.37,32.26,233927.8
2019-11-06,32.11,32.3,31.41,31.54,163952.69
2019-11-07,31.44,31.96,31.44,31.88,122401.22
2019-11-08,32.26,32.78,31.98,32.03,204487.26
2019-11-11,31.7,32.08,31.45,31.57,127727.97
2019-11-12,31.55,31.72,30.68,31.31,146818.46
2019-11-13,31.31,31.68,31.03,31.62,100139.13
2019-11-14,31.44,31.82,31.31,31.71,104082.96
2019-11-15,31.65,31.68,30.94,30.95,117817.77
2019-11-18,30.82,31.25,30.69,31.0,69631.11
2019-11-19,31.1,31.71,30.95,31.69,115493.33
2019-11-20,31.81,32.58,31.81,31.98,183670.67
2019-11-21,31.69,32.25,31.61,31.9,83412.16
2019-11-22,31.89,32.51,31.6,31.77,142839.62
2019-11-25,31.7,31.72,30.57,30.6,147069.87
2019-11-26,30.61,30.98,30.26,30.77,111452.23
2019-11-27,30.53,30.74,30.27,30.39,72915.2
2019-11-28,30.43,30.62,30.33,30.4,47741.02
2019-11-29,30.33,30.52,29.95,30.12,79876.42
2019-12-02,30.33,30.8,30.23,30.33,89877.94
2019-12-03,30.16,30.16,29.44,29.99,112413.98
2019-12-04,29.78,29.78,29.46,29.73,96894.8
2019-12-05,29.94,30.7,29.8,30.52,140777.69
2019-12-06,30.57,30.61,30.11,30.52,95934.21
2019-12-09,30.81,30.89,30.25,30.73,105979.02
2019-12-10,30.74,31.84,30.71,31.79,180208.04
2019-12-11,31.84,32.07,31.52,31.73,116512.37
2019-12-12,31.9,31.93,31.4,31.4,88790.9
2019-12-13,31.87,32.94,31.86,32.8,292869.55
2019-12-16,32.82,33.32,32.54,33.03,204381.66
2019-12-17,33.12,34.27,32.73,33.26,267039.29
2019-12-18,33.14,33.45,32.79,32.88,147304.72
2019-12-19,32.87,33.18,32.31,32.94,135346.72
2019-12-20,33.35,33.42,32.4,32.43,117305.6
2019-12-23,32.43,32.44,31.4,31.51,160837.27
2019-12-24,31.6,31.85,31.27,31.79,93878.76
2019-12-25,31.75,32.08,31.45,31.65,107837.76
2019-12-26,31.83,32.1,31.52,32.09,90542.13
2019-12-27,32.18,32.26,31.26,31.27,143439.66
2019-12-30,31.03,32.27,30.7,32.02,194946.26
2019-12-31,32.03,32.2,31.67,32.15,116145.8
2020-01-02,32.6,33.08,32.25,32.86,175683.22
2020-01-03,32.74,33.22,32.29,32.69,163653.21
2020-01-06,32.39,33.55,32.28,33.09,210235.58
2020-01-07,33.11,34.13,32.81,33.75,227288.11
2020-01-08,33.42,34.33,33.31,33.46,230313.96
2020-01-09,33.92,34.74,33.79,33.95,179525.16
2020-01-10,34.3,34.46,33.51,33.66,130013.1
2020-01-13,33.49,34.23,33.25,34.11,158666.52
2020-01-14,34.44,34.52,33.71,33.75,125122.07
2020-01-15,33.65,34.52,33.56,34.5,179759.02
2020-01-16,34.62,34.9,34.13,34.6,170846.8
2020-01-17,34.9,36.52,34.67,36.15,296267.66
2020-01-20,37.24,37.41,35.24,36.16,289744.94
2020-01-21,36.06,37.0,35.91,36.31,203083.34
2020-01-22,36.22,38.61,35.99,38.16,266181.37
2020-01-23,37.7,38.62,35.95,36.69,288500.56
2020-02-03,33.02,33.3,33.02,33.02,200184.18
2020-02-04,33.02,34.6,33.02,34.34,311948.13
2020-02-05,34.36,35.44,33.92,34.29,281927.17
2020-02-06,34.5,36.87,34.17,36.42,327192.76
2020-02-07,36.2,38.02,36.04,37.75,276805.55
2020-02-10,37.77,40.9,37.56,38.97,304454.26
2020-02-11,38.96,39.61,38.19,38.72,194752.2
2020-02-12,38.74,40.89,38.64,40.48,263363.0
2020-02-13,40.58,41.34,39.63,39.73,214804.84
2020-02-14,39.51,41.2,39.05,39.62,232034.74
2020-02-17,40.62,40.94,39.93,40.75,221540.04
2020-02-18,40.54,41.01,40.32,40.95,156760.87
2020-02-19,40.87,40.9,39.86,39.9,211709.1
2020-02-20,40.13,43.89,40.04,43.39,435685.82
2020-02-21,42.66,43.87,42.33,42.66,309554.31
2020-02-24,42.08,43.33,41.73,42.4,252705.39
2020-02-25,41.36,42.51,40.12,42.0,277495.88
2020-02-26,41.28,41.57,39.21,39.3,326645.35
2020-02-27,39.89,43.22,39.89,41.74,387240.38
2020-02-28,40.91,41.57,39.69,39.79,302333.88
2020-03-02,40.33,41.49,39.33,40.54,255229.36
2020-03-03,41.37,44.59,41.37,42.84,453682.72
2020-03-04,42.65,43.76,40.96,42.52,254259.8
2020-03-05,43.31,43.64,40.95,41.71,269626.13
2020-03-06,40.87,41.65,40.59,40.72,137330.42
2020-03-09,39.63,39.63,37.51,37.7,332826.9
2020-03-10,37.64,40.02,37.64,39.94,267181.38
2020-03-11,40.03,40.25,38.63,38.71,150005.93
2020-03-12,37.46,38.39,37.11,37.71,194671.06
2020-03-13,35.74,38.34,35.17,37.97,234581.61
2020-03-16,37.97,37.97,34.86,35.16,262898.22
2020-03-17,35.78,36.53,34.54,35.99,238242.56
2020-03-18,36.53,37.72,35.56,35.94,212320.91
2020-03-19,36.08,37.11,35.19,36.48,203154.63
2020-03-20,36.98,37.23,36.02,36.77,135123.8
2020-03-23,35.49,35.98,34.54,34.69,174495.24
2020-03-24,35.7,36.1,34.97,36.1,183987.02
2020-03-25,37.01,37.59,36.77,37.04,163052.76
2020-03-26,36.65,37.56,36.54,37.01,114885.7
2020-03-27,37.54,37.63,36.84,36.84,100067.11
2020-03-30,36.15,36.76,35.66,36.28,105623.07
2020-03-31,36.89,37.11,36.32,36.36,84919.85
2020-04-01,36.25,36.98,35.78,35.89,95730.9
2020-04-02,35.83,37.11,35.71,37.11,117780.88
2020-04-03,36.83,37.02,36.41,36.48,82528.27
2020-04-07,37.64,38.63,37.48,38.2,176322.18
2020-04-08,38.06,38.59,37.85,38.02,95974.55
2020-04-09,38.39,39.49,38.38,38.69,125858.07
2020-04-10,38.68,38.68,37.37,37.67,104785.34
2020-04-13,37.19,37.85,36.9,37.23,77958.76
2020-04-14,37.63,38.11,37.48,38.08,92065.31
2020-04-15,38.39,38.73,37.94,37.97,107357.78
2020-04-16,37.81,39.04,37.5,38.76,145380.55
2020-04-17,39.29,40.2,39.26,39.38,202040.79
2020-04-20,39.3,40.39,39.3,40.05,118329.06
2020-04-21,39.91,40.07,39.15,39.57,85387.6
2020-04-22,39.21,39.88,39.12,39.75,70983.98
2020-04-23,39.85,40.11,39.31,39.36,58601.63
2020-04-24,39.41,39.63,38.93,39.18,61196.39
2020-04-27,40.15,41.99,40.14,41.36,248831.68
2020-04-28,40.54,42.64,40.1,41.71,220878.84
2020-04-29,41.71,41.86,40.96,41.14,76398.7
2020-04-30,41.41,43.18,41.41,42.45,139850.21
2020-05-06,42.11,43.23,41.89,42.97,118815.66
2020-05-07,43.02,43.38,42.17,42.61,86175.42
2020-05-08,43.02,43.98,42.65,42.77,98927.3
2020-05-11,43.31,43.6,41.88,42.39,97172.86
2020-05-12,42.39,43.35,42.14,43.22,87748.71
2020-05-13,43.02,43.53,42.65,43.43,71042.5
2020-05-14,43.24,43.93,43.02,43.29,68932.3
2020-05-15,43.48,44.21,43.04,43.12,83840.1
2020-05-18,43.1,43.41,42.19,42.98,92623.12
2020-05-19,43.84,45.33,43.56,44.84,176014.17
2020-05-20,44.88,45.71,44.34,44.65,109076.04
2020-05-21,44.67,44.88,42.52,42.9,137758.32
2020-05-22,43.02,43.76,42.14,42.48,104533.61
2020-05-25,42.48,42.79,41.53,42.34,78391.68
2020-05-26,42.77,43.75,42.73,43.56,89911.92
2020-05-27,43.56,43.93,42.92,42.97,62860.78
2020-05-28,43.72,44.88,43.05,43.09,138700.0
2020-05-29,43.14,44.03,42.73,43.56,103396.83
2020-06-01,45.71,46.51,44.88,46.06,179365.29
2020-06-02,46.07,46.33,45.18,45.29,81990.35
2020-06-03,45.66,46.06,44.8,45.13,90359.97
2020-06-04,45.51,45.54,44.39,45.13,65028.37
2020-06-05,45.39,45.6,44.12,45.31,134559.93
2020-06-08,45.39,46.78,45.38,46.21,174100.06
2020-06-09,46.25,46.91,45.92,46.47,107806.02
2020-06-10,46.5,48.77,46.47,48.26,176773.17
2020-06-11,48.26,50.67,48.12,49.66,179867.14
2020-06-12,48.68,50.46,48.65,49.18,169266.18
2020-06-15,49.37,51.01,49.37,50.13,175933.19
2020-06-16,51.15,51.41,50.46,50.92,115906.66
2020-06-17,51.17,51.71,50.46,51.52,116874.08
2020-06-18,51.5,51.83,48.63,50.41,221586.28
2020-06-19,50.62,51.82,50.5,51.17,166300.52
2020-06-22,51.66,53.74,51.34,53.13,179245.63
2020-06-23,52.68,56.13,52.45,55.66,202623.48
2020-06-24,55.39,56.7,55.13,56.18,138680.53
2020-06-29,57.41,57.71,55.01,56.07,161173.44
2020-06-30,56.2,59.98,56.12,58.2,251524.04
2020-07-01,58.0,58.71,55.98,57.81,186230.65
2020-07-02,57.69,57.82,55.82,56.33,244786.16
2020-07-03,55.77,57.81,55.39,57.25,225512.67
2020-07-06,57.71,62.13,57.71,61.39,291183.71
2020-07-07,62.14,64.98,62.14,63.22,267492.13
2020-07-08,63.36,66.04,62.54,65.11,213849.13
2020-07-09,64.84,66.14,64.3,64.56,219509.17
2020-07-10,63.76,64.31,62.42,63.28,205063.23
2020-07-13,63.06,64.66,63.0,64.14,181594.8
2020-07-14,63.77,64.13,61.13,62.7,224001.3
2020-07-15,63.49,64.72,62.13,62.41,199259.85
2020-07-16,63.11,64.57,57.51,57.71,354534.28
2020-07-17,57.28,58.83,53.71,55.84,346403.42
2020-07-20,58.02,58.13,55.49,57.49,198755.16
2020-07-21,62.68,62.68,56.77,58.01,520647.8
2020-07-22,56.36,59.49,56.36,57.89,272432.39
2020-07-23,56.86,58.67,55.71,57.22,238343.13
2020-07-24,57.06,58.28,54.56,55.28,268172.55
2020-07-27,55.56,57.75,55.35,57.28,201348.77
2020-07-28,58.52,58.98,56.89,57.55,138679.36
2020-07-29,56.8,59.21,56.78,59.09,190207.56
2020-07-30,59.11,59.41,57.76,57.88,143159.18
2020-07-31,57.66,60.25,57.66,59.18,171090.95
2020-08-03,59.44,59.7,58.63,59.42,151817.1
2020-08-04,59.82,59.87,58.0,58.33,146376.26
2020-08-05,58.96,60.29,58.36,59.74,167674.45
2020-08-06,59.55,59.74,58.46,59.53,122315.3
2020-08-07,59.53,59.71,55.81,57.37,182476.23
2020-08-10,56.77,57.33,55.11,56.43,149718.23
2020-08-11,56.79,57.28,55.12,55.21,127461.44
2020-08-12,55.12,55.12,52.14,53.31,233547.82
2020-08-13,54.5,55.41,53.68,53.85,121797.7
2020-08-14,54.34,55.93,53.67,55.71,139222.63
2020-08-17,56.47,57.71,56.25,56.3,170856.27
2020-08-18,56.09,56.83,55.68,56.76,121101.0
2020-08-19,56.39,56.56,54.58,54.81,116838.15
2020-08-20,53.93,55.28,53.63,54.63,87303.16
2020-08-21,54.09,55.23,53.87,54.36,113198.84
2020-08-24,54.58,56.21,54.58,55.59,116744.31
2020-08-25,55.53,59.22,55.5,57.83,237558.04
2020-08-26,58.72,59.27,57.01,57.6,158089.67
2020-08-27,57.28,59.52,57.28,58.66,176523.64
2020-08-28,58.69,61.87,57.95,61.74,220557.59
2020-08-31,61.87,62.14,60.02,60.22,156861.65
2020-09-01,60.25,61.05,59.78,60.3,103204.34
2020-09-02,60.38,60.79,59.44,59.7,97415.39
2020-09-03,59.7,59.98,58.66,58.9,88815.82
2020-09-04,57.69,58.35,56.78,57.55,135888.23
2020-09-07,57.39,58.2,55.49,55.6,132255.03
2020-09-08,56.19,56.74,55.12,55.94,92254.41
2020-09-09,55.11,55.67,53.78,54.49,105949.09
2020-09-10,54.71,56.18,54.39,54.6,100193.92
2020-09-11,54.61,55.33,53.66,54.8,91651.77
2020-09-14,55.14,55.39,54.39,55.22,76490.72
2020-09-15,55.16,55.33,53.47,54.31,114141.67
2020-09-16,54.09,54.31,50.91,51.36,255137.51
2020-09-17,51.6,52.4,49.69,51.8,157138.55
2020-09-18,51.75,54.04,51.45,53.75,140712.33
2020-09-21,54.04,54.28,52.89,53.26,102458.93
2020-09-22,52.9,54.03,52.74,53.05,67316.3
2020-09-23,53.05,53.43,52.14,53.01,75258.92
2020-09-24,52.95,52.95,51.6,51.8,73529.38
2020-09-25,52.41,53.06,52.08,52.65,63923.51
2020-09-28,53.05,54.52,52.95,53.19,74762.17
2020-09-29,53.83,54.27,53.12,53.19,70119.84
2020-09-30,53.22,53.67,52.84,53.27,62244.3
2020-10-09,54.12,54.93,53.76,54.05,92827.47
2020-10-12,54.46,55.87,54.46,55.79,152753.68
2020-10-13,55.58,56.73,55.34,56.68,105968.15
2020-10-14,56.2,56.36,54.03,54.31,122701.0
2020-10-15,54.04,54.3,49.71,52.2,423467.34
2020-10-16,51.71,52.57,51.28,52.26,125167.26
2020-10-19,52.44,53.56,51.55,51.88,94619.11
2020-10-20,51.87,52.48,51.48,52.3,56181.95
2020-10-21,52.41,52.58,51.65,51.88,67475.63
2020-10-22,51.77,53.27,51.1,52.76,112799.83
2020-10-23,52.7,53.64,51.34,51.53,96201.78
2020-10-26,51.53,51.53,48.62,49.14,219183.33
2020-10-27,49.19,49.5,48.52,49.32,103870.53
2020-10-28,49.55,50.6,48.85,50.31,126104.41
2020-10-29,49.44,49.92,48.84,49.52,98352.02
2020-10-30,49.17,51.33,48.52,50.22,209087.0
2020-11-02,49.82,49.9,46.08,47.55,353243.21
2020-11-03,47.55,48.89,46.78,48.82,183229.06
2020-11-04,47.01,48.57,46.39,47.6,182545.94
2020-11-05,48.36,50.67,47.82,50.34,270233.34
2020-11-06,51.19,51.34,49.64,50.04,127255.07
2020-11-09,50.34,51.75,50.04,50.85,171616.85
2020-11-10,50.83,51.8,50.65,51.15,119929.08
2020-11-11,50.96,50.98,47.97,48.18,199238.72
2020-11-12,48.18,48.74,47.98,48.03,81079.95
2020-11-13,47.76,48.51,47.29,47.91,79961.16
2020-11-16,47.97,50.9,47.48,50.58,180794.42
2020-11-17,50.68,51.33,49.71,50.12,117683.2
2020-11-18,49.7,49.98,48.63,48.79,97741.93
2020-11-19,48.4,49.94,48.09,49.82,78416.3
2020-11-20,49.71,49.98,48.76,49.01,85405.91
2020-11-23,49.01,49.33,48.52,48.65,101720.21
2020-11-24,48.65,48.65,47.53,47.65,117600.39
2020-11-25,47.63,47.93,46.14,46.19,135443.15
2020-11-26,46.09,46.46,45.11,46.15,110495.88
2020-11-27,46.2,47.01,45.69,46.34,77855.36
2020-11-30,46.78,48.69,46.57,47.78,188944.46
2020-12-01,47.55,48.79,47.12,48.71,119537.61
2020-12-02,48.74,49.54,48.55,49.0,132609.33
2020-12-03,49.59,50.61,49.32,50.35,136401.78
2020-12-04,50.25,50.98,49.71,50.96,103958.45
2020-12-07,50.93,52.68,50.79,52.35,161906.1
2020-12-08,52.77,54.01,51.71,53.04,151748.55
2020-12-09,54.55,57.02,54.52,55.37,316071.68
2020-12-10,55.06,56.01,54.21,55.43,133019.61
2020-12-11,55.89,56.06,54.04,54.04,146269.21
2020-12-14,54.58,55.81,54.42,55.3,108729.56
2020-12-15,55.1,55.7,54.4,54.73,91934.31
2020-12-16,54.53,55.4,54.01,54.19,93990.57
2020-12-17,54.67,55.38,53.37,54.68,106154.46
2020-12-18,55.12,55.35,54.31,54.79,74886.26
2020-12-21,54.44,55.12,52.83,54.04,110253.58
2020-12-22,54.03,54.47,51.77,51.77,143888.59
2020-12-23,52.67,53.48,51.64,53.13,95867.44
2020-12-24,52.47,52.75,49.23,49.64,185409.48
2020-12-25,49.44,51.0,49.19,50.8,117117.57
2020-12-28,51.06,52.09,50.2,50.25,111289.62
2020-12-29,51.01,51.44,50.5,50.89,104102.1
2020-12-30,50.52,55.12,50.41,54.71,185895.58
2020-12-31,55.59,56.74,55.31,56.68,182603.4
2021-01-04,57.24,58.07,56.3,57.37,138877.13
2021-01-05,57.02,59.76,56.9,59.23,151786.99
2021-01-06,58.83,59.24,55.12,55.76,278791.82
2021-01-07,55.76,56.13,51.66,53.04,412598.44
2021-01-08,53.1,54.06,52.01,53.77,240747.09
2021-01-11,53.71,54.28,52.19,52.45,189522.99
2021-01-12,52.31,55.11,51.76,54.57,214039.49
2021-01-13,54.57,54.57,51.01,51.33,306105.17
2021-01-14,51.32,53.09,50.79,51.76,167409.89
2021-01-15,52.41,53.12,50.59,51.65,155416.42
2021-01-18,51.43,52.98,50.94,52.41,180871.09
2021-01-19,52.31,53.95,51.93,52.68,155832.08
2021-01-20,52.74,53.97,51.78,53.39,150034.59
2021-01-21,53.49,55.32,52.55,55.11,204277.48
2021-01-22,54.59,55.59,53.76,53.92,164463.25
2021-01-25,53.48,53.55,51.76,51.8,223546.86
2021-01-26,51.8,52.41,50.41,50.47,170323.64
2021-01-27,50.47,52.14,50.04,51.69,145966.83
2021-01-28,51.01,52.26,50.86,50.96,103799.33
2021-01-29,51.71,54.47,51.6,52.48,212390.85
2021-02-01,53.31,55.79,53.05,55.77,258706.85
2021-02-02,56.3,58.68,56.3,58.27,220705.99
2021-02-03,57.44,58.41,56.9,57.22,127337.27
2021-02-04,56.8,56.94,54.56,55.93,157445.73
2021-02-05,55.66,56.09,53.54,53.63,140476.14
2021-02-08,55.3,55.93,54.1,55.25,117234.87
2021-02-09,55.87,57.64,55.49,57.09,137012.75
2021-02-10,56.74,58.18,56.55,57.47,122581.64
2021-02-18,59.19,59.38,54.84,54.97,155238.99
2021-02-19,54.56,55.06,51.48,52.85,190254.79
2021-02-22,53.05,54.96,51.87,52.13,170088.82
2021-02-23,51.98,52.85,51.6,51.8,122025.0
2021-02-24,51.96,52.31,49.71,50.36,211474.28
2021-02-25,50.76,50.87,49.32,49.44,121902.75
2021-02-26,48.04,48.58,46.47,47.23,213754.1
2021-03-01,48.25,48.9,47.18,48.83,146470.99
2021-03-02,49.47,50.14,48.68,49.0,128477.44
2021-03-03,48.63,50.24,48.01,49.9,97581.85
2021-03-04,49.55,49.67,47.24,47.53,132948.93
2021-03-05,46.83,48.63,46.74,48.12,85615.52
2021-03-08,48.66,48.79,45.01,45.68,164125.0
2021-03-09,45.57,47.01,44.91,46.09,119771.27
2021-03-10,46.63,47.49,45.39,45.8,94636.11
2021-03-11,45.99,46.76,45.61,46.38,70951.28
2021-03-12,46.9,47.47,45.82,47.44,105578.84
2021-03-15,46.23,47.76,46.23,47.39,95529.26
2021-03-16,46.99,47.77,45.72,46.32,109014.01
2021-03-17,46.25,48.41,45.39,48.36,119075.86
2021-03-18,48.63,48.85,47.73,48.09,100816.48
2021-03-19,47.52,47.52,45.93,45.93,145162.67
2021-03-22,46.12,47.48,46.0,47.22,72903.92
2021-03-23,46.97,47.5,45.26,45.6,125449.14
2021-03-24,45.66,45.89,44.47,44.73,86954.9
2021-03-25,44.54,45.5,43.3,44.72,86695.73
2021-03-26,44.54,46.2,44.54,45.69,85004.39
2021-03-29,45.97,45.98,44.04,44.47,129245.12
2021-03-30,44.47,45.59,44.36,45.02,102101.95
2021-03-31,44.88,45.62,44.63,45.39,65909.79
2021-04-01,45.23,45.8,45.1,45.71,62435.49
2021-04-02,45.82,46.16,45.5,45.81,60688.07
2021-04-06,45.82,46.59,45.28,46.47,62213.57
2021-04-07,46.18,46.25,44.75,45.58,87343.29
2021-04-08,45.37,46.05,45.02,45.5,71270.92
2021-04-09,45.93,45.93,44.22,44.76,71576.76
2021-04-12,44.24,44.96,43.3,44.19,104126.65
2021-04-13,43.93,44.38,43.52,43.81,65773.21
2021-04-14,43.82,44.63,43.45,44.42,72084.09
2021-04-15,44.41,44.79,44.09,44.68,39672.43
2021-04-16,44.84,45.37,44.32,44.47,49650.18
2021-04-19,44.58,46.89,44.58,46.73,135324.42
2021-04-20,46.72,49.11,46.72,47.39,154089.66
2021-04-21,47.19,47.64,46.24,46.75,74652.64
2021-04-22,47.02,48.24,46.85,47.8,87749.78
2021-04-23,47.55,48.16,47.23,47.71,57958.66
2021-04-26,47.77,48.61,46.71,46.91,77310.9
2021-04-27,47.73,49.21,47.68,48.79,156721.15
2021-04-28,48.63,50.47,47.93,50.44,176873.43
2021-04-29,50.17,51.16,48.96,51.1,150884.85
2021-04-30,50.8,51.08,49.6,49.65,78159.34
2021-05-06,49.6,49.6,47.82,48.65,72125.26
2021-05-07,48.64,48.88,46.84,47.01,74691.12
2021-05-10,47.28,47.67,45.76,46.2,68277.64
2021-05-11,45.72,46.09,45.24,45.95,62853.96
2021-05-12,45.8,46.23,45.22,46.09,59224.94
2021-05-13,45.82,45.93,45.16,45.44,50663.17
2021-05-14,45.32,47.32,45.08,47.17,100854.61
2021-05-17,46.7,49.11,46.64,47.93,99531.34
2021-05-18,47.93,48.38,47.09,48.09,51559.75
2021-05-19,48.09,48.72,46.99,48.52,78191.67
2021-05-20,48.52,50.25,48.14,49.75,104331.61
2021-05-21,49.92,50.2,47.82,48.1,81014.23
2021-05-24,48.62,49.71,48.4,49.63,78865.42
2021-05-25,49.63,53.38,49.28,53.22,210197.41
2021-05-26,53.47,54.34,52.14,52.51,131375.91
2021-05-27,52.47,52.9,50.88,51.38,135297.63
2021-05-28,51.11,51.33,49.81,50.63,121244.02
2021-05-31,50.61,50.95,49.98,50.73,121745.33
2021-06-01,50.26,50.78,49.16,49.6,130512.53
2021-06-02,49.77,49.87,47.87,48.19,159206.08
2021-06-03,48.36,48.52,47.32,47.42,113836.98
2021-06-04,47.28,48.27,47.01,47.49,126589.3
2021-06-07,47.54,48.02,47.23,47.92,105226.82
2021-06-08,48.04,48.36,47.47,48.2,100292.76
2021-06-09,48.09,48.51,47.7,48.09,71734.54
2021-06-10,47.49,48.52,47.48,48.07,111616.19
2021-06-11,48.07,48.63,46.95,47.44,129368.66
2021-06-15,47.03,49.17,46.93,48.96,172745.71
2021-06-16,48.63,49.65,47.56,47.85,127702.55
2021-06-17,47.5,48.49,47.39,47.82,76628.11
2021-06-18,47.71,48.28,45.85,46.25,171412.26
2021-06-21,46.25,47.98,45.99,47.1,173542.14
2021-06-22,47.02,48.77,46.52,48.08,129173.2
2021-06-23,48.08,48.22,47.01,47.24,115266.28
2021-06-24,47.37,47.49,46.47,46.53,77695.05
2021-06-25,46.53,47.24,46.15,47.05,100097.42
2021-06-28,47.14,47.39,46.42,47.13,90470.81
2021-06-29,47.52,50.19,47.52,50.05,315033.62
2021-06-30,49.66,50.9,49.18,50.39,155501.76
2021-07-01,50.41,50.7,49.14,50.11,126764.54
2021-07-02,49.71,49.71,48.96,49.07,115328.93
2021-07-05,48.09,48.09,46.04,46.42,299601.57
2021-07-06,46.42,46.86,45.66,46.05,118350.73
2021-07-07,46.14,46.2,45.33,45.59,123979.08
2021-07-08,45.71,45.96,45.33,45.53,119316.77
2021-07-09,45.42,45.55,44.52,45.43,118746.39
2021-07-12,45.77,46.39,45.48,46.19,133178.68
2021-07-13,46.25,46.97,46.04,46.79,91488.85
2021-07-14,46.97,47.49,46.25,46.84,89505.06
2021-07-15,46.47,47.0,46.05,46.74,65081.24
2021-07-16,48.09,49.59,47.26,47.77,169762.73
2021-07-19,46.95,46.97,45.48,46.6,141040.9
2021-07-20,46.57,46.6,46.04,46.6,78196.08
2021-07-21,46.72,48.34,46.67,47.55,161240.63
2021-07-22,47.86,48.22,47.25,47.35,124977.07
2021-07-23,47.29,47.69,45.54,45.79,167232.93
2021-07-26,45.59,46.12,43.62,44.44,170924.61
2021-07-27,44.76,44.88,39.99,40.29,439404.55
2021-07-28,39.53,40.51,38.75,39.75,244170.01
2021-07-29,40.55,41.36,40.35,40.64,164231.46
2021-07-30,40.59,42.27,39.98,42.19,157914.91
2021-08-02,41.61,43.0,41.23,41.75,170600.27
2021-08-03,42.16,42.26,41.35,41.76,118735.33
2021-08-04,42.08,42.36,41.56,41.88,99065.44
2021-08-05,41.84,41.84,40.22,40.61,150328.46
2021-08-06,40.61,40.84,39.15,39.55,201208.74
2021-08-09,39.15,41.29,39.14,41.2,162459.23
2021-08-10,40.85,41.26,40.29,41.14,96612.82
2021-08-11,40.9,41.29,40.4,40.58,137692.55
2021-08-12,40.44,40.98,39.83,40.02,139751.13
2021-08-13,39.98,40.23,38.89,38.95,177814.48
2021-08-16,38.85,39.51,38.53,39.15,128928.95
2021-08-17,39.22,39.3,37.78,38.64,184079.87
2021-08-18,38.36,40.89,37.92,40.17,303066.58
2021-08-19,40.35,42.77,40.35,42.23,384107.54
2021-08-20,42.03,42.4,39.6,40.51,220385.03
2021-08-23,40.33,43.0,40.33,41.89,248853.5
2021-08-24,42.3,42.85,41.46,42.17,180261.02
2021-08-25,42.32,43.54,42.11,43.14,190853.83
2021-08-26,43.09,43.09,40.87,41.08,211045.15
2021-08-27,41.01,41.04,39.15,39.49,233780.11
2021-08-30,39.15,39.39,36.67,37.86,286713.65
2021-08-31,37.49,37.96,36.47,37.53,200282.23
2021-09-01,37.81,38.7,36.73,38.08,272679.18
2021-09-02,38.24,38.99,36.94,37.16,274212.77
2021-09-03,40.14,40.88,40.08,40.88,331924.33
2021-09-06,42.79,44.74,40.89,44.32,704430.93
2021-09-07,45.44,45.66,44.38,44.96,439807.71
2021-09-08,45.44,46.75,44.57,45.43,399609.28
2021-09-09,44.68,45.26,42.3,42.48,387734.02
2021-09-10,43.12,44.34,42.54,42.96,393118.7
2021-09-13,43.2,45.02,42.32,43.64,375237.83
2021-09-14,44.15,44.15,41.58,41.71,336352.77
2021-09-15,41.73,42.03,40.44,41.23,182048.14
2021-09-16,40.74,41.09,40.3,40.59,140967.17
2021-09-17,40.58,41.64,40.48,41.49,126129.36
2021-09-22,40.82,41.44,40.17,40.45,116469.57
2021-09-23,40.67,41.54,40.46,41.18,146584.88
2021-09-24,41.19,41.73,40.8,41.39,128298.98
2021-09-27,41.16,42.73,41.12,41.67,165619.7
2021-09-28,42.03,42.26,40.76,42.03,136414.86
2021-09-29,41.65,41.88,40.14,41.46,158034.86
2021-09-30,41.46,44.13,41.12,43.38,201783.11
2021-10-08,43.43,44.68,43.18,44.49,166172.72
2021-10-11,44.05,44.48,42.93,42.98,143064.31
2021-10-12,43.01,43.54,42.33,43.01,107047.25
2021-10-13,42.94,43.76,42.01,43.51,99082.83
2021-10-14,42.51,43.83,42.51,43.25,71803.78
2021-10-15,43.17,44.22,42.87,44.01,151693.75
2021-10-18,43.98,44.3,42.46,43.24,109828.23
2021-10-19,43.28,47.57,43.01,44.88,429295.65
2021-10-20,44.88,45.35,43.7,43.81,181890.84
2021-10-21,43.81,44.45,43.07,43.24,103240.78
2021-10-22,43.4,44.57,43.26,43.95,118005.4
2021-10-25,43.99,45.88,43.6,45.48,152231.03
2021-10-26,45.25,46.79,45.23,46.08,170720.11
2021-10-27,45.89,46.76,44.98,46.39,129616.9
2021-10-28,46.19,46.9,45.44,45.93,165146.99
2021-10-29,45.59,47.96,45.44,47.71,317294.27
2021-11-01,48.05,48.07,46.37,47.14,169923.24
2021-11-02,47.32,47.8,46.48,47.13,109999.87
2021-11-03,46.96,47.55,46.84,46.96,69681.4
2021-11-04,46.82,48.26,46.57,48.16,132235.81
2021-11-05,48.09,49.31,47.75,48.02,143907.02
2021-11-08,48.32,48.83,46.81,47.07,114958.72
2021-11-09,46.5,46.5,44.51,46.26,185773.41
2021-11-10,46.09,46.86,45.15,45.51,106213.79
2021-11-11,45.36,47.09,44.88,46.94,125508.7
2021-11-12,46.92,48.8,46.92,47.72,136911.93
2021-11-15,47.98,48.69,46.86,48.01,113667.68
2021-11-16,48.01,48.45,46.71,47.03,92749.19
2021-11-17,46.71,47.47,46.62,46.85,66157.16
2021-11-18,46.42,46.6,44.2,44.51,187519.22
2021-11-19,44.41,44.87,44.15,44.38,83134.8
2021-11-22,44.34,44.66,43.55,43.85,172269.68
2021-11-23,43.92,44.95,43.6,44.57,148039.28
2021-11-24,44.98,45.13,43.62,43.79,107912.17
2021-11-25,44.15,44.15,42.86,43.17,95860.78
2021-11-26,43.17,43.7,42.46,43.28,78483.88
2021-11-29,43.09,44.37,43.03,44.16,143331.62
2021-11-30,44.3,44.97,43.92,44.23,99685.57
2021-12-01,44.26,45.05,44.07,44.34,86421.9
2021-12-02,44.28,44.53,43.67,43.81,84002.73
2021-12-03,44.01,44.79,43.92,44.49,85811.51
2021-12-06,44.5,45.41,44.33,44.55,108363.01
2021-12-07,44.98,45.65,44.76,45.44,132179.65
2021-12-08,45.42,46.86,45.1,46.4,132928.24
2021-12-09,46.2,48.53,46.2,47.52,188568.61
2021-12-10,47.46,47.46,46.26,46.98,113039.15
2021-12-13,47.33,49.22,47.07,47.64,157654.88
2021-12-14,47.53,48.01,47.3,48.01,96249.76
2021-12-15,48.13,48.16,47.33,47.4,94995.27
2021-12-16,48.01,48.01,46.95,47.66,69641.11
2021-12-17,47.71,48.02,47.18,47.47,68696.89
2021-12-20,47.47,48.15,46.95,47.18,89369.0
2021-12-21,47.44,48.62,47.0,48.6,162014.6
2021-12-22,48.69,49.13,48.1,48.16,133630.52
2021-12-23,48.16,49.26,48.16,48.47,141845.81
2021-12-24,48.44,48.48,47.57,48.24,97051.89
2021-12-27,48.27,48.39,46.94,47.25,74604.24
2021-12-28,47.63,48.43,47.33,48.1,76960.07
2021-12-29,48.1,48.31,46.73,47.25,70468.09
2021-12-30,47.22,47.78,46.31,46.8,103614.93
2021-12-31,46.96,47.44,46.6,47.07,80658.96
2022-01-04,47.11,47.7,46.27,47.31,106763.44
2022-01-05,47.62,48.38,47.34,47.56,97427.97
2022-01-06,47.49,47.49,44.98,45.17,147758.4
2022-01-07,45.2,45.59,44.48,44.53,108660.24
2022-01-10,44.45,45.07,44.3,44.66,79472.42
2022-01-11,44.57,44.91,43.85,43.86,67016.36
2022-01-12,44.07,44.78,43.85,44.68,88374.91
2022-01-13,44.79,45.33,44.23,44.29,70266.28
2022-01-14,44.04,44.67,43.54,43.64,87032.61
2022-01-17,43.91,44.53,43.26,44.26,117822.93
2022-01-18,44.38,45.59,43.96,45.32,197845.99
2022-01-19,44.91,45.63,44.76,45.38,92581.48
2022-01-20,45.67,45.88,45.06,45.59,84732.05
2022-01-21,45.66,47.07,45.59,45.78,124439.94
2022-01-24,46.04,46.72,45.93,46.37,79997.99
2022-01-25,46.19,46.42,44.38,44.41,101507.82
2022-01-26,44.52,45.7,44.23,44.98,75171.24
2022-01-27,45.06,47.33,44.69,45.29,227022.3
2022-01-28,45.49,46.8,44.31,44.35,138632.62
2022-02-07,44.93,45.29,43.77,44.16,97729.44
2022-02-08,44.0,44.15,41.66,43.97,148802.54
2022-02-09,44.29,45.1,43.48,44.74,86112.68
2022-02-10,44.51,44.68,42.6,42.76,133905.67
2022-02-11,42.6,43.0,40.48,40.66,177648.99
2022-02-14,40.17,40.68,39.3,39.55,132405.89
2022-02-15,39.75,41.61,39.68,41.49,100930.21
2022-02-16,41.64,41.84,40.95,41.12,52894.75
2022-02-17,40.94,41.19,40.58,40.71,68415.65
2022-02-18,40.65,40.89,40.05,40.51,98815.91
2022-02-21,40.51,40.89,40.02,40.3,119878.79
2022-02-22,40.01,40.01,38.85,39.22,152785.33
2022-02-23,39.29,40.25,38.81,40.14,177424.88
2022-02-24,39.8,39.86,37.86,38.67,176658.43
2022-02-25,38.87,39.61,38.85,39.58,122233.48
2022-02-28,39.85,40.05,39.0,39.56,69369.29
2022-03-01,39.56,39.75,39.27,39.5,62295.08
2022-03-02,39.23,39.53,38.87,38.93,69998.85
2022-03-03,39.03,39.25,38.39,38.8,85234.96
2022-03-04,38.43,38.74,37.86,38.09,122823.03
2022-03-07,37.99,37.99,36.72,37.36,123366.42
2022-03-08,37.43,38.24,36.47,36.96,131326.97
2022-03-09,37.3,37.39,34.31,36.35,177149.04
2022-03-10,36.95,37.38,35.29,35.36,155634.33
2022-03-11,34.84,36.0,34.29,35.92,145907.32
2022-03-14,35.55,35.84,34.37,34.37,159821.12
2022-03-15,34.23,35.21,32.95,33.24,185200.4
2022-03-16,33.92,34.22,32.31,34.09,185248.3
2022-03-17,35.06,36.02,34.71,35.3,187880.03
2022-03-18,35.27,35.55,34.58,35.06,100251.48
2022-03-21,35.32,35.82,34.68,35.06,83647.88
2022-03-22,35.06,35.87,34.71,35.54,94285.08
2022-03-23,35.55,35.89,35.22,35.33,70622.55
2022-03-24,35.13,35.44,34.84,35.14,42902.09
2022-03-25,35.37,35.7,34.58,34.62,69347.22
2022-03-28,34.08,34.38,33.51,34.02,92048.96
2022-03-29,34.3,34.42,33.68,33.74,58808.09
2022-03-30,34.08,35.44,33.98,35.33,98563.83
2022-03-31,35.33,35.33,33.4,33.67,206111.74
2022-04-01,33.4,33.79,32.48,32.58,257113.31
2022-04-06,32.6,33.13,32.05,32.22,152850.92
2022-04-07,32.41,32.67,31.81,31.84,136627.14
2022-04-08,31.45,32.09,31.18,31.42,99475.54
2022-04-11,31.31,31.39,29.94,30.03,158030.96
2022-04-12,30.08,30.34,29.27,30.29,167723.45
2022-04-13,30.0,30.17,29.34,29.47,131689.37
2022-04-14,29.69,29.87,29.31,29.78,154117.92
2022-04-15,29.46,29.61,28.85,29.0,137112.11
2022-04-18,28.93,29.46,28.52,29.33,105285.53
2022-04-19,29.51,29.59,28.63,28.89,125624.67
2022-04-20,29.0,29.22,28.41,28.46,115596.27
2022-04-21,27.81,28.6,27.29,27.5,180283.43
2022-04-22,27.32,27.53,26.41,26.87,217169.98
2022-04-25,26.35,26.56,25.38,25.38,270183.0
2022-04-26,25.37,25.65,24.26,24.26,212261.22
2022-04-27,24.26,26.69,24.12,26.51,338860.42
2022-04-28,26.04,27.25,25.94,26.22,256526.06
2022-04-29,26.35,28.84,25.73,28.84,345158.43
2022-05-05,28.4,28.47,27.38,27.7,327216.37
2022-05-06,27.19,28.3,26.73,27.47,185348.62
2022-05-09,27.41,28.09,27.26,27.54,114303.87
2022-05-10,27.28,28.28,27.12,27.98,184682.96
2022-05-11,27.94,29.39,27.87,28.72,216438.57
2022-05-12,28.64,28.86,28.33,28.52,79653.78
2022-05-13,28.69,28.95,28.17,28.44,73792.46
2022-05-16,28.61,28.98,28.07,28.31,76063.1
2022-05-17,28.2,28.49,27.91,28.28,64735.27
2022-05-18,28.44,28.56,28.12,28.22,77817.52
2022-05-19,27.65,27.95,27.39,27.82,70342.9
2022-05-20,27.81,28.42,27.69,28.09,122708.33
2022-05-23,28.26,28.4,27.53,27.88,93888.12
2022-05-24,27.94,27.94,26.35,26.35,121358.54
2022-05-25,26.11,26.75,26.07,26.51,108208.89
2022-05-26,26.66,27.56,25.79,27.41,141795.65
2022-05-27,27.91,28.16,27.28,27.38,108697.73
2022-05-30,27.49,28.47,26.97,28.32,145028.45
2022-05-31,28.35,30.62,28.08,30.37,303724.3
2022-06-01,30.25,30.54,29.57,29.84,198797.3
2022-06-02,29.83,30.81,29.29,30.5,228510.9
2022-06-06,30.44,32.18,30.22,31.96,268419.33
2022-06-07,31.96,33.5,31.2,32.75,244204.9
2022-06-08,32.74,32.93,31.73,32.44,134376.46
2022-06-09,32.44,33.05,31.24,31.34,174910.97
2022-06-10,31.04,32.75,30.75,32.49,176067.8
2022-06-13,32.15,32.44,31.68,31.82,103570.07
2022-06-14,31.05,32.06,30.55,31.94,141198.54
2022-06-15,31.96,35.06,31.96,33.21,351414.28
2022-06-16,33.49,33.49,31.48,31.62,257260.03
2022-06-17,31.2,32.41,31.06,32.4,175768.75
2022-06-20,32.47,33.09,31.98,32.4,161813.47
2022-06-21,32.56,34.57,32.06,34.23,274932.27
2022-06-22,34.01,34.12,32.64,32.69,193710.98
2022-06-23,32.64,34.49,32.34,34.09,243732.77
2022-06-24,34.15,34.57,33.55,34.27,163811.39
2022-06-27,34.38,35.58,34.19,34.6,188519.52
2022-06-28,34.59,34.84,33.62,34.61,109683.14
2022-06-29,34.62,34.8,33.31,33.53,194441.56
2022-06-30,33.53,33.85,32.69,32.97,166278.87
2022-07-01,33.09,33.3,32.36,32.56,89374.35
2022-07-04,32.91,35.21,32.7,34.85,244325.41
2022-07-05,34.68,35.25,33.6,34.15,127744.75
2022-07-06,34.15,34.8,33.21,33.71,125075.57
2022-07-07,33.68,33.96,32.78,33.02,106813.34
2022-07-08,33.18,33.69,33.02,33.09,77583.96
2022-07-11,32.87,32.99,31.43,31.67,161613.33
2022-07-12,31.68,32.0,30.67,30.81,133010.52
2022-07-13,31.0,31.41,30.81,30.94,79293.92
2022-07-14,30.94,32.01,30.82,31.53,97009.25
2022-07-15,30.78,31.16,28.97,29.31,311573.66
2022-07-18,29.31,31.42,29.31,31.21,196341.13
2022-07-19,31.11,31.42,30.58,30.87,84321.41
2022-07-20,31.2,31.56,30.63,31.35,98356.68
2022-07-21,31.22,31.81,31.05,31.06,99137.78
2022-07-22,31.2,31.57,30.69,31.18,116432.33
2022-07-25,31.34,31.38,30.54,31.21,84082.91
2022-07-26,31.17,32.06,31.13,31.88,113989.58
2022-07-27,31.79,32.5,31.69,32.28,101065.75
2022-07-28,32.45,32.99,32.07,32.35,116643.03
2022-07-29,32.35,32.84,32.05,32.15,103541.29
2022-08-01,32.03,32.11,31.28,32.0,90814.26
2022-08-02,31.72,31.72,30.39,31.12,101842.1
2022-08-03,31.35,31.79,31.01,31.12,88286.28
2022-08-04,31.56,32.14,31.16,31.37,67422.87
2022-08-05,31.61,33.93,31.5,33.68,187164.75
2022-08-08,33.77,33.9,33.01,33.26,83696.5
2022-08-09,32.95,33.21,32.21,32.6,80285.54
2022-08-10,32.56,32.6,31.46,31.75,87106.06
2022-08-11,31.94,33.24,31.8,33.06,107866.55
2022-08-12,32.94,33.27,32.5,32.81,57901.27
2022-08-15,32.96,33.02,32.06,32.27,65879.16
2022-08-16,32.5,32.51,30.84,31.1,182975.97
2022-08-17,31.12,31.6,30.84,31.39,91243.22
2022-08-18,31.86,32.01,30.79,30.87,90051.37
2022-08-19,30.61,31.64,30.49,30.81,86234.83
2022-08-22,30.59,31.38,30.5,30.76,120601.76
2022-08-23,30.78,31.46,30.61,30.92,85268.08
2022-08-24,31.02,31.31,29.66,29.91,101296.01
2022-08-25,30.0,30.24,29.37,30.07,75127.19
2022-08-26,30.25,32.64,30.1,32.01,322445.49
2022-08-29,31.57,32.89,31.28,32.27,185504.3
2022-08-30,32.17,33.13,32.08,32.89,157072.02
2022-08-31,32.61,33.71,32.56,33.2,169784.84
2022-09-01,33.3,34.81,32.77,34.04,189720.69
2022-09-02,34.04,34.29,33.56,33.92,91981.15
2022-09-05,33.75,34.01,32.94,33.28,134083.24
2022-09-06,33.52,33.53,32.92,33.22,77778.72
2022-09-07,33.11,33.24,32.72,33.15,96410.33
2022-09-08,33.17,34.19,32.96,33.54,98483.63
2022-09-09,33.51,35.03,33.06,34.83,174598.87
2022-09-13,35.11,36.07,34.55,35.67,172314.25
2022-09-14,35.31,36.08,35.03,35.82,158008.74
2022-09-15,35.78,36.1,34.96,35.24,119620.63
2022-09-16,35.33,35.82,33.43,33.54,352262.12
2022-09-19,33.69,33.93,32.98,33.24,152995.55
2022-09-20,33.24,33.65,32.04,32.34,128915.22
2022-09-21,32.23,32.91,31.33,32.31,114324.38
2022-09-22,32.0,32.7,31.79,32.37,71268.97
2022-09-23,32.38,32.92,31.77,32.09,76431.89
2022-09-26,32.03,32.86,31.44,31.62,107828.4
2022-09-27,31.88,33.45,31.62,33.22,136165.96
2022-09-28,33.16,33.51,32.48,33.07,85974.84
2022-09-29,33.42,34.19,32.87,33.08,118994.06
2022-09-30,33.34,34.28,33.16,33.44,101960.81
2022-10-10,33.44,33.83,32.89,33.02,87162.35
2022-10-11,33.35,33.4,31.72,32.01,114249.66
2022-10-12,31.97,33.08,31.04,32.97,127447.74
2022-10-13,32.8,34.54,32.57,33.86,155019.54
2022-10-14,34.03,35.01,33.75,34.59,107609.69
2022-10-17,34.55,35.2,34.43,34.91,101085.7
2022-10-18,34.89,35.25,33.57,33.84,105859.95
2022-10-19,33.84,34.28,33.35,33.97,90834.24
2022-10-20,33.77,34.7,33.57,34.49,133198.19
2022-10-21,34.74,34.91,33.61,33.82,106814.08
2022-10-24,33.55,34.53,32.81,33.26,197874.15
2022-10-25,33.54,33.54,31.11,31.62,235610.01
2022-10-26,31.56,33.78,31.44,33.53,225884.47
2022-10-27,34.73,36.89,34.73,36.89,367863.42
2022-10-28,36.89,38.78,36.41,37.94,623132.95
2022-10-31,37.5,41.73,36.75,41.13,548588.93
2022-11-01,41.08,42.58,39.43,41.37,378715.03
2022-11-02,41.1,41.59,40.07,40.26,321498.13
2022-11-03,39.5,40.65,37.31,38.17,446755.92
2022-11-04,38.16,40.36,37.99,39.94,347879.52
2022-11-07,39.18,40.78,38.66,39.09,270344.57
2022-11-08,39.14,40.05,38.29,39.92,191296.12
2022-11-09,39.49,39.9,38.98,39.13,136424.35
2022-11-10,39.04,40.61,38.78,39.86,190067.86
2022-11-11,41.44,42.93,39.78,40.56,276047.62
2022-11-14,41.43,41.54,39.96,40.98,189023.01
2022-11-15,40.4,43.37,40.4,42.53,283241.82
2022-11-16,42.48,43.39,41.72,42.22,124169.11
2022-11-17,42.23,43.09,41.66,42.63,174616.39
2022-11-18,42.64,44.5,42.63,43.1,207735.73
2022-11-21,42.94,43.43,41.25,41.82,175479.33
2022-11-22,41.79,42.5,41.05,41.73,109270.39
2022-11-23,41.55,42.31,41.36,42.1,119774.32
2022-11-24,42.14,42.37,40.24,40.41,165689.32
2022-11-25,40.49,40.69,39.5,39.92,199860.82
2022-11-28,39.47,40.18,38.98,39.41,151201.97
2022-11-29,39.51,40.04,38.79,39.57,153463.44
2022-11-30,39.37,40.01,38.96,39.43,118962.06
2022-12-01,39.96,40.7,39.41,40.36,163276.77
2022-12-02,39.92,40.95,39.51,39.57,149368.06
2022-12-05,39.96,40.59,39.37,39.77,135535.83
2022-12-06,39.67,40.13,39.27,39.44,115027.88
2022-12-07,39.49,39.82,39.01,39.19,113145.89
2022-12-08,39.19,39.37,38.41,39.1,118173.32
2022-12-09,39.09,39.47,38.29,38.98,219333.29
2022-12-12,38.93,39.96,38.75,39.41,168159.65
2022-12-13,39.26,39.77,38.25,38.28,118468.46
2022-12-14,38.3,38.77,37.89,38.39,84869.64
2022-12-15,38.38,38.68,38.0,38.28,76720.92
2022-12-16,38.17,38.21,37.4,37.88,132602.11
2022-12-19,37.86,38.27,37.0,37.99,67494.52
2022-12-20,37.5,37.79,35.96,36.3,160930.49
2022-12-21,36.58,37.26,36.12,36.37,80346.37
2022-12-22,36.64,37.72,36.41,37.17,115009.64
2022-12-23,37.16,38.68,36.97,37.99,138332.37
2022-12-26,37.98,39.38,37.98,39.07,118840.46
2022-12-27,39.19,39.44,38.59,39.21,79881.8
2022-12-28,39.3,39.66,38.6,38.79,97619.75
2022-12-29,38.83,39.96,38.39,39.84,126677.67
2022-12-30,39.78,40.64,39.67,39.93,93063.86
2023-01-03,39.82,41.61,39.58,41.35,188785.16
2023-01-04,41.51,42.48,40.82,42.19,257841.66
2023-01-05,41.76,42.18,41.15,41.53,99206.43
2023-01-06,41.87,43.42,41.15,41.65,218464.78
2023-01-09,41.03,42.54,40.36,41.97,191543.67
2023-01-10,42.03,43.2,41.57,42.41,137949.64
2023-01-11,42.38,42.38,41.15,41.43,168144.79
2023-01-12,41.36,41.88,40.85,41.52,127881.9
2023-01-13,41.68,41.81,41.06,41.65,79005.05
2023-01-16,41.93,43.83,41.65,43.42,240107.07
2023-01-17,43.19,43.9,42.98,43.41,108524.88
2023-01-18,43.42,46.1,43.34,45.39,237826.33
2023-01-19,45.39,46.15,44.94,45.78,158646.51
2023-01-20,45.64,46.35,45.15,45.6,114014.06
2023-01-30,46.38,47.71,45.39,45.68,182077.66
2023-01-31,46.07,47.02,45.47,46.6,197319.35
2023-02-01,46.59,47.46,46.34,47.15,193597.97
2023-02-02,49.14,49.73,45.74,46.6,523177.95
2023-02-03,46.79,47.58,46.27,47.21,252947.97
2023-02-06,47.02,47.37,46.22,46.74,151821.87
2023-02-07,46.5,46.67,45.29,46.04,213008.5
2023-02-08,46.28,47.37,45.84,47.17,140765.23
2023-02-09,47.16,47.16,45.79,46.66,198445.7
2023-02-10,46.44,46.45,45.21,45.79,193933.61
2023-02-13,45.57,46.63,45.57,45.75,204556.57
2023-02-14,45.84,46.15,45.31,45.75,132790.38
2023-02-15,45.69,46.25,45.54,45.7,99245.44
2023-02-16,45.7,45.89,44.41,44.83,192101.41
2023-02-17,44.6,44.95,43.35,43.39,200408.79
2023-02-20,43.91,44.36,43.47,44.17,108990.62
2023-02-21,44.19,45.46,43.72,44.7,207584.99
2023-02-22,44.29,44.4,43.36,43.96,171763.19
2023-02-23,43.77,44.21,43.2,43.62,93827.17
2023-02-24,43.52,44.5,43.52,43.92,149651.07
2023-02-27,43.33,45.38,43.32,43.73,162184.91
2023-02-28,43.92,44.7,43.3,43.81,171307.76
2023-03-01,43.81,44.78,43.53,44.68,156279.74
2023-03-02,44.42,45.5,44.08,44.77,118734.65
2023-03-03,44.75,45.14,44.27,44.89,103870.01
2023-03-06,45.29,45.93,44.68,45.6,136622.26
2023-03-07,45.51,45.51,43.42,43.5,182141.9
2023-03-08,43.51,44.35,43.43,44.18,116872.05
2023-03-09,43.86,45.18,43.18,44.99,145395.96
2023-03-10,44.82,45.23,44.5,44.67,92410.96
2023-03-13,44.5,46.95,43.91,46.37,231143.73
2023-03-14,46.37,46.45,45.46,45.85,103446.06
2023-03-15,46.18,46.97,45.33,45.48,113505.27
2023-03-16,45.1,45.48,44.34,44.56,112816.0
2023-03-17,45.06,47.36,45.06,46.63,230457.18
2023-03-20,46.43,47.12,44.48,44.59,177169.04
2023-03-21,44.98,45.5,44.21,44.72,137401.51
2023-03-22,45.08,45.08,43.99,44.31,170004.95
2023-03-23,44.01,45.41,42.93,45.32,243315.95
2023-03-24,45.26,46.87,44.74,46.77,295970.2
2023-03-27,46.58,51.45,46.58,49.93,664685.46
2023-03-28,49.21,49.46,47.76,48.35,288055.28
2023-03-29,48.95,49.48,47.61,48.28,222491.46
2023-03-30,47.96,48.43,47.06,47.74,156615.07
2023-03-31,47.57,52.52,46.87,52.52,522448.04
2023-04-03,53.29,57.41,53.17,56.81,839717.7
2023-04-04,57.94,58.32,54.95,56.45,593371.13
2023-04-06,54.09,54.47,50.91,52.11,636754.48
2023-04-07,52.0,53.67,50.93,52.5,346599.67
2023-04-10,52.5,52.75,48.12,48.35,582941.51
2023-04-11,48.35,49.28,47.78,48.53,365347.02
2023-04-12,48.67,50.85,48.55,49.93,397818.41
2023-04-13,50.33,52.6,49.93,50.2,494121.55
2023-04-14,50.01,50.54,48.89,49.83,206859.95
2023-04-17,49.72,50.32,48.61,49.43,212811.22
2023-04-18,49.34,50.46,48.88,49.35,223157.85
2023-04-19,49.34,51.72,49.11,50.43,332001.66
2023-04-20,50.7,52.18,47.57,49.4,507603.33
2023-04-21,49.41,50.77,48.25,48.51,297419.49
2023-04-24,48.23,48.65,46.28,46.81,261106.38
2023-04-25,46.63,47.54,45.66,46.08,285751.74
2023-04-26,46.48,46.92,44.8,45.0,234639.02
2023-04-27,44.51,45.77,43.96,45.38,218267.81
2023-04-28,45.98,48.96,45.98,48.75,411862.09
2023-05-04,48.95,48.95,45.52,46.18,312887.06
2023-05-05,45.85,47.41,45.58,46.6,212172.66
2023-05-08,46.6,46.84,45.12,46.24,244459.74
2023-05-09,45.89,47.74,45.51,45.83,214088.39
2023-05-10,45.39,46.58,45.28,45.64,138714.57
2023-05-11,45.65,45.95,44.68,44.7,159472.59
2023-05-12,44.42,44.83,44.16,44.3,123797.15
2023-05-15,44.3,44.32,42.43,43.56,263996.67
2023-05-16,43.71,43.8,41.6,41.89,325043.09
2023-05-17,41.75,42.77,41.64,42.0,169918.25
2023-05-18,42.31,43.29,42.13,42.5,177075.89
2023-05-19,42.43,42.56,41.57,42.21,149790.07
2023-05-22,42.08,42.52,41.51,42.38,149163.32
2023-05-23,42.37,42.68,41.74,41.94,92844.48
2023-05-24,41.85,41.96,41.25,41.5,109262.78
2023-05-25,41.41,41.73,40.43,41.03,162899.52
2023-05-26,41.04,41.76,40.66,41.57,105932.49
2023-05-29,42.02,42.31,41.37,41.78,127710.28
2023-05-30,41.78,41.9,40.6,41.74,238355.25
2023-05-31,41.53,42.12,41.37,41.92,118796.42
2023-06-01,41.54,43.96,41.26,43.35,312398.56
2023-06-02,43.3,43.52,42.57,43.16,201175.73
2023-06-05,43.28,43.66,42.74,43.03,124424.69
2023-06-06,42.93,43.12,41.7,41.96,129376.65
2023-06-07,41.83,43.01,41.64,42.42,100213.62
2023-06-08,42.31,42.43,41.18,41.72,149765.11
2023-06-09,41.98,42.21,40.56,41.25,219128.6
2023-06-12,41.18,41.41,39.95,40.17,251865.34
2023-06-13,40.41,42.41,39.52,42.08,277073.92
2023-06-14,42.24,44.01,42.24,43.32,267118.01
2023-06-15,43.32,43.52,42.46,43.14,179841.0
2023-06-16,43.07,44.34,42.5,44.05,226921.79
2023-06-19,44.72,46.16,44.29,45.71,424819.37
2023-06-20,46.52,50.29,46.2,50.29,811736.49
2023-06-21,49.2,50.55,48.73,48.89,569656.36
2023-06-26,48.0,48.17,44.41,44.76,488898.99
2023-06-27,44.64,45.67,43.8,44.42,377187.94
2023-06-28,45.33,45.33,42.45,43.94,372541.56
2023-06-29,44.59,45.68,43.15,44.83,369225.73
2023-06-30,44.39,44.68,43.32,43.83,250043.56
2023-07-03,44.3,44.83,42.63,44.01,272616.23
2023-07-04,43.68,44.14,43.42,43.69,210078.05
2023-07-05,43.68,44.04,42.54,42.56,199016.05
2023-07-06,42.07,42.56,41.68,41.91,218082.05
2023-07-07,41.73,41.88,40.59,41.14,219495.46
2023-07-10,42.01,42.31,39.7,39.99,433171.56
2023-07-11,40.02,40.02,35.99,36.84,933151.92
2023-07-12,37.11,37.55,35.99,36.09,422499.93
2023-07-13,36.5,36.55,35.81,36.28,386789.59
2023-07-14,37.0,38.28,36.62,37.31,491694.71
2023-07-17,37.61,38.29,37.31,37.92,331789.8
2023-07-18,37.71,37.99,37.21,37.36,257669.1
2023-07-19,37.72,37.95,37.13,37.35,209937.74
2023-07-20,37.35,37.4,36.32,36.4,250360.61
2023-07-21,36.12,36.55,35.92,36.07,157375.03
2023-07-24,36.08,36.5,35.85,36.26,145045.49
2023-07-25,37.23,38.35,36.99,37.99,471918.19
2023-07-26,37.62,37.71,36.98,37.27,221673.14
2023-07-27,37.25,37.31,36.32,36.6,263091.34
2023-07-28,36.41,39.69,36.22,39.48,663844.21
2023-07-31,40.07,40.98,39.57,40.7,605751.07
2023-08-01,40.12,40.97,39.88,40.4,240284.37
2023-08-02,40.22,41.36,40.09,40.49,227432.32
2023-08-03,40.19,41.23,39.98,40.95,267346.22
2023-08-04,41.96,42.83,41.07,41.11,703924.65
2023-08-07,40.58,41.37,40.26,40.97,315186.28
2023-08-08,40.7,41.03,40.28,40.43,220445.96
2023-08-09,40.38,40.93,40.04,40.1,156116.6
2023-08-10,40.1,40.57,39.49,40.45,206217.88
2023-08-11,40.86,40.86,38.98,39.01,283262.93
2023-08-14,38.0,38.99,37.85,38.65,241381.47
2023-08-15,38.49,38.78,37.98,38.53,179118.26
2023-08-16,38.18,38.82,37.57,37.82,186485.79
2023-08-17,37.62,37.8,37.16,37.61,179989.88
2023-08-18,37.52,38.05,36.82,36.85,165750.38
2023-08-21,36.7,37.16,35.99,36.41,171362.49
2023-08-22,36.5,36.87,35.52,36.33,250406.69
2023-08-23,36.17,36.22,34.71,34.75,300211.14
2023-08-24,35.02,35.61,34.49,34.95,229202.74
2023-08-25,34.69,34.92,33.55,33.81,253343.69
2023-08-28,37.19,37.19,35.01,35.1,509903.64
2023-08-29,34.98,35.83,34.55,35.31,387582.26
2023-08-30,35.36,35.96,35.19,35.61,264221.92
2023-08-31,35.62,36.2,35.38,35.63,232424.13
2023-09-01,35.67,36.32,35.56,35.8,175236.62
2023-09-04,35.97,36.02,35.13,35.86,222384.08
2023-09-05,35.69,35.76,35.07,35.07,198028.37
2023-09-06,34.84,34.94,34.46,34.77,151902.31
2023-09-07,34.81,34.81,33.74,33.88,188961.51
2023-09-08,33.68,33.95,33.23,33.63,120305.72
2023-09-11,33.65,34.19,33.35,33.83,219724.7
2023-09-12,33.63,33.75,33.25,33.26,169777.16
2023-09-13,33.25,33.32,32.16,32.55,214185.58
2023-09-14,32.74,32.76,31.68,31.91,170391.42
2023-09-15,31.97,32.36,31.57,31.77,198231.02
2023-09-18,32.02,32.76,31.85,32.34,231272.31
2023-09-19,32.38,32.51,31.61,31.71,173268.58
2023-09-20,31.71,32.49,31.67,31.73,153564.96
2023-09-21,31.67,32.09,31.4,31.82,150468.34
2023-09-22,31.67,32.59,31.6,32.48,274619.34
2023-09-25,32.61,32.64,31.82,32.09,218857.49
2023-09-26,32.1,32.74,31.98,32.27,178988.49
2023-09-27,32.08,32.42,31.93,32.14,152539.72
2023-09-28,32.2,32.25,31.85,32.11,151140.88
2023-10-09,32.05,32.06,31.48,31.6,190699.52
2023-10-10,31.64,32.28,31.48,31.49,223870.42
2023-10-11,31.73,32.55,31.38,32.09,279021.17
2023-10-12,32.74,32.76,31.85,32.03,225082.46
2023-10-13,31.77,31.78,31.07,31.48,230238.35
2023-10-16,31.45,31.45,30.67,30.79,171853.51
2023-10-17,30.97,31.39,30.78,31.16,152927.3
2023-10-18,30.82,30.94,30.09,30.61,184739.75
2023-10-19,30.27,30.89,30.17,30.19,172472.41
2023-10-20,30.09,30.26,29.46,29.61,194088.41
2023-10-23,29.49,29.99,29.16,29.49,173439.5
2023-10-24,29.49,30.61,29.12,30.38,326883.34
2023-10-25,30.63,31.21,30.33,30.54,258063.3
2023-10-26,30.39,30.67,29.89,30.24,194756.12
2023-10-27,30.35,30.94,29.59,30.81,314411.37
2023-10-30,30.54,31.67,30.48,31.35,299334.27
2023-10-31,31.48,31.54,30.52,30.8,217963.83
2023-11-01,31.11,31.13,30.43,30.48,170181.07
2023-11-02,30.54,30.9,29.98,29.99,162245.19
2023-11-03,30.1,31.17,30.01,30.98,279204.08
2023-11-06,31.4,32.42,31.32,32.21,398201.98
2023-11-07,32.12,32.44,31.82,32.3,222457.24
2023-11-08,32.34,32.9,31.99,32.42,253519.49
2023-11-09,32.35,32.54,32.07,32.29,156688.84
2023-11-10,32.17,32.49,31.9,32.26,193368.87
2023-11-13,32.99,33.72,32.66,33.07,363051.3
2023-11-14,32.97,33.73,32.77,33.45,274540.35
2023-11-15,33.86,33.99,33.09,33.15,240490.48
2023-11-16,33.01,33.42,32.78,32.81,157533.23
2023-11-17,32.56,33.06,32.02,32.16,300805.36
2023-11-20,32.16,32.76,31.77,32.42,237759.74
2023-11-21,32.54,32.7,31.99,32.11,160026.72
2023-11-22,31.97,32.32,31.55,31.63,140842.51
2023-11-23,31.49,31.65,30.89,31.51,165211.14
2023-11-24,31.52,31.52,30.75,30.81,151317.81
2023-11-27,30.73,30.87,30.29,30.48,127431.75
2023-11-28,30.47,30.71,30.2,30.52,113085.51
2023-11-29,30.52,30.66,29.99,30.04,133961.44
2023-11-30,30.0,30.18,29.53,29.72,133598.83
2023-12-01,29.71,30.6,29.63,30.44,186779.52
2023-12-04,30.29,30.54,30.1,30.26,170717.08
2023-12-05,30.17,30.18,29.09,29.09,238847.97
2023-12-06,29.1,29.2,28.43,28.84,256412.71
2023-12-07,28.8,29.07,28.4,28.84,200657.63
2023-12-08,28.77,29.43,28.74,29.16,223223.71
2023-12-11,29.08,30.08,28.58,29.9,273567.04
2023-12-12,29.86,29.93,29.25,29.41,223229.28
2023-12-13,29.47,29.85,29.03,29.04,235862.96
2023-12-14,29.29,29.56,28.85,28.87,155482.13
2023-12-15,29.02,29.06,28.41,28.47,185555.82
2023-12-18,28.26,28.88,28.01,28.2,160453.5
2023-12-19,28.19,28.51,27.98,28.36,150101.0
2023-12-20,28.26,28.32,27.12,27.13,306142.8
2023-12-21,26.97,27.84,26.83,27.71,278351.69
2023-12-22,27.65,27.84,27.2,27.38,214531.15
2023-12-25,27.37,27.71,27.05,27.17,171085.37
2023-12-26,27.08,27.29,26.56,26.72,136352.63
2023-12-27,26.75,26.92,26.39,26.75,200168.95
2023-12-28,26.66,28.58,26.31,28.27,397238.91
2023-12-29,28.26,28.75,28.12,28.46,246186.92
2024-01-02,28.85,28.9,27.85,27.89,221370.55
2024-01-03,27.88,27.88,26.43,26.96,366390.75
2024-01-04,26.73,26.77,25.43,25.71,485267.6
2024-01-05,25.7,26.02,25.36,25.57,247274.11
2024-01-08,25.34,25.49,24.72,24.76,278548.48
2024-01-09,24.86,25.22,24.44,24.73,217169.31
2024-01-10,24.64,24.84,24.18,24.43,191851.05
2024-01-11,24.35,24.86,24.35,24.76,239278.82
2024-01-12,24.62,24.81,24.44,24.53,187040.98
2024-01-15,24.4,24.73,24.19,24.35,174721.06
2024-01-16,24.24,24.43,23.89,24.42,206706.21
2024-01-17,24.28,24.3,23.65,23.65,207593.25
2024-01-18,23.46,24.36,23.22,24.26,311406.85
2024-01-19,24.14,24.24,23.84,23.91,172900.1
2024-01-22,23.8,24.02,22.76,22.96,263229.33
2024-01-23,22.96,23.81,22.82,23.65,261311.44
2024-01-24,24.04,24.49,22.97,24.25,352420.12
2024-01-25,24.05,24.6,23.62,24.43,414441.36
2024-01-26,24.24,24.47,23.95,24.04,260570.08
2024-01-29,24.05,24.05,22.42,22.48,570454.73
2024-01-30,22.31,22.72,21.71,21.74,304765.42
2024-01-31,21.69,21.87,20.58,20.82,444422.17
2024-02-01,20.75,21.44,20.44,20.81,362124.21
2024-02-02,20.91,21.2,19.13,19.84,446170.88
2024-02-05,19.72,19.83,18.41,19.1,480874.92
2024-02-06,19.0,20.55,18.83,20.43,483398.11
2024-02-07,20.43,21.14,20.37,20.68,465557.25
2024-02-08,20.86,21.56,20.76,21.53,466093.67
2024-02-19,22.01,22.21,21.38,22.04,446850.32
2024-02-20,21.82,21.9,21.54,21.84,270266.18
2024-02-21,21.67,23.21,21.54,22.41,479615.89
2024-02-22,22.45,23.02,22.37,22.93,359501.8
2024-02-23,22.96,23.07,22.66,23.02,322680.56
2024-02-26,22.99,23.42,22.75,23.03,319234.27
2024-02-27,22.87,24.13,22.84,24.13,514056.14
2024-02-28,24.27,24.98,23.06,23.06,656755.0
2024-02-29,22.82,24.38,22.82,24.17,481399.2
2024-03-01,24.15,25.14,24.0,24.97,631156.05
2024-03-04,25.24,25.29,24.31,24.53,468590.05
2024-03-05,24.36,24.47,23.82,24.08,391526.96
2024-03-06,23.9,24.22,23.4,23.86,343300.08
2024-03-07,23.98,24.04,22.99,23.01,363597.59
2024-03-08,23.01,24.12,22.74,23.77,377909.01
2024-03-11,23.5,24.01,23.21,24.0,354228.03
2024-03-12,24.0,24.29,23.85,24.25,364162.68
2024-03-13,24.28,24.64,24.07,24.19,420408.67
2024-03-14,24.16,24.16,23.44,23.86,381671.88
2024-03-15,23.73,23.9,23.22,23.83,318536.22
2024-03-18,23.79,24.72,23.77,24.72,508061.33
2024-03-19,24.69,24.8,24.36,24.39,311532.37
2024-03-20,24.39,24.94,24.32,24.7,390983.88
2024-03-21,24.92,26.03,24.89,25.17,757619.13
2024-03-22,25.09,25.14,24.17,24.61,534863.41
2024-03-25,24.91,25.0,23.63,23.68,415081.72
2024-03-26,23.55,23.78,22.95,23.19,327205.7
2024-03-27,23.11,23.16,21.79,21.85,389173.7
2024-03-28,21.77,22.69,21.68,22.51,329556.88
2024-03-29,22.51,22.51,21.97,22.33,217141.14
2024-04-01,22.51,23.04,22.48,23.03,272310.15
2024-04-02,22.96,22.98,22.54,22.68,231767.09
2024-04-03,22.62,22.84,21.97,22.0,399720.72
2024-04-08,21.77,21.84,21.14,21.15,395268.54
2024-04-09,21.28,21.46,21.04,21.3,208856.59
2024-04-10,21.23,21.24,20.49,20.64,266833.43
2024-04-11,20.53,20.98,20.47,20.65,215387.41
2024-04-12,20.65,20.84,20.25,20.31,200133.24
2024-04-15,20.4,21.16,20.15,20.8,329642.61
2024-04-16,20.76,21.16,20.19,20.25,264631.04
2024-04-17,20.38,20.88,20.38,20.81,291920.74
2024-04-18,20.68,21.33,20.39,20.77,339344.73
2024-04-19,20.57,20.61,20.01,20.1,315283.38
2024-04-22,19.79,20.54,19.53,20.36,300021.23
2024-04-23,20.37,20.58,20.21,20.34,171268.58
2024-04-24,20.43,20.58,20.23,20.57,207521.92
2024-04-25,21.2,21.22,20.19,20.24,360910.86
2024-04-26,20.34,21.36,20.3,21.29,549986.38
2024-04-29,21.18,22.24,21.11,22.02,562578.58
2024-04-30,21.57,21.57,20.37,20.4,810589.88
2024-05-06,20.82,21.55,20.78,20.99,572530.94
2024-05-07,20.98,21.27,20.76,21.06,269984.81
2024-05-08,20.92,20.92,20.51,20.58,289681.78
2024-05-09,20.56,21.25,20.55,21.03,291322.52
2024-05-10,21.02,21.21,20.65,20.87,214065.06
2024-05-13,20.68,21.15,20.47,20.61,296053.21
2024-05-14,20.61,20.8,20.54,20.71,182055.47
2024-05-15,20.73,20.74,20.29,20.35,207068.82
2024-05-16,20.45,20.91,20.27,20.69,318878.64
2024-05-17,20.61,21.07,20.55,21.04,249955.85
2024-05-20,21.04,21.77,20.93,21.49,374784.61
2024-05-21,21.44,21.51,21.02,21.08,210066.2
2024-05-22,21.07,21.28,20.85,21.19,161789.07
2024-05-23,21.13,21.21,20.64,20.68,216923.39
2024-05-24,20.6,20.73,19.97,20.04,280213.48
2024-05-27,20.11,20.16,19.6,20.09,219357.38
2024-05-28,20.04,20.11,19.77,19.9,129246.29
2024-05-29,19.8,20.09,19.71,19.85,124115.45
2024-05-30,19.82,19.91,19.63,19.82,104378.81
2024-05-31,19.88,20.07,19.82,19.86,142338.47
2024-06-03,19.78,19.84,19.27,19.45,209446.6
2024-06-04,19.45,19.64,19.28,19.63,147787.83
2024-06-05,19.53,20.01,19.51,19.67,167493.6
2024-06-06,19.73,19.79,19.1,19.19,186978.83
2024-06-07,19.3,19.47,19.0,19.19,124390.67
2024-06-11,18.99,19.42,18.93,19.31,123146.94
2024-06-12,19.31,19.46,19.26,19.31,126241.27
2024-06-13,19.31,19.37,19.06,19.12,120952.11
2024-06-14,19.09,19.47,18.88,19.44,183539.26
2024-06-17,19.24,19.43,19.05,19.14,175739.91
2024-06-18,19.14,19.52,19.06,19.3,157958.92
2024-06-19,19.38,19.4,18.9,18.96,156688.84
2024-06-20,18.81,18.86,18.06,18.07,322487.16
2024-06-21,18.01,18.23,17.81,18.15,168605.71
2024-06-24,18.03,18.06,17.58,17.59,183425.43
2024-06-25,17.58,17.72,17.14,17.33,218473.93
2024-06-26,17.24,18.11,17.19,18.05,199059.18
2024-06-27,17.92,18.19,17.78,17.85,131325.99
2024-06-28,17.83,18.11,17.54,17.6,177907.81
2024-07-01,17.44,17.6,16.96,17.4,196125.05
2024-07-02,17.4,17.68,17.23,17.27,150100.08
2024-07-03,17.21,17.32,16.95,17.09,134185.24
2024-07-04,17.08,17.19,16.53,16.54,215746.72
2024-07-05,16.55,16.83,16.39,16.73,162025.68
2024-07-08,16.65,16.73,16.25,16.31,139987.27
2024-07-09,16.33,16.6,16.07,16.48,171792.23
2024-07-10,16.09,16.72,15.85,16.28,220118.5
2024-07-11,16.58,16.94,16.4,16.78,190589.14
2024-07-12,16.8,16.85,16.64,16.66,104895.5
2024-07-15,16.64,16.7,16.4,16.44,110284.55
2024-07-16,16.41,16.82,16.21,16.77,147336.99
2024-07-17,16.76,17.02,16.71,16.88,140262.97
2024-07-18,16.81,17.03,16.59,16.95,136200.9
2024-07-19,16.91,17.56,16.84,17.43,248558.23
2024-07-22,17.63,17.93,17.37,17.7,220777.97
2024-07-23,17.74,17.74,17.26,17.26,145892.82
2024-07-24,17.26,17.33,16.95,17.02,130743.71
2024-07-25,16.92,17.62,16.92,17.37,154661.99
2024-07-26,17.38,17.62,17.26,17.37,115132.41
2024-07-29,17.37,17.43,17.09,17.21,101162.95
2024-07-30,17.19,17.35,17.05,17.26,81251.79
2024-07-31,17.26,18.33,17.24,18.25,296318.56
2024-08-01,18.17,18.31,18.01,18.06,146222.82
2024-08-02,18.0,18.21,17.73,17.75,120629.45
2024-08-05,17.62,18.16,17.46,17.57,172176.9
2024-08-06,17.78,17.89,17.42,17.61,144859.9
2024-08-07,17.61,17.73,17.38,17.43,102615.54
2024-08-08,17.3,17.48,16.93,17.2,152308.05
2024-08-09,17.34,17.37,16.91,16.91,103328.48
2024-08-12,16.82,16.96,16.59,16.67,100190.77
2024-08-13,16.67,16.82,16.55,16.8,91254.15
2024-08-14,16.73,16.85,16.41,16.43,119556.06
2024-08-15,16.4,16.84,16.32,16.52,167228.09
2024-08-16,16.54,16.62,16.34,16.34,105721.71
2024-08-19,16.34,16.62,16.28,16.37,111666.43
2024-08-20,16.36,16.39,15.89,15.93,144461.98
2024-08-21,15.88,16.03,15.74,15.77,99848.81
2024-08-22,15.84,15.91,15.27,15.3,157326.66
2024-08-23,15.3,15.76,15.3,15.64,139382.93
2024-08-26,15.69,15.96,15.42,15.52,151859.17
2024-08-27,15.47,15.49,15.22,15.28,110670.49
2024-08-28,15.29,15.53,15.17,15.49,108243.56
2024-08-29,15.43,15.87,15.38,15.73,110253.98
2024-08-30,15.69,16.48,15.64,16.27,212146.44
2024-09-02,16.25,16.32,15.76,15.78,158049.57
2024-09-03,15.75,16.14,15.75,16.1,115982.04
2024-09-04,15.98,16.27,15.92,16.05,103725.85
2024-09-05,16.06,16.38,16.06,16.27,126560.92
2024-09-06,16.5,16.5,16.03,16.04,99705.35
2024-09-09,15.92,16.1,15.74,15.82,104487.44
2024-09-10,15.86,16.37,15.64,16.14,139497.54
2024-09-11,16.08,16.33,16.01,16.25,97274.4
2024-09-12,16.26,16.44,16.11,16.14,90563.9
2024-09-13,16.13,16.24,15.91,15.93,91625.04
2024-09-18,15.87,16.01,15.61,15.86,86230.53
2024-09-19,16.0,16.5,15.81,16.42,188840.68
2024-09-20,16.46,16.62,16.29,16.57,195158.12
2024-09-23,16.58,16.65,16.35,16.37,135613.75
2024-09-24,16.62,17.56,16.45,17.49,455012.6
2024-09-25,17.93,18.31,17.73,17.83,503063.41
2024-09-26,17.88,18.94,17.73,18.83,509317.04
2024-09-27,19.92,20.71,19.77,20.71,580856.91
2024-09-30,22.79,22.79,22.79,22.79,123541.01
2024-10-08,25.07,25.07,25.07,25.07,82029.79
2024-10-09,27.58,27.58,26.78,27.58,1575349.65
2024-10-10,27.9,28.02,24.91,25.37,2488342.95
2024-10-11,24.29,25.13,23.03,23.29,1287194.39
2024-10-14,23.43,25.43,22.41,24.85,1263943.87
2024-10-15,24.36,27.2,24.16,25.49,1440156.34
2024-10-16,24.75,26.34,24.52,25.49,901240.31
2024-10-17,26.02,26.4,25.09,25.67,975131.2
2024-10-18,25.41,28.24,25.0,28.0,1629887.98
2024-10-21,27.9,28.57,27.17,27.91,1363296.1
2024-10-22,27.85,27.85,26.4,27.0,940446.22
2024-10-23,26.89,27.84,26.62,26.76,783546.77
2024-10-24,26.42,26.98,25.96,26.2,596449.34
2024-10-25,26.32,26.73,25.85,26.28,580125.29
2024-10-28,26.19,26.55,25.91,26.37,473828.59
2024-10-29,26.37,26.99,25.76,25.79,666750.85
2024-10-30,25.49,26.01,25.29,25.78,473703.16
2024-10-31,25.9,27.43,25.61,26.71,986471.54
2024-11-01,26.44,27.05,25.64,25.74,721127.86
2024-11-04,25.61,26.45,25.57,26.4,498079.81
2024-11-05,27.12,29.04,26.68,29.04,1411060.94
2024-11-06,30.39,31.94,29.77,30.38,2033755.17
2024-11-07,29.59,32.76,28.98,32.48,1763494.07
2024-11-08,33.4,33.67,31.47,31.54,1363796.47
2024-11-11,31.08,34.7,30.91,34.3,1346045.59
2024-11-12,34.87,37.16,34.11,34.2,1638671.71
2024-11-13,33.68,34.07,32.18,32.68,1108957.59
2024-11-14,32.38,33.04,31.42,31.54,776983.47
2024-11-15,31.23,32.03,29.7,29.71,947998.19
2024-11-18,29.82,30.47,28.56,29.19,721211.79
2024-11-19,29.19,30.14,28.83,29.89,623694.04
2024-11-20,29.86,31.18,29.61,30.52,684196.16
2024-11-21,30.0,30.99,30.0,30.51,494524.51
2024-11-22,30.39,30.67,28.79,28.85,644205.94
2024-11-25,28.83,29.07,27.33,28.0,645462.23
2024-11-26,28.0,28.68,27.73,27.98,341260.09
2024-11-27,27.98,28.87,27.42,28.87,496806.19
2024-11-28,29.69,30.69,29.21,29.27,715102.41
2024-11-29,29.1,31.58,29.04,30.57,898028.34
2024-12-02,30.37,31.75,30.1,31.23,772275.55
2024-12-03,31.02,31.53,30.49,31.06,594136.34
2024-12-04,30.89,31.18,30.33,30.49,449558.8
2024-12-05,30.28,31.24,30.28,30.91,503534.98
2024-12-06,30.91,32.01,30.53,31.0,672214.99
2024-12-09,31.1,32.44,30.89,31.16,597693.92
2024-12-10,33.11,33.15,31.57,31.74,877332.75
2024-12-11,31.59,31.77,30.31,30.71,647680.47
2024-12-12,30.71,32.16,30.29,31.67,681633.5
2024-12-13,31.09,31.14,29.9,30.01,626516.86
2024-12-16,30.01,30.12,29.52,29.7,334062.64
2024-12-17,29.78,30.2,29.59,29.64,330988.17
2024-12-18,29.89,30.11,29.44,29.77,297368.76
2024-12-19,29.35,29.82,29.19,29.81,316899.28
2024-12-20,29.69,30.26,29.5,29.88,322383.24
2024-12-23,29.79,30.07,29.07,29.14,320673.46
2024-12-24,29.22,29.64,29.03,29.54,253977.65
2024-12-25,29.57,29.64,28.83,29.01,261978.65
2024-12-26,29.16,29.4,28.98,29.03,253928.61
2024-12-27,29.1,29.98,28.92,29.3,411213.44
2024-12-30,29.3,29.52,29.02,29.32,222360.91
2024-12-31,29.39,29.44,27.89,27.89,459250.62
2025-01-02,27.58,27.72,25.61,26.32,624820.31
2025-01-03,26.4,26.64,25.22,25.27,409952.92
2025-01-06,25.24,25.57,24.89,25.07,314142.4
2025-01-07,25.16,25.52,24.92,25.51,277217.95
2025-01-08,25.43,25.63,24.54,25.28,343517.87
2025-01-09,25.1,25.56,25.08,25.33,198035.5
2025-01-10,25.32,25.67,24.81,24.81,210878.18
2025-01-13,24.65,25.39,24.41,25.19,250639.55
2025-01-14,25.41,26.6,25.23,26.56,412659.23
2025-01-15,26.52,26.56,26.12,26.2,229303.31
2025-01-16,26.54,26.87,25.8,25.98,268757.38
2025-01-17,25.83,26.35,25.77,26.05,211600.15
2025-01-20,26.47,26.56,26.03,26.09,222675.25
2025-01-21,26.6,26.67,26.01,26.3,210388.12
2025-01-22,26.28,26.3,25.86,26.01,182565.87
2025-01-23,26.6,27.39,26.2,26.2,425674.54
2025-01-24,26.12,26.59,26.01,26.39,269266.7
2025-01-27,26.75,26.84,25.84,25.85,257914.8
2025-02-05,26.7,27.98,26.61,27.14,618091.24
2025-02-06,27.2,28.74,26.79,28.37,571480.73
2025-02-07,28.4,30.54,28.3,30.04,1008179.45
2025-02-10,30.49,30.85,29.7,30.65,773001.39
2025-02-11,30.65,32.23,30.01,31.09,989057.78
2025-02-12,31.38,32.78,31.23,32.77,1120420.28
2025-02-13,32.28,32.81,31.8,32.08,852780.92
2025-02-14,32.03,35.29,32.03,34.83,1723338.7
2025-02-17,35.17,37.04,33.58,34.5,2022639.52
2025-02-18,34.29,34.88,32.56,32.62,1313664.98
2025-02-19,32.88,33.64,32.58,33.46,894053.62
2025-02-20,33.25,34.08,32.78,32.9,656952.31
2025-02-21,33.79,35.15,32.94,34.95,1300939.83
2025-02-24,34.65,34.95,33.36,33.79,922055.96
2025-02-25,32.44,33.34,32.23,32.61,702203.21
2025-02-26,32.88,33.31,32.33,33.08,543129.16
2025-02-27,33.03,33.08,31.58,32.25,613008.99
2025-02-28,32.25,32.43,30.29,30.44,645413.36
2025-03-03,30.44,31.3,29.95,30.59,431742.61
2025-03-04,30.28,31.06,30.19,30.84,322400.23
2025-03-05,30.89,31.14,30.59,30.82,306720.76
2025-03-06,31.78,32.73,31.2,32.21,706269.19
2025-03-07,32.23,32.26,30.93,31.09,594195.49
2025-03-10,30.99,31.19,30.53,31.02,341612.12
2025-03-11,30.33,30.87,30.28,30.73,363856.69
2025-03-12,31.01,31.58,30.7,30.87,403125.83
2025-03-13,30.64,30.9,29.89,30.14,362211.53
2025-03-14,30.14,31.78,29.96,31.57,673599.14
2025-03-17,31.53,31.54,30.93,31.0,357751.73
2025-03-18,31.38,31.48,30.79,30.94,289457.89
2025-03-19,30.81,30.98,30.44,30.62,257043.25
2025-03-20,30.54,30.94,30.12,30.15,411434.44
2025-03-21,29.94,30.18,29.15,29.2,410914.16
2025-03-24,29.2,29.38,28.5,29.05,349079.96
2025-03-25,28.99,29.41,28.74,28.87,230823.26
2025-03-26,28.89,29.07,28.75,28.89,186253.11
2025-03-27,28.82,29.32,28.54,28.89,255495.6
2025-03-28,28.99,29.06,28.77,28.81,173311.53
2025-03-31,27.78,28.15,27.49,27.94,374562.9
2025-04-01,28.11,28.18,27.49,27.51,286042.33
2025-04-02,27.45,27.97,27.4,27.75,184011.45
2025-04-03,27.45,27.97,27.4,27.46,193310.26
2025-04-07,25.21,26.23,24.71,24.71,471507.47
2025-04-08,24.97,24.97,23.52,24.16,600757.27
2025-04-09,23.78,25.12,23.41,25.12,523406.79
2025-04-10,26.05,26.11,25.47,25.54,401325.28
2025-04-11,25.62,25.95,25.39,25.74,281800.47
2025-04-14,26.0,26.69,25.92,25.97,279119.48
2025-04-15,25.92,26.05,25.54,25.75,160124.74
2025-04-16,25.73,25.76,25.18,25.57,186255.98
2025-04-17,25.41,25.81,25.33,25.64,170673.15
2025-04-18,25.52,25.71,25.34,25.52,122483.13
2025-04-21,25.48,25.95,25.26,25.92,178626.13
2025-04-22,25.91,26.12,25.73,25.81,184935.36
2025-04-23,26.1,26.45,25.87,26.13,293855.63
2025-04-24,26.14,26.41,25.63,25.65,251363.19
2025-04-25,25.74,25.98,25.61,25.76,194964.19
2025-04-28,25.76,25.92,25.19,25.21,218191.06
2025-04-29,25.12,25.56,25.05,25.33,152083.18
2025-04-30,25.4,25.96,25.29,25.86,231341.57
2025-05-06,26.28,26.67,26.19,26.58,294139.71
2025-05-07,27.64,27.84,26.38,26.59,446855.41
2025-05-08,26.5,26.71,26.35,26.62,214878.58
2025-05-09,26.61,26.61,25.93,25.98,197294.0
2025-05-12,26.34,27.1,26.21,27.0,324569.46
2025-05-13,27.2,27.22,26.58,26.58,239553.17
2025-05-14,26.52,27.84,26.23,27.3,476213.95
2025-05-15,27.07,27.07,26.4,26.44,280417.33
2025-05-16,26.3,26.44,26.15,26.32,157090.43
2025-05-19,26.16,26.25,25.69,26.03,177236.83
2025-05-20,26.15,26.24,25.95,26.13,120368.02
2025-05-21,26.24,26.63,26.16,26.39,187654.98
2025-05-22,26.32,26.35,26.0,26.04,133112.53
2025-05-23,26.05,26.09,25.41,25.41,202450.17
2025-05-26,25.4,25.52,25.19,25.52,125583.74
2025-05-27,25.41,25.41,25.22,25.25,100269.33
2025-05-28,25.25,25.41,25.09,25.11,95152.11
2025-05-29,25.15,26.17,25.11,26.13,291807.14
2025-05-30,26.01,27.03,25.91,26.21,336144.3
2025-06-03,26.82,27.32,26.48,26.61,391727.89
2025-06-04,26.5,26.66,26.22,26.59,243722.65
2025-06-05,26.72,27.58,26.67,27.28,453450.23
2025-06-06,27.28,27.36,26.8,26.88,226954.25
2025-06-09,27.05,27.25,26.78,27.1,235398.1
2025-06-10,27.1,27.1,26.05,26.3,321274.8
2025-06-11,26.31,26.97,26.08,26.42,265759.8
2025-06-12,26.15,27.26,26.06,26.72,294183.02
2025-06-13,27.42,28.39,27.42,27.75,998473.44
2025-06-16,27.75,30.53,27.75,30.53,1239721.81
2025-06-17,30.53,31.7,30.04,30.58,1656808.34
2025-06-18,30.15,30.69,29.77,29.88,946892.95
2025-06-19,30.29,30.62,28.66,28.8,823563.08
2025-06-20,28.5,28.84,27.71,28.01,576095.93
2025-06-23,27.65,30.1,27.59,29.79,947923.37
2025-06-24,29.69,30.48,29.23,30.09,848948.73
2025-06-25,29.88,33.0,29.71,32.3,1546878.64
2025-06-26,32.5,35.53,32.44,33.62,2316013.39
2025-06-27,33.37,35.77,32.88,33.72,1804249.15
2025-06-30,33.85,34.68,33.01,33.54,1180055.22
2025-07-01,33.25,33.45,31.88,32.09,1012055.04
2025-07-02,32.09,32.29,31.54,31.61,557499.52
2025-07-03,31.63,32.19,31.45,31.97,660421.28
2025-07-04,32.11,33.76,31.45,32.75,1151744.63
2025-07-07,32.44,33.62,32.31,32.94,810697.26
2025-07-08,32.94,34.06,32.63,33.42,878798.22
2025-07-09,33.76,34.55,33.1,33.78,1133916.65
2025-07-10,33.45,34.27,32.8,33.4,944721.99
2025-07-11,33.4,35.1,33.26,34.52,1291472.51
2025-07-14,34.31,34.31,33.01,33.26,793063.44
2025-07-15,33.6,34.36,33.35,33.7,749871.68
2025-07-16,33.33,33.5,32.8,33.07,555656.19
2025-07-17,33.38,33.74,33.03,33.42,480463.05
2025-07-18,33.42,34.1,33.35,33.68,495385.84
2025-07-21,33.5,33.85,32.95,33.1,590124.04
2025-07-22,33.0,33.17,32.4,32.64,605000.25
2025-07-23,32.63,33.5,32.5,33.05,629003.08
2025-07-24,32.75,34.1,32.7,33.88,635530.71
2025-07-25,33.88,34.24,33.34,33.53,480999.04
2025-07-28,33.88,34.66,33.25,34.38,869567.14
2025-07-29,34.18,37.82,33.8,37.82,1635793.21
2025-07-30,38.49,38.49,36.39,37.0,1826841.7
2025-07-31,36.77,37.86,35.94,36.2,1196813.86
2025-08-01,36.0,36.34,35.02,35.53,890274.87
2025-08-04,35.13,35.4,34.4,34.85,684245.36
2025-08-05,34.85,35.53,34.44,35.03,669893.43
2025-08-06,34.96,35.0,34.54,34.88,524114.81
2025-08-07,34.66,35.2,34.04,34.41,654191.4
2025-08-08,34.4,34.85,33.64,34.41,583734.29
2025-08-11,34.4,35.47,34.27,35.16,664741.29
2025-08-12,35.2,35.64,34.82,35.61,637763.58
2025-08-13,35.85,36.3,35.11,35.69,856945.58
2025-08-14,35.71,37.24,35.71,35.81,1091031.23
2025-08-15,35.4,37.47,34.88,36.86,1274652.62
2025-08-18,36.95,38.47,36.4,37.65,1217074.9
2025-08-19,37.55,38.07,36.55,36.58,961954.62
2025-08-20,36.48,37.09,35.73,37.04,766269.89
2025-08-21,38.1,39.4,37.14,37.45,1450451.08
2025-08-22,36.98,38.46,36.88,38.46,1053195.55
2025-08-25,39.3,40.22,38.46,39.04,1255249.14
2025-08-26,38.29,38.59,37.51,38.15,889581.06
2025-08-27,38.18,38.91,37.12,37.15,929231.69
2025-08-28,36.99,37.68,36.21,37.66,822849.71
2025-08-29,38.0,38.19,37.2,37.49,626193.55
2025-09-01,38.21,39.33,37.5,38.66,1105116.59
2025-09-02,38.23,38.27,35.65,35.9,1137485.5
2025-09-03,35.88,36.23,34.6,34.83,607099.52
2025-09-04,34.88,35.28,33.34,33.98,574053.11
2025-09-05,34.1,34.67,33.52,34.54,455060.87
2025-09-08,34.6,35.34,34.2,35.2,407078.67
2025-09-09,35.22,35.25,34.34,34.43,310995.82
2025-09-10,34.6,35.28,34.43,34.46,310581.21
2025-09-11,34.46,35.32,34.0,35.32,562937.4
2025-09-12,35.79,36.07,34.93,35.0,539565.22
2025-09-15,34.88,34.99,34.44,34.48,372946.91
2025-09-16,34.49,34.72,34.03,34.56,355835.48
2025-09-17,34.62,35.3,34.35,35.04,447416.32
2025-09-18,34.8,35.47,33.75,34.16,648430.08
2025-09-19,34.01,34.39,33.48,33.5,377264.77
2025-09-22,33.6,34.08,33.34,34.04,325336.91
2025-09-23,33.9,33.9,32.09,32.73,615701.97
2025-09-24,32.54,33.48,32.43,33.42,424730.87
2025-09-25,33.8,34.98,33.62,34.58,654378.2
2025-09-26,34.5,34.75,33.47,33.47,425678.07
2025-09-29,33.28,34.78,32.81,34.23,603636.49
2025-09-30,34.25,34.66,34.16,34.52,422756.19
2025-10-09,34.52,35.52,34.16,35.33,667090.97
2025-10-10,35.01,35.04,33.91,34.02,505557.73
2025-10-13,32.36,33.73,32.28,33.47,394724.46
2025-10-14,33.84,34.35,32.65,32.8,409998.57
2025-10-15,32.8,33.15,32.53,33.07,239825.34
2025-10-16,33.0,33.0,32.04,32.16,376542.96
2025-10-17,32.18,32.37,31.02,31.14,354864.27
2025-10-20,31.5,31.79,31.11,31.27,252002.52
2025-10-21,31.39,32.08,31.35,31.83,278572.04
2025-10-22,31.6,31.79,31.42,31.56,152092.85
2025-10-23,31.56,32.0,31.17,31.96,217380.07
2025-10-24,32.2,32.35,31.88,32.24,261289.77
2025-10-27,32.5,32.75,32.23,32.5,295404.29
2025-10-28,32.51,32.81,32.24,32.32,288923.44
2025-10-29,32.18,32.65,32.0,32.56,304792.32
2025-10-30,32.5,32.55,31.93,31.97,322660.68
2025-10-31,31.2,31.88,31.06,31.46,386922.43
2025-11-03,31.48,31.6,30.68,31.24,325069.35
2025-11-04,31.08,31.2,30.09,30.26,423666.79
2025-11-05,29.97,30.19,29.36,29.82,397856.88
2025-11-06,29.8,30.27,29.8,30.08,230347.11
2025-11-07,29.83,29.94,29.61,29.62,207669.81
2025-11-10,29.62,29.84,29.48,29.81,220027.73
2025-11-11,29.81,29.85,29.07,29.13,297407.43
2025-11-12,29.1,29.11,28.8,28.95,195282.65
2025-11-13,29.09,29.57,28.96,29.55,241277.38
2025-11-14,29.23,29.37,28.86,28.86,208200.14
2025-11-17,28.79,29.19,28.71,28.98,172607.52
2025-11-18,28.95,30.05,28.83,29.8,494403.19
2025-11-19,29.9,30.28,29.4,29.51,312688.38
2025-11-20,29.86,29.88,28.88,28.98,241313.19
2025-11-21,28.6,28.98,28.15,28.35,293530.68
2025-11-24,28.53,29.54,28.39,29.5,369109.55
2025-11-25,29.6,30.32,29.45,29.7,381184.96
2025-11-26,29.4,30.14,29.36,29.61,270853.88
2025-11-27,29.48,29.74,29.18,29.24,231348.5
2025-11-28,29.15,29.38,28.98,29.32,173027.0
