date,open,high,low,close,volume
2010-01-04,95.31,95.31,93.82,94.17,44304.88
2010-01-05,94.75,95.03,93.65,93.89,31513.18
2010-01-06,93.64,93.92,92.16,92.41,39889.03
2010-01-07,92.41,92.64,89.7,90.72,48825.55
2010-01-08,90.88,90.88,88.72,89.77,36702.09
2010-01-11,90.65,91.38,88.94,89.37,24461.03
2010-01-12,89.46,92.08,89.0,91.79,31063.4
2010-01-13,90.87,91.51,89.21,89.46,37924.44
2010-01-14,89.77,93.76,89.77,93.39,46454.64
2010-01-15,93.38,96.07,93.38,94.13,45938.5
2010-01-18,94.2,95.45,94.15,94.74,21461.53
2010-01-19,94.75,95.03,93.92,94.07,17818.91
2010-01-20,94.15,94.28,91.87,91.94,20972.95
2010-01-21,91.91,93.3,91.71,92.39,17257.48
2010-01-22,92.32,92.7,89.71,90.95,25432.94
2010-01-25,90.79,92.7,90.05,92.01,23239.15
2010-01-26,93.24,94.3,91.21,92.37,32889.16
2010-01-27,92.0,92.97,90.65,90.87,19316.57
2010-01-28,90.8,94.4,90.6,93.76,30267.52
2010-01-29,94.17,94.31,92.92,93.39,37172.82
2010-02-01,93.58,93.97,92.54,93.59,29655.94
2010-02-02,93.09,94.2,92.15,92.27,15493.53
2010-02-03,92.1,93.15,90.99,91.95,23034.65
2010-02-04,91.93,93.79,91.5,93.43,22475.33
2010-02-05,92.88,95.24,92.54,94.89,26234.3
2010-02-08,94.89,97.3,94.49,94.88,31496.1
2010-02-09,95.31,96.05,94.49,94.82,14151.24
2010-02-10,95.31,95.64,94.59,95.22,6398.14
2010-02-11,95.2,96.66,95.09,96.07,14945.05
2010-02-12,96.4,96.53,95.42,95.91,9346.4
2010-02-22,95.86,95.92,93.69,93.69,12178.08
2010-02-23,93.79,94.48,91.26,92.4,23562.13
2010-02-24,92.41,93.43,91.71,93.05,9904.27
2010-02-25,92.48,94.2,92.48,93.23,15313.96
2010-02-26,93.64,93.64,92.32,92.45,10338.58
2010-03-01,92.23,92.79,91.98,92.12,21734.74
2010-03-02,92.32,92.42,91.38,91.76,17182.23
2010-03-03,91.98,92.12,91.39,91.8,14232.86
2010-03-04,92.0,92.46,90.88,91.51,14168.97
2010-03-05,91.51,91.68,91.03,91.1,9770.55
2010-03-08,91.14,91.42,90.21,90.42,23259.44
2010-03-09,90.43,90.71,90.16,90.42,12340.97
2010-03-10,90.47,90.71,90.27,90.69,11814.06
2010-03-11,90.8,91.13,90.09,90.33,13518.56
2010-03-12,90.33,90.69,89.54,89.72,12192.27
2010-03-15,89.72,89.72,87.5,87.94,15808.51
2010-03-16,87.94,88.47,87.5,88.07,7764.13
2010-03-17,88.09,88.98,88.05,88.94,18710.93
2010-03-18,88.98,89.42,87.41,87.78,14726.62
2010-03-19,88.04,88.29,87.55,87.97,13361.63
2010-03-22,88.24,88.44,87.37,87.55,23008.46
2010-03-23,87.45,87.82,86.95,87.15,18329.9
2010-03-24,87.32,88.54,87.3,88.19,20175.66
2010-03-25,88.05,88.05,87.44,87.5,9813.6
2010-03-26,87.65,89.15,87.6,88.47,20527.37
2010-03-29,88.49,89.75,88.11,89.61,31475.43
2010-03-30,89.64,89.75,88.38,88.67,19012.1
2010-03-31,88.64,89.56,87.83,87.97,14905.16
2010-04-01,87.98,88.94,87.97,88.69,23980.83
2010-04-02,87.55,87.55,84.01,84.58,154281.7
2010-04-06,84.17,84.78,83.84,84.14,53122.91
2010-04-07,84.15,84.7,83.79,84.3,41061.08
2010-04-08,84.32,84.32,83.12,83.4,32921.19
2010-04-09,83.12,83.45,81.89,82.64,54418.18
2010-04-12,82.68,83.0,81.33,81.62,38514.23
2010-04-13,81.68,83.67,81.4,83.05,54305.27
2010-04-14,83.6,83.6,82.15,83.41,46368.44
2010-04-15,83.48,83.48,81.46,81.72,40617.3
2010-04-16,81.72,82.85,81.35,82.0,29395.56
2010-04-19,82.02,82.87,80.82,80.99,41332.19
2010-04-20,80.9,80.9,77.64,79.53,49387.23
2010-04-21,79.52,82.13,78.52,82.02,63365.87
2010-04-22,81.65,82.7,80.92,82.32,37063.95
2010-04-23,82.01,82.9,79.3,79.7,66686.94
2010-04-26,77.02,77.34,75.86,75.88,107036.13
2010-04-27,75.85,75.85,73.53,73.67,58234.48
2010-04-28,73.14,73.92,72.59,73.22,26287.43
2010-04-29,73.45,74.95,73.45,74.39,34501.2
2010-04-30,72.83,72.83,70.79,71.5,85566.7
2010-05-04,70.92,71.79,70.31,71.28,23975.16
2010-05-05,70.82,72.72,70.54,72.47,33838.78
2010-05-06,72.59,72.59,70.54,70.57,28240.34
2010-05-07,69.82,72.24,69.54,72.04,31254.76
2010-05-10,73.14,75.36,73.14,74.0,66192.58
2010-05-11,75.13,75.36,73.6,74.06,33632.41
2010-05-12,73.86,74.25,72.04,73.8,21643.19
2010-05-13,73.83,75.19,73.83,74.73,27049.54
2010-05-14,74.74,75.42,74.25,74.78,18126.16
2010-05-17,74.64,74.64,71.81,71.93,17643.59
2010-05-18,72.04,72.57,69.92,72.1,26037.47
2010-05-19,72.31,72.7,70.94,71.94,10798.97
2010-05-20,71.73,73.88,71.49,72.86,22740.45
2010-05-21,71.7,74.59,71.19,74.37,27341.38
2010-05-24,74.8,75.64,74.42,75.34,29783.47
2010-05-25,75.14,75.14,72.45,72.73,22050.77
2010-05-26,72.87,73.51,72.12,73.11,11025.31
2010-05-31,73.98,74.93,73.08,73.08,23549.88
2010-06-01,73.01,73.95,72.31,73.49,23525.57
2010-06-02,73.45,74.47,72.95,74.34,21889.44
2010-06-03,74.8,75.64,73.92,74.82,24949.42
2010-06-04,74.77,76.69,74.37,76.54,30036.43
2010-06-07,75.91,78.84,75.36,78.16,38125.07
2010-06-08,78.16,78.62,77.02,77.64,14394.78
2010-06-09,77.7,79.02,77.62,78.36,18053.93
2010-06-10,78.35,79.02,77.87,78.33,11781.27
2010-06-11,78.45,78.96,76.78,76.86,19572.75
2010-06-17,77.13,77.29,75.53,75.63,12523.71
2010-06-18,75.37,75.8,72.6,73.29,20102.29
2010-06-21,73.37,74.53,72.7,74.5,18954.01
2010-06-22,73.84,74.22,72.81,73.25,20779.1
2010-06-23,73.14,73.63,72.82,72.98,12812.76
2010-06-24,73.09,73.4,71.86,72.02,24344.03
2010-06-25,71.93,72.59,71.39,72.32,19011.35
2010-06-28,72.15,72.16,70.82,70.93,14816.98
2010-06-29,71.21,71.7,69.55,69.97,27782.66
2010-06-30,69.82,70.65,69.63,70.57,17824.12
2010-07-01,70.84,70.84,70.1,70.38,7449.69
2010-07-02,70.12,71.54,70.12,70.75,16452.7
2010-07-05,70.75,70.92,69.67,70.37,14040.74
2010-07-06,70.42,71.68,69.91,71.37,15306.43
2010-07-07,71.37,71.87,70.75,71.21,8788.28
2010-07-08,71.09,71.87,71.09,71.77,8516.41
2010-07-09,71.92,73.94,71.43,73.3,27378.51
2010-07-12,73.16,74.55,73.02,73.11,17834.26
2010-07-13,73.12,73.12,71.88,72.46,7439.11
2010-07-14,72.37,73.36,72.17,72.84,9642.66
2010-07-15,72.99,74.5,72.9,73.73,18833.33
2010-07-16,73.21,75.14,73.03,74.84,32949.51
2010-07-19,74.42,76.18,74.34,75.95,19412.32
2010-07-20,76.05,76.79,75.33,76.35,26886.19
2010-07-21,76.35,78.53,76.35,77.12,24363.02
2010-07-22,77.63,77.63,76.51,77.16,16221.66
2010-07-23,77.28,78.87,77.28,78.7,38466.0
2010-07-26,78.7,79.86,78.44,78.84,22016.91
2010-07-27,78.36,79.52,78.36,79.42,25229.04
2010-07-28,79.76,80.0,79.14,79.95,27740.35
2010-07-29,79.94,80.04,77.83,77.98,45372.87
2010-07-30,77.9,77.9,76.9,77.56,29438.77
2010-08-02,77.54,81.24,77.54,80.29,42965.73
2010-08-03,79.98,80.99,79.43,79.57,17573.23
2010-08-04,79.42,80.65,79.26,80.55,17350.13
2010-08-05,80.58,83.53,80.58,82.87,41966.13
2010-08-06,82.66,83.22,82.33,82.89,21840.53
2010-08-09,82.92,85.14,82.92,84.8,38703.73
2010-08-10,84.8,85.9,81.94,82.08,28739.94
2010-08-11,81.66,83.34,81.66,82.69,15190.63
2010-08-12,82.66,84.96,81.78,83.29,31025.87
2010-08-13,83.27,84.71,82.96,84.11,15775.59
2010-08-16,84.12,85.74,84.12,85.52,25910.45
2010-08-17,85.46,87.39,85.29,86.74,35747.57
2010-08-18,86.68,87.49,85.18,85.48,30173.78
2010-08-19,85.51,86.08,84.17,84.6,35437.14
2010-08-20,84.56,84.56,83.05,83.27,20841.59
2010-08-23,82.92,84.4,82.78,84.3,13214.93
2010-08-24,84.07,85.57,83.39,84.69,10838.25
2010-08-25,84.17,84.97,83.69,83.78,16507.88
2010-08-26,83.84,84.2,83.06,84.1,12232.54
2010-08-27,83.9,84.58,83.45,84.49,8799.39
2010-08-30,84.83,89.49,84.83,89.39,53784.43
2010-08-31,88.67,90.04,88.3,89.06,31399.97
2010-09-01,88.82,90.16,87.2,87.74,25589.28
2010-09-02,88.37,90.65,88.3,89.48,24821.98
2010-09-03,89.38,92.5,89.38,90.95,27761.44
2010-09-06,91.73,94.3,91.73,93.25,29008.44
2010-09-07,93.43,94.58,92.17,92.44,22373.67
2010-09-08,92.28,93.68,92.28,93.11,15010.8
2010-09-09,93.4,94.58,92.84,93.34,21503.84
2010-09-10,93.68,95.03,93.12,94.8,19867.68
2010-09-13,94.52,97.01,93.93,94.4,28063.47
2010-09-14,94.38,95.2,92.62,93.57,26383.43
2010-09-15,93.4,93.57,90.44,90.86,21032.08
2010-09-16,90.66,91.75,87.75,89.12,20497.73
2010-09-17,89.05,91.97,88.1,90.5,17975.26
2010-09-20,91.09,92.84,90.61,92.09,12576.07
2010-09-21,93.12,93.34,91.73,92.89,14940.36
2010-09-27,92.9,94.52,92.45,94.43,18548.46
2010-09-28,94.29,95.75,93.96,95.52,22585.12
2010-09-29,95.3,95.95,93.41,93.49,13272.0
2010-09-30,93.16,94.63,92.84,94.37,14578.9
2010-10-08,94.52,98.16,94.52,97.06,31608.89
2010-10-11,97.32,98.68,92.84,93.85,43742.69
2010-10-12,93.86,95.07,91.89,93.18,28543.04
2010-10-13,92.84,93.14,89.4,90.05,60287.75
2010-10-14,90.06,90.22,87.7,88.62,53243.73
2010-10-15,88.66,91.17,88.54,89.48,72099.79
2010-10-18,89.49,92.37,86.58,90.84,96564.42
2010-10-19,90.28,92.23,89.49,91.32,53448.48
2010-10-20,89.54,94.47,89.54,93.63,47372.89
2010-10-21,93.74,95.11,92.73,93.67,37621.94
2010-10-22,93.67,95.98,93.21,94.02,41046.54
2010-10-25,94.52,97.21,94.04,96.76,36195.2
2010-10-26,96.65,96.69,93.97,94.53,28590.63
2010-10-27,94.38,94.75,93.12,94.05,28912.62
2010-10-28,93.91,94.13,93.25,93.43,19440.68
2010-10-29,92.14,92.32,89.77,91.25,65465.57
2010-11-01,91.28,92.23,90.72,91.59,49658.92
2010-11-02,92.02,92.02,90.38,90.98,62292.17
2010-11-03,91.17,92.65,90.33,91.36,42253.17
2010-11-04,91.7,92.59,91.04,92.31,44629.19
2010-11-05,92.45,92.84,91.33,91.71,34654.91
2010-11-08,91.72,91.73,90.19,91.44,56894.13
2010-11-09,91.5,93.17,91.01,92.77,60737.9
2010-11-10,93.18,102.04,93.12,100.52,150005.09
2010-11-11,101.79,101.79,97.38,98.39,74217.2
2010-11-12,98.19,105.19,98.17,99.29,126500.29
2010-11-15,101.79,105.15,101.79,102.74,79038.78
2010-11-16,104.02,104.03,97.6,99.1,72291.77
2010-11-17,98.38,98.38,91.61,92.28,80509.06
2010-11-18,93.15,95.62,92.84,94.8,40286.04
2010-11-19,95.7,98.44,95.2,97.97,48954.75
2010-11-22,97.81,102.01,97.21,99.84,47940.81
2010-11-23,99.77,105.82,98.55,105.73,108469.81
2010-11-24,107.39,115.55,107.39,111.82,110799.3
2010-11-25,112.16,113.88,110.18,113.52,45579.74
2010-11-26,113.52,118.95,112.2,115.91,63799.42
2010-11-29,114.8,124.16,114.8,121.05,67499.39
2010-11-30,121.02,121.02,112.04,114.55,65665.39
2010-12-01,113.54,116.33,111.87,113.2,38016.22
2010-12-02,114.21,115.22,110.69,110.84,42940.09
2010-12-03,110.74,113.81,110.57,111.74,43037.32
2010-12-06,111.78,112.98,106.33,107.96,43281.58
2010-12-07,107.32,111.19,106.19,110.5,31804.8
2010-12-08,110.46,112.87,109.63,109.72,28334.68
2010-12-09,109.62,110.06,107.55,109.21,24461.4
2010-12-10,108.14,111.23,106.83,110.59,39587.31
2010-12-13,110.46,110.46,108.22,110.18,58592.83
2010-12-14,110.36,112.7,110.07,110.69,61542.72
2010-12-15,110.74,113.72,110.74,112.25,47423.8
2010-12-16,118.57,118.85,115.5,115.76,66817.58
2010-12-17,116.33,117.01,113.99,114.33,51769.82
2010-12-20,115.2,115.59,108.5,110.39,68557.25
2010-12-21,110.38,110.52,107.95,108.5,59359.42
2010-12-22,108.54,108.78,106.27,106.8,44151.22
2010-12-23,106.74,107.78,106.27,106.66,32743.89
2010-12-24,106.66,106.78,104.59,105.55,29408.52
2010-12-27,105.71,106.26,101.97,102.35,45246.4
2010-12-28,102.35,104.37,99.22,102.5,48176.44
2010-12-29,102.41,104.07,101.79,104.03,30967.6
2010-12-30,104.31,104.31,100.79,101.75,41774.68
2010-12-31,101.68,103.07,101.26,102.87,46084.87
2011-01-04,104.53,105.09,102.13,103.75,60462.26
2011-01-05,103.41,103.69,100.95,101.28,58198.02
2011-01-06,101.35,102.69,99.8,100.81,37584.56
2011-01-07,100.77,101.62,99.84,100.52,30533.8
2011-01-10,100.46,100.96,97.4,97.49,38784.83
2011-01-11,97.14,98.16,95.76,97.07,45322.1
2011-01-12,97.37,98.44,96.43,97.58,31323.25
2011-01-13,98.16,101.23,97.59,100.39,41341.74
2011-01-14,100.09,101.35,99.16,100.78,25772.66
2011-01-17,100.51,101.9,97.89,98.21,37475.16
2011-01-18,97.93,102.13,97.31,102.11,40962.35
2011-01-19,102.11,102.67,101.3,102.26,26198.67
2011-01-20,101.96,102.91,99.7,100.71,24523.05
2011-01-21,100.56,101.51,98.25,98.38,26867.37
2011-01-24,98.36,99.26,95.09,95.93,34775.49
2011-01-25,95.63,96.42,95.08,95.47,17238.64
2011-01-26,95.65,97.31,95.65,96.28,14325.71
2011-01-27,96.18,98.03,94.85,96.79,29444.27
2011-01-28,96.76,97.39,96.41,96.95,19591.43
2011-01-31,97.04,101.19,96.76,99.55,32442.43
2011-02-01,99.56,101.71,99.28,100.83,17758.46
2011-02-09,100.67,101.13,99.0,99.53,17675.31
2011-02-10,99.19,104.02,99.16,103.49,36008.75
2011-02-11,103.33,105.4,103.07,103.43,34001.41
2011-02-14,103.43,105.15,102.86,104.65,36639.15
2011-02-15,104.65,105.6,103.36,103.61,29716.4
2011-02-16,103.48,104.02,101.63,102.73,36440.18
2011-02-17,102.35,102.74,101.14,101.38,36363.8
2011-02-18,101.12,103.72,100.84,101.78,36828.73
2011-02-21,101.79,103.36,101.35,102.62,27289.85
2011-02-22,102.62,103.61,101.23,101.73,38293.8
2011-02-23,101.3,102.62,101.3,102.22,19422.29
2011-02-24,102.12,102.62,101.3,101.88,20476.31
2011-02-25,102.29,102.29,100.23,100.46,29413.43
2011-02-28,100.28,100.37,98.44,99.94,39093.1
2011-03-01,99.95,100.64,99.44,99.91,23059.41
2011-03-02,99.67,100.11,98.44,99.11,32095.5
2011-03-03,99.15,99.94,97.74,97.88,37735.09
2011-03-04,97.88,98.87,97.6,98.4,33351.19
2011-03-07,98.35,99.29,98.35,99.21,33553.69
2011-03-08,99.24,99.33,97.77,98.84,31869.55
2011-03-09,99.27,99.67,98.47,99.55,22971.46
2011-03-10,99.54,103.02,99.21,101.79,54492.13
2011-03-11,101.57,102.58,100.61,100.7,23345.45
2011-03-14,100.41,102.91,100.18,102.29,22372.98
2011-03-15,101.59,102.48,99.01,100.27,30898.55
2011-03-16,100.45,102.34,100.29,101.7,24176.24
2011-03-17,101.18,106.0,100.77,105.72,88522.77
2011-03-18,106.02,108.56,104.66,106.91,61484.07
2011-03-21,106.16,106.82,103.22,104.66,48651.24
2011-03-22,105.36,106.26,103.58,103.89,27887.55
2011-03-23,104.04,104.42,102.63,104.33,42881.85
2011-03-24,104.2,104.34,102.63,102.66,21353.18
2011-03-25,102.35,103.8,102.35,102.59,27905.52
2011-03-28,102.66,103.14,100.95,101.18,40295.87
2011-03-29,101.23,101.4,99.84,100.09,26523.3
2011-03-30,100.08,100.82,99.72,99.95,20602.99
2011-03-31,99.95,102.24,99.84,100.59,17525.86
2011-04-01,100.66,101.43,99.86,100.37,18227.49
2011-04-06,100.34,100.62,98.83,98.99,28774.81
2011-04-07,98.55,99.0,97.75,97.84,46830.74
2011-04-08,97.86,98.72,97.77,98.25,21823.15
2011-04-11,98.13,99.92,97.94,99.27,26173.14
2011-04-12,99.28,100.31,98.83,99.23,34945.68
2011-04-13,99.16,100.11,99.01,99.74,29389.19
2011-04-14,99.72,99.84,98.15,98.29,36621.96
2011-04-15,98.42,98.99,95.51,96.41,53327.01
2011-04-18,96.3,96.98,95.76,96.79,19608.99
2011-04-19,96.79,97.68,95.91,96.97,22880.67
2011-04-20,96.97,97.98,96.76,97.77,22509.28
2011-04-21,97.88,99.33,97.72,97.8,28684.34
2011-04-22,98.16,98.66,97.61,98.52,14500.23
2011-04-25,100.67,103.52,100.39,102.39,70225.53
2011-04-26,102.35,102.63,101.17,101.33,31095.42
2011-04-27,101.57,103.47,101.23,101.32,27748.47
2011-04-28,101.85,102.12,99.44,99.79,25357.17
2011-04-29,99.78,102.4,99.38,101.97,22083.82
2011-05-03,102.35,104.48,101.79,103.95,41270.82
2011-05-04,103.19,105.19,102.6,102.63,32521.06
2011-05-05,102.64,104.87,102.36,103.44,26693.49
2011-05-06,102.91,104.59,102.36,103.92,23960.65
2011-05-09,104.35,104.86,102.86,103.0,12175.95
2011-05-10,102.95,103.19,102.23,102.68,15918.8
2011-05-11,102.36,104.2,102.36,103.62,12896.67
2011-05-12,103.47,105.99,103.25,104.77,25027.71
2011-05-13,104.79,105.7,103.75,104.96,12253.2
2011-05-16,104.87,105.7,104.31,104.96,11505.57
2011-05-17,104.6,106.44,104.03,104.94,20866.44
2011-05-18,104.76,110.43,104.76,109.04,62165.05
2011-05-19,109.62,112.78,109.62,111.79,85738.05
2011-05-20,112.25,112.79,111.19,112.32,40043.86
2011-05-23,111.86,113.4,110.18,110.2,39420.88
2011-05-24,109.35,110.46,108.78,108.85,23997.07
2011-05-26,108.95,113.42,108.95,111.13,38970.36
2011-05-27,111.79,112.3,108.06,108.36,31729.58
2011-05-30,107.49,113.3,107.26,113.28,47286.0
2011-05-31,113.34,114.09,112.59,113.99,33854.83
2011-06-01,114.15,117.44,113.55,117.39,39093.76
2011-06-02,116.61,117.26,113.87,115.55,39585.43
2011-06-03,115.23,118.96,115.23,118.35,29483.96
2011-06-07,118.56,118.57,115.37,116.26,26876.17
2011-06-08,116.08,117.29,113.86,116.75,25070.47
2011-06-09,116.36,116.5,112.84,112.88,36179.7
2011-06-10,112.7,114.37,111.75,113.29,34279.17
2011-06-13,113.26,114.04,111.19,112.69,28004.57
2011-06-14,112.68,114.65,112.14,114.35,37487.88
2011-06-15,114.11,114.36,113.09,113.66,16408.56
2011-06-16,113.09,114.82,111.98,113.55,17731.47
2011-06-17,113.82,117.45,113.34,116.69,33411.0
2011-06-20,116.39,116.49,112.42,113.8,29909.15
2011-06-21,113.0,114.57,113.0,113.71,12738.17
2011-06-22,113.65,116.04,113.65,115.18,16188.53
2011-06-23,114.82,117.01,114.66,116.33,20280.98
2011-06-24,116.25,117.54,114.85,115.46,37068.5
2011-06-27,115.89,116.87,115.09,116.49,23190.42
2011-06-28,116.89,118.5,115.9,117.71,25540.48
2011-06-29,117.95,119.06,116.28,117.98,19596.7
2011-06-30,117.46,119.3,117.46,118.92,32701.21
2011-07-01,119.74,119.74,118.12,119.2,15810.5
2011-07-04,118.94,120.26,118.68,120.07,46338.41
2011-07-05,120.05,120.07,118.06,119.08,27057.85
2011-07-06,118.8,119.43,118.26,118.85,19753.77
2011-07-07,118.81,121.97,118.81,120.74,40956.75
2011-07-08,120.89,121.6,120.02,120.72,17183.81
2011-07-11,120.71,123.21,120.33,122.44,25615.74
2011-07-12,122.12,122.44,120.45,120.51,28488.26
2011-07-13,120.73,121.6,120.28,121.04,22109.07
2011-07-14,121.04,121.17,119.93,120.21,24822.17
2011-07-15,119.8,121.79,119.8,121.39,17763.89
2011-07-18,121.42,124.68,121.42,123.76,28523.41
2011-07-19,123.72,124.43,122.67,123.69,20276.61
2011-07-20,124.4,124.71,123.47,124.34,18967.08
2011-07-21,124.51,127.83,124.41,126.54,47676.86
2011-07-22,126.37,129.93,126.37,128.31,49860.88
2011-07-25,128.76,129.18,125.97,126.68,35260.43
2011-07-26,126.58,126.89,125.65,126.62,24791.75
2011-07-27,126.83,129.07,126.06,127.09,30676.25
2011-07-28,126.83,129.32,125.65,129.23,22923.23
2011-07-29,129.07,129.07,127.7,128.57,19104.16
2011-08-01,128.97,128.97,126.15,126.51,18572.89
2011-08-02,125.78,126.12,123.51,125.1,27849.58
2011-08-03,123.92,126.15,123.78,125.52,17061.32
2011-08-04,125.96,127.95,125.53,127.5,17773.27
2011-08-05,124.46,127.89,124.46,126.35,21319.85
2011-08-08,125.04,127.58,123.16,124.2,36884.34
2011-08-09,122.19,126.27,120.05,125.09,36924.33
2011-08-10,125.9,128.44,124.25,127.95,38436.26
2011-08-11,126.9,134.11,126.9,133.55,61949.15
2011-08-12,133.74,135.35,132.49,134.84,39466.31
2011-08-15,135.11,136.1,131.82,132.68,29450.63
2011-08-16,132.9,133.91,129.55,130.43,37491.56
2011-08-17,130.63,131.55,129.83,130.53,13553.28
2011-08-18,130.2,130.53,128.36,129.51,29341.73
2011-08-19,128.7,130.72,128.48,130.57,37488.08
2011-08-22,130.69,131.19,126.65,127.09,28164.38
2011-08-23,126.89,128.26,126.52,127.47,23579.21
2011-08-24,127.52,129.38,126.95,128.01,17957.07
2011-08-25,129.07,129.69,127.52,129.02,30083.05
2011-08-26,129.0,132.49,128.67,132.42,22748.88
2011-08-29,131.87,134.35,130.32,133.91,26082.44
2011-08-30,134.05,135.25,132.5,133.63,28816.01
2011-08-31,136.1,136.54,133.43,133.59,50014.61
2011-09-01,133.55,134.04,130.94,131.55,25689.61
2011-09-02,131.16,132.0,130.57,131.78,13832.57
2011-09-05,131.37,131.49,128.45,128.93,27344.84
2011-09-06,128.14,129.57,125.83,126.28,32094.69
2011-09-07,126.65,129.31,126.58,129.13,20087.7
2011-09-08,129.38,130.0,127.9,128.06,13182.67
2011-09-09,128.49,130.43,126.89,128.81,14227.19
2011-09-13,127.26,128.14,125.08,125.42,18949.13
2011-09-14,126.27,126.45,120.78,123.13,47625.79
2011-09-15,123.16,124.53,123.02,123.47,19122.0
2011-09-16,124.09,126.35,123.16,126.22,18029.27
2011-09-19,126.71,127.21,125.6,126.1,15352.04
2011-09-20,126.09,126.09,124.1,124.93,12784.63
2011-09-21,124.92,127.54,124.72,127.12,24640.16
2011-09-22,126.27,126.82,122.73,122.95,24336.1
2011-09-23,120.74,121.92,118.12,120.71,76537.2
2011-09-26,119.34,120.83,116.94,117.02,42211.18
2011-09-27,118.17,119.21,116.74,117.85,24749.81
2011-09-28,118.68,118.68,115.84,116.4,32389.84
2011-09-29,115.01,118.81,115.01,116.38,30030.61
2011-09-30,116.42,118.87,116.42,118.55,18269.66
2011-10-10,118.73,119.31,116.71,116.94,14283.91
2011-10-11,119.42,119.42,113.83,116.3,20586.25
2011-10-12,116.01,119.8,114.72,119.46,29778.55
2011-10-13,119.46,121.2,118.19,119.47,23961.72
2011-10-14,118.84,119.92,118.06,119.08,12468.36
2011-10-17,119.54,122.86,119.18,122.63,26008.51
2011-10-18,121.51,124.02,121.3,122.18,22785.75
2011-10-19,122.8,125.34,122.54,123.24,22657.85
2011-10-20,122.54,123.51,118.56,118.87,29312.63
2011-10-21,118.6,121.3,118.6,120.92,17116.45
2011-10-24,121.79,125.1,120.92,124.75,32390.68
2011-10-25,123.91,126.48,123.91,124.79,32041.92
2011-10-26,124.33,125.7,123.6,125.56,29492.76
2011-10-27,125.68,127.12,125.36,125.65,20104.54
2011-10-28,126.59,128.64,126.59,127.52,26056.6
2011-10-31,127.7,128.25,126.07,127.03,28121.99
2011-11-01,126.39,129.07,125.97,128.88,27147.39
2011-11-02,127.49,130.41,127.27,130.36,26647.01
2011-11-03,131.29,131.56,128.87,128.94,30465.9
2011-11-04,129.31,130.63,128.34,129.23,18546.75
2011-11-07,129.51,129.82,128.49,128.64,16573.9
2011-11-08,129.17,129.34,126.88,127.36,25546.41
2011-11-09,127.45,128.55,125.96,126.97,24696.07
2011-11-10,126.45,127.89,126.35,127.52,14617.7
2011-11-11,127.52,127.61,126.29,126.88,11692.64
2011-11-14,127.82,129.48,127.02,128.92,17986.24
2011-11-15,129.13,129.35,126.27,126.85,17782.26
2011-11-16,126.86,126.86,124.34,124.89,29545.8
2011-11-17,124.94,126.65,124.6,125.55,15589.04
2011-11-18,125.58,126.2,124.22,124.76,19907.46
2011-11-21,124.84,126.52,124.48,124.95,18389.75
2011-11-22,124.96,128.69,124.78,128.18,35652.52
2011-11-23,127.9,130.19,127.9,130.07,31537.85
2011-11-24,129.76,130.12,129.07,129.19,26558.99
2011-11-25,129.23,132.7,128.76,130.61,40235.7
2011-11-28,130.82,133.59,130.2,133.03,53379.98
2011-11-29,132.99,134.42,131.75,132.22,41355.0
2011-11-30,132.42,133.6,129.88,130.66,40263.23
2011-12-01,132.62,133.86,130.8,132.39,33785.49
2011-12-02,131.87,134.48,131.87,133.13,27267.18
2011-12-05,133.4,133.4,128.39,128.59,39025.6
2011-12-06,128.46,128.48,125.46,126.69,37152.16
2011-12-07,126.71,128.45,126.71,127.95,27333.76
2011-12-08,128.08,129.76,126.2,126.27,24661.08
2011-12-09,126.18,126.8,124.22,124.3,36745.73
2011-12-12,124.3,124.97,122.47,122.88,29526.92
2011-12-13,122.49,123.15,121.91,122.07,29995.83
2011-12-14,122.07,124.41,122.07,123.06,20813.22
2011-12-15,122.46,123.71,121.33,122.53,21880.03
2011-12-16,123.16,125.64,123.16,125.51,30649.0
2011-12-19,125.01,125.27,123.97,125.03,25456.36
2011-12-20,125.03,126.15,123.47,124.56,17106.3
2011-12-21,125.14,125.33,122.53,122.68,21962.81
2011-12-22,122.85,124.98,121.79,124.2,17443.32
2011-12-23,124.34,125.28,123.78,124.88,17609.56
2011-12-26,124.79,124.79,119.62,120.13,46995.04
2011-12-27,120.05,120.05,117.14,117.58,31314.98
2011-12-28,117.13,118.5,116.0,118.33,27738.43
2011-12-29,117.63,119.98,117.63,119.56,20062.13
2011-12-30,119.87,121.22,118.19,120.24,29460.86
2012-01-04,119.12,119.91,115.08,115.24,33878.28
2012-01-05,114.45,115.2,113.43,113.93,30122.64
2012-01-06,113.89,116.97,112.99,116.1,25190.62
2012-01-09,115.7,117.0,113.07,116.95,26160.16
2012-01-10,116.32,121.09,115.77,120.97,39235.6
2012-01-11,120.02,120.61,117.75,117.99,39891.16
2012-01-12,117.3,119.16,117.3,118.4,27440.36
2012-01-13,118.62,118.93,116.64,117.37,20542.3
2012-01-16,116.56,116.56,109.27,110.36,51655.79
2012-01-17,110.66,113.2,106.31,112.24,61227.64
2012-01-18,112.85,115.19,109.89,110.34,47294.65
2012-01-19,110.65,112.96,109.17,112.4,24329.42
2012-01-20,113.21,115.82,113.21,115.68,29683.2
2012-01-30,115.69,116.31,113.87,114.33,30550.21
2012-01-31,114.72,116.07,114.67,115.95,15854.7
2012-02-01,115.82,117.27,115.0,115.79,24824.36
2012-02-02,115.79,116.32,114.63,115.97,20375.11
2012-02-03,115.98,116.07,114.14,116.0,26517.89
2012-02-06,116.08,117.42,115.57,117.28,29747.67
2012-02-07,116.51,117.22,115.33,115.61,17942.1
2012-02-08,115.61,117.56,115.13,117.12,23082.2
2012-02-09,116.94,118.9,116.73,118.65,31384.79
2012-02-10,117.89,119.68,117.63,118.5,22276.37
2012-02-13,117.88,121.4,117.35,120.31,21639.21
2012-02-14,119.86,121.09,119.31,120.56,15142.48
2012-02-15,119.88,121.86,119.88,121.17,24714.09
2012-02-16,120.38,121.17,118.56,119.26,22016.02
2012-02-17,120.6,120.6,118.42,119.08,12287.91
2012-02-20,120.03,120.47,118.68,118.72,18530.02
2012-02-21,119.3,119.79,118.44,119.4,13789.29
2012-02-22,119.9,120.36,118.8,119.9,22352.27
2012-02-23,119.75,121.32,119.75,120.87,33433.26
2012-02-24,120.79,123.29,120.77,123.21,23944.08
2012-02-27,123.65,124.42,122.85,123.47,26562.35
2012-02-28,124.05,125.0,123.51,124.87,25698.0
2012-02-29,125.03,127.52,124.72,127.18,39432.24
2012-03-01,126.6,127.81,125.89,126.01,16920.79
2012-03-02,126.04,126.71,124.1,124.97,35216.72
2012-03-05,124.94,124.95,123.54,124.31,30553.81
2012-03-06,123.78,124.31,121.92,121.95,31474.0
2012-03-07,121.12,121.66,120.04,120.13,29198.86
2012-03-08,120.18,121.99,120.04,120.95,23574.65
2012-03-09,121.1,124.48,120.8,124.36,29239.34
2012-03-12,124.48,125.41,123.8,124.74,25681.62
2012-03-13,124.47,126.46,124.47,125.44,18316.24
2012-03-14,125.4,126.93,123.16,123.58,40699.86
2012-03-15,123.81,125.9,123.54,123.74,28094.96
2012-03-16,124.9,129.38,124.59,129.13,51583.56
2012-03-19,129.26,131.6,127.87,129.16,45635.76
2012-03-20,129.1,130.07,128.21,129.23,23400.21
2012-03-21,129.26,130.01,126.81,127.58,29527.71
2012-03-22,127.09,128.7,127.08,127.73,8331.87
2012-03-23,129.07,132.21,129.07,131.88,54873.7
2012-03-26,131.32,134.3,131.31,133.86,37653.79
2012-03-27,130.76,131.24,125.03,125.34,79106.14
2012-03-28,123.78,127.52,123.36,125.28,55461.01
2012-03-29,124.9,127.83,124.41,125.12,36982.79
2012-03-30,125.13,126.27,121.3,122.52,37959.9
2012-04-05,121.98,128.39,121.98,128.14,40960.98
2012-04-06,127.9,129.43,127.85,129.36,26729.89
2012-04-09,129.1,130.58,127.89,130.17,14474.53
2012-04-10,130.18,130.49,127.59,129.45,16640.63
2012-04-11,127.52,131.56,126.59,129.91,31460.72
2012-04-12,129.91,132.19,128.56,132.13,28422.97
2012-04-13,132.18,133.15,131.5,132.51,20527.3
2012-04-16,132.18,133.99,131.62,132.39,20893.29
2012-04-17,132.39,132.5,130.63,130.74,17872.26
2012-04-18,130.88,133.61,130.63,133.03,22815.45
2012-04-19,132.98,133.35,129.27,130.3,21823.7
2012-04-20,129.57,132.71,129.57,132.18,17046.31
2012-04-23,131.7,133.28,130.54,131.77,13281.65
2012-04-24,131.99,132.5,130.59,131.57,21782.06
2012-04-25,132.15,132.66,130.63,132.44,15529.42
2012-04-26,133.27,134.98,132.8,134.79,35019.76
2012-04-27,134.79,140.26,134.79,139.68,42728.23
2012-05-02,140.58,140.93,138.09,140.57,35339.75
2012-05-03,140.57,141.39,139.09,141.01,25654.46
2012-05-04,140.89,146.1,140.89,145.56,31879.43
2012-05-07,146.05,147.9,145.11,145.87,34244.66
2012-05-08,145.84,146.08,142.68,145.62,36664.91
2012-05-09,143.76,144.72,141.33,143.58,32909.59
2012-05-10,143.69,143.69,141.17,141.64,30574.04
2012-05-11,141.82,142.13,140.52,141.63,23260.71
2012-05-14,141.82,141.82,137.23,138.2,38797.04
2012-05-15,137.53,139.12,136.91,138.78,16168.74
2012-05-16,138.68,138.96,135.6,136.86,28139.54
2012-05-17,136.92,137.72,135.98,136.79,34172.33
2012-05-18,136.02,136.83,134.3,135.55,26277.78
2012-05-21,135.34,139.66,135.34,138.83,28843.45
2012-05-22,139.96,144.0,139.96,142.62,41458.47
2012-05-23,142.6,144.37,141.82,143.36,24722.63
2012-05-24,142.94,144.79,135.53,137.0,53743.47
2012-05-25,137.0,137.39,134.36,135.96,30569.29
2012-05-28,135.61,140.52,135.49,140.26,27833.72
2012-05-30,141.52,143.06,141.2,142.23,25700.7
2012-05-31,141.95,147.92,141.82,147.22,37367.05
2012-06-01,148.04,151.15,147.24,149.52,38504.34
2012-06-04,148.04,151.15,147.09,147.13,24327.61
2012-06-05,147.72,150.41,147.55,149.79,24561.31
2012-06-06,149.91,150.53,147.06,147.16,18728.94
2012-06-07,148.29,149.7,147.3,148.03,19677.3
2012-06-08,148.67,149.4,146.8,148.65,17286.24
2012-06-11,148.6,149.43,145.18,146.52,33061.23
2012-06-12,145.69,147.11,144.39,145.46,16372.52
2012-06-13,145.87,148.78,145.0,148.66,20463.47
2012-06-14,148.04,152.89,147.56,152.14,28704.73
2012-06-15,152.41,153.28,149.15,151.39,19859.84
2012-06-18,151.41,154.46,151.41,153.31,19538.35
2012-06-19,152.47,154.37,150.51,151.59,17299.94
2012-06-20,151.67,152.02,150.53,151.5,11393.46
2012-06-21,151.5,151.53,148.54,149.15,17034.03
2012-06-25,148.11,150.51,147.73,147.8,18434.05
2012-06-26,147.55,148.59,144.7,147.95,26122.47
2012-06-27,148.04,150.73,148.04,150.47,23257.14
2012-06-28,150.46,150.53,146.79,146.89,22213.41
2012-06-29,146.41,149.91,146.41,148.76,23224.19
2012-07-02,149.29,152.36,146.81,150.44,25731.26
2012-07-03,150.1,158.62,149.92,158.58,50158.63
2012-07-04,159.86,161.67,156.75,160.9,45035.24
2012-07-05,158.96,160.47,157.42,159.0,22749.37
2012-07-06,159.18,165.52,158.07,164.26,39158.83
2012-07-09,164.19,166.16,160.87,160.94,28527.11
2012-07-10,160.79,162.49,157.86,158.2,26987.1
2012-07-11,158.53,163.21,156.92,163.01,32009.94
2012-07-12,163.07,167.43,161.11,161.78,37273.02
2012-07-13,161.53,166.79,161.3,165.97,29548.11
2012-07-16,165.59,168.11,165.47,165.69,29533.56
2012-07-17,164.26,164.89,160.04,160.32,36030.98
2012-07-18,160.22,161.67,151.57,154.76,74046.92
2012-07-19,154.15,157.03,153.56,155.55,26580.99
2012-07-20,155.1,158.41,153.46,153.58,26054.64
2012-07-23,151.55,153.82,151.0,153.26,19811.4
2012-07-24,152.01,160.59,152.01,157.56,34372.14
2012-07-25,157.95,161.61,157.64,161.45,26170.22
2012-07-26,161.04,163.95,157.76,158.23,23418.79
2012-07-27,158.5,159.21,155.93,157.6,18421.65
2012-07-30,157.47,159.59,156.4,157.85,17495.31
2012-07-31,157.63,160.47,155.45,155.7,19465.72
2012-08-01,155.53,157.08,152.82,153.56,26715.17
2012-08-02,153.59,155.1,152.36,152.99,17054.77
2012-08-03,153.21,156.05,153.0,156.03,16472.73
2012-08-06,155.82,157.69,154.91,157.21,17320.99
2012-08-07,157.2,159.7,156.76,159.15,18119.18
2012-08-08,159.5,160.47,157.32,159.72,14893.41
2012-08-09,159.08,165.31,158.71,164.85,30672.4
2012-08-10,158.58,160.92,154.17,156.82,91225.8
2012-08-13,156.99,157.74,155.93,156.68,23037.06
2012-08-14,156.68,157.94,154.79,156.37,18786.86
2012-08-15,156.04,156.3,153.84,154.24,22723.48
2012-08-16,154.32,155.1,151.04,151.17,31482.58
2012-08-17,150.63,150.63,144.36,145.07,59071.95
2012-08-20,145.06,147.0,142.77,146.99,24052.08
2012-08-21,147.0,151.57,147.0,148.97,26323.24
2012-08-22,149.68,149.68,145.31,146.69,20423.1
2012-08-23,146.51,146.51,142.83,144.22,27956.0
2012-08-24,143.55,147.15,143.45,146.5,21676.2
2012-08-27,145.63,145.71,143.51,144.36,20899.4
2012-08-28,144.68,145.68,142.16,142.49,20294.76
2012-08-29,142.15,142.15,138.22,138.46,30425.67
2012-08-30,137.09,138.48,134.89,137.65,48348.71
2012-08-31,137.73,140.26,137.22,138.84,22484.72
2012-09-04,149.73,150.37,145.94,147.48,111508.73
2012-09-05,146.89,148.45,146.57,147.88,27490.49
2012-09-06,148.0,148.15,144.74,146.42,20794.19
2012-09-07,147.33,153.52,147.33,152.64,42812.8
2012-09-10,152.71,155.42,151.17,152.69,28169.65
2012-09-11,151.82,151.82,150.35,151.46,16135.72
2012-09-12,152.58,155.74,150.93,151.79,29023.25
2012-09-13,151.91,152.6,150.56,151.62,14294.23
2012-09-14,152.26,154.88,151.07,154.64,24586.83
2012-09-17,154.79,155.85,152.39,152.45,20014.52
2012-09-18,152.13,153.59,151.31,151.84,18277.08
2012-09-19,151.34,152.26,145.41,146.3,40991.32
2012-09-20,145.88,147.07,144.61,144.7,21517.53
2012-09-21,144.24,147.21,144.12,145.68,15679.68
2012-09-24,144.68,147.19,144.1,146.8,17634.83
2012-09-25,146.87,150.73,146.26,150.69,26230.5
2012-09-26,150.37,151.98,147.65,149.02,20362.67
2012-09-27,148.47,152.63,148.17,152.07,27140.42
2012-09-28,151.01,155.39,151.0,155.29,31283.44
2012-10-08,154.98,154.98,150.04,151.59,23608.28
2012-10-09,152.25,154.82,151.65,154.25,23410.89
2012-10-10,153.52,154.68,152.1,154.04,13456.7
2012-10-11,153.11,154.0,152.34,152.85,10625.99
2012-10-12,153.28,154.66,152.72,153.85,11742.12
2012-10-15,154.64,156.2,154.64,155.24,18883.33
2012-10-16,154.86,158.63,154.86,157.83,27737.91
2012-10-17,157.83,158.26,156.62,157.18,15980.8
2012-10-18,157.47,160.79,157.32,158.72,22278.06
2012-10-19,158.74,161.08,158.74,159.84,18629.54
2012-10-22,159.64,160.18,156.56,158.29,19117.44
2012-10-23,158.45,158.45,154.54,154.6,18702.76
2012-10-24,154.54,156.13,154.22,155.6,10972.08
2012-10-25,156.05,156.68,154.35,155.46,9159.8
2012-10-26,157.14,157.3,151.67,152.32,24559.09
2012-10-29,152.63,153.9,151.03,152.78,14490.8
2012-10-30,152.77,155.1,152.39,154.52,15610.11
2012-10-31,154.48,156.65,153.94,156.27,15845.35
2012-11-01,156.82,158.48,155.64,157.57,18191.26
2012-11-02,157.44,158.26,155.6,156.91,16974.81
2012-11-05,156.05,156.05,152.39,153.47,22665.59
2012-11-06,153.15,153.15,148.79,149.06,41713.23
2012-11-07,148.47,150.38,148.47,150.03,16217.59
2012-11-08,149.1,149.7,147.74,147.9,16261.81
2012-11-09,147.9,148.98,147.62,148.35,11670.06
2012-11-12,148.47,148.96,144.61,146.23,20464.33
2012-11-13,145.94,145.94,142.59,144.09,20447.77
2012-11-14,144.29,145.94,143.1,145.72,12238.48
2012-11-15,144.68,144.68,142.99,143.57,11400.61
2012-11-16,143.29,143.38,140.57,141.77,19677.13
2012-11-19,141.77,141.77,131.98,135.23,70484.01
2012-11-20,134.48,137.94,134.25,136.44,38078.16
2012-11-21,136.37,138.87,133.81,138.14,33334.64
2012-11-22,131.1,137.39,130.65,137.28,51520.8
2012-11-23,135.85,140.89,135.84,140.4,29844.64
2012-11-26,139.88,140.13,136.15,137.13,21954.75
2012-11-27,137.13,139.68,136.58,138.84,20458.85
2012-11-28,138.52,138.52,137.1,137.98,15017.08
2012-11-29,137.98,139.07,137.82,138.54,15675.74
2012-11-30,138.49,138.49,134.7,136.47,21371.37
2012-12-03,134.57,134.57,125.76,126.48,79372.36
2012-12-04,123.2,126.34,120.55,124.43,78705.41
2012-12-05,122.76,126.69,119.17,124.23,111703.81
2012-12-06,123.96,124.46,116.25,122.7,117561.99
2012-12-07,124.46,128.06,124.2,125.59,99501.41
2012-12-11,125.41,131.41,125.41,127.82,92232.6
2012-12-12,129.52,133.93,127.94,133.85,64325.31
2012-12-13,132.61,135.82,129.58,129.96,61996.46
2012-12-14,128.25,132.36,125.41,131.36,78926.33
2012-12-17,130.15,134.99,127.62,133.36,71361.26
2012-12-18,133.44,136.96,133.41,135.54,46945.45
2012-12-19,134.65,139.63,134.58,138.65,47569.78
2012-12-20,138.05,139.25,136.21,137.98,34434.14
2012-12-21,137.53,138.36,136.36,136.85,25092.81
2012-12-24,133.95,133.95,126.36,129.25,100050.74
2012-12-25,128.19,130.7,127.13,129.34,59533.52
2012-12-26,128.75,130.65,128.07,129.67,44866.24
2012-12-27,129.71,132.36,128.72,131.15,60926.24
2012-12-28,131.16,136.2,131.16,134.13,56589.24
2012-12-31,134.77,135.71,130.37,132.06,51914.83
2013-01-04,133.94,133.94,129.52,130.74,58370.34
2013-01-07,130.07,130.07,127.94,129.07,41271.39
2013-01-08,128.37,133.21,128.37,133.21,65286.98
2013-01-09,133.62,137.51,133.62,136.75,53749.32
2013-01-10,136.2,137.1,134.57,135.52,30527.86
2013-01-11,135.03,135.93,132.6,133.47,37009.99
2013-01-14,131.73,132.87,128.13,132.31,68183.58
2013-01-15,131.91,134.0,130.67,133.21,52635.08
2013-01-16,129.52,130.65,128.68,130.15,69501.65
2013-01-17,129.51,131.21,129.21,129.6,36201.85
2013-01-18,130.24,130.45,126.43,128.73,55318.07
2013-01-21,128.13,128.13,124.02,124.66,74779.28
2013-01-22,123.71,126.19,119.41,125.62,73815.41
2013-01-23,123.83,126.05,122.44,125.71,51013.93
2013-01-24,125.03,126.42,123.07,123.81,59474.38
2013-01-25,119.41,121.18,117.58,119.44,80007.86
2013-01-28,117.51,118.65,112.46,112.77,158290.58
2013-01-29,111.19,113.72,108.67,112.56,115447.87
2013-01-30,111.86,115.3,111.62,113.8,71376.78
2013-01-31,114.48,114.86,112.31,113.03,37816.23
2013-02-01,113.01,114.84,112.48,113.08,45265.64
2013-02-04,113.72,114.32,109.93,110.65,64964.02
2013-02-05,110.53,116.56,109.8,116.52,87825.4
2013-02-06,116.87,116.93,114.99,116.2,46195.17
2013-02-07,115.62,117.86,114.56,116.99,48567.91
2013-02-08,116.98,119.03,116.44,118.69,41572.53
2013-02-18,118.97,118.97,113.09,113.53,56569.78
2013-02-19,113.08,114.09,111.7,112.41,37737.53
2013-02-20,111.83,113.71,110.58,112.4,36582.26
2013-02-21,110.71,117.01,110.59,113.73,53832.87
2013-02-22,114.35,117.89,114.35,117.25,62864.18
2013-02-25,116.25,117.1,113.89,114.41,34549.09
2013-02-26,114.16,116.25,112.03,112.06,43754.79
2013-02-27,111.58,112.9,110.92,111.68,34158.15
2013-02-28,112.33,112.33,108.67,110.56,56786.43
2013-03-01,110.12,111.17,109.29,109.82,38003.45
2013-03-04,109.75,111.59,109.75,110.39,52072.95
2013-03-05,110.83,111.49,109.84,110.56,36974.71
2013-03-06,111.19,112.02,109.71,111.97,49227.26
2013-03-07,113.33,119.16,113.29,116.16,85190.62
2013-03-08,117.52,118.46,116.04,116.33,35959.78
2013-03-11,116.12,117.2,114.87,117.01,34965.28
2013-03-12,117.51,117.58,113.72,115.1,25393.65
2013-03-13,115.24,117.53,115.24,116.14,30769.9
2013-03-14,115.3,116.74,112.88,113.05,35124.0
2013-03-15,112.16,114.16,110.63,111.81,35961.12
2013-03-18,111.76,111.76,106.26,107.06,78231.53
2013-03-19,106.27,107.29,103.94,104.36,63414.03
2013-03-20,104.41,107.78,103.68,107.35,71894.98
2013-03-21,107.09,107.09,104.75,105.37,65392.72
2013-03-22,105.18,107.34,104.69,106.8,45578.63
2013-03-25,106.77,107.89,106.2,106.79,31966.46
2013-03-26,106.84,108.17,106.4,107.33,32480.09
2013-03-27,107.41,107.66,104.5,105.38,47662.21
2013-03-28,104.93,106.25,102.55,105.39,41490.9
2013-03-29,105.67,107.13,104.89,106.68,47717.09
2013-04-01,106.2,106.43,103.98,104.21,29128.8
2013-04-02,104.31,104.86,103.15,103.43,32524.9
2013-04-03,103.41,104.25,103.1,103.52,21990.5
2013-04-08,102.44,104.25,101.37,103.82,37732.76
2013-04-09,103.54,104.18,102.79,103.36,24194.65
2013-04-10,103.61,108.11,102.79,107.38,70858.38
2013-04-11,107.4,108.04,106.33,106.72,29729.52
2013-04-12,106.72,110.18,106.46,108.81,59800.06
2013-04-15,108.84,109.72,107.42,109.14,28336.73
2013-04-16,107.4,110.69,107.15,109.4,39137.92
2013-04-17,109.68,112.94,109.65,112.77,42974.08
2013-04-18,111.95,113.72,111.2,113.18,41956.84
2013-04-19,113.34,113.65,111.76,113.24,39238.38
2013-04-22,113.03,113.03,109.62,109.75,42745.96
2013-04-23,109.62,110.55,108.48,108.55,30952.62
2013-04-24,108.81,110.56,107.59,110.48,30402.61
2013-04-25,109.94,112.18,109.44,111.64,25359.69
2013-04-26,112.09,112.46,109.31,109.92,16307.64
2013-05-02,109.3,109.33,106.79,108.11,28586.79
2013-05-03,108.54,109.94,107.78,108.95,21460.52
2013-05-06,109.3,112.45,108.65,112.33,30196.39
2013-05-07,113.1,118.99,113.1,118.58,71020.55
2013-05-08,118.65,120.04,117.59,119.34,42416.06
2013-05-09,119.57,124.59,119.57,124.58,70134.68
2013-05-10,124.47,126.94,123.84,124.53,48776.59
2013-05-13,124.53,127.37,122.42,124.89,32579.04
2013-05-14,123.89,124.53,120.05,120.79,36431.6
2013-05-15,120.6,124.25,120.49,122.98,23264.4
2013-05-16,122.57,126.68,121.3,123.1,45462.27
2013-05-17,122.62,124.11,121.94,123.77,33556.72
2013-05-20,124.34,125.4,122.85,123.2,30944.06
2013-05-21,123.12,123.68,122.26,123.21,23102.34
2013-05-22,123.61,126.74,123.26,126.02,46149.64
2013-05-23,126.1,130.46,126.1,127.9,62247.45
2013-05-24,128.88,130.89,126.36,126.95,45073.12
2013-05-27,127.6,127.68,125.09,127.39,26778.12
2013-05-28,127.55,128.45,126.07,127.71,23676.36
2013-05-29,128.25,130.7,127.21,127.3,32340.02
2013-05-30,126.86,128.14,125.73,126.52,25019.42
2013-05-31,126.97,127.24,124.46,124.53,24590.56
2013-06-03,125.16,127.97,124.58,127.67,40256.75
2013-06-04,127.81,129.71,127.4,127.43,42356.92
2013-06-05,127.61,127.94,126.09,127.1,23724.42
2013-06-06,127.12,129.39,127.12,127.41,33877.35
2013-06-07,127.31,130.5,126.26,128.06,25478.38
2013-06-13,127.32,129.51,125.29,127.05,44998.64
2013-06-14,126.81,127.24,123.7,126.6,32518.67
2013-06-17,126.76,127.22,123.46,123.64,29689.27
2013-06-18,123.43,125.15,121.7,125.05,27377.72
2013-06-19,124.55,127.56,122.8,127.13,28909.18
2013-06-20,126.88,127.55,124.37,125.11,25586.81
2013-06-21,124.0,127.81,122.34,124.74,39654.19
2013-06-24,125.03,125.28,120.83,121.12,40807.2
2013-06-25,121.08,124.17,114.86,123.87,51352.49
2013-06-26,122.99,123.86,120.57,123.14,32903.48
2013-06-27,123.14,125.51,122.73,123.7,34135.76
2013-06-28,123.22,126.23,123.22,125.52,28070.02
2013-07-01,125.3,127.22,124.64,126.77,25828.52
2013-07-02,126.76,129.84,125.68,129.16,33453.17
2013-07-03,129.78,130.37,127.97,129.18,35424.64
2013-07-04,128.59,130.41,128.27,128.29,24214.52
2013-07-05,128.48,130.09,128.48,128.62,17779.54
2013-07-08,128.46,129.12,125.93,127.34,24113.9
2013-07-09,128.09,128.09,124.44,125.31,20233.61
2013-07-10,124.76,126.65,123.25,126.48,33244.96
2013-07-11,126.94,128.22,125.3,127.87,46056.61
2013-07-12,127.31,128.39,123.13,123.2,42991.64
2013-07-15,123.57,124.04,120.67,122.64,36607.35
2013-07-16,122.77,124.81,121.04,124.59,37011.4
2013-07-17,124.3,124.49,121.89,121.97,27388.46
2013-07-18,122.02,122.31,119.86,120.76,25699.77
2013-07-19,120.72,120.72,113.88,114.85,73319.22
2013-07-22,114.62,115.55,112.91,114.11,27062.32
2013-07-23,114.79,117.64,114.17,117.18,28756.11
2013-07-24,117.06,117.06,112.95,113.94,44067.23
2013-07-25,114.45,117.32,113.73,116.63,39540.54
2013-07-26,115.49,116.01,114.12,114.17,19045.67
2013-07-29,113.72,113.72,111.58,111.79,26883.31
2013-07-30,111.12,111.76,108.05,109.9,42113.97
2013-07-31,110.72,111.71,109.42,109.95,14590.04
2013-08-01,110.91,112.56,110.31,112.16,24852.59
2013-08-02,112.75,116.25,112.68,114.86,29240.78
2013-08-05,114.86,115.34,113.47,114.51,18065.07
2013-08-06,113.49,114.51,112.69,114.34,26562.26
2013-08-07,114.06,116.58,113.36,115.09,28377.75
2013-08-08,115.11,115.73,113.8,114.29,16076.73
2013-08-09,114.48,114.9,111.54,112.77,22889.24
2013-08-12,112.75,116.43,112.56,116.35,39390.34
2013-08-13,116.15,117.78,115.17,117.42,25435.83
2013-08-14,117.38,118.98,116.41,116.59,21721.9
2013-08-15,116.71,118.23,115.75,115.79,15365.66
2013-08-16,115.84,118.1,113.57,113.8,34973.93
2013-08-19,114.45,114.78,112.88,114.3,19357.61
2013-08-20,113.63,114.19,112.69,113.28,31250.74
2013-08-21,114.19,114.29,112.49,113.98,23103.2
2013-08-22,113.93,115.28,113.55,114.24,15501.52
2013-08-23,114.82,114.83,111.9,112.88,19529.64
2013-08-26,112.95,114.19,112.23,113.5,16885.31
2013-08-27,113.38,113.38,112.23,112.98,24436.55
2013-08-28,112.34,112.34,110.64,110.86,30603.04
2013-08-29,110.92,111.15,109.69,109.93,21804.02
2013-08-30,109.93,110.27,109.33,110.13,25861.42
2013-09-02,104.92,104.92,99.11,99.13,224970.74
2013-09-03,98.53,99.7,97.22,98.96,123211.05
2013-09-04,99.18,100.19,98.92,99.25,76789.98
2013-09-05,99.09,99.7,97.42,98.05,71283.26
2013-09-06,97.94,98.46,97.72,98.06,37783.66
2013-09-09,98.53,98.87,97.8,98.49,69270.92
2013-09-10,98.4,99.1,97.93,98.93,54093.09
2013-09-11,99.02,99.69,97.87,99.55,69012.93
2013-09-12,99.59,99.96,98.66,99.0,47723.11
2013-09-13,98.98,100.8,98.95,99.19,68254.87
2013-09-16,99.58,99.58,97.61,97.65,58877.12
2013-09-17,97.22,97.35,91.68,92.2,109057.97
2013-09-18,92.0,92.9,91.02,92.59,67317.66
2013-09-23,92.65,92.65,91.38,91.88,65409.62
2013-09-24,92.0,92.82,89.2,89.26,98819.15
2013-09-25,89.1,89.72,86.8,88.19,69789.01
2013-09-26,87.43,88.88,87.43,88.36,47227.83
2013-09-27,88.41,88.84,87.3,87.47,34639.25
2013-09-30,87.39,88.94,87.12,88.7,50460.64
2013-10-08,88.58,89.65,87.56,89.18,56867.25
2013-10-09,89.13,89.65,88.61,89.39,40815.04
2013-10-10,89.39,89.64,88.9,89.42,29045.52
2013-10-11,88.28,89.93,88.28,89.73,36455.56
2013-10-14,90.01,91.17,89.6,91.12,55274.79
2013-10-15,91.18,94.48,90.75,94.12,69277.51
2013-10-16,95.46,96.37,92.72,94.12,94813.2
2013-10-17,94.34,95.13,93.63,94.08,48621.19
2013-10-18,94.28,94.55,92.65,93.29,35574.95
2013-10-21,93.64,94.81,92.79,94.67,47022.98
2013-10-22,94.48,94.48,93.14,93.58,24581.39
2013-10-23,93.48,94.4,92.79,93.76,26215.11
2013-10-24,93.5,93.94,93.11,93.77,26255.33
2013-10-25,93.31,93.31,88.48,89.22,58584.15
2013-10-28,88.6,89.24,86.95,87.42,32141.02
2013-10-29,87.53,87.87,85.8,86.65,35182.94
2013-10-30,86.77,86.98,86.1,86.51,25343.46
2013-10-31,86.55,89.07,86.46,88.16,34893.43
2013-11-01,87.65,88.64,87.3,88.2,22154.47
2013-11-04,88.38,89.37,88.26,88.96,19436.28
2013-11-05,88.61,90.3,87.89,90.12,27843.07
2013-11-06,90.23,92.01,89.72,91.12,44449.25
2013-11-07,90.93,91.27,89.2,90.68,21358.88
2013-11-08,90.44,91.34,88.75,88.83,21537.43
2013-11-11,90.04,92.45,88.86,91.06,52328.77
2013-11-12,90.97,94.84,90.73,94.51,69478.01
2013-11-13,94.02,95.56,93.37,94.43,31881.46
2013-11-14,94.61,94.61,92.45,94.01,24042.02
2013-11-15,93.79,94.36,92.72,93.59,33597.85
2013-11-18,93.96,94.52,93.18,93.63,41571.71
2013-11-19,93.63,94.09,92.2,93.19,41166.83
2013-11-20,93.14,93.26,92.26,92.69,25517.8
2013-11-21,92.45,92.84,90.4,90.48,32991.98
2013-11-22,90.48,90.93,90.03,90.35,28110.9
2013-11-25,89.9,92.56,89.73,91.96,26181.02
2013-11-26,92.0,92.55,91.21,91.34,16406.04
2013-11-27,91.34,92.13,90.44,91.32,15679.52
2013-11-28,91.34,93.08,91.34,92.54,22240.51
2013-11-29,92.0,92.43,91.3,92.29,20423.78
2013-12-02,91.36,91.53,89.07,89.25,42892.4
2013-12-03,89.1,89.99,88.31,89.77,32882.3
2013-12-04,89.69,90.71,89.11,90.36,33510.42
2013-12-05,90.33,90.33,89.36,89.39,19326.31
2013-12-06,89.24,90.76,88.74,90.53,29150.72
2013-12-09,90.44,90.5,88.74,90.01,25371.9
2013-12-10,89.73,89.98,88.87,89.36,25392.66
2013-12-11,89.3,89.78,88.85,88.99,19868.16
2013-12-12,88.96,89.61,88.87,89.0,18306.95
2013-12-13,88.89,89.65,88.88,89.0,19267.26
2013-12-16,88.75,89.01,86.7,86.76,32869.44
2013-12-17,86.75,87.91,86.39,86.92,15641.2
2013-12-18,86.78,87.11,86.33,86.45,20105.17
2013-12-19,86.97,87.04,85.54,85.58,17813.45
2013-12-20,85.64,85.97,82.21,82.64,38556.01
2013-12-23,82.5,83.28,82.29,82.55,19222.51
2013-12-24,82.87,83.32,82.46,82.61,27897.14
2013-12-25,82.87,83.11,82.14,82.38,18439.45
2013-12-26,82.21,82.36,81.0,81.39,34156.22
2013-12-27,81.69,83.02,81.39,82.35,25455.48
2013-12-30,82.51,82.85,80.9,81.21,32166.72
2013-12-31,80.91,84.37,79.93,83.77,57546.49
2014-01-02,83.51,83.51,81.95,82.2,21976.66
2014-01-03,81.73,82.08,80.41,80.9,23341.65
2014-01-06,80.18,81.5,78.76,78.78,30229.21
2014-01-07,78.37,79.18,77.78,78.67,18039.46
2014-01-08,78.62,79.07,77.0,77.91,31989.59
2014-01-09,77.65,79.47,77.39,77.87,47886.71
2014-01-10,77.65,78.58,77.03,77.82,21126.63
2014-01-13,77.84,79.81,77.7,78.23,37646.46
2014-01-14,78.43,79.47,77.58,79.15,23474.99
2014-01-15,78.63,79.05,77.03,77.49,19720.69
2014-01-16,77.55,79.9,77.48,79.6,39119.63
2014-01-17,79.47,80.03,78.38,78.5,32363.73
2014-01-20,79.54,83.06,78.97,82.73,60090.63
2014-01-21,82.21,83.98,81.79,82.86,35404.62
2014-01-22,82.85,87.96,82.41,87.55,73667.81
2014-01-23,87.55,88.35,85.97,87.49,40258.48
2014-01-24,87.11,88.54,86.46,88.41,35780.7
2014-01-27,88.02,93.82,87.87,91.84,83510.84
2014-01-28,91.68,92.65,89.72,90.84,36401.15
2014-01-29,91.21,92.04,89.06,89.4,31520.4
2014-01-30,89.07,89.36,85.48,86.26,37223.44
2014-02-07,86.17,87.84,85.52,87.36,23865.61
2014-02-10,87.43,87.7,85.39,86.69,36251.74
2014-02-11,86.65,88.47,86.2,87.46,43006.94
2014-02-12,87.57,88.07,86.98,87.53,19283.48
2014-02-13,87.45,90.3,87.44,88.52,38567.47
2014-02-14,88.34,93.31,88.34,93.24,67410.37
2014-02-17,94.03,98.52,94.03,97.86,87465.17
2014-02-18,97.51,97.51,95.34,95.92,33640.35
2014-02-19,95.95,99.17,95.95,97.57,31482.66
2014-02-20,97.55,98.91,96.57,97.22,23188.97
2014-02-21,96.57,97.97,96.43,97.27,34125.4
2014-02-24,97.29,98.58,95.01,96.32,31178.65
2014-02-25,96.57,96.83,92.0,92.9,46279.93
2014-02-26,91.72,94.6,90.73,92.67,26513.94
2014-02-27,92.75,95.13,91.36,94.58,25646.11
2014-02-28,94.61,98.4,94.58,97.89,41926.17
2014-03-03,97.87,101.13,96.79,101.09,48816.65
2014-03-04,99.26,103.94,99.18,100.09,50866.76
2014-03-05,100.5,104.39,99.18,104.3,47211.54
2014-03-06,104.54,105.9,102.44,105.7,42741.21
2014-03-07,105.7,109.1,104.43,107.98,58110.48
2014-03-10,107.53,108.18,100.5,102.4,49985.48
2014-03-11,101.79,106.75,101.2,105.82,38561.41
2014-03-12,105.1,106.75,101.65,103.44,36763.92
2014-03-13,102.83,107.73,102.51,107.58,42637.78
2014-03-14,107.05,108.31,105.57,106.92,24933.55
2014-03-17,107.66,108.75,105.71,108.62,32198.88
2014-03-18,109.82,114.97,109.82,111.79,59473.71
2014-03-19,110.86,114.19,110.27,113.78,35365.79
2014-03-20,113.73,113.86,110.27,110.39,33895.21
2014-03-21,109.91,112.22,107.99,111.84,40318.81
2014-03-24,111.58,114.66,110.86,111.77,26320.92
2014-03-25,109.88,109.88,101.52,108.84,62403.83
2014-03-26,107.73,108.39,103.33,103.41,57376.39
2014-03-27,102.87,104.92,102.05,102.87,38044.59
2014-03-28,102.98,103.74,98.53,99.6,48272.96
2014-03-31,99.19,102.69,99.18,100.94,30583.6
2014-04-01,100.95,106.06,100.75,106.02,34046.89
2014-04-02,106.19,110.7,105.07,108.08,46698.33
2014-04-03,109.33,109.42,106.68,107.86,26918.48
2014-04-04,107.43,107.86,105.05,107.05,23206.51
2014-04-08,106.96,107.94,105.06,107.36,25927.49
2014-04-09,107.68,108.73,105.79,106.59,21618.89
2014-04-10,106.53,111.59,104.07,110.61,54177.87
2014-04-11,112.23,117.19,112.23,114.89,90225.79
2014-04-14,113.99,115.69,112.88,113.77,26824.36
2014-04-15,113.01,114.75,113.01,113.85,25880.21
2014-04-16,113.34,113.9,111.05,111.59,22040.62
2014-04-17,111.45,114.84,111.06,114.32,29744.41
2014-04-18,114.19,115.99,113.08,114.39,19601.46
2014-04-21,113.54,114.83,112.23,112.26,18333.79
2014-04-22,112.23,114.27,111.92,112.31,22344.96
2014-04-23,112.28,115.16,112.25,114.88,33755.73
2014-04-24,114.94,115.3,113.34,114.68,12581.35
2014-04-25,109.61,109.62,105.57,107.46,95877.43
2014-04-28,105.76,107.38,104.28,106.22,33028.6
2014-04-29,106.23,107.98,106.01,106.74,27996.49
2014-04-30,106.98,107.2,106.05,106.93,19220.66
2014-05-05,106.68,106.68,102.49,104.56,36743.47
2014-05-06,104.4,106.16,104.4,104.92,13622.95
2014-05-07,105.45,105.45,104.14,104.83,11960.73
2014-05-08,104.92,106.02,104.67,104.84,14697.86
2014-05-09,104.83,105.9,104.6,104.8,16721.45
2014-05-12,105.89,105.9,104.07,104.99,26194.78
2014-05-13,104.9,105.45,104.11,104.88,15939.36
2014-05-14,104.39,105.01,100.49,101.31,34016.55
2014-05-15,101.12,102.49,100.81,101.89,16983.38
2014-05-16,101.89,102.51,100.92,101.24,18467.3
2014-05-19,99.51,99.83,96.53,96.56,56250.09
2014-05-20,96.64,97.51,93.7,94.6,46885.91
2014-05-21,94.03,98.96,93.93,98.53,38737.87
2014-05-22,98.46,100.22,97.65,97.91,18678.94
2014-05-23,97.87,99.69,97.86,99.38,14009.63
2014-05-26,101.07,101.07,99.73,100.2,8910.56
2014-05-27,99.83,101.63,99.74,99.96,13035.07
2014-05-28,99.76,101.14,99.7,100.45,12501.97
2014-05-29,100.31,101.74,100.13,100.67,10106.82
2014-05-30,100.65,101.32,99.85,99.98,9217.65
2014-06-03,99.83,100.81,99.34,99.68,13048.48
2014-06-04,99.83,100.08,97.89,98.63,10494.31
2014-06-05,98.61,101.14,97.44,100.99,20678.63
2014-06-06,100.93,101.56,99.37,100.22,9477.45
2014-06-09,99.38,100.75,99.38,99.98,10034.81
2014-06-10,100.0,101.33,100.0,101.01,19305.51
2014-06-11,100.97,101.39,99.97,100.45,10781.45
2014-06-12,100.53,100.53,99.26,99.59,11499.6
2014-06-13,99.63,100.37,98.63,99.71,16970.46
2014-06-16,99.77,100.99,99.44,100.76,16237.9
2014-06-17,100.68,100.68,99.31,99.96,16364.86
2014-06-18,100.35,100.78,100.09,100.21,14024.56
2014-06-19,100.2,100.62,99.51,99.66,11551.44
2014-06-20,99.64,100.22,99.39,99.95,12019.4
2014-06-23,100.16,102.04,100.07,101.99,28983.85
2014-06-24,102.19,106.88,102.15,106.73,38532.63
2014-06-25,107.18,107.18,104.36,104.9,38171.11
2014-06-26,104.9,105.45,104.29,104.46,36348.51
2014-06-27,104.3,104.3,102.68,103.53,26477.92
2014-06-30,104.12,105.38,103.55,104.71,24399.5
2014-07-01,105.16,105.16,103.84,104.56,11946.68
2014-07-02,104.75,104.98,103.99,104.79,12068.48
2014-07-03,104.88,105.76,104.28,105.66,19331.67
2014-07-04,105.76,106.33,105.26,105.7,15402.8
2014-07-07,105.32,106.41,104.88,106.32,22879.87
2014-07-08,106.27,106.33,104.0,104.86,21091.6
2014-07-09,104.73,105.37,104.0,104.17,14328.6
2014-07-10,104.08,104.6,103.69,104.02,12159.88
2014-07-11,104.34,105.53,104.08,104.63,18432.86
2014-07-14,104.63,111.28,104.36,110.46,46534.81
2014-07-15,109.97,116.53,109.97,113.44,58787.98
2014-07-16,113.47,115.63,113.47,114.0,24459.33
2014-07-17,113.64,114.72,112.1,113.39,20191.17
2014-07-18,113.27,121.69,112.62,118.72,74896.91
2014-07-21,118.29,120.13,116.96,118.72,30143.22
2014-07-22,117.71,120.95,117.71,120.36,29820.62
2014-07-23,119.48,121.69,119.18,120.87,27836.33
2014-07-24,120.77,124.71,119.7,120.6,35682.4
2014-07-25,120.95,122.46,118.78,120.86,27833.58
2014-07-28,121.12,123.89,120.15,121.14,42968.99
2014-07-29,121.17,121.17,118.19,118.78,36017.0
2014-07-30,118.55,118.55,115.42,116.9,54876.29
2014-07-31,116.74,118.28,115.76,118.2,25206.31
2014-08-01,118.13,121.17,117.72,120.2,43259.99
2014-08-04,120.21,122.15,119.69,121.25,38848.2
2014-08-05,120.95,122.91,119.23,122.61,38357.97
2014-08-06,121.54,122.26,119.48,120.45,20317.23
2014-08-07,120.29,121.24,118.37,118.44,25396.49
2014-08-08,119.45,120.46,117.85,119.58,23819.42
2014-08-11,119.83,120.36,119.11,120.27,20070.72
2014-08-12,119.34,120.03,118.11,119.51,19604.36
2014-08-13,119.51,121.53,118.59,119.84,34454.03
2014-08-14,119.49,120.54,118.95,119.08,22958.94
2014-08-15,119.62,119.84,118.83,119.14,21802.68
2014-08-18,119.48,119.7,117.34,117.82,41698.27
2014-08-19,117.82,117.82,116.86,117.03,32095.77
2014-08-20,117.07,119.52,116.89,119.48,37084.95
2014-08-21,119.48,119.71,117.26,117.98,18872.73
2014-08-22,118.0,118.29,117.08,117.46,18636.71
2014-08-25,117.46,118.11,116.75,117.08,15376.72
2014-08-26,116.89,117.57,115.76,116.32,16589.6
2014-08-27,116.32,116.36,115.18,115.32,13828.67
2014-08-28,115.05,116.79,115.05,115.07,17618.03
2014-08-29,115.05,116.96,114.31,116.7,23838.83
2014-09-01,116.67,117.63,116.31,116.86,16450.24
2014-09-02,117.12,119.95,116.55,119.89,41246.13
2014-09-03,119.9,123.47,119.89,121.56,42042.25
2014-09-04,121.47,122.38,120.72,121.73,23975.87
2014-09-05,122.2,124.02,121.84,123.54,34731.95
2014-09-09,123.64,123.88,120.95,121.01,20562.81
2014-09-10,120.73,121.69,120.22,120.88,17867.72
2014-09-11,120.86,121.56,119.09,119.46,31875.54
2014-09-12,119.1,119.96,118.24,119.81,17356.01
2014-09-15,119.4,119.41,117.12,117.57,32543.86
2014-09-16,118.37,118.44,115.8,116.13,34823.15
2014-09-17,116.87,117.66,116.04,116.7,25841.28
2014-09-18,116.54,117.54,115.85,117.45,26482.04
2014-09-19,117.45,118.72,116.89,118.63,22665.99
2014-09-22,118.52,118.52,115.67,115.74,37191.54
2014-09-23,115.57,116.16,115.32,116.14,34546.11
2014-09-24,115.41,118.37,114.76,118.14,43448.96
2014-09-25,118.68,120.94,118.66,119.62,56851.44
2014-09-26,119.11,120.3,117.41,119.7,22716.65
2014-09-29,119.72,120.36,119.03,119.82,23488.59
2014-09-30,120.02,120.21,118.89,119.57,21574.19
2014-10-08,118.74,118.81,116.38,118.54,45652.82
2014-10-09,117.91,118.19,116.95,118.01,36244.91
2014-10-10,117.28,117.85,116.3,117.28,43147.71
2014-10-13,116.39,116.44,113.34,115.12,53176.38
2014-10-14,114.31,115.78,113.9,114.25,28895.94
2014-10-15,114.13,116.22,114.1,116.02,22238.05
2014-10-16,115.12,116.67,115.12,116.02,23949.69
2014-10-17,116.53,117.3,115.71,116.81,30976.59
2014-10-20,116.81,116.89,115.35,115.73,32910.08
2014-10-21,115.79,117.51,115.49,116.87,39911.28
2014-10-22,116.85,117.6,116.16,117.32,22836.41
2014-10-23,116.95,118.21,116.45,117.3,31917.34
2014-10-24,117.23,117.92,116.3,117.18,19980.07
2014-10-27,115.77,117.34,114.23,116.16,27970.69
2014-10-28,116.02,117.34,115.92,117.07,20548.41
2014-10-29,117.12,117.68,116.14,116.75,21423.44
2014-10-30,116.53,116.53,114.39,114.62,49087.02
2014-10-31,114.66,115.71,113.83,115.55,36421.7
2014-11-03,115.6,115.7,114.65,114.74,24670.06
2014-11-04,114.68,114.68,111.36,111.65,55943.9
2014-11-05,111.4,111.4,107.31,107.79,76719.79
2014-11-06,107.79,108.77,107.68,108.52,36362.97
2014-11-07,108.54,109.37,108.49,109.18,41507.31
2014-11-10,110.63,113.41,109.89,113.41,62325.21
2014-11-11,113.8,114.46,112.11,113.1,47706.89
2014-11-12,112.82,113.27,110.77,112.76,30823.75
2014-11-13,112.63,112.64,110.39,111.79,49155.56
2014-11-14,111.78,116.25,111.3,116.0,75225.08
2014-11-17,123.9,123.9,118.0,118.04,150416.23
2014-11-18,118.74,119.34,114.31,114.79,63497.8
2014-11-19,114.73,114.79,112.55,112.89,46290.74
2014-11-20,112.75,112.78,110.99,111.13,46258.41
2014-11-21,111.04,112.99,110.77,112.93,41990.78
2014-11-24,113.49,114.31,112.1,113.54,53878.99
2014-11-25,113.15,114.2,112.69,114.05,53231.3
2014-11-26,114.02,115.32,113.5,115.01,63858.97
2014-11-27,114.31,115.95,113.58,115.55,96551.51
2014-11-28,115.47,115.47,112.96,114.93,88288.18
2014-12-01,115.47,118.74,115.05,118.05,121740.01
2014-12-02,117.3,118.89,116.71,118.84,99268.19
2014-12-03,119.8,124.12,119.74,121.56,117322.64
2014-12-04,122.8,128.7,122.8,128.42,117781.43
2014-12-05,131.27,131.98,124.34,126.05,112901.44
2014-12-08,124.52,130.16,123.31,127.57,100894.31
2014-12-09,126.85,137.63,126.48,127.49,151890.28
2014-12-10,129.06,135.33,129.06,132.69,106656.11
2014-12-11,132.75,134.18,129.28,129.72,54882.15
2014-12-12,130.38,133.48,129.8,130.24,51055.16
2014-12-15,130.24,135.78,129.38,135.73,70964.32
2014-12-16,135.48,135.48,131.36,133.22,51129.44
2014-12-17,132.74,133.82,131.13,132.07,60020.47
2014-12-18,132.52,134.37,132.01,132.26,38567.5
2014-12-19,132.06,134.21,131.28,133.36,49631.06
2014-12-22,132.49,135.92,129.71,135.78,73623.81
2014-12-23,135.54,142.7,134.23,139.29,85650.82
2014-12-24,138.65,141.45,133.25,135.01,63554.59
2014-12-25,135.07,137.18,133.5,137.05,44071.68
2014-12-26,136.51,139.39,134.96,138.33,42677.49
2014-12-29,138.73,140.13,134.23,135.32,89838.65
2014-12-30,134.96,138.64,134.58,137.8,56171.1
2014-12-31,136.88,140.13,136.44,139.85,46269.36
2015-01-05,139.85,150.63,139.16,149.36,94515.17
2015-01-06,147.5,149.39,144.57,145.9,55020.01
2015-01-07,144.58,147.13,140.12,142.29,54797.84
2015-01-08,143.08,143.46,140.23,141.42,40525.3
2015-01-09,140.42,144.38,140.21,140.36,53982.2
2015-01-12,140.13,142.04,136.04,137.49,49914.59
2015-01-13,137.91,139.05,136.14,136.35,36708.08
2015-01-14,136.44,137.55,133.4,135.1,52403.44
2015-01-15,135.62,137.47,134.58,137.23,48585.52
2015-01-16,137.32,138.65,137.16,137.26,39978.06
2015-01-19,133.49,135.11,126.46,129.42,64679.37
2015-01-20,129.82,133.12,127.59,131.34,61022.74
2015-01-21,131.48,134.89,130.69,134.49,52674.74
2015-01-22,134.5,135.97,132.75,133.66,38254.81
2015-01-23,132.84,135.17,132.83,133.5,33084.55
2015-01-26,134.01,135.33,133.53,134.82,35649.06
2015-01-27,134.83,134.83,131.28,132.83,41883.62
2015-01-28,132.01,133.05,130.76,130.89,30680.66
2015-01-29,129.95,131.28,129.06,129.91,32492.54
2015-01-30,130.53,133.49,130.17,130.67,47508.34
2015-02-02,129.44,130.1,127.96,128.93,33983.36
2015-02-03,130.89,131.76,129.95,131.55,27792.8
2015-02-04,132.12,134.29,130.54,130.72,35293.71
2015-02-05,131.99,133.42,128.33,128.36,41239.62
2015-02-06,128.8,130.17,128.03,128.77,37102.38
2015-02-09,129.63,136.51,129.06,135.92,87293.58
2015-02-10,136.29,136.59,133.82,134.88,53638.87
2015-02-11,134.52,135.89,134.29,135.07,22894.79
2015-02-12,135.69,136.06,134.23,135.38,25050.98
2015-02-13,135.78,136.07,133.78,134.59,40127.05
2015-02-16,134.62,135.43,133.65,135.19,39521.08
2015-02-17,135.37,135.62,134.16,134.39,34172.55
2015-02-25,134.96,136.96,133.57,135.67,59935.12
2015-02-26,135.55,138.94,135.37,137.65,62297.72
2015-02-27,137.84,143.45,137.77,140.9,63370.94
2015-03-02,140.72,142.93,139.39,140.66,31098.7
2015-03-03,139.61,141.6,136.56,137.14,42999.6
2015-03-04,137.91,138.66,136.14,138.05,40662.23
2015-03-05,136.45,137.94,135.74,136.82,36206.24
2015-03-06,136.7,137.53,135.16,135.42,25470.66
2015-03-09,137.03,142.33,135.55,141.28,43486.03
2015-03-10,140.82,141.23,138.12,138.53,29637.06
2015-03-11,138.53,142.34,138.5,141.59,40583.39
2015-03-12,142.34,144.54,141.16,142.15,38496.4
2015-03-13,142.12,143.0,139.08,140.06,25479.27
2015-03-16,140.17,143.45,137.92,142.9,31160.97
2015-03-17,143.81,146.54,143.73,145.12,45904.08
2015-03-18,145.14,147.49,144.2,147.1,39304.46
2015-03-19,146.42,146.76,143.12,144.02,33539.77
2015-03-20,143.22,143.81,140.78,142.45,51373.71
2015-03-23,143.57,145.1,142.49,143.87,40979.01
2015-03-24,144.04,145.61,141.68,144.32,60079.44
2015-03-25,142.34,143.89,141.65,142.18,42240.3
2015-03-26,142.74,147.43,141.6,146.44,67105.25
2015-03-27,146.03,146.44,142.3,143.48,40144.59
2015-03-30,143.58,146.73,142.41,145.12,63451.39
2015-03-31,145.05,148.07,143.09,144.52,88130.97
2015-04-01,144.57,145.7,143.43,144.06,76875.23
2015-04-02,144.52,145.73,142.25,143.5,62981.61
2015-04-03,143.08,145.3,142.18,145.15,51210.88
2015-04-07,145.18,148.3,144.4,148.0,59824.33
2015-04-08,149.35,155.38,148.67,150.82,135857.16
2015-04-09,150.81,151.84,146.8,147.5,62399.73
2015-04-10,147.49,149.71,147.21,147.66,102019.46
2015-04-13,148.64,150.81,146.72,150.38,91356.09
2015-04-14,150.45,154.35,150.42,151.93,81903.13
2015-04-15,154.21,154.71,150.57,151.71,55005.2
2015-04-16,153.81,166.88,153.28,166.88,86014.17
2015-04-17,176.19,183.42,168.36,171.51,192094.91
2015-04-20,169.63,181.21,168.89,172.6,130588.71
2015-04-21,177.0,189.86,177.0,189.86,122401.88
2015-04-22,198.24,198.39,189.62,194.62,134635.06
2015-04-23,194.7,194.83,186.57,188.83,86030.12
2015-04-24,185.76,191.52,180.7,190.64,100531.23
2015-04-27,189.97,197.5,186.58,188.65,78973.35
2015-04-28,187.33,190.72,182.2,182.82,87291.77
2015-04-29,181.5,186.59,181.5,184.21,59300.57
2015-04-30,185.23,187.99,182.72,186.02,64064.07
2015-05-04,186.34,191.01,184.39,188.04,54739.02
2015-05-05,185.85,185.85,176.91,177.7,73700.03
2015-05-06,179.94,182.16,177.01,178.98,60324.32
2015-05-07,180.69,185.76,178.89,180.64,68102.9
2015-05-08,181.52,187.98,181.35,187.45,57805.59
2015-05-11,185.48,190.27,184.38,189.86,61345.7
2015-05-12,189.69,189.69,185.85,187.64,47031.29
2015-05-13,187.18,193.94,186.22,189.1,58913.41
2015-05-14,188.99,191.38,185.28,185.42,41853.29
2015-05-15,185.42,186.95,178.19,180.81,54185.07
2015-05-18,180.69,180.69,177.08,177.84,35363.24
2015-05-19,177.78,184.54,177.15,184.41,47637.77
2015-05-20,185.85,191.75,183.86,187.29,63771.5
2015-05-21,188.8,192.71,187.33,190.71,47669.13
2015-05-22,191.52,204.14,191.45,203.45,66649.06
2015-05-25,199.13,212.76,198.39,211.54,67473.62
2015-05-26,211.37,213.88,209.42,210.59,60914.68
2015-05-27,210.57,213.38,201.34,204.22,46934.79
2015-05-28,203.0,207.24,191.83,192.57,60884.99
2015-05-29,191.76,198.39,191.67,194.58,57783.09
2015-06-01,194.66,201.32,191.6,200.2,65816.7
2015-06-02,199.5,199.5,192.24,196.63,64635.6
2015-06-03,195.57,196.63,191.76,193.81,46424.03
2015-06-04,193.95,195.44,177.0,190.43,92362.73
2015-06-05,190.36,193.3,181.43,187.21,85738.23
2015-06-08,185.49,197.31,184.23,195.17,96007.97
2015-06-09,195.44,198.98,189.17,191.04,77851.86
2015-06-10,188.54,196.83,187.18,192.53,80462.08
2015-06-11,191.75,195.07,190.11,191.8,52954.54
2015-06-12,193.32,201.34,192.49,196.18,90909.52
2015-06-15,196.9,200.6,191.81,192.41,100014.22
2015-06-16,191.01,196.03,186.22,187.29,69303.84
2015-06-17,187.3,190.1,183.64,188.13,58388.81
2015-06-18,186.6,187.92,177.44,179.93,61506.5
2015-06-19,181.33,183.26,172.59,173.54,67608.66
2015-06-23,176.85,188.69,172.67,186.04,81247.34
2015-06-24,184.38,195.59,182.64,192.64,95706.94
2015-06-25,192.86,193.25,184.53,185.7,66521.66
2015-06-26,184.39,188.62,173.54,178.81,99332.01
2015-06-29,183.17,189.17,168.0,181.9,165071.67
2015-06-30,181.9,191.62,181.43,190.02,126298.19
2015-07-01,188.06,198.02,185.1,189.9,103326.54
2015-07-02,188.29,208.42,180.7,191.97,118459.72
2015-07-03,188.06,192.12,178.62,184.24,109605.31
2015-07-06,197.62,197.64,176.63,187.36,272799.66
2015-07-07,184.38,189.23,176.63,180.08,167562.24
2015-07-08,168.89,180.68,162.07,174.69,289140.54
2015-07-09,174.69,192.05,171.84,190.23,138203.34
2015-07-10,189.54,208.71,185.82,195.87,256149.3
2015-07-13,190.28,195.87,185.11,190.09,148926.16
2015-07-14,188.06,188.2,182.31,183.68,96768.3
2015-07-15,182.53,186.37,179.42,185.31,104077.46
2015-07-16,185.31,187.46,183.09,185.55,72814.33
2015-07-17,189.07,189.89,185.56,188.49,56418.53
2015-07-20,187.55,188.16,183.71,185.86,67933.55
2015-07-21,183.09,185.11,181.64,183.01,51789.96
2015-07-22,181.64,183.29,178.82,179.27,70855.1
2015-07-23,179.98,182.14,178.15,181.26,64748.1
2015-07-24,182.06,184.69,180.61,180.99,57390.09
2015-07-27,179.17,182.72,165.96,166.38,76944.15
2015-07-28,165.01,172.92,163.05,169.94,86703.57
2015-07-29,171.55,173.39,166.89,171.52,66507.43
2015-07-30,172.42,172.42,169.34,170.05,41134.0
2015-07-31,170.66,170.85,167.61,170.77,40736.64
2015-08-03,169.26,173.38,167.61,173.02,54553.03
2015-08-04,172.77,176.67,172.77,175.01,59533.96
2015-08-05,175.81,176.56,170.86,171.07,43143.85
2015-08-06,170.27,171.32,167.61,169.22,39249.8
2015-08-07,171.31,172.23,169.75,170.85,39521.34
2015-08-10,170.92,175.86,169.37,175.28,56496.43
2015-08-11,175.28,175.38,173.39,174.01,50897.05
2015-08-12,173.38,176.93,172.35,172.95,45824.34
2015-08-13,174.62,174.62,170.08,172.98,35180.25
2015-08-14,173.8,174.54,172.77,173.37,30666.9
2015-08-17,171.75,172.41,168.43,170.26,53858.32
2015-08-18,170.89,171.32,165.42,166.0,51285.52
2015-08-19,164.92,166.91,163.63,166.47,50261.8
2015-08-20,165.81,165.96,160.92,161.06,39645.03
2015-08-21,158.13,160.89,153.67,153.84,75620.61
2015-08-24,149.44,149.85,138.87,140.06,89812.84
2015-08-25,138.26,150.69,137.22,145.8,123080.58
2015-08-26,145.94,155.63,144.49,151.82,91572.53
2015-08-27,156.87,165.05,152.65,162.71,87052.01
2015-08-28,161.0,161.24,154.5,159.06,89925.83
2015-08-31,156.33,161.41,152.89,161.31,62730.19
2015-09-01,158.38,161.0,155.22,160.48,87432.69
2015-09-02,156.96,161.0,156.21,160.68,106945.46
2015-09-07,159.02,160.18,155.76,155.81,32216.42
2015-09-08,155.6,157.26,152.74,156.31,33098.58
2015-09-09,156.99,160.07,156.99,158.41,35215.16
2015-09-10,157.19,159.6,156.16,159.52,26852.48
2015-09-11,158.43,160.26,157.74,159.28,16932.14
2015-09-14,158.88,167.44,155.14,167.22,86175.55
2015-09-15,163.49,166.8,161.1,166.78,51884.34
2015-09-16,165.14,173.01,163.26,168.89,37198.02
2015-09-17,167.28,169.92,163.16,163.48,26423.0
2015-09-18,163.97,165.86,163.48,164.66,15642.76
2015-09-21,163.49,165.71,163.48,164.55,16527.67
2015-09-22,165.77,166.1,164.29,164.53,16457.4
2015-09-23,162.78,164.3,160.26,160.77,22344.32
2015-09-24,161.66,162.06,159.18,160.18,13886.74
2015-09-25,160.17,160.92,156.46,159.73,24455.97
2015-09-28,158.09,158.77,156.24,158.01,12341.1
2015-09-29,156.5,158.0,155.47,157.01,18409.82
2015-09-30,157.06,158.09,157.01,157.13,11634.63
2015-10-08,164.12,166.43,162.65,163.08,34391.79
2015-10-09,164.12,164.22,162.24,162.61,15721.74
2015-10-12,164.3,168.84,163.35,163.55,49030.0
2015-10-13,163.55,165.2,163.55,164.09,15751.13
2015-10-14,164.29,164.72,162.66,163.34,15213.39
2015-10-15,163.61,165.43,163.11,165.12,16550.13
2015-10-16,166.14,167.11,164.64,165.74,19238.43
2015-10-19,169.21,169.21,166.7,167.38,26121.45
2015-10-20,166.8,167.51,166.1,166.76,14784.29
2015-10-21,166.85,167.23,162.66,165.39,22349.14
2015-10-22,165.33,167.38,164.66,167.22,23720.3
2015-10-23,169.92,179.66,169.71,174.2,56277.34
2015-10-26,175.04,180.24,171.73,179.77,43346.26
2015-10-27,179.25,179.73,175.52,177.72,22572.79
2015-10-28,177.51,177.51,174.95,175.4,16559.22
2015-10-29,175.04,177.34,175.04,175.86,13454.35
2015-10-30,175.82,178.17,175.14,176.57,12257.91
2015-11-02,177.18,178.22,175.45,175.5,15298.2
2015-11-03,175.8,178.14,172.06,173.15,23173.29
2015-11-04,173.86,178.34,173.48,177.5,30809.72
2015-11-05,177.18,184.35,176.28,178.8,49982.58
2015-11-06,179.45,180.49,177.98,180.34,21695.71
2015-11-09,183.29,185.49,180.82,182.33,40527.29
2015-11-10,181.64,185.04,180.95,183.61,28729.76
2015-11-11,183.3,184.12,180.49,181.77,23815.5
2015-11-12,181.83,184.12,181.13,181.65,16180.85
2015-11-13,180.07,181.23,177.37,177.6,28397.18
2015-11-16,175.45,178.75,175.04,176.51,23916.7
2015-11-17,177.28,179.58,175.98,176.99,21986.35
2015-11-18,176.35,178.34,176.35,177.23,19725.54
2015-11-19,176.69,178.34,176.61,177.54,15262.76
2015-11-20,177.63,178.16,175.95,176.46,22274.23
2015-11-23,175.86,176.56,175.46,175.55,20994.73
2015-11-24,175.36,176.09,173.39,174.78,20469.02
2015-11-25,174.79,175.86,173.72,175.85,24249.81
2015-11-26,176.27,176.52,174.9,175.73,18804.53
2015-11-27,175.44,175.48,170.6,171.52,16220.72
2015-11-30,171.77,177.33,171.56,176.94,33440.03
2015-12-01,175.86,176.65,174.21,176.52,18877.54
2015-12-02,177.08,187.42,175.04,182.95,47891.45
2015-12-03,180.82,182.8,178.92,181.81,22386.83
2015-12-04,181.61,181.61,177.52,177.77,20848.71
2015-12-07,177.51,179.15,176.03,177.11,19255.09
2015-12-08,177.14,177.14,174.59,174.99,17393.68
2015-12-09,174.69,177.56,174.62,177.08,14119.77
2015-12-10,177.51,178.5,175.03,175.83,13786.71
2015-12-11,175.45,175.45,173.8,174.55,13035.48
2015-12-14,173.54,177.42,172.56,176.77,20701.34
2015-12-15,176.52,177.18,175.1,177.11,15088.39
2015-12-16,177.03,177.22,175.52,176.61,20144.8
2015-12-17,177.01,179.07,176.69,178.22,24253.21
2015-12-18,177.93,180.94,177.6,179.07,28460.2
2015-12-21,179.99,189.22,179.99,187.45,59391.89
2015-12-22,187.26,187.26,184.35,185.8,28402.45
2015-12-23,186.14,187.17,183.87,184.12,22374.97
2015-12-24,184.93,186.33,184.28,185.59,15577.88
2015-12-25,185.77,186.32,184.02,185.36,11542.95
2015-12-28,186.17,186.6,180.82,180.92,25594.52
2015-12-29,180.5,182.01,180.41,181.5,15774.33
2015-12-30,181.79,182.19,179.59,180.7,20147.66
2015-12-31,180.17,181.23,179.84,180.15,19673.87
2016-01-04,179.99,179.99,173.38,173.4,17349.69
2016-01-05,173.39,176.66,171.33,175.71,31908.91
2016-01-06,175.68,176.41,172.81,175.19,23760.9
2016-01-07,172.55,172.55,165.15,166.97,8148.68
2016-01-08,168.57,171.73,165.13,168.95,44510.09
2016-01-11,167.74,168.26,164.63,165.01,29702.58
2016-01-12,166.04,166.86,161.83,162.48,40287.23
2016-01-13,164.39,170.08,163.97,164.95,29201.98
2016-01-14,162.74,170.07,161.42,169.11,34776.06
2016-01-15,169.05,170.23,163.48,164.3,26681.19
2016-01-18,163.48,167.11,162.82,164.66,27371.23
2016-01-19,165.96,173.66,165.14,173.58,59110.22
2016-01-20,170.91,173.52,165.96,167.04,40968.66
2016-01-21,166.17,168.92,165.05,165.34,21832.29
2016-01-22,167.7,167.94,164.15,167.39,22733.48
2016-01-25,167.61,168.01,166.37,167.42,13750.45
2016-01-26,165.95,168.82,163.89,164.31,22280.92
2016-01-27,165.11,165.86,161.58,165.07,29840.41
2016-01-28,164.92,164.92,161.51,162.36,17903.0
2016-01-29,163.05,167.19,162.65,165.67,23090.24
2016-02-01,166.86,167.44,165.04,166.19,19178.02
2016-02-02,166.78,169.09,165.66,168.89,17842.08
2016-02-03,167.26,168.89,166.37,168.15,15156.99
2016-02-04,169.09,169.98,168.05,169.25,16624.75
2016-02-05,169.25,169.41,167.22,168.32,14227.67
2016-02-15,165.13,167.61,164.8,165.47,19470.18
2016-02-16,165.59,171.73,165.59,168.37,19223.16
2016-02-17,168.22,169.19,165.55,167.03,20349.11
2016-02-18,167.77,168.1,166.04,166.54,18892.56
2016-02-19,166.47,167.75,166.06,167.7,14238.46
2016-02-22,170.08,172.0,170.08,171.57,27759.86
2016-02-23,171.54,177.5,170.93,175.38,37460.89
2016-02-24,175.2,180.02,174.22,179.78,33129.02
2016-02-25,180.65,182.04,175.14,175.38,39480.65
2016-02-26,175.95,181.02,174.43,179.03,28332.71
2016-02-29,180.81,182.37,170.74,177.44,47712.46
2016-03-01,178.31,181.89,173.72,180.34,34004.59
2016-03-02,180.82,186.18,180.54,185.13,47942.66
2016-03-03,185.77,191.53,183.01,188.09,40193.28
2016-03-04,187.32,198.29,185.78,197.15,85838.69
2016-03-07,196.59,198.16,190.77,192.9,39345.55
2016-03-08,192.62,192.62,187.42,189.25,26147.22
2016-03-09,187.42,192.09,186.68,187.79,16402.6
2016-03-10,189.06,192.95,188.25,188.3,25727.46
2016-03-11,187.04,191.45,186.18,188.29,16320.08
2016-03-14,190.53,192.79,183.46,185.42,45277.83
2016-03-15,185.61,193.52,185.23,191.48,36356.33
2016-03-16,190.08,191.96,185.77,188.75,24250.97
2016-03-17,189.9,193.28,188.5,189.54,28820.95
2016-03-18,191.55,191.76,186.41,186.6,70568.94
2016-03-21,187.14,191.57,187.13,191.53,38547.45
2016-03-22,191.76,196.65,191.14,193.61,41766.61
2016-03-23,194.19,195.68,192.11,194.0,21412.06
2016-03-24,194.03,202.61,190.97,200.35,62068.02
2016-03-25,200.22,206.24,199.0,202.27,44756.16
2016-03-28,202.27,209.2,202.27,206.07,48337.65
2016-03-29,206.08,207.24,201.82,204.85,36688.05
2016-03-30,205.59,206.74,202.68,205.31,27782.6
2016-03-31,206.28,206.66,203.93,204.46,19457.34
2016-04-01,205.54,206.82,201.9,202.36,25146.07
2016-04-05,200.63,204.35,200.63,202.71,25047.85
2016-04-06,202.94,212.69,202.94,212.36,48424.92
2016-04-07,212.1,212.59,208.57,209.81,25536.39
2016-04-08,208.06,211.27,204.93,206.3,23156.02
2016-04-11,206.82,210.69,201.05,201.23,119284.68
2016-04-12,201.21,202.28,199.89,202.22,23339.09
2016-04-13,202.61,205.28,199.56,200.0,54274.25
2016-04-14,200.12,202.14,198.98,200.43,28664.37
2016-04-15,200.34,202.27,199.15,202.2,19029.26
2016-04-18,200.47,203.11,200.22,201.19,18593.04
2016-04-19,201.95,202.44,199.35,200.78,14236.68
2016-04-20,200.79,201.79,194.69,196.87,33708.5
2016-04-21,198.57,200.05,196.75,198.46,29672.22
2016-04-22,198.98,204.66,198.46,204.27,35459.38
2016-04-25,204.03,204.84,200.88,201.89,24990.28
2016-04-26,202.24,203.84,200.63,201.34,15156.68
2016-04-27,201.87,202.68,201.04,202.18,13915.1
2016-04-28,202.97,203.72,201.46,203.47,17156.55
2016-04-29,204.26,208.42,204.26,207.4,46079.49
2016-05-03,206.87,216.55,206.87,214.67,56474.86
2016-05-04,214.67,216.64,211.36,211.54,28636.26
2016-05-05,211.78,213.14,210.95,212.83,13517.89
2016-05-06,212.45,213.45,207.34,208.24,27173.69
2016-05-09,206.52,208.72,205.59,207.09,27799.18
2016-05-10,206.0,209.71,205.68,208.13,33505.89
2016-05-11,208.35,215.06,208.35,212.08,49277.13
2016-05-12,209.73,211.83,208.06,211.33,18894.11
2016-05-13,211.35,213.76,206.82,207.2,28145.61
2016-05-16,207.12,207.9,204.18,207.76,22202.73
2016-05-17,207.25,208.39,206.27,206.44,11785.69
2016-05-18,205.65,207.94,200.71,201.82,28380.34
2016-05-19,202.42,205.17,201.87,202.92,20889.43
2016-05-20,203.8,208.21,201.72,207.45,25501.57
2016-05-23,206.18,210.53,206.18,209.88,18706.18
2016-05-24,210.05,210.71,206.49,208.01,11674.4
2016-05-25,210.11,210.49,207.25,207.95,17785.34
2016-05-26,208.05,209.55,205.75,208.65,18120.26
2016-05-27,208.66,210.28,207.55,208.43,13230.44
2016-05-30,207.65,211.78,206.41,211.47,29806.92
2016-05-31,211.37,220.13,210.71,218.36,53949.65
2016-06-01,219.13,219.21,217.15,217.8,21876.69
2016-06-02,217.15,221.83,217.15,221.06,24760.76
2016-06-03,220.45,236.75,219.95,234.39,64798.13
2016-06-06,232.83,233.66,227.05,227.92,37261.66
2016-06-07,228.29,229.93,227.06,229.41,18753.53
2016-06-08,228.21,229.41,225.81,226.46,23882.09
2016-06-13,225.69,228.42,219.83,220.5,37775.06
2016-06-14,221.03,226.06,221.03,225.2,25587.29
2016-06-15,223.51,229.36,223.1,228.28,27322.01
2016-06-16,226.94,229.36,226.05,226.24,19643.57
2016-06-17,225.9,233.24,225.9,229.74,24705.18
2016-06-20,230.99,231.07,226.23,227.97,19019.26
2016-06-21,228.74,229.48,225.4,226.07,16749.33
2016-06-22,226.04,230.65,225.21,229.89,20884.48
2016-06-23,231.16,231.16,226.95,228.24,13984.51
2016-06-24,227.28,228.7,220.61,226.04,20129.51
2016-06-27,227.05,241.34,227.05,237.52,63642.69
2016-06-28,236.98,239.16,236.4,237.96,24282.23
2016-06-29,237.41,238.98,234.65,237.94,28147.6
2016-06-30,239.45,246.21,239.45,241.02,38022.4
2016-07-01,242.24,246.19,239.54,241.38,26014.95
2016-07-04,242.08,249.16,241.23,247.9,29488.64
2016-07-05,248.85,255.66,248.85,253.53,41707.73
2016-07-06,252.87,268.22,252.21,267.54,47347.7
2016-07-07,266.37,275.65,263.23,267.3,50725.2
2016-07-08,264.45,266.11,258.24,261.4,45545.63
2016-07-11,260.66,273.28,260.66,265.81,57481.67
2016-07-12,266.33,275.48,265.69,273.9,53119.45
2016-07-13,272.47,273.9,265.73,267.54,53448.28
2016-07-14,266.61,270.58,265.86,267.46,29230.85
2016-07-15,267.48,268.25,265.74,267.82,26811.01
2016-07-18,267.8,269.49,266.25,266.71,23352.89
2016-07-19,266.11,266.79,257.72,259.88,41431.66
2016-07-20,260.31,262.21,259.37,260.26,17733.84
2016-07-21,261.6,267.89,260.63,265.17,33009.49
2016-07-22,263.92,265.86,259.27,259.72,28871.45
2016-07-25,259.45,265.01,258.94,262.54,23623.53
2016-07-26,260.64,269.49,260.21,269.1,35555.67
2016-07-27,269.78,270.42,260.04,264.86,39228.06
2016-07-28,263.16,269.32,262.74,266.58,39643.99
2016-07-29,265.76,268.97,264.01,264.13,29007.37
2016-08-01,264.01,264.81,257.26,258.91,31701.85
2016-08-02,259.16,261.9,255.44,258.28,26541.42
2016-08-03,258.94,259.7,256.54,258.79,24039.07
2016-08-04,258.82,260.07,256.6,258.35,21793.64
2016-08-05,258.51,260.1,257.28,258.04,20308.48
2016-08-08,258.23,260.04,255.62,259.87,22007.4
2016-08-09,259.93,267.94,258.46,266.32,39289.67
2016-08-10,265.73,266.96,264.28,264.69,20944.71
2016-08-11,265.17,271.23,264.86,267.19,31939.72
2016-08-12,267.72,267.72,264.86,267.35,23352.83
2016-08-15,266.37,271.34,264.98,268.88,34110.13
2016-08-16,271.6,272.0,259.79,261.07,88378.69
2016-08-17,261.14,262.29,258.52,259.92,43754.06
2016-08-18,259.75,261.18,257.37,258.46,31005.99
2016-08-19,257.93,259.32,257.09,258.51,19140.91
2016-08-22,258.21,261.12,258.1,259.21,20812.7
2016-08-23,259.22,260.67,257.93,258.84,19914.26
2016-08-24,258.96,259.36,256.27,257.49,22779.42
2016-08-25,257.43,257.58,253.1,255.58,25362.58
2016-08-26,255.69,256.88,253.38,254.26,21436.45
2016-08-29,259.79,260.46,257.43,259.39,38055.57
2016-08-30,258.94,260.21,256.98,257.98,21170.52
2016-08-31,258.69,262.12,257.71,261.64,40401.44
2016-09-01,261.22,263.16,260.0,260.39,17185.97
2016-09-02,259.79,261.01,257.16,257.92,18572.24
2016-09-05,258.27,260.63,257.94,260.21,19138.7
2016-09-06,260.21,261.78,260.08,261.42,20625.83
2016-09-07,261.21,261.21,257.68,258.61,29645.15
2016-09-08,257.43,258.52,256.76,257.95,16705.78
2016-09-09,258.65,258.83,256.41,256.95,16222.51
2016-09-12,254.73,256.41,251.16,251.4,38238.81
2016-09-13,253.0,253.86,252.45,253.4,16255.88
2016-09-14,253.12,254.9,251.36,252.68,18527.65
2016-09-19,253.08,254.36,252.94,253.15,12852.1
2016-09-20,253.7,253.72,247.98,248.79,34892.6
2016-09-21,248.87,249.15,243.85,248.02,39037.23
2016-09-22,248.23,253.02,247.99,250.49,29606.17
2016-09-23,250.53,252.15,249.16,251.08,12671.9
2016-09-26,250.51,250.52,243.38,243.53,37176.08
2016-09-27,243.66,246.28,243.56,245.59,17915.82
2016-09-28,246.12,246.12,242.55,243.26,22360.01
2016-09-29,242.79,247.14,242.79,245.43,23705.69
2016-09-30,244.61,252.73,244.61,251.28,29603.5
2016-10-10,251.78,256.3,251.78,255.54,21103.62
2016-10-11,256.41,260.63,255.57,260.56,41736.75
2016-10-12,260.21,260.21,257.17,257.95,19286.02
2016-10-13,258.78,258.89,256.0,256.32,16143.98
2016-10-14,255.97,258.1,255.74,257.76,12690.92
2016-10-17,257.64,257.68,254.31,255.11,18957.03
2016-10-18,255.15,260.21,254.73,259.08,30389.31
2016-10-19,260.21,260.42,257.34,258.48,14123.28
2016-10-20,259.27,259.27,257.09,257.66,14079.92
2016-10-21,257.33,257.66,255.22,256.57,11483.32
2016-10-24,255.23,258.94,255.23,258.89,26246.52
2016-10-25,259.27,264.01,259.27,263.95,43762.39
2016-10-26,264.01,268.48,262.87,264.58,46813.07
2016-10-27,264.0,268.41,262.33,267.27,32951.62
2016-10-28,267.8,268.59,264.85,267.42,20137.33
2016-10-31,269.07,272.27,267.21,268.18,43596.1
2016-11-01,268.18,269.07,266.16,267.11,19512.39
2016-11-02,266.61,267.51,264.58,265.84,20636.42
2016-11-03,265.69,266.92,264.98,266.42,18690.81
2016-11-04,266.53,268.43,264.83,265.54,20619.27
2016-11-07,265.69,267.38,264.17,265.97,16047.8
2016-11-08,266.96,271.75,266.27,269.91,34193.83
2016-11-09,269.91,271.57,264.68,267.22,30004.49
2016-11-10,269.15,270.75,268.0,269.18,17804.96
2016-11-11,268.21,268.48,265.52,265.76,35902.65
2016-11-14,266.16,266.43,261.47,262.31,39920.49
2016-11-15,261.5,266.24,261.5,264.86,24470.55
2016-11-16,264.69,266.03,263.16,264.13,13399.81
2016-11-17,263.23,264.01,261.92,262.35,18337.76
2016-11-18,262.45,262.99,261.37,261.48,19377.69
2016-11-21,262.34,262.88,260.1,261.05,26083.84
2016-11-22,261.73,261.85,260.1,260.52,26424.27
2016-11-23,262.32,264.01,260.72,263.96,34015.04
2016-11-24,264.17,267.38,262.67,267.32,39078.7
2016-11-25,267.41,268.22,264.36,267.29,22369.67
2016-11-28,267.84,270.06,267.04,269.49,49253.01
2016-11-29,270.5,278.72,269.41,273.25,58830.62
2016-11-30,270.94,272.69,268.6,269.13,26752.37
2016-12-01,269.91,273.78,268.8,270.77,27941.82
2016-12-02,270.75,272.61,269.07,271.4,30628.33
2016-12-05,269.23,273.74,266.38,266.48,42060.81
2016-12-06,266.73,275.46,266.73,275.32,38923.09
2016-12-07,275.92,277.08,273.26,276.19,25271.74
2016-12-08,276.67,286.78,275.81,284.85,54475.78
2016-12-09,284.42,286.29,281.74,284.89,34495.59
2016-12-12,284.84,286.78,274.72,275.7,50332.44
2016-12-13,275.68,282.56,274.55,280.88,41780.0
2016-12-14,280.87,281.78,277.08,280.26,32029.02
2016-12-15,280.42,280.87,274.62,276.7,39202.75
2016-12-16,275.81,278.24,272.93,276.3,25051.26
2016-12-19,274.97,282.03,274.64,274.94,30471.87
2016-12-20,275.0,275.81,271.44,275.38,30831.59
2016-12-21,275.73,277.75,272.91,277.21,24711.24
2016-12-22,276.66,277.05,274.03,274.3,14678.13
2016-12-23,272.9,273.71,269.18,269.93,31095.55
2016-12-26,269.09,274.12,266.7,273.69,26001.43
2016-12-27,273.71,277.33,272.86,275.11,20062.29
2016-12-28,275.81,276.66,272.72,273.05,17878.11
2016-12-29,273.28,276.55,272.44,276.08,21225.12
2016-12-30,275.49,282.81,275.49,281.84,34687.67
2017-01-03,281.95,284.25,280.71,282.19,20763.89
2017-01-04,282.24,297.04,282.22,296.82,65257.38
2017-01-05,295.21,296.44,291.37,292.46,41704.48
2017-01-06,292.38,303.46,291.92,295.85,68095.62
2017-01-09,293.36,297.64,292.3,293.96,35405.0
2017-01-10,293.91,296.9,292.35,294.37,31727.64
2017-01-11,293.53,293.53,289.73,291.38,23598.51
2017-01-12,292.3,293.02,290.58,292.73,17779.4
2017-01-13,292.67,293.01,290.05,290.89,18282.48
2017-01-16,290.26,290.83,285.77,288.02,36855.45
2017-01-17,288.97,296.48,288.47,294.48,35188.38
2017-01-18,294.27,300.92,292.86,299.5,46005.7
2017-01-19,299.43,302.37,296.65,299.19,28523.92
2017-01-20,299.35,301.46,297.77,299.42,21344.17
2017-01-23,301.02,303.48,294.76,296.24,32581.18
2017-01-24,296.28,297.58,292.47,295.48,26914.58
2017-01-25,295.2,295.2,292.01,293.21,22990.36
2017-01-26,293.64,294.2,287.88,290.51,37826.17
2017-02-03,291.84,294.52,291.0,292.56,20936.43
2017-02-06,293.94,294.28,290.96,292.56,15680.79
2017-02-07,292.55,293.02,289.43,289.8,20519.83
2017-02-08,289.95,291.42,289.03,290.33,19088.54
2017-02-09,291.0,294.19,290.67,293.2,23324.38
2017-02-10,294.05,295.06,291.0,291.06,24056.59
2017-02-13,290.15,296.82,288.4,295.0,53587.9
2017-02-14,294.83,297.41,294.45,295.39,26558.68
2017-02-15,296.48,297.27,292.85,293.97,26256.96
2017-02-16,293.95,294.05,291.43,293.6,17642.3
2017-02-17,294.29,298.96,293.11,295.69,29102.34
2017-02-20,295.56,305.61,295.22,304.74,61853.4
2017-02-21,305.23,305.7,301.27,302.59,27705.77
2017-02-22,304.16,309.15,303.65,305.24,37130.31
2017-02-23,304.47,308.27,303.45,305.08,23328.06
2017-02-24,305.34,306.09,303.69,305.86,17692.78
2017-02-27,305.75,306.05,300.95,301.29,25400.46
2017-02-28,301.12,302.97,298.23,299.14,27473.51
2017-03-01,299.52,302.13,299.43,300.79,21944.2
2017-03-02,300.87,301.12,299.03,300.97,22103.62
2017-03-03,299.43,302.15,299.43,300.73,14153.55
2017-03-06,301.67,303.26,300.74,302.77,22818.84
2017-03-07,301.99,311.14,301.99,309.72,46286.98
2017-03-08,309.7,310.81,308.29,309.79,16037.7
2017-03-09,309.55,312.07,308.34,312.0,23406.06
2017-03-10,312.02,317.99,310.7,311.96,40951.05
2017-03-13,312.13,315.74,310.0,313.39,27674.32
2017-03-14,313.39,315.33,310.68,311.66,20416.49
2017-03-15,311.66,316.43,311.25,316.03,25155.26
2017-03-16,317.62,319.08,314.44,316.11,25022.6
2017-03-17,314.7,324.27,314.7,319.24,34700.26
2017-03-20,320.94,326.18,319.57,325.92,31545.94
2017-03-21,326.04,334.43,326.0,332.33,48460.96
2017-03-22,329.4,332.83,324.74,332.73,45532.71
2017-03-23,330.66,332.32,326.08,328.78,34504.81
2017-03-24,330.91,331.67,324.74,326.27,33287.72
2017-03-27,325.6,328.33,319.16,319.52,53690.28
2017-03-28,320.48,321.49,317.7,320.74,41187.17
2017-03-29,321.37,325.41,320.43,323.6,37299.67
2017-03-30,323.05,326.33,322.71,325.7,31612.99
2017-03-31,325.75,327.27,324.04,325.88,24474.22
2017-04-05,325.29,333.16,324.74,328.67,40789.98
2017-04-06,328.12,331.48,326.11,330.56,28857.2
2017-04-07,331.47,332.33,328.62,331.37,24097.23
2017-04-10,332.33,332.33,327.27,328.28,28869.48
2017-04-11,327.31,329.54,321.02,324.98,43530.72
2017-04-12,324.98,329.8,324.57,329.15,27002.91
2017-04-13,329.61,336.2,329.38,336.03,45648.35
2017-04-14,336.91,337.29,333.17,333.55,23646.56
2017-04-17,329.8,335.94,327.73,333.84,28793.71
2017-04-18,332.83,342.91,332.83,341.31,49581.0
2017-04-19,339.92,345.06,339.8,342.23,37550.11
2017-04-20,342.52,354.62,342.52,350.3,50457.68
2017-04-21,350.04,350.55,337.39,337.83,49332.92
2017-04-24,337.91,341.6,328.11,336.16,50037.97
2017-04-25,341.44,354.4,341.44,353.32,76192.71
2017-04-26,353.29,361.58,348.36,352.54,56624.12
2017-04-27,350.49,355.92,346.18,355.47,28240.71
2017-04-28,355.93,356.79,345.74,348.76,49505.87
2017-05-02,347.17,350.04,345.13,347.58,23291.68
2017-05-03,346.67,352.28,346.67,352.24,20267.91
2017-05-04,349.73,352.97,349.73,350.88,26709.15
2017-05-05,351.05,356.6,350.12,351.04,37437.11
2017-05-08,351.03,351.73,341.37,342.01,40721.65
2017-05-09,341.13,345.72,335.7,344.78,52801.92
2017-05-10,344.47,349.57,343.31,345.9,26039.38
2017-05-11,344.47,349.79,342.88,347.64,30467.64
2017-05-12,348.85,350.29,345.83,348.75,22337.42
2017-05-15,348.45,354.55,348.45,353.88,33447.35
2017-05-16,353.92,363.72,352.79,362.79,50164.9
2017-05-17,361.85,362.85,358.37,359.82,27515.21
2017-05-18,358.52,363.28,358.48,362.3,24300.8
2017-05-19,362.33,372.64,362.33,371.82,38310.83
2017-05-22,370.32,376.2,367.92,372.63,35321.49
2017-05-23,373.02,383.33,373.02,383.1,48454.39
2017-05-24,382.01,385.03,376.19,379.83,40226.18
2017-05-25,378.47,382.06,377.45,380.07,28898.42
2017-05-26,380.25,384.28,377.87,381.18,27386.64
2017-05-31,379.56,379.98,371.22,373.61,44312.25
2017-06-01,373.23,379.52,371.98,378.95,40604.78
2017-06-02,379.56,380.36,375.85,377.29,21785.26
2017-06-05,377.91,378.72,373.11,374.85,19241.2
2017-06-06,375.32,378.72,374.67,378.57,20402.44
2017-06-07,378.82,388.0,378.82,387.46,38834.3
2017-06-08,389.11,391.71,386.73,391.63,28951.11
2017-06-09,391.57,397.1,390.53,392.84,31430.76
2017-06-12,393.9,401.02,392.21,398.86,35109.16
2017-06-13,399.0,400.23,393.9,398.99,24237.98
2017-06-14,398.78,402.76,396.83,400.13,33768.63
2017-06-15,400.65,401.05,391.37,391.62,50202.8
2017-06-16,389.26,394.31,389.06,390.21,33331.8
2017-06-19,389.65,396.76,389.65,396.57,38536.68
2017-06-20,398.96,400.55,392.77,393.31,34505.39
2017-06-21,396.05,398.96,393.08,398.72,42038.54
2017-06-22,398.98,403.12,397.44,398.75,38242.34
2017-06-23,398.84,400.55,395.02,398.73,31303.62
2017-06-26,398.97,409.08,398.12,408.81,52932.57
2017-06-27,407.24,409.08,405.58,408.32,27980.78
2017-06-28,408.31,408.31,398.96,400.9,37728.74
2017-06-29,401.74,402.63,396.43,398.97,35092.72
2017-06-30,397.7,399.94,394.57,397.99,22427.17
2017-07-03,399.97,399.97,386.22,388.31,49628.53
2017-07-04,387.12,388.0,378.72,381.18,56488.95
2017-07-05,382.1,388.27,382.1,388.1,37540.32
2017-07-06,386.4,388.16,380.07,384.6,42044.39
2017-07-07,386.2,386.25,377.77,381.85,37796.47
2017-07-10,382.63,389.5,379.28,389.13,36624.09
2017-07-11,389.16,397.79,388.73,396.55,44601.82
2017-07-12,398.83,399.0,389.59,391.7,28950.72
2017-07-13,389.88,395.5,388.45,390.58,25951.35
2017-07-14,390.66,392.8,387.92,390.79,17726.57
2017-07-17,391.33,392.19,382.12,385.36,35263.68
2017-07-18,387.01,388.72,383.59,387.49,30684.49
2017-07-19,388.73,396.97,387.7,391.18,56259.94
2017-07-20,390.32,399.77,390.32,399.41,46634.87
2017-07-21,399.83,406.72,397.0,405.17,46792.41
2017-07-24,406.61,415.57,406.61,409.11,42716.43
2017-07-25,412.87,413.39,407.65,409.24,21929.99
2017-07-26,409.32,412.39,399.48,403.82,31470.18
2017-07-27,403.82,407.44,403.37,405.74,19595.03
2017-07-28,403.28,414.48,400.47,414.35,46618.77
2017-07-31,414.42,417.81,411.85,412.04,38412.18
2017-08-01,411.85,413.56,408.76,411.2,27501.54
2017-08-02,411.03,415.17,409.72,413.42,26774.22
2017-08-03,414.14,416.86,407.25,408.61,31768.39
2017-08-04,408.42,410.12,404.65,405.55,18681.14
2017-08-07,404.57,413.05,403.4,412.33,23099.37
2017-08-08,412.7,414.6,410.56,413.2,16051.58
2017-08-09,415.14,422.1,412.73,420.28,41794.47
2017-08-10,420.49,427.77,418.7,420.95,35364.38
2017-08-11,418.7,425.16,413.97,414.47,36572.57
2017-08-14,415.45,428.2,415.45,427.97,39331.47
2017-08-15,428.21,429.06,423.84,424.66,27163.22
2017-08-16,426.4,427.09,422.12,425.11,18587.22
2017-08-17,426.06,426.06,419.38,421.86,25846.73
2017-08-18,421.95,423.35,417.84,419.25,23857.75
2017-08-21,417.84,423.32,416.93,419.32,23546.62
2017-08-22,417.33,419.11,407.57,417.17,42457.03
2017-08-23,415.66,423.52,414.69,422.99,27214.99
2017-08-24,422.97,425.03,421.28,421.96,18156.78
2017-08-25,422.51,423.19,418.97,422.11,17297.88
2017-08-28,422.12,425.8,420.44,421.3,29021.07
2017-08-29,422.14,423.73,417.85,419.07,25176.62
2017-08-30,419.3,422.76,418.83,422.1,18503.64
2017-08-31,423.01,423.73,419.38,420.54,18736.86
2017-09-01,419.72,424.93,419.58,423.99,31451.0
2017-09-04,423.99,425.26,420.64,421.63,18931.62
2017-09-05,422.02,422.97,419.13,419.54,22622.15
2017-09-06,419.55,421.93,415.14,415.26,33006.5
2017-09-07,415.54,416.9,411.04,412.08,33320.16
2017-09-08,409.49,411.42,405.85,406.17,41173.27
2017-09-11,403.36,412.89,402.41,409.55,45374.4
2017-09-12,410.56,416.13,409.62,415.2,34341.63
2017-09-13,415.27,421.44,412.17,420.95,33075.7
2017-09-14,422.11,423.0,418.69,420.16,19399.49
2017-09-15,421.69,421.69,417.84,419.42,16039.46
2017-09-18,419.67,428.54,419.67,427.23,42206.81
2017-09-19,428.37,430.26,424.7,425.5,23054.81
2017-09-20,425.46,428.13,424.69,424.86,17318.16
2017-09-21,424.64,428.61,422.02,427.06,19402.68
2017-09-22,425.46,428.27,424.52,428.06,16343.53
2017-09-25,428.38,435.14,428.37,434.31,32697.56
2017-09-26,433.84,436.68,431.2,436.07,25470.49
2017-09-27,435.75,437.56,433.31,435.15,16671.11
2017-09-28,434.28,445.41,434.24,443.92,25969.85
2017-09-29,441.82,450.27,441.39,443.22,22436.22
2017-10-09,449.13,458.55,445.33,451.89,34891.29
2017-10-10,451.28,462.78,451.24,462.42,31006.44
2017-10-11,460.74,472.0,460.74,467.11,33406.43
2017-10-12,466.65,468.79,462.52,465.87,19646.22
2017-10-13,466.65,476.58,464.09,476.19,27858.42
2017-10-16,479.48,485.19,475.95,480.08,29909.01
2017-10-17,480.32,480.32,474.35,476.69,20977.12
2017-10-18,474.52,481.71,474.52,480.11,19178.65
2017-10-19,480.35,501.02,480.11,498.84,40658.82
2017-10-20,497.47,497.47,489.56,491.76,31534.33
2017-10-23,492.26,497.04,486.34,490.97,23771.82
2017-10-24,489.76,491.31,482.58,485.77,31274.28
2017-10-25,487.84,489.49,481.25,484.34,25076.0
2017-10-26,518.02,524.87,506.81,518.1,115434.97
2017-10-27,515.55,560.83,513.76,556.23,84383.79
2017-10-30,550.6,551.41,531.72,532.64,81007.86
2017-10-31,532.58,537.37,523.91,529.18,51875.68
2017-11-01,531.62,540.74,530.2,533.44,43435.25
2017-11-02,536.81,539.24,531.72,536.79,34249.73
2017-11-03,538.27,550.93,538.27,547.28,48188.97
2017-11-06,549.27,563.07,548.16,559.17,48513.98
2017-11-07,557.05,562.67,546.43,549.76,55564.85
2017-11-08,549.98,560.4,549.98,556.88,43951.94
2017-11-09,554.84,560.1,551.94,556.61,33641.13
2017-11-10,556.92,585.15,556.92,580.48,74078.6
2017-11-13,582.24,593.18,578.64,588.98,49869.84
2017-11-14,588.35,588.42,579.97,581.17,46366.71
2017-11-15,581.17,590.79,577.1,589.16,45036.33
2017-11-16,587.38,616.45,587.38,615.72,60716.32
2017-11-17,595.94,607.07,580.33,591.01,123861.24
2017-11-20,579.5,587.03,565.11,581.51,88305.82
2017-11-21,572.82,589.77,566.84,579.88,96016.51
2017-11-22,579.67,589.09,556.55,557.0,128498.26
2017-11-23,549.7,553.13,539.61,542.62,109599.13
2017-11-24,544.48,550.13,532.77,539.46,76541.94
2017-11-27,542.85,544.85,524.88,531.97,63548.46
2017-11-28,535.2,555.59,534.29,555.03,70291.83
2017-11-29,556.5,558.24,542.86,546.38,46763.72
2017-11-30,544.14,555.25,536.0,540.28,38019.62
2017-12-01,546.28,547.12,530.97,532.88,47192.74
2017-12-04,534.25,551.5,528.05,546.1,54267.71
2017-12-05,542.85,554.32,539.54,541.96,47465.76
2017-12-06,540.71,551.5,530.86,535.15,58174.09
2017-12-07,535.1,535.14,526.8,528.03,51032.62
2017-12-08,526.94,538.44,526.94,537.1,45503.39
2017-12-11,540.28,558.22,540.28,557.4,72849.17
2017-12-12,564.0,564.06,557.42,557.68,47889.31
2017-12-13,560.82,573.67,557.17,572.14,48502.48
2017-12-14,573.66,574.79,565.54,569.01,31967.94
2017-12-15,568.54,571.92,557.22,559.8,32255.95
2017-12-18,565.11,573.5,563.9,570.05,39162.28
2017-12-19,567.68,575.76,565.97,571.18,44072.21
2017-12-20,573.59,588.11,568.56,586.44,63601.31
2017-12-21,584.81,588.59,578.38,583.73,46680.38
2017-12-22,582.24,587.29,579.68,584.74,28317.01
2017-12-25,587.37,596.19,585.42,589.19,36214.28
2017-12-26,589.24,593.36,579.24,582.93,31867.66
2017-12-27,586.4,586.4,567.25,568.69,37722.05
2017-12-28,588.23,616.4,574.81,615.36,124141.07
2017-12-29,614.77,622.05,592.17,597.21,76038.87
2018-01-02,599.36,608.06,590.71,602.66,49612.48
2018-01-03,600.65,617.69,599.14,612.94,52019.41
2018-01-04,617.69,636.61,615.91,631.1,72205.08
2018-01-05,634.47,638.77,623.52,632.21,39989.07
2018-01-08,629.35,647.74,629.35,644.0,52204.56
2018-01-09,644.07,670.43,644.07,670.02,64591.95
2018-01-10,672.14,675.46,662.28,672.75,47714.24
2018-01-11,673.85,674.71,661.01,663.42,50656.07
2018-01-12,662.53,675.4,656.75,675.07,45988.24
2018-01-15,679.39,684.18,667.02,672.46,52473.13
2018-01-16,668.27,675.23,657.59,661.82,65428.33
2018-01-17,659.3,662.72,632.34,640.4,90709.54
2018-01-18,640.4,655.02,637.11,642.81,58978.51
2018-01-19,644.66,649.79,632.77,642.33,50925.56
2018-01-22,643.72,662.72,643.72,662.41,67126.75
2018-01-23,665.99,667.86,658.1,662.53,49549.18
2018-01-24,664.81,664.83,649.54,654.55,43298.81
2018-01-25,651.59,664.44,643.03,658.58,50040.72
2018-01-26,656.93,665.63,654.16,665.48,43978.33
2018-01-29,666.8,667.58,629.33,630.46,74535.51
2018-01-30,630.19,641.12,625.07,635.39,51911.03
2018-01-31,632.75,660.76,632.75,654.62,60402.41
2018-02-01,656.73,656.99,644.67,648.79,50582.61
2018-02-02,644.07,644.94,620.77,633.95,75420.82
2018-02-05,622.67,625.01,604.16,614.97,98995.85
2018-02-06,601.93,618.71,601.93,606.95,88168.71
2018-02-07,616.49,619.81,583.96,585.17,88289.98
2018-02-08,584.12,614.77,584.12,600.21,83409.43
2018-02-09,582.24,590.71,563.4,585.17,105578.26
2018-02-12,591.66,604.07,586.69,597.2,64179.55
2018-02-13,603.66,612.05,603.21,609.62,53389.18
2018-02-14,616.49,616.49,609.82,615.16,30652.6
2018-02-22,622.74,637.04,619.26,635.71,50764.69
2018-02-23,639.6,647.79,631.04,635.73,38158.77
2018-02-26,639.5,643.93,627.63,636.62,43658.24
2018-02-27,641.32,647.31,631.23,631.88,42601.54
2018-02-28,626.76,635.58,615.63,621.3,48330.67
2018-03-01,623.34,639.48,619.71,635.3,44794.65
2018-03-02,631.9,636.66,625.05,630.54,25991.9
2018-03-05,632.05,635.32,613.94,616.58,37234.7
2018-03-06,620.77,622.99,596.9,615.0,64570.36
2018-03-07,612.21,619.91,607.06,607.96,34595.94
2018-03-08,611.35,619.91,606.21,618.85,35349.3
2018-03-09,622.95,627.25,619.48,623.51,30171.0
2018-03-12,624.66,628.41,618.86,619.87,39888.41
2018-03-13,619.06,622.14,607.92,608.22,38577.09
2018-03-14,607.64,623.4,605.54,622.38,37355.76
2018-03-15,623.35,639.6,623.35,639.15,56148.79
2018-03-16,640.12,645.58,632.65,633.48,35855.52
2018-03-19,637.01,645.59,632.75,645.15,38666.58
2018-03-20,642.17,643.89,633.61,640.23,28877.2
2018-03-21,642.27,644.84,633.61,635.32,26742.71
2018-03-22,637.04,640.46,619.92,621.69,37486.97
2018-03-23,600.22,619.47,599.43,608.83,52546.77
2018-03-26,606.21,612.26,600.97,610.91,46256.11
2018-03-27,619.06,621.52,602.79,611.98,47548.44
2018-03-28,599.34,601.93,572.82,583.99,113539.72
2018-03-29,584.12,597.52,563.75,590.03,79081.96
2018-03-30,587.37,593.8,582.13,585.34,36540.28
2018-04-02,582.24,591.66,577.19,582.29,32039.08
2018-04-03,580.52,588.23,578.29,580.45,40235.58
2018-04-04,583.95,599.73,582.56,594.23,56891.31
2018-04-09,596.88,604.01,590.93,597.91,30833.05
2018-04-10,603.47,606.64,598.04,606.23,32043.25
2018-04-11,607.92,612.02,601.95,603.95,25723.18
2018-04-12,602.79,605.25,592.7,594.4,30713.61
2018-04-13,598.08,600.22,586.59,588.11,27549.52
2018-04-16,582.73,588.1,579.67,583.42,32939.67
2018-04-17,586.52,586.84,569.91,570.42,35172.76
2018-04-18,574.53,574.53,552.27,561.38,62616.6
2018-04-19,564.98,582.24,562.25,582.2,44207.57
2018-04-20,583.09,594.22,572.16,573.9,41511.68
2018-04-23,570.26,582.52,570.26,577.11,32659.2
2018-04-24,578.81,593.8,577.96,590.7,47282.56
2018-04-25,589.94,592.51,584.82,591.63,25252.22
2018-04-26,592.51,592.75,576.24,580.72,35047.9
2018-04-27,586.73,589.4,560.83,567.28,57915.21
2018-05-02,565.11,572.81,552.32,571.82,70259.11
2018-05-03,570.25,576.83,563.4,574.43,36326.53
2018-05-04,574.51,577.81,565.6,567.57,37375.84
2018-05-07,565.07,600.97,563.2,597.79,85591.43
2018-05-08,597.68,609.75,597.68,606.92,62497.83
2018-05-09,607.14,609.89,596.9,601.03,32331.06
2018-05-10,602.36,613.06,602.36,611.51,39293.8
2018-05-11,615.36,625.48,612.8,614.79,39141.65
2018-05-14,619.91,636.18,619.91,635.67,51014.71
2018-05-15,638.75,639.13,628.47,636.23,38055.8
2018-05-16,633.61,638.46,627.86,628.92,30795.2
2018-05-17,629.43,631.47,619.91,622.81,28517.93
2018-05-18,619.9,634.47,617.51,633.03,29255.17
2018-05-21,637.04,639.86,627.17,629.18,29059.58
2018-05-22,629.52,633.47,625.07,633.24,16998.96
2018-05-23,633.61,633.61,619.55,619.72,28268.71
2018-05-24,616.49,623.9,610.49,612.55,30416.34
2018-05-25,609.64,622.48,609.64,613.8,26511.46
2018-05-28,614.77,634.18,612.31,633.95,42805.23
2018-05-29,632.58,642.17,626.14,626.27,40820.27
2018-05-30,622.67,631.3,616.53,621.51,37147.1
2018-05-31,625.26,643.56,625.25,643.14,71852.87
2018-06-01,643.14,646.44,632.55,637.99,36177.63
2018-06-04,644.19,670.34,638.65,669.55,73805.97
2018-06-05,673.43,680.45,665.49,674.75,52629.67
2018-06-06,674.71,685.8,669.83,672.78,48969.48
2018-06-07,676.41,681.17,666.92,668.69,39167.78
2018-06-08,667.86,672.91,659.3,666.11,34958.46
2018-06-11,664.48,673.0,657.87,664.2,36547.55
2018-06-12,666.15,687.98,664.86,684.29,55287.08
2018-06-13,684.98,687.23,675.46,676.71,35244.37
2018-06-14,676.42,679.68,663.73,673.11,36159.61
2018-06-15,671.44,676.11,667.88,671.55,31707.73
2018-06-19,667.79,667.79,640.01,640.87,60195.87
2018-06-20,643.48,664.32,643.48,663.1,45838.02
2018-06-21,664.51,676.38,658.91,659.39,39182.55
2018-06-22,654.77,666.06,651.29,665.65,28854.81
2018-06-25,665.19,676.45,664.23,664.81,32934.16
2018-06-26,664.59,668.56,648.69,655.46,46577.98
2018-06-27,653.03,657.37,626.11,627.36,57298.01
2018-06-28,620.03,624.37,605.27,617.37,50833.94
2018-06-29,618.56,635.92,612.22,635.19,32929.27
2018-07-02,637.85,642.03,610.48,617.9,37558.11
2018-07-03,616.35,621.58,588.97,603.46,82837.1
2018-07-04,600.93,607.87,597.45,599.98,37990.75
2018-07-05,607.87,621.94,607.87,609.95,47123.8
2018-07-06,613.95,626.05,607.23,620.14,44156.61
2018-07-09,625.27,633.8,625.01,631.53,40572.66
2018-07-10,633.06,635.23,619.45,630.24,29010.47
2018-07-11,616.56,628.72,609.8,624.88,24278.45
2018-07-12,623.51,643.63,623.51,640.47,40170.04
2018-07-13,644.61,649.64,638.37,648.68,28907.04
2018-07-16,653.29,663.55,652.19,655.36,32474.87
2018-07-17,657.37,657.37,639.15,644.72,27806.03
2018-07-18,644.72,651.03,638.27,640.39,24521.71
2018-07-19,641.74,646.04,638.29,643.44,18078.5
2018-07-20,643.91,645.33,632.19,643.59,30548.5
2018-07-23,639.14,643.61,625.25,635.72,35969.89
2018-07-24,636.25,648.95,627.85,647.3,41808.6
2018-07-25,648.65,651.19,642.62,645.92,21743.88
2018-07-26,650.34,650.34,637.6,638.81,23067.26
2018-07-27,639.14,646.34,633.93,641.36,20913.6
2018-07-30,641.66,643.18,620.9,624.56,42171.66
2018-07-31,625.5,632.09,624.56,630.84,20683.46
2018-08-01,635.14,635.92,620.13,620.85,25237.88
2018-08-02,621.74,621.74,597.35,604.26,55001.43
2018-08-03,603.53,603.53,587.21,589.63,47336.99
2018-08-06,587.9,593.98,575.09,581.55,45248.12
2018-08-07,583.82,597.31,574.89,595.96,39085.59
2018-08-08,596.6,598.32,583.45,587.22,29685.44
2018-08-09,582.69,603.1,581.93,600.82,34485.75
2018-08-10,600.82,603.33,594.15,596.74,23817.67
2018-08-13,593.11,593.11,578.94,589.83,34570.41
2018-08-14,589.83,594.41,584.87,590.62,21696.83
2018-08-15,590.33,590.51,574.01,575.57,34997.09
2018-08-16,566.18,580.5,555.76,563.08,59939.85
2018-08-17,570.95,570.95,547.08,551.29,46574.57
2018-08-20,549.2,560.58,535.66,559.92,48852.34
2018-08-21,561.83,583.8,561.83,583.1,52249.02
2018-08-22,582.68,584.59,575.73,579.81,20675.51
2018-08-23,583.28,589.19,577.62,581.99,27357.27
2018-08-24,580.94,580.94,570.05,573.38,26090.26
2018-08-27,574.86,596.83,574.86,596.83,48016.92
2018-08-28,601.8,602.47,589.25,591.38,32488.9
2018-08-29,592.24,598.22,589.73,595.59,27404.03
2018-08-30,597.64,601.45,589.65,590.85,33788.33
2018-08-31,587.25,587.9,570.1,572.44,58980.93
2018-09-03,566.19,579.8,565.15,578.53,30179.84
2018-09-04,579.04,587.03,574.53,586.2,21540.48
2018-09-05,586.16,587.89,570.53,571.22,28983.42
2018-09-06,566.19,572.5,555.77,559.24,42370.58
2018-09-07,560.55,571.43,560.23,565.3,29240.06
2018-09-10,566.37,567.76,556.38,559.94,21202.2
2018-09-11,560.61,565.3,556.32,560.98,19496.87
2018-09-12,558.38,560.0,545.36,547.09,41157.37
2018-09-13,554.03,557.51,538.4,548.81,47713.16
2018-09-14,550.54,564.26,545.81,558.29,40900.19
2018-09-17,560.11,567.03,556.69,560.82,29112.95
2018-09-18,558.38,580.09,557.7,578.96,37858.68
2018-09-19,578.85,595.72,578.35,591.74,48221.84
2018-09-20,595.02,596.5,588.21,589.25,27519.48
2018-09-21,592.24,607.88,590.52,607.88,42617.2
2018-09-25,603.53,612.89,602.02,605.29,30639.91
2018-09-26,609.7,636.25,609.6,629.52,72287.77
2018-09-27,631.76,632.19,621.25,628.72,40508.53
2018-09-28,631.06,636.71,624.27,633.93,35089.8
2018-10-08,621.26,624.37,595.85,595.85,82745.02
2018-10-09,596.5,606.75,595.63,603.53,40222.83
2018-10-10,605.5,606.14,581.55,582.62,63098.2
2018-10-11,551.44,580.9,551.44,560.1,91581.96
2018-10-12,565.32,584.15,564.96,580.09,54472.56
2018-10-15,581.38,583.52,573.17,579.13,35607.3
2018-10-16,578.33,590.1,574.88,579.34,26393.6
2018-10-17,586.16,588.16,564.37,578.11,43077.07
2018-10-18,573.14,573.14,560.09,560.93,52156.07
2018-10-19,554.03,586.16,551.5,581.82,76199.38
2018-10-22,586.16,609.63,586.16,601.8,73108.57
2018-10-23,598.32,598.32,551.43,557.28,123112.73
2018-10-24,545.45,564.46,538.4,553.16,76112.82
2018-10-25,538.4,540.57,528.49,537.53,75568.38
2018-10-26,537.53,542.75,527.97,529.81,55327.38
2018-10-29,476.83,476.83,476.83,476.83,49076.0
2018-10-30,442.88,471.54,442.03,455.04,204396.67
2018-10-31,457.64,481.96,453.3,476.66,96884.82
2018-11-01,481.96,508.44,478.7,488.9,98106.72
2018-11-02,508.01,521.04,496.93,520.95,89156.96
2018-11-05,514.96,514.96,496.52,500.02,75517.08
2018-11-06,498.46,498.6,484.57,491.51,45566.14
2018-11-07,494.12,499.28,488.05,491.86,38107.78
2018-11-08,498.46,501.06,493.25,495.28,33763.74
2018-11-09,492.57,494.12,488.04,488.04,24336.82
2018-11-12,480.22,481.26,466.15,479.35,67824.22
2018-11-13,474.25,494.98,471.54,494.98,66429.05
2018-11-14,494.95,494.95,479.83,482.04,41766.83
2018-11-15,485.26,490.47,482.39,486.04,30833.4
2018-11-16,487.17,491.51,484.59,486.3,28938.79
2018-11-19,486.56,496.72,485.53,494.13,36179.25
2018-11-20,490.64,493.25,486.3,487.69,26943.26
2018-11-21,481.09,494.03,480.81,490.38,27107.3
2018-11-22,490.77,492.67,484.56,490.21,21213.33
2018-11-23,489.77,492.64,483.61,483.61,20126.21
2018-11-26,484.56,486.47,479.35,479.45,19120.19
2018-11-27,479.35,481.95,474.58,475.97,20233.82
2018-11-28,478.35,485.6,473.71,483.69,27737.93
2018-11-29,491.54,494.81,476.76,479.01,45069.45
2018-11-30,483.69,494.02,480.22,490.64,49010.46
2018-12-03,511.48,525.38,507.81,522.08,83414.68
2018-12-04,523.63,524.73,516.69,522.97,31473.88
2018-12-05,518.86,535.36,516.69,529.81,41588.19
2018-12-06,521.04,526.23,512.66,513.91,37758.07
2018-12-07,517.21,520.05,507.75,509.75,26841.67
2018-12-10,500.19,510.18,498.61,501.26,24640.68
2018-12-11,501.06,509.36,501.06,506.26,16316.6
2018-12-12,511.3,511.66,506.1,511.48,19921.54
2018-12-13,512.35,527.01,512.0,522.56,40399.41
2018-12-14,519.31,520.86,514.09,514.92,24554.48
2018-12-17,514.58,517.54,508.02,512.8,24895.85
2018-12-18,508.77,513.69,508.01,513.17,19222.18
2018-12-19,511.48,513.21,500.22,501.76,25715.96
2018-12-20,500.39,504.97,494.02,498.89,26940.98
2018-12-21,495.85,497.98,488.22,492.73,30640.43
2018-12-24,489.34,495.77,484.56,493.25,19109.86
2018-12-25,488.23,492.81,480.75,491.33,26592.86
2018-12-26,489.61,493.59,484.56,486.37,17866.2
2018-12-27,494.98,496.59,488.23,488.9,29493.57
2018-12-28,489.17,517.91,486.3,512.36,63678.37
2019-01-02,529.7,531.46,516.7,520.15,62286.49
2019-01-03,521.01,522.48,508.7,512.35,30977.35
2019-01-04,509.99,527.7,505.42,522.77,37683.47
2019-01-07,527.98,531.46,522.96,525.8,34750.13
2019-01-08,525.81,531.46,521.28,525.2,28838.13
2019-01-09,529.71,543.75,528.89,535.03,49892.27
2019-01-10,535.91,542.64,529.94,537.34,29043.9
2019-01-11,542.75,553.17,537.32,552.19,38884.21
2019-01-14,549.69,552.2,539.75,542.4,25648.9
2019-01-15,545.23,574.44,542.75,573.12,55764.85
2019-01-16,571.4,578.05,567.58,574.09,42083.64
2019-01-17,575.74,581.56,569.49,572.49,30284.76
2019-01-18,577.48,599.36,574.44,593.64,68609.18
2019-01-21,599.19,606.9,592.14,596.57,47051.93
2019-01-22,595.72,595.72,577.67,582.69,42122.21
2019-01-23,579.41,585.73,575.86,578.05,33624.81
2019-01-24,582.08,588.62,577.2,583.99,29155.27
2019-01-25,586.93,594.76,581.76,590.25,28986.35
2019-01-28,593.98,602.65,587.06,587.9,36102.87
2019-01-29,588.34,597.45,580.09,594.85,30342.59
2019-01-30,594.84,595.91,587.03,587.03,22699.96
2019-01-31,590.51,598.84,588.39,598.84,36696.57
2019-02-01,605.3,607.01,598.85,601.51,30520.62
2019-02-11,603.53,633.49,597.61,629.85,58140.75
2019-02-12,627.85,630.01,621.07,623.44,35091.43
2019-02-13,627.85,639.28,622.83,638.49,35677.06
2019-02-14,634.97,645.79,634.05,640.14,32258.13
2019-02-15,638.16,638.16,627.87,629.39,23237.98
2019-02-18,634.79,646.91,634.79,642.61,37745.89
2019-02-19,643.44,644.78,631.03,634.59,29501.5
2019-02-20,638.27,638.27,621.82,626.98,37882.37
2019-02-21,625.24,634.34,622.64,625.46,29850.4
2019-02-22,622.64,632.62,620.12,630.46,25908.77
2019-02-25,634.58,646.47,623.5,644.63,82622.59
2019-02-26,649.38,650.58,630.45,631.63,57964.66
2019-02-27,636.53,658.26,634.79,643.22,65942.27
2019-02-28,640.79,662.95,639.96,655.65,56986.25
2019-03-01,661.28,686.03,660.85,685.42,63840.23
2019-03-04,690.37,693.26,674.93,678.96,84585.96
2019-03-05,681.69,685.64,673.77,677.16,44830.56
2019-03-06,673.0,676.91,665.08,666.93,46731.37
2019-03-07,661.91,661.91,647.44,650.08,60180.53
2019-03-08,640.79,648.54,637.1,640.44,52275.25
2019-03-11,642.65,666.01,642.65,658.71,53057.24
2019-03-12,663.3,663.3,641.74,646.96,52510.01
2019-03-13,647.39,660.63,647.39,654.77,40561.36
2019-03-14,657.37,681.69,654.77,675.61,62172.56
2019-03-15,673.87,683.86,664.19,675.0,52400.71
2019-03-18,676.3,707.33,674.74,703.48,81318.8
2019-03-19,697.32,701.59,688.03,688.3,40634.93
2019-03-20,686.03,696.71,681.69,688.46,31117.52
2019-03-21,684.29,688.46,678.65,682.34,32573.28
2019-03-22,684.48,694.7,681.69,689.5,30517.5
2019-03-25,682.56,684.29,671.53,673.53,37270.46
2019-03-26,677.35,682.5,663.54,671.27,37595.69
2019-03-27,678.21,689.4,673.0,684.73,42807.39
2019-03-28,689.01,707.29,682.28,700.62,57566.76
2019-03-29,725.11,752.62,720.91,741.6,90933.96
2019-04-01,746.82,754.59,739.0,745.95,60934.61
2019-04-02,746.81,746.81,726.03,738.13,53227.05
2019-04-03,729.55,739.64,724.42,733.36,43056.8
2019-04-04,729.45,751.85,726.15,751.16,55772.36
2019-04-08,781.55,788.5,772.97,781.73,66251.93
2019-04-09,784.16,788.67,775.05,785.9,47989.8
2019-04-10,784.16,826.62,781.55,823.23,67814.38
2019-04-11,823.24,824.97,786.37,803.44,61102.54
2019-04-12,789.37,798.91,781.56,793.71,48612.17
2019-04-15,808.47,815.42,787.63,787.63,45522.64
2019-04-16,785.81,816.2,782.61,816.2,46423.44
2019-04-17,814.55,829.76,803.26,826.71,40761.02
2019-04-18,820.99,829.04,813.01,821.07,19598.52
2019-04-19,819.73,834.48,808.74,827.2,32379.78
2019-04-22,833.22,850.06,816.82,824.28,40627.96
2019-04-23,825.84,852.08,824.28,846.64,48852.05
2019-04-24,850.92,859.71,826.03,842.34,45227.0
2019-04-25,841.29,845.81,826.03,827.03,39801.34
2019-04-26,821.76,833.55,820.63,820.63,43277.68
2019-04-29,820.63,858.84,811.95,844.05,52572.3
2019-04-30,840.6,855.33,836.36,845.81,35943.18
2019-05-06,803.7,811.95,775.47,786.76,135099.68
2019-05-07,775.72,793.66,755.69,772.87,100837.26
2019-05-08,746.82,783.12,746.82,768.01,81882.98
2019-05-09,759.84,764.07,731.62,745.78,91545.15
2019-05-10,760.42,790.91,753.93,787.74,79907.38
2019-05-13,780.56,791.09,767.66,774.61,46637.18
2019-05-14,768.53,786.76,758.11,769.89,59983.12
2019-05-15,773.08,810.21,773.08,805.0,63124.25
2019-05-16,798.05,809.34,785.9,807.53,44540.12
2019-05-17,805.02,809.6,781.64,787.45,49841.61
2019-05-20,781.55,781.55,756.37,768.49,44407.99
2019-05-21,768.53,790.24,757.26,777.21,42385.65
2019-05-22,777.19,785.03,764.19,771.13,32041.58
2019-05-23,765.05,767.64,743.54,747.69,58058.63
2019-05-24,751.16,768.53,750.67,762.88,44034.09
2019-05-27,763.4,766.78,746.86,763.32,39161.91
2019-05-28,762.44,788.06,759.86,771.13,74772.77
2019-05-29,771.14,803.22,771.14,791.9,65646.96
2019-05-30,790.24,798.91,773.93,786.16,40247.2
2019-05-31,782.01,787.62,772.87,772.87,35793.8
2019-06-03,774.61,782.73,769.64,774.61,34479.24
2019-06-04,777.21,777.58,756.37,760.1,39689.48
2019-06-05,767.66,769.62,755.5,756.89,34067.36
2019-06-06,760.38,760.51,745.08,748.67,34786.85
2019-06-10,745.06,763.27,729.45,756.44,55502.46
2019-06-11,760.71,795.11,759.84,791.01,80106.44
2019-06-12,786.95,791.1,776.34,787.37,37747.4
2019-06-13,790.24,792.23,778.95,790.24,32917.42
2019-06-14,791.11,809.6,790.25,792.84,42455.04
2019-06-17,787.63,804.95,786.78,791.63,32769.03
2019-06-18,796.32,798.92,783.81,796.32,29441.38
2019-06-19,816.29,822.11,809.35,809.35,53726.4
2019-06-20,809.78,847.12,809.52,846.68,67271.97
2019-06-21,842.31,854.92,837.56,847.81,45926.75
2019-06-24,849.55,868.12,846.68,857.19,45779.2
2019-06-25,861.45,867.52,839.74,853.61,51295.95
2019-06-26,855.37,855.37,843.4,850.9,29588.18
2019-06-27,855.37,869.26,852.0,865.22,47978.45
2019-06-28,868.93,871.48,856.01,867.18,31088.4
2019-07-01,885.26,912.65,881.47,909.35,52337.23
2019-07-02,903.31,907.27,895.38,903.31,39061.09
2019-07-03,898.9,901.55,864.97,870.61,67139.32
2019-07-04,868.76,873.17,855.91,864.71,46216.68
2019-07-05,868.94,886.56,860.39,881.12,50032.71
2019-07-08,876.91,879.43,859.24,867.93,33613.52
2019-07-09,863.03,871.58,853.38,860.18,31723.32
2019-07-10,864.47,872.97,861.01,865.87,28166.7
2019-07-11,872.43,879.85,860.13,864.97,30514.19
2019-07-12,864.8,873.79,863.66,869.02,28173.85
2019-07-15,852.9,863.74,838.21,860.06,59870.4
2019-07-16,859.64,865.68,850.43,853.08,33245.24
2019-07-17,853.08,857.47,847.9,849.11,25468.87
2019-07-18,847.35,848.67,834.73,835.01,39252.95
2019-07-19,841.62,846.73,835.45,842.39,28014.81
2019-07-22,846.03,849.55,837.43,843.4,28125.49
2019-07-23,848.05,848.31,831.8,840.72,32483.95
2019-07-24,844.54,845.94,832.53,834.0,46771.2
2019-07-25,833.66,848.99,826.77,848.67,38255.7
2019-07-26,847.76,855.72,844.75,850.46,26467.59
2019-07-29,847.81,863.21,846.03,860.49,26981.33
2019-07-30,860.57,866.29,855.72,862.71,19537.97
2019-07-31,859.24,865.21,851.83,857.13,22526.2
2019-08-01,860.58,861.01,839.87,845.41,35089.52
2019-08-02,831.92,844.25,831.04,841.13,39719.4
2019-08-05,832.81,840.74,828.4,830.54,36774.31
2019-08-06,820.47,835.45,814.12,833.95,43991.16
2019-08-07,836.77,842.09,832.81,832.81,26869.98
2019-08-08,840.3,858.36,838.98,856.32,38808.13
2019-08-09,862.33,864.49,845.14,847.81,28461.7
2019-08-12,890.36,898.99,876.88,897.69,81498.95
2019-08-13,895.52,904.19,890.69,897.1,30329.7
2019-08-14,907.73,927.01,907.73,919.46,41410.95
2019-08-15,905.95,922.24,905.95,920.85,27237.39
2019-08-16,925.2,947.88,917.41,929.39,36086.73
2019-08-19,935.03,942.95,924.5,930.52,32867.58
2019-08-20,929.75,946.21,925.34,942.97,28602.13
2019-08-21,943.05,949.11,935.62,939.44,25066.62
2019-08-22,945.6,972.93,942.97,972.93,37590.78
2019-08-23,973.81,998.98,965.54,995.93,40192.3
2019-08-26,980.86,994.08,966.48,972.0,48497.89
2019-08-27,984.39,997.0,977.34,977.34,52164.21
2019-08-28,977.34,989.84,954.43,969.5,47009.67
2019-08-29,973.81,985.43,962.79,980.95,29330.42
2019-08-30,991.44,1009.94,989.67,1006.42,44890.77
2019-09-02,1004.65,1009.04,994.96,1003.56,28234.33
2019-09-03,1004.66,1014.37,994.57,1004.66,29485.09
2019-09-04,1005.36,1007.22,987.13,991.44,33600.22
2019-09-05,994.96,1008.97,994.08,1008.18,32930.84
2019-09-06,1008.62,1010.07,996.72,1006.85,26176.59
2019-09-09,1009.06,1011.71,1000.25,1001.59,29379.34
2019-09-10,999.63,1000.25,987.04,990.42,26227.07
2019-09-11,986.34,987.0,941.2,942.54,81716.54
2019-09-12,939.44,978.2,939.44,968.52,41211.33
2019-09-16,954.42,972.89,954.42,968.52,31371.8
2019-09-17,964.12,975.27,957.95,964.13,25196.93
2019-09-18,976.89,1013.47,976.61,1012.5,69314.47
2019-09-19,1011.71,1013.47,1002.1,1009.06,24479.8
2019-09-20,1014.35,1022.28,1011.34,1020.01,37626.66
2019-09-23,1019.64,1019.64,996.72,1012.59,30026.33
2019-09-24,1017.87,1044.22,1015.23,1043.43,36269.13
2019-09-25,1039.91,1047.72,1031.53,1034.62,24024.58
2019-09-26,1035.45,1042.86,1021.23,1028.45,26081.94
2019-09-27,1025.81,1042.55,1016.11,1035.28,22826.61
2019-09-30,1024.92,1030.59,1013.47,1013.47,30825.14
2019-10-08,1016.11,1039.91,1015.24,1028.54,31045.27
2019-10-09,1027.74,1027.74,1000.29,1010.66,35788.57
2019-10-10,993.2,1021.34,977.35,1017.87,41173.7
2019-10-11,1019.64,1035.5,1015.42,1035.15,28689.25
2019-10-14,1045.19,1046.66,1031.09,1039.91,27187.51
2019-10-15,1039.91,1071.35,1037.29,1067.23,40034.73
2019-10-16,1029.33,1046.52,1022.28,1031.09,59150.59
2019-10-17,1036.38,1045.78,1024.48,1042.84,30508.7
2019-10-18,1039.02,1048.71,1032.58,1036.2,28291.61
2019-10-21,1032.73,1038.94,1025.19,1029.77,25274.67
2019-10-22,1038.14,1041.23,1025.71,1031.8,19309.43
2019-10-23,1029.33,1038.14,1018.85,1021.32,23080.21
2019-10-24,1026.64,1027.57,1010.96,1013.71,26178.44
2019-10-25,1016.38,1033.3,1007.33,1032.28,25998.45
2019-10-28,1027.58,1040.8,1026.69,1038.4,22485.99
2019-10-29,1040.88,1057.5,1037.94,1051.36,27803.71
2019-10-30,1048.72,1051.1,1036.38,1043.25,21254.75
2019-10-31,1054.01,1055.77,1036.51,1039.91,25909.27
2019-11-01,1040.79,1050.44,1033.3,1044.31,22811.96
2019-11-04,1048.72,1066.34,1047.84,1057.17,26737.98
2019-11-05,1057.09,1061.94,1050.48,1056.65,22254.72
2019-11-06,1054.89,1061.06,1047.73,1051.36,19737.51
2019-11-07,1054.46,1059.19,1047.84,1058.74,16167.88
2019-11-08,1061.94,1071.32,1058.86,1061.94,24512.11
2019-11-11,1058.85,1063.0,1051.81,1056.65,17342.46
2019-11-12,1061.06,1065.99,1055.95,1058.94,19150.55
2019-11-13,1063.7,1082.03,1057.53,1078.68,31977.04
2019-11-14,1081.33,1092.78,1076.92,1083.97,23521.12
2019-11-15,1083.97,1086.53,1076.48,1079.48,16340.72
2019-11-18,1079.67,1083.49,1073.39,1081.57,18037.66
2019-11-19,1082.21,1094.2,1079.58,1086.01,20623.75
2019-11-20,1083.97,1092.35,1082.26,1087.27,15280.53
2019-11-21,1084.85,1088.83,1076.09,1085.12,19187.39
2019-11-22,1077.8,1083.09,1044.31,1052.24,47054.28
2019-11-25,1047.0,1052.24,1032.91,1041.72,38281.75
2019-11-26,1045.79,1056.3,1042.55,1044.31,40239.61
2019-11-27,1051.19,1054.55,1043.88,1048.67,19848.81
2019-11-28,1053.1,1055.34,1030.23,1036.2,28844.99
2019-11-29,1027.13,1027.13,980.76,994.96,82397.32
2019-12-02,985.44,1004.67,985.44,998.49,30784.41
2019-12-03,998.49,998.49,985.04,985.27,27340.93
2019-12-04,1004.66,1008.76,985.27,989.08,35283.08
2019-12-05,991.44,997.61,985.27,995.67,21338.79
2019-12-06,1001.1,1031.09,995.93,1031.09,39506.26
2019-12-09,1035.5,1036.38,1018.84,1021.13,21824.12
2019-12-10,1021.93,1026.69,1014.35,1026.16,15086.58
2019-12-11,1029.33,1031.75,1018.36,1021.38,14567.99
2019-12-12,1018.76,1022.23,995.91,1002.01,29409.16
2019-12-13,1009.94,1026.69,1009.94,1024.92,30000.59
2019-12-16,1024.92,1024.92,1002.84,1011.63,30936.42
2019-12-17,1013.2,1034.27,1007.33,1031.08,42616.96
2019-12-18,1034.62,1035.68,1025.81,1029.33,19640.09
2019-12-19,1024.92,1024.92,1015.23,1019.99,19552.3
2019-12-20,1024.2,1024.2,1005.98,1010.21,23563.84
2019-12-23,1003.77,1024.48,1001.13,1012.85,25919.18
2019-12-24,1016.11,1017.87,1009.06,1011.71,11823.1
2019-12-25,1007.3,1007.3,995.85,999.1,24305.97
2019-12-26,997.6,1006.4,987.02,1000.34,22877.27
2019-12-27,1013.47,1032.86,1013.47,1024.92,47066.28
2019-12-30,1031.27,1053.57,1031.27,1045.02,40760.66
2019-12-31,1042.55,1046.96,1036.83,1042.55,22588.81
2020-01-02,994.03,1009.06,983.45,995.79,148099.16
2020-01-03,984.33,984.33,948.99,950.46,130318.78
2020-01-06,943.67,963.09,940.53,949.96,63414.78
2020-01-07,949.52,968.47,948.55,964.53,47853.59
2020-01-08,956.18,965.39,954.0,958.9,25008.25
2020-01-09,964.06,974.1,960.54,971.73,37405.87
2020-01-10,977.28,983.44,971.55,980.37,35975.87
2020-01-13,980.37,995.08,979.93,990.74,38515.75
2020-01-14,990.68,991.28,971.99,975.87,35144.65
2020-01-15,977.29,988.39,973.76,980.04,26029.11
2020-01-16,985.98,985.98,971.62,975.52,23191.65
2020-01-17,978.16,980.61,970.24,975.96,23472.75
2020-01-20,979.8,979.8,953.49,961.42,35391.3
2020-01-21,952.61,957.9,944.94,947.58,32874.05
2020-01-22,942.91,955.25,930.03,947.77,36200.04
2020-01-23,948.2,948.2,913.83,927.76,53468.43
2020-02-03,868.01,890.64,863.6,884.68,123442.88
2020-02-04,894.45,931.46,890.93,914.72,62624.18
2020-02-05,925.29,928.81,910.34,925.28,47418.24
2020-02-06,933.6,947.32,927.07,943.8,47171.21
2020-02-07,942.92,949.08,935.0,948.2,31278.71
2020-02-10,935.86,946.97,931.63,939.82,30533.42
2020-02-11,936.75,969.07,936.57,967.59,47917.93
2020-02-12,959.66,968.28,956.91,966.95,28125.43
2020-02-13,967.59,981.59,958.79,961.42,30357.36
2020-02-14,960.94,963.63,954.47,958.78,23287.6
2020-02-17,953.93,965.99,953.84,963.91,27028.22
2020-02-18,960.55,966.6,954.37,955.25,26664.96
2020-02-19,956.13,970.67,949.96,966.27,37051.47
2020-02-20,966.44,990.5,965.31,985.21,46802.62
2020-02-21,979.45,990.1,978.17,980.7,28940.08
2020-02-24,974.2,978.16,956.57,958.05,38650.36
2020-02-25,949.96,953.57,941.05,947.15,38385.62
2020-02-26,935.86,955.25,929.7,946.17,43560.97
2020-02-27,948.2,964.94,948.2,958.24,34498.29
2020-02-28,943.18,953.49,925.26,931.46,49946.57
2020-03-02,925.39,966.31,925.3,957.02,47663.04
2020-03-03,967.59,985.99,967.59,980.81,50250.15
2020-03-04,991.38,1003.72,983.66,994.84,53792.99
2020-03-05,1001.35,1035.43,996.28,1031.92,62426.45
2020-03-06,1024.87,1036.32,1015.16,1018.26,30641.0
2020-03-09,1000.19,1000.19,979.32,981.7,43404.09
2020-03-10,980.81,1029.27,980.81,1018.7,58062.93
2020-03-11,1018.26,1030.67,1005.48,1020.92,35547.57
2020-03-12,1005.68,1016.06,991.47,1003.28,36630.63
2020-03-13,960.54,994.89,951.73,979.95,75885.31
2020-03-16,972.86,976.36,935.86,940.27,51232.54
2020-03-17,929.7,949.96,891.03,920.97,79359.12
2020-03-18,916.48,934.1,888.27,888.27,73459.88
2020-03-19,875.93,894.45,846.07,877.7,102265.07
2020-03-20,890.92,919.12,890.92,912.32,60139.19
2020-03-23,881.23,912.32,873.76,897.97,48472.1
2020-03-24,919.12,933.11,912.07,930.58,46650.96
2020-03-25,958.76,961.74,946.62,951.81,37048.66
2020-03-26,945.85,961.6,935.86,938.44,30048.56
2020-03-27,956.13,962.3,947.33,947.76,36261.12
2020-03-30,934.32,949.08,931.46,944.68,30687.41
2020-03-31,953.49,982.57,953.31,979.04,47984.37
2020-04-01,984.33,994.91,971.99,971.99,33205.35
2020-04-02,972.88,1009.01,972.77,1009.01,45205.61
2020-04-03,1003.75,1011.61,997.53,1004.42,27617.61
2020-04-07,1023.94,1027.95,1012.43,1022.18,43488.0
2020-04-08,1015.17,1027.79,1015.17,1022.01,24224.42
2020-04-09,1027.51,1030.16,1011.61,1020.9,22816.97
2020-04-10,1020.36,1041.17,1016.5,1026.63,27804.34
2020-04-13,1026.63,1031.02,1012.09,1024.25,15981.47
2020-04-14,1036.32,1050.03,1027.51,1044.34,36799.55
2020-04-15,1050.42,1060.99,1046.11,1048.31,29332.29
2020-04-16,1051.28,1054.92,1043.46,1054.92,21727.74
2020-04-17,1066.29,1087.93,1061.89,1080.39,38245.69
2020-04-20,1075.98,1085.23,1072.28,1081.53,24238.64
2020-04-21,1076.0,1078.61,1051.31,1057.47,29224.22
2020-04-22,1062.76,1101.09,1059.43,1096.69,44034.73
2020-04-23,1101.54,1115.35,1099.57,1103.53,26898.51
2020-04-24,1099.77,1110.25,1088.48,1102.03,19122.4
2020-04-27,1107.7,1126.36,1102.38,1124.45,25903.91
2020-04-28,1132.65,1145.54,1120.82,1127.21,34661.9
2020-04-29,1126.03,1135.11,1108.59,1123.48,23444.06
2020-04-30,1120.04,1132.39,1109.36,1115.37,24660.87
2020-05-06,1102.42,1145.6,1101.54,1145.6,35834.81
2020-05-07,1145.07,1158.81,1139.43,1156.17,27934.74
2020-05-08,1160.58,1179.08,1153.1,1158.47,29078.68
2020-05-11,1163.22,1176.44,1157.64,1165.87,23671.19
2020-05-12,1161.46,1176.43,1159.7,1174.68,19721.81
2020-05-13,1174.68,1179.07,1165.76,1177.28,22014.31
2020-05-14,1172.03,1176.33,1167.72,1169.03,18574.92
2020-05-15,1171.15,1175.12,1147.25,1157.05,26398.08
2020-05-18,1150.88,1190.98,1150.12,1186.32,34362.11
2020-05-19,1202.0,1202.0,1179.08,1186.23,24787.46
2020-05-20,1186.23,1197.75,1178.03,1190.54,21183.4
2020-05-21,1194.06,1209.01,1192.18,1203.85,23051.58
2020-05-22,1203.76,1203.85,1165.76,1170.45,34427.46
2020-05-25,1172.03,1204.27,1164.1,1201.03,31561.0
2020-05-26,1207.18,1207.24,1194.06,1196.71,22470.19
2020-05-27,1197.59,1198.47,1174.68,1179.08,26777.41
2020-05-28,1179.06,1186.96,1164.22,1184.37,26485.91
2020-05-29,1173.88,1207.26,1173.88,1204.29,30444.35
2020-06-01,1216.98,1251.43,1216.98,1250.9,35479.76
2020-06-02,1247.83,1258.31,1239.59,1243.16,25960.1
2020-06-03,1246.94,1249.14,1229.99,1233.1,23557.36
2020-06-04,1230.19,1243.41,1230.19,1240.76,18037.41
2020-06-05,1238.35,1259.17,1234.67,1255.75,18347.06
2020-06-08,1255.75,1264.56,1235.49,1239.09,29300.45
2020-06-09,1240.77,1255.75,1234.32,1248.3,22611.91
2020-06-10,1255.75,1263.09,1248.7,1254.57,22700.74
2020-06-11,1243.42,1249.57,1231.07,1234.12,30711.71
2020-06-12,1222.41,1248.15,1219.01,1248.15,28427.42
2020-06-15,1235.48,1243.94,1216.98,1218.74,34615.41
2020-06-16,1232.4,1246.06,1227.67,1237.14,29206.64
2020-06-17,1244.17,1244.21,1229.33,1238.13,19453.07
2020-06-18,1238.04,1245.35,1233.81,1245.18,21010.41
2020-06-19,1251.34,1273.55,1247.03,1268.83,38958.33
2020-06-22,1264.65,1272.4,1262.98,1268.09,23247.0
2020-06-23,1264.56,1305.98,1263.26,1299.37,33934.26
2020-06-24,1304.82,1306.7,1288.23,1301.62,25138.99
2020-06-29,1290.91,1306.96,1281.11,1304.43,28080.61
2020-06-30,1304.39,1309.61,1297.26,1304.17,22446.14
2020-07-01,1308.74,1342.7,1305.19,1332.16,38682.49
2020-07-02,1336.38,1382.64,1332.81,1376.49,45883.72
2020-07-03,1381.84,1384.07,1352.32,1374.52,35125.81
2020-07-06,1371.14,1440.68,1365.63,1426.42,51821.96
2020-07-07,1429.17,1555.53,1427.31,1504.87,66663.93
2020-07-08,1497.74,1532.51,1479.91,1498.93,53169.98
2020-07-09,1507.55,1526.27,1499.52,1520.92,35033.24
2020-07-10,1505.76,1548.2,1505.71,1527.92,37100.44
2020-07-13,1528.66,1593.13,1528.66,1588.66,60727.16
2020-07-14,1588.66,1588.7,1558.72,1570.84,46093.51
2020-07-15,1555.58,1589.21,1555.43,1562.4,40712.94
2020-07-16,1542.23,1542.23,1426.42,1438.9,102242.19
2020-07-17,1444.25,1491.13,1444.25,1469.25,65902.06
2020-07-20,1473.22,1483.47,1416.5,1459.37,45280.33
2020-07-21,1468.0,1518.07,1454.05,1487.04,41969.5
2020-07-22,1478.13,1524.48,1478.13,1496.03,39201.21
2020-07-23,1490.61,1507.55,1470.99,1494.17,34320.52
2020-07-24,1475.32,1485.26,1413.05,1422.23,78752.01
2020-07-27,1440.69,1452.98,1426.42,1446.52,38788.17
2020-07-28,1453.16,1497.74,1453.16,1488.82,54911.52
2020-07-29,1506.65,1506.65,1455.84,1490.61,50748.43
2020-07-30,1489.89,1516.09,1489.27,1497.74,38373.04
2020-07-31,1502.2,1520.03,1467.43,1496.12,40684.74
2020-08-03,1503.87,1512.52,1479.91,1487.04,34661.14
2020-08-04,1493.28,1500.4,1479.91,1488.81,31940.51
2020-08-05,1481.77,1491.58,1465.03,1487.04,25521.69
2020-08-06,1488.82,1492.42,1453.16,1460.26,32648.78
2020-08-07,1466.33,1470.7,1425.08,1454.05,34242.05
2020-08-10,1451.35,1466.5,1433.65,1456.72,23623.54
2020-08-11,1462.08,1485.64,1462.08,1464.32,35818.18
2020-08-12,1455.84,1462.97,1431.1,1450.44,27933.92
2020-08-13,1453.16,1461.08,1434.44,1457.62,20541.34
2020-08-14,1461.99,1484.99,1454.05,1480.8,37653.18
2020-08-17,1492.39,1519.45,1488.82,1506.65,43572.01
2020-08-18,1513.23,1533.4,1507.55,1520.03,30422.81
2020-08-19,1515.57,1530.72,1500.4,1503.98,26914.98
2020-08-20,1492.39,1496.85,1476.34,1483.47,22382.33
2020-08-21,1491.5,1513.79,1489.72,1494.17,25082.41
2020-08-24,1515.57,1522.7,1507.55,1512.31,30933.44
2020-08-25,1519.85,1557.27,1514.35,1539.64,41872.49
2020-08-26,1545.88,1555.69,1528.96,1539.64,26215.73
2020-08-27,1544.09,1545.86,1520.03,1543.21,22635.53
2020-08-28,1543.21,1572.63,1534.74,1566.39,42299.62
2020-08-31,1578.49,1618.98,1578.49,1592.68,47810.36
2020-09-01,1597.59,1606.5,1582.44,1606.49,31639.92
2020-09-02,1627.01,1629.68,1577.97,1600.26,32009.29
2020-09-03,1600.26,1615.42,1586.62,1598.48,30437.35
2020-09-04,1574.41,1584.21,1556.58,1577.97,30857.96
2020-09-07,1569.06,1585.1,1519.11,1536.52,31112.02
2020-09-08,1544.1,1549.27,1495.13,1525.73,34472.38
2020-09-09,1515.27,1525.38,1497.77,1504.87,25963.55
2020-09-10,1518.9,1533.4,1515.57,1520.74,24778.33
2020-09-11,1504.87,1547.66,1504.87,1544.99,31088.0
2020-09-14,1555.69,1577.08,1542.83,1574.41,31056.01
2020-09-15,1577.97,1577.97,1558.14,1569.06,20820.87
2020-09-16,1569.06,1573.35,1532.51,1537.95,22515.98
2020-09-17,1515.57,1515.57,1478.13,1489.29,63679.85
2020-09-18,1484.37,1511.11,1457.63,1511.11,47201.4
2020-09-21,1509.11,1509.11,1485.85,1485.97,22444.07
2020-09-22,1470.99,1503.96,1470.99,1484.98,23265.47
2020-09-23,1457.62,1485.27,1445.16,1470.98,35725.52
2020-09-24,1458.49,1478.91,1450.31,1452.56,30050.78
2020-09-25,1453.16,1470.99,1448.71,1457.72,22582.96
2020-09-28,1457.79,1487.49,1457.79,1480.8,24232.22
2020-09-29,1488.23,1488.29,1473.04,1473.04,17430.78
2020-09-30,1479.91,1508.35,1479.91,1487.49,27087.81
2020-10-09,1508.44,1521.29,1504.87,1512.0,34239.88
2020-10-12,1515.57,1560.69,1515.57,1560.69,43729.04
2020-10-13,1560.7,1560.7,1546.77,1550.34,22943.89
2020-10-14,1551.23,1557.45,1538.75,1541.42,20481.39
2020-10-15,1534.41,1546.77,1534.29,1537.86,16204.36
2020-10-16,1537.86,1546.4,1518.24,1526.27,17377.38
2020-10-19,1537.86,1545.86,1508.35,1514.68,19226.32
2020-10-20,1515.56,1546.75,1511.11,1545.88,27734.93
2020-10-21,1545.97,1553.15,1536.07,1545.28,18901.37
2020-10-22,1542.31,1555.69,1529.4,1553.46,22480.87
2020-10-23,1551.92,1558.0,1528.05,1529.24,19291.69
2020-10-26,1443.36,1482.51,1426.42,1464.75,66015.29
2020-10-27,1464.75,1465.64,1440.79,1448.71,43944.4
2020-10-28,1449.6,1495.06,1448.78,1484.2,34636.53
2020-10-29,1475.31,1522.7,1468.32,1494.17,39373.76
2020-10-30,1495.96,1512.0,1484.37,1488.84,26055.45
2020-11-02,1493.28,1511.11,1490.61,1492.4,21066.43
2020-11-03,1502.19,1520.83,1493.73,1511.11,23497.49
2020-11-04,1515.57,1519.13,1502.2,1515.19,16443.71
2020-11-05,1530.72,1544.53,1526.36,1535.09,23524.14
2020-11-06,1542.8,1543.73,1506.65,1516.12,23051.53
2020-11-09,1516.8,1560.75,1516.12,1553.52,41469.7
2020-11-10,1562.75,1573.05,1547.66,1555.69,30189.44
2020-11-11,1555.69,1584.66,1543.21,1543.52,34850.73
2020-11-12,1542.32,1560.14,1535.42,1546.58,23473.09
2020-11-13,1536.97,1541.32,1507.55,1520.03,28155.48
2020-11-16,1525.38,1542.36,1513.13,1542.36,30613.49
2020-11-17,1551.23,1553.32,1516.52,1529.65,25224.03
2020-11-18,1528.94,1533.87,1500.56,1509.91,35178.95
2020-11-19,1501.75,1537.86,1498.27,1533.57,27815.76
2020-11-20,1533.4,1547.66,1526.85,1533.36,21874.66
2020-11-23,1578.88,1613.55,1578.88,1595.99,66637.24
2020-11-24,1577.97,1589.12,1561.46,1572.18,32465.36
2020-11-25,1570.4,1576.98,1536.97,1539.53,28226.32
2020-11-26,1538.75,1551.22,1538.02,1546.23,23228.3
2020-11-27,1544.69,1551.26,1531.62,1549.36,21568.61
2020-11-30,1546.77,1550.25,1527.97,1527.97,31940.07
2020-12-01,1538.75,1550.33,1533.41,1548.55,28196.2
2020-12-02,1556.58,1559.25,1543.21,1549.46,23571.69
2020-12-03,1549.46,1565.19,1544.19,1559.25,29505.78
2020-12-04,1561.93,1604.81,1561.93,1598.58,62491.19
2020-12-07,1607.13,1640.73,1605.21,1615.77,58331.33
2020-12-08,1618.09,1671.58,1616.31,1649.3,61454.0
2020-12-09,1663.52,1663.56,1639.49,1640.38,31152.12
2020-12-10,1640.38,1649.09,1629.68,1634.05,32653.54
2020-12-11,1635.73,1637.99,1609.01,1622.55,30775.79
2020-12-14,1629.48,1631.45,1618.09,1630.57,33052.0
2020-12-15,1634.59,1637.9,1609.18,1618.99,29604.97
2020-12-16,1631.91,1645.44,1622.74,1640.38,32150.16
2020-12-17,1645.28,1665.34,1640.38,1663.12,36030.64
2020-12-18,1650.91,1666.24,1641.34,1644.84,27076.98
2020-12-21,1640.38,1650.39,1638.24,1642.61,30696.72
2020-12-22,1649.27,1692.97,1642.62,1676.93,40650.6
2020-12-23,1692.08,1699.4,1623.46,1641.85,47706.09
2020-12-24,1620.77,1657.21,1600.28,1631.77,37857.14
2020-12-25,1607.39,1646.62,1604.72,1631.47,23088.05
2020-12-28,1628.43,1683.89,1627.94,1669.8,30080.37
2020-12-29,1669.8,1682.1,1653.75,1664.45,22867.59
2020-12-30,1667.13,1723.29,1667.12,1723.29,34452.1
2020-12-31,1730.42,1782.11,1728.64,1781.24,38860.07
2021-01-04,1783.0,1787.47,1768.59,1780.35,43514.0
2021-01-05,1774.11,1836.02,1767.39,1836.02,52116.05
2021-01-06,1840.79,1894.46,1815.14,1872.17,47410.2
2021-01-07,1869.5,1907.83,1849.89,1907.83,37931.39
2021-01-08,1909.62,1917.53,1839.21,1863.26,53861.64
2021-01-11,1863.26,1917.19,1835.26,1871.93,51079.9
2021-01-12,1861.48,1926.47,1858.8,1926.47,41058.59
2021-01-13,1929.23,1937.55,1903.38,1929.23,34389.93
2021-01-14,1922.1,1928.34,1886.54,1902.48,36152.2
2021-01-15,1885.55,1902.8,1808.88,1856.13,59509.39
2021-01-18,1837.46,1864.58,1818.92,1839.19,39144.04
2021-01-19,1848.2,1868.87,1789.13,1791.41,46345.19
2021-01-20,1790.15,1832.49,1767.42,1819.24,45082.42
2021-01-21,1825.81,1863.28,1819.57,1845.43,38310.17
2021-01-22,1844.54,1872.17,1836.6,1854.3,29247.61
2021-01-25,1857.02,1943.05,1857.02,1939.04,55957.16
2021-01-26,1947.95,1949.73,1894.56,1909.52,31747.46
2021-01-27,1909.52,1909.52,1858.8,1862.37,37120.17
2021-01-28,1854.34,1880.79,1836.53,1861.48,35128.64
2021-01-29,1873.23,1916.29,1863.45,1886.6,33701.33
2021-02-01,1898.92,1925.66,1867.72,1880.48,29340.59
2021-02-02,1883.07,1916.74,1874.05,1912.29,34582.25
2021-02-03,1916.75,1959.78,1907.83,1952.33,38714.15
2021-02-04,1953.3,2077.22,1953.3,2069.06,63851.01
2021-02-05,2072.76,2108.07,2042.45,2062.07,39729.06
2021-02-08,2083.46,2120.8,2062.07,2111.81,35785.73
2021-02-09,2111.81,2189.93,2095.05,2189.93,33296.55
2021-02-10,2215.41,2319.0,2215.41,2318.82,61370.57
2021-02-18,2307.21,2342.78,2197.57,2202.92,65912.32
2021-02-19,2185.24,2225.8,2123.22,2193.12,59385.46
2021-02-22,2188.66,2188.66,2031.06,2039.8,78935.47
2021-02-23,2019.4,2090.5,2019.27,2056.72,57454.6
2021-02-24,2057.6,2066.52,1926.11,1951.52,82115.78
2021-02-25,1969.35,1983.17,1891.08,1916.75,59726.43
2021-02-26,1872.17,1943.45,1843.02,1892.48,66525.06
2021-03-01,1942.6,1942.6,1890.0,1923.88,44916.26
2021-03-02,1943.49,1943.49,1812.44,1834.73,70764.5
2021-03-03,1818.68,1916.54,1812.44,1907.83,54215.46
2021-03-04,1867.72,1868.61,1792.03,1812.44,65088.29
2021-03-05,1783.02,1867.72,1772.32,1836.61,63779.2
2021-03-08,1849.85,1858.8,1747.36,1747.36,63099.59
2021-03-09,1742.9,1783.02,1694.03,1726.85,82265.81
2021-03-10,1762.52,1782.91,1753.6,1756.29,51171.74
2021-03-11,1760.73,1854.33,1748.68,1825.81,56768.97
2021-03-12,1845.43,1851.67,1784.81,1806.2,40322.51
2021-03-15,1827.6,1845.25,1739.47,1761.14,62484.87
2021-03-16,1760.67,1800.84,1751.82,1792.38,34648.5
2021-03-17,1783.02,1827.6,1761.63,1810.09,31374.91
2021-03-18,1814.23,1860.01,1814.23,1845.16,33864.88
2021-03-19,1814.23,1821.36,1776.1,1791.94,35780.77
2021-03-22,1783.11,1806.28,1743.39,1774.1,36914.07
2021-03-23,1782.02,1790.87,1756.28,1779.46,27446.19
2021-03-24,1766.08,1794.61,1766.08,1773.22,29357.39
2021-03-25,1756.29,1773.11,1735.59,1757.17,31575.23
2021-03-26,1769.65,1802.64,1745.58,1794.61,50016.42
2021-03-29,1821.54,1868.92,1806.34,1813.42,56992.2
2021-03-30,1818.68,1859.69,1814.3,1832.99,32626.97
2021-03-31,1823.23,1824.05,1783.02,1791.05,37154.41
2021-04-01,1801.74,1824.74,1784.11,1822.69,26587.63
2021-04-02,1832.95,1930.12,1832.95,1927.45,52027.57
2021-04-06,1926.56,1927.43,1874.22,1895.38,32741.77
2021-04-07,1875.79,1887.6,1827.6,1837.4,40200.97
2021-04-08,1824.95,1853.45,1822.25,1845.43,28547.62
2021-04-09,1820.47,1831.16,1787.49,1800.85,28808.86
2021-04-12,1792.83,1809.77,1775.62,1790.95,31943.07
2021-04-13,1800.85,1827.42,1791.05,1801.74,28992.15
2021-04-14,1814.23,1825.81,1797.29,1824.92,24114.65
2021-04-15,1810.57,1824.83,1774.11,1796.93,34366.21
2021-04-16,1805.38,1843.65,1793.72,1832.04,30293.7
2021-04-19,1832.06,1870.71,1812.44,1861.48,31753.91
2021-04-20,1846.41,1898.03,1845.43,1867.54,28290.37
2021-04-21,1850.78,1870.21,1841.06,1854.34,26149.75
2021-04-22,1863.17,1871.28,1828.94,1832.5,26850.02
2021-04-23,1832.92,1889.9,1829.83,1880.14,33462.77
2021-04-26,1900.7,1903.38,1848.64,1852.4,34045.11
2021-04-27,1860.66,1867.94,1841.05,1867.22,22107.85
2021-04-28,1791.94,1825.37,1785.7,1820.47,81342.95
2021-04-29,1824.96,1827.54,1795.5,1806.52,41283.78
2021-04-30,1806.2,1815.12,1786.33,1789.07,38401.37
2021-05-06,1783.02,1789.12,1741.12,1746.47,53546.14
2021-05-07,1751.82,1754.48,1694.76,1696.55,52493.39
2021-05-10,1693.87,1701.89,1663.57,1675.18,46003.18
2021-05-11,1672.47,1752.71,1670.07,1746.47,42494.12
2021-05-12,1737.63,1782.13,1737.56,1768.76,32698.87
2021-05-13,1752.49,1769.69,1741.12,1757.61,25077.51
2021-05-14,1766.98,1810.21,1761.63,1791.8,35611.29
2021-05-17,1805.4,1858.98,1805.4,1834.69,44524.0
2021-05-18,1840.97,1851.67,1823.19,1835.9,17504.28
2021-05-19,1835.62,1849.72,1818.68,1826.71,22409.72
2021-05-20,1848.99,1849.08,1823.46,1835.51,21857.16
2021-05-21,1832.13,1854.24,1816.03,1820.55,24248.23
2021-05-24,1828.49,1854.4,1810.66,1846.58,32548.08
2021-05-25,1858.8,1961.41,1858.8,1956.42,67756.95
2021-05-26,1968.44,1998.59,1955.16,1979.15,38604.2
2021-05-27,1971.15,2068.31,1962.31,2001.44,45373.38
2021-05-28,1997.85,2005.9,1966.24,1988.07,25807.31
2021-05-31,1975.14,1977.68,1936.36,1977.37,31739.0
2021-06-01,1980.94,2004.96,1966.67,1997.83,30616.34
2021-06-02,2005.9,2018.38,1968.62,1980.94,22862.77
2021-06-03,1979.15,2015.12,1970.31,1981.13,23450.31
2021-06-04,1974.7,2039.78,1973.84,2007.24,31422.19
2021-06-07,2019.27,2031.75,1996.99,2024.62,25466.27
2021-06-08,2014.82,2032.64,1926.69,1953.3,47313.63
2021-06-09,1954.19,1973.81,1925.76,1960.88,25502.35
2021-06-10,1956.87,2007.12,1952.48,1995.63,25566.63
2021-06-11,1996.09,2000.55,1942.43,1942.43,33970.66
2021-06-15,1956.96,1969.24,1914.97,1955.08,29361.3
2021-06-16,1954.19,1956.87,1914.97,1923.88,27593.15
2021-06-17,1921.79,1950.63,1911.72,1922.91,21067.53
2021-06-18,1914.07,1922.54,1840.97,1864.1,54028.21
2021-06-21,1858.8,1871.9,1827.6,1855.81,35488.26
2021-06-22,1865.04,1870.39,1831.07,1849.86,33228.18
2021-06-23,1854.34,1857.02,1813.47,1816.9,37079.01
2021-06-24,1818.69,1854.34,1801.74,1843.69,31473.7
2021-06-25,1844.84,1897.97,1838.22,1882.67,35875.43
2021-06-28,1889.87,1906.07,1865.58,1892.58,27452.42
2021-06-29,1897.07,1903.37,1845.78,1855.68,33030.63
2021-06-30,1858.38,1866.48,1841.55,1850.91,21915.66
2021-07-01,1853.85,1898.87,1828.32,1894.37,33701.24
2021-07-02,1867.38,1867.38,1810.23,1811.58,46275.31
2021-07-05,1799.88,1817.77,1786.38,1794.48,34420.95
2021-07-06,1795.38,1812.48,1763.89,1811.49,35282.51
2021-07-07,1808.88,1825.87,1798.99,1803.48,28122.12
2021-07-08,1799.97,1803.48,1771.08,1786.38,35516.69
2021-07-09,1767.95,1787.2,1750.38,1774.78,30907.9
2021-07-12,1777.88,1798.78,1746.33,1764.78,39010.24
2021-07-13,1771.08,1804.83,1768.38,1784.49,29924.71
2021-07-14,1776.48,1776.93,1750.38,1765.68,30770.69
2021-07-15,1759.4,1811.58,1755.42,1798.07,42190.05
2021-07-16,1781.88,1796.82,1754.88,1760.19,35407.64
2021-07-19,1760.18,1787.28,1746.78,1777.38,30052.34
2021-07-20,1777.38,1789.92,1765.15,1781.88,23475.21
2021-07-21,1789.98,1805.28,1765.69,1771.98,29780.13
2021-07-22,1763.88,1776.39,1744.95,1745.89,39090.47
2021-07-23,1743.92,1743.92,1705.47,1709.89,47585.47
2021-07-26,1690.99,1690.99,1601.89,1623.59,98619.48
2021-07-27,1622.59,1628.89,1532.6,1541.5,86576.99
2021-07-28,1532.6,1609.27,1513.81,1591.9,85368.84
2021-07-29,1628.9,1640.59,1560.8,1574.71,63863.85
2021-07-30,1552.4,1552.4,1491.88,1510.99,77735.89
2021-08-02,1497.5,1580.28,1458.55,1579.39,97400.65
2021-08-03,1556.9,1591.98,1519.82,1574.26,54374.75
2021-08-04,1560.55,1583.89,1546.1,1551.5,38175.49
2021-08-05,1523.49,1570.39,1508.62,1529.0,48059.69
2021-08-06,1520.0,1524.51,1481.84,1503.8,45686.1
2021-08-09,1485.8,1538.0,1484.9,1524.32,47697.75
2021-08-10,1529.9,1622.48,1507.4,1618.99,83285.05
2021-08-11,1601.9,1606.4,1574.9,1575.34,38662.59
2021-08-12,1558.7,1573.99,1517.47,1520.9,47550.97
2021-08-13,1520.9,1541.6,1511.0,1529.93,37904.52
2021-08-16,1526.3,1542.14,1516.47,1529.18,28056.97
2021-08-17,1529.9,1529.9,1465.89,1471.4,61200.77
2021-08-18,1462.1,1478.59,1439.9,1457.9,59970.26
2021-08-19,1459.9,1478.78,1439.9,1457.88,41291.95
2021-08-20,1399.56,1437.7,1372.86,1393.11,114544.54
2021-08-23,1384.0,1439.0,1383.0,1413.08,71597.2
2021-08-24,1417.41,1478.2,1409.1,1462.56,72594.47
2021-08-25,1482.78,1512.68,1478.6,1498.42,54238.9
2021-08-26,1498.39,1498.39,1435.15,1435.4,54020.37
2021-08-27,1430.0,1462.4,1425.59,1436.33,36095.45
2021-08-30,1444.4,1451.6,1391.26,1427.3,51587.7
2021-08-31,1430.72,1454.62,1399.5,1402.11,43677.09
2021-09-01,1403.01,1471.39,1377.9,1459.71,77316.1
2021-09-02,1469.59,1478.6,1440.7,1456.82,42836.79
2021-09-03,1448.92,1493.71,1423.7,1492.3,52835.18
2021-09-06,1484.0,1537.24,1463.44,1503.5,55338.06
2021-09-07,1494.83,1515.93,1485.8,1502.0,31211.22
2021-09-08,1493.9,1503.96,1465.17,1469.69,33063.67
2021-09-09,1463.3,1480.4,1461.51,1470.57,19950.13
2021-09-10,1470.57,1501.82,1469.6,1496.22,33388.11
2021-09-13,1498.4,1515.5,1475.99,1488.5,27720.02
2021-09-14,1493.0,1514.6,1487.6,1491.2,33760.61
2021-09-15,1484.9,1493.9,1448.9,1454.07,41570.05
2021-09-16,1442.6,1479.5,1426.4,1474.16,45968.02
2021-09-17,1457.9,1534.94,1457.9,1517.3,55130.25
2021-09-22,1492.85,1519.1,1471.4,1473.82,31743.0
2021-09-23,1474.1,1490.19,1462.47,1471.4,30341.81
2021-09-24,1465.1,1547.88,1465.1,1524.5,69536.6
2021-09-27,1574.89,1676.95,1574.89,1669.39,126868.92
2021-09-28,1663.09,1673.89,1615.39,1639.74,49221.05
2021-09-29,1627.99,1660.4,1607.2,1637.89,43290.65
2021-09-30,1636.25,1665.09,1622.95,1646.89,40539.29
2021-10-08,1640.07,1690.09,1626.4,1655.53,47451.96
2021-10-11,1655.45,1700.8,1647.8,1680.3,37675.57
2021-10-12,1679.29,1689.19,1658.07,1683.78,30606.42
2021-10-13,1682.89,1754.84,1675.69,1736.79,50142.61
2021-10-14,1735.92,1747.5,1706.29,1719.78,26622.55
2021-10-15,1700.98,1736.87,1700.98,1725.16,28560.78
2021-10-18,1699.09,1699.09,1608.19,1619.89,69652.02
2021-10-19,1619.89,1654.81,1619.78,1630.85,40314.56
2021-10-20,1649.59,1664.71,1625.3,1656.79,28663.39
2021-10-21,1656.88,1673.89,1645.99,1659.49,23018.7
2021-10-22,1669.39,1728.79,1668.49,1710.79,35962.6
2021-10-25,1691.89,1696.4,1672.09,1685.61,32461.33
2021-10-26,1677.51,1690.98,1659.49,1674.83,21130.26
2021-10-27,1666.96,1672.36,1619.98,1636.99,34647.29
2021-10-28,1642.57,1659.29,1621.69,1642.83,29490.93
2021-10-29,1642.39,1663.09,1631.59,1643.36,28775.86
2021-11-01,1601.89,1643.56,1583.89,1622.59,41689.98
2021-11-02,1616.92,1659.69,1609.09,1624.07,32500.24
2021-11-03,1619.89,1628.87,1584.96,1588.39,27829.31
2021-11-04,1600.04,1634.29,1592.37,1623.67,31130.43
2021-11-05,1623.68,1660.38,1623.68,1637.84,27077.23
2021-11-08,1637.89,1647.61,1621.74,1637.98,17705.72
2021-11-09,1637.87,1644.97,1603.69,1610.9,27351.92
2021-11-10,1610.9,1615.39,1561.4,1578.49,35348.77
2021-11-11,1577.53,1592.53,1567.25,1592.53,22651.87
2021-11-12,1600.09,1606.44,1589.89,1596.3,17606.63
2021-11-15,1596.21,1605.49,1574.89,1584.92,24947.35
2021-11-16,1591.09,1636.09,1588.39,1627.09,33526.24
2021-11-17,1624.39,1638.34,1610.9,1615.39,24505.46
2021-11-18,1602.99,1626.19,1592.89,1612.69,19520.89
2021-11-19,1614.66,1663.99,1609.27,1645.46,31155.59
2021-11-22,1663.99,1717.99,1663.09,1668.73,42572.68
2021-11-23,1666.69,1725.18,1666.69,1706.67,45782.2
2021-11-24,1709.89,1769.28,1707.19,1746.78,54512.35
2021-11-25,1757.58,1787.46,1751.51,1760.31,39752.88
2021-11-26,1768.23,1770.18,1732.38,1746.79,32655.57
2021-11-29,1763.88,1790.88,1755.85,1786.38,42399.34
2021-11-30,1786.74,1790.79,1734.63,1737.58,36924.87
2021-12-01,1754.88,1763.84,1727.0,1739.57,26254.4
2021-12-02,1745.88,1747.82,1727.52,1740.48,20421.82
2021-12-03,1738.68,1789.64,1737.83,1774.57,35818.39
2021-12-06,1784.58,1790.88,1754.88,1770.45,31063.88
2021-12-07,1782.55,1788.96,1751.94,1760.17,36979.89
2021-12-08,1768.27,1840.38,1754.88,1838.58,61048.07
2021-12-09,1849.32,1905.1,1840.38,1877.77,64239.18
2021-12-10,1853.88,1886.08,1850.28,1880.87,43148.22
2021-12-13,1938.47,1961.87,1906.07,1906.25,65806.56
2021-12-14,1906.25,1950.98,1889.87,1934.87,40449.41
2021-12-15,1927.81,1948.32,1912.39,1921.37,30078.27
2021-12-16,1903.37,1929.52,1877.48,1906.96,37211.36
2021-12-17,1890.32,1897.07,1832.28,1845.51,48403.18
2021-12-20,1845.51,1876.97,1836.78,1852.94,32257.69
2021-12-21,1840.38,1862.09,1811.43,1834.26,26285.89
2021-12-22,1835.88,1856.58,1835.88,1843.08,17430.79
2021-12-23,1847.58,1907.87,1822.38,1907.87,39098.54
2021-12-24,1933.86,1995.13,1933.86,1974.55,56129.59
2021-12-27,1951.07,1951.07,1900.67,1918.51,37555.9
2021-12-28,1919.57,1939.82,1904.81,1924.23,27650.7
2021-12-29,1934.87,1938.7,1836.78,1836.78,54049.02
2021-12-30,1836.78,1879.96,1825.08,1867.38,35261.36
2021-12-31,1862.88,1865.56,1825.08,1844.88,29664.91
2022-01-04,1849.38,1861.93,1812.48,1845.98,33842.62
2022-01-05,1840.38,1858.38,1816.08,1821.48,28395.51
2022-01-06,1819.69,1832.28,1744.54,1783.88,51794.75
2022-01-07,1777.38,1789.87,1745.27,1747.68,29816.69
2022-01-10,1735.09,1779.18,1725.68,1769.28,29626.7
2022-01-11,1753.08,1768.38,1737.94,1746.38,22276.64
2022-01-12,1753.08,1780.8,1753.08,1770.18,27474.1
2022-01-13,1768.22,1771.07,1678.89,1689.54,56747.35
2022-01-14,1689.54,1703.59,1676.59,1680.19,29321.64
2022-01-17,1681.09,1690.36,1651.7,1675.34,27353.82
2022-01-18,1675.4,1717.85,1666.69,1702.93,31215.77
2022-01-19,1726.98,1726.98,1699.88,1720.68,26370.94
2022-01-20,1724.28,1781.87,1724.28,1772.45,34013.91
2022-01-21,1763.88,1794.02,1755.79,1786.37,30812.58
2022-01-24,1759.38,1785.48,1738.18,1755.06,23985.8
2022-01-25,1748.58,1769.28,1737.78,1748.58,25510.12
2022-01-26,1747.72,1771.98,1726.98,1759.38,23905.13
2022-01-27,1800.79,1809.62,1756.68,1768.38,42665.16
2022-01-28,1759.38,1771.08,1691.9,1698.19,41020.11
2022-02-07,1710.78,1722.09,1664.89,1681.05,35150.42
2022-02-08,1681.88,1685.47,1610.89,1654.99,41713.06
2022-02-09,1655.07,1717.09,1644.16,1706.27,33884.79
2022-02-10,1709.89,1715.2,1671.54,1685.59,23031.83
2022-02-11,1671.19,1710.6,1656.79,1664.86,33746.49
2022-02-14,1655.89,1689.19,1653.47,1681.69,20195.87
2022-02-15,1681.81,1719.78,1672.99,1701.44,27105.86
2022-02-16,1709.89,1716.19,1699.09,1703.18,14586.85
2022-02-17,1710.43,1720.22,1692.79,1698.18,18213.66
2022-02-18,1689.75,1717.07,1678.98,1716.19,19385.49
2022-02-21,1709.89,1716.1,1681.94,1689.18,20815.73
2022-02-22,1673.9,1674.79,1619.91,1626.97,52298.81
2022-02-23,1630.16,1650.49,1619.96,1644.2,28111.61
2022-02-24,1627.09,1632.48,1573.18,1587.59,65359.25
2022-02-25,1597.39,1627.34,1597.39,1619.05,38979.13
2022-02-28,1608.25,1617.19,1590.19,1611.25,28923.03
2022-03-01,1621.69,1677.1,1621.69,1672.52,47379.3
2022-03-02,1655.89,1665.78,1642.39,1660.28,20074.48
2022-03-03,1661.11,1665.11,1614.49,1619.89,31546.93
2022-03-04,1594.69,1613.49,1579.48,1602.34,31047.03
2022-03-07,1584.07,1591.09,1533.32,1536.2,49155.81
2022-03-08,1583.88,1607.89,1558.7,1577.77,57215.46
2022-03-09,1587.58,1624.39,1548.9,1601.15,56434.42
2022-03-10,1627.09,1638.79,1611.79,1614.88,36461.78
2022-03-11,1589.29,1599.19,1546.17,1592.0,47726.77
2022-03-14,1556.9,1574.89,1529.9,1529.9,49006.61
2022-03-15,1484.9,1516.4,1442.6,1442.6,89055.87
2022-03-16,1470.5,1515.41,1433.6,1507.35,77592.81
2022-03-17,1547.9,1579.39,1540.39,1548.03,68351.96
2022-03-18,1546.1,1570.39,1522.95,1536.91,38348.68
2022-03-21,1551.5,1552.98,1525.41,1533.77,27877.16
2022-03-22,1551.39,1551.39,1517.6,1525.4,21054.04
2022-03-23,1534.4,1592.89,1527.2,1576.87,58067.39
2022-03-24,1564.1,1565.9,1545.51,1548.73,25815.32
2022-03-25,1540.7,1560.5,1516.4,1520.9,29708.66
2022-03-28,1462.4,1498.22,1443.5,1494.62,57541.64
2022-03-29,1495.25,1522.25,1495.25,1500.2,25934.98
2022-03-30,1528.1,1556.99,1525.4,1556.99,42433.43
2022-03-31,1547.9,1564.64,1537.82,1547.0,25173.86
2022-04-01,1556.84,1613.59,1549.42,1601.9,44861.91
2022-04-06,1577.59,1609.75,1577.59,1588.39,27819.77
2022-04-07,1582.09,1606.39,1574.98,1588.39,20195.71
2022-04-08,1591.09,1609.72,1589.78,1605.49,22941.32
2022-04-11,1592.89,1592.89,1535.32,1547.9,43863.59
2022-04-12,1556.0,1609.07,1537.1,1603.69,41629.56
2022-04-13,1590.19,1615.39,1575.87,1591.99,31147.66
2022-04-14,1609.09,1652.2,1602.07,1627.99,37649.86
2022-04-15,1621.87,1636.09,1616.19,1625.28,21041.13
2022-04-18,1602.91,1618.09,1591.09,1611.63,19793.15
2022-04-19,1619.89,1649.58,1597.84,1611.16,24204.76
2022-04-20,1621.41,1637.89,1591.71,1617.19,24155.72
2022-04-21,1611.07,1625.29,1592.89,1601.87,28952.61
2022-04-22,1586.59,1608.98,1584.06,1595.59,27899.75
2022-04-25,1574.89,1598.74,1531.7,1537.1,53658.02
2022-04-26,1532.89,1573.98,1529.9,1559.13,44563.96
2022-04-27,1590.3,1628.89,1590.3,1615.32,57402.44
2022-04-28,1613.59,1660.39,1607.74,1651.39,44010.06
2022-04-29,1652.29,1663.99,1629.77,1645.43,34885.27
2022-05-05,1646.89,1682.89,1645.97,1653.19,33660.94
2022-05-06,1633.38,1636.99,1602.79,1613.59,28596.18
2022-05-09,1601.89,1601.89,1564.1,1576.69,30351.82
2022-05-10,1547.9,1606.36,1534.41,1589.46,40119.19
2022-05-11,1579.39,1609.52,1576.69,1591.09,30312.67
2022-05-12,1577.59,1600.09,1574.89,1586.3,22038.23
2022-05-13,1601.89,1618.04,1589.29,1600.31,20730.52
2022-05-16,1617.19,1617.19,1568.3,1582.09,27765.31
2022-05-17,1592.79,1597.39,1579.39,1591.09,20144.74
2022-05-18,1596.19,1596.42,1568.61,1584.79,24850.44
2022-05-19,1570.39,1581.19,1565.0,1580.29,19776.26
2022-05-20,1583.89,1620.93,1576.69,1619.9,41949.6
2022-05-23,1619.89,1623.39,1594.69,1602.79,22157.13
2022-05-24,1607.29,1608.19,1579.84,1583.89,27342.22
2022-05-25,1588.64,1594.69,1572.19,1579.85,22388.69
2022-05-26,1584.79,1584.79,1556.9,1568.42,28053.44
2022-05-27,1583.89,1601.89,1577.6,1579.54,25119.58
2022-05-30,1589.29,1611.39,1589.29,1600.46,34465.69
2022-05-31,1597.19,1633.3,1590.18,1623.52,40750.82
2022-06-01,1621.69,1633.19,1600.99,1609.32,21760.01
2022-06-02,1609.07,1616.11,1601.89,1607.29,16914.73
2022-06-06,1610.89,1615.39,1582.09,1609.09,36741.26
2022-06-07,1605.62,1642.39,1593.17,1636.0,35048.59
2022-06-08,1642.39,1693.69,1642.39,1678.93,44353.81
2022-06-09,1684.69,1699.4,1663.99,1667.59,26329.02
2022-06-10,1660.4,1716.19,1651.39,1710.43,47344.62
2022-06-13,1700.89,1702.69,1663.16,1670.29,36755.18
2022-06-14,1650.49,1687.77,1648.69,1683.79,29416.23
2022-06-15,1682.89,1714.39,1676.58,1687.48,33663.62
2022-06-16,1705.02,1716.75,1687.68,1689.19,26886.7
2022-06-17,1690.17,1756.68,1690.17,1755.78,50541.61
2022-06-20,1754.88,1772.88,1736.88,1747.7,34974.78
2022-06-21,1753.98,1770.17,1735.08,1751.05,23717.02
2022-06-22,1759.38,1762.08,1738.68,1742.28,19646.65
2022-06-23,1748.31,1768.42,1745.88,1761.27,26843.52
2022-06-24,1772.88,1817.88,1768.38,1807.99,39634.65
2022-06-27,1817.82,1844.82,1800.15,1809.37,40115.17
2022-06-28,1817.64,1836.78,1800.78,1832.28,25245.71
2022-06-29,1825.08,1837.68,1809.79,1826.88,30360.12
2022-06-30,1819.29,1889.33,1819.28,1860.22,38982.43
2022-07-01,1869.32,1880.94,1833.13,1845.71,21596.45
2022-07-04,1837.49,1841.38,1820.21,1835.66,25075.89
2022-07-05,1842.29,1868.82,1828.39,1849.32,26329.4
2022-07-06,1848.4,1854.77,1806.55,1821.11,32751.66
2022-07-07,1823.84,1827.79,1805.65,1810.19,20931.77
2022-07-08,1823.84,1832.83,1815.8,1818.38,15643.89
2022-07-11,1810.38,1814.53,1774.26,1786.18,23949.21
2022-07-12,1787.45,1794.55,1755.67,1772.36,23446.86
2022-07-13,1769.26,1793.82,1765.32,1781.89,19853.77
2022-07-14,1782.9,1798.19,1765.62,1776.54,20527.24
2022-07-15,1769.36,1819.0,1768.81,1773.35,33416.23
2022-07-18,1775.95,1781.99,1748.34,1775.32,24220.72
2022-07-19,1769.26,1775.31,1751.98,1767.53,21956.03
2022-07-20,1781.77,1792.0,1769.26,1773.9,18704.61
2022-07-21,1767.53,1779.17,1759.72,1763.8,14061.37
2022-07-22,1773.1,1784.72,1760.16,1771.08,25113.57
2022-07-25,1773.36,1775.9,1756.52,1768.94,16912.44
2022-07-26,1776.53,1787.42,1771.1,1774.0,20685.1
2022-07-27,1766.53,1771.99,1743.79,1746.15,21489.87
2022-07-28,1747.52,1762.89,1721.65,1726.51,34869.86
2022-07-29,1723.87,1745.6,1708.4,1726.91,37032.36
2022-08-01,1719.24,1735.6,1711.21,1719.5,21037.41
2022-08-02,1710.13,1717.39,1690.13,1710.11,28220.88
2022-08-03,1719.22,1731.96,1707.4,1714.68,24598.42
2022-08-04,1719.23,1749.34,1710.25,1742.89,30357.14
2022-08-05,1753.61,1760.16,1732.78,1750.12,20085.84
2022-08-08,1742.11,1758.23,1735.16,1738.81,16799.01
2022-08-09,1738.81,1745.6,1732.87,1737.42,13874.61
2022-08-10,1737.4,1744.7,1696.11,1706.49,27926.62
2022-08-11,1715.59,1734.69,1708.32,1734.6,26061.49
2022-08-12,1734.6,1755.61,1728.33,1753.8,20259.83
2022-08-15,1746.94,1764.26,1742.47,1746.42,19323.14
2022-08-16,1750.1,1759.06,1742.88,1744.55,14835.84
2022-08-17,1755.61,1755.61,1723.78,1744.7,18360.63
2022-08-18,1735.6,1740.22,1711.11,1724.23,23167.77
2022-08-19,1726.51,1735.92,1717.41,1723.79,13544.17
2022-08-22,1714.69,1734.69,1711.39,1722.85,15426.67
2022-08-23,1727.05,1727.05,1698.31,1701.04,23756.36
2022-08-24,1701.03,1705.79,1683.75,1686.66,18727.61
2022-08-25,1691.03,1717.41,1686.66,1714.68,21925.34
2022-08-26,1728.33,1739.24,1715.59,1726.51,23141.95
2022-08-29,1712.86,1728.3,1704.67,1709.06,13569.62
2022-08-30,1712.27,1714.68,1686.66,1701.04,18235.39
2022-08-31,1692.03,1751.58,1691.95,1750.16,44691.51
2022-09-01,1739.38,1742.88,1710.94,1710.94,26845.08
2022-09-02,1719.17,1721.92,1697.55,1705.58,19391.32
2022-09-05,1694.34,1700.13,1655.55,1669.2,36821.87
2022-09-06,1669.53,1681.21,1660.1,1678.29,20830.04
2022-09-07,1669.23,1671.62,1647.38,1653.74,28306.16
2022-09-08,1655.55,1666.47,1651.01,1651.01,16590.57
2022-09-09,1660.1,1684.66,1651.91,1678.1,27089.86
2022-09-13,1710.13,1717.76,1690.33,1709.22,28693.09
2022-09-14,1695.59,1710.13,1694.67,1700.13,16041.57
2022-09-15,1701.04,1722.07,1701.0,1710.13,20810.21
2022-09-16,1702.67,1715.23,1687.49,1691.03,24121.27
2022-09-19,1687.39,1717.95,1685.46,1702.53,18583.51
2022-09-20,1701.02,1714.32,1690.62,1708.31,14116.3
2022-09-21,1707.1,1712.86,1681.02,1681.02,20994.54
2022-09-22,1673.75,1674.67,1652.69,1656.29,22704.29
2022-09-23,1656.29,1687.39,1656.29,1668.68,28287.69
2022-09-26,1655.55,1717.41,1655.54,1694.67,35134.92
2022-09-27,1700.0,1725.6,1683.85,1717.41,28820.19
2022-09-28,1710.59,1727.78,1704.68,1712.86,21445.97
2022-09-29,1726.49,1730.31,1702.06,1710.45,21589.66
2022-09-30,1727.07,1730.14,1697.4,1703.31,21289.08
2022-10-10,1719.23,1720.14,1619.35,1624.63,48584.13
2022-10-11,1627.35,1642.82,1600.97,1619.16,32047.19
2022-10-12,1613.4,1618.26,1553.67,1600.97,48195.0
2022-10-13,1565.01,1578.23,1543.67,1546.39,63969.27
2022-10-14,1555.49,1596.43,1548.16,1580.61,46519.7
2022-10-17,1570.05,1571.86,1544.39,1563.22,33549.51
2022-10-18,1569.14,1573.69,1547.31,1551.7,28082.77
2022-10-19,1548.2,1548.2,1499.09,1499.09,60120.93
2022-10-20,1474.53,1517.68,1465.44,1495.0,42778.07
2022-10-21,1491.82,1498.91,1464.53,1477.26,38907.4
2022-10-24,1428.14,1445.43,1353.56,1365.63,132098.04
2022-10-25,1345.75,1378.11,1339.0,1346.05,81361.56
2022-10-26,1354.28,1378.1,1328.08,1331.79,81780.83
2022-10-27,1346.27,1353.53,1258.81,1274.41,107105.9
2022-10-28,1265.11,1278.96,1235.94,1237.12,93142.75
2022-10-31,1228.02,1257.14,1212.56,1228.02,71846.65
2022-11-01,1236.21,1336.63,1236.21,1329.91,118766.48
2022-11-02,1328.08,1369.93,1306.25,1338.96,79777.15
2022-11-03,1313.14,1330.36,1299.06,1309.43,45159.7
2022-11-04,1308.03,1389.73,1308.03,1379.54,80007.95
2022-11-07,1359.05,1381.28,1352.27,1370.93,42698.35
2022-11-08,1371.74,1380.83,1336.23,1350.71,39324.91
2022-11-09,1349.87,1354.35,1318.98,1327.99,36090.16
2022-11-10,1313.53,1350.82,1305.48,1341.73,37719.67
2022-11-11,1389.94,1404.9,1359.9,1390.07,73947.15
2022-11-14,1404.04,1422.26,1389.94,1394.49,57370.15
2022-11-15,1393.58,1454.49,1383.57,1444.52,56317.6
2022-11-16,1438.15,1453.61,1426.32,1442.01,26847.76
2022-11-17,1446.79,1452.07,1412.57,1425.41,30579.88
2022-11-18,1433.6,1440.88,1415.41,1425.53,23608.71
2022-11-21,1402.08,1402.08,1363.13,1382.64,39096.0
2022-11-22,1380.33,1418.81,1379.12,1400.81,29900.62
2022-11-23,1389.94,1416.32,1383.61,1409.04,22177.46
2022-11-24,1418.14,1427.12,1377.18,1382.65,27687.38
2022-11-25,1383.12,1393.58,1373.56,1384.49,18621.04
2022-11-28,1350.62,1378.11,1319.89,1373.45,47723.21
2022-11-29,1427.74,1455.43,1410.86,1454.52,73420.13
2022-11-30,1443.72,1459.07,1441.79,1454.52,31497.3
2022-12-01,1510.01,1528.2,1483.44,1483.45,51357.68
2022-12-02,1487.27,1503.63,1474.72,1486.25,23883.9
2022-12-05,1517.29,1527.29,1500.0,1514.47,36127.46
2022-12-06,1505.46,1570.87,1502.73,1535.48,44147.48
2022-12-07,1526.21,1564.59,1519.13,1531.84,35526.26
2022-12-08,1530.02,1541.85,1514.56,1534.59,19729.56
2022-12-09,1539.12,1573.69,1530.02,1573.69,39215.26
2022-12-12,1560.82,1606.43,1560.04,1581.89,34755.17
2022-12-13,1580.05,1601.6,1573.69,1591.88,21385.46
2022-12-14,1585.51,1619.9,1585.51,1610.86,29098.4
2022-12-15,1641.91,1651.91,1619.17,1625.53,30634.44
2022-12-16,1613.03,1629.17,1585.51,1625.42,33302.66
2022-12-19,1636.27,1636.27,1601.13,1612.8,24987.1
2022-12-20,1605.82,1605.82,1530.43,1560.04,46198.4
2022-12-21,1568.23,1581.87,1562.45,1581.87,22816.14
2022-12-22,1597.97,1621.9,1587.33,1608.25,23175.34
2022-12-23,1594.06,1620.99,1587.33,1610.98,17319.21
2022-12-26,1610.98,1610.98,1578.25,1584.66,21383.8
2022-12-27,1601.09,1609.52,1589.58,1596.49,17905.05
2022-12-28,1608.35,1609.39,1573.47,1596.49,21437.9
2022-12-29,1581.75,1590.95,1567.06,1583.59,22417.8
2022-12-30,1599.25,1614.9,1590.96,1590.96,25333.12
2023-01-03,1594.83,1601.49,1571.62,1593.73,26033.8
2023-01-04,1593.72,1601.74,1580.83,1589.13,20415.75
2023-01-05,1600.17,1659.13,1596.49,1659.13,47942.85
2023-01-06,1663.85,1669.17,1646.23,1661.68,24903.75
2023-01-09,1690.45,1704.25,1665.41,1696.17,30977.23
2023-01-10,1694.19,1717.63,1686.31,1708.37,22731.73
2023-01-11,1709.8,1713.48,1692.15,1699.62,22720.31
2023-01-12,1702.43,1709.8,1688.61,1689.53,17193.17
2023-01-13,1698.91,1739.28,1695.06,1738.36,31939.65
2023-01-16,1737.44,1782.58,1732.83,1762.22,36848.26
2023-01-17,1762.46,1771.52,1745.73,1757.7,21299.23
2023-01-18,1763.23,1773.64,1741.12,1743.88,21062.93
2023-01-19,1743.42,1743.44,1719.01,1732.1,23438.89
2023-01-20,1740.38,1748.72,1711.64,1713.49,25608.75
2023-01-30,1758.62,1758.62,1731.91,1739.28,35922.55
2023-01-31,1747.11,1750.29,1688.68,1700.37,32990.68
2023-02-01,1708.86,1712.56,1668.71,1699.64,33973.89
2023-02-02,1702.78,1712.56,1682.16,1691.48,29758.86
2023-02-03,1676.64,1682.16,1654.23,1674.79,34944.9
2023-02-06,1639.79,1653.6,1621.36,1653.6,42660.95
2023-02-07,1665.65,1666.32,1646.91,1655.45,24321.71
2023-02-08,1658.22,1663.71,1635.18,1643.47,16675.77
2023-02-09,1637.94,1685.62,1635.19,1674.79,29753.66
2023-02-10,1667.52,1675.24,1659.18,1667.42,17984.51
2023-02-13,1667.42,1726.84,1667.42,1710.12,38146.7
2023-02-14,1710.22,1711.09,1690.45,1698.55,19565.76
2023-02-15,1698.54,1709.15,1691.2,1695.98,18176.91
2023-02-16,1696.29,1738.36,1684.01,1715.16,33245.95
2023-02-17,1704.42,1725.46,1676.68,1677.35,26442.83
2023-02-20,1677.56,1730.8,1674.06,1727.3,29668.69
2023-02-21,1726.38,1726.38,1705.19,1719.93,18750.52
2023-02-22,1708.89,1717.08,1687.51,1691.37,21869.16
2023-02-23,1695.06,1703.17,1663.05,1674.79,21880.97
2023-02-24,1667.52,1667.6,1641.79,1647.16,24634.61
2023-02-27,1638.4,1672.03,1635.2,1667.8,22064.89
2023-02-28,1675.71,1678.49,1642.83,1670.87,23951.81
2023-03-01,1670.19,1702.43,1661.19,1693.71,24458.1
2023-03-02,1684.93,1694.13,1677.65,1684.01,13144.19
2023-03-03,1694.85,1696.54,1660.5,1674.83,16198.06
2023-03-06,1674.96,1675.25,1655.24,1664.79,20645.86
2023-03-07,1663.72,1673.5,1647.16,1647.43,22785.39
2023-03-08,1639.8,1645.26,1622.39,1630.96,22763.7
2023-03-09,1628.73,1644.39,1602.94,1630.59,27611.5
2023-03-10,1613.6,1640.71,1612.15,1612.15,21160.82
2023-03-13,1613.07,1635.18,1611.23,1623.2,20560.43
2023-03-14,1624.84,1639.68,1601.56,1626.89,23704.92
2023-03-15,1638.28,1644.28,1612.26,1613.0,19212.53
2023-03-16,1602.94,1630.57,1602.03,1613.98,17646.24
2023-03-17,1630.57,1636.0,1599.25,1604.78,27022.91
2023-03-20,1613.07,1616.76,1591.88,1593.36,20490.93
2023-03-21,1598.33,1645.18,1588.17,1635.18,31141.82
2023-03-22,1639.79,1651.76,1626.47,1633.66,15330.26
2023-03-23,1626.89,1650.02,1625.98,1635.05,17355.66
2023-03-24,1629.73,1643.1,1626.89,1638.51,12769.96
2023-03-27,1638.5,1638.5,1617.68,1628.54,15295.55
2023-03-28,1630.57,1649.0,1625.99,1641.44,17261.35
2023-03-29,1657.29,1658.21,1644.46,1649.0,15392.99
2023-03-30,1651.76,1662.82,1638.86,1658.21,19257.01
2023-03-31,1681.24,1702.43,1675.71,1676.64,27446.33
2023-04-03,1681.24,1683.79,1658.28,1660.12,21417.43
2023-04-04,1669.27,1672.19,1646.23,1671.65,20066.26
2023-04-06,1662.82,1672.86,1647.36,1655.41,14874.22
2023-04-07,1653.6,1663.75,1647.47,1649.91,13524.68
2023-04-10,1649.81,1649.81,1606.62,1632.14,29418.22
2023-04-11,1651.76,1651.76,1606.62,1608.0,29209.19
2023-04-12,1609.63,1612.15,1559.47,1560.65,51104.92
2023-04-13,1556.88,1587.82,1551.36,1587.28,29542.68
2023-04-14,1590.04,1596.49,1570.51,1578.45,21231.62
2023-04-17,1602.94,1614.91,1591.88,1614.91,30467.23
2023-04-18,1614.91,1629.65,1608.48,1619.52,18313.89
2023-04-19,1623.2,1626.43,1612.15,1620.44,14600.56
2023-04-20,1621.46,1625.97,1592.8,1604.67,19885.37
2023-04-21,1608.46,1610.38,1585.69,1589.55,18517.87
2023-04-24,1585.43,1586.35,1567.01,1570.69,20230.91
2023-04-25,1571.62,1599.23,1567.93,1594.07,20582.51
2023-04-26,1606.62,1622.28,1584.51,1606.54,27891.6
2023-04-27,1610.31,1630.57,1593.72,1619.45,25605.04
2023-04-28,1624.13,1642.34,1615.81,1621.84,26224.64
2023-05-04,1629.65,1637.64,1599.25,1612.06,27466.42
2023-05-05,1626.89,1626.89,1599.61,1612.15,20714.21
2023-05-08,1629.03,1629.65,1581.91,1584.99,33171.26
2023-05-09,1579.91,1602.92,1572.6,1586.35,29377.96
2023-05-10,1580.08,1599.25,1579.91,1589.12,20772.6
2023-05-11,1594.65,1598.33,1579.91,1581.81,15246.12
2023-05-12,1579.91,1593.61,1570.7,1571.98,19460.45
2023-05-15,1567.93,1581.75,1557.98,1581.1,25740.18
2023-05-16,1578.98,1584.5,1563.32,1569.12,22223.77
2023-05-17,1573.46,1578.06,1565.18,1567.01,16776.91
2023-05-18,1570.68,1571.06,1556.88,1557.8,19219.28
2023-05-19,1539.37,1570.08,1525.14,1565.63,26741.16
2023-05-22,1556.88,1613.99,1556.88,1608.46,41284.32
2023-05-23,1615.83,1615.83,1588.7,1588.7,16894.21
2023-05-24,1595.87,1597.0,1575.4,1576.13,18479.27
2023-05-25,1571.61,1575.3,1556.88,1567.01,22465.6
2023-05-26,1567.93,1570.69,1543.07,1557.39,18291.1
2023-05-29,1563.32,1564.57,1545.82,1555.95,17771.41
2023-05-30,1555.95,1565.07,1527.91,1536.88,26453.4
2023-05-31,1530.17,1534.51,1498.53,1500.59,36956.97
2023-06-01,1490.59,1543.09,1490.59,1507.09,28645.25
2023-06-02,1515.46,1541.39,1507.27,1539.04,25058.02
2023-06-05,1534.95,1550.36,1532.04,1533.89,16200.5
2023-06-06,1538.49,1551.39,1521.49,1535.72,19913.92
2023-06-07,1541.25,1546.6,1520.07,1520.9,17889.64
2023-06-08,1525.44,1543.1,1520.08,1536.65,14702.72
2023-06-09,1540.32,1545.83,1534.81,1534.81,17580.41
2023-06-12,1534.82,1573.5,1530.68,1562.44,27029.44
2023-06-13,1560.49,1570.38,1552.31,1565.21,14662.54
2023-06-14,1583.63,1597.67,1571.85,1590.89,31505.8
2023-06-15,1594.08,1617.4,1587.32,1616.8,25222.57
2023-06-16,1618.64,1658.25,1612.28,1656.13,37917.89
2023-06-19,1649.04,1656.37,1601.14,1606.66,31699.92
2023-06-20,1602.98,1626.01,1598.37,1606.17,20946.74
2023-06-21,1602.98,1618.27,1598.37,1599.14,17720.61
2023-06-26,1584.66,1593.77,1561.52,1574.42,23992.68
2023-06-27,1575.33,1584.28,1566.21,1576.31,15174.46
2023-06-28,1578.27,1597.45,1576.26,1592.27,18573.56
2023-06-29,1594.69,1598.36,1578.11,1578.76,14231.16
2023-06-30,1590.08,1598.49,1577.43,1581.66,20458.69
2023-07-03,1589.14,1613.72,1582.6,1612.62,19139.09
2023-07-04,1612.71,1622.29,1606.99,1618.7,12472.38
2023-07-05,1618.14,1619.98,1590.08,1604.46,14745.39
2023-07-06,1598.65,1620.94,1590.08,1592.87,15140.62
2023-07-07,1591.01,1598.49,1580.72,1580.75,15167.42
2023-07-10,1594.75,1604.07,1590.08,1590.92,13477.41
2023-07-11,1599.43,1604.27,1592.04,1599.43,12582.7
2023-07-12,1602.28,1611.59,1600.68,1602.99,13284.67
2023-07-13,1610.65,1632.55,1607.86,1626.0,25806.54
2023-07-14,1642.46,1644.8,1628.61,1639.65,18550.3
2023-07-17,1637.78,1637.78,1614.96,1618.11,14336.48
2023-07-18,1621.49,1622.36,1609.72,1611.4,14737.65
2023-07-19,1604.12,1616.27,1602.99,1611.59,12483.22
2023-07-20,1616.26,1635.89,1610.66,1612.53,16692.65
2023-07-21,1619.9,1657.89,1614.4,1656.77,39377.4
2023-07-24,1637.33,1656.63,1637.33,1656.63,19713.37
2023-07-25,1683.61,1710.62,1683.6,1710.32,43086.46
2023-07-26,1710.32,1717.28,1697.72,1710.32,19611.45
2023-07-27,1717.28,1734.86,1710.46,1719.18,20340.43
2023-07-28,1713.54,1777.15,1709.81,1774.34,39017.92
2023-07-31,1784.63,1809.88,1752.83,1758.98,45378.61
2023-08-01,1756.58,1783.65,1756.47,1766.86,19230.62
2023-08-02,1761.62,1767.79,1746.09,1758.44,18508.72
2023-08-03,1749.09,1767.79,1730.85,1757.01,21543.47
2023-08-04,1765.75,1783.24,1760.31,1771.04,24573.64
2023-08-07,1759.33,1775.28,1750.05,1765.86,23892.45
2023-08-08,1758.47,1771.26,1743.55,1767.79,17736.18
2023-08-09,1767.79,1781.82,1761.21,1768.05,18523.46
2023-08-10,1760.31,1766.86,1741.88,1753.76,18436.19
2023-08-11,1763.12,1763.49,1715.3,1715.41,26786.49
2023-08-14,1692.97,1706.98,1679.87,1686.42,23731.19
2023-08-15,1692.03,1700.45,1684.56,1695.75,14817.99
2023-08-16,1690.7,1705.45,1689.22,1702.32,13184.31
2023-08-17,1689.3,1715.41,1685.06,1709.85,17290.37
2023-08-18,1713.53,1716.34,1686.03,1686.03,17023.34
2023-08-21,1677.06,1696.7,1674.32,1675.19,18911.81
2023-08-22,1684.54,1686.01,1656.51,1672.39,26650.36
2023-08-23,1680.81,1683.61,1655.63,1659.29,19912.22
2023-08-24,1664.55,1709.8,1660.23,1698.86,26055.09
2023-08-25,1691.83,1718.94,1689.23,1706.98,18830.86
2023-08-28,1775.82,1775.82,1713.43,1716.32,41052.13
2023-08-29,1709.8,1748.23,1709.8,1731.62,28950.28
2023-08-30,1747.12,1747.22,1724.45,1735.99,19811.81
2023-08-31,1739.73,1739.73,1721.97,1727.57,14820.22
2023-09-01,1733.03,1744.85,1726.67,1731.36,13145.19
2023-09-04,1742.16,1758.38,1733.68,1745.34,23871.0
2023-09-05,1747.22,1747.22,1736.74,1738.52,15658.74
2023-09-06,1737.86,1745.96,1729.45,1740.67,11121.43
2023-09-07,1732.81,1736.82,1712.79,1719.16,16981.57
2023-09-08,1716.29,1716.29,1697.6,1700.92,12211.78
2023-09-11,1691.1,1721.03,1691.1,1704.35,15926.0
2023-09-12,1708.49,1708.85,1698.6,1702.28,12168.01
2023-09-13,1711.6,1711.6,1683.66,1702.23,19501.43
2023-09-14,1704.69,1708.85,1689.22,1701.09,17504.59
2023-09-15,1701.38,1702.11,1666.12,1666.77,28431.46
2023-09-18,1661.45,1711.2,1658.36,1710.92,32558.92
2023-09-19,1704.38,1710.74,1691.1,1708.81,14989.5
2023-09-20,1704.19,1711.67,1700.5,1706.06,12501.78
2023-09-21,1700.46,1704.19,1682.11,1682.11,19489.19
2023-09-22,1688.88,1730.34,1676.51,1729.44,34390.46
2023-09-25,1728.04,1728.51,1708.48,1713.9,13979.13
2023-09-26,1709.8,1716.24,1695.87,1698.58,15761.96
2023-09-27,1697.64,1714.95,1686.23,1696.71,20879.94
2023-09-28,1706.98,1706.98,1681.55,1682.26,20537.84
2023-10-09,1680.75,1680.75,1650.78,1662.1,29762.68
2023-10-10,1667.61,1682.66,1653.68,1655.55,20283.92
2023-10-11,1669.25,1669.25,1653.68,1663.5,21944.86
2023-10-12,1681.65,1681.96,1662.29,1670.52,14865.07
2023-10-13,1656.38,1663.04,1625.8,1637.78,25027.88
2023-10-16,1637.76,1642.46,1611.08,1618.04,20789.65
2023-10-17,1626.56,1626.97,1605.04,1614.4,14945.23
2023-10-18,1607.66,1629.36,1606.15,1616.27,20317.5
2023-10-19,1590.08,1590.11,1520.89,1524.6,73492.37
2023-10-20,1524.6,1547.99,1511.74,1538.63,45376.01
2023-10-23,1524.58,1552.66,1516.75,1537.68,25234.23
2023-10-24,1541.44,1546.45,1516.38,1536.72,29861.46
2023-10-25,1562.12,1588.21,1559.23,1569.03,36178.98
2023-10-26,1559.21,1578.85,1554.54,1564.1,22386.35
2023-10-27,1556.41,1582.48,1553.23,1568.29,34262.39
2023-10-30,1561.08,1579.68,1561.08,1572.31,24086.42
2023-10-31,1571.37,1580.72,1560.01,1575.66,19858.77
2023-11-01,1730.38,1730.38,1659.1,1665.83,93143.08
2023-11-02,1678.94,1678.94,1661.22,1664.44,27907.64
2023-11-03,1664.91,1697.54,1659.29,1694.13,30176.0
2023-11-06,1702.32,1705.86,1684.66,1694.84,25523.92
2023-11-07,1688.29,1692.97,1668.72,1675.35,19581.59
2023-11-08,1668.69,1687.17,1667.59,1682.06,14545.67
2023-11-09,1674.36,1682.68,1667.71,1678.1,12800.48
2023-11-10,1665.42,1672.39,1658.45,1661.01,16465.57
2023-11-13,1657.68,1669.47,1643.37,1649.94,18369.95
2023-11-14,1649.94,1660.22,1646.21,1651.13,12816.75
2023-11-15,1663.97,1667.61,1652.75,1658.29,18434.86
2023-11-16,1659.29,1661.16,1646.25,1646.25,12557.57
2023-11-17,1638.72,1645.26,1625.53,1640.04,21713.63
2023-11-20,1641.52,1655.08,1624.37,1648.54,18608.04
2023-11-21,1668.1,1681.74,1655.65,1674.26,30098.45
2023-11-22,1667.99,1678.33,1665.41,1666.32,12664.57
2023-11-23,1663.32,1672.39,1656.49,1670.52,11549.64
2023-11-24,1673.32,1673.32,1660.23,1662.1,13085.4
2023-11-27,1658.64,1658.64,1641.52,1649.0,16260.74
2023-11-28,1647.13,1659.18,1644.33,1654.65,14519.76
2023-11-29,1653.68,1661.16,1644.33,1659.96,17149.33
2023-11-30,1661.84,1678.71,1656.56,1675.66,21353.42
2023-12-01,1673.61,1673.98,1634.97,1646.46,33051.31
2023-12-04,1646.46,1647.91,1632.43,1637.51,18440.47
2023-12-05,1635.7,1635.8,1597.58,1598.5,29903.01
2023-12-06,1592.54,1608.29,1591.14,1592.88,23851.29
2023-12-07,1593.82,1598.57,1578.2,1590.08,25041.5
2023-12-08,1590.08,1598.35,1582.8,1594.68,26288.01
2023-12-11,1580.72,1593.82,1549.86,1588.21,36830.98
2023-12-12,1578.48,1599.42,1575.11,1599.42,21010.66
2023-12-13,1594.96,1595.43,1549.93,1552.66,38788.7
2023-12-14,1558.24,1561.9,1529.3,1530.12,40672.15
2023-12-15,1541.66,1569.29,1537.71,1538.63,37092.51
2023-12-18,1533.96,1555.78,1529.28,1554.54,19897.34
2023-12-19,1557.34,1571.25,1538.72,1566.69,22206.76
2023-12-20,1568.68,1570.57,1554.49,1560.91,23092.03
2023-12-21,1551.66,1582.23,1551.66,1580.04,29011.68
2023-12-22,1579.75,1588.64,1568.69,1580.65,21666.84
2023-12-25,1580.98,1588.17,1578.14,1581.93,12471.06
2023-12-26,1582.4,1584.67,1568.21,1580.04,14771.26
2023-12-27,1578.14,1586.8,1571.52,1577.25,16055.5
2023-12-28,1580.97,1634.9,1577.25,1632.06,38338.06
2023-12-29,1627.34,1655.33,1627.34,1633.02,27538.68
2024-01-02,1622.61,1625.63,1587.7,1594.24,32156.44
2024-01-03,1590.55,1603.9,1586.02,1602.74,20229.29
2024-01-04,1601.8,1601.8,1573.35,1579.09,21551.07
2024-01-05,1571.83,1588.23,1563.11,1573.75,20242.86
2024-01-08,1571.52,1572.47,1551.66,1555.43,25586.2
2024-01-09,1552.61,1563.31,1546.99,1552.6,24412.04
2024-01-10,1552.69,1570.06,1549.76,1553.07,17350.67
2024-01-11,1551.75,1568.62,1549.82,1557.87,16440.55
2024-01-12,1551.62,1562.3,1551.08,1554.55,11603.24
2024-01-15,1546.92,1565.81,1546.4,1551.65,17854.03
2024-01-16,1550.23,1558.27,1537.4,1551.11,25903.14
2024-01-17,1542.19,1547.37,1492.05,1492.05,51632.76
2024-01-18,1489.21,1525.92,1471.75,1524.09,60439.81
2024-01-19,1522.2,1549.77,1514.64,1546.92,46378.43
2024-01-22,1541.24,1554.49,1531.67,1553.54,46945.89
2024-01-23,1544.09,1551.6,1522.32,1531.78,34834.9
2024-01-24,1541.24,1545.82,1517.17,1538.41,33216.35
2024-01-25,1539.18,1552.6,1534.62,1549.76,31205.8
2024-01-26,1542.53,1555.53,1535.57,1549.12,26954.75
2024-01-29,1551.94,1571.12,1551.93,1561.11,31420.68
2024-01-30,1561.09,1561.09,1523.27,1526.11,30866.33
2024-01-31,1526.11,1532.7,1512.04,1518.45,29649.12
2024-02-01,1519.01,1536.41,1514.75,1523.3,26485.15
2024-02-02,1528.0,1540.09,1495.83,1510.02,39382.02
2024-02-05,1510.02,1549.23,1509.31,1542.2,53130.36
2024-02-06,1542.2,1594.68,1538.5,1585.71,52472.04
2024-02-07,1590.47,1622.22,1572.1,1618.82,52601.07
2024-02-08,1627.35,1632.07,1594.23,1614.1,46756.54
2024-02-19,1644.25,1644.31,1597.07,1604.1,36977.44
2024-02-20,1605.92,1605.92,1567.32,1580.04,34470.07
2024-02-21,1576.27,1637.75,1572.47,1625.13,46154.07
2024-02-22,1615.51,1630.19,1608.92,1625.81,22793.61
2024-02-23,1618.93,1631.49,1608.44,1621.75,27305.89
2024-02-26,1615.99,1616.69,1594.25,1603.67,27318.32
2024-02-27,1592.33,1601.72,1587.6,1598.48,22079.85
2024-02-28,1597.94,1605.17,1583.83,1590.96,31867.31
2024-02-29,1590.96,1605.11,1588.74,1603.69,24758.33
2024-03-01,1598.96,1603.66,1586.36,1594.28,26867.96
2024-03-04,1588.55,1590.43,1580.08,1586.0,26484.77
2024-03-05,1580.8,1605.58,1576.89,1603.78,36238.37
2024-03-06,1599.9,1603.69,1587.62,1590.02,22142.48
2024-03-07,1589.5,1598.77,1587.6,1592.93,21599.12
2024-03-08,1590.03,1595.82,1580.08,1581.39,22156.23
2024-03-11,1584.77,1607.36,1583.04,1603.21,29895.09
2024-03-12,1602.69,1654.87,1599.43,1650.99,54226.54
2024-03-13,1646.24,1653.83,1627.44,1634.39,26499.54
2024-03-14,1626.4,1641.38,1619.3,1624.15,19404.79
2024-03-15,1620.25,1639.07,1619.77,1624.97,17833.58
2024-03-18,1622.61,1627.2,1607.47,1616.23,26055.01
2024-03-19,1611.26,1627.28,1601.9,1616.01,23947.53
2024-03-20,1611.6,1621.36,1608.64,1617.5,15249.25
2024-03-21,1616.08,1626.4,1612.68,1616.93,16595.97
2024-03-22,1613.18,1616.92,1597.07,1609.7,25456.14
2024-03-25,1607.04,1607.26,1590.05,1598.02,24472.85
2024-03-26,1596.55,1620.53,1596.55,1617.21,28069.07
2024-03-27,1613.15,1619.77,1607.47,1609.37,18112.58
2024-03-28,1603.69,1625.45,1601.99,1609.97,24642.18
2024-03-29,1609.97,1618.82,1606.62,1611.16,13456.55
2024-04-01,1617.87,1640.59,1616.65,1628.6,27131.37
2024-04-02,1629.23,1632.06,1613.2,1621.66,25449.25
2024-04-03,1640.59,1645.73,1617.9,1622.72,29045.8
2024-04-08,1603.69,1604.63,1573.03,1576.88,59166.59
2024-04-09,1571.21,1582.87,1569.11,1572.67,25589.82
2024-04-10,1572.72,1575.3,1556.38,1559.2,27630.5
2024-04-11,1551.76,1561.11,1546.63,1559.22,22766.24
2024-04-12,1562.06,1574.36,1546.0,1546.0,26744.33
2024-04-15,1546.93,1585.34,1546.9,1582.85,35817.71
2024-04-16,1575.77,1589.08,1569.63,1580.04,26266.23
2024-04-17,1578.14,1584.96,1568.68,1577.2,24819.11
2024-04-18,1569.64,1592.32,1568.85,1580.77,26568.41
2024-04-19,1571.31,1578.62,1552.86,1557.93,23499.92
2024-04-22,1564.9,1588.44,1556.38,1584.82,29951.39
2024-04-23,1584.77,1603.69,1584.77,1601.11,24979.95
2024-04-24,1605.56,1608.33,1592.65,1602.36,17086.43
2024-04-25,1599.27,1604.26,1591.63,1601.83,14476.48
2024-04-26,1602.74,1621.66,1602.72,1617.34,30995.92
2024-04-29,1605.53,1634.91,1602.57,1612.2,41332.23
2024-04-30,1613.16,1636.69,1613.15,1613.15,30759.89
2024-05-06,1640.56,1669.92,1633.96,1665.38,59909.49
2024-05-07,1670.66,1682.03,1662.05,1674.65,24924.52
2024-05-08,1674.35,1674.62,1661.09,1668.94,14769.09
2024-05-09,1663.29,1669.9,1655.73,1661.4,22387.34
2024-05-10,1666.23,1672.64,1640.58,1645.3,26206.61
2024-05-13,1638.71,1639.32,1609.57,1614.1,37662.12
2024-05-14,1614.09,1620.97,1608.43,1610.29,21274.17
2024-05-15,1610.86,1615.99,1607.08,1608.42,15738.76
2024-05-16,1613.15,1617.77,1598.96,1612.68,29679.54
2024-05-17,1608.43,1624.11,1608.42,1622.61,28923.88
2024-05-20,1625.44,1639.63,1616.09,1616.93,31425.72
2024-05-21,1615.99,1617.62,1606.68,1613.15,16293.39
2024-05-22,1611.26,1617.84,1599.9,1606.25,20285.68
2024-05-23,1608.42,1614.46,1599.03,1600.86,18884.97
2024-05-24,1601.8,1603.69,1586.66,1586.73,20216.63
2024-05-27,1587.6,1596.55,1578.15,1580.15,25097.91
2024-05-28,1580.41,1584.93,1573.41,1574.96,23520.87
2024-05-29,1576.25,1589.5,1575.3,1583.82,19651.28
2024-05-30,1584.77,1585.13,1560.17,1560.17,32207.92
2024-05-31,1561.59,1573.89,1559.65,1559.65,21856.65
2024-06-03,1561.11,1561.98,1547.02,1551.07,30261.05
2024-06-04,1552.12,1566.79,1548.39,1564.14,20841.08
2024-06-05,1563.0,1569.32,1554.52,1555.44,19055.57
2024-06-06,1555.11,1563.0,1547.78,1551.47,25610.05
2024-06-07,1557.45,1557.5,1531.79,1531.95,33524.55
2024-06-11,1516.64,1518.54,1482.58,1484.48,70246.76
2024-06-12,1485.42,1504.34,1485.42,1487.01,33170.5
2024-06-13,1491.83,1491.94,1469.48,1471.24,36185.97
2024-06-14,1471.23,1479.71,1438.55,1471.23,59514.16
2024-06-17,1449.74,1465.34,1429.61,1458.46,48318.16
2024-06-18,1448.42,1470.8,1434.97,1439.54,41258.25
2024-06-19,1446.66,1452.46,1431.31,1449.56,41261.53
2024-06-20,1448.6,1464.06,1446.67,1448.69,24710.68
2024-06-21,1449.08,1453.41,1419.84,1420.59,43319.97
2024-06-24,1374.24,1437.96,1365.55,1425.95,63839.93
2024-06-25,1426.4,1451.5,1426.4,1435.72,42097.95
2024-06-26,1429.21,1449.56,1427.09,1438.11,29569.77
2024-06-27,1440.8,1442.7,1417.62,1439.34,32821.78
2024-06-28,1429.21,1443.2,1413.76,1417.03,38582.02
2024-07-01,1418.47,1422.44,1379.0,1390.95,32161.38
2024-07-02,1383.82,1446.59,1383.82,1439.54,51852.98
2024-07-03,1447.56,1461.09,1436.96,1448.52,31573.26
2024-07-04,1453.35,1460.11,1430.3,1434.75,24379.73
2024-07-05,1428.25,1441.94,1400.24,1403.14,38829.38
2024-07-08,1393.48,1407.74,1370.44,1371.27,39527.05
2024-07-09,1371.27,1404.96,1361.71,1388.68,33620.71
2024-07-10,1389.86,1415.58,1385.76,1388.26,23763.22
2024-07-11,1400.21,1418.59,1390.79,1411.92,29020.14
2024-07-12,1422.46,1435.39,1415.16,1428.07,23386.34
2024-07-15,1419.55,1436.94,1419.55,1424.29,19176.26
2024-07-16,1425.35,1431.14,1414.77,1425.35,20316.44
2024-07-17,1425.45,1451.42,1419.57,1449.88,34311.01
2024-07-18,1448.04,1463.01,1441.31,1446.12,28870.39
2024-07-19,1439.65,1476.7,1433.08,1473.27,38942.91
2024-07-22,1472.7,1477.48,1440.46,1447.56,28543.21
2024-07-23,1447.56,1449.49,1405.07,1405.07,30943.96
2024-07-24,1400.43,1413.47,1385.76,1390.6,24122.55
2024-07-25,1390.6,1398.31,1371.28,1381.4,28346.56
2024-07-26,1381.4,1388.38,1362.48,1373.39,32353.79
2024-07-29,1366.44,1373.19,1350.03,1350.04,30869.07
2024-07-30,1338.42,1342.56,1314.58,1332.63,51779.04
2024-07-31,1325.98,1378.29,1325.98,1372.51,43272.32
2024-08-01,1369.34,1371.27,1337.18,1338.59,32038.1
2024-08-02,1326.46,1349.03,1326.46,1337.91,21927.69
2024-08-05,1341.22,1377.06,1337.97,1361.62,37736.07
2024-08-06,1373.2,1375.13,1346.17,1356.5,27444.33
2024-08-07,1357.27,1373.19,1350.31,1366.92,20622.21
2024-08-08,1362.58,1398.48,1360.65,1381.59,25130.82
2024-08-09,1409.93,1418.59,1387.49,1387.49,30138.49
2024-08-12,1380.93,1393.48,1377.62,1386.82,13632.03
2024-08-13,1383.82,1385.76,1363.55,1374.18,16308.43
2024-08-14,1374.18,1376.0,1363.56,1364.8,13414.31
2024-08-15,1356.81,1386.71,1355.77,1377.92,23038.97
2024-08-16,1377.83,1386.64,1368.38,1382.09,16454.7
2024-08-19,1382.86,1408.82,1376.1,1376.52,20432.79
2024-08-20,1380.83,1380.86,1365.48,1373.9,18591.38
2024-08-21,1371.27,1378.98,1367.11,1368.93,15091.65
2024-08-22,1367.41,1371.27,1351.97,1361.66,19527.29
2024-08-23,1359.68,1374.65,1357.87,1366.43,15320.46
2024-08-26,1368.37,1375.0,1355.0,1363.54,15628.41
2024-08-27,1363.54,1364.51,1353.03,1355.89,13657.4
2024-08-28,1355.89,1357.75,1327.81,1341.33,31663.51
2024-08-29,1332.64,1369.34,1332.64,1364.8,27471.61
2024-08-30,1364.51,1408.03,1356.79,1393.66,38739.23
2024-09-02,1380.93,1388.65,1347.13,1347.13,34134.59
2024-09-03,1350.03,1366.42,1345.22,1361.61,17887.6
2024-09-04,1353.89,1370.49,1351.71,1351.96,14211.09
2024-09-05,1352.44,1358.72,1349.06,1356.67,14502.95
2024-09-06,1356.79,1357.75,1350.03,1350.03,10321.04
2024-09-09,1332.65,1345.88,1323.06,1327.81,28637.55
2024-09-10,1323.01,1345.2,1323.01,1330.71,19802.84
2024-09-11,1328.39,1338.32,1318.16,1332.64,20995.77
2024-09-12,1332.64,1337.47,1289.1,1289.25,47948.31
2024-09-13,1285.32,1286.29,1252.78,1259.38,56005.11
2024-09-18,1255.39,1255.4,1223.19,1223.42,46185.31
2024-09-19,1218.69,1248.51,1203.08,1217.73,59988.21
2024-09-20,1218.21,1230.18,1207.13,1220.55,39981.84
2024-09-23,1224.49,1249.11,1217.4,1218.25,45549.69
2024-09-24,1240.99,1325.88,1221.68,1325.5,100412.81
2024-09-25,1352.0,1378.03,1348.78,1350.99,73953.8
2024-09-26,1351.92,1477.37,1348.09,1476.53,97278.06
2024-09-27,1545.09,1573.29,1511.64,1573.29,87921.67
2024-09-30,1633.94,1699.49,1595.31,1688.01,157293.41
2024-10-08,1844.46,1844.46,1622.52,1663.87,194709.47
2024-10-09,1641.66,1641.66,1535.44,1540.41,120196.84
2024-10-10,1566.59,1610.84,1536.4,1583.72,74603.42
2024-10-11,1559.96,1583.68,1535.44,1549.91,41914.71
2024-10-14,1557.65,1565.02,1526.91,1547.02,44812.02
2024-10-15,1544.13,1546.05,1499.72,1500.91,43571.43
2024-10-16,1488.0,1496.62,1458.18,1470.25,46664.4
2024-10-17,1484.26,1484.89,1442.16,1443.31,39459.55
2024-10-18,1441.77,1514.04,1428.21,1488.12,68619.3
2024-10-21,1488.32,1496.78,1469.01,1476.34,42007.9
2024-10-22,1474.17,1506.64,1471.89,1490.05,36269.13
2024-10-23,1491.12,1522.83,1479.43,1513.71,40088.46
2024-10-24,1507.43,1520.95,1491.99,1498.93,23922.8
2024-10-25,1493.91,1520.75,1492.96,1505.36,27745.08
2024-10-28,1506.47,1511.29,1469.99,1511.29,39121.4
2024-10-29,1506.47,1525.78,1477.5,1479.06,41165.78
2024-10-30,1472.67,1497.96,1471.13,1479.43,32005.74
2024-10-31,1479.57,1487.15,1467.84,1475.36,29957.35
2024-11-01,1468.8,1492.11,1468.61,1481.12,32283.92
2024-11-04,1491.91,1496.81,1475.62,1495.07,29092.92
2024-11-05,1487.15,1523.56,1483.3,1522.87,45640.47
2024-11-06,1520.95,1534.46,1507.64,1517.09,37631.43
2024-11-07,1508.84,1596.76,1508.69,1592.55,74738.72
2024-11-08,1603.89,1609.9,1546.07,1554.72,60771.2
2024-11-11,1535.44,1554.7,1513.41,1543.17,43853.65
2024-11-12,1534.47,1567.3,1519.94,1523.08,49222.66
2024-11-13,1514.19,1532.21,1507.7,1524.33,29125.26
2024-11-14,1516.12,1539.73,1511.92,1519.79,29248.14
2024-11-15,1515.16,1529.45,1499.71,1505.5,33761.12
2024-11-18,1508.4,1521.91,1501.64,1505.5,27092.19
2024-11-19,1511.29,1515.51,1472.67,1489.01,33266.43
2024-11-20,1490.05,1500.64,1478.75,1491.8,21344.55
2024-11-21,1490.89,1495.83,1479.43,1492.11,18261.79
2024-11-22,1488.26,1494.66,1456.08,1456.08,33436.11
2024-11-25,1459.15,1479.43,1445.31,1447.14,33185.56
2024-11-26,1447.14,1466.76,1437.79,1457.22,25744.79
2024-11-27,1457.22,1469.91,1453.35,1466.92,25934.17
2024-11-28,1469.77,1472.66,1450.46,1465.91,23952.03
2024-11-29,1464.94,1501.64,1461.28,1473.38,36088.1
2024-12-02,1473.63,1477.49,1463.11,1472.67,26819.54
2024-12-03,1471.7,1476.43,1464.05,1474.35,24806.62
2024-12-04,1467.91,1471.37,1458.18,1467.84,23923.89
2024-12-05,1459.01,1465.77,1458.18,1459.15,16141.47
2024-12-06,1461.08,1486.09,1456.32,1468.81,32039.69
2024-12-09,1469.79,1477.23,1461.27,1466.68,19799.86
2024-12-10,1516.12,1525.52,1492.15,1493.52,60312.1
2024-12-11,1487.15,1501.64,1478.44,1482.9,29671.12
2024-12-12,1479.45,1512.26,1476.53,1512.07,41936.52
2024-12-13,1496.82,1501.63,1466.76,1466.87,49511.97
2024-12-16,1468.8,1476.53,1458.87,1474.79,32537.1
2024-12-17,1473.62,1515.16,1468.81,1504.53,54171.63
2024-12-18,1504.51,1522.88,1494.01,1517.57,41162.26
2024-12-19,1511.43,1514.12,1497.13,1497.78,24809.32
2024-12-20,1501.71,1512.17,1490.81,1492.75,28157.74
2024-12-23,1493.73,1508.44,1487.85,1497.12,21602.69
2024-12-24,1495.69,1514.33,1492.35,1509.25,22104.92
2024-12-25,1509.23,1509.23,1496.77,1500.6,17123.39
2024-12-26,1504.52,1509.21,1493.73,1498.43,18286.51
2024-12-27,1499.52,1506.48,1490.3,1499.59,20759.32
2024-12-30,1504.49,1514.29,1495.69,1495.69,25129.82
2024-12-31,1496.09,1515.31,1492.76,1494.71,39354.45
2025-01-02,1494.71,1495.19,1451.56,1459.4,50028.7
2025-01-03,1465.78,1466.26,1438.82,1446.65,32628.36
2025-01-06,1425.08,1434.55,1405.27,1412.33,44255.12
2025-01-07,1416.9,1423.99,1411.35,1412.52,24221.18
2025-01-08,1412.33,1423.92,1399.24,1414.78,35258.21
2025-01-09,1421.14,1436.43,1405.44,1416.25,29705.65
2025-01-10,1419.29,1424.05,1408.4,1408.4,21871.95
2025-01-13,1397.62,1416.68,1394.68,1416.23,21082.51
2025-01-14,1417.18,1450.26,1414.29,1444.2,30956.57
2025-01-15,1438.81,1446.26,1431.95,1443.0,18399.34
2025-01-16,1445.67,1454.17,1414.29,1418.58,26342.13
2025-01-17,1418.59,1432.92,1418.58,1426.79,18308.94
2025-01-20,1432.92,1461.16,1431.94,1446.46,31409.75
2025-01-21,1452.54,1453.52,1436.85,1439.94,16856.04
2025-01-22,1435.15,1439.74,1410.37,1413.31,28293.84
2025-01-23,1422.11,1439.79,1410.37,1415.27,27125.04
2025-01-24,1414.29,1419.97,1402.82,1408.4,31360.34
2025-01-27,1409.38,1416.22,1399.6,1407.41,29356.46
2025-02-05,1412.33,1415.27,1375.26,1376.82,40756.52
2025-02-06,1373.11,1394.66,1373.11,1385.69,27355.82
2025-02-07,1386.51,1414.96,1376.44,1408.4,37242.07
2025-02-10,1410.37,1412.33,1399.67,1404.0,20839.79
2025-02-11,1407.37,1408.36,1388.69,1390.75,23572.83
2025-02-12,1390.75,1417.23,1389.65,1415.27,25475.79
2025-02-13,1415.29,1446.9,1406.94,1436.91,43385.36
2025-02-14,1436.91,1448.62,1430.2,1446.65,27099.92
2025-02-17,1452.54,1466.25,1438.91,1443.34,32470.59
2025-02-18,1441.75,1464.3,1433.98,1446.65,27799.92
2025-02-19,1446.7,1465.72,1436.75,1462.35,32393.31
2025-02-20,1454.5,1463.3,1445.08,1445.67,23749.73
2025-02-21,1451.56,1467.97,1444.7,1459.61,36417.83
2025-02-24,1459.4,1470.7,1445.67,1450.65,34743.73
2025-02-25,1441.76,1445.08,1424.1,1426.06,28387.43
2025-02-26,1427.48,1436.81,1417.23,1431.95,26366.09
2025-02-27,1431.96,1461.27,1426.06,1457.01,49762.17
2025-02-28,1456.95,1499.01,1453.52,1471.95,56128.95
2025-03-03,1473.72,1491.76,1453.03,1458.44,31595.66
2025-03-04,1456.46,1457.44,1437.05,1441.86,25211.21
2025-03-05,1443.71,1445.67,1432.04,1438.19,24605.22
2025-03-06,1445.67,1481.18,1443.79,1477.04,42167.64
2025-03-07,1474.12,1498.99,1474.12,1491.77,37991.35
2025-03-10,1490.6,1497.54,1477.2,1493.63,31369.07
2025-03-11,1487.85,1518.92,1482.94,1518.92,39775.6
2025-03-12,1517.23,1519.9,1497.02,1512.94,29603.96
2025-03-13,1514.33,1525.61,1501.46,1508.22,25724.39
2025-03-14,1517.92,1596.72,1511.39,1596.72,92913.15
2025-03-17,1625.16,1626.13,1595.62,1606.38,54689.13
2025-03-18,1613.43,1620.25,1590.54,1592.79,31613.45
2025-03-19,1593.08,1616.33,1591.81,1604.28,27389.55
2025-03-20,1604.28,1606.13,1564.42,1573.18,36736.77
2025-03-21,1568.27,1581.22,1538.68,1543.51,33614.3
2025-03-24,1539.83,1559.11,1532.36,1552.58,25565.85
2025-03-25,1557.48,1562.19,1536.55,1545.22,17674.38
2025-03-26,1542.55,1552.17,1540.81,1545.71,14323.56
2025-03-27,1545.71,1567.54,1543.14,1558.46,17955.63
2025-03-28,1560.36,1562.39,1545.71,1554.75,16227.89
2025-03-31,1550.6,1556.46,1530.08,1531.0,21084.94
2025-04-01,1533.94,1539.72,1522.38,1526.12,18556.44
2025-04-02,1528.06,1537.67,1515.8,1519.25,21674.01
2025-04-03,1500.6,1555.52,1499.63,1538.73,35480.5
2025-04-07,1490.8,1507.32,1433.9,1471.17,101952.67
2025-04-08,1483.92,1515.31,1466.27,1515.31,73876.49
2025-04-09,1495.71,1526.88,1491.33,1511.43,55630.04
2025-04-10,1521.18,1525.12,1498.64,1519.23,38620.21
2025-04-11,1549.61,1549.61,1515.31,1538.83,32634.23
2025-04-14,1530.97,1535.91,1521.71,1522.16,21711.44
2025-04-15,1522.17,1534.92,1515.31,1528.06,21489.28
2025-04-16,1522.17,1545.71,1507.46,1529.21,31156.05
2025-04-17,1524.14,1546.2,1520.2,1539.83,23846.05
2025-04-18,1535.91,1544.73,1526.1,1535.85,20298.48
2025-04-21,1535.42,1535.42,1521.19,1521.19,18057.03
2025-04-22,1520.21,1526.39,1513.55,1519.04,18432.14
2025-04-23,1529.04,1529.26,1515.31,1522.17,18668.76
2025-04-24,1522.17,1530.69,1519.21,1522.42,14871.81
2025-04-25,1527.18,1531.2,1520.21,1520.21,14764.9
2025-04-28,1522.17,1525.12,1516.88,1520.21,14659.72
2025-04-29,1520.21,1522.7,1502.58,1514.33,18921.8
2025-04-30,1520.2,1536.55,1516.58,1517.27,25754.25
2025-05-06,1529.04,1529.04,1514.65,1520.41,18300.26
2025-05-07,1539.83,1539.83,1520.41,1525.12,27462.21
2025-05-08,1523.16,1562.17,1520.05,1547.86,33481.06
2025-05-09,1548.65,1566.75,1544.78,1560.6,23671.9
2025-05-12,1567.29,1587.82,1565.93,1573.67,24735.33
2025-05-13,1578.0,1578.0,1554.65,1559.74,21258.29
2025-05-14,1559.44,1613.39,1557.66,1603.57,39460.12
2025-05-15,1603.38,1612.0,1592.92,1600.65,24732.85
2025-05-16,1602.59,1605.53,1583.11,1583.11,22935.22
2025-05-19,1565.33,1569.25,1543.63,1548.64,38062.83
2025-05-20,1549.64,1564.15,1544.83,1555.52,19521.53
2025-05-21,1554.54,1565.27,1550.59,1550.59,19794.64
2025-05-22,1550.61,1554.53,1539.93,1549.64,15090.24
2025-05-23,1544.93,1557.38,1541.46,1542.38,21537.0
2025-05-26,1539.83,1544.37,1515.31,1520.7,27086.53
2025-05-27,1521.19,1528.65,1513.85,1514.23,17752.13
2025-05-28,1514.32,1516.74,1503.54,1507.46,16265.68
2025-05-29,1510.41,1525.12,1502.56,1510.41,21859.58
2025-05-30,1510.55,1515.31,1486.12,1492.75,31239.18
2025-06-03,1479.03,1489.81,1476.1,1480.0,28979.18
2025-06-04,1481.47,1493.73,1480.22,1480.94,23008.09
2025-06-05,1484.9,1486.87,1473.33,1484.9,23213.66
2025-06-06,1484.71,1489.78,1474.12,1477.44,25023.07
2025-06-09,1476.1,1479.71,1457.13,1457.55,44958.67
2025-06-10,1457.44,1463.33,1446.46,1446.66,30492.2
2025-06-11,1448.42,1465.29,1447.73,1451.56,30892.82
2025-06-12,1451.56,1455.35,1426.16,1430.96,49903.61
2025-06-13,1416.65,1422.11,1397.67,1399.53,59113.25
2025-06-16,1374.27,1397.65,1374.25,1394.96,42887.87
2025-06-17,1392.71,1399.58,1385.04,1399.58,27231.51
2025-06-18,1412.33,1415.7,1393.7,1397.62,30760.99
2025-06-19,1398.6,1406.12,1389.95,1398.6,24500.72
2025-06-20,1396.22,1413.45,1392.91,1401.2,34815.81
2025-06-23,1392.71,1405.46,1378.18,1392.71,26723.31
2025-06-24,1396.0,1423.78,1396.0,1409.58,36311.51
2025-06-25,1411.45,1421.35,1393.21,1408.27,41050.07
2025-06-26,1415.0,1428.0,1410.08,1420.0,34860.25
2025-06-27,1420.01,1423.0,1403.09,1403.09,38249.73
2025-06-30,1403.5,1413.23,1402.0,1409.52,30457.3
2025-07-01,1409.0,1411.94,1403.31,1405.1,19878.19
2025-07-02,1409.5,1414.8,1400.0,1409.6,26218.25
2025-07-03,1412.0,1422.69,1408.0,1415.6,24412.67
2025-07-04,1415.7,1431.89,1410.01,1422.22,28766.91
2025-07-07,1422.28,1423.5,1410.01,1410.7,23854.67
2025-07-08,1410.71,1420.0,1410.7,1416.11,18673.7
2025-07-09,1415.0,1429.97,1414.17,1418.88,27745.32
2025-07-10,1418.97,1436.18,1410.4,1426.5,38725.03
2025-07-11,1423.16,1458.0,1423.16,1427.0,57243.35
2025-07-14,1430.0,1434.98,1421.6,1423.6,27780.94
2025-07-15,1420.98,1422.93,1408.32,1411.0,35405.78
2025-07-16,1410.01,1417.49,1409.95,1411.03,21286.05
2025-07-17,1413.98,1423.01,1412.88,1416.35,23105.54
2025-07-18,1420.0,1437.81,1416.38,1437.0,41823.41
2025-07-21,1436.99,1446.8,1435.0,1443.0,26203.31
2025-07-22,1444.0,1466.6,1440.68,1464.98,42118.98
2025-07-23,1469.0,1495.0,1468.95,1475.5,45044.84
2025-07-24,1476.0,1499.0,1475.0,1491.5,38803.64
2025-07-25,1491.4,1491.4,1453.0,1455.0,41911.26
2025-07-28,1453.0,1454.99,1436.3,1438.66,38586.32
2025-07-29,1439.6,1448.79,1435.01,1439.0,26304.08
2025-07-30,1444.0,1457.16,1437.0,1449.44,31867.71
2025-07-31,1443.0,1444.87,1418.0,1421.67,51797.51
2025-08-01,1421.87,1425.96,1414.0,1417.0,29635.59
2025-08-04,1415.0,1419.8,1414.0,1419.0,18687.95
2025-08-05,1421.0,1429.94,1417.11,1427.74,25342.27
2025-08-06,1429.0,1429.0,1419.3,1423.88,23699.28
2025-08-07,1423.88,1427.7,1420.06,1422.35,28001.34
2025-08-08,1423.05,1426.5,1418.0,1420.97,18655.28
2025-08-11,1423.5,1451.99,1423.0,1445.0,47159.07
2025-08-12,1449.0,1465.07,1436.0,1437.04,42019.23
2025-08-13,1425.0,1433.68,1420.0,1420.05,65527.54
2025-08-14,1420.94,1447.51,1420.94,1426.99,48129.3
2025-08-15,1426.01,1428.66,1420.22,1422.08,47581.65
2025-08-18,1426.99,1436.64,1423.1,1428.5,47377.98
2025-08-19,1433.5,1446.66,1432.0,1438.0,46371.86
2025-08-20,1438.0,1452.8,1430.02,1450.0,45804.66
2025-08-21,1453.45,1454.99,1443.65,1448.25,30890.57
2025-08-22,1448.88,1464.0,1444.77,1463.95,44970.58
2025-08-25,1470.01,1496.0,1466.0,1490.33,65324.55
2025-08-26,1490.32,1494.23,1480.01,1481.61,39602.13
2025-08-27,1481.88,1484.93,1448.0,1448.0,56006.09
2025-08-28,1447.97,1456.1,1438.77,1446.1,39281.77
2025-08-29,1453.0,1482.58,1452.0,1480.0,62256.48
2025-09-01,1482.2,1488.0,1465.7,1476.1,45123.38
2025-09-02,1478.66,1509.0,1478.0,1491.3,56688.37
2025-09-03,1491.0,1503.5,1466.0,1480.55,45045.03
2025-09-04,1472.0,1479.3,1460.47,1472.66,47746.76
2025-09-05,1471.0,1486.97,1464.0,1483.0,37388.48
2025-09-08,1483.0,1506.44,1477.5,1501.23,51382.98
2025-09-09,1505.0,1509.95,1493.42,1505.0,35742.77
2025-09-10,1506.66,1529.95,1496.0,1522.01,49663.31
2025-09-11,1522.01,1526.02,1508.5,1523.5,37238.96
2025-09-12,1526.0,1538.02,1510.53,1516.0,33722.09
2025-09-15,1515.87,1517.48,1501.5,1515.1,25827.03
2025-09-16,1515.1,1520.99,1496.21,1499.98,32717.89
2025-09-17,1499.99,1510.28,1490.01,1493.0,30330.54
2025-09-18,1492.0,1497.8,1463.5,1467.96,49721.25
2025-09-19,1467.99,1475.5,1457.01,1467.97,32636.62
2025-09-22,1465.09,1467.97,1450.01,1453.35,34947.08
2025-09-23,1450.5,1457.5,1440.0,1447.42,38663.0
2025-09-24,1434.07,1456.78,1434.07,1442.0,30743.5
2025-09-25,1442.83,1445.21,1436.0,1439.0,33869.73
2025-09-26,1441.18,1447.11,1428.01,1435.0,45120.71
2025-09-29,1439.38,1469.99,1435.0,1460.86,53684.03
2025-09-30,1460.0,1460.76,1440.0,1443.99,39363.62
2025-10-09,1436.0,1439.38,1420.0,1436.78,54918.12
2025-10-10,1437.6,1439.94,1427.5,1430.0,36001.44
2025-10-13,1415.7,1422.85,1415.12,1419.2,46068.8
2025-10-14,1429.99,1464.0,1429.99,1451.02,66672.33
2025-10-15,1450.98,1463.0,1445.08,1462.0,42785.4
2025-10-16,1461.92,1484.95,1458.88,1484.91,45730.15
2025-10-17,1483.1,1488.0,1454.03,1455.0,38085.89
2025-10-20,1455.0,1469.5,1454.88,1457.93,25949.88
2025-10-21,1459.0,1469.94,1455.5,1462.26,25442.67
2025-10-22,1462.08,1465.73,1456.0,1458.7,18194.92
2025-10-23,1455.0,1468.8,1447.2,1467.98,29322.35
2025-10-24,1467.95,1478.88,1449.34,1450.0,38225.83
2025-10-27,1440.0,1452.49,1435.99,1440.41,37102.39
2025-10-28,1442.0,1451.2,1441.1,1445.0,27124.33
2025-10-29,1440.02,1446.55,1430.04,1431.9,33937.11
2025-10-30,1421.81,1436.63,1421.81,1426.74,47456.1
2025-10-31,1422.0,1435.98,1420.11,1430.01,35693.77
2025-11-03,1431.0,1448.0,1420.1,1435.0,34547.66
2025-11-04,1435.1,1435.78,1423.78,1429.0,26565.72
2025-11-05,1425.89,1430.99,1420.01,1420.08,34475.27
2025-11-06,1430.0,1441.45,1429.99,1435.13,38347.82
2025-11-07,1435.11,1439.78,1431.11,1433.33,18861.39
2025-11-10,1435.0,1463.69,1434.98,1462.3,49451.54
2025-11-11,1462.0,1462.18,1447.0,1458.99,26691.56
2025-11-12,1459.98,1478.36,1459.21,1465.15,32992.1
2025-11-13,1462.12,1473.58,1458.0,1470.38,31179.23
2025-11-14,1470.0,1478.95,1456.3,1456.6,27473.06
2025-11-17,1454.0,1473.0,1445.79,1471.0,34462.21
2025-11-18,1470.7,1486.07,1469.0,1476.0,34204.78
2025-11-19,1474.0,1479.53,1469.96,1471.01,22045.37
2025-11-20,1472.0,1479.9,1465.03,1467.11,24002.32
2025-11-21,1470.5,1480.0,1456.0,1466.6,42607.2
2025-11-24,1467.0,1471.0,1451.13,1452.0,33607.44
2025-11-25,1458.0,1458.0,1444.5,1444.65,28440.69
2025-11-26,1448.88,1453.49,1443.58,1449.15,20306.16
2025-11-27,1449.5,1450.0,1439.04,1447.3,22286.89
2025-11-28,1446.5,1455.5,1443.0,1450.5,23211.21
