date,open,high,low,close,volume
2010-01-04,4.86,4.89,4.79,4.79,41700.16
2010-01-05,4.76,5.0,4.72,4.99,66648.3
2010-01-06,4.99,4.99,4.88,4.88,36324.65
2010-01-07,4.88,4.88,4.74,4.74,27389.64
2010-01-08,4.74,4.81,4.69,4.75,28208.99
2010-01-11,4.76,4.97,4.72,4.94,54322.45
2010-01-12,4.89,5.1,4.89,4.99,55519.91
2010-01-13,4.9,5.34,4.86,5.18,95649.82
2010-01-14,5.24,5.46,5.2,5.44,88076.71
2010-01-15,5.43,5.43,5.26,5.3,35456.45
2010-01-18,5.31,5.37,5.24,5.28,29916.4
2010-01-19,5.29,5.31,5.09,5.23,47957.25
2010-01-20,5.23,5.25,5.01,5.04,32288.41
2010-01-21,5.07,5.14,4.98,5.04,30354.5
2010-01-22,4.96,5.03,4.58,4.78,50072.03
2010-01-25,4.72,4.83,4.63,4.73,27926.1
2010-01-26,4.69,4.88,4.48,4.59,43888.19
2010-01-27,4.6,4.83,4.52,4.69,46637.35
2010-01-28,4.79,4.9,4.78,4.87,39306.52
2010-01-29,4.81,4.97,4.79,4.91,31548.39
2010-02-01,4.89,5.09,4.84,5.04,48993.47
2010-02-02,5.05,5.12,4.83,4.88,36553.55
2010-02-03,4.85,4.95,4.69,4.82,24421.86
2010-02-04,4.83,5.01,4.83,4.87,22119.94
2010-02-05,4.82,4.86,4.73,4.73,14974.3
2010-02-08,4.73,4.76,4.58,4.63,11801.33
2010-02-09,4.62,4.71,4.59,4.68,7232.54
2010-02-10,4.72,4.91,4.69,4.89,20216.2
2010-02-11,4.91,4.99,4.85,4.89,11786.49
2010-02-12,4.93,5.0,4.9,4.95,10211.37
2010-02-22,4.98,4.99,4.91,4.92,8480.37
2010-02-23,4.96,4.96,4.75,4.87,13899.78
2010-02-24,4.86,4.97,4.76,4.96,18846.0
2010-02-25,4.95,5.07,4.93,5.04,24466.39
2010-02-26,5.05,5.15,5.0,5.01,21145.54
2010-03-01,4.99,5.1,4.98,5.06,12379.12
2010-03-02,5.06,5.07,4.92,4.97,29733.8
2010-03-03,4.93,5.07,4.92,5.04,21085.28
2010-03-04,5.03,5.35,5.03,5.15,61261.1
2010-03-05,5.16,5.28,5.14,5.23,43082.75
2010-03-08,5.25,5.3,5.22,5.25,32897.47
2010-03-09,5.25,5.3,5.13,5.22,17876.83
2010-03-10,5.19,5.27,5.07,5.1,12777.96
2010-03-11,5.1,5.11,4.99,5.05,11344.23
2010-03-12,5.06,5.08,4.95,4.96,9625.38
2010-03-15,4.95,5.01,4.86,4.97,13914.72
2010-03-16,4.98,5.05,4.96,4.99,16061.86
2010-03-17,5.0,5.14,4.99,5.11,16184.47
2010-03-18,5.13,5.28,5.13,5.2,17533.55
2010-03-19,5.17,5.23,5.14,5.2,13272.29
2010-03-22,5.2,5.32,5.13,5.17,20210.04
2010-03-23,5.24,5.32,5.18,5.24,24372.46
2010-03-24,5.26,5.28,5.16,5.17,15445.86
2010-03-25,5.17,5.17,5.06,5.09,13382.95
2010-03-26,5.07,5.17,5.04,5.11,8638.58
2010-03-29,5.09,5.19,5.09,5.14,13130.32
2010-03-30,5.15,5.26,5.14,5.25,27556.05
2010-03-31,5.25,5.25,5.1,5.15,25245.01
2010-04-01,5.14,5.38,5.11,5.36,32269.85
2010-04-02,5.34,5.34,5.28,5.3,18517.71
2010-04-06,5.32,5.41,5.29,5.33,18108.44
2010-04-07,5.33,5.41,5.29,5.4,20126.6
2010-04-08,5.4,5.56,5.33,5.53,30825.52
2010-04-09,5.55,5.85,5.55,5.76,34531.59
2010-04-12,5.79,6.04,5.79,5.96,38535.16
2010-04-13,5.96,5.99,5.48,5.66,46404.78
2010-04-14,5.67,5.99,5.57,5.97,29971.5
2010-04-15,5.97,6.04,5.68,5.81,21315.91
2010-04-19,5.76,5.93,5.64,5.88,39029.86
2010-04-20,5.85,6.34,5.71,6.29,42942.47
2010-04-21,6.29,6.38,6.18,6.31,29454.47
2010-04-22,6.25,6.63,6.2,6.51,31782.12
2010-04-23,6.48,6.6,6.34,6.37,28395.39
2010-04-26,6.36,6.46,6.15,6.31,25901.78
2010-04-27,6.31,6.31,5.99,6.17,42709.28
2010-04-28,6.08,6.46,5.99,6.31,21853.56
2010-04-29,6.34,6.38,5.9,5.98,36965.36
2010-04-30,5.52,5.8,5.38,5.38,63395.62
2010-05-04,5.01,5.37,4.89,5.21,47466.66
2010-05-05,5.1,5.43,5.05,5.2,53954.11
2010-05-06,5.2,5.29,5.06,5.25,45708.78
2010-05-07,5.13,5.35,5.01,5.35,37839.13
2010-05-10,5.31,5.37,5.01,5.29,21055.51
2010-05-11,5.36,5.43,5.16,5.21,19550.34
2010-05-12,5.08,5.3,5.01,5.04,18806.18
2010-05-13,5.05,5.19,4.96,5.17,22134.25
2010-05-14,5.12,5.29,5.08,5.16,17890.32
2010-05-17,5.13,5.13,4.8,4.91,24722.74
2010-05-18,4.91,5.01,4.78,4.98,18961.64
2010-05-19,4.94,5.01,4.8,4.83,25691.81
2010-05-20,4.82,4.93,4.71,4.78,20398.31
2010-05-21,4.63,4.85,4.57,4.82,38077.89
2010-05-24,4.85,5.07,4.85,4.99,26749.92
2010-05-25,4.99,5.05,4.96,4.99,23389.95
2010-05-26,4.96,5.09,4.96,4.99,19266.89
2010-05-27,5.01,5.06,4.94,5.03,18606.31
2010-05-28,5.06,5.18,5.05,5.12,33125.42
2010-05-31,5.09,5.1,4.87,4.96,27300.14
2010-06-01,4.89,4.99,4.75,4.77,29702.7
2010-06-02,4.75,4.82,4.55,4.66,45080.94
2010-06-03,4.72,5.11,4.72,4.96,62172.38
2010-06-04,4.89,5.22,4.78,5.1,40701.76
2010-06-07,4.99,5.61,4.85,5.61,89379.09
2010-06-09,5.61,5.75,5.14,5.49,58333.81
2010-06-10,5.36,5.46,5.32,5.34,51479.66
2010-06-11,5.36,5.57,5.35,5.46,45378.06
2010-06-17,5.49,5.54,5.32,5.35,16949.55
2010-06-18,5.36,5.4,5.08,5.11,23291.51
2010-06-21,5.02,5.23,5.0,5.17,14208.94
2010-06-22,5.18,5.38,5.18,5.21,16865.8
2010-06-23,5.27,5.59,5.27,5.42,54223.66
2010-06-24,5.36,5.38,5.2,5.33,25918.0
2010-06-25,5.34,5.36,5.2,5.23,11488.45
2010-06-28,5.23,5.36,5.17,5.23,9449.11
2010-06-29,5.24,5.48,4.99,5.15,89142.16
2010-06-30,4.99,5.14,4.78,5.09,21894.59
2010-07-01,5.09,5.17,5.01,5.04,22242.82
2010-07-02,5.09,5.1,4.73,4.89,21977.54
2010-07-05,4.86,4.86,4.67,4.74,18615.64
2010-07-06,4.74,4.89,4.7,4.83,12810.95
2010-07-07,4.81,5.01,4.77,4.94,18073.19
2010-07-08,4.94,4.94,4.72,4.81,29017.46
2010-07-09,4.81,4.95,4.72,4.93,33372.44
2010-07-12,4.89,5.11,4.86,5.05,26265.17
2010-07-13,4.98,5.02,4.86,4.87,15556.81
2010-07-14,4.87,4.98,4.87,4.9,15260.99
2010-07-15,4.94,4.96,4.76,4.82,10408.34
2010-07-16,4.78,4.84,4.73,4.8,10972.48
2010-07-19,4.78,4.92,4.71,4.91,30212.29
2010-07-20,4.92,5.01,4.86,5.0,34540.75
2010-07-21,5.0,5.12,4.97,5.02,24909.18
2010-07-22,5.0,5.09,4.99,5.06,13127.39
2010-07-23,5.06,5.09,4.99,5.01,14232.71
2010-07-26,5.01,5.18,4.97,5.14,20678.7
2010-07-27,5.14,5.28,5.1,5.16,23318.54
2010-07-28,5.23,5.24,5.15,5.21,22537.9
2010-07-29,5.26,5.27,5.09,5.17,21894.97
2010-07-30,5.17,5.21,5.12,5.18,18259.22
2010-08-02,5.21,5.28,5.13,5.28,33967.73
2010-08-03,5.27,5.38,5.08,5.1,45463.67
2010-08-04,5.05,5.12,5.01,5.08,24603.93
2010-08-05,5.11,5.11,5.0,5.08,32288.21
2010-08-06,5.07,5.24,5.06,5.2,25688.07
2010-08-09,5.2,5.27,5.17,5.24,34762.22
2010-08-10,5.27,5.34,5.17,5.18,54842.73
2010-08-11,5.15,5.3,5.14,5.27,63778.7
2010-08-12,5.21,5.59,5.19,5.46,94465.81
2010-08-13,5.45,5.52,5.36,5.48,54760.99
2010-08-16,5.45,5.61,5.37,5.56,54749.43
2010-08-17,5.57,5.69,5.48,5.53,32179.45
2010-08-18,5.49,5.58,5.44,5.47,34611.87
2010-08-19,5.47,5.51,5.33,5.44,33961.51
2010-08-20,5.41,5.43,5.26,5.27,27785.78
2010-08-23,5.31,5.36,5.2,5.26,37039.91
2010-08-24,5.27,5.4,5.24,5.37,33694.31
2010-08-25,5.34,5.4,5.23,5.27,29463.73
2010-08-26,5.23,5.29,5.15,5.27,25109.22
2010-08-27,5.22,5.33,5.2,5.32,24436.76
2010-08-30,5.3,5.38,5.17,5.36,122247.04
2010-08-31,5.34,5.4,5.3,5.4,63747.27
2010-09-01,5.41,5.55,5.35,5.45,65719.02
2010-09-02,5.45,5.61,5.39,5.6,86395.14
2010-09-03,5.6,5.9,5.57,5.82,108460.81
2010-09-06,5.86,5.94,5.68,5.69,56220.01
2010-09-07,5.69,5.79,5.52,5.73,66446.97
2010-09-08,5.63,5.73,5.57,5.62,51238.56
2010-09-09,5.64,5.78,5.56,5.65,66565.02
2010-09-10,5.65,5.71,5.58,5.68,49293.31
2010-09-13,5.68,6.14,5.68,6.08,93288.44
2010-09-14,6.09,6.41,6.01,6.27,95667.58
2010-09-15,6.27,6.35,6.11,6.18,47291.08
2010-09-16,6.18,6.19,5.91,6.16,32988.97
2010-09-17,6.17,6.19,5.97,6.09,21774.84
2010-09-20,6.27,6.43,5.89,5.89,44427.91
2010-09-21,5.77,5.97,5.77,5.87,23604.15
2010-09-27,5.83,6.22,5.72,6.2,33506.02
2010-09-28,6.15,6.23,6.06,6.15,21115.88
2010-09-29,6.03,6.13,5.92,5.94,54641.62
2010-09-30,5.91,6.08,5.88,6.04,21578.54
2010-10-08,6.09,6.19,5.98,6.17,32773.24
2010-10-11,6.17,6.18,5.94,6.03,55611.02
2010-10-12,5.97,6.06,5.72,5.77,114225.75
2010-10-13,5.76,5.76,5.41,5.58,147503.12
2010-10-14,5.52,5.52,5.34,5.4,76744.28
2010-10-15,5.4,5.51,5.38,5.44,52925.22
2010-10-18,5.44,5.44,5.16,5.33,95630.59
2010-10-19,5.33,5.57,5.31,5.52,56426.31
2010-10-20,5.46,5.63,5.37,5.5,53241.08
2010-10-21,5.49,5.49,5.28,5.35,71882.36
2010-10-22,5.35,5.6,5.24,5.55,101569.07
2010-10-25,5.62,5.82,5.62,5.7,117821.79
2010-10-26,5.69,5.69,5.49,5.51,96542.94
2010-10-27,5.52,5.63,5.35,5.38,75078.54
2010-10-28,5.37,5.74,5.36,5.71,136923.24
2010-10-29,5.8,5.87,5.59,5.7,142694.77
2010-11-01,5.7,5.75,5.62,5.72,114077.5
2010-11-02,5.77,5.78,5.48,5.54,111961.65
2010-11-03,5.55,5.55,5.33,5.35,110470.79
2010-11-04,5.37,5.57,5.37,5.56,102334.23
2010-11-05,5.59,5.85,5.59,5.82,265781.86
2010-11-08,5.85,6.08,5.83,5.91,195077.98
2010-11-09,5.87,6.06,5.82,5.92,183152.39
2010-11-10,5.87,6.07,5.69,6.0,193288.06
2010-11-11,5.94,6.23,5.92,5.99,187731.97
2010-11-12,5.98,6.04,5.45,5.58,129442.36
2010-11-15,5.59,5.72,5.52,5.69,80202.4
2010-11-16,5.68,5.68,5.35,5.38,92048.74
2010-11-17,5.34,5.45,5.22,5.26,46597.1
2010-11-18,5.29,5.37,5.15,5.3,38402.26
2010-11-19,5.36,5.49,5.26,5.47,52481.57
2010-11-22,5.43,5.63,5.37,5.51,65989.85
2010-11-23,5.51,5.51,5.31,5.49,50741.61
2010-11-24,5.45,5.55,5.41,5.53,64557.68
2010-11-25,5.62,5.84,5.61,5.68,105999.7
2010-11-26,5.68,5.83,5.62,5.8,85132.44
2010-11-29,5.78,5.89,5.71,5.86,92025.74
2010-11-30,6.06,6.3,5.86,6.08,404463.61
2010-12-01,6.06,6.17,5.91,6.0,98377.76
2010-12-02,6.06,6.16,5.99,6.0,92649.73
2010-12-06,5.93,6.04,5.52,5.72,97375.85
2010-12-07,5.65,5.72,5.53,5.67,50061.64
2010-12-08,5.69,5.73,5.59,5.72,42340.63
2010-12-09,5.68,5.68,5.48,5.51,64450.69
2010-12-10,5.5,5.62,5.43,5.56,34495.54
2010-12-13,5.59,5.75,5.59,5.68,57757.14
2010-12-14,5.78,5.92,5.74,5.78,63030.46
2010-12-15,5.77,5.77,5.64,5.7,65084.82
2010-12-16,5.68,5.75,5.61,5.7,50740.24
2010-12-17,5.67,5.75,5.63,5.74,43812.11
2010-12-20,5.74,5.8,5.59,5.78,51452.28
2010-12-21,5.83,5.83,5.7,5.72,41559.34
2010-12-22,5.69,5.75,5.66,5.7,26579.32
2010-12-23,5.68,5.71,5.45,5.5,49702.03
2010-12-24,5.48,5.52,5.31,5.34,57520.2
2010-12-27,5.39,5.48,5.17,5.2,29920.9
2010-12-28,5.21,5.25,5.14,5.16,46803.17
2010-12-29,5.22,5.23,5.15,5.21,33605.05
2010-12-30,5.22,5.36,5.2,5.34,69205.15
2010-12-31,5.34,5.5,5.29,5.42,39027.78
2011-01-04,5.47,5.5,5.32,5.36,61133.24
2011-01-05,5.36,5.41,5.29,5.32,23827.4
2011-01-06,5.34,5.4,5.29,5.38,29377.6
2011-01-07,5.38,5.4,5.13,5.23,55544.49
2011-01-10,5.23,5.24,4.94,4.96,66893.03
2011-01-11,4.96,5.15,4.94,5.06,48577.08
2011-01-12,5.06,5.12,5.01,5.1,22641.33
2011-01-13,5.21,5.27,5.11,5.12,37976.63
2011-01-14,5.11,5.11,4.97,4.99,14164.05
2011-01-17,4.99,4.99,4.66,4.72,34743.52
2011-01-18,4.72,4.81,4.62,4.75,32409.22
2011-01-19,4.75,4.8,4.72,4.79,19134.77
2011-01-20,4.77,4.82,4.67,4.7,24752.95
2011-01-21,4.68,4.77,4.55,4.63,50047.32
2011-01-24,4.66,4.68,4.58,4.66,21980.06
2011-01-25,4.64,4.72,4.61,4.65,17692.95
2011-01-26,4.59,4.68,4.59,4.67,15075.73
2011-01-27,4.66,4.8,4.61,4.75,25909.12
2011-01-28,4.76,4.94,4.75,4.89,25628.07
2011-01-31,4.89,4.95,4.87,4.92,19235.89
2011-02-01,4.87,5.02,4.87,5.01,14948.31
2011-02-09,4.9,5.01,4.8,4.88,16925.6
2011-02-10,5.01,5.03,4.82,4.92,42069.31
2011-02-11,4.89,4.96,4.84,4.89,34140.05
2011-02-14,4.92,5.0,4.89,4.99,34635.98
2011-02-15,5.0,5.21,4.99,5.11,77536.94
2011-02-16,5.12,5.17,5.03,5.13,22407.61
2011-02-17,5.13,5.14,5.06,5.09,21808.12
2011-02-18,5.08,5.09,4.9,4.94,26026.99
2011-02-21,4.92,5.05,4.89,5.02,35360.96
2011-02-22,5.02,5.19,5.0,5.14,92826.43
2011-02-23,5.11,5.21,5.06,5.14,40991.48
2011-02-24,5.15,5.2,4.95,4.96,48435.92
2011-02-25,5.01,5.05,4.97,5.02,36071.49
2011-02-28,5.06,5.1,4.98,5.1,26707.03
2011-03-01,5.12,5.12,5.04,5.1,23280.97
2011-03-02,5.04,5.08,5.0,5.04,15523.9
2011-03-03,5.05,5.12,4.97,4.98,33600.95
2011-03-04,4.99,5.03,4.94,4.97,32356.41
2011-03-07,4.97,5.01,4.95,4.97,45421.85
2011-03-08,4.98,5.02,4.94,5.02,36223.41
2011-03-09,5.02,5.03,4.99,5.02,30129.63
2011-03-10,5.01,5.07,4.96,5.06,49510.09
2011-03-11,5.05,5.07,4.99,5.06,37957.81
2011-03-14,5.05,5.06,4.98,5.02,24714.9
2011-03-15,5.01,5.01,4.82,4.97,45731.98
2011-03-16,4.92,5.02,4.92,5.0,24093.79
2011-03-17,4.99,4.99,4.85,4.87,41320.71
2011-03-18,4.92,4.94,4.83,4.89,22485.52
2011-03-21,4.89,4.91,4.85,4.9,22401.78
2011-03-22,4.9,4.92,4.84,4.87,18129.12
2011-03-23,4.87,4.93,4.84,4.9,38110.25
2011-03-24,4.87,4.92,4.82,4.84,31202.17
2011-03-25,4.87,4.87,4.78,4.82,31075.64
2011-03-28,4.8,4.8,4.65,4.66,99605.25
2011-03-29,4.66,4.66,4.58,4.62,43601.31
2011-03-30,4.61,4.68,4.56,4.67,41699.78
2011-03-31,4.68,4.69,4.59,4.62,27969.49
2011-04-01,4.63,4.71,4.63,4.69,47548.71
2011-04-06,4.69,4.74,4.66,4.74,49286.02
2011-04-07,4.74,4.74,4.64,4.68,28935.3
2011-04-08,4.67,4.74,4.66,4.71,31136.04
2011-04-11,4.71,4.76,4.7,4.74,24286.02
2011-04-12,4.79,4.9,4.71,4.77,50126.31
2011-04-13,4.77,4.84,4.71,4.82,30865.69
2011-04-14,4.8,4.85,4.79,4.81,18371.65
2011-04-15,4.81,4.81,4.71,4.73,24404.48
2011-04-18,4.73,4.74,4.68,4.72,15934.2
2011-04-19,4.72,4.72,4.66,4.69,20212.32
2011-04-20,4.72,4.75,4.67,4.73,19774.01
2011-04-21,4.75,4.81,4.71,4.77,56698.77
2011-04-22,4.77,4.77,4.66,4.69,28825.89
2011-04-25,4.68,4.68,4.61,4.62,15822.96
2011-04-27,4.62,4.65,4.56,4.58,16511.63
2011-04-28,4.58,4.61,4.48,4.49,15169.44
2011-04-29,4.49,4.56,4.49,4.53,9752.86
2011-05-03,4.52,4.61,4.45,4.6,14911.93
2011-05-04,4.58,4.63,4.51,4.55,16398.64
2011-05-05,4.54,4.73,4.54,4.69,40292.07
2011-05-06,4.66,4.79,4.62,4.77,35777.13
2011-05-09,4.76,4.78,4.72,4.75,14706.45
2011-05-10,4.77,4.8,4.71,4.77,11700.04
2011-05-11,4.78,4.78,4.69,4.7,12310.96
2011-05-12,4.74,4.74,4.6,4.63,14399.87
2011-05-13,4.65,4.8,4.63,4.79,22153.96
2011-05-16,4.76,4.85,4.73,4.82,23700.68
2011-05-17,4.78,4.89,4.78,4.83,30161.37
2011-05-18,4.79,4.94,4.79,4.91,38992.23
2011-05-19,4.91,4.96,4.84,4.89,37170.88
2011-05-20,4.88,4.93,4.77,4.8,27079.34
2011-05-23,4.77,4.81,4.64,4.66,18628.59
2011-05-24,4.67,4.71,4.6,4.67,16559.02
2011-05-25,4.62,4.71,4.6,4.67,9156.71
2011-05-26,4.73,4.76,4.65,4.65,7545.38
2011-05-27,4.67,4.76,4.65,4.69,14932.52
2011-05-30,4.68,4.7,4.56,4.59,12316.37
2011-05-31,4.62,4.67,4.59,4.65,7088.05
2011-06-01,4.64,4.82,4.6,4.76,23685.59
2011-06-02,4.73,4.8,4.69,4.76,17322.77
2011-06-03,4.75,4.85,4.75,4.84,19805.34
2011-06-07,4.81,4.91,4.81,4.88,15566.03
2011-06-08,4.86,4.86,4.78,4.84,10355.34
2011-06-09,4.82,4.88,4.75,4.77,17017.9
2011-06-10,4.73,4.8,4.73,4.77,8846.89
2011-06-13,4.77,4.8,4.7,4.72,11884.97
2011-06-14,4.69,4.78,4.69,4.73,19314.35
2011-06-15,4.73,4.79,4.7,4.79,14748.49
2011-06-16,4.76,4.84,4.76,4.83,42343.9
2011-06-17,4.83,4.83,4.7,4.73,14055.24
2011-06-20,4.7,4.73,4.61,4.64,10335.5
2011-06-21,4.64,4.69,4.61,4.68,13891.39
2011-06-22,4.68,4.71,4.61,4.64,9545.74
2011-06-23,4.63,4.71,4.61,4.68,11229.92
2011-06-24,4.68,4.83,4.67,4.81,22747.4
2011-06-27,4.8,4.88,4.78,4.83,21168.45
2011-06-28,4.85,4.94,4.83,4.88,37310.82
2011-06-29,4.88,4.95,4.81,4.82,38161.95
2011-06-30,4.83,4.89,4.78,4.87,25351.41
2011-07-01,4.88,4.9,4.8,4.83,15032.08
2011-07-04,4.88,4.95,4.85,4.95,30090.2
2011-07-05,4.94,4.99,4.89,4.93,27505.67
2011-07-06,4.88,4.98,4.87,4.97,22630.9
2011-07-07,4.97,5.24,4.95,5.21,92288.13
2011-07-08,5.22,5.42,5.21,5.24,62894.97
2011-07-11,5.27,5.32,5.22,5.26,40819.79
2011-07-12,5.25,5.26,5.14,5.24,30639.11
2011-07-13,5.23,5.33,5.21,5.33,22588.81
2011-07-14,5.34,5.4,5.25,5.35,24583.2
2011-07-15,5.33,5.44,5.28,5.29,40209.57
2011-07-18,5.29,5.37,5.19,5.33,39540.0
2011-07-19,5.29,5.31,5.18,5.2,22295.3
2011-07-20,5.21,5.33,5.12,5.29,24578.21
2011-07-21,5.31,5.34,5.2,5.26,14933.96
2011-07-22,5.25,5.48,5.23,5.42,53618.97
2011-07-25,5.37,5.38,5.17,5.2,42972.19
2011-07-26,5.13,5.35,5.13,5.3,23046.34
2011-07-27,5.25,5.47,5.23,5.45,38133.38
2011-07-28,5.38,5.44,5.34,5.35,23492.93
2011-07-29,5.35,5.5,5.35,5.38,26648.0
2011-08-01,5.38,5.42,5.34,5.38,13037.36
2011-08-02,5.35,5.35,5.19,5.29,17060.52
2011-08-03,5.25,5.31,5.17,5.24,19806.26
2011-08-04,5.28,5.37,5.22,5.37,13893.9
2011-08-05,5.23,5.42,5.13,5.41,34675.15
2011-08-08,5.26,5.49,5.16,5.31,40002.1
2011-08-09,5.23,5.29,5.07,5.23,21397.37
2011-08-10,5.3,5.41,5.28,5.31,20326.68
2011-08-11,5.22,5.48,5.2,5.46,30600.95
2011-08-12,5.52,5.77,5.46,5.49,48375.34
2011-08-15,5.5,5.66,5.47,5.61,28952.47
2011-08-16,5.64,5.65,5.49,5.54,15315.39
2011-08-17,5.52,5.59,5.47,5.47,13633.96
2011-08-18,5.48,5.58,5.38,5.39,28616.88
2011-08-19,5.49,5.69,5.42,5.58,121404.75
2011-08-22,5.58,5.65,5.48,5.53,37179.83
2011-08-23,5.54,5.67,5.54,5.64,37155.96
2011-08-24,5.68,5.76,5.57,5.61,32012.87
2011-08-25,5.59,5.62,5.46,5.55,44606.78
2011-08-26,5.54,5.65,5.49,5.63,31096.46
2011-08-29,5.61,5.79,5.57,5.72,62704.36
2011-08-30,5.74,5.77,5.66,5.71,29777.84
2011-08-31,5.66,5.74,5.62,5.65,18174.68
2011-09-01,5.68,5.76,5.68,5.74,26669.27
2011-09-02,5.77,5.77,5.56,5.57,16095.66
2011-09-05,5.54,5.67,5.35,5.39,30164.38
2011-09-06,5.37,5.47,5.33,5.42,36004.26
2011-09-07,5.42,5.55,5.39,5.47,30564.66
2011-09-08,5.52,5.55,5.39,5.45,12858.07
2011-09-09,5.53,5.54,5.38,5.38,13543.39
2011-09-13,5.3,5.43,5.25,5.31,14437.11
2011-09-14,5.32,5.43,5.3,5.4,27313.58
2011-09-15,5.34,5.6,5.34,5.53,21094.02
2011-09-16,5.53,5.57,5.47,5.47,9520.76
2011-09-19,5.45,5.47,5.36,5.36,13881.63
2011-09-20,5.35,5.39,5.28,5.3,16740.72
2011-09-21,5.31,5.42,5.29,5.37,17729.24
2011-09-22,5.36,5.49,5.36,5.38,23509.58
2011-09-23,5.33,5.41,5.23,5.39,20607.18
2011-09-26,5.32,5.42,5.32,5.38,16205.95
2011-09-27,5.41,5.45,5.35,5.39,7448.61
2011-09-28,5.4,5.45,5.36,5.4,17858.44
2011-09-29,5.28,5.28,5.06,5.17,42234.57
2011-09-30,5.16,5.25,5.03,5.23,22750.18
2011-10-10,5.18,5.31,5.18,5.24,20858.16
2011-10-11,5.26,5.36,5.06,5.14,14463.84
2011-10-12,5.07,5.23,5.04,5.2,19066.44
2011-10-13,5.18,5.33,5.14,5.3,20580.02
2011-10-14,5.26,5.33,5.24,5.3,7747.85
2011-10-17,5.32,5.42,5.3,5.4,14450.06
2011-10-18,5.4,5.53,5.33,5.34,25792.97
2011-10-19,5.34,5.44,5.32,5.38,6697.08
2011-10-20,5.33,5.39,5.23,5.25,7344.86
2011-10-21,5.35,5.35,5.06,5.13,8988.59
2011-10-24,5.11,5.18,5.05,5.15,9160.54
2011-10-25,5.18,5.28,5.11,5.23,17295.27
2011-10-26,5.21,5.34,5.21,5.3,16745.31
2011-10-27,5.29,5.29,4.77,4.77,239242.73
2011-10-28,4.71,4.81,4.56,4.79,226717.84
2011-10-31,4.71,4.88,4.64,4.85,118554.7
2011-11-01,4.79,4.97,4.77,4.86,79585.11
2011-11-02,4.81,5.18,4.77,5.16,118879.54
2011-11-03,5.2,5.67,5.2,5.23,129593.1
2011-11-04,5.28,5.35,5.09,5.16,60392.43
2011-11-07,5.11,5.24,5.07,5.12,20149.8
2011-11-08,5.15,5.17,4.99,5.0,21055.76
2011-11-09,4.98,5.1,4.93,5.09,34662.82
2011-11-10,5.07,5.31,5.01,5.18,69453.45
2011-11-11,5.23,5.29,5.12,5.23,31368.5
2011-11-14,5.23,5.4,5.23,5.31,34181.63
2011-11-15,5.3,5.36,5.24,5.28,17806.45
2011-11-16,5.28,5.35,5.14,5.17,21798.06
2011-11-17,5.17,5.24,5.11,5.19,19109.69
2011-11-18,5.16,5.16,4.93,4.93,32335.4
2011-11-21,4.92,5.03,4.92,4.99,11896.25
2011-11-22,4.99,5.05,4.93,5.0,24306.0
2011-11-23,5.01,5.1,4.95,5.08,22301.85
2011-11-24,5.04,5.1,5.01,5.05,12147.43
2011-11-25,5.08,5.09,4.94,4.98,16508.21
2011-11-28,5.02,5.03,4.83,4.86,42268.18
2011-11-29,4.93,4.93,4.8,4.83,52746.39
2011-11-30,4.82,4.85,4.62,4.64,47011.72
2011-12-01,4.71,4.83,4.69,4.71,35252.78
2011-12-02,4.7,4.74,4.65,4.7,19291.6
2011-12-05,4.75,4.75,4.6,4.61,25047.59
2011-12-06,4.62,4.64,4.57,4.58,19620.4
2011-12-07,4.59,4.65,4.56,4.6,16065.6
2011-12-08,4.6,4.63,4.5,4.54,33257.88
2011-12-12,4.48,4.54,4.32,4.34,47503.84
2011-12-13,4.31,4.35,4.15,4.22,32506.34
2011-12-14,4.23,4.24,4.08,4.12,26833.49
2011-12-15,4.12,4.2,3.89,4.16,49512.85
2011-12-16,4.16,4.29,4.11,4.26,21590.57
2011-12-19,4.25,4.32,4.12,4.3,17471.15
2011-12-20,4.31,4.33,4.22,4.26,13959.81
2011-12-21,4.31,4.31,4.21,4.24,7666.22
2011-12-22,4.22,4.24,4.01,4.24,22739.66
2011-12-23,4.16,4.31,4.16,4.23,12437.93
2011-12-26,4.29,4.4,4.24,4.25,18815.18
2011-12-27,4.23,4.26,4.12,4.14,9200.3
2011-12-28,4.12,4.16,3.91,4.13,33782.42
2011-12-29,4.13,4.24,4.02,4.23,32809.66
2011-12-30,4.19,4.28,4.15,4.24,29005.66
2012-01-04,4.24,4.29,3.98,3.98,25973.7
2012-01-05,3.98,3.98,3.64,3.88,61719.53
2012-01-06,3.81,3.86,3.68,3.82,28140.91
2012-01-09,3.82,3.92,3.69,3.91,48522.89
2012-01-10,3.9,4.04,3.84,4.01,35994.1
2012-01-11,4.04,4.36,4.01,4.19,55929.46
2012-01-12,4.15,4.19,4.01,4.04,27641.74
2012-01-13,4.1,4.1,3.88,3.89,17084.98
2012-01-16,3.89,3.89,3.76,3.78,22020.01
2012-01-17,3.78,3.95,3.76,3.94,17165.22
2012-01-18,3.94,4.0,3.84,3.89,27922.94
2012-01-19,3.89,3.89,3.77,3.82,34021.93
2012-01-20,3.82,3.94,3.75,3.88,46511.32
2012-01-30,3.88,3.9,3.8,3.82,19710.45
2012-01-31,3.86,3.93,3.81,3.88,59079.22
2012-02-01,3.89,3.99,3.86,3.93,35505.03
2012-02-02,3.93,4.05,3.9,4.04,42166.41
2012-02-03,4.02,4.23,3.99,4.17,42861.95
2012-02-06,4.18,4.25,4.14,4.23,29805.34
2012-02-07,4.19,4.22,4.1,4.11,18816.76
2012-02-08,4.11,4.24,4.06,4.22,14036.39
2012-02-09,4.22,4.27,4.17,4.24,25883.19
2012-02-10,4.23,4.27,4.15,4.17,21542.21
2012-02-13,4.1,4.33,4.1,4.33,38622.22
2012-02-14,4.29,4.32,4.23,4.26,21739.95
2012-02-15,4.26,4.33,4.2,4.32,43661.22
2012-02-16,4.28,4.5,4.28,4.35,66842.6
2012-02-17,4.43,4.43,4.26,4.32,18683.28
2012-02-20,4.36,4.44,4.29,4.3,27953.13
2012-02-21,4.35,4.42,4.3,4.38,22874.39
2012-02-22,4.4,4.55,4.39,4.53,42481.83
2012-02-23,4.53,4.53,4.44,4.46,28443.95
2012-02-24,4.51,4.51,4.4,4.45,46247.76
2012-02-27,4.48,4.52,4.43,4.48,47106.79
2012-02-28,4.5,4.51,4.34,4.47,53766.75
2012-02-29,4.41,4.43,4.35,4.38,43807.15
2012-03-01,4.36,4.43,4.35,4.37,25497.37
2012-03-02,4.37,4.44,4.35,4.44,23169.69
2012-03-05,4.43,4.44,4.36,4.38,31554.24
2012-03-06,4.4,4.4,4.26,4.28,26101.31
2012-03-12,4.41,4.71,4.41,4.58,135165.95
2012-03-13,4.56,4.78,4.54,4.76,98617.95
2012-03-14,4.78,4.92,4.6,4.64,114825.73
2012-03-15,4.7,4.88,4.67,4.82,68474.23
2012-03-16,4.82,4.93,4.76,4.93,70695.75
2012-03-19,4.88,4.99,4.83,4.9,45407.69
2012-03-20,4.89,4.9,4.76,4.76,28458.83
2012-03-21,4.79,4.85,4.68,4.76,42315.31
2012-03-22,4.76,4.82,4.69,4.8,18766.64
2012-03-23,4.8,4.8,4.67,4.69,11214.35
2012-03-26,4.69,4.76,4.66,4.71,16579.68
2012-03-27,4.74,4.76,4.7,4.72,10625.68
2012-03-28,4.72,4.72,4.45,4.46,16576.92
2012-03-29,4.44,4.49,4.27,4.43,29695.82
2012-04-05,4.31,4.69,4.31,4.65,41109.77
2012-04-06,4.63,4.82,4.62,4.71,33434.23
2012-04-09,4.74,4.85,4.68,4.71,34421.28
2012-04-10,4.72,4.76,4.67,4.76,22477.23
2012-04-11,4.72,4.8,4.7,4.75,15583.97
2012-04-12,4.75,4.8,4.74,4.78,17441.61
2012-04-13,4.82,4.92,4.74,4.75,35375.63
2012-04-16,4.72,4.85,4.72,4.77,16734.37
2012-04-17,4.77,4.82,4.72,4.8,13601.25
2012-04-18,4.82,4.87,4.76,4.85,22412.91
2012-04-19,4.98,4.98,4.74,4.83,13756.44
2012-04-20,4.83,4.85,4.76,4.81,14738.92
2012-04-23,4.76,4.81,4.73,4.79,15564.95
2012-04-24,4.85,4.87,4.72,4.79,23712.46
2012-04-25,4.76,4.76,4.49,4.58,115926.46
2012-04-26,4.57,4.61,4.44,4.56,69286.58
2012-04-27,4.54,4.61,4.52,4.56,40730.33
2012-05-02,4.64,4.71,4.57,4.62,38749.49
2012-05-03,4.62,4.67,4.55,4.65,25279.34
2012-05-04,4.68,4.9,4.68,4.88,85432.26
2012-05-07,4.82,4.96,4.8,4.94,81045.66
2012-05-08,4.93,4.95,4.81,4.92,48333.98
2012-05-09,4.86,4.92,4.77,4.86,33066.98
2012-05-10,4.86,4.9,4.76,4.79,20071.71
2012-05-11,4.78,4.8,4.66,4.73,18787.02
2012-05-14,4.74,4.75,4.57,4.6,47445.93
2012-05-15,4.56,4.64,4.53,4.55,15415.23
2012-05-16,4.56,4.6,4.46,4.49,17997.7
2012-05-17,4.47,4.53,4.47,4.52,33004.06
2012-05-18,4.51,4.51,4.38,4.43,31029.84
2012-05-21,4.43,4.52,4.41,4.46,31748.57
2012-05-22,4.47,4.56,4.46,4.55,26904.93
2012-05-23,4.55,4.55,4.47,4.51,14287.61
2012-05-24,4.5,4.72,4.47,4.61,27109.7
2012-05-25,4.58,4.59,4.46,4.51,26083.84
2012-05-28,4.42,4.56,4.42,4.55,39206.06
2012-05-29,4.55,4.6,4.52,4.59,21166.15
2012-05-30,4.58,4.63,4.54,4.6,42533.17
2012-05-31,4.58,4.64,4.55,4.61,13754.21
2012-06-01,4.58,4.71,4.56,4.57,16628.68
2012-06-04,4.49,4.57,4.44,4.45,25644.2
2012-06-05,4.5,4.5,4.3,4.31,45675.3
2012-06-06,4.29,4.4,4.29,4.36,21328.61
2012-06-07,4.4,4.4,4.31,4.32,19353.94
2012-06-08,4.34,4.37,4.31,4.33,10960.96
2012-06-11,4.36,4.49,4.33,4.44,28049.75
2012-06-12,4.41,4.41,4.32,4.35,21197.43
2012-06-13,4.36,4.42,4.34,4.41,26876.93
2012-06-14,4.44,4.61,4.44,4.57,60543.57
2012-06-15,4.61,4.66,4.53,4.61,39050.33
2012-06-18,4.61,4.72,4.56,4.7,31461.54
2012-06-19,4.72,4.79,4.7,4.73,37184.49
2012-06-20,4.71,4.86,4.71,4.75,51787.07
2012-06-21,4.75,4.75,4.59,4.63,25745.77
2012-06-25,4.63,4.72,4.58,4.64,37426.51
2012-06-26,4.64,4.66,4.53,4.58,16250.55
2012-06-27,4.59,4.67,4.53,4.56,55444.17
2012-06-28,4.6,4.6,4.46,4.46,50643.32
2012-06-29,4.46,4.46,4.32,4.4,78112.82
2012-07-02,4.38,4.41,4.23,4.33,87413.3
2012-07-03,4.34,4.38,4.24,4.37,49056.61
2012-07-04,4.34,4.36,4.21,4.29,38048.54
2012-07-05,4.23,4.3,4.21,4.27,11900.61
2012-07-06,4.3,4.44,4.25,4.42,31214.62
2012-07-09,4.4,4.47,4.36,4.42,30335.75
2012-07-10,4.42,4.45,4.29,4.34,23499.84
2012-07-11,4.33,4.38,4.27,4.3,18587.43
2012-07-12,4.29,4.3,4.21,4.25,36188.1
2012-07-13,4.28,4.28,4.21,4.26,20276.78
2012-07-16,4.27,4.27,4.15,4.18,25230.69
2012-07-17,4.18,4.23,4.14,4.18,13153.31
2012-07-18,4.17,4.18,4.02,4.1,49356.28
2012-07-19,4.1,4.1,4.01,4.1,26322.83
2012-07-20,4.05,4.06,3.96,4.04,43915.82
2012-07-23,4.04,4.08,3.98,4.08,13852.34
2012-07-24,4.05,4.1,4.04,4.07,12218.92
2012-07-25,4.06,4.06,3.96,4.0,20264.68
2012-07-26,4.0,4.01,3.9,3.97,49831.05
2012-07-27,3.98,4.05,3.81,4.01,53317.77
2012-07-30,4.02,4.05,3.96,3.98,31141.64
2012-07-31,4.0,4.01,3.89,3.93,31785.93
2012-08-01,3.89,3.97,3.89,3.93,20115.71
2012-08-02,3.94,4.08,3.94,4.04,57909.08
2012-08-03,4.02,4.18,3.99,4.16,32474.61
2012-08-06,4.16,4.35,4.13,4.3,73661.61
2012-08-07,4.29,4.43,4.29,4.37,78076.95
2012-08-08,4.38,4.48,4.33,4.39,55096.74
2012-08-09,4.39,4.46,4.33,4.41,23080.88
2012-08-10,4.41,4.44,4.37,4.44,27860.18
2012-08-13,4.44,4.54,4.44,4.47,51864.72
2012-08-14,4.47,4.53,4.3,4.35,38451.41
2012-08-15,4.38,4.38,4.32,4.36,9845.14
2012-08-16,4.33,4.39,4.27,4.34,17238.78
2012-08-17,4.31,4.37,4.25,4.32,21121.84
2012-08-20,4.27,4.36,4.25,4.34,14638.83
2012-08-21,4.34,4.47,4.29,4.44,23580.36
2012-08-22,4.42,4.44,4.29,4.31,19063.86
2012-08-23,4.35,4.37,4.21,4.24,26911.92
2012-08-24,4.24,4.36,4.21,4.25,15159.15
2012-08-27,4.25,4.27,4.15,4.17,21522.03
2012-08-28,4.18,4.28,4.17,4.23,25112.6
2012-08-29,4.23,4.28,4.18,4.19,14487.9
2012-08-30,4.18,4.3,4.12,4.18,19596.45
2012-08-31,4.17,4.17,4.04,4.14,20489.43
2012-09-03,4.12,4.38,4.12,4.32,37808.96
2012-09-04,4.31,4.36,4.27,4.29,20488.09
2012-09-05,4.34,4.34,4.24,4.26,26755.4
2012-09-06,4.24,4.31,4.19,4.21,14638.82
2012-09-07,4.24,4.4,4.24,4.36,76254.38
2012-09-10,4.37,4.38,4.31,4.33,36040.97
2012-09-11,4.29,4.55,4.29,4.44,88524.91
2012-09-12,4.44,4.47,4.37,4.42,22937.92
2012-09-13,4.4,4.47,4.36,4.37,22091.81
2012-09-14,4.4,4.44,4.33,4.37,22334.08
2012-09-17,4.33,4.38,4.27,4.27,16164.06
2012-09-18,4.27,4.32,4.24,4.28,11266.26
2012-09-19,4.3,4.41,4.28,4.28,17847.77
2012-09-20,4.25,4.27,4.16,4.17,21036.48
2012-09-21,4.17,4.22,4.06,4.08,21550.01
2012-09-24,4.06,4.13,4.04,4.09,13277.61
2012-09-25,4.1,4.13,4.04,4.1,9362.36
2012-09-26,4.12,4.12,4.01,4.04,11772.22
2012-09-27,4.04,4.1,3.97,4.04,31748.17
2012-09-28,4.01,4.08,3.95,4.06,30801.74
2012-10-08,4.06,4.1,4.04,4.08,13166.6
2012-10-09,4.08,4.27,4.08,4.21,27005.62
2012-10-10,4.19,4.27,4.19,4.24,19183.28
2012-10-11,4.2,4.28,4.17,4.23,17334.76
2012-10-12,4.27,4.28,4.19,4.24,10971.4
2012-10-15,4.24,4.24,4.15,4.18,8943.71
2012-10-16,4.17,4.21,4.1,4.12,13104.09
2012-10-17,4.19,4.24,4.09,4.21,15897.06
2012-10-18,4.25,4.25,4.18,4.25,12025.38
2012-10-19,4.23,4.32,4.2,4.26,16219.28
2012-10-22,4.23,4.23,4.14,4.15,16815.41
2012-10-23,4.16,4.18,4.04,4.05,25309.29
2012-10-24,4.04,4.06,4.03,4.04,20296.4
2012-10-25,4.07,4.09,4.04,4.06,8794.26
2012-10-26,4.06,4.07,3.92,4.01,19065.65
2012-10-29,3.96,4.0,3.92,3.94,18339.59
2012-10-30,3.55,3.55,3.55,3.55,24154.0
2012-10-31,3.2,3.29,3.19,3.19,290390.41
2012-11-01,3.21,3.21,3.1,3.17,396737.25
2012-11-02,3.14,3.18,3.09,3.12,334647.35
2012-11-05,3.12,3.19,3.11,3.18,295297.56
2012-11-06,3.17,3.24,3.15,3.24,249093.12
2012-11-07,3.21,3.29,3.21,3.22,169141.48
2012-11-08,3.21,3.24,3.17,3.19,112151.34
2012-11-09,3.17,3.18,3.15,3.17,59794.34
2012-11-12,3.17,3.24,3.16,3.23,109859.35
2012-11-13,3.23,3.55,3.22,3.54,688753.24
2012-11-14,3.58,3.58,3.42,3.54,540063.09
2012-11-15,3.46,3.55,3.45,3.51,410416.25
2012-11-16,3.5,3.55,3.44,3.47,382349.01
2012-11-19,3.47,3.58,3.39,3.54,285963.13
2012-11-20,3.53,3.54,3.46,3.5,267922.71
2012-11-21,3.5,3.54,3.42,3.46,452679.9
2012-11-22,3.46,3.47,3.37,3.46,587456.94
2012-11-23,3.47,3.48,3.2,3.26,922189.28
2012-11-26,3.25,3.25,2.94,2.94,724912.78
2012-11-27,2.88,2.88,2.64,2.68,453196.13
2012-11-28,2.62,2.72,2.52,2.55,278039.81
2012-11-29,2.56,2.57,2.52,2.52,174287.56
2012-11-30,2.51,2.54,2.49,2.52,139068.66
2012-12-03,2.52,2.54,2.32,2.32,222572.03
2012-12-04,2.29,2.41,2.29,2.41,206734.85
2012-12-05,2.51,2.6,2.48,2.58,302832.29
2012-12-06,2.58,2.61,2.54,2.56,145170.8
2012-12-07,2.56,2.62,2.55,2.6,176763.54
2012-12-10,2.61,2.65,2.57,2.64,171531.55
2012-12-11,2.62,2.64,2.58,2.6,150694.31
2012-12-12,2.59,2.61,2.54,2.57,100337.45
2012-12-13,2.57,2.6,2.54,2.55,98699.72
2012-12-14,2.55,2.65,2.52,2.64,194731.12
2012-12-17,2.65,2.72,2.62,2.66,198895.78
2012-12-18,2.65,2.72,2.65,2.68,203061.1
2012-12-19,2.68,2.78,2.65,2.77,203222.79
2012-12-20,2.74,2.84,2.7,2.82,191980.36
2012-12-21,2.78,2.8,2.71,2.72,179813.6
2012-12-24,2.72,2.73,2.69,2.71,87233.07
2012-12-25,2.69,2.78,2.69,2.74,144844.36
2012-12-26,2.74,2.79,2.74,2.78,124080.3
2012-12-27,2.82,2.86,2.76,2.76,166487.0
2012-12-28,2.82,2.87,2.78,2.83,162925.26
2012-12-31,2.82,2.87,2.81,2.84,153913.04
2013-01-04,2.87,2.89,2.78,2.82,144201.76
2013-01-07,2.83,3.02,2.8,2.98,282616.38
2013-01-08,2.95,3.01,2.89,2.97,216213.61
2013-01-09,2.94,2.97,2.9,2.93,123333.9
2013-01-10,2.92,2.99,2.91,2.95,120146.42
2013-01-11,2.95,3.02,2.91,2.92,144561.56
2013-01-14,2.92,3.0,2.89,2.99,136137.35
2013-01-15,2.99,3.12,2.98,3.09,186315.84
2013-01-16,3.09,3.1,2.98,3.03,127598.29
2013-01-17,3.04,3.13,3.04,3.07,125550.13
2013-01-18,3.1,3.11,3.03,3.07,76684.8
2013-01-21,3.07,3.1,3.0,3.01,140397.62
2013-01-22,3.02,3.07,2.89,2.92,174692.81
2013-01-23,2.88,2.94,2.85,2.92,120496.05
2013-01-24,2.9,2.94,2.78,2.8,162179.45
2013-01-25,2.8,2.83,2.75,2.76,85394.37
2013-01-28,2.76,2.81,2.76,2.8,107035.71
2013-01-29,2.8,2.89,2.79,2.86,118919.16
2013-01-30,2.86,2.88,2.83,2.88,83243.34
2013-01-31,2.88,2.96,2.84,2.93,122949.0
2013-02-01,2.92,2.96,2.89,2.93,71293.08
2013-02-04,2.93,2.94,2.86,2.89,83611.5
2013-02-05,2.89,2.97,2.89,2.94,102207.98
2013-02-06,2.96,3.04,2.95,2.97,124004.66
2013-02-07,2.97,2.97,2.92,2.94,61043.28
2013-02-08,2.94,2.99,2.93,2.97,77572.53
2013-02-18,2.98,3.01,2.95,2.97,80878.04
2013-02-19,2.98,2.98,2.88,2.9,81463.18
2013-02-20,2.9,2.95,2.88,2.94,58565.8
2013-02-21,2.92,2.93,2.86,2.86,89354.24
2013-02-22,2.86,2.9,2.86,2.87,54550.92
2013-02-25,2.89,2.9,2.85,2.9,52036.57
2013-02-26,2.88,2.89,2.72,2.74,151938.37
2013-02-27,2.77,2.78,2.65,2.7,146989.25
2013-02-28,2.71,2.75,2.67,2.74,79770.01
2013-03-01,2.74,2.75,2.7,2.73,96784.79
2013-03-04,2.71,2.72,2.6,2.62,96202.47
2013-03-05,2.64,2.68,2.62,2.66,58176.3
2013-03-06,2.67,2.92,2.66,2.91,279256.19
2013-03-07,2.88,2.92,2.83,2.86,153652.01
2013-03-08,2.86,2.94,2.83,2.86,130147.46
2013-03-11,2.88,2.93,2.87,2.89,85576.98
2013-03-12,2.91,3.01,2.89,2.94,255660.18
2013-03-13,2.96,2.99,2.8,2.81,136149.77
2013-03-14,2.82,2.85,2.74,2.75,71341.04
2013-03-15,2.75,2.91,2.69,2.84,135057.04
2013-03-18,2.86,2.94,2.83,2.91,141969.47
2013-03-19,2.92,3.01,2.86,2.95,155324.47
2013-03-20,2.92,3.0,2.88,2.99,235680.25
2013-03-21,2.97,3.11,2.96,3.07,291294.02
2013-03-22,3.06,3.06,3.0,3.05,147307.07
2013-03-25,3.05,3.12,3.03,3.05,162747.02
2013-03-26,3.07,3.1,2.97,3.09,173743.99
2013-03-27,3.08,3.37,3.07,3.32,416079.04
2013-03-28,3.28,3.46,3.22,3.38,358057.59
2013-03-29,3.38,3.42,3.31,3.33,178449.96
2013-04-01,3.33,3.4,3.22,3.26,189986.14
2013-04-02,3.27,3.36,3.2,3.27,229164.96
2013-04-03,3.27,3.27,2.94,2.94,297505.47
2013-04-08,2.83,2.83,2.66,2.78,181162.67
2013-04-09,2.76,2.84,2.76,2.82,119415.56
2013-04-10,2.82,2.87,2.77,2.84,83951.78
2013-04-11,2.83,2.83,2.7,2.73,166263.1
2013-04-12,2.72,2.75,2.68,2.69,78275.99
2013-04-15,2.69,2.69,2.55,2.58,126450.0
2013-04-16,2.56,2.64,2.52,2.63,67161.81
2013-04-17,2.64,2.67,2.62,2.67,71983.3
2013-04-18,2.64,2.68,2.62,2.67,48178.87
2013-04-19,2.67,2.75,2.67,2.74,88904.93
2013-04-22,2.72,2.77,2.69,2.71,84152.61
2013-04-23,2.7,2.72,2.61,2.64,74882.04
2013-04-24,2.64,2.76,2.62,2.74,117700.89
2013-04-25,2.74,2.8,2.68,2.72,86205.71
2013-04-26,2.72,2.75,2.65,2.66,50345.32
2013-05-02,2.63,2.69,2.6,2.64,49437.86
2013-05-03,2.66,2.71,2.64,2.69,61191.47
2013-05-06,2.69,2.76,2.69,2.74,82536.14
2013-05-07,2.77,2.83,2.74,2.78,66392.3
2013-05-08,2.75,2.84,2.74,2.83,98184.03
2013-05-09,2.83,2.86,2.8,2.85,76723.95
2013-05-10,2.84,2.87,2.82,2.85,80511.96
2013-05-13,2.85,3.05,2.81,2.96,181636.28
2013-05-14,2.95,2.96,2.86,2.88,91267.81
2013-05-15,2.88,3.0,2.85,2.99,109602.62
2013-05-16,2.99,3.04,2.96,3.01,100224.59
2013-05-17,3.03,3.04,2.97,3.02,104586.88
2013-05-20,3.03,3.18,3.03,3.13,149489.38
2013-05-21,3.12,3.24,3.1,3.21,142637.34
2013-05-22,3.21,3.28,3.05,3.09,185053.8
2013-05-23,3.05,3.17,3.04,3.09,134175.78
2013-05-24,3.11,3.24,3.1,3.22,150011.34
2013-05-27,3.22,3.28,3.14,3.19,107369.97
2013-05-28,3.24,3.28,3.11,3.18,161207.8
2013-05-29,3.2,3.26,3.19,3.25,134906.35
2013-05-30,3.25,3.26,3.16,3.18,135324.67
2013-05-31,3.21,3.27,3.19,3.23,186655.47
2013-06-03,3.24,3.38,3.23,3.35,217835.26
2013-06-04,3.39,3.43,3.28,3.39,190182.76
2013-06-05,3.39,3.4,3.3,3.33,87469.95
2013-06-06,3.33,3.36,3.12,3.13,137061.54
2013-06-07,3.12,3.15,3.03,3.06,94479.45
2013-06-13,2.98,3.06,2.87,2.99,89244.58
2013-06-14,2.99,3.06,2.99,3.04,68540.47
2013-06-17,3.06,3.06,2.94,2.98,78732.0
2013-06-18,2.98,3.11,2.95,3.07,85561.24
2013-06-19,3.06,3.06,2.99,3.03,47415.73
2013-06-20,3.0,3.06,2.89,2.91,70068.05
2013-06-21,2.82,2.91,2.8,2.88,50239.3
2013-06-24,2.87,2.87,2.67,2.67,71412.05
2013-06-25,2.65,2.7,2.42,2.68,95349.83
2013-06-26,2.7,2.75,2.6,2.72,81384.9
2013-06-27,2.73,2.75,2.6,2.6,80862.69
2013-06-28,2.57,2.68,2.5,2.63,62045.28
2013-07-01,2.62,2.68,2.58,2.68,55061.34
2013-07-02,2.68,2.78,2.67,2.76,65561.86
2013-07-03,2.76,2.81,2.7,2.78,64158.41
2013-07-04,2.78,2.83,2.74,2.78,69287.3
2013-07-05,2.78,2.78,2.7,2.71,65961.27
2013-07-08,2.65,2.66,2.58,2.6,51818.99
2013-07-09,2.6,2.62,2.56,2.6,31283.94
2013-07-10,2.6,2.7,2.58,2.69,42549.33
2013-07-11,2.69,2.79,2.69,2.77,82870.98
2013-07-12,2.76,2.82,2.71,2.71,67408.01
2013-07-15,2.75,2.8,2.74,2.8,73782.48
2013-07-16,2.8,2.86,2.75,2.82,75803.23
2013-07-17,2.8,2.85,2.73,2.74,89157.54
2013-07-18,2.75,2.84,2.68,2.81,147793.98
2013-07-19,2.83,3.1,2.82,2.98,364721.02
2013-07-22,2.95,3.11,2.95,3.08,265038.79
2013-07-23,3.08,3.11,2.98,3.07,178187.63
2013-07-24,3.06,3.26,3.03,3.19,268074.16
2013-07-25,3.19,3.24,3.01,3.03,185530.36
2013-07-26,2.99,3.22,2.97,3.2,148283.42
2013-07-29,3.14,3.21,3.0,3.05,157629.33
2013-07-30,3.02,3.14,2.9,2.94,163486.58
2013-07-31,2.96,3.08,2.87,2.97,170540.77
2013-08-01,2.97,3.27,2.95,3.27,292604.79
2013-08-02,3.36,3.57,3.31,3.39,704667.73
2013-08-05,3.38,3.43,3.31,3.36,308055.49
2013-08-06,3.34,3.56,3.33,3.51,418937.8
2013-08-07,3.48,3.49,3.33,3.38,248149.71
2013-08-08,3.4,3.52,3.34,3.45,227377.99
2013-08-09,3.42,3.49,3.31,3.37,172258.26
2013-08-12,3.3,3.3,3.2,3.28,397878.96
2013-08-13,3.24,3.57,3.22,3.46,326474.13
2013-08-14,3.45,3.8,3.4,3.72,499673.13
2013-08-15,3.69,3.82,3.67,3.72,360108.85
2013-08-19,3.71,4.09,3.69,4.09,343667.36
2013-08-20,4.18,4.38,4.07,4.31,517200.18
2013-08-21,4.2,4.56,4.12,4.34,410015.16
2013-08-22,4.26,4.45,4.16,4.22,362703.25
2013-08-23,4.22,4.29,3.98,4.13,374263.06
2013-08-26,4.12,4.24,4.08,4.18,223936.83
2013-08-27,4.17,4.53,4.04,4.44,441928.55
2013-08-28,4.35,4.39,4.13,4.14,348836.62
2013-08-29,4.07,4.22,4.02,4.1,164063.4
2013-08-30,4.04,4.07,3.69,3.74,335452.6
2013-09-02,3.76,3.87,3.73,3.79,145286.67
2013-09-03,3.76,4.09,3.76,4.04,241110.79
2013-09-04,4.04,4.05,3.9,3.94,141688.61
2013-09-05,3.94,4.1,3.86,4.0,158843.45
2013-09-06,3.98,4.08,3.95,4.0,134950.9
2013-09-09,4.0,4.01,3.79,3.88,218028.63
2013-09-10,3.83,3.9,3.78,3.88,163387.79
2013-09-11,3.89,3.9,3.65,3.77,139809.2
2013-09-12,3.72,3.82,3.72,3.78,112469.73
2013-09-13,3.77,4.02,3.69,3.92,262976.54
2013-09-16,3.92,4.23,3.84,4.12,285827.58
2013-09-17,4.14,4.25,4.04,4.05,261567.41
2013-09-18,4.01,4.11,3.83,3.97,155706.6
2013-09-23,3.97,4.14,3.84,4.1,169564.68
2013-09-24,4.14,4.42,4.1,4.25,268080.01
2013-09-25,4.18,4.23,4.03,4.06,189498.91
2013-09-26,4.07,4.2,3.95,3.99,137814.78
2013-09-27,4.01,4.06,3.85,3.94,93520.19
2013-09-30,4.12,4.17,3.97,4.05,134927.08
2013-10-08,4.07,4.46,4.07,4.46,316668.57
2013-10-09,4.58,4.7,4.41,4.48,417825.65
2013-10-10,4.43,4.63,4.37,4.4,285362.57
2013-10-11,4.4,4.52,4.27,4.41,186488.95
2013-10-14,4.43,4.56,4.35,4.45,177719.66
2013-10-15,4.39,4.53,4.34,4.47,189409.75
2013-10-16,4.45,4.45,4.12,4.22,169263.95
2013-10-17,4.24,4.36,4.16,4.18,129711.71
2013-10-18,4.14,4.31,4.07,4.3,138197.93
2013-10-21,4.38,4.53,4.34,4.4,166754.73
2013-10-22,4.4,4.57,4.28,4.49,242110.08
2013-10-23,4.42,4.42,4.05,4.09,277286.27
2013-10-24,4.03,4.16,3.89,3.96,177506.21
2013-10-25,3.97,3.99,3.57,3.66,261227.78
2013-10-28,3.68,3.71,3.55,3.65,88312.38
2013-10-29,3.65,3.71,3.4,3.5,148818.43
2013-10-30,3.53,3.59,3.48,3.56,96223.95
2013-10-31,3.57,3.59,3.49,3.51,86662.25
2013-11-01,3.49,3.49,3.35,3.39,106844.93
2013-11-04,3.41,3.46,3.39,3.44,54672.21
2013-11-05,3.43,3.58,3.4,3.57,85930.29
2013-11-06,3.57,3.71,3.54,3.6,118602.11
2013-11-07,3.55,3.65,3.52,3.57,57419.47
2013-11-08,3.57,3.64,3.54,3.57,67005.19
2013-11-11,3.57,3.58,3.42,3.51,45117.04
2013-11-12,3.51,3.59,3.51,3.55,47511.76
2013-11-13,3.55,3.62,3.51,3.52,53580.29
2013-11-14,3.5,3.59,3.42,3.57,64427.81
2013-11-15,3.56,3.72,3.56,3.66,102245.81
2013-11-18,3.68,3.76,3.67,3.73,81941.03
2013-11-19,3.74,3.82,3.69,3.76,102346.66
2013-11-20,3.76,3.8,3.71,3.78,76254.56
2013-11-21,3.82,3.94,3.77,3.88,151102.43
2013-11-22,3.92,3.93,3.82,3.87,102659.94
2013-11-25,3.85,3.87,3.75,3.8,93886.55
2013-11-26,3.8,3.88,3.77,3.83,67181.36
2013-11-27,3.83,3.95,3.83,3.87,89470.21
2013-11-28,3.89,3.92,3.86,3.86,70682.53
2013-11-29,3.87,3.9,3.82,3.87,52280.11
2013-12-02,3.74,3.82,3.48,3.48,152709.54
2013-12-03,3.45,3.62,3.38,3.59,108617.53
2013-12-04,3.55,3.93,3.54,3.91,202687.13
2013-12-05,3.91,4.04,3.77,3.96,148368.84
2013-12-06,3.92,4.11,3.91,4.05,135354.33
2013-12-09,4.03,4.2,4.03,4.07,107227.54
2013-12-10,4.07,4.18,4.05,4.11,73791.23
2013-12-11,4.1,4.11,3.94,4.0,67014.83
2013-12-12,4.01,4.08,4.0,4.02,41382.48
2013-12-13,3.95,4.06,3.95,4.04,48562.4
2013-12-16,4.04,4.2,4.02,4.18,139983.66
2013-12-17,4.18,4.2,3.98,4.1,99758.99
2013-12-18,4.1,4.2,4.04,4.16,70966.68
2013-12-19,4.15,4.26,4.15,4.16,97369.88
2013-12-20,4.08,4.15,4.04,4.09,59108.7
2013-12-23,4.09,4.26,4.01,4.22,75049.63
2013-12-24,4.22,4.3,4.07,4.13,100070.11
2013-12-25,4.14,4.23,4.07,4.22,85921.83
2013-12-26,4.19,4.21,4.1,4.14,51661.33
2013-12-27,4.12,4.2,4.09,4.14,71789.86
2013-12-30,4.15,4.18,4.01,4.06,80646.38
2013-12-31,4.02,4.12,3.98,4.08,68313.02
2014-01-02,4.05,4.11,4.02,4.05,62756.13
2014-01-03,4.05,4.25,4.04,4.19,136950.83
2014-01-06,4.17,4.21,3.97,4.02,108118.72
2014-01-07,3.98,4.1,3.95,4.07,53934.13
2014-01-08,4.09,4.15,4.04,4.11,48681.78
2014-01-09,4.09,4.18,4.03,4.1,80366.41
2014-01-10,4.08,4.11,4.01,4.07,72582.14
2014-01-13,4.1,4.17,4.07,4.15,80169.26
2014-01-14,4.18,4.27,4.1,4.26,107544.47
2014-01-15,4.29,4.67,4.26,4.63,247625.7
2014-01-16,4.57,4.84,4.56,4.78,170029.05
2014-01-17,4.73,4.85,4.61,4.68,84928.43
2014-01-20,4.68,4.73,4.46,4.48,95376.46
2014-01-21,4.5,4.66,4.44,4.64,106152.41
2014-01-22,4.64,4.75,4.58,4.68,108284.16
2014-01-23,4.65,4.89,4.57,4.79,145954.42
2014-01-24,4.78,5.26,4.78,5.04,225485.15
2014-01-27,5.05,5.54,5.05,5.48,338261.72
2014-01-28,5.54,5.92,5.34,5.46,298850.75
2014-01-29,5.57,6.0,5.37,6.0,236177.38
2014-01-30,6.04,6.14,5.69,5.81,152757.28
2014-02-07,5.86,6.39,5.79,6.36,179239.82
2014-02-10,6.25,6.48,6.12,6.42,181998.3
2014-02-11,6.34,6.44,5.89,6.01,166479.51
2014-02-12,6.02,6.15,5.83,6.1,112298.99
2014-02-13,6.01,6.04,5.57,5.61,164977.78
2014-02-14,5.63,5.89,5.61,5.7,117961.54
2014-02-17,5.71,5.89,5.64,5.78,160524.89
2014-02-18,5.78,6.17,5.69,5.99,189323.18
2014-02-19,5.98,6.16,5.79,5.94,113513.41
2014-02-20,5.91,6.09,5.87,5.95,113748.81
2014-02-21,5.95,6.2,5.7,5.92,156929.38
2014-02-24,5.88,6.21,5.63,6.15,113655.37
2014-02-25,6.19,6.77,5.86,6.45,344165.96
2014-02-26,6.04,6.98,5.92,6.61,244161.55
2014-02-27,6.55,7.25,6.44,7.21,283826.65
2014-02-28,7.26,7.28,6.57,6.71,169543.88
2014-03-03,6.63,6.9,6.48,6.69,117754.1
2014-03-04,6.63,6.68,6.22,6.31,141373.79
2014-03-05,6.33,6.58,6.29,6.37,114118.78
2014-03-06,6.35,6.37,5.96,6.13,101170.33
2014-03-07,6.17,6.36,6.04,6.33,100528.8
2014-03-10,6.25,6.27,5.75,5.77,148475.79
2014-03-11,5.67,5.86,5.32,5.66,126987.17
2014-03-12,5.6,5.63,5.33,5.4,129865.68
2014-03-13,5.44,5.64,5.43,5.6,96167.23
2014-03-14,5.54,5.8,5.47,5.52,74210.9
2014-03-17,5.52,5.98,5.38,5.92,120545.09
2014-03-18,5.97,6.51,5.97,6.32,160319.74
2014-03-19,6.33,6.5,6.11,6.45,112146.69
2014-03-20,6.44,6.44,5.86,5.87,152758.84
2014-03-21,5.75,6.08,5.63,5.98,106610.48
2014-03-24,5.92,5.98,5.78,5.82,64360.49
2014-03-25,5.82,6.04,5.72,5.88,62149.71
2014-03-26,5.86,5.92,5.72,5.75,73254.79
2014-03-27,5.75,5.8,5.61,5.66,49462.01
2014-03-28,5.63,5.67,5.09,5.09,159122.95
2014-03-31,5.13,5.2,4.87,5.09,134913.49
2014-04-01,5.04,5.33,4.99,5.3,87323.15
2014-04-02,5.3,5.35,5.18,5.25,75261.2
2014-04-03,5.3,5.41,5.24,5.26,48363.85
2014-04-04,5.21,5.39,5.2,5.37,62433.21
2014-04-08,5.3,5.48,5.22,5.43,58311.45
2014-04-09,5.45,5.55,5.36,5.44,62774.5
2014-04-10,5.4,5.54,5.28,5.47,110755.31
2014-04-11,5.39,5.41,5.11,5.2,111713.11
2014-04-14,5.2,5.26,5.01,5.14,111508.43
2014-04-15,5.13,5.15,5.06,5.11,53936.77
2014-04-16,5.11,5.25,5.11,5.16,62740.36
2014-04-17,5.15,5.28,5.15,5.25,67817.68
2014-04-18,5.25,5.34,5.19,5.29,59576.32
2014-04-21,5.27,5.54,5.21,5.48,127717.85
2014-04-22,5.51,5.69,5.41,5.5,153331.03
2014-04-23,5.46,5.5,5.21,5.23,63514.43
2014-04-24,5.13,5.36,5.09,5.23,62268.52
2014-04-25,5.28,5.28,4.96,4.99,54889.48
2014-04-28,4.96,4.99,4.54,4.71,160342.77
2014-04-29,4.71,4.78,4.65,4.76,87504.14
2014-04-30,4.67,4.78,4.6,4.68,119324.32
2014-05-05,4.66,4.73,4.46,4.63,105896.03
2014-05-06,4.61,4.85,4.59,4.85,100401.99
2014-05-07,4.81,4.81,4.62,4.67,85641.86
2014-05-08,4.64,4.77,4.55,4.56,89834.83
2014-05-09,4.61,4.61,4.35,4.39,118739.57
2014-05-12,4.43,4.52,4.39,4.52,74992.11
2014-05-13,4.53,4.58,4.51,4.53,57127.36
2014-05-14,4.54,4.56,4.44,4.54,65814.67
2014-05-15,4.53,4.6,4.45,4.45,60850.84
2014-05-16,4.38,4.5,4.27,4.36,63629.31
2014-05-19,4.29,4.36,4.28,4.3,53330.58
2014-05-20,4.34,4.53,4.34,4.53,129907.3
2014-05-21,4.53,4.91,4.49,4.88,219301.01
2014-05-22,4.81,4.88,4.72,4.73,154071.05
2014-05-23,4.71,5.16,4.71,5.06,222417.67
2014-05-26,5.07,5.35,5.03,5.23,206243.18
2014-05-27,5.21,5.24,5.08,5.1,142025.6
2014-05-28,5.12,5.51,5.11,5.5,254329.31
2014-05-29,5.5,5.55,5.34,5.48,198330.45
2014-05-30,5.5,5.81,5.41,5.53,252836.35
2014-06-03,5.56,5.65,5.3,5.48,160554.71
2014-06-04,5.48,5.55,5.26,5.28,131531.75
2014-06-05,5.21,5.27,5.08,5.26,141884.5
2014-06-06,5.25,5.36,5.1,5.15,138394.61
2014-06-09,5.13,5.18,5.02,5.1,93349.53
2014-06-10,5.09,5.41,5.09,5.37,185377.8
2014-06-11,5.37,5.45,5.29,5.35,158482.07
2014-06-12,5.33,5.53,5.19,5.44,204171.77
2014-06-13,5.38,5.62,5.21,5.42,285779.36
2014-06-16,5.39,5.4,5.22,5.3,285178.57
2014-06-17,5.28,5.56,5.24,5.37,319871.89
2014-06-18,5.31,5.53,5.23,5.27,386235.32
2014-06-19,5.19,5.19,4.74,4.74,375692.14
2014-06-20,4.67,4.79,4.49,4.69,305599.98
2014-06-23,4.66,4.82,4.61,4.71,167608.17
2014-06-24,4.71,4.87,4.68,4.82,153306.55
2014-06-25,4.8,4.82,4.7,4.77,94970.38
2014-06-26,4.8,4.96,4.8,4.86,156711.82
2014-06-27,4.82,4.98,4.82,4.9,144645.47
2014-06-30,4.96,5.09,4.87,5.05,161700.21
2014-07-01,5.07,5.56,5.07,5.56,294344.32
2014-07-02,5.82,5.82,5.39,5.59,431755.41
2014-07-03,5.53,5.6,5.4,5.44,254006.99
2014-07-04,5.47,5.64,5.44,5.51,233570.08
2014-07-07,5.49,5.49,5.32,5.43,148625.23
2014-07-08,5.39,5.62,5.33,5.54,211755.54
2014-07-09,5.5,5.53,5.33,5.37,163378.29
2014-07-10,5.33,5.39,5.07,5.12,174530.91
2014-07-11,5.11,5.3,5.08,5.2,88675.5
2014-07-14,5.19,5.26,5.14,5.22,132765.83
2014-07-15,5.22,5.26,5.14,5.24,83011.91
2014-07-16,5.33,5.49,5.24,5.49,204042.07
2014-07-17,5.49,5.52,5.28,5.4,173276.02
2014-07-18,5.35,5.46,5.26,5.28,105818.74
2014-07-21,5.26,5.34,5.22,5.28,58274.46
2014-07-22,5.28,5.48,5.25,5.4,123470.56
2014-07-23,5.43,5.43,5.08,5.12,175348.55
2014-07-24,5.1,5.16,4.89,5.0,162479.63
2014-07-25,5.06,5.22,5.0,5.2,148368.03
2014-07-28,5.21,5.39,5.16,5.33,196911.8
2014-07-29,5.38,5.55,5.33,5.37,225008.26
2014-07-30,5.4,5.56,5.28,5.53,268556.28
2014-07-31,5.48,5.53,5.42,5.46,136586.27
2014-08-01,5.46,5.51,5.31,5.32,179284.16
2014-08-04,5.34,5.42,5.25,5.35,144236.59
2014-08-05,5.35,5.53,5.3,5.46,274540.86
2014-08-06,5.42,5.46,5.37,5.43,127851.45
2014-08-07,5.45,5.52,5.33,5.35,175140.67
2014-08-08,5.38,5.56,5.32,5.53,290084.77
2014-08-11,5.53,5.6,5.5,5.57,220327.01
2014-08-12,5.63,6.11,5.61,5.91,549471.74
2014-08-13,5.88,5.88,5.68,5.83,261893.98
2014-08-14,5.81,5.96,5.78,5.82,304328.06
2014-08-15,5.82,6.04,5.77,5.91,379249.05
2014-08-18,5.95,6.01,5.88,5.97,256258.27
2014-08-19,5.97,6.27,5.91,6.11,399014.75
2014-08-20,6.14,6.14,5.86,5.88,292047.83
2014-08-21,5.87,5.92,5.63,5.78,294361.91
2014-08-22,5.76,5.83,5.72,5.81,196301.54
2014-08-25,5.83,5.87,5.72,5.74,174358.87
2014-08-26,5.79,5.81,5.58,5.61,155404.83
2014-08-27,5.61,5.78,5.61,5.67,148937.83
2014-08-28,5.69,5.77,5.62,5.68,111359.16
2014-08-29,5.69,5.79,5.64,5.77,105053.38
2014-09-01,5.79,5.88,5.74,5.87,198715.5
2014-09-02,5.87,5.98,5.81,5.93,257660.85
2014-09-03,5.92,5.94,5.82,5.88,236299.41
2014-09-04,5.87,5.93,5.82,5.9,230862.83
2014-09-05,5.89,5.92,5.82,5.87,178524.76
2014-09-09,5.87,5.88,5.76,5.81,159509.96
2014-09-10,5.81,5.91,5.77,5.87,180732.17
2014-09-11,5.87,6.1,5.85,6.01,415592.54
2014-09-12,6.01,6.01,5.9,5.96,225508.31
2014-09-15,6.02,6.1,5.96,6.07,310298.86
2014-09-16,6.09,6.1,5.68,5.7,342506.37
2014-09-17,5.73,5.78,5.62,5.75,185937.44
2014-09-18,5.74,5.79,5.66,5.72,124606.56
2014-09-19,5.72,5.79,5.69,5.75,130073.5
2014-09-22,5.75,5.77,5.6,5.64,132178.05
2014-09-23,5.62,5.69,5.62,5.67,103205.8
2014-09-24,5.64,5.77,5.63,5.73,185062.12
2014-09-25,5.78,5.8,5.71,5.72,163764.76
2014-09-26,5.72,5.76,5.68,5.73,117763.71
2014-09-29,5.75,5.88,5.74,5.86,234659.94
2014-09-30,5.84,6.05,5.83,6.0,334954.53
2014-10-08,6.0,6.13,5.92,6.09,355740.43
2014-10-09,6.1,6.17,5.96,6.02,299125.55
2014-10-10,5.99,5.99,5.84,5.88,315830.17
2014-10-13,5.88,5.88,5.71,5.77,235082.32
2014-10-14,5.76,5.83,5.71,5.77,196757.83
2014-10-15,5.76,5.81,5.7,5.8,151555.6
2014-10-16,5.75,5.88,5.71,5.75,188874.44
2014-10-17,5.74,6.13,5.72,6.03,560741.11
2014-10-20,6.04,6.57,6.02,6.47,859210.26
2014-10-21,6.42,6.5,6.17,6.25,529967.34
2014-10-22,6.24,6.48,6.2,6.21,451365.2
2014-10-23,6.16,6.33,5.96,6.23,378799.48
2014-10-24,6.24,6.52,6.16,6.42,436058.74
2014-10-27,6.34,6.61,6.29,6.34,391551.11
2014-10-28,6.33,6.47,6.27,6.44,332452.5
2014-10-29,6.45,6.68,6.45,6.67,552213.41
2014-10-30,6.67,6.67,6.5,6.55,350013.23
2014-10-31,6.47,6.53,6.23,6.36,376986.25
2014-11-03,6.34,6.67,6.3,6.6,403084.46
2014-11-04,6.62,6.87,6.62,6.68,403325.5
2014-11-05,6.73,6.82,6.54,6.57,263835.23
2014-11-06,6.79,6.88,6.65,6.87,413337.77
2014-11-07,6.89,7.42,6.88,7.22,624506.61
2014-11-10,7.34,7.69,7.1,7.57,423751.82
2014-11-11,7.65,7.82,7.1,7.4,428160.91
2014-11-12,7.23,8.12,7.21,8.06,559804.27
2014-11-13,8.01,8.63,7.98,8.21,588595.94
2014-11-14,8.19,8.39,7.81,8.25,378249.62
2014-11-17,8.26,8.46,8.0,8.02,404608.79
2014-11-18,7.85,8.82,7.7,8.82,606580.22
2014-11-19,8.67,9.47,8.67,8.83,703346.37
2014-12-04,9.72,9.72,9.72,9.72,77473.54
2014-12-05,10.42,10.69,9.56,10.36,887135.86
2014-12-08,9.93,10.39,9.66,9.99,651073.48
2014-12-09,9.52,9.63,8.99,8.99,817781.65
2014-12-10,8.67,9.36,8.14,9.12,497000.16
2014-12-11,8.98,10.03,8.91,9.71,456430.0
2014-12-12,9.72,10.32,9.36,9.8,380982.03
2014-12-15,9.8,10.42,9.49,10.2,349615.0
2014-12-16,10.2,10.44,9.85,10.04,197578.33
2014-12-17,9.92,10.42,9.56,10.3,317971.07
2014-12-18,10.24,10.36,9.95,10.2,158958.48
2014-12-19,10.18,10.31,9.67,9.92,171433.52
2014-12-22,9.76,9.77,8.92,8.92,227011.12
2014-12-23,8.46,8.93,8.07,8.51,376073.49
2014-12-24,8.51,8.8,8.41,8.58,171503.02
2014-12-25,8.76,9.44,8.6,9.34,308594.69
2014-12-26,9.34,9.48,9.11,9.25,241082.06
2014-12-29,9.25,9.31,8.58,8.64,452220.31
2014-12-30,8.64,8.93,8.23,8.4,262797.1
2014-12-31,8.44,8.57,8.18,8.44,222069.16
2015-01-05,8.46,9.25,8.33,9.05,460874.74
2015-01-06,8.91,9.81,8.83,9.53,436155.69
2015-01-07,9.49,9.88,9.45,9.7,370712.08
2015-01-08,9.7,10.06,9.58,9.87,318715.89
2015-01-09,9.8,10.43,9.66,9.96,383255.35
2015-01-12,9.88,10.6,9.77,10.44,328456.55
2015-01-13,10.54,11.48,10.38,11.48,484699.72
2015-01-14,11.68,12.03,11.25,11.59,450300.96
2015-01-15,11.32,12.28,11.32,12.25,341403.55
2015-01-16,12.06,13.48,12.03,13.48,301731.79
2015-01-19,13.55,14.55,12.82,13.16,679715.56
2015-01-20,13.29,14.15,12.9,13.78,537732.48
2015-01-21,13.47,14.0,13.16,13.76,446404.68
2015-01-22,13.61,13.76,13.06,13.23,498870.44
2015-01-23,13.08,13.37,12.28,12.38,554898.94
2015-01-26,12.52,13.16,12.38,13.12,425293.15
2015-01-27,13.15,13.46,12.56,12.76,361238.62
2015-01-28,12.79,13.22,12.47,12.76,334349.37
2015-01-29,12.54,13.32,12.48,13.29,356674.47
2015-01-30,13.51,13.71,12.03,12.23,424959.96
2015-02-02,12.14,13.18,12.08,12.8,347476.67
2015-02-03,12.79,14.08,12.58,13.72,632420.08
2015-02-04,13.79,15.02,13.58,14.91,569314.71
2015-02-05,14.7,15.66,14.33,14.62,518836.63
2015-02-06,14.43,14.89,13.48,13.51,338820.1
2015-02-09,13.57,14.37,13.37,13.74,270573.48
2015-02-10,13.72,14.35,13.11,14.18,334116.9
2015-02-11,14.18,14.91,14.05,14.34,366459.97
2015-02-12,14.28,14.64,13.57,14.0,469316.17
2015-02-13,14.01,14.27,13.67,13.94,345845.66
2015-02-16,13.8,15.34,13.66,15.34,587935.91
2015-02-17,15.39,15.43,14.55,14.71,414902.01
2015-02-25,14.66,14.97,14.11,14.19,278230.02
2015-02-26,14.19,14.48,13.87,14.33,237427.49
2015-02-27,14.2,14.65,13.95,14.31,262721.44
2015-03-02,14.31,14.91,13.86,14.61,486705.9
2015-03-03,14.35,14.54,13.94,14.01,385390.12
2015-03-04,13.94,13.94,13.58,13.72,351735.3
2015-03-05,13.65,13.65,13.06,13.22,445793.2
2015-03-06,13.29,13.72,12.93,13.35,310080.96
2015-03-09,13.37,14.42,13.37,14.18,550672.75
2015-03-10,14.24,14.25,13.87,14.0,273438.73
2015-03-11,14.02,14.03,13.54,13.6,259273.31
2015-03-12,13.5,13.82,13.21,13.47,240086.49
2015-03-13,13.48,14.19,13.48,13.94,322431.1
2015-03-16,14.08,15.24,13.97,14.97,603815.53
2015-03-17,15.09,15.09,14.43,14.61,469965.88
2015-03-18,14.48,14.78,14.18,14.62,414409.03
2015-03-19,14.58,14.77,14.28,14.41,302302.2
2015-03-20,14.59,15.57,14.5,14.88,628883.1
2015-03-23,15.41,15.52,14.7,15.38,562774.54
2015-03-24,15.45,16.92,15.14,16.92,701448.92
2015-03-25,17.79,18.61,17.5,18.0,991536.67
2015-03-26,17.89,18.38,16.48,16.87,696816.4
2015-03-27,16.88,17.71,16.17,16.65,620031.88
2015-03-30,16.35,16.78,15.84,16.29,539092.76
2015-03-31,16.17,16.94,16.13,16.4,478369.22
2015-04-01,16.53,16.99,16.4,16.76,355103.49
2015-04-02,16.8,17.02,16.35,16.63,374321.63
2015-04-03,16.49,16.52,16.08,16.29,369447.72
2015-04-07,16.29,16.71,15.9,16.54,465389.9
2015-04-08,16.54,16.54,15.81,15.98,452150.65
2015-04-09,15.95,15.95,14.97,15.69,410825.35
2015-04-10,15.76,16.3,15.76,16.07,335253.03
2015-04-13,16.24,17.17,16.24,16.83,572734.04
2015-04-14,16.82,16.82,16.13,16.26,410729.04
2015-04-15,16.17,16.17,15.23,15.26,364843.37
2015-04-16,15.05,15.76,14.73,15.34,282951.07
2015-04-17,15.34,15.66,15.19,15.33,258287.46
2015-04-20,15.08,15.57,14.87,15.47,332912.62
2015-04-21,15.47,16.43,15.45,16.4,470816.25
2015-04-22,16.44,17.13,16.37,16.47,484516.19
2015-04-23,16.45,16.52,16.03,16.17,300345.11
2015-04-24,16.08,17.36,15.91,17.29,650355.62
2015-04-27,17.92,18.14,16.89,16.95,549706.62
2015-04-28,16.9,16.93,16.01,16.26,304754.65
2015-04-29,16.17,16.87,16.03,16.69,257518.92
2015-04-30,17.0,18.36,16.83,17.98,401838.88
2015-05-04,17.49,17.49,16.55,17.08,396749.46
2015-05-05,16.93,16.96,15.84,15.86,331592.92
2015-05-06,16.27,17.45,15.98,16.73,600001.18
2015-05-07,16.42,17.29,16.34,16.73,375900.08
2015-05-08,16.88,18.41,16.88,18.41,921784.73
2015-05-11,18.57,19.96,17.99,19.45,984364.26
2015-05-12,19.45,21.34,19.1,20.95,773124.5
2015-05-13,20.8,20.94,19.96,20.1,506557.83
2015-05-14,20.08,20.62,19.79,20.0,338739.26
2015-05-15,20.57,21.47,20.01,20.79,467681.56
2015-05-18,20.89,22.29,20.83,21.96,439436.97
2015-05-19,22.04,22.28,20.87,21.38,409060.18
2015-05-20,21.39,23.38,21.39,22.42,401615.12
2015-05-21,22.46,23.65,22.13,22.81,365029.2
2015-05-22,23.22,23.99,22.09,22.81,386961.41
2015-05-25,22.34,22.95,21.69,22.46,395958.42
2015-05-26,22.5,23.65,22.5,23.2,362699.62
2015-05-27,23.34,24.3,22.43,23.99,473516.27
2015-05-28,23.98,26.01,22.78,23.28,537231.37
2015-05-29,23.34,25.61,22.2,25.61,551371.96
2015-06-01,26.87,28.17,25.84,27.95,574850.83
2015-06-02,28.59,30.74,27.77,30.74,584509.0
2015-06-03,31.19,32.28,28.81,30.25,578206.52
2015-06-04,29.95,30.04,27.23,29.37,403279.36
2015-06-05,29.42,30.23,27.77,28.2,388112.82
2015-06-08,28.25,28.63,26.08,27.25,443169.74
2015-06-09,27.26,28.02,26.54,27.56,285707.47
2015-06-10,27.33,29.36,26.86,28.84,391423.4
2015-06-11,28.88,30.15,28.85,29.51,347714.48
2015-06-12,30.37,31.67,29.51,29.8,400912.35
2015-06-15,29.63,29.63,27.38,27.65,398312.33
2015-06-16,27.33,27.33,25.82,26.11,320124.36
2015-06-17,25.95,27.63,25.16,27.33,371978.39
2015-06-18,26.93,27.99,25.81,26.28,241920.9
2015-06-19,25.17,26.19,23.66,23.66,310091.95
2015-06-23,22.86,24.52,21.3,23.99,373893.44
2015-06-24,24.3,24.59,23.0,24.19,334143.11
2015-06-25,24.44,24.59,21.93,22.34,276542.14
2015-06-26,21.48,21.48,20.11,20.11,299384.32
2015-06-29,20.11,20.39,18.1,18.1,444799.49
2015-06-30,18.09,19.91,16.31,19.91,649405.76
2015-07-01,19.95,21.68,19.53,20.04,648939.32
2015-07-02,20.39,21.16,19.09,19.53,617910.48
2015-07-03,19.1,20.9,17.58,19.83,558865.41
2015-07-06,21.82,21.82,17.85,19.11,758010.9
2015-07-13,21.03,21.03,20.26,21.03,734226.87
2015-07-14,21.03,22.84,20.7,21.29,1084548.35
2015-07-15,20.44,20.7,19.16,19.16,447342.17
2015-07-16,17.24,18.79,17.24,17.35,1374259.86
2015-07-17,17.35,18.82,16.49,18.4,930893.49
2015-07-20,18.61,19.73,18.01,18.77,826231.72
2015-07-21,18.44,19.17,17.96,18.47,605860.27
2015-07-22,18.31,20.31,18.22,20.31,1404195.38
2015-07-23,20.4,21.12,19.77,20.83,1168727.15
2015-07-24,20.57,21.67,19.62,20.1,922936.52
2015-07-27,19.48,20.52,18.09,18.09,802571.36
2015-07-28,16.49,17.75,16.28,16.28,1070245.89
2015-07-29,16.92,17.91,15.53,17.91,1018034.51
2015-07-30,18.22,19.08,16.9,17.36,1019785.54
2015-07-31,17.01,17.39,16.34,17.0,609357.21
2015-08-03,16.06,16.39,15.29,15.51,829091.02
2015-08-04,15.4,16.7,15.38,16.61,514976.79
2015-08-05,16.48,16.54,15.54,15.75,521397.97
2015-08-06,15.29,16.21,15.19,15.71,357194.79
2015-08-07,15.86,16.57,15.83,16.32,515638.91
2015-08-10,16.62,17.53,16.25,17.3,610340.82
2015-08-11,17.29,17.44,16.79,17.02,524188.33
2015-08-12,16.79,16.99,16.25,16.3,379769.48
2015-08-13,16.05,16.83,15.89,16.75,367527.26
2015-08-14,16.92,18.01,16.66,17.35,714242.1
2015-08-17,17.18,17.23,16.74,17.07,410386.63
2015-08-18,17.23,17.94,15.62,15.76,654663.54
2015-08-19,15.41,16.38,14.74,16.27,508238.28
2015-08-20,16.24,16.88,15.86,15.96,429650.51
2015-08-21,15.49,15.97,14.67,14.78,365360.07
2015-08-24,13.9,14.23,13.3,13.3,278405.32
2015-08-25,12.01,12.44,11.97,11.97,314883.38
2015-08-26,11.54,12.08,10.77,10.77,588079.34
2015-08-27,11.06,11.26,9.72,10.82,603081.09
2015-08-28,10.98,11.9,10.63,11.9,665922.99
2015-08-31,11.54,11.7,10.79,11.23,561194.0
2015-09-01,10.85,11.04,10.11,10.47,501989.87
2015-09-02,9.78,10.8,9.65,10.41,422804.0
2015-09-07,10.47,11.19,10.25,10.43,289593.56
2015-09-08,10.62,11.15,10.18,11.03,267148.96
2015-09-09,11.09,12.02,11.05,11.76,502825.71
2015-09-10,11.42,11.71,11.24,11.26,295262.25
2015-09-11,11.58,11.81,11.28,11.45,312343.38
2015-09-14,11.35,11.49,10.3,10.41,407875.27
2015-09-15,10.15,10.73,9.55,9.55,255761.99
2015-09-16,9.89,10.51,9.76,10.51,470670.2
2015-09-17,10.43,11.05,10.24,10.31,504616.76
2015-09-18,10.4,10.49,10.07,10.35,289580.65
2015-09-21,10.02,11.32,9.99,11.26,457032.61
2015-09-22,11.37,11.59,10.83,11.18,402629.1
2015-09-23,10.92,11.36,10.89,11.05,272739.87
2015-09-24,11.13,11.48,11.09,11.27,247830.39
2015-09-25,11.23,11.32,10.28,10.45,237113.79
2015-09-28,10.45,10.96,10.15,10.87,236997.6
2015-09-29,10.59,10.67,10.31,10.48,208070.2
2015-09-30,10.57,10.79,10.34,10.48,160979.82
2015-10-08,10.92,11.53,10.76,11.53,579337.43
2015-10-09,11.53,11.89,11.36,11.75,555248.96
2015-10-12,12.02,12.93,11.85,12.62,653795.81
2015-10-13,12.57,12.99,12.47,12.85,397113.31
2015-10-14,12.67,12.83,12.27,12.4,319931.85
2015-10-15,12.3,13.45,12.3,13.06,381930.53
2015-10-16,13.38,13.45,12.76,13.29,410163.11
2015-10-19,13.3,13.33,12.71,12.96,297066.01
2015-10-20,12.93,14.23,12.9,13.91,515033.32
2015-10-21,13.91,13.91,12.52,12.52,495818.48
2015-10-22,12.43,13.04,12.28,12.91,429741.23
2015-10-23,13.13,13.32,12.85,13.16,409784.34
2015-10-26,13.45,13.88,12.92,13.59,533813.12
2015-10-27,13.23,13.74,12.54,13.56,485928.22
2015-10-28,13.34,14.02,13.23,13.39,401149.34
2015-10-29,13.58,13.64,12.71,13.22,364389.54
2015-10-30,13.02,13.43,12.8,13.0,311079.88
2015-11-02,12.54,13.34,12.4,12.61,349557.44
2015-11-03,12.77,12.82,12.2,12.4,258756.77
2015-11-04,12.39,13.32,12.36,13.31,471015.33
2015-11-05,13.34,13.56,12.97,13.42,524062.3
2015-11-06,13.45,14.68,13.45,14.49,736237.94
2015-11-09,14.3,14.97,13.92,14.72,551812.24
2015-11-10,14.54,15.1,14.3,14.5,396502.62
2015-11-11,14.54,15.06,14.51,14.9,361277.06
2015-11-12,14.88,15.06,14.31,14.54,346017.95
2015-11-13,14.25,14.39,13.79,13.88,332850.86
2015-11-16,13.49,14.14,13.43,14.05,292486.78
2015-11-17,14.28,14.38,13.52,13.66,389381.58
2015-11-18,13.66,13.86,13.23,13.33,241524.16
2015-11-19,13.43,13.78,13.28,13.76,204728.6
2015-11-20,13.87,14.18,13.75,14.0,298684.39
2015-11-23,14.0,14.06,13.41,13.53,277927.13
2015-11-24,13.45,13.75,13.3,13.74,171572.59
2015-11-25,13.75,14.19,13.67,14.08,345931.79
2015-11-26,14.18,14.19,13.53,13.55,307922.79
2015-11-27,13.45,13.59,12.3,12.54,312347.79
2015-11-30,12.57,12.71,11.63,12.28,275184.36
2015-12-01,12.34,12.65,12.04,12.4,219555.77
2015-12-02,12.37,12.45,11.85,12.31,143813.42
2015-12-03,12.36,12.7,12.32,12.64,176619.6
2015-12-04,12.58,12.65,12.23,12.43,154972.83
2015-12-07,12.5,12.86,12.34,12.69,203433.64
2015-12-08,12.5,13.26,12.45,13.01,324207.81
2015-12-09,12.83,13.62,12.79,13.16,369781.85
2015-12-10,13.1,13.42,12.8,13.19,315712.53
2015-12-11,13.15,13.15,12.71,12.79,169215.81
2015-12-14,12.58,12.91,12.37,12.81,192927.64
2015-12-15,12.81,13.58,12.81,13.19,245843.28
2015-12-16,13.28,13.3,12.93,13.07,185718.99
2015-12-17,13.15,13.67,13.13,13.54,311015.42
2015-12-18,13.47,13.53,13.06,13.23,205582.15
2015-12-21,13.42,13.59,13.23,13.45,254059.65
2015-12-22,13.46,14.01,13.37,13.91,411188.74
2015-12-23,13.87,13.87,13.46,13.58,282736.01
2015-12-24,13.46,13.97,13.3,13.81,299259.74
2015-12-25,13.79,13.88,13.51,13.72,178064.52
2015-12-28,13.72,13.95,13.17,13.2,257997.83
2015-12-29,13.69,13.8,13.24,13.45,207680.22
2015-12-30,13.44,14.53,13.28,14.27,589120.04
2015-12-31,14.11,14.24,13.69,13.8,294679.21
2016-01-04,13.78,13.95,12.42,12.42,251296.58
2016-01-05,11.71,12.35,11.24,11.96,301671.27
2016-01-06,12.1,12.25,11.71,12.22,189377.88
2016-01-07,11.98,11.98,10.99,10.99,48896.0
2016-01-08,11.13,11.28,9.98,10.69,269427.79
2016-01-11,10.41,10.59,9.62,9.62,324325.16
2016-01-12,9.7,9.81,9.26,9.61,210741.0
2016-01-13,9.76,9.8,8.76,8.79,228708.22
2016-01-14,8.46,9.2,8.38,9.15,222218.72
2016-01-15,9.06,9.1,8.46,8.72,190386.45
2016-01-18,8.41,9.13,8.41,9.04,195649.79
2016-01-19,9.02,9.38,8.81,9.32,226801.1
2016-01-20,9.19,9.32,8.94,9.12,193868.61
2016-01-21,8.95,9.36,8.68,8.83,210201.19
2016-01-22,9.06,9.11,8.59,9.05,220758.33
2016-01-25,9.15,9.22,8.96,9.06,163823.35
2016-01-26,8.93,8.98,8.16,8.16,231407.47
2016-01-27,8.13,8.2,7.45,7.82,206916.49
2016-01-28,7.76,8.16,7.64,7.76,199405.87
2016-01-29,7.71,8.2,7.71,8.08,196728.27
2016-02-01,8.05,8.2,7.66,7.87,163381.61
2016-02-02,7.9,8.5,7.85,8.25,254095.39
2016-02-03,8.07,8.2,7.91,8.18,168360.05
2016-02-04,8.16,8.43,8.16,8.28,195672.7
2016-02-05,8.29,8.49,8.26,8.29,168329.82
2016-02-15,8.02,8.15,7.8,8.07,182335.15
2016-02-16,8.12,8.87,8.09,8.87,381590.83
2016-02-17,8.83,8.93,8.64,8.91,287964.7
2016-02-18,8.96,9.18,8.81,8.9,304775.73
2016-02-19,8.84,9.01,8.77,8.85,214021.79
2016-02-22,8.96,9.09,8.83,9.09,261992.94
2016-02-23,9.08,9.09,8.68,8.86,202991.01
2016-02-24,8.82,8.92,8.59,8.88,196856.02
2016-02-25,8.84,8.87,7.99,7.99,251435.29
2016-02-26,8.08,8.08,7.66,7.84,183258.63
2016-02-29,7.72,7.81,7.06,7.06,202408.96
2016-03-01,7.11,7.35,6.98,7.25,146237.29
2016-03-02,7.27,7.74,7.22,7.66,206030.65
2016-03-03,7.68,8.16,7.62,7.79,235142.35
2016-03-04,7.74,7.78,7.29,7.48,185674.76
2016-03-07,7.61,7.94,7.58,7.76,159332.37
2016-03-08,7.71,7.82,7.29,7.78,192144.44
2016-03-09,7.61,7.8,7.38,7.54,144344.29
2016-03-10,7.59,7.66,7.31,7.33,127027.67
2016-03-11,7.26,7.43,7.18,7.31,84879.8
2016-03-14,7.38,8.04,7.38,8.04,236052.21
2016-03-15,8.31,8.48,8.11,8.24,497056.62
2016-03-16,8.33,8.4,7.99,8.17,308816.24
2016-03-17,8.2,8.93,8.12,8.75,500882.67
2016-03-18,8.68,9.33,8.57,9.06,491434.21
2016-03-21,9.11,9.51,8.96,9.23,468417.19
2016-03-22,9.07,9.15,8.89,9.06,325626.37
2016-03-23,8.99,9.24,8.94,9.22,256618.62
2016-03-24,9.11,9.46,8.94,8.99,313387.33
2016-03-25,8.95,9.11,8.77,8.97,218433.27
2016-03-28,9.02,9.22,8.87,8.98,190913.04
2016-03-29,8.88,8.97,8.59,8.69,178628.34
2016-03-30,8.78,9.2,8.75,9.18,244465.09
2016-03-31,9.18,9.25,9.02,9.06,257057.72
2016-04-01,8.95,9.41,8.88,9.37,368282.43
2016-04-05,9.31,9.73,9.18,9.67,379654.15
2016-04-06,9.57,9.66,9.4,9.5,250761.89
2016-04-07,9.55,9.63,9.12,9.19,258885.1
2016-04-08,9.04,9.08,8.9,9.06,170569.82
2016-04-11,9.19,9.38,9.16,9.23,176600.43
2016-04-12,9.2,9.45,9.07,9.21,170389.3
2016-04-13,9.24,9.61,9.24,9.42,307063.7
2016-04-14,9.49,9.55,9.34,9.52,181998.73
2016-04-15,9.55,9.61,9.34,9.45,169945.36
2016-04-18,9.31,9.32,9.02,9.11,173974.57
2016-04-19,9.24,9.26,8.97,9.07,116688.25
2016-04-20,9.13,9.2,8.27,8.5,225767.61
2016-04-21,8.44,8.64,8.3,8.37,146751.35
2016-04-22,8.36,8.46,8.22,8.44,108401.64
2016-04-25,8.42,8.42,8.23,8.36,79040.72
2016-04-26,8.46,8.57,8.37,8.54,101739.8
2016-04-27,8.56,8.57,8.45,8.51,90449.23
2016-04-28,8.57,8.59,8.27,8.43,114685.38
2016-04-29,8.37,8.44,8.29,8.36,105643.07
2016-05-03,8.31,8.69,8.26,8.64,175213.45
2016-05-04,8.61,8.74,8.54,8.66,154092.54
2016-05-05,8.66,8.72,8.55,8.66,127022.96
2016-05-06,8.66,8.8,8.17,8.18,176076.52
2016-05-09,8.09,8.12,7.6,7.79,167986.21
2016-05-10,7.7,7.81,7.67,7.75,84823.89
2016-05-11,7.8,7.82,7.56,7.68,79053.66
2016-05-12,7.53,7.75,7.35,7.65,122496.31
2016-05-13,7.65,7.71,7.5,7.53,81887.97
2016-05-16,7.56,7.64,7.48,7.63,102657.31
2016-05-17,7.63,7.86,7.53,7.71,155916.76
2016-05-18,7.61,7.61,7.29,7.42,138116.45
2016-05-19,7.43,7.67,7.39,7.46,124235.91
2016-05-20,7.34,7.62,7.3,7.61,106773.54
2016-05-23,7.63,7.76,7.6,7.68,100983.21
2016-05-24,7.67,7.68,7.48,7.6,85114.5
2016-05-25,7.67,7.78,7.55,7.6,114463.5
2016-05-26,7.61,7.66,7.35,7.64,120771.02
2016-05-27,7.64,7.66,7.56,7.6,87497.13
2016-05-30,7.51,7.65,7.44,7.56,89249.01
2016-05-31,7.62,8.32,7.6,8.32,321027.92
2016-06-01,8.33,8.62,8.32,8.45,387988.07
2016-06-02,8.45,8.56,8.33,8.5,252018.02
2016-06-03,8.48,8.79,8.34,8.61,333803.41
2016-06-06,8.61,8.64,8.43,8.48,163500.66
2016-06-07,8.46,8.69,8.4,8.55,162371.03
2016-06-08,8.54,8.71,8.44,8.6,194609.93
2016-06-13,8.45,8.51,7.83,7.85,227356.89
2016-06-14,7.83,7.94,7.64,7.83,178901.37
2016-06-15,7.67,8.24,7.65,8.08,191477.47
2016-06-16,8.08,8.22,7.96,8.07,137871.17
2016-06-17,8.1,8.3,8.04,8.1,133122.7
2016-06-20,7.96,8.12,7.79,8.06,126141.79
2016-06-21,8.12,8.26,7.85,7.9,152786.36
2016-06-22,7.82,8.19,7.8,8.17,148918.7
2016-06-23,8.16,8.38,8.03,8.29,214011.79
2016-06-24,8.21,8.44,7.87,8.15,222210.5
2016-06-27,8.07,8.68,8.06,8.57,312205.65
2016-06-28,8.53,8.67,8.4,8.62,244749.96
2016-06-29,8.65,8.68,8.45,8.5,197821.68
2016-06-30,8.56,8.6,8.44,8.56,141742.61
2016-07-01,8.56,8.65,8.4,8.47,135585.1
2016-07-04,8.4,8.7,8.38,8.63,196647.3
2016-07-05,8.63,8.79,8.56,8.67,204577.56
2016-07-06,8.64,8.78,8.61,8.68,173127.22
2016-07-07,8.68,8.7,8.4,8.54,172067.33
2016-07-08,8.48,8.63,8.46,8.56,117826.76
2016-07-11,8.55,8.91,8.55,8.69,299737.37
2016-07-12,8.63,8.91,8.44,8.89,316108.11
2016-07-13,8.9,9.03,8.83,8.92,270613.28
2016-07-14,8.92,9.06,8.85,8.99,212884.56
2016-07-15,8.96,8.99,8.79,8.85,135552.38
2016-07-18,8.8,8.85,8.66,8.8,138934.89
2016-07-19,8.79,9.05,8.77,9.04,203066.44
2016-07-20,9.05,9.34,8.93,9.18,274703.79
2016-07-21,9.18,10.1,9.11,9.85,557726.15
2016-07-22,9.7,10.53,9.67,10.33,623620.69
2016-07-25,10.42,10.52,10.1,10.35,340137.93
2016-07-26,10.35,10.45,10.17,10.43,272485.73
2016-07-27,10.38,10.8,9.94,10.25,552492.91
2016-07-28,10.18,10.36,9.72,9.77,373744.2
2016-07-29,9.8,10.14,9.4,9.92,400011.65
2016-08-01,9.62,10.1,9.55,9.87,288124.79
2016-08-02,9.74,9.92,9.47,9.7,220933.05
2016-08-03,9.69,9.9,9.47,9.88,247431.05
2016-08-04,9.86,10.78,9.8,10.71,485849.94
2016-08-05,10.54,10.87,10.43,10.5,400176.0
2016-08-08,10.55,10.93,10.42,10.74,384673.32
2016-08-09,10.51,10.69,10.44,10.54,260698.49
2016-08-10,10.61,10.72,10.35,10.45,229170.1
2016-08-11,10.41,10.45,10.0,10.02,217610.57
2016-08-12,10.2,10.25,9.84,10.21,193975.45
2016-08-15,10.21,11.22,10.14,11.22,514503.37
2016-08-16,11.28,11.51,11.16,11.18,550222.12
2016-08-17,11.07,11.29,10.9,11.24,304041.86
2016-08-18,11.15,11.41,11.08,11.1,291025.0
2016-08-19,11.05,11.31,10.84,11.22,234676.74
2016-08-22,11.11,11.39,10.98,11.02,175318.75
2016-08-23,11.08,11.12,10.63,10.81,194858.03
2016-08-24,10.81,11.07,10.79,10.87,141473.55
2016-08-25,10.83,11.29,10.63,11.18,246735.01
2016-08-26,11.19,11.31,11.01,11.16,234731.33
2016-08-29,11.06,11.15,10.84,11.08,146487.97
2016-08-30,11.22,11.23,10.94,11.02,116373.74
2016-08-31,10.94,11.47,10.84,11.46,327915.09
2016-09-01,11.39,11.44,10.94,11.05,221496.16
2016-09-02,10.96,11.05,10.31,10.57,319955.1
2016-09-05,10.58,10.75,10.5,10.59,115823.4
2016-09-06,10.55,10.78,10.38,10.66,143394.29
2016-09-07,10.65,10.8,10.56,10.65,136483.36
2016-09-08,10.63,10.71,10.5,10.54,94516.41
2016-09-09,10.48,10.48,10.17,10.23,158494.37
2016-09-12,9.97,10.18,9.9,10.07,103274.06
2016-09-13,10.13,10.21,9.92,10.0,91584.55
2016-09-14,9.92,10.08,9.89,9.92,71942.6
2016-09-19,9.91,10.11,9.91,10.04,55840.89
2016-09-20,10.01,10.13,9.93,9.98,54846.46
2016-09-21,9.98,10.14,9.89,10.05,83846.64
2016-09-22,10.09,10.14,10.0,10.03,69456.82
2016-09-23,10.04,10.26,10.0,10.08,97667.21
2016-09-26,10.02,10.07,9.47,9.48,180856.11
2016-09-27,9.53,9.8,9.29,9.79,171299.92
2016-09-28,9.71,9.87,9.65,9.72,61253.73
2016-09-29,9.71,10.05,9.71,9.84,165584.9
2016-09-30,9.84,10.01,9.78,9.89,102942.33
2016-10-10,10.0,10.46,10.0,10.3,125759.6
2016-10-11,10.28,10.35,10.17,10.24,75384.38
2016-10-12,10.17,10.38,10.16,10.26,68400.89
2016-10-13,10.23,10.31,10.17,10.29,61892.03
2016-10-14,10.2,10.3,10.01,10.18,72458.99
2016-10-17,10.19,10.24,9.93,9.96,64701.36
2016-10-18,9.83,10.17,9.71,10.09,104230.07
2016-10-19,10.09,10.14,9.99,10.07,53093.1
2016-10-20,10.02,10.1,9.93,9.99,62296.83
2016-10-21,9.99,10.2,9.86,10.18,128606.84
2016-10-24,10.25,10.43,10.14,10.18,143069.62
2016-10-25,10.14,10.17,10.03,10.11,74293.74
2016-10-26,10.11,10.11,9.96,10.02,62480.19
2016-10-27,9.97,10.1,9.93,10.0,39955.76
2016-10-28,9.97,10.12,9.89,10.02,83377.76
2016-10-31,9.97,10.01,9.74,9.95,57664.07
2016-11-01,9.99,10.02,9.9,9.97,50580.77
2016-11-02,9.93,10.17,9.88,10.07,116444.21
2016-11-03,10.04,10.37,10.01,10.28,165301.59
2016-11-04,10.29,10.36,10.17,10.24,89293.92
2016-11-07,10.2,10.69,10.2,10.56,226094.63
2016-11-08,10.57,10.76,10.51,10.6,125788.28
2016-11-09,10.56,10.78,10.45,10.63,161641.38
2016-11-10,10.71,10.78,10.56,10.66,101962.97
2016-11-11,10.6,10.66,10.35,10.44,125646.06
2016-11-14,10.47,10.72,10.39,10.7,143807.22
2016-11-15,10.65,10.7,10.41,10.56,127795.28
2016-11-16,10.55,10.59,10.44,10.49,76994.56
2016-11-17,10.49,10.49,10.24,10.4,118308.94
2016-11-18,10.46,10.47,10.25,10.28,93309.23
2016-11-21,10.28,10.34,10.2,10.23,93066.73
2016-11-22,10.24,10.42,10.16,10.36,97999.4
2016-11-23,10.35,10.43,10.2,10.24,72176.48
2016-11-24,10.23,10.59,10.02,10.43,220346.54
2016-11-25,10.35,10.82,10.28,10.75,357642.1
2016-11-28,10.71,10.79,10.61,10.66,112848.46
2016-11-29,10.65,10.88,10.56,10.65,117341.1
2016-11-30,10.56,10.86,10.54,10.85,179968.11
2016-12-01,10.84,10.84,10.63,10.71,96886.95
2016-12-02,10.69,10.82,10.33,10.59,250475.44
2016-12-05,10.36,10.49,10.25,10.32,108760.91
2016-12-06,10.36,10.42,10.21,10.23,89115.44
2016-12-07,10.2,10.35,10.05,10.32,62681.02
2016-12-08,10.28,10.34,10.14,10.23,48047.12
2016-12-09,10.26,10.35,10.12,10.18,66943.12
2016-12-12,10.18,10.23,9.25,9.71,164259.35
2016-12-13,9.58,9.76,9.43,9.76,117388.32
2016-12-14,9.72,9.75,9.54,9.71,62693.72
2016-12-15,9.62,9.81,9.58,9.7,53858.26
2016-12-16,9.7,9.79,9.64,9.66,51461.82
2016-12-19,9.66,9.69,9.44,9.53,42435.99
2016-12-20,9.54,9.66,9.18,9.42,134961.13
2016-12-21,9.53,9.57,9.41,9.54,99528.92
2016-12-22,9.63,9.69,9.46,9.49,50623.72
2016-12-23,9.49,9.68,9.46,9.57,114586.01
2016-12-26,9.51,9.54,9.27,9.49,70479.38
2016-12-27,9.49,9.59,9.36,9.45,143149.42
2016-12-28,9.43,9.48,9.31,9.32,90678.28
2016-12-29,9.33,9.42,9.1,9.24,78646.44
2016-12-30,9.21,9.27,9.07,9.1,47356.46
2017-01-03,9.18,9.3,9.15,9.17,47202.51
2017-01-04,9.22,9.43,9.17,9.39,69753.0
2017-01-05,9.39,9.42,9.34,9.39,33408.34
2017-01-06,9.39,9.41,9.28,9.34,33883.45
2017-01-09,9.36,9.37,9.17,9.27,44656.48
2017-01-10,9.26,9.29,9.11,9.16,76609.53
2017-01-11,9.18,9.26,9.06,9.13,52267.26
2017-01-12,9.1,9.16,8.94,9.03,131688.41
2017-01-13,9.05,9.05,8.36,8.42,147372.15
2017-01-16,8.43,8.49,7.66,7.99,112778.95
2017-01-17,8.0,8.19,7.88,8.13,58193.02
2017-01-18,8.12,8.13,7.98,8.04,39346.41
2017-01-19,8.06,8.06,7.96,8.04,24156.69
2017-01-20,8.04,8.55,8.0,8.44,246239.96
2017-01-23,8.4,8.65,8.36,8.49,222432.87
2017-01-24,8.5,8.5,8.33,8.35,54771.94
2017-01-25,8.35,8.45,8.33,8.35,48790.12
2017-01-26,8.38,8.4,8.33,8.35,31676.58
2017-02-03,8.35,8.47,8.26,8.35,42856.42
2017-02-06,8.35,8.4,8.27,8.39,47908.16
2017-02-07,8.4,8.42,8.28,8.33,31347.66
2017-02-08,8.31,8.32,8.22,8.3,51815.64
2017-02-09,8.33,8.35,8.28,8.33,58567.63
2017-02-10,8.33,8.41,8.32,8.33,55717.17
2017-02-13,8.32,8.5,8.29,8.43,87464.37
2017-02-14,8.42,8.5,8.39,8.4,32750.46
2017-02-15,8.41,8.5,8.32,8.33,44581.68
2017-02-16,8.31,8.39,8.31,8.34,36896.45
2017-02-17,8.35,8.41,8.25,8.25,49674.04
2017-02-20,8.26,8.28,8.07,8.16,81576.12
2017-02-21,8.16,8.34,8.14,8.28,74859.68
2017-02-22,8.31,8.45,8.22,8.39,86261.64
2017-02-23,8.4,8.42,8.27,8.35,47226.16
2017-02-24,8.32,8.41,8.29,8.39,62389.21
2017-02-27,8.39,8.47,8.32,8.33,64562.58
2017-02-28,8.33,8.4,8.22,8.4,80913.48
2017-03-01,8.4,8.43,8.34,8.41,49188.07
2017-03-02,8.41,8.43,8.31,8.32,42181.46
2017-03-03,8.32,8.33,8.19,8.27,52800.42
2017-03-06,8.27,8.47,8.26,8.43,78275.14
2017-03-07,8.4,8.47,8.36,8.47,65318.37
2017-03-08,8.5,8.72,8.5,8.59,121169.72
2017-03-09,8.55,8.59,8.42,8.5,56935.92
2017-03-10,8.51,8.55,8.4,8.4,41570.45
2017-03-13,8.44,8.47,8.32,8.43,44671.04
2017-03-14,8.43,8.47,8.34,8.39,59006.4
2017-03-15,8.4,8.4,8.27,8.35,48976.97
2017-03-16,8.31,8.4,8.31,8.36,68614.9
2017-03-17,8.38,8.42,8.28,8.29,69262.71
2017-03-20,8.22,8.33,8.19,8.29,55388.34
2017-03-21,8.29,8.3,8.2,8.22,51416.12
2017-03-22,8.19,8.19,8.0,8.13,67833.41
2017-03-23,8.13,8.19,8.0,8.11,38909.38
2017-03-24,8.12,8.19,8.1,8.18,42145.63
2017-03-27,8.2,8.22,8.07,8.12,45112.67
2017-03-28,8.11,8.14,8.05,8.12,39570.85
2017-03-29,8.12,8.15,7.96,7.99,45957.79
2017-03-30,7.99,8.02,7.78,7.8,93534.1
2017-03-31,7.8,7.87,7.77,7.78,38576.56
2017-04-05,7.79,7.94,7.79,7.92,51057.42
2017-04-06,7.95,7.95,7.84,7.89,47698.76
2017-04-07,7.92,7.92,7.84,7.88,42068.6
2017-04-10,7.88,7.9,7.81,7.82,63101.31
2017-04-11,7.81,8.19,7.8,8.13,117808.18
2017-04-12,8.12,8.12,7.91,7.93,84622.74
2017-04-13,7.93,8.01,7.89,7.91,39558.14
2017-04-14,7.94,8.05,7.82,7.86,49215.33
2017-04-17,7.87,7.93,7.72,7.82,49490.2
2017-04-18,7.82,7.87,7.7,7.7,39124.75
2017-04-19,7.7,7.88,7.68,7.8,57186.05
2017-04-20,7.86,8.11,7.81,8.05,107423.24
2017-04-21,8.05,8.1,7.92,7.96,42979.91
2017-04-24,7.96,7.96,7.67,7.75,57981.51
2017-04-25,7.81,7.87,7.7,7.83,38449.85
2017-04-26,7.84,7.84,7.71,7.77,40436.52
2017-04-27,7.8,7.8,7.31,7.57,78538.65
2017-04-28,7.53,7.58,7.46,7.55,32511.34
2017-05-02,7.55,7.62,7.51,7.55,24452.45
2017-05-03,7.51,7.57,7.49,7.54,27334.79
2017-05-04,7.54,7.62,7.46,7.54,33252.86
2017-05-05,7.54,7.55,7.44,7.47,29613.6
2017-05-08,7.49,7.55,7.4,7.43,28561.75
2017-05-09,7.41,7.41,7.24,7.35,40384.52
2017-05-10,7.35,7.4,7.06,7.07,47583.89
2017-05-11,7.07,7.07,6.36,6.69,132924.88
2017-05-12,6.62,6.66,6.41,6.53,108499.97
2017-05-15,6.66,6.73,6.44,6.51,87361.75
2017-05-16,6.52,6.81,6.42,6.79,99876.45
2017-05-17,6.74,6.84,6.67,6.69,77929.93
2017-05-18,6.57,7.0,6.57,6.99,163783.78
2017-05-19,6.91,7.12,6.87,7.05,88046.89
2017-05-22,7.0,7.05,6.78,6.79,60946.15
2017-05-23,6.81,6.89,6.55,6.68,58130.45
2017-05-24,6.54,6.75,6.53,6.63,78083.32
2017-05-25,6.66,6.77,6.57,6.68,98524.69
2017-05-26,6.74,6.81,6.68,6.72,43071.42
2017-05-31,6.78,6.84,6.68,6.68,48723.35
2017-06-01,6.61,6.66,6.34,6.36,86737.33
2017-06-02,6.35,6.39,6.08,6.32,92440.56
2017-06-05,6.32,6.45,6.29,6.39,64932.7
2017-06-06,6.36,6.81,6.36,6.67,142414.25
2017-06-07,6.63,6.79,6.63,6.76,92608.81
2017-06-08,6.85,6.97,6.73,6.88,119208.95
2017-06-09,6.9,6.94,6.75,6.78,75899.4
2017-06-12,6.74,6.9,6.71,6.78,80998.28
2017-06-13,6.78,6.91,6.78,6.87,52114.6
2017-06-14,6.86,7.03,6.78,7.02,105546.85
2017-06-15,6.99,7.12,6.91,7.04,125604.19
2017-06-16,7.0,7.53,7.0,7.37,151154.06
2017-06-19,7.36,7.46,7.32,7.4,73689.03
2017-06-20,7.4,7.69,7.37,7.57,142920.72
2017-06-21,7.58,7.72,7.4,7.61,123976.23
2017-06-22,7.62,7.68,7.36,7.38,91267.46
2017-06-23,7.4,7.44,7.05,7.17,124999.2
2017-06-26,7.18,7.55,7.14,7.44,134492.36
2017-06-27,7.53,7.55,7.4,7.44,53096.34
2017-06-28,7.44,7.44,7.22,7.28,61508.05
2017-06-29,7.3,7.54,7.24,7.5,102631.71
2017-06-30,7.49,7.63,7.4,7.54,74495.86
2017-07-03,7.52,7.54,7.41,7.5,54521.76
2017-07-04,7.5,7.52,7.4,7.43,32769.98
2017-07-05,7.35,7.51,7.34,7.47,44773.02
2017-07-06,7.47,7.61,7.36,7.56,79140.49
2017-07-07,7.51,7.54,7.46,7.49,39821.54
2017-07-10,7.49,7.53,7.3,7.33,44845.79
2017-07-11,7.36,7.37,7.15,7.18,60255.32
2017-07-12,7.17,7.23,6.91,7.03,72056.05
2017-07-13,7.03,7.19,6.87,7.15,56360.13
2017-07-14,7.12,7.22,7.1,7.15,26647.9
2017-07-17,7.08,7.21,6.81,6.91,72580.37
2017-07-18,6.9,7.02,6.87,6.96,24277.56
2017-07-19,6.96,7.11,6.89,7.1,38634.31
2017-07-20,7.1,7.43,7.1,7.35,71966.18
2017-07-21,7.35,7.72,7.32,7.52,105468.78
2017-07-24,7.52,7.62,7.4,7.54,54818.51
2017-07-25,7.55,7.6,7.43,7.52,32962.69
2017-07-26,7.48,7.57,7.4,7.49,34199.6
2017-07-27,7.49,7.99,7.43,7.97,178614.28
2017-07-28,7.95,7.95,7.8,7.93,103723.53
2017-07-31,7.88,7.97,7.8,7.91,54994.12
2017-08-01,7.87,8.04,7.68,7.86,88736.91
2017-08-02,7.84,7.85,7.44,7.5,139869.89
2017-08-03,7.49,7.65,7.43,7.57,60426.39
2017-08-04,7.57,7.62,7.43,7.47,50212.34
2017-08-07,7.5,7.61,7.45,7.52,38382.93
2017-08-08,7.51,7.71,7.4,7.69,82918.64
2017-08-09,7.63,7.64,7.5,7.56,50436.48
2017-08-10,7.62,7.62,7.4,7.49,46613.04
2017-08-11,7.43,7.78,7.41,7.65,96452.59
2017-08-14,7.62,8.41,7.59,8.41,380350.3
2017-08-15,8.41,8.81,8.3,8.73,354382.28
2017-08-16,8.62,9.51,8.51,9.06,311881.47
2017-08-21,9.42,9.87,9.21,9.64,349716.78
2017-08-22,9.47,9.54,9.1,9.28,242361.06
2017-08-23,9.19,9.34,8.92,9.18,189579.65
2017-08-24,9.25,9.25,8.99,9.16,121921.8
2017-08-25,9.16,9.38,9.06,9.28,146945.37
2017-08-28,9.25,9.67,9.18,9.46,243372.5
2017-08-29,9.38,9.47,9.1,9.21,190373.93
2017-08-30,9.12,9.16,8.89,9.14,220499.97
2017-08-31,9.07,9.23,8.99,9.19,107455.29
2017-09-01,9.15,10.11,9.1,10.11,306083.75
2017-09-04,10.32,11.13,10.32,11.13,355808.64
2017-09-05,11.19,11.35,10.52,11.0,433291.04
2017-09-06,10.91,11.41,10.63,11.22,384809.93
2017-09-07,11.01,11.13,10.71,10.77,226684.48
2017-09-08,10.7,10.98,10.53,10.78,155917.84
2017-09-11,10.66,10.81,10.41,10.73,153234.8
2017-09-12,10.69,11.45,10.53,11.24,330642.09
2017-09-13,11.06,11.67,10.89,11.57,329734.73
2017-09-14,11.48,11.72,11.32,11.44,188563.65
2017-09-15,11.35,11.43,10.88,10.99,143127.02
2017-09-18,10.93,11.15,10.86,11.02,106426.36
2017-09-19,11.06,11.06,10.57,10.69,120776.64
2017-09-20,10.69,10.92,10.59,10.78,89111.87
2017-09-21,10.82,11.03,10.66,10.76,89069.92
2017-09-22,10.66,10.81,10.13,10.5,88609.38
2017-09-25,10.47,10.65,10.26,10.27,61566.26
2017-09-26,10.31,10.42,10.16,10.35,72757.38
2017-09-27,10.37,10.42,10.13,10.31,96068.11
2017-09-28,10.31,10.68,10.22,10.57,132493.28
2017-09-29,10.57,10.64,10.39,10.42,79570.8
2017-10-09,10.5,11.22,10.45,11.16,166855.37
2017-10-10,11.05,11.39,10.92,11.04,152422.94
2017-10-11,11.0,11.27,10.5,10.53,172225.17
2017-10-12,10.55,10.55,10.15,10.21,146463.76
2017-10-13,10.31,10.37,10.16,10.34,73356.41
2017-10-16,10.31,10.31,9.61,9.7,155290.63
2017-10-17,9.77,9.86,9.65,9.7,45716.52
2017-10-18,9.75,10.38,9.73,9.98,112763.71
2017-10-19,9.98,10.11,9.79,9.83,42360.85
2017-10-20,9.81,10.15,9.76,9.99,49197.04
2017-10-23,10.01,10.27,10.01,10.17,50983.24
2017-10-24,10.17,10.21,9.86,9.98,43705.99
2017-10-25,10.0,10.12,9.94,10.06,36579.31
2017-10-26,10.04,10.09,9.73,9.82,113081.14
2017-10-27,9.78,9.93,9.71,9.78,51357.67
2017-10-30,9.88,9.98,9.52,9.91,104285.96
2017-10-31,9.84,10.33,9.79,10.22,123773.51
2017-11-01,10.25,10.32,10.09,10.28,83052.19
2017-11-02,10.24,10.54,10.07,10.39,124423.34
2017-11-03,10.38,10.5,10.08,10.24,81635.46
2017-11-06,10.13,10.32,9.97,10.16,70193.4
2017-11-07,10.17,10.69,10.02,10.68,177725.61
2017-11-08,10.65,10.9,10.44,10.63,152261.17
2017-11-09,10.69,11.06,10.58,10.96,133826.33
2017-11-10,10.88,11.06,10.7,10.79,130011.86
2017-11-13,10.79,11.09,10.58,11.01,148550.41
2017-11-14,11.01,11.37,10.79,10.94,203154.42
2017-11-15,10.87,10.87,10.31,10.5,149415.4
2017-11-16,10.32,10.42,10.09,10.13,116364.97
2017-11-17,10.09,10.21,9.47,9.62,168516.11
2017-11-20,9.28,9.65,9.17,9.64,65627.27
2017-11-21,9.56,9.78,9.18,9.46,124397.95
2017-11-22,9.38,9.65,9.34,9.57,81889.62
2017-11-23,9.48,9.54,9.21,9.26,68399.04
2017-11-24,9.16,9.32,9.16,9.22,46881.84
2017-11-27,9.15,9.36,8.95,9.04,50427.57
2017-11-28,9.04,9.27,9.03,9.24,48826.39
2017-11-29,9.25,9.36,9.1,9.25,48861.52
2017-11-30,9.25,9.36,8.94,9.02,50837.62
2017-12-01,9.02,9.3,8.96,9.17,61468.68
2017-12-04,9.08,9.35,9.08,9.2,40541.38
2017-12-05,9.24,9.29,8.76,8.81,72161.3
2017-12-06,8.8,8.8,8.43,8.64,81912.72
2017-12-07,8.61,8.78,8.59,8.68,35206.25
2017-12-08,8.68,8.96,8.65,8.72,47732.67
2017-12-11,9.03,9.59,9.03,9.58,183732.57
2017-12-12,9.44,9.67,9.41,9.5,116976.78
2017-12-13,9.45,9.59,9.42,9.49,46734.19
2017-12-14,9.46,9.73,9.43,9.65,91110.96
2017-12-15,9.6,9.73,9.39,9.47,57893.57
2017-12-18,9.47,9.58,9.37,9.48,45252.08
2017-12-19,9.49,9.89,9.49,9.72,106374.55
2017-12-20,9.57,9.69,9.43,9.68,70471.65
2017-12-21,9.68,9.77,9.51,9.65,59696.47
2017-12-22,9.69,9.74,9.5,9.51,39511.8
2017-12-25,9.6,9.69,9.27,9.3,59667.32
2017-12-26,9.26,9.44,9.1,9.4,43857.8
2017-12-27,9.4,9.55,9.34,9.45,43783.06
2017-12-28,9.45,9.47,9.06,9.1,64975.67
2017-12-29,9.1,9.37,9.1,9.32,49855.69
2018-01-02,9.39,9.53,9.32,9.42,61309.01
2018-01-03,9.49,9.53,9.29,9.53,84704.54
2018-01-04,9.48,9.52,9.37,9.42,61221.48
2018-01-05,9.52,9.67,9.46,9.52,79710.45
2018-01-08,9.38,9.47,9.05,9.23,129012.6
2018-01-09,9.17,9.25,8.94,9.1,74618.55
2018-01-10,9.01,9.39,9.01,9.36,125141.62
2018-01-11,9.26,9.84,9.18,9.78,186881.92
2018-01-12,9.88,10.76,9.68,10.13,266238.23
2018-01-15,9.92,10.06,9.63,9.77,129558.02
2018-01-16,9.84,9.92,9.57,9.76,106740.57
2018-01-17,9.54,9.54,8.79,9.27,165449.45
2018-01-18,9.14,9.29,9.08,9.16,54681.42
2018-01-19,9.15,9.4,9.15,9.22,58475.24
2018-01-22,9.24,9.58,9.01,9.51,85383.07
2018-01-23,9.45,9.9,9.41,9.81,106178.08
2018-01-24,9.96,10.35,9.73,10.26,157571.59
2018-01-25,10.26,10.39,10.06,10.12,78274.02
2018-01-26,10.14,10.37,9.98,10.22,83483.12
2018-01-29,10.28,10.45,9.85,9.98,93196.7
2018-01-30,10.0,10.42,9.98,10.39,111087.14
2018-01-31,10.38,10.56,10.12,10.13,137900.74
2018-02-01,10.17,10.48,9.87,10.4,132409.9
2018-02-02,10.29,10.7,10.16,10.64,163606.97
2018-02-05,10.44,10.79,10.26,10.78,117542.46
2018-02-06,10.49,10.84,10.26,10.46,173479.9
2018-02-07,10.66,11.43,10.5,11.26,259300.36
2018-02-08,11.23,11.47,10.88,11.36,238610.41
2018-02-09,10.97,11.16,10.43,10.7,189378.09
2018-02-12,10.71,11.77,10.71,11.77,179156.25
2018-02-13,12.46,12.95,12.07,12.34,538252.4
2018-02-14,12.55,12.56,11.94,11.99,255057.5
2018-02-22,12.22,13.19,12.03,13.19,477545.8
2018-02-23,12.99,13.28,12.8,13.11,262435.56
2018-02-26,13.44,13.72,12.97,13.5,351736.03
2018-02-27,13.26,13.83,13.17,13.38,288674.85
2018-02-28,13.19,14.68,12.99,14.43,434783.79
2018-03-01,14.07,15.88,13.94,15.88,363332.16
2018-03-02,16.96,17.43,16.15,16.39,677869.13
2018-03-05,16.79,18.03,16.47,18.03,537073.21
2018-03-06,18.42,18.48,17.42,17.74,523170.12
2018-03-07,17.79,18.22,17.2,17.64,485907.87
2018-03-08,17.49,17.9,17.05,17.34,520653.71
2018-03-09,17.03,18.88,16.87,17.88,743024.94
2018-03-12,17.62,18.21,17.44,18.19,583182.63
2018-03-13,17.91,18.06,17.44,17.63,408446.63
2018-03-14,17.52,18.31,15.87,15.87,1007921.92
2018-03-15,15.5,15.91,15.38,15.8,564790.78
2018-03-16,15.8,15.99,15.57,15.71,404123.3
2018-03-19,15.68,16.16,15.43,15.82,491708.0
2018-03-20,15.46,16.56,15.42,16.29,489094.58
2018-03-21,16.29,16.45,15.66,15.77,367361.56
2018-03-22,15.94,16.15,15.11,15.22,412061.71
2018-03-23,14.53,15.22,14.1,14.63,465198.96
2018-03-26,14.8,16.09,14.8,16.09,498277.07
2018-03-27,16.38,16.87,16.04,16.83,621277.29
2018-03-28,16.33,16.92,16.23,16.49,427406.37
2018-03-29,16.61,16.9,16.08,16.47,336311.83
2018-03-30,16.5,17.11,16.3,16.82,455971.98
2018-04-02,16.73,17.04,16.14,16.62,419239.59
2018-04-03,16.3,16.41,15.11,15.74,464290.77
2018-04-04,15.68,15.8,14.84,15.15,332497.07
2018-04-09,15.27,15.71,14.84,15.45,273752.65
2018-04-10,15.26,15.32,14.89,15.3,210397.75
2018-04-11,15.46,15.83,15.2,15.33,286529.29
2018-04-12,15.39,15.66,15.2,15.36,179790.57
2018-04-13,15.5,15.61,14.95,15.07,179793.03
2018-04-16,14.95,16.57,14.76,16.57,475181.0
2018-04-17,16.56,16.69,15.5,15.99,354062.69
2018-04-18,15.86,16.89,15.74,16.61,434190.54
2018-04-19,16.52,16.85,16.06,16.29,313930.83
2018-04-20,16.21,16.36,15.28,15.32,246206.83
2018-04-23,15.3,15.47,14.8,15.35,184078.55
2018-04-24,15.33,15.97,15.13,15.93,210351.39
2018-04-25,15.81,17.21,15.72,16.29,423098.99
2018-04-26,16.23,16.72,15.94,16.2,249713.18
2018-04-27,16.52,16.56,15.24,16.2,224076.86
2018-05-02,16.61,17.02,15.7,16.02,201189.68
2018-05-03,15.94,16.2,15.12,16.07,260355.26
2018-05-04,16.1,16.93,15.85,16.42,352284.51
2018-05-07,16.47,17.36,16.31,17.2,468927.7
2018-05-08,17.05,17.94,16.91,17.78,486998.99
2018-05-09,17.74,18.16,17.35,17.7,350802.22
2018-05-10,17.68,17.89,16.57,17.05,402232.42
2018-05-11,17.06,17.16,16.44,16.67,267040.35
2018-05-14,16.63,17.09,15.93,16.21,316487.9
2018-05-15,16.23,16.67,15.98,16.64,213451.79
2018-05-16,16.62,16.62,15.81,15.83,284207.79
2018-05-17,15.71,16.01,15.46,15.82,235815.06
2018-05-18,15.65,15.88,15.24,15.72,218677.74
2018-05-21,15.58,16.34,15.58,16.14,236644.4
2018-05-22,16.02,16.31,15.6,15.91,237542.98
2018-05-23,15.9,16.3,15.59,15.85,274320.55
2018-05-24,15.81,15.94,15.46,15.49,152819.43
2018-05-25,15.33,15.58,14.75,14.91,257070.15
2018-05-28,14.91,15.37,14.78,15.17,164908.66
2018-05-29,15.15,15.44,14.91,15.14,149457.24
2018-05-30,14.89,15.2,14.44,14.86,181366.73
2018-05-31,14.87,15.1,13.8,14.14,380778.11
2018-06-01,13.98,14.38,13.74,14.24,222535.96
2018-06-04,14.12,14.26,13.74,13.92,157329.48
2018-06-05,13.92,14.64,13.92,14.62,241872.8
2018-06-06,14.61,15.05,14.48,14.86,212624.67
2018-06-07,14.88,15.12,14.68,14.87,169586.85
2018-06-08,15.24,15.34,14.78,14.9,214982.12
2018-06-11,14.72,14.86,14.49,14.57,117778.41
2018-06-12,14.48,14.87,14.2,14.69,130784.65
2018-06-13,14.74,14.88,13.62,13.67,327085.5
2018-06-14,13.65,14.11,13.55,13.93,209519.83
2018-06-15,14.0,14.16,13.74,13.88,125210.05
2018-06-19,13.29,13.85,12.5,12.52,263024.43
2018-06-20,12.52,12.76,12.11,12.45,257982.99
2018-06-21,12.46,12.59,11.45,11.64,293558.88
2018-06-22,11.65,12.46,11.57,12.17,245255.56
2018-06-25,12.23,12.74,12.23,12.41,196278.66
2018-06-26,12.3,13.54,12.23,13.41,319524.4
2018-06-27,13.38,13.65,12.96,13.22,247328.1
2018-06-28,13.22,13.64,12.96,13.12,212878.42
2018-06-29,13.12,14.13,13.0,14.09,312002.39
2018-07-02,14.09,14.09,13.34,13.73,230392.45
2018-07-03,13.65,14.63,13.52,14.28,317361.39
2018-07-04,14.15,14.23,13.51,13.64,207794.17
2018-07-05,13.51,13.94,13.1,13.11,193630.0
2018-07-06,13.15,14.03,13.15,13.6,347262.84
2018-07-09,13.8,13.87,13.38,13.68,254699.62
2018-07-10,13.58,13.66,13.06,13.35,281083.47
2018-07-11,13.05,13.22,12.19,12.57,295482.74
2018-07-12,12.71,13.78,12.64,13.59,408807.64
2018-07-13,14.09,14.41,13.95,14.13,425854.87
2018-07-16,14.37,14.58,14.09,14.31,329943.37
2018-07-17,14.31,15.74,13.86,15.74,503669.1
2018-07-18,15.89,16.18,15.55,15.59,575255.86
2018-07-19,15.67,15.75,15.18,15.4,339018.87
2018-07-20,15.4,16.3,15.24,15.9,546303.66
2018-07-23,15.7,16.41,15.6,16.04,388463.78
2018-07-24,15.94,16.22,15.63,15.9,301715.0
2018-07-25,15.86,16.22,15.64,15.67,273633.92
2018-07-26,15.56,15.57,14.84,15.03,311436.35
2018-07-27,15.1,15.32,14.75,15.18,233041.25
2018-07-30,15.1,15.3,14.56,14.79,191091.94
2018-07-31,14.66,15.05,14.61,14.83,169280.84
2018-08-01,14.89,15.38,14.37,14.45,207893.26
2018-08-02,14.26,14.37,13.65,14.12,226958.13
2018-08-03,14.18,14.32,13.45,13.47,171454.76
2018-08-06,13.42,13.97,13.34,13.41,187248.12
2018-08-07,13.64,14.44,13.6,14.38,265248.8
2018-08-08,14.26,14.65,14.2,14.4,218177.84
2018-08-09,14.38,15.75,14.26,15.51,392432.87
2018-08-10,15.47,16.08,15.36,15.91,396904.78
2018-08-13,16.14,17.16,16.07,16.8,623393.03
2018-08-14,16.63,16.74,16.13,16.28,336598.41
2018-08-15,16.34,16.52,15.66,16.02,370885.91
2018-08-16,15.7,16.24,15.55,15.91,317882.25
2018-08-17,16.1,16.16,15.13,15.25,281313.57
2018-08-20,15.25,15.87,15.24,15.85,257162.1
2018-08-21,15.52,15.73,14.97,15.52,337211.31
2018-08-22,15.39,15.75,15.24,15.53,234669.13
2018-08-23,15.53,16.28,15.37,16.04,357554.39
2018-08-24,15.89,16.32,15.88,16.01,199172.76
2018-08-27,16.01,16.83,15.93,16.59,271630.37
2018-08-28,16.73,16.78,16.2,16.37,205458.73
2018-08-29,16.38,16.52,15.98,16.28,159244.19
2018-08-30,16.24,16.33,15.87,15.87,128526.64
2018-08-31,15.88,16.56,15.8,16.03,249928.77
2018-09-03,15.97,16.66,15.35,16.56,289138.08
2018-09-04,16.46,18.04,16.32,17.44,464338.27
2018-09-05,17.34,17.43,16.85,16.96,287321.55
2018-09-06,16.93,17.42,16.91,17.04,240080.97
2018-09-07,17.14,17.34,15.52,16.04,370987.4
2018-09-10,15.76,15.95,15.18,15.28,278444.66
2018-09-11,15.29,15.66,15.13,15.44,172245.43
2018-09-12,15.39,15.63,14.99,15.29,180288.39
2018-09-13,15.52,15.7,15.0,15.41,222358.58
2018-09-14,15.35,15.37,14.38,14.41,356318.86
2018-09-17,14.4,14.63,14.0,14.27,207909.94
2018-09-18,14.29,15.26,14.15,15.14,319923.36
2018-09-19,15.13,15.83,14.91,15.45,332165.23
2018-09-20,15.41,15.64,15.24,15.44,163717.58
2018-09-21,15.3,15.41,14.36,15.01,375362.33
2018-09-25,14.72,15.34,14.65,15.09,210448.94
2018-09-26,15.12,15.34,14.63,15.24,259551.27
2018-09-27,15.24,16.0,15.07,15.63,447519.29
2018-09-28,15.7,16.06,15.16,15.99,339905.09
2018-10-08,15.47,15.91,15.31,15.62,255596.69
2018-10-09,15.74,16.16,14.6,14.73,381789.52
2018-10-10,14.67,14.69,14.19,14.36,212332.6
2018-10-11,13.51,13.91,12.92,12.92,294065.73
2018-10-12,12.92,13.22,12.28,13.03,247351.81
2018-10-15,13.08,13.42,12.81,12.95,238764.03
2018-10-16,12.9,13.03,12.0,12.23,306399.26
2018-10-17,12.55,13.09,12.23,13.02,365992.05
2018-10-18,12.99,13.36,12.79,13.1,356321.08
2018-10-19,12.94,14.38,12.83,14.17,418817.79
2018-10-22,14.37,15.06,14.19,14.67,394816.88
2018-10-23,14.71,14.71,14.29,14.43,219150.83
2018-10-24,14.6,14.6,13.83,14.25,246101.86
2018-10-25,13.51,13.87,13.18,13.7,238057.86
2018-10-26,13.95,14.08,13.14,13.44,213310.44
2018-10-29,13.51,14.3,13.27,13.78,284389.85
2018-10-30,13.77,14.06,13.05,13.68,242465.43
2018-10-31,13.68,14.1,13.57,13.79,219228.89
2018-11-01,14.14,14.71,13.8,14.1,366991.51
2018-11-02,14.47,14.7,14.28,14.63,339509.23
2018-11-05,14.52,14.8,14.19,14.55,237022.35
2018-11-06,14.47,14.52,14.06,14.26,148273.88
2018-11-07,14.23,14.74,14.2,14.33,224408.59
2018-11-08,14.5,14.5,13.71,13.71,220254.15
2018-11-09,13.46,14.02,13.4,13.77,142306.73
2018-11-12,13.66,14.75,13.61,14.72,362632.79
2018-11-13,14.48,14.92,14.37,14.73,300752.41
2018-11-14,14.73,14.92,14.37,14.63,214730.79
2018-11-15,14.6,15.29,14.49,15.22,279034.63
2018-11-16,15.12,15.59,15.06,15.22,299611.16
2018-11-19,15.21,15.21,14.63,14.91,171918.07
2018-11-20,14.67,14.88,14.34,14.4,164898.04
2018-11-21,14.14,14.53,14.09,14.36,154921.12
2018-11-22,14.38,14.57,14.07,14.25,128441.71
2018-11-23,14.25,14.38,13.69,13.76,156195.3
2018-11-26,13.74,13.96,13.32,13.45,168445.05
2018-11-27,13.58,13.74,13.42,13.58,134039.12
2018-11-28,13.48,13.76,13.18,13.72,133147.08
2018-11-29,13.83,13.97,13.27,13.36,119638.56
2018-11-30,13.41,13.62,13.1,13.6,124679.14
2018-12-03,14.09,14.26,13.75,14.01,193562.13
2018-12-04,13.97,14.09,13.84,14.02,104677.13
2018-12-05,13.78,14.09,13.7,14.06,141642.75
2018-12-06,13.88,14.19,13.57,13.71,133292.8
2018-12-07,13.72,13.9,13.7,13.74,63164.58
2018-12-10,13.51,13.79,13.31,13.36,101079.99
2018-12-11,13.59,13.65,13.23,13.46,75551.68
2018-12-12,13.57,13.61,13.42,13.5,64923.78
2018-12-13,13.56,13.86,13.44,13.73,98005.04
2018-12-14,13.69,13.76,13.24,13.26,94583.14
2018-12-17,13.26,13.38,12.91,13.16,132439.33
2018-12-18,13.06,13.17,12.86,12.95,82378.62
2018-12-19,12.95,13.02,12.58,12.71,93799.52
2018-12-20,12.65,12.9,12.6,12.73,78268.41
2018-12-21,12.65,12.98,12.59,12.84,111275.82
2018-12-24,12.73,13.1,12.65,12.99,86567.76
2018-12-25,12.77,13.09,12.5,13.04,109886.28
2018-12-26,12.94,12.94,12.7,12.76,81519.17
2018-12-27,13.01,13.05,12.53,12.53,94485.89
2018-12-28,12.75,12.75,12.1,12.25,104424.77
2019-01-02,12.34,12.59,12.19,12.53,169585.91
2019-01-03,12.82,13.14,12.74,12.86,225423.99
2019-01-04,12.65,13.53,12.6,13.51,250598.07
2019-01-07,13.6,13.99,13.41,13.94,252762.2
2019-01-08,13.83,14.02,13.71,13.83,142351.29
2019-01-09,13.91,14.29,13.84,13.86,236261.87
2019-01-10,13.91,14.34,13.87,14.17,395828.42
2019-01-11,14.11,14.34,13.57,13.87,185648.58
2019-01-14,13.87,14.1,13.81,13.94,108533.38
2019-01-15,13.94,14.49,13.91,14.26,187941.98
2019-01-16,14.31,14.75,14.13,14.17,188329.56
2019-01-17,14.02,14.25,13.91,13.93,116335.93
2019-01-18,13.95,14.26,13.91,14.26,109617.85
2019-01-21,14.26,14.52,14.0,14.3,206789.97
2019-01-22,14.36,14.53,14.15,14.26,99905.55
2019-01-23,14.19,14.32,14.0,14.1,60540.43
2019-01-24,14.13,14.84,14.07,14.68,342453.19
2019-01-25,14.49,14.94,14.49,14.54,148332.83
2019-01-28,14.66,15.02,14.52,14.83,150867.56
2019-01-29,14.83,14.99,14.38,14.83,121826.2
2019-01-30,14.82,15.11,14.64,14.64,121150.18
2019-01-31,14.55,14.55,13.71,13.85,230578.72
2019-02-01,14.0,14.27,13.74,14.27,154247.05
2019-02-11,14.26,15.44,14.21,15.42,252793.25
2019-02-12,15.35,15.39,15.06,15.21,207553.2
2019-02-13,15.24,15.66,15.12,15.41,244793.32
2019-02-14,15.37,15.81,15.22,15.56,174445.57
2019-02-15,15.45,15.68,15.11,15.13,208029.22
2019-02-18,15.28,15.81,15.24,15.71,215053.55
2019-02-19,15.91,16.34,15.48,15.7,263994.07
2019-02-20,15.66,15.9,15.41,15.81,169975.81
2019-02-21,15.75,16.28,15.45,15.47,236495.09
2019-02-22,15.44,16.55,15.34,16.39,305651.31
2019-02-25,17.01,18.02,16.56,18.02,551950.75
2019-02-26,18.02,19.49,17.48,18.28,470438.17
2019-02-27,18.17,19.15,17.26,17.71,370382.74
2019-02-28,17.6,17.82,17.21,17.52,184033.79
2019-03-01,17.6,17.86,17.13,17.86,238385.15
2019-03-04,18.4,19.06,17.71,18.0,448750.33
2019-03-05,17.82,19.2,17.53,19.1,442726.23
2019-03-06,19.59,20.24,18.82,19.56,462937.26
2019-03-07,19.55,21.51,19.2,21.51,538006.47
2019-03-08,20.32,23.22,20.3,21.25,760859.74
2019-03-11,22.47,22.75,19.74,21.16,509173.07
2019-03-12,21.3,22.11,20.81,21.73,478739.44
2019-03-13,21.5,21.67,19.6,19.71,500016.81
2019-03-14,19.72,19.86,18.51,18.85,371375.76
2019-03-15,19.12,19.71,18.63,19.17,285311.21
2019-03-18,19.62,20.05,19.48,20.0,297350.6
2019-03-19,20.04,20.51,19.38,20.07,301128.3
2019-03-20,19.82,20.03,19.16,19.61,210461.18
2019-03-21,19.66,20.41,19.53,20.03,302437.7
2019-03-22,20.24,20.27,19.48,20.14,211992.33
2019-03-25,19.72,20.7,19.62,20.31,269053.93
2019-03-26,20.32,20.66,19.75,19.88,252087.83
2019-03-27,20.04,20.07,18.69,19.02,253413.54
2019-03-28,19.07,19.58,18.86,18.92,156888.0
2019-03-29,18.75,19.67,18.39,19.49,266765.63
2019-04-01,19.66,20.85,19.66,20.72,343421.9
2019-04-02,20.74,21.32,20.29,20.42,328123.2
2019-04-03,20.19,20.75,20.13,20.52,212011.65
2019-04-04,20.7,20.98,20.32,20.57,226318.44
2019-04-08,20.75,20.78,19.32,19.61,312499.98
2019-04-09,19.32,19.87,19.29,19.44,168659.96
2019-04-10,19.26,19.75,19.0,19.37,181245.18
2019-04-11,19.31,19.54,18.75,18.85,193210.74
2019-04-12,18.96,19.1,18.53,18.74,173985.01
2019-04-15,19.13,19.58,18.69,18.78,199262.67
2019-04-16,18.69,19.25,18.08,19.25,264440.59
2019-04-17,19.29,19.46,19.02,19.07,166793.56
2019-04-18,19.09,19.2,18.68,18.73,110671.65
2019-04-19,18.66,19.12,18.54,18.71,116145.91
2019-04-22,18.86,19.13,18.44,18.54,177027.46
2019-04-23,18.51,18.82,18.37,18.52,109176.0
2019-04-24,18.57,19.69,18.46,19.61,358290.75
2019-04-25,19.54,19.94,19.19,19.24,325600.3
2019-04-26,19.48,19.82,19.25,19.72,333831.97
2019-04-29,19.95,20.18,18.24,18.4,399129.0
2019-04-30,18.12,18.71,17.88,18.15,174420.61
2019-05-06,17.24,17.64,16.33,16.33,283325.25
2019-05-07,16.59,17.09,16.31,16.36,180942.1
2019-05-08,15.86,17.34,15.69,17.13,363167.55
2019-05-09,17.26,17.48,17.01,17.25,212241.14
2019-05-10,17.49,18.33,16.84,18.11,376391.79
2019-05-13,18.02,18.66,17.76,18.26,217094.9
2019-05-14,17.92,18.38,17.74,17.8,184072.18
2019-05-15,17.98,18.09,17.71,17.93,199789.75
2019-05-16,17.93,18.07,17.4,17.46,193232.92
2019-05-17,17.61,17.92,17.15,17.19,215277.56
2019-05-20,17.46,17.8,17.27,17.76,202062.01
2019-05-21,17.65,18.23,17.19,17.88,257756.08
2019-05-22,17.86,18.41,17.75,18.32,252848.06
2019-05-23,18.4,18.4,17.1,17.29,260806.13
2019-05-24,17.29,17.45,16.85,16.9,141791.1
2019-05-27,16.89,17.92,16.82,17.83,252560.16
2019-05-28,17.83,18.2,17.55,18.09,241195.85
2019-05-29,17.89,17.99,17.65,17.71,153895.62
2019-05-30,17.56,17.63,17.0,17.24,166612.04
2019-05-31,17.33,17.49,17.11,17.22,123957.48
2019-06-03,17.31,17.57,16.93,17.22,140022.32
2019-06-04,17.2,17.24,16.59,16.8,130218.88
2019-06-05,17.0,17.24,16.8,17.03,136171.08
2019-06-06,17.12,17.15,16.57,16.65,115806.45
2019-06-10,16.67,16.99,16.54,16.97,122839.08
2019-06-11,16.91,17.72,16.72,17.65,221363.15
2019-06-12,17.62,17.71,17.38,17.46,116712.43
2019-06-13,17.57,19.21,17.53,18.74,539818.68
2019-06-14,18.48,18.87,18.02,18.13,313690.23
2019-06-17,18.23,18.35,17.65,18.02,167114.79
2019-06-18,17.9,18.66,17.81,18.29,243331.53
2019-06-19,18.97,19.35,18.66,18.89,364463.21
2019-06-20,18.89,19.68,18.72,19.37,336340.85
2019-06-21,19.4,20.63,19.4,20.38,485782.94
2019-06-24,20.35,20.51,19.92,20.36,259353.47
2019-06-25,20.28,20.28,19.37,20.08,260734.23
2019-06-26,19.68,20.39,19.68,19.98,189534.94
2019-06-27,20.01,20.38,19.92,19.98,239128.19
2019-06-28,20.04,20.27,19.76,20.27,198833.6
2019-07-01,20.78,21.04,20.32,20.95,342786.01
2019-07-02,20.75,20.87,20.07,20.28,253803.51
2019-07-03,20.08,20.21,19.38,19.69,258189.18
2019-07-04,19.69,19.98,19.3,19.73,168025.44
2019-07-05,19.72,19.87,19.42,19.71,149528.11
2019-07-08,19.54,19.83,18.84,19.08,199699.53
2019-07-09,19.15,19.34,18.81,19.2,152850.7
2019-07-10,19.24,19.36,18.91,19.03,101533.36
2019-07-11,19.3,19.34,18.94,19.04,105469.71
2019-07-12,19.11,19.21,18.86,19.06,81353.21
2019-07-15,19.06,20.51,18.86,20.32,348266.79
2019-07-16,20.13,20.82,20.04,20.59,260753.47
2019-07-17,20.59,20.73,20.31,20.32,163336.74
2019-07-18,20.32,20.5,20.06,20.26,150710.95
2019-07-19,20.35,20.43,20.06,20.18,142664.35
2019-07-22,20.35,20.35,19.48,19.83,129322.81
2019-07-23,20.06,20.86,19.84,20.81,251468.34
2019-07-24,20.87,21.96,20.7,21.27,394186.29
2019-07-25,21.38,21.68,21.19,21.43,231159.09
2019-07-26,21.27,21.48,20.94,21.33,200425.36
2019-07-29,21.44,22.14,21.36,22.02,246911.34
2019-07-30,22.02,22.02,21.35,21.37,225043.27
2019-07-31,21.4,21.87,21.34,21.68,165290.13
2019-08-01,21.68,21.83,21.27,21.46,173986.99
2019-08-02,20.81,21.79,20.55,21.5,208688.87
2019-08-05,21.26,21.79,20.8,20.89,205314.93
2019-08-06,20.6,20.74,19.71,20.49,280374.08
2019-08-07,20.56,20.69,20.1,20.17,135779.57
2019-08-08,20.36,20.72,20.21,20.69,132175.87
2019-08-09,20.96,21.55,20.78,20.9,262777.96
2019-08-12,20.95,21.61,20.62,21.59,213925.24
2019-08-13,21.27,21.53,20.94,21.22,153429.49
2019-08-14,21.69,21.98,21.44,21.78,218771.51
2019-08-15,21.19,23.48,21.18,23.34,441595.33
2019-08-16,23.11,24.04,22.92,23.53,369942.27
2019-08-19,23.98,24.35,23.29,23.81,445828.8
2019-08-20,23.93,24.26,23.37,23.64,305499.27
2019-08-21,23.57,23.69,23.23,23.52,216577.78
2019-08-22,23.68,23.93,23.16,23.82,217829.67
2019-08-23,23.75,23.96,23.33,23.57,168838.03
2019-08-26,23.23,23.84,23.19,23.63,192837.85
2019-08-27,23.87,25.01,23.45,24.89,366799.31
2019-08-28,24.65,25.35,24.61,24.81,273145.83
2019-08-29,24.79,25.55,24.7,24.97,238646.59
2019-08-30,25.26,26.0,23.97,24.18,334748.12
2019-09-02,24.18,25.74,24.18,25.6,293659.01
2019-09-03,25.49,25.78,25.12,25.71,208288.95
2019-09-04,25.56,25.99,25.16,25.5,205354.61
2019-09-05,25.94,27.4,25.61,26.53,351733.78
2019-09-06,26.53,26.89,25.41,25.86,282803.37
2019-09-09,26.02,26.87,25.64,26.85,279503.92
2019-09-10,26.47,26.76,25.92,26.2,236247.16
2019-09-11,26.32,26.57,25.65,26.05,183337.54
2019-09-12,26.25,26.3,25.74,26.08,130578.72
2019-09-16,26.11,26.5,25.54,25.69,267775.42
2019-09-17,25.76,25.96,25.11,25.65,236577.04
2019-09-18,25.72,25.75,25.15,25.7,170204.61
2019-09-19,25.65,26.24,25.26,26.24,243320.7
2019-09-20,26.26,26.56,25.96,26.13,201423.72
2019-09-23,26.04,26.04,24.09,24.82,490474.22
2019-09-24,24.82,25.62,24.55,25.1,278471.9
2019-09-25,25.05,25.34,24.18,24.6,211144.62
2019-09-26,24.88,24.88,23.42,23.9,237584.03
2019-09-27,23.94,24.05,23.45,23.6,181961.21
2019-09-30,23.75,23.97,23.21,23.29,150338.87
2019-10-08,23.4,23.89,23.23,23.32,146515.6
2019-10-09,23.32,23.95,23.0,23.66,156245.38
2019-10-10,23.8,24.28,23.5,24.21,196317.65
2019-10-11,24.36,24.59,23.46,23.78,238283.97
2019-10-14,24.11,24.25,23.73,24.12,184429.3
2019-10-15,23.98,23.98,22.74,22.97,263006.79
2019-10-16,23.09,23.66,22.82,23.28,195965.19
2019-10-17,23.28,23.49,23.11,23.27,91422.7
2019-10-18,23.33,23.62,22.83,22.83,110777.74
2019-10-21,22.83,23.15,22.35,23.0,114273.47
2019-10-22,22.99,23.79,22.99,23.75,174142.2
2019-10-23,23.66,23.75,22.99,23.11,145583.48
2019-10-24,23.12,23.17,22.54,22.8,108172.16
2019-10-25,22.81,23.1,22.56,23.08,86129.06
2019-10-28,24.46,25.1,23.77,24.82,510557.86
2019-10-29,24.27,24.49,23.0,23.0,429040.0
2019-10-30,22.85,22.85,21.74,22.25,244405.43
2019-10-31,22.26,22.96,22.05,22.3,192673.96
2019-11-01,22.13,22.45,21.93,22.26,132360.75
2019-11-04,22.32,22.84,22.19,22.42,186460.66
2019-11-05,22.55,22.62,22.2,22.32,188742.25
2019-11-06,22.28,22.44,21.79,21.98,169826.35
2019-11-07,21.88,22.37,21.8,22.31,128291.84
2019-11-08,22.54,22.61,22.31,22.32,133495.16
2019-11-11,22.02,22.21,21.42,21.63,132927.22
2019-11-12,21.63,21.84,21.14,21.63,107570.19
2019-11-13,21.64,21.94,21.57,21.71,124980.16
2019-11-14,21.82,22.59,21.67,22.33,186763.6
2019-11-15,22.37,23.15,22.25,22.85,271922.02
2019-11-18,22.7,22.9,22.25,22.52,150502.82
2019-11-19,22.59,22.78,22.31,22.77,184834.64
2019-11-20,22.82,23.42,22.7,22.87,238281.86
2019-11-21,22.81,22.81,22.34,22.41,146254.42
2019-11-22,22.53,22.76,21.73,21.83,168887.66
2019-11-25,21.76,21.76,20.57,21.02,215066.54
2019-11-26,21.24,21.27,20.84,21.19,132729.84
2019-11-27,21.02,21.26,20.78,20.99,93776.08
2019-11-28,20.93,21.16,20.81,21.0,83093.87
2019-11-29,21.0,21.01,20.67,20.93,105624.27
2019-12-02,21.04,21.27,20.84,20.95,113318.37
2019-12-03,20.87,21.24,20.81,21.23,97848.75
2019-12-04,21.08,21.61,21.0,21.51,120271.83
2019-12-05,21.57,21.86,21.42,21.73,165829.93
2019-12-06,21.64,21.84,21.48,21.78,123521.39
2019-12-09,21.81,22.33,21.65,22.14,180874.77
2019-12-10,22.09,22.23,21.82,22.14,130253.27
2019-12-11,22.16,22.41,21.73,21.73,143384.07
2019-12-12,21.76,22.3,21.63,21.98,145351.6
2019-12-13,22.31,22.4,21.97,22.4,173690.74
2019-12-16,22.59,22.99,22.43,22.96,229279.6
2019-12-17,22.92,23.14,22.62,22.91,210154.87
2019-12-18,22.89,23.18,22.71,22.77,160559.31
2019-12-19,22.77,22.96,22.41,22.58,141200.53
2019-12-20,22.59,22.77,21.98,22.02,145793.41
2019-12-23,21.88,22.14,21.33,21.37,152374.74
2019-12-24,21.36,21.76,21.14,21.6,142249.58
2019-12-25,21.54,21.9,21.44,21.63,119131.37
2019-12-26,21.64,21.81,21.5,21.78,75552.72
2019-12-27,21.83,21.97,21.21,21.23,166104.21
2019-12-30,21.24,21.55,20.96,21.33,141560.95
2019-12-31,21.42,21.75,21.4,21.42,127717.62
2020-01-02,21.56,22.86,21.56,22.82,411296.67
2020-01-03,22.88,23.08,22.55,22.87,247422.67
2020-01-06,22.74,23.44,22.55,23.11,338070.82
2020-01-07,23.26,23.37,22.92,23.27,218034.79
2020-01-08,23.01,23.32,22.93,23.12,273665.59
2020-01-09,23.36,24.06,23.3,23.72,346784.02
2020-01-10,23.94,24.04,23.17,23.26,313467.57
2020-01-13,23.34,24.3,23.31,24.24,585928.06
2020-01-14,24.42,24.42,23.83,23.98,391772.59
2020-01-15,23.97,24.12,23.51,24.06,199450.16
2020-01-16,24.09,24.27,23.82,23.93,164737.96
2020-01-17,24.71,25.07,24.14,24.65,406443.95
2020-01-20,24.8,25.84,24.33,25.56,346959.91
2020-01-21,25.3,25.92,25.11,25.34,216189.32
2020-01-22,25.32,26.14,24.55,25.62,272226.03
2020-01-23,25.39,25.9,24.24,24.55,306423.15
2020-02-03,22.09,22.91,22.09,22.09,393869.32
2020-02-04,22.31,23.84,22.25,23.72,428267.22
2020-02-05,24.13,25.34,23.89,24.57,337281.13
2020-02-06,24.89,27.03,24.58,27.03,334111.02
2020-02-07,28.65,29.56,27.57,28.73,673654.5
2020-02-10,28.63,30.07,27.94,29.13,566136.78
2020-02-11,29.18,29.54,28.29,29.21,398237.96
2020-02-12,29.03,32.12,28.68,32.12,678908.92
2020-02-13,31.6,32.95,30.75,31.91,708250.53
2020-02-14,31.45,34.09,31.33,32.18,462506.29
2020-02-17,32.73,33.67,31.96,33.19,368587.24
2020-02-18,32.43,33.93,32.43,33.72,475719.4
2020-02-19,33.25,34.0,32.84,32.85,439752.93
2020-02-20,32.52,33.38,32.01,32.64,521887.83
2020-02-21,32.65,34.68,32.65,33.94,428984.13
2020-02-24,33.79,36.57,33.69,35.53,421396.6
2020-02-25,34.76,36.38,32.45,34.92,489888.11
2020-02-26,33.86,34.69,32.72,34.39,547890.98
2020-02-27,34.02,37.83,34.02,37.83,743572.82
2020-02-28,36.57,37.5,34.58,34.73,611886.99
2020-03-02,35.74,38.21,33.68,37.25,591972.3
2020-03-03,37.86,40.98,37.45,40.28,577161.27
2020-03-04,39.89,41.36,36.25,37.09,634568.76
2020-03-05,37.83,38.08,34.45,35.56,645747.07
2020-03-06,34.66,36.01,34.12,35.08,323727.57
2020-03-09,34.25,34.25,32.43,33.03,433286.87
2020-03-10,33.32,34.3,31.99,34.16,479661.05
2020-03-11,34.14,34.14,32.06,32.12,442532.72
2020-03-12,31.67,32.92,30.93,32.4,367672.9
2020-03-13,30.69,33.9,30.69,33.02,433133.15
2020-03-16,32.73,33.69,30.93,31.33,355218.26
2020-03-17,32.5,33.47,31.07,33.15,453923.68
2020-03-18,33.18,34.15,31.88,32.06,394225.68
2020-03-19,31.82,33.47,31.3,33.26,355279.37
2020-03-20,33.84,34.01,32.37,33.1,242677.55
2020-03-23,32.01,32.98,31.29,31.47,248004.05
2020-03-24,32.28,32.99,28.66,30.35,508321.48
2020-03-25,31.29,32.23,30.98,31.96,326366.23
2020-03-26,31.98,33.44,31.38,32.55,368187.02
2020-03-27,33.09,33.18,31.37,31.67,255426.38
2020-03-30,31.07,32.11,30.2,31.06,241508.68
2020-03-31,31.54,31.56,30.25,30.51,177245.8
2020-04-01,30.61,32.1,30.41,30.99,266880.5
2020-04-02,31.2,33.03,30.91,32.95,297094.15
2020-04-03,32.58,32.87,32.11,32.4,213599.24
2020-04-07,33.03,33.62,32.8,33.3,283738.16
2020-04-08,33.03,34.2,32.79,33.1,226324.18
2020-04-09,33.16,33.42,32.49,33.05,156781.79
2020-04-10,33.03,33.04,31.47,31.88,189443.81
2020-04-13,31.31,31.72,30.77,30.77,131144.01
2020-04-14,31.25,32.15,31.0,32.12,166463.48
2020-04-15,32.28,33.3,32.2,32.61,223171.21
2020-04-16,32.21,33.69,32.21,33.46,219713.22
2020-04-17,33.81,35.44,33.71,34.0,317932.49
2020-04-20,34.11,34.88,33.58,34.52,172802.0
2020-04-21,33.99,34.94,33.78,34.61,167425.72
2020-04-22,34.28,34.58,33.33,34.16,174031.29
2020-04-23,34.33,34.33,33.34,33.41,110067.5
2020-04-24,33.41,33.8,32.53,32.65,116696.78
2020-04-27,32.66,33.39,32.16,32.91,129326.49
2020-04-28,32.95,33.51,31.6,33.1,157856.45
2020-04-29,33.18,34.09,33.1,33.55,155383.39
2020-04-30,32.64,35.86,32.43,34.99,375878.07
2020-05-06,34.8,36.11,34.6,35.89,230587.72
2020-05-07,36.42,36.43,34.9,35.16,189504.55
2020-05-08,35.61,36.69,35.6,35.71,194122.3
2020-05-11,36.2,36.35,34.84,35.52,170478.78
2020-05-12,35.33,35.67,34.58,35.22,139640.43
2020-05-13,35.2,35.96,34.77,35.44,147843.03
2020-05-14,35.35,37.03,35.22,36.31,234149.63
2020-05-15,36.6,37.86,35.71,37.24,276532.38
2020-05-18,37.73,38.14,36.39,37.1,191423.13
2020-05-19,37.63,39.69,37.6,38.31,200340.4
2020-05-20,37.98,38.13,35.97,36.16,320277.12
2020-05-21,37.06,38.28,36.69,37.31,379337.52
2020-05-22,37.31,37.62,35.63,35.77,227407.11
2020-05-25,35.77,35.97,34.59,34.84,171808.02
2020-05-26,35.38,36.21,35.34,35.87,153094.96
2020-05-27,36.01,36.09,34.49,34.67,194610.89
2020-05-28,34.84,34.84,33.63,34.2,207681.46
2020-05-29,33.99,35.27,33.75,34.39,186412.69
2020-06-01,34.98,36.52,34.98,36.22,292160.9
2020-06-02,36.22,36.91,36.06,36.21,150222.15
2020-06-03,36.52,36.53,35.49,35.73,179627.9
2020-06-04,35.76,35.86,34.73,34.98,162958.84
2020-06-05,35.1,35.49,34.93,35.34,123700.22
2020-06-08,35.47,35.53,34.49,34.57,184004.87
2020-06-09,34.76,34.98,34.23,34.9,134363.96
2020-06-10,34.88,35.34,34.45,35.27,171318.02
2020-06-11,35.3,36.41,34.88,35.79,244078.85
2020-06-12,34.98,36.39,34.75,35.2,279981.7
2020-06-15,35.47,36.95,35.37,36.0,293029.6
2020-06-16,36.52,36.77,35.78,36.52,215398.07
2020-06-17,36.94,38.1,36.37,37.65,280546.13
2020-06-18,37.47,39.36,37.25,38.75,311165.01
2020-06-19,38.75,39.09,38.22,38.66,223900.69
2020-06-22,39.27,39.76,38.84,39.44,228545.77
2020-06-23,39.42,42.8,38.69,41.94,357814.98
2020-06-24,41.68,43.46,41.41,43.06,274677.74
2020-06-29,42.77,43.24,41.68,42.16,218333.98
2020-06-30,42.1,45.22,42.1,43.46,246406.82
2020-07-01,43.28,47.3,42.67,46.51,348326.34
2020-07-02,46.12,46.81,44.64,45.33,336957.52
2020-07-03,45.41,46.3,44.15,45.35,219845.52
2020-07-06,45.33,49.12,44.9,47.51,301188.38
2020-07-07,48.02,52.16,47.79,50.26,337069.17
2020-07-08,49.91,51.13,49.25,50.86,245815.99
2020-07-09,50.35,53.56,50.26,51.88,254541.8
2020-07-10,51.61,53.18,50.63,51.32,240302.04
2020-07-13,50.75,52.52,50.26,51.19,309268.83
2020-07-14,50.55,50.75,48.69,49.44,429452.53
2020-07-15,49.61,50.53,47.88,48.29,403107.99
2020-07-16,48.29,49.52,43.46,44.53,452521.77
2020-07-17,45.67,45.97,43.52,44.44,286669.71
2020-07-20,45.34,45.57,43.43,44.85,245950.14
2020-07-21,45.17,46.95,44.89,45.22,284507.34
2020-07-22,44.44,46.91,44.42,46.24,292608.98
2020-07-23,46.03,46.74,44.94,46.14,210088.14
2020-07-24,45.92,46.66,41.78,43.11,381732.44
2020-07-27,42.82,44.2,42.81,43.36,175642.79
2020-07-28,43.66,44.17,42.72,43.67,135067.17
2020-07-29,44.05,46.5,43.83,46.0,332685.03
2020-07-30,46.25,46.95,44.87,46.2,276059.96
2020-07-31,46.2,47.17,45.43,46.34,261423.04
2020-08-03,46.02,47.94,46.01,47.72,278224.7
2020-08-04,47.72,48.71,46.45,47.01,233118.62
2020-08-05,48.29,48.48,46.32,46.47,200707.88
2020-08-06,47.29,47.29,45.03,45.74,230634.62
2020-08-07,45.34,46.24,44.14,44.73,244677.69
2020-08-10,45.1,46.27,44.27,45.33,230507.02
2020-08-11,45.48,45.92,43.89,44.15,154458.18
2020-08-12,44.32,44.33,42.08,43.28,223000.36
2020-08-13,43.5,43.98,42.87,43.22,133789.83
2020-08-14,43.47,44.38,43.09,44.31,127082.05
2020-08-17,44.36,44.79,43.56,44.27,198887.91
2020-08-18,44.34,45.35,43.96,44.79,182821.35
2020-08-19,44.65,44.84,43.17,43.28,145306.23
2020-08-20,42.87,43.99,41.97,42.37,167677.36
2020-08-21,42.85,42.86,41.39,41.84,187649.4
2020-08-24,42.1,42.88,41.05,42.62,158801.8
2020-08-25,43.03,43.15,42.08,42.32,96542.02
2020-08-26,42.52,42.72,40.36,40.54,165356.51
2020-08-27,40.88,42.64,40.82,42.44,213753.44
2020-08-28,42.66,43.15,41.89,43.15,134466.57
2020-08-31,42.8,43.36,41.24,41.3,328705.59
2020-09-01,41.38,41.79,40.41,41.69,160008.98
2020-09-02,41.88,43.31,41.3,42.91,237175.23
2020-09-03,42.87,42.87,41.32,41.6,198563.61
2020-09-04,40.85,41.9,39.61,40.33,236152.22
2020-09-07,40.39,40.68,38.92,39.0,165278.36
2020-09-08,39.31,39.36,38.51,39.02,108266.38
2020-09-09,38.63,38.63,37.05,37.06,208348.66
2020-09-10,37.72,38.36,37.3,37.37,179335.18
2020-09-11,38.23,38.23,37.18,37.85,136151.56
2020-09-14,38.23,38.78,37.5,37.94,136953.63
2020-09-15,37.94,38.66,37.54,38.38,140221.3
2020-09-16,38.39,38.58,37.42,37.65,116749.35
2020-09-17,37.42,37.96,36.77,37.51,221241.02
2020-09-18,37.56,38.42,37.38,38.42,156915.64
2020-09-21,38.59,39.14,38.08,38.24,144638.29
2020-09-22,38.04,38.75,37.74,37.99,114411.34
2020-09-23,38.09,38.7,37.99,38.48,105244.6
2020-09-24,38.22,38.37,37.05,37.08,129436.93
2020-09-25,37.17,37.64,37.17,37.44,63471.55
2020-09-28,37.14,37.87,37.14,37.24,80001.63
2020-09-29,37.84,38.73,37.45,38.51,177073.74
2020-09-30,38.63,38.73,37.5,37.65,137516.43
2020-10-09,38.63,41.29,38.45,40.9,293446.67
2020-10-12,41.38,43.21,41.05,42.45,325566.52
2020-10-13,42.36,43.21,41.89,42.95,183149.29
2020-10-14,42.95,44.01,42.45,42.66,197991.7
2020-10-15,43.46,44.26,42.24,43.9,354439.88
2020-10-16,43.89,44.52,42.57,42.79,187624.91
2020-10-19,43.11,43.65,42.32,42.74,149556.92
2020-10-20,42.78,42.95,42.21,42.82,116636.97
2020-10-21,42.95,42.95,41.09,41.47,160717.11
2020-10-22,41.45,41.63,40.4,40.83,114136.55
2020-10-23,41.2,41.48,40.01,40.4,82129.11
2020-10-26,40.25,42.57,40.13,41.89,162153.14
2020-10-27,41.73,43.16,41.4,42.75,172211.86
2020-10-28,43.35,43.35,42.37,42.92,151229.64
2020-10-29,42.56,43.44,42.13,43.26,148844.26
2020-10-30,43.29,43.78,42.28,42.52,160551.72
2020-11-02,42.95,44.39,42.89,44.34,249561.33
2020-11-03,44.34,46.04,44.01,45.31,234029.46
2020-11-04,45.38,45.71,44.82,45.09,105583.9
2020-11-05,45.7,46.23,44.64,45.15,191832.44
2020-11-06,45.03,45.98,44.35,45.67,153023.58
2020-11-09,45.67,48.48,45.37,47.69,282460.59
2020-11-10,47.3,47.89,46.33,47.26,172411.45
2020-11-11,46.81,47.18,45.33,45.98,171646.28
2020-11-12,46.33,47.15,45.19,46.03,136268.64
2020-11-13,45.9,47.51,45.7,46.94,122134.5
2020-11-16,46.86,48.3,46.36,47.27,176309.84
2020-11-17,47.01,47.89,46.77,47.32,116641.79
2020-11-18,47.38,47.68,42.68,43.44,353212.75
2020-11-19,43.55,45.05,42.7,44.79,227383.98
2020-11-20,45.13,45.67,44.84,45.08,93909.83
2020-11-23,44.84,45.14,43.66,44.13,154376.94
2020-11-24,44.15,44.64,43.4,43.79,111037.23
2020-11-25,43.79,44.32,41.88,42.18,175772.54
2020-11-26,42.47,43.15,41.37,41.53,138719.19
2020-11-27,41.86,42.15,41.14,41.69,92408.49
2020-11-30,41.69,43.09,41.4,43.06,189470.16
2020-12-01,42.8,43.98,42.67,43.78,125370.87
2020-12-02,43.81,43.84,42.92,43.12,77525.26
2020-12-03,43.21,44.17,42.47,43.63,106121.23
2020-12-04,43.51,43.95,42.97,43.47,194023.28
2020-12-07,43.47,45.51,43.46,45.31,249267.42
2020-12-08,45.99,46.22,44.95,45.62,163716.57
2020-12-09,45.41,46.02,44.15,44.19,149492.81
2020-12-10,44.1,44.82,43.44,43.98,93781.63
2020-12-11,44.64,44.64,42.67,43.14,118730.6
2020-12-14,43.17,43.8,42.78,43.56,150996.94
2020-12-15,43.75,43.95,42.31,42.89,160635.35
2020-12-16,42.75,44.86,42.67,44.33,152833.54
2020-12-17,44.64,44.84,43.65,44.07,107749.65
2020-12-18,44.44,45.11,44.03,44.16,115184.73
2020-12-21,44.49,45.63,43.99,45.47,184240.16
2020-12-22,45.33,45.33,41.49,41.63,331565.61
2020-12-23,41.89,42.21,40.49,41.88,239680.08
2020-12-24,41.64,41.68,39.32,39.48,301191.0
2020-12-25,39.42,40.46,39.11,40.4,218974.26
2020-12-28,40.99,41.12,39.88,40.15,140330.64
2020-12-29,40.16,42.84,40.09,42.14,231776.15
2020-12-30,41.9,41.94,40.93,41.54,180120.3
2020-12-31,41.73,43.79,41.2,43.23,257226.56
2021-01-04,43.36,45.56,43.36,45.04,307949.28
2021-01-05,45.35,46.7,44.69,45.92,394957.4
2021-01-06,45.64,45.91,44.85,45.62,198848.99
2021-01-07,45.33,45.43,41.27,43.13,480373.62
2021-01-08,42.75,43.61,41.93,42.48,265972.6
2021-01-11,42.67,44.52,41.62,43.26,266254.16
2021-01-12,43.2,44.55,42.68,44.43,178914.98
2021-01-13,44.26,44.43,42.72,43.08,212247.29
2021-01-14,43.21,47.25,43.21,46.91,419505.09
2021-01-15,46.75,46.75,42.22,42.22,511185.92
2021-01-18,41.09,43.65,40.47,42.68,502076.19
2021-01-19,42.37,45.92,42.3,44.93,450801.78
2021-01-20,44.66,44.88,43.41,44.65,231767.57
2021-01-21,45.0,47.41,45.0,46.6,413434.88
2021-01-22,46.81,48.29,46.12,47.09,421996.59
2021-01-25,49.07,51.07,47.45,50.36,569299.98
2021-01-26,49.31,51.0,48.38,49.24,401692.84
2021-01-27,49.22,50.61,48.53,48.92,265202.32
2021-01-28,47.88,48.3,44.03,44.44,422636.61
2021-01-29,44.76,45.4,41.41,42.46,415968.16
2021-02-01,41.9,43.23,41.87,42.03,223794.13
2021-02-02,42.32,42.57,40.9,41.58,289760.87
2021-02-03,41.74,42.28,40.9,40.99,258593.57
2021-02-04,40.99,40.99,36.89,39.0,676101.48
2021-02-05,39.02,40.01,38.06,39.03,254901.24
2021-02-08,39.04,39.71,38.65,38.98,173544.17
2021-02-09,39.42,41.39,38.78,40.55,199698.69
2021-02-10,41.28,42.8,41.27,42.63,239215.75
2021-02-18,44.15,44.64,41.65,42.31,251805.52
2021-02-19,42.32,42.33,40.01,40.85,251472.39
2021-02-22,40.85,41.21,40.01,40.04,192250.2
2021-02-23,39.64,40.04,38.46,38.68,221304.02
2021-02-24,39.06,39.21,37.97,38.59,217883.52
2021-02-25,38.71,38.89,36.95,37.45,295049.05
2021-02-26,36.46,36.76,36.05,36.36,243012.03
2021-03-01,36.71,37.19,36.35,37.13,143336.19
2021-03-02,37.13,37.13,34.79,35.04,396445.3
2021-03-03,34.71,35.45,34.49,35.28,194393.74
2021-03-04,35.18,35.18,33.26,33.34,304148.99
2021-03-05,32.52,33.18,32.11,32.63,305636.38
2021-03-08,33.85,33.95,32.2,32.62,370706.07
2021-03-09,32.5,34.75,32.03,33.97,381360.74
2021-03-10,34.29,34.84,33.36,33.48,293503.94
2021-03-11,33.31,33.86,32.96,33.55,198551.29
2021-03-12,33.59,33.8,32.52,32.65,259003.08
2021-03-15,32.12,32.72,31.13,31.74,210230.91
2021-03-16,31.91,32.62,31.45,32.42,171172.56
2021-03-17,32.52,32.62,31.58,32.5,133114.69
2021-03-18,32.57,33.39,32.54,32.91,155639.75
2021-03-19,32.32,32.64,31.54,31.95,132920.0
2021-03-22,32.03,33.78,32.03,33.6,206919.93
2021-03-23,33.6,34.1,33.28,33.44,138782.83
2021-03-24,33.44,33.55,33.0,33.33,101674.25
2021-03-25,33.01,34.1,32.84,33.82,152099.31
2021-03-26,34.0,34.79,33.65,34.69,171137.49
2021-03-29,34.98,35.03,33.98,34.42,181083.54
2021-03-30,34.53,36.1,34.26,35.87,240848.69
2021-03-31,35.58,36.22,35.09,35.19,154387.37
2021-04-01,34.96,35.35,34.71,34.96,113392.56
2021-04-02,35.13,36.05,34.66,34.7,170575.86
2021-04-06,34.89,36.39,34.89,35.89,193212.24
2021-04-07,35.97,36.12,35.13,35.44,110857.94
2021-04-08,35.26,35.69,35.05,35.47,80457.26
2021-04-09,35.34,36.01,34.69,35.75,136315.28
2021-04-12,35.62,35.75,34.02,34.16,123820.29
2021-04-13,34.03,34.98,34.0,34.67,88455.8
2021-04-14,34.68,35.73,34.5,35.62,124165.41
2021-04-15,35.67,36.22,35.33,35.87,109577.01
2021-04-16,35.97,36.72,35.08,35.44,127904.2
2021-04-19,35.39,36.36,35.07,36.19,116910.99
2021-04-20,36.23,36.36,35.67,35.87,91332.15
2021-04-21,35.65,35.92,35.33,35.47,66385.49
2021-04-22,35.47,35.57,35.03,35.09,89508.43
2021-04-23,34.98,35.75,34.78,35.21,103717.37
2021-04-26,35.21,35.87,32.99,33.34,245382.07
2021-04-27,33.44,34.58,32.67,34.35,155253.21
2021-04-28,34.17,34.79,34.0,34.43,84962.31
2021-04-29,34.0,34.29,32.96,33.36,258084.32
2021-04-30,33.53,33.73,32.56,32.72,144606.92
2021-05-06,32.82,32.99,32.08,32.22,120921.36
2021-05-07,32.22,32.7,31.64,31.83,110558.07
2021-05-10,32.02,32.62,31.22,32.05,123438.0
2021-05-11,31.73,32.43,31.48,32.13,118033.02
2021-05-12,32.03,32.18,31.24,31.87,132163.79
2021-05-13,31.67,31.79,30.65,30.79,164266.06
2021-05-14,31.05,31.47,30.75,31.39,139301.7
2021-05-17,31.73,34.53,31.73,34.34,394053.76
2021-05-18,33.72,34.08,33.09,33.77,191639.96
2021-05-19,33.84,34.23,33.32,34.16,164084.43
2021-05-20,34.96,35.17,34.14,35.1,243785.22
2021-05-21,34.92,34.97,33.17,33.52,224936.98
2021-05-24,33.47,35.12,33.1,34.97,213802.97
2021-05-25,35.17,36.71,34.77,36.58,349769.62
2021-05-26,36.69,37.26,36.29,36.29,199138.31
2021-05-27,36.15,36.59,35.82,36.14,132451.29
2021-05-28,36.15,36.32,35.21,35.9,164464.87
2021-05-31,35.9,36.46,35.4,35.95,147720.0
2021-06-01,35.72,35.95,34.71,35.05,197847.4
2021-06-02,35.2,35.28,33.17,33.42,329164.01
2021-06-03,33.53,33.88,32.61,32.75,259976.13
2021-06-04,32.75,33.37,32.37,33.03,249743.07
2021-06-07,33.04,34.51,33.04,34.12,194410.84
2021-06-08,34.4,34.58,33.41,33.55,170900.77
2021-06-09,33.38,33.87,33.16,33.67,114141.77
2021-06-10,33.25,35.35,33.24,35.01,317335.96
2021-06-11,35.3,35.9,34.73,35.32,352806.3
2021-06-15,35.17,35.17,33.23,33.89,277898.01
2021-06-16,33.4,33.64,32.65,32.71,238204.51
2021-06-17,32.54,33.27,32.39,33.02,179289.0
2021-06-18,32.97,33.42,32.06,32.23,226507.17
2021-06-21,32.03,33.12,31.63,33.0,174571.18
2021-06-22,33.0,33.33,32.36,32.55,135782.39
2021-06-23,32.33,33.38,31.36,33.2,324384.13
2021-06-24,32.91,33.16,32.23,32.47,162661.68
2021-06-25,32.47,32.71,32.23,32.48,131171.18
2021-06-28,32.46,32.51,31.84,32.08,133211.86
2021-06-29,32.21,32.84,32.04,32.25,127272.72
2021-06-30,32.25,33.1,32.12,32.98,151678.88
2021-07-01,32.98,33.1,32.4,32.4,113040.68
2021-07-02,32.23,32.23,31.11,31.29,241855.06
2021-07-05,31.29,31.65,30.82,31.2,116284.06
2021-07-06,31.29,31.29,30.74,31.0,101937.17
2021-07-07,30.91,31.38,30.81,31.23,86237.15
2021-07-08,31.32,31.39,29.75,30.05,280795.42
2021-07-09,30.01,30.66,29.27,30.55,196600.98
2021-07-12,30.73,32.68,30.35,32.13,326424.51
2021-07-13,32.53,33.61,32.17,32.94,281362.22
2021-07-14,33.5,33.5,32.32,32.53,137263.4
2021-07-15,32.37,32.82,31.85,32.22,98714.01
2021-07-16,32.34,32.51,31.62,31.72,114269.95
2021-07-19,31.47,33.21,31.12,33.03,212390.59
2021-07-20,32.72,32.72,31.66,31.93,142282.78
2021-07-21,31.64,35.12,31.64,35.12,520313.47
2021-07-22,35.2,36.86,34.62,36.29,646106.91
2021-07-23,36.71,36.87,35.15,36.37,333634.71
2021-07-26,35.84,36.25,33.72,34.97,303097.53
2021-07-27,34.97,37.15,34.72,35.99,391027.01
2021-07-28,35.76,37.39,35.71,36.13,360718.44
2021-07-29,37.06,37.88,36.07,36.24,340495.37
2021-07-30,36.38,36.45,35.1,35.5,199512.03
2021-08-02,36.29,39.05,36.29,39.05,447072.66
2021-08-03,39.67,42.55,39.57,40.87,669855.93
2021-08-04,41.04,41.53,39.98,41.05,352309.71
2021-08-05,40.88,40.88,39.25,39.68,303537.78
2021-08-06,39.67,39.96,38.08,38.86,270472.32
2021-08-09,38.53,40.86,38.5,40.85,386016.73
2021-08-10,40.46,41.19,39.33,40.88,268263.07
2021-08-11,40.35,40.8,39.72,39.86,138531.65
2021-08-12,39.84,41.02,39.63,39.73,183001.93
2021-08-13,38.9,39.23,37.58,37.59,263408.53
2021-08-16,37.57,38.73,37.29,38.08,137651.17
2021-08-17,37.99,38.34,35.97,36.28,214798.72
2021-08-18,36.47,37.29,36.11,36.94,160306.36
2021-08-19,37.39,38.2,35.5,35.85,319631.44
2021-08-20,35.85,36.69,35.0,35.75,249148.1
2021-08-23,35.94,37.64,35.51,36.8,365244.17
2021-08-24,36.85,37.19,36.29,36.96,216144.8
2021-08-25,37.14,37.24,35.1,35.7,239054.58
2021-08-26,35.5,35.63,34.69,34.71,205603.22
2021-08-27,34.51,35.15,34.05,35.07,151671.76
2021-08-30,35.72,36.08,34.17,34.39,203695.18
2021-08-31,34.38,34.68,32.76,33.22,285100.08
2021-09-01,33.41,33.51,32.45,33.07,171973.05
2021-09-02,33.18,33.28,32.1,32.31,171661.55
2021-09-03,32.52,32.91,32.26,32.45,136115.15
2021-09-06,32.28,33.18,32.28,33.1,161080.84
2021-09-07,33.27,33.6,33.04,33.44,143700.98
2021-09-08,33.51,33.52,32.63,32.86,153237.31
2021-09-09,32.72,32.83,32.41,32.54,125158.77
2021-09-10,32.61,33.07,32.48,32.68,143376.11
2021-09-13,32.54,32.6,31.31,32.38,258460.92
2021-09-14,32.1,33.26,31.88,31.95,207985.98
2021-09-15,31.98,32.05,31.24,31.63,127006.22
2021-09-16,31.68,31.91,31.45,31.62,114027.29
2021-09-17,31.51,32.72,31.33,32.67,153356.24
2021-09-22,32.49,33.38,31.7,32.53,141332.96
2021-09-23,32.43,33.4,32.37,32.72,174628.83
2021-09-24,32.87,34.25,32.74,33.71,265306.88
2021-09-27,33.72,34.42,32.83,33.3,156733.89
2021-09-28,33.36,33.82,32.67,32.72,127246.65
2021-09-29,32.72,32.72,31.93,32.23,105400.35
2021-09-30,32.55,33.31,32.33,32.85,158699.87
2021-10-08,33.05,34.66,33.02,33.98,185665.92
2021-10-11,34.06,34.42,33.66,33.91,94216.7
2021-10-12,33.72,33.91,33.15,33.3,79993.0
2021-10-13,33.54,33.82,32.9,33.63,71182.46
2021-10-14,33.68,33.9,32.72,33.01,109428.98
2021-10-15,33.26,34.1,32.92,33.69,157229.51
2021-10-18,33.69,33.72,32.54,32.57,149537.2
2021-10-19,32.62,32.98,31.83,32.43,108507.47
2021-10-20,32.74,33.12,32.68,32.75,128581.24
2021-10-21,32.75,32.92,32.08,32.21,70805.46
2021-10-22,32.23,32.58,32.04,32.4,84279.96
2021-10-25,32.23,32.52,32.08,32.42,74715.14
2021-10-26,32.25,32.53,31.34,31.49,187476.6
2021-10-27,31.47,31.49,30.14,30.32,165399.61
2021-10-28,30.32,30.91,30.17,30.47,97325.84
2021-10-29,30.69,31.69,30.67,31.53,144520.77
2021-11-01,31.51,31.51,29.06,30.62,381824.03
2021-11-02,30.25,32.28,30.15,31.15,317727.7
2021-11-03,31.31,31.91,31.0,31.33,135668.79
2021-11-04,31.32,32.0,31.14,31.51,129363.25
2021-11-05,31.75,31.95,31.42,31.72,105927.8
2021-11-08,31.88,32.07,31.42,31.5,105812.27
2021-11-09,31.25,32.52,31.19,32.33,147713.5
2021-11-10,32.31,32.53,31.63,32.22,128942.05
2021-11-11,32.03,32.25,31.53,32.18,110159.11
2021-11-12,32.17,33.05,31.9,32.74,151039.27
2021-11-15,32.64,33.37,32.34,32.41,132636.43
2021-11-16,32.52,32.87,32.09,32.58,97621.49
2021-11-17,32.48,32.5,31.44,31.63,141978.41
2021-11-18,31.53,31.67,30.81,30.84,115425.93
2021-11-19,30.98,31.06,30.62,30.86,85410.94
2021-11-22,31.1,32.29,30.8,31.85,161043.96
2021-11-23,31.64,31.79,31.24,31.47,114023.83
2021-11-24,31.26,31.34,30.84,31.18,106098.24
2021-11-25,31.29,31.39,30.9,31.09,80983.77
2021-11-26,31.06,31.06,30.66,30.84,91024.79
2021-11-29,30.49,30.72,30.03,30.39,139194.62
2021-11-30,30.6,32.61,30.57,32.27,308312.61
2021-12-01,32.69,32.87,32.31,32.52,158188.03
2021-12-02,32.68,33.04,32.04,32.23,103233.09
2021-12-03,32.23,32.72,31.44,31.88,129328.21
2021-12-06,31.73,31.83,30.99,31.04,206705.81
2021-12-07,31.32,31.61,30.95,31.61,124659.14
2021-12-08,31.73,34.78,31.72,34.78,485766.35
2021-12-09,35.69,37.33,35.34,36.08,850618.21
2021-12-10,36.49,36.49,35.02,35.55,333145.5
2021-12-13,35.5,36.0,35.06,35.62,274509.03
2021-12-14,35.62,35.98,35.13,35.66,196785.59
2021-12-15,36.15,36.2,35.21,35.4,137146.93
2021-12-16,35.7,36.03,35.34,35.7,135196.76
2021-12-17,35.75,35.86,34.86,35.2,175657.14
2021-12-20,35.23,35.77,34.11,34.41,204065.33
2021-12-21,34.42,34.8,33.58,34.37,155281.3
2021-12-22,34.56,34.91,33.95,34.21,156607.11
2021-12-23,34.46,34.8,33.87,34.66,130351.58
2021-12-24,34.61,35.8,34.37,35.31,160232.11
2021-12-27,35.7,36.17,34.91,36.01,134934.59
2021-12-28,36.1,36.28,35.46,35.7,124737.63
2021-12-29,35.61,35.98,34.99,35.13,93051.08
2021-12-30,34.96,35.88,34.93,35.67,162462.35
2021-12-31,35.78,36.85,35.5,35.58,203139.41
2022-01-04,35.3,35.95,35.01,35.77,140838.34
2022-01-05,35.7,38.18,35.67,37.22,433777.35
2022-01-06,36.79,37.22,35.11,36.07,219632.58
2022-01-07,35.83,36.06,35.2,35.26,112808.16
2022-01-10,35.25,35.88,34.2,35.1,202369.66
2022-01-11,34.83,35.3,32.92,33.23,301976.33
2022-01-12,33.27,34.86,33.02,34.76,352223.39
2022-01-13,35.2,36.87,34.64,34.71,281962.93
2022-01-14,34.36,36.79,34.33,36.2,291745.05
2022-01-17,36.88,39.82,36.79,39.42,630982.7
2022-01-18,39.15,39.82,38.02,38.49,382769.02
2022-01-19,38.06,38.78,37.48,38.56,233464.88
2022-01-20,38.36,38.77,37.43,38.42,162458.19
2022-01-21,38.16,38.75,37.39,38.23,189488.36
2022-01-24,37.81,39.99,37.73,38.85,282539.96
2022-01-25,38.84,39.01,37.29,37.48,195276.84
2022-01-26,38.24,39.07,36.51,37.59,258920.24
2022-01-27,37.38,37.38,35.55,35.7,240337.78
2022-01-28,35.7,36.19,34.57,34.62,269313.3
2022-02-07,36.32,36.32,34.71,34.83,160016.22
2022-02-08,34.75,36.14,34.56,35.85,235233.8
2022-02-09,35.9,37.27,35.62,36.15,250669.44
2022-02-10,36.1,36.1,34.71,35.2,159814.5
2022-02-11,35.23,35.58,32.8,33.22,366218.5
2022-02-14,32.67,32.97,31.4,31.73,338442.01
2022-02-15,32.04,32.72,31.84,32.6,190547.93
2022-02-16,32.9,32.91,31.91,32.12,145515.1
2022-02-17,32.31,32.55,31.35,32.25,179059.96
2022-02-18,32.23,32.4,31.61,31.92,202187.81
2022-02-21,32.08,32.92,32.06,32.9,237180.26
2022-02-22,32.4,32.47,31.63,31.81,206236.47
2022-02-23,31.88,32.57,31.71,32.46,224386.51
2022-02-24,32.03,32.41,30.25,30.81,354602.44
2022-02-25,31.19,31.59,30.78,31.14,199651.66
2022-02-28,31.15,31.38,30.74,31.09,117369.27
2022-03-01,31.1,31.34,30.65,31.11,145081.29
2022-03-02,30.91,31.05,30.65,30.79,121618.72
2022-03-03,31.19,31.27,30.54,30.59,174605.74
2022-03-04,30.3,30.59,29.39,29.73,298801.45
2022-03-07,29.32,29.35,27.3,27.57,367204.31
2022-03-08,27.72,28.06,26.58,26.76,359749.67
2022-03-09,26.78,26.94,25.01,25.99,351911.45
2022-03-10,26.71,26.73,25.13,25.44,344816.42
2022-03-11,24.31,25.6,24.24,25.4,355245.48
2022-03-14,25.04,25.77,24.46,24.61,304227.55
2022-03-15,24.67,24.91,23.23,23.3,351899.1
2022-03-16,23.89,25.48,23.66,25.18,496296.13
2022-03-17,25.74,26.06,25.09,25.22,363804.97
2022-03-18,25.35,25.35,24.82,25.23,168291.03
2022-03-21,24.59,25.18,23.8,24.38,590565.87
2022-03-22,24.63,24.67,23.49,24.2,377284.82
2022-03-23,24.15,24.95,24.02,24.39,280120.68
2022-03-24,24.1,24.21,22.81,23.13,606857.49
2022-03-25,23.29,23.63,22.91,23.03,311593.31
2022-03-28,22.93,23.01,22.5,22.84,198328.36
2022-03-29,22.99,23.0,22.47,22.73,164902.69
2022-03-30,23.08,23.28,22.68,23.13,223511.06
2022-03-31,23.2,23.2,22.5,22.71,189178.38
2022-04-01,22.47,22.8,22.23,22.65,217262.92
2022-04-06,22.56,22.64,22.1,22.21,201351.05
2022-04-07,22.34,22.34,21.48,21.49,207405.64
2022-04-08,21.58,21.62,21.03,21.24,153308.87
2022-04-11,20.98,21.19,20.28,20.38,238579.92
2022-04-12,20.43,21.24,19.93,21.21,334945.55
2022-04-13,20.95,21.14,20.66,20.66,163198.04
2022-04-14,21.08,21.17,20.52,20.84,133322.52
2022-04-15,20.72,20.84,20.41,20.62,128253.89
2022-04-18,20.65,20.82,20.29,20.82,108698.3
2022-04-19,20.8,21.53,20.13,20.25,235425.56
2022-04-20,20.45,21.1,20.24,20.29,244647.99
2022-04-21,20.16,20.52,19.49,19.6,214050.04
2022-04-22,19.49,19.69,18.99,19.34,173421.06
2022-04-25,19.02,19.02,17.67,17.68,262912.99
2022-04-26,17.68,17.84,16.76,16.8,355998.07
2022-04-27,16.54,17.62,16.39,17.58,313558.92
2022-04-28,17.6,18.03,17.25,17.55,219901.12
2022-04-29,17.73,19.19,17.58,18.98,393807.08
2022-05-05,18.46,18.72,18.05,18.33,309934.37
2022-05-06,17.84,19.2,17.45,18.17,364249.5
2022-05-09,17.79,18.39,17.66,17.87,187240.25
2022-05-10,17.52,18.38,17.45,18.21,219995.58
2022-05-11,18.32,18.99,18.05,18.47,261005.54
2022-05-12,18.5,19.01,18.36,18.67,231147.46
2022-05-13,18.85,18.92,18.41,18.56,119586.75
2022-05-16,18.63,18.99,18.49,18.63,168192.15
2022-05-17,18.54,18.65,18.23,18.6,143278.9
2022-05-18,18.7,19.17,18.66,18.79,177632.61
2022-05-19,18.44,18.53,17.86,18.1,296054.63
2022-05-20,18.26,19.44,18.21,19.14,503382.06
2022-05-23,19.29,19.36,18.72,18.83,235143.38
2022-05-24,18.85,19.28,17.82,17.85,339299.9
2022-05-25,18.0,18.5,17.85,18.01,193837.05
2022-05-26,18.04,18.26,17.59,18.01,208691.48
2022-05-27,18.21,18.42,17.85,18.07,186257.24
2022-05-30,18.21,18.88,17.87,18.57,264911.46
2022-05-31,18.61,19.42,18.42,19.3,360004.3
2022-06-01,19.28,19.51,18.78,18.98,229765.27
2022-06-02,18.91,19.19,18.67,19.18,185618.32
2022-06-06,19.14,20.12,19.07,19.98,375462.62
2022-06-07,20.27,20.27,19.57,19.74,308452.96
2022-06-08,20.04,20.62,19.79,20.12,353654.31
2022-06-09,19.98,20.04,19.12,19.22,361486.04
2022-06-10,19.0,19.36,18.94,19.24,285981.8
2022-06-13,18.94,19.36,18.88,19.17,193075.72
2022-06-14,19.0,19.24,18.47,19.22,250746.39
2022-06-15,19.21,20.29,19.13,19.84,500465.28
2022-06-16,19.84,20.59,19.74,20.11,300351.83
2022-06-17,19.97,20.36,19.76,20.13,230557.25
2022-06-20,20.15,20.62,19.85,20.32,303486.53
2022-06-21,20.32,20.41,19.82,20.13,249289.67
2022-06-22,20.1,20.31,19.34,19.4,290192.71
2022-06-23,19.57,19.9,19.14,19.9,256483.26
2022-06-24,20.04,20.23,19.79,20.08,254205.66
2022-06-27,20.04,20.82,19.93,20.29,359862.03
2022-06-28,20.32,20.32,19.82,20.19,382141.05
2022-06-29,20.2,22.22,20.2,22.22,637361.06
2022-06-30,22.28,22.33,21.32,21.65,872064.1
2022-07-01,21.77,22.28,21.34,22.04,548785.72
2022-07-04,22.23,22.24,21.29,21.69,450027.79
2022-07-05,21.48,21.86,20.71,20.98,423837.03
2022-07-06,20.98,21.35,20.59,20.79,288697.1
2022-07-07,20.77,20.97,20.45,20.84,227829.73
2022-07-08,20.93,21.2,20.51,20.56,289132.16
2022-07-11,20.49,20.54,19.79,19.93,262687.22
2022-07-12,19.77,20.06,19.45,19.45,207815.72
2022-07-13,19.4,19.62,19.31,19.51,160418.06
2022-07-14,19.38,19.6,19.15,19.23,200925.24
2022-07-15,19.53,19.93,19.16,19.16,309833.77
2022-07-18,19.17,20.03,18.86,19.96,338945.15
2022-07-19,19.94,20.89,19.86,20.77,454913.84
2022-07-20,20.76,21.42,20.71,21.34,432200.18
2022-07-21,21.24,21.84,20.95,20.99,317649.42
2022-07-22,20.99,21.22,20.44,20.68,261626.71
2022-07-25,20.71,20.79,20.08,20.15,201154.21
2022-07-26,20.24,21.64,20.22,21.14,398866.55
2022-07-27,21.14,21.6,21.02,21.3,360837.67
2022-07-28,21.44,21.53,20.94,20.94,282198.87
2022-07-29,21.04,21.29,20.69,20.79,230824.13
2022-08-01,20.67,20.83,20.39,20.53,267130.27
2022-08-02,20.36,20.4,19.44,19.84,298299.36
2022-08-03,19.88,21.19,19.88,20.51,484537.99
2022-08-04,20.82,21.19,20.35,20.92,296199.04
2022-08-05,21.07,22.24,20.94,22.13,515885.49
2022-08-08,21.94,22.19,21.39,21.71,328955.94
2022-08-09,21.86,21.86,21.3,21.58,213618.84
2022-08-10,21.53,21.59,21.05,21.23,205676.75
2022-08-11,21.35,21.84,21.2,21.74,259941.98
2022-08-12,21.66,21.71,21.14,21.55,261552.04
2022-08-15,21.53,21.53,21.1,21.17,183529.2
2022-08-16,21.15,21.3,20.71,20.77,205967.13
2022-08-17,20.77,21.19,20.58,21.12,166276.24
2022-08-18,20.98,21.06,20.64,20.82,139901.34
2022-08-19,20.85,21.29,20.27,20.33,237551.43
2022-08-22,20.39,21.69,20.02,21.16,405373.33
2022-08-23,21.14,21.92,20.99,21.69,369465.63
2022-08-24,21.63,21.63,20.55,20.63,317241.44
2022-08-25,20.82,20.88,20.03,20.42,266089.62
2022-08-26,20.39,20.54,19.92,19.94,230347.64
2022-08-29,19.64,19.82,18.79,19.23,376086.34
2022-08-30,19.14,20.12,18.99,20.01,305000.94
2022-08-31,19.87,20.44,19.75,20.03,207408.61
2022-09-01,20.04,21.02,19.92,20.31,311726.02
2022-09-02,20.59,20.59,20.01,20.09,149969.0
2022-09-05,19.95,20.04,19.6,19.73,111992.42
2022-09-06,19.87,19.89,19.44,19.65,129354.96
2022-09-07,19.63,19.76,19.34,19.56,150038.12
2022-09-08,19.57,20.0,19.16,19.27,181339.28
2022-09-09,19.33,19.57,19.14,19.48,105332.96
2022-09-13,19.53,20.02,19.49,19.52,150927.77
2022-09-14,19.3,19.76,19.12,19.65,124518.07
2022-09-15,19.66,19.99,19.19,19.39,173720.72
2022-09-16,19.29,20.13,19.29,19.47,296804.42
2022-09-19,19.47,19.49,17.93,17.98,360637.72
2022-09-20,17.94,18.18,17.89,18.14,132713.31
2022-09-21,18.03,18.37,17.51,18.24,165733.45
2022-09-22,18.08,19.26,18.03,18.44,245431.25
2022-09-23,18.5,18.64,17.93,18.0,143824.16
2022-09-26,17.85,18.13,17.64,17.71,131175.79
2022-09-27,17.75,18.15,17.35,18.06,149436.74
2022-09-28,18.01,18.17,17.74,17.79,116136.93
2022-09-29,17.97,18.14,17.58,17.75,134864.44
2022-09-30,17.66,17.88,17.55,17.55,124403.66
2022-10-10,17.65,17.72,16.92,16.97,162137.8
2022-10-11,17.17,17.17,16.62,16.68,133398.14
2022-10-12,16.69,17.39,16.23,17.33,223261.63
2022-10-13,17.22,18.44,17.12,18.04,302498.7
2022-10-14,17.99,18.57,17.98,18.36,200968.97
2022-10-17,18.5,19.64,18.43,19.29,336224.68
2022-10-18,19.29,19.57,18.99,19.17,219527.7
2022-10-19,19.17,19.24,18.8,18.97,158357.16
2022-10-20,18.85,19.93,18.81,19.37,259991.57
2022-10-21,19.33,19.52,19.02,19.28,140224.91
2022-10-24,19.29,21.21,19.29,20.6,764517.1
2022-10-25,20.44,21.73,20.37,21.17,649054.8
2022-10-26,20.99,23.28,20.9,23.28,601168.8
2022-10-27,24.44,25.56,23.79,24.86,1200338.09
2022-10-28,24.32,25.31,23.18,23.53,1064881.64
2022-10-31,23.21,25.31,23.18,24.37,931793.35
2022-11-01,24.13,26.8,23.85,25.92,883105.04
2022-11-02,25.43,27.22,24.99,27.22,793135.37
2022-11-03,26.42,26.61,24.5,24.55,827500.77
2022-11-04,24.43,25.03,24.08,24.7,448245.82
2022-11-07,24.58,25.73,24.12,24.44,419119.71
2022-11-08,24.45,25.33,23.79,25.08,562920.32
2022-11-09,24.63,24.94,23.93,24.54,267199.06
2022-11-10,24.47,25.09,24.06,24.14,354171.94
2022-11-11,24.91,25.08,23.69,24.38,507734.44
2022-11-14,24.23,24.71,23.63,24.39,366268.49
2022-11-15,24.51,25.46,24.26,24.45,511114.75
2022-11-16,24.63,25.19,24.33,24.87,384090.32
2022-11-17,25.13,26.6,24.52,26.54,783137.47
2022-11-18,26.17,28.3,25.6,25.94,804683.28
2022-11-21,25.78,26.08,23.35,24.17,940447.07
2022-11-22,23.73,23.99,22.83,23.56,595361.49
2022-11-23,23.43,23.88,23.03,23.52,323500.42
2022-11-24,23.71,23.73,22.81,23.03,382484.71
2022-11-25,23.02,23.51,22.66,22.84,264002.83
2022-11-28,22.28,22.99,21.89,22.46,268302.84
2022-11-29,22.48,22.92,22.14,22.8,297260.07
2022-11-30,22.73,22.84,22.31,22.84,178521.92
2022-12-01,22.93,23.68,22.76,23.31,471257.41
2022-12-02,22.84,23.43,22.45,22.51,343865.82
2022-12-05,22.6,23.69,22.6,23.09,327805.38
2022-12-06,23.05,23.46,22.63,22.77,212412.16
2022-12-07,22.72,22.96,22.35,22.62,251452.78
2022-12-08,22.55,22.58,22.05,22.28,210841.52
2022-12-09,22.29,22.83,22.09,22.55,369911.65
2022-12-12,22.53,23.78,22.51,23.68,517337.33
2022-12-13,23.72,23.72,22.87,22.96,309223.67
2022-12-14,22.96,23.58,22.85,23.12,216505.0
2022-12-15,23.18,23.51,22.54,23.27,248862.4
2022-12-16,23.11,23.13,22.61,22.79,169429.35
2022-12-19,22.69,22.8,21.92,22.07,146428.08
2022-12-20,22.11,22.42,21.19,21.53,223159.32
2022-12-21,21.49,21.86,21.14,21.38,149023.32
2022-12-22,21.52,21.91,21.42,21.53,144008.67
2022-12-23,21.38,22.83,21.34,22.53,227723.05
2022-12-26,22.51,22.89,22.25,22.83,130276.82
2022-12-27,23.03,23.19,22.66,22.91,106680.79
2022-12-28,22.97,23.37,22.59,22.93,142649.21
2022-12-29,22.81,23.94,22.76,23.73,352971.59
2022-12-30,23.78,24.33,23.66,24.1,238395.13
2023-01-03,24.1,25.01,23.93,24.83,317092.55
2023-01-04,24.98,25.45,24.53,24.81,305332.43
2023-01-05,24.73,24.89,24.34,24.46,232367.61
2023-01-06,24.46,24.53,24.0,24.2,193142.26
2023-01-09,24.2,24.42,24.03,24.28,151157.13
2023-01-10,24.33,24.38,23.83,24.05,141551.63
2023-01-11,24.02,24.03,23.38,23.51,174323.7
2023-01-12,23.6,23.9,23.25,23.61,146410.97
2023-01-13,23.61,23.77,23.0,23.33,167092.21
2023-01-16,23.33,24.13,23.33,23.81,207658.97
2023-01-17,23.8,24.01,23.43,23.58,138873.86
2023-01-18,23.64,24.68,23.59,24.33,239270.86
2023-01-19,24.03,25.42,24.03,25.25,337613.82
2023-01-20,25.23,26.18,25.13,26.0,369888.27
2023-01-30,26.52,26.65,24.84,24.88,573765.99
2023-01-31,25.05,25.41,24.33,24.44,340855.86
2023-02-01,24.48,24.67,24.26,24.65,327677.52
2023-02-02,24.93,26.6,24.73,25.65,531360.45
2023-02-03,25.43,26.37,25.24,26.17,337342.85
2023-02-06,26.04,26.4,25.29,25.63,366589.16
2023-02-07,25.53,25.63,24.92,25.09,232908.28
2023-02-08,25.1,25.46,24.82,24.98,227243.16
2023-02-09,24.92,26.12,24.25,25.76,416208.66
2023-02-10,25.52,25.69,24.7,24.81,305024.5
2023-02-13,24.64,25.11,24.55,24.8,215693.85
2023-02-14,24.79,25.01,24.39,24.42,191834.18
2023-02-15,24.38,25.67,24.21,25.22,418213.98
2023-02-16,25.41,25.89,24.79,25.01,347451.04
2023-02-17,24.96,25.08,23.12,23.18,475599.95
2023-02-20,23.18,23.58,22.96,23.51,238563.6
2023-02-21,23.47,23.85,22.94,23.17,324779.29
2023-02-22,23.01,23.93,22.82,23.53,276069.68
2023-02-23,23.53,23.53,22.84,23.02,202984.97
2023-02-24,22.96,23.25,22.78,23.0,189476.2
2023-02-27,22.85,23.19,22.59,22.75,176299.18
2023-02-28,23.22,23.75,23.01,23.21,370437.07
2023-03-01,23.21,25.54,23.13,25.54,790160.32
2023-03-02,25.89,26.72,25.64,26.39,787713.56
2023-03-03,26.09,26.55,25.29,25.88,434777.11
2023-03-06,25.72,26.12,25.52,25.7,249000.11
2023-03-07,25.66,25.87,24.9,24.91,248231.87
2023-03-08,24.91,25.45,24.91,25.26,220710.93
2023-03-09,25.28,25.81,24.88,25.42,244685.35
2023-03-10,25.02,25.43,24.91,25.01,190909.19
2023-03-13,24.92,27.51,24.69,27.51,590484.55
2023-03-14,28.2,28.58,27.52,27.95,829969.51
2023-03-15,28.11,28.18,27.09,27.34,418221.42
2023-03-16,27.42,27.57,26.88,26.98,435492.93
2023-03-17,27.19,28.74,26.82,28.14,964090.86
2023-03-20,26.94,26.95,25.33,25.33,1186037.74
2023-03-21,25.41,25.77,24.18,25.23,861315.48
2023-03-22,24.93,24.93,23.79,24.16,935951.51
2023-03-23,23.92,24.86,23.53,24.83,889351.88
2023-03-24,24.59,26.15,24.49,25.91,1045068.86
2023-03-27,25.98,26.32,24.53,25.18,877575.88
2023-03-28,25.19,25.97,24.71,25.13,613726.94
2023-03-29,24.97,25.11,24.07,24.29,658679.47
2023-03-30,24.13,24.43,23.55,23.67,551116.04
2023-03-31,23.72,25.48,23.4,25.08,845577.07
2023-04-03,24.96,26.28,24.85,26.04,898784.34
2023-04-04,26.23,26.87,25.64,26.3,781593.76
2023-04-06,25.77,26.14,25.41,25.63,508429.22
2023-04-07,25.74,26.27,25.46,26.11,456204.49
2023-04-10,26.12,26.34,24.41,24.46,516289.01
2023-04-11,24.53,25.2,24.4,24.63,370087.72
2023-04-12,24.44,25.51,24.33,25.03,390361.52
2023-04-13,24.88,25.21,24.28,24.38,388510.61
2023-04-14,24.38,24.95,23.81,24.33,344384.99
2023-04-17,24.26,24.55,23.64,23.92,345893.86
2023-04-18,23.92,24.07,23.48,23.72,381262.36
2023-04-19,23.72,24.28,23.6,23.77,357055.55
2023-04-20,23.89,24.01,23.02,23.33,403827.26
2023-04-21,23.88,25.03,22.68,22.77,803943.04
2023-04-24,22.78,22.81,21.89,22.12,442496.66
2023-04-25,21.96,22.31,21.37,21.62,394013.07
2023-04-26,21.53,21.83,21.02,21.35,323596.63
2023-04-27,21.22,21.66,20.85,21.09,298133.84
2023-04-28,21.09,21.67,21.06,21.55,230714.81
2023-05-04,21.14,21.47,20.42,20.77,373442.53
2023-05-05,20.74,21.38,20.69,21.07,280297.75
2023-05-08,21.14,21.39,20.89,21.24,216082.29
2023-05-09,21.24,21.43,20.94,20.94,209159.02
2023-05-10,21.05,21.19,20.64,20.81,181498.52
2023-05-11,20.91,21.01,20.56,20.57,122568.58
2023-05-12,20.6,20.64,20.1,20.19,167900.82
2023-05-15,20.18,20.57,19.93,20.53,192433.3
2023-05-16,20.53,20.58,20.02,20.08,137437.86
2023-05-17,20.08,20.25,19.88,20.01,145805.16
2023-05-18,20.02,20.3,19.95,20.1,141265.7
2023-05-19,20.08,20.29,19.9,20.07,164329.28
2023-05-22,20.07,20.12,19.71,20.0,130182.08
2023-05-23,19.95,20.04,19.71,19.71,120843.64
2023-05-24,19.61,19.82,19.38,19.63,154237.49
2023-05-25,19.63,19.8,19.24,19.43,156611.85
2023-05-26,19.43,19.54,19.24,19.42,107732.08
2023-05-29,19.42,19.57,19.04,19.26,159165.8
2023-05-30,19.25,19.58,18.95,19.58,175513.72
2023-05-31,19.5,20.08,19.47,19.88,250671.3
2023-06-01,19.72,20.8,19.69,20.43,334270.69
2023-06-02,20.45,20.79,20.31,20.65,219284.07
2023-06-05,20.68,20.76,20.45,20.46,172134.75
2023-06-06,21.03,21.18,19.96,20.07,457943.22
2023-06-07,20.06,20.69,19.7,20.43,261006.32
2023-06-08,20.27,20.31,19.7,20.0,220212.58
2023-06-09,20.0,20.53,19.86,20.44,243929.2
2023-06-12,20.44,20.69,20.3,20.54,190356.02
2023-06-13,20.53,21.1,20.37,21.05,287074.05
2023-06-14,21.1,21.21,20.81,20.99,190656.24
2023-06-15,20.98,21.09,20.74,20.91,176590.83
2023-06-16,20.93,21.94,20.7,21.71,389931.75
2023-06-19,21.77,23.08,21.6,22.76,591939.5
2023-06-20,22.61,23.51,22.5,23.13,482155.17
2023-06-21,23.36,23.54,22.5,22.52,341880.63
2023-06-26,22.36,22.58,21.5,21.61,327041.05
2023-06-27,21.67,21.7,20.78,21.12,291844.21
2023-06-28,21.08,21.08,19.99,20.41,275682.59
2023-06-29,20.34,20.8,20.01,20.66,255205.6
2023-06-30,20.58,21.23,20.4,20.5,307352.4
2023-07-03,20.65,20.75,19.99,20.6,225121.34
2023-07-04,20.46,20.78,20.44,20.73,169579.36
2023-07-05,20.7,20.88,20.21,20.23,212542.86
2023-07-06,20.12,20.47,20.05,20.06,171898.92
2023-07-07,20.01,20.14,19.55,19.94,208600.12
2023-07-10,20.04,20.09,19.77,19.81,186136.52
2023-07-11,19.81,19.95,19.79,19.88,104780.95
2023-07-12,19.96,19.96,19.29,19.31,232071.79
2023-07-13,19.44,19.65,19.28,19.51,219102.27
2023-07-14,19.44,19.67,19.18,19.2,285107.21
2023-07-17,18.88,19.5,18.65,19.39,220042.58
2023-07-18,19.28,19.42,18.9,18.93,281654.83
2023-07-19,18.8,19.17,18.76,18.83,229299.48
2023-07-20,18.83,18.86,18.35,18.39,298146.79
2023-07-21,18.25,18.44,18.09,18.11,224712.73
2023-07-24,18.05,18.28,18.04,18.14,154833.75
2023-07-25,18.32,18.91,18.28,18.84,346628.52
2023-07-26,18.66,18.8,18.39,18.48,239252.25
2023-07-27,18.47,18.6,18.12,18.17,245035.85
2023-07-28,18.17,18.64,18.0,18.61,297008.75
2023-07-31,18.55,19.24,18.53,18.87,370888.89
2023-08-01,18.79,19.15,18.72,18.96,180378.99
2023-08-02,18.9,19.12,18.86,19.06,132715.51
2023-08-03,19.0,19.25,18.86,19.25,161947.79
2023-08-04,19.25,19.74,19.2,19.45,269674.54
2023-08-07,19.45,19.56,19.24,19.37,144195.09
2023-08-08,19.4,19.49,19.25,19.31,123669.44
2023-08-09,19.28,19.64,19.22,19.31,123478.62
2023-08-10,19.21,19.38,19.15,19.32,95861.91
2023-08-11,19.38,19.39,18.83,18.84,143038.27
2023-08-14,18.7,19.23,18.48,19.18,182830.8
2023-08-15,19.21,19.23,18.45,18.67,234398.87
2023-08-16,18.67,18.71,18.3,18.34,139514.47
2023-08-17,18.31,18.34,18.08,18.18,151449.08
2023-08-18,18.12,18.2,17.1,17.1,409576.51
2023-08-21,17.1,17.44,16.95,17.05,205592.01
2023-08-22,17.24,17.84,17.11,17.75,286844.41
2023-08-23,17.74,17.76,17.28,17.31,189399.62
2023-08-24,17.4,17.71,17.28,17.45,191475.83
2023-08-25,17.3,17.36,16.8,16.89,201933.01
2023-08-28,17.94,17.97,16.95,17.04,253081.14
2023-08-29,17.04,17.59,16.98,17.46,169704.85
2023-08-30,17.5,17.98,17.48,17.85,226063.78
2023-08-31,17.9,18.3,17.88,18.15,225895.7
2023-09-01,18.17,18.17,17.85,17.97,116022.36
2023-09-04,18.02,18.12,17.78,18.1,135727.17
2023-09-05,18.0,18.25,17.84,17.88,109767.0
2023-09-06,17.8,17.88,17.58,17.84,87092.43
2023-09-07,17.75,17.8,17.3,17.32,174471.39
2023-09-08,17.4,17.43,16.96,17.12,142091.86
2023-09-11,17.16,17.57,16.95,17.36,156346.54
2023-09-12,17.39,17.62,17.26,17.51,112543.22
2023-09-13,17.44,17.44,16.92,17.02,176027.58
2023-09-14,17.0,17.05,16.66,16.8,157120.54
2023-09-15,16.79,17.19,16.75,16.89,146532.52
2023-09-18,16.83,17.35,16.68,17.09,170206.61
2023-09-19,17.12,17.17,16.68,16.73,150681.54
2023-09-20,16.69,16.75,16.53,16.6,118010.61
2023-09-21,16.51,16.68,16.38,16.39,120039.3
2023-09-22,16.31,16.9,16.28,16.86,181455.32
2023-09-25,17.1,17.1,16.24,16.32,248364.17
2023-09-26,16.26,16.66,16.25,16.44,141776.26
2023-09-27,16.4,16.72,16.36,16.54,120863.56
2023-09-28,16.62,16.63,16.41,16.62,107522.33
2023-10-09,16.61,17.01,16.48,16.88,144646.76
2023-10-10,16.88,16.97,16.74,16.76,129352.6
2023-10-11,16.82,17.65,16.66,17.3,264082.51
2023-10-12,17.33,17.51,17.14,17.24,135148.44
2023-10-13,17.15,17.2,16.9,17.0,126283.07
2023-10-16,17.05,17.1,16.48,16.59,181838.26
2023-10-17,16.61,16.73,16.46,16.71,97694.04
2023-10-18,16.61,16.61,15.94,16.32,215341.7
2023-10-19,16.15,16.61,16.0,16.03,186029.04
2023-10-20,15.95,16.0,15.3,15.36,236379.41
2023-10-23,15.27,15.57,15.11,15.27,183529.16
2023-10-24,15.3,15.6,14.96,15.37,156127.65
2023-10-25,15.42,15.83,15.3,15.48,180865.2
2023-10-26,15.33,15.7,15.28,15.68,140618.9
2023-10-27,15.6,16.25,15.43,16.14,228259.82
2023-10-30,16.01,16.52,15.84,16.43,187965.47
2023-10-31,16.43,16.53,16.21,16.37,138439.34
2023-11-01,16.36,16.48,16.23,16.27,99131.02
2023-11-02,16.28,16.43,16.18,16.18,91998.93
2023-11-03,16.25,16.7,16.2,16.55,151667.69
2023-11-06,16.65,17.18,16.62,17.16,193827.23
2023-11-07,17.16,17.35,16.98,17.17,162034.67
2023-11-08,17.17,17.75,17.13,17.52,279460.75
2023-11-09,17.48,17.58,17.23,17.29,117252.97
2023-11-10,17.22,17.26,17.06,17.13,101692.12
2023-11-13,17.24,17.58,17.2,17.43,129616.73
2023-11-14,17.5,17.77,17.43,17.57,117913.41
2023-11-15,17.77,17.88,17.57,17.65,144087.62
2023-11-16,17.61,17.74,17.45,17.45,97468.99
2023-11-17,17.43,17.69,17.3,17.47,121024.48
2023-11-20,17.6,18.11,17.48,17.87,199804.3
2023-11-21,17.9,17.99,17.63,17.77,134790.58
2023-11-22,17.74,17.86,17.6,17.6,96417.79
2023-11-23,17.58,17.74,17.28,17.68,108869.65
2023-11-24,17.64,17.64,17.23,17.31,107446.13
2023-11-27,17.24,17.39,17.07,17.22,100234.24
2023-11-28,17.19,17.26,16.88,17.08,106203.0
2023-11-29,17.01,17.06,16.82,16.89,112645.27
2023-11-30,16.81,16.89,16.61,16.71,138213.28
2023-12-01,16.73,17.3,16.55,17.16,170620.82
2023-12-04,17.14,17.58,17.13,17.31,140169.48
2023-12-05,17.22,17.3,16.67,16.67,123804.3
2023-12-06,16.61,16.99,16.43,16.85,101609.49
2023-12-07,16.76,17.36,16.75,17.24,150303.84
2023-12-08,17.29,18.1,17.29,17.94,355299.49
2023-12-11,17.95,18.1,17.61,18.06,186578.04
2023-12-12,18.04,18.18,17.9,18.1,121790.23
2023-12-13,18.1,18.36,17.97,18.01,131259.96
2023-12-14,18.16,18.46,18.09,18.12,139512.61
2023-12-15,18.2,18.25,17.76,17.81,147483.69
2023-12-18,17.75,17.87,17.48,17.58,122898.8
2023-12-19,17.59,17.8,17.32,17.73,102386.05
2023-12-20,17.71,17.79,16.94,17.05,157170.15
2023-12-21,17.0,17.37,16.91,17.29,129809.73
2023-12-22,17.13,17.34,16.55,17.09,237375.84
2023-12-25,16.9,17.12,16.73,16.78,90877.26
2023-12-26,16.78,16.84,16.44,16.7,97708.33
2023-12-27,16.72,17.25,16.6,16.61,129532.12
2023-12-28,16.6,17.65,16.51,17.48,199886.93
2023-12-29,17.57,17.87,17.49,17.79,144341.1
2024-01-02,17.8,17.85,17.4,17.4,107930.0
2024-01-03,17.62,18.28,17.12,17.28,242746.22
2024-01-04,17.42,17.45,16.7,16.91,129740.28
2024-01-05,16.91,17.0,16.38,16.49,149897.69
2024-01-08,16.39,16.39,15.73,15.76,243976.79
2024-01-09,15.76,16.0,15.07,15.31,296910.15
2024-01-10,15.25,15.41,14.84,15.03,200120.42
2024-01-11,15.09,15.34,14.78,14.93,334512.08
2024-01-12,14.93,14.93,13.6,14.05,633366.16
2024-01-15,13.89,14.17,13.77,13.9,324226.44
2024-01-16,13.85,13.86,13.26,13.53,468166.21
2024-01-17,13.49,13.53,13.2,13.2,239658.0
2024-01-18,13.16,13.43,12.91,13.38,299822.89
2024-01-19,13.27,13.5,13.12,13.16,248061.34
2024-01-22,13.17,13.2,12.45,12.6,312945.09
2024-01-23,12.58,13.01,12.38,12.9,255010.09
2024-01-24,12.96,13.0,12.35,12.67,402201.53
2024-01-25,12.63,13.03,12.48,12.96,296295.44
2024-01-26,12.89,12.98,12.6,12.66,242315.13
2024-01-29,12.52,12.74,12.32,12.33,281839.82
2024-01-30,12.34,12.43,11.86,11.91,331107.36
2024-01-31,11.84,11.91,11.13,11.19,473025.25
2024-02-01,11.16,11.59,10.94,11.21,376238.19
2024-02-02,11.26,11.38,10.26,10.71,521437.11
2024-02-05,10.9,10.9,9.71,9.92,682855.44
2024-02-06,10.03,10.76,9.83,10.64,488509.12
2024-02-07,10.7,11.16,10.69,10.9,506704.69
2024-02-08,11.04,11.43,10.69,11.39,492609.89
2024-02-19,11.54,11.65,11.16,11.48,487001.27
2024-02-20,11.4,11.56,11.19,11.53,261737.65
2024-02-21,11.4,12.13,11.33,11.79,354352.2
2024-02-22,11.79,12.28,11.75,12.17,330103.7
2024-02-23,12.19,12.33,12.0,12.27,295762.83
2024-02-26,12.2,12.45,12.16,12.28,324214.62
2024-02-27,12.2,12.81,12.08,12.81,430104.33
2024-02-28,12.7,13.12,12.15,12.16,446246.97
2024-02-29,12.07,12.68,12.01,12.67,320112.66
2024-03-01,12.68,13.13,12.6,13.11,329417.44
2024-03-04,13.19,13.27,12.76,12.91,300324.23
2024-03-05,12.8,12.99,12.6,12.68,259032.19
2024-03-06,12.63,12.85,12.41,12.6,224058.88
2024-03-07,12.63,12.76,12.2,12.2,224190.01
2024-03-08,12.25,12.37,12.05,12.3,197177.27
2024-03-11,12.22,12.6,12.16,12.6,241738.29
2024-03-12,12.71,12.88,12.56,12.82,277979.06
2024-03-13,12.93,13.19,12.8,13.02,316409.83
2024-03-14,13.0,13.0,12.53,12.7,247592.48
2024-03-15,12.74,12.88,12.42,12.84,218311.84
2024-03-18,12.87,13.13,12.8,13.12,290770.62
2024-03-19,13.12,13.34,13.0,13.08,220025.91
2024-03-20,13.08,13.32,13.02,13.22,227230.31
2024-03-21,13.39,14.25,13.36,13.46,632769.09
2024-03-22,13.41,13.46,12.91,13.14,384428.68
2024-03-25,13.13,13.21,12.63,12.63,278826.51
2024-03-26,12.56,12.72,12.15,12.3,284349.16
2024-03-27,12.3,12.33,11.61,11.62,281254.79
2024-03-28,11.62,12.19,11.53,12.06,265494.59
2024-03-29,12.05,12.08,11.75,11.95,170251.74
2024-04-01,11.95,13.0,11.94,12.78,443586.03
2024-04-02,12.78,12.78,12.25,12.32,287530.13
2024-04-03,12.35,12.37,11.6,11.71,399046.52
2024-04-08,11.71,11.72,11.37,11.39,233006.85
2024-04-09,11.36,11.62,11.35,11.6,146056.68
2024-04-10,11.6,11.61,11.18,11.29,184448.42
2024-04-11,11.2,11.5,11.16,11.33,164206.09
2024-04-12,11.33,11.45,11.18,11.2,153445.59
2024-04-15,11.2,11.39,10.95,11.09,219380.18
2024-04-16,11.0,11.11,10.73,10.76,252585.62
2024-04-17,10.9,11.21,10.87,11.12,240663.36
2024-04-18,11.1,11.29,10.87,11.04,230372.87
2024-04-19,10.98,11.09,10.78,10.87,188998.84
2024-04-22,11.05,11.4,10.67,11.08,278697.1
2024-04-23,11.1,11.25,11.04,11.12,185069.03
2024-04-24,11.05,11.4,11.03,11.4,202503.32
2024-04-25,11.38,11.64,11.2,11.47,201238.54
2024-04-26,11.44,11.76,11.42,11.75,216203.71
2024-04-29,11.6,11.93,11.6,11.82,305100.58
2024-04-30,11.87,11.87,11.5,11.64,247216.63
2024-05-06,11.82,12.07,11.73,11.76,277058.82
2024-05-07,11.76,11.9,11.69,11.81,192720.74
2024-05-08,11.72,11.85,11.55,11.58,167464.0
2024-05-09,11.63,11.89,11.6,11.82,160691.21
2024-05-10,11.85,11.93,11.56,11.61,176093.23
2024-05-13,11.49,11.64,11.3,11.4,188937.63
2024-05-14,11.43,11.6,11.38,11.49,135948.66
2024-05-15,11.45,11.52,11.35,11.44,119536.63
2024-05-16,11.44,11.71,11.39,11.49,183520.24
2024-05-17,11.51,11.83,11.43,11.83,191175.04
2024-05-20,11.83,12.13,11.74,11.99,202950.81
2024-05-21,11.99,12.01,11.87,11.91,118328.12
2024-05-22,11.87,12.03,11.8,11.99,116133.2
2024-05-23,11.96,12.01,11.61,11.65,143384.46
2024-05-24,11.64,11.67,11.23,11.23,178776.33
2024-05-27,11.28,11.32,10.88,11.13,213287.46
2024-05-28,11.12,11.29,10.97,11.11,134119.2
2024-05-29,11.1,11.22,11.0,11.03,110336.58
2024-05-30,11.0,11.07,10.87,10.99,137476.19
2024-05-31,10.99,11.34,10.99,11.25,194846.71
2024-06-03,11.2,11.23,10.88,10.93,157139.35
2024-06-04,10.84,10.95,10.75,10.87,146001.88
2024-06-05,10.88,11.24,10.83,11.14,194035.01
2024-06-06,11.14,11.17,10.58,10.62,262037.75
2024-06-07,10.7,10.92,10.66,10.77,147973.9
2024-06-11,10.75,11.04,10.55,10.99,179229.96
2024-06-12,10.99,11.14,10.91,10.92,147901.09
2024-06-13,10.96,11.06,10.8,10.92,114676.48
2024-06-14,10.93,10.97,10.77,10.92,129162.57
2024-06-17,10.93,11.0,10.75,10.87,138045.32
2024-06-18,10.89,11.05,10.82,10.92,145378.02
2024-06-19,10.93,10.97,10.66,10.72,165491.26
2024-06-20,10.7,10.72,10.34,10.36,180495.66
2024-06-21,10.36,10.38,10.1,10.31,179633.13
2024-06-24,10.26,10.31,10.03,10.09,248181.07
2024-06-25,10.15,10.21,9.74,9.85,242894.59
2024-06-26,9.83,10.32,9.73,10.3,204246.5
2024-06-27,10.25,10.6,10.22,10.29,228351.82
2024-06-28,10.33,10.37,9.97,10.0,192288.5
2024-07-01,9.96,9.98,9.65,9.82,177940.01
2024-07-02,9.95,10.59,9.95,10.26,533282.7
2024-07-03,10.39,10.39,9.65,9.66,547348.82
2024-07-04,9.66,9.68,9.25,9.28,351878.88
2024-07-05,9.29,9.41,9.21,9.34,230129.09
2024-07-08,9.31,9.31,8.97,9.0,279628.25
2024-07-09,8.99,9.03,8.73,8.92,308295.51
2024-07-10,8.8,9.27,8.68,9.08,323234.99
2024-07-11,9.2,9.43,9.1,9.41,245421.89
2024-07-12,9.35,9.37,9.17,9.19,191008.03
2024-07-15,9.17,9.2,8.85,8.88,204547.58
2024-07-16,8.95,9.07,8.68,9.03,210023.11
2024-07-17,9.0,9.11,8.94,9.02,156504.23
2024-07-18,9.0,9.06,8.76,9.02,212962.3
2024-07-19,8.94,9.47,8.92,9.36,309793.7
2024-07-22,9.49,9.77,9.4,9.68,348834.91
2024-07-23,9.61,9.66,9.4,9.41,243971.77
2024-07-24,9.38,9.42,9.15,9.2,179442.54
2024-07-25,9.17,9.45,9.13,9.26,161340.93
2024-07-26,9.3,9.48,9.2,9.3,148176.39
2024-07-29,9.3,9.34,9.16,9.19,117140.41
2024-07-30,9.14,9.27,9.09,9.23,126737.28
2024-07-31,9.2,9.58,9.19,9.58,233855.33
2024-08-01,9.59,9.71,9.37,9.45,225285.55
2024-08-02,9.38,9.53,9.2,9.26,175227.77
2024-08-05,9.2,9.4,9.05,9.06,210800.47
2024-08-06,9.14,9.25,9.06,9.18,159187.04
2024-08-07,9.17,9.26,9.09,9.2,136923.36
2024-08-08,9.12,9.24,8.96,9.19,147404.25
2024-08-09,9.22,9.28,8.94,8.94,174345.65
2024-08-12,8.89,8.93,8.71,8.75,199660.18
2024-08-13,8.76,8.84,8.69,8.79,132842.45
2024-08-14,8.79,8.86,8.66,8.67,134741.98
2024-08-15,8.66,8.92,8.59,8.8,185246.16
2024-08-16,8.82,8.85,8.68,8.68,112678.78
2024-08-19,8.68,8.88,8.67,8.7,155005.46
2024-08-20,8.69,8.71,8.45,8.47,159234.71
2024-08-21,8.44,8.59,8.4,8.44,131698.02
2024-08-22,8.43,8.51,8.19,8.21,163923.18
2024-08-23,8.24,8.45,8.22,8.38,192314.62
2024-08-26,8.43,8.48,8.28,8.31,172753.34
2024-08-27,8.29,8.34,8.09,8.13,161827.54
2024-08-28,8.14,8.3,8.03,8.24,155705.33
2024-08-29,8.19,8.55,8.17,8.44,151151.92
2024-08-30,8.45,8.78,8.39,8.71,276060.99
2024-09-02,8.71,8.73,8.31,8.32,225559.92
2024-09-03,8.33,8.5,8.29,8.47,180940.16
2024-09-04,8.4,8.58,8.39,8.45,142019.91
2024-09-05,8.5,8.68,8.48,8.61,148841.13
2024-09-06,8.62,8.68,8.43,8.45,92162.95
2024-09-09,8.41,8.49,8.28,8.35,140652.67
2024-09-10,8.37,8.71,8.24,8.64,213615.22
2024-09-11,8.63,8.77,8.59,8.76,162492.97
2024-09-12,8.76,8.9,8.69,8.7,148187.61
2024-09-13,8.71,8.75,8.58,8.59,92439.4
2024-09-18,8.58,8.67,8.44,8.55,102607.01
2024-09-19,8.32,8.8,8.32,8.73,192279.27
2024-09-20,8.73,8.81,8.64,8.76,184621.61
2024-09-23,8.76,8.86,8.69,8.75,131769.36
2024-09-24,8.78,8.97,8.6,8.97,296751.85
2024-09-25,9.15,9.32,9.06,9.1,341110.02
2024-09-26,9.06,9.55,9.05,9.54,349972.55
2024-09-27,9.71,10.49,9.71,10.45,435908.42
2024-09-30,11.18,11.5,11.11,11.5,627321.68
2024-10-08,12.65,12.65,12.09,12.65,1540464.61
2024-10-09,12.58,12.69,11.45,11.64,1307593.3
2024-10-10,11.6,12.1,11.41,11.77,802725.98
2024-10-11,11.65,11.77,10.88,11.06,588319.5
2024-10-14,11.07,11.32,10.7,11.3,513949.2
2024-10-15,11.28,11.48,10.91,10.93,475826.7
2024-10-16,10.72,11.12,10.61,10.93,330719.07
2024-10-17,11.06,11.29,10.8,10.82,416700.38
2024-10-18,10.74,11.3,10.59,11.05,944809.4
2024-10-21,11.09,11.64,11.05,11.51,836730.27
2024-10-22,11.51,11.51,11.1,11.25,501720.82
2024-10-23,11.29,12.01,11.08,11.5,832664.79
2024-10-24,11.39,11.63,11.31,11.42,382167.22
2024-10-25,11.4,11.85,11.31,11.68,462693.4
2024-10-28,11.66,11.97,11.53,11.93,502304.08
2024-10-29,11.91,12.2,11.74,11.99,641319.93
2024-10-30,12.24,12.33,11.74,12.05,630163.11
2024-10-31,11.62,11.63,11.03,11.4,1110708.94
2024-11-01,11.23,11.5,10.9,10.91,641350.09
2024-11-04,11.0,11.11,10.87,11.01,369553.1
2024-11-05,11.15,12.11,11.0,11.82,1258721.9
2024-11-06,11.68,12.13,11.52,11.83,1034634.3
2024-11-07,11.72,12.36,11.53,12.3,1147269.19
2024-11-08,12.46,13.1,12.14,12.58,1420486.29
2024-11-11,12.58,13.84,12.53,13.84,1078431.94
2024-11-12,14.11,14.53,13.3,13.47,1646422.55
2024-11-13,13.39,14.14,13.31,14.01,1318748.72
2024-11-14,13.96,13.97,13.1,13.1,916540.0
2024-11-15,12.98,13.64,12.95,13.0,785464.37
2024-11-18,12.99,13.15,12.07,12.13,719530.51
2024-11-19,12.2,12.3,11.7,12.28,561598.74
2024-11-20,12.19,12.57,12.08,12.44,519362.94
2024-11-21,12.46,12.65,12.32,12.55,472828.2
2024-11-22,12.45,13.5,12.37,12.57,972208.06
2024-11-25,12.6,12.74,11.97,12.54,602841.56
2024-11-26,12.45,13.05,12.35,12.62,479851.85
2024-11-27,12.54,12.95,12.15,12.92,475576.06
2024-11-28,12.89,13.05,12.72,12.78,421139.94
2024-11-29,12.95,13.5,12.92,13.22,814518.67
2024-12-02,13.18,13.36,13.0,13.22,520324.6
2024-12-03,13.29,13.31,12.92,13.02,380150.01
2024-12-04,13.1,13.19,12.56,12.6,445245.81
2024-12-05,12.55,12.99,12.55,12.88,407925.22
2024-12-06,12.9,13.13,12.66,12.93,452770.75
2024-12-09,12.94,13.1,12.52,12.66,411600.49
2024-12-10,13.04,13.13,12.78,12.81,487489.33
2024-12-11,12.74,12.84,12.46,12.54,537679.23
2024-12-12,12.5,12.53,12.22,12.48,443398.09
2024-12-13,12.35,12.43,12.11,12.12,360744.73
2024-12-16,12.11,12.14,11.82,11.92,291866.55
2024-12-17,11.92,12.03,11.76,11.87,264894.95
2024-12-18,11.9,12.02,11.81,11.96,213542.87
2024-12-19,11.99,12.56,11.9,12.46,607669.5
2024-12-20,12.36,12.8,12.25,12.65,609857.96
2024-12-23,12.66,12.7,11.99,12.04,343943.75
2024-12-24,12.01,12.1,11.81,12.05,266856.74
2024-12-25,11.95,12.01,11.68,11.71,198555.81
2024-12-26,11.73,11.93,11.72,11.84,146621.18
2024-12-27,11.81,12.08,11.58,11.63,313178.23
2024-12-30,11.61,11.62,11.25,11.35,358125.39
2024-12-31,11.46,11.46,10.72,10.73,455432.42
2025-01-02,10.75,10.77,10.09,10.17,474741.19
2025-01-03,10.27,10.31,9.94,10.02,281077.93
2025-01-06,10.0,10.13,9.88,9.95,231981.6
2025-01-07,10.0,10.1,9.93,10.1,194748.75
2025-01-08,10.03,10.06,9.61,9.87,325867.75
2025-01-09,9.81,10.2,9.78,10.13,318639.84
2025-01-10,10.13,10.19,9.7,9.71,230893.57
2025-01-13,9.62,9.96,9.58,9.9,204430.18
2025-01-14,9.99,10.31,9.87,10.26,310339.69
2025-01-15,10.2,10.28,10.05,10.09,204323.57
2025-01-16,10.17,10.3,9.94,9.99,273730.36
2025-01-17,9.94,10.11,9.88,9.99,162148.96
2025-01-20,10.11,10.17,9.96,10.0,214096.29
2025-01-21,10.04,10.08,9.85,9.98,173393.39
2025-01-22,9.98,10.03,9.84,9.94,141839.7
2025-01-23,10.02,10.34,9.9,9.91,330810.03
2025-01-24,9.8,10.9,9.72,10.9,865719.74
2025-01-27,11.39,11.4,10.9,10.91,840406.18
2025-02-05,11.53,12.0,11.42,12.0,842744.65
2025-02-06,12.0,12.56,11.8,12.45,1246038.74
2025-02-07,12.32,13.7,12.32,13.7,1618246.79
2025-02-10,14.23,14.94,13.83,14.62,2402331.0
2025-02-11,14.2,15.21,13.94,14.88,2103488.17
2025-02-12,14.66,16.37,14.58,15.82,2784236.15
2025-02-13,15.48,17.4,15.22,17.4,2435285.68
2025-02-14,17.15,19.1,16.99,18.3,3197663.5
2025-02-17,18.38,19.19,17.32,17.53,3158478.34
2025-02-18,17.02,17.99,16.32,17.1,2663063.96
2025-02-19,17.18,17.5,16.58,17.25,2248528.8
2025-02-20,16.99,17.95,16.63,17.74,2485745.87
2025-02-21,18.04,18.1,16.9,17.58,2326034.96
2025-02-24,17.2,18.0,16.53,16.78,1646601.76
2025-02-25,16.1,16.99,16.1,16.47,1232374.73
2025-02-26,16.48,16.73,16.12,16.53,1042518.79
2025-02-27,16.44,16.57,15.65,16.08,1108674.51
2025-02-28,15.95,16.24,15.13,15.25,843259.97
2025-03-03,15.77,16.78,15.71,16.4,1982774.0
2025-03-04,16.2,17.11,15.96,16.76,1983151.4
2025-03-05,16.64,16.99,16.06,16.53,1331633.68
2025-03-06,17.77,18.18,17.77,18.18,800717.23
2025-03-07,19.44,20.0,18.56,20.0,3530333.09
2025-03-10,19.2,19.51,18.03,18.03,2273090.99
2025-03-11,17.65,18.5,17.56,17.89,1569881.43
2025-03-12,18.45,18.59,17.63,17.63,1265124.55
2025-03-13,17.45,18.14,17.05,17.68,1275319.43
2025-03-14,17.35,17.56,16.66,17.36,1132838.91
2025-03-17,17.15,17.32,16.93,17.1,701745.31
2025-03-18,17.2,17.38,16.9,17.14,688004.49
2025-03-19,17.02,17.22,16.5,16.61,797051.4
2025-03-20,16.58,17.04,16.29,16.51,760537.83
2025-03-21,16.2,16.44,15.72,15.81,804335.84
2025-03-24,15.8,15.9,15.32,15.63,611579.38
2025-03-25,15.67,16.02,15.51,15.55,620901.27
2025-03-26,15.56,15.84,15.52,15.8,516333.44
2025-03-27,15.71,15.81,15.29,15.43,461204.53
2025-03-28,15.46,15.83,15.4,15.42,451319.45
2025-03-31,14.81,15.17,14.49,15.06,820941.32
2025-04-01,15.08,15.21,14.84,14.87,452938.65
2025-04-02,15.02,15.13,14.8,14.99,371981.11
2025-04-03,14.81,15.08,14.77,14.81,375314.35
2025-04-07,13.9,14.12,13.33,13.33,516250.87
2025-04-08,13.5,13.54,12.67,13.1,937137.77
2025-04-09,12.85,13.54,12.21,13.49,803125.17
2025-04-10,13.95,14.13,13.55,13.61,698091.66
2025-04-11,13.67,14.12,13.57,13.79,450072.95
2025-04-14,13.87,14.15,13.86,13.9,410371.25
2025-04-15,13.91,14.01,13.62,13.77,277113.81
2025-04-16,13.65,13.74,13.36,13.59,387160.68
2025-04-17,13.5,14.08,13.41,13.88,496201.11
2025-04-18,13.84,13.93,13.48,13.55,312051.1
2025-04-21,13.5,14.27,13.43,14.19,615528.26
2025-04-22,14.14,14.19,13.73,13.75,485882.89
2025-04-23,13.89,14.18,13.75,13.83,402795.4
2025-04-24,13.84,13.9,13.41,13.52,315040.94
2025-04-25,13.8,14.04,13.57,13.7,303551.29
2025-04-28,13.38,13.95,13.32,13.62,469186.22
2025-04-29,13.62,14.06,13.45,13.82,518439.02
2025-04-30,13.96,14.86,13.78,14.59,943881.02
2025-05-06,14.66,14.98,14.5,14.76,709793.87
2025-05-07,14.99,15.05,14.37,14.51,515129.83
2025-05-08,14.4,14.83,14.4,14.5,382745.02
2025-05-09,14.44,14.62,13.95,13.96,381499.52
2025-05-12,14.1,14.29,13.92,14.16,403023.83
2025-05-13,14.37,14.6,14.05,14.15,512025.25
2025-05-14,14.08,14.36,14.02,14.19,375580.97
2025-05-15,14.11,14.15,13.4,13.47,539356.12
2025-05-16,13.37,13.46,13.27,13.33,285621.82
2025-05-19,13.34,13.34,13.01,13.3,254691.3
2025-05-20,13.26,13.4,13.16,13.34,202786.51
2025-05-21,13.35,13.37,13.17,13.21,182569.1
2025-05-22,13.15,13.28,13.08,13.12,174230.16
2025-05-23,13.2,13.28,12.92,12.92,290363.59
2025-05-26,12.9,13.26,12.72,13.19,275240.13
2025-05-27,13.14,13.18,13.03,13.15,181493.3
2025-05-28,13.19,13.21,12.9,12.95,187989.37
2025-05-29,12.98,13.48,12.96,13.48,400506.41
2025-05-30,13.33,13.35,13.04,13.05,298897.32
2025-06-03,12.94,13.21,12.8,13.04,180729.93
2025-06-04,13.14,13.28,13.06,13.2,210625.71
2025-06-05,13.26,13.65,13.21,13.62,500609.01
2025-06-06,13.62,13.8,13.5,13.71,351672.95
2025-06-09,13.75,14.99,13.75,14.46,850904.96
2025-06-10,14.44,14.46,13.52,13.74,719661.25
2025-06-11,13.6,13.84,13.35,13.52,399697.63
2025-06-12,13.43,13.53,13.29,13.31,316442.92
2025-06-13,13.36,13.36,12.95,13.07,388017.69
2025-06-16,12.96,13.17,12.91,13.06,247887.76
2025-06-17,13.04,13.12,12.96,13.01,192405.02
2025-06-18,13.0,13.05,12.85,12.91,194106.76
2025-06-19,12.91,13.02,12.67,12.73,236994.38
2025-06-20,12.69,12.78,12.4,12.4,261350.87
2025-06-23,12.3,12.95,12.27,12.72,311059.95
2025-06-24,12.62,12.9,12.57,12.86,329400.8
2025-06-25,12.91,13.17,12.82,13.15,432553.41
2025-06-26,13.14,13.29,13.08,13.16,365719.01
2025-06-27,13.14,13.55,13.01,13.1,422447.19
2025-06-30,13.1,13.57,13.08,13.37,542505.26
2025-07-01,13.46,13.46,13.0,13.1,387284.17
2025-07-02,13.08,13.09,12.9,12.97,237944.49
2025-07-03,12.97,13.07,12.87,12.96,201229.26
2025-07-04,12.96,13.04,12.79,12.83,256833.27
2025-07-07,12.83,12.87,12.75,12.8,146978.19
2025-07-08,12.8,13.15,12.74,13.09,321353.86
2025-07-09,13.08,13.2,12.95,12.99,275574.97
2025-07-10,12.96,13.05,12.88,12.96,221138.83
2025-07-11,12.94,13.83,12.85,13.55,1007793.6
2025-07-14,13.5,13.51,13.06,13.13,607601.29
2025-07-15,13.35,14.44,13.32,14.44,1686614.75
2025-07-16,14.74,14.83,14.23,14.4,1380114.67
2025-07-17,14.35,14.55,14.03,14.29,972347.74
2025-07-18,14.54,14.84,14.28,14.33,995933.93
2025-07-21,14.28,14.42,14.0,14.24,882187.85
2025-07-22,14.2,14.22,13.86,13.92,674444.45
2025-07-23,13.85,14.35,13.8,14.17,1082021.95
2025-07-24,14.1,14.55,14.1,14.46,825029.55
2025-07-25,14.59,14.81,14.36,14.65,816102.97
2025-07-28,14.62,14.64,14.11,14.36,625154.92
2025-07-29,14.28,15.14,14.25,14.88,1016305.84
2025-07-30,14.78,15.09,14.5,14.66,664969.58
2025-07-31,14.87,16.13,14.86,15.84,1795769.62
2025-08-01,16.28,16.32,15.21,15.77,1996494.48
2025-08-04,15.41,16.28,15.24,15.99,1381528.91
2025-08-05,15.81,16.36,15.5,15.71,875563.64
2025-08-06,15.71,15.76,15.46,15.6,642523.42
2025-08-07,16.0,16.8,16.0,16.37,1386613.14
2025-08-08,16.02,16.17,14.91,14.94,1544414.48
2025-08-11,15.07,15.5,14.95,15.41,915192.13
2025-08-12,15.45,15.47,15.02,15.22,578947.56
2025-08-13,15.2,15.26,15.05,15.11,640819.18
2025-08-14,15.13,15.45,14.79,14.81,733446.21
2025-08-15,14.68,15.35,14.65,15.28,724485.16
2025-08-18,15.46,16.81,15.32,16.4,1876488.15
2025-08-19,16.25,16.9,16.07,16.48,1198652.77
2025-08-20,16.28,16.55,16.04,16.5,711442.51
2025-08-21,16.4,16.96,16.4,16.55,817979.61
2025-08-22,16.8,17.35,16.51,17.17,1103623.69
2025-08-25,17.31,17.46,16.72,17.3,1183677.91
2025-08-26,17.19,17.56,16.98,17.13,855404.14
2025-08-27,17.8,17.99,16.44,16.46,1366396.9
2025-08-28,16.2,16.7,15.98,16.7,1057190.45
2025-08-29,16.6,16.86,16.43,16.47,759871.56
2025-09-01,16.77,16.95,16.21,16.24,819835.31
2025-09-02,16.23,16.29,15.25,15.44,1034800.15
2025-09-03,15.44,15.59,14.9,14.92,623415.74
2025-09-04,14.91,15.14,14.32,14.59,725807.35
2025-09-05,14.67,14.78,14.23,14.75,658513.98
2025-09-08,14.6,14.99,14.59,14.64,771338.84
2025-09-09,14.6,14.62,14.23,14.29,568436.31
2025-09-10,14.5,14.9,14.47,14.55,934125.84
2025-09-11,15.25,15.5,14.63,15.37,1444530.89
2025-09-12,15.2,15.75,14.99,15.03,1230118.81
2025-09-15,14.91,14.98,14.73,14.81,641907.06
2025-09-16,14.78,14.95,14.59,14.7,748878.15
2025-09-17,14.67,15.35,14.52,15.28,1228154.8
2025-09-18,15.13,15.58,14.84,14.98,1231853.89
2025-09-19,14.95,15.18,14.8,14.84,602824.79
2025-09-22,14.84,14.95,14.69,14.92,463235.44
2025-09-23,14.88,14.89,13.68,14.13,1140525.86
2025-09-24,13.95,14.84,13.91,14.83,868311.81
2025-09-25,14.81,16.31,14.74,15.81,2676992.09
2025-09-26,15.6,15.6,15.03,15.03,1556849.06
2025-09-29,15.08,15.54,14.83,15.32,1024667.47
2025-09-30,15.67,15.76,15.44,15.62,861219.51
2025-10-09,15.6,16.66,15.42,16.36,1470304.76
2025-10-10,16.05,16.11,15.17,15.3,1308360.84
2025-10-13,15.0,16.76,14.9,15.76,1616073.48
2025-10-14,15.75,15.85,15.15,15.32,1166669.89
2025-10-15,15.2,15.53,14.81,15.27,783086.97
2025-10-16,15.12,15.12,14.75,14.84,602767.6
2025-10-17,14.76,14.82,14.23,14.26,545023.12
2025-10-20,14.42,14.47,14.28,14.37,344554.86
2025-10-21,14.41,14.59,14.32,14.49,332045.3
2025-10-22,14.46,14.46,14.21,14.28,281543.45
2025-10-23,14.42,14.53,14.07,14.45,351947.96
2025-10-24,14.45,14.56,14.37,14.5,386103.09
2025-10-27,14.63,14.64,14.41,14.55,393902.97
2025-10-28,14.59,15.13,14.59,15.0,851664.63
2025-10-29,14.95,15.03,14.8,14.99,404679.55
2025-10-30,14.86,15.46,14.72,15.04,845915.57
2025-10-31,14.82,15.99,14.74,15.6,1383216.76
2025-11-03,15.6,15.78,15.4,15.71,863409.2
2025-11-04,15.53,15.69,15.39,15.58,606889.79
2025-11-05,15.31,15.39,14.91,15.2,664313.81
2025-11-06,15.19,15.19,14.68,14.95,701361.35
2025-11-07,14.81,14.89,14.56,14.66,524578.21
2025-11-10,14.65,15.27,14.64,14.87,599682.88
2025-11-11,14.87,14.95,14.56,14.57,483811.13
2025-11-12,14.55,14.57,14.17,14.27,416269.91
2025-11-13,14.27,14.5,14.2,14.47,347571.3
2025-11-14,14.4,14.45,14.22,14.25,293683.24
2025-11-17,14.2,14.77,14.2,14.66,513122.98
2025-11-18,14.64,15.14,14.51,14.96,828486.95
2025-11-19,14.95,15.0,14.7,14.81,413833.86
2025-11-20,14.88,14.94,14.34,14.38,432484.78
2025-11-21,14.22,14.57,13.84,13.96,541750.99
2025-11-24,14.09,14.96,13.74,14.78,893096.67
2025-11-25,14.78,15.1,14.72,14.86,673515.96
2025-11-26,14.75,15.06,14.63,14.67,424901.74
2025-11-27,14.6,14.68,14.23,14.26,456505.26
2025-11-28,14.29,14.52,14.11,14.26,451233.24
