date,open,high,low,close,volume
2010-01-04,4.39,4.4,4.25,4.27,121092.1
2010-01-05,4.27,4.29,4.04,4.08,284220.12
2010-01-06,4.06,4.08,3.94,3.98,306700.64
2010-01-07,3.97,4.0,3.82,3.86,310473.43
2010-01-08,3.82,3.9,3.76,3.88,165557.33
2010-01-11,3.91,3.92,3.69,3.7,273651.74
2010-01-12,3.7,3.81,3.54,3.81,234588.46
2010-01-13,3.7,3.88,3.66,3.77,182928.67
2010-01-14,3.77,3.98,3.77,3.98,254124.5
2010-01-15,3.98,4.0,3.95,3.97,146811.81
2010-01-18,3.96,3.97,3.83,3.92,148114.32
2010-01-19,3.92,3.97,3.83,3.94,141163.87
2010-01-20,3.94,3.94,3.82,3.87,124064.92
2010-01-21,3.86,3.87,3.72,3.81,157252.01
2010-01-22,3.75,3.75,3.56,3.62,187609.39
2010-01-25,3.6,3.61,3.48,3.5,167971.72
2010-01-26,3.49,3.6,3.48,3.53,120086.7
2010-01-27,3.53,3.71,3.51,3.65,197227.75
2010-01-28,3.64,3.76,3.6,3.69,95561.91
2010-01-29,3.69,3.72,3.56,3.58,78427.19
2010-02-01,3.6,3.61,3.51,3.61,65252.63
2010-02-02,3.61,3.68,3.58,3.64,62548.7
2010-02-03,3.63,3.69,3.56,3.68,95362.45
2010-02-04,3.66,3.72,3.59,3.65,58622.33
2010-02-05,3.6,3.62,3.53,3.55,53012.61
2010-02-08,3.55,3.55,3.48,3.51,39102.65
2010-02-09,3.51,3.58,3.5,3.56,41597.33
2010-02-10,3.58,3.66,3.56,3.64,77273.58
2010-02-11,3.65,3.7,3.62,3.67,57986.93
2010-02-12,3.69,3.7,3.64,3.68,41021.99
2010-02-22,3.64,3.72,3.63,3.66,42010.27
2010-02-23,3.65,3.71,3.58,3.69,35868.8
2010-02-24,3.67,3.83,3.62,3.8,73922.61
2010-02-25,3.82,3.91,3.8,3.89,131414.21
2010-02-26,3.87,3.95,3.85,3.93,93723.66
2010-03-01,3.93,3.94,3.88,3.9,71114.95
2010-03-02,3.9,3.92,3.79,3.83,67288.92
2010-03-03,3.83,3.92,3.81,3.9,55939.5
2010-03-04,3.91,3.99,3.8,3.82,69081.59
2010-03-05,3.82,3.85,3.72,3.73,71833.03
2010-03-08,3.75,3.79,3.73,3.74,42900.1
2010-03-09,3.74,3.8,3.74,3.79,31676.2
2010-03-10,3.79,3.81,3.73,3.74,27710.24
2010-03-11,3.74,3.77,3.73,3.73,33515.01
2010-03-12,3.74,3.76,3.65,3.66,26406.47
2010-03-15,3.62,3.65,3.54,3.58,39420.24
2010-03-16,3.61,3.61,3.44,3.55,57928.74
2010-03-17,3.55,3.61,3.53,3.61,74925.87
2010-03-18,3.61,3.66,3.55,3.56,74451.14
2010-03-19,3.58,3.62,3.54,3.61,67150.43
2010-03-22,3.61,3.76,3.58,3.73,72092.67
2010-03-23,3.73,3.78,3.69,3.74,62071.53
2010-03-24,3.73,3.79,3.73,3.78,52808.27
2010-03-25,3.78,3.78,3.65,3.66,47591.87
2010-03-26,3.63,3.78,3.63,3.74,51124.88
2010-03-29,3.73,3.77,3.68,3.73,106526.29
2010-03-30,3.73,3.77,3.7,3.75,85351.91
2010-03-31,3.75,3.75,3.68,3.71,146222.34
2010-04-01,3.73,3.76,3.69,3.74,107045.91
2010-04-02,3.76,3.87,3.74,3.86,125425.31
2010-04-06,3.87,3.93,3.78,3.82,119937.37
2010-04-07,3.82,3.83,3.74,3.77,66232.71
2010-04-08,3.76,3.77,3.65,3.68,88869.72
2010-04-09,3.69,3.73,3.69,3.72,60541.84
2010-04-12,3.72,3.74,3.69,3.73,65249.62
2010-04-13,3.74,3.82,3.7,3.78,89014.06
2010-04-14,3.78,3.8,3.74,3.75,56594.33
2010-04-15,3.76,3.81,3.6,3.62,111569.08
2010-04-16,3.64,3.8,3.57,3.74,98602.9
2010-04-19,3.67,3.69,3.46,3.55,109177.03
2010-04-20,3.52,3.57,3.33,3.37,128643.69
2010-04-21,3.36,3.41,3.19,3.41,243838.38
2010-04-22,3.41,3.51,3.35,3.44,112922.56
2010-04-23,3.44,3.47,3.32,3.33,100233.99
2010-04-26,3.34,3.41,3.25,3.27,141010.8
2010-04-27,3.27,3.27,3.09,3.13,181166.64
2010-04-28,3.1,3.29,3.08,3.28,186765.77
2010-04-29,3.28,3.32,3.17,3.19,96893.57
2010-04-30,3.19,3.25,3.14,3.2,105622.45
2010-05-04,3.16,3.23,3.13,3.18,40506.97
2010-05-05,3.17,3.23,3.08,3.21,116099.25
2010-05-06,3.21,3.27,3.11,3.14,118492.69
2010-05-07,3.09,3.09,2.87,2.88,137081.83
2010-05-10,2.88,3.05,2.86,2.99,87196.41
2010-05-11,3.14,3.18,3.01,3.04,133900.51
2010-05-12,2.99,3.06,2.89,2.94,97147.48
2010-05-13,2.95,3.15,2.95,3.14,170427.95
2010-05-14,3.12,3.16,3.08,3.12,83089.14
2010-05-17,3.08,3.1,2.98,2.99,66006.0
2010-05-18,2.99,3.11,2.93,3.08,76430.55
2010-05-19,3.06,3.18,3.04,3.17,117164.85
2010-05-20,3.15,3.35,3.14,3.22,224746.77
2010-05-21,3.15,3.32,3.1,3.29,128289.46
2010-05-24,3.33,3.51,3.33,3.42,221551.33
2010-05-25,3.41,3.44,3.31,3.33,119355.06
2010-05-26,3.34,3.38,3.21,3.29,153115.77
2010-05-27,3.29,3.37,3.22,3.35,60809.43
2010-05-28,3.37,3.43,3.28,3.31,87389.37
2010-05-31,3.35,3.47,3.32,3.34,234737.97
2010-06-01,3.35,3.38,3.24,3.27,98903.84
2010-06-02,3.25,3.34,3.23,3.34,54704.54
2010-06-03,3.34,3.44,3.32,3.42,143550.37
2010-06-04,3.46,3.47,3.37,3.42,92798.97
2010-06-07,3.35,3.43,3.25,3.28,113968.27
2010-06-08,3.31,3.33,3.21,3.27,82174.98
2010-06-09,3.33,3.57,3.33,3.55,291996.2
2010-06-10,3.54,3.61,3.48,3.56,190232.82
2010-06-11,3.56,3.77,3.56,3.58,215380.04
2010-06-17,3.6,3.72,3.6,3.62,86897.82
2010-06-18,3.61,3.66,3.51,3.55,97160.64
2010-06-21,3.48,3.68,3.47,3.67,98881.13
2010-06-22,3.68,3.71,3.63,3.68,71784.1
2010-06-23,3.66,3.68,3.57,3.59,69448.39
2010-06-24,3.62,3.66,3.57,3.61,44037.16
2010-06-28,3.56,3.68,3.54,3.66,97349.54
2010-06-29,3.64,3.68,3.4,3.41,117911.23
2010-06-30,3.41,3.43,3.37,3.39,52301.68
2010-07-01,3.4,3.43,3.23,3.27,62038.73
2010-07-02,3.27,3.33,3.17,3.3,73608.23
2010-07-05,3.28,3.39,3.22,3.33,60158.15
2010-07-06,3.3,3.48,3.3,3.46,63403.74
2010-07-07,3.44,3.62,3.44,3.61,73467.85
2010-07-08,3.62,3.64,3.55,3.59,53772.73
2010-07-09,3.55,3.72,3.55,3.68,91813.43
2010-07-12,3.7,3.74,3.64,3.67,63466.03
2010-07-13,3.64,3.64,3.49,3.52,77682.29
2010-07-14,3.52,3.65,3.52,3.64,69290.46
2010-07-15,3.64,3.73,3.62,3.66,92242.57
2010-07-16,3.66,3.69,3.58,3.69,42909.72
2010-07-19,3.65,3.8,3.65,3.77,105621.25
2010-07-20,3.76,3.94,3.76,3.83,183529.11
2010-07-21,3.83,3.86,3.75,3.78,78469.3
2010-07-22,3.78,3.83,3.74,3.83,81898.92
2010-07-23,3.83,3.83,3.75,3.79,96064.82
2010-07-26,3.8,3.81,3.75,3.8,56926.15
2010-07-27,3.78,3.86,3.77,3.86,88632.34
2010-07-28,3.86,3.92,3.83,3.92,94789.67
2010-07-29,3.92,4.02,3.87,3.97,128603.33
2010-07-30,3.94,3.94,3.87,3.94,65163.42
2010-08-02,3.93,4.02,3.9,3.98,68955.8
2010-08-03,3.99,3.99,3.86,3.87,76427.01
2010-08-04,3.87,3.9,3.71,3.8,148360.04
2010-08-05,3.8,3.86,3.71,3.83,132041.54
2010-08-06,3.82,3.86,3.7,3.85,107747.18
2010-08-09,3.83,4.04,3.81,4.0,171344.45
2010-08-10,3.98,4.05,3.9,3.91,145611.02
2010-08-11,3.89,4.11,3.89,4.1,197512.03
2010-08-12,4.06,4.16,4.0,4.12,143667.42
2010-08-13,4.08,4.18,4.05,4.18,77479.49
2010-08-16,4.17,4.2,4.12,4.19,69751.37
2010-08-17,4.16,4.18,4.09,4.15,91924.81
2010-08-18,4.14,4.18,4.12,4.12,43108.66
2010-08-19,4.12,4.14,4.03,4.11,52557.71
2010-08-20,4.07,4.13,4.05,4.07,34401.64
2010-08-23,4.07,4.15,4.04,4.15,38139.85
2010-08-24,4.14,4.17,4.05,4.1,42685.27
2010-08-25,4.07,4.16,3.99,4.0,61255.8
2010-08-26,4.01,4.13,3.99,4.1,49307.64
2010-08-27,4.08,4.12,4.04,4.1,52748.97
2010-08-31,4.17,4.24,4.04,4.08,117304.77
2010-09-01,4.08,4.11,3.85,3.89,167886.59
2010-09-02,3.95,4.03,3.88,3.97,98594.58
2010-09-03,3.97,4.05,3.95,4.01,72786.24
2010-09-06,4.02,4.12,4.02,4.07,63088.79
2010-09-07,4.07,4.07,3.92,3.98,114125.63
2010-09-08,3.98,4.02,3.96,3.99,58118.53
2010-09-09,4.01,4.02,3.86,3.87,103786.62
2010-09-10,3.86,3.9,3.74,3.82,107388.79
2010-09-14,4.01,4.13,3.96,4.01,187571.63
2010-09-15,4.01,4.1,3.96,4.05,118499.64
2010-09-16,4.05,4.11,4.02,4.11,121893.22
2010-09-17,4.11,4.15,4.04,4.07,66469.05
2010-09-20,4.07,4.1,3.92,4.0,80153.09
2010-09-21,4.0,4.13,3.99,4.1,84979.55
2010-09-27,4.11,4.3,4.11,4.27,126536.41
2010-09-28,4.24,4.28,4.19,4.23,46643.77
2010-09-30,4.19,4.26,4.14,4.23,41310.13
2010-10-08,4.23,4.31,4.19,4.28,91159.25
2010-10-11,4.28,4.32,4.08,4.15,147378.46
2010-10-12,4.14,4.18,4.11,4.16,116041.38
2010-10-13,4.17,4.47,4.11,4.45,257954.85
2010-10-14,4.45,4.47,4.31,4.33,135740.73
2010-10-15,4.32,4.43,4.27,4.29,126475.18
2010-10-18,4.28,4.36,4.12,4.3,99079.54
2010-10-19,4.3,4.49,4.24,4.46,118476.81
2010-10-20,4.39,4.66,4.38,4.58,125267.13
2010-10-21,4.58,4.77,4.56,4.61,111124.03
2010-10-22,4.59,4.93,4.59,4.86,155082.61
2010-10-25,4.88,5.24,4.87,5.09,171766.38
2010-10-26,5.08,5.17,4.94,5.13,67712.88
2010-10-27,5.09,5.09,4.94,4.94,83746.75
2010-10-28,4.91,4.99,4.77,4.84,82772.85
2010-10-29,4.88,5.0,4.81,4.95,59421.7
2010-11-01,5.01,5.09,4.92,4.97,89909.75
2010-11-02,5.0,5.05,4.8,4.8,92533.13
2010-11-03,4.8,4.85,4.73,4.74,74306.43
2010-11-04,4.75,4.89,4.71,4.88,65619.44
2010-11-05,4.93,4.96,4.77,4.81,120067.17
2010-11-08,4.82,4.97,4.76,4.96,92405.03
2010-11-09,4.94,4.97,4.77,4.82,130195.7
2010-11-10,4.81,4.84,4.69,4.8,83616.1
2010-11-11,4.78,4.96,4.78,4.83,114996.4
2010-11-12,4.8,4.91,4.62,4.69,140755.03
2010-11-15,4.68,4.88,4.68,4.86,100901.73
2010-11-16,4.86,5.08,4.82,4.94,163054.74
2010-11-17,4.91,4.91,4.45,4.46,162766.9
2010-11-18,4.46,4.62,4.37,4.53,89856.08
2010-11-19,4.59,4.61,4.45,4.59,62802.08
2010-11-22,4.56,4.69,4.45,4.51,76330.05
2010-11-23,4.5,4.5,4.23,4.46,74174.91
2010-11-24,4.41,4.65,4.39,4.61,111360.5
2010-11-25,4.62,4.8,4.57,4.7,89045.9
2010-11-26,4.68,4.74,4.63,4.71,53800.6
2010-11-29,4.71,4.75,4.56,4.61,63206.64
2010-11-30,4.61,4.69,4.41,4.51,72425.31
2010-12-01,4.51,4.69,4.45,4.66,56413.8
2010-12-02,4.67,4.73,4.59,4.59,44155.89
2010-12-03,4.61,4.7,4.53,4.55,51316.37
2010-12-06,4.53,4.75,4.53,4.59,72266.32
2010-12-07,4.56,4.77,4.51,4.75,64254.2
2010-12-08,4.74,4.78,4.66,4.69,26355.7
2010-12-09,4.69,4.73,4.57,4.63,61266.41
2010-12-10,4.59,4.65,4.46,4.54,86444.97
2010-12-13,4.59,4.72,4.59,4.72,77785.22
2010-12-14,4.77,4.9,4.73,4.88,76999.34
2010-12-15,4.86,4.89,4.8,4.84,43815.38
2010-12-16,4.81,4.88,4.81,4.85,36058.53
2010-12-17,4.86,4.9,4.75,4.89,45045.6
2010-12-20,4.89,5.08,4.86,4.98,100607.88
2010-12-21,4.99,5.09,4.97,5.0,93064.21
2010-12-22,4.98,5.12,4.96,5.07,113254.11
2010-12-23,5.05,5.05,4.87,4.88,55740.22
2010-12-24,4.87,4.92,4.8,4.87,33223.91
2010-12-27,4.87,5.05,4.69,4.76,60950.17
2010-12-28,4.75,4.81,4.66,4.72,61269.16
2010-12-29,4.72,4.8,4.59,4.78,59316.54
2010-12-30,4.76,4.93,4.72,4.9,45295.45
2010-12-31,4.92,5.09,4.92,5.07,99352.45
2011-01-04,5.12,5.12,4.97,5.03,37936.29
2011-01-05,5.03,5.05,4.96,5.01,51532.04
2011-01-06,5.03,5.03,4.86,4.98,86244.15
2011-01-07,4.96,5.01,4.88,4.98,78060.73
2011-01-10,5.01,5.09,4.78,4.84,69926.72
2011-01-11,4.79,4.9,4.78,4.89,74453.14
2011-01-12,4.92,4.93,4.82,4.88,28791.49
2011-01-13,4.91,4.92,4.86,4.9,29375.5
2011-01-17,4.77,4.9,4.44,4.46,126418.19
2011-01-18,4.46,4.55,4.31,4.55,36344.78
2011-01-19,4.5,4.64,4.46,4.63,33573.31
2011-01-20,4.61,4.63,4.32,4.48,33317.8
2011-01-21,4.42,4.63,4.39,4.49,33978.6
2011-01-24,4.52,4.57,4.32,4.41,24864.18
2011-01-25,4.35,4.54,4.35,4.49,21876.03
2011-01-26,4.51,4.52,4.37,4.45,45858.55
2011-01-27,4.4,4.5,4.3,4.4,93868.36
2011-01-28,4.41,4.46,4.35,4.43,57586.37
2011-02-01,4.45,4.74,4.45,4.53,56123.74
2011-02-09,4.47,4.62,4.45,4.59,38780.18
2011-02-10,4.57,4.94,4.57,4.93,104832.43
2011-02-11,4.9,5.18,4.9,5.0,141901.84
2011-02-14,5.04,5.22,5.04,5.1,101963.67
2011-02-15,5.11,5.18,5.06,5.09,71807.5
2011-02-16,5.11,5.15,5.04,5.15,64953.67
2011-02-17,5.16,5.26,5.06,5.23,76321.47
2011-02-18,5.19,5.19,5.07,5.1,35089.03
2011-02-21,5.09,5.35,5.07,5.34,83673.81
2011-02-22,5.34,5.35,5.12,5.16,55795.26
2011-02-23,5.13,5.23,5.0,5.13,48213.29
2011-02-24,5.07,5.14,5.0,5.13,42608.17
2011-02-25,5.07,5.25,4.99,5.22,47655.39
2011-02-28,5.21,5.59,5.18,5.55,148202.3
2011-03-01,5.54,5.64,5.47,5.55,66980.4
2011-03-02,5.49,5.59,5.38,5.57,71668.52
2011-03-03,5.54,5.59,5.39,5.43,40868.43
2011-03-04,5.41,5.41,5.3,5.36,134330.63
2011-03-07,5.39,5.69,5.37,5.59,146643.3
2011-03-08,5.54,5.57,5.44,5.52,46775.37
2011-03-09,5.56,5.6,5.34,5.44,63202.29
2011-03-10,5.4,5.43,5.35,5.38,32133.86
2011-03-11,5.37,5.46,5.27,5.34,42175.6
2011-03-14,5.33,5.41,5.16,5.34,65973.4
2011-03-15,5.28,5.28,5.03,5.14,91912.16
2011-03-16,5.15,5.31,5.1,5.29,93434.51
2011-03-17,5.2,5.24,5.05,5.19,102115.6
2011-03-18,5.3,5.35,5.21,5.24,91274.9
2011-03-21,5.25,5.35,5.13,5.18,34556.97
2011-03-22,5.19,5.34,5.11,5.33,89255.07
2011-03-23,5.3,5.45,5.26,5.42,77889.8
2011-03-24,5.39,5.43,5.28,5.3,99829.85
2011-03-25,5.3,5.45,5.26,5.37,106936.99
2011-03-28,5.37,5.5,5.37,5.45,89542.5
2011-03-29,5.44,5.48,5.18,5.21,86102.37
2011-03-30,5.21,5.26,5.09,5.16,49153.84
2011-03-31,5.09,5.25,5.05,5.07,54651.8
2011-04-01,5.09,5.14,4.93,5.06,94619.28
2011-04-06,5.01,5.07,4.89,4.98,127989.27
2011-04-07,5.03,5.25,5.03,5.23,121951.84
2011-04-08,5.23,5.37,5.16,5.3,84518.0
2011-04-11,5.33,5.35,5.22,5.23,74788.96
2011-04-12,5.29,5.29,5.09,5.2,68938.88
2011-04-13,5.16,5.18,5.04,5.16,76158.49
2011-04-14,5.13,5.18,5.1,5.12,64444.41
2011-04-15,5.1,5.2,5.0,5.1,67369.87
2011-04-18,5.05,5.1,4.94,5.01,84008.59
2011-04-19,4.98,5.09,4.95,5.0,48351.51
2011-04-20,5.0,5.07,5.0,5.03,33377.92
2011-04-21,5.07,5.07,5.0,5.01,37530.61
2011-04-22,5.0,5.17,4.98,5.15,73052.01
2011-04-25,5.11,5.17,5.04,5.09,49227.63
2011-04-26,5.09,5.16,5.07,5.11,34431.33
2011-04-27,5.16,5.26,5.11,5.17,82622.01
2011-04-28,5.21,5.24,4.95,5.05,89269.77
2011-04-29,5.06,5.13,5.03,5.09,40832.21
2011-05-03,5.1,5.11,5.02,5.08,33025.5
2011-05-04,5.04,5.04,4.95,4.95,41891.82
2011-05-05,4.95,4.97,4.9,4.96,47438.54
2011-05-06,4.94,5.06,4.89,5.04,34841.78
2011-05-09,5.01,5.18,5.01,5.06,61034.84
2011-05-10,5.06,5.09,5.0,5.04,36574.43
2011-05-11,5.02,5.07,4.96,5.0,51584.88
2011-05-12,4.96,5.1,4.95,4.98,69510.69
2011-05-13,4.99,5.03,4.81,4.92,72236.09
2011-05-16,4.86,4.95,4.86,4.87,27375.81
2011-05-17,4.89,4.92,4.82,4.85,46177.86
2011-05-18,4.83,4.94,4.83,4.92,26961.43
2011-05-19,4.92,5.05,4.89,4.91,41061.24
2011-05-20,4.91,4.97,4.9,4.92,42398.45
2011-05-23,4.92,4.92,4.75,4.77,38892.4
2011-05-24,4.76,4.82,4.71,4.76,26727.29
2011-05-25,4.75,4.78,4.65,4.66,22754.43
2011-05-26,4.7,4.71,4.59,4.6,25430.51
2011-05-27,4.62,4.66,4.53,4.57,34985.94
2011-05-30,4.55,4.6,4.5,4.53,18747.04
2011-05-31,4.54,4.72,4.52,4.71,24585.57
2011-06-01,4.69,4.72,4.62,4.67,37463.3
2011-06-02,4.62,4.68,4.55,4.6,11261.44
2011-06-03,4.6,4.69,4.6,4.62,27285.13
2011-06-07,4.6,4.73,4.59,4.71,33695.59
2011-06-08,4.71,4.73,4.65,4.71,26951.23
2011-06-09,4.69,4.73,4.59,4.62,21772.23
2011-06-10,4.62,4.7,4.56,4.6,43057.64
2011-06-13,4.57,4.61,4.51,4.61,12343.97
2011-06-14,4.56,4.77,4.56,4.75,48168.2
2011-06-15,4.73,4.75,4.62,4.65,26109.52
2011-06-17,4.65,4.72,4.58,4.59,35408.69
2011-06-20,4.61,4.66,4.55,4.62,42529.42
2011-06-21,4.62,4.76,4.62,4.74,57713.56
2011-06-22,4.74,4.78,4.7,4.74,33962.49
2011-06-23,4.75,4.88,4.7,4.85,63311.95
2011-06-24,4.82,5.06,4.82,4.97,74481.88
2011-06-27,4.97,5.01,4.94,4.97,39066.4
2011-06-28,5.0,5.03,4.93,5.02,41284.42
2011-06-30,5.01,5.05,4.95,5.03,47308.24
2011-07-01,5.05,5.07,4.96,4.97,37117.88
2011-07-04,5.03,5.06,4.97,5.02,50687.21
2011-07-05,5.02,5.06,4.94,4.96,58266.79
2011-07-06,4.97,5.03,4.9,4.99,82916.15
2011-07-07,5.01,5.02,4.91,4.91,76249.04
2011-07-08,4.93,4.94,4.86,4.89,42520.37
2011-07-11,4.87,5.03,4.84,5.01,92785.79
2011-07-12,5.03,5.15,4.98,5.09,168439.57
2011-07-13,5.1,5.19,5.06,5.16,94750.71
2011-07-14,5.16,5.22,5.14,5.21,88671.79
2011-07-15,5.19,5.19,5.06,5.14,124272.59
2011-07-18,5.23,5.25,5.04,5.07,204760.55
2011-07-19,5.03,5.14,4.94,4.97,210233.79
2011-07-20,5.0,5.07,4.94,5.01,140803.58
2011-07-21,5.01,5.01,4.8,4.81,198554.71
2011-07-22,4.82,4.88,4.79,4.82,125052.98
2011-07-25,4.81,4.82,4.53,4.55,219403.82
2011-07-26,4.55,4.64,4.52,4.57,123436.26
2011-07-27,4.58,4.66,4.53,4.62,85762.36
2011-07-28,4.58,4.6,4.44,4.57,122420.27
2011-07-29,4.59,4.65,4.53,4.58,94560.9
2011-08-01,4.63,4.64,4.53,4.55,69736.18
2011-08-02,4.57,4.57,4.43,4.48,74802.03
2011-08-03,4.44,4.45,4.35,4.38,159687.34
2011-08-04,4.4,4.44,4.38,4.39,93682.33
2011-08-05,4.28,4.35,4.19,4.31,146655.05
2011-08-08,4.19,4.3,4.11,4.19,130264.17
2011-08-09,4.11,4.33,4.05,4.27,155059.09
2011-08-10,4.34,4.41,4.29,4.33,116449.2
2011-08-11,4.24,4.39,4.22,4.35,91472.49
2011-08-12,4.4,4.42,4.22,4.26,204755.64
2011-08-15,4.27,4.29,4.17,4.2,268637.67
2011-08-16,4.22,4.26,4.18,4.19,183843.98
2011-08-17,4.2,4.22,4.08,4.11,215220.11
2011-08-18,4.09,4.14,4.06,4.1,222010.14
2011-08-19,4.04,4.17,4.01,4.1,180266.67
2011-08-22,4.14,4.16,4.03,4.06,68569.31
2011-08-23,4.09,4.17,4.05,4.13,72882.61
2011-08-24,4.16,4.19,4.11,4.12,64725.41
2011-08-25,4.13,4.22,4.11,4.21,198893.49
2011-08-26,4.21,4.21,4.11,4.13,191740.44
2011-08-29,4.1,4.11,4.03,4.05,105927.89
2011-08-30,4.09,4.11,4.0,4.03,127418.15
2011-08-31,4.04,4.07,4.01,4.05,81911.6
2011-09-01,4.07,4.09,4.01,4.03,90732.16
2011-09-02,4.02,4.05,3.92,3.94,132949.85
2011-09-05,3.92,3.94,3.87,3.87,69218.08
2011-09-06,3.83,3.86,3.67,3.68,201511.4
2011-09-07,3.72,3.78,3.69,3.74,149807.92
2011-09-08,3.77,3.83,3.71,3.77,161297.06
2011-09-09,3.75,3.83,3.68,3.74,83310.04
2011-09-13,3.67,3.72,3.63,3.7,55224.13
2011-09-14,3.7,3.74,3.65,3.72,73417.54
2011-09-15,3.73,3.74,3.69,3.7,82107.72
2011-09-16,3.73,3.74,3.66,3.68,60432.41
2011-09-19,3.66,3.66,3.55,3.56,106945.98
2011-09-20,3.54,3.59,3.5,3.54,103471.81
2011-09-21,3.56,3.69,3.5,3.68,197444.07
2011-09-22,3.63,3.65,3.52,3.54,139768.95
2011-09-23,3.46,3.51,3.41,3.46,166643.22
2011-09-26,3.46,3.48,3.4,3.41,134276.3
2011-09-27,3.44,3.47,3.39,3.43,143497.3
2011-09-28,3.46,3.47,3.39,3.4,142813.59
2011-09-29,3.36,3.39,3.31,3.32,90821.3
2011-09-30,3.33,3.36,3.29,3.31,87262.34
2011-10-10,3.33,3.37,3.31,3.33,60847.99
2011-10-11,3.4,3.42,3.24,3.28,139014.96
2011-10-12,3.27,3.48,3.2,3.47,225967.52
2011-10-13,3.47,3.57,3.44,3.55,202036.73
2011-10-14,3.55,3.58,3.51,3.55,116919.03
2011-10-17,3.57,3.62,3.54,3.59,125450.31
2011-10-18,3.54,3.57,3.5,3.52,111964.51
2011-10-19,3.56,3.57,3.46,3.49,133680.01
2011-10-20,3.43,3.46,3.28,3.38,114737.27
2011-10-21,3.37,3.42,3.34,3.36,41440.59
2011-10-24,3.37,3.56,3.33,3.53,128161.56
2011-10-25,3.51,3.64,3.48,3.6,137158.46
2011-10-26,3.57,3.78,3.56,3.67,247166.17
2011-10-27,3.67,3.73,3.66,3.68,89247.17
2011-10-28,3.75,3.81,3.7,3.77,167075.81
2011-10-31,3.75,3.76,3.68,3.73,105187.43
2011-11-01,3.69,3.75,3.64,3.66,152697.57
2011-11-02,3.59,3.71,3.57,3.71,154058.46
2011-11-03,3.74,3.81,3.71,3.73,207364.84
2011-11-04,3.78,3.83,3.72,3.75,134077.37
2011-11-07,3.74,3.74,3.67,3.68,97239.67
2011-11-08,3.69,3.72,3.66,3.67,57408.32
2011-11-09,3.71,3.72,3.62,3.7,103536.52
2011-11-10,3.64,3.66,3.57,3.59,136578.33
2011-11-11,3.61,3.61,3.55,3.57,86832.92
2011-11-14,3.6,3.62,3.58,3.62,205647.97
2011-11-15,3.61,3.61,3.48,3.53,358655.78
2011-11-16,3.53,3.54,3.4,3.41,177487.88
2011-11-17,3.41,3.45,3.35,3.42,113939.14
2011-11-18,3.38,3.4,3.29,3.34,92684.72
2011-11-21,3.34,3.36,3.21,3.26,234015.12
2011-11-22,3.21,3.24,3.12,3.19,218485.9
2011-11-23,3.18,3.22,3.13,3.2,177187.84
2011-11-24,3.16,3.21,3.14,3.2,146116.16
2011-11-25,3.18,3.2,3.12,3.14,113666.99
2011-11-28,3.15,3.17,3.08,3.1,102485.89
2011-11-29,3.13,3.18,3.11,3.17,96633.72
2011-11-30,3.17,3.17,3.05,3.07,128358.96
2011-12-01,3.16,3.22,3.1,3.16,210214.11
2011-12-02,3.14,3.15,3.07,3.13,110402.09
2011-12-05,3.1,3.11,3.05,3.09,78820.69
2011-12-06,3.07,3.14,3.06,3.13,106524.82
2011-12-07,3.12,3.19,3.11,3.18,86648.86
2011-12-08,3.16,3.2,3.15,3.18,98659.93
2011-12-09,3.16,3.18,3.09,3.14,106902.11
2011-12-12,3.11,3.13,3.06,3.06,94592.76
2011-12-13,3.05,3.05,2.99,3.0,112811.26
2011-12-14,2.98,3.0,2.93,2.94,68792.35
2011-12-15,2.91,2.93,2.85,2.92,167190.83
2011-12-16,2.92,3.02,2.89,3.01,98454.84
2011-12-19,2.97,3.02,2.94,3.01,88514.52
2011-12-20,3.01,3.09,3.0,3.04,97543.34
2011-12-21,3.07,3.09,3.0,3.0,53441.18
2011-12-22,2.97,3.07,2.95,3.07,101023.87
2011-12-23,3.07,3.15,3.04,3.13,122050.89
2011-12-26,3.1,3.2,3.09,3.18,163274.18
2011-12-27,3.16,3.21,3.09,3.11,133886.66
2011-12-28,3.07,3.11,3.02,3.09,104427.78
2011-12-29,3.06,3.16,3.06,3.15,114739.12
2011-12-30,3.17,3.23,3.16,3.22,170899.21
2012-01-04,3.25,3.31,3.17,3.17,142288.41
2012-01-05,3.16,3.22,3.1,3.15,91266.03
2012-01-06,3.15,3.19,3.08,3.17,69839.25
2012-01-09,3.2,3.28,3.13,3.27,160606.42
2012-01-10,3.27,3.41,3.25,3.4,268258.18
2012-01-11,3.4,3.41,3.33,3.34,141427.62
2012-01-12,3.33,3.4,3.32,3.33,98787.26
2012-01-13,3.4,3.43,3.16,3.19,266658.9
2012-01-16,3.13,3.2,3.11,3.14,85882.31
2012-01-17,3.15,3.37,3.13,3.35,180730.47
2012-01-18,3.35,3.37,3.23,3.28,157836.05
2012-01-19,3.29,3.41,3.25,3.39,163043.88
2012-01-20,3.39,3.45,3.38,3.43,150725.44
2012-01-30,3.43,3.44,3.33,3.33,111267.61
2012-01-31,3.33,3.36,3.29,3.32,46701.16
2012-02-01,3.32,3.35,3.26,3.28,76422.62
2012-02-02,3.27,3.32,3.24,3.32,86157.19
2012-02-03,3.32,3.33,3.28,3.31,90998.19
2012-02-06,3.31,3.38,3.31,3.35,112216.33
2012-02-07,3.33,3.33,3.24,3.27,97532.94
2012-02-08,3.28,3.36,3.24,3.35,168703.29
2012-02-09,3.34,3.39,3.3,3.37,163958.72
2012-02-10,3.35,3.4,3.33,3.37,129160.32
2012-02-13,3.33,3.37,3.3,3.35,145841.58
2012-02-14,3.35,3.36,3.31,3.33,96158.38
2012-02-15,3.33,3.45,3.32,3.44,245200.65
2012-02-16,3.44,3.45,3.38,3.44,129234.9
2012-02-17,3.45,3.46,3.41,3.46,97441.49
2012-02-20,3.49,3.57,3.47,3.51,224703.56
2012-02-21,3.5,3.59,3.49,3.58,156359.46
2012-02-22,3.59,3.72,3.56,3.71,333866.04
2012-02-23,3.71,3.74,3.64,3.69,201183.18
2012-02-24,3.67,3.75,3.66,3.72,220076.18
2012-02-27,3.71,4.02,3.71,3.85,472083.71
2012-02-28,3.86,3.89,3.79,3.87,171375.96
2012-02-29,3.87,3.87,3.76,3.79,209448.22
2012-03-01,3.76,3.97,3.74,3.96,275758.52
2012-03-02,3.95,4.2,3.95,4.18,399610.99
2012-03-05,4.18,4.27,4.1,4.12,574525.73
2012-03-06,4.08,4.43,4.07,4.4,844866.13
2012-03-07,4.33,4.53,4.29,4.32,664722.57
2012-03-08,4.34,4.39,4.25,4.38,423576.39
2012-03-09,4.38,4.4,4.25,4.33,335701.05
2012-03-12,4.33,4.37,4.23,4.35,385456.51
2012-03-13,4.33,4.39,4.29,4.33,246528.12
2012-03-14,4.35,4.39,4.12,4.14,437903.31
2012-03-15,4.14,4.18,4.06,4.12,302054.58
2012-03-16,4.11,4.2,4.1,4.19,201048.19
2012-03-19,4.19,4.19,4.07,4.13,192709.41
2012-03-20,4.1,4.18,4.02,4.08,204449.07
2012-03-21,4.1,4.11,3.89,3.98,169085.76
2012-03-22,3.98,4.09,3.92,4.03,124142.69
2012-03-23,4.0,4.04,3.92,3.95,97890.45
2012-03-26,3.93,3.95,3.81,3.87,118790.46
2012-03-27,3.89,3.93,3.77,3.81,121793.84
2012-03-28,3.78,3.78,3.61,3.62,250886.22
2012-03-29,3.63,3.68,3.58,3.67,187590.75
2012-03-30,3.66,3.72,3.61,3.71,113757.33
2012-04-05,3.72,3.84,3.66,3.81,199166.09
2012-04-06,3.8,3.85,3.75,3.8,183609.67
2012-04-09,3.78,3.84,3.71,3.79,89482.41
2012-04-10,3.75,3.89,3.67,3.85,137216.56
2012-04-11,3.79,3.97,3.76,3.88,174141.04
2012-04-12,3.86,3.94,3.85,3.93,130536.22
2012-04-13,3.95,4.02,3.9,4.02,199966.52
2012-04-16,3.99,4.05,3.93,3.96,159862.8
2012-04-17,3.96,3.98,3.87,3.89,111761.0
2012-04-18,3.9,4.05,3.89,4.03,192387.66
2012-04-19,4.04,4.04,3.98,4.02,86966.53
2012-04-20,4.02,4.04,3.95,4.02,114391.43
2012-04-23,4.01,4.02,3.93,4.01,210816.3
2012-04-24,3.98,4.02,3.77,3.9,232807.79
2012-04-25,3.86,3.96,3.82,3.94,162178.69
2012-04-26,3.94,3.98,3.92,3.93,85950.95
2012-04-27,3.92,4.06,3.79,4.03,267896.84
2012-05-02,4.05,4.14,4.0,4.1,282856.37
2012-05-03,4.07,4.1,4.04,4.1,103981.71
2012-05-04,4.1,4.23,4.1,4.21,216983.62
2012-05-07,4.19,4.36,4.17,4.32,248468.35
2012-05-08,4.33,4.35,4.24,4.33,190990.74
2012-05-09,4.27,4.29,4.18,4.21,152156.77
2012-05-10,4.21,4.26,4.18,4.22,98445.45
2012-05-11,4.22,4.26,4.18,4.18,105435.91
2012-05-14,4.21,4.22,4.05,4.09,142853.31
2012-05-15,4.06,4.44,4.05,4.4,561721.81
2012-05-16,4.41,4.44,4.29,4.34,318569.87
2012-05-17,4.37,4.42,4.28,4.37,347511.56
2012-05-21,4.31,4.44,4.26,4.34,188306.31
2012-05-22,4.35,4.39,4.29,4.38,128938.94
2012-05-23,4.38,4.42,4.32,4.38,127457.69
2012-05-24,4.35,4.4,4.32,4.33,115555.03
2012-05-25,4.32,4.37,4.24,4.25,100243.09
2012-05-28,4.25,4.3,4.16,4.29,208440.84
2012-05-29,4.33,4.47,4.32,4.4,237737.35
2012-05-30,4.39,4.42,4.32,4.38,151981.84
2012-05-31,4.34,4.46,4.32,4.4,164879.61
2012-06-01,4.39,4.43,4.32,4.33,97180.59
2012-06-04,4.24,4.3,4.17,4.2,122245.18
2012-06-05,4.23,4.32,4.2,4.27,112201.14
2012-06-06,4.29,4.34,4.26,4.3,72736.21
2012-06-07,4.35,4.41,4.25,4.28,91952.69
2012-06-08,4.31,4.34,4.2,4.22,99392.82
2012-06-11,4.26,4.31,4.21,4.29,58460.53
2012-06-12,4.29,4.34,4.27,4.3,48297.77
2012-06-13,4.29,4.4,4.29,4.39,150230.46
2012-06-14,4.36,4.51,4.36,4.44,197739.33
2012-06-15,4.47,4.47,4.41,4.44,70938.99
2012-06-18,4.43,4.48,4.42,4.45,94964.28
2012-06-19,4.45,4.52,4.44,4.46,119804.05
2012-06-20,4.47,4.53,4.39,4.42,104822.76
2012-06-21,4.43,4.43,4.32,4.42,87296.42
2012-06-25,4.39,4.45,4.33,4.34,51985.75
2012-06-26,4.3,4.36,4.22,4.33,66359.87
2012-06-27,4.32,4.32,4.2,4.21,112016.22
2012-06-28,4.21,4.25,4.17,4.21,68699.21
2012-06-29,4.21,4.32,4.14,4.29,92582.51
2012-07-02,4.29,4.32,4.23,4.27,55649.98
2012-07-03,4.28,4.39,4.27,4.32,75411.23
2012-07-04,4.35,4.37,4.25,4.33,48626.71
2012-07-05,4.29,4.32,4.14,4.15,64918.55
2012-07-06,4.2,4.37,4.17,4.35,99010.23
2012-07-09,4.32,4.34,4.1,4.17,161471.22
2012-07-10,4.19,4.2,3.95,4.02,122842.04
2012-07-11,4.02,4.09,3.97,4.06,68324.59
2012-07-12,4.06,4.11,4.0,4.06,82098.9
2012-07-13,4.09,4.1,4.05,4.08,41014.17
2012-07-16,4.1,4.1,3.92,3.95,66691.73
2012-07-17,3.95,3.99,3.8,3.82,82194.93
2012-07-18,3.91,4.11,3.91,4.06,228730.08
2012-07-19,4.07,4.15,4.04,4.13,112591.08
2012-07-20,4.11,4.15,4.02,4.07,81989.43
2012-07-23,4.05,4.09,4.01,4.05,41366.39
2012-07-24,4.04,4.08,3.96,4.04,103060.44
2012-07-25,4.01,4.06,3.97,4.01,48615.25
2012-07-26,4.0,4.03,3.97,3.98,54783.02
2012-07-27,3.99,4.02,3.95,4.01,57405.28
2012-07-30,3.99,4.04,3.95,3.97,39468.16
2012-07-31,3.96,4.1,3.95,4.09,90124.64
2012-08-01,4.1,4.14,4.08,4.11,43891.64
2012-08-02,4.08,4.13,4.02,4.04,42905.05
2012-08-03,4.05,4.06,3.92,4.03,80491.89
2012-08-06,4.0,4.06,3.97,4.05,58114.58
2012-08-07,4.02,4.03,3.98,3.99,86059.98
2012-08-08,4.01,4.01,3.91,3.94,84266.54
2012-08-09,3.92,4.0,3.92,3.96,93399.43
2012-08-10,3.94,3.97,3.92,3.97,56201.31
2012-08-13,3.96,3.97,3.91,3.94,64374.39
2012-08-14,3.94,3.94,3.84,3.89,85235.12
2012-08-15,3.86,3.9,3.78,3.8,114705.66
2012-08-16,3.8,3.83,3.79,3.8,72202.94
2012-08-17,3.81,3.84,3.78,3.82,56755.98
2012-08-20,3.79,3.79,3.66,3.7,125411.87
2012-08-21,3.72,3.77,3.7,3.73,102820.97
2012-08-22,3.74,3.75,3.65,3.68,81663.57
2012-08-23,3.68,3.69,3.63,3.68,64534.31
2012-08-24,3.66,3.73,3.64,3.67,42561.2
2012-08-27,3.67,3.67,3.61,3.64,59077.53
2012-08-28,3.62,3.62,3.5,3.58,46810.55
2012-08-29,3.54,3.7,3.54,3.66,69774.46
2012-08-30,3.67,3.74,3.62,3.68,63824.24
2012-08-31,3.68,3.86,3.68,3.83,126320.49
2012-09-03,3.84,3.98,3.84,3.9,164215.9
2012-09-04,3.89,3.9,3.82,3.83,59292.69
2012-09-05,3.83,3.97,3.81,3.96,98173.02
2012-09-06,3.94,4.01,3.94,3.98,68259.27
2012-09-07,4.0,4.17,3.96,4.09,298746.2
2012-09-10,4.09,4.15,4.07,4.1,89984.81
2012-09-12,4.12,4.16,3.94,3.98,192317.52
2012-09-13,3.99,4.04,3.95,3.95,59664.02
2012-09-14,4.01,4.02,3.87,3.97,90876.87
2012-09-17,3.97,4.01,3.9,3.92,71194.06
2012-09-18,3.91,3.94,3.86,3.87,36772.51
2012-09-19,3.87,4.01,3.84,3.94,118709.65
2012-09-20,3.94,3.97,3.83,3.84,77993.08
2012-09-21,3.83,3.9,3.81,3.87,75826.67
2012-09-24,3.84,3.92,3.8,3.9,45354.38
2012-09-25,3.89,3.91,3.86,3.88,27005.3
2012-09-26,3.84,3.9,3.84,3.88,32834.46
2012-09-27,3.88,4.06,3.85,4.01,78707.29
2012-09-28,3.99,4.22,3.98,4.15,317547.2
2012-10-08,4.15,4.17,4.08,4.11,53725.12
2012-10-09,4.17,4.26,4.13,4.21,97992.95
2012-10-10,4.21,4.27,4.19,4.24,70690.57
2012-10-11,4.21,4.23,4.17,4.19,73077.7
2012-10-12,4.22,4.27,4.14,4.23,72352.69
2012-10-15,4.23,4.33,4.21,4.26,114293.09
2012-10-16,4.26,4.33,4.25,4.25,51809.0
2012-10-17,4.27,4.28,4.13,4.18,72626.64
2012-10-18,4.18,4.24,4.1,4.22,172646.93
2012-10-19,4.2,4.2,4.13,4.18,51391.65
2012-10-22,4.15,4.22,4.13,4.2,42917.83
2012-10-23,4.19,4.22,4.17,4.17,37522.94
2012-10-24,4.14,4.18,4.13,4.16,27617.73
2012-10-25,4.16,4.21,4.14,4.17,48605.52
2012-10-26,4.15,4.18,4.01,4.1,101522.05
2012-10-29,4.06,4.09,3.84,4.07,91915.8
2012-10-30,4.07,4.14,4.01,4.1,39930.33
2012-10-31,4.12,4.25,4.11,4.16,130280.94
2012-11-01,4.2,4.3,4.15,4.21,117220.99
2012-11-02,4.24,4.28,4.2,4.23,84973.93
2012-11-05,4.22,4.27,4.19,4.2,36613.01
2012-11-06,4.2,4.27,4.16,4.25,98416.23
2012-11-07,4.24,4.32,4.23,4.29,69647.31
2012-11-08,4.25,4.32,4.2,4.2,69965.31
2012-11-09,4.2,4.24,4.17,4.2,28424.46
2012-11-12,4.19,4.23,4.14,4.21,52733.93
2012-11-13,4.19,4.21,4.08,4.08,59722.44
2012-11-14,4.08,4.13,4.03,4.11,76129.22
2012-11-15,4.07,4.17,4.01,4.12,48003.27
2012-11-16,4.1,4.11,4.01,4.07,66145.37
2012-11-19,4.08,4.1,4.02,4.05,46180.97
2012-11-20,4.05,4.09,3.99,4.01,39619.03
2012-11-21,3.99,4.05,3.91,4.02,81688.13
2012-11-22,3.97,4.05,3.97,4.0,35191.44
2012-11-23,4.02,4.06,4.0,4.02,90016.18
2012-11-26,4.01,4.03,3.94,3.95,59337.39
2012-11-27,3.95,3.95,3.9,3.93,45166.34
2012-11-28,3.92,3.98,3.9,3.95,51812.47
2012-11-29,3.95,4.03,3.95,3.98,50049.83
2012-11-30,3.97,4.09,3.97,4.09,82365.28
2012-12-03,4.08,4.18,4.07,4.08,106810.5
2012-12-04,4.05,4.15,4.05,4.09,64513.9
2012-12-05,4.09,4.29,4.07,4.26,297852.27
2012-12-06,4.26,4.33,4.24,4.29,141721.01
2012-12-07,4.29,4.29,4.21,4.27,123779.09
2012-12-10,4.29,4.31,4.24,4.27,81761.47
2012-12-11,4.25,4.27,4.17,4.21,107699.4
2012-12-12,4.21,4.25,4.19,4.22,86343.75
2012-12-13,4.21,4.27,4.18,4.26,90930.82
2012-12-14,4.27,4.42,4.23,4.39,174110.66
2012-12-17,4.39,4.5,4.36,4.44,124039.47
2012-12-18,4.39,4.48,4.36,4.46,130166.63
2012-12-19,4.45,4.48,4.41,4.42,72757.89
2012-12-20,4.43,4.63,4.39,4.62,177833.81
2012-12-21,4.62,4.84,4.62,4.75,288064.7
2012-12-24,4.73,4.84,4.72,4.77,134434.85
2012-12-25,4.76,4.92,4.7,4.87,168529.95
2012-12-26,4.87,4.87,4.76,4.83,117240.85
2012-12-27,4.84,4.85,4.74,4.74,72197.67
2012-12-28,4.79,4.79,4.71,4.76,128665.1
2012-12-31,4.78,4.92,4.78,4.91,154629.44
2013-01-04,4.91,4.98,4.87,4.91,119381.93
2013-01-07,4.91,5.05,4.89,4.91,180957.34
2013-01-08,4.92,4.92,4.76,4.83,166806.14
2013-01-09,4.81,4.85,4.77,4.79,101784.58
2013-01-10,4.8,4.89,4.79,4.87,116583.17
2013-01-11,4.87,4.95,4.83,4.87,109293.12
2013-01-14,4.83,5.15,4.83,5.14,174603.55
2013-01-15,5.14,5.19,5.08,5.13,101536.81
2013-01-16,5.11,5.16,4.99,5.07,127721.66
2013-01-17,5.07,5.1,4.94,5.02,93571.15
2013-01-18,5.05,5.25,5.05,5.18,137751.2
2013-01-21,5.18,5.27,5.12,5.18,118845.96
2013-01-22,5.19,5.19,5.0,5.07,165050.87
2013-01-23,5.03,5.07,4.94,5.06,91673.73
2013-01-24,5.03,5.14,4.9,4.92,181477.35
2013-01-25,4.93,5.05,4.92,4.95,138294.58
2013-01-28,4.96,5.17,4.95,5.15,171579.32
2013-01-29,5.15,5.25,5.13,5.18,130403.44
2013-01-30,5.17,5.22,5.14,5.18,88701.71
2013-01-31,5.2,5.21,5.04,5.11,134914.51
2013-02-01,5.07,5.2,5.03,5.18,161474.94
2013-02-04,5.16,5.18,4.92,5.05,247066.14
2013-02-05,4.98,5.07,4.96,5.01,134640.39
2013-02-06,5.02,5.05,4.86,5.0,257927.41
2013-02-07,4.96,5.01,4.89,5.0,121043.37
2013-02-08,4.99,5.13,4.95,5.12,183518.97
2013-02-18,5.13,5.15,5.04,5.1,98527.56
2013-02-19,5.11,5.12,4.9,4.98,145733.14
2013-02-20,4.91,5.02,4.91,5.0,92049.07
2013-02-21,4.93,4.96,4.75,4.85,218387.54
2013-02-22,4.81,4.85,4.72,4.77,119567.14
2013-02-25,4.77,4.83,4.73,4.79,92934.62
2013-02-26,4.75,4.8,4.69,4.72,115829.56
2013-02-27,4.71,4.78,4.67,4.72,90492.71
2013-02-28,4.73,4.83,4.71,4.83,194335.05
2013-03-01,4.83,4.94,4.76,4.85,242013.59
2013-03-04,4.77,4.8,4.5,4.57,262510.06
2013-03-05,4.57,4.72,4.56,4.72,150192.96
2013-03-06,4.7,4.78,4.62,4.71,202452.05
2013-03-07,4.68,4.7,4.55,4.61,185440.82
2013-03-08,4.61,4.7,4.57,4.62,118240.5
2013-03-11,4.6,4.63,4.54,4.62,92242.92
2013-03-12,4.59,4.66,4.46,4.47,92664.74
2013-03-13,4.46,4.5,4.36,4.39,90379.48
2013-03-14,4.4,4.51,4.39,4.49,92315.91
2013-03-15,4.49,4.72,4.44,4.58,158378.43
2013-03-18,4.58,4.63,4.46,4.5,99571.89
2013-03-19,4.55,4.61,4.48,4.58,98793.44
2013-03-20,4.57,4.73,4.57,4.68,283899.27
2013-03-21,4.69,4.69,4.61,4.68,200241.66
2013-03-22,4.68,4.8,4.66,4.77,170730.75
2013-03-25,4.79,4.86,4.75,4.77,130923.48
2013-03-26,4.76,4.86,4.73,4.81,156820.06
2013-03-27,4.8,4.88,4.79,4.82,83318.7
2013-03-28,4.77,4.83,4.65,4.7,99011.7
2013-03-29,4.72,4.75,4.65,4.66,60776.57
2013-04-01,4.62,4.76,4.61,4.73,82517.46
2013-04-02,4.73,4.82,4.69,4.78,85574.41
2013-04-03,4.76,4.81,4.69,4.74,58164.62
2013-04-08,4.68,4.76,4.59,4.75,151037.15
2013-04-09,4.7,4.8,4.7,4.78,99629.03
2013-04-10,4.78,4.81,4.68,4.77,119680.76
2013-04-11,4.78,4.8,4.68,4.7,95301.94
2013-04-12,4.7,4.71,4.59,4.65,161037.06
2013-04-15,4.64,4.66,4.6,4.64,63258.24
2013-04-16,4.63,4.71,4.62,4.7,69113.12
2013-04-17,4.72,4.85,4.72,4.85,159812.95
2013-04-18,4.85,4.9,4.81,4.84,83154.44
2013-04-19,4.85,5.0,4.84,4.93,168155.91
2013-04-22,4.9,4.95,4.86,4.9,87110.68
2013-04-23,4.9,4.91,4.69,4.72,121744.95
2013-04-24,4.74,4.88,4.7,4.81,185372.53
2013-04-25,4.8,4.85,4.72,4.74,98591.14
2013-04-26,4.75,4.77,4.65,4.69,66144.24
2013-05-02,4.67,4.69,4.58,4.63,94691.52
2013-05-03,4.66,4.84,4.61,4.83,183002.18
2013-05-06,4.82,4.93,4.82,4.89,209815.71
2013-05-07,4.84,4.94,4.84,4.86,89775.5
2013-05-08,4.91,4.93,4.84,4.86,105861.8
2013-05-09,4.86,4.86,4.69,4.75,108423.61
2013-05-10,4.7,4.83,4.7,4.82,117850.18
2013-05-13,4.83,4.83,4.75,4.79,108841.14
2013-05-14,4.75,4.76,4.65,4.68,107822.13
2013-05-15,4.69,4.74,4.63,4.69,65698.1
2013-05-16,4.66,4.76,4.65,4.74,99538.19
2013-05-17,4.73,4.76,4.6,4.74,213307.49
2013-05-20,4.72,4.86,4.7,4.83,341425.25
2013-05-21,4.82,4.83,4.77,4.81,161694.12
2013-05-22,4.8,4.8,4.71,4.76,150168.21
2013-05-23,4.73,4.76,4.69,4.73,94556.39
2013-05-24,4.74,4.75,4.66,4.71,96910.79
2013-05-27,4.71,4.72,4.61,4.64,158562.67
2013-05-28,4.65,4.73,4.55,4.72,192448.93
2013-05-29,4.72,4.77,4.69,4.73,130676.3
2013-05-30,4.7,4.72,4.62,4.68,178199.89
2013-05-31,4.67,4.72,4.64,4.64,96104.05
2013-06-03,4.66,4.7,4.63,4.66,66078.96
2013-06-04,4.65,4.67,4.54,4.57,170502.81
2013-06-05,4.58,4.59,4.5,4.53,91500.59
2013-06-06,4.53,4.55,4.45,4.51,99083.33
2013-06-07,4.55,4.55,4.4,4.53,96757.14
2013-06-13,4.45,4.49,4.35,4.45,112733.57
2013-06-14,4.45,4.48,4.41,4.45,63957.87
2013-06-17,4.46,4.48,4.26,4.28,207307.87
2013-06-18,4.31,4.4,4.28,4.39,90499.07
2013-06-19,4.36,4.4,4.3,4.39,78180.88
2013-06-20,4.37,4.4,4.29,4.36,87568.91
2013-06-21,4.3,4.32,4.17,4.3,174242.1
2013-06-24,4.28,4.29,4.09,4.13,107633.67
2013-06-25,4.11,4.19,3.78,4.14,229303.6
2013-06-26,4.15,4.22,4.04,4.14,141658.84
2013-06-27,4.14,4.17,4.02,4.06,135037.76
2013-06-28,4.02,4.16,4.0,4.12,145566.71
2013-07-01,4.11,4.13,4.03,4.1,60924.68
2013-07-02,4.11,4.18,4.08,4.17,80930.39
2013-07-03,4.15,4.27,4.15,4.22,100063.96
2013-07-04,4.19,4.42,4.19,4.34,96123.83
2013-07-05,4.32,4.42,4.32,4.34,75681.09
2013-07-08,4.34,4.34,4.19,4.23,60940.08
2013-07-09,4.23,4.23,4.07,4.16,85717.52
2013-07-10,4.17,4.28,4.13,4.26,51771.08
2013-07-11,4.27,4.41,4.24,4.36,120328.41
2013-07-12,4.36,4.38,4.28,4.36,112336.44
2013-07-15,4.34,4.51,4.34,4.44,82233.27
2013-07-16,4.42,4.57,4.4,4.49,94888.78
2013-07-17,4.49,4.58,4.44,4.47,99922.05
2013-07-18,4.45,4.51,4.34,4.38,90519.59
2013-07-19,4.4,4.41,4.24,4.29,78321.19
2013-07-22,4.25,4.39,4.19,4.38,71571.23
2013-07-23,4.42,4.5,4.34,4.42,107636.85
2013-07-24,4.42,4.42,4.27,4.37,143781.31
2013-07-25,4.35,4.4,4.22,4.25,119725.45
2013-07-26,4.21,4.32,4.19,4.29,86052.74
2013-07-29,4.25,4.25,4.17,4.22,66859.83
2013-07-30,4.19,4.31,4.16,4.18,70493.9
2013-07-31,4.24,4.35,4.24,4.28,118932.48
2013-08-01,4.32,4.4,4.26,4.36,88217.17
2013-08-02,4.38,4.4,4.34,4.37,61915.45
2013-08-05,4.37,4.44,4.34,4.38,119479.64
2013-08-06,4.38,4.42,4.36,4.39,177748.6
2013-08-07,4.4,4.54,4.4,4.42,213232.71
2013-08-08,4.42,4.48,4.39,4.4,71609.54
2013-08-09,4.45,4.5,4.41,4.45,94449.81
2013-08-12,4.53,4.59,4.5,4.57,138823.33
2013-08-13,4.58,4.62,4.51,4.55,65604.28
2013-08-14,4.56,4.6,4.51,4.53,63601.5
2013-08-15,4.56,4.56,4.47,4.51,50033.5
2013-08-16,4.52,4.97,4.42,4.5,154341.2
2013-08-19,4.5,4.62,4.44,4.6,97090.98
2013-08-20,4.59,4.62,4.45,4.49,111714.55
2013-08-21,4.53,4.57,4.46,4.56,81865.56
2013-08-22,4.55,4.6,4.52,4.53,37739.91
2013-08-23,4.56,4.56,4.38,4.51,69601.13
2013-08-26,4.49,4.57,4.47,4.55,76673.84
2013-08-27,4.54,4.59,4.5,4.59,53529.65
2013-08-28,4.57,4.67,4.51,4.64,169837.35
2013-08-29,4.67,4.85,4.67,4.84,343474.48
2013-08-30,4.84,4.97,4.77,4.85,206407.18
2013-09-02,4.82,4.93,4.76,4.79,129963.91
2013-09-03,4.81,4.9,4.74,4.89,133372.82
2013-09-04,4.86,4.88,4.78,4.87,96113.81
2013-09-05,4.87,4.88,4.76,4.86,116133.73
2013-09-06,4.79,4.87,4.75,4.79,88722.24
2013-09-09,4.79,4.79,4.68,4.74,207620.74
2013-09-10,4.76,4.76,4.68,4.76,126838.0
2013-09-11,4.77,4.89,4.74,4.88,170938.36
2013-09-12,4.86,5.03,4.84,5.03,204328.33
2013-10-08,5.53,5.53,5.11,5.21,477213.56
2013-10-09,5.15,5.49,5.14,5.4,424572.96
2013-10-10,5.36,5.94,5.36,5.94,565132.34
2013-10-11,6.11,6.19,5.85,5.97,427382.84
2013-10-14,6.04,6.16,5.87,6.02,472773.09
2013-10-15,5.96,6.14,5.93,6.05,210584.22
2013-10-16,5.97,5.99,5.69,5.81,219901.12
2013-10-17,5.81,5.92,5.64,5.7,258110.93
2013-10-18,5.69,5.87,5.6,5.74,176458.09
2013-10-21,5.74,6.31,5.71,6.31,314970.66
2013-10-22,6.41,6.48,6.14,6.25,251990.98
2013-10-23,6.25,6.43,6.02,6.12,191394.49
2013-10-24,6.07,6.48,6.0,6.18,225023.5
2013-10-25,6.18,6.36,5.62,5.81,260601.76
2013-10-28,5.74,6.13,5.73,6.12,228693.77
2013-10-29,6.15,6.15,5.75,5.97,178120.35
2013-10-30,6.0,6.19,5.83,6.05,225043.29
2013-10-31,6.05,6.3,5.85,5.86,206940.26
2013-11-01,5.89,6.01,5.84,5.96,112278.82
2013-11-04,6.04,6.25,6.04,6.21,178929.81
2013-11-05,6.12,6.21,6.04,6.11,155461.36
2013-11-06,6.08,6.25,6.01,6.05,194846.32
2013-11-07,6.05,6.05,5.6,5.68,233551.99
2013-11-08,5.59,5.78,5.54,5.59,115748.7
2013-11-11,5.61,5.78,5.47,5.68,84452.99
2013-11-12,5.7,5.95,5.7,5.83,164637.22
2013-11-13,5.73,5.78,5.65,5.7,130537.32
2013-11-14,5.73,5.85,5.66,5.77,89714.73
2013-11-15,5.82,6.15,5.82,5.94,188110.0
2013-11-18,6.01,6.36,5.95,6.24,295824.21
2013-11-19,6.25,6.39,6.14,6.25,177778.45
2013-11-20,6.34,6.44,6.28,6.35,105760.67
2013-11-21,6.32,6.61,6.24,6.52,210747.57
2013-11-22,6.56,6.65,6.32,6.38,144557.91
2013-11-25,6.28,6.36,6.21,6.24,92754.84
2013-11-26,6.2,6.47,6.2,6.43,114045.65
2013-11-27,6.42,6.51,6.31,6.37,73576.16
2013-11-28,6.37,6.67,6.34,6.51,165605.98
2013-11-29,6.53,6.71,6.41,6.5,139762.94
2013-12-02,6.41,6.59,6.25,6.27,146356.96
2013-12-03,6.27,6.5,6.21,6.44,156400.62
2013-12-04,6.44,6.79,6.4,6.79,254706.61
2013-12-05,6.76,6.98,6.68,6.83,198953.25
2013-12-10,7.52,7.52,7.52,7.52,199090.17
2013-12-11,7.74,7.99,7.55,7.65,648204.24
2013-12-12,7.62,7.85,7.44,7.53,245330.01
2013-12-13,7.34,7.62,7.24,7.5,284445.49
2013-12-16,7.42,7.9,7.42,7.68,292843.99
2013-12-17,7.62,7.72,7.08,7.15,242032.93
2013-12-18,7.15,7.26,6.97,7.0,193058.26
2013-12-19,7.0,7.13,6.88,7.03,203454.89
2013-12-20,7.03,7.04,6.78,6.86,201881.27
2013-12-23,6.87,7.23,6.84,7.18,142027.6
2013-12-24,7.17,7.28,7.06,7.23,143641.11
2013-12-25,7.27,7.32,7.15,7.23,70827.12
2013-12-26,7.18,7.23,6.95,7.06,154807.15
2013-12-27,7.05,7.42,6.99,7.35,174380.54
2013-12-30,7.38,7.43,7.16,7.32,89408.65
2013-12-31,7.22,7.44,7.18,7.36,111356.12
2014-01-02,7.32,7.41,7.22,7.27,67403.74
2014-01-03,7.27,7.36,6.95,7.05,143413.6
2014-01-06,7.02,7.04,6.79,7.01,137570.16
2014-01-07,6.9,7.05,6.88,6.97,113847.12
2014-01-08,6.91,7.05,6.85,7.01,92655.36
2014-01-09,7.02,7.04,6.68,6.77,142199.93
2014-01-10,6.78,6.93,6.72,6.87,179908.49
2014-01-13,6.85,6.88,6.71,6.79,105108.33
2014-01-14,6.83,7.37,6.79,7.21,183424.13
2014-01-15,7.25,7.85,7.24,7.51,235353.13
2014-01-16,7.48,7.72,7.4,7.55,135417.05
2014-01-17,7.51,7.73,7.36,7.53,134689.95
2014-01-20,7.43,7.64,7.4,7.45,115495.21
2014-01-21,7.41,7.66,7.31,7.56,99289.58
2014-01-22,7.56,7.93,7.48,7.84,187583.46
2014-01-23,7.83,8.15,7.77,8.0,162448.18
2014-01-24,7.89,8.37,7.85,8.23,165286.03
2014-01-27,8.15,8.44,8.0,8.09,136777.03
2014-01-28,8.1,8.19,7.78,7.99,134295.78
2014-01-29,7.98,8.21,7.86,8.14,80947.19
2014-01-30,8.08,8.15,7.94,7.99,57698.06
2014-02-07,7.88,8.14,7.75,8.12,72970.16
2014-02-10,8.13,8.59,8.09,8.44,150572.74
2014-02-11,8.43,8.43,8.04,8.07,159237.67
2014-02-12,8.04,8.2,7.88,8.05,128518.61
2014-02-13,8.05,8.1,7.84,7.85,96348.53
2014-02-14,7.86,8.0,7.78,7.9,75985.97
2014-02-17,7.9,8.04,7.78,7.92,136756.52
2014-02-18,7.89,8.13,7.72,8.13,185491.16
2014-02-19,8.13,8.29,8.02,8.23,172330.06
2014-02-20,8.24,8.33,7.99,8.15,87298.52
2014-02-21,8.11,8.11,7.78,7.81,87796.51
2014-02-24,7.73,7.73,7.03,7.03,392151.31
2014-02-25,6.95,7.13,6.42,6.76,310037.13
2014-02-26,6.68,6.75,6.49,6.7,177576.65
2014-02-27,6.75,6.92,6.42,6.76,232111.62
2014-02-28,6.68,6.91,6.5,6.89,189044.66
2014-03-03,6.79,7.08,6.76,7.01,142586.63
2014-03-04,6.91,6.96,6.68,6.81,110639.0
2014-03-05,6.85,6.85,6.49,6.61,184617.74
2014-03-06,6.56,6.61,6.23,6.47,180709.2
2014-03-07,6.45,6.62,6.39,6.61,174087.63
2014-03-10,6.53,6.53,6.23,6.38,117023.64
2014-03-11,6.33,6.41,6.19,6.28,128068.56
2014-03-12,6.23,6.28,6.07,6.27,155876.47
2014-03-13,6.27,6.47,6.18,6.43,115107.03
2014-03-14,6.36,6.53,6.33,6.5,101814.26
2014-03-17,6.5,6.67,6.33,6.42,151491.6
2014-03-18,6.42,6.56,6.41,6.48,129390.91
2014-03-19,6.49,6.49,6.26,6.28,133128.47
2014-03-20,6.28,6.33,5.74,5.78,321777.9
2014-03-21,5.77,6.14,5.66,6.12,189826.83
2014-03-24,6.04,6.07,5.87,5.99,117252.22
2014-03-25,5.99,6.19,5.93,6.05,109842.13
2014-03-26,6.12,6.17,6.03,6.05,95466.3
2014-03-27,6.04,6.06,5.91,5.93,77239.9
2014-03-28,5.91,6.17,5.9,6.13,116583.05
2014-03-31,6.16,6.31,5.93,6.13,185556.49
2014-04-01,6.1,6.17,6.02,6.13,95655.85
2014-04-02,6.09,6.25,6.09,6.18,124289.49
2014-04-03,6.23,6.23,5.98,6.04,126529.91
2014-04-04,5.99,6.08,5.94,6.07,70913.77
2014-04-08,6.01,6.41,6.01,6.39,199501.32
2014-04-09,6.38,6.55,6.38,6.44,143546.51
2014-04-10,6.48,6.54,6.34,6.45,131454.78
2014-04-14,6.55,6.67,6.44,6.53,157666.13
2014-04-15,6.51,6.51,6.24,6.33,140667.41
2014-04-16,6.3,6.37,6.16,6.21,143590.41
2014-04-17,6.22,6.31,6.18,6.3,93977.98
2014-04-18,6.27,6.27,6.09,6.11,145393.98
2014-04-21,6.07,6.2,6.0,6.05,87505.0
2014-04-22,6.05,6.06,5.84,5.97,143623.19
2014-04-23,5.92,5.97,5.79,5.9,126270.37
2014-04-24,5.87,5.98,5.85,5.93,70395.36
2014-04-25,5.96,5.96,5.73,5.77,91073.45
2014-04-28,5.77,5.79,5.64,5.67,74667.61
2014-04-29,5.67,5.83,5.67,5.8,71478.24
2014-04-30,5.78,5.85,5.62,5.79,148963.19
2014-05-05,5.78,5.78,5.64,5.74,76816.22
2014-05-06,5.73,5.76,5.68,5.71,95485.63
2014-05-07,5.69,5.69,5.51,5.52,136444.3
2014-05-08,5.53,5.61,5.44,5.46,115949.78
2014-05-09,5.4,5.46,5.34,5.39,84286.46
2014-05-12,5.48,5.52,5.34,5.48,186503.71
2014-05-13,5.48,5.61,5.43,5.58,115543.34
2014-05-14,5.58,5.58,5.43,5.45,136030.22
2014-05-15,5.42,5.45,5.29,5.3,140031.76
2014-05-16,5.29,5.47,5.29,5.4,110160.82
2014-05-19,5.4,5.4,5.25,5.32,84690.29
2014-05-20,5.33,5.36,5.19,5.21,130298.96
2014-05-21,5.18,5.34,5.14,5.31,110233.45
2014-05-22,5.34,5.42,5.3,5.34,114545.61
2014-05-23,5.34,5.58,5.32,5.52,182726.68
2014-05-26,5.54,5.6,5.47,5.51,137330.12
2014-05-27,5.49,5.6,5.49,5.53,91636.93
2014-05-28,5.53,5.68,5.5,5.67,138339.74
2014-05-29,5.68,5.75,5.65,5.68,130725.54
2014-05-30,5.68,5.73,5.49,5.68,306049.5
2014-06-03,5.89,5.95,5.69,5.69,284920.39
2014-06-04,5.7,5.7,5.45,5.53,127731.88
2014-06-05,5.51,5.7,5.48,5.67,93091.81
2014-06-06,5.7,5.72,5.56,5.66,83094.44
2014-06-09,5.61,5.74,5.59,5.7,92032.4
2014-06-10,5.72,5.85,5.7,5.82,117965.06
2014-06-11,5.83,5.84,5.74,5.81,78208.31
2014-06-12,5.81,5.81,5.69,5.71,73487.25
2014-06-13,5.72,5.98,5.72,5.85,272838.91
2014-06-16,5.85,6.03,5.85,5.93,202006.71
2014-06-17,5.93,5.93,5.79,5.83,134702.31
2014-06-18,5.87,5.87,5.72,5.73,87989.47
2014-06-19,5.72,5.78,5.51,5.66,100682.26
2014-06-20,5.61,5.68,5.41,5.65,217624.26
2014-06-23,5.6,5.64,5.51,5.52,134897.17
2014-06-24,5.52,5.52,5.37,5.4,195238.59
2014-06-25,5.38,5.45,5.33,5.44,103616.59
2014-06-26,5.51,5.61,5.49,5.59,138827.38
2014-06-27,5.57,5.62,5.51,5.59,84747.87
2014-06-30,5.58,5.76,5.52,5.74,186673.9
2014-07-01,5.72,5.76,5.61,5.62,125711.58
2014-07-02,5.62,5.62,5.49,5.6,154565.53
2014-07-03,5.56,5.59,5.52,5.56,87569.37
2014-07-04,5.57,5.63,5.54,5.6,86192.84
2014-07-07,5.59,5.64,5.46,5.49,129246.1
2014-07-08,5.48,5.51,5.43,5.48,103676.24
2014-07-09,5.48,5.48,5.32,5.35,163621.53
2014-07-10,5.32,5.41,5.3,5.35,84090.28
2014-07-11,5.36,5.52,5.35,5.44,128100.45
2014-07-14,5.45,5.6,5.4,5.59,195101.18
2014-07-15,5.58,5.66,5.51,5.56,154255.47
2014-07-16,5.53,5.58,5.49,5.52,80840.19
2014-07-17,5.52,5.61,5.49,5.56,105421.03
2014-07-18,5.52,5.74,5.52,5.68,166380.33
2014-07-21,5.68,5.98,5.68,5.91,388293.31
2014-07-22,5.93,6.05,5.87,5.88,280186.47
2014-07-23,5.89,6.12,5.85,6.04,290414.36
2014-07-24,6.09,6.24,6.09,6.19,325076.19
2014-07-25,6.22,6.35,6.22,6.26,214206.47
2014-07-28,6.27,6.35,6.17,6.22,283453.83
2014-07-29,6.24,6.5,6.23,6.33,287948.42
2014-07-30,6.34,6.39,6.22,6.26,187263.29
2014-07-31,6.24,6.32,6.18,6.31,114436.02
2014-08-01,6.28,6.5,6.27,6.35,167514.16
2014-08-04,6.38,6.52,6.36,6.51,130227.07
2014-08-05,6.52,6.54,6.41,6.47,79005.88
2014-08-06,6.42,6.42,6.15,6.24,302591.49
2014-08-07,6.25,6.26,6.02,6.06,324083.94
2014-08-08,6.07,6.09,5.95,6.01,237440.76
2014-08-11,6.03,6.12,6.01,6.1,228656.0
2014-08-12,6.1,6.12,6.01,6.05,254831.45
2014-08-13,6.03,6.1,5.96,6.1,307683.0
2014-08-14,6.07,6.13,5.99,6.03,168240.87
2014-08-15,6.0,6.21,6.0,6.14,257170.33
2014-08-18,6.18,6.32,6.18,6.31,259254.83
2014-08-19,6.29,6.29,6.21,6.28,170119.99
2014-08-20,6.3,6.39,6.24,6.3,183419.74
2014-08-21,6.31,6.35,6.14,6.21,141769.38
2014-08-22,6.19,6.24,6.17,6.22,115186.02
2014-08-25,6.23,6.24,6.07,6.07,137203.82
2014-08-26,6.07,6.08,5.89,5.91,168094.96
2014-08-27,5.92,5.96,5.89,5.93,93546.29
2014-08-28,5.93,5.95,5.88,5.94,94322.54
2014-08-29,5.97,6.22,5.97,6.2,214200.55
2014-09-01,6.19,6.25,6.19,6.24,159156.5
2014-09-02,6.26,6.31,6.18,6.3,212815.77
2014-09-03,6.3,6.43,6.27,6.36,282483.79
2014-09-04,6.38,6.66,6.35,6.61,394614.19
2014-09-05,6.61,6.72,6.56,6.63,286015.39
2014-09-09,6.62,6.68,6.54,6.59,146712.95
2014-09-10,6.56,6.57,6.36,6.43,240063.03
2014-09-11,6.43,6.66,6.43,6.61,261777.6
2014-09-12,6.57,6.58,6.43,6.57,141970.39
2014-09-15,6.5,6.69,6.4,6.67,248721.24
2014-09-16,6.61,6.68,6.39,6.41,212621.1
2014-09-17,6.36,6.49,6.35,6.4,136523.2
2014-09-18,6.41,6.42,6.31,6.34,124080.07
2014-09-19,6.38,6.47,6.38,6.43,135304.16
2014-09-22,6.45,6.49,6.31,6.31,108246.57
2014-09-23,6.31,6.59,6.31,6.51,215939.97
2014-09-24,6.46,6.58,6.42,6.53,197035.16
2014-09-25,6.57,6.65,6.5,6.54,171556.46
2014-09-26,6.5,6.54,6.41,6.53,150573.79
2014-09-29,6.54,6.54,6.33,6.35,404863.95
2014-09-30,6.35,6.35,6.1,6.15,493047.74
2014-10-08,6.17,6.24,6.1,6.24,232612.3
2014-10-09,6.24,6.29,6.21,6.28,253680.06
2014-10-10,6.26,6.28,6.16,6.19,185137.31
2014-10-13,6.17,6.17,5.98,6.07,206095.99
2014-10-14,6.07,6.15,6.05,6.12,144379.25
2014-10-15,6.14,6.15,6.05,6.14,113075.75
2014-10-16,6.09,6.11,6.02,6.03,203577.33
2014-10-17,6.03,6.08,5.96,6.07,151470.11
2014-10-20,6.08,6.16,6.05,6.15,146231.71
2014-10-21,6.15,6.16,6.05,6.05,92774.58
2014-10-22,6.04,6.13,6.01,6.03,86867.71
2014-10-23,6.04,6.08,5.98,5.99,95563.23
2014-10-24,6.0,6.07,5.96,6.04,93451.35
2014-10-27,6.02,6.09,5.94,6.05,122137.64
2014-10-28,6.04,6.13,6.04,6.11,186260.62
2014-10-29,6.13,6.15,6.06,6.11,201500.45
2014-10-31,6.22,6.46,6.22,6.43,704897.74
2014-11-03,6.47,6.52,6.39,6.48,352548.15
2014-11-04,6.48,6.52,6.37,6.46,259620.4
2014-11-05,6.45,6.46,6.3,6.31,187953.79
2014-11-06,6.29,6.36,6.28,6.33,132252.64
2014-11-07,6.33,6.37,6.25,6.34,223507.36
2014-11-10,6.37,6.65,6.37,6.63,440905.06
2014-11-11,6.63,6.68,6.46,6.52,262230.39
2014-11-12,6.55,6.8,6.53,6.73,397471.89
2014-11-13,6.73,6.88,6.71,6.73,293078.61
2014-11-14,6.69,6.93,6.67,6.89,340000.94
2014-11-17,7.39,7.4,6.79,6.81,464826.18
2014-11-18,6.81,6.85,6.55,6.58,249493.94
2014-11-19,6.57,6.59,6.44,6.57,149544.02
2014-11-20,6.53,6.64,6.5,6.61,150514.46
2014-11-21,6.61,6.69,6.56,6.63,176676.69
2014-11-24,6.79,6.87,6.65,6.74,533693.94
2014-11-25,6.74,6.91,6.7,6.88,297446.08
2014-11-26,6.91,6.93,6.78,6.86,251419.92
2014-11-27,6.89,6.9,6.69,6.74,257397.35
2014-11-28,6.73,6.73,6.52,6.66,367081.17
2014-12-01,6.62,7.03,6.61,6.82,738948.22
2014-12-02,6.79,7.01,6.74,6.98,605457.45
2014-12-03,7.0,7.39,7.0,7.07,824518.49
2014-12-04,7.09,7.26,7.06,7.17,800785.64
2014-12-05,7.23,7.35,6.92,7.03,717959.29
2014-12-08,7.09,7.27,6.96,7.25,820356.76
2014-12-09,7.24,7.76,7.04,7.12,1249805.05
2014-12-10,7.2,7.6,7.13,7.55,732719.47
2014-12-11,7.5,7.7,7.35,7.43,511612.31
2014-12-12,7.43,7.54,7.24,7.33,459183.53
2014-12-15,7.46,7.54,7.24,7.37,476506.85
2014-12-16,7.37,7.39,7.14,7.27,510733.03
2014-12-17,7.22,7.24,7.08,7.18,438033.23
2014-12-18,7.24,7.45,7.18,7.33,478072.34
2014-12-19,7.32,7.37,7.12,7.27,383219.0
2014-12-22,7.33,7.53,7.16,7.49,597462.33
2014-12-23,7.59,7.72,7.36,7.42,504410.3
2014-12-24,7.42,7.42,7.09,7.16,369380.67
2014-12-25,7.17,7.27,7.07,7.2,385177.78
2014-12-26,7.2,7.29,7.07,7.26,436070.14
2014-12-29,7.23,7.31,7.08,7.13,453634.07
2014-12-30,7.09,7.2,6.97,7.0,405743.51
2014-12-31,7.06,7.25,7.03,7.22,354161.4
2015-01-05,7.34,7.88,7.28,7.78,910665.7
2015-01-06,7.7,8.29,7.63,7.92,704043.84
2015-01-07,7.91,7.91,7.7,7.78,375932.1
2015-01-08,7.78,7.88,7.59,7.72,316442.42
2015-01-09,7.73,7.93,7.59,7.63,392841.73
2015-01-12,7.7,8.05,7.64,7.94,509777.46
2015-01-13,7.98,8.28,7.93,8.16,458457.08
2015-01-14,8.24,8.26,7.98,8.15,375877.44
2015-01-15,8.09,8.2,7.9,8.16,232692.12
2015-01-16,8.08,8.34,8.01,8.26,297048.28
2015-01-19,7.92,8.11,7.44,7.54,550129.41
2015-01-20,7.61,7.92,7.59,7.9,343491.84
2015-01-21,7.96,8.05,7.83,8.02,310839.48
2015-01-22,7.98,8.11,7.82,7.94,253437.59
2015-01-23,7.93,8.01,7.79,7.85,241323.31
2015-01-26,7.87,7.98,7.8,7.98,214316.64
2015-01-27,7.98,8.05,7.77,8.0,247141.03
2015-01-28,7.94,7.96,7.8,7.83,174789.75
2015-01-29,7.75,7.8,7.66,7.7,165991.15
2015-01-30,7.74,7.92,7.72,7.76,261200.72
2015-02-02,7.62,7.82,7.57,7.66,172846.27
2015-02-03,7.78,7.84,7.66,7.79,162119.28
2015-02-04,7.84,8.01,7.78,7.91,259011.37
2015-02-05,8.04,8.05,7.69,7.7,233379.06
2015-02-06,7.68,7.77,7.43,7.45,180357.19
2015-02-09,7.52,7.54,7.25,7.41,236404.48
2015-02-10,7.48,7.74,7.41,7.71,160880.09
2015-02-11,7.71,8.01,7.68,7.83,202804.5
2015-02-12,7.9,7.94,7.77,7.84,199183.73
2015-02-13,7.91,7.95,7.8,7.84,183909.3
2015-02-16,7.85,7.93,7.78,7.92,292926.3
2015-02-17,7.95,8.17,7.92,8.0,268061.48
2015-02-25,8.0,8.05,7.87,7.97,245641.14
2015-02-26,7.97,7.97,7.81,7.95,215400.0
2015-02-27,7.94,7.98,7.85,7.95,170800.7
2015-03-02,7.96,8.08,7.91,7.99,287729.23
2015-03-03,7.96,8.05,7.8,7.82,287091.35
2015-03-04,7.87,7.98,7.81,7.9,260958.16
2015-03-05,7.85,7.85,7.64,7.71,257996.62
2015-03-06,7.76,7.78,7.48,7.53,307989.66
2015-03-09,7.47,7.72,7.42,7.66,351281.98
2015-03-10,7.65,7.95,7.59,7.79,308234.26
2015-03-11,7.9,8.57,7.9,8.57,587526.53
2015-03-12,8.83,8.91,8.49,8.69,891092.18
2015-03-13,8.68,9.29,8.68,8.87,540384.84
2015-03-16,8.97,9.14,8.83,9.03,391680.18
2015-03-17,8.99,9.22,8.91,9.07,476484.3
2015-03-18,9.08,9.37,8.94,9.3,513327.9
2015-03-19,9.3,9.3,8.9,9.02,534529.5
2015-03-20,9.01,9.03,8.85,8.94,400152.59
2015-03-23,8.94,9.19,8.94,9.06,406072.26
2015-03-24,9.14,9.34,8.83,9.33,589336.27
2015-03-25,9.26,9.67,9.13,9.54,680386.74
2015-03-26,9.49,9.5,9.13,9.18,433526.11
2015-03-27,9.18,9.27,9.07,9.24,246034.65
2015-03-30,9.38,9.63,9.29,9.52,377667.04
2015-03-31,10.42,10.43,9.92,10.05,821542.56
2015-04-01,9.99,10.23,9.99,10.12,464193.2
2015-04-02,10.17,10.89,10.06,10.81,655366.52
2015-04-03,10.7,10.99,10.51,10.77,737448.71
2015-04-07,10.72,10.84,10.55,10.65,841824.84
2015-04-08,10.7,10.72,10.3,10.4,824055.12
2015-04-09,10.42,10.44,9.96,10.13,619986.89
2015-04-10,10.31,10.64,10.23,10.62,686085.98
2015-04-13,10.65,10.68,10.41,10.49,708402.9
2015-04-14,10.49,10.49,10.24,10.29,506136.87
2015-04-15,10.31,10.47,10.08,10.09,469484.64
2015-04-16,10.08,10.54,9.99,10.43,544890.78
2015-04-17,10.54,10.78,10.45,10.68,848778.14
2015-04-20,10.64,10.73,10.28,10.31,633893.62
2015-04-21,10.43,11.21,10.27,11.19,964584.16
2015-04-22,11.2,11.34,11.01,11.27,809400.33
2015-04-23,11.28,11.32,10.9,11.02,610940.27
2015-04-24,10.78,11.11,10.68,10.77,567118.09
2015-04-27,10.86,11.07,10.72,10.88,482054.87
2015-04-28,10.91,11.27,10.61,10.73,783308.5
2015-04-29,10.74,10.97,10.62,10.81,449476.73
2015-04-30,10.85,10.89,10.53,10.55,639288.0
2015-05-04,10.6,10.6,10.31,10.46,485996.45
2015-05-05,10.35,10.44,9.99,9.99,475075.45
2015-05-06,10.08,10.24,9.85,9.96,386067.22
2015-05-07,10.02,10.13,9.95,10.01,295956.68
2015-05-08,10.15,10.34,10.08,10.33,389187.9
2015-05-11,10.43,10.5,10.19,10.5,580635.33
2015-05-12,10.5,10.5,10.32,10.4,479864.48
2015-05-13,10.4,10.69,10.31,10.53,589146.63
2015-05-14,10.52,10.54,10.38,10.43,323022.28
2015-05-15,10.4,10.4,10.04,10.08,370280.88
2015-05-18,10.04,10.21,9.93,10.05,302363.82
2015-05-19,10.16,10.49,10.06,10.43,455717.79
2015-05-20,10.5,10.99,10.49,10.73,816075.14
2015-05-21,10.74,11.55,10.74,11.34,812946.94
2015-05-22,11.41,11.91,11.41,11.66,769566.64
2015-05-26,12.45,12.83,12.13,12.23,991843.42
2015-05-27,12.38,12.4,11.92,12.05,692060.69
2015-05-28,12.04,12.2,11.28,11.32,813506.75
2015-05-29,11.31,11.5,10.7,11.42,710562.56
2015-06-01,11.45,12.03,11.2,11.98,679747.05
2015-06-02,11.98,12.07,11.74,12.03,585020.79
2015-06-03,12.03,12.53,11.87,12.42,656783.91
2015-06-04,12.55,12.56,11.27,12.27,623498.09
2015-06-05,12.51,12.63,12.06,12.38,726262.02
2015-06-08,12.45,12.57,12.18,12.51,682595.48
2015-06-09,12.62,12.83,12.3,12.53,703854.27
2015-06-10,12.26,12.72,12.15,12.52,555307.87
2015-06-11,12.53,12.53,12.24,12.33,483957.46
2015-06-12,12.31,12.44,12.06,12.15,647049.96
2015-06-15,12.19,12.29,11.8,11.9,539457.85
2015-06-16,11.79,12.04,11.52,11.6,488146.24
2015-06-17,11.6,11.75,11.4,11.75,425927.76
2015-06-18,11.67,11.73,11.12,11.13,415301.1
2015-06-19,11.11,11.24,10.5,10.51,451894.52
2015-06-23,10.63,11.54,10.52,11.52,748967.17
2015-06-24,11.55,12.03,11.31,11.88,695783.44
2015-06-25,11.86,12.04,11.1,11.37,606161.38
2015-06-26,11.21,11.34,10.23,10.58,723668.48
2015-06-29,10.91,11.2,9.65,10.83,989855.65
2015-06-30,10.69,11.85,10.52,11.8,893304.14
2015-07-01,11.67,11.86,10.99,11.01,639135.26
2015-07-02,11.21,11.28,9.97,10.24,723330.5
2015-07-03,10.03,10.55,9.34,9.81,627492.65
2015-07-06,10.79,10.79,9.9,10.4,1036651.56
2015-07-07,10.27,10.37,9.54,9.88,898892.59
2015-07-08,8.95,9.88,8.89,9.54,1390159.29
2015-07-09,9.54,10.5,9.17,10.5,652727.78
2015-07-10,10.75,11.55,10.51,11.55,801102.33
2015-07-13,11.67,12.29,11.36,12.16,1060796.75
2015-07-14,11.89,12.06,11.25,11.38,815083.79
2015-07-15,11.27,11.28,10.47,11.26,595681.39
2015-07-16,10.85,11.53,10.57,11.03,388356.35
2015-07-17,11.03,11.45,10.72,11.25,1243982.11
2015-07-20,11.08,11.12,10.69,10.81,986845.56
2015-07-21,10.7,10.71,10.38,10.43,1059732.27
2015-07-22,10.37,10.69,10.24,10.41,830852.06
2015-07-23,10.41,10.59,10.38,10.52,860580.46
2015-07-24,10.53,10.57,10.14,10.22,967158.13
2015-07-27,10.04,10.13,9.2,9.2,944490.34
2015-07-28,8.98,9.22,8.29,8.92,1083365.36
2015-07-29,9.09,9.31,8.83,9.27,596816.55
2015-07-30,9.24,9.24,8.64,8.71,652564.21
2015-07-31,8.63,8.86,8.53,8.85,490171.42
2015-08-03,8.73,9.01,8.67,8.98,508810.43
2015-08-04,8.98,9.31,8.92,9.29,595946.22
2015-08-05,9.22,9.25,8.94,8.98,432473.83
2015-08-06,8.74,8.94,8.69,8.81,290130.59
2015-08-07,8.94,9.13,8.86,8.98,462973.49
2015-08-10,9.39,9.67,9.23,9.56,895590.7
2015-08-11,9.55,9.99,9.43,9.74,752198.28
2015-08-12,9.65,9.85,9.53,9.54,427280.81
2015-08-13,9.89,9.89,9.56,9.74,742273.84
2015-08-14,9.74,9.81,9.63,9.66,584237.66
2015-08-17,9.67,9.67,9.39,9.51,776110.28
2015-08-18,9.51,9.7,8.79,9.0,861947.89
2015-08-19,8.8,9.23,8.47,9.11,753163.6
2015-08-20,9.37,9.64,9.03,9.13,926115.13
2015-08-21,8.86,9.01,8.33,8.41,868882.42
2015-08-24,7.95,8.1,7.57,7.57,962438.28
2015-08-25,6.99,7.49,6.81,6.81,1198293.91
2015-08-26,6.93,7.3,6.62,6.97,1042517.48
2015-08-27,7.14,7.52,6.97,7.5,897360.62
2015-08-28,7.57,7.89,7.41,7.77,871366.39
2015-08-31,7.65,7.99,7.21,7.95,978993.79
2015-09-01,7.69,8.02,7.37,8.0,1067750.98
2015-09-02,7.64,8.29,7.58,8.19,1273170.92
2015-09-07,8.14,8.29,7.65,7.73,879904.46
2015-09-08,7.68,7.88,7.43,7.83,391044.69
2015-09-09,7.9,8.03,7.76,7.93,528445.43
2015-09-10,7.79,7.99,7.73,7.86,344696.35
2015-09-11,7.8,7.89,7.68,7.74,239994.88
2015-09-14,7.82,7.88,7.34,7.85,648755.81
2015-09-15,7.64,7.75,7.45,7.65,394312.06
2015-09-16,7.64,8.3,7.54,8.06,442269.85
2015-09-17,8.06,8.06,7.72,7.72,439638.05
2015-09-18,7.84,7.93,7.68,7.82,285503.5
2015-09-21,7.8,7.9,7.73,7.88,306700.62
2015-09-22,7.91,7.95,7.84,7.89,368693.55
2015-09-23,7.77,7.8,7.61,7.63,341443.82
2015-09-24,7.71,7.73,7.6,7.67,292244.85
2015-09-25,7.61,7.66,7.33,7.46,352102.26
2015-09-28,7.46,7.47,7.3,7.42,199391.29
2015-09-29,7.29,7.31,7.13,7.15,241104.64
2015-09-30,7.16,7.23,7.15,7.17,195162.53
2015-10-08,7.48,7.54,7.37,7.39,376788.64
2015-10-09,7.37,7.48,7.28,7.42,365250.34
2015-10-12,7.46,7.75,7.42,7.69,527740.83
2015-10-13,7.68,7.72,7.61,7.69,440334.78
2015-10-14,7.67,7.68,7.54,7.57,330458.53
2015-10-15,7.53,7.76,7.52,7.74,424120.9
2015-10-16,7.8,7.99,7.72,7.85,592893.73
2016-02-01,7.07,7.42,7.07,7.07,405674.7
2016-02-02,6.47,6.97,6.47,6.74,1046399.31
2016-02-03,6.55,6.69,6.45,6.55,580667.31
2016-02-04,6.58,6.81,6.57,6.65,435835.16
2016-02-05,6.71,6.72,6.53,6.55,269143.98
2016-02-15,6.33,6.48,6.27,6.42,246249.82
2016-02-16,6.46,6.68,6.43,6.66,335974.58
2016-02-17,6.65,6.78,6.59,6.7,318817.61
2016-02-18,6.77,6.79,6.64,6.65,340014.22
2016-02-19,6.63,6.66,6.55,6.59,318834.39
2016-02-22,6.67,6.75,6.63,6.74,414988.97
2016-02-23,6.73,6.75,6.58,6.65,245909.1
2016-02-24,6.63,6.68,6.47,6.61,351063.27
2016-02-25,6.6,6.6,6.03,6.16,551812.99
2016-02-26,6.25,6.29,5.98,6.17,282295.46
2016-02-29,6.17,6.17,5.73,5.92,406899.19
2016-03-01,5.92,6.51,5.86,6.51,590286.32
2016-03-02,6.51,6.83,6.47,6.8,795748.13
2016-03-03,6.73,6.83,6.67,6.78,501532.48
2016-03-04,6.77,6.97,6.64,6.89,620430.06
2016-03-07,6.89,7.0,6.72,6.8,409773.51
2016-03-08,6.79,6.8,6.47,6.78,315962.64
2016-03-09,6.65,6.8,6.54,6.79,228119.34
2016-03-10,6.66,6.78,6.56,6.59,172220.15
2016-03-11,6.53,6.6,6.49,6.55,122006.81
2016-03-14,6.62,6.82,6.59,6.7,224178.6
2016-03-15,6.73,6.75,6.63,6.73,157668.84
2016-03-16,6.73,6.93,6.73,6.84,389923.08
2016-03-17,6.84,6.9,6.78,6.86,255311.58
2016-03-18,6.88,7.03,6.88,6.94,406771.94
2016-03-21,7.0,7.1,6.95,7.06,390274.82
2016-03-22,7.02,7.03,6.97,6.97,208350.98
2016-03-23,6.96,7.04,6.91,6.96,159597.74
2016-03-24,6.91,6.91,6.75,6.76,247754.31
2016-03-25,6.76,6.79,6.65,6.73,239025.35
2016-03-28,6.73,6.82,6.66,6.7,180637.09
2016-03-29,6.7,6.72,6.59,6.62,182073.63
2016-03-30,6.66,6.76,6.65,6.75,261114.38
2016-03-31,6.78,6.78,6.69,6.7,234645.65
2016-04-01,6.7,6.78,6.62,6.77,198181.78
2016-04-05,6.77,6.87,6.63,6.8,503862.72
2016-04-06,6.74,6.81,6.73,6.77,270539.85
2016-04-07,6.79,6.8,6.69,6.7,215749.51
2016-04-08,6.66,6.66,6.52,6.58,239454.89
2016-04-11,6.59,6.74,6.59,6.68,188560.82
2016-04-12,6.65,6.72,6.59,6.63,148142.4
2016-04-13,6.66,6.74,6.64,6.66,475637.83
2016-04-14,6.69,6.7,6.63,6.68,204792.49
2016-04-15,6.7,6.7,6.63,6.66,207749.74
2016-04-18,6.61,6.63,6.55,6.56,201013.33
2016-04-19,6.57,6.61,6.55,6.59,113558.46
2016-04-20,6.6,6.61,6.2,6.42,353439.65
2016-04-21,6.4,6.41,6.32,6.32,196085.69
2016-04-22,6.31,6.38,6.28,6.33,170390.07
2016-04-25,6.33,6.35,6.25,6.3,158239.23
2016-04-26,6.32,6.32,6.21,6.26,214280.14
2016-04-27,6.27,6.28,6.23,6.24,196049.79
2016-04-28,6.24,6.33,6.21,6.33,225264.91
2016-04-29,6.33,6.75,6.26,6.59,551855.07
2016-05-03,6.6,7.0,6.55,6.89,991801.12
2016-05-04,6.85,6.99,6.81,6.84,403013.68
2016-05-05,6.84,6.88,6.77,6.85,265260.46
2016-05-06,6.89,6.9,6.59,6.59,346230.21
2016-05-09,6.57,6.63,6.4,6.53,329514.74
2016-05-10,6.53,6.99,6.47,6.85,865090.69
2016-05-11,6.87,7.42,6.83,7.21,1347616.34
2016-05-12,7.16,7.43,6.98,7.18,903704.03
2016-05-13,7.12,7.19,7.01,7.11,679990.33
2016-05-16,7.04,7.19,6.97,7.18,597495.38
2016-05-17,7.19,7.19,6.98,6.99,423922.21
2016-05-18,6.98,7.07,6.85,7.03,442543.3
2016-05-19,7.0,7.16,6.97,7.0,347859.67
2016-05-20,6.92,7.24,6.92,7.23,553904.24
2016-05-23,7.23,7.25,7.13,7.2,319376.74
2016-05-24,7.22,7.23,7.06,7.11,268877.52
2016-05-25,7.18,7.2,6.98,7.01,272021.66
2016-05-26,7.0,7.06,6.85,7.04,272965.85
2016-05-27,7.0,7.14,6.96,7.09,257474.36
2016-05-30,7.06,7.08,6.93,6.94,258529.97
2016-05-31,6.94,7.36,6.93,7.24,617597.01
2016-06-01,7.25,7.36,7.2,7.22,415569.04
2016-06-02,7.19,7.36,7.17,7.36,423321.09
2016-06-03,7.35,7.52,7.34,7.42,471566.81
2016-06-06,7.4,7.42,7.29,7.34,281972.52
2016-06-07,7.34,7.36,7.25,7.32,187843.38
2016-06-08,7.33,7.35,7.23,7.27,184864.83
2016-06-13,7.18,7.26,7.03,7.04,289228.11
2016-06-14,7.03,7.08,6.95,7.06,271131.75
2016-06-15,6.97,7.21,6.95,7.16,402734.9
2016-06-16,7.13,7.14,6.98,7.03,244397.08
2016-06-17,7.04,7.26,7.02,7.05,331257.4
2016-06-20,7.05,7.12,6.96,7.04,198050.31
2016-06-21,7.07,7.1,6.97,6.98,278990.26
2016-06-22,6.97,7.03,6.93,7.03,168068.62
2016-06-23,7.02,7.02,6.93,6.97,186266.06
2016-06-24,6.95,6.99,6.74,6.83,370701.38
2016-06-27,6.78,6.99,6.74,6.97,208193.53
2016-06-28,6.93,6.96,6.86,6.96,172935.42
2016-06-29,6.97,7.02,6.96,6.99,154817.5
2016-06-30,7.0,7.11,7.0,7.03,221121.16
2016-07-01,7.03,7.08,7.0,7.05,170894.71
2016-07-04,7.04,7.27,7.04,7.24,484152.93
2016-07-05,7.23,7.36,7.23,7.31,361427.35
2016-07-06,7.31,7.34,7.22,7.3,224430.37
2016-07-07,7.32,7.6,7.32,7.57,575241.31
2016-07-08,7.53,7.63,7.49,7.56,306096.61
2016-07-11,7.56,7.6,7.47,7.5,451665.95
2016-07-12,7.51,8.21,7.51,8.19,1028470.93
2016-07-13,8.15,8.21,8.0,8.09,480855.15
2016-07-14,8.06,8.09,7.87,8.0,346660.27
2016-07-15,7.99,8.36,7.99,8.2,659602.02
2016-07-18,8.11,8.45,8.02,8.21,466367.37
2016-07-19,8.15,8.24,7.92,7.99,355240.82
2016-07-20,8.03,8.19,8.0,8.07,220139.42
2016-07-21,8.1,8.42,8.1,8.25,461738.75
2016-07-22,8.22,8.37,8.11,8.18,301906.45
2016-07-25,8.18,8.22,8.04,8.12,283453.6
2016-07-26,8.19,8.4,8.08,8.36,355965.94
2016-07-27,8.35,8.42,8.02,8.32,549108.42
2016-07-28,8.3,8.76,8.19,8.66,652047.36
2016-07-29,8.61,9.16,8.6,8.84,843802.88
2016-08-01,8.84,8.87,8.42,8.55,517225.01
2016-08-02,8.57,8.62,8.36,8.52,335464.35
2016-08-03,8.5,8.62,8.45,8.57,257400.6
2016-08-04,8.54,8.57,8.35,8.41,272036.72
2016-08-05,8.41,8.56,8.36,8.45,250327.48
2016-08-08,8.45,8.49,8.29,8.48,244347.64
2016-08-09,8.49,8.6,8.44,8.59,309211.73
2016-08-10,8.56,8.65,8.38,8.45,275019.48
2016-08-11,8.4,8.46,8.28,8.3,266038.55
2016-08-12,8.32,8.44,8.19,8.4,302609.23
2016-08-15,8.37,8.72,8.35,8.6,486951.29
2016-08-16,8.58,8.68,8.49,8.51,434978.17
2016-08-17,8.55,8.58,8.4,8.53,318708.11
2016-08-18,8.52,8.55,8.41,8.44,208521.1
2016-08-19,8.46,8.47,8.23,8.32,246462.89
2016-08-22,8.36,8.39,8.21,8.29,195133.15
2016-08-23,8.29,8.39,8.22,8.29,151903.97
2016-08-24,8.31,8.33,8.24,8.28,89457.54
2016-08-25,8.24,8.27,8.16,8.25,143034.58
2016-08-26,8.24,8.35,8.23,8.27,138653.91
2016-08-29,8.26,8.37,8.21,8.23,127918.72
2016-08-30,8.23,8.34,8.23,8.33,152804.62
2016-08-31,8.4,8.51,8.36,8.47,334066.5
2016-09-01,8.48,8.52,8.31,8.36,200003.98
2016-09-02,8.45,8.68,8.4,8.66,522268.04
2016-09-05,8.66,8.73,8.53,8.57,333450.0
2016-09-06,8.61,8.69,8.52,8.63,284869.31
2016-09-07,8.65,8.68,8.47,8.5,295824.7
2016-09-08,8.51,8.52,8.43,8.45,126292.59
2016-09-09,8.44,8.47,8.29,8.3,187953.97
2016-09-12,8.19,8.27,8.02,8.26,403278.32
2016-09-13,8.2,8.25,8.17,8.23,126307.87
2016-09-14,8.21,8.22,8.06,8.12,146595.0
2016-09-19,8.12,8.79,8.1,8.6,444760.94
2016-09-20,8.45,8.76,8.43,8.49,460732.45
2016-09-21,8.57,8.59,8.35,8.37,233553.8
2016-09-22,8.37,8.54,8.37,8.48,239904.97
2016-09-23,8.45,8.5,8.36,8.43,160804.48
2016-09-26,8.43,8.44,8.13,8.16,235307.02
2016-09-27,8.15,8.26,8.13,8.23,116406.55
2016-09-28,8.24,8.24,8.15,8.16,100493.06
2016-09-29,8.15,8.22,8.15,8.16,100781.66
2016-09-30,8.16,8.24,8.15,8.19,101825.62
2016-10-10,8.23,8.39,8.19,8.36,205092.77
2016-10-11,8.36,8.39,8.31,8.34,153272.67
2016-10-12,8.32,8.32,8.22,8.24,136781.15
2016-10-13,8.26,8.27,8.2,8.21,103950.1
2016-10-14,8.2,8.24,8.16,8.2,150256.13
2016-10-17,8.22,8.3,8.15,8.18,145395.24
2016-10-18,8.17,8.25,8.16,8.25,125433.31
2016-10-19,8.25,8.27,8.17,8.2,121366.87
2016-10-20,8.2,8.22,8.18,8.19,77416.97
2016-10-21,8.18,8.27,8.17,8.25,156611.76
2016-10-24,8.26,8.39,8.22,8.31,226559.68
2016-10-25,8.32,8.36,8.28,8.31,154745.02
2016-10-26,8.31,8.32,8.2,8.2,129784.46
2016-10-27,8.24,8.24,8.19,8.23,93149.61
2016-10-28,8.22,8.27,8.21,8.24,90657.9
2016-10-31,8.16,8.16,8.05,8.06,326465.98
2016-11-01,8.06,8.11,8.06,8.1,131011.91
2016-11-02,8.09,8.1,8.04,8.04,147251.13
2016-11-03,8.05,8.11,8.04,8.09,154256.56
2016-11-04,8.1,8.1,8.04,8.05,144358.34
2016-11-07,8.05,8.09,8.04,8.06,124490.12
2016-11-08,8.09,8.12,8.06,8.1,142314.32
2016-11-09,8.1,8.11,7.91,8.01,190212.75
2016-11-10,8.05,8.09,8.02,8.05,207031.7
2016-11-11,8.07,8.08,8.03,8.06,165340.23
2016-11-14,8.07,8.1,7.98,8.04,317678.38
2016-11-15,8.04,8.1,8.01,8.07,190572.24
2016-11-16,8.08,8.1,8.05,8.06,134532.72
2016-11-17,8.07,8.09,8.02,8.06,150623.41
2016-11-18,8.04,8.06,8.0,8.01,139887.68
2016-11-21,8.01,8.07,7.99,8.02,162101.14
2016-11-22,8.02,8.12,8.02,8.08,238545.83
2016-11-23,8.08,8.3,8.08,8.25,450450.91
2016-11-24,8.24,8.52,8.16,8.4,658136.29
2016-11-25,8.38,8.4,8.22,8.31,360117.04
2016-11-28,8.4,8.75,8.32,8.62,917659.21
2016-11-29,8.59,9.13,8.5,8.72,1302297.0
2016-11-30,8.72,8.82,8.58,8.65,547550.86
2016-12-01,8.95,9.05,8.71,8.8,863439.66
2016-12-02,8.73,8.94,8.52,8.63,537276.31
2016-12-05,8.47,8.47,8.25,8.35,495264.56
2016-12-06,8.34,8.44,8.31,8.36,196274.97
2016-12-07,8.31,8.37,8.27,8.36,213240.53
2016-12-08,8.37,8.39,8.27,8.28,215192.13
2016-12-09,8.27,8.41,8.25,8.31,315757.19
2016-12-12,8.27,8.29,8.06,8.18,450886.95
2016-12-13,8.15,8.19,8.08,8.14,157499.39
2016-12-14,8.14,8.19,8.06,8.06,182238.74
2016-12-15,8.06,8.1,7.96,8.02,187088.62
2016-12-16,8.01,8.11,7.98,8.08,140298.19
2016-12-19,8.09,8.09,8.0,8.02,112435.67
2016-12-20,7.98,8.03,7.98,8.02,107536.67
2016-12-21,8.01,8.08,8.0,8.06,151716.43
2016-12-22,8.01,8.06,8.01,8.04,90773.57
2016-12-23,8.05,8.05,7.96,8.0,135671.99
2016-12-26,7.98,7.98,7.87,7.97,138913.88
2016-12-27,7.98,8.02,7.93,7.98,98518.87
2016-12-28,8.0,8.02,7.94,7.98,72792.74
2016-12-29,7.96,7.98,7.9,7.91,103836.96
2016-12-30,7.91,7.99,7.91,7.98,122278.5
2017-01-03,7.98,8.05,7.98,8.03,128428.63
2017-01-04,8.04,8.12,8.02,8.11,176103.33
2017-01-05,8.14,8.14,8.08,8.11,128010.74
2017-01-06,8.1,8.12,8.07,8.1,115291.82
2017-01-09,8.1,8.1,8.05,8.09,79632.56
2017-01-10,8.09,8.13,8.06,8.1,73431.31
2017-01-11,8.09,8.12,8.06,8.09,118222.71
2017-01-12,8.07,8.1,8.03,8.04,89342.04
2017-01-13,8.05,8.06,7.93,8.02,268154.14
2017-01-16,7.97,8.19,7.84,8.15,487939.07
2017-01-17,8.11,8.15,8.02,8.1,133111.59
2017-01-18,8.1,8.15,8.03,8.1,167570.28
2017-01-19,8.1,8.1,8.0,8.02,173429.64
2017-01-20,8.01,8.1,7.98,8.04,136880.5
2017-01-23,8.04,8.12,8.04,8.08,152818.16
2017-01-24,8.09,8.14,8.07,8.11,126526.93
2017-01-25,8.1,8.15,8.09,8.13,80991.13
2017-01-26,8.14,8.27,8.14,8.17,153823.81
2017-02-03,8.17,8.23,8.14,8.2,120301.49
2017-02-06,8.23,8.25,8.1,8.15,164354.38
2017-02-07,8.15,8.18,8.08,8.1,120416.67
2017-02-08,8.1,8.13,8.07,8.1,162643.51
2017-02-09,8.11,8.15,8.06,8.11,312910.33
2017-02-10,8.1,8.14,8.09,8.12,278000.56
2017-02-13,8.13,8.24,8.12,8.21,560639.23
2017-02-14,8.21,8.24,8.17,8.23,339588.71
2017-02-15,8.23,8.27,8.13,8.14,345353.09
2017-02-16,8.13,8.19,8.1,8.19,182916.25
2017-02-17,8.22,8.35,8.18,8.27,411413.15
2017-02-20,8.3,8.61,8.3,8.59,814628.62
2017-02-21,8.61,8.69,8.48,8.61,468807.53
2017-02-22,8.57,8.69,8.48,8.61,322483.39
2017-02-23,8.61,8.65,8.39,8.46,418736.43
2017-02-24,8.44,8.52,8.4,8.5,222672.74
2017-02-27,8.52,8.79,8.5,8.59,526854.62
2017-02-28,8.87,9.16,8.73,8.82,984634.73
2017-03-01,8.69,8.85,8.62,8.73,444360.05
2017-03-02,8.74,8.88,8.69,8.77,467152.9
2017-03-03,8.73,8.82,8.59,8.78,329321.81
2017-03-06,8.8,9.03,8.71,8.94,451842.14
2017-03-07,8.94,9.07,8.89,8.99,404813.06
2017-03-08,8.99,9.03,8.82,8.9,341856.95
2017-03-09,8.89,8.92,8.69,8.7,318109.65
2017-03-10,8.69,8.94,8.65,8.91,422837.56
2017-03-13,8.93,9.21,8.85,9.12,712078.53
2017-03-14,9.11,9.12,8.99,9.11,291548.02
2017-03-15,9.06,9.29,9.05,9.24,492142.88
2017-03-16,9.29,9.39,9.09,9.18,520961.15
2017-03-17,9.18,9.24,9.05,9.07,290165.96
2017-03-20,9.05,9.11,8.91,9.08,331355.56
2017-03-21,9.07,9.21,9.01,9.2,390938.85
2017-03-22,9.11,9.2,9.02,9.09,294804.09
2017-03-23,9.07,9.28,9.02,9.26,452905.09
2017-03-24,9.28,9.63,9.23,9.61,778714.73
2017-03-27,9.6,9.69,9.37,9.41,590027.75
2017-03-28,9.37,9.47,9.31,9.42,279189.76
2017-03-29,9.46,9.85,9.46,9.7,618854.72
2017-03-30,9.66,9.78,9.44,9.66,457625.72
2017-03-31,9.65,9.89,9.52,9.84,452704.35
2017-04-05,9.72,9.87,9.72,9.77,460700.37
2017-04-06,9.77,9.83,9.65,9.82,306863.22
2017-04-07,9.78,9.81,9.66,9.7,255057.84
2017-04-10,9.67,9.74,9.53,9.59,307879.69
2017-04-11,9.55,9.62,9.29,9.49,442640.18
2017-04-12,9.37,9.64,9.37,9.54,286059.05
2017-04-13,9.5,9.67,9.45,9.52,234734.33
2017-04-14,9.5,9.52,9.29,9.34,277354.36
2017-04-17,9.29,9.44,9.27,9.43,212074.83
2017-04-18,9.37,9.77,9.37,9.63,452573.94
2017-04-19,9.59,9.67,9.4,9.64,305719.71
2017-04-20,9.64,10.08,9.6,9.88,591642.14
2017-04-21,9.83,10.09,9.82,9.99,383057.43
2017-04-24,9.87,10.08,9.53,10.06,443819.13
2017-04-25,9.96,10.1,9.87,10.04,354349.86
2017-04-26,10.09,10.59,10.08,10.15,798064.86
2017-04-27,10.11,10.22,9.96,10.14,330601.7
2017-04-28,10.17,10.21,9.76,9.85,465398.89
2017-05-02,9.94,10.5,9.89,10.46,776587.45
2017-05-03,10.38,10.76,10.34,10.59,715935.03
2017-05-04,10.6,10.71,10.44,10.59,453773.25
2017-05-05,10.67,10.68,10.5,10.62,371912.8
2017-05-08,10.59,10.73,10.34,10.69,570971.14
2017-05-09,10.5,10.66,10.29,10.39,415484.72
2017-05-10,10.45,10.55,10.33,10.38,250939.3
2017-05-11,10.31,10.71,10.22,10.7,471375.04
2017-05-12,10.67,10.72,10.53,10.63,346068.24
2017-05-15,10.63,10.72,10.5,10.64,338895.47
2017-05-16,10.5,10.76,10.5,10.75,436165.32
2017-05-17,10.72,11.01,10.58,10.61,499807.29
2017-05-18,10.5,10.72,10.42,10.63,209853.91
2017-05-19,10.59,10.79,10.59,10.76,252152.04
2017-05-22,10.83,10.97,10.75,10.9,392890.45
2017-05-23,10.91,11.07,10.82,11.06,430359.04
2017-05-24,11.04,11.1,10.87,11.08,377341.99
2017-05-25,11.0,11.12,10.93,11.0,222563.81
2017-05-26,11.0,11.3,10.97,11.28,381925.43
2017-05-31,11.25,11.47,11.1,11.45,589673.77
2017-06-01,11.38,11.8,11.38,11.62,507418.02
2017-06-02,11.6,11.67,11.46,11.55,324092.31
2017-06-05,11.55,11.6,11.36,11.5,251537.92
2017-06-06,11.45,11.85,11.4,11.84,393757.99
2017-06-07,11.81,11.94,11.73,11.85,435888.99
2017-06-08,11.87,12.17,11.78,12.16,488156.05
2017-06-09,12.15,12.23,12.0,12.13,374735.92
2017-06-12,12.09,12.31,12.04,12.18,347129.83
2017-06-13,12.13,12.2,12.06,12.14,237669.16
2017-06-14,12.11,12.14,11.44,11.6,849486.92
2017-06-15,11.57,11.64,11.17,11.39,776855.52
2017-06-16,11.38,11.51,11.18,11.31,405914.28
2017-06-19,11.24,11.5,11.24,11.48,571371.36
2017-06-20,11.48,11.55,11.27,11.28,413888.22
2017-06-21,11.32,11.89,11.07,11.84,848171.77
2017-06-22,11.77,11.96,11.54,11.55,736168.07
2017-06-23,11.54,11.99,11.49,11.96,648662.97
2017-06-26,11.96,12.41,11.92,12.28,885968.12
2017-06-27,12.27,12.42,12.14,12.31,422721.82
2017-06-28,12.31,12.36,12.1,12.12,335332.09
2017-06-29,12.1,12.2,11.91,12.15,372146.73
2017-06-30,12.12,12.26,12.01,12.16,333595.47
2017-07-03,12.08,12.11,11.67,11.77,645416.94
2017-07-04,11.72,11.73,11.37,11.51,791363.43
2017-07-05,11.41,11.68,11.41,11.6,407973.56
2017-07-06,11.57,11.62,11.39,11.49,419182.13
2017-07-07,11.46,11.58,11.25,11.46,439591.2
2017-07-10,11.43,11.5,11.34,11.43,224951.1
2017-07-11,11.39,11.84,11.39,11.72,611045.84
2017-07-12,11.68,11.7,11.33,11.45,385694.62
2017-07-13,11.37,11.51,11.31,11.38,280080.33
2017-07-14,11.38,11.52,11.33,11.47,239284.62
2017-07-17,11.4,11.56,11.01,11.55,361914.21
2017-07-18,11.47,11.55,11.26,11.43,220043.85
2017-07-19,11.43,11.6,11.34,11.45,302375.14
2017-07-20,11.46,11.9,11.44,11.82,528328.07
2017-07-21,11.84,11.9,11.68,11.75,426987.85
2017-07-24,11.72,12.02,11.72,11.91,560760.82
2017-07-25,11.88,11.93,11.68,11.7,297656.34
2017-07-26,11.64,11.72,11.37,11.54,409226.92
2017-07-27,11.49,11.5,11.29,11.37,397645.94
2017-07-28,11.4,11.47,11.28,11.34,221570.56
2017-07-31,11.37,11.44,11.3,11.34,245546.01
2017-08-01,11.39,11.49,11.3,11.39,209204.83
2017-08-02,11.36,11.45,11.27,11.28,205960.57
2017-08-03,11.25,11.31,10.78,10.83,578980.26
2017-08-04,10.83,10.93,10.79,10.82,300721.01
2017-08-07,10.82,11.0,10.61,10.94,242720.07
2017-08-08,10.94,11.0,10.82,10.84,177934.38
2017-08-09,10.86,11.08,10.8,10.98,304683.27
2017-08-10,10.93,11.03,10.71,10.89,401773.39
2017-08-11,10.78,10.93,10.69,10.88,356471.92
2017-08-14,10.89,10.97,10.82,10.88,247704.57
2017-08-15,10.86,10.97,10.79,10.85,166103.8
2017-08-16,10.85,10.88,10.61,10.65,294933.9
2017-08-17,10.69,10.77,10.65,10.72,150005.16
2017-08-18,10.67,10.76,10.64,10.73,142482.64
2017-08-21,10.7,10.9,10.7,10.88,250557.07
2017-08-22,10.88,10.96,10.84,10.93,185589.53
2017-08-23,10.96,10.96,10.84,10.87,108876.69
2017-08-24,10.87,10.95,10.86,10.88,136178.81
2017-08-25,10.94,11.16,10.93,11.08,342827.7
2017-08-28,11.68,11.81,11.36,11.5,847927.97
2017-08-29,11.51,11.8,11.51,11.67,457743.22
2017-08-30,11.72,11.79,11.59,11.62,497922.3
2017-08-31,11.68,11.76,11.35,11.54,466711.37
2017-09-01,11.57,11.64,11.41,11.48,347104.93
2017-09-04,11.44,11.55,11.33,11.5,189019.36
2017-09-05,11.43,11.74,11.43,11.69,290839.11
2017-09-06,11.68,11.68,11.48,11.54,241384.63
2017-09-07,11.57,11.64,11.5,11.5,165585.61
2017-09-08,11.48,11.52,11.3,11.34,226696.3
2017-09-11,11.4,11.62,11.37,11.51,342612.29
2017-09-12,11.48,11.61,11.48,11.6,225972.88
2017-09-13,11.61,11.97,11.56,11.81,469202.43
2017-09-14,11.82,11.88,11.61,11.72,287771.5
2017-09-15,11.65,11.95,11.63,11.95,330019.69
2017-09-18,11.95,12.04,11.62,11.63,465394.14
2017-09-19,11.66,11.74,11.48,11.61,350592.35
2017-09-20,11.56,11.77,11.55,11.58,377312.38
2017-09-21,11.6,11.87,11.59,11.76,292668.49
2017-09-22,11.76,12.06,11.73,12.0,474062.25
2017-09-25,12.01,12.15,11.9,12.08,382143.5
2017-09-26,12.01,12.09,11.85,11.95,208129.2
2017-09-27,11.94,12.2,11.92,12.18,288972.73
2017-09-28,12.19,12.34,12.03,12.27,351809.6
2017-09-29,12.27,12.66,12.27,12.41,527169.58
2017-10-09,12.64,12.96,12.53,12.63,803047.42
2017-10-10,12.64,12.74,11.62,12.14,2564017.38
2017-10-11,12.01,12.41,11.95,12.18,1048978.22
2017-10-12,12.22,12.86,12.22,12.85,1046281.7
2017-10-13,12.92,13.38,12.8,13.11,1278592.86
2017-10-16,13.14,13.49,13.09,13.1,648415.16
2017-10-17,13.2,13.38,12.99,13.25,606106.6
2017-10-18,13.25,13.55,13.14,13.53,694284.89
2017-10-19,13.47,13.65,13.29,13.62,637030.58
2017-10-20,13.54,13.54,13.19,13.23,458600.95
2017-10-23,13.25,13.35,13.11,13.27,343186.52
2017-10-24,13.16,13.53,13.14,13.48,424283.12
2017-10-25,13.4,14.03,13.38,13.98,710117.68
2017-10-26,13.98,14.37,13.53,13.64,1177209.49
2017-10-27,13.71,13.88,13.57,13.75,635020.98
2017-10-30,13.74,14.06,13.49,13.96,711666.34
2017-10-31,14.01,14.35,13.85,14.23,1026126.3
2017-11-01,14.19,14.31,13.76,13.85,968811.63
2017-11-02,13.79,13.94,13.59,13.88,496928.91
2017-11-03,13.84,14.26,13.81,13.97,594306.22
2017-11-06,13.99,14.93,13.9,14.91,1238016.5
2017-11-07,14.87,15.1,14.58,14.78,992948.9
2017-11-08,14.84,15.47,14.63,14.87,1227606.65
2017-11-09,14.92,15.66,14.79,15.6,1067747.09
2017-11-10,15.39,15.87,15.35,15.8,1009023.35
2017-11-13,15.86,15.94,15.52,15.69,919566.24
2017-11-14,15.67,15.82,15.18,15.37,708178.19
2017-11-15,15.34,15.75,15.09,15.72,792253.2
2017-11-16,15.62,15.81,15.33,15.78,619611.26
2017-11-17,15.71,15.93,15.44,15.84,1038424.18
2017-11-20,15.63,15.69,15.05,15.67,761409.29
2017-11-21,15.58,16.71,15.52,16.65,1208793.14
2017-11-22,16.66,16.7,16.17,16.45,904181.62
2017-11-23,16.32,16.35,15.25,15.34,1116362.69
2017-11-24,15.38,15.4,14.64,15.35,1085244.1
2017-11-27,15.14,15.16,14.69,15.06,756257.43
2017-11-28,15.0,15.22,14.82,15.1,432557.81
2017-11-29,15.15,15.22,14.23,14.45,865956.47
2017-11-30,14.23,14.61,14.06,14.22,635421.97
2017-12-01,14.32,14.47,14.17,14.26,423546.81
2017-12-04,14.27,14.68,14.15,14.52,612529.07
2017-12-05,14.45,14.91,14.4,14.8,1061352.73
2017-12-06,14.73,14.74,14.29,14.59,475380.44
2017-12-07,14.44,14.64,13.99,14.28,401370.44
2017-12-08,14.28,14.8,14.26,14.67,499869.91
2017-12-11,14.65,15.16,14.63,15.15,685959.86
2017-12-12,15.07,15.33,14.76,14.78,506722.04
2017-12-13,14.76,15.5,14.74,15.48,719076.17
2017-12-14,15.42,15.51,15.19,15.49,473450.84
2017-12-15,15.37,15.42,15.1,15.24,414177.07
2017-12-18,15.14,15.6,15.1,15.54,624299.32
2017-12-19,15.46,15.78,15.42,15.66,445012.98
2017-12-20,15.65,16.18,15.58,15.84,582282.75
2017-12-21,15.81,16.1,15.71,15.98,456875.98
2017-12-22,15.87,16.12,15.68,15.87,332636.31
2017-12-25,15.79,16.18,15.79,15.96,345686.27
2017-12-26,15.9,16.07,15.36,15.7,523618.63
2017-12-27,15.67,15.8,15.17,15.21,445365.37
2017-12-28,15.3,15.55,15.22,15.34,367612.73
2017-12-29,15.42,15.68,15.29,15.5,368270.2
2018-01-02,15.59,15.78,15.46,15.62,415687.19
2018-01-03,15.62,15.87,15.31,15.41,612043.07
2018-01-04,15.43,15.75,15.38,15.66,566863.68
2018-01-05,15.65,15.71,15.45,15.61,575876.63
2018-01-08,15.81,16.33,15.55,16.31,979652.11
2018-01-09,16.33,16.82,16.21,16.63,824381.95
2018-01-10,16.67,17.28,16.46,17.07,859729.33
2018-01-11,16.99,17.52,16.88,17.24,680238.68
2018-01-12,17.28,17.75,17.14,17.69,592390.55
2018-01-15,17.94,19.09,17.94,18.14,1038854.11
2018-01-16,18.12,18.94,17.77,17.99,1245933.19
2018-01-17,18.09,18.32,17.09,17.76,1058288.44
2018-01-18,17.96,18.2,17.4,17.72,845691.66
2018-01-19,17.77,17.89,17.19,17.4,638974.78
2018-01-22,17.44,18.88,17.44,18.81,1034809.65
2018-01-23,18.59,18.77,18.25,18.51,781824.4
2018-01-24,18.52,18.58,17.81,18.13,604843.87
2018-01-25,18.13,18.13,17.45,17.66,792643.53
2018-01-26,17.61,18.18,17.44,17.9,653216.69
2018-01-29,17.73,17.98,17.05,17.1,767142.62
2018-01-30,16.99,17.37,16.7,16.96,517316.5
2018-01-31,16.86,17.57,16.86,17.44,621083.88
2018-02-01,17.44,17.65,17.01,17.63,729021.24
2018-02-02,17.36,17.65,17.22,17.42,532053.11
2018-02-05,17.07,17.21,16.3,16.85,831509.12
2018-02-06,16.13,16.64,15.97,16.61,906263.61
2018-02-07,16.87,16.91,15.79,15.81,780689.5
2018-02-08,15.63,16.19,15.42,15.84,539918.8
2018-02-09,15.38,15.53,14.48,15.5,741911.21
2018-02-12,15.43,16.12,15.35,15.94,539422.34
2018-02-13,16.19,16.29,15.8,15.84,442884.64
2018-02-14,15.84,16.35,15.77,16.3,361311.77
2018-02-22,16.54,16.95,16.54,16.79,508443.19
2018-02-23,16.8,17.09,16.69,16.9,364918.61
2018-02-26,17.11,17.24,16.59,16.99,389874.18
2018-02-27,16.86,16.89,16.02,16.28,923219.61
2018-02-28,16.02,16.34,15.85,16.09,444657.5
2018-03-01,15.92,16.32,15.89,16.12,338422.29
2018-03-02,15.97,16.54,15.9,16.46,480465.08
2018-03-05,16.48,16.54,16.12,16.48,375040.19
2018-03-06,16.46,16.47,16.03,16.21,488629.32
2018-03-07,16.29,16.44,16.16,16.21,290338.4
2018-03-08,16.19,16.82,16.14,16.8,592260.63
2018-03-09,16.89,17.18,16.69,16.91,474121.61
2018-03-12,17.03,17.17,16.54,16.83,827595.55
2018-03-13,16.86,17.07,16.7,16.86,512264.25
2018-03-14,16.77,16.86,16.61,16.71,286500.87
2018-03-15,16.6,17.13,16.58,17.1,598073.43
2018-03-16,17.04,17.14,16.71,16.72,394853.12
2018-03-19,16.64,16.78,16.29,16.77,335511.88
2018-03-20,16.58,16.61,16.29,16.45,292085.57
2018-03-21,16.54,16.54,15.89,16.12,555133.05
2018-03-22,16.1,16.1,15.51,15.66,581312.19
2018-03-23,14.89,15.38,14.64,15.34,924443.42
2018-03-26,15.0,15.08,14.74,14.96,414880.44
2018-03-27,15.23,15.33,14.66,14.91,565224.51
2018-03-28,14.76,14.76,13.99,14.13,706491.34
2018-03-29,14.23,14.91,13.67,14.71,802618.55
2018-03-30,14.58,14.73,14.4,14.5,401584.87
2018-04-02,14.37,14.76,14.11,14.22,468669.21
2018-04-03,14.06,14.36,13.99,14.24,314741.67
2018-04-04,14.38,14.7,14.19,14.53,516555.59
2018-04-09,14.48,14.61,14.2,14.28,315356.6
2018-04-10,14.37,14.81,14.32,14.8,409635.95
2018-04-11,15.0,15.21,14.58,14.68,514370.16
2018-04-12,14.64,14.86,14.61,14.63,237423.11
2018-04-13,14.71,14.85,14.4,14.48,259994.13
2018-04-16,14.41,14.55,14.05,14.26,331018.5
2018-04-17,14.26,14.34,13.93,14.03,301357.02
2018-04-18,14.17,14.21,13.64,13.77,387003.42
2018-04-19,13.76,14.09,13.7,14.06,438247.77
2018-04-20,14.04,14.34,13.87,14.05,471062.64
2018-04-23,14.04,14.42,13.98,14.3,319201.78
2018-04-24,14.36,14.93,14.36,14.68,576447.5
2018-04-25,14.52,14.77,14.48,14.56,262578.22
2018-04-26,14.13,14.35,14.02,14.3,463133.96
2018-04-27,14.4,14.43,13.88,14.1,422214.95
2018-05-02,14.17,14.39,13.95,14.38,239128.1
2018-05-03,14.31,14.8,14.25,14.79,376567.33
2018-05-04,14.72,14.87,14.54,14.56,237928.05
2018-05-07,14.64,15.02,14.58,15.0,347370.2
2018-05-08,15.0,15.29,14.93,15.12,457604.27
2018-05-09,15.12,15.14,14.87,14.94,270332.74
2018-05-10,14.97,15.19,14.83,14.97,319743.68
2018-05-11,14.99,15.02,14.72,14.77,241203.65
2018-05-14,14.82,15.26,14.82,15.22,486180.92
2018-05-15,15.27,15.47,15.14,15.46,425597.46
2018-05-16,15.38,15.71,15.32,15.46,386973.15
2018-05-17,15.26,15.3,14.9,14.96,480076.64
2018-05-18,14.86,15.14,14.74,15.12,323379.44
2018-05-21,15.18,15.4,15.05,15.28,362055.52
2018-05-22,15.27,15.27,14.92,15.13,267758.78
2018-05-23,15.06,15.07,14.77,14.82,282813.97
2018-05-24,14.82,14.94,14.73,14.8,198714.32
2018-05-25,14.77,15.12,14.71,15.08,294088.94
2018-05-28,15.0,15.47,14.85,15.41,427485.22
2018-05-29,15.43,15.51,15.3,15.49,317314.93
2018-05-30,14.98,15.8,14.98,15.49,467383.46
2018-05-31,15.59,16.62,15.55,16.54,1028672.58
2018-06-01,16.3,16.45,15.98,16.17,514667.82
2018-06-04,16.35,17.07,16.35,16.68,750447.58
2018-06-05,16.86,16.91,16.47,16.84,490641.74
2018-06-06,16.8,17.23,16.7,17.02,545173.33
2018-06-07,17.06,17.26,16.74,16.99,480489.3
2018-06-08,16.94,17.35,16.85,17.03,605888.21
2018-06-11,17.09,17.36,16.83,17.03,466681.53
2018-06-12,17.03,17.5,16.89,17.3,563762.86
2018-06-13,17.46,17.66,17.0,17.29,509845.18
2018-06-14,17.11,17.25,16.68,17.04,473882.24
2018-06-15,16.94,17.37,16.86,17.26,451416.28
2018-06-19,16.94,17.4,16.71,16.75,833373.6
2018-06-20,16.74,17.1,16.6,16.9,320990.06
2018-06-21,16.96,17.36,16.9,17.05,436826.21
2018-06-22,16.85,17.07,16.6,17.02,334086.75
2018-06-25,17.15,17.92,16.95,17.53,751183.29
2018-06-26,17.27,17.69,16.7,17.0,662309.44
2018-06-27,16.9,17.04,15.61,15.82,716760.39
2018-06-28,15.39,15.84,15.25,15.28,511130.62
2018-06-29,15.39,16.24,15.39,16.11,390002.04
2018-07-02,16.08,16.3,15.48,15.7,329286.29
2018-07-03,15.66,15.86,14.9,15.42,452740.04
2018-07-04,15.42,15.77,15.04,15.21,354369.27
2018-07-05,15.41,15.77,15.1,15.23,371508.23
2018-07-06,15.26,15.59,14.65,15.24,432156.39
2018-07-09,15.32,15.93,15.32,15.92,466110.06
2018-07-10,15.98,16.08,15.66,15.87,313487.57
2018-07-11,15.39,15.7,15.21,15.52,393839.57
2018-07-12,15.48,16.09,15.42,15.84,460892.82
2018-07-13,15.84,15.98,15.72,15.74,283411.97
2018-07-16,15.86,15.98,15.54,15.67,260872.57
2018-07-17,15.66,15.72,15.31,15.55,226761.15
2018-07-18,15.63,15.81,15.35,15.39,251833.95
2018-07-19,15.43,15.56,15.3,15.43,221212.18
2018-07-20,15.45,15.49,14.97,15.23,499133.19
2018-07-23,15.2,15.2,14.84,15.04,397642.44
2018-07-24,15.12,15.46,15.07,15.13,839784.09
2018-07-25,15.13,15.23,14.97,15.13,491093.75
2018-07-26,15.17,15.17,14.8,14.81,387956.46
2018-07-27,14.77,14.77,14.24,14.34,480291.33
2018-07-30,14.34,14.5,14.21,14.37,306261.66
2018-07-31,14.34,14.45,14.28,14.41,207245.26
2018-08-01,14.44,14.49,13.78,13.88,512509.5
2018-08-02,13.97,13.98,13.38,13.52,410625.25
2018-08-03,13.47,13.47,12.81,13.09,576433.55
2018-08-06,13.09,13.35,12.86,13.09,372125.73
2018-08-07,13.16,13.62,13.13,13.59,394050.65
2018-08-08,13.5,13.69,13.22,13.23,317485.8
2018-08-09,13.19,13.68,13.13,13.47,409477.56
2018-08-10,13.52,13.8,13.47,13.79,299074.19
2018-08-13,13.59,13.68,13.52,13.65,248011.04
2018-08-14,13.65,13.7,13.17,13.32,355343.95
2018-08-15,13.32,13.36,12.8,12.81,350226.89
2018-08-16,12.75,12.99,12.51,12.68,303164.75
2018-08-17,12.81,12.91,12.38,12.42,273366.66
2018-08-20,12.46,12.66,12.29,12.66,244120.94
2018-08-21,12.66,13.05,12.63,13.01,303600.06
2018-08-22,12.95,12.95,12.62,12.7,188479.29
2018-08-23,12.65,12.81,12.45,12.7,212661.3
2018-08-24,12.62,12.71,12.47,12.58,169998.1
2018-08-27,12.63,12.99,12.63,12.95,361405.82
2018-08-28,12.96,13.03,12.73,12.81,287737.89
2018-08-29,12.76,12.8,12.55,12.59,220981.2
2018-08-30,12.59,12.77,12.55,12.67,230191.7
2018-08-31,12.44,12.5,12.18,12.45,345620.77
2018-09-03,12.35,12.5,12.26,12.45,175623.51
2018-09-04,12.53,12.73,12.41,12.68,225113.21
2018-09-05,12.63,12.77,12.57,12.57,225431.56
2018-09-06,12.52,12.67,12.44,12.49,163145.56
2018-09-07,12.55,12.67,12.34,12.45,155222.23
2018-09-10,12.39,12.6,12.23,12.52,196666.01
2018-09-11,12.46,12.65,12.4,12.53,157091.74
2018-09-12,12.53,12.58,12.35,12.37,163663.59
2018-09-13,12.54,12.63,12.43,12.61,260153.63
2018-09-14,12.65,12.89,12.63,12.81,335519.14
2018-09-17,12.73,12.84,12.5,12.55,232400.77
2018-09-18,12.46,12.73,12.32,12.69,270155.96
2018-09-19,12.57,13.37,12.55,13.29,570873.63
2018-09-20,13.22,13.86,13.2,13.61,671821.6
2018-09-21,13.73,14.02,13.52,13.88,470722.12
2018-09-25,13.72,13.72,13.45,13.55,321974.82
2018-09-26,13.63,14.01,13.58,13.71,373320.77
2018-09-27,13.72,13.81,13.52,13.73,240516.3
2018-09-28,13.72,13.97,13.68,13.82,287074.27
2018-10-08,13.55,13.57,13.09,13.13,339253.03
2018-10-09,13.22,13.38,13.13,13.22,243307.25
2018-10-10,13.29,13.34,12.89,13.1,256409.13
2018-10-11,12.86,12.86,12.41,12.5,428676.91
2018-10-12,12.34,12.46,11.64,12.32,561989.34
2018-10-15,12.13,12.13,11.09,11.19,936096.34
2018-10-16,11.12,11.37,11.09,11.2,332262.93
2018-10-17,11.35,11.48,11.27,11.39,346866.14
2018-10-18,11.35,11.35,10.92,11.21,376095.99
2018-10-19,10.83,11.45,10.63,11.38,463225.47
2018-10-22,11.37,11.96,11.29,11.67,542172.44
2018-10-23,11.69,11.7,10.88,11.12,593673.27
2018-10-24,10.97,11.29,10.88,11.09,259984.36
2018-10-25,10.7,10.83,10.53,10.63,398116.94
2018-10-26,10.72,10.92,10.65,10.81,289627.09
2018-10-29,10.8,10.8,10.08,10.17,425873.08
2018-10-30,10.05,10.37,10.0,10.2,287947.96
2018-10-31,10.29,10.6,10.25,10.59,306262.49
2018-11-01,10.66,10.97,10.66,10.77,427234.26
2018-11-02,11.12,11.43,10.98,11.43,571506.6
2018-11-05,11.29,11.38,11.18,11.33,307893.09
2018-11-06,11.29,11.31,11.05,11.19,171846.62
2018-11-07,11.19,11.32,11.05,11.19,134383.3
2018-11-08,11.29,11.34,11.02,11.06,163515.27
2018-11-09,11.02,11.14,10.98,11.0,123554.16
2018-11-12,10.99,11.35,10.95,11.32,198570.62
2018-11-13,11.21,11.5,11.08,11.38,257502.01
2018-11-14,11.38,11.38,11.21,11.22,202883.34
2018-11-15,11.19,11.33,11.16,11.32,154917.39
2018-11-16,11.31,11.63,11.27,11.56,262524.37
2018-11-19,11.57,11.97,11.53,11.88,280179.03
2018-11-20,11.73,11.88,11.58,11.63,210240.31
2018-11-21,11.51,11.78,11.45,11.74,166094.78
2018-11-22,11.75,11.92,11.73,11.82,164596.85
2018-11-23,11.83,11.86,11.38,11.38,183535.9
2018-11-26,11.38,11.8,11.37,11.64,212656.92
2018-11-27,11.76,11.86,11.51,11.54,155635.45
2018-11-28,11.53,11.79,11.51,11.63,140789.17
2018-11-29,11.71,11.74,11.46,11.53,119914.04
2018-11-30,11.51,11.61,11.42,11.5,141139.73
2018-12-03,11.85,12.47,11.84,12.4,558596.51
2018-12-04,12.34,12.34,12.06,12.25,295380.46
2018-12-05,12.04,12.25,11.99,12.05,266043.93
2018-12-06,11.92,11.97,11.62,11.64,294436.14
2018-12-07,11.63,11.71,11.47,11.5,187742.8
2018-12-10,11.38,11.46,11.07,11.26,271745.59
2018-12-11,11.26,11.38,11.24,11.38,114183.14
2018-12-12,11.5,11.53,11.29,11.43,157568.97
2018-12-13,11.43,12.19,11.39,12.14,555752.4
2018-12-14,12.01,12.14,11.89,12.04,307163.36
2018-12-17,12.04,12.19,11.73,12.07,228143.43
2018-12-18,11.94,12.18,11.75,11.77,259650.25
2018-12-19,11.76,11.92,11.63,11.82,218080.85
2018-12-20,11.71,11.84,11.57,11.66,184723.93
2018-12-21,11.61,11.67,11.43,11.58,161003.89
2018-12-24,11.54,11.69,11.43,11.62,95813.26
2018-12-25,11.48,11.61,11.29,11.55,159452.29
2018-12-26,11.54,11.77,11.5,11.58,154596.31
2018-12-27,11.86,11.96,11.68,11.79,239443.49
2018-12-28,11.79,11.81,11.48,11.58,292295.72
2019-01-02,11.66,11.66,11.29,11.32,184180.06
2019-01-03,11.31,11.52,11.12,11.25,159070.23
2019-01-04,11.11,11.44,11.0,11.37,186196.67
2019-01-07,11.44,11.48,11.18,11.22,273226.8
2019-01-08,11.22,11.29,11.06,11.09,199765.39
2019-01-09,11.68,11.88,11.43,11.71,772361.12
2019-01-10,11.73,11.78,11.55,11.68,293242.02
2019-01-11,11.72,11.85,11.61,11.77,197118.06
2019-01-14,11.83,11.83,11.62,11.67,161568.72
2019-01-15,11.63,12.35,11.63,12.26,509152.5
2019-01-16,12.26,12.33,12.13,12.24,297486.75
2019-01-17,12.22,12.4,12.06,12.23,237519.22
2019-01-18,12.23,12.67,12.2,12.66,343865.66
2019-01-21,12.61,13.14,12.6,12.7,420837.61
2019-01-22,12.68,12.7,12.4,12.52,228313.7
2019-01-23,12.47,12.61,12.4,12.45,178296.24
2019-01-24,12.52,12.88,12.48,12.81,302944.6
2019-01-25,12.8,13.05,12.66,12.93,260997.37
2019-01-28,12.96,13.38,12.96,13.02,299693.83
2019-01-29,12.97,13.21,12.88,13.02,290691.31
2019-01-30,12.99,13.13,12.86,13.01,214746.75
2019-01-31,13.13,13.45,13.13,13.38,341196.19
2019-02-01,13.59,13.63,13.35,13.54,251668.17
2019-02-11,13.54,13.78,13.47,13.68,375078.78
2019-02-12,13.66,13.77,13.49,13.52,310840.36
2019-02-13,13.52,13.68,13.42,13.51,381100.74
2019-02-14,13.52,13.88,13.47,13.81,367239.98
2019-02-15,13.74,13.79,13.16,13.2,588672.36
2019-02-18,13.3,13.52,13.3,13.5,431017.79
2019-02-19,13.62,13.91,13.39,13.43,357441.71
2019-02-20,13.51,13.52,13.26,13.38,259949.28
2019-02-21,13.47,13.63,13.3,13.37,345746.11
2019-02-22,13.37,13.41,13.2,13.35,285718.8
2019-02-25,13.8,13.97,13.51,13.97,732777.21
2019-02-26,13.95,14.27,13.73,13.76,595414.59
2019-02-27,13.81,14.15,13.79,13.93,367866.23
2019-02-28,13.93,14.18,13.78,13.78,387335.78
2019-03-01,13.97,14.37,13.85,14.36,580712.57
2019-03-04,14.43,14.93,14.43,14.58,591211.95
2019-03-05,14.58,14.92,14.57,14.66,383990.32
2019-03-06,14.6,14.64,14.24,14.44,518499.98
2019-03-07,14.5,14.51,13.85,13.97,668398.16
2019-03-08,13.75,13.75,13.14,13.15,795338.06
2019-03-11,13.16,13.52,13.15,13.5,477791.3
2019-03-12,13.62,13.67,13.22,13.27,636077.54
2019-03-13,13.32,13.47,13.02,13.43,649820.14
2019-03-14,13.37,13.68,13.3,13.47,413601.19
2019-03-15,13.61,14.17,13.44,14.1,826136.02
2019-03-18,14.14,14.5,13.98,14.44,763739.68
2019-03-19,14.44,14.51,14.1,14.29,487384.77
2019-03-20,14.18,14.22,13.84,13.98,411958.9
2019-03-21,14.0,14.04,13.87,13.95,347642.45
2019-03-22,13.95,14.11,13.81,13.94,364110.94
2019-03-25,13.72,13.91,13.52,13.68,375875.43
2019-03-26,13.72,13.83,13.54,13.74,399643.22
2019-03-27,13.83,14.15,13.64,14.15,452063.89
2019-03-28,14.01,14.04,13.68,13.78,533688.79
2019-03-29,13.8,14.37,13.73,14.31,726449.64
2019-04-01,14.39,15.31,14.39,15.12,1053509.76
2019-04-02,15.16,15.24,14.81,14.95,549382.72
2019-04-03,14.98,15.26,14.83,15.2,454096.76
2019-04-04,15.2,15.41,15.15,15.26,373363.63
2019-04-08,15.31,15.72,14.99,15.14,561899.15
2019-04-09,15.6,16.04,15.22,15.45,578375.26
2019-04-10,15.29,15.42,15.05,15.17,496793.65
2019-04-11,15.12,15.12,14.53,14.59,570692.69
2019-04-12,14.64,14.65,14.22,14.4,536548.66
2019-04-15,14.6,14.98,14.32,14.34,499880.51
2019-04-16,14.34,14.75,14.11,14.75,442273.37
2019-04-17,14.76,15.1,14.55,14.87,457935.1
2019-04-18,15.08,15.37,14.87,14.95,468858.27
2019-04-19,14.82,15.47,14.74,15.36,490216.21
2019-04-22,15.31,15.32,14.66,14.79,447384.79
2019-04-23,14.79,14.93,14.58,14.8,371213.58
2019-04-24,14.84,14.9,14.43,14.61,307420.08
2019-04-25,14.43,14.55,14.18,14.24,354948.57
2019-04-26,14.14,14.23,13.83,14.01,387445.55
2019-04-29,13.97,14.21,13.68,13.94,468936.03
2019-04-30,13.93,14.41,13.86,14.37,378838.6
2019-05-06,13.88,14.09,13.27,13.65,585141.36
2019-05-07,13.69,14.14,13.69,14.02,341051.58
2019-05-08,13.93,14.12,13.71,13.79,283212.53
2019-05-09,13.58,13.72,13.22,13.3,296940.25
2019-05-10,13.44,13.87,12.98,13.74,364774.42
2019-05-13,13.62,13.68,13.12,13.17,370801.32
2019-05-14,13.0,13.29,12.95,13.21,377781.57
2019-05-15,13.36,13.67,13.31,13.61,331900.59
2019-05-16,13.57,13.75,13.49,13.7,249733.26
2019-05-17,13.68,13.68,13.11,13.2,504205.89
2019-05-20,13.12,13.34,12.98,13.23,259923.95
2019-05-21,13.17,13.72,13.12,13.57,381140.83
2019-05-22,13.57,13.61,13.37,13.43,255553.33
2019-05-23,13.44,13.57,13.2,13.47,294935.45
2019-05-24,13.46,13.57,13.34,13.48,187545.93
2019-05-27,13.5,13.56,13.23,13.51,270003.23
2019-05-28,13.5,13.69,13.39,13.63,325840.2
2019-05-29,13.47,13.55,13.38,13.42,202972.89
2019-05-30,13.41,13.42,13.09,13.27,358620.98
2019-05-31,13.27,13.44,13.12,13.3,299133.05
2019-06-03,13.31,13.51,13.27,13.42,231774.9
2019-06-04,13.38,13.41,13.13,13.2,185653.09
2019-06-05,13.3,13.35,13.12,13.16,225748.48
2019-06-06,13.22,13.23,13.01,13.01,174575.18
2019-06-10,13.04,13.42,13.03,13.36,259650.28
2019-06-11,13.35,13.76,13.32,13.73,326473.82
2019-06-12,13.73,13.84,13.62,13.64,189952.05
2019-06-13,13.66,13.7,13.48,13.58,184089.38
2019-06-14,13.59,13.88,13.58,13.66,231017.86
2019-06-17,13.7,13.75,13.45,13.5,183923.3
2019-06-18,13.52,13.67,13.47,13.66,122643.89
2019-06-19,13.89,14.09,13.83,13.83,260062.14
2019-06-20,13.82,14.39,13.8,14.21,409178.56
2019-06-21,14.17,14.31,14.1,14.2,256307.26
2019-06-24,14.24,14.6,14.14,14.36,327889.88
2019-06-25,14.38,14.39,14.04,14.2,240908.51
2019-06-26,14.19,14.51,14.14,14.44,218599.59
2019-06-27,14.46,14.61,14.42,14.49,195115.22
2019-06-28,14.5,14.5,14.28,14.46,189306.08
2019-07-01,14.7,15.05,14.7,14.89,343705.0
2019-07-02,14.89,15.1,14.82,15.04,309899.23
2019-07-03,14.98,15.35,14.92,15.01,338374.19
2019-07-04,15.07,15.21,14.78,14.87,305579.72
2019-07-05,14.94,15.01,14.77,14.87,191872.11
2019-07-08,14.85,14.92,14.41,14.6,263479.6
2019-07-09,14.67,14.79,14.47,14.58,174241.0
2019-07-10,14.68,14.71,14.37,14.48,173777.88
2019-07-11,14.55,14.78,14.39,14.48,185615.78
2019-07-12,14.44,14.63,14.41,14.48,173139.38
2019-07-15,14.46,14.7,14.11,14.59,233740.77
2019-07-16,14.63,14.66,14.34,14.38,188752.03
2019-07-17,14.39,14.39,14.14,14.17,210321.6
2019-07-18,14.12,14.14,13.87,13.98,204332.33
2019-07-19,14.04,14.24,13.94,14.06,207876.74
2019-07-22,14.06,14.1,13.82,13.84,167155.62
2019-07-23,13.88,13.99,13.72,13.97,217140.87
2019-07-24,13.97,14.16,13.95,14.12,228689.84
2019-07-25,14.14,14.22,14.04,14.21,167882.59
2019-07-26,14.19,14.19,13.99,14.08,189554.81
2019-07-29,14.12,14.15,13.9,13.95,223008.53
2019-07-30,13.93,14.22,13.93,14.12,210828.86
2019-07-31,14.17,14.18,14.06,14.08,136880.95
2019-08-01,14.04,14.12,13.87,14.12,220634.85
2019-08-02,13.85,13.92,13.45,13.53,486168.26
2019-08-05,13.45,13.46,13.16,13.22,263879.4
2019-08-06,12.99,13.02,12.64,12.91,417366.48
2019-08-07,13.01,13.05,12.84,12.89,174348.09
2019-08-08,12.99,12.99,12.85,12.97,207930.34
2019-08-09,13.01,13.15,12.98,13.0,215564.5
2019-08-12,13.03,13.16,12.97,13.16,190851.46
2019-08-13,13.05,13.15,12.86,12.89,235307.65
2019-08-14,13.09,13.21,12.92,12.97,292414.16
2019-08-15,12.55,12.74,12.44,12.74,382630.9
2019-08-16,12.67,12.9,12.62,12.77,327078.7
2019-08-19,12.8,13.24,12.8,13.18,382286.33
2019-08-20,13.2,13.35,13.14,13.27,254043.55
2019-08-21,13.18,13.29,13.05,13.1,213374.6
2019-08-22,13.19,13.21,12.98,13.05,209236.29
2019-08-23,13.06,13.1,12.89,13.04,243143.89
2019-08-26,12.74,13.02,12.67,12.95,236858.15
2019-08-27,13.09,13.53,13.06,13.41,425891.87
2019-08-28,13.63,13.66,13.27,13.43,246981.76
2019-08-29,13.43,13.51,13.23,13.31,232501.53
2019-08-30,13.49,13.8,13.41,13.62,433172.77
2019-09-02,13.62,13.82,13.62,13.69,350510.28
2019-09-03,13.72,13.74,13.32,13.48,347606.28
2019-09-04,13.45,13.6,13.34,13.57,301939.53
2019-09-05,13.67,13.85,13.62,13.67,376889.6
2019-09-06,13.72,13.75,13.58,13.71,217996.94
2019-09-09,13.84,13.87,13.53,13.62,429597.0
2019-09-10,13.62,13.71,13.47,13.53,303279.97
2019-09-11,13.57,13.63,13.42,13.57,284704.07
2019-09-12,13.63,13.68,13.54,13.64,286749.78
2019-09-16,13.65,13.68,13.46,13.55,288835.77
2019-09-17,13.55,13.55,13.27,13.28,207018.45
2019-09-18,13.3,13.46,13.28,13.35,187786.19
2019-09-19,13.42,13.56,13.38,13.54,218994.51
2019-09-20,13.51,13.73,13.5,13.55,330078.49
2019-09-23,13.65,13.67,13.32,13.41,182345.14
2019-09-24,13.4,13.48,13.2,13.23,244467.04
2019-09-25,13.18,13.2,12.93,12.97,225493.55
2019-09-26,13.06,13.22,13.0,13.05,252890.94
2019-09-27,13.14,13.18,12.96,13.15,188313.34
2019-09-30,13.09,13.25,13.05,13.09,168243.54
2019-10-08,13.09,13.37,13.08,13.31,225420.5
2019-10-09,13.26,13.36,13.13,13.34,200140.23
2019-10-10,13.34,13.51,13.26,13.46,153041.49
2019-10-11,13.47,13.58,13.41,13.5,131709.95
2019-10-14,13.69,13.71,13.48,13.53,179111.21
2019-10-15,13.56,13.6,13.34,13.38,199768.09
2019-10-16,13.47,13.61,13.33,13.39,205455.86
2019-10-17,13.35,13.44,13.29,13.35,116187.33
2019-10-18,13.41,13.45,13.2,13.26,195000.89
2019-10-21,13.3,13.3,13.14,13.28,184414.79
2019-10-22,13.28,13.33,13.19,13.27,165144.09
2019-10-23,13.27,13.33,13.17,13.24,129971.45
2019-10-24,13.26,13.26,12.96,13.02,197073.03
2019-10-25,13.04,13.28,12.95,13.27,180831.26
2019-10-28,13.45,13.55,13.33,13.43,256342.32
2019-10-29,13.44,13.55,13.37,13.43,192998.52
2019-10-30,13.44,13.49,12.97,13.03,235315.4
2019-10-31,13.36,13.77,13.36,13.69,687864.41
2019-11-01,13.81,14.95,13.75,14.86,1165507.47
2019-11-04,14.8,15.43,14.76,15.07,920286.93
2019-11-05,15.19,15.51,15.09,15.41,855279.57
2019-11-06,15.58,15.83,15.4,15.52,896932.07
2019-11-07,15.6,15.71,15.37,15.66,580457.79
2019-11-08,15.84,16.16,15.71,15.88,670419.83
2019-11-11,15.77,15.82,15.17,15.28,824863.02
2019-11-12,15.34,15.41,15.17,15.3,376817.14
2019-11-13,15.29,15.45,15.1,15.35,404409.9
2019-11-14,15.31,15.41,15.01,15.18,369636.63
2019-11-15,15.27,15.29,15.02,15.04,262602.77
2019-11-18,15.02,15.41,14.94,15.18,334950.94
2019-11-19,15.14,15.83,15.13,15.69,469321.2
2019-11-20,15.65,15.76,15.42,15.5,251778.45
2019-11-21,15.41,15.42,15.14,15.28,302279.09
2019-11-22,15.3,15.41,14.98,15.07,387783.11
2019-11-25,15.12,15.36,15.08,15.29,341984.29
2019-11-26,15.23,15.29,14.85,15.07,480681.19
2019-11-27,14.98,14.99,14.7,14.82,503047.93
2019-11-28,14.86,15.05,14.7,14.9,290104.44
2019-11-29,14.82,14.88,14.53,14.6,287576.18
2019-12-02,14.68,14.75,14.4,14.46,288665.1
2019-12-03,14.55,14.56,14.34,14.49,338991.56
2019-12-04,14.45,14.69,14.35,14.51,369142.3
2019-12-05,14.58,14.62,14.36,14.49,348319.9
2019-12-06,14.52,14.68,14.44,14.59,418406.15
2019-12-09,14.62,14.64,14.41,14.45,423977.22
2019-12-10,14.44,14.44,14.31,14.41,401055.39
2019-12-11,14.47,14.88,14.45,14.8,626207.43
2019-12-12,14.82,14.85,14.64,14.7,331987.81
2019-12-13,15.27,16.12,15.11,15.84,1330765.32
2019-12-16,15.76,16.24,15.68,16.06,876802.0
2019-12-17,16.22,16.24,15.83,15.97,680222.46
2019-12-18,15.95,16.06,15.81,15.82,449375.09
2019-12-19,15.99,16.11,15.71,15.92,455754.72
2019-12-20,15.96,16.26,15.87,16.1,499573.36
2019-12-23,16.09,16.55,15.97,16.23,685751.75
2019-12-24,16.22,16.67,16.16,16.61,470782.0
2019-12-25,16.63,16.72,16.3,16.36,361576.02
2019-12-26,16.4,17.1,16.34,17.03,489648.23
2019-12-27,16.97,17.08,16.64,16.65,517746.77
2019-12-30,16.58,16.71,16.44,16.53,451335.26
2019-12-31,16.52,16.8,16.51,16.69,332775.02
2020-01-02,16.74,17.13,16.65,17.01,632600.52
2020-01-03,17.03,17.13,16.26,16.35,708476.45
2020-01-06,16.18,16.53,15.96,16.25,624159.29
2020-01-07,16.27,16.57,16.18,16.48,437007.04
2020-01-08,16.38,16.66,16.26,16.46,344155.18
2020-01-09,16.64,16.82,16.54,16.65,308978.5
2020-01-10,16.72,17.07,16.71,17.02,335913.49
2020-01-13,17.12,17.13,16.81,17.02,348019.41
2020-01-14,17.16,17.31,16.95,17.12,369804.12
2020-01-15,17.11,17.11,16.76,16.82,296363.67
2020-01-16,16.92,16.94,16.65,16.72,242604.01
2020-01-17,16.77,16.89,16.48,16.65,244216.66
2020-01-20,16.44,16.73,16.43,16.63,389911.73
2020-01-21,16.59,16.72,16.33,16.6,383574.81
2020-01-22,16.47,16.64,16.3,16.57,309765.16
2020-01-23,16.51,16.51,15.58,15.89,457410.75
2020-02-03,14.3,15.18,14.3,14.55,810417.63
2020-02-04,14.63,15.01,14.59,14.85,557009.59
2020-02-05,14.94,15.1,14.76,14.98,694778.52
2020-02-06,14.99,15.26,14.72,15.17,517581.39
2020-02-07,15.04,15.22,14.98,15.2,331200.77
2020-02-10,15.11,15.47,14.81,15.41,394040.09
2020-02-11,15.49,16.04,15.4,15.88,493351.17
2020-02-12,15.77,16.22,15.67,15.93,312560.22
2020-02-13,16.0,16.18,15.59,15.66,353805.44
2020-02-14,15.65,15.76,15.44,15.58,263196.39
2020-02-17,15.65,15.92,15.42,15.9,289110.89
2020-02-18,15.9,15.94,15.61,15.84,299496.18
2020-02-19,15.8,15.8,15.56,15.59,357715.84
2020-02-20,15.59,16.18,15.49,16.17,511591.91
2020-02-21,16.15,16.38,15.96,16.11,397168.34
2020-02-24,16.05,16.05,15.65,15.67,516467.55
2020-02-25,15.41,15.47,15.01,15.23,528333.84
2020-02-26,14.86,15.36,14.86,15.07,409057.44
2020-02-27,15.15,15.36,15.07,15.23,305665.74
2020-02-28,14.89,15.02,14.48,14.57,527660.99
2020-03-02,14.64,15.2,14.63,15.1,430421.88
2020-03-03,15.23,15.35,14.98,15.1,345547.87
2020-03-04,14.98,15.34,14.87,15.31,381143.21
2020-03-05,15.44,15.93,15.32,15.82,506226.17
2020-03-06,15.62,15.73,15.41,15.43,343025.05
2020-03-09,15.06,15.32,14.76,15.05,523483.35
2020-03-10,14.88,15.32,14.83,15.15,485647.07
2020-03-11,15.15,15.19,14.83,14.85,324566.85
2020-03-12,14.64,14.64,14.29,14.34,528774.11
2020-03-13,13.52,14.26,13.35,13.9,620780.52
2020-03-16,13.78,13.86,13.15,13.3,590001.01
2020-03-17,13.18,13.52,12.84,12.92,536544.49
2020-03-18,13.04,13.33,12.85,12.85,454180.56
2020-03-19,12.85,13.01,12.13,12.45,729015.07
2020-03-20,12.58,12.64,12.27,12.5,471788.25
2020-03-23,12.02,12.19,11.81,11.85,487472.54
2020-03-24,12.07,12.54,12.06,12.51,526457.79
2020-03-25,12.92,12.97,12.66,12.87,485590.25
2020-03-26,12.76,12.83,12.47,12.52,331498.14
2020-03-27,12.75,12.85,12.58,12.64,363289.44
2020-03-30,12.48,12.48,12.06,12.24,433106.08
2020-03-31,12.39,12.58,12.3,12.32,320383.72
2020-04-01,12.37,12.8,12.33,12.56,339600.03
2020-04-02,12.47,12.73,12.39,12.71,313542.41
2020-04-03,12.67,12.85,12.58,12.65,247031.53
2020-04-07,12.92,13.01,12.78,12.81,359859.54
2020-04-08,12.69,12.79,12.6,12.69,265251.33
2020-04-09,12.78,12.84,12.72,12.73,186095.58
2020-04-10,12.76,13.33,12.6,13.09,534040.33
2020-04-13,12.92,13.33,12.9,13.24,444305.16
2020-04-14,13.18,13.27,12.97,13.19,394482.69
2020-04-15,12.97,13.05,12.69,12.77,497698.23
2020-04-16,12.66,12.67,12.5,12.62,292282.18
2020-04-17,12.68,12.82,12.66,12.68,299805.06
2020-04-20,12.7,12.8,12.5,12.75,384951.45
2020-04-21,12.73,12.75,12.5,12.59,291200.36
2020-04-22,12.51,12.75,12.44,12.72,247183.9
2020-04-23,12.78,13.13,12.78,12.92,466188.75
2020-04-24,13.01,13.01,12.71,12.74,243272.77
2020-04-27,12.81,12.97,12.75,12.75,233543.99
2020-04-28,12.77,12.98,12.45,12.89,288418.01
2020-04-29,12.84,13.56,12.75,13.46,467228.73
2020-04-30,13.25,13.37,13.1,13.23,651580.69
2020-05-06,12.97,13.08,12.77,13.03,845210.1
2020-05-07,12.97,12.97,12.77,12.81,468767.19
2020-05-08,12.88,13.37,12.84,13.14,947395.64
2020-05-11,13.29,13.67,13.16,13.33,849054.94
2020-05-12,13.32,13.48,13.15,13.27,548771.75
2020-05-13,13.22,13.22,12.97,13.09,556475.69
2020-05-14,13.02,13.12,12.91,12.94,412874.14
2020-05-15,12.92,13.15,12.91,12.94,421413.54
2020-05-18,12.95,13.01,12.79,12.89,352839.06
2020-05-19,13.03,13.3,13.03,13.2,554010.77
2020-05-20,13.19,13.19,12.99,13.12,303125.19
2020-05-21,13.14,13.41,13.12,13.21,508725.87
2020-05-22,13.31,13.34,12.84,12.88,433547.81
2020-05-25,12.84,13.06,12.8,12.92,248776.86
2020-05-26,13.01,13.38,12.98,13.35,570347.14
2020-05-27,13.39,13.86,13.32,13.74,765598.48
2020-05-28,13.72,14.04,13.44,13.62,536921.76
2020-05-29,13.59,14.16,13.54,14.16,649262.28
2020-06-01,14.25,14.46,14.08,14.22,729709.31
2020-06-02,14.22,15.37,13.93,14.58,807241.2
2020-06-03,14.3,14.38,13.98,14.07,719232.62
2020-06-04,14.18,14.26,13.88,13.96,459492.11
2020-06-05,14.04,14.42,13.91,14.34,517851.29
2020-06-08,14.46,14.94,14.46,14.55,790623.86
2020-06-09,14.55,15.13,14.42,14.87,513847.14
2020-06-10,14.77,14.87,14.56,14.67,367988.89
2020-06-11,14.68,14.79,14.23,14.32,425887.1
2020-06-12,13.99,14.22,13.89,14.2,488513.45
2020-06-15,14.04,14.16,13.63,13.71,526287.41
2020-06-16,13.86,14.11,13.82,14.08,352602.54
2020-06-17,14.29,14.49,14.18,14.37,443318.13
2020-06-18,14.25,14.86,14.22,14.7,482202.62
2020-06-19,14.68,15.09,14.68,14.99,526232.29
2020-06-22,14.98,15.07,14.75,14.99,420648.18
2020-06-23,14.98,15.2,14.69,14.8,266709.47
2020-06-24,14.83,15.4,14.81,15.34,508458.07
2020-06-29,15.25,15.73,15.17,15.35,519800.89
2020-06-30,15.5,15.7,15.06,15.15,401498.71
2020-07-01,15.26,15.41,15.1,15.36,316557.32
2020-07-02,15.3,15.62,15.19,15.51,440634.73
2020-07-03,15.53,15.76,15.17,15.39,508161.79
2020-07-06,15.5,16.24,15.49,16.11,558916.88
2020-07-07,16.11,16.54,15.9,15.91,599409.95
2020-07-08,15.88,16.08,15.7,15.92,534550.15
2020-07-09,15.92,15.99,15.59,15.94,674095.27
2020-07-10,15.84,15.86,15.34,15.38,732592.93
2020-07-13,15.32,15.71,15.31,15.66,509131.87
2020-07-14,15.73,15.78,15.33,15.45,431666.83
2020-07-15,15.49,16.06,15.48,15.88,809210.19
2020-07-16,15.9,15.95,14.72,14.83,654789.66
2020-07-17,14.89,15.5,14.89,15.26,455485.69
2020-07-20,15.31,15.6,14.85,15.53,580704.43
2020-07-21,15.49,15.64,15.23,15.33,393018.5
2020-07-22,15.33,15.95,15.2,15.67,553939.98
2020-07-23,15.5,15.71,15.07,15.38,583775.93
2020-07-24,15.25,15.26,14.37,14.47,708423.22
2020-07-27,14.45,14.5,14.14,14.2,380104.1
2020-07-28,14.3,14.51,14.2,14.29,337953.86
2020-07-29,14.45,15.72,14.3,15.72,1123981.64
2020-08-03,16.5,17.29,16.35,17.29,960343.47
2020-08-04,18.08,18.87,17.65,18.09,2042607.12
2020-08-05,17.94,19.68,17.54,19.11,1795616.07
2020-08-06,18.78,19.33,18.25,18.58,1132857.57
2020-08-07,18.35,19.98,18.35,19.73,1318355.02
2020-08-10,19.21,20.22,18.78,19.5,835118.02
2020-08-11,19.48,19.79,18.87,18.95,749755.85
2020-08-12,18.95,19.11,18.34,18.87,711516.31
2020-08-13,18.93,19.08,18.52,18.77,508289.52
2020-08-14,18.61,19.51,18.46,19.47,541183.46
2020-08-17,19.32,21.31,19.32,21.04,928311.36
2020-08-18,20.9,21.0,20.28,20.77,615833.68
2020-08-19,20.78,21.21,20.3,20.33,559855.81
2020-08-20,20.13,20.68,20.02,20.14,373936.93
2020-08-21,20.35,20.73,19.62,20.09,523439.78
2020-08-24,20.03,20.36,19.66,20.06,378786.33
2020-08-25,20.24,20.86,20.06,20.29,576060.43
2020-08-26,20.11,20.48,19.65,19.74,401193.68
2020-08-27,19.65,19.9,19.48,19.71,285764.73
2020-08-28,19.81,20.57,19.77,20.29,480087.39
2020-08-31,20.95,21.12,19.47,19.47,853027.15
2020-09-01,19.3,19.4,18.89,19.21,631005.94
2020-09-02,19.33,19.63,18.96,19.12,446323.19
2020-09-03,19.12,19.12,18.47,18.6,788740.97
2020-09-04,18.25,18.67,17.98,18.6,430622.92
2020-09-07,18.49,18.81,18.36,18.42,453839.95
2020-09-08,18.39,18.78,18.34,18.6,421577.48
2020-09-09,18.43,18.56,17.92,18.26,404182.33
2020-09-10,18.43,19.26,18.35,18.62,434692.61
2020-09-11,18.64,18.9,18.38,18.58,289850.45
2020-09-14,18.86,19.56,18.75,19.21,608455.44
2020-09-15,19.18,19.56,18.89,19.33,344817.35
2020-09-16,19.33,19.47,19.12,19.33,218939.99
2020-09-17,19.34,19.57,18.99,19.38,297392.74
2020-09-18,19.39,19.87,19.3,19.85,389083.18
2020-09-21,19.95,20.09,19.3,19.74,405807.42
2020-09-22,19.54,19.67,19.32,19.48,269329.32
2020-09-23,19.48,20.16,19.48,19.77,394486.38
2020-09-24,19.56,19.65,19.19,19.24,321150.6
2020-09-25,19.42,19.46,18.58,18.77,378493.54
2020-09-28,18.78,19.01,18.7,18.86,228794.8
2020-09-29,19.04,19.55,18.89,19.38,266712.8
2020-09-30,19.47,19.67,18.91,19.05,334326.82
2020-10-09,19.39,19.69,19.26,19.3,274366.86
2020-10-12,19.37,19.91,19.3,19.91,372744.57
2020-10-13,19.92,20.45,19.73,20.44,342028.25
2020-10-14,20.43,20.66,19.98,20.43,351503.79
2020-10-15,20.52,20.53,19.98,20.11,307103.43
2020-10-16,20.17,20.22,19.43,19.46,365988.54
2020-10-19,19.56,20.14,19.27,19.42,330885.88
2020-10-20,19.44,19.61,19.27,19.39,276889.28
2020-10-21,19.4,20.02,19.4,19.97,383881.36
2020-10-22,19.91,20.15,19.48,20.02,271884.6
2020-10-23,19.87,20.13,19.65,19.84,163326.01
2020-10-26,19.75,20.17,19.31,20.07,237696.12
2020-10-27,19.82,20.11,19.59,20.1,315206.07
2020-10-28,20.26,21.05,20.16,21.01,582393.58
2020-10-29,20.72,22.48,20.71,22.1,780607.24
2020-10-30,23.23,23.82,21.49,21.71,993547.67
2020-11-02,22.0,23.58,22.0,23.05,899440.07
2020-11-03,23.28,23.75,22.74,23.49,619592.6
2020-11-04,23.49,24.76,23.14,24.61,678474.11
2020-11-05,24.67,25.13,24.15,24.67,631995.66
2020-11-06,24.83,25.69,24.29,25.24,750281.36
2020-11-09,25.48,26.24,24.38,24.81,1095943.89
2020-11-10,24.43,25.12,23.59,24.89,599461.91
2020-11-11,24.81,25.05,24.39,24.45,446624.83
2020-11-12,24.61,25.41,24.61,25.02,396867.63
2020-11-13,24.94,25.41,24.58,24.8,437322.44
2020-11-16,25.31,25.38,24.36,25.09,533957.35
2020-11-17,25.09,26.27,24.99,25.41,738802.68
2020-11-18,25.24,25.41,24.03,24.55,760826.42
2020-11-19,24.64,25.41,24.5,25.41,586622.88
2020-11-20,25.44,26.38,25.16,25.8,613349.02
2020-11-23,25.55,26.74,25.34,26.55,580538.63
2020-11-24,26.46,26.46,24.89,25.28,869822.43
2020-11-25,25.28,25.35,24.59,24.71,466522.46
2020-11-26,24.55,24.89,23.58,23.88,601020.86
2020-11-27,24.02,25.06,24.02,24.71,473369.84
2020-11-30,24.52,24.88,23.55,23.55,441232.38
2020-12-01,24.09,24.29,23.81,24.19,308235.69
2020-12-02,24.19,24.84,23.96,24.2,395486.49
2020-12-03,24.17,24.17,23.59,23.88,391693.4
2020-12-04,23.79,23.83,23.18,23.77,436189.66
2020-12-07,23.88,24.01,23.49,23.6,345051.53
2020-12-08,23.94,23.96,23.24,23.55,431523.82
2020-12-09,23.57,23.68,22.91,22.98,354064.4
2020-12-10,23.1,23.23,22.78,22.88,330251.19
2020-12-11,23.04,23.26,22.5,22.97,399636.32
2020-12-14,22.97,23.04,22.26,22.62,558834.13
2020-12-15,22.53,23.04,22.33,22.71,410217.17
2020-12-16,22.88,23.61,22.79,23.39,618599.26
2020-12-17,23.46,24.36,23.3,23.87,597909.15
2020-12-18,23.84,24.33,23.75,24.15,403999.99
2020-12-21,24.16,24.16,22.78,23.23,911619.26
2020-12-22,23.14,23.57,22.84,23.07,588621.87
2020-12-23,23.07,24.21,22.82,23.96,806951.98
2020-12-24,23.93,24.87,23.67,24.8,559028.21
2020-12-25,24.76,25.17,24.3,24.83,434603.72
2020-12-28,24.6,25.82,24.57,25.31,660253.08
2020-12-29,25.24,25.24,24.22,24.43,658866.2
2020-12-30,24.45,24.8,24.2,24.54,428199.37
2020-12-31,24.45,25.64,24.2,25.51,613870.39
2021-01-04,25.38,26.63,24.77,26.21,979855.25
2021-01-05,25.94,28.06,25.77,27.75,882757.0
2021-01-06,27.87,28.86,27.48,27.64,780975.87
2021-01-07,27.68,28.8,27.62,28.54,777090.25
2021-01-08,28.34,29.33,27.87,28.82,593080.02
2021-01-11,28.82,29.71,28.05,28.53,666682.04
2021-01-12,28.57,30.76,28.08,30.74,833260.04
2021-01-13,30.87,31.25,29.68,30.68,633718.91
2021-01-14,30.36,30.81,29.32,29.56,436426.32
2021-01-15,29.17,29.43,28.38,29.09,603561.56
2021-01-18,29.08,30.73,29.08,30.53,510256.34
2021-01-19,30.54,30.62,28.64,29.48,635700.28
2021-01-20,29.12,29.38,28.59,29.04,477264.79
2021-01-21,29.19,30.28,29.04,29.69,554309.62
2021-01-22,30.01,30.25,28.89,29.82,449688.81
2021-01-25,29.88,31.04,29.68,30.84,551042.07
2021-01-26,30.55,30.55,28.82,28.99,601193.7
2021-01-27,28.91,29.95,28.64,29.43,505013.97
2021-01-28,28.82,29.38,27.79,27.94,483724.04
2021-01-29,28.52,28.72,27.16,27.81,422925.72
2021-02-01,27.94,28.12,27.39,27.77,393495.84
2021-02-02,28.12,29.08,27.92,29.04,497016.71
2021-02-03,29.25,29.49,28.03,28.64,405343.24
2021-02-04,28.38,28.72,27.87,28.62,369728.42
2021-02-05,28.47,30.08,28.21,29.41,559178.24
2021-02-08,29.47,30.51,29.17,30.27,497858.99
2021-02-09,30.29,30.6,29.28,30.02,522512.35
2021-02-10,29.87,30.79,29.72,30.48,408764.36
2021-02-18,31.09,31.39,29.0,29.27,720018.45
2021-02-19,28.82,28.95,27.82,28.47,598704.61
2021-02-22,28.49,28.51,25.67,25.78,1215898.74
2021-02-23,25.58,27.27,25.37,26.62,796227.24
2021-02-24,27.07,27.82,26.01,26.2,511900.14
2021-02-25,26.15,26.43,25.81,26.29,306402.42
2021-02-26,25.5,25.72,24.8,25.25,395638.33
2021-03-01,25.6,26.34,25.32,25.87,368274.46
2021-03-02,26.2,26.84,25.66,25.81,419653.77
2021-03-03,25.81,26.02,25.18,25.71,302490.37
2021-03-04,25.32,25.32,24.54,24.7,428445.13
2021-03-05,24.36,25.01,23.95,24.57,346236.58
2021-03-08,25.41,25.8,24.43,24.45,515509.3
2021-03-09,24.21,25.3,23.67,24.57,490711.52
2021-03-10,25.0,25.54,24.87,25.3,361811.74
2021-03-11,25.23,25.92,24.98,25.65,360473.59
2021-03-12,25.68,26.62,25.68,26.19,410894.47
2021-03-15,26.29,26.49,25.06,25.3,386118.58
2021-03-16,25.4,26.16,25.33,25.75,318000.2
2021-03-17,25.84,26.7,25.34,26.55,326611.59
2021-03-18,26.44,27.07,26.37,26.7,232448.38
2021-03-19,26.43,26.43,25.75,25.91,228753.8
2021-03-22,25.96,26.66,25.76,26.17,196892.59
2021-03-23,26.17,26.62,25.55,25.85,278687.45
2021-03-24,25.94,26.18,25.39,25.5,224594.94
2021-03-25,25.15,25.5,24.8,25.24,306548.13
2021-03-26,25.46,26.09,24.89,25.92,306533.81
2021-03-29,26.01,26.63,25.85,26.45,311074.95
2021-03-30,26.63,26.73,25.78,26.19,371608.61
2021-03-31,26.63,27.94,26.55,27.23,774240.27
2021-04-01,27.51,28.73,27.51,28.26,493459.72
2021-04-02,28.38,28.51,27.73,28.06,303622.75
2021-04-06,28.16,28.31,27.6,27.81,209080.13
2021-04-07,27.68,28.16,27.38,28.12,311997.85
2021-04-08,27.97,28.57,27.58,28.27,204637.78
2021-04-09,28.41,28.43,27.74,27.96,211355.44
2021-04-12,27.82,28.32,27.46,27.69,309611.31
2021-04-13,27.52,27.92,27.07,27.32,302274.0
2021-04-14,27.53,28.02,27.47,27.77,188946.35
2021-04-15,27.68,27.81,27.23,27.5,151797.35
2021-04-16,27.65,27.75,27.17,27.48,161282.07
2021-04-19,27.67,28.15,27.38,27.94,246395.92
2021-04-20,27.92,28.74,27.75,28.49,279176.19
2021-04-21,28.33,28.83,28.21,28.73,266866.62
2021-04-22,28.84,29.06,27.93,28.29,251931.98
2021-04-23,28.28,28.63,28.06,28.36,174503.95
2021-04-26,28.44,29.23,28.26,28.36,313542.88
2021-04-27,28.38,28.69,27.99,28.38,224221.62
2021-04-28,28.42,28.98,28.26,28.91,212999.11
2021-04-29,29.08,29.11,28.14,28.8,273572.16
2021-04-30,29.32,29.43,28.38,28.93,379558.8
2021-05-06,28.19,29.6,28.17,28.77,470850.94
2021-05-07,28.91,28.99,26.81,27.07,580933.78
2021-05-10,27.16,27.16,26.24,26.89,494513.49
2021-05-11,26.8,26.87,26.09,26.46,333649.69
2021-05-12,26.46,26.69,25.41,25.99,493110.94
2021-05-13,25.53,25.66,24.6,24.89,735319.45
2021-05-14,25.1,25.39,24.52,25.15,443958.25
2021-05-17,25.5,25.91,25.07,25.7,471910.41
2021-05-18,25.7,26.17,25.59,26.07,268434.8
2021-05-19,26.07,26.07,24.9,25.32,373741.36
2021-05-20,25.56,26.27,25.5,25.94,422020.03
2021-05-21,26.26,26.95,26.08,26.29,318157.81
2021-05-24,26.36,26.49,25.8,26.27,224077.56
2021-05-25,26.24,26.44,26.05,26.26,357723.98
2021-05-26,26.33,27.32,26.28,27.22,382647.27
2021-05-27,27.61,27.76,27.0,27.23,272116.77
2021-05-28,27.2,27.2,26.54,26.79,326056.05
2021-05-31,26.79,26.79,25.81,26.35,431401.85
2021-06-01,25.78,26.23,25.5,26.15,496674.73
2021-06-02,26.29,26.53,25.67,26.46,320004.73
2021-06-03,26.46,26.51,25.83,25.86,231139.69
2021-06-04,25.72,26.02,25.5,25.8,292619.15
2021-06-07,25.81,25.83,25.38,25.43,233701.85
2021-06-08,25.35,25.55,24.63,25.1,387500.19
2021-06-09,25.11,25.32,24.76,24.91,245954.19
2021-06-10,24.93,25.27,24.54,24.67,341077.87
2021-06-11,24.76,24.77,24.01,24.31,466869.41
2021-06-15,24.21,24.22,22.99,23.46,695590.19
2021-06-16,23.46,24.01,23.05,23.67,470979.58
2021-06-17,23.58,23.6,23.05,23.19,549419.46
2021-06-18,23.34,23.4,22.36,22.98,758472.95
2021-06-21,22.82,22.82,22.15,22.28,564446.2
2021-06-22,22.69,23.38,22.48,22.59,636641.9
2021-06-23,22.72,23.39,22.72,23.16,445969.98
2021-06-24,23.33,23.36,22.77,22.87,306173.11
2021-06-25,22.79,23.26,22.38,23.19,329706.12
2021-06-28,23.27,23.38,22.93,23.12,310930.46
2021-06-29,23.19,23.2,22.36,22.58,465014.87
2021-06-30,22.61,22.76,22.18,22.63,297169.56
2021-07-01,22.71,23.75,22.36,23.52,448618.78
2021-07-02,23.1,23.23,22.36,22.44,520875.28
2021-07-05,22.27,22.3,21.61,21.89,436854.88
2021-07-06,21.66,22.27,21.61,22.04,286192.02
2021-07-07,22.13,22.76,21.97,22.22,336081.45
2021-07-08,22.44,22.44,21.86,21.94,393324.52
2021-07-09,21.99,22.44,21.83,22.41,336558.73
2021-07-12,22.41,22.85,22.05,22.53,369193.43
2021-07-13,22.53,24.45,22.51,24.08,661115.84
2021-07-14,24.13,25.17,23.71,23.81,620575.39
2021-07-15,23.75,24.27,23.39,23.8,290937.99
2021-07-16,23.64,23.85,23.14,23.37,257385.93
2021-07-19,23.48,23.88,23.05,23.8,302557.63
2021-07-20,23.65,23.99,23.05,23.52,342020.53
2021-07-21,23.58,24.35,23.52,24.08,418619.81
2021-07-22,23.88,24.24,23.49,23.52,316102.07
2021-07-23,23.4,23.67,22.73,22.91,387322.7
2021-07-26,22.92,23.0,22.44,22.68,339436.47
2021-07-27,22.76,22.81,21.14,21.35,797640.02
2021-07-28,21.16,21.46,20.8,21.35,399956.32
2021-07-29,21.56,21.67,20.49,20.7,603830.18
2021-07-30,21.29,22.12,21.15,21.81,690573.99
2021-08-02,21.48,22.79,21.25,22.62,594734.51
2021-08-03,22.53,23.94,22.41,23.62,612019.89
2021-08-04,23.49,24.0,23.25,23.4,433403.11
2021-08-05,23.23,23.88,23.04,23.6,316167.52
2021-08-06,23.6,23.64,23.05,23.37,203187.24
2021-08-09,23.37,24.13,23.19,23.82,495812.33
2021-08-10,23.71,24.36,23.19,24.28,496343.71
2021-08-11,24.1,24.97,24.0,24.33,461379.0
2021-08-12,24.34,24.45,24.01,24.08,210927.07
2021-08-13,24.01,24.17,23.71,24.13,241381.3
2021-08-16,24.18,24.78,24.02,24.71,394302.35
2021-08-17,24.63,24.8,23.85,23.87,240142.85
2021-08-18,23.87,24.15,23.62,23.68,228896.41
2021-08-19,23.64,23.82,23.21,23.44,206963.14
2021-08-20,23.43,23.54,22.19,22.8,414251.28
2021-08-23,22.78,23.54,22.72,23.18,260227.7
2021-08-24,23.09,23.63,23.07,23.48,238327.68
2021-08-25,23.55,23.63,23.2,23.6,166224.32
2021-08-26,23.53,23.55,22.74,22.8,263955.83
2021-08-27,22.88,23.45,22.88,23.2,190771.68
2021-08-30,23.27,23.39,22.49,22.71,416826.65
2021-08-31,23.91,24.93,23.16,23.96,1097010.38
2021-09-01,23.86,25.76,23.54,25.64,1008832.36
2021-09-02,26.02,26.02,24.79,25.16,603171.18
2021-09-03,25.19,25.68,24.63,25.18,447090.44
2021-09-06,25.28,26.21,25.15,25.5,533619.13
2021-09-07,25.35,25.57,24.83,25.31,313970.16
2021-09-08,25.37,25.55,24.88,24.94,281546.16
2021-09-09,24.97,25.09,24.37,24.61,301423.72
2021-09-10,24.61,25.19,24.39,24.96,447215.38
2021-09-13,24.97,24.97,23.95,24.18,454542.01
2021-09-14,24.18,24.44,23.54,23.59,384721.98
2021-09-15,23.55,23.55,22.85,23.04,368180.46
2021-09-16,23.08,23.16,22.66,22.77,352994.58
2021-09-17,22.8,23.77,22.58,23.73,406095.76
2021-09-22,23.2,23.4,22.62,23.02,410724.38
2021-09-23,23.12,23.16,22.15,22.36,493623.31
2021-09-24,22.13,22.2,21.78,21.84,525861.81
2021-09-27,21.8,22.78,21.61,22.04,647995.24
2021-09-28,21.93,22.93,21.9,22.7,489347.16
2021-09-29,22.4,23.16,22.14,23.05,383899.32
2021-09-30,22.81,23.58,22.76,23.16,337700.03
2021-10-08,23.47,23.9,23.13,23.64,318555.31
2021-10-11,23.82,24.06,23.34,23.67,235309.67
2021-10-12,23.38,24.04,23.14,23.59,315976.81
2021-10-13,23.55,23.72,23.21,23.39,264610.63
2021-10-14,23.08,23.61,22.45,22.82,342061.2
2021-10-15,22.75,23.42,22.68,23.21,398716.34
2021-10-18,23.47,23.6,22.54,22.93,351929.57
2021-10-19,22.74,23.36,22.68,23.16,218820.28
2021-10-20,23.28,23.43,22.46,22.67,372525.1
2021-10-21,22.62,22.84,22.33,22.84,304492.0
2021-10-22,22.93,24.9,22.85,24.54,951756.79
2021-10-25,24.32,24.33,23.51,23.85,491803.09
2021-10-26,23.77,24.02,23.38,23.51,397489.16
2021-10-27,23.46,23.46,22.78,22.96,330860.17
2021-10-28,22.93,24.0,22.85,23.66,409974.64
2021-10-29,23.62,24.2,23.13,24.09,452252.56
2021-11-01,24.13,25.5,24.13,24.42,705876.78
2021-11-02,24.35,24.78,23.27,23.39,518980.39
2021-11-03,23.37,23.65,23.07,23.4,299000.95
2021-11-04,23.55,23.62,23.01,23.52,318000.18
2021-11-05,23.2,23.62,22.71,23.29,373576.88
2021-11-08,23.09,23.41,22.68,22.78,374000.45
2021-11-09,22.71,22.72,22.36,22.68,305936.05
2021-11-10,22.61,22.74,22.04,22.34,390224.03
2021-11-11,22.37,23.82,22.31,23.72,679597.15
2021-11-12,23.87,24.57,23.6,24.35,571016.03
2021-11-15,24.63,24.66,24.13,24.46,334794.46
2021-11-16,24.71,25.19,24.47,24.76,364857.27
2021-11-17,24.71,24.87,24.21,24.37,227188.0
2021-11-18,24.56,24.57,24.01,24.11,214017.66
2021-11-19,24.3,25.06,24.06,24.96,367111.53
2021-11-22,25.24,25.4,24.34,24.81,435341.77
2021-11-23,24.72,24.86,24.4,24.7,218824.96
2021-11-24,25.06,25.09,24.3,24.61,203549.77
2021-11-25,24.61,24.66,24.18,24.22,154733.77
2021-11-26,24.17,24.59,23.95,24.43,210747.29
2021-11-29,23.91,24.33,23.5,23.77,399642.81
2021-11-30,23.78,24.81,23.78,24.1,430984.29
2021-12-01,24.04,24.58,23.91,24.54,317118.68
2021-12-02,24.6,25.03,24.42,24.69,467169.13
2021-12-03,24.79,25.62,24.7,25.46,569699.12
2021-12-06,25.52,26.88,25.48,26.3,860564.05
2021-12-07,26.72,27.34,26.41,26.74,655051.27
2021-12-08,26.84,26.87,25.94,26.64,406789.74
2021-12-09,26.88,27.24,26.46,26.98,581576.58
2021-12-10,26.83,27.06,26.39,27.01,371847.6
2021-12-13,26.83,27.89,26.83,27.19,480405.28
2021-12-14,27.08,27.29,26.48,26.55,391622.47
2021-12-15,26.37,26.64,25.93,26.03,456431.02
2021-12-16,26.16,26.36,25.75,26.3,323256.49
2021-12-17,26.34,26.34,25.82,26.08,395711.04
2021-12-20,25.97,26.23,25.48,25.62,382087.19
2021-12-21,25.75,26.41,25.44,26.18,352614.48
2021-12-22,26.51,26.51,25.77,26.36,344046.53
2021-12-23,26.28,26.28,25.77,26.13,253180.32
2021-12-24,26.01,26.02,25.44,25.67,271988.83
2021-12-27,25.66,25.89,25.46,25.6,291291.6
2021-12-28,25.68,26.87,25.68,26.87,575489.99
2021-12-29,26.65,26.74,25.56,25.9,471354.21
2021-12-30,25.83,26.47,25.75,26.28,280501.84
2021-12-31,26.23,26.59,26.05,26.47,226517.88
2022-01-04,26.56,26.79,25.69,26.03,323264.06
2022-01-05,26.06,27.25,25.72,26.56,647503.18
2022-01-06,26.55,27.26,26.3,26.69,477298.77
2022-01-07,26.76,27.47,26.48,27.27,497874.58
2022-01-10,27.15,27.67,26.6,26.73,411072.49
2022-01-11,26.56,27.28,26.18,26.26,300418.75
2022-01-12,26.39,26.9,25.7,26.74,362859.59
2022-01-13,26.87,26.87,25.36,25.38,452010.7
2022-01-14,25.38,25.63,24.71,25.09,260912.41
2022-01-17,25.02,25.33,24.82,24.95,292056.3
2022-01-18,24.96,25.61,24.61,25.35,365719.93
2022-01-19,25.33,26.21,25.19,25.63,353934.43
2022-01-20,25.71,26.71,25.69,26.57,474726.13
2022-01-21,26.41,26.82,26.12,26.39,265174.01
2022-01-24,26.35,26.51,25.68,26.08,192800.44
2022-01-25,26.2,26.65,25.79,25.86,220527.84
2022-01-26,25.86,26.41,25.7,25.93,246854.07
2022-01-27,25.68,25.97,25.04,25.2,266225.91
2022-01-28,25.4,25.59,24.44,24.48,381148.77
2022-02-07,24.79,25.46,24.17,24.59,318121.54
2022-02-08,24.59,24.66,23.78,24.14,307211.47
2022-02-09,24.14,24.6,23.78,24.51,351267.89
2022-02-10,24.46,24.46,23.62,23.74,400612.09
2022-02-11,23.55,24.06,23.42,23.51,322182.12
2022-02-14,23.41,23.41,22.71,22.93,426849.3
2022-02-15,22.93,23.25,22.88,23.14,194566.65
2022-02-16,23.3,23.5,23.03,23.2,175334.65
2022-02-17,23.33,23.38,22.98,23.03,224205.44
2022-02-18,23.03,23.28,22.85,23.22,278133.97
2022-02-21,23.02,23.37,22.83,23.27,295964.36
2022-02-22,23.02,23.07,22.4,22.68,369252.75
2022-02-23,22.76,23.09,22.67,22.99,253159.85
2022-02-24,22.85,22.92,22.25,22.45,328804.5
2022-02-25,22.62,22.96,22.48,22.67,333636.77
2022-02-28,22.58,22.76,22.36,22.57,302392.01
2022-03-01,22.75,23.1,22.38,22.77,337923.34
2022-03-02,22.43,22.7,22.26,22.31,318113.09
2022-03-03,22.4,22.48,22.0,22.12,261222.04
2022-03-04,21.93,22.06,21.52,21.65,451698.89
2022-03-07,21.43,21.43,19.92,20.44,763257.84
2022-03-08,20.38,20.72,19.79,19.83,529949.76
2022-03-09,20.0,20.08,18.65,19.55,596059.97
2022-03-10,20.04,20.32,19.7,19.8,535564.69
2022-03-11,19.48,20.02,19.22,19.91,351553.67
2022-03-14,19.55,20.04,19.48,19.5,316327.59
2022-03-15,19.35,19.45,18.39,18.39,442157.37
2022-03-16,18.86,19.28,18.06,19.09,500299.2
2022-03-17,19.66,20.26,19.45,19.68,491330.65
2022-03-18,19.71,19.88,19.39,19.66,341680.45
2022-03-21,20.1,20.14,19.57,19.69,293676.49
2022-03-22,19.61,19.93,19.57,19.82,261109.21
2022-03-23,19.93,19.98,19.47,19.71,259610.33
2022-03-24,19.52,19.99,19.39,19.83,315571.96
2022-03-25,19.83,19.97,19.32,19.39,223065.65
2022-03-28,19.22,19.52,18.93,19.29,225515.02
2022-03-29,19.38,19.48,18.91,18.99,210984.75
2022-03-30,19.22,19.9,19.17,19.83,477667.69
2022-03-31,20.38,20.69,20.04,20.45,628159.2
2022-04-01,20.35,21.33,19.98,21.03,562995.15
2022-04-06,20.75,21.25,20.73,20.92,372499.29
2022-04-07,20.81,21.12,20.37,20.37,304505.5
2022-04-08,20.26,20.47,20.0,20.22,407839.62
2022-04-11,20.46,20.53,19.68,19.97,474793.56
2022-04-12,19.89,20.82,19.72,20.76,454690.88
2022-04-13,20.73,21.52,20.52,21.14,522532.61
2022-04-14,21.49,22.14,21.25,22.0,598880.37
2022-04-15,21.81,22.34,21.66,21.83,298468.48
2022-04-18,21.69,21.92,21.25,21.41,239929.53
2022-04-19,21.28,21.54,20.99,21.17,209123.01
2022-04-20,21.23,22.08,21.04,21.67,355025.83
2022-04-21,21.52,21.92,21.19,21.29,308326.15
2022-04-22,21.0,21.96,20.97,21.78,348138.67
2022-04-25,21.54,22.08,21.03,21.05,552958.28
2022-04-26,21.3,21.69,20.94,20.99,520208.98
2022-04-27,20.81,21.3,20.63,21.07,393571.96
2022-04-28,21.07,21.75,20.67,21.72,412438.65
2022-04-29,21.99,23.43,21.99,22.94,795679.71
2022-05-05,23.5,23.86,23.11,23.46,442577.31
2022-05-06,23.01,23.01,22.4,22.62,294498.6
2022-05-09,22.23,22.76,22.14,22.35,213992.76
2022-05-10,21.97,23.19,21.97,22.69,334620.38
2022-05-11,22.69,23.03,22.27,22.28,383512.98
2022-05-12,22.28,22.98,22.1,22.63,276474.7
2022-05-13,22.61,23.02,22.56,22.77,256091.82
2022-05-16,23.08,23.09,22.51,22.72,177637.79
2022-05-17,22.83,23.15,22.49,22.92,240718.23
2022-05-18,22.91,23.2,22.58,22.95,220509.28
2022-05-19,22.65,22.84,22.14,22.39,315453.26
2022-05-20,22.39,23.29,22.35,23.09,392487.43
2022-05-23,23.03,23.09,22.58,22.67,333004.35
2022-05-24,22.58,22.69,21.96,21.99,331101.37
2022-05-25,21.81,22.26,21.81,22.15,197102.63
2022-05-26,22.19,22.27,21.66,22.13,360396.7
2022-05-27,22.36,22.83,22.14,22.24,319865.92
2022-05-30,22.62,22.69,22.15,22.41,211088.85
2022-05-31,22.38,22.78,22.21,22.48,295358.25
2022-06-01,22.66,22.8,22.4,22.54,226293.42
2022-06-02,22.23,22.54,21.92,22.35,241011.81
2022-06-06,22.26,22.34,21.87,22.2,455139.2
2022-06-07,22.02,22.2,21.92,22.05,385450.81
2022-06-08,22.23,22.23,21.25,21.55,621937.48
2022-06-09,21.36,21.43,20.81,20.84,631833.56
2022-06-10,20.83,21.32,20.68,21.27,369507.79
2022-06-13,20.98,21.21,20.69,20.9,362080.75
2022-06-14,20.76,21.34,20.72,21.34,331684.65
2022-06-15,21.25,22.11,21.25,21.69,435697.63
2022-06-16,21.71,22.0,21.64,21.67,293274.33
2022-06-17,21.53,22.31,21.41,22.13,387742.16
2022-06-20,22.13,22.82,22.12,22.62,493577.57
2022-06-21,22.71,23.16,22.39,22.9,396139.65
2022-06-22,22.96,22.96,22.39,22.52,289248.35
2022-06-23,22.44,22.81,22.36,22.56,300717.03
2022-06-24,22.62,23.72,22.57,23.57,568888.66
2022-06-27,23.47,24.51,23.32,24.17,573962.49
2022-06-28,24.0,24.16,23.75,23.92,262863.15
2022-06-29,23.91,24.35,23.62,23.75,287437.76
2022-06-30,23.73,24.69,23.64,24.32,297642.83
2022-07-01,24.44,24.61,23.76,23.91,199397.15
2022-07-04,23.89,24.17,23.61,24.07,201374.19
2022-07-05,24.23,24.69,23.25,23.55,371493.14
2022-07-06,23.7,24.16,23.3,23.57,318178.34
2022-07-07,23.32,23.57,22.93,23.29,266484.93
2022-07-08,23.52,23.59,23.02,23.18,163784.26
2022-07-11,23.02,23.42,22.64,23.31,304209.77
2022-07-12,23.2,24.32,23.2,23.91,455164.78
2022-07-13,23.99,24.19,23.2,23.31,359362.43
2022-07-14,23.69,23.88,22.24,22.54,561370.87
2022-07-15,22.26,22.77,21.83,21.83,390031.64
2022-07-18,21.83,22.77,21.69,22.55,271864.69
2022-07-19,22.36,22.55,22.05,22.26,207089.64
2022-07-20,22.49,22.71,22.32,22.47,222344.91
2022-07-21,22.48,22.62,22.07,22.09,194363.32
2022-07-22,22.08,22.43,21.69,22.1,235205.18
2022-07-25,22.13,22.46,21.83,22.27,256015.93
2022-07-26,22.27,22.71,22.23,22.67,304192.47
2022-07-27,22.48,22.7,22.24,22.37,172360.62
2022-07-28,22.51,22.62,22.17,22.27,184025.44
2022-07-29,22.36,22.54,21.92,21.95,246470.1
2022-08-01,21.78,21.89,21.43,21.54,265650.09
2022-08-02,21.31,21.34,20.86,21.1,221254.27
2022-08-03,21.1,21.42,20.59,20.64,262860.12
2022-08-04,20.81,20.87,20.44,20.63,195672.26
2022-08-05,20.7,20.87,20.18,20.76,393498.11
2022-08-08,20.64,21.14,20.53,20.83,343681.77
2022-08-09,21.11,21.11,20.73,20.79,192270.49
2022-08-10,20.85,20.85,20.15,20.19,371125.14
2022-08-11,20.33,20.83,20.25,20.79,286140.72
2022-08-12,20.82,21.07,20.68,20.97,211913.41
2022-08-15,20.98,21.15,20.8,20.91,215087.86
2022-08-16,20.84,21.12,20.79,20.92,212791.77
2022-08-17,20.94,21.71,20.81,21.54,319189.88
2022-08-18,21.51,21.54,21.11,21.25,203183.98
2022-08-19,21.2,21.65,21.19,21.53,217584.37
2022-08-22,21.34,21.95,21.31,21.61,243212.86
2022-08-23,21.66,22.05,21.5,21.89,225344.6
2022-08-24,21.9,22.09,21.6,21.93,264590.61
2022-08-25,22.02,22.1,21.72,22.08,130131.67
2022-08-26,22.17,22.2,21.73,21.96,147472.85
2022-08-29,21.8,22.34,21.73,22.17,155435.39
2022-08-30,22.36,22.97,22.35,22.92,472025.94
2022-08-31,22.89,23.6,22.74,23.35,398627.56
2022-09-01,23.35,24.1,23.28,23.65,526331.87
2022-09-02,23.51,23.6,23.01,23.13,301106.89
2022-09-05,22.97,23.28,22.56,23.09,282180.49
2022-09-06,23.26,23.37,22.77,23.19,215234.67
2022-09-07,23.19,23.47,23.11,23.28,255509.46
2022-09-08,23.46,23.78,23.25,23.36,213112.43
2022-09-09,23.53,24.13,23.27,23.92,338630.79
2022-09-13,23.71,24.11,23.62,23.9,203952.27
2022-09-14,23.66,24.06,23.26,23.91,214264.59
2022-09-15,23.91,24.45,23.84,24.26,326492.82
2022-09-16,23.92,24.12,23.46,23.52,332751.18
2022-09-19,23.41,23.69,23.19,23.61,205752.99
2022-09-20,23.61,23.7,23.15,23.35,243265.11
2022-09-21,23.19,23.43,22.47,22.73,421283.53
2022-09-22,22.46,22.52,21.89,22.17,343450.41
2022-09-23,22.31,22.49,21.89,22.11,251276.06
2022-09-26,21.76,22.74,21.76,22.52,327500.81
2022-09-27,22.29,23.19,22.29,23.1,242638.98
2022-09-28,22.88,23.28,22.67,22.83,254546.57
2022-09-29,23.12,23.14,22.38,22.51,286950.46
2022-09-30,22.56,22.73,22.25,22.36,267702.88
2022-10-10,22.76,22.8,22.3,22.39,268754.74
2022-10-11,22.52,22.56,22.11,22.42,186838.2
2022-10-12,22.43,22.57,21.69,22.55,164177.75
2022-10-13,22.39,22.53,21.72,21.83,197572.87
2022-10-14,21.89,22.74,21.88,22.24,267253.43
2022-10-17,22.36,22.36,21.84,22.05,224319.8
2022-10-18,22.12,22.69,22.12,22.36,256115.52
2022-10-19,22.29,22.51,21.15,21.22,350574.13
2022-10-20,20.98,21.55,20.92,21.1,234808.64
2022-10-21,21.21,21.34,20.75,20.83,214113.59
2022-10-24,20.68,21.01,19.95,20.0,368965.48
2022-10-25,20.32,20.39,19.82,19.93,265203.0
2022-10-26,19.9,20.19,19.5,19.67,321098.42
2022-10-27,19.67,19.97,19.5,19.58,297640.52
2022-10-28,19.67,19.81,19.12,19.22,263463.25
2022-10-31,19.42,19.59,18.69,18.77,437514.18
2022-11-01,18.95,19.36,18.73,19.36,458663.8
2022-11-02,19.21,19.97,19.04,19.73,468946.25
2022-11-03,19.62,19.71,19.27,19.33,231801.95
2022-11-04,19.32,20.31,19.31,20.05,449428.51
2022-11-07,19.93,20.45,19.88,20.26,285876.45
2022-11-08,20.27,20.44,20.04,20.3,201606.85
2022-11-09,20.29,20.58,20.16,20.23,176529.68
2022-11-10,19.99,20.31,19.86,20.18,161700.86
2022-11-11,21.06,21.74,20.59,21.37,538107.33
2022-11-14,21.96,22.62,21.57,21.7,580093.53
2022-11-15,21.66,22.04,21.49,21.8,206156.25
2022-11-16,21.78,21.8,21.39,21.64,221602.46
2022-11-17,21.52,21.8,21.34,21.61,170557.52
2022-11-18,21.64,21.89,21.39,21.68,200332.18
2022-11-21,21.67,21.68,21.15,21.3,248722.55
2022-11-22,21.45,21.76,21.35,21.58,174105.01
2022-11-23,21.59,21.98,21.36,21.66,184444.63
2022-11-24,21.71,21.94,21.39,21.5,107727.89
2022-11-25,21.43,21.93,21.43,21.84,187805.92
2022-11-28,21.48,21.6,20.89,21.24,265219.4
2022-11-29,21.52,22.26,21.52,22.2,504848.35
2022-11-30,22.1,22.37,21.92,22.14,209951.01
2022-12-01,22.43,22.62,21.94,22.1,295634.68
2022-12-02,21.97,22.09,21.42,21.68,304121.25
2022-12-05,21.93,22.47,21.68,22.37,335190.01
2022-12-06,22.15,22.56,22.11,22.37,184744.52
2022-12-07,22.36,22.55,22.1,22.15,197827.29
2022-12-08,22.17,22.28,21.9,22.2,194688.34
2022-12-09,22.38,23.0,22.2,22.97,410623.19
2022-12-12,22.56,22.74,22.38,22.47,276370.01
2022-12-13,22.42,22.61,22.18,22.48,201159.67
2022-12-14,22.36,22.73,22.35,22.5,177259.63
2022-12-15,22.47,22.89,22.15,22.28,264471.63
2022-12-16,22.17,22.56,22.16,22.56,187232.41
2022-12-19,22.41,22.86,22.26,22.37,211235.4
2022-12-20,22.15,22.29,21.56,21.7,220582.49
2022-12-21,21.87,22.36,21.71,22.08,226061.85
2022-12-22,22.38,22.52,22.02,22.33,192620.07
2022-12-23,22.25,22.44,21.99,22.17,160639.86
2022-12-26,22.24,22.25,21.79,21.87,161146.69
2022-12-27,22.03,22.74,21.87,22.64,250403.06
2022-12-28,22.73,22.73,22.29,22.51,184723.34
2022-12-29,22.4,22.5,22.07,22.28,154764.95
2022-12-30,22.4,22.52,22.08,22.08,210690.94
2023-01-03,22.01,22.11,21.67,21.99,286575.47
2023-01-04,22.29,22.73,21.96,22.44,333034.75
2023-01-05,22.72,23.42,22.54,23.2,400155.63
2023-01-06,23.21,23.41,22.89,23.14,327424.34
2023-01-09,23.24,23.35,23.01,23.07,177729.44
2023-01-10,22.98,23.47,22.95,23.24,156341.47
2023-01-11,23.24,23.72,23.06,23.54,249387.7
2023-01-12,23.52,23.63,23.1,23.23,233020.88
2023-01-13,23.37,23.83,23.16,23.82,286116.04
2023-01-16,23.81,24.77,23.74,24.57,431369.27
2023-01-17,24.41,24.73,24.11,24.31,265447.63
2023-01-18,24.31,24.45,23.91,23.96,190788.44
2023-01-19,24.08,24.09,23.56,23.79,223566.06
2023-01-20,23.84,23.96,23.55,23.82,240186.19
2023-01-30,24.19,24.24,23.46,23.6,345948.47
2023-01-31,23.61,23.91,23.12,23.19,300740.24
2023-02-01,23.28,23.52,23.09,23.25,324428.73
2023-02-02,23.34,23.86,23.2,23.79,359768.58
2023-02-03,23.47,23.69,23.27,23.38,243615.2
2023-02-06,23.26,23.37,22.83,23.0,250153.4
2023-02-07,23.05,23.65,23.04,23.37,180401.35
2023-02-08,23.37,23.74,23.25,23.61,226232.46
2023-02-09,23.62,23.92,23.42,23.72,202424.07
2023-02-10,23.81,23.84,23.53,23.61,126402.36
2023-02-13,23.47,24.16,23.47,24.1,213801.1
2023-02-14,24.12,24.23,23.97,24.16,138317.0
2023-02-15,24.17,24.17,23.61,23.7,177969.11
2023-02-16,23.9,24.23,23.56,23.74,218545.44
2023-02-17,23.7,23.93,23.36,23.41,136794.26
2023-02-20,23.48,25.0,23.44,24.86,478858.77
2023-02-21,24.91,24.99,24.58,24.91,205278.91
2023-02-22,24.73,24.91,24.5,24.74,176018.14
2023-02-23,24.73,25.13,24.36,24.49,226966.52
2023-02-24,24.46,24.49,23.82,23.95,277988.11
2023-02-27,23.74,23.93,23.38,23.68,235119.72
2023-02-28,23.72,23.96,23.4,23.74,263718.1
2023-03-01,23.74,24.05,22.95,23.62,418613.98
2023-03-02,23.49,23.68,23.29,23.47,344866.76
2023-03-03,23.64,23.66,23.28,23.45,272953.77
2023-03-06,23.37,23.38,22.75,22.79,367383.43
2023-03-07,22.76,23.0,22.25,22.36,315288.22
2023-03-08,22.26,22.35,21.97,22.18,237555.17
2023-03-09,22.19,22.23,21.73,21.8,324873.73
2023-03-10,21.64,21.8,21.21,21.21,312845.88
2023-03-13,21.29,22.07,21.29,21.76,416401.43
2023-03-14,21.73,21.75,21.03,21.28,325255.6
2023-03-15,21.53,21.59,21.26,21.39,238352.17
2023-03-16,21.21,21.51,21.17,21.4,156197.65
2023-03-17,21.51,21.62,21.05,21.1,308735.64
2023-03-20,21.13,21.33,20.8,20.83,297839.25
2023-03-21,20.93,21.61,20.84,21.51,316452.8
2023-03-22,21.54,21.74,21.1,21.19,267631.71
2023-03-23,21.16,21.32,21.03,21.12,206482.94
2023-03-24,21.12,21.26,20.89,21.19,250219.0
2023-03-27,21.21,21.4,20.96,21.08,292395.29
2023-03-28,21.13,21.21,20.85,21.13,271972.34
2023-03-29,21.2,21.26,20.98,21.2,267262.22
2023-03-30,21.22,22.01,21.09,21.86,504387.67
2023-03-31,21.48,21.56,20.35,20.47,1304615.95
2023-04-03,20.47,20.85,20.04,20.11,958727.74
2023-04-04,20.21,20.23,19.47,19.86,734148.42
2023-04-06,19.75,20.13,19.67,20.12,385395.84
2023-04-07,20.08,20.49,20.01,20.3,344159.55
2023-04-10,20.33,20.44,20.22,20.35,249743.87
2023-04-11,20.41,20.75,20.38,20.5,456447.02
2023-04-12,21.21,21.21,20.55,20.75,494817.44
2023-04-13,20.58,20.72,20.43,20.56,317424.72
2023-04-14,20.56,20.83,20.5,20.54,282967.0
2023-04-17,20.54,21.16,20.51,21.12,563767.65
2023-04-18,21.0,21.34,20.95,21.23,405354.99
2023-04-19,21.15,21.21,20.58,20.69,411414.65
2023-04-20,20.69,21.34,20.65,21.2,550810.5
2023-04-21,21.12,21.34,20.77,20.8,389939.5
2023-04-24,20.8,21.07,20.23,20.41,348782.07
2023-04-25,20.44,20.52,19.95,20.3,286415.37
2023-04-26,20.29,20.6,20.08,20.27,199784.99
2023-04-27,20.34,20.35,19.96,20.26,288791.48
2023-04-28,20.98,21.5,20.86,21.39,750114.76
2023-05-04,21.46,21.61,21.17,21.21,409500.71
2023-05-05,21.24,21.43,20.32,20.4,434621.73
2023-05-08,20.42,20.49,19.96,20.2,361593.07
2023-05-09,20.14,20.48,20.01,20.09,347423.0
2023-05-10,20.12,20.6,20.01,20.43,274572.95
2023-05-11,20.39,20.67,20.15,20.19,221932.39
2023-05-12,20.2,20.61,20.13,20.23,283370.69
2023-05-15,20.45,20.46,19.88,20.26,346419.88
2023-05-16,20.26,20.27,20.04,20.14,212063.93
2023-05-17,20.08,20.19,19.9,19.94,226854.6
2023-05-18,19.89,20.25,19.76,19.94,278774.59
2023-05-19,19.92,20.67,19.72,20.2,419893.19
2023-05-22,20.2,20.89,20.15,20.86,398537.5
2023-05-23,20.78,20.89,20.62,20.69,238624.94
2023-05-24,20.67,20.68,20.11,20.12,276105.54
2023-05-25,20.04,20.21,19.99,20.11,167985.66
2023-05-26,20.13,20.17,19.69,20.0,209529.65
2023-05-29,20.08,20.33,19.68,19.78,307690.61
2023-05-30,19.78,19.92,19.31,19.58,326063.74
2023-05-31,19.63,19.63,19.13,19.39,301310.27
2023-06-01,19.39,19.58,19.18,19.37,235397.71
2023-06-02,19.49,20.62,19.4,20.53,691371.94
2023-06-05,20.42,20.67,20.2,20.62,249641.08
2023-06-06,20.6,21.01,20.46,20.53,252433.07
2023-06-07,20.62,20.85,20.3,20.42,177767.24
2023-06-08,20.49,20.88,20.32,20.76,184184.55
2023-06-09,20.87,21.03,20.49,20.58,194183.18
2023-06-12,20.47,21.19,20.47,21.04,298098.67
2023-06-13,20.94,21.15,20.76,20.98,187571.49
2023-06-14,21.03,21.16,20.88,21.06,244939.91
2023-06-15,21.16,21.53,21.1,21.45,357695.17
2023-06-16,21.53,21.66,21.3,21.52,340030.93
2023-06-19,21.53,21.53,21.03,21.13,288018.87
2023-06-20,21.21,21.59,21.1,21.3,220645.78
2023-06-21,21.16,21.45,21.12,21.14,195676.38
2023-06-26,21.0,21.26,20.85,21.15,251771.68
2023-06-27,21.26,21.61,21.15,21.48,239849.36
2023-06-28,21.43,21.64,21.34,21.51,179091.78
2023-06-29,21.51,21.56,21.16,21.24,165351.36
2023-06-30,21.45,21.68,21.19,21.19,277093.55
2023-07-03,21.24,21.48,20.98,21.03,336218.56
2023-07-04,20.98,21.15,20.65,20.82,276013.62
2023-07-05,20.82,20.87,20.6,20.7,175796.45
2023-07-06,20.63,21.11,20.42,20.58,253019.86
2023-07-07,20.48,20.7,20.41,20.63,158299.23
2023-07-10,20.76,20.96,20.73,20.87,206935.08
2023-07-11,21.12,21.21,20.96,21.06,220415.28
2023-07-12,21.08,21.16,20.85,20.92,144908.05
2023-07-13,20.99,21.21,20.96,21.05,245730.68
2023-07-14,21.12,21.12,20.74,20.8,193375.46
2023-07-17,20.79,20.79,20.45,20.6,146886.21
2023-07-18,20.58,20.61,20.19,20.58,199443.94
2023-07-19,20.42,20.81,20.36,20.81,177355.96
2023-07-20,20.77,21.02,20.7,20.87,167024.54
2023-07-21,20.76,21.02,20.65,20.71,176656.86
2023-07-24,20.5,20.75,20.4,20.47,152709.7
2023-07-25,20.76,21.6,20.76,21.52,559110.92
2023-07-26,21.48,21.63,21.36,21.56,167318.33
2023-07-27,21.55,21.66,21.26,21.32,187972.34
2023-07-28,21.32,22.2,21.3,22.07,484109.16
2023-07-31,22.45,22.76,22.16,22.29,402359.32
2023-08-01,22.3,22.53,22.03,22.17,254333.69
2023-08-02,22.17,22.39,22.07,22.17,139714.71
2023-08-03,22.16,22.34,21.99,22.29,183488.88
2023-08-04,22.43,22.96,22.17,22.2,233562.69
2023-08-07,22.2,22.29,21.84,21.97,186822.02
2023-08-08,21.81,22.1,21.73,21.85,221600.67
2023-08-09,21.82,21.99,21.7,21.75,128666.02
2023-08-10,21.68,21.91,21.52,21.83,176154.82
2023-08-11,21.86,21.87,21.28,21.3,207794.41
2023-08-14,21.12,21.25,20.71,21.0,210515.79
2023-08-15,21.03,21.26,20.79,21.15,151147.66
2023-08-16,20.95,21.36,20.92,21.12,215855.78
2023-08-17,20.94,21.15,20.85,21.09,183655.62
2023-08-18,20.94,21.08,20.61,20.68,165021.65
2023-08-21,20.65,20.76,20.36,20.46,166925.89
2023-08-22,20.5,20.73,20.33,20.65,212800.81
2023-08-23,20.58,20.78,20.19,20.19,206644.97
2023-08-24,20.22,20.95,20.22,20.76,246371.4
2023-08-25,20.72,21.08,20.71,20.89,233261.26
2023-08-28,22.02,22.18,21.52,21.67,405721.05
2023-08-29,21.74,21.77,21.37,21.57,218903.38
2023-08-30,21.74,21.82,21.46,21.69,172724.14
2023-08-31,21.74,22.05,21.7,21.75,412738.61
2023-09-01,21.9,22.62,21.9,22.43,354836.55
2023-09-04,22.77,23.01,22.56,22.92,490203.74
2023-09-05,22.83,22.93,22.71,22.87,160981.07
2023-09-06,22.75,22.92,22.52,22.76,205749.43
2023-09-07,22.75,22.76,22.51,22.65,141121.79
2023-09-08,22.61,22.61,22.2,22.43,127562.07
2023-09-11,22.52,22.62,22.24,22.31,134070.39
2023-09-12,22.37,22.46,22.24,22.32,146286.86
2023-09-13,22.37,22.44,22.18,22.24,159289.13
2023-09-14,22.38,22.38,22.11,22.2,177104.75
2023-09-15,22.33,22.38,21.89,22.06,204425.14
2023-09-18,22.02,22.14,21.75,22.07,124798.15
2023-09-19,22.12,22.27,21.86,22.2,126149.41
2023-09-20,22.17,22.38,22.03,22.3,173747.26
2023-09-21,22.3,22.35,22.04,22.14,141752.69
2023-09-22,22.27,22.52,22.06,22.41,270821.46
2023-09-25,22.64,22.64,22.17,22.21,169764.82
2023-09-26,22.12,22.32,21.98,22.08,151107.99
2023-09-27,22.2,22.37,22.0,22.13,182463.85
2023-09-28,22.14,22.25,21.78,21.83,217405.0
2023-10-09,21.78,22.01,21.57,21.62,169891.87
2023-10-10,21.81,21.87,21.24,21.42,192908.75
2023-10-11,21.62,21.66,21.18,21.35,152909.44
2023-10-12,21.66,21.69,21.41,21.52,120271.23
2023-10-13,21.29,21.49,21.23,21.29,118025.86
2023-10-16,21.39,21.48,21.07,21.11,164172.14
2023-10-17,21.14,21.43,21.01,21.35,158248.8
2023-10-18,21.25,21.48,21.2,21.41,139482.47
2023-10-19,21.32,21.35,20.91,20.92,176355.11
2023-10-20,20.81,20.95,20.72,20.79,135754.92
2023-10-23,20.79,20.95,20.43,20.56,133808.82
2023-10-24,20.67,20.83,20.29,20.42,231878.05
2023-10-25,20.64,20.76,20.33,20.48,248263.12
2023-10-26,20.57,20.65,20.33,20.64,118293.23
2023-10-27,20.59,21.04,20.53,20.94,152410.81
2023-10-30,20.81,20.92,20.59,20.74,249417.45
2023-10-31,20.8,20.8,20.31,20.55,304853.6
2023-11-01,20.52,20.69,20.34,20.61,203534.62
2023-11-02,20.72,21.0,20.63,20.75,177142.99
2023-11-03,20.8,20.95,20.77,20.91,183432.06
2023-11-06,20.98,21.0,20.54,20.91,353494.13
2023-11-07,20.81,20.82,20.65,20.75,180095.68
2023-11-08,20.67,20.79,20.54,20.66,188605.03
2023-11-09,20.66,20.79,20.56,20.61,153222.67
2023-11-10,20.54,20.72,20.5,20.65,145557.77
2023-11-13,20.66,20.67,20.07,20.18,381369.7
2023-11-14,20.19,20.54,20.17,20.47,241976.62
2023-11-15,20.64,20.81,20.54,20.79,170696.33
2023-11-16,20.72,20.84,20.57,20.68,115073.4
2023-11-17,20.6,20.72,20.4,20.55,155458.9
2023-11-20,20.58,20.95,20.44,20.81,246369.84
2023-11-21,20.95,21.07,20.81,20.86,161585.87
2023-11-22,20.75,20.87,20.65,20.72,95250.19
2023-11-23,20.67,20.84,20.54,20.77,132379.36
2023-11-24,20.81,20.92,20.74,20.8,124641.62
2023-11-27,20.62,20.72,20.16,20.32,294816.04
2023-11-28,20.32,20.61,20.23,20.58,179261.19
2023-11-29,20.58,20.62,20.17,20.31,170777.68
2023-11-30,20.44,20.58,20.2,20.46,184959.57
2023-12-01,20.52,20.54,19.75,19.84,407505.08
2023-12-04,19.8,19.82,19.57,19.66,182682.53
2023-12-05,19.68,19.69,19.31,19.33,219614.82
2023-12-06,19.3,19.44,19.17,19.28,153186.96
2023-12-07,19.29,19.41,19.1,19.29,206920.66
2023-12-08,19.15,19.49,19.1,19.24,269175.2
2023-12-11,19.15,19.21,18.88,19.06,491965.94
2023-12-12,18.99,19.28,18.87,19.28,284872.28
2023-12-13,19.21,19.21,18.66,18.66,344163.65
2023-12-14,18.74,18.87,18.65,18.69,190969.78
2023-12-15,18.76,19.02,18.63,18.67,238469.44
2023-12-18,18.6,18.85,18.37,18.77,188948.52
2023-12-19,18.69,18.89,18.65,18.89,156531.59
2023-12-20,19.03,19.05,18.59,18.59,217938.64
2023-12-21,18.56,18.86,18.44,18.81,229765.47
2023-12-22,18.81,19.38,18.72,19.18,271860.16
2023-12-25,19.2,19.32,19.09,19.25,137778.54
2023-12-26,19.25,19.25,18.98,19.07,92852.0
2023-12-27,19.06,19.19,18.95,19.17,165401.43
2023-12-28,19.17,19.55,19.07,19.5,269636.61
2023-12-29,19.51,19.73,19.24,19.43,301425.24
2024-01-02,19.47,19.47,19.22,19.23,181758.27
2024-01-03,19.18,19.35,19.13,19.2,123580.9
2024-01-04,19.16,19.3,18.87,19.24,234247.1
2024-01-05,19.15,20.11,19.06,19.8,514856.81
2024-01-08,19.88,19.94,19.59,19.6,275428.67
2024-01-09,19.68,19.82,19.42,19.8,202378.66
2024-01-10,19.7,19.96,19.63,19.88,211566.96
2024-01-11,19.84,20.06,19.71,19.86,181492.45
2024-01-12,19.8,19.98,19.72,19.85,128041.18
2024-01-15,19.7,20.12,19.7,20.03,154741.44
2024-01-16,19.89,20.26,19.82,20.08,220275.73
2024-01-17,20.05,20.24,19.84,19.9,370593.99
2024-01-18,20.07,20.12,19.55,20.01,386638.7
2024-01-19,19.89,20.18,19.81,20.04,287378.52
2024-01-22,20.0,20.3,19.82,20.04,441394.84
2024-01-23,20.04,20.18,19.62,19.93,283040.98
2024-01-24,20.17,20.42,19.98,20.33,362003.01
2024-01-25,20.54,20.55,20.2,20.4,272022.07
2024-01-26,20.29,20.67,20.26,20.56,269153.66
2024-01-29,20.67,21.16,20.65,20.99,358488.56
2024-01-30,20.81,20.97,20.63,20.81,279875.8
2024-01-31,20.81,20.9,20.58,20.64,281534.42
2024-02-01,20.63,20.93,20.54,20.82,246002.24
2024-02-02,20.93,21.29,20.44,20.75,430707.79
2024-02-05,20.81,21.27,20.68,21.25,550198.3
2024-02-06,21.25,22.05,21.18,22.02,477565.38
2024-02-07,22.08,22.2,21.54,22.19,511590.93
2024-02-08,22.1,22.28,21.48,22.15,468222.28
2024-02-19,22.15,22.15,21.41,21.81,394997.7
2024-02-20,21.79,22.29,21.65,22.25,284304.94
2024-02-21,22.13,22.56,22.02,22.26,284320.94
2024-02-22,22.25,22.37,22.08,22.29,216309.52
2024-02-23,22.28,22.34,21.98,22.1,258573.38
2024-02-26,22.27,22.62,22.0,22.02,316033.62
2024-02-27,21.83,22.18,21.78,22.15,226307.57
2024-02-28,22.08,22.23,21.87,22.01,208441.35
2024-02-29,22.01,22.38,21.96,22.28,234497.72
2024-03-01,22.28,22.64,22.08,22.57,272490.23
2024-03-04,22.66,23.36,22.66,22.71,431181.59
2024-03-05,22.49,23.0,22.46,22.89,253792.1
2024-03-06,22.89,23.06,22.71,22.76,258391.44
2024-03-07,22.76,23.3,22.66,23.09,316109.05
2024-03-08,23.09,23.22,22.76,22.89,246842.92
2024-03-11,22.87,23.05,22.49,22.71,236713.24
2024-03-12,22.76,22.9,22.38,22.61,350683.02
2024-03-13,22.59,22.74,22.18,22.49,279002.8
2024-03-14,22.49,22.66,22.36,22.59,272791.31
2024-03-15,22.44,22.53,21.94,22.09,362005.07
2024-03-18,22.13,22.23,21.69,21.87,429975.89
2024-03-19,21.83,22.05,21.74,21.89,237988.47
2024-03-20,21.88,22.04,21.65,21.85,184686.47
2024-03-21,21.96,21.98,21.42,21.54,279786.29
2024-03-22,21.5,21.65,21.37,21.6,240472.41
2024-03-25,21.55,21.97,21.38,21.79,301628.99
2024-03-26,21.71,21.9,21.6,21.82,229600.81
2024-03-27,21.89,22.35,21.77,22.0,442483.24
2024-03-28,22.39,23.5,22.15,23.2,835266.27
2024-03-29,23.13,23.43,22.89,23.08,270189.39
2024-04-01,23.26,23.88,23.18,23.7,339389.58
2024-04-02,23.63,24.13,23.63,24.01,312167.79
2024-04-03,23.97,24.61,23.86,24.37,427803.37
2024-04-08,24.53,24.79,24.29,24.41,371999.44
2024-04-09,24.51,24.59,24.18,24.18,273837.15
2024-04-10,24.29,24.57,24.15,24.24,235537.07
2024-04-11,24.07,24.41,24.06,24.4,200153.88
2024-04-12,24.58,24.86,24.4,24.52,288282.47
2024-04-15,24.52,25.39,24.47,25.15,372575.14
2024-04-16,25.02,25.88,25.02,25.68,458133.88
2024-04-17,25.38,25.85,25.14,25.76,306503.48
2024-04-18,25.69,26.64,25.68,26.34,329917.56
2024-04-19,26.1,26.63,26.1,26.59,228821.03
2024-04-22,26.81,27.21,26.29,26.35,290112.24
2024-04-23,26.36,26.62,25.73,26.25,330932.39
2024-04-24,26.26,26.41,25.79,25.96,255305.85
2024-04-25,25.96,26.41,25.79,26.3,281621.84
2024-04-26,26.33,26.71,26.17,26.22,305660.63
2024-04-29,26.13,27.03,26.01,26.64,330348.5
2024-04-30,27.33,28.62,27.17,27.99,591437.88
2024-05-06,28.45,29.51,28.05,29.33,608706.76
2024-05-07,29.34,29.52,28.89,28.93,376366.88
2024-05-08,28.94,29.18,28.81,28.93,282777.03
2024-05-09,28.93,29.3,28.87,29.08,239257.23
2024-05-10,29.18,29.19,28.63,29.04,312628.14
2024-05-13,28.98,30.53,28.6,30.43,492893.96
2024-05-14,30.25,30.26,29.33,29.93,454695.89
2024-05-15,29.82,30.31,29.51,30.03,207083.38
2024-05-16,29.88,29.93,29.42,29.62,294076.35
2024-05-17,29.6,29.72,28.64,29.21,325418.85
2024-05-20,29.09,29.09,28.03,28.17,504565.79
2024-05-21,28.08,28.43,28.05,28.18,224098.93
2024-05-22,28.18,28.19,27.52,27.61,275675.68
2024-05-23,27.68,27.94,27.36,27.8,248798.02
2024-05-24,27.69,27.99,27.43,27.81,245145.67
2024-05-27,27.82,28.76,27.81,28.44,381030.11
2024-05-28,28.44,28.66,27.82,27.89,253736.46
2024-05-29,27.89,28.29,27.75,28.12,202810.7
2024-05-30,27.94,28.4,27.74,27.94,247445.25
2024-05-31,28.17,28.17,27.33,27.33,298962.88
2024-06-03,27.39,28.61,27.39,28.19,323799.3
2024-06-04,27.98,28.17,27.5,27.86,247935.11
2024-06-05,27.92,28.16,27.59,27.66,194924.61
2024-06-06,27.7,28.93,27.53,28.67,347562.02
2024-06-07,28.65,28.72,27.64,28.32,411818.75
2024-06-11,27.94,28.54,27.88,28.34,280237.82
2024-06-12,28.38,28.52,27.87,28.1,196754.0
2024-06-13,28.12,28.14,27.48,27.69,244200.78
2024-06-14,27.39,28.44,27.38,28.35,338342.39
2024-06-17,28.07,28.54,27.71,27.95,226187.23
2024-06-18,27.82,27.98,27.35,27.83,227663.77
2024-06-19,27.73,27.82,27.09,27.38,262959.82
2024-06-20,27.35,27.62,27.15,27.22,221625.23
2024-06-21,27.21,27.35,26.71,26.99,323430.95
2024-06-24,26.97,27.73,26.88,27.5,306996.12
2024-06-25,27.45,27.89,27.31,27.59,263043.12
2024-06-26,27.45,27.65,27.01,27.16,207118.34
2024-06-27,27.01,27.05,26.0,26.27,556341.68
2024-06-28,26.16,26.47,26.06,26.25,353984.85
2024-07-01,26.25,26.59,25.87,26.26,296490.96
2024-07-02,26.17,26.26,25.0,25.22,521657.23
2024-07-03,25.25,25.32,24.6,24.75,331939.68
2024-07-04,24.73,24.93,24.38,24.74,320880.19
2024-07-05,24.63,24.96,23.85,24.64,441594.66
2024-07-08,24.56,24.72,24.24,24.45,292916.46
2024-07-09,24.34,24.44,24.12,24.33,312296.14
2024-07-10,24.4,24.88,24.24,24.38,340775.6
2024-07-11,24.61,25.16,24.08,24.92,309470.35
2024-07-12,25.01,25.57,24.87,25.43,361049.01
2024-07-15,25.28,25.31,24.49,24.65,371736.17
2024-07-16,24.68,24.88,24.37,24.76,235618.93
2024-07-17,24.71,24.79,24.14,24.66,277208.19
2024-07-18,24.5,25.04,24.32,24.86,419939.45
2024-07-19,24.68,25.09,24.37,24.99,307656.41
2024-07-22,24.88,25.23,24.43,24.61,284473.69
2024-07-23,24.61,24.69,23.79,23.87,288375.51
2024-07-24,23.86,24.07,23.32,23.43,314876.56
2024-07-25,23.45,23.63,23.16,23.39,242877.03
2024-07-26,24.79,25.54,24.65,25.34,875139.78
2024-07-29,25.53,25.68,24.7,24.96,418906.35
2024-07-30,24.88,24.92,23.68,23.96,506564.41
2024-07-31,23.93,25.42,23.87,25.24,651247.63
2024-08-01,25.14,25.54,24.79,24.79,416220.05
2024-08-02,24.56,25.09,24.24,24.42,362857.15
2024-08-05,24.29,24.97,23.95,23.99,382357.49
2024-08-06,24.09,24.24,23.38,23.57,329089.33
2024-08-07,23.58,24.02,23.3,23.59,234246.73
2024-08-08,23.48,23.74,23.15,23.48,190317.2
2024-08-09,23.5,23.93,23.5,23.51,238963.05
2024-08-12,23.57,24.14,23.41,23.86,270302.63
2024-08-13,23.87,24.23,23.23,23.48,278362.73
2024-08-14,23.42,23.45,22.8,23.07,240229.89
2024-08-15,23.0,23.3,22.81,23.05,269575.4
2024-08-16,23.1,23.2,22.83,23.16,251598.23
2024-08-19,23.1,23.55,22.59,22.84,328456.79
2024-08-20,22.89,22.91,22.5,22.68,270157.49
2024-08-21,22.55,22.66,22.18,22.47,309834.5
2024-08-22,22.45,23.04,22.19,22.99,286087.37
2024-08-23,23.0,23.96,22.93,23.62,513911.95
2024-08-26,23.93,24.02,23.41,23.72,293637.03
2024-08-27,23.48,23.68,22.97,23.0,272428.93
2024-08-28,23.15,23.62,22.63,22.79,363036.53
2024-08-29,22.69,22.85,22.26,22.56,338407.8
2024-08-30,22.37,24.2,22.07,23.62,729586.04
2024-09-02,23.55,24.03,22.98,23.33,368042.45
2024-09-03,23.17,24.07,23.14,24.05,442557.15
2024-09-04,24.05,24.39,23.82,24.18,420199.08
2024-09-05,24.23,24.5,23.82,24.12,329867.95
2024-09-06,24.06,24.53,23.89,23.93,204218.11
2024-09-09,23.93,23.93,22.89,23.23,386066.22
2024-09-10,23.18,23.52,22.93,23.19,288573.2
2024-09-11,23.1,24.26,22.89,23.98,410909.91
2024-09-12,24.05,24.26,23.67,23.79,239530.36
2024-09-13,23.67,24.51,23.59,24.15,353782.98
2024-09-18,24.15,25.24,24.04,24.94,408594.22
2024-09-19,24.98,25.89,24.75,25.76,550708.39
2024-09-20,25.68,26.17,25.51,26.01,472765.97
2024-09-23,26.07,26.9,26.0,26.25,366108.17
2024-09-24,26.77,26.84,25.6,26.46,494049.32
2024-09-25,27.03,27.92,26.92,27.17,550429.86
2024-09-26,27.17,28.55,27.01,28.47,420965.94
2024-09-27,29.03,29.32,27.99,28.75,408504.31
2024-09-30,29.12,31.05,28.61,30.71,922371.6
2024-10-08,33.79,33.79,30.87,31.64,1138691.69
2024-10-09,31.52,31.52,29.04,29.75,724582.63
2024-10-10,30.0,31.19,29.74,30.64,660369.82
2024-10-11,30.64,30.86,29.63,30.04,335367.82
2024-10-14,30.16,31.05,29.77,30.74,506745.28
2024-10-15,30.86,31.34,30.02,30.08,414940.58
2024-10-16,29.63,29.97,29.01,29.42,495779.89
2024-10-17,29.6,30.09,28.85,28.93,381344.86
2024-10-18,28.89,30.3,28.71,29.74,449335.27
2024-10-21,29.74,30.38,29.29,29.77,312208.24
2024-10-22,29.81,31.69,29.81,30.73,451279.31
2024-10-23,30.73,31.0,30.01,30.16,369329.26
2024-10-24,30.04,30.17,29.58,29.85,195484.68
2024-10-25,29.85,30.04,29.42,29.44,239677.89
2024-10-28,29.42,29.6,29.04,29.21,318989.12
2024-10-29,29.21,29.71,29.04,29.17,278079.52
2024-10-30,29.12,29.71,28.2,28.56,453279.05
2024-10-31,28.66,28.74,27.51,27.91,458992.28
2024-11-01,27.95,28.41,27.79,28.08,280433.73
2024-11-04,28.09,28.38,27.67,28.37,259317.02
2024-11-05,28.33,28.52,27.75,28.42,341187.26
2024-11-06,28.37,28.38,27.2,27.39,681239.52
2024-11-07,27.01,27.91,26.78,27.91,650754.27
2024-11-08,28.09,28.17,27.29,27.85,640321.68
2024-11-11,27.35,27.57,26.89,27.19,559896.27
2024-11-12,27.19,28.5,27.14,27.6,801476.01
2024-11-13,27.69,28.66,27.51,28.28,841143.06
2024-11-14,28.16,28.94,27.92,28.59,578536.86
2024-11-15,28.5,28.81,27.77,28.27,500831.95
2024-11-18,27.93,28.35,27.34,27.51,424089.87
2024-11-19,27.55,27.93,27.44,27.66,339875.15
2024-11-20,27.59,27.8,27.29,27.64,306458.29
2024-11-21,27.66,27.77,27.3,27.51,312767.53
2024-11-22,27.48,28.33,27.4,27.61,457000.56
2024-11-25,27.87,28.28,26.76,26.85,408545.02
2024-11-26,26.75,27.3,26.47,27.03,333192.78
2024-11-27,27.03,27.69,26.87,27.48,254704.14
2024-11-28,27.51,27.51,26.72,26.94,301719.64
2024-11-29,26.93,27.51,26.84,27.06,332433.58
2024-12-02,26.95,27.52,26.57,27.37,323119.89
2024-12-03,27.26,27.7,27.03,27.67,346085.91
2024-12-04,27.54,28.18,27.08,27.8,463202.19
2024-12-05,27.7,27.93,27.19,27.3,278873.1
2024-12-06,27.3,28.09,27.27,27.93,404396.22
2024-12-09,27.75,28.42,27.24,28.09,381809.06
2024-12-10,29.23,29.47,28.33,28.39,512265.21
2024-12-11,28.34,28.75,28.08,28.13,315858.56
2024-12-12,28.09,28.54,27.98,28.3,271071.58
2024-12-13,28.1,28.12,27.06,27.13,574134.12
2024-12-16,27.13,27.26,26.86,26.95,357977.13
2024-12-17,26.79,27.45,26.78,27.12,242946.14
2024-12-18,27.26,27.44,27.06,27.11,231926.53
2024-12-19,26.95,27.39,26.75,27.23,256368.55
2024-12-20,27.25,27.25,26.89,26.9,267080.3
2024-12-23,26.91,27.57,26.91,27.41,364801.38
2024-12-24,27.35,27.88,27.23,27.85,297867.04
2024-12-25,27.82,27.95,27.23,27.33,358193.45
2024-12-26,27.37,27.4,26.83,27.2,256118.64
2024-12-27,27.21,27.27,26.9,27.16,225756.48
2024-12-30,27.11,27.53,26.96,26.98,359086.48
2024-12-31,26.98,27.46,26.82,27.2,375771.11
2025-01-02,27.18,27.74,26.74,26.94,568571.27
2025-01-03,26.89,27.27,26.29,26.37,428371.73
2025-01-06,26.29,26.71,26.06,26.44,321475.11
2025-01-07,26.41,27.47,26.28,27.24,583080.78
2025-01-08,27.13,28.28,26.95,28.01,643849.12
2025-01-09,28.01,28.33,27.8,28.15,340151.44
2025-01-10,28.13,28.29,27.04,27.14,351045.36
2025-01-13,26.92,26.92,25.86,25.98,538630.65
2025-01-14,25.84,26.28,25.68,26.17,433824.79
2025-01-15,26.16,26.59,25.62,25.67,423506.77
2025-01-16,25.85,26.59,25.72,25.95,521530.7
2025-01-17,25.79,26.61,25.61,26.33,475448.19
2025-01-20,26.58,27.16,26.44,26.53,378790.55
2025-01-21,26.64,26.79,26.21,26.27,267029.82
2025-01-22,26.23,26.26,25.68,25.97,351152.81
2025-01-23,26.13,26.31,26.01,26.14,307894.6
2025-01-24,26.14,26.54,26.0,26.32,315748.96
2025-01-27,26.32,26.73,26.28,26.53,273116.67
2025-02-05,26.29,26.42,25.41,25.42,516726.64
2025-02-06,25.42,25.72,25.32,25.55,380078.43
2025-02-07,25.55,25.78,25.22,25.77,483638.55
2025-02-10,25.85,25.97,25.48,25.89,394131.33
2025-02-11,26.07,26.26,25.71,25.77,349272.28
2025-02-12,25.76,25.79,25.26,25.55,551353.53
2025-02-13,25.44,25.85,25.37,25.56,483689.32
2025-02-14,25.62,25.79,25.37,25.68,337559.57
2025-02-17,25.79,25.86,25.48,25.56,424782.42
2025-02-18,25.56,25.57,25.22,25.3,445582.15
2025-02-19,25.24,25.28,24.95,25.22,452207.86
2025-02-20,25.2,25.41,24.98,25.21,397448.29
2025-02-21,25.28,25.28,24.75,25.0,724479.08
2025-02-24,25.01,25.75,24.93,25.47,693352.22
2025-02-25,25.33,25.38,24.72,24.83,631563.6
2025-02-26,24.83,25.17,24.76,24.94,392113.75
2025-02-27,25.01,25.68,24.96,25.62,812415.14
2025-02-28,25.34,25.96,25.08,25.08,602951.53
2025-03-03,25.14,25.2,24.75,24.77,508328.02
2025-03-04,24.72,24.96,24.64,24.84,389715.13
2025-03-05,24.88,25.13,24.68,25.05,400674.27
2025-03-06,25.12,25.28,24.92,25.25,437502.65
2025-03-07,25.17,25.46,25.0,25.4,464542.46
2025-03-10,25.75,25.92,25.36,25.62,587801.17
2025-03-11,25.33,26.03,25.32,25.94,546364.93
2025-03-12,25.95,25.97,25.29,25.29,675099.58
2025-03-13,25.29,25.42,25.05,25.18,315900.0
2025-03-14,25.2,26.18,25.16,26.08,947525.4
2025-03-17,26.49,26.62,26.16,26.31,549452.74
2025-03-18,26.27,27.11,26.22,26.68,675523.89
2025-03-19,26.63,27.17,26.6,26.88,475216.68
2025-03-20,26.84,26.89,26.44,26.44,339165.21
2025-03-21,26.34,26.8,26.16,26.27,381761.46
2025-03-24,26.47,27.2,26.37,27.03,534585.25
2025-03-25,26.96,27.77,26.93,26.94,584833.19
2025-03-26,26.8,27.02,26.56,26.68,345089.52
2025-03-27,26.56,26.88,26.37,26.81,289932.93
2025-03-28,26.56,26.56,25.72,25.95,808653.18
2025-03-31,25.79,26.52,25.73,26.12,566582.12
2025-04-01,26.18,26.25,25.68,25.75,494291.87
2025-04-02,25.77,26.0,25.72,25.81,247725.21
2025-04-03,25.32,25.35,24.93,25.03,678280.93
2025-04-07,23.39,23.76,22.53,22.53,1007563.11
2025-04-08,22.6,23.64,22.55,23.64,872513.43
2025-04-09,23.18,23.92,22.81,23.92,626099.44
2025-04-10,24.71,24.71,23.94,24.37,490946.31
2025-04-11,24.34,24.34,23.56,23.95,570932.26
2025-04-14,24.03,24.05,23.63,23.66,512171.0
2025-04-15,23.52,23.88,23.33,23.66,471561.39
2025-04-16,23.6,23.87,23.12,23.87,568042.66
2025-04-17,23.6,23.6,23.38,23.55,457998.25
2025-04-18,23.41,23.63,23.32,23.45,253607.85
2025-04-21,23.42,23.78,23.41,23.67,337016.05
2025-04-22,23.59,23.75,23.46,23.58,310439.78
2025-04-23,23.76,24.12,23.74,23.77,538971.49
2025-04-24,23.79,23.86,23.58,23.67,235389.45
2025-04-25,23.74,23.93,23.68,23.9,317096.5
2025-04-28,23.91,24.02,23.71,23.84,285598.71
2025-04-29,23.81,23.92,23.61,23.92,252228.15
2025-04-30,23.91,24.23,23.64,23.68,465924.03
2025-05-06,23.79,24.03,23.66,24.0,395869.75
2025-05-07,24.48,24.54,23.96,24.05,429482.86
2025-05-08,24.02,24.36,23.93,24.27,339241.89
2025-05-09,24.23,24.39,24.05,24.26,339820.72
2025-05-12,24.62,25.06,24.62,24.96,523295.28
2025-05-13,25.32,25.33,24.8,24.83,378411.81
2025-05-14,24.79,25.12,24.69,24.96,343615.03
2025-05-15,24.96,25.01,24.72,24.86,221674.68
2025-05-16,24.74,24.8,24.36,24.53,377360.9
2025-05-19,24.45,24.64,24.42,24.57,238006.83
2025-05-20,24.58,25.21,24.46,25.12,407393.72
2025-05-21,25.08,25.31,24.95,25.05,300945.71
2025-05-22,24.9,25.12,24.85,25.02,238627.25
2025-05-23,24.96,25.13,24.61,24.61,318920.12
2025-05-26,24.6,24.69,24.3,24.37,232521.09
2025-05-27,24.44,24.48,24.07,24.09,250699.44
2025-05-28,24.15,24.26,23.9,23.99,248066.11
2025-05-29,24.11,24.58,24.1,24.26,371290.08
2025-05-30,24.17,24.19,23.91,23.92,245450.18
2025-06-03,23.84,23.89,23.55,23.62,424424.91
2025-06-04,23.69,23.81,23.65,23.73,263499.95
2025-06-05,23.74,23.81,23.6,23.61,293874.05
2025-06-06,23.65,23.76,23.56,23.72,256891.87
2025-06-09,23.79,23.98,23.66,23.86,321749.54
2025-06-10,23.88,24.14,23.61,23.77,364964.36
2025-06-11,23.76,24.17,23.74,24.03,369933.54
2025-06-12,23.97,23.97,23.74,23.85,224313.03
2025-06-13,23.69,23.69,23.02,23.35,612778.26
2025-06-16,23.26,23.4,23.19,23.33,214079.16
2025-06-17,23.39,23.84,23.37,23.8,428008.06
2025-06-18,23.75,24.06,23.72,23.88,264046.99
2025-06-19,23.84,23.95,23.52,23.6,223822.67
2025-06-20,23.6,23.72,23.5,23.55,224074.07
2025-06-23,23.38,23.57,23.17,23.45,247001.87
2025-06-24,23.45,23.81,23.45,23.62,270179.79
2025-06-25,23.67,23.84,23.55,23.82,300899.88
2025-06-26,23.82,23.89,23.61,23.62,255856.05
2025-06-27,23.69,23.92,23.52,23.73,336199.57
2025-06-30,23.77,23.85,23.63,23.67,288423.26
2025-07-01,23.69,23.71,23.61,23.65,181017.52
2025-07-02,23.66,24.54,23.62,24.44,781437.54
2025-07-03,24.45,24.63,24.2,24.6,381676.96
2025-07-04,24.54,24.84,24.41,24.69,353496.19
2025-07-07,24.69,24.75,24.29,24.47,227930.34
2025-07-08,24.51,24.55,24.31,24.38,233945.11
2025-07-09,24.41,24.58,24.12,24.16,342811.09
2025-07-10,24.18,24.32,24.04,24.12,339388.04
2025-07-11,24.17,24.61,24.13,24.22,578508.32
2025-07-14,24.27,24.48,24.22,24.27,302637.32
2025-07-15,24.39,24.75,24.29,24.65,468829.5
2025-07-16,24.68,24.87,24.48,24.53,263928.58
2025-07-17,24.53,24.93,24.48,24.66,383358.68
2025-07-18,24.72,24.83,24.48,24.64,327267.34
2025-07-21,24.69,24.89,24.63,24.89,395483.1
2025-07-22,24.88,25.65,24.79,25.61,811268.58
2025-07-23,25.61,26.35,25.61,26.27,864212.61
2025-07-24,26.27,26.33,25.83,26.19,640653.49
2025-07-25,26.19,26.22,25.54,25.57,483463.3
2025-07-28,25.57,25.67,25.34,25.39,327616.67
2025-07-29,25.35,25.43,25.07,25.16,316034.17
2025-07-30,25.18,25.56,25.05,25.32,313417.57
2025-07-31,25.31,25.31,24.5,24.59,527178.33
2025-08-01,24.67,24.82,24.54,24.65,243781.4
2025-08-04,24.54,24.77,24.52,24.71,199875.92
2025-08-05,24.76,24.87,24.58,24.78,236042.02
2025-08-06,24.79,25.0,24.66,24.98,346112.77
2025-08-07,24.94,24.96,24.7,24.81,271096.58
2025-08-08,24.81,25.12,24.75,24.87,281106.85
2025-08-11,24.89,24.95,24.73,24.86,321403.33
2025-08-12,24.93,25.61,24.92,25.27,648381.31
2025-08-13,25.41,25.64,25.16,25.24,384627.42
2025-08-14,25.24,25.54,25.21,25.25,418825.53
2025-08-15,25.21,25.48,24.95,25.21,515639.76
2025-08-18,25.25,25.45,25.14,25.14,628121.66
2025-08-19,25.31,25.57,24.95,24.95,639354.81
2025-08-20,25.03,25.05,24.66,25.05,542797.8
2025-08-21,25.07,25.47,24.87,25.33,549134.89
2025-08-22,25.42,25.57,25.29,25.52,475492.7
2025-08-25,25.53,25.98,25.53,25.93,524898.08
2025-08-26,25.94,26.22,25.76,26.0,424586.21
2025-08-27,26.0,26.25,25.52,25.52,606831.55
2025-08-28,25.51,25.86,25.35,25.74,421736.23
2025-08-29,26.33,26.89,25.97,26.0,1090507.4
2025-09-01,26.22,26.53,25.68,25.69,956877.07
2025-09-02,25.73,26.14,25.48,26.04,737353.73
2025-09-03,26.09,26.31,25.74,25.93,468474.9
2025-09-04,25.85,25.88,25.22,25.43,562470.05
2025-09-05,25.44,26.25,25.39,26.2,680327.66
2025-09-08,26.13,26.55,26.08,26.18,460241.47
2025-09-09,26.31,26.73,26.1,26.66,583284.03
2025-09-10,26.56,26.61,26.24,26.31,369426.05
2025-09-11,26.27,26.36,25.94,26.35,457607.43
2025-09-12,26.47,26.48,25.87,25.93,464512.83
2025-09-15,25.89,25.95,25.64,25.74,406975.42
2025-09-16,25.77,25.84,25.48,25.66,353666.49
2025-09-17,25.65,26.52,25.65,26.51,658331.39
2025-09-18,26.62,26.67,25.67,25.79,556030.64
2025-09-19,25.79,26.18,25.62,26.06,399470.24
2025-09-22,25.9,25.99,25.35,25.44,513236.89
2025-09-23,25.43,25.54,25.06,25.32,441425.37
2025-09-24,25.22,25.64,25.12,25.6,312352.34
2025-09-25,25.56,25.57,25.0,25.1,512312.53
2025-09-26,25.02,25.59,24.84,25.46,506026.74
2025-09-29,25.4,25.45,24.97,25.29,472053.58
2025-09-30,25.21,25.23,24.89,25.08,459580.04
2025-10-09,24.85,25.21,24.56,25.19,614811.35
2025-10-10,25.05,25.7,24.98,25.4,570090.11
2025-10-13,24.89,25.01,24.7,24.87,522158.13
2025-10-14,24.93,25.39,24.88,25.17,665110.97
2025-10-15,25.17,25.35,24.91,25.16,417097.43
2025-10-16,25.15,25.21,24.85,25.0,321467.81
2025-10-17,24.93,25.24,24.76,24.77,442199.23
2025-10-20,25.01,25.13,24.75,24.84,324057.57
2025-10-21,24.87,25.16,24.81,25.1,421213.85
2025-10-22,25.03,25.44,24.98,25.35,478845.71
2025-10-23,25.3,25.68,25.24,25.5,320678.33
2025-10-24,25.5,25.68,25.34,25.37,268131.33
2025-10-27,25.47,25.78,25.37,25.64,406431.03
2025-10-28,25.65,25.66,25.25,25.29,360228.36
2025-10-29,25.26,25.4,25.12,25.34,215059.2
2025-10-30,25.39,25.92,25.36,25.55,461701.13
2025-10-31,25.99,26.82,25.85,26.54,1057631.25
2025-11-03,26.61,26.83,26.29,26.45,424326.1
2025-11-04,26.31,26.81,26.23,26.38,447889.76
2025-11-05,26.23,26.6,26.01,26.43,297088.55
2025-11-06,26.38,26.88,26.33,26.69,425397.63
2025-11-07,26.72,26.81,26.49,26.6,286735.09
2025-11-10,26.6,27.18,26.45,27.1,412072.65
2025-11-11,26.98,27.17,26.68,26.88,389235.25
2025-11-12,26.99,27.54,26.95,27.2,464326.09
2025-11-13,27.1,27.39,27.01,27.34,313972.32
2025-11-14,27.24,27.46,26.88,26.93,313203.35
2025-11-17,26.92,27.02,26.42,26.57,240022.26
2025-11-18,26.57,26.73,26.25,26.34,206299.04
2025-11-19,26.39,26.65,26.32,26.52,201250.69
2025-11-20,26.5,27.1,26.41,26.79,286231.67
2025-11-21,26.73,27.32,26.66,27.02,528301.54
2025-11-24,27.03,27.28,26.85,26.92,385019.04
2025-11-25,27.0,27.08,26.72,26.93,272039.63
2025-11-26,26.95,27.4,26.82,27.4,363757.9
2025-11-27,27.31,27.7,26.79,27.59,524697.66
2025-11-28,27.42,27.64,27.24,27.58,279315.63
