date,open,high,low,close,volume
2010-01-04,9.18,9.27,9.12,9.18,29741.82
2010-01-05,9.16,9.39,8.76,9.36,64543.12
2010-01-06,9.28,10.24,9.19,9.85,155601.75
2010-01-07,9.58,9.78,9.3,9.4,73178.56
2010-01-08,9.23,9.4,9.19,9.32,30243.24
2010-01-11,9.45,9.49,8.97,9.02,47817.55
2010-01-12,8.93,9.23,8.91,9.21,39017.14
2010-01-13,9.01,9.1,8.91,8.96,31305.32
2010-01-14,8.95,9.18,8.95,9.13,25493.47
2010-01-15,9.15,9.44,9.15,9.27,36763.92
2010-01-18,9.29,9.47,9.18,9.39,33833.38
2010-01-19,9.38,9.78,9.35,9.64,76625.22
2010-01-20,9.61,9.61,9.21,9.24,50372.58
2010-01-21,9.22,9.44,9.19,9.4,25324.84
2010-01-22,9.34,9.34,8.89,8.95,32231.9
2010-01-25,8.94,9.07,8.86,8.95,11862.77
2010-01-26,9.0,9.1,8.19,8.34,23276.86
2010-01-27,8.3,8.47,7.98,8.21,15245.15
2010-01-28,8.21,8.28,7.97,8.09,14654.83
2010-01-29,8.09,8.3,8.02,8.14,12303.07
2010-02-01,8.14,8.2,7.8,8.06,13644.73
2010-02-02,8.06,8.49,8.06,8.3,16501.74
2010-02-03,8.22,8.68,8.17,8.58,35017.18
2010-02-04,8.39,8.71,8.37,8.5,20788.03
2010-02-05,8.37,8.38,8.06,8.17,16131.49
2010-02-08,8.09,8.3,8.08,8.13,9925.53
2010-02-09,8.1,8.2,8.04,8.16,7504.23
2010-02-10,8.17,8.28,8.14,8.27,12275.61
2010-02-11,8.27,8.31,8.19,8.22,10523.53
2010-02-12,8.24,8.27,8.17,8.25,8966.51
2010-02-22,8.26,8.33,8.18,8.29,15680.59
2010-02-23,8.34,8.47,8.25,8.41,22861.45
2010-02-24,8.41,8.61,8.2,8.54,24799.64
2010-02-25,8.55,8.8,8.48,8.78,39299.33
2010-02-26,8.88,8.94,8.68,8.7,39112.5
2010-03-01,8.8,8.8,8.62,8.76,24301.75
2010-03-02,8.78,8.91,8.67,8.9,32024.09
2010-03-03,8.88,8.99,8.73,8.95,36002.06
2010-03-04,8.93,9.05,8.45,8.6,34098.28
2010-03-05,8.61,8.81,8.47,8.66,17762.59
2010-03-08,8.64,8.88,8.61,8.83,21551.53
2010-03-09,8.85,9.23,8.64,9.2,77751.62
2010-03-10,9.32,9.32,8.89,8.99,46147.18
2010-03-11,8.91,9.06,8.59,8.73,26455.49
2010-03-12,8.66,8.8,8.56,8.57,22246.19
2010-03-15,8.51,8.61,8.31,8.39,14149.6
2010-03-16,8.45,8.55,8.37,8.52,9593.24
2010-03-17,8.53,8.76,8.52,8.73,18742.67
2010-03-19,8.96,9.6,8.94,9.6,97387.73
2010-03-22,9.78,10.24,9.65,10.02,280615.03
2010-03-23,9.83,9.96,9.61,9.8,135587.21
2010-03-24,9.71,9.99,9.62,9.65,86958.73
2010-03-25,9.68,9.91,9.23,9.68,128397.72
2010-03-26,9.5,9.72,9.31,9.65,71955.98
2010-03-29,9.53,9.7,9.44,9.51,52980.87
2010-03-30,9.44,9.7,9.4,9.63,59935.66
2010-03-31,9.59,9.61,9.41,9.55,39840.91
2010-04-01,9.59,9.85,9.45,9.76,73802.1
2010-04-02,9.71,9.79,9.53,9.59,46373.01
2010-04-06,9.58,9.59,9.42,9.48,46624.46
2010-04-07,9.48,9.54,9.35,9.4,34640.68
2010-04-08,9.4,9.49,9.32,9.37,28891.72
2010-04-09,9.38,9.63,9.38,9.6,42222.57
2010-04-12,9.6,9.61,9.16,9.22,53275.41
2010-04-13,9.2,9.27,8.86,9.09,40948.91
2010-04-14,9.08,9.23,8.91,9.22,24433.21
2010-04-15,9.22,9.35,9.02,9.3,26173.8
2010-04-16,9.29,9.29,9.11,9.2,22583.72
2010-04-19,9.21,9.21,8.6,8.79,36828.21
2010-04-20,8.76,8.79,8.32,8.47,25971.53
2010-04-21,8.46,8.7,8.41,8.68,22974.49
2010-04-22,8.57,8.9,8.5,8.86,43215.86
2010-04-23,8.91,9.11,8.73,8.95,67101.0
2010-04-26,8.96,8.97,8.52,8.81,31491.87
2010-04-27,8.81,9.02,8.58,8.98,50743.09
2010-04-28,8.76,8.89,8.63,8.64,27082.1
2010-04-29,8.63,8.78,8.48,8.51,22160.76
2010-04-30,8.51,8.58,7.82,7.93,23170.41
2010-05-04,7.72,7.81,7.5,7.52,18815.64
2010-05-05,7.44,7.9,7.29,7.83,26482.97
2010-05-06,7.77,7.86,7.47,7.49,19235.31
2010-05-07,7.37,7.68,7.26,7.49,17483.05
2010-05-11,7.72,7.91,7.37,7.47,30618.54
2010-05-12,7.23,7.55,7.18,7.43,17923.11
2010-05-13,7.4,7.57,7.28,7.57,16131.06
2010-05-14,7.48,7.63,7.43,7.58,14903.02
2010-05-17,7.47,7.47,6.82,6.82,22739.5
2010-05-18,6.77,7.17,6.61,7.06,27043.83
2010-05-19,6.95,7.03,6.75,6.87,15906.37
2010-05-20,6.83,6.94,6.7,6.72,12721.85
2010-05-21,6.58,6.96,6.43,6.88,19378.28
2010-05-24,6.94,7.31,6.94,7.25,33694.02
2010-05-25,7.04,7.25,7.03,7.1,19366.52
2010-05-27,7.08,7.3,6.99,7.24,23168.38
2010-05-28,7.28,7.3,7.15,7.2,17489.51
2010-05-31,7.14,7.25,6.74,6.83,14270.22
2010-06-01,6.74,6.83,6.55,6.74,14639.21
2010-06-02,6.7,6.91,6.66,6.9,11940.54
2010-06-03,6.94,7.01,6.77,6.77,12537.3
2010-06-04,6.65,6.91,6.65,6.85,9943.9
2010-06-07,6.73,6.93,6.56,6.9,13324.92
2010-06-08,6.89,7.08,6.82,7.07,20922.03
2010-06-09,7.13,7.39,7.07,7.31,46790.31
2010-06-10,7.25,7.41,7.22,7.31,23659.44
2010-06-11,7.37,7.37,7.15,7.17,17530.91
2010-06-17,7.17,7.29,7.11,7.17,12481.08
2010-06-18,7.17,7.32,7.05,7.07,20499.01
2010-06-21,7.11,7.41,7.03,7.36,40727.49
2010-06-22,7.36,7.51,7.28,7.42,42448.73
2010-06-23,7.4,7.4,7.18,7.33,24285.77
2010-06-24,7.3,7.39,7.28,7.31,12750.0
2010-06-25,7.28,7.29,7.08,7.13,11303.86
2010-06-28,7.17,7.2,6.93,6.93,15344.5
2010-06-29,6.99,6.99,6.45,6.46,20402.13
2010-06-30,6.38,6.38,6.19,6.31,11391.91
2010-07-01,6.34,6.43,6.31,6.32,12872.23
2010-07-02,6.41,6.58,6.05,6.54,20549.36
2010-07-05,6.35,6.8,6.29,6.67,25343.65
2010-07-06,6.63,6.75,6.53,6.71,22456.62
2010-07-07,6.7,6.86,6.61,6.79,20184.52
2010-07-08,6.77,6.91,6.72,6.79,17027.18
2010-07-09,6.83,7.05,6.8,6.96,35532.68
2010-07-12,6.98,7.25,6.89,7.09,47008.4
2010-07-13,6.93,6.95,6.73,6.8,33862.21
2010-07-14,6.81,7.2,6.81,6.93,34853.77
2010-07-16,6.7,7.19,6.62,7.11,39125.1
2010-07-19,7.02,7.4,6.94,7.38,67268.78
2010-07-20,7.36,7.75,7.29,7.68,114269.43
2010-07-21,7.67,7.68,7.5,7.58,49017.07
2010-07-22,7.52,7.77,7.48,7.74,48189.1
2010-07-23,7.73,7.73,7.48,7.62,31750.79
2010-07-26,7.7,7.73,7.57,7.63,35423.47
2010-07-27,7.64,7.67,7.49,7.52,25290.66
2010-07-28,7.47,7.74,7.47,7.74,54512.09
2010-07-29,7.73,7.8,7.6,7.73,36926.6
2010-07-30,7.71,7.86,7.59,7.78,36051.12
2010-08-02,7.69,7.88,7.69,7.87,36463.73
2010-08-03,7.88,7.96,7.62,7.63,41846.57
2010-08-04,7.69,7.78,7.54,7.73,28136.72
2010-08-05,7.68,7.76,7.58,7.66,34319.67
2010-08-06,7.66,7.72,7.45,7.7,36982.19
2010-08-09,7.72,7.91,7.64,7.9,47103.43
2010-08-10,7.92,7.95,7.52,7.54,38844.32
2010-08-11,7.51,7.67,7.45,7.63,18613.0
2010-08-12,7.55,7.82,7.51,7.6,27779.72
2010-08-13,7.58,7.87,7.5,7.82,34136.26
2010-08-16,7.77,8.18,7.77,8.06,62279.98
2010-08-17,8.05,8.26,7.94,8.17,49405.87
2010-08-18,8.17,8.18,7.92,8.04,32535.43
2010-08-19,7.97,8.07,7.87,7.98,26628.0
2010-08-20,7.93,8.31,7.84,8.26,89212.48
2010-08-23,8.37,8.58,8.26,8.55,101196.72
2010-08-24,8.41,8.49,8.22,8.35,94487.03
2010-08-25,8.23,8.26,8.0,8.01,43231.94
2010-08-26,8.05,8.17,8.0,8.09,28524.1
2010-08-27,8.05,8.21,8.04,8.08,26771.04
2010-08-30,8.08,8.19,7.96,8.15,45902.49
2010-08-31,8.15,8.15,7.99,8.04,29615.17
2010-09-01,8.02,8.23,7.83,8.21,57597.95
2010-09-02,8.21,8.75,8.16,8.68,143849.86
2010-09-03,8.68,8.81,8.55,8.64,94606.82
2010-09-06,8.63,9.0,8.53,8.89,134761.46
2010-09-07,9.13,9.25,8.66,9.23,167548.96
2010-09-08,9.11,9.11,8.82,8.95,93655.85
2010-09-09,8.94,8.94,8.5,8.53,87298.37
2010-09-10,8.56,8.64,8.27,8.62,58671.12
2010-09-13,8.57,8.79,8.43,8.64,55566.97
2010-09-14,8.62,8.75,8.53,8.64,51194.68
2010-09-15,8.69,8.69,8.27,8.37,38200.24
2010-09-16,8.31,8.39,8.07,8.14,37954.83
2010-09-17,8.14,8.3,8.08,8.13,23871.51
2010-09-20,8.19,8.26,8.11,8.12,19310.76
2010-09-21,8.12,8.17,7.97,7.99,15628.55
2010-09-27,8.04,8.79,8.04,8.79,99027.56
2010-09-28,8.78,9.05,8.62,8.98,143223.07
2010-09-29,9.02,9.35,8.73,9.28,189085.92
2010-09-30,9.11,9.55,8.91,9.41,187966.38
2010-10-08,9.4,9.66,9.29,9.41,168533.47
2010-10-11,9.31,9.38,8.95,9.15,142394.3
2010-10-12,9.11,9.29,9.04,9.2,85767.98
2010-10-13,9.21,9.55,9.06,9.23,114188.53
2010-10-14,9.19,9.5,8.93,9.11,107313.43
2010-10-15,9.05,9.05,8.56,8.58,100401.12
2010-10-18,8.48,8.62,8.22,8.53,57975.78
2010-10-19,8.49,8.75,8.42,8.74,37934.72
2010-10-20,8.34,8.58,8.34,8.49,53366.24
2010-10-21,8.49,8.69,8.46,8.62,40322.8
2010-10-22,8.75,8.75,8.56,8.66,34623.92
2010-10-25,8.67,8.77,8.54,8.76,50638.38
2010-10-26,8.71,8.97,8.67,8.96,58959.74
2010-10-27,8.96,9.14,8.67,8.71,60228.41
2010-10-28,8.65,8.82,8.58,8.69,33565.03
2010-10-29,8.72,8.88,8.53,8.82,37662.64
2010-11-01,8.73,8.93,8.63,8.81,56515.38
2010-11-02,8.76,8.88,8.63,8.69,52902.9
2010-11-03,8.72,8.91,8.57,8.78,43476.61
2010-11-04,8.77,8.82,8.62,8.77,35618.06
2010-11-05,8.87,9.0,8.73,8.91,61639.34
2010-11-08,8.96,9.26,8.96,9.25,89844.4
2010-11-09,9.23,9.23,8.97,9.06,62996.54
2010-11-10,9.05,9.05,8.8,8.88,44576.02
2010-11-11,8.84,8.97,8.69,8.7,60695.68
2010-11-12,8.6,8.93,8.31,8.82,95803.02
2010-11-15,8.81,9.39,8.68,9.11,140653.02
2010-11-16,9.05,9.05,8.24,8.33,70566.03
2010-11-17,8.2,8.25,7.74,7.76,38532.98
2010-11-18,7.78,7.97,7.7,7.75,26967.28
2010-11-19,7.86,7.89,7.64,7.86,24012.92
2010-11-22,7.68,7.95,7.68,7.86,27065.74
2010-11-23,7.91,7.91,7.64,7.77,21034.58
2010-11-24,7.7,7.88,7.67,7.87,23305.89
2010-11-25,7.84,8.11,7.82,8.01,28298.47
2010-11-26,8.02,8.11,7.92,8.01,23284.22
2010-11-29,8.04,8.07,7.92,8.03,18867.87
2010-11-30,8.01,8.11,7.43,7.6,29384.38
2010-12-01,7.72,7.78,7.53,7.69,15234.37
2010-12-02,7.78,7.98,7.69,7.94,24419.89
2010-12-03,8.16,8.73,8.05,8.09,66522.35
2010-12-06,7.97,8.16,7.82,7.84,33293.06
2010-12-07,7.79,7.89,7.61,7.83,23022.84
2010-12-08,7.8,7.84,7.64,7.7,18899.49
2010-12-09,7.73,7.74,7.54,7.59,15478.95
2010-12-10,7.53,7.64,7.52,7.61,8390.56
2010-12-13,7.69,7.8,7.62,7.79,13511.64
2010-12-14,7.8,8.0,7.75,7.97,18482.35
2010-12-15,7.94,8.0,7.89,7.92,17944.03
2010-12-16,7.9,8.05,7.87,7.97,16356.51
2010-12-17,8.01,8.06,7.9,7.96,12103.02
2010-12-20,7.93,8.01,7.6,7.73,18280.32
2010-12-21,7.73,8.11,7.73,8.08,31440.3
2010-12-22,8.11,8.89,7.98,8.89,219907.1
2010-12-23,8.71,9.01,8.67,8.9,205890.08
2010-12-24,8.76,8.91,8.55,8.69,147442.08
2010-12-27,8.5,8.98,8.32,8.94,150792.34
2010-12-28,8.71,9.16,8.64,8.96,137666.76
2010-12-29,8.76,9.24,8.66,9.08,169569.19
2010-12-30,9.01,9.19,8.89,9.05,130206.23
2010-12-31,9.03,9.06,8.71,8.91,77421.99
2011-01-04,8.91,9.29,8.81,9.15,167071.88
2011-01-05,9.04,9.06,8.63,8.7,116049.08
2011-01-06,8.69,8.88,8.53,8.79,66304.78
2011-01-07,8.72,9.09,8.61,8.86,95431.08
2011-01-10,8.81,8.98,8.42,8.52,63128.4
2011-01-11,8.34,8.49,8.13,8.39,46091.56
2011-01-12,8.4,8.57,8.2,8.38,40540.94
2011-01-13,8.42,8.47,8.2,8.21,31258.03
2011-01-14,8.16,8.21,7.94,8.04,30871.49
2011-01-17,7.94,8.02,7.24,7.26,48911.09
2011-01-18,7.27,7.48,7.13,7.29,30251.34
2011-01-19,7.29,7.44,7.26,7.44,24437.92
2011-01-20,7.47,7.47,6.94,6.96,33202.79
2011-01-21,6.96,7.22,6.93,7.09,23785.37
2011-01-24,7.13,7.13,6.99,7.05,17224.92
2011-01-25,7.02,7.1,6.97,7.08,13198.95
2011-01-26,7.08,7.21,7.06,7.15,12604.87
2011-01-27,7.03,7.2,6.95,7.15,21456.48
2011-01-28,7.16,7.32,7.11,7.27,23623.86
2011-01-31,7.25,7.31,7.2,7.29,17493.75
2011-02-01,7.31,7.44,7.26,7.31,17513.82
2011-02-09,7.24,7.29,7.08,7.15,21552.3
2011-02-10,7.13,7.78,7.13,7.66,66483.26
2011-02-11,7.62,7.94,7.45,7.82,77258.58
2011-02-15,7.95,8.6,7.78,8.6,163738.33
2011-02-16,8.78,8.91,8.53,8.91,246826.46
2011-02-17,8.89,9.01,8.69,8.98,206310.18
2011-02-18,8.81,8.88,8.66,8.69,107777.04
2011-02-21,8.7,8.83,8.48,8.66,86848.86
2011-02-22,8.7,8.71,8.03,8.12,104933.44
2011-02-23,8.09,8.25,8.05,8.17,42443.81
2011-02-24,8.17,8.31,8.1,8.21,38228.26
2011-02-25,8.2,8.25,7.96,8.17,35800.25
2011-02-28,8.17,8.41,8.12,8.34,45564.5
2011-03-01,8.33,8.41,8.17,8.26,48386.16
2011-03-02,8.2,8.46,8.17,8.44,48798.31
2011-03-03,8.42,8.5,8.22,8.22,40481.58
2011-03-04,8.16,8.42,8.16,8.38,31878.64
2011-03-07,8.38,8.72,8.37,8.67,83511.8
2011-03-08,8.7,8.89,8.53,8.62,46355.04
2011-03-09,8.63,8.74,8.35,8.69,75799.73
2011-03-10,8.66,9.01,8.55,8.99,129242.84
2011-03-11,9.27,9.89,9.27,9.44,273317.91
2011-03-14,9.7,9.7,9.31,9.56,132911.2
2011-03-15,9.69,10.2,9.62,9.75,171585.84
2011-03-16,9.9,10.08,9.56,9.97,151128.2
2011-03-17,10.06,10.67,9.7,10.23,174914.73
2011-03-18,10.47,10.8,10.2,10.49,166600.27
2011-03-21,10.62,10.83,10.11,10.28,156662.34
2011-03-22,10.33,10.51,10.08,10.48,162120.28
2011-03-23,10.49,10.69,10.1,10.64,190680.2
2011-03-24,10.41,10.65,10.17,10.2,129880.75
2011-03-25,10.08,10.08,9.8,9.84,113231.43
2011-03-28,9.9,10.36,9.78,10.29,111857.38
2011-03-29,10.24,10.68,9.97,10.56,153164.52
2011-03-30,10.74,10.75,10.3,10.4,137892.54
2011-03-31,10.44,10.61,10.24,10.43,107349.36
2011-04-01,10.67,11.47,10.66,11.42,240938.33
2011-04-06,11.55,12.27,11.38,12.18,255697.71
2011-04-07,12.18,12.18,11.0,11.3,250774.55
2011-04-08,11.22,11.22,10.67,10.92,187238.96
2011-04-11,10.88,11.04,10.58,10.97,136438.35
2011-04-12,11.02,11.25,10.9,11.16,146583.06
2011-04-13,11.38,11.38,10.84,10.96,103473.9
2011-04-14,10.99,11.06,10.35,10.4,134195.81
2011-04-15,10.34,10.34,10.11,10.23,83869.32
2011-04-18,10.15,10.22,9.93,10.11,87163.68
2011-04-19,10.05,10.05,9.82,10.0,56781.7
2011-04-20,10.0,10.06,9.92,10.05,44820.71
2011-04-21,10.06,10.21,9.92,10.18,60686.07
2011-04-22,10.1,10.15,9.8,9.87,53456.12
2011-04-25,9.81,9.82,9.33,9.37,54012.85
2011-04-26,9.26,9.47,9.22,9.4,32294.56
2011-04-27,9.4,9.45,8.96,9.08,41955.12
2011-04-28,9.08,9.16,8.61,8.63,33386.28
2011-04-29,8.61,8.86,8.5,8.81,23694.5
2011-05-03,8.6,8.85,8.46,8.84,35220.85
2011-05-04,8.71,8.8,8.64,8.65,24358.36
2011-05-05,8.65,8.84,8.45,8.76,30887.54
2011-05-06,8.67,9.1,8.63,9.0,50903.21
2011-05-09,8.98,9.04,8.86,8.96,25455.06
2011-05-10,9.02,9.02,8.79,8.93,24035.29
2011-05-11,8.85,9.03,8.82,8.96,22724.39
2011-05-12,8.9,9.39,8.79,9.27,90232.39
2011-05-13,9.25,9.47,9.16,9.4,75659.03
2011-05-16,9.38,9.38,9.07,9.17,44381.43
2011-05-17,9.17,9.17,8.88,8.96,35169.87
2011-05-18,9.01,9.07,8.91,9.05,19123.99
2011-05-19,9.08,9.28,8.99,9.01,28310.9
2011-05-20,9.02,9.1,8.9,9.02,19242.46
2011-05-24,8.51,8.51,8.12,8.42,64912.57
2011-05-25,8.42,8.94,8.26,8.65,80400.64
2011-05-26,8.65,9.51,8.54,9.51,185182.22
2011-05-27,9.51,9.67,9.11,9.52,155585.44
2011-05-30,9.46,9.63,9.11,9.52,110155.15
2011-05-31,9.5,9.7,9.36,9.58,123312.23
2011-06-01,9.6,10.11,9.26,9.89,169086.58
2011-06-02,9.63,9.73,9.35,9.58,90985.31
2011-06-03,9.51,9.7,9.43,9.56,62377.9
2011-06-07,9.5,9.63,9.3,9.34,52866.16
2011-06-08,9.35,9.38,8.79,9.17,98680.44
2011-06-09,8.96,9.18,8.56,8.6,51201.04
2011-06-10,8.51,8.79,8.33,8.51,48089.38
2011-06-13,8.41,8.46,8.14,8.28,29465.6
2011-06-14,8.22,8.6,8.22,8.56,37586.72
2011-06-15,8.49,8.55,8.24,8.26,28471.04
2011-06-16,8.22,8.23,7.83,7.85,38443.68
2011-06-17,7.81,7.9,7.52,7.56,24278.84
2011-06-20,7.52,7.65,7.47,7.6,17231.7
2011-06-21,7.73,7.9,7.54,7.75,19694.85
2011-06-22,7.82,7.84,7.73,7.77,14718.38
2011-06-23,7.75,7.91,7.6,7.9,25004.97
2011-06-24,7.89,8.69,7.76,8.69,89720.69
2011-06-27,8.82,9.54,8.63,9.23,166336.07
2011-06-28,9.09,9.2,8.87,9.0,96973.75
2011-06-29,8.96,8.96,8.62,8.66,44581.3
2011-06-30,8.61,8.85,8.59,8.79,32725.65
2011-07-01,8.67,8.91,8.66,8.73,28999.17
2011-07-04,8.73,8.96,8.72,8.83,33649.19
2011-07-05,8.77,9.35,8.72,9.15,72829.56
2011-07-06,9.09,9.16,8.9,9.02,28781.7
2011-07-07,8.91,9.01,8.79,8.82,38409.66
2011-07-08,8.83,9.05,8.83,9.04,39455.25
2011-07-11,8.99,9.21,8.91,9.1,27862.47
2011-07-12,8.98,8.98,8.82,8.88,20650.21
2011-07-13,8.81,9.03,8.61,8.96,35749.43
2011-07-14,8.91,9.05,8.87,9.0,21206.05
2011-07-15,8.92,8.96,8.71,8.83,29856.18
2011-07-18,8.81,8.81,8.66,8.71,26393.36
2011-07-19,8.64,8.69,8.39,8.4,27938.79
2011-07-20,8.45,8.54,8.3,8.5,23368.46
2011-07-21,8.41,8.66,8.38,8.45,29498.85
2011-07-22,8.51,8.65,8.41,8.64,21528.48
2011-07-25,8.63,8.63,7.9,7.93,36031.4
2011-07-26,7.93,8.05,7.72,7.97,14411.85
2011-07-27,8.02,8.45,7.89,8.42,46012.49
2011-07-28,8.31,8.53,8.22,8.44,26302.63
2011-07-29,8.44,8.47,8.2,8.27,13032.33
2011-08-01,8.26,8.36,8.03,8.27,22346.59
2011-08-02,8.22,8.26,8.09,8.14,12598.81
2011-08-03,8.14,8.69,8.1,8.62,60317.98
2011-08-04,8.59,9.48,8.52,9.48,217444.98
2011-08-05,9.39,9.59,9.23,9.42,178104.87
2011-08-08,9.3,9.45,8.71,9.23,97444.46
2011-08-09,8.91,9.45,8.81,9.25,96627.91
2011-08-10,9.35,9.68,9.1,9.39,141764.07
2011-08-11,9.09,9.47,8.92,9.39,77447.83
2011-08-12,9.47,10.04,9.31,9.82,142817.53
2011-08-15,9.65,9.93,9.52,9.89,93876.36
2011-08-16,9.75,9.83,9.45,9.48,72685.33
2011-08-17,9.38,10.18,9.34,9.82,99315.48
2011-08-18,10.0,10.0,9.16,9.23,64523.63
2011-08-19,9.01,9.17,8.8,8.97,45327.99
2011-08-22,8.91,9.14,8.8,8.85,22984.65
2011-08-23,8.91,9.05,8.86,9.01,23880.65
2011-08-24,9.11,9.18,8.92,8.95,31548.52
2011-08-25,8.88,9.29,8.88,9.26,36712.52
2011-08-26,9.19,9.36,9.14,9.31,27506.27
2011-08-29,9.27,9.39,8.98,9.09,33185.43
2011-08-30,9.16,9.19,8.87,8.9,30734.84
2011-08-31,8.81,9.03,8.51,8.58,35737.28
2011-09-01,8.56,8.67,8.41,8.54,17049.64
2011-09-02,8.56,8.69,8.45,8.65,15554.29
2011-09-05,8.51,8.52,8.26,8.33,15538.36
2011-09-06,8.29,8.42,8.22,8.37,10254.56
2011-09-07,8.43,8.69,8.43,8.58,16129.16
2011-09-08,8.96,9.28,8.52,8.58,57536.47
2011-09-09,8.31,8.66,8.28,8.53,16619.32
2011-09-13,8.39,8.39,8.17,8.29,17397.5
2011-09-14,8.26,8.49,8.17,8.45,14871.35
2011-09-15,8.45,8.49,8.3,8.37,13947.71
2011-09-16,8.37,8.41,7.82,7.92,39030.69
2011-09-19,7.83,8.0,7.8,7.84,30782.07
2011-09-20,7.82,8.06,7.82,7.88,15779.21
2011-09-21,7.89,8.22,7.89,8.16,30327.45
2011-09-22,8.11,8.81,8.02,8.5,81724.02
2011-09-23,8.31,8.77,8.25,8.5,44455.6
2011-09-26,8.49,8.61,8.19,8.21,38250.42
2011-09-27,8.17,9.03,8.17,9.03,137180.78
2011-09-28,8.99,9.14,8.86,8.93,101616.81
2011-09-29,8.93,8.93,8.44,8.75,80134.45
2011-09-30,8.74,8.85,8.41,8.62,73941.34
2011-10-10,8.59,9.04,8.59,8.99,88581.6
2011-10-11,9.07,9.36,8.89,9.1,129788.63
2011-10-12,9.1,9.23,8.97,9.19,81624.31
2011-10-13,9.19,9.28,8.87,8.9,89103.56
2011-10-14,8.82,8.91,8.12,8.28,86171.08
2011-10-17,8.22,8.84,8.14,8.71,89667.71
2011-10-18,8.56,8.74,8.43,8.6,66344.4
2011-10-19,8.61,9.46,8.37,9.46,171493.5
2011-10-20,9.55,9.55,9.2,9.31,112277.26
2011-10-21,9.21,9.44,9.14,9.16,59557.77
2011-10-24,9.2,9.66,9.18,9.39,167074.73
2011-10-25,9.2,9.7,8.91,9.69,194628.87
2011-10-26,9.43,9.6,9.25,9.3,145603.65
2011-10-27,9.16,9.71,9.13,9.53,111390.26
2011-10-28,9.65,9.88,9.33,9.53,110377.79
2011-10-31,9.52,9.55,9.16,9.53,69227.91
2011-11-01,9.32,9.5,9.2,9.29,50648.23
2011-11-02,9.16,9.41,8.96,9.32,62366.93
2011-11-03,9.32,10.05,9.25,9.67,142174.77
2011-11-04,9.61,9.79,9.4,9.5,78666.43
2011-11-07,9.41,9.6,9.26,9.56,50565.58
2011-11-08,9.58,10.04,9.5,9.71,99642.67
2011-11-09,9.7,9.87,9.42,9.83,59129.0
2011-11-10,9.75,9.77,9.44,9.45,52096.01
2011-11-11,9.36,9.68,9.3,9.5,29931.46
2011-11-14,9.53,9.8,9.47,9.58,42192.81
2011-11-15,9.5,9.52,9.28,9.29,58449.6
2011-11-16,9.3,9.42,9.13,9.31,47644.5
2011-11-17,9.36,9.4,8.93,9.03,39927.69
2011-11-18,9.13,9.13,8.51,8.54,35037.7
2011-11-21,8.57,8.74,8.4,8.6,29140.66
2011-11-22,8.59,8.62,8.41,8.54,17015.52
2011-11-23,8.48,8.84,8.48,8.69,31272.83
2011-11-24,8.61,8.67,8.41,8.55,18776.45
2011-11-25,8.51,8.73,8.45,8.58,20973.78
2011-11-28,8.67,8.67,8.22,8.38,28879.06
2011-11-29,8.38,8.49,8.26,8.43,21737.08
2011-11-30,8.43,8.43,7.97,8.06,25928.42
2011-12-01,8.26,8.45,8.17,8.17,35005.11
2011-12-02,8.16,8.27,8.04,8.19,21249.64
2011-12-05,8.17,8.66,8.17,8.44,62052.82
2011-12-06,8.47,8.71,8.31,8.6,47853.31
2011-12-07,8.52,8.66,8.39,8.58,30046.26
2011-12-08,8.58,8.58,8.2,8.41,27062.7
2011-12-09,8.37,8.68,8.32,8.49,24143.7
2011-12-12,8.56,8.56,7.85,7.9,47663.01
2011-12-13,7.86,7.86,7.2,7.21,36695.42
2011-12-14,7.01,7.25,7.01,7.07,17150.64
2011-12-15,7.05,7.21,7.01,7.08,15031.2
2011-12-16,7.03,7.32,7.02,7.31,19151.52
2011-12-19,7.31,7.31,6.64,6.96,28785.5
2011-12-20,6.9,7.01,6.75,6.88,21212.73
2011-12-21,6.86,7.01,6.37,6.39,22475.44
2011-12-22,6.39,6.39,5.86,6.13,26537.83
2011-12-23,6.11,6.24,5.99,6.17,21093.43
2011-12-26,6.06,6.21,5.98,5.99,15132.12
2011-12-27,5.99,5.99,5.54,5.56,22769.76
2011-12-28,5.54,5.59,5.29,5.52,21826.85
2011-12-29,5.52,5.62,5.38,5.54,14471.06
2011-12-30,5.54,6.07,5.54,5.94,29294.97
2012-01-04,5.94,5.95,5.61,5.73,17753.18
2012-01-05,5.6,5.74,5.46,5.48,15064.75
2012-01-06,5.44,5.71,5.38,5.7,15143.0
2012-01-09,5.73,6.02,5.59,5.94,20966.27
2012-01-10,5.88,6.2,5.88,6.15,33092.87
2012-01-11,6.16,6.16,5.94,6.07,29660.91
2012-01-12,6.07,6.53,6.02,6.22,43728.62
2012-01-13,6.25,6.73,6.16,6.43,64562.86
2012-01-16,6.32,6.36,5.84,5.85,31380.19
2012-01-17,5.87,6.32,5.76,6.23,25740.43
2012-01-18,6.24,6.4,6.07,6.13,23133.47
2012-01-19,6.32,6.32,6.07,6.19,18015.07
2012-01-20,6.24,6.31,6.14,6.2,15433.51
2012-01-30,6.28,6.35,6.2,6.23,11255.14
2012-01-31,6.24,6.32,6.2,6.32,9601.29
2012-02-01,6.26,6.38,6.14,6.17,12836.85
2012-02-02,6.11,6.28,6.11,6.27,11060.36
2012-02-03,6.19,6.41,6.19,6.33,22103.59
2012-02-06,6.32,6.5,6.32,6.43,25496.9
2012-02-07,6.34,6.41,6.26,6.31,14735.91
2012-02-08,6.31,6.82,6.26,6.69,47140.04
2012-02-09,6.66,6.83,6.54,6.6,62951.9
2012-02-10,6.63,6.8,6.57,6.61,37476.85
2012-02-13,6.54,6.63,6.44,6.57,24100.53
2012-02-14,6.64,6.88,6.61,6.71,36884.38
2012-02-15,6.73,6.78,6.61,6.74,29375.98
2012-02-16,6.7,7.41,6.69,7.41,103741.44
2012-02-17,7.42,7.79,7.38,7.52,133606.94
2012-02-20,7.57,7.57,7.34,7.36,57283.32
2012-02-21,7.25,7.37,7.19,7.33,44746.96
2012-02-22,7.32,7.47,7.29,7.39,48731.48
2012-02-23,7.42,7.47,7.23,7.36,34922.48
2012-02-24,7.29,7.74,7.29,7.49,87197.19
2012-02-27,7.47,7.56,7.29,7.43,107833.24
2012-02-28,7.36,7.39,7.17,7.28,45306.35
2012-02-29,7.21,7.22,7.0,7.09,36772.14
2012-03-01,7.08,7.26,7.03,7.18,22906.16
2012-03-02,7.18,7.35,7.12,7.3,53993.41
2012-03-05,7.39,7.39,7.21,7.22,35063.27
2012-03-06,7.17,7.26,7.05,7.08,29144.3
2012-03-07,7.01,7.19,6.95,7.14,27081.63
2012-03-08,7.18,7.31,7.11,7.21,26016.27
2012-03-09,7.28,7.31,7.16,7.24,31130.3
2012-03-12,7.24,7.36,7.17,7.35,33755.13
2012-03-13,7.39,7.72,7.39,7.49,77096.1
2012-03-14,7.49,7.51,6.74,6.77,74765.85
2012-03-15,6.78,6.87,6.19,6.47,38174.41
2012-03-19,6.63,6.78,6.53,6.76,28095.68
2012-03-20,6.73,6.73,6.58,6.58,16573.42
2012-03-21,6.51,7.25,6.51,7.25,48198.77
2012-03-22,7.97,7.97,7.97,7.97,36118.98
2012-03-23,8.77,8.77,8.06,8.77,247672.33
2012-03-26,8.68,8.71,8.0,8.33,179335.43
2012-03-27,8.2,9.17,8.2,9.0,240419.35
2012-03-28,8.57,8.89,8.19,8.4,155563.15
2012-03-29,8.4,8.8,8.01,8.48,133845.7
2012-03-30,8.31,8.65,8.07,8.35,91911.71
2012-04-05,8.41,9.19,8.25,9.19,146323.09
2012-04-06,9.5,10.11,9.23,9.86,253403.4
2012-04-09,9.66,10.06,9.57,9.75,132039.51
2012-04-10,9.6,10.73,9.58,10.73,193157.19
2012-04-11,11.01,11.67,10.6,11.04,239621.11
2012-04-12,10.9,11.21,10.71,11.17,169375.29
2012-04-13,11.07,11.28,10.67,10.79,159760.04
2012-04-16,10.64,10.87,10.5,10.73,123185.22
2012-04-17,10.56,10.59,9.66,9.97,227078.2
2012-04-18,9.9,10.87,9.7,10.21,199456.35
2012-04-19,10.0,10.63,9.69,10.46,199138.88
2012-04-20,10.29,10.74,10.16,10.34,149475.61
2012-04-23,10.32,10.32,9.85,10.01,113450.39
2012-04-24,9.88,10.33,9.66,10.13,122126.18
2012-04-25,10.1,11.08,9.95,10.76,233175.0
2012-04-26,10.64,10.64,9.8,9.96,175078.38
2012-04-27,9.72,9.85,9.22,9.3,108049.15
2012-05-02,9.39,9.78,9.11,9.58,92270.63
2012-05-03,9.4,9.55,9.24,9.45,51716.47
2012-05-04,9.45,9.57,9.3,9.44,43713.38
2012-05-07,10.05,10.38,10.05,10.38,75074.61
2012-05-08,10.74,11.42,10.62,11.42,380599.46
2012-05-09,11.18,11.63,10.79,11.43,212546.13
2012-05-10,11.19,11.83,11.07,11.15,183898.37
2012-05-11,10.9,12.08,10.8,11.64,259088.84
2012-05-14,11.53,11.54,10.89,11.18,162459.43
2012-05-15,10.89,11.27,10.7,11.01,100167.5
2012-05-16,11.04,11.33,10.49,11.23,146786.39
2012-05-17,11.01,11.77,10.94,11.38,165571.88
2012-05-18,11.11,11.36,10.74,10.79,124325.28
2012-05-21,10.61,11.05,10.61,10.81,70041.41
2012-05-22,10.86,11.56,10.85,11.31,147214.77
2012-05-23,11.09,12.04,11.06,11.63,172789.49
2012-05-24,11.49,12.42,11.4,11.88,186958.8
2012-05-25,11.68,11.85,11.0,11.32,124998.59
2012-05-28,11.09,11.57,10.82,11.55,95540.24
2012-05-29,11.42,11.71,11.21,11.51,94541.16
2012-05-30,11.49,11.98,11.21,11.23,113502.13
2012-05-31,10.96,11.22,10.83,11.11,71448.07
2012-06-01,11.11,11.42,10.99,11.38,88802.89
2012-06-04,11.13,11.38,10.59,10.61,78465.27
2012-06-05,10.59,10.72,10.01,10.17,87606.27
2012-06-06,10.21,10.45,10.14,10.28,49786.58
2012-06-07,10.44,10.48,10.1,10.17,42626.94
2012-06-08,10.31,10.44,10.17,10.25,43312.6
2012-06-11,10.2,10.87,10.0,10.73,77915.03
2012-06-12,10.57,10.76,10.46,10.51,42802.76
2012-06-13,10.49,10.92,10.47,10.87,71699.38
2012-06-14,10.86,10.93,10.67,10.78,50732.02
2012-06-15,11.07,11.28,10.76,10.92,75536.48
2012-06-18,10.74,10.96,10.74,10.86,38130.74
2012-06-19,10.74,11.02,10.74,10.81,33025.44
2012-06-20,10.9,10.96,10.25,10.28,39138.3
2012-06-21,10.2,10.72,9.85,10.48,49522.5
2012-06-25,10.34,10.57,10.12,10.21,34924.8
2012-06-26,10.1,10.37,10.06,10.27,21424.7
2012-06-27,10.27,10.64,10.21,10.41,35789.77
2012-06-28,10.74,10.74,9.88,9.91,36888.76
2012-06-29,9.89,10.34,9.75,10.24,54415.92
2012-07-02,10.27,10.73,10.18,10.45,38691.23
2012-07-03,10.33,10.67,10.33,10.64,34357.59
2012-07-04,10.58,11.71,10.5,11.18,135748.33
2012-07-05,11.25,11.59,10.78,11.17,107763.48
2012-07-06,11.42,11.43,11.02,11.28,83830.47
2012-07-09,11.05,11.28,10.74,10.8,54747.03
2012-07-10,10.67,10.89,9.9,9.94,70237.29
2012-07-11,9.9,10.23,9.8,10.16,35572.99
2012-07-12,10.32,10.36,10.07,10.3,32885.84
2012-07-13,10.18,10.49,9.98,10.02,51607.79
2012-07-16,10.06,10.21,9.98,10.03,32993.64
2012-07-17,9.81,10.2,9.76,10.19,27232.26
2012-07-18,10.2,10.27,9.9,10.18,30707.48
2012-07-19,10.16,10.53,10.09,10.48,48577.67
2012-07-20,10.35,10.64,10.28,10.35,35737.15
2012-07-23,10.16,10.33,9.9,10.02,35120.98
2012-07-24,9.9,10.15,9.9,10.06,16363.4
2012-07-25,10.01,10.11,9.96,9.98,16078.92
2012-07-26,9.93,10.09,9.93,9.98,15080.94
2012-07-27,10.0,10.27,9.92,10.12,26719.28
2012-07-30,10.12,10.17,9.22,9.23,33452.88
2012-07-31,9.21,9.24,8.66,8.9,25425.71
2012-08-01,8.85,9.22,8.85,9.07,11255.16
2012-08-02,9.08,9.18,8.97,9.08,11616.25
2012-08-03,9.09,9.19,8.98,9.16,17135.14
2012-08-06,9.15,9.58,9.02,9.46,20361.15
2012-08-07,9.46,9.7,9.36,9.58,13210.9
2012-08-08,9.59,9.89,9.46,9.85,23177.39
2012-08-09,9.83,10.08,9.8,9.86,22559.6
2012-08-10,9.8,10.03,9.61,9.67,15697.81
2012-08-13,9.56,10.64,9.56,10.47,89894.42
2012-08-14,10.23,10.79,10.23,10.67,93086.55
2012-08-15,10.68,10.68,10.34,10.49,30167.11
2012-08-16,10.4,10.65,10.2,10.39,41958.19
2012-08-17,10.34,10.48,10.0,10.47,23478.99
2012-08-20,10.44,10.44,9.93,10.24,24957.13
2012-08-21,10.28,10.34,10.0,10.1,31016.82
2012-08-22,10.1,10.2,9.55,9.74,44684.54
2012-08-23,9.69,9.86,9.61,9.72,21356.38
2012-08-24,9.65,9.72,9.27,9.33,24423.28
2012-08-27,9.21,9.49,9.0,9.45,22930.18
2012-08-28,9.4,9.75,9.22,9.65,15094.03
2012-08-29,9.65,9.73,9.43,9.43,10373.33
2012-08-30,9.41,9.78,9.41,9.5,13165.54
2012-08-31,9.46,9.6,9.45,9.51,7668.48
2012-09-03,9.5,9.76,9.32,9.73,17571.29
2012-09-04,9.57,9.75,9.56,9.57,8922.44
2012-09-05,9.47,9.64,9.45,9.57,6277.01
2012-09-06,9.6,9.71,9.5,9.59,9351.2
2012-09-07,9.65,10.04,9.59,9.85,29724.2
2012-09-10,9.95,9.95,9.54,9.81,29528.08
2012-09-11,9.75,9.81,9.6,9.75,13648.57
2012-09-12,9.83,10.18,9.76,10.13,44178.91
2012-09-13,10.14,10.15,9.7,9.73,24807.81
2012-09-14,9.78,9.89,9.64,9.75,16987.34
2012-09-17,9.72,9.78,9.3,9.32,16869.12
2012-09-18,9.3,9.42,9.23,9.33,7999.35
2012-09-19,9.36,9.53,9.35,9.48,7415.31
2012-09-20,9.49,9.5,9.06,9.17,11590.32
2012-09-21,9.17,9.42,9.07,9.28,6901.3
2012-09-24,9.17,9.29,9.01,9.24,4226.03
2012-09-25,9.27,9.35,9.19,9.31,6921.3
2012-09-26,9.25,9.43,9.21,9.35,13675.85
2012-09-27,9.35,9.54,9.25,9.47,10228.72
2012-09-28,9.44,9.66,9.34,9.63,10706.46
2012-10-08,9.6,9.7,9.51,9.63,10086.59
2012-10-09,9.64,9.82,9.62,9.69,13846.3
2012-10-10,9.7,9.75,9.46,9.67,17215.32
2012-10-11,9.56,9.72,9.48,9.67,15800.77
2012-10-12,9.74,9.75,9.48,9.55,10333.83
2012-10-15,9.59,9.59,9.18,9.23,11970.36
2012-10-16,9.26,9.4,9.11,9.29,9590.44
2012-10-17,9.21,9.43,9.21,9.3,10675.76
2012-10-18,9.25,9.57,9.25,9.48,14509.96
2012-10-19,9.48,9.66,9.38,9.52,14048.47
2012-10-22,9.41,9.57,9.37,9.55,11083.52
2012-10-23,9.52,9.88,9.52,9.57,21329.99
2012-10-24,9.4,9.55,9.37,9.47,12058.82
2012-10-25,9.47,9.83,9.38,9.64,24405.43
2012-10-26,9.59,9.82,9.59,9.65,24180.6
2012-10-29,9.65,10.39,9.42,10.21,56727.19
2012-10-30,10.1,10.37,10.08,10.1,34752.91
2012-10-31,9.98,10.18,9.69,10.02,27352.88
2012-11-13,11.02,11.02,11.02,11.02,9694.46
2012-11-14,11.47,11.47,10.37,10.77,114046.73
2012-11-15,10.69,10.69,9.85,9.87,58498.93
2012-11-16,9.61,9.85,9.25,9.4,37664.47
2012-11-19,9.31,9.48,9.28,9.43,22374.17
2012-11-20,9.47,9.52,9.13,9.17,26432.46
2012-11-21,9.06,9.39,9.02,9.37,22156.82
2012-11-22,9.31,9.35,9.13,9.22,14389.05
2012-11-23,9.21,9.46,9.16,9.21,10428.7
2012-11-26,9.21,9.29,9.13,9.23,9718.9
2012-11-27,9.22,9.25,8.37,8.9,40641.87
2012-11-28,8.71,8.81,8.22,8.26,20314.94
2012-11-29,8.3,8.36,7.8,7.82,23363.58
2012-11-30,7.9,8.22,7.62,8.2,28163.86
2012-12-03,8.22,9.02,8.22,8.61,46461.0
2012-12-04,8.53,8.65,8.12,8.61,23917.72
2012-12-05,8.51,8.96,8.41,8.72,27054.21
2012-12-06,8.72,8.81,8.59,8.72,13973.53
2012-12-07,8.62,8.89,8.61,8.8,26193.01
2012-12-10,8.96,8.96,8.73,8.84,24132.8
2012-12-11,8.79,8.9,8.61,8.63,21590.38
2012-12-12,8.64,8.99,8.51,8.82,23919.23
2012-12-13,8.88,8.96,8.68,8.69,15356.58
2012-12-14,8.66,9.03,8.57,9.02,34403.42
2012-12-17,9.03,9.3,9.03,9.15,29994.64
2012-12-18,9.16,9.17,8.95,9.01,21093.18
2012-12-19,9.01,9.05,8.87,9.01,13103.3
2012-12-20,8.92,9.03,8.86,8.94,12164.46
2012-12-21,9.0,9.03,8.89,8.94,14565.19
2012-12-24,8.94,9.17,8.81,9.09,17639.4
2012-12-25,9.01,9.85,9.01,9.46,48123.89
2012-12-26,9.4,9.69,9.39,9.49,29597.02
2012-12-27,9.41,10.09,9.41,9.87,49200.65
2012-12-28,9.88,10.0,9.7,9.91,27848.52
2012-12-31,9.91,10.26,9.79,10.14,32365.13
2013-01-04,10.26,10.26,9.89,10.1,22392.46
2013-01-07,10.06,10.14,9.9,9.98,17303.29
2013-01-08,9.9,10.43,9.9,10.34,28144.59
2013-01-09,10.35,10.55,10.16,10.37,18908.21
2013-01-10,10.27,10.49,10.18,10.28,10311.47
2013-01-11,10.27,10.43,9.89,9.97,22512.7
2013-01-14,9.9,10.19,9.88,10.03,27549.38
2013-01-15,10.08,10.1,9.85,10.05,37476.5
2013-01-16,10.04,10.18,9.95,10.11,26046.93
2013-01-17,10.07,10.21,9.89,9.93,23174.74
2013-01-18,9.92,10.07,9.92,10.02,19388.39
2013-01-21,10.08,10.77,10.0,10.59,68823.98
2013-01-22,10.6,10.61,10.15,10.27,41478.68
2013-01-23,10.29,10.37,9.99,10.15,23439.89
2013-01-24,10.14,10.17,9.76,9.85,22681.16
2013-01-25,9.86,9.96,9.75,9.81,14903.19
2013-01-28,9.81,9.99,9.7,9.96,18182.02
2013-01-29,9.97,10.21,9.95,9.96,19167.41
2013-01-30,9.98,10.2,9.89,10.13,25526.23
2013-01-31,10.16,10.3,10.05,10.14,26992.93
2013-02-01,10.16,10.49,10.08,10.37,42501.28
2013-03-19,11.41,11.41,11.32,11.41,206441.87
2013-03-20,11.25,11.25,10.56,10.96,199752.94
2013-03-21,10.75,11.27,10.49,11.09,179144.1
2013-03-22,10.97,11.87,10.92,11.6,172471.99
2013-03-25,11.37,12.76,11.37,12.45,232995.31
2013-03-26,12.41,13.01,12.18,12.72,177767.25
2013-03-27,12.72,12.82,12.38,12.66,111812.06
2013-03-29,12.08,13.52,12.04,12.91,136815.0
2013-04-01,12.89,13.24,12.67,12.86,79604.01
2013-04-02,13.05,13.31,12.34,12.46,97067.5
2013-04-03,12.2,12.66,12.08,12.14,56716.09
2013-04-08,11.97,12.21,11.71,11.96,51158.77
2013-04-09,11.98,13.14,11.89,12.92,100279.2
2013-04-10,12.69,12.97,12.45,12.72,57450.59
2013-04-11,12.57,13.12,12.55,12.71,74236.42
2013-04-12,12.61,12.75,12.17,12.42,40015.17
2013-04-15,12.32,12.59,12.06,12.21,29958.99
2013-04-16,11.87,11.88,11.18,11.5,52257.26
2013-04-17,11.29,11.69,11.29,11.63,24920.07
2013-04-18,11.58,11.98,11.48,11.77,28138.54
2013-04-19,11.68,12.33,11.68,12.14,36324.02
2013-04-22,11.98,12.74,11.95,12.59,39058.28
2013-04-23,12.54,12.7,12.13,12.29,30171.87
2013-04-24,12.18,12.97,12.18,12.78,49925.66
2013-04-25,12.67,13.12,12.5,12.77,45573.35
2013-04-26,12.94,12.94,12.13,12.14,39694.02
2013-05-02,11.89,12.11,11.63,12.01,24452.31
2013-05-03,12.08,12.35,11.89,12.06,15507.94
2013-05-06,11.94,12.57,11.94,12.45,24807.29
2013-05-07,12.39,13.41,12.39,12.8,67789.67
2013-05-08,12.8,13.64,12.69,13.53,87119.03
2013-05-09,13.6,14.87,13.24,14.35,90714.59
2013-05-10,14.34,14.52,14.03,14.24,72262.61
2013-05-13,14.24,14.52,13.77,14.0,44061.81
2013-05-14,13.87,13.97,13.3,13.66,52275.79
2013-05-15,13.59,13.86,13.37,13.78,41157.61
2013-05-16,13.75,14.75,13.5,14.33,68945.66
2013-05-17,14.26,14.55,14.04,14.19,45787.65
2013-05-20,14.18,14.83,13.97,14.6,68774.51
2013-05-21,14.48,14.73,14.23,14.46,45821.25
2013-05-22,14.35,14.65,13.98,14.63,56325.44
2013-05-23,14.47,14.47,13.47,13.76,85034.35
2013-05-24,13.58,13.96,13.58,13.72,49539.11
2013-05-27,13.67,13.76,13.18,13.73,54249.92
2013-05-28,13.55,14.12,13.48,13.84,36814.81
2013-05-29,14.15,14.33,13.68,13.85,50297.31
2013-05-30,13.85,13.85,13.22,13.28,52882.42
2013-05-31,13.18,13.89,13.18,13.55,52777.41
2013-06-03,13.59,13.9,13.31,13.37,28561.84
2013-06-04,13.38,13.76,13.14,13.24,27981.86
2013-06-05,13.18,13.36,12.57,12.67,34907.37
2013-06-06,12.47,12.67,11.69,11.91,61681.85
2013-06-07,11.95,11.96,11.44,11.94,51696.29
2013-06-13,11.38,12.01,11.38,11.76,29934.71
2013-06-14,11.73,11.98,11.51,11.62,26634.92
2013-06-17,11.59,11.8,11.17,11.2,38451.45
2013-06-18,11.21,11.49,11.21,11.43,23611.24
2013-06-19,11.28,11.38,10.29,11.05,40451.67
2013-06-20,10.83,10.91,10.35,10.38,32564.73
2013-06-21,10.27,10.56,10.06,10.5,24590.6
2013-06-24,10.5,10.69,9.45,9.45,43188.4
2013-06-25,9.38,9.38,8.51,9.09,60399.49
2013-06-26,8.93,9.32,8.91,9.23,26383.9
2013-06-27,9.29,9.36,8.89,9.01,33181.08
2013-06-28,8.92,9.24,8.72,8.89,33888.57
2013-07-01,8.98,9.07,8.89,9.06,30532.07
2013-07-02,9.06,9.14,8.92,9.14,27960.62
2013-07-03,9.15,9.17,8.58,8.87,36883.13
2013-07-04,8.78,9.42,8.73,9.37,56086.35
2013-07-05,9.37,9.53,9.24,9.48,33902.91
2013-07-08,9.31,9.35,8.92,8.95,24743.03
2013-07-09,8.9,9.03,8.26,8.53,34114.72
2013-07-10,8.56,9.04,8.36,9.03,31896.04
2013-07-11,9.05,9.67,8.95,9.43,46861.31
2013-07-12,9.28,9.44,9.07,9.11,35782.08
2013-07-15,9.13,9.32,9.01,9.19,26533.93
2013-07-16,9.13,9.46,9.01,9.45,28385.92
2013-07-17,9.4,9.89,9.32,9.84,48930.99
2013-07-18,9.79,10.28,9.56,9.87,64430.34
2013-07-19,9.74,10.05,9.4,9.61,57077.78
2013-07-22,9.46,9.71,9.27,9.71,18978.52
2013-07-23,9.73,10.34,9.73,10.29,46118.99
2013-07-24,10.31,11.04,10.27,10.86,76053.06
2013-07-25,10.78,11.26,10.78,10.94,53547.32
2013-07-26,10.8,11.46,10.8,11.38,56449.91
2013-07-29,11.41,11.85,11.02,11.62,50096.49
2013-07-30,11.61,11.78,11.2,11.66,63950.05
2013-07-31,11.62,12.17,11.35,11.47,34450.96
2013-08-01,11.48,11.85,11.28,11.78,38685.51
2013-08-02,11.76,12.16,11.76,12.15,46484.27
2013-08-05,12.08,12.37,11.91,12.3,37105.26
2013-08-16,12.21,12.21,11.08,11.08,132825.17
2013-08-19,10.49,10.84,10.22,10.67,62734.74
2013-08-20,10.54,11.13,10.47,10.81,40505.87
2013-08-21,10.82,11.23,10.73,11.13,36158.65
2013-08-22,11.13,11.37,10.98,11.03,19498.63
2013-08-23,11.03,11.22,10.67,10.82,18334.04
2013-08-26,10.73,11.0,10.58,10.74,29942.13
2013-08-27,10.73,10.89,10.58,10.73,23750.27
2013-08-28,10.67,10.72,10.49,10.51,26146.99
2013-08-29,10.66,10.89,10.57,10.88,34139.85
2013-08-30,10.94,11.55,10.9,11.42,59194.33
2013-09-02,10.92,11.43,10.92,11.36,24342.9
2013-09-03,11.18,11.46,11.18,11.3,16436.03
2013-09-04,11.34,11.43,10.89,11.08,31506.1
2013-09-05,11.01,11.22,10.89,11.02,16004.0
2013-09-06,11.03,11.13,10.78,10.81,19918.37
2013-09-09,10.81,11.07,10.79,10.84,18697.8
2013-09-10,10.8,11.03,10.69,10.79,29274.74
2013-09-11,10.8,10.89,10.64,10.75,19823.19
2013-09-12,10.71,10.79,10.57,10.62,18993.43
2013-09-13,10.69,10.76,10.44,10.75,15230.07
2013-09-16,10.74,10.74,10.49,10.6,18737.4
2013-09-17,10.54,10.57,10.37,10.48,15244.32
2013-09-18,10.48,10.9,10.45,10.89,37140.3
2013-09-23,11.06,11.17,10.89,11.15,38374.79
2013-09-24,11.12,11.34,11.02,11.23,30725.61
2013-09-25,11.21,11.63,11.2,11.25,32478.64
2013-09-26,11.2,11.22,10.8,11.07,25928.62
2013-09-27,10.94,11.19,10.8,10.84,17333.66
2013-09-30,10.94,11.29,10.94,11.22,21019.2
2013-10-08,11.21,11.58,11.17,11.52,27818.62
2013-10-09,11.52,12.67,11.51,12.5,51855.47
2013-10-10,12.5,12.73,12.25,12.35,33057.35
2013-10-11,12.38,12.72,11.97,12.7,34365.8
2013-10-14,12.85,13.79,12.76,13.37,73903.87
2013-10-15,13.26,13.74,13.21,13.37,33694.92
2013-10-16,13.37,13.71,13.23,13.42,36309.18
2013-10-17,13.32,14.35,13.32,14.2,54284.26
2013-10-18,14.27,14.79,13.89,14.74,58663.14
2013-10-21,14.74,15.24,14.55,14.94,63193.04
2013-10-22,14.84,15.09,14.53,14.78,34043.75
2013-10-23,14.83,15.02,14.37,14.73,26368.09
2013-10-24,14.62,14.84,13.25,13.25,67097.13
2013-10-25,13.37,14.35,13.24,13.63,34578.45
2013-10-28,13.36,13.82,12.35,12.88,33518.21
2013-10-29,13.04,13.28,12.13,12.69,34040.96
2013-10-30,12.53,12.71,12.32,12.68,25302.32
2013-10-31,12.39,12.75,12.13,12.18,18305.72
2013-11-01,12.17,12.65,11.91,12.5,22710.46
2013-11-04,12.47,12.71,12.08,12.7,16892.19
2013-11-05,12.57,12.9,12.48,12.89,16015.36
2013-11-06,12.93,13.31,12.69,12.95,19279.39
2013-11-07,12.86,13.14,12.6,12.72,28518.1
2013-11-08,12.72,12.89,12.49,12.75,11264.0
2013-11-11,12.51,13.31,12.51,13.08,16276.36
2013-11-12,13.32,13.74,13.17,13.56,17675.96
2013-11-13,13.47,13.99,13.36,13.83,20216.93
2013-11-14,13.81,13.98,13.41,13.71,13389.24
2013-11-15,13.66,13.98,13.57,13.75,23518.66
2013-11-18,13.75,14.73,13.75,13.85,24076.58
2013-11-19,13.87,14.02,13.62,13.91,27843.78
2013-11-20,13.87,14.95,13.87,14.87,46384.4
2013-11-21,14.97,15.13,14.55,14.86,38714.88
2013-11-22,14.67,15.32,14.67,15.18,29692.45
2013-11-25,15.44,15.44,14.99,15.22,28599.39
2013-11-26,15.21,15.94,15.12,15.92,31667.58
2013-11-27,15.76,16.81,15.5,16.01,30460.04
2013-11-28,16.08,16.12,15.74,16.03,43898.58
2013-11-29,15.86,16.44,15.8,16.23,39424.07
2013-12-02,15.83,15.92,14.61,15.33,51665.19
2013-12-03,15.34,15.54,15.02,15.39,14366.89
2013-12-04,15.54,15.89,15.2,15.55,23824.72
2013-12-05,15.59,15.72,15.0,15.23,14207.68
2013-12-06,15.23,15.96,15.04,15.94,34123.71
2013-12-09,16.22,16.31,15.74,16.03,60270.39
2013-12-10,15.87,16.52,15.87,16.29,31836.39
2013-12-11,16.27,16.53,16.11,16.16,22827.55
2013-12-12,16.0,16.27,15.84,16.09,21253.05
2013-12-13,16.23,16.6,15.87,16.51,22222.92
2013-12-16,16.51,16.82,16.3,16.42,20371.68
2013-12-17,16.5,16.52,16.02,16.4,10915.5
2013-12-18,16.43,16.43,14.76,15.55,77683.98
2013-12-19,15.44,15.44,14.37,14.79,39239.02
2013-12-20,14.75,14.75,14.33,14.59,14150.85
2013-12-23,14.82,15.14,14.55,14.86,12661.63
2013-12-24,15.05,15.39,14.86,15.16,9500.34
2013-12-25,15.24,15.29,14.95,15.17,7040.75
2013-12-26,15.25,16.32,14.95,16.19,28064.63
2013-12-27,16.42,16.53,16.13,16.4,33356.97
2013-12-30,16.34,17.61,16.34,16.89,29790.65
2013-12-31,17.05,17.05,15.74,16.07,25801.45
2014-01-02,16.13,16.13,15.63,15.74,17227.98
2014-01-03,15.83,15.91,15.03,15.3,16960.88
2014-01-06,15.01,15.69,15.01,15.34,12164.5
2014-01-07,15.44,15.53,15.05,15.22,6767.0
2014-01-08,15.05,15.43,14.7,15.34,12644.17
2014-01-09,15.34,15.54,15.2,15.34,11804.84
2014-01-10,15.34,15.46,14.82,15.27,14965.64
2014-01-13,15.27,15.32,13.75,13.75,35215.39
2014-01-14,12.37,13.07,12.37,12.37,84313.85
2014-02-11,13.61,13.61,12.9,13.61,116829.87
2014-02-12,13.86,14.96,13.74,14.47,156088.07
2014-02-13,14.23,14.63,14.16,14.49,82139.35
2014-02-14,14.45,14.87,13.86,14.74,46730.72
2014-02-17,14.75,15.33,14.74,15.33,51659.62
2014-02-18,15.42,15.82,15.3,15.32,46917.2
2014-02-19,15.24,15.48,15.0,15.1,45191.06
2014-02-20,15.03,15.24,14.43,14.55,62499.03
2014-02-21,14.6,14.67,14.14,14.44,41050.37
2014-02-24,14.4,14.4,13.21,13.93,48536.93
2014-02-25,13.86,14.02,13.16,13.82,33860.06
2014-02-26,13.75,14.13,13.47,14.0,27283.61
2014-02-27,14.09,14.1,13.48,13.63,19442.51
2014-02-28,13.66,13.71,12.98,13.64,18238.09
2014-03-03,13.52,13.76,13.24,13.65,20238.3
2014-03-04,13.61,13.63,13.05,13.24,17935.66
2014-03-05,13.24,13.66,13.07,13.09,17186.22
2014-03-06,13.15,13.36,12.93,13.19,12543.84
2014-03-07,13.29,13.37,12.97,13.1,11975.95
2014-03-10,13.31,13.41,12.93,12.99,14894.17
2014-03-11,12.99,13.33,12.92,13.02,15945.24
2014-03-12,12.87,13.14,11.72,11.72,54952.21
2014-03-13,11.66,11.66,11.18,11.53,49724.05
2014-03-14,11.39,11.72,11.32,11.68,32614.27
2014-03-17,11.73,11.81,11.58,11.67,24495.4
2014-03-18,11.73,11.97,11.69,11.7,31142.01
2014-03-19,11.75,12.87,11.56,12.87,81944.95
2014-03-20,13.25,13.25,12.17,12.36,74877.41
2014-03-21,12.27,12.45,11.68,12.35,61001.49
2014-03-24,12.26,12.67,12.14,12.56,53514.61
2014-03-25,12.46,12.46,12.03,12.12,40143.87
2014-03-26,12.1,12.27,11.9,12.07,24494.94
2014-03-27,12.08,12.19,11.78,11.9,21342.98
2014-03-28,11.98,12.08,11.38,11.65,26410.51
2014-03-31,11.65,11.86,11.38,11.66,11940.01
2014-04-01,11.7,11.78,11.55,11.68,15904.82
2014-04-02,11.67,11.97,11.62,11.87,17978.37
2014-04-03,11.89,11.96,11.6,11.71,14389.37
2014-04-04,11.72,11.79,11.56,11.71,15060.53
2014-04-08,11.64,11.8,11.61,11.71,17702.64
2014-04-09,11.74,11.81,11.66,11.8,19310.57
2014-04-10,11.79,11.99,11.76,11.95,23562.12
2014-04-11,11.96,11.98,11.76,11.79,15606.39
2014-04-14,11.79,11.84,11.69,11.71,11304.59
2014-04-15,11.7,11.71,11.55,11.57,13720.54
2014-04-16,11.68,11.83,11.56,11.59,16529.24
2014-04-17,11.59,11.67,11.33,11.43,24761.87
2014-04-18,11.58,11.66,11.38,11.55,20240.86
2014-04-21,11.51,11.51,11.14,11.33,20103.28
2014-04-22,11.32,11.39,10.87,11.11,16420.21
2014-04-23,11.1,11.15,10.68,10.7,17147.74
2014-04-24,10.69,10.69,10.33,10.35,17859.36
2014-04-25,10.34,10.47,10.2,10.26,17099.99
2014-04-28,10.18,11.29,10.14,11.29,79924.14
2014-04-29,11.48,11.67,10.99,11.22,55404.82
2014-04-30,11.26,11.57,11.26,11.33,34013.1
2014-05-05,11.09,11.09,10.86,10.94,24722.32
2014-05-06,11.08,11.39,10.89,11.25,23649.68
2014-05-07,11.1,11.68,11.09,11.26,22331.86
2014-05-08,11.16,11.28,10.9,11.02,17141.04
2014-05-09,10.91,11.11,10.91,10.94,11304.73
2014-05-12,11.0,11.04,10.54,10.94,27030.1
2014-05-13,10.91,10.94,10.75,10.9,11865.48
2014-05-14,10.92,11.48,10.92,11.17,17552.08
2014-05-15,11.1,11.11,10.79,10.88,11804.09
2014-05-16,10.79,10.92,10.74,10.89,3896.6
2014-05-19,10.81,10.81,10.5,10.7,7871.0
2014-05-20,10.85,10.85,10.54,10.66,4777.81
2014-05-21,10.59,10.79,10.52,10.79,8145.26
2014-05-22,10.79,10.93,10.78,10.87,8271.88
2014-05-23,10.93,11.13,10.93,10.95,12878.4
2014-05-26,11.03,11.03,10.67,10.82,16146.79
2014-05-27,10.78,10.79,10.56,10.65,14050.05
2014-05-28,10.64,10.8,10.55,10.67,12940.19
2014-05-29,10.67,10.73,10.34,10.35,15402.31
2014-05-30,10.36,10.47,10.15,10.3,9222.12
2014-06-03,10.34,10.55,10.29,10.48,9058.94
2014-06-04,10.49,10.52,10.23,10.27,6254.82
2014-06-05,10.31,10.33,10.2,10.31,3958.94
2014-06-06,10.35,10.35,10.22,10.3,5608.29
2014-06-09,10.34,10.34,10.22,10.31,7185.77
2014-06-10,10.29,10.33,10.23,10.3,10347.0
2014-06-11,10.31,10.82,10.24,10.63,22861.1
2014-06-12,10.62,10.65,10.31,10.5,12048.73
2014-06-13,10.43,10.53,10.38,10.5,11318.3
2014-06-16,10.44,10.56,10.42,10.44,8814.66
2014-06-17,10.46,10.49,10.39,10.4,6946.53
2014-06-18,10.41,10.49,10.35,10.37,7297.3
2014-06-19,10.35,10.36,9.93,10.1,11316.7
2014-06-20,10.04,10.44,10.04,10.38,12112.98
2014-06-23,10.38,10.44,10.24,10.28,6594.05
2014-06-24,10.39,10.49,10.29,10.37,8125.77
2014-06-25,10.32,10.44,10.29,10.29,4202.95
2014-06-26,10.36,10.54,10.3,10.53,13282.53
2014-06-27,10.5,11.38,10.44,11.01,42401.61
2014-06-30,11.02,11.26,10.83,11.14,18606.98
2014-07-01,11.09,11.23,11.04,11.22,13959.22
2014-07-02,11.33,12.09,11.22,11.87,52949.2
2014-07-03,11.78,11.93,11.64,11.91,22945.18
2014-07-04,11.96,12.15,11.8,11.87,32693.69
2014-07-07,11.78,11.97,11.48,11.75,28481.88
2014-07-08,11.75,11.87,11.56,11.83,14663.71
2014-07-09,11.75,11.84,11.39,11.41,15165.5
2014-07-10,11.41,11.52,11.24,11.28,10912.81
2014-07-11,11.18,11.45,11.17,11.33,9709.5
2014-07-14,11.43,11.86,11.34,11.51,10623.51
2014-07-15,11.53,11.65,11.34,11.44,7344.76
2014-07-16,11.43,11.6,11.28,11.28,9231.75
2014-07-17,11.25,11.32,11.09,11.3,8107.93
2014-07-18,11.25,11.38,11.21,11.3,8951.85
2014-07-21,11.32,11.38,11.08,11.1,10439.89
2014-07-22,11.04,11.26,11.01,11.24,7704.75
2014-07-23,11.27,11.33,11.07,11.08,9679.43
2014-07-24,11.08,11.27,11.08,11.15,11792.63
2014-07-25,11.15,11.19,11.09,11.19,8681.87
2014-07-28,11.19,11.66,11.18,11.43,35646.8
2014-07-29,11.47,11.6,11.34,11.46,23663.64
2014-07-30,11.47,11.48,11.08,11.14,33067.56
2014-07-31,11.17,11.53,11.09,11.43,25101.83
2014-08-01,11.58,11.77,11.46,11.47,54550.71
2014-08-04,11.47,11.61,11.37,11.53,29070.28
2014-08-05,11.51,11.54,11.41,11.54,20717.71
2014-08-06,11.48,11.48,11.21,11.28,35247.55
2014-08-07,11.2,11.37,11.19,11.23,20970.43
2014-08-08,11.24,11.32,11.19,11.26,17058.62
2014-08-11,11.26,11.35,11.21,11.33,22606.05
2014-08-12,11.35,11.86,11.33,11.8,64958.99
2014-08-13,11.8,11.8,11.49,11.57,34489.55
2014-08-14,11.57,11.76,11.45,11.51,35021.97
2014-08-15,11.54,11.76,11.37,11.69,35614.76
2014-08-18,11.73,12.57,11.73,12.56,81717.32
2014-08-19,12.57,12.65,12.3,12.42,45216.8
2014-08-20,12.38,12.76,12.25,12.58,38199.85
2014-08-21,12.65,12.65,12.29,12.52,29366.43
2014-08-22,12.52,12.6,12.41,12.59,21294.62
2014-08-25,12.6,12.95,12.41,12.46,40989.81
2014-08-26,12.37,12.38,11.89,12.06,33043.11
2014-08-27,12.0,12.15,11.92,12.08,13814.01
2014-08-28,12.03,12.1,11.7,11.8,28653.73
2014-08-29,11.75,12.01,11.7,11.96,13848.41
2014-09-01,11.93,12.77,11.89,12.7,41045.44
2014-09-02,12.68,13.36,12.68,12.87,48127.49
2014-09-03,12.93,13.15,12.75,12.88,27153.25
2014-09-04,12.87,13.32,12.87,13.24,40923.07
2014-09-05,13.36,13.54,13.07,13.25,28524.59
2014-09-09,13.18,13.25,12.87,13.1,25119.65
2014-09-10,12.98,13.56,12.96,13.49,57169.14
2014-09-11,13.49,13.64,13.18,13.41,38534.97
2014-09-12,13.33,13.88,13.16,13.59,31194.67
2014-09-15,13.47,13.59,13.33,13.33,25714.5
2014-09-16,13.35,13.39,12.77,12.79,46181.26
2014-09-17,12.79,12.87,12.47,12.87,32146.21
2014-09-18,12.9,13.0,12.62,13.0,13995.78
2014-09-19,13.01,13.1,12.77,13.07,25287.86
2014-09-22,13.08,13.08,12.75,12.77,16841.15
2014-09-23,12.72,12.97,12.68,12.86,13823.37
2014-09-24,12.85,13.22,12.77,13.13,29159.1
2014-09-25,13.17,13.43,13.12,13.16,27538.3
2014-09-26,13.17,13.21,13.04,13.17,12771.35
2014-09-29,13.28,13.51,12.98,13.16,36489.53
2014-09-30,13.2,13.2,12.92,13.02,26175.01
2014-10-08,13.06,13.14,12.97,13.12,23821.82
2014-10-09,13.19,14.24,13.18,14.08,84710.86
2014-10-10,14.08,14.63,13.88,14.15,63858.46
2014-10-13,14.23,15.3,13.78,15.01,72663.36
2014-10-14,14.85,15.14,14.55,14.94,33247.84
2014-10-15,15.05,15.11,14.67,15.0,34456.85
2014-10-16,14.94,15.21,14.65,14.74,29398.57
2014-10-17,14.75,15.01,14.1,14.49,35221.25
2014-10-20,14.53,14.54,13.96,14.09,39292.42
2014-10-21,14.08,14.21,13.98,14.07,19096.67
2014-10-22,14.04,14.13,13.71,13.81,27299.71
2014-10-23,13.77,13.86,13.46,13.63,26626.05
2014-10-24,13.65,13.88,13.61,13.8,12931.01
2014-10-27,13.81,13.99,13.76,13.97,15923.02
2014-10-28,14.01,14.43,13.91,14.36,40029.47
2014-10-29,14.4,14.85,14.25,14.64,47908.55
2014-10-30,14.64,14.68,14.45,14.46,23375.51
2014-10-31,14.54,14.55,14.0,14.34,28248.37
2014-11-03,14.34,14.45,14.06,14.35,18777.52
2014-11-04,14.4,14.76,14.23,14.64,29759.1
2014-11-05,14.6,14.74,14.43,14.48,24789.32
2014-11-06,14.48,14.58,13.86,14.1,34154.99
2014-11-07,14.1,14.74,13.98,14.44,54419.24
2014-11-10,14.44,14.55,14.06,14.23,32936.57
2014-11-11,14.23,14.25,13.45,13.47,34541.02
2014-11-12,13.48,13.72,13.08,13.71,21704.09
2014-11-13,13.7,13.7,13.25,13.26,26948.42
2014-11-14,13.26,13.53,13.17,13.47,14383.12
2014-11-17,13.47,13.77,13.31,13.75,14571.33
2014-11-18,13.77,13.84,13.54,13.71,14389.22
2014-11-19,13.72,14.14,13.71,13.76,13711.04
2014-11-20,13.77,13.77,13.51,13.66,12505.49
2014-11-21,13.67,13.73,13.47,13.65,12831.77
2014-11-24,13.92,14.19,13.79,13.84,38061.38
2014-11-25,13.86,13.98,13.71,13.83,45567.36
2014-11-26,13.85,14.2,13.73,14.19,41715.19
2014-11-27,14.19,14.69,14.15,14.33,44604.71
2014-11-28,14.39,14.98,14.25,14.81,67003.39
2014-12-01,14.73,14.86,14.51,14.77,33950.06
2014-12-02,14.77,14.82,14.55,14.63,23852.5
2014-12-03,14.75,14.75,14.15,14.35,39760.97
2014-12-04,14.4,14.55,14.15,14.51,47526.55
2014-12-05,14.33,14.38,13.66,13.95,33751.02
2014-12-08,13.95,14.06,13.68,13.81,20685.64
2014-12-09,13.77,14.03,13.32,13.43,41658.12
2015-04-16,14.78,14.78,14.78,14.78,491.77
2015-04-17,16.25,16.25,16.25,16.25,431.04
2015-04-20,17.88,17.88,17.88,17.88,1083.57
2015-04-21,19.67,19.67,19.67,19.67,1994.31
2015-04-22,21.64,21.64,21.64,21.64,4897.14
2015-04-23,23.81,23.81,23.81,23.81,2784.28
2015-04-24,26.19,26.19,24.75,26.19,480755.67
2015-04-27,25.72,27.49,25.25,26.46,183857.62
2015-04-28,26.33,26.36,25.24,25.88,112393.15
2015-04-29,25.65,28.48,25.59,28.48,163529.97
2015-04-30,28.21,28.99,27.22,27.49,108849.16
2015-05-04,27.21,28.18,26.27,27.51,62740.51
2015-05-05,27.42,30.09,26.89,28.42,104768.66
2015-05-06,28.41,31.26,28.41,30.71,154156.89
2015-05-07,29.88,31.18,29.2,30.92,94658.27
2015-05-08,30.7,34.01,30.34,34.01,136053.17
2015-05-11,34.99,37.41,34.15,37.41,134886.91
2015-05-12,38.16,38.8,36.13,36.77,116720.71
2015-05-13,36.5,39.18,34.74,38.2,87349.03
2015-05-14,38.18,41.56,37.44,39.26,67494.73
2015-05-15,39.12,40.88,37.41,38.01,54904.42
2015-05-18,38.31,38.32,36.23,36.76,81675.11
2015-05-19,36.62,40.43,36.26,40.43,70615.9
2015-05-20,42.07,42.56,39.79,40.39,86876.78
2015-05-21,40.08,42.44,39.07,40.68,91798.12
2015-05-22,40.58,44.05,40.16,42.54,88364.75
2015-05-25,42.54,44.51,41.39,43.03,72256.16
2015-05-26,43.16,45.06,41.57,43.56,74243.17
2015-05-27,43.68,44.54,42.09,43.58,59504.35
2015-05-28,44.31,44.45,40.19,40.33,82340.77
2015-05-29,40.09,42.07,37.62,41.62,55466.46
2015-06-01,41.62,42.07,40.4,41.61,74145.06
2015-06-02,42.56,44.53,41.63,42.35,76074.0
2015-06-03,42.46,42.94,39.59,40.31,68327.85
2015-06-04,39.62,40.58,36.99,40.33,58338.82
2015-06-05,40.58,42.07,40.56,40.96,52868.59
2015-06-08,41.37,43.16,39.89,42.92,128233.63
2015-06-09,43.16,47.21,43.12,47.21,123098.41
2015-06-10,47.55,51.65,47.55,49.98,138065.19
2015-06-11,49.54,53.45,48.61,51.71,72488.82
2015-06-12,52.06,56.87,52.06,56.87,101478.71
2015-06-15,57.41,58.4,52.36,55.6,106249.12
2015-06-16,55.13,55.13,51.97,52.14,45234.2
2015-06-17,52.46,54.44,47.51,53.12,54429.3
2015-06-18,52.31,55.43,49.63,50.27,33965.37
2015-06-19,49.1,50.47,46.54,46.58,43339.86
2015-06-23,46.92,48.01,41.92,44.45,59148.69
2015-06-24,45.97,46.03,42.51,44.53,52807.88
2015-06-25,44.64,48.91,42.81,45.84,73478.2
2015-06-26,41.67,45.25,41.26,41.26,50244.74
2015-06-29,42.56,43.04,37.13,37.21,121272.68
2015-06-30,36.52,40.29,33.49,39.09,103407.85
2015-07-01,39.09,40.02,35.18,35.18,67960.9
2015-07-02,35.51,37.18,31.66,31.66,110500.52
2015-07-14,34.83,34.83,32.17,34.83,105821.93
2015-07-15,35.63,36.59,31.35,31.35,120899.53
2015-07-16,28.21,31.34,28.21,28.68,239568.23
2015-07-17,27.72,30.62,26.74,29.65,139746.97
2015-07-20,29.99,31.23,28.93,30.01,103297.48
2015-07-21,29.4,33.01,28.22,33.01,131485.06
2015-07-22,33.02,35.22,32.55,33.69,114379.98
2015-07-23,33.42,34.82,32.68,34.0,79984.41
2015-07-24,34.0,35.12,32.22,32.96,77339.57
2015-07-27,31.68,32.81,29.66,29.66,71097.15
2015-07-28,26.7,28.21,26.7,26.7,126627.63
2015-07-29,26.7,27.49,24.02,26.08,182647.6
2015-07-30,25.05,25.69,23.48,23.48,120926.91
2015-12-07,25.82,25.82,25.82,25.82,1695.34
2015-12-08,28.41,28.41,28.41,28.41,232127.43
2015-12-09,31.25,31.25,31.25,31.25,76731.23
2015-12-10,34.38,34.38,34.37,34.38,574922.8
2015-12-11,34.53,37.81,32.91,37.37,843708.26
2015-12-14,35.63,37.96,34.65,37.0,350354.7
2015-12-15,36.2,40.7,36.2,40.7,257205.11
2015-12-16,42.05,44.77,41.08,44.24,309936.55
2015-12-17,43.42,47.49,42.62,46.58,243002.24
2015-12-18,45.92,47.5,44.24,45.71,158846.43
2015-12-21,44.67,45.53,42.78,43.64,150530.26
2015-12-22,44.34,45.53,42.77,43.61,143894.61
2015-12-23,43.55,43.65,39.25,39.99,176536.35
2015-12-24,39.59,40.95,38.38,40.53,143149.42
2015-12-25,40.09,41.28,38.94,39.94,110768.38
2015-12-28,40.19,43.43,40.19,41.54,139516.73
2015-12-29,41.77,42.34,40.58,41.78,59383.37
2015-12-30,41.54,44.36,41.09,42.44,81811.32
2015-12-31,42.17,42.3,38.99,40.56,138360.59
2016-01-04,39.71,40.38,36.5,36.5,79110.43
2016-01-05,32.85,35.9,32.85,32.92,199820.89
2016-01-06,33.85,34.73,31.97,33.64,148495.3
2016-01-07,32.67,32.67,30.28,30.28,23748.0
2016-01-08,29.69,32.22,27.27,30.4,162586.33
2016-01-11,29.0,29.98,27.36,27.36,69017.02
2016-01-12,26.82,30.08,25.98,28.88,104740.57
2016-01-13,29.52,29.55,27.02,27.25,94959.79
2016-01-14,25.37,29.2,25.37,29.03,125207.68
2016-01-15,28.21,28.49,26.13,26.13,103976.53
2016-01-18,25.14,26.99,25.14,25.81,111129.8
2016-01-19,25.81,27.28,24.79,27.02,152770.59
2016-01-20,26.72,29.72,26.53,29.24,283468.42
2016-01-21,28.21,28.9,26.32,26.32,173241.4
2016-01-22,26.23,26.68,23.79,25.59,185579.36
2016-01-25,25.74,27.3,25.29,26.7,159845.79
2016-01-26,26.08,26.08,24.02,24.02,99400.98
2016-05-04,26.43,26.43,24.68,26.43,527220.45
2016-05-05,25.54,26.58,25.02,26.48,386392.94
2016-05-06,26.56,29.09,26.54,28.19,499320.76
2016-05-09,27.52,27.52,25.37,25.37,296955.17
2016-05-10,24.75,25.32,23.81,24.19,254577.37
2016-05-11,24.55,25.08,23.86,23.92,172197.33
2016-05-12,22.85,23.0,21.56,22.41,253046.2
2016-05-13,22.48,23.08,21.78,23.03,230094.96
2016-05-16,22.86,23.02,22.26,22.94,144632.34
2016-05-17,23.07,23.33,22.44,22.57,176808.45
2016-05-18,22.27,22.27,20.31,20.31,228835.75
2016-05-19,20.09,21.28,20.09,20.53,197091.17
2016-05-20,20.49,21.27,20.17,21.14,173815.0
2016-05-23,21.43,22.11,21.29,21.86,176691.52
2016-05-24,22.05,22.06,21.27,21.32,131167.49
2016-05-25,21.58,21.73,20.6,20.75,134725.02
2016-05-26,20.89,21.26,19.9,21.07,145503.61
2016-05-27,21.66,23.09,21.28,22.23,236244.84
2016-05-30,21.78,24.14,21.69,23.99,291840.51
2016-05-31,23.76,24.89,23.49,24.75,302180.2
2016-06-01,24.51,25.24,24.27,24.92,270754.26
2016-06-02,24.65,25.6,24.46,24.81,199217.46
2016-06-03,24.57,24.7,23.84,24.07,235214.76
2016-06-06,24.4,24.54,23.68,23.93,169342.93
2016-06-07,23.97,24.53,23.77,24.44,164724.21
2016-06-08,24.49,24.5,23.64,23.85,158055.22
2016-06-13,23.16,23.48,21.47,21.47,254373.33
2016-06-14,20.95,21.43,20.44,20.97,134946.42
2016-06-15,21.09,22.47,21.09,22.05,173579.18
2016-06-16,21.79,22.09,21.12,21.17,190555.98
2016-06-17,21.28,23.26,21.19,22.44,245708.19
2016-06-20,22.35,22.57,21.7,22.5,161288.27
2016-06-21,22.76,23.93,22.54,22.9,268314.28
2016-06-22,23.05,23.28,22.37,23.24,233138.4
2016-06-23,23.16,23.21,22.52,22.69,159938.3
2016-06-24,22.65,23.24,21.0,22.35,208203.85
2016-06-27,22.17,23.18,22.1,23.16,188589.19
2016-06-28,23.31,24.1,22.79,23.88,248594.19
2016-06-29,25.13,26.27,24.71,26.27,599184.33
2016-06-30,25.9,27.24,25.43,26.57,428234.67
2016-07-01,26.24,28.3,26.24,27.6,362836.42
2016-07-04,26.92,28.26,26.92,27.86,294328.1
2016-07-05,27.69,27.7,26.46,26.86,311451.55
2016-07-08,26.82,27.08,25.74,26.75,221330.49
2016-07-11,26.68,26.89,26.16,26.73,154859.24
2016-07-12,26.8,27.08,26.16,26.76,172557.97
2016-07-13,26.75,28.03,26.51,27.97,288143.6
2016-07-14,28.11,28.47,27.52,27.88,238085.81
2016-07-15,27.75,27.91,27.08,27.75,157197.59
2016-07-18,27.65,27.81,27.12,27.69,157171.44
2016-07-19,27.71,28.98,27.44,28.88,312039.75
2016-07-20,28.66,28.82,27.34,27.66,239839.09
2016-07-21,27.32,27.51,26.9,27.14,165514.11
2016-07-22,27.12,27.21,26.61,26.71,119829.32
2016-07-25,26.55,26.62,25.74,26.07,135697.0
2016-07-26,25.74,26.64,25.74,26.49,105165.86
2016-07-27,26.7,27.0,24.11,25.09,211630.42
2016-07-28,25.03,25.04,23.76,24.45,185622.68
2016-07-29,24.35,24.73,23.82,24.63,102620.74
2016-08-01,24.41,24.41,23.36,23.43,111384.34
2016-08-02,23.55,23.82,23.38,23.72,78162.53
2016-08-03,23.57,23.76,23.41,23.59,64982.95
2016-08-04,23.62,24.15,23.31,23.97,108805.0
2016-08-05,23.98,23.98,23.47,23.54,69661.89
2016-08-08,23.45,23.93,23.43,23.83,76385.1
2016-08-09,23.86,24.4,23.76,24.36,105981.79
2016-08-10,24.3,24.6,24.05,24.11,86870.6
2016-08-11,24.05,24.2,23.14,23.42,100605.22
2016-08-12,23.12,23.76,23.1,23.75,72515.44
2016-08-15,23.66,24.59,23.46,24.3,120438.55
2016-08-16,24.33,24.67,24.15,24.49,108576.13
2016-08-17,24.51,25.09,24.38,24.68,109115.75
2016-08-18,24.55,25.06,24.4,24.73,104825.58
2016-08-19,24.6,24.68,24.26,24.41,70149.03
2016-08-22,24.32,24.7,23.9,24.21,68850.66
2016-08-23,23.88,24.2,23.86,24.04,52827.14
2016-08-24,24.15,24.54,23.89,24.4,70302.54
2016-08-25,24.25,24.52,23.67,24.41,67485.28
2016-08-26,24.66,25.99,24.65,25.71,250623.17
2016-08-29,25.74,25.94,25.32,25.71,135497.07
2016-08-30,25.26,25.49,24.85,25.37,149041.72
2016-08-31,25.29,25.29,24.72,24.75,97740.68
2016-09-01,24.65,25.02,24.25,24.54,100084.94
2016-09-02,24.31,24.49,23.64,23.84,82893.0
2016-09-05,23.84,24.26,23.8,24.07,62288.7
2016-09-06,24.06,24.41,23.76,24.36,65503.75
2016-09-07,24.32,24.47,24.25,24.3,59103.7
2016-09-08,24.25,24.39,24.05,24.24,44662.51
2016-09-09,24.26,24.35,23.66,23.72,57170.26
2016-09-12,23.16,23.16,21.78,22.37,129276.43
2016-09-13,22.38,22.57,22.0,22.29,56019.07
2016-09-14,21.98,22.3,21.9,22.2,34386.73
2016-09-19,22.18,22.29,22.1,22.22,40361.43
2016-09-20,22.31,22.42,21.97,22.17,45208.64
2016-09-21,22.07,22.23,21.99,22.07,37708.0
2016-09-22,22.35,22.42,22.1,22.11,43406.46
2016-09-23,22.09,22.2,21.8,21.83,41016.16
2016-09-26,21.83,21.84,20.59,20.64,94431.87
2016-09-27,20.49,20.74,20.39,20.68,61730.07
2016-09-28,20.65,21.25,19.8,20.78,96154.06
2016-09-29,20.66,21.04,20.65,20.89,48921.68
2016-09-30,20.81,21.01,20.7,20.96,40821.97
2016-10-10,21.11,21.45,20.89,21.41,66207.74
2016-10-11,21.45,22.11,21.38,21.96,91433.63
2016-10-12,21.86,21.87,21.58,21.63,65039.98
2016-10-13,21.65,21.82,21.39,21.4,56720.09
2016-10-14,21.56,21.6,21.15,21.41,46659.52
2016-10-17,21.33,21.99,21.32,21.6,90185.23
2016-10-18,21.68,22.07,21.43,21.94,92525.18
2016-10-19,22.12,22.12,21.61,21.69,56044.83
2016-10-20,21.77,21.97,21.6,21.75,55108.12
2016-10-21,21.69,21.75,21.05,21.34,60701.55
2016-10-24,21.38,21.53,21.09,21.45,60143.84
2016-10-25,21.53,22.57,21.35,22.26,175229.8
2016-10-26,22.24,22.44,21.98,22.06,86167.34
2016-10-27,22.04,22.05,21.53,21.68,65262.14
2016-10-28,21.68,21.74,21.38,21.49,51269.8
2016-10-31,21.48,21.48,21.2,21.29,40990.8
2016-11-01,21.33,21.54,21.28,21.5,44345.8
2016-11-02,21.38,21.47,20.89,20.94,67338.93
2016-11-03,20.93,21.15,20.75,20.89,69849.76
2016-11-04,20.85,21.06,20.71,20.76,51057.48
2016-11-07,20.72,21.11,20.68,20.92,62252.55
2016-11-08,21.08,21.15,20.79,20.94,56795.13
2016-11-09,20.94,21.02,20.45,20.64,62164.4
2016-11-10,20.81,20.99,20.79,20.94,54287.67
2016-11-11,20.98,21.27,20.89,21.24,75270.84
2016-11-14,21.24,21.57,21.09,21.38,71798.49
2016-11-15,21.38,21.46,21.1,21.35,57795.31
2016-11-16,21.38,21.63,21.23,21.51,76680.71
2016-11-17,21.43,21.43,21.04,21.13,60883.84
2016-11-18,21.17,21.17,20.89,20.93,48833.19
2016-11-21,20.96,21.14,20.92,21.05,45161.94
2016-11-22,20.98,21.18,20.98,21.17,48387.82
2016-11-23,21.21,21.47,21.09,21.26,78997.24
2016-11-24,21.26,21.63,21.13,21.51,110010.42
2016-11-25,21.55,22.54,21.54,22.49,205311.07
2016-12-13,23.26,24.51,22.49,23.69,422060.22
2016-12-14,23.33,24.41,22.87,23.26,290802.71
2016-12-15,22.82,25.53,22.08,24.87,434983.85
2016-12-16,24.37,25.14,23.97,24.08,288273.15
2016-12-19,24.08,24.18,23.19,23.24,154033.78
2016-12-20,23.45,24.33,23.02,23.91,210842.4
2016-12-21,23.62,24.08,23.39,23.7,131029.16
2016-12-22,23.66,23.74,22.77,22.8,136432.77
2016-12-23,22.85,23.23,22.41,22.46,81223.9
2016-12-26,22.48,22.52,21.7,22.27,77336.27
2016-12-27,22.27,22.7,22.04,22.52,74546.97
2016-12-28,22.6,22.75,22.38,22.54,68111.2
2016-12-29,22.39,22.39,21.76,21.85,92397.14
2016-12-30,21.75,21.98,21.07,21.18,77438.44
2017-01-03,21.04,21.38,21.04,21.27,52614.74
2017-01-04,21.3,21.65,21.23,21.51,59621.94
2017-01-05,21.37,21.62,21.25,21.28,51312.09
2017-01-06,21.37,21.37,20.5,20.57,83795.15
2017-01-09,20.64,21.03,20.44,20.85,58591.91
2017-01-10,20.79,21.44,20.66,21.3,75929.72
2017-01-11,21.56,22.73,21.44,21.76,127150.64
2017-01-12,21.78,22.06,21.25,21.39,57762.8
2017-01-13,21.53,21.89,21.06,21.29,59721.16
2017-01-16,21.18,21.37,19.16,19.16,93480.04
2017-01-17,19.28,19.28,17.32,18.38,198187.25
2017-01-18,17.98,18.7,17.73,18.2,86057.84
2017-01-19,18.07,18.1,17.72,17.81,49514.88
2017-01-20,17.92,18.57,17.92,18.3,65455.27
2017-01-23,18.39,19.1,18.29,18.83,58523.31
2017-01-24,18.84,18.96,18.47,18.54,33905.69
2017-01-25,18.5,18.77,18.43,18.52,28315.39
2017-01-26,18.64,18.67,18.41,18.52,27618.32
2017-02-03,18.61,18.63,18.13,18.22,28726.27
2017-02-06,18.22,18.49,18.22,18.43,31931.47
2017-02-07,18.56,18.8,18.37,18.55,48964.87
2017-02-08,18.59,18.8,18.35,18.78,47006.25
2017-02-09,18.8,19.06,18.7,18.96,57480.52
2017-02-10,19.06,19.06,18.69,18.71,48132.13
2017-02-13,18.71,18.93,18.52,18.77,48766.23
2017-02-14,18.84,18.84,18.51,18.55,39795.94
2017-02-15,18.45,18.6,18.13,18.24,46460.13
2017-02-16,18.27,18.68,17.97,18.66,57472.13
2017-02-17,18.76,18.76,18.3,18.34,42576.72
2017-02-20,18.39,18.79,18.18,18.67,49592.02
2017-02-21,18.71,19.18,18.57,19.04,76885.77
2017-02-22,19.02,19.02,18.79,18.98,42890.38
2017-02-23,18.98,18.98,18.67,18.93,37786.92
2017-02-24,18.91,19.25,18.78,19.14,59497.56
2017-02-27,19.15,19.93,19.07,19.46,88603.87
2017-02-28,19.3,20.14,19.3,20.09,94042.09
2017-03-01,20.1,20.1,19.77,19.92,53532.37
2017-03-02,20.0,20.33,19.71,19.76,59304.67
2017-03-03,19.66,19.7,19.38,19.58,40830.48
2017-03-06,19.6,20.05,19.6,19.85,43335.58
2017-03-07,19.85,19.94,19.62,19.71,44120.07
2017-03-08,19.81,19.9,19.49,19.55,38521.2
2017-03-09,19.6,20.07,19.2,19.82,72328.11
2017-03-10,19.87,19.89,19.63,19.79,35538.27
2017-03-13,19.79,19.97,19.51,19.8,45359.76
2017-03-14,19.8,20.26,19.8,20.19,107883.05
2017-03-15,20.09,20.75,19.93,20.45,91990.65
2017-03-16,20.49,21.15,20.49,20.99,125782.42
2017-03-17,20.99,22.25,20.98,21.38,166467.05
2017-03-20,21.48,22.06,21.47,21.84,118294.1
2017-03-21,21.92,21.92,21.4,21.65,64926.24
2017-03-22,21.44,21.65,21.12,21.39,73574.55
2017-03-23,21.38,22.29,21.36,21.79,96150.22
2017-03-24,21.67,22.15,21.58,21.83,70324.09
2017-03-27,21.6,22.16,21.46,21.79,55093.04
2017-03-28,21.79,22.07,21.53,21.6,42756.08
2017-03-29,21.61,21.89,20.79,20.82,66939.11
2017-03-30,20.89,20.97,20.02,20.57,70076.9
2017-03-31,20.59,20.76,20.49,20.58,31071.19
2017-04-05,20.58,20.94,20.5,20.79,31641.0
2017-04-06,21.02,22.76,20.79,22.43,128559.54
2017-04-07,22.57,23.24,22.22,22.93,139857.54
2017-04-10,22.96,23.11,22.37,22.74,68571.91
2017-04-11,22.72,22.93,22.27,22.46,67276.13
2017-04-12,22.27,22.45,21.75,22.05,55039.93
2017-04-13,21.95,22.96,21.76,22.64,65994.65
2017-04-14,22.57,22.57,21.93,21.96,40314.64
2017-04-17,21.78,21.96,21.03,21.05,48816.53
2017-04-18,21.03,21.44,20.98,21.17,26625.89
2017-04-19,21.18,22.25,20.09,21.79,74721.38
2017-04-20,21.56,21.95,21.46,21.62,35657.24
2017-04-21,21.64,22.06,20.89,21.0,36623.93
2017-04-24,20.78,20.93,20.19,20.2,45786.53
2017-04-25,20.25,20.54,19.6,19.79,54498.31
2017-04-26,19.81,20.88,19.74,20.56,83500.77
2017-04-27,20.49,20.93,20.07,20.88,49614.64
2017-04-28,20.97,21.23,20.7,20.99,44512.68
2017-05-02,21.24,21.42,20.93,21.24,41166.77
2017-05-03,21.24,21.67,21.08,21.27,35723.6
2017-05-04,21.21,21.48,21.03,21.07,29740.01
2017-05-05,20.98,21.35,20.59,20.76,41669.1
2017-05-08,20.54,20.73,20.02,20.15,35411.06
2017-05-09,20.1,20.66,19.72,20.6,30080.89
2017-05-10,20.6,20.79,19.81,19.93,44488.97
2017-05-11,19.74,19.9,17.95,18.7,100336.76
2017-05-12,18.68,18.76,18.17,18.68,45838.1
2017-05-15,18.66,19.1,18.56,18.89,26008.98
2017-05-16,19.25,19.58,19.1,19.55,36353.77
2017-05-17,19.55,19.79,19.31,19.43,28247.59
2017-05-18,19.24,19.71,19.06,19.42,26435.1
2017-05-19,19.43,19.57,19.08,19.16,28343.76
2017-05-22,19.16,19.3,18.67,18.89,31863.32
2017-05-23,18.89,19.09,18.28,18.58,34667.29
2017-05-24,18.49,18.77,18.29,18.73,21513.43
2017-05-25,18.51,19.05,18.51,18.78,28227.86
2017-05-26,19.03,19.16,18.67,18.91,34815.99
2017-06-14,17.62,18.69,17.62,18.46,54991.92
2017-06-15,18.27,18.97,18.26,18.66,32967.63
2017-06-16,18.55,19.28,18.55,19.21,46383.64
2017-06-19,19.4,19.4,18.97,19.04,34484.99
2017-06-20,19.42,19.48,19.09,19.15,30819.62
2017-06-21,19.13,19.24,18.92,19.18,23429.29
2017-06-22,19.19,19.24,18.56,18.82,42608.9
2017-06-23,18.64,18.96,18.51,18.93,30978.57
2017-06-26,18.93,18.95,18.72,18.88,28887.08
2017-06-27,18.88,19.68,18.88,19.25,79211.11
2017-06-28,19.17,19.28,18.99,19.19,23361.1
2017-06-29,19.11,19.31,18.82,18.83,51979.06
2017-06-30,18.99,18.99,18.23,18.52,62180.85
2017-07-03,18.58,20.37,18.58,20.18,171746.67
2017-07-04,20.11,20.73,19.99,20.55,96984.99
2017-07-05,20.54,21.08,20.31,20.44,89651.78
2017-07-06,20.99,21.17,20.47,20.95,84050.34
2017-07-07,20.69,21.12,20.69,20.92,55253.15
2017-07-10,21.08,22.22,20.97,22.0,121462.61
2017-07-11,22.02,22.65,21.64,21.78,94454.96
2017-07-12,21.69,21.94,20.98,21.86,74275.89
2017-07-13,21.78,22.32,21.49,21.67,40677.81
2017-07-14,21.61,22.07,21.44,21.92,36819.73
2017-07-17,22.13,22.27,20.54,21.32,77356.39
2017-07-18,21.28,21.87,21.28,21.8,39477.76
2017-07-19,21.86,22.02,21.48,21.78,59111.93
2017-07-20,21.81,22.42,21.6,22.12,117389.22
2017-07-21,22.59,22.65,21.94,22.14,64804.35
2017-07-24,21.78,22.29,21.59,22.16,60594.08
2017-07-25,22.16,22.22,21.77,21.96,39229.86
2017-07-26,21.8,23.0,21.68,22.94,91169.22
2017-07-27,22.86,23.43,22.55,23.12,69195.13
2017-07-28,22.91,23.55,22.77,22.86,75216.87
2017-07-31,22.74,23.33,22.27,22.85,62291.13
2017-08-01,22.97,23.74,22.97,23.59,97948.7
2017-08-02,23.71,23.97,23.37,23.43,74343.77
2017-08-03,23.74,24.35,23.64,23.79,105166.8
2017-08-04,22.98,24.21,22.96,23.49,89734.0
2017-08-07,23.36,23.59,23.17,23.44,34622.34
2017-08-08,23.5,23.75,22.49,22.78,74375.9
2017-08-09,22.86,23.34,22.12,22.66,60993.84
2017-08-10,22.64,23.06,22.46,22.76,34992.29
2017-08-11,22.67,22.76,21.95,22.15,53011.75
2017-08-14,22.17,23.11,22.07,22.94,41909.66
2017-08-15,23.06,23.54,22.78,23.4,56890.23
2017-08-16,23.33,23.76,23.0,23.4,41477.29
2017-08-17,23.46,23.57,23.1,23.31,26854.96
2017-08-18,23.3,23.5,22.7,22.83,37566.13
2017-08-21,22.79,23.78,22.74,23.69,62685.24
2017-08-22,23.62,24.15,23.45,23.68,51212.99
2017-08-23,23.67,23.92,23.48,23.51,28827.06
2017-08-24,23.41,23.84,23.01,23.07,42143.8
2017-08-25,23.16,23.51,22.97,23.04,40976.99
2017-08-28,23.13,23.93,23.06,23.78,72143.97
2017-08-29,23.81,24.27,23.58,23.81,55251.54
2017-08-30,22.45,23.27,22.45,22.81,138254.04
2017-08-31,22.67,22.91,22.29,22.49,79107.0
2017-09-01,22.49,22.65,22.09,22.54,69478.73
2017-09-04,22.44,24.62,22.19,24.14,129839.93
2017-09-05,24.29,24.43,23.85,24.18,61047.94
2017-09-06,24.25,25.1,23.88,24.91,98233.63
2017-09-07,24.83,25.82,24.72,24.9,107736.68
2017-09-08,24.9,25.19,24.84,25.07,40365.23
2017-09-11,25.16,25.16,24.33,24.83,54663.35
2017-09-12,24.77,24.89,24.46,24.79,50294.29
2017-09-13,24.65,25.19,24.65,24.97,55464.1
2017-09-14,24.96,25.7,24.82,25.53,56674.01
2017-09-15,25.64,26.33,25.44,26.31,66292.12
2017-09-18,26.72,26.87,25.75,26.68,71246.04
2017-09-19,26.42,26.89,26.25,26.39,41145.19
2017-09-20,26.33,27.21,26.19,27.08,57334.68
2017-09-21,26.65,27.11,26.38,26.73,62572.57
2017-09-22,26.53,27.21,26.53,26.72,46931.51
2017-09-25,26.72,26.73,24.86,25.39,84846.52
2017-09-26,25.35,26.31,25.06,25.88,43893.2
2017-09-27,25.91,26.38,25.62,26.19,29861.43
2017-09-28,26.23,26.56,25.93,25.97,27669.23
2017-09-29,25.93,26.9,25.93,26.78,41210.29
2017-10-09,27.11,27.5,26.54,26.72,38367.58
2017-10-10,26.53,26.92,26.43,26.56,30364.01
2017-10-11,26.53,26.57,25.76,26.2,41008.71
2017-10-12,26.23,26.43,25.95,26.37,25506.7
2017-10-13,26.33,26.38,25.44,25.9,45875.5
2017-10-16,25.96,27.02,25.96,26.7,65300.08
2017-10-17,26.62,26.75,25.93,26.22,37861.16
2017-10-18,26.22,26.26,25.74,25.88,24085.99
2017-10-19,25.88,26.34,25.57,26.16,31699.25
2017-10-20,26.2,26.79,26.08,26.62,35692.25
2017-10-23,26.43,26.86,26.3,26.62,22677.58
2017-10-24,26.72,27.91,26.54,27.88,95431.16
2017-10-25,28.21,28.36,27.58,27.86,56669.48
2017-10-26,27.6,29.81,27.6,29.78,131864.84
2017-10-27,29.55,30.02,28.95,29.22,58128.24
2017-10-30,29.23,30.08,29.2,29.84,123003.08
2017-10-31,29.81,31.28,29.6,30.68,243378.7
2017-11-01,30.24,31.18,29.92,30.67,104331.8
2017-11-02,30.27,30.63,29.9,30.27,57423.05
2017-11-03,30.0,30.44,29.4,29.89,39956.41
2017-11-06,29.92,32.88,29.9,32.46,109847.29
2017-11-07,32.63,34.31,32.12,32.78,69258.78
2017-11-08,33.15,33.95,32.42,32.77,63915.74
2017-11-09,32.69,35.83,32.18,34.85,91866.9
2017-11-10,34.89,35.99,34.45,34.84,112237.91
2017-11-13,34.83,35.24,34.05,34.72,65221.44
2017-11-14,33.7,34.22,32.43,33.06,128912.4
2017-11-15,33.06,33.92,32.5,33.13,78351.99
2017-11-16,33.38,33.43,31.59,32.33,63254.4
2017-11-17,32.42,32.95,31.4,31.61,76907.48
2017-11-20,31.55,32.53,30.09,32.17,68652.53
2017-11-21,32.17,32.61,30.86,31.16,110990.99
2017-11-22,30.84,33.55,29.69,32.88,129678.0
2017-11-23,32.88,32.95,30.86,31.01,102298.0
2017-11-24,30.69,32.81,30.59,32.26,65210.15
2017-11-27,32.23,32.79,30.98,31.25,39236.33
2017-11-28,30.96,32.76,30.96,32.72,62318.58
2017-11-29,32.66,35.98,32.51,35.12,150834.22
2017-11-30,35.13,35.13,33.95,34.49,53983.74
2017-12-01,34.45,35.31,33.84,35.13,48609.38
2017-12-04,35.49,35.77,33.9,34.12,59243.03
2017-12-05,33.98,34.1,30.7,31.08,107026.75
2017-12-06,30.73,31.64,29.2,31.38,107659.04
2017-12-07,31.05,32.17,31.03,31.68,61072.88
2017-12-08,32.01,34.1,31.74,33.06,62370.07
2017-12-11,33.05,34.59,32.66,33.21,42670.73
2017-12-12,33.93,33.94,32.17,32.45,42623.07
2017-12-21,32.37,34.23,31.9,33.06,106435.91
2017-12-22,32.88,35.89,32.88,34.87,116249.21
2017-12-25,34.99,35.24,33.77,34.68,73064.82
2017-12-26,34.53,35.83,33.93,35.05,59031.71
2017-12-27,35.05,35.29,33.17,33.46,67123.65
2017-12-28,33.05,33.46,32.53,32.82,31120.57
2017-12-29,32.64,34.08,32.38,33.39,32372.91
2018-01-02,33.36,33.65,31.17,32.07,88560.0
2018-01-03,31.86,33.06,31.43,32.87,63602.59
2018-01-04,33.14,33.41,32.57,32.78,32580.4
2018-01-05,32.59,32.91,31.65,31.85,50786.87
2018-01-08,31.95,32.73,30.32,32.46,64428.48
2018-01-09,32.19,33.16,31.79,32.91,51007.29
2018-01-10,33.03,33.1,32.2,32.38,27168.75
2018-01-11,32.27,32.48,31.51,31.99,25724.61
2018-01-12,31.96,32.15,31.56,31.81,20754.94
2018-01-15,31.89,32.06,30.34,30.48,52561.91
2018-01-16,30.59,30.96,28.99,29.11,76808.57
2018-01-17,28.5,29.65,28.3,28.35,56105.28
2018-01-18,28.72,29.35,28.43,29.01,38166.7
2018-01-19,29.0,29.56,28.31,28.48,45707.49
2018-01-22,28.66,30.5,28.48,29.72,58132.85
2018-01-23,30.07,30.54,29.25,30.09,44124.35
2018-01-24,30.08,30.08,29.43,29.94,28100.0
2018-01-25,29.94,30.29,29.37,29.4,34102.67
2018-01-26,29.5,29.5,28.31,28.45,44754.09
2018-01-29,28.41,28.9,25.99,26.97,63096.31
2018-01-30,26.77,27.42,26.31,26.95,36474.25
2018-01-31,24.56,25.74,24.26,24.26,140698.1
2018-02-01,24.62,25.32,23.95,24.77,74416.17
2018-02-02,24.74,24.95,22.39,24.13,58744.15
2018-02-05,23.49,24.54,21.72,23.12,86438.72
2018-02-06,22.62,23.01,21.44,22.54,57718.67
2018-02-07,22.98,23.39,21.79,22.53,41264.84
2018-02-08,22.62,24.45,22.18,24.03,55493.12
2018-02-09,23.42,24.84,23.07,24.12,54438.46
2018-02-12,24.48,25.64,23.84,25.52,49972.52
2018-02-13,25.62,25.82,25.28,25.73,34737.32
2018-02-14,25.7,26.1,25.04,25.26,12750.33
2018-02-22,25.29,25.73,24.8,25.58,32535.86
2018-02-23,25.4,25.44,24.64,24.98,24909.27
2018-02-26,24.94,27.12,24.61,26.62,56470.3
2018-02-27,26.63,27.32,26.25,27.12,57430.67
2018-02-28,26.72,28.17,26.44,27.11,71727.41
2018-03-01,27.32,29.55,26.88,28.6,83819.62
2018-03-02,28.26,28.95,27.92,28.58,37152.77
2018-03-05,28.58,29.08,27.67,28.24,27679.15
2018-03-06,28.11,28.88,27.91,28.69,57987.49
2018-03-07,28.61,29.89,28.31,29.25,42868.82
2018-03-08,28.97,29.45,28.23,28.38,34036.59
2018-03-09,28.35,29.37,28.11,29.01,43801.95
2018-03-12,28.94,30.92,28.85,30.16,57049.32
2018-03-13,29.9,30.24,29.3,29.34,30286.15
2018-03-14,29.24,29.59,28.31,28.38,24322.02
2018-03-15,28.4,28.9,27.62,28.3,32188.85
2018-03-16,28.32,28.5,26.72,27.19,60982.54
2018-03-19,27.23,27.98,27.02,27.8,37513.27
2018-03-20,27.52,27.92,27.29,27.67,20434.55
2018-03-21,27.7,27.94,27.23,27.49,18821.31
2018-03-22,27.05,27.41,25.32,26.98,64658.38
2018-03-23,25.93,26.48,24.28,24.79,51345.74
2018-03-26,24.24,25.09,23.51,24.97,29730.45
2018-03-27,25.37,26.18,25.33,25.74,29785.11
2018-03-28,25.74,27.32,25.44,26.88,55753.88
2018-03-29,27.11,27.21,26.23,26.88,27118.9
2018-03-30,26.9,28.07,26.63,27.91,38055.35
2018-04-02,28.11,29.99,27.96,28.9,75661.29
2018-04-03,28.91,29.58,28.14,28.91,36446.77
2018-04-04,28.67,28.88,27.81,28.32,27824.81
2018-04-09,28.69,28.69,28.0,28.41,23982.84
2018-04-10,28.43,28.66,26.53,28.15,59292.0
2018-04-11,28.6,28.6,27.52,28.37,42722.1
2018-04-12,28.11,28.46,27.71,28.1,23075.84
2018-04-13,28.1,28.33,27.7,28.1,22946.75
2018-04-16,28.06,30.29,27.55,30.19,85233.91
2018-12-03,30.01,33.11,27.53,31.74,525080.2
2018-12-04,31.49,31.67,29.59,30.27,214654.86
2018-12-05,30.32,31.41,29.54,30.38,168682.62
2018-12-06,29.71,29.71,27.34,27.34,160298.74
2018-12-07,26.54,27.18,25.47,26.39,145203.66
2018-12-10,25.77,26.79,25.77,26.51,80181.27
2018-12-11,26.5,27.1,25.86,26.94,81044.85
2018-12-12,26.83,27.33,26.31,26.38,60673.47
2018-12-13,26.48,26.94,26.18,26.8,61736.2
2018-12-14,26.64,27.91,26.45,27.13,75339.76
2018-12-17,26.74,26.92,24.42,24.79,131348.37
2018-12-18,24.46,25.29,24.26,24.76,48107.15
2018-12-19,25.0,25.05,22.28,22.28,217094.89
2018-12-20,22.28,22.65,21.56,22.36,90850.6
2018-12-21,22.34,23.51,21.98,22.76,80830.4
2018-12-24,22.68,23.12,22.0,22.75,50588.89
2018-12-25,22.75,23.13,22.06,22.82,55816.2
2018-12-26,22.92,22.92,21.84,22.04,59644.4
2018-12-27,22.33,22.43,20.62,21.08,78259.28
2018-12-28,20.81,21.29,20.4,20.92,48271.81
2019-01-02,21.24,21.27,20.45,20.73,42123.63
2019-01-03,20.92,20.92,18.82,19.02,97539.83
2019-01-04,19.28,20.42,19.28,20.38,82649.02
2019-01-07,20.8,21.07,20.1,20.8,57175.55
2019-01-08,20.67,20.98,20.3,20.34,40583.0
2019-01-09,20.72,21.83,20.26,20.99,67745.09
2019-01-10,20.76,20.91,20.11,20.39,44279.37
2019-01-11,20.43,20.98,20.15,20.27,32816.43
2019-01-14,20.24,20.24,19.51,19.69,29325.82
2019-01-15,19.82,19.82,19.16,19.57,41780.3
2019-01-16,19.67,19.86,19.2,19.62,52983.45
2019-01-17,19.62,19.64,19.04,19.09,35302.61
2019-01-18,19.25,19.57,19.03,19.11,44530.77
2019-01-21,18.97,19.96,18.97,19.6,58085.46
2019-01-22,19.88,19.88,18.8,18.97,49296.46
2019-01-23,18.96,18.96,17.54,18.25,80409.02
2019-01-24,18.4,20.07,17.76,20.07,125592.45
2019-01-25,20.19,22.0,20.18,20.44,147198.71
2019-01-28,20.23,21.96,20.23,21.29,99510.27
2019-01-29,21.44,21.49,20.35,20.68,63283.24
2019-01-30,20.75,21.29,20.18,20.6,36927.42
2019-01-31,20.75,21.49,20.2,20.34,60349.02
2019-02-01,20.89,22.37,20.84,22.37,75001.86
2019-02-11,23.02,23.77,22.24,23.26,75959.99
2019-02-12,22.95,24.49,22.6,23.61,100421.6
2019-02-13,23.32,24.44,23.32,24.19,99338.18
2019-02-14,24.17,25.8,24.04,25.1,98055.15
2019-02-15,25.08,26.36,24.58,25.99,109279.16
2019-02-18,26.04,26.94,25.21,26.32,132973.07
2019-02-19,26.09,26.82,25.65,25.96,109564.0
2019-02-20,25.88,26.17,24.79,25.31,92401.8
2019-02-21,25.25,26.69,25.04,25.43,108318.16
2019-02-22,25.15,26.32,25.05,26.16,77352.1
2019-02-25,26.72,28.78,26.7,28.78,137072.18
2019-02-26,29.68,30.6,28.52,28.52,118378.92
2019-02-27,28.84,29.98,28.27,28.84,84208.42
2019-02-28,28.72,29.44,28.27,28.71,42827.62
2019-03-01,28.72,29.11,28.36,28.86,31960.25
2019-03-04,29.72,30.9,28.61,28.82,124536.3
2019-03-05,28.59,30.2,28.16,30.01,107346.19
2019-03-06,30.62,31.14,29.94,30.36,92747.73
2019-03-07,30.4,30.4,28.52,28.72,137595.36
2019-03-08,27.77,31.59,27.23,29.68,177517.25
2019-03-11,29.97,30.02,28.22,29.28,137178.01
2019-03-12,29.11,31.37,29.11,29.99,113521.84
2019-03-13,29.63,29.7,28.22,28.57,90461.25
2019-03-14,28.42,28.73,25.72,25.97,143045.0
2019-03-15,25.99,27.19,25.86,26.99,93999.88
2019-03-18,26.9,27.56,26.63,27.24,74141.99
2019-03-19,27.24,27.73,26.85,27.13,61612.97
2019-03-20,27.2,27.32,25.73,26.62,85717.18
2019-03-21,26.93,27.11,26.29,26.48,71371.39
2019-03-22,27.6,29.12,27.13,29.12,182329.65
2019-03-25,31.24,32.04,29.81,32.04,170571.26
2019-03-26,34.24,34.25,29.02,30.45,303600.01
2019-03-27,30.4,30.65,28.77,29.82,120681.08
2019-03-28,29.47,30.99,29.06,29.26,117211.02
2019-03-29,28.92,30.19,28.3,29.78,110554.9
2019-04-01,29.78,32.76,29.71,32.76,196704.47
2019-04-02,32.84,34.84,32.19,33.66,187018.06
2019-04-03,34.1,37.03,33.35,37.03,202781.79
2019-04-04,37.18,39.81,36.66,37.31,199003.16
2019-04-08,37.14,38.27,35.3,36.24,151484.0
2019-04-09,35.55,38.69,35.2,37.43,116299.27
2019-04-10,37.15,38.92,36.78,37.01,84535.89
2019-04-11,37.04,37.09,34.7,35.14,109818.63
2019-04-12,35.49,35.54,34.28,35.05,72904.47
2019-04-15,35.75,36.03,34.11,34.24,75535.51
2019-04-16,34.2,36.1,33.04,36.08,116447.06
2019-04-17,37.28,37.68,35.75,35.83,112817.24
2019-04-18,35.83,36.94,34.89,36.45,75225.2
2019-04-19,36.54,36.64,34.81,35.65,67166.24
2019-04-22,35.95,36.19,34.94,35.55,48592.73
2019-04-23,35.4,36.64,35.25,35.9,74839.96
2019-04-24,35.95,36.8,35.07,36.77,72513.59
2019-04-25,37.04,38.0,35.66,36.55,84196.05
2019-04-26,36.19,36.57,35.46,36.24,48636.78
2019-04-29,36.34,37.2,33.85,35.4,80626.66
2019-04-30,34.17,34.75,33.18,33.87,87058.44
2019-05-06,30.48,31.19,30.48,30.48,94392.74
2019-05-07,30.38,30.69,28.45,29.74,108607.35
2019-05-08,28.62,30.85,28.02,29.31,92772.58
2019-05-09,28.96,30.18,28.93,29.28,68109.16
2019-05-10,29.91,32.16,28.72,31.69,110040.72
2019-05-13,31.14,32.01,29.54,29.59,96262.67
2019-05-14,29.09,30.05,29.09,29.64,61036.5
2019-05-15,29.87,30.2,29.02,29.65,82436.04
2019-05-16,29.69,29.7,28.62,28.87,73112.99
2019-05-17,29.14,30.31,28.45,28.54,113179.95
2019-05-20,29.23,29.7,28.1,29.32,112086.68
2019-05-21,29.2,30.05,28.53,29.69,80421.59
2019-05-22,30.58,32.66,30.09,32.66,217582.4
2019-05-23,32.68,32.68,30.76,30.88,125778.48
2019-05-24,30.65,31.69,29.51,30.5,82933.07
2019-05-27,30.03,32.48,30.02,31.89,110462.94
2019-05-28,31.67,33.07,31.49,32.08,107069.85
2019-05-29,31.7,33.29,31.57,32.88,85730.2
2019-05-30,33.27,35.45,33.27,33.65,101561.17
2019-05-31,34.15,36.21,33.75,35.6,123227.02
2019-06-03,35.66,36.15,34.01,34.81,97960.59
2019-06-04,34.38,35.63,34.38,34.66,82925.76
2019-06-06,34.63,34.65,31.21,32.38,149300.55
2019-06-10,32.53,34.6,32.53,34.27,96255.06
2019-06-11,34.52,37.11,33.31,36.23,155743.6
2019-06-12,36.19,37.43,35.79,36.84,115207.73
2019-06-13,36.15,37.31,35.76,35.77,85108.45
2019-06-14,35.95,36.24,34.04,34.51,100357.8
2019-06-17,34.81,34.87,33.11,33.24,90246.79
2019-06-18,33.62,33.91,32.52,33.56,68075.41
2019-06-19,34.76,35.43,33.56,33.63,128573.25
2019-06-20,33.57,34.61,32.89,34.04,115334.34
2019-06-21,34.04,34.96,33.31,34.54,142814.45
2019-06-24,34.36,34.4,32.61,33.01,133247.71
2019-06-25,32.62,32.78,31.24,31.99,125021.71
2019-06-26,32.48,33.17,32.08,32.87,110945.66
2019-06-27,32.98,33.86,32.98,33.49,110835.28
2019-06-28,33.57,33.66,32.41,32.9,60797.27
2019-07-01,34.18,35.6,33.92,35.59,185363.48
2019-07-02,35.14,35.42,34.24,34.61,122393.92
2019-07-03,34.27,34.92,33.94,34.63,70042.58
2019-07-04,34.6,34.86,33.79,34.18,68266.67
2019-07-05,34.02,35.06,34.0,34.94,76237.79
2019-07-08,34.86,36.22,34.26,35.22,105034.68
2019-07-09,34.86,35.9,34.45,35.29,75487.72
2019-07-10,35.31,36.32,35.16,35.45,88626.34
2019-07-11,35.59,35.65,34.69,34.86,65023.0
2019-07-12,34.96,35.11,33.78,34.22,80732.76
2019-07-15,33.78,35.5,33.17,35.14,110067.88
2019-07-16,35.26,36.52,34.83,36.16,134525.53
2019-07-17,36.82,38.1,36.28,36.93,174020.09
2019-07-18,36.75,37.18,35.53,35.55,93477.1
2019-07-19,35.96,36.84,35.52,35.6,77546.52
2019-07-22,35.91,36.52,34.16,34.41,89865.36
2019-07-23,34.21,36.13,34.17,35.86,82970.38
2019-07-24,36.19,37.53,35.87,37.44,110612.71
2019-07-25,37.59,40.05,37.59,38.87,182008.99
2019-07-26,39.07,39.86,38.43,39.51,107341.86
2019-07-29,39.56,41.38,39.11,40.63,110303.04
2019-07-30,40.21,40.68,39.62,39.91,74558.24
2019-07-31,39.99,40.84,39.66,39.77,65566.84
2019-08-01,39.7,40.06,39.03,39.92,79045.61
2019-08-02,38.62,39.28,37.24,38.95,128448.67
2019-08-05,38.91,39.51,37.91,37.92,72747.71
2019-08-06,36.74,38.37,36.41,37.73,87706.7
2019-08-07,37.31,37.33,36.15,36.56,107108.97
2019-08-08,37.07,38.59,36.44,37.97,112198.25
2019-08-09,38.38,39.3,37.15,37.56,99307.0
2019-08-12,37.93,40.01,36.7,39.76,114384.52
2019-08-13,39.07,39.76,37.85,38.32,103002.83
2019-08-14,39.22,39.74,37.86,37.91,108864.21
2019-08-15,36.39,38.6,36.19,38.31,83933.72
2019-08-16,38.31,38.96,37.81,38.06,66647.87
2019-08-19,37.85,40.47,37.84,39.61,172676.2
2019-08-20,39.9,40.48,39.24,40.08,131546.45
2019-08-21,39.93,43.06,39.19,42.43,205291.63
2019-08-22,42.38,43.43,41.91,42.88,151925.81
2019-08-23,42.58,43.08,41.54,42.2,89076.37
2019-08-26,41.11,44.41,41.0,44.41,143670.94
2019-08-27,44.59,47.58,44.01,45.75,175618.67
2019-08-28,45.5,47.19,44.76,45.21,115634.73
2019-08-29,46.18,49.73,45.07,49.12,202629.64
2019-08-30,49.2,50.0,44.84,45.27,224790.78
2019-09-02,49.79,49.79,49.79,49.79,32734.27
2019-09-03,54.77,54.77,54.77,54.77,12028.02
2019-09-04,60.25,60.25,60.25,60.25,28738.76
2019-09-05,66.27,66.27,65.46,66.27,564206.46
2019-09-06,67.27,68.43,62.71,65.5,539659.76
2019-09-09,65.35,72.04,64.87,72.04,475157.01
2019-09-10,71.3,74.12,67.94,69.05,371704.59
2019-09-11,69.05,73.58,68.51,70.71,334692.03
2019-09-12,71.5,72.94,66.61,71.16,295375.95
2019-09-16,72.11,74.56,69.57,72.59,267059.8
2019-09-17,71.54,73.48,69.94,72.84,214340.13
2019-09-18,73.63,74.15,68.47,70.21,279620.3
2019-09-19,69.87,77.23,69.55,76.35,324304.72
2019-09-20,76.25,83.99,75.77,82.64,394672.31
2019-09-23,81.08,84.27,80.21,84.17,254710.02
2019-09-24,83.58,84.67,81.2,81.89,205260.02
2019-09-25,81.0,81.52,77.13,79.37,211662.84
2019-09-26,79.81,81.48,71.5,71.5,300941.18
2019-09-27,71.3,75.27,70.78,74.27,246705.57
2019-09-30,74.41,74.76,69.36,70.0,194430.39
2019-10-08,70.77,71.8,66.89,67.34,200112.57
2019-10-09,67.44,70.71,67.19,70.71,180565.2
2019-10-10,71.3,73.16,70.71,72.48,196102.06
2019-10-11,73.08,73.22,70.9,72.24,157651.36
2019-10-14,73.29,75.39,72.74,73.78,190931.8
2019-10-15,72.69,73.66,69.68,71.44,140244.54
2019-10-16,71.44,72.61,69.32,70.73,119116.09
2019-10-17,70.65,73.78,69.72,72.07,129952.1
2019-10-18,71.85,72.96,67.88,68.1,150302.42
2019-10-21,68.08,70.29,68.03,68.97,116718.14
2019-10-22,69.81,71.87,69.42,70.87,115799.28
2019-10-23,71.1,71.46,69.32,69.89,103339.7
2019-10-24,69.79,70.1,67.95,68.7,85407.37
2019-10-25,69.32,71.1,68.45,70.32,119937.21
2019-10-28,69.32,74.08,69.32,72.52,174264.24
2019-10-29,74.27,74.46,70.49,70.49,130839.12
2019-10-30,70.3,75.16,68.34,74.13,206974.56
2019-10-31,77.11,78.99,73.87,74.47,246068.74
2019-11-01,73.78,75.23,71.99,72.36,150259.65
2019-11-04,72.98,79.6,72.3,79.22,234788.57
2019-11-05,79.22,84.05,78.34,82.0,239246.62
2019-11-06,81.1,84.35,79.55,81.31,167311.12
2019-11-07,81.37,82.89,79.87,82.66,122051.55
2019-11-08,83.63,87.05,82.29,83.18,202296.2
2019-11-11,83.17,83.98,81.09,81.82,126916.08
2019-11-12,81.15,81.68,77.74,79.87,158037.98
2019-11-13,80.03,84.35,79.51,83.28,166950.96
2019-11-14,83.03,86.13,82.69,84.22,149735.34
2019-11-15,84.17,87.79,82.89,83.88,192547.95
2019-11-18,82.79,83.63,79.87,81.61,147278.43
2019-11-19,81.21,83.04,80.63,82.79,97809.37
2019-11-20,82.31,83.11,80.09,80.6,103519.93
2019-11-21,79.88,85.17,79.22,85.16,176822.32
2019-11-22,88.13,93.68,87.24,90.79,352548.0
2019-11-25,89.72,92.09,85.02,86.1,218349.46
2019-11-26,87.63,88.62,84.52,87.06,146599.05
2019-11-27,85.49,95.76,84.97,95.76,283273.88
2019-11-28,94.57,99.23,94.57,98.04,216977.68
2019-11-29,98.1,98.38,93.19,95.96,170983.71
2019-12-02,95.86,102.5,95.86,100.01,171453.35
2019-12-03,99.52,103.48,98.45,103.02,158989.85
2019-12-04,101.47,102.99,99.78,101.42,126365.41
2019-12-05,101.4,105.81,98.05,98.48,211556.59
2019-12-06,98.26,101.5,97.28,101.5,191392.88
2019-12-09,101.31,101.96,98.31,98.55,182894.42
2019-12-10,97.82,100.76,95.31,99.66,172438.37
2019-12-11,99.04,105.09,98.54,102.22,215847.18
2019-12-12,103.47,104.77,100.66,101.8,164650.16
2019-12-13,102.98,103.34,98.56,102.2,161868.89
2019-12-16,102.35,102.77,98.63,101.85,173475.39
2019-12-17,102.18,106.36,101.27,103.98,218450.75
2019-12-18,107.94,108.93,98.73,99.9,299187.21
2019-12-19,98.88,99.69,94.52,96.93,197516.23
2019-12-20,96.93,98.27,94.67,94.68,132348.75
2019-12-23,90.12,92.69,89.92,91.6,140682.62
2019-12-24,92.08,93.49,90.62,92.69,118447.83
2019-12-25,92.59,97.34,92.54,94.69,173261.41
2019-12-26,95.05,96.35,93.44,93.96,89795.03
2019-12-27,93.55,94.04,89.92,90.29,140570.43
2019-12-30,88.79,92.49,86.6,91.45,130124.44
2019-12-31,92.0,93.04,90.27,91.6,82522.88
2020-01-02,91.78,96.42,91.01,95.29,162650.65
2020-01-03,95.07,95.72,90.12,91.68,170030.94
2020-01-06,90.52,92.96,89.8,91.36,102035.08
2020-01-07,92.19,93.08,90.29,91.06,97659.47
2020-01-08,90.55,91.32,89.47,89.8,89561.58
2020-01-09,90.99,93.28,90.22,92.68,137156.32
2020-01-10,92.99,100.51,92.79,99.4,255277.25
2020-01-13,99.82,109.35,98.89,109.35,269443.63
2020-01-14,109.92,111.39,104.74,105.46,220965.86
2020-01-15,104.94,110.1,104.16,108.93,184719.93
2020-01-16,107.23,110.57,105.96,109.41,133668.87
2020-01-17,109.26,112.4,107.35,108.93,130095.1
2020-01-20,115.86,119.82,113.88,119.82,127809.32
2020-01-21,124.29,130.03,122.8,126.75,271583.19
2020-01-22,125.77,132.0,123.81,128.98,223401.48
2020-01-23,126.31,131.0,120.58,123.78,226179.83
2020-02-03,111.41,114.18,111.41,111.41,177654.72
2020-02-04,111.44,121.68,111.44,121.01,238902.56
2020-02-05,121.28,124.19,115.86,116.85,288793.82
2020-02-06,114.37,118.73,114.28,117.15,206429.99
2020-02-07,115.54,123.69,115.52,120.91,216102.89
2020-02-10,120.81,120.83,113.16,116.42,217192.2
2020-02-11,117.84,121.8,117.84,119.82,186470.36
2020-02-12,117.71,120.62,116.86,120.22,163327.74
2020-02-13,123.29,130.91,120.41,125.75,308422.31
2020-02-14,124.66,127.94,117.52,120.89,341301.43
2020-02-17,122.79,123.26,119.79,123.25,236659.61
2020-02-18,123.59,127.09,122.5,125.86,253173.51
2020-02-19,123.79,130.06,121.36,127.73,299023.16
2020-02-20,130.52,135.42,127.73,135.42,298212.17
2020-02-21,133.69,138.82,133.19,137.85,238740.15
2020-02-24,137.86,151.51,137.65,149.74,296587.49
2020-02-25,147.53,164.71,145.08,164.71,383625.31
2020-02-26,163.4,170.21,150.27,154.48,346659.99
2020-02-27,158.43,159.8,146.18,146.48,292526.59
2020-02-28,138.03,143.49,132.58,138.02,364345.81
2020-03-02,141.61,145.32,136.66,141.82,252981.89
2020-03-03,144.07,148.54,137.22,138.64,272305.11
2020-03-04,137.63,137.63,126.44,131.92,255309.3
2020-03-05,134.68,135.15,126.76,131.22,199479.4
2020-03-06,127.77,132.7,126.88,129.61,113108.67
2020-03-09,124.78,127.33,116.64,116.64,239197.39
2020-03-10,117.16,126.09,117.16,125.92,271150.68
2020-03-11,127.6,127.6,118.89,119.13,222900.6
2020-03-26,107.22,112.76,107.22,107.22,404316.64
2020-03-27,108.93,109.7,104.47,104.53,182776.19
2020-03-30,101.01,102.44,95.39,101.78,230335.29
2020-03-31,103.91,104.94,99.26,100.51,160852.45
2020-04-01,99.03,103.66,98.53,101.01,157931.53
2020-04-02,100.4,109.57,100.4,109.15,269492.64
2020-04-03,107.94,108.88,105.08,105.95,155884.23
2020-04-07,111.9,112.87,106.85,107.99,196218.28
2020-04-08,106.95,111.88,106.42,109.87,151600.92
2020-04-09,110.51,111.41,106.24,107.23,125586.51
2020-04-10,106.85,106.89,100.67,101.8,145973.93
2020-04-13,99.03,99.03,91.62,91.63,287920.1
2020-04-14,93.28,95.71,90.16,95.69,213531.38
2020-04-15,95.36,99.57,94.58,95.83,231190.91
2020-04-16,94.57,97.81,93.1,96.94,130254.67
2020-04-17,99.03,101.38,97.22,97.95,215367.53
2020-04-20,97.05,98.6,95.56,97.2,132587.88
2020-04-21,96.96,96.98,93.54,96.06,142619.5
2020-04-22,95.92,97.8,94.85,96.28,130231.07
2020-04-23,97.06,97.43,93.09,93.22,171720.86
2020-04-24,92.98,93.96,90.47,90.86,127030.81
2020-04-27,91.52,94.05,89.3,93.29,143409.57
2020-04-28,93.09,97.05,90.62,96.06,245340.88
2020-04-29,94.59,97.62,94.48,96.07,185391.16
2020-04-30,98.97,105.67,98.97,105.67,303484.11
2020-05-06,109.82,115.09,107.84,113.14,452660.93
2020-05-07,114.87,116.1,108.97,109.27,378681.23
2020-05-08,111.02,115.37,111.02,113.19,310355.97
2020-05-11,114.95,115.88,110.91,112.3,233187.45
2020-05-12,111.91,112.4,108.02,110.9,233038.9
2020-05-13,109.82,111.75,108.62,110.38,167488.09
2020-05-14,109.43,111.53,109.09,110.16,176380.56
2020-05-15,110.91,118.39,109.1,115.82,382785.98
2020-05-18,117.81,117.81,108.04,108.09,418507.31
2020-05-19,108.44,112.29,106.76,110.63,240663.6
2020-05-20,109.92,111.6,105.75,106.98,265856.84
2020-05-21,106.94,107.45,100.02,100.22,298640.28
2020-05-22,99.04,101.27,97.62,98.69,206241.48
2020-05-25,97.15,99.4,96.07,96.35,146792.62
2020-05-26,97.54,99.7,97.05,99.39,154958.99
2020-05-27,99.41,99.58,95.41,96.08,171662.29
2020-05-28,95.92,97.59,94.23,97.45,143740.79
2020-05-29,95.86,97.34,95.66,96.83,114528.05
2020-06-01,98.43,103.16,98.43,102.0,227643.66
2020-06-02,103.19,103.48,100.81,102.15,168519.89
2020-06-03,102.99,110.1,100.59,105.63,293346.71
2020-06-04,106.75,107.45,104.53,105.47,157016.75
2020-06-05,107.2,109.43,106.41,107.65,212685.52
2020-06-08,110.45,111.21,105.77,105.83,199027.37
2020-06-09,107.77,109.51,106.27,108.89,180073.38
2020-06-11,111.67,114.26,108.45,110.0,289502.07
2020-06-12,105.46,110.0,105.33,105.96,239601.12
2020-06-15,104.47,110.34,104.47,106.04,221799.88
2020-06-16,108.28,109.81,107.34,108.93,193034.25
2020-06-17,109.34,109.44,105.11,106.03,196362.32
2020-06-18,106.26,108.76,105.56,107.65,222906.54
2020-06-19,107.74,118.12,106.45,115.04,438067.21
2020-06-22,117.03,123.75,116.09,121.8,410731.02
2020-06-23,120.81,126.58,118.93,124.69,333277.59
2020-06-24,125.1,127.46,123.64,124.96,249954.27
2020-06-29,124.06,126.94,121.81,122.68,224756.6
2020-06-30,124.53,126.31,123.48,124.73,222612.19
2020-07-01,124.72,133.66,124.48,130.6,316446.02
2020-07-02,129.23,133.41,128.93,129.92,238946.58
2020-07-03,129.95,131.59,126.55,129.57,220233.91
2020-07-06,130.32,142.52,130.17,142.5,334181.46
2020-07-07,145.57,151.69,142.7,142.7,338906.12
2020-07-08,141.56,145.7,139.28,144.21,242084.74
2020-07-09,145.32,158.64,145.32,158.64,352144.08
2020-07-10,161.58,164.14,153.66,158.64,330443.13
2020-07-13,158.73,166.29,155.71,163.56,273164.55
2020-07-14,163.52,163.52,148.96,153.82,402290.26
2020-07-15,153.46,153.46,138.44,138.44,492676.89
2020-07-16,135.57,139.62,126.89,128.87,404877.63
2020-07-17,129.86,134.69,127.24,132.55,274042.79
2020-07-20,143.74,144.42,138.88,141.7,329906.06
2020-07-21,142.72,148.61,140.57,145.72,227630.1
2020-07-22,143.45,147.99,142.75,144.69,221049.86
2020-07-23,141.84,143.04,137.43,141.15,250684.93
2020-07-24,138.78,143.1,133.27,134.67,233564.07
2020-07-27,134.66,136.6,130.87,132.56,164149.07
2020-07-28,134.82,135.3,131.15,132.85,133822.89
2020-07-29,138.78,146.14,136.8,146.14,317558.13
2020-07-30,147.69,152.46,146.71,148.87,309795.26
2020-07-31,147.7,155.12,147.41,150.73,270518.23
2020-08-03,151.72,154.6,149.07,152.17,264216.94
2020-08-04,154.1,154.14,145.58,146.71,245290.49
2020-08-05,152.19,152.21,146.21,146.82,202792.82
2020-08-06,144.93,146.07,141.76,143.54,194175.96
2020-08-07,138.82,138.82,132.89,135.82,264762.31
2020-08-10,133.87,138.26,133.49,136.8,132549.04
2020-08-11,137.49,138.61,134.72,135.11,113356.18
2020-08-12,133.85,136.4,129.86,136.4,165896.12
2020-08-13,136.09,136.68,132.83,133.03,110768.84
2020-08-14,133.04,135.66,132.52,135.21,92422.32
2020-08-17,135.71,138.85,134.32,138.77,124178.66
2020-08-18,138.74,138.78,135.13,135.69,111827.92
2020-08-19,134.82,134.82,131.62,131.71,110956.56
2020-08-20,130.72,137.67,130.38,135.37,147633.13
2020-08-21,136.97,138.76,133.33,134.36,108122.55
2020-08-24,133.39,139.05,132.49,137.47,136472.88
2020-08-25,136.81,138.03,134.75,134.84,101123.08
2020-08-26,134.85,136.59,132.42,132.88,119015.21
2020-08-27,132.88,136.2,131.72,135.71,110182.49
2020-08-28,135.82,136.83,132.93,136.83,141546.72
2020-08-31,136.85,142.72,136.84,136.86,196310.13
2020-09-01,135.81,136.59,133.86,135.72,100020.89
2020-09-02,136.3,138.29,135.81,135.87,102305.46
2020-09-03,136.48,136.5,133.03,134.85,111900.03
2020-09-04,132.34,138.37,131.86,136.14,149690.82
2020-09-07,137.3,142.25,132.83,135.39,205381.8
2020-09-08,133.63,134.72,122.26,125.49,283265.13
2020-09-09,121.93,121.93,114.89,116.28,201059.2
2020-09-10,118.06,118.95,115.56,115.99,104429.18
2020-09-11,115.88,119.4,115.06,119.13,100892.38
2020-09-14,120.94,124.57,119.81,121.14,113329.57
2020-09-15,120.03,123.37,119.07,122.42,91469.43
2020-09-16,122.43,123.42,120.34,120.86,65428.86
2020-09-17,119.85,123.26,118.41,121.79,103561.64
2020-09-18,122.82,123.17,121.52,123.16,78801.82
2020-09-21,123.47,125.42,122.5,122.5,79010.71
2020-09-22,120.94,121.93,118.86,119.09,92043.93
2020-09-23,119.95,120.79,117.53,119.13,86847.37
2020-09-24,117.98,119.05,115.88,115.89,90727.43
2020-09-25,116.58,116.95,114.64,115.22,63229.36
2020-09-28,115.41,120.23,114.64,118.58,106380.92
2020-09-29,119.42,119.83,117.27,117.69,67674.2
2020-09-30,118.53,118.66,115.71,115.84,72024.78
2020-10-09,118.41,120.74,117.71,120.1,91453.76
2020-10-12,121.52,125.85,120.94,125.76,123385.94
2020-10-13,124.9,124.9,116.09,119.27,255502.59
2020-10-14,117.96,117.96,115.74,116.25,143055.43
2020-10-15,115.98,116.82,115.12,116.19,83975.53
2020-10-16,115.97,116.78,107.86,109.15,225823.68
2020-10-19,107.86,109.83,106.12,107.27,121871.66
2020-10-20,106.93,106.94,102.6,105.66,139786.28
2020-10-21,105.89,106.17,101.43,102.01,138152.49
2020-10-22,101.61,103.43,99.11,102.5,121430.52
2020-10-23,102.6,104.0,100.51,101.21,96424.82
2020-10-26,99.77,102.26,98.55,99.65,80789.43
2020-10-27,99.13,99.63,96.93,98.14,186094.11
2020-10-28,98.28,99.33,96.45,98.3,157387.37
2020-10-29,96.65,97.65,96.24,97.2,121710.82
2020-10-30,97.74,103.32,97.74,99.72,252200.09
2020-11-02,95.16,102.97,91.58,101.67,327247.69
2020-11-03,99.02,104.73,98.15,101.85,273045.94
2020-11-04,102.1,103.59,100.51,102.27,152380.98
2020-11-05,103.89,105.09,101.56,104.05,180105.86
2020-11-06,104.09,105.08,102.3,104.37,164148.68
2020-11-09,106.37,114.81,106.37,114.81,281728.74
2020-11-10,116.31,116.31,112.02,112.79,272681.8
2020-11-11,111.52,112.79,105.99,106.07,213790.81
2020-11-12,107.89,108.37,105.65,107.08,109701.48
2020-11-13,106.07,109.83,105.68,108.87,130845.5
2020-11-16,108.84,108.84,105.56,106.17,109949.57
2020-11-17,106.14,106.14,100.42,104.76,188759.77
2020-11-18,103.59,105.79,102.6,104.78,105305.45
2020-11-19,102.8,107.74,102.8,105.87,108041.54
2020-11-20,105.57,107.44,104.11,104.79,81256.08
2020-11-23,104.98,106.26,103.19,104.92,102592.51
2020-11-24,104.76,106.96,104.26,104.85,102327.79
2020-11-25,105.57,105.79,102.61,102.61,103772.14
2020-11-26,102.6,103.33,100.0,100.58,107337.08
2020-11-27,100.02,102.38,98.85,102.1,94308.23
2020-11-30,104.09,104.68,102.6,104.48,110407.31
2020-12-01,103.38,105.42,103.17,105.03,98230.15
2020-12-02,105.2,110.02,105.2,107.63,210937.34
2020-12-03,108.05,110.96,106.65,107.75,135509.43
2020-12-04,107.78,110.51,107.78,109.66,140952.22
2020-12-07,114.58,115.27,109.95,110.21,203606.71
2020-12-08,110.21,111.11,106.07,106.81,152239.84
2020-12-09,106.17,107.46,103.81,104.01,113776.34
2020-12-10,102.99,105.08,101.62,103.68,138915.53
2020-12-11,103.1,108.61,102.25,107.56,257463.92
2020-12-14,107.79,108.62,105.59,106.27,131920.47
2020-12-15,105.97,106.86,104.11,104.92,144770.91
2020-12-16,104.74,104.74,99.86,100.11,214543.95
2020-12-17,100.12,101.4,99.1,99.23,140596.3
2020-12-18,100.11,100.32,93.93,96.63,299916.76
2020-12-21,95.66,100.41,94.94,98.12,177814.39
2020-12-22,97.15,98.04,95.82,96.18,126259.24
2020-12-23,96.16,97.37,93.22,96.94,176905.37
2020-12-24,96.33,97.87,94.78,95.33,101680.44
2020-12-25,94.56,95.62,93.94,94.47,94912.11
2020-12-28,93.69,93.98,91.89,92.19,112664.82
2020-12-29,92.22,96.26,92.22,94.47,148900.26
2020-12-30,94.48,98.11,93.18,97.25,159602.98
2020-12-31,97.64,99.57,96.87,98.14,132546.5
2021-01-04,97.86,100.31,96.16,99.33,178240.53
2021-01-05,99.72,107.14,99.33,106.18,302056.3
2021-01-06,107.13,109.73,104.28,105.78,237319.92
2021-01-07,105.76,109.43,103.59,107.89,240377.97
2021-01-08,104.57,106.62,100.29,105.07,232023.96
2021-01-11,106.01,111.51,105.96,111.06,332521.6
2021-01-12,110.02,112.9,108.17,111.78,242959.23
2021-01-13,112.5,118.82,111.84,114.37,331698.99
2021-01-14,115.36,121.58,114.57,120.33,388388.03
2021-01-15,121.72,121.8,112.01,113.78,327298.71
2021-01-18,112.72,125.16,111.73,124.5,404033.24
2021-01-19,124.89,132.72,124.5,126.03,423479.09
2021-01-20,125.69,129.17,122.51,127.57,258588.49
2021-01-21,127.17,128.36,123.41,126.58,227243.09
2021-01-22,125.88,130.22,120.88,125.39,288803.0
2021-01-25,121.13,121.42,114.98,115.79,342137.67
2021-01-26,116.37,119.29,114.36,115.79,184716.84
2021-01-27,114.78,117.38,112.91,115.83,154438.09
2021-01-28,113.5,113.51,108.14,108.95,230893.06
2021-01-29,109.03,110.82,100.36,104.45,289603.52
2021-02-01,95.16,100.93,95.16,98.13,351810.98
2021-02-02,98.08,98.11,93.92,95.75,316990.59
2021-02-03,96.14,98.58,94.17,96.3,226634.37
2021-02-04,94.76,103.71,92.18,101.47,324716.91
2021-02-05,100.0,102.61,99.38,99.44,192212.17
2021-02-08,103.97,109.38,102.09,109.38,288915.91
2021-02-09,108.83,111.91,107.05,109.93,244038.44
2021-02-10,109.93,113.77,108.04,113.09,204152.35
2021-02-18,114.86,118.45,112.78,113.31,206646.48
2021-02-19,113.32,113.95,107.43,111.78,178913.73
2021-02-22,111.08,114.19,108.66,111.61,204248.99
2021-02-23,109.53,111.39,106.31,107.65,155555.37
2021-02-24,106.77,111.59,105.17,106.63,155796.73
2021-02-25,106.64,108.06,102.09,102.33,158876.43
2021-02-26,99.14,101.92,98.63,99.93,147642.68
2021-03-01,102.09,104.67,101.74,103.38,144079.13
2021-03-02,104.08,104.49,101.08,102.38,136597.08
2021-03-03,102.0,106.43,100.14,106.2,142834.98
2021-03-04,105.03,106.81,101.81,103.98,144035.77
2021-03-05,101.82,106.38,101.63,105.22,127428.72
2021-03-08,106.75,107.73,102.89,103.83,139208.15
2021-03-09,102.24,105.55,98.65,101.09,130475.75
2021-03-10,103.53,103.74,98.85,99.12,103456.95
2021-03-11,99.13,103.06,96.15,100.77,117124.2
2021-03-12,100.72,100.72,96.52,98.19,130081.03
2021-03-15,96.44,96.69,92.79,93.17,128353.65
2021-03-16,93.72,96.35,93.17,96.01,96050.26
2021-03-17,96.01,102.64,94.66,102.14,185838.81
2021-03-18,101.9,102.2,98.76,99.12,105456.77
2021-03-19,97.14,98.92,96.26,96.93,75223.09
2021-03-22,95.86,97.28,95.32,96.47,59620.33
2021-03-23,96.84,98.92,95.75,98.63,87334.23
2021-03-24,99.12,99.42,96.46,97.35,67005.26
2021-03-25,95.2,96.92,94.72,95.65,58537.43
2021-03-26,96.15,98.42,94.77,98.3,98118.66
2021-03-29,98.63,99.5,96.79,97.53,70064.6
2021-03-30,99.61,101.43,98.61,98.66,130572.54
2021-03-31,99.02,99.62,96.84,97.14,61132.52
2021-04-01,96.89,100.22,96.88,98.55,90566.23
2021-04-02,99.58,104.08,99.12,103.73,198313.23
2021-04-06,104.67,105.03,101.77,101.95,94346.17
2021-04-07,101.95,101.99,98.8,99.71,88834.99
2021-04-08,99.13,100.71,98.63,99.07,66641.76
2021-04-09,99.35,99.78,95.83,96.54,98582.64
2021-04-12,96.54,98.07,95.53,95.7,71496.79
2021-04-13,94.82,96.88,94.82,95.9,65093.74
2021-04-14,96.15,96.51,94.86,96.03,68375.09
2021-04-15,95.65,95.65,94.07,95.21,61375.78
2021-04-16,95.24,96.03,94.34,95.48,49096.05
2021-04-19,95.16,97.73,95.04,97.67,88155.01
2021-04-20,97.15,97.2,95.85,95.92,70987.45
2021-04-21,94.82,95.72,94.56,94.94,57113.77
2021-04-22,95.17,97.32,94.79,96.05,78829.12
2021-04-23,95.9,97.2,94.96,95.71,80661.15
2021-04-26,95.45,96.47,93.98,94.11,140576.96
2021-04-27,94.66,94.74,84.7,84.7,348861.71
2021-04-28,85.24,87.17,81.04,87.17,197359.87
2021-04-29,85.74,87.71,85.44,85.78,117328.86
2021-04-30,85.8,87.21,81.68,84.55,228777.39
2021-05-06,83.26,83.51,81.38,82.22,129035.75
2021-05-07,82.27,83.1,81.04,81.28,92544.74
2021-05-10,81.28,81.53,77.19,79.69,106930.48
2021-05-11,78.8,80.78,78.41,80.5,88327.1
2021-05-12,79.79,82.94,79.31,82.29,91499.44
2021-05-13,81.28,83.04,80.93,81.6,72135.18
2021-05-14,81.92,83.09,80.47,83.06,105040.8
2021-05-17,83.25,86.76,83.25,85.74,140324.05
2021-05-18,84.48,85.45,83.94,84.36,59179.21
2021-05-19,83.56,87.38,83.24,85.64,97758.38
2021-05-20,85.29,86.45,84.81,85.45,53820.25
2021-05-21,85.59,85.84,83.16,83.16,91198.01
2021-05-24,82.48,83.34,81.23,82.84,104973.18
2021-05-25,83.4,87.14,82.6,87.03,170803.62
2021-05-26,86.98,87.72,85.12,85.38,83690.43
2021-05-27,85.51,90.6,84.95,88.22,181629.84
2021-05-28,89.21,89.21,86.7,87.06,105714.79
2021-05-31,87.71,88.66,85.99,86.78,111252.43
2021-06-01,86.24,88.51,85.44,86.83,123121.92
2021-06-02,86.5,86.83,84.41,84.74,98270.6
2021-06-03,84.73,86.86,84.25,84.93,92909.1
2021-06-04,84.75,87.74,84.39,86.21,116330.49
2021-06-07,87.72,88.81,86.42,86.79,142261.88
2021-06-08,88.51,90.36,87.33,88.12,181648.61
2021-06-09,88.51,90.0,87.03,88.9,115471.33
2021-06-10,88.71,93.01,88.23,92.2,219092.39
2021-06-11,93.02,93.38,90.75,91.89,183707.33
2021-06-15,92.14,97.04,91.69,94.53,236100.96
2021-06-16,95.5,97.03,90.7,91.48,193678.6
2021-06-17,92.18,99.12,91.49,98.05,361326.33
2021-06-18,99.14,102.59,97.34,100.07,308874.87
2021-06-21,98.13,99.99,96.08,97.47,245164.42
2021-06-22,97.49,97.93,93.67,94.96,199772.86
2021-06-23,94.2,98.33,94.17,94.86,264515.22
2021-06-24,94.18,94.21,91.44,91.89,207181.9
2021-06-25,92.27,94.61,91.5,93.02,167947.2
2021-06-28,93.28,93.65,91.48,92.39,175510.64
2021-06-29,92.39,92.86,89.46,89.67,163404.25
2021-06-30,90.08,98.63,90.0,96.05,364126.32
2021-07-01,95.94,96.72,93.67,95.11,222113.11
2021-07-02,95.05,95.16,91.06,91.4,188759.3
2021-07-05,96.14,100.51,94.26,100.06,429688.94
2021-07-06,104.08,105.75,96.47,98.53,383233.84
2021-07-07,97.24,100.3,95.11,100.12,253367.96
2021-07-08,100.11,104.24,98.13,101.0,251405.28
2021-07-09,99.12,100.71,96.93,98.91,185896.13
2021-07-12,100.1,101.6,97.37,99.08,176251.53
2021-07-13,99.02,101.79,98.13,99.3,185060.74
2021-07-14,99.31,102.09,96.6,96.9,165895.18
2021-07-15,95.83,97.96,94.86,95.53,152518.26
2021-07-16,94.94,96.53,92.37,92.64,160436.81
2021-07-19,92.02,93.9,90.67,93.15,116994.39
2021-07-20,92.31,93.64,91.47,93.6,83733.91
2021-07-21,94.19,95.22,92.45,93.64,142434.32
2021-07-22,93.13,93.65,87.39,90.68,261497.37
2021-07-23,90.27,90.27,87.43,87.83,156800.13
2021-07-26,90.03,91.05,85.01,86.77,176858.02
2021-07-27,87.97,95.45,87.4,93.77,440464.73
2021-07-28,92.24,96.12,88.26,91.61,303278.43
2021-07-29,93.25,100.78,92.3,100.78,442365.43
2021-07-30,101.29,110.26,100.78,108.56,558196.48
2021-08-02,110.23,116.69,108.38,111.32,474259.13
2021-08-03,112.67,115.01,104.86,105.63,404452.16
2021-08-04,106.84,110.73,106.28,108.75,282712.01
2021-08-05,107.25,110.33,106.59,107.85,226902.18
2021-08-06,110.19,116.98,108.77,113.81,330454.5
2021-08-09,113.22,116.2,106.85,108.75,304378.97
2021-08-10,108.61,110.09,106.75,109.56,181759.71
2021-08-11,108.54,110.03,106.06,106.66,170163.71
2021-08-12,106.26,113.32,106.15,111.1,206194.36
2021-08-13,109.24,110.73,105.03,105.56,201179.11
2021-08-16,107.75,110.41,106.56,106.84,182593.96
2021-08-17,107.75,111.81,105.07,105.4,183450.42
2021-08-18,104.87,107.13,100.4,102.21,171012.02
2021-08-19,103.48,103.93,100.8,102.41,136245.1
2021-08-20,102.29,103.07,98.88,101.09,129042.36
2021-08-23,101.43,110.11,101.43,108.24,225044.65
2021-08-24,108.34,114.15,108.34,113.61,240063.37
2021-08-25,114.89,116.07,112.97,114.22,155915.59
2021-08-26,113.62,115.59,110.61,111.11,124407.49
2021-08-27,110.83,114.8,109.32,112.1,126500.96
2021-08-30,111.03,123.31,110.73,123.31,408862.67
2021-08-31,124.09,124.09,115.21,118.52,249208.56
2021-09-01,119.12,120.18,112.71,116.85,154394.09
2021-09-02,116.85,118.36,111.87,112.42,145005.83
2021-09-03,112.76,115.28,109.86,111.32,125894.03
2021-09-06,111.23,112.71,110.24,111.71,115306.76
2021-09-07,111.73,114.58,110.42,112.3,116950.43
2021-09-08,113.22,113.49,106.12,106.21,212373.82
2021-09-09,106.22,109.63,104.73,107.26,144298.86
2021-09-10,106.26,110.43,104.22,108.05,152000.56
2021-09-13,108.54,108.64,103.48,105.36,115219.34
2021-09-14,105.36,106.25,101.99,103.0,123106.71
2021-09-15,103.07,103.08,99.5,100.41,108176.87
2021-09-16,100.38,102.19,96.65,96.89,121666.78
2021-09-17,96.88,97.73,91.87,96.22,195238.53
2021-09-22,94.37,96.7,93.47,94.09,113237.16
2021-09-23,94.84,98.76,93.92,96.45,128517.39
2021-09-24,95.83,98.23,95.22,95.24,93725.34
2021-09-27,95.83,98.45,95.25,96.48,94756.59
2021-09-28,96.0,98.15,93.81,94.76,88867.01
2021-09-29,93.94,95.41,92.38,92.56,101459.46
2021-09-30,92.56,93.8,92.03,93.01,72975.01
2021-10-08,95.37,96.84,93.75,95.14,79558.91
2021-10-11,94.66,99.7,94.31,97.73,116867.24
2021-10-12,97.32,98.02,95.04,96.29,62561.99
2021-10-13,95.83,97.12,94.43,96.1,62816.11
2021-10-14,96.09,96.82,95.43,96.31,47025.97
2021-10-15,96.02,99.93,94.85,98.1,126766.29
2021-10-18,97.32,99.19,96.33,98.31,69675.34
2021-10-19,97.82,102.65,97.55,100.5,120907.08
2021-10-20,100.82,101.78,99.23,100.3,63393.96
2021-10-21,100.18,100.58,97.32,98.39,76905.52
2021-10-22,98.2,99.8,97.09,97.32,77316.05
2021-10-25,97.47,101.99,96.86,101.49,106378.2
2021-10-26,100.8,101.28,99.01,100.34,67754.66
2021-10-27,105.27,107.25,102.83,105.36,177667.16
2021-10-28,105.38,109.66,104.37,107.25,161181.86
2021-10-29,106.06,109.59,104.87,109.0,119528.95
2021-11-01,112.79,116.98,112.12,115.1,227784.57
2021-11-02,114.8,119.93,114.47,115.64,222729.34
2021-11-03,118.18,119.17,111.34,113.09,162597.04
2021-11-04,113.31,117.01,111.72,116.19,170491.48
2021-11-05,119.35,120.05,115.97,115.99,131074.57
2021-11-08,115.56,117.92,114.55,115.99,94484.51
2021-11-09,116.18,117.02,113.33,116.06,97143.76
2021-11-10,115.2,116.06,112.33,114.3,119704.88
2021-11-11,114.16,120.16,113.26,119.07,227286.02
2021-11-12,118.67,119.54,116.09,117.92,131730.02
2021-11-15,117.88,121.45,116.17,116.19,96026.82
2021-11-16,115.2,118.51,114.26,117.99,119387.97
2021-11-17,118.05,118.57,114.3,115.06,90457.37
2021-11-18,114.85,116.28,112.84,112.94,89941.98
2021-11-19,113.04,114.17,112.1,113.68,75780.64
2021-11-22,113.51,123.02,113.31,119.17,215086.39
2021-11-23,119.17,120.58,118.18,119.37,117020.41
2021-11-24,120.66,124.13,119.38,121.55,197102.04
2021-11-25,121.15,123.12,118.97,119.05,87357.01
2021-11-26,118.97,120.26,116.71,118.5,104579.7
2021-11-29,117.13,122.81,116.54,122.5,117795.6
2021-11-30,123.46,125.33,120.84,121.85,127753.23
2021-12-01,123.94,127.11,122.13,125.42,144768.36
2021-12-02,124.99,127.98,124.15,127.0,106587.93
2021-12-03,127.0,139.0,126.99,132.44,247715.22
2021-12-06,133.07,133.07,127.69,129.3,133424.45
2021-12-07,131.35,132.09,125.13,127.71,118599.12
2021-12-08,126.12,134.58,126.12,134.06,161009.66
2021-12-09,134.07,140.22,133.18,134.45,165520.74
2021-12-10,133.83,136.23,132.08,133.85,100208.58
2021-12-13,134.96,139.45,134.26,137.14,106762.25
2021-12-14,136.67,142.49,135.93,138.93,110051.84
2021-12-15,139.37,142.88,136.32,137.84,115431.64
2021-12-16,138.8,140.82,134.91,136.83,82917.6
2021-12-17,136.05,136.65,132.57,134.28,100857.13
2021-12-20,133.74,137.32,132.45,133.77,92076.17
2021-12-21,134.85,135.65,130.99,133.21,83882.22
2021-12-22,133.21,138.54,133.19,135.55,126098.52
2021-12-23,135.55,136.81,133.58,135.05,62461.24
2021-12-24,135.14,137.88,134.56,136.03,72406.76
2021-12-27,136.06,138.0,134.95,135.36,75578.32
2021-12-28,136.38,137.32,127.66,130.59,174186.96
2021-12-29,131.37,131.58,120.16,127.52,269454.7
2021-12-30,129.9,132.26,128.11,130.99,110960.33
2021-12-31,129.71,130.97,127.61,128.4,79274.88
2022-01-04,128.41,129.82,125.79,129.1,100576.32
2022-01-05,129.0,130.0,123.25,123.87,83193.24
2022-01-06,124.13,127.11,120.96,126.02,106860.02
2022-01-07,126.61,128.42,122.15,122.88,95211.87
2022-01-10,123.13,123.84,118.15,122.43,95979.72
2022-01-11,122.15,123.14,118.07,118.67,81496.1
2022-01-12,119.08,120.46,117.08,118.8,87457.96
2022-01-13,119.17,120.14,114.36,115.39,105469.81
2022-01-14,115.1,120.28,114.24,118.37,119198.24
2022-01-17,118.46,123.22,118.46,120.18,135671.04
2022-01-18,119.94,124.57,119.37,120.24,110472.97
2022-01-19,120.16,120.16,116.19,116.98,69389.39
2022-01-20,118.18,118.37,115.9,116.66,62815.05
2022-01-21,116.22,117.07,113.09,114.12,93917.81
2022-01-24,115.42,119.5,114.46,118.18,92491.85
2022-01-25,116.99,119.37,115.42,115.67,70102.35
2022-01-26,116.03,119.17,114.5,117.93,89243.29
2022-01-27,117.18,117.58,108.05,109.36,208713.3
2022-01-28,110.23,111.02,105.27,106.26,131203.43
2022-02-07,108.24,111.58,107.25,109.42,93060.92
2022-02-08,109.44,110.57,106.31,107.61,78832.22
2022-02-09,107.89,108.23,103.31,107.7,86882.59
2022-02-10,108.8,111.5,105.98,109.62,107492.19
2022-02-11,108.91,110.21,107.0,107.54,68444.81
2022-02-14,107.02,108.94,104.92,105.73,78832.55
2022-02-15,106.05,112.71,106.05,111.95,95497.63
2022-02-16,113.7,114.99,111.72,112.81,80261.05
2022-02-17,112.62,115.4,111.03,112.84,87936.84
2022-02-18,111.89,112.42,110.23,110.98,53039.89
2022-02-21,110.63,111.66,106.66,108.66,85278.57
2022-02-22,108.64,108.64,104.75,107.25,91949.0
2022-02-23,107.25,116.29,106.62,114.84,123817.41
2022-02-24,114.2,117.51,112.39,114.6,108783.27
2022-02-25,118.57,120.27,115.28,117.48,125122.88
2022-02-28,117.18,118.15,114.8,115.89,66479.57
2022-03-01,116.07,119.47,116.07,117.42,76132.17
2022-03-02,116.78,118.13,115.4,117.48,54876.58
2022-03-03,119.96,120.02,114.03,114.69,84275.3
2022-03-04,112.66,115.57,111.92,112.48,70730.47
2022-03-07,111.96,111.96,105.27,106.42,95541.29
2022-03-08,106.26,106.75,100.98,102.29,140502.07
2022-03-09,102.29,105.27,99.31,102.82,139584.46
2022-03-10,109.24,110.73,106.16,107.55,149453.61
2022-03-11,108.49,110.02,105.29,108.69,114234.06
2022-03-14,105.77,108.68,100.68,101.39,147721.94
2022-03-15,99.53,104.65,97.08,99.11,125005.5
2022-03-16,102.29,105.48,98.91,105.29,137440.88
2022-03-17,109.24,110.23,104.44,105.05,146908.41
2022-03-18,104.27,104.87,101.59,102.99,83858.7
2022-03-21,103.83,105.46,103.0,104.22,61428.66
2022-03-22,104.17,104.17,99.61,100.15,102782.03
2022-03-23,100.15,104.16,98.41,102.78,88059.73
2022-03-24,102.66,102.66,92.5,92.5,266829.38
2022-03-25,93.94,97.74,93.4,93.68,247156.39
2022-03-28,92.06,92.27,88.07,89.48,222696.42
2022-03-29,89.28,89.85,82.63,84.02,265647.34
2022-03-30,85.01,85.94,83.02,84.08,187749.59
2022-03-31,83.41,83.49,79.93,80.74,190917.28
2022-04-01,80.04,82.32,79.64,80.79,136113.78
2022-04-06,80.81,80.83,77.16,78.59,181289.08
2022-04-07,78.35,78.42,75.77,75.77,138118.44
2022-04-08,75.78,76.76,74.37,75.35,119168.76
2022-04-11,73.86,75.19,70.41,70.52,189011.56
2022-04-12,70.74,71.37,68.68,70.82,175944.11
2022-04-13,69.99,70.01,66.76,66.87,219282.59
2022-04-14,67.83,69.33,65.86,68.1,212528.64
2022-04-15,66.35,70.01,66.34,69.22,137009.69
2022-04-18,68.72,71.99,68.52,70.81,141797.34
2022-04-19,70.71,71.14,68.03,68.9,137855.33
2022-04-20,68.58,69.2,66.81,67.33,97348.55
2022-04-21,67.82,68.49,65.42,65.82,118288.97
2022-04-22,64.69,66.3,64.13,64.81,114809.77
2022-04-25,63.56,63.67,59.41,59.41,158038.15
2022-04-26,59.4,62.71,59.4,59.75,191378.32
2022-04-27,59.25,62.61,59.19,62.17,207197.69
2022-04-28,61.26,62.64,59.46,62.27,173821.87
2022-04-29,63.2,67.03,61.29,65.32,212347.23
2022-05-05,64.55,65.98,63.68,63.96,169636.69
2022-05-06,61.75,62.61,60.56,60.67,148345.27
2022-05-09,60.58,60.86,59.43,59.87,97137.35
2022-05-10,58.59,62.76,57.95,62.03,155646.35
2022-05-11,62.13,68.23,62.13,68.23,152451.17
2022-05-12,69.01,71.2,67.1,68.11,302942.57
2022-05-13,68.41,69.69,67.04,68.78,147183.34
2022-05-16,70.26,71.7,66.98,67.07,178516.1
2022-05-17,67.23,71.69,67.16,71.69,256768.62
2022-05-18,72.09,74.33,70.58,72.82,262550.32
2022-05-19,70.61,72.24,69.61,71.74,192471.85
2022-05-20,72.0,72.0,69.93,71.1,165834.85
2022-05-23,71.38,71.48,69.95,71.08,123684.95
2022-05-24,70.54,71.6,66.84,66.92,179303.31
2022-05-25,67.32,68.0,64.32,66.63,216853.53
2022-05-26,66.14,66.14,62.56,62.81,340760.39
2022-05-27,63.56,64.39,60.32,61.32,312878.49
2022-05-30,61.27,62.17,60.59,61.76,161394.73
2022-05-31,61.47,63.52,59.91,63.2,234393.52
2022-06-01,62.94,64.25,62.66,63.28,173806.69
2022-06-02,62.74,65.82,62.33,65.34,248638.2
2022-06-06,64.95,68.3,64.95,67.92,287889.23
2022-06-07,68.03,68.78,66.55,67.02,234089.04
2022-06-08,68.62,69.1,65.98,67.59,228669.45
2022-06-09,67.19,67.5,64.66,65.05,205572.7
2022-06-10,64.75,67.36,64.4,67.26,206208.48
2022-06-13,66.54,67.13,65.54,66.41,135847.83
2022-06-14,65.25,65.93,62.36,64.96,197341.43
2022-06-15,65.05,68.29,64.96,66.42,250877.54
2022-06-16,67.0,69.49,66.6,68.32,258011.44
2022-06-17,67.53,67.53,64.38,66.63,324074.8
2022-06-20,66.7,67.83,65.58,66.64,263440.52
2022-06-21,67.0,67.14,65.21,65.92,230559.67
2022-06-22,66.54,66.83,63.31,63.36,252632.07
2022-06-23,62.95,64.95,62.86,63.94,218427.52
2022-06-24,64.27,70.34,64.03,70.34,481732.11
2022-06-27,71.99,73.67,71.5,72.78,556426.22
2022-06-28,73.67,80.06,72.03,80.06,657026.75
2022-06-29,81.93,85.41,77.94,78.1,782350.86
2022-06-30,78.95,85.92,78.13,84.52,585616.83
2022-07-01,84.47,84.47,81.03,81.53,381634.05
2022-07-04,79.54,79.57,75.87,76.82,503431.83
2022-07-05,76.46,78.94,74.9,77.71,395189.73
2022-07-06,77.15,79.29,76.07,76.95,334699.27
2022-07-07,76.17,76.31,73.57,74.98,307537.41
2022-07-08,75.71,78.29,75.71,75.98,340969.58
2022-07-11,74.58,75.67,73.05,74.21,247788.2
2022-07-12,73.83,74.78,71.38,71.41,239314.58
2022-07-13,71.4,72.3,70.22,70.69,203479.87
2022-07-14,71.03,72.74,70.74,71.0,228617.63
2022-07-15,70.26,73.69,69.54,71.98,265761.33
2022-07-18,71.9,71.9,68.63,71.19,221265.8
2022-07-19,71.19,72.15,69.32,70.86,220340.73
2022-07-20,71.52,72.49,70.69,71.24,193081.89
2022-07-21,70.86,73.57,70.11,72.44,268101.55
2022-07-22,72.33,72.78,69.4,70.34,226762.78
2022-07-25,69.51,70.01,66.9,66.9,207075.1
2022-07-26,67.08,68.02,66.2,67.72,120554.27
2022-07-27,67.24,68.02,67.01,67.1,103152.27
2022-07-28,67.53,72.49,67.53,70.77,330495.72
2022-07-29,70.39,70.79,67.97,68.12,193873.51
2022-08-01,67.93,72.46,66.49,71.88,313485.08
2022-08-02,71.14,73.97,69.33,70.73,307376.97
2022-08-03,71.25,73.57,70.61,72.32,307389.42
2022-08-04,72.48,74.48,72.0,73.93,269421.7
2022-08-05,74.0,78.46,73.29,77.09,380417.68
2022-08-08,76.45,76.45,73.72,74.06,282022.54
2022-08-09,73.05,73.93,71.1,73.79,247750.68
2022-08-10,72.36,73.66,71.72,71.74,175085.29
2022-08-11,72.32,74.61,72.05,74.06,242990.91
2022-08-12,73.67,74.56,71.9,71.99,167575.47
2022-08-15,72.01,72.64,69.78,70.18,219833.73
2022-08-16,70.17,70.8,68.61,69.49,171285.57
2022-08-17,69.5,70.84,69.1,70.43,139751.57
2022-08-18,70.41,71.1,69.1,70.25,180217.76
2022-08-19,70.21,71.8,68.1,68.23,209848.97
2022-08-22,68.13,69.21,66.55,68.7,123208.1
2022-08-23,68.03,68.77,67.33,67.6,120238.85
2022-08-24,67.21,67.52,63.58,63.65,232594.46
2022-08-25,63.85,64.15,61.47,62.79,148239.46
2022-08-26,63.13,63.76,61.95,62.27,110023.83
2022-08-29,62.52,65.61,62.24,64.35,166199.66
2022-08-30,64.1,64.97,63.81,64.71,108254.84
2022-08-31,64.63,65.1,63.12,64.35,117960.75
2022-09-01,64.61,65.58,62.31,62.47,114941.31
2022-09-02,62.75,63.57,62.47,63.01,81304.75
2022-09-05,62.36,62.86,61.6,62.03,80610.41
2022-09-06,62.06,62.45,58.71,61.3,200655.92
2022-09-07,61.1,62.64,60.77,61.43,132631.43
2022-09-08,62.06,62.41,60.17,60.18,126191.61
2022-09-09,60.27,60.62,59.24,60.47,123999.55
2022-09-13,60.68,61.52,59.61,59.89,124304.56
2022-09-14,58.68,60.11,58.39,59.44,106703.61
2022-09-15,59.66,59.86,57.27,58.32,145933.56
2022-09-16,57.78,58.46,55.39,55.39,226402.31
2022-09-19,55.38,56.08,53.69,54.09,208626.92
2022-09-20,54.56,54.74,52.01,52.76,296131.36
2022-09-21,52.49,52.49,50.51,51.73,224473.45
2022-09-22,51.08,52.19,51.0,51.73,129448.86
2022-09-23,51.43,51.86,49.69,50.29,157526.52
2022-09-26,50.01,51.12,49.94,50.33,126472.83
2022-09-27,50.37,51.2,50.01,51.18,135075.84
2022-09-28,50.95,50.95,49.13,49.13,126912.21
2022-09-29,49.79,50.4,48.45,48.92,130686.48
2022-09-30,48.91,49.11,47.49,47.49,116599.65
2022-10-10,47.74,47.97,45.35,45.43,139990.25
2022-10-11,45.69,45.82,44.42,44.53,172031.76
2022-10-12,44.53,46.93,44.27,46.88,238249.21
2022-10-13,46.7,47.17,46.02,46.11,165163.36
2022-10-14,47.32,48.51,46.39,48.25,215603.1
2022-10-17,47.82,48.97,47.53,48.61,159759.51
2022-10-18,48.8,48.89,47.57,48.21,132762.11
2022-10-19,47.99,48.3,47.32,47.32,92525.71
2022-10-20,47.05,49.48,46.6,48.27,218094.94
2022-10-21,48.03,48.07,46.62,46.82,143560.7
2022-10-24,46.99,48.58,45.23,45.73,202830.25
2022-10-25,45.73,46.37,44.76,45.14,153264.15
2022-10-26,45.17,47.39,44.87,46.7,210481.54
2022-10-27,46.7,47.31,45.91,46.2,185315.89
2022-10-28,45.31,46.54,43.28,43.36,217721.37
2022-10-31,44.2,47.7,44.1,47.7,188873.57
2022-11-01,49.45,51.87,49.01,50.76,557264.13
2022-11-02,50.78,51.11,49.38,50.86,364606.97
2022-11-03,50.26,52.13,49.98,51.89,398640.8
2022-11-04,51.78,53.0,50.88,52.62,386786.44
2022-11-07,53.0,54.18,51.95,52.62,315234.41
2022-11-08,52.5,54.0,51.48,52.22,233269.78
2022-11-09,51.8,53.0,51.26,51.62,180301.32
2022-11-10,51.25,51.92,50.03,50.41,214906.56
2022-11-11,52.8,53.25,51.79,51.9,312453.4
2022-11-14,52.2,54.68,51.8,52.36,329887.07
2022-11-15,52.3,57.6,51.91,57.6,382294.47
2022-11-16,61.15,61.18,58.48,59.47,694796.14
2022-11-17,58.59,61.79,56.16,60.66,703433.33
2022-11-18,58.83,60.47,58.16,58.23,417814.34
2022-11-21,57.06,58.48,55.59,56.03,372956.21
2022-11-22,55.97,57.55,55.59,55.89,263003.92
2022-11-23,55.69,56.26,54.19,55.09,221865.25
2022-11-24,55.6,55.92,54.6,54.87,128361.26
2022-11-25,54.87,56.27,54.64,55.12,180574.05
2022-11-28,54.27,54.33,52.56,53.08,266691.94
2022-11-29,53.36,55.07,53.04,54.79,204859.69
2022-11-30,54.58,55.76,54.25,54.87,179767.4
2022-12-01,55.79,58.36,55.79,56.53,326121.32
2022-12-02,55.99,56.86,55.21,55.28,158477.47
2022-12-05,55.59,56.73,54.93,56.73,208283.74
2022-12-06,56.63,58.63,56.35,57.5,248388.72
2022-12-07,57.08,57.28,56.16,56.58,139484.36
2022-12-08,56.18,56.48,55.63,55.67,107610.29
2022-12-09,55.89,56.77,55.62,55.99,139775.83
2022-12-12,55.94,60.12,54.89,59.27,364118.44
2022-12-13,59.04,59.37,58.1,58.28,166681.62
2022-12-14,60.18,61.02,56.73,57.36,350521.01
2022-12-15,56.95,59.44,56.37,57.81,212173.59
2022-12-16,57.08,57.1,55.79,56.09,161538.49
2022-12-19,55.79,56.15,53.48,54.09,147683.82
2022-12-20,54.12,55.24,54.02,54.22,115171.35
2022-12-21,54.26,54.92,53.01,53.65,88071.59
2022-12-22,53.99,54.4,52.38,52.73,102976.53
2022-12-23,52.0,53.0,51.25,52.52,77568.56
2022-12-26,52.8,54.47,52.0,54.2,99617.68
2022-12-27,54.21,54.66,53.69,54.65,80106.35
2022-12-28,54.29,54.64,53.12,53.18,88770.06
2022-12-29,53.46,54.01,52.6,52.95,90543.1
2022-12-30,53.34,53.48,51.8,52.38,82075.73
2023-01-03,52.31,53.89,51.48,53.6,123953.56
2023-01-04,53.6,54.11,52.99,53.81,136555.66
2023-01-05,53.79,54.88,53.48,54.22,126224.66
2023-01-06,54.0,55.3,53.53,54.05,124343.72
2023-01-09,54.22,57.25,54.19,55.13,190528.08
2023-01-10,55.05,56.64,54.79,55.57,155279.27
2023-01-11,55.34,56.4,54.4,54.64,136233.22
2023-01-12,54.62,55.34,53.96,54.89,78867.62
2023-01-13,54.89,55.14,54.26,55.04,75320.55
2023-01-16,54.26,57.6,53.89,56.68,283751.65
2023-01-17,57.33,58.18,56.77,57.13,200941.65
2023-01-18,56.93,57.93,56.54,57.47,116603.9
2023-01-19,57.18,59.51,56.73,59.32,234148.54
2023-01-20,59.45,59.93,58.97,59.28,135561.99
2023-01-30,60.17,60.77,58.87,59.75,205432.03
2023-01-31,59.7,60.02,58.18,58.2,172922.83
2023-02-01,58.12,59.82,58.06,59.7,147480.96
2023-02-02,60.27,61.02,59.39,59.4,183513.72
2023-02-03,59.27,60.24,58.28,59.55,167875.12
2023-02-06,59.06,60.02,58.42,58.81,123515.02
2023-02-07,58.87,59.15,57.83,58.31,105936.13
2023-02-08,58.77,59.67,57.39,57.74,140446.59
2023-02-09,57.5,60.96,57.38,60.54,269712.98
2023-02-10,60.54,61.64,60.08,60.88,194139.89
2023-02-13,60.75,60.99,59.83,60.29,162282.99
2023-02-14,60.42,61.27,59.17,59.21,188020.99
2023-02-15,59.17,60.05,58.59,59.64,151644.89
2023-02-16,59.64,60.64,57.46,57.92,210563.89
2023-02-17,57.78,58.18,55.87,55.96,180483.43
2023-02-20,55.92,56.78,55.12,56.67,149171.24
2023-02-21,56.65,58.09,56.44,57.09,147695.01
2023-02-22,56.98,57.28,56.22,56.72,77769.87
2023-02-23,56.71,57.43,55.97,56.36,93341.26
2023-02-24,56.61,56.8,55.19,55.29,124122.95
2023-02-27,54.99,55.34,53.1,53.54,205561.88
2023-02-28,53.66,54.43,53.13,53.66,108867.95
2023-03-01,53.69,54.42,53.5,54.15,126276.8
2023-03-02,54.24,54.84,53.54,53.67,127077.97
2023-03-03,54.34,54.88,53.65,54.28,153407.05
2023-03-06,54.29,54.36,52.87,53.23,174808.21
2023-03-07,53.23,53.44,51.68,51.74,157940.1
2023-03-08,51.61,52.25,51.48,52.2,100602.77
2023-03-09,52.23,52.76,51.62,51.71,113831.88
2023-03-10,50.84,51.71,50.47,50.53,155718.67
2023-03-13,50.53,51.3,50.21,51.3,104581.13
2023-03-14,51.28,51.75,49.54,51.13,203265.96
2023-03-15,51.51,51.99,50.41,50.41,185003.46
2023-03-16,49.81,50.7,49.01,49.16,162573.02
2023-03-17,49.79,50.67,49.46,49.68,185333.01
2023-03-20,49.79,54.08,49.22,53.38,413329.08
2023-03-21,52.8,53.17,52.24,53.0,192958.54
2023-03-22,53.05,54.54,52.78,54.08,252464.05
2023-03-23,53.64,56.77,53.5,56.27,419693.11
2023-03-24,56.27,56.72,55.6,56.36,278887.71
2023-03-27,57.06,57.29,55.2,55.65,235112.87
2023-03-28,55.69,55.71,53.82,53.85,209701.5
2023-03-29,53.8,55.94,53.69,55.18,245623.35
2023-03-30,54.99,56.48,54.79,55.36,228882.74
2023-03-31,55.36,55.59,54.27,55.04,175943.74
2023-04-03,55.29,56.45,55.27,56.36,271562.29
2023-04-04,56.45,58.22,55.97,57.2,395040.89
2023-04-06,56.78,60.86,56.68,58.97,564095.82
2023-04-07,60.67,61.27,57.6,58.77,444524.18
2023-04-10,59.07,61.15,57.22,57.9,472123.66
2023-04-11,57.61,63.69,56.81,63.69,625770.86
2023-04-12,63.69,67.74,62.86,65.47,1134719.03
2023-04-13,64.94,68.36,63.68,63.88,823931.54
2023-04-14,63.96,66.11,60.94,65.95,802805.88
2023-04-17,64.93,65.7,63.28,64.02,453872.41
2023-04-18,63.22,66.08,62.27,65.44,534612.26
2023-04-19,64.76,65.68,62.49,62.77,619692.28
2023-04-20,62.48,63.72,62.04,63.27,389185.65
2023-04-21,62.53,62.53,58.08,58.13,575453.03
2023-04-24,58.13,58.36,55.35,55.72,406765.84
2023-04-25,55.72,56.0,52.36,52.91,367054.17
2023-04-26,52.85,53.45,51.32,51.48,318088.05
2023-04-27,51.11,52.34,50.96,51.51,223720.69
2023-04-28,50.81,53.13,50.81,52.37,274481.59
2023-05-04,52.3,54.17,51.8,53.19,225904.2
2023-05-05,52.8,53.46,51.5,51.66,180517.73
2023-05-08,51.65,52.46,51.36,51.85,133339.96
2023-05-09,51.86,53.27,51.3,52.28,214250.65
2023-05-10,51.85,52.79,51.55,52.41,147657.1
2023-05-11,52.7,54.15,52.39,53.5,195138.29
2023-05-12,53.44,54.29,53.04,53.51,142911.72
2023-05-15,52.98,54.21,52.77,54.09,133059.83
2023-05-16,54.18,55.08,53.14,54.44,199450.46
2023-05-17,53.94,55.14,53.89,54.77,147982.3
2023-05-18,54.78,54.97,53.33,53.37,167609.24
2023-05-19,53.45,54.39,52.5,53.82,184679.91
2023-05-22,53.79,54.11,52.58,52.95,128099.5
2023-05-23,53.11,53.14,51.88,51.91,118266.1
2023-05-24,51.59,52.29,51.38,51.39,121505.73
2023-05-25,51.43,52.35,50.92,52.0,125629.03
2023-05-26,52.06,52.3,51.66,52.11,101740.24
2023-05-29,52.35,52.57,51.05,51.29,133207.52
2023-05-30,50.95,51.27,49.01,49.89,264924.01
2023-05-31,49.89,50.19,49.11,49.71,165538.14
2023-06-01,49.69,51.7,49.45,51.18,204219.79
2023-06-02,50.99,52.03,50.62,51.54,144870.91
2023-06-05,51.54,52.23,51.06,51.27,114913.05
2023-06-06,50.89,50.94,49.34,49.47,151042.97
2023-06-07,49.37,49.73,48.0,48.11,194609.54
2023-06-08,47.68,47.72,46.81,47.38,183620.32
2023-06-09,47.21,49.29,47.09,49.29,173302.54
2023-06-12,49.17,49.61,49.04,49.2,99556.96
2023-06-13,49.25,50.84,49.04,50.61,165401.25
2023-06-14,50.44,50.9,50.13,50.51,113483.27
2023-06-15,50.41,50.91,50.09,50.71,122002.02
2023-06-16,50.71,52.15,50.36,51.85,192274.08
2023-06-19,51.61,52.93,51.56,52.1,203117.0
2023-06-20,52.03,53.62,51.65,52.56,209093.91
2023-06-21,52.26,52.48,50.34,50.59,197180.95
2023-06-26,49.8,50.59,48.98,49.19,150757.87
2023-06-27,49.59,50.13,49.27,49.32,89502.04
2023-06-28,49.57,49.57,47.65,48.52,132989.07
2023-06-29,48.5,49.08,48.1,48.31,103898.45
2023-06-30,48.11,49.16,47.99,48.7,103702.3
2023-07-03,49.08,49.54,48.3,48.85,138162.37
2023-07-04,48.85,52.17,48.81,50.75,266492.24
2023-07-05,50.59,50.89,49.31,49.46,191322.03
2023-07-06,49.1,49.94,48.96,49.22,114159.74
2023-07-07,48.9,49.06,48.14,48.35,105509.69
2023-07-10,48.59,49.32,48.37,48.88,79941.1
2023-07-11,48.88,50.76,48.74,50.54,188240.77
2023-07-12,49.1,49.1,45.92,46.39,537321.96
2023-07-13,46.41,47.49,45.81,46.73,239545.37
2023-07-14,46.85,47.39,46.06,46.16,183854.2
2023-07-17,46.19,46.56,45.89,46.41,107476.09
2023-07-18,46.42,47.48,46.37,46.58,169825.44
2023-07-19,46.51,47.0,46.22,46.82,115038.27
2023-07-20,46.82,46.98,45.82,45.95,146468.65
2023-07-21,45.61,45.76,44.02,44.37,266756.61
2023-07-24,44.0,44.5,43.69,43.99,104549.49
2023-07-25,44.57,45.3,44.3,45.17,148650.98
2023-07-26,44.96,45.12,44.58,44.63,91994.29
2023-07-27,44.64,44.9,44.1,44.2,113159.03
2023-07-28,44.07,45.24,43.73,44.97,150950.75
2023-07-31,44.98,46.36,44.94,46.29,190436.77
2023-08-01,46.76,48.17,46.76,47.58,268877.45
2023-08-02,47.41,47.96,47.29,47.48,171139.87
2023-08-03,47.3,48.21,47.06,47.91,126041.36
2023-08-04,48.0,48.47,47.54,48.14,150900.7
2023-08-07,48.29,48.55,47.75,48.07,128140.84
2023-08-08,47.88,48.39,47.43,47.49,103228.33
2023-08-09,47.49,47.65,47.03,47.09,80497.16
2023-08-10,47.04,47.5,46.7,47.13,73409.07
2023-08-11,47.25,47.3,46.13,46.21,78749.11
2023-08-14,45.69,45.95,44.7,45.26,124775.11
2023-08-15,45.41,45.5,44.09,44.77,96389.41
2023-08-16,44.5,44.97,43.94,43.94,86843.62
2023-08-17,43.79,44.59,43.56,44.41,89040.29
2023-08-18,44.47,44.63,42.97,43.06,110968.97
2023-08-21,43.5,44.43,42.82,42.87,135772.86
2023-08-22,43.15,43.32,41.93,43.07,142891.22
2023-08-23,42.89,42.89,42.0,42.3,78788.04
2023-08-24,42.51,42.66,41.57,41.83,131963.85
2023-08-25,41.54,41.59,40.6,40.93,134594.05
2023-08-28,44.79,45.02,43.42,44.59,475862.11
2023-08-29,43.85,45.69,43.72,45.41,311494.4
2023-08-30,45.91,46.93,45.21,46.08,266044.39
2023-08-31,46.01,46.47,45.71,45.99,154658.77
2023-09-01,46.16,46.32,45.09,45.58,145497.27
2023-09-04,45.81,46.59,45.6,46.58,147082.37
2023-09-05,46.62,46.91,46.01,46.22,132573.11
2023-09-06,45.95,46.64,45.85,46.5,127921.9
2023-09-07,46.26,46.26,45.18,45.18,134017.32
2023-09-08,45.12,45.61,44.83,45.25,107330.2
2023-09-11,45.36,45.83,45.05,45.43,102034.46
2023-09-12,45.33,45.71,45.1,45.31,70085.44
2023-09-13,44.81,45.2,44.15,44.5,104468.62
2023-09-14,44.5,44.57,43.7,43.92,87487.54
2023-09-15,44.24,45.52,43.65,44.32,130855.92
2023-09-18,44.15,44.7,43.76,44.24,86261.36
2023-09-19,44.12,44.32,43.34,43.75,69928.04
2023-09-20,43.64,44.11,43.2,43.2,60349.61
2023-09-21,43.1,43.55,42.93,43.12,67121.62
2023-09-22,42.9,44.54,42.89,44.51,110597.45
2023-09-25,44.42,44.43,43.16,43.35,124410.91
2023-09-26,43.31,43.75,42.92,42.92,87294.81
2023-09-27,42.89,43.66,42.82,43.06,73450.13
2023-09-28,43.31,43.7,43.08,43.47,86436.61
2023-10-09,43.42,44.02,42.93,43.43,112247.59
2023-10-10,43.57,46.15,43.57,45.76,274822.37
2023-10-11,45.61,46.91,45.31,46.84,270109.64
2023-10-12,46.8,47.36,46.69,47.03,169251.08
2023-10-13,46.83,47.45,46.62,47.16,148783.07
2023-10-16,47.14,47.34,46.27,46.4,153936.32
2023-10-17,46.39,46.59,45.79,46.17,88044.06
2023-10-18,46.13,46.35,45.46,45.51,80010.91
2023-10-19,45.09,46.26,44.76,44.8,114241.8
2023-10-20,44.13,44.86,43.42,43.63,129813.53
2023-10-23,43.62,43.71,42.45,42.92,120200.21
2023-10-24,43.1,43.2,41.84,42.94,139398.48
2023-10-25,43.15,43.7,42.77,43.51,127007.25
2023-10-26,44.62,47.86,44.62,47.86,342542.16
2023-10-27,48.14,49.57,47.5,49.36,551113.67
2023-10-30,48.92,50.16,48.76,49.83,374744.03
2023-10-31,49.74,50.18,48.81,49.56,221500.63
2023-11-01,49.5,50.26,49.2,49.35,158031.87
2023-11-02,49.58,49.92,48.71,48.72,169108.65
2023-11-03,48.71,50.19,48.6,49.84,216912.91
2023-11-06,50.49,53.98,50.29,53.41,444018.93
2023-11-07,52.88,53.77,52.78,52.85,219406.03
2023-11-08,52.78,52.95,51.93,52.32,197285.6
2023-11-09,52.31,52.57,51.48,51.72,183640.26
2023-11-10,51.35,51.81,50.72,50.98,136165.47
2023-11-13,51.51,51.59,50.48,50.84,164941.88
2023-11-14,50.99,51.78,50.75,51.44,186638.22
2023-11-15,52.72,52.72,50.75,51.0,183278.52
2023-11-16,50.77,50.78,49.72,49.75,166707.11
2023-11-17,49.6,50.15,49.36,49.86,130292.88
2023-11-20,50.07,50.08,48.8,49.15,149778.18
2023-11-21,49.23,49.54,48.4,48.68,123646.51
2023-11-22,48.64,48.88,47.61,47.66,147152.79
2023-11-23,47.5,49.92,47.45,49.53,228266.65
2023-11-24,49.35,49.51,48.39,48.51,126873.56
2023-11-27,47.83,48.7,47.77,48.3,128683.52
2023-11-28,48.4,49.88,48.1,49.51,190202.32
2023-11-29,49.55,49.72,48.21,48.24,163345.36
2023-11-30,47.8,48.21,47.45,48.03,122371.04
2023-12-01,48.04,48.35,47.15,48.22,132947.92
2023-12-04,46.49,46.61,43.7,45.04,338441.49
2023-12-05,44.74,44.97,43.99,44.04,157812.7
2023-12-06,43.92,44.37,43.57,43.67,142834.21
2023-12-07,43.62,43.62,42.72,42.78,169039.94
2023-12-08,42.88,44.63,42.83,44.37,318523.09
2023-12-11,44.12,44.54,43.54,44.49,176044.47
2023-12-12,44.17,44.47,43.58,43.98,138386.39
2023-12-13,43.82,43.91,43.07,43.09,109886.09
2023-12-14,43.52,44.07,42.89,43.08,108667.71
2023-12-15,43.25,43.71,42.94,43.42,97746.6
2023-12-18,43.15,43.21,42.32,42.41,99013.38
2023-12-19,42.14,43.22,42.14,42.8,120016.84
2023-12-20,42.78,42.92,41.58,41.58,141585.66
2023-12-21,41.34,42.09,41.25,41.87,118969.44
2023-12-22,41.82,41.88,40.84,41.13,128477.57
2023-12-25,41.05,41.82,41.05,41.33,95564.54
2023-12-26,41.24,41.24,40.15,40.29,107633.19
2023-12-27,40.43,40.89,40.18,40.24,125736.4
2023-12-28,40.14,41.88,39.73,41.68,180329.24
2023-12-29,41.5,42.38,41.43,42.13,150311.45
2024-01-02,42.15,42.15,41.26,41.26,116448.18
2024-01-03,40.99,41.21,40.25,40.63,125634.28
2024-01-04,40.64,40.82,40.03,40.35,109795.92
2024-01-05,40.27,40.9,38.95,39.33,162866.97
2024-01-08,39.16,39.49,38.53,38.54,114699.41
2024-01-09,38.85,39.26,38.33,38.69,98150.44
2024-01-10,38.44,38.84,37.67,38.09,116345.22
2024-01-11,38.04,38.93,37.94,38.8,113500.01
2024-01-12,38.55,38.55,37.2,37.23,226244.52
2024-01-15,36.95,38.09,36.8,37.45,154311.59
2024-01-16,37.16,37.76,37.07,37.66,114325.25
2024-01-17,37.52,37.64,36.77,36.77,86682.36
2024-01-18,36.31,37.43,36.05,37.33,159792.52
2024-01-19,37.1,37.49,36.55,36.72,122703.36
2024-01-22,36.72,36.94,35.37,35.65,147344.85
2024-01-23,35.48,36.32,35.08,36.11,128061.51
2024-01-24,36.31,36.35,34.54,36.0,178999.7
2024-01-25,35.67,37.02,35.43,36.99,169748.83
2024-01-26,36.58,36.87,36.06,36.1,136183.18
2024-01-29,36.65,38.18,35.81,35.84,223973.5
2024-01-30,35.27,35.94,34.47,34.47,136515.25
2024-01-31,34.23,34.67,33.2,33.31,174394.26
2024-02-01,32.91,34.01,32.59,33.12,152743.29
2024-02-02,33.13,33.58,30.17,31.38,234883.88
2024-02-05,31.47,31.51,29.08,30.07,260651.29
2024-02-06,30.07,32.36,29.63,32.3,219145.16
2024-02-07,32.3,33.38,32.06,32.85,214905.88
2024-02-08,33.2,34.79,32.87,34.47,237945.43
2024-02-19,34.71,35.3,34.13,34.81,215766.89
2024-02-20,34.71,35.08,33.91,34.7,154800.17
2024-02-21,34.3,35.85,34.11,35.05,202628.33
2024-02-22,34.93,35.85,34.87,35.75,154715.93
2024-02-23,36.01,36.33,35.63,36.25,154801.36
2024-02-26,36.23,36.79,35.88,35.96,164923.15
2024-02-27,35.85,37.69,35.65,37.67,246206.43
2024-02-28,37.74,38.54,36.05,36.05,286045.07
2024-02-29,35.85,38.03,35.75,37.99,267604.54
2024-03-01,38.34,41.49,38.02,40.75,520609.28
2024-03-04,42.5,42.96,41.22,41.89,584869.87
2024-03-05,41.36,42.2,40.43,40.75,407534.95
2024-03-06,40.28,41.45,39.67,40.86,345397.31
2024-03-07,40.63,41.28,39.23,39.26,279360.0
2024-03-08,39.43,40.19,39.14,40.09,228901.58
2024-03-11,39.34,40.25,38.99,40.12,214476.43
2024-03-12,40.13,41.17,40.03,40.38,220184.59
2024-03-13,40.41,40.95,40.13,40.13,217170.1
2024-03-14,39.74,39.98,38.98,39.43,208049.0
2024-03-15,39.19,39.62,38.78,39.5,129155.64
2024-03-18,38.74,39.81,38.37,39.72,312955.71
2024-03-19,39.72,40.08,39.24,39.24,192678.73
2024-03-20,39.25,39.54,38.65,39.12,154219.24
2024-03-21,39.26,39.76,38.79,39.01,170852.46
2024-03-22,38.79,39.18,37.98,38.01,176477.57
2024-03-25,37.85,37.98,36.93,37.0,156440.39
2024-03-26,36.96,37.35,36.28,36.85,140436.11
2024-03-27,36.95,36.96,35.21,35.23,154048.1
2024-03-28,35.22,37.13,35.08,36.44,190484.64
2024-03-29,36.35,36.6,35.88,36.45,95114.17
2024-04-01,36.45,37.3,36.45,37.25,127269.21
2024-04-02,37.2,37.21,36.57,36.85,94663.93
2024-04-03,36.86,37.21,36.15,36.35,116250.61
2024-04-08,36.05,36.25,35.25,35.25,106055.49
2024-04-09,35.43,35.84,35.2,35.83,90509.83
2024-04-10,35.59,35.73,34.29,34.54,131679.23
2024-04-11,34.31,35.2,34.2,34.36,115050.12
2024-04-12,34.39,35.34,34.39,34.61,128747.52
2024-04-15,34.52,35.35,34.52,34.9,155737.02
2024-04-16,34.76,34.85,33.69,33.69,150661.8
2024-04-17,33.93,35.1,33.92,35.08,145772.8
2024-04-18,34.86,35.72,34.52,35.22,143938.91
2024-04-19,34.88,35.0,33.94,34.19,129359.93
2024-04-22,33.85,34.93,32.94,34.93,141169.74
2024-04-23,31.44,32.2,31.44,31.44,253504.74
2024-04-24,30.81,30.81,29.68,30.36,366455.71
2024-04-25,30.06,30.81,29.97,30.25,193679.24
2024-04-26,30.26,31.19,30.13,30.91,229249.95
2024-04-29,30.72,32.04,30.72,31.95,202058.8
2024-04-30,31.94,32.1,31.1,31.37,163041.12
2024-05-06,31.97,32.55,31.97,32.24,170982.95
2024-05-07,32.26,32.44,31.99,32.31,110210.0
2024-05-08,32.24,32.37,31.64,31.79,103442.58
2024-05-09,31.86,32.8,31.79,32.65,153941.61
2024-05-10,32.77,32.84,32.0,32.2,108227.56
2024-05-13,31.85,32.17,31.48,31.61,102370.24
2024-05-14,31.63,32.23,31.31,31.42,118290.03
2024-05-15,31.28,31.42,30.87,30.92,102490.5
2024-05-16,31.09,31.42,30.84,31.03,105938.49
2024-05-17,30.98,31.42,30.79,31.42,93605.72
2024-05-20,31.28,31.64,30.61,30.82,180473.2
2024-05-21,30.72,30.89,30.32,30.38,111014.82
2024-05-22,30.45,31.07,30.21,31.04,147192.43
2024-05-23,31.04,31.04,30.22,30.32,132897.49
2024-05-24,30.17,30.53,29.48,29.51,145111.6
2024-05-27,29.63,29.88,28.81,29.88,154501.23
2024-05-28,29.9,30.84,29.64,29.96,188013.93
2024-05-29,29.88,30.24,29.64,29.82,115914.71
2024-05-30,29.73,31.17,29.3,30.48,191172.03
2024-05-31,30.53,31.02,30.32,30.39,170768.3
2024-06-03,30.38,30.64,29.73,30.0,160836.78
2024-06-04,29.99,29.99,29.33,29.89,122856.24
2024-06-05,29.86,30.46,29.63,29.68,143822.31
2024-06-06,29.73,30.59,29.03,29.14,179595.95
2024-06-07,29.29,29.65,28.7,28.97,140331.65
2024-06-11,28.89,29.76,28.36,29.73,163607.75
2024-06-12,29.92,30.37,29.79,29.83,165833.37
2024-06-13,29.86,30.43,29.58,30.04,202030.2
2024-06-14,29.91,29.94,29.43,29.84,145807.38
2024-06-17,29.67,32.02,29.56,31.45,387559.88
2024-06-18,31.41,31.64,31.07,31.39,242718.38
2024-06-19,31.48,31.69,30.77,31.0,217496.08
2024-06-20,30.87,31.37,30.17,30.2,236872.25
2024-06-21,29.83,30.07,29.23,30.0,163146.74
2024-06-24,29.81,29.86,28.13,28.18,265924.33
2024-06-25,28.11,28.37,26.69,26.97,246203.84
2024-06-26,27.23,27.73,26.58,27.66,161844.9
2024-06-27,27.37,28.01,27.18,27.21,139357.03
2024-06-28,27.19,29.22,27.15,28.13,300326.12
2024-07-01,28.5,28.78,27.51,27.94,161327.0
2024-07-02,27.88,28.63,27.58,27.81,159208.46
2024-07-03,27.84,28.22,27.31,27.86,143811.0
2024-07-04,27.86,28.1,27.36,27.36,108389.13
2024-07-05,27.23,27.33,26.74,27.07,116300.0
2024-07-08,27.07,27.13,26.13,26.26,141938.47
2024-07-09,26.15,28.89,26.14,28.89,342685.34
2024-07-10,28.08,28.87,28.05,28.69,280878.98
2024-07-11,29.28,29.82,28.86,29.58,257743.89
2024-07-12,29.08,29.62,28.99,29.38,139687.45
2024-07-15,29.59,29.73,28.77,28.94,156562.67
2024-07-16,28.88,30.24,28.73,30.13,240633.58
2024-07-17,30.1,30.47,29.78,29.78,184597.11
2024-07-18,29.28,29.5,28.58,29.3,193351.66
2024-07-19,29.13,30.84,28.98,30.48,314385.84
2024-07-22,30.52,30.94,30.27,30.59,229324.7
2024-07-23,30.63,30.63,29.14,29.18,188238.37
2024-07-24,29.13,29.56,28.31,28.42,171316.82
2024-07-25,27.24,28.09,27.0,27.73,171577.72
2024-07-26,27.73,28.06,27.48,27.83,122394.21
2024-07-29,27.83,27.96,27.28,27.29,106828.08
2024-07-30,27.3,27.52,26.83,27.4,115947.49
2024-07-31,27.39,30.13,27.11,29.71,307430.91
2024-08-01,29.83,30.43,29.38,30.01,251826.35
2024-08-02,29.55,29.91,28.81,28.88,189078.75
2024-08-05,28.5,29.05,27.75,27.75,181947.28
2024-08-06,28.2,28.4,27.63,28.03,127488.18
2024-08-07,27.94,28.24,27.72,27.75,110864.09
2024-08-08,27.52,28.23,27.34,27.74,118683.38
2024-08-09,28.12,28.29,27.26,27.3,131138.22
2024-08-12,27.2,27.26,26.87,27.04,83211.3
2024-08-13,27.09,27.23,26.75,27.18,89425.95
2024-08-14,27.15,27.15,26.8,26.8,83346.1
2024-08-15,26.74,27.33,26.58,27.02,115380.78
2024-08-16,27.11,27.31,26.76,26.8,100498.91
2024-08-19,26.45,27.16,26.31,26.7,91524.15
2024-08-20,26.69,26.78,25.75,26.05,118093.14
2024-08-21,25.89,26.53,25.86,26.04,85558.14
2024-08-22,26.04,26.1,25.2,25.22,115431.04
2024-08-23,25.1,25.37,24.83,25.11,88553.45
2024-08-26,25.1,25.56,25.08,25.35,70920.07
2024-08-27,25.21,25.34,24.34,24.39,107768.87
2024-08-28,24.36,24.48,24.06,24.23,86711.67
2024-08-29,24.23,25.06,24.11,24.92,123052.5
2024-08-30,24.88,26.28,24.82,26.1,172554.13
2024-09-02,26.04,26.15,25.33,25.4,104185.38
2024-09-03,25.34,25.89,25.29,25.69,72437.88
2024-09-04,25.5,25.85,25.43,25.58,64020.0
2024-09-05,25.68,26.1,25.51,25.83,70733.01
2024-09-06,25.98,26.02,25.21,25.24,59894.29
2024-09-09,25.24,25.46,25.0,25.18,58732.91
2024-09-10,25.18,25.55,24.76,25.36,66796.24
2024-09-11,25.25,25.59,25.06,25.45,53092.0
2024-09-12,25.58,25.84,25.03,25.04,54184.4
2024-09-13,25.04,25.16,24.7,24.72,51276.38
2024-09-18,24.71,24.98,24.12,24.5,65083.9
2024-09-19,24.85,25.61,24.63,25.16,102207.34
2024-09-20,25.16,25.32,24.64,24.9,75940.05
2024-09-23,24.9,25.25,24.69,24.85,65716.1
2024-09-24,25.0,25.99,24.71,25.99,157769.2
2024-09-25,26.25,27.67,26.22,26.77,252501.18
2024-09-26,26.76,28.12,26.62,28.1,210272.37
2024-09-27,28.81,29.75,28.44,29.75,165326.41
2024-09-30,32.0,32.73,30.96,32.73,489845.74
2024-10-08,36.0,36.0,34.37,36.0,643823.62
2024-10-09,35.98,37.39,33.88,34.53,827462.3
2024-10-10,34.67,35.21,32.29,32.9,481793.76
2024-10-11,32.36,32.85,30.5,31.0,329048.69
2024-10-14,30.84,31.94,29.91,31.82,319914.17
2024-10-15,31.75,32.54,31.12,31.24,250635.45
2024-10-16,30.45,31.22,30.35,30.68,189836.92
2024-10-17,30.92,31.96,30.82,30.91,237744.28
2024-10-18,30.8,33.56,30.7,32.71,424881.2
2024-10-21,33.11,35.35,32.85,34.47,627757.68
2024-10-22,34.2,34.71,33.4,34.13,334504.88
2024-10-23,34.0,34.47,33.62,33.89,250363.69
2024-10-24,33.6,36.16,33.55,34.91,427274.0
2024-10-25,34.91,36.87,34.68,36.17,489699.16
2024-10-28,36.98,39.79,36.78,39.79,601972.81
2024-10-29,42.0,43.77,41.23,42.18,1418163.39
2024-10-30,41.02,41.42,39.8,40.66,775285.82
2024-10-31,40.3,44.69,40.04,43.77,880477.18
2024-11-01,43.0,46.33,42.18,42.5,723602.2
2024-11-04,42.43,44.0,41.9,42.87,367596.14
2024-11-05,43.24,46.22,43.2,45.2,598869.66
2024-11-06,45.22,46.17,43.82,44.18,453368.54
2024-11-07,44.05,44.48,43.0,43.82,344497.57
2024-11-08,44.5,46.76,44.26,45.44,540484.95
2024-11-11,45.9,49.98,45.9,49.98,670620.54
2024-11-12,50.96,50.98,48.88,49.15,501527.21
2024-11-13,48.89,49.35,47.2,48.4,343199.37
2024-11-14,48.39,48.92,45.51,45.6,363837.4
2024-11-15,45.54,45.85,42.85,42.93,428218.7
2024-11-18,43.23,44.02,41.25,42.68,379395.21
2024-11-19,42.68,43.39,41.35,43.24,332871.69
2024-11-20,43.12,43.2,42.26,42.75,235993.0
2024-11-21,42.7,43.04,41.49,42.1,233275.38
2024-11-22,42.05,43.16,40.58,40.63,277005.75
2024-11-25,40.58,40.94,38.36,39.2,366390.22
2024-11-26,39.2,39.65,38.54,38.77,196940.24
2024-11-27,38.5,41.1,37.88,41.07,352166.85
2024-11-28,41.07,41.2,40.11,40.17,192197.09
2024-11-29,40.12,41.37,39.61,40.69,236165.1
2024-12-02,40.57,42.2,36.72,37.5,1057862.05
2024-12-03,37.7,38.62,36.26,36.92,817071.1
2024-12-04,37.6,37.97,36.28,36.43,651512.44
2024-12-05,36.18,36.96,36.0,36.68,357573.41
2024-12-06,36.68,37.15,36.2,36.99,382291.45
2024-12-09,36.99,37.18,36.4,36.58,310127.03
2024-12-10,37.62,37.89,36.57,36.7,416131.02
2024-12-11,36.0,36.22,35.34,36.04,464928.93
2024-12-12,36.05,36.82,35.58,36.6,373606.52
2024-12-13,36.25,36.67,35.8,36.0,303077.77
2024-12-16,36.0,36.12,34.88,35.0,304952.03
2024-12-17,35.0,35.95,34.67,35.09,282044.75
2024-12-18,35.38,35.86,34.85,35.38,241630.89
2024-12-19,35.0,36.3,34.78,35.99,323999.15
2024-12-20,36.0,37.18,35.63,36.25,458365.08
2024-12-23,36.26,36.37,35.15,35.27,287688.88
2024-12-24,35.28,35.65,34.81,35.59,237543.41
2024-12-25,35.5,35.87,34.8,34.94,215995.85
2024-12-26,34.71,35.83,34.52,35.29,292381.45
2024-12-27,35.3,36.59,34.93,35.75,477004.05
2024-12-30,35.76,35.8,34.7,35.25,274025.45
2024-12-31,37.2,38.78,37.2,38.78,524929.89
2025-01-02,38.5,39.0,36.38,37.15,1006013.16
2025-01-03,36.88,37.1,33.44,33.45,784541.25
2025-01-06,32.53,33.22,31.32,31.64,562632.88
2025-01-07,31.75,32.5,31.61,32.49,344197.82
2025-01-08,32.28,32.98,31.06,32.31,315530.47
2025-01-09,32.09,32.85,32.0,32.4,219704.27
2025-01-10,32.15,32.97,31.38,31.42,253673.32
2025-01-13,31.0,31.6,30.63,31.33,177845.16
2025-01-14,31.6,33.25,31.18,33.16,307019.03
2025-01-15,33.1,33.26,32.63,32.81,203019.79
2025-01-16,32.86,33.55,32.4,32.96,239799.54
2025-01-17,32.81,33.78,32.6,33.2,245076.57
2025-01-20,31.88,34.43,31.8,33.85,553785.19
2025-01-21,33.79,34.44,33.35,33.89,291992.36
2025-01-22,33.65,34.2,32.98,33.15,190391.9
2025-01-23,33.6,34.25,33.16,33.2,250244.27
2025-01-24,33.03,35.35,33.0,34.88,395952.34
2025-01-27,34.88,35.07,33.65,33.66,261272.21
2025-02-05,34.05,34.96,33.7,34.32,240627.54
2025-02-06,34.12,35.2,33.89,35.13,255142.16
2025-02-07,35.08,36.75,34.91,36.04,372848.1
2025-02-10,36.05,36.18,35.62,36.0,235555.95
2025-02-11,35.99,36.05,35.3,35.62,196688.11
2025-02-12,35.65,36.68,35.1,36.67,362478.69
2025-02-13,36.49,36.5,35.6,35.64,251720.07
2025-02-14,35.52,35.87,35.35,35.72,190464.41
2025-02-17,35.72,36.08,35.33,35.6,189251.9
2025-02-18,35.55,35.57,34.2,34.32,220564.62
2025-02-19,34.38,35.56,34.35,35.53,202042.04
2025-02-20,35.5,37.77,35.26,36.9,409264.67
2025-02-21,36.5,37.68,36.49,37.33,358183.78
2025-02-24,37.28,37.98,36.7,37.63,309826.05
2025-02-25,37.16,37.95,36.83,37.32,253207.49
2025-02-26,37.28,37.46,36.85,37.11,213141.48
2025-02-27,37.15,37.38,35.88,36.51,246437.02
2025-02-28,36.29,36.42,34.55,34.65,261446.13
2025-03-03,34.73,36.1,34.26,35.1,225204.67
2025-03-04,34.9,36.29,34.71,35.8,203978.75
2025-03-05,35.8,36.15,35.13,35.49,149009.41
2025-03-06,35.75,36.4,35.66,36.28,201562.55
2025-03-07,36.28,36.69,35.96,36.2,189695.84
2025-03-10,36.32,36.45,35.59,36.01,132550.51
2025-03-11,35.51,36.91,35.51,36.36,174604.65
2025-03-12,36.3,36.78,36.1,36.17,159325.41
2025-03-13,36.1,36.1,35.0,35.28,174794.79
2025-03-14,35.35,35.98,35.11,35.78,155015.31
2025-03-17,35.81,35.94,35.51,35.57,125821.1
2025-03-18,35.7,36.43,35.6,35.8,131840.46
2025-03-19,35.66,35.73,35.12,35.19,118240.43
2025-03-20,35.06,35.24,34.66,34.69,117549.43
2025-03-21,35.45,36.66,34.51,34.89,322446.28
2025-03-24,34.43,34.74,33.15,33.95,259486.29
2025-03-25,33.9,34.55,33.8,33.98,120836.2
2025-03-26,33.8,34.11,33.57,33.58,107813.21
2025-03-27,33.6,34.09,33.26,33.59,98663.39
2025-03-28,33.25,33.82,33.25,33.37,81412.03
2025-03-31,33.01,33.25,32.25,32.58,117298.53
2025-04-01,32.5,32.92,32.44,32.59,65798.62
2025-04-02,32.6,32.83,32.42,32.69,55816.0
2025-04-03,32.33,32.78,31.88,32.0,100077.21
2025-04-07,30.42,30.92,28.8,28.8,214974.38
2025-04-08,28.82,29.45,27.92,28.61,205904.81
2025-04-09,28.08,29.58,27.52,29.35,201213.03
2025-04-10,30.2,30.77,29.93,30.24,166311.38
2025-04-11,30.1,31.8,29.95,31.37,188148.67
2025-04-14,32.47,32.48,31.55,31.8,154225.03
2025-04-15,31.61,32.0,31.31,31.93,99577.0
2025-04-16,31.78,33.15,31.52,32.1,167704.51
2025-04-17,31.94,32.4,31.57,31.6,104075.0
2025-04-18,31.48,31.75,31.16,31.31,66700.01
2025-04-21,31.45,32.6,31.2,31.9,95502.0
2025-04-22,31.8,32.05,31.7,31.9,66395.88
2025-04-23,32.1,32.44,31.7,32.13,87622.19
2025-04-24,32.15,32.76,31.8,31.83,101142.0
2025-04-25,31.8,33.28,31.77,32.43,155664.73
2025-04-28,33.28,33.99,32.97,33.64,228007.87
2025-04-29,33.51,35.4,33.28,34.51,250980.11
2025-04-30,34.67,35.16,34.41,34.67,145432.87
2025-05-06,34.75,35.26,34.5,34.95,175217.07
2025-05-07,35.0,35.2,34.29,34.55,145460.55
2025-05-08,34.54,34.58,34.18,34.32,110724.4
2025-05-09,34.18,34.5,33.76,34.13,103204.43
2025-05-12,34.48,34.69,34.07,34.61,104048.38
2025-05-13,34.98,35.61,34.06,35.05,215228.75
2025-05-14,34.88,35.22,34.53,34.79,113150.89
2025-05-15,34.6,34.6,34.05,34.16,75543.09
2025-05-16,34.05,34.69,33.89,34.22,68111.95
2025-05-19,34.69,35.36,33.96,34.0,149620.87
2025-05-20,33.71,36.18,33.68,35.13,231660.59
2025-05-21,35.01,35.22,34.57,34.63,96840.11
2025-05-22,34.68,36.37,34.68,35.81,308121.53
2025-05-23,35.6,36.17,35.03,35.08,170409.09
2025-05-26,34.99,35.14,34.34,34.59,138465.29
2025-05-27,34.49,34.5,33.95,34.21,95892.86
2025-05-28,34.2,34.35,33.68,33.77,84068.72
2025-05-29,33.85,34.76,33.85,34.64,114976.15
2025-05-30,34.36,34.36,33.85,33.96,83192.94
2025-06-03,33.3,33.49,32.51,32.96,169267.83
2025-06-04,32.91,33.2,32.72,33.0,99958.47
2025-06-05,32.9,33.6,32.8,33.33,114941.87
2025-06-06,32.68,32.86,32.3,32.41,147379.67
2025-06-09,32.42,33.13,32.34,32.73,131180.99
2025-06-10,32.85,33.63,32.6,32.67,164586.47
2025-06-11,32.67,33.18,32.6,32.65,110648.28
2025-06-12,32.5,32.53,32.1,32.18,134748.49
2025-06-13,32.06,32.15,31.12,31.23,380766.66
2025-06-16,31.1,31.45,30.9,31.25,153849.61
2025-06-17,31.32,31.74,31.09,31.38,125490.35
2025-06-18,31.06,31.5,30.91,31.42,85346.46
2025-06-19,31.32,32.0,31.28,31.33,120851.18
2025-06-20,31.43,32.08,31.38,31.43,131896.17
2025-06-23,31.12,31.9,31.0,31.81,99044.71
2025-06-24,31.95,32.6,31.86,32.56,136751.64
2025-06-25,32.7,33.78,32.69,33.69,252493.74
2025-06-26,33.72,33.75,33.12,33.13,159596.03
2025-06-27,33.39,33.63,33.05,33.24,118175.06
2025-06-30,33.45,33.66,33.32,33.53,107016.67
2025-07-01,33.53,33.75,33.21,33.46,113411.76
2025-07-02,33.34,33.43,32.8,33.05,114910.5
2025-07-03,33.13,33.75,33.02,33.6,134989.8
2025-07-04,33.5,33.55,33.0,33.03,109830.36
2025-07-07,33.07,33.5,32.91,33.17,88581.0
2025-07-08,33.17,34.38,33.16,34.11,201104.05
2025-07-09,34.0,34.74,34.0,34.55,167672.47
2025-07-10,34.3,34.66,34.11,34.39,125311.81
2025-07-11,34.35,34.45,34.1,34.4,120706.6
2025-07-14,34.53,34.6,33.76,34.14,120982.79
2025-07-15,34.52,35.23,33.9,34.71,247383.04
2025-07-16,34.72,35.25,34.36,34.55,159586.06
2025-07-17,34.4,35.2,34.2,35.05,185561.62
2025-07-18,35.1,37.28,35.09,36.99,536684.02
2025-07-21,37.05,37.49,36.8,37.12,291443.41
2025-07-22,36.93,37.05,36.43,36.58,219979.54
2025-07-23,36.57,36.9,36.08,36.23,174229.72
2025-07-24,36.25,36.57,36.15,36.48,173404.03
2025-07-25,36.0,37.15,35.76,37.11,277857.86
2025-07-28,37.13,37.93,36.81,37.57,232825.13
2025-07-29,37.4,38.07,37.31,38.02,202421.32
2025-07-30,38.0,38.78,37.22,37.55,254075.03
2025-07-31,37.36,37.93,36.83,36.96,217845.26
2025-08-01,36.87,37.34,36.3,36.53,178472.15
2025-08-04,36.3,36.5,36.12,36.41,124086.0
2025-08-05,36.52,36.65,36.27,36.62,120441.13
2025-08-06,36.63,36.88,36.44,36.74,136761.54
2025-08-07,36.7,37.39,36.31,36.67,241215.61
2025-08-08,36.43,36.46,35.86,36.08,147971.93
2025-08-11,36.08,36.63,36.06,36.41,126836.83
2025-08-12,36.43,36.88,36.25,36.55,193424.39
2025-08-13,36.63,37.25,36.52,37.04,234548.28
2025-08-14,37.06,37.86,36.5,36.5,319441.16
2025-08-15,36.1,37.45,36.1,37.35,250648.66
2025-08-18,37.48,38.31,37.48,37.96,297397.49
2025-08-19,38.0,38.5,37.7,37.91,231820.4
2025-08-20,37.92,39.25,37.72,39.24,407322.03
2025-08-21,40.02,40.88,38.77,39.45,568086.31
2025-08-22,39.2,40.8,39.18,40.57,433280.75
2025-08-25,40.86,43.36,40.4,42.0,675731.88
2025-08-26,41.5,43.98,41.18,42.96,563448.2
2025-08-27,42.96,43.95,42.4,42.49,564345.53
2025-08-28,42.4,43.25,41.21,42.91,546911.15
2025-08-29,42.65,44.09,41.61,43.43,486931.49
2025-09-01,44.9,45.32,42.55,42.83,552073.3
2025-09-02,42.5,43.0,40.95,41.65,455012.81
2025-09-03,41.77,41.87,40.69,40.8,288101.02
2025-09-04,40.95,41.49,38.67,39.3,399695.37
2025-09-05,39.39,41.47,39.0,41.44,376114.05
2025-09-08,41.5,42.92,41.3,42.48,379209.51
2025-09-09,42.11,42.75,41.69,41.95,251550.71
2025-09-10,41.88,42.2,40.96,41.82,243638.88
2025-09-11,41.5,42.8,41.2,42.66,306477.25
2025-09-12,43.05,43.2,42.11,42.24,303011.43
2025-09-15,43.08,45.07,42.27,43.53,554302.06
2025-09-16,43.32,43.93,42.82,43.32,289428.46
2025-09-17,43.34,45.2,42.93,45.0,459930.48
2025-09-18,44.89,49.5,44.7,49.32,1200804.11
2025-09-19,48.4,48.4,46.86,47.1,631202.3
2025-09-22,47.55,49.58,47.07,48.96,580484.41
2025-09-23,48.9,50.0,46.89,48.28,565150.96
2025-09-24,47.97,49.32,47.15,48.72,469722.54
2025-09-25,48.65,50.8,48.52,49.4,520620.93
2025-09-26,49.4,50.27,48.2,48.2,397817.83
2025-09-29,48.15,48.74,47.56,48.16,310716.57
2025-09-30,48.7,49.22,46.38,46.48,735405.33
2025-10-13,41.83,41.83,41.83,41.83,40839.0
2025-10-14,37.65,37.65,37.65,37.65,98543.0
2025-10-15,34.5,40.97,34.5,38.19,2554416.97
2025-10-16,36.4,38.86,35.73,36.92,1652579.16
2025-10-17,36.99,39.5,36.6,38.5,1666301.56
2025-10-20,38.5,39.44,34.99,37.92,1483881.29
2025-10-21,38.03,41.71,38.03,41.71,1744293.21
2025-10-22,41.8,43.49,40.11,40.36,1694272.55
2025-10-23,40.49,42.29,38.97,40.99,1426660.83
2025-10-24,40.8,41.47,40.16,41.01,1159001.57
2025-10-27,42.25,45.11,41.18,44.54,2174652.89
2025-10-28,44.2,46.09,43.9,44.61,1670717.69
2025-10-29,44.5,46.33,44.5,45.46,1276866.6
2025-10-30,45.58,45.68,43.42,43.67,1100555.53
2025-10-31,44.61,46.16,44.28,45.0,1008510.61
2025-11-03,45.8,46.49,43.82,44.22,838563.87
2025-11-04,43.89,45.53,41.68,44.83,1212945.72
2025-11-05,43.28,43.97,43.01,43.08,679328.61
2025-11-06,41.4,41.98,40.4,41.02,1032326.46
2025-11-07,40.53,45.0,40.23,45.0,902164.87
2025-11-10,45.0,47.88,44.87,46.36,1446328.48
2025-11-11,46.2,47.68,44.75,46.25,1044229.04
2025-11-12,45.35,45.79,43.57,44.12,711298.29
2025-11-13,43.72,45.03,43.68,44.31,568999.41
2025-11-14,44.11,45.85,43.65,45.0,690612.69
2025-11-17,44.35,44.8,43.62,43.9,493534.67
2025-11-18,43.8,43.8,41.85,41.93,570804.14
2025-11-19,41.42,42.73,40.98,42.3,428583.79
2025-11-20,44.5,44.5,42.65,42.65,649935.25
2025-11-21,41.96,43.43,41.66,42.36,526130.38
2025-11-24,42.0,42.0,39.0,40.84,538703.43
2025-11-25,40.69,41.72,40.53,40.83,457161.58
2025-11-26,40.44,40.54,39.47,39.56,576440.01
2025-11-27,39.81,42.28,39.81,41.15,776813.79
2025-11-28,40.78,41.2,40.16,40.92,399042.91
