date,open,high,low,close,volume
2010-01-04,14.51,14.63,13.99,14.01,1314664.19
2010-01-05,14.13,14.85,13.82,14.54,2002763.18
2010-01-06,14.63,14.74,14.37,14.39,1320119.59
2010-01-07,14.35,14.55,13.95,14.06,1125829.48
2010-01-08,13.91,14.42,13.83,14.31,878827.84
2010-01-11,15.65,15.65,14.35,14.46,4076092.14
2010-01-12,14.29,14.59,13.95,14.47,1860451.74
2010-01-13,13.92,14.19,13.68,13.73,2361454.45
2010-01-14,13.76,14.03,13.53,13.89,1206641.78
2010-01-15,13.91,13.99,13.66,13.82,889574.24
2010-01-18,13.69,13.69,13.23,13.45,1867351.49
2010-01-19,13.44,13.8,13.44,13.66,1076301.49
2010-01-20,13.64,13.72,13.3,13.36,1037286.26
2010-01-21,13.35,13.56,13.23,13.45,699930.13
2010-01-22,13.23,13.27,12.74,13.05,1062126.23
2010-01-25,13.02,13.51,12.98,13.27,893479.97
2010-01-26,13.31,13.4,12.93,13.23,758276.47
2010-01-27,13.3,13.36,12.95,12.97,621260.09
2010-01-28,12.96,13.0,12.47,12.71,791078.01
2010-01-29,12.58,13.17,12.5,12.84,939612.51
2010-02-01,12.76,12.92,12.31,12.51,944336.65
2010-02-02,12.6,12.88,12.48,12.52,771085.08
2010-02-03,12.62,13.01,12.36,13.0,994131.05
2010-02-04,12.87,13.02,12.78,12.92,673984.32
2010-02-05,12.62,12.77,12.46,12.6,628708.98
2010-02-08,12.61,12.92,12.52,12.75,628919.42
2010-02-09,12.72,12.96,12.67,12.87,490703.94
2010-02-10,13.0,13.28,12.92,13.26,801627.72
2010-02-11,13.26,13.3,13.08,13.14,528657.06
2010-02-12,13.21,13.28,12.99,13.14,514951.9
2010-02-22,13.21,13.41,13.02,13.2,673953.4
2010-02-23,13.14,13.14,12.62,12.85,709774.71
2010-02-24,12.71,13.0,12.67,12.99,501689.27
2010-02-25,13.01,13.23,12.96,13.15,1081441.88
2010-02-26,13.08,13.11,12.85,12.9,685227.3
2010-03-01,12.85,13.05,12.79,12.99,541708.01
2010-03-02,13.0,13.03,12.77,12.82,508980.06
2010-03-03,12.82,13.07,12.71,13.0,665463.21
2010-03-04,12.99,13.02,12.56,12.6,775760.59
2010-03-05,12.66,12.99,12.66,12.8,835545.44
2010-03-08,12.84,12.84,12.67,12.75,469789.8
2010-03-09,12.74,12.92,12.61,12.84,498795.05
2010-03-10,12.86,13.06,12.8,12.88,603158.02
2010-03-11,12.92,13.17,12.82,13.08,1054018.32
2010-03-12,13.08,13.13,12.88,12.9,682979.11
2010-03-15,12.89,12.96,12.71,12.84,446395.2
2010-03-16,12.8,12.95,12.74,12.89,414599.03
2010-03-17,12.93,13.15,12.85,13.14,840142.19
2010-03-18,13.16,13.21,12.99,13.02,720410.14
2010-03-19,13.04,13.08,12.86,13.05,614434.68
2010-03-22,13.11,13.14,12.92,12.97,778586.43
2010-03-23,12.97,12.99,12.7,12.75,832032.84
2010-03-24,12.76,12.89,12.76,12.78,412810.42
2010-03-25,12.74,12.74,12.4,12.44,811730.04
2010-03-26,12.44,12.67,12.32,12.55,547492.88
2010-03-29,12.71,12.98,12.7,12.9,1005534.0
2010-03-30,12.91,12.95,12.81,12.88,468309.64
2010-03-31,12.96,13.03,12.74,12.77,620687.92
2010-04-01,12.8,12.86,12.7,12.82,798827.6
2010-04-02,12.83,12.85,12.61,12.68,1057092.51
2010-04-06,12.69,12.81,12.63,12.69,585425.95
2010-04-07,12.64,12.69,12.46,12.52,689242.43
2010-04-08,12.49,12.49,12.24,12.31,940356.27
2010-04-09,12.34,12.43,12.3,12.37,538988.83
2010-04-12,12.39,12.43,12.17,12.21,678238.61
2010-04-13,12.24,12.56,12.24,12.52,946350.75
2010-04-14,12.55,12.55,12.38,12.43,464678.94
2010-04-15,12.47,12.55,12.39,12.52,718079.61
2010-04-16,12.54,12.54,12.21,12.24,555871.62
2010-04-19,12.14,12.14,11.27,11.28,1174973.4
2010-04-20,11.26,11.38,10.51,10.8,1045146.3
2010-04-21,10.8,10.91,10.6,10.91,773216.25
2010-04-22,10.85,10.85,10.52,10.6,721563.6
2010-04-23,10.61,10.68,10.45,10.51,607483.82
2010-04-26,10.53,10.61,10.28,10.3,555113.59
2010-04-27,10.24,10.24,9.83,9.9,727217.8
2010-04-28,9.81,10.01,9.72,9.89,503516.21
2010-04-29,9.9,9.98,9.75,9.76,446999.98
2010-04-30,9.81,10.16,9.66,10.15,830333.25
2010-05-04,9.89,10.04,9.81,9.89,528274.89
2010-05-05,9.74,10.04,9.68,10.0,793005.97
2010-05-06,9.95,9.95,9.33,9.37,694935.65
2010-05-07,9.11,9.36,9.01,9.08,632821.66
2010-05-10,9.07,9.18,8.88,9.11,684209.95
2010-05-11,9.28,9.28,8.73,8.79,727555.16
2010-05-12,8.68,8.94,8.56,8.86,590842.15
2010-05-13,8.87,9.03,8.81,9.02,622199.61
2010-05-14,8.96,8.97,8.82,8.84,521143.38
2010-05-17,8.73,8.73,8.0,8.03,660201.52
2010-05-18,8.03,8.39,8.02,8.32,731410.48
2010-05-20,8.13,8.4,8.08,8.1,510963.29
2010-05-21,7.81,8.28,7.72,8.19,664065.87
2010-05-24,8.26,8.76,8.2,8.67,1125755.59
2010-05-25,8.54,8.61,8.34,8.43,796022.47
2010-05-26,8.49,8.56,8.37,8.47,454556.01
2010-05-27,8.46,8.57,8.24,8.55,690570.23
2010-05-28,8.63,8.66,8.4,8.43,568753.96
2010-05-31,8.33,8.37,8.01,8.04,529831.31
2010-06-01,7.92,8.03,7.75,7.84,464090.33
2010-06-02,7.77,8.07,7.75,8.04,511883.29
2010-06-03,8.01,8.05,7.79,7.82,521333.66
2010-06-04,7.77,8.15,7.75,8.0,663288.63
2010-06-07,7.79,7.9,7.72,7.8,465422.56
2010-06-08,7.8,8.02,7.79,7.91,412229.4
2010-06-09,7.97,8.28,7.84,8.21,851921.45
2010-06-10,8.09,8.18,8.05,8.07,535074.07
2010-06-11,8.13,8.19,8.06,8.07,377022.24
2010-06-17,8.15,8.16,8.01,8.01,270058.22
2010-06-18,7.97,8.04,7.8,7.86,389046.19
2010-06-21,7.87,8.15,7.81,8.1,581334.16
2010-06-22,8.04,8.12,8.0,8.03,403828.68
2010-06-23,7.97,8.1,7.92,7.98,411343.04
2010-06-24,7.98,8.05,7.91,7.94,266393.93
2010-06-25,7.88,7.91,7.77,7.8,344337.34
2010-06-28,7.83,7.88,7.75,7.76,253681.32
2010-06-29,7.81,7.82,7.23,7.24,522590.17
2010-06-30,7.15,7.19,6.95,6.98,424294.81
2010-07-01,6.98,7.21,6.92,6.98,521584.23
2010-07-02,6.97,7.08,6.83,7.05,562026.37
2010-07-05,6.98,7.01,6.83,6.91,330662.35
2010-07-06,6.89,7.07,6.88,7.04,400535.09
2010-07-07,7.03,7.09,6.96,7.06,402847.6
2010-07-08,7.1,7.12,6.93,6.98,393321.49
2010-07-09,6.95,7.19,6.87,7.15,803041.93
2010-07-12,7.14,7.28,7.1,7.25,690354.31
2010-07-13,7.17,7.18,7.01,7.05,447295.89
2010-07-14,7.06,7.23,7.06,7.1,486668.27
2010-07-15,7.08,7.15,6.94,6.95,421784.4
2010-07-16,6.92,6.98,6.87,6.95,251639.25
2010-07-19,6.88,7.19,6.86,7.15,637756.52
2010-07-20,7.15,7.44,7.14,7.37,1056511.51
2010-07-21,7.35,7.45,7.31,7.36,762466.01
2010-07-22,7.32,7.44,7.28,7.42,689741.27
2010-07-23,7.44,7.59,7.4,7.58,1173289.87
2010-07-26,7.58,7.63,7.46,7.56,720832.93
2010-07-27,7.55,7.58,7.46,7.49,628347.94
2010-07-28,7.48,7.71,7.44,7.71,1054838.29
2010-07-29,7.73,7.98,7.73,7.94,1342158.9
2010-07-30,7.86,7.89,7.72,7.85,749889.21
2010-08-02,7.85,7.97,7.82,7.92,722564.87
2010-08-03,7.94,8.03,7.75,7.77,879459.94
2010-08-04,7.75,7.82,7.55,7.78,754536.99
2010-08-05,7.75,7.77,7.6,7.64,629491.89
2010-08-06,7.62,7.91,7.57,7.9,814915.66
2010-08-09,7.88,7.96,7.84,7.92,659892.11
2010-08-10,7.92,7.94,7.59,7.6,717590.4
2010-08-11,7.6,7.67,7.56,7.61,475556.38
2010-08-12,7.53,7.61,7.4,7.42,545250.1
2010-08-13,7.4,7.5,7.35,7.48,465898.44
2010-08-16,7.45,7.94,7.42,7.87,978766.36
2010-08-17,7.89,7.92,7.75,7.89,757029.67
2010-08-18,7.89,7.92,7.75,7.81,590783.06
2010-08-19,7.82,7.94,7.76,7.88,831152.39
2010-08-20,7.82,7.84,7.63,7.64,678986.85
2010-08-23,7.62,7.75,7.6,7.64,425436.49
2010-08-24,7.66,7.8,7.58,7.66,553555.44
2010-08-25,7.62,7.68,7.45,7.45,550108.26
2010-08-26,7.48,7.52,7.38,7.42,380742.32
2010-08-27,7.41,7.46,7.37,7.42,260581.73
2010-08-30,7.45,7.6,7.44,7.53,543899.82
2010-08-31,7.48,7.49,7.36,7.42,493905.41
2010-09-01,7.42,7.51,7.28,7.33,509488.49
2010-09-02,7.41,7.45,7.31,7.39,473933.21
2010-09-03,7.4,7.41,7.25,7.3,531261.06
2010-09-06,7.34,7.64,7.32,7.59,1084763.15
2010-09-07,7.62,7.63,7.48,7.55,550526.87
2010-09-08,7.52,7.52,7.4,7.45,433492.1
2010-09-09,7.45,7.55,7.31,7.32,600552.69
2010-09-10,7.31,7.36,7.18,7.25,432538.83
2010-09-13,7.26,7.36,7.21,7.31,370375.66
2010-09-14,7.32,7.36,7.21,7.23,481640.95
2010-09-15,7.21,7.21,7.05,7.07,521537.62
2010-09-16,7.07,7.21,7.01,7.04,628705.53
2010-09-17,7.06,7.09,6.95,6.97,358230.01
2010-09-20,6.98,7.0,6.86,6.91,324032.58
2010-09-21,6.94,6.96,6.91,6.93,171502.05
2010-09-27,6.95,6.99,6.91,6.98,271104.5
2010-09-28,6.96,6.97,6.82,6.84,337290.99
2010-09-29,6.85,6.9,6.79,6.81,297743.63
2010-09-30,6.78,6.96,6.77,6.94,347963.44
2010-10-08,7.0,7.44,6.98,7.33,1054164.99
2010-10-11,7.38,8.06,7.33,7.99,2418268.28
2010-10-12,7.96,7.99,7.77,7.92,1438264.15
2010-10-13,7.93,8.05,7.82,7.93,1207016.28
2010-10-14,7.98,8.56,7.98,8.23,2609274.81
2010-10-15,8.16,8.93,8.07,8.84,2600948.45
2010-10-18,8.89,9.42,8.62,9.0,2926714.65
2010-10-19,8.87,9.06,8.72,9.05,1402827.31
2010-10-20,8.78,9.47,8.72,9.14,2221319.63
2010-10-21,9.17,9.17,8.82,8.86,1433075.85
2010-10-22,8.84,8.85,8.56,8.66,1109599.32
2010-10-25,8.67,9.52,8.67,9.52,2210293.67
2010-10-26,9.77,10.11,9.64,9.82,3711323.56
2010-10-27,9.67,10.03,9.61,9.73,1897052.62
2010-10-28,9.67,10.13,9.57,10.04,2084222.04
2010-10-29,9.93,10.01,9.51,9.59,1612288.58
2010-11-01,9.52,9.85,9.48,9.73,1341074.62
2010-11-02,9.69,9.97,9.4,9.58,1694637.7
2010-11-03,9.57,9.7,9.33,9.41,1232212.83
2010-11-04,9.45,9.58,9.33,9.48,1065227.34
2010-11-05,9.76,9.83,9.43,9.5,1430190.86
2010-11-08,9.54,9.67,9.37,9.6,1024441.7
2010-11-09,9.62,9.62,9.37,9.42,813156.14
2010-11-10,9.33,9.41,9.1,9.23,1309203.91
2010-11-11,9.17,9.48,9.13,9.27,1240424.37
2010-11-12,9.17,9.23,8.37,8.42,1794154.11
2010-11-15,8.39,8.56,8.26,8.37,899785.98
2010-11-16,8.4,8.5,7.86,7.92,1048829.03
2010-11-17,7.82,7.96,7.65,7.76,783543.59
2010-11-18,7.86,7.89,7.65,7.81,765056.12
2010-11-19,7.85,7.87,7.52,7.84,837715.38
2010-11-22,7.75,7.82,7.68,7.72,631298.22
2010-11-23,7.7,7.7,7.44,7.56,599165.77
2010-11-24,7.52,7.94,7.5,7.84,821083.52
2010-11-25,7.87,7.9,7.72,7.89,653030.44
2010-11-26,7.88,7.89,7.72,7.78,474574.27
2010-11-29,7.76,7.76,7.64,7.69,410270.13
2010-11-30,7.67,7.75,7.36,7.53,589645.74
2010-12-01,7.55,7.61,7.5,7.55,283108.81
2010-12-02,7.72,7.8,7.62,7.63,490259.17
2010-12-03,7.63,7.8,7.62,7.77,520584.62
2010-12-06,7.75,8.4,7.7,8.27,1661805.54
2010-12-07,8.25,8.41,8.03,8.31,1105968.55
2010-12-08,8.26,8.29,7.99,8.02,617773.74
2010-12-09,7.95,8.07,7.86,7.88,398137.98
2010-12-10,7.75,8.03,7.75,7.97,355157.07
2010-12-13,8.03,8.22,7.95,8.2,629797.48
2010-12-14,8.21,8.22,8.06,8.11,552665.63
2010-12-15,8.11,8.27,8.0,8.09,609335.28
2010-12-16,8.0,8.13,7.91,7.94,387496.02
2010-12-17,7.93,8.08,7.91,7.99,294671.73
2010-12-20,8.01,8.06,7.65,7.73,574655.71
2010-12-21,7.73,8.0,7.72,7.97,513314.28
2010-12-22,7.97,8.03,7.79,7.82,429235.26
2010-12-23,7.77,7.94,7.72,7.77,451138.71
2010-12-24,7.72,7.82,7.68,7.74,373117.93
2010-12-27,7.79,7.93,7.62,7.64,585059.34
2010-12-28,7.58,7.61,7.33,7.35,584299.81
2010-12-29,7.36,7.43,7.28,7.32,334587.84
2010-12-30,7.36,7.37,7.15,7.24,402406.32
2010-12-31,7.29,7.45,7.26,7.43,387761.13
2011-01-04,7.49,7.69,7.38,7.59,546235.87
2011-01-05,7.53,7.56,7.43,7.48,477354.79
2011-01-06,7.49,7.58,7.44,7.46,299422.9
2011-01-07,7.44,7.69,7.35,7.55,672511.91
2011-01-10,7.5,7.58,7.35,7.37,358555.59
2011-01-11,7.35,7.5,7.33,7.47,255186.08
2011-01-12,7.55,7.58,7.36,7.52,333248.4
2011-01-13,7.54,7.56,7.4,7.45,301685.95
2011-01-14,7.42,7.42,7.21,7.26,430371.72
2011-01-17,7.24,7.28,7.02,7.05,517867.63
2011-01-18,7.03,7.13,7.0,7.08,292077.12
2011-01-19,7.08,7.18,7.01,7.18,310847.04
2011-01-20,7.16,7.16,6.92,6.94,403157.08
2011-01-21,6.95,7.22,6.94,7.08,383348.37
2011-01-24,7.08,7.15,7.02,7.06,246221.19
2011-01-25,7.08,7.15,7.05,7.1,211971.25
2011-01-26,7.1,7.16,7.1,7.15,171923.08
2011-01-27,7.11,7.36,7.06,7.29,451180.68
2011-01-28,7.28,7.32,7.2,7.26,289087.43
2011-01-31,7.23,7.32,7.22,7.28,257037.54
2011-02-01,7.31,7.32,7.23,7.27,181577.94
2011-02-09,7.23,7.32,7.13,7.14,253676.62
2011-02-10,7.13,7.3,7.09,7.29,263962.73
2011-02-11,7.29,7.35,7.25,7.31,276735.15
2011-02-14,7.3,8.04,7.28,7.99,1758873.77
2011-02-15,8.01,8.2,7.84,7.85,1677578.32
2011-02-16,7.82,7.95,7.76,7.94,741062.47
2011-02-17,7.95,7.98,7.75,7.82,480634.39
2011-02-18,7.82,7.93,7.69,7.86,624770.42
2011-02-21,7.8,8.01,7.76,7.97,701423.46
2011-02-22,7.98,8.04,7.66,7.67,785763.12
2011-02-23,7.63,7.73,7.62,7.69,360608.65
2011-02-24,7.69,8.06,7.64,7.9,755553.87
2011-02-25,7.89,8.03,7.77,7.9,704375.54
2011-02-28,7.89,8.09,7.78,8.03,974152.11
2011-03-01,8.02,8.27,7.92,7.99,1294088.76
2011-03-02,7.92,7.96,7.79,7.89,672948.74
2011-03-03,7.9,8.02,7.82,7.83,580449.38
2011-03-04,7.84,8.03,7.82,8.01,610783.61
2011-03-07,8.05,8.28,8.02,8.23,1427977.31
2011-03-08,8.22,8.36,8.13,8.22,812994.66
2011-03-09,8.29,8.44,8.19,8.26,765432.9
2011-03-10,8.22,8.22,7.94,7.96,806655.8
2011-03-11,7.94,8.01,7.82,7.85,689842.46
2011-03-14,7.81,7.85,7.76,7.84,518932.04
2011-03-15,7.79,7.84,7.47,7.64,924527.2
2011-03-16,7.65,7.82,7.65,7.79,495074.7
2011-03-17,7.69,7.75,7.58,7.63,442504.8
2011-03-18,7.78,7.85,7.69,7.83,527786.33
2011-03-21,7.82,7.88,7.63,7.69,581465.87
2011-03-22,7.74,7.77,7.6,7.73,295305.89
2011-03-23,7.71,7.86,7.69,7.84,445839.39
2011-03-24,7.84,7.87,7.76,7.77,305407.7
2011-03-25,7.79,7.95,7.76,7.9,610785.93
2011-03-28,7.94,8.1,7.94,7.99,832683.53
2011-03-29,8.02,8.09,7.89,7.9,636133.25
2011-03-30,7.88,7.93,7.71,7.75,466388.98
2011-03-31,7.78,7.85,7.74,7.75,309238.36
2011-04-01,7.75,7.91,7.73,7.89,359418.64
2011-04-06,7.86,8.19,7.84,8.07,905746.49
2011-04-07,8.07,8.08,7.99,8.02,460170.97
2011-04-08,8.02,8.13,7.99,8.09,409860.96
2011-04-11,8.14,8.16,7.96,7.97,511214.86
2011-04-12,7.95,8.03,7.9,7.96,456818.85
2011-04-13,7.9,8.19,7.9,8.17,853434.55
2011-04-14,8.16,8.19,8.06,8.07,700781.66
2011-04-15,8.02,8.25,7.99,8.17,661269.65
2011-04-18,8.12,8.21,8.03,8.11,540740.99
2011-04-19,8.02,8.04,7.85,7.85,620694.51
2011-04-20,7.86,7.92,7.82,7.85,307738.21
2011-04-26,7.7,7.76,7.51,7.52,701211.76
2011-04-27,7.57,7.63,7.48,7.54,301803.27
2011-04-28,7.59,7.64,7.42,7.42,353679.17
2011-04-29,7.43,7.52,7.39,7.49,343413.53
2011-05-03,7.5,7.56,7.4,7.51,248961.65
2011-05-04,7.5,7.5,7.25,7.25,457517.15
2011-05-05,7.23,7.32,7.21,7.28,189803.16
2011-05-06,7.24,7.33,7.21,7.27,214148.86
2011-05-09,7.32,7.38,7.25,7.29,242949.77
2011-05-10,7.3,7.37,7.25,7.36,365253.82
2011-05-11,7.02,7.15,7.01,7.12,1790507.3
2011-05-12,7.0,7.08,6.97,7.01,613358.75
2011-05-13,7.04,7.18,7.01,7.11,867033.59
2011-05-17,7.01,7.16,6.98,7.05,637557.76
2011-05-18,7.06,7.15,7.01,7.11,474674.67
2011-05-19,7.13,7.13,7.04,7.05,347605.47
2011-05-20,7.05,7.08,7.02,7.05,215981.25
2011-05-23,7.05,7.05,6.82,6.84,588614.65
2011-05-24,6.83,6.88,6.8,6.86,272180.21
2011-05-25,6.87,6.88,6.78,6.79,251129.82
2011-05-26,6.84,7.02,6.82,6.9,520817.06
2011-05-27,6.9,6.97,6.86,6.91,440457.36
2011-05-30,6.88,6.99,6.79,6.87,298800.48
2011-05-31,6.91,6.99,6.87,6.98,301560.11
2011-06-01,6.98,6.98,6.88,6.91,309045.12
2011-06-02,6.84,6.87,6.76,6.8,422578.04
2011-06-03,6.8,6.89,6.8,6.88,287391.6
2011-06-07,6.85,6.89,6.82,6.88,228812.51
2011-06-08,6.83,6.88,6.77,6.87,296824.53
2011-06-09,6.84,6.86,6.72,6.73,319032.54
2011-06-10,6.71,6.8,6.64,6.7,441947.8
2011-06-13,6.66,6.66,6.54,6.6,261084.91
2011-06-14,6.59,6.75,6.59,6.67,414623.79
2011-06-15,6.66,6.67,6.55,6.57,299424.97
2011-06-16,6.51,6.54,6.44,6.44,325583.47
2011-06-17,6.44,6.53,6.42,6.44,368447.12
2011-06-20,6.44,6.49,6.42,6.47,276546.89
2011-06-21,6.49,6.54,6.47,6.54,285724.22
2011-06-22,6.55,6.57,6.49,6.52,221272.11
2011-06-23,6.51,6.65,6.48,6.63,217169.83
2011-06-24,6.61,7.25,6.6,7.03,1184048.45
2011-06-27,6.98,7.08,6.94,6.98,597370.42
2011-06-28,6.98,7.03,6.9,6.99,444298.69
2011-06-29,6.98,7.02,6.91,6.91,368787.07
2011-06-30,6.93,7.15,6.91,7.08,653225.34
2011-07-01,7.11,7.17,7.07,7.09,462337.91
2011-07-04,7.16,7.31,7.12,7.25,735307.91
2011-07-05,7.25,7.3,7.22,7.26,344430.39
2011-07-06,7.24,7.24,7.1,7.15,441844.87
2011-07-07,7.2,7.26,7.09,7.09,466748.97
2011-07-08,7.12,7.16,7.06,7.09,225881.27
2011-07-11,7.09,7.14,7.0,7.11,303552.34
2011-07-12,7.05,7.06,6.91,6.92,412088.63
2011-07-13,6.94,7.09,6.94,7.05,268855.48
2011-07-14,7.05,7.09,6.99,7.05,279778.94
2011-07-15,7.05,7.09,6.96,7.05,301184.21
2011-07-18,7.07,7.08,6.98,6.99,237424.56
2011-07-19,6.97,6.99,6.91,6.94,198906.51
2011-07-20,6.99,7.01,6.91,6.94,199669.89
2011-07-21,6.94,6.98,6.87,6.87,206790.59
2011-07-22,6.93,7.01,6.88,6.99,326639.92
2011-07-25,6.93,6.94,6.69,6.73,314181.6
2011-07-26,6.74,6.77,6.67,6.71,153977.75
2011-07-27,6.65,6.73,6.6,6.7,212817.06
2011-07-28,6.64,6.65,6.54,6.58,240790.54
2011-07-29,6.58,6.79,6.55,6.69,269966.97
2011-08-01,6.71,6.77,6.63,6.72,181663.63
2011-08-02,6.65,6.65,6.56,6.62,163124.62
2011-08-03,6.57,6.68,6.54,6.59,172690.23
2011-08-04,6.64,6.69,6.58,6.6,123000.96
2011-08-05,6.44,6.5,6.4,6.44,297869.37
2011-08-08,6.39,6.44,6.04,6.22,503839.55
2011-08-09,6.04,6.2,5.97,6.13,524162.31
2011-08-10,6.24,6.27,6.14,6.15,291231.52
2011-08-11,6.04,6.47,6.01,6.32,615625.15
2011-08-12,6.32,6.37,6.26,6.27,411097.14
2011-08-15,6.29,6.4,6.25,6.39,375139.81
2011-08-16,6.39,6.44,6.29,6.32,307481.44
2011-08-17,6.32,6.44,6.3,6.41,329817.9
2011-08-18,6.41,6.41,6.28,6.29,262711.3
2011-08-19,6.16,6.28,6.13,6.22,242569.24
2011-08-22,6.28,6.34,6.15,6.18,216526.72
2011-08-23,6.2,6.34,6.19,6.31,229805.57
2011-08-24,6.34,6.38,6.27,6.28,249708.63
2011-08-25,6.32,6.58,6.29,6.55,768151.47
2011-08-26,6.51,6.59,6.47,6.51,480129.59
2011-08-29,6.48,6.48,6.31,6.33,436975.59
2011-08-30,6.4,6.47,6.29,6.3,351024.97
2011-08-31,6.31,6.37,6.27,6.32,218922.4
2011-09-01,6.36,6.43,6.28,6.32,237459.04
2011-09-02,6.33,6.35,6.23,6.25,221123.22
2011-09-05,6.2,6.2,6.04,6.07,312927.5
2011-09-06,6.03,6.1,6.01,6.08,186426.91
2011-09-07,6.11,6.32,6.09,6.22,299602.63
2011-09-08,6.25,6.26,6.17,6.17,188740.49
2011-09-09,6.24,6.47,6.22,6.25,404109.55
2011-09-13,6.13,6.35,6.11,6.34,455441.35
2011-09-14,6.36,6.46,6.25,6.44,521087.56
2011-09-15,6.43,6.52,6.36,6.43,727756.4
2011-09-19,6.29,6.35,6.23,6.24,251609.51
2011-09-20,6.25,6.36,6.22,6.32,312745.18
2011-09-21,6.31,6.54,6.22,6.51,827868.86
2011-09-22,6.43,6.45,6.29,6.31,428004.16
2011-09-23,6.18,6.38,6.14,6.36,360056.67
2011-09-26,6.26,6.42,6.13,6.18,358206.75
2011-09-27,6.27,6.38,6.22,6.32,486356.81
2011-09-28,6.36,6.43,6.24,6.28,373048.73
2011-09-29,6.24,6.36,6.21,6.29,387179.87
2011-09-30,6.31,6.32,6.18,6.21,266596.81
2011-10-10,6.23,6.28,6.18,6.2,211923.93
2011-10-11,6.45,6.51,6.24,6.32,565227.25
2011-10-12,6.32,6.96,6.27,6.96,2211331.14
2011-10-13,6.96,7.14,6.91,7.01,1420006.77
2011-10-14,6.94,7.03,6.89,6.99,767691.64
2011-10-17,6.98,7.12,6.9,7.05,910915.3
2011-10-18,6.94,6.97,6.62,6.7,1002916.55
2011-10-19,6.75,6.89,6.64,6.74,874713.04
2011-10-20,6.67,6.79,6.57,6.69,627314.27
2011-10-21,6.69,6.79,6.59,6.69,572153.06
2011-10-24,6.76,7.26,6.72,7.14,1740767.25
2011-10-25,7.06,7.24,6.97,7.13,1250694.06
2011-10-26,7.02,7.32,7.02,7.09,1193296.64
2011-10-27,7.17,7.2,7.03,7.11,619973.17
2011-10-28,7.3,7.31,7.15,7.26,1182581.97
2011-10-31,7.3,7.34,7.1,7.14,791826.25
2011-11-01,7.06,7.36,7.02,7.29,1084609.89
2011-11-02,7.13,7.53,7.11,7.45,1288789.4
2011-11-03,7.49,7.64,7.28,7.3,1302421.12
2011-11-04,7.38,7.45,7.24,7.35,820787.73
2011-11-07,7.27,7.29,7.13,7.14,843413.95
2011-11-08,7.2,7.22,6.99,7.08,717562.45
2011-11-09,7.12,7.2,7.02,7.19,772742.43
2011-11-10,7.09,7.15,7.04,7.09,631483.05
2011-11-11,7.09,7.16,7.03,7.05,589649.59
2011-11-14,7.1,7.23,7.08,7.17,574101.34
2011-11-15,7.18,7.18,6.99,7.02,685425.21
2011-11-16,7.04,7.05,6.76,6.8,742272.9
2011-11-17,6.79,6.85,6.73,6.75,390077.42
2011-11-18,6.71,6.91,6.69,6.74,606964.5
2011-11-21,6.73,6.8,6.65,6.79,444240.41
2011-11-22,6.72,6.84,6.7,6.81,403791.87
2011-11-23,6.82,6.87,6.43,6.46,754568.57
2011-11-24,6.4,6.48,6.33,6.42,351731.85
2011-11-25,6.42,6.42,6.28,6.3,414064.54
2011-11-28,6.34,6.43,6.32,6.35,448970.04
2011-11-29,6.43,6.47,6.38,6.43,361346.17
2011-11-30,6.4,6.46,6.17,6.21,558848.73
2011-12-01,6.5,6.63,6.44,6.45,1030467.44
2011-12-02,6.43,6.54,6.4,6.43,413982.34
2011-12-05,6.47,6.49,6.26,6.3,388304.35
2011-12-06,6.32,6.43,6.28,6.39,417908.68
2011-12-07,6.43,6.54,6.4,6.52,456373.11
2011-12-08,6.5,6.65,6.39,6.62,622795.47
2011-12-09,6.53,6.63,6.51,6.52,338806.88
2011-12-12,6.53,6.54,6.4,6.48,230509.47
2011-12-13,6.43,6.47,6.2,6.25,488078.88
2011-12-14,6.22,6.29,6.17,6.28,334471.46
2011-12-15,6.22,6.29,6.17,6.18,290978.94
2011-12-16,6.22,6.32,6.0,6.29,452774.94
2011-12-19,6.2,6.27,6.03,6.22,338705.61
2011-12-20,6.21,6.28,6.07,6.09,366246.05
2011-12-21,6.18,6.2,5.86,5.9,321738.89
2011-12-22,5.88,5.88,5.63,5.76,425297.74
2011-12-23,5.75,5.89,5.69,5.76,341216.42
2011-12-26,5.71,5.75,5.62,5.63,319985.54
2011-12-27,5.62,5.79,5.53,5.64,459414.08
2011-12-28,5.59,5.81,5.56,5.76,461717.39
2011-12-29,5.72,5.78,5.7,5.76,336958.53
2011-12-30,5.79,5.86,5.78,5.81,298535.8
2012-01-04,5.89,5.89,5.57,5.59,291690.79
2012-01-05,5.57,5.68,5.53,5.56,388377.3
2012-01-06,5.6,5.87,5.55,5.73,478337.23
2012-01-09,5.73,6.0,5.68,5.98,642922.6
2012-01-10,5.94,6.27,5.92,6.22,771340.8
2012-01-11,6.21,6.26,6.11,6.16,375302.97
2012-01-12,6.11,6.26,6.1,6.16,302295.71
2012-01-13,6.19,6.22,5.97,6.05,355952.34
2012-01-16,5.99,6.15,5.97,6.0,295629.03
2012-01-17,6.0,6.45,6.0,6.4,632263.81
2012-01-18,6.39,6.71,6.31,6.33,786379.09
2012-01-19,6.3,6.66,6.3,6.58,775572.07
2012-01-20,6.62,6.91,6.5,6.75,950318.33
2012-01-30,6.75,6.78,6.54,6.56,490507.24
2012-01-31,6.56,6.63,6.5,6.56,241449.42
2012-02-01,6.54,6.62,6.31,6.36,377216.26
2012-02-02,6.41,6.71,6.32,6.69,660070.09
2012-02-03,6.64,6.76,6.54,6.65,641516.78
2012-02-06,6.71,6.76,6.58,6.63,615425.81
2012-02-07,6.56,6.58,6.4,6.44,528114.72
2012-02-08,6.44,6.96,6.4,6.8,911527.79
2012-02-09,6.76,6.89,6.7,6.73,706896.49
2012-02-10,6.69,6.99,6.67,6.79,793362.32
2012-02-13,6.71,6.91,6.63,6.71,626558.72
2012-02-14,6.73,6.76,6.59,6.66,506843.23
2012-02-15,6.63,6.87,6.6,6.8,680110.35
2012-02-16,6.78,6.81,6.65,6.75,602024.91
2012-02-17,6.82,6.84,6.71,6.76,379448.73
2012-02-20,6.91,6.91,6.69,6.72,550163.21
2012-02-21,6.73,6.84,6.67,6.83,555459.85
2012-02-22,6.82,7.07,6.79,7.02,1054913.65
2012-02-23,6.99,7.09,6.93,6.98,483126.94
2012-02-24,6.98,7.17,6.95,7.13,876504.72
2012-02-27,7.17,7.37,7.07,7.13,1398364.01
2012-02-28,7.15,7.25,7.05,7.17,699241.81
2012-02-29,7.13,7.16,7.01,7.03,412721.47
2012-03-01,6.99,7.12,6.99,7.05,386792.46
2012-03-02,7.1,7.33,7.08,7.31,1065719.89
2012-03-05,7.34,7.5,7.34,7.37,1020820.77
2012-03-06,7.35,7.42,7.24,7.3,594199.38
2012-03-07,7.22,7.45,7.19,7.36,611224.12
2012-03-08,7.39,7.67,7.39,7.59,1026584.18
2012-03-09,7.64,7.65,7.52,7.61,628773.43
2012-03-12,7.55,7.71,7.41,7.53,642485.96
2012-03-13,7.49,7.69,7.45,7.54,518870.14
2012-03-14,7.61,7.72,7.28,7.35,1085194.06
2012-03-15,7.37,7.44,7.22,7.34,546814.66
2012-03-16,7.33,7.6,7.33,7.53,628184.11
2012-03-19,7.45,7.58,7.41,7.52,409103.77
2012-03-20,7.47,7.51,7.11,7.17,706950.94
2012-03-21,7.26,7.3,7.04,7.09,704848.82
2012-03-22,7.11,7.27,7.08,7.16,580663.42
2012-03-23,7.13,7.26,7.05,7.09,418973.05
2012-03-26,7.09,7.14,7.02,7.09,344083.65
2012-03-27,7.13,7.16,6.98,7.05,328892.82
2012-03-28,6.98,7.14,6.87,6.89,591107.08
2012-03-29,6.87,7.08,6.68,6.91,582655.99
2012-03-30,6.96,7.1,6.92,7.07,472564.06
2012-04-05,7.04,7.78,7.0,7.62,2140158.58
2012-04-06,7.5,7.71,7.5,7.7,1054895.72
2012-04-09,7.66,7.77,7.59,7.61,545012.29
2012-04-10,7.61,7.75,7.41,7.7,781395.09
2012-04-11,7.61,7.86,7.58,7.68,912754.73
2012-04-12,7.7,8.08,7.68,8.02,1937263.69
2012-04-13,7.99,8.25,7.98,8.0,1568816.56
2012-04-16,7.97,8.16,7.93,8.03,665658.69
2012-04-17,8.03,8.08,7.76,7.76,942546.7
2012-04-18,7.77,8.15,7.71,8.09,1550505.45
2012-04-19,8.08,8.12,7.86,7.92,1224359.45
2012-04-20,7.93,8.28,7.85,8.11,1671765.1
2012-04-23,8.14,8.15,7.89,7.91,1091866.4
2012-04-24,7.85,8.03,7.6,7.79,1559668.08
2012-04-25,7.77,7.94,7.67,7.77,987773.69
2012-04-26,7.79,7.99,7.67,7.86,877585.93
2012-04-27,7.83,7.93,7.7,7.76,633962.34
2012-05-02,8.05,8.08,7.88,7.94,1164884.58
2012-05-03,7.95,8.19,7.93,8.1,1219442.62
2012-05-04,8.1,8.13,7.93,8.09,830364.36
2012-05-07,8.04,8.1,7.89,8.0,805550.36
2012-05-08,8.0,8.04,7.73,7.86,1027679.85
2012-05-09,7.77,7.86,7.67,7.74,763226.2
2012-05-10,7.75,7.82,7.68,7.74,466101.3
2012-05-11,7.71,7.73,7.55,7.61,576841.32
2012-05-14,7.66,7.86,7.6,7.66,825622.1
2012-05-15,7.6,7.85,7.57,7.83,686442.91
2012-05-16,7.78,7.94,7.67,7.7,730647.71
2012-05-17,7.71,8.08,7.67,8.04,1311871.12
2012-05-18,7.95,8.07,7.83,7.89,824307.73
2012-05-21,7.86,7.97,7.72,7.79,550315.25
2012-05-22,7.85,8.04,7.84,8.0,731601.35
2012-05-23,7.99,8.19,7.95,8.14,1119157.25
2012-05-24,8.14,8.18,7.92,7.99,582439.07
2012-05-25,7.99,8.05,7.77,7.86,649518.86
2012-05-28,7.78,7.99,7.74,7.97,491734.12
2012-05-29,7.97,8.24,7.95,8.15,1094225.29
2012-05-30,8.13,8.27,8.1,8.21,696821.27
2012-05-31,8.11,8.32,8.09,8.2,494296.22
2012-06-01,8.22,8.48,8.2,8.34,828871.03
2012-06-04,8.17,8.37,7.98,8.0,724465.97
2012-06-05,8.04,8.1,7.83,7.89,542724.48
2012-06-06,7.93,8.02,7.85,7.93,394947.31
2012-06-07,8.03,8.1,7.89,7.96,443697.01
2012-06-08,8.08,8.16,7.96,7.99,539394.17
2012-06-11,8.04,8.26,8.01,8.24,542576.88
2012-06-12,8.17,8.22,8.08,8.14,320448.87
2012-06-13,8.19,8.34,8.07,8.26,650758.53
2012-06-14,8.22,8.29,8.08,8.09,451248.06
2012-06-15,8.15,8.2,7.93,8.02,538001.4
2012-06-18,8.07,8.22,8.05,8.16,331832.63
2012-06-19,8.14,8.16,8.0,8.04,300338.18
2012-06-20,8.05,8.09,7.9,7.91,459022.81
2012-06-21,7.91,7.94,7.6,7.61,633668.67
2012-06-25,7.6,7.6,7.21,7.27,988598.67
2012-06-26,7.22,7.45,7.2,7.38,437811.9
2012-06-27,7.38,7.48,7.34,7.35,334822.4
2012-06-29,7.21,7.6,7.19,7.56,469373.13
2012-07-02,7.6,7.69,7.5,7.56,432111.06
2012-07-03,7.56,7.64,7.43,7.49,339295.89
2012-07-04,7.49,7.56,7.42,7.47,236654.94
2012-07-05,7.38,7.44,7.1,7.16,519163.44
2012-07-06,7.26,7.42,7.06,7.36,641374.12
2012-07-09,7.27,7.35,7.14,7.16,384605.21
2012-07-10,7.14,7.31,7.13,7.24,331715.31
2012-07-11,7.21,7.44,7.21,7.41,470568.17
2012-07-12,7.38,7.74,7.37,7.66,637997.96
2012-07-13,7.64,7.83,7.62,7.65,475295.43
2012-07-16,7.73,7.73,7.45,7.55,402184.91
2012-07-17,7.48,7.93,7.48,7.71,534873.02
2012-07-18,7.74,7.86,7.57,7.84,495994.56
2012-07-19,7.77,8.04,7.74,7.89,638239.58
2012-07-20,7.85,7.92,7.74,7.78,296566.17
2012-07-23,7.77,7.78,7.57,7.69,361667.54
2012-07-24,7.65,7.82,7.6,7.75,379626.06
2012-07-25,7.69,7.77,7.66,7.69,199757.51
2012-07-26,7.67,7.79,7.52,7.53,414705.76
2012-07-27,7.53,7.64,7.3,7.41,409671.86
2012-07-30,7.41,7.53,7.3,7.36,319412.32
2012-07-31,7.38,7.55,7.36,7.51,288065.9
2012-08-01,7.54,7.78,7.53,7.71,360730.78
2012-08-02,7.66,7.75,7.59,7.63,301176.04
2012-08-03,7.72,7.75,7.5,7.71,307885.59
2012-08-06,7.68,7.83,7.6,7.77,428884.57
2012-08-07,7.72,7.86,7.68,7.7,299985.71
2012-08-08,7.78,7.86,7.68,7.72,427331.85
2012-08-09,7.7,7.77,7.53,7.71,397078.53
2012-08-10,7.7,7.71,7.57,7.64,288601.21
2012-08-13,7.61,7.61,6.92,6.98,1347094.22
2012-08-14,6.98,7.02,6.67,6.91,837724.57
2012-08-15,6.85,6.87,6.73,6.76,449979.95
2012-08-16,6.78,6.87,6.73,6.75,452294.77
2012-08-17,6.77,6.78,6.65,6.76,254553.58
2012-08-20,6.68,6.79,6.57,6.76,392910.29
2012-08-21,6.76,6.85,6.72,6.77,363708.66
2012-08-22,6.8,6.82,6.74,6.8,336580.96
2012-08-23,6.84,6.92,6.79,6.85,354008.13
2012-08-24,6.84,6.88,6.73,6.8,247563.92
2012-08-27,6.75,6.8,6.43,6.45,692722.28
2012-08-28,6.47,6.65,6.43,6.53,357927.31
2012-08-29,6.51,6.58,6.43,6.45,265970.8
2012-08-30,6.41,6.7,6.41,6.62,518801.45
2012-08-31,6.63,6.69,6.57,6.6,293032.97
2012-09-03,6.54,6.92,6.54,6.9,698427.63
2012-09-04,6.91,6.96,6.8,6.82,382581.95
2012-09-05,6.8,6.97,6.79,6.88,240686.35
2012-09-06,6.86,7.03,6.86,6.92,247742.66
2012-09-07,7.01,7.52,7.01,7.41,1213195.54
2012-09-10,7.43,7.48,7.34,7.4,612566.87
2012-09-11,7.36,7.36,7.2,7.32,516376.81
2012-09-12,7.39,7.46,7.18,7.32,387865.76
2012-09-13,7.29,7.45,7.26,7.27,366975.76
2012-09-14,7.4,7.44,7.27,7.32,538352.56
2012-09-17,7.3,7.35,7.03,7.04,442213.62
2012-09-18,6.95,7.13,6.87,6.97,335733.59
2012-09-19,7.0,7.11,6.95,7.06,321890.9
2012-09-20,6.98,7.02,6.79,6.9,317033.28
2012-09-21,6.86,7.03,6.76,6.92,325843.34
2012-09-24,6.81,7.15,6.8,7.04,350907.79
2012-09-25,7.03,7.28,7.03,7.16,470001.82
2012-09-26,7.15,7.23,7.01,7.08,298290.0
2012-09-27,7.1,7.57,7.09,7.52,1120976.29
2012-09-28,7.44,7.68,7.4,7.65,839029.47
2012-10-08,7.65,7.76,7.55,7.58,381749.43
2012-10-09,7.66,7.88,7.64,7.84,599918.36
2012-10-10,7.8,7.87,7.76,7.82,299141.54
2012-10-11,7.79,7.82,7.59,7.65,468936.93
2012-10-12,7.68,7.82,7.48,7.63,518681.84
2012-10-15,7.65,7.76,7.51,7.67,312206.94
2012-10-16,7.65,7.76,7.6,7.67,324107.27
2012-10-17,7.72,7.74,7.49,7.6,353784.51
2012-10-18,7.6,7.72,7.51,7.7,492434.7
2012-10-19,7.68,7.72,7.59,7.61,283191.47
2012-10-22,7.59,7.67,7.56,7.66,307121.71
2012-10-23,7.66,7.67,7.44,7.47,432743.08
2012-10-24,7.44,7.48,7.33,7.35,378176.4
2012-10-25,7.36,7.4,7.19,7.23,542165.73
2012-10-26,7.24,7.25,7.04,7.09,399275.04
2012-10-29,7.09,7.12,6.92,6.98,308673.52
2012-10-30,6.99,7.11,6.94,7.0,456104.63
2012-10-31,7.0,7.15,6.96,7.11,352549.66
2012-11-01,7.17,7.36,7.15,7.31,518079.5
2012-11-02,7.32,7.38,7.25,7.35,306020.42
2012-11-05,7.32,7.4,7.23,7.3,253041.3
2012-11-06,7.32,7.35,7.11,7.31,448875.5
2012-11-07,7.28,7.31,7.19,7.22,305899.9
2012-11-08,7.14,7.14,6.99,7.0,381140.67
2012-11-09,6.98,7.0,6.92,6.94,365586.45
2012-11-12,6.96,7.0,6.86,6.98,299733.67
2012-11-13,6.97,6.97,6.69,6.74,483339.65
2012-11-14,6.76,6.81,6.69,6.78,272926.67
2012-11-15,6.71,6.81,6.62,6.63,256935.76
2012-11-16,6.62,6.7,6.55,6.61,294453.05
2012-11-19,6.61,6.75,6.58,6.72,366696.85
2012-11-20,6.76,6.76,6.62,6.63,254362.5
2012-11-21,6.65,6.88,6.64,6.87,448473.94
2012-11-22,6.83,6.88,6.78,6.84,271644.18
2012-11-23,6.88,6.96,6.82,6.88,283897.85
2012-11-26,6.82,6.9,6.78,6.8,166403.15
2012-11-27,6.78,6.79,6.69,6.7,199445.93
2012-11-28,6.68,6.72,6.57,6.6,298212.02
2012-11-29,6.63,6.72,6.17,6.21,714662.52
2012-11-30,6.25,6.35,6.03,6.32,561816.78
2012-12-03,6.29,6.47,6.25,6.31,415047.93
2012-12-04,6.3,6.55,6.25,6.51,442896.52
2012-12-05,6.52,7.14,6.49,6.95,1458993.0
2012-12-06,6.92,7.0,6.84,6.88,519965.14
2012-12-07,6.92,7.17,6.87,7.1,736564.13
2012-12-10,7.16,7.31,7.13,7.14,733517.43
2012-12-11,7.12,7.17,7.04,7.05,394949.05
2012-12-12,7.08,7.15,7.0,7.08,366597.87
2012-12-13,7.04,7.09,7.0,7.02,258892.52
2012-12-14,7.08,7.51,7.02,7.41,1357090.2
2012-12-17,7.42,7.6,7.39,7.48,1000565.04
2012-12-18,7.48,7.7,7.37,7.44,909129.24
2012-12-19,7.44,7.53,7.4,7.44,523125.42
2012-12-20,7.43,7.63,7.38,7.6,582018.11
2012-12-21,7.61,7.72,7.5,7.52,580726.04
2012-12-24,7.52,7.72,7.51,7.63,525344.96
2012-12-25,7.59,7.99,7.57,7.85,797599.75
2012-12-26,7.84,7.93,7.72,7.8,476129.86
2012-12-27,7.8,7.89,7.6,7.64,568150.61
2012-12-28,7.69,8.08,7.61,8.03,1212723.8
2012-12-31,8.07,8.21,8.02,8.19,1042366.7
2013-01-04,8.29,8.39,8.07,8.19,924564.97
2013-01-07,8.12,8.32,8.07,8.19,405141.85
2013-01-08,8.16,8.19,7.94,8.01,597435.02
2013-01-09,8.0,8.07,7.84,7.93,528333.03
2013-01-10,7.92,8.11,7.81,7.9,712526.2
2013-01-11,7.91,7.96,7.58,7.66,785900.96
2013-01-14,7.66,8.31,7.57,8.19,1318231.12
2013-01-15,8.17,8.31,8.15,8.21,637961.75
2013-01-16,8.19,8.2,7.87,8.03,832084.5
2013-01-17,8.03,8.15,7.89,8.0,516160.94
2013-01-18,8.07,8.27,7.94,8.12,659616.39
2013-01-21,8.15,8.27,8.08,8.21,743781.7
2013-01-22,8.21,8.31,8.07,8.12,845235.88
2013-01-23,8.04,8.26,8.03,8.21,716189.49
2013-01-24,8.22,8.54,8.19,8.28,1522622.47
2013-01-25,8.23,8.35,8.1,8.13,514906.95
2013-01-28,8.19,8.81,8.18,8.79,1643244.32
2013-01-29,8.81,9.46,8.79,9.43,2020938.71
2013-01-30,9.49,9.66,9.24,9.46,1305823.75
2013-01-31,9.42,9.56,9.33,9.5,903784.44
2013-02-01,9.42,10.14,9.36,10.02,1706928.65
2013-02-04,10.06,10.45,9.75,9.96,1505100.03
2013-02-05,9.83,9.98,9.62,9.84,1044381.09
2013-02-06,9.86,10.41,9.82,10.18,1317874.67
2013-02-07,10.29,10.7,9.94,10.61,2307061.73
2013-02-08,10.59,10.78,10.38,10.6,1296881.44
2013-02-18,10.61,10.68,10.05,10.06,1127549.37
2013-02-19,9.98,10.1,9.64,9.73,1385246.36
2013-02-20,9.74,9.82,9.46,9.78,1267799.96
2013-02-21,9.65,9.65,8.99,9.18,2181418.32
2013-02-22,9.15,9.3,9.08,9.18,966397.92
2013-02-25,9.3,9.41,9.15,9.27,964183.25
2013-02-26,9.11,9.54,8.91,9.15,1399810.72
2013-02-27,9.22,9.62,9.22,9.46,1488266.8
2013-02-28,9.64,10.04,9.4,9.99,2013138.45
2013-03-01,9.95,10.17,9.75,10.12,1378729.69
2013-03-04,9.87,9.88,9.26,9.47,2001189.22
2013-03-05,9.57,10.1,9.42,10.06,1853749.91
2013-03-06,10.06,10.09,9.85,9.95,1541546.47
2013-03-07,10.06,10.14,9.46,9.61,1904299.89
2013-03-08,9.62,9.69,9.26,9.34,1028898.99
2013-03-11,9.28,9.41,9.05,9.23,772149.71
2013-03-12,9.23,9.44,9.05,9.18,961926.0
2013-03-13,9.18,9.21,8.79,8.93,1003254.25
2013-03-14,8.86,9.04,8.79,8.88,1048022.32
2013-03-15,8.89,9.21,8.5,8.91,1966850.99
2013-03-18,8.76,8.77,8.49,8.65,1571259.69
2013-03-19,8.65,8.77,8.44,8.66,1154189.91
2013-03-20,8.69,9.3,8.67,9.26,2006868.75
2013-03-21,9.26,9.34,9.13,9.24,1127227.86
2013-03-22,9.21,9.27,9.11,9.17,653827.93
2013-03-25,9.22,9.3,8.91,8.97,846963.25
2013-03-26,8.88,8.88,8.54,8.59,1430225.75
2013-03-27,8.59,8.8,8.51,8.67,966508.4
2013-03-28,8.45,8.45,8.13,8.17,1566231.45
2013-03-29,8.18,8.23,8.03,8.07,826379.07
2013-04-01,8.08,8.2,8.03,8.1,697628.8
2013-04-02,8.14,8.26,8.02,8.19,1127581.51
2013-04-03,8.21,8.26,8.06,8.07,691752.72
2013-04-08,7.85,7.98,7.8,7.93,814391.04
2013-04-09,7.97,8.19,7.97,8.11,1107075.01
2013-04-10,8.11,8.16,7.97,8.07,648147.59
2013-04-11,8.23,8.31,8.07,8.07,672325.82
2013-04-12,8.07,8.19,7.95,7.95,584751.72
2013-04-15,7.9,8.14,7.84,7.99,680875.05
2013-04-16,7.91,8.35,7.9,8.29,1267658.17
2013-04-17,8.29,8.39,8.15,8.31,1007149.26
2013-04-18,8.23,8.47,8.16,8.35,848153.86
2013-04-19,8.4,8.83,8.39,8.71,1726564.26
2013-04-22,8.66,8.79,8.56,8.7,910495.37
2013-04-23,8.67,8.68,8.15,8.18,1164960.93
2013-04-24,8.19,8.61,8.08,8.47,1220627.83
2013-04-25,8.44,8.67,8.2,8.51,1103714.69
2013-04-26,8.55,8.68,8.51,8.55,885824.16
2013-05-02,8.48,8.68,8.41,8.6,715430.96
2013-05-03,8.69,9.07,8.69,8.95,1624384.89
2013-05-06,9.02,9.1,8.91,9.03,1117930.27
2013-05-07,9.0,9.0,8.72,8.87,1232994.44
2013-05-08,8.87,8.98,8.63,8.74,1163886.44
2013-05-09,8.72,8.74,8.51,8.73,909048.48
2013-05-10,8.67,8.84,8.61,8.71,688727.45
2013-05-13,8.71,8.76,8.5,8.55,879412.03
2013-05-14,8.51,8.57,8.37,8.43,759760.64
2013-05-15,8.47,8.54,8.4,8.5,445051.82
2013-05-16,8.49,8.85,8.38,8.81,1195403.46
2013-05-17,8.81,9.15,8.73,9.08,1570037.77
2013-05-20,9.15,9.36,9.03,9.21,1556534.7
2013-05-21,9.18,9.26,8.99,9.13,1041790.72
2013-05-22,9.18,9.26,9.03,9.1,1006052.84
2013-05-23,9.0,9.14,8.87,8.9,1172049.17
2013-05-24,8.99,9.02,8.83,8.99,884067.05
2013-05-27,8.93,9.22,8.87,9.16,1274581.57
2013-05-28,9.17,9.65,9.13,9.6,2079915.04
2013-05-29,9.66,9.78,9.5,9.51,1561371.87
2013-05-30,9.49,9.93,9.49,9.79,1540784.56
2013-05-31,9.83,9.94,9.65,9.67,985096.0
2013-06-03,9.71,9.93,9.65,9.67,1129096.26
2013-06-04,9.64,9.65,9.31,9.34,1245257.99
2013-06-05,9.41,9.53,9.34,9.42,855770.63
2013-06-06,9.34,9.51,9.26,9.34,838205.9
2013-06-07,9.35,9.64,9.15,9.23,1749567.75
2013-06-13,8.95,8.95,8.52,8.75,1364705.96
2013-06-14,8.81,8.88,8.63,8.75,1051556.58
2013-06-17,8.75,8.79,8.48,8.52,786809.9
2013-06-18,8.59,8.74,8.51,8.63,705452.69
2013-06-19,8.6,8.6,8.27,8.47,906502.46
2013-06-20,8.38,8.45,8.19,8.3,804092.7
2013-06-21,8.0,8.38,7.99,8.2,1086982.84
2013-06-24,8.12,8.17,7.38,7.39,1540381.19
2013-06-25,7.28,7.56,6.65,7.49,1869086.98
2013-06-26,7.45,7.51,7.2,7.36,1156319.31
2013-06-27,7.43,7.53,7.17,7.2,1119146.41
2013-06-28,7.26,7.68,7.17,7.49,1348824.43
2013-07-01,7.42,7.52,7.35,7.51,727978.31
2013-07-02,7.52,7.67,7.31,7.59,918942.66
2013-07-03,7.51,7.52,7.35,7.42,740614.6
2013-07-04,7.31,7.71,7.2,7.6,1074538.01
2013-07-05,7.6,7.8,7.58,7.59,1105328.44
2013-07-08,7.44,7.76,7.36,7.46,962313.28
2013-07-09,7.47,7.64,7.43,7.48,698405.12
2013-07-10,7.48,7.98,7.41,7.95,1352253.48
2013-07-11,7.99,8.75,7.99,8.73,2995966.85
2013-07-12,8.62,8.9,8.42,8.43,1946323.71
2013-07-15,8.69,9.11,8.46,8.77,1948935.71
2013-07-16,8.67,8.86,8.56,8.83,1136829.78
2013-07-17,8.95,9.08,8.62,8.63,1102794.13
2013-07-18,8.56,8.68,8.28,8.38,1207742.92
2013-07-19,8.44,8.53,8.07,8.15,1250937.34
2013-07-22,8.0,8.37,7.93,8.32,942831.32
2013-07-23,8.39,8.83,8.3,8.79,1763373.5
2013-07-24,8.66,8.74,8.44,8.62,1386795.29
2013-07-25,8.69,8.84,8.57,8.73,1267136.62
2013-07-26,8.62,8.76,8.54,8.63,804227.5
2013-07-29,8.48,8.49,8.19,8.2,1074881.31
2013-07-30,8.28,8.66,8.16,8.43,1220152.13
2013-07-31,8.64,8.78,8.45,8.49,1082930.97
2013-08-01,8.57,9.06,8.46,9.04,2098316.75
2013-08-02,9.11,9.17,8.88,8.93,1210657.68
2013-08-05,8.95,9.12,8.85,9.11,996928.15
2013-08-06,9.04,9.21,8.89,9.12,1035218.84
2013-08-07,9.12,9.41,8.93,8.96,1422209.15
2013-08-08,8.91,8.99,8.71,8.83,1173589.08
2013-08-09,8.87,9.0,8.71,8.99,1273193.75
2013-08-12,9.01,9.38,8.99,9.37,2147267.63
2013-08-13,9.33,9.41,9.24,9.36,1260988.28
2013-08-14,9.37,9.52,9.13,9.2,1232087.0
2013-08-15,9.2,9.31,9.01,9.03,1068883.05
2013-08-16,8.99,9.93,8.88,9.06,3279343.26
2013-08-19,8.72,8.98,8.61,8.87,2178411.89
2013-08-20,8.84,8.99,8.48,8.58,1985876.47
2013-08-21,8.63,8.7,8.5,8.66,1310610.81
2013-08-22,8.59,8.8,8.56,8.65,1217941.68
2013-08-23,8.7,8.78,8.33,8.48,1288382.69
2013-08-26,8.71,9.23,8.63,9.16,2455314.44
2013-08-27,9.12,9.25,9.05,9.22,1891130.15
2013-08-28,9.13,9.22,8.94,9.05,1938299.16
2013-08-29,9.28,9.33,9.04,9.13,1648936.6
2013-08-30,9.06,9.53,8.94,9.35,2729994.01
2013-09-02,9.36,9.49,9.22,9.37,1717582.96
2013-09-03,9.41,9.48,9.23,9.41,1495502.92
2013-09-04,9.37,9.46,9.24,9.29,1190070.57
2013-09-05,9.26,9.31,9.11,9.16,945584.94
2013-09-06,9.12,9.5,9.12,9.36,1570961.87
2013-09-09,9.49,10.29,9.4,10.17,5014546.62
2013-09-10,10.09,10.58,9.98,10.52,3740492.61
2013-09-11,10.5,10.61,10.23,10.28,2832314.15
2013-09-12,10.28,11.05,10.25,10.71,3434363.16
2013-09-13,10.62,10.78,10.46,10.54,1969980.99
2013-09-16,10.67,10.71,10.23,10.34,1673147.38
2013-09-17,10.34,10.42,10.03,10.06,1792014.3
2013-09-18,10.05,10.22,9.89,10.2,1589184.66
2013-09-23,10.17,10.42,10.1,10.4,1450866.53
2013-09-24,10.33,10.4,9.92,10.13,1546272.4
2013-09-25,10.08,10.31,9.94,9.99,1243005.97
2013-09-26,10.08,10.15,9.8,9.82,1416683.61
2013-09-27,9.79,10.25,9.79,10.25,1378412.7
2013-09-30,10.27,10.29,10.08,10.1,1007900.69
2013-10-08,10.01,10.25,9.85,10.18,1262797.18
2013-10-09,10.08,10.26,10.0,10.22,1170892.99
2013-10-10,10.22,10.25,9.62,9.67,2321391.41
2013-10-11,9.8,10.0,9.69,9.86,1622161.89
2013-10-14,9.87,9.92,9.61,9.74,1495468.3
2013-10-15,9.79,9.79,9.59,9.72,1050972.27
2013-10-16,9.65,9.65,9.35,9.39,1263648.13
2013-10-17,9.49,9.57,9.29,9.39,1222167.6
2013-10-18,9.37,9.73,9.37,9.57,1279830.42
2013-10-21,9.58,9.79,9.47,9.75,1184428.33
2013-10-22,9.75,9.75,9.46,9.53,1106188.06
2013-10-23,9.57,9.84,9.47,9.55,1352138.0
2013-10-24,9.5,9.55,9.33,9.36,898455.93
2013-10-25,9.35,9.53,9.21,9.25,1017856.37
2013-10-28,9.25,9.36,9.16,9.32,715009.32
2013-10-29,9.32,9.61,9.16,9.49,1636909.44
2013-10-30,9.49,9.59,9.37,9.54,1098230.4
2013-10-31,9.57,9.57,9.41,9.42,752148.47
2013-11-01,9.47,9.64,9.37,9.56,1164667.39
2013-11-04,9.61,9.67,9.46,9.49,542865.58
2013-11-05,9.39,9.47,9.25,9.37,895845.96
2013-11-06,9.33,9.38,9.11,9.12,1020689.51
2013-11-07,9.11,9.16,8.84,8.86,1361428.43
2013-11-08,8.76,8.8,8.13,8.24,2679813.75
2013-11-11,8.27,8.39,8.1,8.3,1059734.34
2013-11-12,8.32,8.44,8.29,8.38,974524.64
2013-11-13,8.28,8.31,7.99,8.01,1239029.13
2013-11-14,8.03,8.12,7.89,8.11,974465.03
2013-11-15,8.14,8.93,8.11,8.68,2990543.03
2013-11-18,8.79,9.47,8.75,9.45,3449941.13
2013-11-19,9.37,9.41,9.14,9.26,1843494.71
2013-11-20,9.38,9.45,9.2,9.35,1114172.72
2013-11-21,9.22,9.32,9.05,9.26,1365417.31
2013-11-22,9.37,9.51,9.25,9.29,1453653.75
2013-11-25,9.2,9.43,9.05,9.16,1202202.24
2013-11-26,9.12,9.3,9.1,9.16,972687.25
2013-11-27,9.16,9.53,9.12,9.47,1554045.11
2013-11-28,9.42,9.68,9.37,9.46,1451197.41
2013-11-29,9.5,9.55,9.41,9.5,707607.12
2013-12-02,9.82,10.21,9.62,10.02,3273131.77
2013-12-03,9.94,10.04,9.78,9.96,1351460.18
2013-12-04,9.96,10.16,9.89,10.0,1489437.96
2013-12-05,9.95,10.13,9.93,10.02,1132993.21
2013-12-06,9.89,9.91,9.6,9.64,1849498.49
2013-12-09,9.66,9.83,9.61,9.64,763825.89
2013-12-10,9.64,9.73,9.55,9.59,733999.62
2013-12-11,9.52,9.52,9.12,9.23,1208845.63
2013-12-12,9.18,9.3,9.08,9.16,783973.78
2013-12-13,9.04,9.33,9.0,9.28,732048.12
2013-12-16,9.37,9.41,9.01,9.08,753401.06
2013-12-17,9.09,9.23,8.99,9.12,643376.89
2013-12-18,9.14,9.24,9.09,9.16,508774.66
2013-12-19,9.22,9.29,9.12,9.15,663998.55
2013-12-20,9.15,9.18,8.74,8.81,843839.06
2013-12-23,8.82,8.99,8.67,8.88,670994.42
2013-12-24,8.92,9.03,8.81,8.91,568437.9
2013-12-25,8.95,9.04,8.88,9.03,569305.81
2013-12-26,9.02,9.02,8.87,8.93,514781.82
2013-12-27,8.95,9.1,8.92,9.05,846229.74
2013-12-30,9.12,9.12,8.97,8.99,570417.01
2013-12-31,8.93,9.16,8.91,9.14,1054089.07
2014-01-02,9.11,9.15,9.02,9.05,543525.41
2014-01-03,8.99,9.01,8.66,8.7,1084825.06
2014-01-06,8.66,8.84,8.48,8.79,845842.95
2014-01-07,8.65,8.79,8.62,8.69,364430.7
2014-01-08,8.72,8.87,8.67,8.73,518703.92
2014-01-09,8.7,8.78,8.48,8.49,619919.21
2014-01-10,8.38,8.38,8.2,8.23,765319.89
2014-01-13,8.2,8.32,8.16,8.2,496899.63
2014-01-14,8.21,8.36,8.19,8.31,438032.89
2014-01-15,8.32,8.32,8.12,8.2,546623.72
2014-01-16,8.21,8.31,8.16,8.26,559851.78
2014-01-17,8.2,8.32,8.12,8.29,625356.68
2014-01-20,8.23,8.3,8.18,8.23,326056.79
2014-01-21,8.24,8.49,8.24,8.43,590750.48
2014-01-22,8.44,8.73,8.41,8.69,869363.63
2014-01-23,8.66,8.7,8.53,8.58,573765.06
2014-01-24,8.55,8.74,8.5,8.66,522152.72
2014-01-27,8.56,8.6,8.37,8.41,550300.51
2014-01-28,8.47,8.55,8.38,8.42,431827.87
2014-01-29,8.47,8.51,8.38,8.45,370662.08
2014-01-30,8.41,8.42,8.29,8.31,319268.78
2014-02-07,8.2,8.36,8.16,8.35,396872.1
2014-02-10,8.39,8.61,8.38,8.55,760498.0
2014-02-11,8.55,8.73,8.49,8.6,896070.8
2014-02-12,8.64,8.67,8.52,8.58,668062.72
2014-02-13,8.63,8.67,8.51,8.53,795844.55
2014-02-14,8.52,8.58,8.47,8.55,505812.08
2014-02-17,8.63,8.66,8.51,8.58,727001.35
2014-02-18,8.58,8.58,8.24,8.26,1214729.34
2014-02-19,8.24,8.4,8.16,8.32,914592.03
2014-02-20,8.32,8.4,8.14,8.16,868394.08
2014-02-21,8.11,8.16,7.95,8.03,970690.45
2014-02-24,7.99,7.99,7.74,7.79,951240.65
2014-02-25,7.82,7.88,7.6,7.62,973728.83
2014-02-26,7.58,7.63,7.36,7.49,864647.96
2014-02-27,7.57,7.6,7.4,7.44,806458.81
2014-02-28,7.47,7.8,7.42,7.74,1133208.95
2014-03-03,7.71,7.74,7.6,7.64,701905.92
2014-03-04,7.65,7.71,7.56,7.64,646244.48
2014-03-05,7.67,7.69,7.48,7.51,555563.04
2014-03-06,7.5,7.62,7.37,7.56,660225.25
2014-03-07,7.51,7.62,7.45,7.49,560258.61
2014-03-10,7.42,7.43,7.19,7.19,788171.78
2014-03-11,7.19,7.33,7.11,7.27,748789.84
2014-03-12,7.19,7.34,7.17,7.29,665041.67
2014-03-13,7.32,7.45,7.28,7.34,619548.86
2014-03-14,7.31,7.36,7.22,7.28,496978.29
2014-03-17,7.33,7.36,7.23,7.32,376748.75
2014-03-18,7.33,7.36,7.27,7.29,377860.38
2014-03-19,7.26,7.26,7.16,7.2,389739.22
2014-03-20,7.2,7.32,7.12,7.13,489383.55
2014-03-21,7.11,7.61,7.08,7.55,1260153.41
2014-03-24,7.55,7.86,7.53,7.7,1599404.87
2014-03-25,7.67,7.84,7.63,7.67,1048616.6
2014-03-26,7.8,7.83,7.57,7.61,688922.18
2014-03-27,7.59,7.73,7.46,7.56,818008.01
2014-03-28,7.54,7.65,7.51,7.57,554057.79
2014-03-31,7.61,7.62,7.43,7.46,483264.93
2014-04-01,7.45,7.57,7.44,7.54,379001.35
2014-04-02,7.56,7.63,7.51,7.59,421634.67
2014-04-03,7.64,7.79,7.57,7.58,902422.03
2014-04-04,7.55,7.69,7.53,7.68,449717.97
2014-04-08,7.65,7.95,7.63,7.92,1370474.38
2014-04-09,7.92,7.96,7.8,7.83,736722.31
2014-04-10,7.85,8.51,7.78,8.2,2500690.66
2014-04-11,8.2,8.36,8.09,8.16,1547402.71
2014-04-14,8.16,8.21,8.0,8.09,807278.15
2014-04-15,8.03,8.04,7.9,7.91,733926.83
2014-04-16,7.91,8.11,7.9,7.99,723219.19
2014-04-17,8.06,8.1,7.95,7.99,484214.36
2014-04-18,7.94,8.05,7.83,7.99,554815.86
2014-04-21,7.92,8.05,7.75,7.75,616449.74
2014-04-22,7.74,7.8,7.65,7.79,678234.52
2014-04-23,7.79,7.81,7.71,7.72,367412.67
2014-04-24,7.69,7.87,7.68,7.73,494764.53
2014-04-25,7.76,7.82,7.66,7.68,468461.57
2014-04-28,7.67,7.73,7.48,7.49,507221.15
2014-04-29,7.49,7.63,7.43,7.59,499879.03
2014-04-30,7.53,7.58,7.49,7.55,359443.43
2014-05-05,7.51,7.62,7.44,7.6,382155.86
2014-05-06,7.57,7.65,7.53,7.57,415599.66
2014-05-07,7.57,7.62,7.53,7.57,331247.54
2014-05-08,7.59,7.76,7.55,7.61,601326.06
2014-05-09,7.61,7.68,7.52,7.65,471173.97
2014-05-12,7.81,7.93,7.68,7.87,1147920.91
2014-05-13,7.84,7.89,7.82,7.86,431831.54
2014-05-14,7.91,7.98,7.86,7.86,500592.79
2014-05-15,7.88,7.9,7.7,7.73,501069.36
2014-05-16,7.76,7.78,7.57,7.58,602007.8
2014-05-19,7.53,7.55,7.36,7.36,573127.68
2014-05-20,7.42,7.47,7.36,7.41,298647.31
2014-05-21,7.38,7.48,7.32,7.48,464145.07
2014-05-22,7.47,7.61,7.44,7.5,480180.5
2014-05-23,7.49,7.57,7.46,7.57,283715.65
2014-05-26,7.59,7.62,7.48,7.53,356798.46
2014-05-27,7.53,7.55,7.43,7.44,334766.75
2014-05-28,7.47,7.6,7.42,7.57,588957.64
2014-05-29,7.57,7.6,7.44,7.45,446165.95
2014-05-30,7.45,7.53,7.39,7.46,562121.85
2014-06-03,7.48,7.57,7.43,7.44,445777.9
2014-06-04,7.44,7.44,7.33,7.35,410096.66
2014-06-05,7.37,7.44,7.35,7.43,360806.85
2014-06-06,7.43,7.44,7.31,7.35,361055.25
2014-06-09,7.31,7.41,7.29,7.32,342989.08
2014-06-10,7.36,7.47,7.32,7.46,675363.52
2014-06-11,7.41,7.45,7.39,7.4,373408.67
2014-06-12,7.4,7.45,7.38,7.4,244746.85
2014-06-13,7.4,7.55,7.38,7.52,678394.48
2014-06-16,7.52,7.58,7.47,7.53,637985.86
2014-06-17,7.55,7.55,7.48,7.48,357653.54
2014-06-18,7.48,7.51,7.45,7.48,286491.86
2014-06-19,7.48,7.51,7.32,7.35,486598.39
2014-06-20,7.36,7.43,7.31,7.4,349180.34
2014-06-23,7.39,7.44,7.38,7.4,264389.03
2014-06-24,7.4,7.43,7.37,7.43,299028.04
2014-06-25,7.42,7.42,7.36,7.39,208570.27
2014-06-26,7.4,7.48,7.39,7.44,467273.04
2014-06-27,7.44,7.48,7.39,7.45,374379.28
2014-06-30,7.48,7.53,7.44,7.48,392894.93
2014-07-01,7.51,7.51,7.44,7.46,259819.47
2014-07-02,7.46,7.53,7.44,7.51,422893.1
2014-07-03,7.5,7.57,7.47,7.54,480343.4
2014-07-04,7.56,7.57,7.49,7.5,276117.79
2014-07-07,7.5,7.53,7.47,7.49,253667.68
2014-07-08,7.48,7.51,7.43,7.48,272522.95
2014-07-09,7.48,7.49,7.35,7.35,476562.12
2014-07-10,7.35,7.38,7.33,7.34,390392.99
2014-07-11,7.33,7.43,7.32,7.37,287120.52
2014-07-14,7.37,7.47,7.36,7.46,408856.05
2014-07-15,7.44,7.49,7.42,7.44,505287.31
2014-07-16,7.44,7.53,7.43,7.45,424972.91
2014-07-17,7.44,7.46,7.36,7.41,362608.91
2014-07-18,7.39,7.49,7.36,7.44,536385.3
2014-07-21,7.44,7.45,7.36,7.39,368000.16
2014-07-22,7.37,7.51,7.37,7.47,697619.85
2014-07-23,7.5,7.75,7.48,7.64,1334317.88
2014-07-24,7.62,7.93,7.62,7.85,1804245.17
2014-07-25,7.87,7.92,7.78,7.92,1005925.6
2014-07-28,8.02,8.41,7.94,8.24,2594350.86
2014-07-29,8.18,8.29,8.15,8.18,1198303.93
2014-07-30,8.18,8.29,8.11,8.17,1120971.18
2014-07-31,8.16,8.26,8.09,8.21,899980.52
2014-08-01,8.18,8.25,8.01,8.02,1145771.51
2014-08-04,8.07,8.38,8.06,8.37,1685766.96
2014-08-05,8.37,8.39,8.23,8.29,972238.73
2014-08-06,8.26,8.38,8.16,8.28,971876.73
2014-08-07,8.28,8.35,8.12,8.14,883804.79
2014-08-08,8.18,8.21,8.1,8.14,521662.86
2014-08-11,8.18,8.33,8.18,8.27,786087.11
2014-08-12,8.25,8.3,8.22,8.27,524891.12
2014-08-13,8.27,8.42,8.23,8.32,960612.72
2014-08-14,8.29,8.34,8.17,8.19,620434.2
2014-08-15,8.2,8.35,8.18,8.3,877698.88
2014-08-18,8.34,8.4,8.28,8.32,729799.52
2014-08-19,8.32,8.34,8.16,8.23,909868.55
2014-08-20,8.21,8.23,8.15,8.17,621343.74
2014-08-21,8.17,8.19,8.02,8.07,728750.09
2014-08-22,8.09,8.16,8.03,8.08,731823.31
2014-08-25,8.12,8.13,7.98,8.01,666738.11
2014-08-26,7.99,8.05,7.93,7.95,546645.34
2014-08-27,7.95,8.02,7.94,7.96,375181.48
2014-08-28,7.96,8.02,7.89,7.9,450530.58
2014-08-29,7.95,8.03,7.91,8.03,360014.13
2014-09-01,8.03,8.07,7.99,8.06,424533.28
2014-09-02,8.07,8.23,8.03,8.21,925365.79
2014-09-03,8.22,8.29,8.19,8.23,818571.79
2014-09-04,8.26,8.38,8.22,8.35,1146081.75
2014-09-05,8.42,8.62,8.41,8.48,1514542.81
2014-09-09,8.5,8.52,8.38,8.42,745498.64
2014-09-10,8.37,8.38,8.27,8.31,744785.31
2014-09-11,8.31,8.54,8.29,8.33,1173975.01
2014-09-12,8.29,8.38,8.25,8.38,599003.5
2014-09-15,8.4,8.4,8.28,8.38,675215.06
2014-09-16,8.45,8.49,8.18,8.2,1160661.78
2014-09-17,8.24,8.27,8.15,8.2,687547.34
2014-09-18,8.18,8.33,8.13,8.25,737756.26
2014-09-19,8.26,8.31,8.21,8.29,485944.09
2014-09-22,8.26,8.29,8.08,8.11,629722.52
2014-09-23,8.12,8.27,8.11,8.22,550107.23
2014-09-24,8.18,8.57,8.16,8.5,1723670.0
2014-09-25,8.55,8.58,8.36,8.42,1182323.11
2014-09-26,8.42,8.46,8.35,8.4,693309.66
2014-09-29,8.45,8.55,8.4,8.46,965828.5
2014-09-30,8.48,8.5,8.4,8.44,643750.99
2014-10-08,8.47,8.5,8.39,8.48,741496.94
2014-10-09,8.47,8.52,8.39,8.43,801910.42
2014-10-10,8.38,8.46,8.31,8.33,998010.21
2014-10-13,8.28,8.29,8.2,8.26,703594.08
2014-10-14,8.23,8.32,8.16,8.21,766115.44
2014-10-15,8.25,8.47,8.21,8.4,1366479.49
2014-10-16,8.33,8.45,8.27,8.28,1115625.85
2014-10-17,8.3,8.42,8.21,8.38,1097769.7
2014-10-20,8.38,8.45,8.34,8.4,820762.86
2014-10-21,8.39,8.53,8.37,8.38,1210466.38
2014-10-22,8.39,8.48,8.29,8.29,860337.35
2014-10-23,8.28,8.35,8.23,8.25,719828.7
2014-10-24,8.25,8.31,8.16,8.18,594773.81
2014-10-27,8.05,8.05,7.92,7.95,841879.81
2014-10-28,7.96,8.16,7.96,8.15,738941.74
2014-10-29,8.2,8.51,8.14,8.34,1454101.45
2014-10-30,8.33,8.42,8.29,8.37,1061159.71
2014-10-31,8.41,8.74,8.38,8.7,2822270.72
2014-11-03,8.72,8.83,8.61,8.66,2276009.19
2014-11-04,8.61,8.76,8.6,8.7,1470521.07
2014-11-05,8.71,8.91,8.61,8.76,2148222.41
2014-11-06,8.76,8.79,8.54,8.61,2163538.37
2014-11-07,8.69,9.24,8.63,8.9,4180994.45
2014-11-10,9.17,9.27,8.95,9.22,3503141.44
2014-11-11,9.49,9.9,9.27,9.54,5311216.17
2014-11-12,9.42,10.13,9.39,10.1,4160810.9
2014-11-13,10.0,10.17,9.75,9.83,3732965.04
2014-11-14,9.76,10.04,9.59,9.94,2992978.01
2014-11-17,10.13,10.14,9.63,9.67,2630107.34
2014-11-18,9.59,9.78,9.43,9.47,2001326.37
2014-11-19,9.44,9.53,9.34,9.36,1261634.65
2014-11-20,9.39,9.6,9.36,9.53,1453881.16
2014-11-21,9.53,10.44,9.46,10.31,4103239.19
2014-11-24,10.63,11.29,10.56,11.08,5816513.39
2014-11-25,11.03,11.35,10.88,11.09,3321385.02
2014-11-26,11.25,11.82,11.25,11.59,4129893.8
2014-11-27,11.67,12.11,11.36,12.1,5125231.82
2014-11-28,11.86,12.18,11.52,11.83,4874058.42
2014-12-01,11.93,12.56,11.71,12.2,5134460.19
2014-12-02,12.01,13.4,11.93,13.32,5231829.71
2014-12-03,13.37,14.34,12.91,13.33,6534201.49
2014-12-05,14.67,14.67,14.67,14.67,1432189.21
2014-12-08,15.71,16.13,15.43,16.13,4033429.7
2014-12-09,17.59,17.74,16.29,17.32,8408326.33
2014-12-10,18.0,18.49,16.15,17.77,11888188.5
2014-12-11,16.6,17.35,15.99,15.99,8189971.31
2014-12-12,15.67,17.25,15.63,16.25,6923929.61
2014-12-15,16.02,16.89,15.71,16.69,4772910.84
2014-12-16,16.81,18.36,16.69,18.36,9176339.3
2014-12-17,19.3,20.19,18.04,19.9,10279499.88
2014-12-18,19.22,19.7,18.51,18.54,6051482.7
2014-12-19,18.65,18.99,17.44,18.41,5397667.15
2014-12-22,18.41,18.56,17.26,18.0,4683254.92
2014-12-23,18.0,18.64,17.84,18.08,3828005.55
2014-12-24,18.38,18.51,16.29,16.44,5004370.8
2014-12-25,16.52,17.35,16.08,17.13,4197315.73
2014-12-26,17.14,18.84,17.04,18.84,6378799.08
2014-12-29,19.59,19.68,18.09,18.37,6079042.33
2014-12-30,18.54,20.04,18.07,19.53,6731028.9
2014-12-31,19.47,20.44,19.04,19.68,6134440.51
2015-01-05,19.79,19.98,18.81,19.53,5106086.98
2015-01-06,19.06,19.76,18.78,19.24,4232556.92
2015-01-07,19.24,20.76,19.16,19.89,5373386.66
2015-01-08,19.92,20.11,18.85,19.08,3812974.23
2015-01-09,19.17,20.32,18.86,19.21,4853828.14
2015-01-12,19.3,19.55,18.4,18.62,4235818.21
2015-01-13,18.49,18.68,17.78,17.86,3128107.17
2015-01-14,18.02,18.39,17.8,18.23,2308427.36
2015-01-15,18.11,18.94,17.86,18.89,2967992.07
2015-01-16,19.06,19.19,18.54,18.84,2588936.42
2015-01-19,16.96,16.96,16.96,16.96,369959.0
2015-01-20,15.3,15.95,15.26,15.46,6944106.22
2015-01-21,15.79,17.01,15.64,17.01,6390655.92
2015-01-22,17.16,17.5,16.78,17.45,4570026.62
2015-01-23,17.77,18.52,17.48,17.76,4291061.4
2015-01-26,17.82,17.84,17.23,17.5,2323702.22
2015-01-27,17.5,17.67,16.79,17.26,2656586.16
2015-01-28,17.02,17.73,16.88,17.11,2722996.53
2015-01-29,16.62,16.92,16.44,16.56,2161934.92
2015-01-30,16.77,16.89,16.2,16.25,1804719.31
2015-02-02,15.7,16.29,15.58,15.9,2120266.87
2015-02-03,16.25,17.03,16.03,16.87,2969082.07
2015-02-04,16.96,17.33,16.51,16.53,2866777.64
2015-02-05,17.37,17.42,16.51,16.54,3532917.92
2015-02-06,16.52,17.18,16.52,17.06,3290289.67
2015-02-09,16.89,18.15,16.83,17.77,4340029.09
2015-02-10,17.67,18.27,17.53,18.02,3044569.37
2015-02-11,18.12,18.15,17.75,18.11,1896540.19
2015-02-12,18.07,18.1,17.68,17.9,1431717.81
2015-02-13,18.02,18.29,17.74,17.76,2261784.98
2015-02-16,17.76,17.86,17.41,17.67,1560008.34
2015-02-17,17.78,18.12,17.66,17.77,1523065.86
2015-02-25,17.82,17.82,17.1,17.21,1605325.42
2015-02-26,17.18,18.04,16.78,17.97,2852736.1
2015-02-27,17.98,18.31,17.73,17.8,1940988.35
2015-03-02,18.18,18.36,17.82,17.91,2589918.39
2015-03-03,17.71,17.79,17.01,17.03,2774274.14
2015-03-04,17.15,17.23,16.8,16.94,1426891.28
2015-03-05,16.78,17.16,16.56,16.87,1821974.16
2015-03-06,16.97,17.41,16.9,16.96,1824804.4
2015-03-09,16.35,16.92,15.97,16.66,2396991.22
2015-03-10,16.52,17.01,16.41,16.51,1756869.76
2015-03-11,16.62,16.92,16.45,16.5,1474121.46
2015-03-12,16.68,17.14,16.51,16.93,1961640.01
2015-03-13,17.08,17.35,16.83,16.93,1749309.44
2015-03-16,16.96,17.41,16.74,17.32,2350054.3
2015-03-17,17.7,17.86,17.39,17.77,3236275.43
2015-03-18,18.0,18.35,17.92,18.27,3365683.76
2015-03-19,18.28,18.28,17.96,18.05,2236108.66
2015-03-20,18.09,19.78,17.84,19.12,5299587.56
2015-03-23,19.27,19.61,18.96,19.35,3639851.89
2015-03-24,19.3,19.38,18.64,18.85,3257135.8
2015-03-25,18.9,19.32,18.55,18.62,3079044.67
2015-03-26,18.4,18.91,18.24,18.51,2073048.69
2015-03-27,18.52,18.96,18.49,18.66,1767099.84
2015-03-30,18.85,19.34,18.58,19.11,3464603.18
2015-03-31,19.51,20.35,19.03,19.15,4567966.68
2015-04-01,19.39,20.49,19.25,20.29,5347337.54
2015-04-02,20.76,20.84,19.65,20.08,4405690.36
2015-04-03,20.51,22.05,20.2,22.0,6697736.66
2015-04-07,21.96,22.2,21.27,22.08,5357702.76
2015-04-08,22.09,23.25,21.64,22.72,5666894.8
2015-04-09,23.3,24.1,22.33,22.43,6389016.0
2015-04-10,22.25,22.7,21.99,22.45,3800483.82
2015-04-13,22.49,22.57,21.72,22.13,3723260.21
2015-04-14,22.13,23.05,21.58,22.74,4045507.6
2015-04-15,22.66,22.86,21.96,22.0,2808457.87
2015-04-16,21.69,22.56,21.52,22.31,2905257.32
2015-04-17,22.58,23.11,22.2,22.6,3937178.14
2015-04-20,22.59,22.59,21.51,21.52,4104110.34
2015-04-21,21.5,22.89,21.5,22.47,3985623.78
2015-04-22,22.82,24.72,22.62,24.72,6727356.18
2015-04-23,25.19,25.9,24.29,24.53,7760837.29
2015-04-24,24.09,24.2,23.21,23.59,5303183.63
2015-04-27,23.76,24.3,23.38,23.77,3626131.36
2015-04-28,23.75,24.21,23.31,23.54,3807192.25
2015-04-29,23.64,24.15,23.46,23.79,3452196.68
2015-04-30,23.84,24.2,23.38,23.4,2980535.26
2015-05-04,23.44,23.56,22.8,23.24,2027892.79
2015-05-05,23.26,24.11,22.5,22.71,3651849.45
2015-05-06,23.14,23.87,22.53,23.19,3785459.28
2015-05-07,22.86,23.82,22.63,23.52,3729701.73
2015-05-08,23.7,23.79,22.27,22.79,4608129.24
2015-05-11,22.9,23.2,22.37,23.12,3618608.42
2015-05-12,23.15,24.02,22.64,23.44,4301979.54
2015-05-13,23.42,23.42,22.7,22.81,2533912.46
2015-05-14,22.83,23.21,22.53,22.7,2091896.88
2015-05-15,22.49,22.73,21.52,21.69,2758541.55
2015-05-18,21.47,21.59,20.99,21.01,2312239.97
2015-05-19,20.93,22.99,20.87,22.59,4333216.7
2015-05-20,22.67,22.72,22.09,22.22,2735317.88
2015-05-21,22.33,22.49,21.92,22.22,1844234.48
2015-05-22,22.45,23.33,22.29,22.98,3493953.09
2015-05-25,23.04,23.97,23.03,23.6,3692501.82
2015-05-26,23.76,23.93,23.09,23.68,3374288.79
2015-05-27,23.8,23.95,23.41,23.48,2743954.91
2015-05-28,23.5,23.6,21.19,21.28,3975245.55
2015-05-29,21.52,21.91,20.7,21.07,2961895.68
2015-06-01,21.02,22.7,20.71,22.2,3141118.83
2015-06-02,22.13,22.23,21.68,21.97,2189016.03
2015-06-03,22.01,22.44,21.7,21.91,2241934.17
2015-06-04,21.93,22.4,20.45,22.23,3083710.83
2015-06-05,22.67,22.81,21.68,22.11,2969089.52
2015-06-08,22.11,23.32,21.8,23.18,4694299.36
2015-06-09,23.38,23.4,22.43,22.59,3133661.18
2015-06-10,22.37,22.72,22.1,22.34,2074039.94
2015-06-11,22.34,22.51,21.93,22.13,1890535.26
2015-06-12,22.45,22.47,21.95,22.12,2196115.21
2015-06-15,22.49,22.62,21.35,21.41,2688687.68
2015-06-16,21.19,21.8,20.87,21.15,2116348.17
2015-06-17,21.18,21.42,20.86,21.33,1720929.82
2015-06-18,21.11,21.21,20.15,20.18,1822013.5
2015-06-19,20.0,20.58,18.98,19.02,2044360.2
2015-06-23,19.08,19.71,18.4,19.66,2118825.01
2015-06-24,19.67,19.75,19.17,19.65,1897150.48
2015-06-25,19.74,20.26,19.17,19.3,2112861.99
2015-06-26,18.8,19.8,17.37,17.41,3083068.2
2015-06-29,18.04,18.07,15.66,16.21,4046792.62
2015-06-30,16.32,17.83,15.79,17.83,3965566.74
2015-07-01,17.59,18.22,16.6,16.89,2976239.11
2015-07-02,17.67,17.99,16.36,17.23,3873741.16
2015-07-03,17.25,17.98,15.95,16.86,3011849.84
2015-07-06,18.55,18.55,17.24,17.98,4491932.39
2015-07-07,17.64,18.05,16.19,17.3,4312662.09
2015-07-08,15.57,16.56,15.57,15.57,1667055.0
2015-07-09,14.08,17.12,14.01,17.12,5079592.56
2015-07-10,16.58,18.82,16.56,18.46,6039783.04
2015-07-13,18.05,19.04,17.57,18.18,4969135.12
2015-07-14,17.66,17.94,16.6,16.89,3617331.16
2015-07-15,16.56,17.13,15.73,16.34,3226473.77
2015-07-16,16.34,16.77,15.94,16.32,1886379.39
2015-07-17,16.5,17.16,16.2,16.89,2263533.3
2015-07-20,16.74,16.97,16.3,16.39,1962100.72
2015-07-21,16.21,16.81,15.96,16.29,2090532.64
2015-07-22,16.34,16.49,15.96,16.04,1602390.37
2015-07-23,16.1,16.51,16.06,16.39,1836085.79
2015-07-24,16.37,16.47,15.81,15.87,1913527.12
2015-07-27,15.73,15.73,14.28,14.28,2511590.51
2015-07-28,13.99,15.61,13.09,15.28,4231490.35
2015-07-29,15.13,15.39,14.7,15.09,1751606.51
2015-07-30,15.04,15.24,14.2,14.31,1359970.78
2015-07-31,14.1,14.44,14.09,14.24,1169640.24
2015-08-03,14.08,14.28,13.92,14.19,1253346.21
2015-08-04,14.19,14.56,14.12,14.53,1292984.26
2015-08-05,14.48,14.48,14.02,14.07,1089675.73
2015-08-06,13.83,13.99,13.5,13.56,1111249.34
2015-08-07,13.58,13.89,13.5,13.65,1359710.23
2015-08-10,13.73,14.96,13.58,14.66,2693044.7
2015-08-11,14.52,14.73,14.25,14.32,1663036.02
2015-08-12,14.08,14.7,14.02,14.18,1712674.13
2015-08-13,14.18,14.37,13.85,14.28,1480351.03
2015-08-14,14.37,14.65,14.25,14.43,1756557.61
2015-08-17,14.32,14.37,13.95,14.17,1242839.21
2015-08-18,14.28,14.73,13.1,13.22,2345752.13
2015-08-19,13.02,13.47,12.59,13.29,1592250.71
2015-08-20,13.17,13.21,12.58,12.59,1219915.14
2015-08-21,12.43,12.65,11.49,11.62,1797299.41
2015-08-24,11.01,11.3,10.46,10.46,2774171.27
2015-08-25,9.72,10.33,9.41,9.41,4097156.27
2015-08-26,9.46,10.09,9.03,9.34,3149239.06
2015-08-27,9.73,10.09,9.37,10.05,2799573.97
2015-08-28,10.13,10.56,9.89,10.48,3236055.22
2015-08-31,10.19,10.23,9.5,10.06,4223225.18
2015-09-01,9.8,10.42,9.45,10.34,3920778.03
2015-09-02,9.92,10.42,9.79,10.18,3314664.95
2015-09-07,10.17,10.57,9.95,10.05,1681482.4
2015-09-08,9.95,10.61,9.89,10.55,1509047.17
2015-09-09,10.6,11.06,10.52,10.93,2135856.01
2015-09-10,10.73,10.84,10.52,10.71,1198437.94
2015-09-11,10.69,10.87,10.56,10.66,883497.52
2015-09-14,10.61,10.66,9.64,10.62,3047336.7
2015-09-15,10.18,10.35,9.77,10.14,1260233.34
2015-09-16,10.16,11.16,9.98,10.81,1490700.87
2015-09-17,10.76,11.09,10.61,10.63,1223089.31
2015-09-18,10.86,11.01,10.71,10.86,933368.52
2015-09-21,10.68,11.1,10.55,11.03,997094.23
2015-09-22,11.04,11.75,10.97,11.35,1455166.93
2015-09-23,11.12,11.24,10.81,10.84,1007063.43
2015-09-24,10.94,10.98,10.76,10.87,541191.81
2015-09-25,10.74,10.82,10.35,10.61,826696.3
2015-09-28,10.52,10.76,10.5,10.71,353571.13
2015-09-29,10.51,10.74,10.33,10.55,551040.88
2015-09-30,10.52,10.88,10.52,10.56,596428.69
2015-10-08,11.3,11.34,10.95,10.98,1071883.51
2015-10-09,11.03,11.43,10.98,11.38,1193067.72
2015-10-12,11.37,12.35,11.24,12.01,1738785.79
2015-10-13,11.87,12.06,11.78,11.92,733727.64
2015-10-14,11.88,12.24,11.75,11.77,987460.06
2015-10-15,11.77,12.21,11.7,12.13,1016624.76
2015-10-16,12.32,12.57,12.13,12.33,1260247.3
2015-10-19,12.42,13.04,12.35,12.49,1644293.95
2015-10-20,12.42,12.6,12.23,12.58,858246.09
2015-10-21,12.59,12.76,11.59,12.4,1914391.76
2015-10-22,12.2,12.4,11.91,12.37,837999.4
2015-10-23,12.4,12.65,12.28,12.59,867406.55
2015-10-26,12.86,13.24,12.62,12.78,1539453.11
2015-10-27,12.74,12.74,12.25,12.63,904438.06
2015-10-28,12.54,12.57,12.08,12.12,678479.75
2015-10-29,12.31,12.31,12.01,12.11,570572.7
2015-10-30,12.11,12.7,11.85,12.29,1122135.47
2015-11-02,12.06,12.3,11.91,11.95,571712.77
2015-11-03,11.92,12.07,11.76,11.82,625826.65
2015-11-04,11.88,13.01,11.86,13.01,2283381.08
2015-11-05,13.15,14.31,13.14,13.77,5511102.22
2015-11-06,13.55,15.14,13.41,14.91,4720287.49
2015-11-09,14.91,15.39,14.37,14.44,4159521.3
2015-11-10,14.16,15.32,14.1,14.49,2900804.2
2015-11-11,14.31,14.86,14.05,14.56,2099757.37
2015-11-12,14.56,14.68,14.05,14.18,1693351.25
2015-11-13,13.95,14.49,13.91,14.18,1533869.49
2015-11-16,13.74,13.95,13.6,13.94,1244787.57
2015-11-17,14.13,15.07,14.1,14.17,2276616.76
2015-11-18,14.22,14.84,13.83,13.94,1810542.87
2015-11-19,13.87,14.24,13.65,14.16,1087128.96
2015-11-20,14.16,14.16,13.79,13.89,900183.98
2015-11-23,13.89,14.14,13.67,13.7,787597.58
2015-11-24,13.66,14.04,13.56,13.83,968875.71
2015-11-25,13.74,13.97,13.66,13.93,844420.44
2015-11-26,14.08,14.29,13.79,13.84,1044234.53
2015-11-30,12.46,13.08,12.45,12.6,2222990.16
2015-12-01,12.49,12.71,12.35,12.53,1037448.98
2015-12-02,12.53,13.33,12.48,13.17,1363291.18
2015-12-03,13.1,13.37,13.01,13.12,991670.33
2015-12-04,13.04,13.12,12.65,12.68,893526.14
2015-12-07,12.69,12.77,12.42,12.55,655065.53
2015-12-08,12.51,12.68,12.42,12.49,601473.0
2015-12-09,12.44,12.69,12.42,12.57,563020.88
2015-12-10,12.63,13.12,12.5,12.59,821714.74
2015-12-11,12.5,12.83,12.25,12.55,807732.26
2015-12-14,12.34,13.55,12.32,13.48,1483620.03
2015-12-15,13.33,13.38,12.96,13.0,1051427.43
2015-12-16,13.08,13.31,12.91,13.0,745253.03
2015-12-17,13.14,13.36,13.02,13.17,969207.51
2015-12-18,13.17,13.3,13.02,13.07,725115.81
2015-12-21,13.0,13.7,12.97,13.41,1327780.79
2015-12-22,13.41,13.6,13.34,13.46,963486.35
2015-12-23,13.46,14.73,13.44,13.93,3195752.44
2015-12-24,13.83,14.12,13.3,13.61,1650065.28
2015-12-25,13.66,14.06,13.5,13.87,1013457.69
2015-12-28,14.08,14.15,13.17,13.22,1327201.61
2015-12-29,13.23,13.5,13.19,13.46,759611.36
2015-12-30,13.42,13.54,13.0,13.35,879018.69
2015-12-31,13.29,13.41,13.07,13.1,671137.56
2016-01-04,13.0,13.03,11.8,11.82,879826.47
2016-01-05,11.49,12.17,11.34,11.87,1099988.04
2016-01-06,11.84,12.12,11.72,12.07,804056.41
2016-01-07,11.76,11.84,10.89,10.95,218479.0
2016-01-08,11.28,11.73,10.69,11.19,1545147.86
2016-01-11,10.93,11.0,10.26,10.38,1327974.75
2016-01-12,10.53,10.71,10.37,10.52,1096615.41
2016-01-13,10.65,10.76,10.39,10.42,1081884.89
2016-01-14,10.08,10.71,9.96,10.65,987944.09
2016-01-15,10.54,10.62,10.23,10.43,924090.46
2016-01-18,10.21,10.66,10.16,10.49,525720.33
2016-01-19,10.52,10.95,10.41,10.88,852682.91
2016-01-20,10.88,10.99,10.62,10.74,676581.99
2016-01-21,10.72,10.9,10.21,10.26,588915.49
2016-01-22,10.43,10.52,10.14,10.43,467853.78
2016-01-25,10.52,10.61,10.42,10.5,363098.95
2016-01-26,10.37,10.42,9.47,9.51,903737.23
2016-01-27,9.56,9.82,9.2,9.65,1140810.92
2016-01-28,9.53,9.88,9.41,9.46,624330.74
2016-01-29,9.53,10.13,9.49,10.03,946778.48
2016-02-01,10.0,10.14,9.85,10.05,661897.69
2016-02-02,10.05,10.56,10.03,10.44,604852.99
2016-02-03,10.27,10.38,10.11,10.36,399877.06
2016-02-04,10.39,10.71,10.37,10.54,560959.08
2016-02-05,10.36,10.45,10.22,10.23,431587.54
2016-02-15,9.94,10.18,9.89,10.07,459595.86
2016-02-16,10.18,10.52,10.14,10.45,615886.36
2016-02-17,10.41,10.57,10.36,10.52,473696.16
2016-02-18,10.62,10.85,10.49,10.5,556971.67
2016-02-19,10.5,10.7,10.46,10.66,544574.9
2016-02-22,10.81,11.09,10.64,10.95,778503.13
2016-02-23,10.92,10.94,10.55,10.68,483122.95
2016-02-24,10.63,10.79,10.5,10.74,409187.02
2016-02-25,10.71,10.71,9.87,9.94,818457.97
2016-02-26,10.08,10.27,9.93,10.16,720002.0
2016-02-29,10.11,10.31,9.65,10.27,1194171.01
2016-03-01,10.23,11.05,10.14,10.63,832550.5
2016-03-02,10.72,11.22,10.62,11.14,1162401.76
2016-03-03,11.01,11.11,10.81,11.0,900453.19
2016-03-04,10.95,11.3,10.79,11.21,1730343.8
2016-03-07,11.29,11.38,11.1,11.14,646700.25
2016-03-08,11.14,11.23,10.66,11.21,698848.27
2016-03-09,10.93,11.2,10.71,11.18,855177.67
2016-03-10,11.01,11.13,10.72,10.73,374854.0
2016-03-11,10.59,11.0,10.58,10.92,441443.24
2016-03-14,11.05,11.37,10.94,11.1,631017.3
2016-03-15,11.1,11.14,10.86,11.06,395744.0
2016-03-16,11.07,11.32,11.07,11.29,1275546.62
2016-03-17,11.29,11.67,11.14,11.53,804841.89
2016-03-18,11.67,11.91,11.48,11.61,1683986.3
2016-03-21,11.84,12.77,11.84,12.73,3831676.98
2016-03-22,12.41,12.5,12.01,12.16,2241937.18
2016-03-23,12.09,12.3,11.98,12.2,1240129.63
2016-03-24,11.99,12.01,11.7,11.72,1145666.12
2016-03-25,11.74,11.91,11.73,11.9,651262.21
2016-03-28,11.91,12.06,11.55,11.59,581473.12
2016-03-29,11.67,11.75,11.39,11.48,608734.05
2016-03-30,11.67,11.87,11.61,11.77,786704.58
2016-03-31,11.88,12.17,11.8,11.83,864242.56
2016-04-01,11.86,12.03,11.64,11.92,668511.1
2016-04-05,11.82,12.21,11.82,12.04,1045666.28
2016-04-06,11.96,12.06,11.83,12.01,629267.71
2016-04-07,12.03,12.08,11.74,11.8,488706.37
2016-04-08,11.7,11.79,11.56,11.74,583433.67
2016-04-11,12.1,12.42,11.96,11.97,1154279.63
2016-04-12,12.01,12.14,11.91,12.07,510517.39
2016-04-13,12.18,12.63,12.18,12.35,1237286.53
2016-04-14,12.42,12.48,12.26,12.38,499665.5
2016-04-15,12.41,12.55,12.35,12.44,737865.9
2016-04-18,12.32,12.47,12.14,12.41,917996.26
2016-04-19,12.42,12.49,12.34,12.49,478482.73
2016-04-20,12.5,12.66,12.02,12.64,1386720.3
2016-04-21,12.42,13.0,12.35,12.72,1341512.17
2016-04-22,12.48,12.85,12.45,12.76,631632.6
2016-04-25,12.68,13.02,12.48,12.81,660537.34
2016-04-26,12.78,13.03,12.68,12.83,677969.96
2016-04-27,12.83,12.89,12.69,12.73,551138.96
2016-04-28,12.68,12.75,12.34,12.43,669560.19
2016-04-29,12.42,12.52,12.35,12.44,391177.3
2016-05-03,12.44,12.74,12.41,12.54,669028.09
2016-05-04,12.47,12.55,12.43,12.49,472372.88
2016-05-05,12.43,12.52,12.4,12.44,324109.21
2016-05-06,12.44,12.5,12.17,12.2,541186.41
2016-05-09,12.12,12.26,11.83,12.09,452072.91
2016-05-10,11.95,12.19,11.88,12.0,405576.7
2016-05-11,12.04,12.11,11.94,11.96,361888.21
2016-05-12,11.88,12.19,11.8,12.09,299448.82
2016-05-13,12.04,12.16,11.96,12.02,228292.28
2016-05-16,11.95,12.05,11.82,11.96,206485.76
2016-05-17,11.95,12.1,11.84,11.95,213611.57
2016-05-18,11.88,12.25,11.84,12.25,635636.5
2016-05-19,12.13,12.25,12.08,12.16,279391.92
2016-05-20,12.02,12.29,12.01,12.26,277110.69
2016-05-23,12.25,12.47,12.23,12.35,297713.89
2016-05-24,12.31,12.42,12.25,12.34,238620.93
2016-05-25,12.49,12.58,12.3,12.31,282382.98
2016-05-26,12.28,12.42,12.22,12.4,218624.15
2016-05-27,12.4,12.41,12.25,12.3,157343.73
2016-05-30,12.35,12.45,12.25,12.43,270565.31
2016-05-31,12.43,13.32,12.43,13.12,977489.76
2016-06-01,13.07,13.25,12.9,12.92,550147.76
2016-06-02,12.92,13.0,12.8,12.89,295407.7
2016-06-03,12.97,13.02,12.73,12.8,408212.67
2016-06-06,12.83,12.88,12.73,12.77,205873.56
2016-06-07,12.76,12.9,12.75,12.78,201138.78
2016-06-08,12.79,12.85,12.7,12.78,258424.89
2016-06-13,12.59,12.73,12.24,12.3,353186.71
2016-06-14,12.3,12.45,12.23,12.38,223453.79
2016-06-15,12.21,12.65,12.18,12.42,283933.07
2016-06-16,12.35,12.57,12.32,12.39,242462.96
2016-06-17,12.41,12.68,12.4,12.47,300396.5
2016-06-20,12.58,12.63,12.44,12.48,156103.66
2016-06-21,12.54,13.08,12.51,12.57,331551.77
2016-06-22,12.54,12.73,12.51,12.72,180221.96
2016-06-23,12.72,12.79,12.61,12.74,182096.53
2016-06-24,12.75,12.92,12.24,12.42,338052.78
2016-06-27,12.43,12.69,12.43,12.67,186041.58
2016-06-28,12.65,12.89,12.6,12.73,344097.54
2016-06-29,12.75,12.99,12.75,12.79,350165.23
2016-06-30,12.78,12.97,12.75,12.77,324638.45
2016-07-01,12.83,12.96,12.73,12.76,314676.96
2016-07-04,12.73,13.25,12.68,13.12,595354.06
2016-07-05,13.12,13.21,12.98,13.12,267236.5
2016-07-06,13.12,13.13,12.92,13.03,207509.74
2016-07-07,13.03,13.17,12.93,13.07,228793.37
2016-07-08,13.01,13.21,13.01,13.11,232920.53
2016-07-11,13.19,13.28,13.06,13.08,292509.9
2016-07-12,13.08,13.39,13.07,13.36,420219.8
2016-07-13,13.44,13.79,13.44,13.55,443411.76
2016-07-14,13.56,13.65,13.5,13.6,280048.22
2016-07-15,13.76,13.76,13.36,13.43,281427.09
2016-07-18,13.37,13.37,13.08,13.14,259342.13
2016-07-19,13.17,13.39,13.17,13.31,243341.31
2016-07-20,13.25,13.39,13.25,13.3,169618.51
2016-07-21,13.31,13.52,13.28,13.4,218280.45
2016-07-22,13.39,13.45,13.2,13.22,181002.31
2016-07-25,13.21,13.37,13.15,13.26,174468.24
2016-07-26,13.22,13.42,13.22,13.4,294754.71
2016-07-27,13.41,13.54,12.86,13.53,535396.5
2016-07-28,13.43,13.43,13.12,13.16,248556.87
2016-07-29,13.16,13.26,12.99,12.99,158163.94
2016-08-01,13.09,13.11,12.88,12.92,128914.21
2016-08-02,12.93,13.02,12.88,12.95,80393.85
2016-08-03,12.95,13.01,12.9,12.96,83465.57
2016-08-04,12.94,13.0,12.89,12.95,125592.2
2016-08-05,12.98,13.17,12.94,13.01,150917.28
2016-08-08,12.98,13.1,12.91,13.09,103355.64
2016-08-09,13.09,13.23,13.06,13.2,147759.57
2016-08-10,13.25,13.27,13.11,13.14,151509.79
2016-08-11,13.17,13.35,13.15,13.18,233787.79
2016-08-12,13.11,13.49,13.1,13.45,321376.9
2016-08-15,13.45,14.47,13.44,14.05,898872.77
2016-08-16,13.96,14.15,13.7,13.75,586810.47
2016-08-17,13.94,14.03,13.67,13.72,372717.52
2016-08-18,13.63,13.8,13.38,13.47,456958.47
2016-08-19,13.47,13.53,13.38,13.47,221798.09
2016-08-22,13.48,13.55,13.37,13.39,182476.36
2016-08-23,13.42,13.53,13.32,13.43,211356.5
2016-08-24,13.45,13.49,13.31,13.38,189411.46
2016-08-25,13.37,13.49,13.31,13.38,208060.92
2016-08-26,13.39,13.49,13.34,13.41,186722.05
2016-08-29,13.45,13.47,13.28,13.37,139307.89
2016-08-30,13.38,13.49,13.35,13.43,196996.32
2016-08-31,13.41,13.51,13.37,13.49,131175.05
2016-09-01,13.45,13.49,13.31,13.37,174641.07
2016-09-02,13.31,13.56,13.31,13.54,289285.84
2016-09-05,13.53,13.62,13.49,13.54,199270.12
2016-09-06,13.51,13.6,13.34,13.46,226852.94
2016-09-07,13.46,13.55,13.43,13.5,238517.0
2016-09-08,13.5,13.56,13.46,13.53,116482.44
2016-09-09,13.54,13.7,13.53,13.54,243004.07
2016-09-12,13.28,13.69,13.26,13.67,760228.1
2016-09-13,13.61,13.68,13.54,13.66,218806.1
2016-09-14,13.58,13.64,13.54,13.57,260434.22
2016-09-19,13.57,13.6,13.54,13.54,174384.77
2016-09-20,13.6,13.63,13.53,13.55,154576.8
2016-09-21,13.54,13.69,13.52,13.58,187249.15
2016-09-22,13.64,13.68,13.55,13.59,146554.3
2016-09-23,13.59,13.62,13.54,13.54,85740.98
2016-09-26,13.49,13.6,13.42,13.51,241502.67
2016-09-27,13.47,13.59,13.45,13.57,175540.03
2016-09-28,13.58,13.6,13.53,13.54,105089.46
2016-09-29,13.58,13.74,13.54,13.6,187382.08
2016-09-30,13.56,13.65,13.54,13.54,96828.82
2016-10-10,13.62,13.69,13.54,13.67,159510.8
2016-10-11,13.68,13.74,13.63,13.71,135522.39
2016-10-12,13.68,13.73,13.59,13.63,121352.52
2016-10-13,13.63,13.68,13.55,13.6,127530.18
2016-10-14,13.6,13.66,13.52,13.59,90070.12
2016-10-17,13.59,13.61,13.37,13.43,123529.02
2016-10-18,13.42,13.64,13.42,13.6,163584.96
2016-10-19,13.6,13.66,13.49,13.5,101745.68
2016-10-20,13.52,13.58,13.48,13.49,73114.99
2016-10-21,13.47,13.63,13.47,13.6,189618.23
2016-10-24,13.6,14.0,13.58,13.74,396921.96
2016-10-25,13.74,13.85,13.66,13.73,180056.26
2016-10-26,13.71,13.77,13.6,13.66,117711.24
2016-10-27,13.63,13.76,13.61,13.67,121740.83
2016-10-28,13.64,14.12,13.64,13.85,385731.59
2016-10-31,13.85,13.96,13.63,13.86,172134.77
2016-11-01,13.87,14.0,13.87,13.94,159642.39
2016-11-02,13.93,14.06,13.86,13.93,240316.44
2016-11-03,13.89,14.39,13.85,14.14,486881.68
2016-11-04,14.08,14.21,14.06,14.17,276236.55
2016-11-07,14.26,14.29,14.13,14.23,166948.9
2016-11-08,14.29,14.42,14.14,14.18,229196.88
2016-11-09,14.19,14.19,14.01,14.06,405452.05
2016-11-10,14.17,14.38,14.17,14.27,229408.28
2016-11-11,14.3,14.64,14.23,14.54,504619.1
2016-11-14,14.52,14.8,14.43,14.46,635952.51
2016-11-15,14.41,14.47,14.34,14.43,367039.13
2016-11-16,14.47,14.59,14.41,14.43,223381.66
2016-11-17,14.43,14.52,14.3,14.46,232047.26
2016-11-18,14.46,14.5,14.33,14.37,251256.89
2016-11-21,14.35,14.57,14.31,14.39,255195.58
2016-11-22,14.43,14.51,14.35,14.4,232485.74
2016-11-23,14.45,14.52,14.37,14.39,205722.7
2016-11-24,14.35,14.6,14.35,14.4,270324.45
2016-11-25,14.39,14.47,14.16,14.44,262983.56
2016-11-28,14.48,14.52,14.24,14.25,410854.91
2016-11-29,14.24,14.46,14.17,14.39,316811.75
2016-11-30,14.39,14.53,14.23,14.27,310693.85
2016-12-01,14.23,14.39,14.21,14.3,242904.58
2016-12-02,14.25,14.47,14.24,14.47,620693.71
2016-12-05,14.27,14.4,13.94,14.16,404499.44
2016-12-06,14.13,14.4,14.06,14.24,310994.14
2016-12-07,14.23,14.35,14.23,14.31,157249.69
2016-12-08,14.33,14.35,14.22,14.23,179447.83
2016-12-09,14.22,14.31,14.16,14.19,439653.74
2016-12-12,14.16,14.41,13.67,14.18,517324.3
2016-12-13,14.06,14.15,14.0,14.06,174755.19
2016-12-14,14.09,14.09,13.71,13.79,189017.44
2016-12-15,13.7,13.84,13.62,13.66,195525.27
2016-12-16,13.65,13.73,13.62,13.64,186883.03
2016-12-19,13.62,13.64,13.49,13.54,119354.99
2016-12-20,13.55,13.57,13.28,13.41,281334.3
2016-12-21,13.42,13.48,13.3,13.33,212603.12
2016-12-22,13.36,13.36,13.2,13.21,173521.83
2016-12-23,13.24,13.24,12.99,13.14,200852.45
2016-12-26,13.01,13.25,13.01,13.18,141565.47
2016-12-27,13.13,13.23,13.13,13.18,96564.35
2016-12-28,13.18,13.22,13.03,13.1,139778.96
2016-12-29,13.05,13.13,13.03,13.04,119543.55
2016-12-30,13.04,13.42,13.03,13.41,272020.64
2017-01-03,13.43,13.49,13.35,13.41,121916.82
2017-01-04,13.38,13.46,13.31,13.44,105417.41
2017-01-05,13.49,13.49,13.32,13.33,112232.92
2017-01-06,13.37,13.37,13.08,13.1,193816.25
2017-01-09,13.12,13.31,13.12,13.28,100984.26
2017-01-10,13.24,13.48,13.24,13.46,138824.81
2017-01-11,13.38,13.65,13.38,13.57,254956.65
2017-01-12,13.57,13.84,13.54,13.72,237306.75
2017-01-13,13.72,14.02,13.7,13.88,295182.67
2017-01-16,13.81,14.19,13.74,14.12,592961.87
2017-01-17,14.05,14.1,13.93,14.06,157321.61
2017-01-18,14.08,14.18,13.93,14.13,174244.14
2017-01-19,14.06,14.17,13.94,14.05,213882.4
2017-01-20,14.1,14.16,14.0,14.15,217161.9
2017-01-23,14.16,14.27,14.08,14.1,123541.88
2017-01-24,14.1,14.16,13.84,13.86,135318.23
2017-01-25,13.86,13.96,13.78,13.85,147995.22
2017-01-26,13.88,13.96,13.81,13.82,78993.52
2017-02-03,13.92,13.92,13.67,13.68,79396.0
2017-02-06,13.74,13.85,13.66,13.71,130359.55
2017-02-07,13.71,13.76,13.54,13.6,109168.56
2017-02-08,13.62,13.75,13.47,13.66,245135.74
2017-02-09,13.66,13.72,13.6,13.62,250993.45
2017-02-10,13.64,13.72,13.56,13.66,271581.8
2017-02-13,13.66,13.72,13.6,13.67,381119.77
2017-02-14,13.69,13.69,13.54,13.56,251506.86
2017-02-15,13.58,13.64,13.5,13.52,220737.14
2017-02-16,13.54,13.56,13.43,13.48,302136.42
2017-02-17,13.52,13.73,13.45,13.48,547364.07
2017-02-20,13.43,13.5,13.29,13.49,445981.43
2017-02-21,13.5,13.71,13.49,13.52,408137.49
2017-02-22,13.54,13.6,13.48,13.53,224373.42
2017-02-23,13.53,13.57,13.39,13.42,223365.84
2017-02-24,13.38,13.55,13.38,13.46,226152.74
2017-02-27,13.43,13.54,13.32,13.4,326369.56
2017-02-28,13.38,13.48,13.31,13.34,232118.58
2017-03-01,13.37,13.38,13.28,13.29,394434.87
2017-03-02,13.31,13.41,13.21,13.22,360959.41
2017-03-03,13.2,13.27,13.16,13.22,228811.01
2017-03-06,13.23,13.33,13.17,13.31,173665.83
2017-03-07,13.31,13.35,13.25,13.33,121574.58
2017-03-08,13.29,13.35,13.23,13.27,128288.63
2017-03-09,13.25,13.3,13.11,13.28,200281.09
2017-03-10,13.24,13.31,13.19,13.2,161350.84
2017-03-13,13.2,13.26,13.14,13.25,116730.89
2017-03-14,13.26,13.3,13.22,13.29,126878.04
2017-03-15,13.29,13.33,13.21,13.32,185437.94
2017-03-16,13.32,13.55,13.32,13.44,439425.07
2017-03-17,13.46,13.49,13.14,13.22,455575.34
2017-03-20,13.16,13.21,12.96,13.06,324536.11
2017-03-21,13.03,13.08,12.88,12.91,272119.42
2017-03-22,12.91,12.93,12.63,12.68,383035.42
2017-03-23,12.69,12.84,12.65,12.73,248603.03
2017-03-24,12.74,12.9,12.7,12.82,263686.15
2017-03-27,12.84,12.87,12.7,12.73,231082.47
2017-03-28,12.76,12.76,12.63,12.66,202117.43
2017-03-29,12.62,12.72,12.46,12.46,334037.81
2017-03-30,12.43,12.54,12.39,12.46,246223.39
2017-03-31,12.42,12.47,12.28,12.43,276213.95
2017-04-05,12.45,12.6,12.37,12.58,268554.78
2017-04-06,12.57,12.64,12.48,12.51,224488.27
2017-04-07,12.51,12.55,12.43,12.49,185942.69
2017-04-10,12.5,12.51,12.28,12.3,275146.35
2017-04-11,12.29,12.37,12.11,12.32,284025.82
2017-04-12,12.34,12.51,12.27,12.42,303913.68
2017-04-13,12.39,12.43,12.32,12.34,148219.49
2017-04-14,12.34,12.38,12.18,12.32,204792.59
2017-04-17,12.26,12.39,12.09,12.36,303800.43
2017-04-18,12.32,12.37,12.23,12.23,142596.08
2017-04-19,12.18,12.27,12.13,12.23,191747.08
2017-04-20,12.23,12.28,12.11,12.28,177538.43
2017-04-21,12.25,12.52,12.23,12.51,308385.04
2017-04-24,12.48,12.71,12.4,12.69,387170.34
2017-04-25,12.6,12.73,12.52,12.53,212303.01
2017-04-26,12.53,12.7,12.42,12.5,206247.36
2017-04-27,12.48,12.66,12.44,12.63,221897.37
2017-04-28,12.74,12.74,12.49,12.64,184585.59
2017-05-02,12.59,12.59,12.4,12.45,206867.11
2017-05-03,12.44,12.45,12.23,12.4,210894.5
2017-05-04,12.33,12.4,12.22,12.38,194830.76
2017-05-05,12.3,12.44,12.12,12.42,344128.45
2017-05-08,12.35,12.52,12.24,12.5,305184.66
2017-05-09,12.41,12.5,12.36,12.37,150048.89
2017-05-10,12.38,12.4,12.2,12.35,253146.36
2017-05-11,12.26,12.64,12.22,12.57,389162.94
2017-05-12,12.57,12.69,12.51,12.56,208594.86
2017-05-15,12.57,12.81,12.55,12.74,434592.83
2017-05-16,12.68,12.73,12.57,12.68,276729.96
2017-05-17,12.68,12.77,12.52,12.54,215123.56
2017-05-18,12.45,12.51,12.21,12.33,356210.19
2017-05-19,12.29,12.33,12.23,12.27,121256.22
2017-05-22,12.27,12.42,12.11,12.41,289731.7
2017-05-23,12.34,12.58,12.19,12.57,776730.38
2017-05-24,12.41,12.56,12.39,12.54,388636.75
2017-05-25,12.43,12.98,12.43,12.85,579680.35
2017-05-26,12.77,12.91,12.74,12.88,402071.6
2017-05-31,12.93,13.08,12.79,13.03,508550.13
2017-06-01,12.97,13.07,12.86,12.86,295780.86
2017-06-02,12.85,12.92,12.7,12.8,298393.25
2017-06-05,12.77,12.83,12.7,12.77,136653.83
2017-06-06,12.8,12.84,12.7,12.75,143768.25
2017-06-07,12.77,12.83,12.73,12.76,412778.7
2017-06-08,12.74,12.8,12.69,12.75,186892.84
2017-06-09,12.79,12.89,12.71,12.74,304606.11
2017-06-12,12.73,12.8,12.56,12.65,245498.7
2017-06-13,12.61,12.67,12.52,12.63,146620.88
2017-06-14,12.63,12.64,12.51,12.61,179910.47
2017-06-15,12.58,12.73,12.55,12.68,186542.75
2017-06-16,12.68,12.74,12.58,12.64,131192.16
2017-06-19,12.65,12.82,12.63,12.8,252350.14
2017-06-20,12.79,12.82,12.7,12.77,225720.63
2017-06-21,12.9,12.97,12.71,12.75,337851.29
2017-06-22,12.71,12.88,12.68,12.8,605208.3
2017-06-23,12.75,12.79,12.53,12.62,338880.15
2017-06-26,12.62,12.77,12.59,12.68,320488.95
2017-06-27,12.68,12.7,12.62,12.63,216045.57
2017-06-28,12.61,12.68,12.58,12.6,295146.25
2017-06-29,12.63,12.67,12.57,12.64,171799.25
2017-06-30,12.6,12.66,12.57,12.64,123138.34
2017-07-03,12.64,12.65,12.53,12.56,163457.53
2017-07-04,12.57,12.58,12.51,12.52,117998.43
2017-07-05,12.52,12.59,12.5,12.57,140412.12
2017-07-06,12.58,12.59,12.5,12.52,120721.33
2017-07-07,12.51,12.65,12.44,12.62,217922.65
2017-07-10,12.57,12.75,12.56,12.68,297959.84
2017-07-11,12.68,12.89,12.66,12.73,478894.97
2017-07-12,12.74,12.89,12.66,12.71,342832.57
2017-07-13,12.74,13.02,12.67,12.97,506736.66
2017-07-14,12.97,13.03,12.89,12.97,308314.56
2017-07-17,12.98,13.09,12.64,12.68,446972.49
2017-07-18,12.64,12.68,12.46,12.55,269337.12
2017-07-19,12.53,13.19,12.46,13.14,858947.77
2017-07-20,13.12,13.2,12.92,13.02,550138.94
2017-07-21,12.93,13.06,12.86,12.9,331093.75
2017-07-24,12.88,13.02,12.86,12.9,301816.27
2017-07-25,12.9,12.92,12.74,12.76,260119.98
2017-07-26,12.82,12.84,12.68,12.76,306947.55
2017-07-27,12.8,12.91,12.66,12.85,278841.86
2017-07-28,12.82,12.89,12.76,12.83,224236.31
2017-07-31,12.73,12.94,12.69,12.85,427398.62
2017-08-01,12.86,13.01,12.83,12.94,474811.02
2017-08-02,12.99,13.15,12.93,13.04,634317.11
2017-08-03,13.0,13.09,12.89,12.99,372872.98
2017-08-04,12.97,13.19,12.93,13.07,499385.11
2017-08-07,13.0,13.08,12.91,12.94,291413.75
2017-08-08,12.93,12.97,12.76,12.93,296492.17
2017-08-09,12.87,12.91,12.76,12.78,252837.77
2017-08-10,12.8,12.89,12.66,12.79,361110.65
2017-08-11,12.71,12.74,12.47,12.49,356321.78
2017-08-14,12.53,12.7,12.49,12.64,275617.07
2017-08-15,12.66,12.68,12.53,12.56,182372.66
2017-08-16,12.55,12.68,12.51,12.59,186950.63
2017-08-17,12.59,12.68,12.58,12.66,150768.33
2017-08-18,12.61,12.69,12.54,12.58,178563.03
2017-08-21,12.55,12.64,12.55,12.61,219817.45
2017-08-22,12.61,12.67,12.57,12.65,253590.62
2017-08-23,12.65,12.74,12.58,12.68,253297.64
2017-08-24,12.66,12.69,12.51,12.53,196422.21
2017-08-25,12.52,12.83,12.52,12.76,448445.11
2017-08-28,12.86,13.4,12.86,13.29,1469211.12
2017-08-29,13.22,13.3,13.06,13.08,562995.17
2017-08-30,13.15,13.38,13.1,13.14,720716.44
2017-08-31,13.14,13.27,13.12,13.21,419080.82
2017-09-01,13.21,13.31,13.17,13.24,588996.75
2017-09-04,13.22,13.25,13.09,13.14,375672.34
2017-09-05,13.15,13.21,13.09,13.1,294233.97
2017-09-06,13.12,13.12,12.96,13.05,321860.0
2017-09-07,13.06,13.13,12.9,12.93,317383.97
2017-09-08,12.96,12.99,12.88,12.96,291867.62
2017-09-11,12.96,13.04,12.9,12.94,271938.04
2017-09-12,12.97,13.18,12.95,13.02,413920.78
2017-09-13,13.04,13.06,12.96,13.02,156997.64
2017-09-14,13.02,13.1,12.89,12.94,309359.71
2017-09-15,12.89,13.0,12.85,12.95,239617.43
2017-09-18,12.99,13.09,12.98,13.06,404182.22
2017-09-19,13.05,13.07,12.9,12.94,318463.0
2017-09-20,12.93,12.97,12.86,12.94,287169.95
2017-09-21,12.93,13.02,12.87,12.89,326339.91
2017-09-22,12.85,13.0,12.69,12.94,469792.79
2017-09-25,12.89,12.99,12.78,12.85,408433.64
2017-09-26,12.85,12.92,12.79,12.8,229240.46
2017-09-27,12.8,12.84,12.7,12.74,294373.9
2017-09-28,12.73,12.76,12.71,12.74,186673.56
2017-09-29,12.73,12.88,12.73,12.77,288597.52
2017-10-09,12.96,13.02,12.76,12.8,374250.74
2017-10-10,12.8,12.86,12.78,12.84,184491.58
2017-10-11,12.85,12.87,12.79,12.8,208935.98
2017-10-12,12.81,12.84,12.75,12.76,160550.28
2017-10-13,12.78,12.84,12.76,12.81,126458.38
2017-10-16,12.83,12.93,12.79,12.82,323635.11
2017-10-17,12.8,12.8,12.7,12.71,213880.0
2017-10-18,12.72,12.87,12.7,12.8,400305.45
2017-10-19,12.79,12.8,12.61,12.63,247764.65
2017-10-20,12.61,12.75,12.59,12.68,170264.34
2017-10-23,12.69,12.72,12.57,12.61,140530.92
2017-10-24,12.61,12.81,12.6,12.79,405915.42
2017-10-25,12.8,12.83,12.7,12.75,194094.19
2017-10-26,12.74,12.81,12.68,12.74,198227.17
2017-10-27,12.74,12.78,12.68,12.7,123984.95
2017-10-30,12.7,12.73,12.34,12.67,479349.34
2017-10-31,12.57,12.61,12.45,12.51,198937.57
2017-11-01,12.53,12.55,12.43,12.43,185119.1
2017-11-02,12.47,12.55,12.39,12.48,182882.05
2017-11-03,12.48,12.55,12.36,12.53,303772.79
2017-11-06,12.47,12.5,12.41,12.44,120701.17
2017-11-07,12.51,12.58,12.42,12.52,252855.54
2017-11-08,12.49,12.84,12.48,12.64,480304.57
2017-11-09,12.6,12.68,12.53,12.61,209677.99
2017-11-10,12.59,12.62,12.48,12.56,230671.29
2017-11-13,12.6,12.65,12.49,12.5,208802.03
2017-11-14,12.51,12.52,12.39,12.41,222397.05
2017-11-15,12.25,12.44,12.25,12.39,330740.07
2017-11-16,12.36,12.37,12.13,12.14,290686.01
2017-11-17,12.14,12.53,12.05,12.49,857289.93
2017-11-20,12.38,12.51,12.23,12.26,388546.26
2017-11-21,12.36,12.84,12.23,12.57,845314.31
2017-11-22,12.57,12.68,12.47,12.54,427640.51
2017-11-23,12.55,12.63,12.18,12.35,414556.01
2017-11-24,12.38,12.4,12.18,12.37,501939.86
2017-11-27,12.33,12.42,12.24,12.39,334376.91
2017-11-28,12.36,12.41,12.27,12.38,202747.0
2017-11-29,12.39,12.4,12.25,12.35,226810.53
2017-11-30,12.34,12.5,12.28,12.35,248774.97
2017-12-01,12.37,12.37,12.26,12.36,203845.4
2017-12-04,12.29,12.37,12.08,12.27,387314.74
2017-12-05,12.25,12.64,12.21,12.57,815554.93
2017-12-06,12.53,12.59,12.4,12.55,374599.18
2017-12-07,12.45,12.5,12.27,12.28,207887.94
2017-12-08,12.29,12.38,12.28,12.3,130336.38
2017-12-11,12.3,12.37,12.27,12.33,161461.89
2017-12-12,12.33,12.35,12.17,12.18,132922.63
2017-12-13,12.21,12.25,12.08,12.11,272815.55
2017-12-14,12.12,12.14,11.83,11.85,287106.47
2017-12-15,11.84,11.86,11.62,11.63,314743.76
2017-12-18,11.63,11.66,11.38,11.4,310769.85
2017-12-19,11.4,11.46,11.36,11.4,309920.15
2017-12-20,11.41,11.42,11.19,11.2,310596.06
2017-12-21,11.19,11.42,11.15,11.32,316979.79
2017-12-22,11.29,11.45,11.28,11.3,144074.94
2017-12-25,11.3,11.35,11.24,11.24,130497.02
2017-12-26,11.24,11.36,11.22,11.28,161998.33
2017-12-27,11.27,11.28,11.11,11.11,214828.69
2017-12-28,11.11,11.28,11.02,11.14,281026.38
2017-12-29,11.11,11.15,11.04,11.12,152911.15
2018-01-02,11.14,11.32,11.14,11.3,218083.39
2018-01-03,11.3,11.53,11.28,11.49,321902.59
2018-01-04,11.51,11.51,11.39,11.46,168141.34
2018-01-05,11.46,11.56,11.41,11.46,229301.22
2018-01-08,11.47,11.81,11.45,11.68,415325.02
2018-01-09,11.69,11.78,11.6,11.66,176329.62
2018-01-10,11.62,11.79,11.57,11.68,366198.37
2018-01-11,11.65,11.66,11.46,11.53,174556.29
2018-01-12,11.57,11.58,11.41,11.43,259953.53
2018-01-15,11.44,11.46,11.24,11.27,308290.43
2018-01-16,11.27,11.51,11.24,11.5,263193.64
2018-01-17,11.53,12.06,11.53,11.84,947735.77
2018-01-18,11.89,12.05,11.79,11.94,423292.9
2018-01-19,11.94,12.3,11.91,12.14,739364.99
2018-01-22,12.09,12.16,11.93,12.07,361022.84
2018-01-23,12.08,12.21,12.0,12.2,432298.77
2018-01-24,12.22,12.64,12.07,12.55,912427.65
2018-01-25,12.45,12.72,12.42,12.45,608677.82
2018-01-26,12.41,12.52,12.38,12.46,382756.62
2018-01-29,12.46,12.59,12.17,12.22,411731.0
2018-01-30,12.23,12.3,12.04,12.06,332381.84
2018-01-31,12.01,12.11,11.86,11.96,333309.65
2018-02-01,12.0,12.04,11.71,11.78,430617.09
2018-02-02,11.68,11.91,11.51,11.83,342397.78
2018-02-05,11.69,11.97,11.66,11.9,298904.38
2018-02-06,11.72,11.88,11.26,11.28,554411.45
2018-02-07,11.49,11.54,11.24,11.25,399409.09
2018-02-08,11.25,11.43,11.11,11.19,383919.96
2018-02-09,11.02,11.02,10.2,10.27,645095.34
2018-02-12,10.3,10.43,10.27,10.29,386300.14
2018-02-13,10.39,10.53,10.33,10.35,272411.21
2018-02-14,10.35,10.45,10.26,10.42,165444.84
2018-02-22,10.52,10.54,10.39,10.44,422193.94
2018-02-23,10.47,10.53,10.41,10.5,268716.11
2018-02-26,10.54,10.76,10.48,10.7,435334.43
2018-02-27,10.72,10.72,10.58,10.58,238219.09
2018-02-28,10.5,10.58,10.39,10.45,299220.27
2018-03-01,10.41,10.5,10.37,10.48,267818.17
2018-03-02,10.42,10.48,10.37,10.38,247440.92
2018-03-05,10.39,10.45,10.33,10.35,214555.4
2018-03-06,10.41,10.55,10.35,10.54,406151.2
2018-03-07,10.49,10.59,10.41,10.43,302936.29
2018-03-08,10.45,10.52,10.44,10.5,179945.49
2018-03-09,10.55,10.64,10.5,10.64,330878.62
2018-03-12,10.71,10.79,10.64,10.74,316766.77
2018-03-13,10.71,10.72,10.54,10.54,243317.79
2018-03-14,10.5,10.57,10.46,10.47,194152.0
2018-03-15,10.44,10.49,10.4,10.49,197035.31
2018-03-16,10.46,10.52,10.37,10.38,219494.72
2018-03-19,10.39,10.44,10.34,10.37,159759.28
2018-03-20,10.35,10.38,10.26,10.34,199498.27
2018-03-21,10.37,10.55,10.32,10.34,317402.64
2018-03-22,10.36,10.46,10.3,10.32,243473.34
2018-03-23,10.09,10.09,9.58,9.66,455008.49
2018-03-26,9.64,9.8,9.6,9.77,276496.83
2018-03-27,9.88,9.93,9.8,9.87,293395.37
2018-03-28,9.77,9.86,9.7,9.7,342168.2
2018-03-29,9.76,9.89,9.66,9.85,462342.9
2018-03-30,9.88,9.98,9.86,9.93,314788.28
2018-04-02,9.98,10.3,9.91,10.04,543274.73
2018-04-03,9.94,10.14,9.92,10.08,503782.22
2018-04-04,10.14,10.29,10.01,10.02,430838.85
2018-04-09,9.99,10.08,9.9,10.04,316254.04
2018-04-10,10.07,10.22,9.98,10.21,351446.57
2018-04-11,10.2,10.23,10.13,10.15,261932.78
2018-04-12,10.18,10.23,10.06,10.09,224524.07
2018-04-13,10.14,10.17,9.96,9.97,190610.57
2018-04-16,9.94,10.01,9.68,9.7,321199.78
2018-04-17,9.72,9.89,9.68,9.71,273671.09
2018-04-18,9.88,9.92,9.76,9.82,330891.38
2018-04-19,9.87,9.97,9.81,9.88,246723.7
2018-04-20,9.85,9.93,9.56,9.58,256576.35
2018-04-23,9.6,9.76,9.59,9.7,216632.82
2018-04-24,9.68,9.99,9.68,9.95,461653.8
2018-04-25,9.89,9.94,9.82,9.85,219278.16
2018-04-26,9.91,9.93,9.64,9.66,225694.07
2018-04-27,9.73,9.88,9.69,9.86,297030.37
2018-05-02,9.96,10.01,9.78,9.89,303590.02
2018-05-03,9.88,10.14,9.85,10.09,472312.79
2018-05-04,10.06,10.09,9.98,9.99,233779.92
2018-05-07,10.05,10.1,10.01,10.08,316986.24
2018-05-08,10.07,10.14,10.01,10.11,294882.15
2018-05-09,10.1,10.2,10.03,10.07,301667.1
2018-05-10,10.13,10.18,10.05,10.14,247186.15
2018-05-11,10.15,10.16,10.01,10.02,174779.94
2018-05-14,10.07,10.16,10.03,10.06,247552.1
2018-05-15,10.08,10.1,9.92,10.02,282221.1
2018-05-16,9.99,10.06,9.92,9.93,308442.37
2018-05-17,9.94,9.96,9.82,9.82,188326.76
2018-05-18,9.81,9.94,9.81,9.91,250444.47
2018-05-21,10.0,10.03,9.94,9.98,327137.93
2018-05-22,10.0,10.0,9.84,9.89,246205.08
2018-05-23,9.88,9.88,9.7,9.79,299424.2
2018-05-24,9.77,9.82,9.63,9.66,320748.4
2018-05-25,9.68,9.72,9.53,9.54,292669.82
2018-05-28,9.53,9.54,9.34,9.37,412474.98
2018-05-29,9.33,9.39,9.24,9.27,291162.17
2018-05-30,9.17,9.19,8.86,8.88,460865.15
2018-05-31,8.94,9.06,8.91,9.05,319516.54
2018-06-01,9.04,9.26,8.98,9.14,422565.21
2018-06-04,9.19,9.28,9.12,9.18,338414.32
2018-06-05,9.16,9.19,9.05,9.12,369289.55
2018-06-06,9.1,9.1,8.97,9.01,377883.62
2018-06-07,9.12,9.24,9.06,9.1,564775.4
2018-06-08,9.09,9.09,8.74,8.92,755370.57
2018-06-11,8.85,8.96,8.82,8.93,298480.65
2018-06-12,8.91,8.93,8.81,8.9,339476.92
2018-06-13,8.86,8.87,8.73,8.74,293892.71
2018-06-14,8.72,8.84,8.69,8.73,365716.32
2018-06-15,8.74,8.78,8.46,8.52,1066462.09
2018-06-19,8.45,8.48,7.87,8.02,734815.09
2018-06-20,8.0,8.11,7.87,8.05,395586.14
2018-06-21,8.03,8.13,7.87,7.91,388866.75
2018-06-22,7.89,8.05,7.81,8.04,315155.71
2018-06-25,8.08,8.1,7.88,7.89,387650.12
2018-06-26,7.8,8.0,7.8,7.95,356356.39
2018-06-27,7.94,7.98,7.85,7.9,267332.42
2018-06-28,7.89,8.12,7.88,7.97,458425.3
2018-06-29,7.95,8.21,7.94,8.18,409252.11
2018-07-02,8.15,8.16,7.91,7.97,407537.3
2018-07-03,7.99,8.1,7.92,8.08,298876.39
2018-07-04,8.07,8.08,7.97,7.98,179824.62
2018-07-05,7.98,8.08,7.85,7.86,240585.93
2018-07-06,7.9,8.04,7.76,7.94,353617.86
2018-07-09,7.95,8.1,7.93,8.09,292614.51
2018-07-10,8.08,8.1,8.0,8.04,329849.26
2018-07-11,7.87,7.91,7.78,7.85,338148.71
2018-07-12,7.87,8.14,7.85,8.09,500864.85
2018-07-13,8.08,8.1,8.0,8.04,251397.49
2018-07-16,8.04,8.07,7.94,8.0,250686.4
2018-07-17,7.98,7.98,7.86,7.91,333507.15
2018-07-18,7.94,7.97,7.88,7.9,259733.33
2018-07-19,7.9,7.97,7.84,7.89,233426.54
2018-07-20,7.8,8.13,7.8,8.11,578104.25
2018-07-23,8.06,8.17,7.95,8.15,674591.22
2018-07-24,8.2,8.58,8.2,8.47,1096585.87
2018-07-25,8.44,8.48,8.37,8.4,486193.2
2018-07-26,8.42,8.44,8.25,8.27,469246.36
2018-07-27,8.27,8.29,8.19,8.21,263960.56
2018-07-30,8.19,8.29,8.14,8.18,286951.8
2018-07-31,8.17,8.22,8.13,8.18,250091.88
2018-08-01,8.2,8.3,8.0,8.01,385656.48
2018-08-02,8.0,8.01,7.75,7.85,389717.07
2018-08-03,7.85,7.9,7.81,7.82,206642.04
2018-08-06,7.85,7.9,7.59,7.62,480433.24
2018-08-07,7.66,7.84,7.57,7.82,445809.01
2018-08-08,7.79,7.79,7.69,7.7,366791.0
2018-08-09,7.69,7.91,7.68,7.84,570948.33
2018-08-10,7.83,7.87,7.77,7.8,381141.31
2018-08-13,7.72,7.74,7.62,7.72,393165.55
2018-08-14,7.7,7.74,7.64,7.7,274280.59
2018-08-15,7.72,7.73,7.48,7.49,499804.79
2018-08-16,7.44,7.62,7.35,7.48,497405.01
2018-08-17,7.54,7.57,7.4,7.41,429934.78
2018-08-20,7.39,7.54,7.39,7.53,381772.04
2018-08-21,7.53,7.64,7.49,7.6,352190.13
2018-08-22,7.58,7.59,7.54,7.54,181588.23
2018-08-23,7.54,7.67,7.52,7.61,329780.51
2018-08-24,7.59,7.7,7.55,7.65,292520.42
2018-08-27,7.66,7.78,7.65,7.75,417057.09
2018-08-28,7.76,7.8,7.71,7.73,314852.76
2018-08-29,7.75,7.75,7.66,7.7,179050.39
2018-08-30,7.68,7.7,7.58,7.6,204827.69
2018-08-31,7.59,7.69,7.54,7.59,277486.26
2018-09-03,7.56,7.59,7.48,7.55,201929.71
2018-09-04,7.57,7.71,7.53,7.64,301929.61
2018-09-05,7.62,7.67,7.51,7.51,196941.4
2018-09-06,7.51,7.6,7.48,7.51,176786.72
2018-09-07,7.49,7.63,7.49,7.53,187556.34
2018-09-10,7.52,7.53,7.31,7.32,313589.26
2018-09-11,7.32,7.43,7.32,7.39,210814.72
2018-09-12,7.39,7.5,7.38,7.46,204732.96
2018-09-13,7.52,7.6,7.52,7.6,358584.16
2018-09-14,7.57,7.62,7.56,7.6,246447.53
2018-09-17,7.58,7.62,7.54,7.59,206047.89
2018-09-18,7.58,7.72,7.58,7.71,300144.67
2018-09-19,7.7,7.84,7.7,7.78,400509.19
2018-09-20,7.77,7.85,7.77,7.79,399660.93
2018-09-21,7.81,8.05,7.77,8.0,728498.31
2018-09-25,7.9,7.94,7.88,7.93,254287.01
2018-09-26,7.93,8.08,7.9,8.0,438136.02
2018-09-27,7.98,8.01,7.91,7.93,293555.78
2018-09-28,7.94,8.01,7.91,7.93,366940.24
2018-10-08,7.83,7.85,7.56,7.57,465109.2
2018-10-09,7.58,7.62,7.54,7.55,241161.71
2018-10-10,7.56,7.61,7.5,7.53,228464.73
2018-10-11,7.31,7.35,6.93,7.01,755535.29
2018-10-12,6.99,7.04,6.82,6.91,602209.07
2018-10-15,6.97,7.0,6.8,6.81,485149.68
2018-10-16,6.85,6.94,6.79,6.8,488907.29
2018-10-17,6.92,6.95,6.8,6.86,508055.77
2018-10-18,6.86,6.92,6.79,6.8,427338.53
2018-10-19,6.74,7.18,6.73,7.18,650444.09
2018-10-22,7.39,7.9,7.39,7.9,1161508.6
2018-10-23,8.11,8.28,7.76,7.79,1790632.57
2018-10-24,7.67,8.35,7.65,8.04,1416069.83
2018-10-25,7.79,8.36,7.78,8.35,1309912.15
2018-10-26,8.42,8.43,7.99,8.08,1055672.88
2018-10-29,8.08,8.24,7.95,8.04,721024.43
2018-10-30,8.06,8.55,7.82,8.37,1462454.55
2018-10-31,8.25,8.44,8.11,8.34,1046677.42
2018-11-01,8.41,9.03,8.41,8.48,1445008.01
2018-11-02,8.82,8.89,8.59,8.73,1250017.27
2018-11-05,8.68,8.75,8.55,8.69,890420.56
2018-11-06,8.71,8.79,8.47,8.59,698826.61
2018-11-07,8.54,8.62,8.42,8.49,615597.43
2018-11-08,8.58,8.58,8.19,8.24,870587.87
2018-11-09,8.22,8.34,8.15,8.21,509465.08
2018-11-12,8.24,8.33,8.16,8.32,533699.96
2018-11-13,8.23,8.62,8.15,8.47,1127341.43
2018-11-14,8.38,8.47,8.24,8.29,658394.35
2018-11-15,8.25,8.55,8.25,8.53,770311.14
2018-11-16,8.5,8.99,8.48,8.81,1222347.78
2018-11-19,8.79,9.1,8.75,9.0,1232707.11
2018-11-20,8.9,9.01,8.57,8.59,863801.5
2018-11-21,8.49,8.7,8.41,8.58,672361.89
2018-11-22,8.62,8.64,8.34,8.47,533205.26
2018-11-23,8.46,8.52,8.14,8.25,631933.66
2018-11-26,8.24,8.33,8.16,8.22,373182.63
2018-11-27,8.27,8.36,8.22,8.27,428159.97
2018-11-28,8.26,8.47,8.24,8.45,454721.04
2018-11-29,8.51,8.61,8.22,8.22,526255.26
2018-11-30,8.19,8.39,8.17,8.36,343151.8
2018-12-03,8.81,8.93,8.6,8.62,819294.0
2018-12-04,8.61,8.72,8.61,8.71,423205.45
2018-12-05,8.56,8.7,8.56,8.65,312761.58
2018-12-06,8.55,8.57,8.4,8.42,385246.15
2018-12-07,8.5,8.61,8.49,8.55,300588.0
2018-12-10,8.47,8.7,8.44,8.6,346753.55
2018-12-11,8.66,8.68,8.51,8.56,248243.49
2018-12-12,8.61,8.69,8.55,8.58,249668.86
2018-12-13,8.58,8.77,8.53,8.7,491103.75
2018-12-14,8.67,8.67,8.41,8.44,496006.99
2018-12-17,8.39,8.53,8.33,8.45,364603.31
2018-12-18,8.42,8.49,8.25,8.31,291870.16
2018-12-19,8.32,8.36,8.22,8.25,208183.03
2018-12-20,8.25,8.33,8.16,8.3,326223.23
2018-12-21,8.25,8.26,8.03,8.08,493593.95
2018-12-24,8.06,8.08,7.93,7.99,371078.13
2018-12-25,7.89,7.89,7.62,7.73,634803.87
2018-12-26,7.73,7.77,7.63,7.68,287312.09
2018-12-27,7.84,7.85,7.66,7.67,400211.59
2018-12-28,7.7,7.92,7.66,7.79,450473.36
2019-01-02,7.79,7.8,7.66,7.76,263796.65
2019-01-03,7.75,8.15,7.75,7.92,509135.51
2019-01-04,7.82,8.63,7.8,8.47,994661.38
2019-01-07,8.41,8.61,8.41,8.5,697352.12
2019-01-08,8.47,8.63,8.38,8.46,599872.66
2019-01-09,8.46,8.7,8.45,8.57,828311.02
2019-01-10,8.55,8.63,8.39,8.41,381844.29
2019-01-11,8.41,8.53,8.39,8.47,325990.56
2019-01-14,8.51,8.64,8.45,8.49,390495.36
2019-01-15,8.49,8.78,8.48,8.73,673865.72
2019-01-16,8.72,8.77,8.63,8.67,363705.87
2019-01-17,8.69,8.78,8.59,8.6,320088.1
2019-01-18,8.62,8.77,8.57,8.72,434634.42
2019-01-21,8.71,8.84,8.63,8.73,534536.74
2019-01-22,8.72,8.74,8.55,8.55,329537.51
2019-01-23,8.52,8.64,8.52,8.59,169396.79
2019-01-24,8.61,8.9,8.61,8.78,491684.32
2019-01-25,8.78,9.03,8.78,8.91,702513.98
2019-01-28,9.0,9.21,8.79,8.88,528647.13
2019-01-29,8.78,8.99,8.68,8.85,429062.0
2019-01-30,8.78,8.89,8.68,8.73,322551.63
2019-01-31,8.77,8.98,8.73,8.93,466796.96
2019-02-01,9.07,9.13,8.94,9.11,639426.44
2019-02-11,9.06,9.44,9.03,9.42,577439.71
2019-02-12,9.4,9.71,9.32,9.62,642617.3
2019-02-13,9.62,10.02,9.51,9.94,855041.61
2019-02-14,9.88,10.0,9.74,9.88,531858.4
2019-02-15,9.83,9.87,9.54,9.58,625723.47
2019-02-18,9.67,10.19,9.65,10.1,1050670.66
2019-02-19,10.16,10.57,10.04,10.24,1052792.94
2019-02-20,10.23,10.36,10.09,10.25,594447.0
2019-02-21,10.17,10.9,10.1,10.31,1023376.36
2019-02-22,10.44,11.32,10.23,11.26,1778022.62
2019-02-25,11.65,12.38,11.34,12.38,2714745.08
2019-02-26,12.5,12.82,11.89,11.93,2502211.04
2019-02-27,11.81,12.13,11.33,11.67,2019161.15
2019-02-28,11.58,11.58,11.1,11.26,1244065.72
2019-03-01,11.38,11.69,11.18,11.53,1304994.19
2019-03-04,11.64,12.22,11.42,11.57,2111948.44
2019-03-05,11.44,11.61,11.32,11.54,1177639.09
2019-03-06,11.58,12.22,11.33,11.92,2633803.11
2019-03-07,12.49,13.11,12.18,13.11,5176459.52
2019-03-08,12.64,13.4,12.43,12.67,4490398.67
2019-03-11,12.89,13.37,12.38,12.73,3287501.9
2019-03-12,12.86,13.14,12.38,12.53,3181564.29
2019-03-13,12.53,12.57,12.0,12.15,2067382.03
2019-03-14,11.97,12.2,11.64,11.77,1244527.25
2019-03-15,11.85,12.5,11.85,12.18,1654650.06
2019-03-18,12.04,12.44,11.91,12.37,1741364.1
2019-03-19,12.35,12.41,12.0,12.13,1199492.01
2019-03-20,12.13,12.54,12.07,12.33,1508719.14
2019-03-21,12.35,12.89,12.18,12.58,2335361.31
2019-03-22,12.52,12.65,12.16,12.37,1330621.08
2019-03-25,12.05,12.23,11.72,11.8,1378854.71
2019-03-26,11.91,11.94,11.27,11.37,1198858.25
2019-03-27,11.47,11.64,11.26,11.43,1124406.79
2019-03-28,11.37,11.58,11.18,11.29,935506.83
2019-03-29,11.36,12.42,11.34,12.42,2910541.05
2019-04-01,12.65,13.02,12.34,12.76,2880445.84
2019-04-02,12.8,13.27,12.71,12.87,2064018.46
2019-04-03,12.76,14.15,12.66,14.15,3363320.09
2019-04-04,14.08,14.21,13.71,14.01,2379936.47
2019-04-08,14.17,14.26,13.25,13.65,2147054.64
2019-04-09,13.55,13.8,13.15,13.48,1649730.52
2019-04-10,13.25,13.42,12.76,13.13,2221401.36
2019-04-11,13.02,13.11,12.73,12.83,1316323.18
2019-04-12,12.81,13.17,12.8,12.94,1156731.18
2019-04-15,13.28,13.35,12.65,12.66,1529510.32
2019-04-16,12.56,13.06,12.22,13.02,1948498.56
2019-04-17,12.89,12.95,12.69,12.8,1117277.01
2019-04-18,12.79,12.88,12.67,12.72,787602.69
2019-04-19,12.77,13.04,12.7,12.86,909582.66
2019-04-22,13.01,13.07,12.28,12.31,1698959.58
2019-04-23,12.31,12.77,12.26,12.44,1166449.87
2019-04-24,12.43,12.69,12.33,12.57,907471.96
2019-04-25,12.51,12.75,12.23,12.25,1062233.15
2019-04-26,12.31,12.98,12.31,12.66,2129210.55
2019-04-29,12.73,12.84,12.16,12.34,1590036.54
2019-04-30,12.34,12.53,12.27,12.38,872722.08
2019-05-06,11.51,11.79,11.14,11.14,1830951.68
2019-05-07,11.27,11.3,10.83,11.22,1472414.72
2019-05-08,10.89,11.25,10.84,10.95,933191.64
2019-05-09,10.84,10.94,10.64,10.67,968573.88
2019-05-10,10.94,11.39,10.68,11.31,1565570.74
2019-05-13,11.1,11.15,10.95,11.01,855304.71
2019-05-14,10.89,11.18,10.86,10.91,792712.32
2019-05-15,11.01,11.28,10.9,11.19,956869.43
2019-05-16,11.14,11.23,11.02,11.13,591305.72
2019-05-17,11.14,11.18,10.63,10.71,996804.41
2019-05-20,10.63,10.94,10.59,10.75,619673.87
2019-05-21,10.75,11.02,10.71,10.86,674502.37
2019-05-22,10.87,10.95,10.67,10.76,440074.28
2019-05-23,10.71,10.87,10.64,10.66,679821.0
2019-05-24,10.64,10.76,10.63,10.64,401131.79
2019-05-27,10.68,11.05,10.61,10.96,785915.78
2019-05-28,10.95,11.05,10.8,10.89,704895.14
2019-05-29,10.86,11.04,10.83,10.91,529613.71
2019-05-30,10.87,10.87,10.7,10.79,444864.39
2019-05-31,10.79,10.87,10.7,10.71,367480.68
2019-06-03,10.82,11.0,10.76,10.88,722347.12
2019-06-04,10.87,11.06,10.84,11.0,900960.61
2019-06-05,11.12,11.57,11.06,11.27,1274069.83
2019-06-06,11.19,11.42,11.1,11.14,852959.0
2019-06-10,11.02,11.18,10.73,10.97,724925.71
2019-06-11,10.98,11.65,10.94,11.62,1324896.07
2019-06-12,11.51,11.59,11.39,11.41,827966.02
2019-06-13,11.41,11.59,11.35,11.49,697298.7
2019-06-14,11.47,11.55,11.2,11.28,980104.42
2019-06-17,11.26,11.49,11.26,11.4,537809.41
2019-06-18,11.46,11.46,11.26,11.32,413913.2
2019-06-19,12.03,12.27,11.55,11.58,1313219.29
2019-06-20,11.55,12.74,11.55,12.42,2240036.68
2019-06-21,12.57,12.75,12.44,12.59,1508132.08
2019-06-24,12.84,12.86,12.5,12.61,1071031.64
2019-06-25,12.56,12.77,12.27,12.63,1264811.13
2019-06-26,12.4,12.56,12.27,12.33,722323.23
2019-06-27,12.45,12.77,12.43,12.57,998511.78
2019-06-28,12.54,12.63,12.41,12.57,672414.5
2019-07-01,13.02,13.07,12.73,12.82,1403075.45
2019-07-02,12.74,12.78,12.58,12.63,712379.74
2019-07-03,12.62,12.63,12.23,12.31,891435.63
2019-07-04,12.27,12.39,12.09,12.21,834733.3
2019-07-05,12.26,12.47,12.17,12.27,597324.17
2019-07-08,12.27,12.34,11.96,12.03,718293.82
2019-07-09,12.03,12.18,11.95,12.13,516355.19
2019-07-10,12.18,12.28,12.06,12.12,428252.86
2019-07-11,12.21,12.37,12.09,12.17,638765.93
2019-07-12,12.15,12.32,12.04,12.29,600286.53
2019-07-15,12.23,12.66,12.09,12.45,901927.23
2019-07-16,12.41,12.49,12.37,12.39,349638.35
2019-07-17,12.36,12.45,12.31,12.33,434319.29
2019-07-18,12.24,12.28,12.11,12.18,419881.99
2019-07-19,12.25,12.54,12.22,12.48,695638.92
2019-07-22,12.57,12.61,12.28,12.3,599849.41
2019-07-23,12.36,12.39,12.25,12.34,381436.39
2019-07-24,12.41,12.55,12.35,12.37,536047.21
2019-07-25,12.41,12.44,12.31,12.43,350036.97
2019-07-26,12.42,12.42,12.31,12.36,304168.06
2019-07-29,12.37,12.37,12.17,12.18,434460.04
2019-07-30,12.22,12.49,12.22,12.35,512817.97
2019-07-31,12.31,12.45,12.3,12.41,425465.81
2019-08-01,12.3,12.41,12.25,12.29,389575.39
2019-08-02,12.04,12.06,11.83,11.9,693708.04
2019-08-05,11.82,11.92,11.56,11.58,533418.33
2019-08-06,11.28,11.63,11.2,11.49,727284.52
2019-08-07,11.58,11.59,11.22,11.22,482321.1
2019-08-08,11.61,11.66,11.33,11.39,571262.27
2019-08-09,11.48,11.52,11.24,11.26,424920.12
2019-08-12,11.41,11.58,11.4,11.57,517988.66
2019-08-13,11.46,11.51,11.39,11.44,282337.23
2019-08-14,11.59,11.72,11.44,11.44,340286.12
2019-08-15,11.1,11.44,11.06,11.42,411938.98
2019-08-16,11.4,11.64,11.29,11.45,478239.28
2019-08-19,11.64,12.42,11.57,12.39,1401078.32
2019-08-20,12.33,12.49,12.26,12.36,818689.32
2019-08-21,12.32,12.41,12.24,12.3,436515.94
2019-08-22,12.37,12.39,12.24,12.33,342391.12
2019-08-23,12.32,12.44,12.18,12.24,440047.04
2019-08-26,12.02,12.28,11.98,12.16,498678.98
2019-08-27,12.24,12.62,12.24,12.38,894965.15
2019-08-28,12.31,12.38,12.17,12.23,422941.57
2019-08-29,12.28,12.32,12.15,12.23,349797.69
2019-08-30,12.35,12.48,12.2,12.23,524330.2
2019-09-02,12.24,12.64,12.24,12.61,996409.72
2019-09-03,12.58,12.69,12.51,12.61,626022.09
2019-09-04,12.55,13.01,12.55,12.85,991118.17
2019-09-05,13.12,13.98,13.12,13.43,2146297.74
2019-09-06,13.69,13.74,13.34,13.52,1077150.09
2019-09-09,13.72,13.85,13.49,13.6,1326789.65
2019-09-10,13.52,13.72,13.27,13.53,964037.43
2019-09-11,13.74,14.49,13.6,14.03,2146462.82
2019-09-12,14.14,14.85,13.95,14.8,2320044.51
2019-09-16,14.89,14.89,14.28,14.49,1840064.96
2019-09-17,14.35,14.45,13.77,13.95,1790513.25
2019-09-18,13.96,13.99,13.57,13.64,1284942.88
2019-09-19,13.69,13.79,13.51,13.74,964919.98
2019-09-20,13.73,13.74,13.4,13.59,1164699.01
2019-09-23,13.53,13.72,13.38,13.52,1037713.68
2019-09-24,13.6,13.94,13.5,13.66,1418573.83
2019-09-25,13.47,13.74,13.43,13.49,888814.86
2019-09-26,13.55,13.65,13.07,13.14,1059791.83
2019-09-27,13.13,13.32,13.08,13.3,612965.77
2019-09-30,13.28,13.31,12.8,12.8,715814.05
2019-10-08,12.92,13.0,12.67,12.73,715917.71
2019-10-09,12.67,12.84,12.58,12.8,547348.04
2019-10-10,12.8,13.1,12.77,12.98,789128.71
2019-10-11,13.02,13.53,12.92,13.4,1293209.79
2019-10-14,13.61,13.81,13.43,13.57,1336371.95
2019-10-15,13.55,13.62,13.4,13.5,591023.93
2019-10-16,13.56,13.76,13.43,13.45,686572.68
2019-10-17,13.44,13.51,13.16,13.23,659188.18
2019-10-18,13.23,13.31,12.8,12.82,818050.58
2019-10-21,12.7,12.72,12.48,12.67,667430.1
2019-10-22,12.68,12.81,12.6,12.76,455927.94
2019-10-23,12.76,12.81,12.63,12.67,369941.19
2019-10-24,12.69,12.92,12.63,12.74,445439.92
2019-10-25,12.72,12.92,12.61,12.89,599413.8
2019-10-28,12.95,13.16,12.78,13.11,706009.26
2019-10-29,13.08,13.08,12.76,12.79,512717.22
2019-10-30,12.75,12.79,12.6,12.61,416362.29
2019-10-31,12.67,12.72,12.53,12.62,372960.21
2019-11-01,12.58,12.92,12.54,12.83,676383.99
2019-11-04,12.89,12.94,12.76,12.87,604531.57
2019-11-05,12.89,13.29,12.84,13.14,1158740.02
2019-11-06,13.1,13.18,13.0,13.07,587217.73
2019-11-07,12.98,13.22,12.93,13.12,512609.75
2019-11-08,13.25,13.29,12.72,12.73,812696.59
2019-11-11,12.58,12.67,12.41,12.44,779779.01
2019-11-12,12.44,12.57,12.4,12.51,428122.71
2019-11-13,12.5,12.65,12.44,12.5,459697.59
2019-11-14,12.5,12.59,12.42,12.47,403634.96
2019-11-15,12.45,12.5,12.25,12.29,527865.86
2019-11-18,12.26,12.58,12.24,12.49,446747.5
2019-11-19,12.46,12.64,12.43,12.64,423210.39
2019-11-20,12.63,12.65,12.34,12.4,489322.16
2019-11-21,12.34,12.48,12.3,12.4,276801.07
2019-11-22,12.41,12.6,12.33,12.41,413497.29
2019-11-25,12.4,12.48,12.26,12.47,317830.21
2019-11-26,12.49,12.57,12.33,12.42,414100.25
2019-11-27,12.37,12.38,12.25,12.27,365628.23
2019-11-28,12.27,12.34,12.24,12.28,210826.65
2019-11-29,12.28,12.37,12.24,12.3,295479.75
2019-12-02,12.51,12.56,12.35,12.39,587562.15
2019-12-03,12.33,12.45,12.29,12.41,408352.0
2019-12-04,12.33,12.34,12.26,12.32,307175.02
2019-12-05,12.36,12.6,12.35,12.53,787393.81
2019-12-06,12.52,12.68,12.51,12.64,555263.15
2019-12-09,12.74,12.8,12.59,12.69,477690.71
2019-12-10,12.69,12.71,12.58,12.67,330169.51
2019-12-11,12.73,12.84,12.63,12.69,442111.4
2019-12-12,12.69,12.82,12.66,12.75,454412.7
2019-12-13,13.07,13.3,12.91,13.17,1401737.73
2019-12-16,13.21,13.46,13.09,13.35,1068685.9
2019-12-17,13.34,14.02,13.28,13.56,1720401.36
2019-12-18,13.51,13.78,13.47,13.49,1035396.3
2019-12-19,13.52,13.59,13.27,13.42,872246.15
2019-12-20,13.46,13.66,13.41,13.41,833741.18
2019-12-23,13.41,13.55,13.08,13.13,760469.98
2019-12-24,13.21,13.23,13.05,13.19,413182.5
2019-12-25,13.15,13.32,13.03,13.16,484111.74
2019-12-26,13.18,13.46,13.13,13.41,704710.95
2019-12-27,13.35,13.57,13.18,13.18,900652.12
2019-12-30,13.16,14.22,13.1,14.02,2207076.15
2019-12-31,13.87,14.03,13.66,13.84,1117209.12
2020-01-02,14.1,14.29,13.92,13.99,1434342.82
2020-01-03,13.99,14.19,13.93,14.07,808407.27
2020-01-06,13.92,14.29,13.87,14.14,1047108.32
2020-01-07,14.16,14.2,13.89,14.1,939898.73
2020-01-08,13.91,13.96,13.59,13.61,1044841.86
2020-01-09,13.8,13.94,13.7,13.81,691074.04
2020-01-10,14.01,14.08,13.67,13.75,734050.42
2020-01-13,13.72,13.94,13.5,13.93,770607.87
2020-01-14,13.95,14.0,13.8,13.82,577888.43
2020-01-15,13.78,13.88,13.66,13.69,454643.96
2020-01-16,13.68,13.77,13.61,13.61,431009.68
2020-01-17,13.69,13.83,13.61,13.69,458437.08
2020-01-20,13.66,13.88,13.61,13.86,495782.58
2020-01-21,13.79,13.83,13.48,13.52,777714.97
2020-01-22,13.47,13.69,13.21,13.59,749331.32
2020-01-23,13.38,13.47,12.94,13.02,890557.92
2020-02-03,11.73,11.84,11.73,11.73,863900.87
2020-02-04,11.65,11.89,11.57,11.8,1443239.55
2020-02-05,11.8,12.25,11.71,11.9,1150804.79
2020-02-06,11.88,12.33,11.79,12.21,1112383.69
2020-02-07,12.11,12.34,12.07,12.26,724184.62
2020-02-10,12.18,12.42,12.13,12.33,627859.58
2020-02-11,12.47,12.68,12.38,12.41,732862.47
2020-02-12,12.36,12.64,12.3,12.53,763421.46
2020-02-13,12.51,12.58,12.26,12.32,661503.17
2020-02-14,12.29,12.62,12.27,12.48,756689.93
2020-02-17,12.78,13.39,12.73,13.25,1644597.77
2020-02-18,13.25,13.35,13.07,13.25,895022.03
2020-02-19,13.24,13.56,13.18,13.23,1079938.74
2020-02-20,13.29,13.99,13.2,13.89,1920416.41
2020-02-21,13.87,14.16,13.65,13.78,1798236.27
2020-02-24,13.68,13.88,13.62,13.75,1089562.36
2020-02-25,13.44,13.74,13.21,13.67,1554941.28
2020-02-26,13.43,14.02,13.37,13.66,1564198.36
2020-02-27,13.77,14.01,13.49,13.52,1307156.21
2020-02-28,13.16,13.2,12.63,12.72,1707809.16
2020-03-02,12.96,13.42,12.77,13.24,1203524.14
2020-03-03,13.48,13.67,13.15,13.27,1122702.11
2020-03-04,13.24,13.52,13.12,13.52,1136544.09
2020-03-05,13.65,14.1,13.44,13.85,1991438.31
2020-03-06,13.65,13.74,13.34,13.35,1319631.94
2020-03-09,13.07,13.23,12.76,12.92,1346339.59
2020-03-10,12.85,13.27,12.78,13.18,1103006.03
2020-03-11,13.18,13.18,12.78,12.82,1043158.13
2020-03-12,12.69,12.82,12.58,12.64,737100.7
2020-03-13,12.04,12.78,11.9,12.56,944400.5
2020-03-16,12.69,12.71,11.9,11.9,883528.43
2020-03-17,12.07,12.25,11.73,11.98,728145.57
2020-03-18,12.09,12.18,11.73,11.74,635699.33
2020-03-19,11.72,11.89,11.38,11.76,977469.85
2020-03-20,11.79,11.85,11.55,11.81,657700.11
2020-03-23,11.33,11.56,11.29,11.46,856582.88
2020-03-24,11.57,11.64,11.19,11.52,953015.68
2020-03-25,11.75,11.8,11.55,11.65,787317.64
2020-03-26,11.52,11.64,11.48,11.5,393516.21
2020-03-27,11.64,11.88,11.55,11.59,646254.51
2020-03-30,11.45,11.58,11.37,11.53,450886.52
2020-03-31,11.65,11.7,11.48,11.49,362482.99
2020-04-01,11.48,11.74,11.46,11.51,430703.11
2020-04-02,11.5,11.7,11.46,11.7,374956.96
2020-04-03,11.64,11.64,11.49,11.54,346779.44
2020-04-07,11.73,11.82,11.64,11.77,722702.39
2020-04-08,11.68,11.77,11.65,11.73,373982.43
2020-04-09,11.79,11.91,11.73,11.74,534279.39
2020-04-10,11.77,11.77,11.5,11.53,505443.37
2020-04-13,11.47,11.52,11.31,11.38,365074.99
2020-04-14,11.41,11.77,11.35,11.66,579953.11
2020-04-15,11.57,11.78,11.55,11.56,520641.55
2020-04-16,11.48,11.82,11.46,11.72,701747.94
2020-04-17,11.79,11.81,11.65,11.7,550715.31
2020-04-20,11.7,11.74,11.65,11.71,349989.38
2020-04-21,11.66,11.68,11.51,11.56,430978.89
2020-04-22,11.5,11.56,11.46,11.52,349962.7
2020-04-23,11.55,11.6,11.42,11.46,370843.79
2020-04-24,11.44,11.49,11.26,11.29,358437.76
2020-04-27,11.28,11.39,11.24,11.25,306527.69
2020-04-28,11.36,11.39,11.1,11.32,402789.94
2020-04-29,11.27,11.38,11.24,11.3,264165.44
2020-04-30,11.35,11.57,11.34,11.54,529039.42
2020-05-06,11.33,11.5,11.28,11.48,510373.54
2020-05-07,11.46,11.49,11.33,11.34,471146.36
2020-05-08,11.46,11.64,11.4,11.56,733415.14
2020-05-11,11.56,11.62,11.39,11.43,509351.18
2020-05-12,11.51,11.55,11.35,11.4,395111.88
2020-05-13,11.36,11.42,11.32,11.38,304266.79
2020-05-14,11.32,11.36,11.21,11.22,364574.42
2020-05-15,11.26,11.31,11.2,11.21,263622.39
2020-05-18,11.2,11.25,11.11,11.12,419657.9
2020-05-19,11.22,11.24,11.12,11.16,297772.06
2020-05-20,11.14,11.2,11.1,11.13,270895.19
2020-05-21,11.17,11.18,10.92,10.94,404089.37
2020-05-22,10.93,10.94,10.54,10.57,710962.93
2020-05-25,10.56,10.63,10.36,10.39,385550.7
2020-05-26,10.45,10.5,10.39,10.47,355712.26
2020-05-27,10.46,10.46,10.25,10.28,458313.92
2020-05-28,10.28,10.56,10.28,10.4,541711.7
2020-05-29,10.35,10.45,10.34,10.34,291830.89
2020-06-01,10.55,10.82,10.55,10.76,855635.55
2020-06-02,10.79,10.88,10.74,10.8,461295.38
2020-06-03,10.84,10.92,10.65,10.68,454405.41
2020-06-04,10.72,10.77,10.57,10.62,324862.16
2020-06-05,10.67,10.79,10.62,10.79,416343.29
2020-06-08,10.81,10.87,10.71,10.73,384360.05
2020-06-09,10.74,10.89,10.7,10.81,455015.03
2020-06-10,10.81,10.81,10.61,10.64,472469.15
2020-06-11,10.65,10.75,10.57,10.58,447937.81
2020-06-12,10.43,10.54,10.4,10.5,445380.93
2020-06-15,10.5,10.7,10.5,10.5,454836.08
2020-06-16,10.57,10.66,10.53,10.59,335338.05
2020-06-17,10.58,10.58,10.47,10.52,356180.18
2020-06-18,10.5,10.72,10.48,10.66,511048.96
2020-06-19,10.68,11.1,10.62,10.97,1289699.32
2020-06-22,10.96,11.68,10.92,11.3,1847054.75
2020-06-23,11.25,11.52,11.2,11.4,1014320.83
2020-06-24,11.44,11.67,11.39,11.52,1095071.18
2020-06-29,11.3,11.37,10.92,10.96,1187197.52
2020-06-30,11.04,11.36,10.95,11.26,987384.94
2020-07-01,11.26,11.55,11.17,11.55,1085079.81
2020-07-02,11.54,12.52,11.47,12.37,2492547.81
2020-07-03,12.64,13.35,12.45,13.26,3527378.12
2020-07-06,13.69,14.58,13.52,14.58,4349383.52
2020-07-07,14.81,14.85,13.87,14.12,3100902.47
2020-07-08,14.12,15.44,14.12,14.97,3129997.63
2020-07-09,14.55,14.91,14.38,14.59,2732586.65
2020-07-10,14.34,14.46,13.95,13.96,2119183.47
2020-07-13,13.81,14.55,13.79,14.28,2045587.85
2020-07-14,14.2,14.38,13.96,14.23,1513639.74
2020-07-15,14.42,14.54,13.79,13.99,1592073.47
2020-07-16,14.03,14.23,13.01,13.07,2235478.76
2020-07-17,13.25,13.32,12.56,12.69,1688954.38
2020-07-20,12.95,13.39,12.78,13.2,1711698.12
2020-07-21,13.2,13.2,12.78,12.93,1108479.49
2020-07-22,12.96,13.52,12.87,13.07,1679961.91
2020-07-23,12.92,13.12,12.62,12.99,1356726.72
2020-07-24,12.89,13.02,12.19,12.35,1464627.71
2020-07-27,12.43,12.48,12.16,12.29,786546.97
2020-07-28,12.42,12.46,12.17,12.3,641022.82
2020-07-29,12.29,12.76,12.24,12.68,1136994.85
2020-07-30,12.71,12.73,12.47,12.53,738658.04
2020-07-31,12.5,12.87,12.43,12.62,1140267.6
2020-08-03,12.8,13.27,12.67,13.2,1420407.89
2020-08-04,13.25,13.27,12.97,13.09,1077825.83
2020-08-05,13.09,13.09,12.81,12.9,838440.73
2020-08-06,12.93,13.38,12.69,13.24,1291371.09
2020-08-07,13.19,13.27,12.75,12.94,1412896.0
2020-08-10,12.88,13.7,12.84,13.48,2369269.62
2020-08-11,13.47,13.73,13.01,13.01,1928984.55
2020-08-12,12.99,13.38,12.86,13.37,1779410.85
2020-08-13,13.41,13.87,13.18,13.69,2017644.43
2020-08-14,13.52,13.8,13.4,13.78,1308925.78
2020-08-17,13.95,14.76,13.81,14.14,2741102.33
2020-08-18,14.16,14.21,13.88,13.97,1283228.56
2020-08-19,13.96,14.03,13.56,13.57,1178248.3
2020-08-20,13.47,13.57,13.34,13.41,782155.81
2020-08-21,13.52,13.73,13.47,13.71,807490.13
2020-08-24,13.71,13.81,13.59,13.61,589279.42
2020-08-25,13.68,13.8,13.48,13.5,641691.71
2020-08-26,13.47,13.66,13.1,13.1,902106.08
2020-08-27,13.12,13.26,13.05,13.16,503037.78
2020-08-28,13.16,13.63,13.1,13.57,805468.4
2020-08-31,13.61,13.95,13.46,13.58,1084567.05
2020-09-01,13.51,13.63,13.41,13.58,551656.36
2020-09-02,13.59,13.62,13.25,13.38,701063.16
2020-09-03,13.39,13.53,13.24,13.28,526602.71
2020-09-04,13.01,13.23,13.01,13.13,489596.91
2020-09-07,13.11,13.22,12.83,12.83,578299.25
2020-09-08,12.93,13.36,12.87,13.25,756392.86
2020-09-09,13.08,13.2,12.89,12.97,609667.49
2020-09-10,13.07,13.14,12.75,12.76,677479.96
2020-09-11,12.75,12.86,12.62,12.82,382987.49
2020-09-14,12.87,12.88,12.71,12.82,335290.21
2020-09-15,12.76,12.93,12.75,12.8,339639.81
2020-09-16,12.81,12.93,12.73,12.8,399952.17
2020-09-17,12.73,12.76,12.52,12.66,448890.99
2020-09-18,12.66,13.18,12.62,13.08,915053.65
2020-09-21,13.27,13.37,13.04,13.06,735088.63
2020-09-22,12.97,13.35,12.85,12.87,787557.06
2020-09-23,12.92,12.95,12.74,12.79,401651.9
2020-09-24,12.79,12.87,12.63,12.65,440473.36
2020-09-25,12.69,13.02,12.67,12.88,610231.59
2020-09-28,12.76,13.06,12.76,12.95,512216.0
2020-09-29,13.01,13.09,12.88,12.92,438668.03
2020-09-30,12.94,12.98,12.61,12.67,430690.53
2020-10-09,12.85,12.96,12.82,12.89,372519.23
2020-10-12,12.97,13.52,12.97,13.43,1059216.84
2020-10-13,13.34,13.44,13.23,13.44,561647.86
2020-10-14,13.35,13.39,13.23,13.3,443784.57
2020-10-15,13.36,13.5,13.26,13.27,419242.99
2020-10-16,13.27,13.36,13.2,13.24,481619.95
2020-10-19,13.3,13.55,13.17,13.17,604222.54
2020-10-20,13.14,13.2,13.05,13.2,342251.85
2020-10-21,13.16,13.25,13.08,13.18,325957.75
2020-10-22,13.13,13.38,13.1,13.27,387903.81
2020-10-23,13.26,13.41,13.17,13.18,405387.63
2020-10-26,13.07,13.16,12.7,12.78,582814.58
2020-10-27,12.78,12.82,12.62,12.68,406419.59
2020-10-28,12.71,12.86,12.63,12.83,344675.12
2020-10-29,12.68,12.99,12.63,12.9,469252.74
2020-10-30,12.86,12.96,12.55,12.57,433033.63
2020-11-02,12.57,12.75,12.41,12.52,485943.06
2020-11-03,12.54,12.84,12.53,12.75,454917.18
2020-11-04,12.75,12.79,12.58,12.72,334304.17
2020-11-05,12.89,12.95,12.72,12.78,452340.16
2020-11-06,12.81,12.89,12.61,12.73,531333.09
2020-11-09,12.84,13.32,12.81,13.14,1000799.4
2020-11-10,13.18,13.23,13.04,13.12,646791.79
2020-11-11,13.14,13.19,12.91,12.93,520931.54
2020-11-12,12.93,12.99,12.67,12.7,522662.8
2020-11-13,12.67,12.67,12.42,12.47,704769.39
2020-11-16,12.53,12.58,12.45,12.54,532625.79
2020-11-17,12.52,12.55,12.41,12.48,367612.28
2020-11-18,12.5,12.66,12.49,12.55,544959.02
2020-11-19,12.0,12.01,11.47,11.75,2025152.5
2020-11-20,11.79,11.88,11.7,11.85,692730.47
2020-11-23,11.82,12.3,11.72,12.14,1014041.58
2020-11-24,12.1,12.3,12.1,12.17,534930.7
2020-11-25,12.26,12.34,12.03,12.05,483605.24
2020-11-26,12.02,12.16,12.01,12.13,345399.05
2020-11-27,12.23,12.43,12.11,12.39,521552.69
2020-11-30,12.48,12.74,12.34,12.34,1069309.61
2020-12-01,12.35,12.67,12.26,12.58,1020813.59
2020-12-02,12.57,12.75,12.45,12.53,878896.99
2020-12-03,12.57,12.61,12.4,12.47,734116.13
2020-12-04,12.45,12.46,12.23,12.28,563268.26
2020-12-07,12.3,12.34,12.16,12.18,464944.65
2020-12-08,12.17,12.26,12.09,12.1,468721.01
2020-12-09,12.11,12.15,11.83,11.85,774873.66
2020-12-10,11.84,11.87,11.58,11.65,895032.26
2020-12-11,11.69,11.69,11.2,11.49,1364275.0
2020-12-14,11.42,11.48,11.32,11.46,675586.41
2020-12-15,11.42,11.46,11.34,11.43,461575.18
2020-12-16,11.45,11.54,11.41,11.42,450897.66
2020-12-17,11.41,11.68,11.36,11.65,572270.44
2020-12-18,11.61,11.71,11.54,11.63,409173.6
2020-12-21,11.61,11.77,11.53,11.64,450770.65
2020-12-22,11.62,11.63,11.38,11.4,563563.83
2020-12-23,11.42,11.56,11.4,11.5,351145.57
2020-12-24,11.54,11.63,11.42,11.51,302150.73
2020-12-25,11.47,11.71,11.45,11.56,507307.33
2020-12-28,11.55,11.63,11.45,11.46,431662.58
2020-12-29,11.52,11.64,11.34,11.39,503167.64
2020-12-30,11.36,11.44,11.28,11.42,570829.09
2020-12-31,11.45,11.91,11.42,11.75,1145403.57
2021-01-04,11.78,11.86,11.63,11.85,903832.27
2021-01-05,11.74,11.84,11.64,11.77,815432.43
2021-01-06,11.79,11.94,11.68,11.78,836081.27
2021-01-07,11.82,11.85,11.52,11.75,854781.54
2021-01-08,11.77,11.91,11.7,11.82,749292.42
2021-01-11,11.82,11.88,11.56,11.56,764227.79
2021-01-12,11.53,12.37,11.4,12.24,2183599.96
2021-01-13,12.14,12.14,11.82,11.89,1114067.86
2021-01-14,11.84,11.89,11.72,11.73,652394.21
2021-01-15,11.7,11.93,11.67,11.74,591779.89
2021-01-18,11.72,11.9,11.68,11.75,586132.43
2021-01-19,11.74,11.93,11.68,11.69,795510.62
2021-01-20,11.7,11.77,11.56,11.58,671900.22
2021-01-21,11.58,11.74,11.49,11.57,900963.81
2021-01-22,11.52,11.58,11.35,11.39,791495.09
2021-01-25,11.39,11.43,11.21,11.25,716383.22
2021-01-26,11.21,11.36,11.2,11.29,533554.76
2021-01-27,11.32,11.32,11.16,11.21,463058.27
2021-01-28,11.15,11.25,11.1,11.21,465673.89
2021-01-29,11.24,11.29,11.09,11.21,467282.34
2021-02-01,11.19,11.22,11.01,11.12,366623.75
2021-02-02,11.12,11.22,11.1,11.16,385404.89
2021-02-03,11.19,11.2,11.07,11.08,378805.01
2021-02-04,11.05,11.1,10.83,10.9,520800.37
2021-02-05,10.89,10.95,10.84,10.89,433502.49
2021-02-08,10.89,10.94,10.78,10.81,663259.37
2021-02-09,10.83,11.0,10.72,10.91,604181.51
2021-02-10,10.94,11.0,10.79,10.94,829433.8
2021-02-18,11.13,11.19,11.02,11.04,543746.96
2021-02-19,11.03,11.31,11.01,11.27,838407.25
2021-02-22,11.32,11.45,11.15,11.15,864438.19
2021-02-23,11.17,11.27,11.07,11.1,549420.48
2021-02-24,11.12,11.26,11.02,11.12,640298.84
2021-02-25,11.17,11.31,11.07,11.24,679727.54
2021-02-26,11.11,11.22,11.03,11.05,632694.09
2021-03-01,11.1,11.14,10.9,10.99,596285.98
2021-03-02,11.02,11.03,10.89,10.91,419727.72
2021-03-03,10.9,11.11,10.89,11.09,502706.8
2021-03-04,11.04,11.11,10.92,10.94,494865.4
2021-03-05,10.89,11.15,10.87,11.08,670562.13
2021-03-08,11.17,11.19,10.93,10.93,657083.44
2021-03-09,10.92,11.0,10.72,10.81,556920.94
2021-03-10,10.87,10.9,10.69,10.71,442762.46
2021-03-11,10.72,10.82,10.7,10.79,389418.33
2021-03-12,10.78,10.96,10.68,10.85,569826.19
2021-03-15,10.77,10.82,10.71,10.76,374258.88
2021-03-16,10.76,10.82,10.74,10.81,302016.52
2021-03-17,10.8,10.82,10.72,10.79,378988.81
2021-03-18,10.8,10.85,10.78,10.81,358719.3
2021-03-19,10.77,10.78,10.68,10.7,328934.63
2021-03-22,10.69,10.87,10.69,10.84,423827.75
2021-03-23,10.82,10.95,10.79,10.88,483587.57
2021-03-24,10.87,11.1,10.83,10.89,663347.17
2021-03-25,10.68,10.68,10.08,10.14,1638120.9
2021-03-26,10.14,10.18,10.04,10.14,660359.84
2021-03-29,10.09,10.22,10.06,10.19,465285.38
2021-03-30,10.16,10.18,10.12,10.14,335456.85
2021-03-31,10.11,10.15,10.09,10.12,319467.47
2021-04-01,10.11,10.16,10.09,10.15,287791.02
2021-04-02,10.16,10.16,10.09,10.1,396232.97
2021-04-06,10.15,10.15,10.12,10.14,313862.17
2021-04-07,10.12,10.19,10.11,10.15,364884.84
2021-04-08,10.12,10.21,10.11,10.14,412402.86
2021-04-09,10.14,10.15,10.1,10.12,249674.24
2021-04-12,10.08,10.14,10.0,10.0,368044.51
2021-04-13,9.98,10.02,9.8,9.89,407804.24
2021-04-14,9.89,10.0,9.87,9.99,270469.8
2021-04-15,9.95,9.96,9.82,9.86,249041.56
2021-04-16,9.87,9.96,9.86,9.94,229254.14
2021-04-19,9.93,10.16,9.9,10.15,447197.39
2021-04-20,10.11,10.16,10.01,10.04,273440.63
2021-04-21,9.99,10.04,9.96,9.96,171311.37
2021-04-22,10.0,10.06,9.94,9.97,240538.0
2021-04-23,9.95,9.97,9.87,9.91,231485.35
2021-04-26,9.93,9.97,9.81,9.82,319678.99
2021-04-27,9.81,9.83,9.74,9.77,281205.08
2021-04-28,9.76,9.77,9.71,9.72,251604.7
2021-04-29,9.84,10.21,9.84,10.12,993450.2
2021-04-30,10.06,10.19,10.04,10.12,567287.89
2021-05-06,10.17,10.28,10.14,10.15,481896.31
2021-05-07,10.13,10.19,10.08,10.13,410210.12
2021-05-10,10.04,10.07,9.97,10.04,395143.27
2021-05-11,10.01,10.24,9.99,10.21,432406.32
2021-05-12,10.19,10.25,10.11,10.18,283312.66
2021-05-13,10.1,10.23,10.09,10.15,256767.66
2021-05-14,10.19,10.66,10.14,10.63,1374119.81
2021-05-17,10.47,10.54,10.32,10.35,803903.31
2021-05-18,10.36,10.45,10.33,10.38,337331.08
2021-05-19,10.38,10.4,10.25,10.26,375092.75
2021-05-20,10.22,10.4,10.19,10.32,420691.96
2021-05-21,10.32,10.4,10.25,10.26,355366.95
2021-05-24,10.27,10.5,10.27,10.4,501648.9
2021-05-25,10.41,10.75,10.38,10.68,1083659.76
2021-05-26,10.71,10.82,10.61,10.64,861089.29
2021-05-27,10.59,10.69,10.52,10.6,617913.59
2021-05-28,10.59,10.88,10.57,10.74,856815.71
2021-05-31,10.69,10.74,10.61,10.69,517528.92
2021-06-01,10.65,10.78,10.64,10.7,654007.28
2021-06-02,10.69,10.8,10.53,10.55,454680.33
2021-06-03,10.55,10.7,10.54,10.59,433307.45
2021-06-04,10.57,10.85,10.53,10.65,625370.55
2021-06-07,10.66,10.75,10.61,10.68,375106.89
2021-06-08,10.66,10.78,10.64,10.68,415573.42
2021-06-09,10.71,10.78,10.67,10.74,429400.4
2021-06-10,10.75,10.95,10.7,10.88,753609.48
2021-06-11,10.88,11.16,10.81,10.89,1203768.69
2021-06-15,10.88,10.99,10.67,10.69,653826.86
2021-06-16,10.68,10.81,10.66,10.7,437636.39
2021-06-17,10.72,10.78,10.55,10.58,352555.02
2021-06-18,10.56,10.66,10.49,10.55,385305.3
2021-06-21,10.55,10.66,10.55,10.62,309653.55
2021-06-22,10.66,10.75,10.47,10.54,386677.93
2021-06-23,10.53,10.63,10.51,10.59,346791.25
2021-06-24,10.6,10.74,10.59,10.64,275601.62
2021-06-25,10.65,10.89,10.65,10.81,746758.71
2021-06-28,10.81,10.81,10.6,10.64,483802.2
2021-06-29,10.64,10.68,10.48,10.5,372129.9
2021-06-30,10.52,10.59,10.46,10.51,287441.91
2021-07-01,10.7,10.79,10.5,10.69,631287.37
2021-07-02,10.63,10.63,10.42,10.44,444023.17
2021-07-05,10.46,10.48,10.28,10.36,316034.04
2021-07-06,10.37,10.51,10.34,10.46,269486.45
2021-07-07,10.46,10.52,10.4,10.5,307948.08
2021-07-08,10.58,10.59,10.39,10.42,240733.21
2021-07-09,10.41,10.5,10.36,10.45,297694.94
2021-07-12,10.57,10.75,10.52,10.73,690500.72
2021-07-13,10.73,10.8,10.68,10.76,399217.56
2021-07-14,10.72,10.74,10.53,10.55,410911.42
2021-07-15,10.57,10.8,10.54,10.79,604219.19
2021-07-16,10.87,10.96,10.75,10.78,762710.13
2021-07-19,10.78,10.95,10.66,10.92,628362.18
2021-07-20,10.83,10.9,10.78,10.83,380443.66
2021-07-21,10.86,11.07,10.82,10.88,638329.1
2021-07-22,10.92,11.06,10.82,11.02,646090.37
2021-07-23,11.06,11.32,10.95,11.09,1036672.78
2021-07-26,10.99,10.99,10.6,10.62,964604.14
2021-07-27,10.65,10.68,10.25,10.29,699995.4
2021-07-28,10.3,10.49,10.28,10.32,561666.35
2021-07-29,10.47,10.48,10.24,10.32,529014.47
2021-07-30,10.34,10.45,10.27,10.32,387777.99
2021-08-02,10.31,10.81,10.19,10.61,851654.44
2021-08-03,10.54,10.84,10.49,10.62,622830.13
2021-08-04,10.62,10.66,10.5,10.56,406970.34
2021-08-05,10.52,10.63,10.43,10.43,350173.53
2021-08-06,10.44,10.53,10.4,10.49,308645.18
2021-08-09,10.43,10.75,10.41,10.73,629067.64
2021-08-10,10.7,10.82,10.61,10.8,609374.73
2021-08-11,10.76,10.88,10.71,10.76,545260.12
2021-08-12,10.73,10.81,10.7,10.75,348852.53
2021-08-13,10.72,10.81,10.66,10.72,351673.3
2021-08-16,10.77,11.03,10.76,10.91,823793.0
2021-08-17,10.93,11.18,10.81,10.84,1044181.58
2021-08-18,10.84,11.54,10.82,11.48,2020144.2
2021-08-19,11.41,11.64,11.18,11.19,1456164.87
2021-08-20,11.24,11.4,11.12,11.34,1007432.26
2021-08-23,11.4,11.52,11.12,11.23,912883.18
2021-08-24,11.2,12.0,11.17,11.74,2032795.12
2021-08-25,11.58,11.78,11.46,11.57,1063058.0
2021-08-26,11.57,11.71,11.48,11.51,856738.15
2021-08-27,11.57,11.95,11.51,11.62,1094054.09
2021-08-30,11.76,12.02,11.6,11.72,1183840.11
2021-08-31,11.64,12.06,11.53,11.88,1521046.44
2021-09-01,11.86,12.56,11.81,12.29,2472876.97
2021-09-02,12.21,12.56,12.18,12.48,1756677.98
2021-09-03,12.9,12.97,12.34,12.35,1919573.48
2021-09-06,12.35,12.75,12.3,12.63,1332216.62
2021-09-07,12.54,12.96,12.42,12.91,1582208.7
2021-09-08,12.9,13.14,12.71,12.78,1336762.92
2021-09-09,12.07,12.1,11.53,11.7,4246141.62
2021-09-10,11.73,12.09,11.62,12.07,3055782.05
2021-09-13,12.08,12.19,11.86,11.96,1506653.65
2021-09-14,11.96,12.01,11.52,11.57,1495300.01
2021-09-15,11.57,11.67,11.46,11.54,825877.61
2021-09-16,11.54,11.64,11.32,11.33,968145.34
2021-09-17,11.37,11.61,11.37,11.49,768169.07
2021-09-22,11.31,11.48,11.2,11.38,721503.45
2021-09-23,11.44,11.63,11.44,11.55,650831.58
2021-09-24,11.55,11.63,11.39,11.42,567052.1
2021-09-27,11.38,11.52,11.24,11.29,679949.6
2021-09-28,11.33,11.47,11.29,11.41,502229.39
2021-09-29,11.54,11.59,11.34,11.49,984710.74
2021-09-30,11.42,11.5,11.29,11.35,791445.84
2021-10-08,11.45,11.66,11.43,11.6,762766.62
2021-10-11,11.63,11.75,11.58,11.59,558410.04
2021-10-12,11.54,11.57,11.33,11.46,609468.92
2021-10-13,11.42,11.52,11.33,11.46,361625.44
2021-10-14,11.46,11.48,11.35,11.42,292315.55
2021-10-15,11.41,11.53,11.38,11.45,359965.89
2021-10-18,11.42,11.55,11.42,11.49,383805.79
2021-10-19,11.45,11.58,11.43,11.46,500206.18
2021-10-20,11.47,11.5,11.36,11.38,346385.74
2021-10-21,11.38,11.53,11.35,11.47,516727.54
2021-10-22,11.47,11.55,11.44,11.48,404156.36
2021-10-25,11.49,11.63,11.42,11.58,602749.48
2021-10-26,11.54,11.63,11.47,11.5,404095.51
2021-10-27,11.47,11.49,11.27,11.3,477542.12
2021-10-28,11.3,11.34,11.16,11.24,400603.83
2021-10-29,11.3,11.57,11.17,11.54,816525.73
2021-11-01,11.49,11.81,11.49,11.73,723039.17
2021-11-02,11.69,11.74,11.45,11.58,615928.4
2021-11-03,11.53,11.69,11.49,11.64,508272.47
2021-11-04,11.66,11.76,11.55,11.57,400298.71
2021-11-05,11.52,11.66,11.48,11.55,348742.63
2021-11-08,11.57,11.71,11.52,11.62,336290.55
2021-11-09,11.66,11.79,11.62,11.77,453103.86
2021-11-10,11.72,11.78,11.56,11.66,440862.59
2021-11-11,11.64,11.86,11.63,11.83,755331.13
2021-11-12,11.83,11.83,11.7,11.81,462937.62
2021-11-15,11.78,11.84,11.67,11.73,384537.26
2021-11-16,11.72,11.78,11.57,11.6,410618.41
2021-11-17,11.58,11.68,11.52,11.52,374690.81
2021-11-18,11.51,11.52,11.35,11.35,435342.41
2021-11-19,11.32,11.53,11.32,11.48,454669.53
2021-11-22,11.45,11.52,11.38,11.43,400134.92
2021-11-23,11.42,11.57,11.4,11.42,517320.23
2021-11-24,11.42,11.46,11.36,11.38,388396.83
2021-11-25,11.38,11.4,11.24,11.25,534313.77
2021-11-26,11.23,11.25,11.17,11.17,422230.57
2021-11-29,11.07,11.13,11.03,11.08,414659.18
2021-11-30,11.1,11.16,11.04,11.06,307831.72
2021-12-01,11.04,11.16,11.03,11.14,380769.9
2021-12-02,11.12,11.26,11.11,11.21,428188.52
2021-12-03,11.18,11.26,11.13,11.21,332769.05
2021-12-06,11.26,11.55,11.22,11.28,1028479.17
2021-12-07,11.37,11.38,11.19,11.31,664888.08
2021-12-08,11.34,11.38,11.26,11.35,549348.19
2021-12-09,11.34,11.62,11.32,11.52,1113480.73
2021-12-10,11.45,11.51,11.38,11.4,721554.53
2021-12-13,11.56,11.64,11.35,11.36,929078.31
2021-12-14,11.33,11.38,11.29,11.33,457364.05
2021-12-15,11.33,11.42,11.31,11.36,391483.59
2021-12-16,11.36,11.43,11.34,11.42,391678.96
2021-12-17,11.43,11.53,11.4,11.44,670452.91
2021-12-20,11.39,11.5,11.34,11.35,507680.64
2021-12-21,11.34,11.44,11.32,11.42,453940.84
2021-12-22,11.44,11.45,11.34,11.34,349057.86
2021-12-23,11.36,11.39,11.32,11.37,319953.77
2021-12-24,11.36,11.38,11.26,11.27,315827.5
2021-12-27,11.26,11.35,11.26,11.32,215331.87
2021-12-28,11.35,11.39,11.28,11.38,383999.32
2021-12-29,11.38,11.4,11.33,11.37,265287.07
2021-12-30,11.34,11.5,11.34,11.43,472311.6
2021-12-31,11.49,11.52,11.44,11.46,370912.03
2022-01-04,11.46,11.58,11.41,11.52,584259.72
2022-01-05,11.53,11.6,11.48,11.5,524600.02
2022-01-06,11.47,11.51,11.39,11.4,626175.03
2022-01-07,11.44,11.52,11.42,11.44,645031.4
2022-01-10,11.45,11.52,11.44,11.46,438073.97
2022-01-11,11.46,11.52,11.43,11.48,546191.02
2022-01-12,11.52,11.53,11.43,11.51,392548.19
2022-01-13,11.57,11.66,11.49,11.49,612399.17
2022-01-14,11.46,11.47,11.2,11.21,765589.65
2022-01-17,11.2,11.31,11.2,11.24,350966.81
2022-01-18,11.25,11.33,11.18,11.25,590436.51
2022-01-19,11.28,11.43,11.24,11.3,631347.95
2022-01-20,11.29,11.63,11.28,11.57,1224926.17
2022-01-21,11.54,11.65,11.5,11.54,683645.01
2022-01-24,11.5,11.54,11.38,11.38,560891.39
2022-01-25,11.36,11.4,11.09,11.12,663976.31
2022-01-26,11.15,11.22,11.03,11.19,500733.66
2022-01-27,11.13,11.16,10.87,10.9,528939.0
2022-01-28,10.96,11.03,10.73,10.73,489144.74
2022-02-07,10.82,10.89,10.76,10.84,379263.46
2022-02-08,10.82,11.13,10.82,11.11,472353.95
2022-02-09,11.11,11.18,11.06,11.09,366815.05
2022-02-10,11.09,11.14,11.04,11.11,274818.94
2022-02-11,11.05,11.25,11.05,11.12,419900.28
2022-02-14,11.09,11.12,10.88,10.95,516837.55
2022-02-15,10.95,11.0,10.91,10.95,274136.55
2022-02-16,11.0,11.09,10.94,10.95,255956.2
2022-02-17,10.94,10.97,10.84,10.85,296016.55
2022-02-18,10.8,10.94,10.8,10.94,278061.73
2022-02-21,10.94,10.95,10.84,10.94,285379.91
2022-02-22,10.87,10.89,10.76,10.79,348828.9
2022-02-23,10.8,10.85,10.77,10.83,251476.79
2022-02-24,10.79,10.79,10.47,10.52,505157.54
2022-02-25,10.58,10.64,10.47,10.49,311952.96
2022-02-28,10.51,10.52,10.37,10.51,209212.51
2022-03-01,10.51,10.56,10.45,10.52,228799.69
2022-03-02,10.48,10.56,10.47,10.53,250108.52
2022-03-03,10.54,10.61,10.54,10.56,227674.76
2022-03-04,10.51,10.55,10.43,10.52,264964.42
2022-03-07,10.48,10.52,10.29,10.33,370064.86
2022-03-08,10.31,10.37,10.1,10.1,432484.37
2022-03-09,10.12,10.18,9.46,9.77,581774.99
2022-03-10,9.95,9.99,9.74,9.74,455404.55
2022-03-11,9.63,10.01,9.5,9.92,510847.61
2022-03-14,9.83,10.02,9.81,9.82,391021.1
2022-03-15,9.79,9.83,9.37,9.37,549767.99
2022-03-16,9.49,9.87,9.35,9.8,724720.85
2022-03-17,9.89,9.95,9.74,9.75,592933.45
2022-03-18,9.77,9.91,9.7,9.85,422263.87
2022-03-21,9.79,9.83,9.66,9.72,384688.74
2022-03-22,9.69,9.84,9.68,9.8,304480.92
2022-03-23,9.8,9.81,9.72,9.78,290789.74
2022-03-24,9.71,9.76,9.66,9.66,235425.8
2022-03-25,9.67,9.75,9.56,9.57,251841.01
2022-03-28,9.53,9.66,9.46,9.65,258485.4
2022-03-29,9.66,9.67,9.51,9.55,223984.49
2022-03-30,9.59,9.8,9.58,9.76,539470.75
2022-03-31,9.69,9.74,9.61,9.63,462320.29
2022-04-01,9.57,9.66,9.46,9.65,671988.09
2022-04-06,9.55,9.66,9.53,9.63,616001.65
2022-04-07,9.58,9.65,9.42,9.42,648924.01
2022-04-08,9.43,9.54,9.36,9.52,472222.0
2022-04-11,9.47,9.49,9.28,9.34,521068.21
2022-04-12,9.28,9.54,9.21,9.48,712680.89
2022-04-13,9.4,9.45,9.33,9.33,466524.43
2022-04-14,9.38,9.48,9.37,9.42,434208.35
2022-04-15,9.39,9.49,9.37,9.39,393372.14
2022-04-18,9.36,9.36,9.24,9.32,347311.75
2022-04-19,9.3,9.35,9.17,9.21,414922.19
2022-04-20,9.18,9.21,9.09,9.09,344881.79
2022-04-21,9.09,9.15,8.99,9.02,460304.55
2022-04-22,8.97,9.09,8.95,9.03,316670.69
2022-04-25,8.96,9.01,8.69,8.7,589377.6
2022-04-26,8.73,8.78,8.31,8.34,651324.5
2022-04-27,8.12,8.43,8.0,8.33,620146.58
2022-04-28,8.27,8.3,8.09,8.23,476052.8
2022-04-29,8.39,8.6,8.3,8.46,702054.15
2022-05-05,8.41,8.46,8.36,8.38,385616.79
2022-05-06,8.29,8.37,8.17,8.18,316042.38
2022-05-09,8.15,8.27,8.14,8.23,199679.24
2022-05-10,8.16,8.37,8.11,8.32,324802.53
2022-05-11,8.32,8.51,8.27,8.34,469939.2
2022-05-12,8.31,8.4,8.28,8.34,218594.54
2022-05-13,8.37,8.44,8.34,8.4,238520.05
2022-05-16,8.46,8.46,8.29,8.31,258820.01
2022-05-17,8.31,8.36,8.23,8.33,221644.8
2022-05-18,8.34,8.39,8.3,8.35,302611.42
2022-05-19,8.27,8.35,8.24,8.35,260822.72
2022-05-20,8.37,8.51,8.36,8.46,440240.66
2022-05-23,8.47,8.51,8.39,8.48,335319.05
2022-05-24,8.48,8.52,8.32,8.33,396532.71
2022-05-25,8.3,8.39,8.3,8.37,209796.56
2022-05-26,8.4,8.6,8.34,8.51,378210.55
2022-05-27,8.51,8.56,8.45,8.51,307440.83
2022-05-30,8.52,8.55,8.44,8.48,249554.15
2022-05-31,8.5,8.57,8.46,8.53,308928.67
2022-06-01,8.54,8.55,8.48,8.5,202730.8
2022-06-02,8.49,8.57,8.44,8.53,256829.25
2022-06-06,8.52,8.67,8.48,8.65,443639.09
2022-06-07,8.65,8.77,8.6,8.67,487825.91
2022-06-08,8.68,8.93,8.66,8.9,731862.24
2022-06-09,8.91,9.04,8.79,8.85,639717.06
2022-06-10,8.8,9.02,8.72,9.0,676350.91
2022-06-13,8.88,8.94,8.79,8.85,520419.54
2022-06-14,8.75,9.23,8.67,9.17,911738.58
2022-06-15,9.23,9.73,9.19,9.43,1808218.38
2022-06-16,9.44,9.44,9.14,9.16,904262.07
2022-06-17,9.05,9.23,8.98,9.14,636986.85
2022-06-20,9.09,9.2,9.04,9.05,433427.96
2022-06-21,9.07,9.13,9.0,9.06,331860.75
2022-06-22,9.08,9.1,8.92,8.92,365317.58
2022-06-23,8.91,9.21,8.91,9.16,578439.58
2022-06-24,9.16,9.19,9.08,9.12,348204.18
2022-06-27,9.17,9.22,9.11,9.12,384657.89
2022-06-28,9.12,9.26,9.04,9.21,398395.86
2022-06-29,9.17,9.25,9.12,9.12,411782.79
2022-06-30,9.12,9.28,9.11,9.17,356590.3
2022-07-01,9.18,9.21,9.06,9.09,260528.15
2022-07-04,9.06,9.11,8.97,9.09,265542.42
2022-07-05,9.09,9.2,8.99,9.04,342275.12
2022-07-06,9.05,9.05,8.92,8.93,292477.1
2022-07-07,8.93,9.03,8.91,8.92,211439.59
2022-07-08,8.97,9.07,8.95,8.99,243261.68
2022-07-11,8.99,9.0,8.87,8.87,251965.57
2022-07-12,8.87,8.96,8.84,8.86,272970.18
2022-07-13,8.88,8.91,8.8,8.82,229578.72
2022-07-14,8.82,8.88,8.76,8.79,212584.03
2022-07-15,8.79,8.84,8.54,8.55,384548.38
2022-07-18,8.6,8.85,8.58,8.82,321544.78
2022-07-19,8.83,8.92,8.77,8.89,201539.68
2022-07-20,8.92,8.95,8.9,8.9,149081.81
2022-07-21,8.89,8.93,8.83,8.84,175312.18
2022-07-22,8.88,9.09,8.88,8.99,341793.05
2022-07-25,8.95,9.01,8.9,8.93,154683.19
2022-07-26,8.93,8.99,8.91,8.94,134402.98
2022-07-27,8.97,8.97,8.89,8.9,154266.08
2022-07-28,8.98,9.14,8.95,9.03,310891.78
2022-07-29,9.07,9.21,8.98,9.01,285339.55
2022-08-01,8.99,9.09,8.95,8.99,194108.24
2022-08-02,8.93,8.93,8.69,8.8,352131.38
2022-08-03,8.79,8.91,8.77,8.78,185609.09
2022-08-04,8.85,8.95,8.8,8.87,204176.68
2022-08-05,8.92,9.11,8.85,9.09,317386.9
2022-08-08,9.09,9.17,9.06,9.11,183639.18
2022-08-09,9.12,9.15,9.0,9.01,177670.4
2022-08-10,9.0,9.08,8.94,8.97,161345.48
2022-08-11,9.02,9.3,8.99,9.26,570369.89
2022-08-12,9.22,9.29,9.19,9.24,321031.22
2022-08-15,9.23,9.34,9.17,9.19,282349.45
2022-08-16,9.21,9.26,9.14,9.15,178512.75
2022-08-17,9.17,9.3,9.1,9.26,317502.16
2022-08-18,9.23,9.27,9.18,9.25,195670.24
2022-08-19,9.24,9.29,9.19,9.19,217911.59
2022-08-22,9.18,9.26,9.15,9.17,208134.45
2022-08-23,9.17,9.25,9.03,9.12,347564.6
2022-08-24,9.15,9.29,9.01,9.02,359449.76
2022-08-25,9.05,9.22,9.02,9.19,319937.44
2022-08-26,9.16,9.24,9.13,9.18,208374.62
2022-08-29,9.07,9.14,9.04,9.12,204342.66
2022-08-30,9.15,9.18,9.03,9.08,215027.75
2022-08-31,9.05,9.26,9.04,9.15,342724.29
2022-09-01,9.14,9.18,9.05,9.06,220115.33
2022-09-02,9.05,9.13,8.98,8.99,211078.16
2022-09-05,8.99,9.09,8.94,9.07,216611.66
2022-09-06,9.1,9.17,9.08,9.13,209940.59
2022-09-07,9.12,9.14,9.08,9.14,127130.86
2022-09-08,9.16,9.19,9.08,9.11,152752.92
2022-09-09,9.12,9.24,9.09,9.21,288844.16
2022-09-13,9.22,9.26,9.18,9.19,221264.06
2022-09-14,9.12,9.2,9.1,9.13,230000.25
2022-09-15,9.16,9.21,9.09,9.13,262950.66
2022-09-16,9.14,9.14,8.73,8.73,590329.71
2022-09-19,8.74,8.82,8.72,8.74,261777.51
2022-09-20,8.77,8.87,8.75,8.77,192130.14
2022-09-21,8.76,8.81,8.61,8.75,253264.79
2022-09-22,8.72,8.83,8.71,8.8,163509.82
2022-09-23,8.76,8.88,8.75,8.8,175147.57
2022-09-26,8.79,8.82,8.62,8.66,200158.42
2022-09-27,8.7,8.74,8.61,8.67,158789.65
2022-09-28,8.64,8.67,8.44,8.51,249922.57
2022-09-29,8.54,8.58,8.22,8.28,316097.75
2022-09-30,8.21,8.43,8.21,8.36,220874.32
2022-10-10,8.34,8.49,8.3,8.36,230756.25
2022-10-11,8.41,8.46,8.32,8.32,183993.14
2022-10-12,8.35,8.46,8.23,8.43,208188.47
2022-10-13,8.41,8.43,8.26,8.32,313450.96
2022-10-14,8.37,8.47,8.36,8.43,310310.38
2022-10-17,8.43,8.5,8.41,8.46,208891.51
2022-10-18,8.52,8.52,8.43,8.43,177226.97
2022-10-19,8.43,8.47,8.33,8.33,173044.06
2022-10-20,8.32,8.45,8.29,8.34,228217.17
2022-10-21,8.47,8.52,8.27,8.28,332627.58
2022-10-24,8.28,8.45,8.01,8.03,484304.39
2022-10-25,8.08,8.19,7.96,8.1,311628.08
2022-10-26,8.1,8.25,8.08,8.11,246725.1
2022-10-27,8.14,8.24,8.12,8.17,261719.04
2022-10-28,8.15,8.25,8.05,8.08,300587.28
2022-10-31,8.06,8.27,8.04,8.15,328654.46
2022-11-01,8.2,8.31,8.17,8.3,340526.69
2022-11-02,8.25,8.3,8.21,8.28,288186.77
2022-11-03,8.25,8.25,8.14,8.15,244136.84
2022-11-04,8.14,8.4,8.12,8.3,519922.79
2022-11-07,8.26,8.32,8.25,8.28,332128.16
2022-11-08,8.29,8.3,8.21,8.25,206790.24
2022-11-09,8.25,8.27,8.19,8.22,184598.85
2022-11-10,8.19,8.29,8.16,8.26,232205.69
2022-11-11,8.4,8.54,8.35,8.43,561547.32
2022-11-14,8.46,8.63,8.43,8.44,537608.24
2022-11-15,8.44,8.73,8.4,8.62,877792.33
2022-11-16,8.59,8.61,8.52,8.52,398664.73
2022-11-17,8.5,8.57,8.47,8.56,322087.87
2022-11-18,8.56,8.59,8.46,8.49,346220.22
2022-11-21,8.45,8.47,8.35,8.39,244058.97
2022-11-22,8.4,8.51,8.36,8.45,281748.55
2022-11-23,8.42,8.53,8.41,8.46,263880.71
2022-11-24,8.49,8.54,8.41,8.43,185361.78
2022-11-25,8.42,8.54,8.42,8.49,285057.98
2022-11-28,8.41,8.42,8.32,8.41,301522.37
2022-11-29,8.42,8.69,8.41,8.67,669211.94
2022-11-30,8.65,8.74,8.63,8.63,414510.55
2022-12-01,8.76,8.84,8.63,8.64,503594.9
2022-12-02,8.64,8.69,8.61,8.64,267260.85
2022-12-05,8.7,8.9,8.7,8.88,760864.56
2022-12-06,8.83,8.93,8.77,8.8,486165.07
2022-12-07,8.79,8.84,8.71,8.74,481757.5
2022-12-08,8.74,8.82,8.72,8.78,553500.26
2022-12-09,8.78,8.97,8.73,8.78,1452115.95
2022-12-12,8.79,8.84,8.7,8.71,649237.8
2022-12-13,8.69,8.8,8.69,8.71,362193.02
2022-12-14,8.74,8.77,8.69,8.76,201754.97
2022-12-15,8.71,8.75,8.66,8.67,271441.43
2022-12-16,8.64,8.71,8.61,8.7,278360.76
2022-12-19,8.69,8.74,8.41,8.44,358959.66
2022-12-20,8.41,8.48,8.32,8.36,292348.6
2022-12-21,8.35,8.42,8.3,8.34,187711.31
2022-12-22,8.37,8.41,8.24,8.32,361103.26
2022-12-23,8.27,8.39,8.22,8.3,251079.11
2022-12-26,8.31,8.35,8.27,8.33,185449.0
2022-12-27,8.38,8.42,8.34,8.4,159098.0
2022-12-28,8.39,8.43,8.34,8.36,216051.46
2022-12-29,8.41,8.41,8.27,8.34,229794.25
2022-12-30,8.34,8.4,8.34,8.39,196359.06
2023-01-03,8.33,8.34,8.16,8.29,395388.48
2023-01-04,8.27,8.33,8.26,8.31,240448.91
2023-01-05,8.33,8.46,8.33,8.41,346153.67
2023-01-06,8.4,8.47,8.38,8.4,260348.04
2023-01-09,8.43,8.56,8.42,8.51,313263.12
2023-01-10,8.52,8.58,8.47,8.49,254434.38
2023-01-11,8.5,8.52,8.44,8.44,214591.22
2023-01-12,8.46,8.52,8.42,8.51,214410.67
2023-01-13,8.53,8.63,8.5,8.63,347447.25
2023-01-16,8.63,9.03,8.63,8.89,974817.49
2023-01-17,8.84,8.98,8.84,8.94,515808.2
2023-01-18,8.91,8.99,8.89,8.93,417337.54
2023-01-19,8.9,9.07,8.89,9.07,388124.44
2023-01-20,9.07,9.13,8.99,9.09,448882.51
2023-01-30,9.21,9.28,9.1,9.11,526891.82
2023-01-31,9.11,9.2,8.99,9.01,367970.1
2023-02-01,9.05,9.26,9.01,9.26,416328.8
2023-02-02,9.4,9.45,9.11,9.13,753872.38
2023-02-03,9.1,9.14,8.94,9.03,410235.3
2023-02-06,8.96,8.98,8.83,8.85,422001.58
2023-02-07,8.89,8.91,8.82,8.87,305185.14
2023-02-08,8.87,8.91,8.81,8.83,263520.53
2023-02-09,8.82,8.95,8.8,8.93,297848.68
2023-02-10,8.93,8.95,8.86,8.89,170888.11
2023-02-13,8.88,8.94,8.84,8.92,218238.47
2023-02-14,8.94,8.96,8.89,8.92,164638.29
2023-02-15,8.91,8.93,8.84,8.85,195745.55
2023-02-16,8.86,8.98,8.72,8.77,442819.05
2023-02-17,8.77,8.8,8.68,8.69,313494.03
2023-02-20,8.77,8.96,8.73,8.96,448929.41
2023-02-21,8.93,8.98,8.9,8.96,279447.35
2023-02-22,8.92,8.97,8.86,8.88,290358.82
2023-02-23,8.88,8.99,8.88,8.92,269443.04
2023-02-24,8.93,8.94,8.81,8.83,214065.01
2023-02-27,8.79,8.84,8.74,8.77,172983.57
2023-02-28,8.78,8.86,8.75,8.83,232414.64
2023-03-01,8.83,8.97,8.8,8.94,345703.17
2023-03-02,8.94,8.99,8.93,8.96,279906.0
2023-03-03,8.96,8.99,8.91,8.99,298706.12
2023-03-06,8.99,9.01,8.89,8.89,286144.95
2023-03-07,8.88,8.99,8.78,8.79,448056.0
2023-03-08,8.76,8.79,8.74,8.78,263474.03
2023-03-09,8.79,8.8,8.76,8.76,161642.37
2023-03-10,8.73,8.74,8.59,8.59,391499.63
2023-03-13,8.59,8.64,8.56,8.63,209749.48
2023-03-14,8.63,8.63,8.49,8.57,205527.65
2023-03-15,8.62,8.65,8.61,8.61,192598.05
2023-03-16,8.56,8.68,8.54,8.58,201311.97
2023-03-17,8.62,8.74,8.62,8.67,332824.65
2023-03-20,8.58,8.64,8.33,8.36,808488.23
2023-03-21,8.36,8.42,8.33,8.39,319353.23
2023-03-22,8.41,8.53,8.4,8.47,300225.14
2023-03-23,8.43,8.54,8.41,8.53,286989.05
2023-03-24,8.54,8.56,8.49,8.51,203436.36
2023-03-27,8.49,8.55,8.46,8.52,248280.02
2023-03-28,8.52,8.55,8.47,8.48,169592.3
2023-03-29,8.51,8.52,8.42,8.45,168375.37
2023-03-30,8.44,8.51,8.36,8.48,273322.77
2023-03-31,8.45,8.53,8.45,8.5,252038.41
2023-04-03,8.52,8.73,8.5,8.69,710646.74
2023-04-04,8.7,8.76,8.68,8.73,541193.34
2023-04-06,8.73,8.75,8.69,8.71,270632.1
2023-04-07,8.72,8.77,8.71,8.75,290044.05
2023-04-10,8.79,8.83,8.69,8.71,352209.84
2023-04-11,8.75,8.89,8.73,8.79,437331.8
2023-04-12,8.8,8.83,8.76,8.79,275250.41
2023-04-13,8.78,8.85,8.76,8.82,327589.41
2023-04-14,8.84,8.86,8.76,8.81,239780.35
2023-04-17,8.83,9.14,8.82,9.13,960741.47
2023-04-18,9.13,9.21,9.06,9.12,533786.65
2023-04-19,9.06,9.13,8.99,9.01,313087.41
2023-04-20,8.99,9.03,8.91,9.02,363378.42
2023-04-21,9.05,9.05,8.76,8.78,395058.72
2023-04-24,8.76,8.84,8.66,8.69,348915.68
2023-04-25,8.72,8.79,8.62,8.72,295594.5
2023-04-26,8.68,8.72,8.65,8.71,327474.35
2023-04-27,8.68,8.76,8.64,8.74,374692.48
2023-04-28,8.75,8.99,8.73,8.95,533841.06
2023-05-04,8.96,9.22,8.91,9.19,873187.84
2023-05-05,9.21,10.1,9.19,9.68,2123558.44
2023-05-08,9.55,10.15,9.52,9.94,2431324.26
2023-05-09,10.01,10.46,9.9,9.93,2477924.35
2023-05-10,9.93,9.98,9.52,9.56,1412545.18
2023-05-11,9.61,9.76,9.54,9.63,724213.38
2023-05-12,9.63,9.68,9.49,9.51,490118.59
2023-05-15,9.51,9.64,9.29,9.58,715063.5
2023-05-16,9.58,9.72,9.48,9.52,407031.29
2023-05-17,9.5,9.53,9.36,9.41,375210.23
2023-05-18,9.43,9.52,9.38,9.42,324407.78
2023-05-19,9.38,9.39,9.17,9.2,779284.35
2023-05-22,9.2,9.24,9.13,9.21,326153.78
2023-05-23,9.23,9.25,9.03,9.03,458330.28
2023-05-24,9.03,9.06,8.91,8.93,470937.0
2023-05-25,8.89,8.98,8.84,8.95,397877.57
2023-05-26,8.95,9.15,8.9,9.1,381232.75
2023-05-29,9.1,9.16,9.02,9.08,341499.65
2023-05-30,9.05,9.13,8.98,9.08,296368.86
2023-05-31,9.07,9.15,9.04,9.08,394788.12
2023-06-01,9.09,9.18,9.06,9.09,314359.26
2023-06-02,9.12,9.2,9.12,9.16,354394.77
2023-06-05,9.18,9.26,9.13,9.14,231964.66
2023-06-06,9.16,9.45,9.15,9.19,618536.28
2023-06-07,9.16,9.23,9.08,9.13,409889.94
2023-06-08,9.1,9.25,8.99,9.24,361441.5
2023-06-09,9.21,9.24,9.14,9.22,325324.98
2023-06-12,9.17,9.2,8.98,8.99,555258.76
2023-06-13,9.0,9.08,8.97,9.03,247765.54
2023-06-14,9.03,9.19,9.03,9.05,367278.51
2023-06-15,9.09,9.18,9.04,9.17,388958.33
2023-06-16,9.16,9.25,9.15,9.2,347498.68
2023-06-19,9.16,9.18,9.09,9.1,265358.12
2023-06-20,9.09,9.15,9.06,9.07,204046.2
2023-06-21,9.05,9.12,8.89,8.9,336724.3
2023-06-26,8.88,8.88,8.74,8.76,341245.1
2023-06-27,8.76,8.88,8.76,8.84,192741.73
2023-06-28,8.86,8.89,8.79,8.85,189797.32
2023-06-29,8.83,8.88,8.8,8.81,154703.8
2023-06-30,8.82,8.98,8.81,8.9,218500.14
2023-07-03,8.93,9.07,8.92,9.05,278149.44
2023-07-04,9.05,9.07,8.98,9.02,149853.1
2023-07-05,9.02,9.05,8.97,8.98,140696.18
2023-07-06,8.98,9.04,8.96,8.98,176796.38
2023-07-07,8.97,9.18,8.96,9.13,352870.46
2023-07-10,9.17,9.26,9.12,9.15,227286.02
2023-07-11,9.19,9.23,9.15,9.2,177949.01
2023-07-12,9.23,9.24,9.08,9.08,215985.18
2023-07-13,9.13,9.26,9.13,9.24,325649.23
2023-07-14,9.25,9.26,9.2,9.22,181127.25
2023-07-17,9.19,9.24,9.16,9.22,170935.29
2023-07-18,9.25,9.25,9.2,9.24,162552.99
2023-07-19,9.23,9.32,9.22,9.3,215113.79
2023-07-20,9.31,9.34,9.22,9.24,177751.75
2023-07-21,9.24,9.3,9.21,9.25,154730.01
2023-07-24,9.23,9.3,9.18,9.26,146467.21
2023-07-25,9.44,9.67,9.41,9.6,934731.51
2023-07-26,9.57,9.62,9.51,9.59,407026.49
2023-07-27,9.57,9.65,9.53,9.54,391783.8
2023-07-28,9.57,10.21,9.54,10.17,1357324.11
2023-07-31,10.35,10.48,10.18,10.21,1383765.68
2023-08-01,10.16,10.29,10.0,10.1,837675.74
2023-08-02,10.1,10.29,10.06,10.1,540685.33
2023-08-03,10.12,10.48,10.01,10.47,1151072.17
2023-08-04,10.62,11.12,10.61,10.68,2205963.55
2023-08-07,10.56,10.65,10.47,10.58,849760.93
2023-08-08,10.49,10.84,10.34,10.61,951305.7
2023-08-09,10.54,10.7,10.53,10.58,482834.24
2023-08-10,10.59,10.75,10.58,10.74,600406.34
2023-08-11,10.72,10.73,10.37,10.38,910519.07
2023-08-14,10.26,10.46,10.21,10.38,620358.06
2023-08-15,10.36,10.49,10.31,10.45,491736.17
2023-08-16,10.36,10.69,10.31,10.49,503058.36
2023-08-17,10.41,10.5,10.26,10.42,471058.19
2023-08-18,10.45,10.6,10.33,10.33,392040.0
2023-08-21,10.31,10.33,9.97,9.99,576574.07
2023-08-22,10.01,10.21,9.95,10.13,519726.22
2023-08-23,10.08,10.14,9.94,9.97,439699.02
2023-08-24,10.05,10.15,9.95,9.98,448786.0
2023-08-25,9.96,10.07,9.91,9.98,332079.63
2023-08-28,10.97,10.97,10.23,10.25,1711928.4
2023-08-29,10.23,10.31,9.87,10.1,972256.17
2023-08-30,10.11,10.29,10.03,10.04,626036.02
2023-08-31,9.86,9.98,9.67,9.69,737794.87
2023-09-01,9.76,9.82,9.66,9.68,332045.52
2023-09-04,9.71,9.92,9.67,9.87,487451.05
2023-09-05,9.87,9.87,9.75,9.78,308817.8
2023-09-06,9.74,9.83,9.72,9.8,257060.95
2023-09-07,9.79,9.82,9.68,9.7,363367.01
2023-09-08,9.67,9.75,9.64,9.71,219371.64
2023-09-11,9.73,10.36,9.73,10.2,968859.88
2023-09-12,10.21,10.23,10.05,10.08,363447.34
2023-09-13,10.05,10.08,9.87,9.91,381677.48
2023-09-14,9.94,10.16,9.9,10.08,498769.0
2023-09-15,10.13,10.15,9.8,9.82,649711.4
2023-09-18,9.8,9.91,9.74,9.9,328066.1
2023-09-19,9.9,9.95,9.83,9.89,252737.93
2023-09-20,9.86,9.91,9.83,9.86,217667.17
2023-09-21,9.86,9.92,9.74,9.76,252273.72
2023-09-22,9.73,10.11,9.73,10.1,564259.28
2023-09-25,10.05,10.09,9.74,9.75,604738.81
2023-09-26,9.75,9.83,9.74,9.75,297760.9
2023-09-27,9.76,9.88,9.7,9.86,362773.01
2023-09-28,9.85,9.9,9.78,9.81,292345.0
2023-10-09,9.81,9.83,9.65,9.71,292103.73
2023-10-10,9.72,9.82,9.61,9.62,292942.79
2023-10-11,9.66,9.75,9.6,9.67,211417.36
2023-10-12,9.78,9.89,9.78,9.82,273335.24
2023-10-13,9.77,9.8,9.7,9.74,182961.67
2023-10-16,9.74,9.74,9.6,9.68,214673.49
2023-10-17,9.7,9.83,9.66,9.74,360207.23
2023-10-18,9.7,9.78,9.66,9.66,274220.52
2023-10-19,9.62,9.73,9.53,9.54,391362.71
2023-10-20,9.52,9.62,9.5,9.57,261200.01
2023-10-23,9.54,9.56,9.33,9.38,289203.7
2023-10-24,9.38,9.64,9.35,9.61,334585.95
2023-10-25,9.66,9.81,9.64,9.75,428038.59
2023-10-26,9.71,9.84,9.68,9.79,272616.42
2023-10-27,9.79,9.82,9.69,9.77,317326.13
2023-10-30,9.73,9.77,9.66,9.7,243210.48
2023-10-31,9.66,9.74,9.56,9.63,289746.53
2023-11-01,9.66,9.71,9.58,9.6,212888.85
2023-11-02,9.6,9.78,9.59,9.59,241664.2
2023-11-03,9.65,9.7,9.59,9.66,259742.05
2023-11-06,9.93,9.99,9.75,9.94,610365.96
2023-11-07,9.91,10.04,9.89,10.01,417545.56
2023-11-08,9.97,10.01,9.87,9.91,294614.4
2023-11-09,9.9,9.94,9.85,9.89,198735.91
2023-11-10,9.88,9.92,9.81,9.82,226420.1
2023-11-13,9.84,9.86,9.76,9.81,206432.0
2023-11-14,9.83,10.01,9.8,9.89,298374.63
2023-11-15,9.99,10.01,9.86,9.89,266619.85
2023-11-16,9.88,9.92,9.85,9.85,180064.11
2023-11-17,9.86,9.89,9.82,9.87,174841.0
2023-11-20,9.89,9.9,9.78,9.86,231291.56
2023-11-21,9.91,10.06,9.87,9.89,322639.48
2023-11-22,9.87,9.91,9.78,9.78,165097.0
2023-11-23,9.79,9.83,9.72,9.81,199707.07
2023-11-24,9.81,9.84,9.74,9.77,162209.4
2023-11-27,9.74,9.76,9.61,9.65,190563.86
2023-11-28,9.66,9.7,9.63,9.67,143306.28
2023-11-29,9.67,9.7,9.56,9.58,197389.11
2023-11-30,9.6,9.64,9.53,9.58,207186.85
2023-12-01,9.6,9.71,9.56,9.67,212397.0
2023-12-04,9.67,9.69,9.6,9.6,145270.68
2023-12-05,9.6,9.6,9.47,9.48,200169.84
2023-12-06,9.48,9.51,9.38,9.38,222732.01
2023-12-07,9.39,9.47,9.34,9.43,199103.33
2023-12-08,9.42,9.48,9.37,9.37,283478.59
2023-12-11,9.36,9.5,9.19,9.48,338479.01
2023-12-12,9.47,9.57,9.43,9.52,202795.55
2023-12-13,9.5,9.53,9.42,9.43,189621.84
2023-12-14,9.46,9.49,9.3,9.31,198558.04
2023-12-15,9.35,9.42,9.28,9.3,199528.2
2023-12-18,9.27,9.42,9.25,9.33,200477.34
2023-12-19,9.31,9.38,9.27,9.33,198202.11
2023-12-20,9.33,9.36,9.13,9.13,213985.08
2023-12-21,9.1,9.14,9.05,9.07,275869.11
2023-12-22,9.09,9.25,9.06,9.15,286273.27
2023-12-25,9.13,9.21,9.07,9.14,162269.61
2023-12-26,9.15,9.17,9.01,9.04,143587.6
2023-12-27,9.04,9.14,8.98,9.07,203208.63
2023-12-28,9.05,9.28,9.04,9.24,259779.83
2023-12-29,9.22,9.32,9.21,9.24,232303.0
2024-01-02,9.27,9.29,9.18,9.19,210458.38
2024-01-03,9.21,9.24,9.15,9.2,180239.15
2024-01-04,9.19,9.21,9.02,9.1,223116.77
2024-01-05,9.07,9.19,9.01,9.04,239006.73
2024-01-08,9.04,9.08,8.93,8.94,267070.32
2024-01-09,8.94,8.99,8.82,8.86,230268.98
2024-01-10,8.85,8.9,8.8,8.81,207193.44
2024-01-11,8.81,8.96,8.8,8.86,223708.97
2024-01-12,8.83,8.92,8.76,8.77,180701.49
2024-01-15,8.73,8.82,8.67,8.73,147874.24
2024-01-16,8.73,8.89,8.69,8.88,311468.95
2024-01-17,8.82,8.85,8.73,8.73,326367.04
2024-01-18,8.69,8.87,8.46,8.83,567838.18
2024-01-19,8.77,8.83,8.68,8.79,406480.6
2024-01-22,8.77,8.88,8.62,8.72,556801.11
2024-01-23,8.7,8.86,8.59,8.74,398393.78
2024-01-24,8.78,9.13,8.65,9.07,527225.42
2024-01-25,9.01,9.19,8.99,9.17,543008.12
2024-01-26,9.11,9.24,9.07,9.17,416918.29
2024-01-29,9.14,9.19,9.07,9.07,332884.55
2024-01-30,9.03,9.22,9.01,9.03,371328.65
2024-01-31,8.71,8.8,8.55,8.67,881311.82
2024-02-01,8.55,8.7,8.33,8.4,719055.53
2024-02-02,8.4,8.44,8.07,8.35,589907.55
2024-02-05,8.31,8.42,8.09,8.26,583055.33
2024-02-06,8.26,8.73,8.21,8.73,555336.92
2024-02-07,8.73,8.84,8.66,8.82,614593.47
2024-02-08,8.85,8.97,8.77,8.93,530804.5
2024-02-19,8.94,8.95,8.71,8.8,456884.73
2024-02-20,8.76,8.9,8.73,8.88,353102.29
2024-02-21,8.82,9.11,8.79,8.98,494587.99
2024-02-22,8.96,9.07,8.93,9.01,337361.32
2024-02-23,9.01,9.08,8.98,9.04,331386.13
2024-02-26,9.03,9.05,8.89,8.91,339206.28
2024-02-27,8.93,9.02,8.89,9.01,279825.05
2024-02-28,9.02,9.15,8.92,8.92,527554.47
2024-02-29,8.91,9.02,8.89,9.01,387963.35
2024-03-01,9.0,9.17,8.98,9.14,490707.04
2024-03-04,9.13,9.13,9.02,9.04,280455.98
2024-03-05,9.02,9.08,8.98,9.04,327792.66
2024-03-06,9.04,9.12,8.99,9.02,246047.81
2024-03-07,9.03,9.05,8.88,8.93,282127.66
2024-03-08,8.91,8.97,8.9,8.95,182395.15
2024-03-11,8.95,9.04,8.95,9.04,234381.17
2024-03-12,9.07,9.12,9.02,9.08,309843.16
2024-03-13,9.08,9.09,8.95,8.97,227251.12
2024-03-14,8.95,9.02,8.87,8.9,226431.79
2024-03-15,8.88,8.94,8.84,8.91,195130.17
2024-03-18,8.92,9.1,8.92,9.06,370040.02
2024-03-19,9.03,9.06,8.92,8.92,239658.21
2024-03-20,8.93,8.96,8.88,8.93,224162.5
2024-03-21,8.93,9.01,8.92,8.93,237260.0
2024-03-22,8.91,8.94,8.71,8.79,368320.67
2024-03-25,8.74,8.77,8.56,8.59,325505.51
2024-03-26,8.6,8.66,8.57,8.64,174497.34
2024-03-27,8.62,8.63,8.53,8.54,174346.87
2024-03-28,8.54,8.64,8.5,8.55,222739.2
2024-03-29,8.5,8.6,8.44,8.58,245030.26
2024-04-01,8.61,8.68,8.58,8.65,228193.74
2024-04-02,8.65,8.66,8.56,8.62,234892.79
2024-04-03,8.58,8.62,8.51,8.53,240514.43
2024-04-08,8.49,8.5,8.35,8.35,303281.34
2024-04-09,8.36,8.38,8.28,8.3,261942.96
2024-04-10,8.3,8.31,8.11,8.18,295873.79
2024-04-11,8.13,8.22,8.11,8.11,280143.89
2024-04-12,8.11,8.14,7.79,7.83,584276.22
2024-04-15,7.69,7.86,7.52,7.8,628937.75
2024-04-16,7.74,7.8,7.67,7.67,429195.86
2024-04-17,7.67,7.83,7.66,7.82,362235.21
2024-04-18,7.79,8.05,7.77,7.95,396249.89
2024-04-19,7.91,7.99,7.89,7.93,232497.86
2024-04-22,7.9,8.01,7.9,7.98,209858.34
2024-04-23,7.95,8.02,7.95,7.97,185944.95
2024-04-24,8.01,8.05,7.95,8.04,180227.24
2024-04-25,8.01,8.11,7.98,8.05,170603.03
2024-04-26,8.16,8.4,8.08,8.35,603261.53
2024-04-29,8.35,8.51,8.29,8.38,618077.69
2024-04-30,8.4,8.41,8.22,8.27,311133.98
2024-05-06,8.34,8.42,8.27,8.29,354364.33
2024-05-07,8.26,8.3,8.22,8.26,251144.4
2024-05-08,8.25,8.3,8.16,8.16,185225.38
2024-05-09,8.16,8.31,8.15,8.28,254535.11
2024-05-10,8.28,8.38,8.26,8.32,250532.01
2024-05-13,8.31,8.36,8.24,8.31,208764.66
2024-05-14,8.3,8.35,8.23,8.28,237108.32
2024-05-15,8.28,8.31,8.12,8.13,264832.01
2024-05-16,8.16,8.23,8.13,8.17,257248.81
2024-05-17,8.19,8.38,8.15,8.36,285713.73
2024-05-20,8.38,8.45,8.29,8.3,316444.25
2024-05-21,8.31,8.33,8.23,8.24,161907.77
2024-05-22,8.26,8.3,8.22,8.27,177429.35
2024-05-23,8.25,8.28,8.11,8.11,277286.23
2024-05-24,8.11,8.13,7.98,7.99,207733.48
2024-05-27,8.03,8.3,8.03,8.22,485975.22
2024-05-28,8.18,8.2,8.06,8.07,271420.24
2024-05-29,8.1,8.47,8.09,8.3,685311.52
2024-05-30,8.23,8.31,8.19,8.28,360427.21
2024-05-31,8.29,8.32,8.17,8.17,332546.63
2024-06-03,8.12,8.12,7.99,8.04,388340.87
2024-06-04,8.03,8.09,8.0,8.06,225886.69
2024-06-05,8.06,8.11,8.03,8.03,213853.73
2024-06-06,8.04,8.06,7.96,7.99,248228.1
2024-06-07,8.01,8.05,7.88,7.97,302085.01
2024-06-11,7.95,8.07,7.91,8.01,258690.37
2024-06-12,8.01,8.05,8.0,8.0,173963.15
2024-06-13,8.01,8.1,7.98,8.05,208388.89
2024-06-14,8.05,8.85,8.03,8.75,1914500.41
2024-06-17,8.5,8.78,8.43,8.68,1404603.12
2024-06-18,8.67,9.15,8.63,8.99,1370839.2
2024-06-19,8.96,9.04,8.67,8.69,1033604.44
2024-06-20,8.66,8.7,8.51,8.64,710437.83
2024-06-21,8.63,8.73,8.53,8.59,645893.15
2024-06-24,8.58,8.73,8.45,8.66,713203.47
2024-06-25,8.63,8.67,8.5,8.59,599063.2
2024-06-26,8.55,8.64,8.54,8.61,442168.55
2024-06-27,8.57,8.69,8.47,8.6,412948.49
2024-06-28,8.57,8.64,8.4,8.44,622674.0
2024-07-01,8.38,8.43,8.3,8.41,386982.46
2024-07-02,8.38,8.49,8.33,8.34,278551.8
2024-07-03,8.33,8.38,8.28,8.35,236435.74
2024-07-04,8.36,8.4,8.23,8.24,270259.2
2024-07-05,8.24,8.45,8.23,8.3,349400.36
2024-07-08,8.26,8.3,8.08,8.09,329036.24
2024-07-09,8.1,8.23,8.06,8.2,225969.17
2024-07-10,8.06,8.17,7.74,8.07,393891.47
2024-07-11,8.13,8.26,8.12,8.14,300742.32
2024-07-12,8.12,8.21,8.1,8.15,196655.8
2024-07-15,8.12,8.29,8.11,8.25,244898.59
2024-07-16,8.23,8.54,8.22,8.45,480526.39
2024-07-17,8.43,8.61,8.41,8.56,412979.24
2024-07-18,8.54,8.63,8.45,8.62,376076.9
2024-07-19,8.56,8.66,8.54,8.63,467643.05
2024-07-22,8.67,8.79,8.55,8.67,509876.56
2024-07-23,8.66,8.7,8.46,8.52,395547.59
2024-07-24,8.48,8.55,8.4,8.44,255234.52
2024-07-25,8.44,8.56,8.43,8.53,293518.8
2024-07-26,8.54,8.76,8.52,8.73,356231.29
2024-07-29,8.7,8.77,8.64,8.65,194045.6
2024-07-30,8.64,8.69,8.58,8.65,210101.62
2024-07-31,8.66,9.04,8.64,8.94,625260.18
2024-08-01,8.88,8.99,8.83,8.87,421573.0
2024-08-02,8.82,8.86,8.49,8.51,509649.74
2024-08-05,8.32,8.64,8.32,8.5,355309.68
2024-08-06,8.56,8.6,8.4,8.46,229854.56
2024-08-07,8.47,8.55,8.41,8.48,188560.72
2024-08-08,8.51,8.59,8.44,8.54,168762.0
2024-08-09,8.59,8.65,8.46,8.46,167720.01
2024-08-12,8.43,8.48,8.38,8.44,150585.01
2024-08-13,8.45,8.58,8.38,8.54,154984.38
2024-08-14,8.56,8.6,8.43,8.44,170017.0
2024-08-15,8.41,8.81,8.4,8.72,444943.0
2024-08-16,8.66,8.79,8.63,8.7,242461.01
2024-08-19,8.67,8.76,8.65,8.72,135749.01
2024-08-20,8.74,8.76,8.63,8.68,213857.5
2024-08-21,8.65,8.75,8.61,8.67,165198.66
2024-08-22,8.72,8.82,8.53,8.56,241885.36
2024-08-23,8.55,8.77,8.53,8.71,234348.54
2024-08-26,8.72,8.75,8.63,8.7,196329.45
2024-08-27,8.68,8.73,8.55,8.6,159405.5
2024-08-28,8.61,8.69,8.53,8.64,177269.1
2024-08-29,8.49,8.65,8.41,8.44,346375.89
2024-08-30,8.38,8.69,8.3,8.6,366841.8
2024-09-02,8.6,8.61,8.37,8.38,267920.17
2024-09-03,8.38,8.51,8.35,8.5,185479.13
2024-09-04,8.48,8.58,8.43,8.43,117193.02
2024-09-05,8.43,8.8,8.42,8.75,440944.12
2024-10-10,9.63,9.63,9.63,9.63,66647.19
2024-10-11,10.59,10.59,10.59,10.59,53086.18
2024-10-14,11.65,11.65,11.06,11.65,7151366.5
2024-10-15,11.05,11.46,10.8,10.8,4181086.8
2024-10-16,10.73,11.88,10.69,11.62,5455286.36
2024-10-17,11.56,12.79,11.43,12.57,7641305.83
2024-10-18,12.56,13.83,12.15,13.35,8846225.97
2024-10-21,12.66,12.8,12.26,12.4,6251479.41
2024-10-22,12.08,12.58,11.94,12.29,4210422.98
2024-10-23,12.3,12.45,11.91,11.98,3077628.06
2024-10-24,11.83,12.13,11.75,12.13,2562363.8
2024-10-25,12.14,12.14,11.83,11.88,2601006.53
2024-10-28,11.83,11.96,11.62,11.74,2404815.22
2024-10-29,11.79,12.27,11.68,12.07,3375250.16
2024-10-30,11.9,12.1,11.82,11.87,1984868.05
2024-10-31,11.7,12.14,11.61,11.79,3372486.38
2024-11-01,11.65,11.76,11.47,11.47,2260370.18
2024-11-04,11.5,11.7,11.47,11.69,1473835.08
2024-11-05,11.65,12.19,11.57,12.13,3218612.68
2024-11-06,12.32,13.04,12.06,12.26,4213471.83
2024-11-07,12.03,13.1,11.98,12.85,3814204.62
2024-11-08,13.03,13.19,12.38,12.48,2956459.22
2024-11-11,12.28,12.55,12.21,12.39,1467346.58
2024-11-12,12.39,12.55,12.08,12.18,1556584.16
2024-11-13,12.13,12.29,12.05,12.21,977786.45
2024-11-14,12.17,12.32,12.0,12.01,959267.02
2024-11-15,12.0,12.11,11.61,11.62,1026605.93
2024-11-18,11.69,11.83,11.47,11.57,953557.11
2024-11-19,11.59,11.75,11.49,11.71,692979.43
2024-11-20,11.68,11.72,11.6,11.66,649725.66
2024-11-21,11.89,11.91,11.68,11.73,938406.75
2024-11-22,11.92,11.94,11.3,11.32,1045092.87
2024-11-25,11.33,11.38,11.1,11.27,818692.78
2024-11-26,11.24,11.43,11.19,11.22,531685.59
2024-11-27,11.25,11.42,11.19,11.4,631457.35
2024-11-28,11.41,11.43,11.28,11.29,529749.14
2024-11-29,11.25,11.68,11.23,11.41,920083.08
2024-12-02,11.36,11.57,11.34,11.51,642142.6
2024-12-03,11.51,11.71,11.45,11.64,847534.51
2024-12-04,11.6,11.61,11.41,11.46,622011.9
2024-12-05,11.57,11.7,11.53,11.58,675245.02
2024-12-06,11.58,11.82,11.56,11.72,1016866.89
2024-12-09,11.7,11.72,11.39,11.54,835262.43
2024-12-10,12.03,12.1,11.61,11.63,1122606.31
2024-12-11,11.6,11.74,11.6,11.66,504608.02
2024-12-12,11.69,11.88,11.6,11.78,731503.89
2024-12-13,11.7,11.71,11.52,11.53,713749.4
2024-12-16,11.58,11.65,11.4,11.44,464333.08
2024-12-17,11.4,11.53,11.36,11.43,398637.26
2024-12-18,11.45,11.5,11.4,11.43,309037.12
2024-12-19,11.36,11.45,11.31,11.42,333966.72
2024-12-20,11.37,11.48,11.36,11.39,362637.85
2024-12-23,11.41,11.45,11.3,11.31,359676.38
2024-12-24,11.35,11.53,11.28,11.5,613082.7
2024-12-25,11.5,11.51,11.32,11.42,428728.0
2024-12-26,11.41,11.42,11.3,11.33,459586.01
2024-12-27,11.33,11.56,11.32,11.34,884492.08
2024-12-30,11.36,11.44,11.34,11.41,546587.15
2024-12-31,11.42,11.51,11.11,11.12,798764.89
2025-01-02,11.13,11.13,10.59,10.68,837395.69
2025-01-03,10.73,10.75,10.38,10.4,555001.64
2025-01-06,10.33,10.6,10.27,10.56,614364.72
2025-01-07,10.52,10.79,10.51,10.72,452064.27
2025-01-08,10.67,10.71,10.44,10.66,409778.0
2025-01-09,10.6,10.7,10.55,10.57,248039.55
2025-01-10,10.51,10.67,10.42,10.42,360083.99
2025-01-13,10.35,10.43,10.28,10.37,246371.4
2025-01-14,10.37,10.68,10.37,10.65,514995.24
2025-01-15,10.59,10.63,10.53,10.58,332317.0
2025-01-16,10.62,10.7,10.49,10.54,326803.15
2025-01-17,10.49,10.61,10.45,10.56,247387.82
2025-01-20,10.72,10.87,10.62,10.72,496267.81
2025-01-21,10.76,10.8,10.66,10.72,293134.39
2025-01-22,10.78,10.81,10.53,10.57,827891.87
2025-01-23,10.64,10.79,10.25,10.3,985948.99
2025-01-24,10.24,10.95,10.14,10.84,1105943.13
2025-01-27,10.82,10.82,10.55,10.58,575689.0
2025-02-05,10.57,10.71,10.38,10.41,922953.46
