date,open,high,low,close,volume
2010-01-04,12.31,12.34,12.05,12.16,16911.53
2010-01-05,12.17,12.3,12.04,12.17,21696.96
2010-01-06,12.11,12.17,11.92,11.96,35436.67
2010-01-07,11.83,11.83,11.35,11.36,70894.66
2010-01-08,11.34,11.34,10.83,11.12,101521.0
2010-01-11,11.18,11.22,10.93,11.07,47828.26
2010-01-12,11.07,11.53,11.04,11.52,46862.03
2010-01-13,11.29,11.69,10.99,11.31,28705.66
2010-01-14,11.32,11.91,11.32,11.77,47194.22
2010-01-15,11.82,11.95,11.62,11.74,30852.81
2010-01-18,11.65,11.85,11.64,11.82,24313.64
2010-01-19,11.8,11.83,11.27,11.43,55078.25
2010-01-20,11.39,11.39,11.12,11.26,48791.19
2010-01-21,11.25,11.29,10.9,11.21,27608.69
2010-01-22,11.04,11.07,10.69,10.84,33694.11
2010-01-25,10.78,11.24,10.62,10.91,22126.59
2010-01-26,11.04,11.27,10.96,11.07,34998.54
2010-01-27,11.07,11.21,10.64,11.06,17940.03
2010-01-28,11.18,11.3,10.93,11.29,24606.68
2010-01-29,11.3,11.5,11.19,11.46,21440.98
2010-02-01,11.43,11.63,11.3,11.54,44485.55
2010-02-02,11.62,11.82,11.46,11.53,43373.15
2010-02-03,11.53,11.76,10.75,11.38,59005.15
2010-02-04,11.25,11.56,11.04,11.36,17387.58
2010-02-05,11.18,11.24,11.05,11.11,8835.35
2010-02-08,11.11,11.18,10.78,10.95,20689.01
2010-02-09,10.79,11.17,10.78,10.9,17511.71
2010-02-10,10.93,11.06,10.86,10.98,12919.84
2010-02-11,10.96,11.15,10.89,11.13,12944.33
2010-02-12,11.09,11.16,11.01,11.11,11057.3
2010-02-22,11.07,11.21,11.01,11.12,15253.83
2010-02-23,11.04,11.31,11.04,11.3,21233.51
2010-02-24,11.3,11.61,11.24,11.51,26417.25
2010-02-25,11.51,11.63,11.41,11.6,22256.54
2010-02-26,11.62,11.81,11.54,11.61,22920.1
2010-03-01,11.62,11.64,11.36,11.55,17347.82
2010-03-02,11.57,11.67,11.37,11.38,10787.15
2010-03-03,11.4,11.47,11.25,11.34,12401.51
2010-03-04,11.34,11.55,11.3,11.34,13426.6
2010-03-05,11.34,11.56,11.3,11.44,9463.7
2010-03-08,11.47,11.51,11.36,11.5,11638.12
2010-03-09,11.47,11.49,11.31,11.36,8931.31
2010-03-10,11.42,11.42,10.9,11.0,24882.52
2010-03-11,11.02,11.06,10.77,10.79,13050.04
2010-03-12,10.8,10.84,10.28,10.44,30754.7
2010-03-15,10.44,10.44,10.18,10.36,14458.77
2010-03-16,10.37,10.48,10.26,10.34,6445.54
2010-03-17,10.38,10.55,10.33,10.51,12561.32
2010-03-18,10.51,10.9,10.5,10.82,27999.4
2010-03-19,10.9,10.95,10.61,10.82,15227.19
2010-03-22,10.83,10.84,10.53,10.57,16237.31
2010-03-23,10.64,10.68,10.44,10.61,17178.82
2010-03-24,10.61,11.04,10.58,11.02,32744.23
2010-03-25,11.01,11.3,10.92,11.28,37845.87
2010-03-26,11.27,11.34,11.08,11.27,20128.34
2010-03-29,11.27,11.35,11.17,11.31,9236.78
2010-03-30,11.33,11.47,11.21,11.36,10413.31
2010-03-31,11.36,11.36,10.99,11.17,13724.94
2010-04-01,11.18,11.3,11.1,11.25,10200.19
2010-04-02,11.33,11.61,11.18,11.25,23988.76
2010-04-06,11.27,11.27,11.02,11.17,12489.2
2010-04-07,11.21,11.22,11.05,11.21,7100.22
2010-04-08,11.29,11.49,11.13,11.41,27311.93
2010-04-09,11.4,12.48,11.28,12.14,54767.8
2010-04-12,12.13,13.05,12.13,13.03,49162.22
2010-04-13,13.04,13.08,12.33,12.82,25513.84
2010-04-14,12.76,13.84,12.48,13.44,24510.15
2010-04-15,13.45,13.54,13.02,13.34,9575.01
2010-04-16,13.34,13.71,12.91,13.51,23852.19
2010-04-19,13.32,13.48,12.79,13.07,21889.17
2010-04-20,12.86,13.74,12.86,13.69,38826.52
2010-04-21,13.77,14.11,13.48,13.93,46307.49
2010-04-22,13.79,14.02,13.48,13.65,21956.99
2010-04-23,13.62,13.79,13.18,13.24,20233.53
2010-04-26,13.25,13.45,13.0,13.38,27778.52
2010-04-27,13.14,13.42,12.91,13.24,18220.44
2010-04-28,13.05,13.42,12.36,12.7,32304.93
2010-04-29,12.79,12.95,12.42,12.52,18610.0
2010-04-30,12.25,12.82,12.25,12.76,16237.29
2010-05-04,12.6,13.01,12.43,12.8,11345.89
2010-05-05,12.8,13.19,12.65,12.99,14519.49
2010-05-06,12.99,13.07,12.65,12.74,7190.58
2010-05-07,12.61,12.81,12.13,12.62,8691.34
2010-05-10,12.62,12.7,12.02,12.45,9315.83
2010-05-11,12.6,12.68,11.76,11.96,13385.27
2010-05-12,11.76,12.01,11.27,11.7,18982.49
2010-05-13,11.71,12.47,11.49,12.31,8526.56
2010-05-14,12.16,12.45,12.05,12.27,7543.48
2010-05-17,12.15,12.19,11.54,11.66,18279.5
2010-05-19,11.73,11.99,11.7,11.77,11065.08
2010-05-20,11.77,12.15,11.67,12.0,13053.99
2010-05-21,11.44,11.99,11.33,11.99,20071.15
2010-05-24,11.99,12.42,11.99,12.32,15872.11
2010-05-25,12.31,12.31,11.99,12.07,7740.19
2010-05-26,12.0,12.1,11.67,11.84,11375.4
2010-05-27,11.72,12.01,11.72,11.9,14184.86
2010-05-28,11.93,12.17,11.86,12.15,20021.61
2010-05-31,12.15,12.42,11.9,11.91,19150.18
2010-06-01,11.73,11.9,11.16,11.7,40323.23
2010-06-02,11.51,11.72,11.22,11.68,17083.58
2010-06-03,11.72,11.75,11.53,11.64,8486.08
2010-06-04,11.49,11.85,11.41,11.7,12220.86
2010-06-07,11.55,12.23,11.41,12.09,34892.55
2010-06-08,12.05,12.4,12.02,12.33,21493.44
2010-06-09,12.38,12.86,12.35,12.78,31829.63
2010-06-10,12.76,12.9,12.67,12.83,15537.18
2010-06-11,12.9,12.93,12.69,12.74,9860.18
2010-06-17,12.85,12.9,12.46,12.68,10298.63
2010-06-18,12.48,12.77,11.83,12.22,15089.48
2010-06-21,12.07,12.57,12.07,12.57,9615.23
2010-06-22,12.69,12.69,12.48,12.61,6402.1
2010-06-23,12.48,12.99,12.48,12.72,10537.56
2010-06-24,12.71,13.07,12.71,12.96,8009.94
2010-06-25,12.95,13.01,12.41,12.89,7145.26
2010-06-28,12.76,12.9,12.4,12.46,6213.1
2010-06-29,12.32,12.72,11.91,12.03,11339.07
2010-06-30,11.97,12.12,11.77,11.9,12406.53
2010-07-01,11.92,12.34,11.89,12.14,11419.7
2010-07-02,12.18,12.34,11.54,12.32,9921.11
2010-07-05,11.94,12.57,11.92,12.46,7448.66
2010-07-06,12.35,12.9,12.35,12.76,12161.48
2010-07-07,12.78,12.98,12.67,12.92,10094.97
2010-07-08,12.92,13.31,12.92,13.08,9647.9
2010-07-09,13.07,13.91,12.97,13.64,19231.97
2010-07-12,13.61,13.76,13.25,13.33,12631.81
2010-07-13,13.3,13.42,13.19,13.33,8778.5
2010-07-14,13.33,13.51,13.21,13.29,8566.41
2010-07-15,13.28,13.46,13.19,13.31,8603.4
2010-07-16,13.27,13.34,12.84,13.26,10221.38
2010-07-19,13.17,13.45,13.05,13.25,13525.59
2010-07-20,13.18,13.25,12.97,13.14,32320.17
2010-07-21,13.1,13.6,13.06,13.51,25610.24
2010-07-22,13.51,13.74,13.48,13.57,18138.57
2010-07-23,13.57,13.63,13.32,13.39,9752.61
2010-07-26,13.37,13.97,13.37,13.9,22194.91
2010-07-27,13.92,14.5,13.91,14.42,33082.32
2010-07-28,14.4,14.46,14.14,14.44,15667.92
2010-07-29,14.5,15.01,14.26,14.37,19572.91
2010-07-30,14.25,14.38,14.08,14.15,8778.18
2010-08-02,14.13,14.86,14.12,14.84,24621.73
2010-08-03,14.89,15.04,14.58,14.72,15533.87
2010-08-04,14.58,14.96,14.58,14.82,21010.16
2010-08-05,14.81,15.48,14.78,15.17,19503.54
2010-08-06,15.21,15.45,14.97,15.37,10674.69
2010-08-09,15.4,15.5,15.11,15.27,12408.74
2010-08-10,15.31,15.42,14.75,14.78,13658.4
2010-08-11,14.73,15.17,14.64,15.15,10951.3
2010-08-12,15.08,15.8,14.93,15.43,22859.93
2010-08-13,15.46,15.71,15.28,15.64,9246.88
2010-08-16,15.8,16.02,15.69,15.88,20088.56
2010-08-17,15.83,16.02,15.69,15.88,11625.64
2010-08-18,15.86,15.95,15.51,15.53,13113.05
2010-08-19,15.51,15.93,15.51,15.57,12161.75
2010-08-20,15.42,15.57,14.5,15.02,29247.5
2010-08-23,15.03,15.41,15.03,15.34,11097.92
2010-08-24,15.22,15.88,15.22,15.87,16288.34
2010-08-25,15.91,16.0,15.67,15.88,8891.97
2010-08-26,15.83,15.97,15.72,15.89,5642.79
2010-08-27,15.89,16.25,15.78,16.2,12017.95
2010-08-30,16.34,16.87,16.34,16.85,12236.56
2010-08-31,16.82,16.92,16.67,16.84,8492.94
2010-09-01,16.86,17.1,16.53,16.75,7595.11
2010-09-02,16.86,16.9,16.67,16.89,12490.64
2010-09-03,16.78,17.1,15.85,17.0,10024.77
2010-09-06,16.95,17.33,16.93,17.19,12110.27
2010-09-07,17.4,17.4,16.67,16.96,11107.99
2010-09-08,16.73,17.03,16.73,16.98,5481.82
2010-09-09,16.99,16.99,16.53,16.64,9133.36
2010-09-10,16.64,17.11,16.54,17.05,12993.92
2010-09-13,17.16,17.5,17.03,17.4,16351.39
2010-09-14,17.4,18.7,17.29,18.08,17357.16
2010-09-15,17.95,18.26,17.57,17.8,20976.13
2010-09-16,17.98,17.98,17.31,17.67,7705.37
2010-09-17,17.57,18.35,17.48,18.16,11961.19
2010-09-20,18.22,18.47,18.12,18.31,13362.41
2010-09-21,18.27,18.4,17.99,18.27,9864.8
2010-09-27,18.27,18.41,17.77,18.38,13993.81
2010-09-28,18.29,19.02,18.04,18.87,16610.06
2010-09-29,18.99,20.05,18.87,19.4,17046.87
2010-09-30,19.21,20.14,19.13,19.88,12744.33
2010-10-08,19.97,21.6,19.97,21.45,22088.52
2010-10-11,21.74,22.03,19.42,20.11,56754.16
2010-10-12,19.86,20.32,19.42,19.97,26819.89
2010-10-13,19.47,19.83,18.41,18.82,56263.06
2010-10-14,18.85,18.85,17.86,18.55,38493.4
2010-10-15,18.48,19.22,17.63,18.18,50208.7
2010-10-18,18.18,18.77,17.25,18.76,50937.35
2010-10-19,18.71,19.91,18.13,19.67,36690.63
2010-10-20,19.27,20.64,19.0,19.7,32408.77
2010-10-21,19.69,19.95,19.21,19.45,18322.71
2010-10-22,19.45,19.71,19.28,19.67,22863.33
2010-10-25,19.71,20.19,19.54,20.12,19271.41
2010-10-26,19.9,20.12,19.21,19.4,30138.93
2010-10-27,19.14,19.4,18.55,18.83,32161.17
2010-10-28,18.82,19.16,18.7,18.89,25694.67
2010-10-29,18.89,19.45,18.52,19.43,18824.39
2010-11-01,19.44,20.28,19.14,19.89,25286.06
2010-11-02,19.71,19.71,19.48,19.61,17043.02
2010-11-03,19.6,20.45,19.51,20.15,35882.55
2010-11-04,20.17,21.18,19.87,20.96,31195.04
2010-11-05,20.95,21.3,20.6,20.84,17723.43
2010-11-08,20.87,21.13,20.25,20.62,17712.25
2010-11-09,20.62,20.95,20.3,20.93,17424.2
2010-11-10,20.89,22.63,20.87,22.07,38531.47
2010-11-11,22.05,22.47,21.56,21.75,20870.98
2010-11-12,21.75,22.18,20.58,21.03,24338.7
2010-11-15,20.93,23.11,20.93,23.1,42673.61
2010-11-16,23.1,23.81,21.83,23.75,35826.52
2010-11-17,23.19,23.77,21.38,22.03,34411.12
2010-11-18,21.45,22.48,21.45,21.76,15325.05
2010-11-19,22.32,23.08,21.81,22.77,23846.86
2010-11-22,22.77,23.94,22.53,23.41,23713.41
2010-11-23,23.19,23.56,22.61,23.38,16193.24
2010-11-24,23.2,24.0,22.96,23.72,32114.33
2010-11-25,23.74,23.77,23.36,23.37,18557.52
2010-11-26,23.37,23.59,23.04,23.38,21694.16
2010-11-29,23.38,23.56,22.42,23.11,37170.57
2010-11-30,23.08,23.11,21.28,21.94,36140.08
2010-12-01,21.48,22.22,21.45,21.97,15372.55
2010-12-02,22.02,22.41,21.31,21.43,37669.05
2010-12-03,21.42,21.43,20.65,21.15,28458.62
2010-12-06,21.14,21.45,20.94,21.21,14182.14
2010-12-07,21.22,21.86,20.62,21.82,21522.54
2010-12-08,21.82,22.03,21.25,21.45,11769.59
2010-12-09,21.46,21.5,20.53,20.63,18029.33
2010-12-10,20.63,20.83,20.31,20.64,13109.86
2010-12-13,20.82,20.96,20.44,20.93,22167.86
2010-12-14,20.96,21.16,20.6,20.73,16623.76
2010-12-15,20.76,21.25,20.65,20.97,29910.49
2010-12-16,21.34,21.59,20.85,20.89,19862.84
2010-12-17,20.89,21.01,19.95,20.0,37624.36
2010-12-20,20.0,20.24,19.42,19.61,42403.04
2010-12-21,19.6,19.77,19.41,19.69,38140.02
2010-12-22,19.69,19.7,19.14,19.26,42585.03
2010-12-23,19.31,19.41,19.02,19.28,18819.21
2010-12-24,19.14,19.29,18.36,18.77,27901.42
2010-12-27,18.65,19.51,18.65,19.17,28311.53
2010-12-28,19.05,19.71,18.52,19.56,47437.93
2010-12-29,19.56,20.09,19.36,20.03,25727.57
2010-12-30,19.97,19.97,19.39,19.71,20860.45
2010-12-31,19.77,20.18,19.66,19.87,20293.72
2011-01-04,19.89,20.0,19.07,19.2,51245.54
2011-01-05,19.11,19.11,18.37,18.62,50405.69
2011-01-06,18.61,18.61,17.93,18.16,59328.47
2011-01-07,18.15,18.44,17.89,18.4,29658.96
2011-01-10,18.32,18.32,17.36,17.41,34616.08
2011-01-11,17.28,17.86,16.85,17.8,33303.22
2011-01-12,17.68,17.76,17.28,17.63,15379.08
2011-01-13,17.58,18.24,17.44,18.02,34178.58
2011-01-14,17.95,17.95,17.42,17.82,15050.69
2011-01-17,17.51,17.91,16.53,17.21,24585.19
2011-01-18,17.07,17.66,16.82,17.58,27170.78
2011-01-19,17.63,17.83,17.47,17.82,18926.63
2011-01-20,17.77,18.03,16.96,17.21,15354.09
2011-01-21,16.9,17.21,16.43,16.93,38895.57
2011-01-24,16.81,16.81,15.9,16.05,39473.38
2011-01-25,15.88,15.88,15.25,15.65,31510.63
2011-01-26,15.65,16.09,15.57,15.73,20467.4
2011-01-27,15.57,16.11,15.4,15.95,22188.4
2011-01-28,15.96,16.5,15.95,16.46,17630.36
2011-01-31,16.43,16.58,16.23,16.45,11505.56
2011-02-01,16.38,16.53,16.21,16.51,10673.1
2011-02-09,16.29,16.67,16.24,16.4,9992.56
2011-02-10,16.4,17.37,16.28,17.3,24596.82
2011-02-11,17.22,17.96,17.11,17.7,33191.3
2011-02-14,17.68,17.98,17.56,17.94,30993.67
2011-02-15,17.88,18.11,17.5,17.63,32473.66
2011-02-16,17.66,17.66,17.28,17.49,24858.45
2011-02-17,17.55,17.65,17.3,17.46,16343.63
2011-02-18,17.4,18.44,17.25,18.37,56739.34
2011-02-21,18.32,18.7,17.83,18.7,34087.49
2011-02-22,18.56,18.56,17.65,17.69,40277.38
2011-02-23,17.57,17.75,17.31,17.54,17953.22
2011-02-24,17.46,17.6,17.27,17.35,16022.05
2011-02-25,17.48,17.55,17.38,17.39,9219.9
2011-02-28,17.35,17.45,16.98,17.06,25995.12
2011-03-01,17.07,17.4,17.06,17.29,15179.55
2011-03-02,17.23,17.23,16.9,16.93,23626.62
2011-03-03,17.0,17.16,16.24,16.42,24728.14
2011-03-04,16.42,16.96,16.18,16.87,26302.46
2011-03-07,17.02,17.2,16.92,17.14,22238.61
2011-03-08,17.11,17.14,16.61,17.01,20011.14
2011-03-09,17.04,17.09,16.69,16.74,16103.63
2011-03-10,16.76,17.86,16.66,17.7,51790.56
2011-03-11,17.66,17.77,17.31,17.33,36626.01
2011-03-14,17.34,17.68,17.25,17.63,19867.11
2011-03-15,17.68,17.86,17.13,17.59,29412.8
2011-03-16,17.5,18.4,17.42,18.16,48484.44
2011-03-17,18.19,18.38,17.67,18.25,35289.47
2011-03-18,18.27,18.44,17.95,18.21,10949.25
2011-03-21,18.26,18.43,17.69,18.21,25314.46
2011-03-22,18.21,18.21,17.34,17.37,28567.43
2011-03-23,17.35,17.35,16.84,17.03,40866.05
2011-03-24,17.03,17.45,16.99,17.12,30301.21
2011-03-25,17.42,18.32,17.42,18.1,62055.16
2011-03-28,18.18,18.43,17.54,17.57,30027.13
2011-03-29,17.78,18.06,17.09,17.28,26789.74
2011-03-30,17.28,17.61,17.17,17.39,10827.91
2011-03-31,17.32,17.92,17.3,17.83,27973.79
2011-04-01,17.77,17.8,17.53,17.71,19397.24
2011-04-06,17.61,17.61,17.1,17.4,26287.95
2011-04-07,17.4,17.48,16.98,17.34,15129.45
2011-04-08,17.31,17.92,17.21,17.9,26999.98
2011-04-11,17.95,18.29,17.8,18.21,28168.82
2011-04-12,18.14,18.85,18.14,18.33,48297.4
2011-04-13,18.35,19.31,18.32,19.07,62223.5
2011-04-14,19.1,19.28,18.87,19.11,31814.09
2011-04-15,19.13,19.22,18.38,18.62,26780.31
2011-04-18,18.61,19.06,18.3,19.01,18434.61
2011-04-19,18.85,20.29,18.73,19.49,48987.27
2011-04-20,19.44,20.11,19.35,19.53,40888.5
2011-04-21,19.54,19.71,19.37,19.5,20842.3
2011-04-22,19.77,20.12,19.38,19.47,24994.32
2011-04-25,19.65,20.35,19.59,20.06,49846.24
2011-04-26,20.15,20.29,19.86,20.01,18960.76
2011-04-27,20.05,20.52,19.43,19.76,22677.56
2011-04-28,19.71,19.8,18.85,18.88,21756.89
2011-04-29,18.84,19.62,18.7,19.58,23139.4
2011-05-03,19.58,19.86,19.29,19.78,13253.8
2011-05-04,19.68,20.0,19.51,19.78,21063.34
2011-05-05,19.77,20.11,19.6,19.93,16024.23
2011-05-06,19.99,19.99,19.45,19.93,22393.3
2011-05-09,19.93,20.27,19.53,19.78,15702.25
2011-05-10,19.45,19.77,19.31,19.64,21628.92
2011-05-11,19.57,20.09,19.53,19.89,25451.72
2011-05-12,19.8,20.82,19.75,20.72,39645.45
2011-05-13,20.58,20.7,20.36,20.58,14286.68
2011-05-16,20.58,20.73,20.15,20.68,15103.8
2011-05-17,20.58,20.63,20.27,20.29,12553.74
2011-05-19,20.73,21.11,20.63,20.78,33187.33
2011-05-20,20.8,20.85,20.49,20.58,13139.85
2011-05-23,20.58,20.67,19.77,19.8,20608.1
2011-05-24,19.74,19.94,19.42,19.53,21842.52
2011-05-25,19.48,19.9,19.42,19.59,17762.79
2011-05-26,19.74,20.0,19.6,19.95,17038.28
2011-05-27,19.86,19.96,19.25,19.43,14459.38
2011-05-30,19.28,19.74,18.9,19.73,8995.39
2011-05-31,19.73,19.86,19.51,19.66,8315.8
2011-06-01,19.52,20.29,19.43,20.29,13527.78
2011-06-02,20.12,20.38,19.71,20.02,14151.52
2011-06-03,19.95,20.51,19.88,20.4,17684.89
2011-06-07,20.38,20.64,20.0,20.29,15487.07
2011-06-08,20.29,20.32,20.01,20.24,11342.3
2011-06-09,20.23,20.27,19.54,19.61,13885.72
2011-06-10,19.52,19.76,19.51,19.64,7214.1
2011-06-13,19.5,19.5,18.98,19.07,12320.35
2011-06-14,19.11,19.32,19.01,19.18,9174.06
2011-06-15,19.18,19.32,18.93,19.22,18174.89
2011-06-16,18.98,19.22,18.85,18.93,11017.88
2011-06-17,18.93,19.05,18.71,18.82,9911.27
2011-06-20,18.7,18.82,18.37,18.69,26727.47
2011-06-21,18.59,19.02,18.53,19.01,11134.62
2011-06-22,19.11,19.46,18.9,19.34,15207.27
2011-06-23,19.28,19.48,19.2,19.48,14037.59
2011-06-24,19.52,19.78,19.51,19.62,15735.71
2011-06-27,19.63,19.83,19.63,19.74,10810.57
2011-06-28,19.78,20.57,19.57,20.53,27473.56
2011-06-29,20.45,20.6,20.16,20.32,11359.21
2011-06-30,20.31,20.7,20.26,20.47,11195.64
2011-07-01,20.59,20.71,20.33,20.61,18724.51
2011-07-04,20.62,20.82,20.45,20.59,16540.83
2011-07-05,20.57,20.72,20.39,20.45,19242.25
2011-07-06,20.33,21.53,20.21,21.23,25871.25
2011-07-07,21.33,21.74,21.29,21.42,23780.8
2011-07-08,21.33,21.68,21.33,21.47,8413.91
2011-07-11,21.42,22.61,21.42,22.41,34797.09
2011-07-12,22.21,23.37,22.21,22.78,33600.39
2011-07-13,22.73,23.11,22.47,23.1,22447.86
2011-07-14,23.07,23.07,22.25,22.79,25011.05
2011-07-15,22.48,23.04,22.41,22.58,18858.2
2011-07-18,22.59,23.43,22.59,23.34,25066.53
2011-07-19,23.31,23.43,22.5,22.79,12814.49
2011-07-20,23.07,23.31,22.67,22.91,10709.58
2011-07-21,23.07,23.61,22.99,23.08,32483.11
2011-07-22,23.02,23.74,23.02,23.52,20022.09
2011-07-25,23.41,23.72,22.88,23.07,21709.37
2011-07-26,22.93,23.1,22.41,22.75,15943.16
2011-07-27,22.77,23.34,22.61,23.18,17407.43
2011-07-28,22.88,23.58,22.79,23.57,15610.5
2011-07-29,23.63,23.63,23.23,23.29,7093.16
2011-08-01,23.36,23.36,22.61,22.82,14698.23
2011-08-02,22.78,22.79,22.21,22.37,28437.08
2011-08-03,22.35,23.15,22.34,23.03,14679.45
2011-08-04,23.11,23.57,23.11,23.42,17321.91
2011-08-05,22.9,23.85,22.79,23.69,16027.8
2011-08-08,23.43,24.31,22.96,23.48,29079.51
2011-08-09,23.19,24.28,22.55,24.08,34993.96
2011-08-10,24.3,24.88,24.01,24.83,26956.42
2011-08-11,24.54,25.27,24.54,24.98,25282.16
2011-08-12,24.98,26.15,24.78,25.97,27347.85
2011-08-15,26.15,26.29,25.3,25.37,27769.06
2011-08-16,25.36,25.65,24.78,25.11,24654.97
2011-08-17,25.05,25.56,25.05,25.18,12809.76
2011-08-18,25.13,25.26,24.48,24.53,16606.7
2011-08-19,24.25,25.15,24.21,25.12,15193.85
2011-08-22,25.18,25.21,24.1,24.12,16717.27
2011-08-23,24.13,24.54,23.83,24.3,19598.83
2011-08-24,24.31,24.59,24.12,24.54,6153.6
2011-08-25,24.62,24.76,24.01,24.59,12798.79
2011-08-26,24.42,24.74,24.42,24.61,7580.86
2011-08-29,24.6,24.99,24.32,24.82,13989.53
2011-08-30,24.83,25.27,24.48,24.52,13620.72
2011-08-31,24.75,24.91,24.04,24.42,17168.34
2011-09-01,24.43,24.43,23.25,23.49,27463.46
2011-09-02,23.48,23.81,23.37,23.59,24116.55
2011-09-05,23.46,23.65,23.26,23.42,9623.63
2011-09-06,23.34,23.51,22.67,23.22,12955.02
2011-09-07,23.42,23.55,23.09,23.5,7355.55
2011-09-08,23.61,23.72,23.23,23.28,6383.26
2011-09-09,23.26,23.57,22.77,22.8,11978.07
2011-09-13,22.45,22.79,21.77,22.22,14327.63
2011-09-14,22.22,22.58,21.59,22.54,14840.23
2011-09-15,22.48,22.93,22.24,22.77,10676.82
2011-09-16,22.91,23.37,22.79,23.33,7860.96
2011-09-19,23.31,23.34,22.84,23.15,5442.51
2011-09-20,23.26,23.62,22.88,23.35,7745.1
2011-09-21,23.48,23.62,23.17,23.59,10342.57
2011-09-22,23.55,23.55,22.26,22.41,7534.24
2011-09-23,22.17,22.63,21.44,22.21,17015.66
2011-09-26,21.62,22.22,21.44,21.53,8555.31
2011-09-27,21.79,21.88,20.69,21.23,30219.71
2011-09-28,21.27,21.33,20.92,21.28,12769.86
2011-09-29,21.04,21.47,21.04,21.27,7592.85
2011-09-30,21.27,21.46,21.04,21.1,18008.01
2011-10-10,21.12,21.12,18.99,18.99,77650.94
2011-10-11,19.28,19.43,18.45,18.9,40658.02
2011-10-12,18.7,19.22,18.48,19.2,19523.62
2011-10-13,19.12,19.72,18.66,19.48,38445.37
2011-10-14,19.28,19.37,18.82,19.11,19944.03
2011-10-17,19.07,19.64,19.07,19.48,18688.11
2011-10-18,19.31,19.57,18.77,18.86,18576.97
2011-10-19,18.71,19.14,18.58,18.69,13351.33
2011-10-20,18.62,18.69,18.11,18.16,12498.94
2011-10-21,18.1,18.57,17.41,18.38,17359.61
2011-10-24,18.37,18.76,18.08,18.76,10708.18
2011-10-25,18.79,19.82,18.46,19.58,23535.38
2011-10-26,19.57,19.73,19.33,19.58,15347.97
2011-10-27,19.57,19.76,19.32,19.54,3998.66
2011-10-28,19.69,20.01,19.57,19.91,10851.57
2011-10-31,19.9,20.13,19.63,19.68,12304.6
2011-11-01,19.66,19.72,19.48,19.55,12826.85
2011-11-02,19.39,20.36,19.15,20.19,9219.92
2011-11-03,20.36,20.59,20.16,20.2,15314.63
2011-11-04,20.35,20.45,19.97,20.01,7441.32
2011-11-07,19.87,20.16,19.8,19.84,7974.16
2011-11-08,19.8,20.31,19.8,20.13,11198.83
2011-11-09,20.25,21.06,20.17,20.89,11012.58
2011-11-10,20.64,20.87,20.55,20.71,11454.15
2011-11-11,20.71,20.83,20.36,20.4,7179.94
2011-11-14,20.44,20.8,20.37,20.59,7883.72
2011-11-15,20.59,20.83,20.59,20.61,8111.63
2011-11-16,20.6,20.82,19.77,20.26,13074.61
2011-11-17,20.15,20.24,19.94,20.06,4182.54
2011-11-18,19.88,20.06,19.6,19.6,6387.25
2011-11-21,19.58,20.09,19.58,20.07,5098.97
2011-11-22,19.94,20.44,19.94,20.28,8448.03
2011-11-23,20.28,20.79,20.04,20.74,12964.14
2011-11-24,20.65,20.69,20.4,20.64,8106.19
2011-11-25,20.64,21.39,20.47,21.27,24755.75
2011-11-28,21.26,21.54,20.98,21.12,19045.68
2011-11-29,21.23,21.32,20.77,20.87,12878.03
2011-11-30,20.83,21.04,20.19,20.45,9886.35
2011-12-01,20.83,20.95,20.46,20.59,13137.0
2011-12-02,20.47,20.89,20.39,20.54,11449.7
2011-12-05,20.46,20.62,19.15,19.88,21438.03
2011-12-06,19.58,19.66,19.28,19.57,13791.55
2011-12-07,19.31,19.57,19.24,19.57,6390.31
2011-12-08,19.48,19.85,19.35,19.57,4905.49
2011-12-09,19.45,19.68,18.63,18.78,16559.65
2011-12-12,18.7,18.96,18.41,18.79,8811.3
2011-12-13,18.8,18.8,18.27,18.47,9426.02
2011-12-14,18.39,18.61,18.12,18.33,7029.59
2011-12-15,18.0,18.37,17.94,18.25,6724.67
2011-12-16,18.35,18.89,18.26,18.8,7856.61
2011-12-19,18.79,19.37,18.29,19.17,8600.99
2011-12-20,19.27,19.33,18.76,18.99,5629.45
2011-12-21,19.09,19.09,18.41,18.67,3390.15
2011-12-22,18.46,18.87,18.3,18.63,5315.89
2011-12-23,18.61,18.84,18.44,18.68,3769.85
2011-12-26,18.31,18.64,17.82,18.46,13273.53
2011-12-27,18.4,18.4,17.53,17.58,10697.58
2011-12-28,17.56,17.65,16.65,17.23,25610.61
2011-12-29,16.93,17.68,16.93,17.39,11182.65
2011-12-30,17.4,18.49,17.34,18.45,13374.96
2012-01-04,18.41,18.41,16.76,16.88,28902.5
2012-01-05,16.65,16.8,15.78,16.08,29988.87
2012-01-06,15.87,16.06,15.52,15.69,22194.77
2012-01-09,15.69,15.95,15.42,15.95,28933.49
2012-01-10,15.92,16.91,15.72,16.65,22096.74
2012-01-11,16.8,16.9,16.52,16.85,19813.47
2012-01-12,16.81,16.81,16.33,16.33,14761.16
2012-01-13,16.5,16.53,15.59,15.77,21065.98
2012-01-16,15.73,15.73,14.71,14.83,20212.36
2012-01-17,14.62,15.44,14.61,15.39,16671.44
2012-01-18,15.37,15.46,15.05,15.08,10177.19
2012-01-19,15.27,15.63,14.9,15.44,9718.14
2012-01-20,15.46,15.98,15.46,15.88,9547.06
2012-01-30,15.92,15.92,15.43,15.57,9043.43
2012-01-31,15.74,16.07,15.43,16.06,15255.58
2012-02-01,16.06,16.48,15.75,16.06,19460.03
2012-02-02,16.06,16.3,15.8,16.28,7825.0
2012-02-03,16.27,16.7,16.27,16.65,15266.16
2012-02-06,16.69,17.25,16.45,17.12,17389.88
2012-02-07,17.09,17.09,16.74,16.83,13087.58
2012-02-08,16.83,17.3,16.66,17.29,9952.5
2012-02-09,17.24,17.49,16.95,17.35,12659.04
2012-02-10,17.35,17.41,17.13,17.24,7711.18
2012-02-13,17.05,17.85,16.99,17.49,10674.79
2012-02-14,17.47,18.05,17.25,17.74,16227.08
2012-02-15,17.75,18.41,17.75,18.3,14687.78
2012-02-16,18.29,18.57,17.93,18.09,10159.97
2012-02-17,18.11,18.34,17.87,17.92,5283.54
2012-02-20,18.08,18.28,17.53,17.61,9908.71
2012-02-21,17.68,18.55,17.53,18.41,10811.83
2012-02-22,18.42,18.46,18.16,18.41,9760.68
2012-02-23,18.39,18.4,18.11,18.32,10389.77
2012-02-24,18.34,19.14,18.34,19.04,19042.65
2012-02-27,19.03,20.01,18.94,19.53,21896.01
2012-02-28,19.46,20.01,19.43,19.75,20290.77
2012-02-29,19.74,20.1,19.6,19.85,13580.14
2012-03-01,19.78,19.78,19.43,19.62,20313.6
2012-03-02,19.57,19.72,19.43,19.55,8608.46
2012-03-05,19.63,19.72,19.47,19.67,8806.73
2012-03-06,19.68,19.68,19.28,19.48,7243.12
2012-03-07,19.28,19.57,18.85,18.9,12617.85
2012-03-08,18.9,19.28,18.9,19.18,6882.19
2012-03-09,19.18,20.42,19.01,20.26,21022.04
2012-03-12,20.31,20.71,20.06,20.57,14172.49
2012-03-13,20.57,20.87,20.39,20.8,7712.98
2012-03-14,20.8,21.09,19.95,20.0,17217.34
2012-03-15,19.87,20.36,19.87,20.26,9751.27
2012-03-16,20.29,20.91,20.25,20.75,13002.14
2012-03-19,20.92,20.92,20.07,20.24,15171.74
2012-03-20,20.09,20.26,19.72,19.87,8747.52
2012-03-21,19.85,20.0,19.43,19.74,5855.54
2012-03-22,19.75,20.24,19.69,19.95,9505.76
2012-03-23,19.95,20.01,19.29,19.33,10696.15
2012-03-26,19.36,20.02,19.36,19.89,12719.24
2012-03-27,19.89,20.1,19.1,19.11,16847.66
2012-03-28,19.02,19.05,18.26,18.74,31822.12
2012-03-29,18.68,19.05,18.29,18.4,17814.81
2012-03-30,18.3,18.55,17.48,17.93,15823.36
2012-04-05,17.81,19.05,17.53,19.0,10864.72
2012-04-06,19.4,19.62,18.79,19.46,11695.84
2012-04-10,21.04,21.04,19.81,20.35,50817.75
2012-04-11,20.57,20.74,20.07,20.33,18083.95
2012-04-12,20.19,20.56,20.07,20.53,9417.06
2012-04-13,20.45,20.77,20.37,20.46,8838.69
2012-04-16,20.45,21.04,20.45,20.65,11194.06
2012-04-17,20.65,20.97,20.45,20.76,9758.87
2012-04-18,20.91,20.92,20.57,20.77,12185.22
2012-04-19,20.51,20.68,19.57,20.28,29150.62
2012-04-20,20.07,20.74,19.82,20.65,11811.08
2012-04-23,20.45,20.62,20.39,20.45,9556.75
2012-04-24,20.48,20.53,20.16,20.29,9933.41
2012-04-25,19.92,20.39,19.92,20.22,2965.5
2012-04-26,20.28,20.77,20.28,20.68,7135.55
2012-04-27,20.72,21.54,20.71,21.37,18641.29
2012-05-02,21.64,21.64,21.21,21.6,12031.72
2012-05-03,21.67,22.09,21.59,22.05,16870.04
2012-05-04,22.03,23.08,21.92,23.08,25113.93
2012-05-07,23.31,23.31,22.73,23.17,31966.82
2012-05-08,23.05,23.05,22.56,22.79,19813.0
2012-05-09,22.56,22.66,22.04,22.41,20082.68
2012-05-10,22.37,22.64,22.21,22.45,7727.95
2012-05-11,22.45,22.77,22.24,22.65,9650.47
2012-05-14,22.53,22.64,21.42,21.65,19531.87
2012-05-15,21.33,21.8,21.04,21.64,13511.72
2012-05-16,21.62,21.81,21.19,21.42,14259.88
2012-05-17,21.42,21.7,21.26,21.54,9378.58
2012-05-21,21.31,22.26,21.09,22.19,17871.23
2012-05-22,22.2,22.48,22.07,22.2,14535.56
2012-05-23,22.2,23.21,22.14,22.87,34323.7
2012-05-24,22.76,22.93,21.68,22.08,21115.88
2012-05-25,21.8,22.08,21.32,21.58,25723.02
2012-05-28,21.42,22.03,21.04,21.68,16130.64
2012-05-29,21.62,21.88,21.33,21.69,11911.79
2012-05-30,21.79,21.88,21.33,21.53,21025.72
2012-05-31,21.31,22.1,21.11,21.98,15244.91
2012-06-01,22.04,22.61,21.86,22.23,14474.06
2012-06-04,21.88,22.05,21.59,21.62,14801.69
2012-06-05,21.64,21.85,21.56,21.65,8664.26
2012-06-06,21.82,22.46,21.78,21.94,21391.07
2012-06-07,22.09,22.2,21.54,21.84,11618.52
2012-06-08,21.84,21.97,21.62,21.94,10620.91
2012-06-11,21.96,22.28,21.66,21.78,14923.02
2012-06-12,21.87,22.31,21.06,21.53,43994.6
2012-06-13,21.28,22.46,21.06,22.21,45068.73
2012-06-14,22.17,23.23,21.99,22.66,61734.69
2012-06-15,22.66,22.92,22.09,22.45,31592.46
2012-06-18,22.59,22.65,22.32,22.52,35874.75
2012-06-19,22.53,22.53,21.88,21.94,32528.99
2012-06-20,21.93,22.23,21.88,21.94,14319.88
2012-06-21,21.83,21.83,21.23,21.47,23099.88
2012-06-25,21.18,21.8,21.03,21.3,18075.12
2012-06-26,21.31,21.47,20.59,20.98,25285.6
2012-06-27,20.91,21.59,20.75,21.29,19073.75
2012-06-28,21.35,21.78,21.23,21.3,18011.98
2012-06-29,21.46,22.53,21.29,22.17,56211.3
2012-07-02,21.94,24.11,21.7,23.76,120997.64
2012-07-03,23.41,24.47,23.18,23.93,65149.81
2012-07-04,23.89,24.13,23.23,23.53,40564.2
2012-07-05,23.47,23.47,22.76,23.14,30975.84
2012-07-06,23.18,24.38,22.88,24.31,66140.64
2012-07-09,24.03,24.35,23.82,23.92,37202.7
2012-07-10,23.65,24.15,23.25,23.35,25109.66
2012-07-11,23.35,23.76,22.63,23.75,30364.82
2012-07-12,23.77,24.47,23.24,23.75,59944.45
2012-07-13,23.51,23.92,23.36,23.71,27171.69
2012-07-16,23.71,24.06,23.18,23.22,34163.95
2012-07-17,22.95,23.11,21.47,22.41,52093.97
2012-07-18,22.29,22.53,21.22,21.74,39331.09
2012-07-19,21.34,21.94,21.34,21.78,29383.97
2012-07-20,21.68,22.15,21.47,21.71,21007.84
2012-07-23,21.45,22.1,21.18,21.75,22510.04
2012-07-24,21.74,22.09,21.48,21.87,25285.87
2012-07-25,22.02,22.02,21.66,21.81,15947.26
2012-07-26,21.85,21.85,20.74,20.87,65989.46
2012-07-27,20.6,20.85,19.99,20.23,45098.01
2012-07-30,20.21,20.91,20.21,20.59,21806.41
2012-07-31,20.69,20.85,20.14,20.31,34785.67
2012-08-01,20.09,20.79,20.02,20.5,16424.24
2012-08-02,20.47,20.72,20.28,20.69,13190.03
2012-08-03,20.69,21.92,20.69,21.73,35967.64
2012-08-06,21.49,22.79,21.49,22.36,31639.67
2012-08-07,22.38,22.83,22.16,22.46,23923.49
2012-08-08,22.46,22.69,22.18,22.28,19892.47
2012-08-09,22.28,23.54,22.28,23.08,42013.41
2012-08-10,22.91,23.35,22.82,22.99,24352.26
2012-08-13,22.91,23.52,22.45,23.01,29541.11
2012-08-14,22.94,23.45,22.88,23.26,27292.43
2012-08-15,23.26,23.65,23.02,23.56,24368.83
2012-08-16,23.53,23.68,22.73,22.76,23219.38
2012-08-17,22.65,22.65,21.65,21.95,31968.68
2012-08-20,21.69,22.4,21.49,22.36,16645.38
2012-08-21,22.18,23.47,22.18,23.4,39415.55
2012-08-22,23.48,23.51,22.82,22.98,22596.38
2012-08-23,22.99,23.18,22.49,22.68,19473.66
2012-08-24,22.41,23.03,22.41,22.93,22204.67
2012-08-27,22.89,22.9,22.18,22.31,26981.56
2012-08-28,21.84,22.59,21.84,22.16,18187.91
2012-08-29,22.17,22.3,21.84,22.2,10396.02
2012-08-30,22.09,22.2,20.44,21.02,48105.23
2012-08-31,20.95,21.32,20.65,21.23,10068.48
2012-09-03,21.13,22.34,21.09,22.31,21582.77
2012-09-04,22.3,22.53,21.66,21.67,16237.56
2012-09-05,21.63,22.23,21.35,21.7,16125.41
2012-09-06,21.88,22.15,21.68,21.8,9508.63
2012-09-07,22.04,23.18,21.96,22.52,34622.63
2012-09-10,22.62,22.82,22.23,22.46,18500.4
2012-09-11,22.24,22.4,22.06,22.36,16893.95
2012-09-12,22.46,22.82,22.36,22.62,22182.41
2012-09-13,22.62,22.8,22.4,22.55,12892.79
2012-09-14,22.47,22.7,22.34,22.55,11147.31
2012-09-17,22.53,22.63,21.93,21.95,10210.11
2012-09-18,22.12,22.12,21.59,21.82,14702.93
2012-09-19,21.88,21.88,20.88,21.47,23356.0
2012-09-20,21.18,21.5,20.83,21.01,19567.9
2012-09-21,21.01,21.29,20.87,21.01,12410.21
2012-09-24,21.04,21.65,20.68,21.58,10721.22
2012-09-25,21.2,22.08,21.2,21.8,17252.76
2012-09-26,21.68,22.04,21.52,21.53,11459.86
2012-09-27,21.52,22.12,21.18,21.63,13443.09
2012-09-28,21.55,22.5,21.55,22.38,35137.16
2012-10-08,22.36,22.9,22.18,22.5,26662.88
2012-10-09,22.95,23.53,22.94,23.36,42501.18
2012-10-10,23.47,23.85,23.25,23.46,32353.04
2012-10-11,23.48,23.82,23.25,23.69,23767.49
2012-10-12,23.79,23.82,23.29,23.49,13760.57
2012-10-15,23.47,24.48,23.47,24.11,31430.66
2012-10-16,24.12,26.17,24.12,25.42,51782.78
2012-10-17,25.23,25.65,24.78,25.29,27410.39
2012-10-18,25.29,26.49,25.23,26.35,56784.24
2012-10-19,26.35,26.94,26.11,26.2,32619.88
2012-10-22,26.62,27.42,26.23,26.53,49390.84
2012-10-23,26.47,26.69,25.49,25.57,47932.35
2012-10-24,25.56,26.23,25.42,25.85,36222.58
2012-10-25,25.65,25.99,25.49,25.56,25314.54
2012-10-26,25.53,25.87,24.85,25.12,21930.57
2012-10-29,25.09,26.09,24.35,26.05,30433.77
2012-10-30,25.76,26.62,25.69,26.36,34403.25
2012-10-31,26.23,26.79,25.88,26.72,34486.73
2012-11-01,26.72,26.84,26.45,26.7,22818.36
2012-11-02,26.7,26.82,26.45,26.62,25943.89
2012-11-05,26.47,26.73,25.86,25.94,27905.82
2012-11-06,25.98,25.99,25.12,25.79,33128.49
2012-11-07,25.56,25.99,25.27,25.28,24132.89
2012-11-08,25.06,25.7,24.7,24.98,18778.21
2012-11-09,24.89,25.29,24.45,24.48,19062.69
2012-11-12,24.44,24.7,23.75,23.98,34906.28
2012-11-13,23.94,24.22,23.76,24.16,21348.06
2012-11-14,24.32,24.73,23.99,24.73,21202.08
2012-11-15,24.59,24.7,23.77,24.11,20956.3
2012-11-16,23.76,23.76,22.0,22.16,84635.58
2012-11-19,22.18,22.46,20.62,20.98,102649.31
2012-11-20,21.08,21.99,21.06,21.59,88764.93
2012-11-21,21.62,21.99,20.59,21.45,40864.52
2012-11-22,20.35,21.65,19.41,21.62,50154.54
2012-11-23,21.18,22.87,21.12,22.28,39627.34
2012-11-26,22.05,22.23,21.25,21.68,25866.92
2012-11-27,21.68,21.84,21.18,21.6,20278.92
2012-11-28,21.4,22.07,21.25,21.8,18529.59
2012-11-29,21.8,22.16,21.75,21.98,17050.09
2012-11-30,21.96,21.96,21.06,21.35,28158.31
2012-12-03,21.18,21.29,19.22,19.22,61807.98
2012-12-04,18.53,20.23,18.03,20.02,60848.44
2012-12-05,19.81,20.68,18.94,19.98,68269.54
2012-12-06,19.87,19.94,18.98,19.51,56841.13
2012-12-07,19.7,20.29,19.35,19.71,87393.42
2012-12-10,19.1,20.58,18.94,20.36,81225.49
2012-12-11,20.39,21.26,20.35,20.79,53225.55
2012-12-12,20.88,21.06,20.35,20.89,31017.03
2012-12-13,20.88,20.99,20.29,20.36,30254.18
2012-12-14,20.23,21.18,19.2,21.08,86461.71
2012-12-17,20.56,22.36,20.47,21.82,79670.78
2012-12-18,21.76,22.52,21.5,22.31,67743.47
2012-12-19,22.3,23.09,22.19,22.86,46377.78
2012-12-20,22.85,22.85,22.03,22.4,43073.59
2012-12-21,22.41,22.62,21.88,22.18,36820.34
2012-12-24,22.0,22.06,21.06,21.32,58107.13
2012-12-25,21.12,21.98,20.89,21.75,42426.73
2012-12-26,21.62,22.23,21.51,22.01,44420.66
2012-12-27,22.06,23.45,21.65,22.89,92235.36
2012-12-28,22.8,24.12,22.74,23.76,70438.26
2012-12-31,23.76,24.8,23.32,24.5,80940.69
2013-01-04,24.5,24.59,23.24,23.56,105181.66
2013-01-07,23.43,23.47,22.65,22.93,63966.94
2013-01-08,22.85,23.82,22.56,23.76,72201.8
2013-01-09,23.66,25.02,23.55,25.0,106612.98
2013-01-10,24.97,25.53,24.66,24.94,56227.12
2013-01-11,24.97,25.0,24.53,24.66,39126.0
2013-01-14,24.41,25.29,24.03,24.87,67028.38
2013-01-15,24.83,25.35,24.09,24.86,54726.81
2013-01-16,24.57,24.84,24.05,24.19,42859.34
2013-01-17,24.12,24.71,24.06,24.3,30801.82
2013-01-18,24.36,24.56,23.38,24.46,47958.63
2013-01-21,24.46,24.46,23.52,23.59,41715.49
2013-01-22,23.6,23.79,22.58,23.74,64445.87
2013-01-23,23.5,24.1,23.0,24.05,46073.03
2013-01-24,24.02,24.1,23.03,23.35,35355.45
2013-01-25,23.26,23.26,22.03,22.09,65224.43
2013-01-28,22.09,22.09,19.88,20.44,238336.94
2013-01-29,19.96,20.58,19.29,20.2,117171.84
2013-01-30,20.06,21.06,19.95,20.62,112882.51
2013-01-31,20.58,20.58,20.15,20.2,52184.5
2013-02-01,20.2,20.56,20.0,20.08,52234.86
2013-02-04,20.09,20.28,19.3,19.68,72513.99
2013-02-05,19.42,20.59,19.42,20.54,87828.65
2013-02-06,20.7,20.82,20.26,20.3,46337.3
2013-02-07,20.23,20.7,19.83,20.56,68274.38
2013-02-08,20.47,20.89,20.36,20.71,60511.47
2013-02-18,20.78,20.83,20.0,20.09,51050.76
2013-02-19,20.09,20.35,19.89,20.03,44185.65
2013-02-20,20.0,20.69,19.83,20.41,42460.29
2013-02-21,20.29,21.82,20.02,21.06,87976.64
2013-02-22,21.06,23.16,21.06,22.97,127070.68
2013-02-25,22.94,22.97,22.18,22.39,58380.38
2013-02-26,22.41,23.1,21.82,21.93,76254.85
2013-02-27,21.62,22.35,21.59,21.78,27540.27
2013-02-28,21.83,22.03,20.88,21.6,65700.8
2013-03-01,21.46,21.75,21.08,21.53,56191.22
2013-03-04,21.48,22.52,21.39,22.0,91552.37
2013-03-05,21.99,22.76,21.94,22.23,56774.07
2013-03-06,22.23,23.07,22.19,22.9,77958.98
2013-03-07,23.18,25.19,23.18,24.07,155893.7
2013-03-08,23.81,25.35,23.81,23.92,84498.88
2013-03-11,23.92,23.93,23.05,23.18,63407.54
2013-03-12,23.16,23.91,22.85,23.7,52144.5
2013-03-13,23.76,24.87,23.41,24.31,55963.91
2013-03-14,24.3,24.52,23.18,23.26,46811.15
2013-03-15,22.65,23.16,22.13,22.9,54880.31
2013-03-18,22.73,22.73,20.76,21.51,87905.6
2013-03-19,21.53,21.53,20.47,20.63,132932.43
2013-03-20,20.6,21.22,19.99,21.19,107600.95
2013-03-21,21.1,21.12,20.41,20.54,155920.89
2013-03-22,20.47,20.88,20.33,20.59,77438.46
2013-03-25,20.46,20.64,20.18,20.46,54248.26
2013-03-26,20.41,20.68,20.18,20.47,56839.06
2013-03-27,20.41,20.43,18.47,18.95,196301.53
2013-03-28,18.82,18.82,17.66,18.11,157336.25
2013-03-29,18.02,18.18,17.32,17.65,93937.33
2013-04-01,17.58,17.58,16.55,16.56,159028.4
2013-04-02,16.56,17.05,16.55,16.97,88913.55
2013-04-03,16.98,17.05,16.59,16.88,63190.77
2013-04-08,16.58,17.06,16.04,16.89,74634.17
2013-04-09,16.89,17.52,16.89,17.44,107028.85
2013-04-10,17.41,18.69,17.33,18.65,140009.19
2013-04-11,18.5,18.82,18.23,18.59,70651.69
2013-04-12,18.47,19.42,18.16,18.83,95383.3
2013-04-15,18.76,18.76,18.06,18.52,50124.03
2013-04-16,18.0,18.45,17.74,18.18,52980.55
2013-04-17,18.09,18.7,18.09,18.53,48064.8
2013-04-18,18.5,18.5,17.94,18.16,57388.64
2013-04-19,18.06,18.29,17.53,18.05,87542.71
2013-04-22,17.79,17.88,16.47,16.61,244793.48
2013-04-23,16.46,16.76,16.23,16.36,107433.65
2013-04-24,16.38,16.52,15.72,16.26,114932.15
2013-04-25,16.1,16.16,15.78,15.86,65713.51
2013-04-26,15.82,16.15,15.66,15.76,58074.03
2013-05-02,15.61,15.61,14.81,14.93,94423.91
2013-05-03,14.93,15.15,14.83,15.07,80749.2
2013-05-06,15.09,15.7,15.0,15.69,88000.84
2013-05-07,15.65,16.5,15.58,16.4,153896.32
2013-05-08,16.35,16.4,15.91,16.08,95089.62
2013-05-09,16.1,16.65,16.1,16.24,115662.32
2013-05-10,16.24,16.56,16.05,16.08,60211.43
2013-05-13,15.98,16.47,15.98,16.36,72342.13
2013-05-14,16.35,16.35,15.65,15.66,71322.86
2013-05-15,15.68,15.93,15.55,15.62,47887.33
2013-05-16,15.62,15.91,15.18,15.73,70049.36
2013-05-17,15.73,16.07,15.59,16.06,58461.93
2013-05-20,16.15,16.64,16.12,16.54,90373.8
2013-05-21,16.53,16.73,16.25,16.53,73548.85
2013-05-22,16.53,17.37,16.47,17.21,128187.22
2013-05-23,17.18,17.89,17.07,17.36,132958.14
2013-05-24,17.35,17.7,16.97,17.51,80911.31
2013-05-27,17.5,17.51,17.03,17.22,76251.78
2013-05-28,17.23,17.5,16.98,17.45,63921.96
2013-05-29,17.46,17.86,17.29,17.42,64926.05
2013-05-30,17.27,17.27,16.8,16.83,95246.87
2013-05-31,16.77,16.98,16.68,16.7,47809.15
2013-06-03,16.73,16.89,16.35,16.41,77660.69
2013-06-04,16.35,16.42,15.88,16.0,62917.19
2013-06-05,15.94,16.5,15.82,16.46,66972.13
2013-06-06,16.42,16.68,16.12,16.23,53805.64
2013-06-07,16.15,16.43,15.76,15.89,46961.22
2013-06-13,15.65,16.2,15.2,16.12,73448.65
2013-06-14,16.04,16.26,15.95,16.2,39909.71
2013-06-17,16.23,16.35,15.36,15.68,53496.61
2013-06-18,15.53,15.8,15.47,15.74,32069.85
2013-06-19,15.62,16.49,15.5,16.43,73614.44
2013-06-20,16.33,16.7,16.12,16.17,74770.06
2013-06-21,15.99,16.68,15.76,16.58,69233.92
2013-06-24,16.58,16.72,15.85,16.22,76828.19
2013-06-25,15.89,16.73,14.62,16.7,101566.17
2013-06-26,16.68,16.82,16.12,16.45,75752.35
2013-06-27,16.82,16.82,15.26,15.3,96745.37
2013-06-28,15.3,15.64,14.72,14.84,97730.51
2013-07-01,14.84,14.86,14.03,14.26,124539.7
2013-07-02,14.29,14.9,14.06,14.69,124701.85
2013-07-03,14.6,14.6,14.12,14.34,73221.01
2013-07-04,14.28,14.61,14.12,14.43,65480.61
2013-07-05,14.4,14.84,14.33,14.53,73384.26
2013-07-08,14.32,14.43,13.99,14.01,59392.58
2013-07-09,13.86,14.05,13.75,13.8,51266.36
2013-07-10,13.75,14.16,13.64,14.14,62852.92
2013-07-11,14.13,15.23,14.03,14.78,137848.93
2013-07-12,14.76,14.81,14.28,14.31,80694.09
2013-07-15,14.31,14.46,14.11,14.41,61085.67
2013-07-16,14.42,14.95,14.32,14.86,93338.59
2013-07-17,14.73,15.0,14.55,14.64,59485.23
2013-07-18,14.54,14.64,14.24,14.29,44433.32
2013-07-19,14.22,14.29,13.86,13.87,87129.61
2013-07-22,13.66,13.99,13.65,13.73,46785.84
2013-07-23,13.78,14.07,13.73,13.99,59124.85
2013-07-24,13.9,14.06,13.6,13.84,64966.02
2013-07-25,13.82,14.46,13.7,13.97,111671.19
2013-07-26,13.91,13.91,13.57,13.63,76734.49
2013-07-29,13.53,13.57,13.32,13.33,44802.89
2013-07-30,13.35,13.45,13.05,13.17,56268.78
2013-07-31,13.2,13.3,13.11,13.16,36104.59
2013-08-01,13.2,13.43,13.15,13.35,52309.59
2013-08-02,13.42,13.65,13.32,13.37,60188.86
2013-08-05,13.41,13.55,13.32,13.48,53414.25
2013-08-06,13.51,13.81,13.46,13.78,96422.78
2013-08-07,13.69,14.15,13.6,14.05,100018.35
2013-08-08,13.95,14.11,13.77,13.86,45579.38
2013-08-09,13.86,13.96,13.51,13.65,60401.25
2013-08-12,13.65,14.2,13.55,14.17,114216.01
2013-08-13,14.17,14.58,14.12,14.28,92492.92
2013-08-14,14.29,14.57,14.06,14.21,73450.14
2013-08-15,14.24,14.51,14.14,14.19,76404.07
2013-08-16,14.05,14.6,13.93,14.08,68913.06
2013-08-19,13.88,14.24,13.88,14.23,31650.14
2013-08-20,14.01,14.11,13.63,13.69,117956.49
2013-08-21,13.67,13.78,13.63,13.75,45218.48
2013-08-22,13.69,13.76,13.49,13.5,58127.52
2013-08-23,13.52,13.62,13.27,13.43,39751.91
2013-08-26,13.45,13.71,13.36,13.7,37880.03
2013-08-27,13.69,13.94,13.46,13.91,90365.25
2013-08-28,13.72,13.81,13.55,13.57,64016.44
2013-08-29,13.63,13.86,13.54,13.77,60393.27
2013-08-30,13.69,13.72,13.45,13.55,43675.75
2013-09-02,13.43,13.43,12.39,12.4,167592.68
2013-09-03,12.45,12.65,12.27,12.59,101816.13
2013-09-04,12.48,12.57,12.37,12.49,67067.16
2013-09-05,12.5,12.5,12.26,12.37,54416.54
2013-09-06,12.41,12.97,12.34,12.46,59459.64
2013-09-09,12.48,12.59,12.41,12.56,79179.71
2013-09-10,12.54,12.62,12.45,12.59,61084.73
2013-09-11,12.6,12.94,12.51,12.92,124290.59
2013-09-12,12.89,13.02,12.8,12.85,59587.94
2013-09-13,12.79,13.37,12.79,13.14,131864.36
2013-09-16,13.14,13.17,12.85,12.86,64807.35
2013-09-17,12.86,12.86,12.1,12.16,132314.98
2013-09-18,12.15,12.28,11.93,12.06,108859.85
2013-09-23,12.03,12.04,11.89,12.0,88326.58
2013-09-24,12.13,12.16,11.62,11.76,130729.5
2013-09-25,11.71,11.72,11.51,11.57,104596.49
2013-09-26,11.51,11.65,11.4,11.48,80510.47
2013-09-27,11.46,11.52,11.05,11.12,108963.07
2013-09-30,11.1,11.19,10.84,11.08,73883.58
2013-10-08,11.0,11.14,10.85,11.09,74497.39
2013-10-09,11.05,11.2,11.02,11.12,60951.48
2013-10-10,11.11,11.12,10.82,10.83,73341.36
2013-10-11,10.84,10.96,10.75,10.9,92443.93
2013-10-14,10.91,11.26,10.85,11.16,166030.73
2013-10-15,11.11,11.3,11.0,11.2,106426.72
2013-10-16,11.23,11.36,11.09,11.17,130917.05
2013-10-17,11.2,11.22,10.98,11.05,76184.39
2013-10-18,11.06,11.11,10.89,10.94,54360.2
2013-10-21,10.94,11.16,10.94,11.14,59343.04
2013-10-22,11.14,11.34,11.05,11.21,86246.99
2013-10-23,11.19,11.31,11.11,11.14,63407.74
2013-10-24,11.14,11.14,10.93,10.94,41530.7
2013-10-25,10.94,10.99,10.41,10.47,91343.28
2013-10-28,10.35,10.35,9.98,10.27,86709.33
2013-10-29,10.17,10.29,9.98,10.14,52089.67
2013-10-30,10.12,10.17,10.01,10.13,44538.99
2013-10-31,10.17,10.74,10.11,10.52,115157.55
2013-11-01,10.34,10.47,10.27,10.36,47551.66
2013-11-04,10.36,10.51,10.3,10.43,35439.27
2013-11-05,10.39,10.54,10.25,10.5,39383.43
2013-11-06,10.5,11.26,10.41,10.9,149088.48
2013-11-07,10.84,11.16,10.77,11.02,74047.63
2013-11-08,10.91,11.1,10.72,10.78,46627.29
2013-11-11,10.71,11.25,10.67,11.19,94501.1
2013-11-12,11.14,12.22,11.1,11.95,241573.85
2013-11-13,11.81,12.51,11.71,11.92,205700.3
2013-11-14,11.93,11.98,11.51,11.72,98185.09
2013-11-15,11.71,11.84,11.57,11.65,108777.61
2013-11-18,11.62,11.77,11.4,11.76,93677.22
2013-11-19,11.75,12.25,11.68,11.89,126970.3
2013-11-20,11.9,12.09,11.73,11.91,67901.06
2013-11-21,11.86,11.86,11.39,11.46,81890.04
2013-11-22,11.46,11.52,11.3,11.4,47768.37
2013-11-25,11.39,11.76,11.38,11.6,66013.96
2013-11-26,11.62,11.65,11.39,11.54,39803.0
2013-11-27,11.51,11.59,11.36,11.57,39646.97
2013-11-28,11.57,11.93,11.53,11.78,79232.22
2013-11-29,11.77,11.79,11.59,11.67,41712.9
2013-12-02,11.54,11.56,11.11,11.12,64564.17
2013-12-03,11.11,11.53,11.06,11.3,59988.87
2013-12-04,11.23,11.54,11.14,11.44,68256.49
2013-12-05,11.43,11.54,11.33,11.37,48877.12
2013-12-06,11.35,11.73,11.27,11.73,103375.95
2013-12-09,11.72,12.42,11.55,12.07,139866.28
2013-12-10,11.99,12.26,11.94,12.14,84098.55
2013-12-11,12.11,12.51,11.97,12.32,118161.74
2013-12-12,12.23,12.45,12.04,12.09,65656.3
2013-12-13,11.99,12.26,11.93,11.95,52909.86
2013-12-16,11.91,11.96,11.4,11.48,74696.95
2013-12-17,11.49,11.63,11.38,11.45,53130.55
2013-12-18,11.43,11.48,11.16,11.2,51052.07
2013-12-19,11.27,11.41,11.14,11.26,37002.84
2013-12-20,11.3,11.31,10.76,10.87,68431.76
2013-12-23,10.9,10.93,10.48,10.77,41495.39
2013-12-24,10.76,11.13,10.76,10.91,41489.65
2013-12-25,10.99,11.1,10.91,11.0,15730.24
2013-12-26,10.97,11.03,10.46,10.65,40091.88
2013-12-27,10.66,11.19,10.54,11.05,50016.46
2013-12-30,11.06,11.17,10.9,10.98,59335.48
2013-12-31,10.9,11.86,10.81,11.69,143578.1
2014-01-02,11.51,11.77,11.36,11.67,72042.72
2014-01-03,11.51,11.65,11.39,11.57,41961.14
2014-01-06,11.45,11.55,11.03,11.04,35507.01
2014-01-07,10.99,11.26,10.9,11.17,39686.31
2014-01-08,11.14,11.2,10.72,10.77,40943.57
2014-01-09,10.78,11.3,10.58,10.68,64920.27
2014-01-10,10.66,10.88,10.55,10.77,26732.64
2014-01-13,10.84,11.1,10.75,10.94,44026.02
2014-01-14,10.93,11.14,10.82,11.07,29924.36
2014-01-15,11.07,11.14,10.9,11.02,40857.14
2014-01-16,10.94,11.3,10.94,11.08,47473.64
2014-01-17,11.03,11.05,10.59,10.64,63920.34
2014-01-20,10.53,11.2,10.5,11.17,87797.15
2014-01-21,11.12,11.22,11.02,11.1,23151.18
2014-01-22,11.01,11.54,10.99,11.39,78943.97
2014-01-23,11.2,11.32,10.91,11.16,84387.82
2014-01-24,11.03,11.22,10.97,11.0,74997.48
2014-01-27,10.97,11.17,10.83,10.97,69850.45
2014-01-28,10.99,11.14,10.91,11.0,41010.3
2014-01-29,11.0,11.05,10.56,10.64,75420.77
2014-01-30,10.62,10.62,9.85,9.87,122091.55
2014-02-07,9.82,9.92,9.7,9.85,37497.66
2014-02-10,9.87,10.02,9.82,10.0,71880.06
2014-02-11,9.97,10.26,9.91,10.14,76572.87
2014-02-12,10.14,10.14,9.99,10.08,46258.14
2014-02-13,10.07,10.28,10.02,10.11,58024.72
2014-02-14,10.09,10.53,10.09,10.49,94780.72
2014-02-17,10.48,10.96,10.45,10.83,106860.32
2014-02-18,10.82,10.87,10.48,10.52,61928.64
2014-02-19,10.51,10.88,10.51,10.65,66460.43
2014-02-20,10.62,10.7,10.33,10.36,41382.93
2014-02-21,10.37,10.49,10.11,10.27,46304.08
2014-02-24,10.17,10.18,9.93,10.13,36278.68
2014-02-25,10.07,10.14,9.71,9.72,59714.58
2014-02-26,9.72,9.94,9.69,9.82,31843.32
2014-02-27,9.83,9.89,9.71,9.73,26967.21
2014-02-28,9.7,9.88,9.61,9.85,29065.13
2014-03-03,9.85,9.93,9.74,9.9,24824.08
2014-03-04,9.84,9.99,9.75,9.81,33119.84
2014-03-05,9.81,10.2,9.69,10.1,67156.37
2014-03-06,10.0,10.14,9.89,10.05,39271.06
2014-03-07,10.05,10.17,9.94,10.02,59505.93
2014-03-10,9.93,9.96,9.41,9.44,62716.18
2014-03-11,9.39,9.86,9.27,9.67,84404.1
2014-03-12,9.66,9.84,9.52,9.6,57442.16
2014-03-13,9.63,10.56,9.63,10.56,189076.51
2014-03-14,10.85,10.97,10.54,10.9,322807.94
2014-03-17,10.77,11.0,10.69,10.97,168923.62
2014-03-18,10.99,11.43,10.77,10.8,292040.88
2014-03-19,10.71,10.88,10.6,10.74,147610.11
2014-03-20,10.73,10.9,10.31,10.33,120307.64
2014-03-21,10.3,10.68,10.13,10.53,147518.5
2014-03-24,10.51,10.79,10.42,10.64,152439.63
2014-03-25,10.28,10.28,9.63,9.82,255969.41
2014-03-26,9.81,9.85,9.67,9.75,135333.16
2014-03-27,9.71,9.87,9.63,9.67,93155.09
2014-03-28,9.65,9.74,9.27,9.34,126654.07
2014-03-31,9.27,9.41,9.27,9.32,69607.7
2014-04-01,9.33,9.5,9.31,9.43,71668.46
2014-04-02,9.44,9.67,9.39,9.51,99130.67
2014-04-03,9.53,9.55,9.34,9.39,64703.23
2014-04-04,9.35,9.45,9.31,9.44,42183.31
2014-04-08,9.39,9.62,9.37,9.62,87191.85
2014-04-09,9.61,9.87,9.53,9.68,117135.29
2014-04-10,9.61,9.73,9.51,9.64,83397.0
2014-04-11,9.61,9.85,9.6,9.73,113996.35
2014-04-14,9.66,9.81,9.56,9.75,65509.33
2014-04-15,9.68,9.71,9.44,9.47,74918.8
2014-04-16,9.47,9.59,9.42,9.51,47788.14
2014-04-17,9.51,9.59,9.49,9.52,36435.73
2014-04-18,9.53,9.65,9.45,9.56,40388.24
2014-04-21,9.5,9.57,9.28,9.31,61365.36
2014-04-22,9.31,9.41,9.23,9.36,47756.08
2014-04-23,9.36,9.6,9.33,9.55,74309.45
2014-04-24,9.47,9.59,9.45,9.52,43488.51
2014-04-25,9.45,9.49,9.21,9.21,85154.45
2014-04-28,9.04,9.07,8.82,8.88,57183.76
2014-04-29,8.86,8.97,8.79,8.92,23792.86
2014-04-30,8.93,8.95,8.79,8.86,34722.88
2014-05-05,8.81,8.84,8.69,8.79,46963.78
2014-05-06,8.78,8.84,8.72,8.78,33303.4
2014-05-07,8.78,8.84,8.65,8.68,33136.53
2014-05-08,8.69,8.82,8.67,8.7,26733.8
2014-05-09,8.73,8.89,8.66,8.73,30544.56
2014-05-12,8.79,9.08,8.75,8.98,67573.92
2014-05-13,8.98,9.18,8.92,9.05,67639.94
2014-05-14,9.06,9.06,8.84,8.88,35064.75
2014-05-15,8.88,8.96,8.76,8.76,29062.75
2014-05-16,8.77,8.81,8.72,8.75,16009.8
2014-05-19,8.68,8.69,8.44,8.47,55657.86
2014-05-20,8.53,8.54,8.24,8.34,52154.1
2014-05-21,8.28,8.45,8.27,8.42,31161.95
2014-05-22,8.41,8.53,8.35,8.35,32647.12
2014-05-23,8.35,8.42,8.31,8.41,23758.06
2014-05-26,8.47,8.52,8.4,8.49,29757.43
2014-05-27,8.48,8.5,8.36,8.39,28250.25
2014-05-28,8.39,8.59,8.35,8.49,49662.0
2014-05-29,8.48,8.53,8.36,8.36,33802.06
2014-05-30,8.35,8.45,8.33,8.38,24596.26
2014-06-03,8.38,8.47,8.36,8.39,20401.35
2014-06-04,8.39,8.41,8.14,8.18,37184.77
2014-06-05,8.18,8.3,8.12,8.29,23703.38
2014-06-06,8.29,8.32,8.17,8.2,24290.33
2014-06-09,8.21,8.26,8.1,8.12,47906.5
2014-06-10,8.12,8.16,8.04,8.13,49452.52
2014-06-11,8.12,8.28,8.09,8.27,52164.63
2014-06-12,8.24,8.3,8.19,8.22,39950.03
2014-06-13,8.24,8.29,8.18,8.29,43605.56
2014-06-16,8.33,8.36,8.28,8.33,47007.07
2014-06-17,8.33,8.33,8.1,8.13,52286.04
2014-06-18,8.16,8.17,8.07,8.11,32040.63
2014-06-19,8.1,8.1,7.81,7.82,65323.84
2014-06-20,7.82,7.89,7.77,7.84,32996.42
2014-06-23,7.87,7.94,7.83,7.89,25296.41
2014-06-24,7.87,8.25,7.85,8.19,89508.43
2014-06-25,8.08,8.24,8.07,8.1,52126.53
2014-06-26,8.11,8.22,8.08,8.13,30457.07
2014-06-27,8.13,8.36,8.1,8.32,82545.88
2014-06-30,8.38,8.41,8.25,8.25,49656.85
2014-07-01,8.27,8.3,8.18,8.21,40933.25
2014-07-02,8.2,8.31,8.14,8.31,65060.83
2014-07-03,8.29,8.3,8.22,8.25,59492.01
2014-07-04,8.25,8.29,8.13,8.17,42397.78
2014-07-07,8.13,8.18,8.04,8.12,51043.18
2014-07-08,8.09,8.22,8.09,8.14,29602.26
2014-07-09,8.11,8.22,8.0,8.02,53530.69
2014-07-10,7.99,8.13,7.98,8.02,44508.4
2014-07-11,8.04,8.14,7.95,8.08,47938.87
2014-07-14,8.09,8.89,8.05,8.89,353293.22
2014-07-15,8.8,9.59,8.76,9.28,417750.86
2014-07-16,9.2,9.45,9.02,9.33,184350.83
2014-07-17,9.23,9.38,9.04,9.12,102437.61
2014-07-18,9.07,9.92,9.04,9.63,267184.72
2014-07-21,9.54,10.14,9.45,9.68,172940.42
2014-07-22,9.57,10.01,9.45,9.78,138371.8
2014-07-23,9.61,9.8,9.49,9.56,94675.85
2014-07-24,9.57,9.69,9.32,9.62,109397.49
2014-07-25,9.54,10.12,9.48,10.02,155078.89
2014-07-28,10.0,10.48,10.0,10.28,146839.82
2014-07-29,10.22,10.3,10.06,10.24,72075.86
2014-07-30,10.1,10.29,9.85,9.91,114671.14
2014-07-31,9.87,10.13,9.86,10.07,54990.82
2014-08-01,10.06,10.14,9.82,9.87,64685.56
2014-08-04,9.87,9.98,9.73,9.94,73023.66
2014-08-05,9.96,10.1,9.87,10.03,86358.85
2014-08-06,10.01,10.04,9.85,9.87,62054.75
2014-08-07,9.9,9.94,9.71,9.71,72607.1
2014-08-08,9.69,9.83,9.66,9.78,40818.85
2014-08-11,9.85,9.92,9.78,9.91,59632.35
2014-08-12,9.91,10.08,9.82,9.92,86581.49
2014-08-13,9.9,10.28,9.86,10.21,151817.17
2014-08-14,10.19,10.41,9.92,9.94,117665.22
2014-08-15,9.92,10.38,9.82,10.26,144355.96
2014-08-18,10.2,10.35,10.18,10.25,61371.3
2014-08-19,10.25,10.26,9.98,10.14,71663.08
2014-08-20,10.12,10.32,10.01,10.24,101715.49
2014-08-21,10.16,10.22,9.9,10.06,73936.28
2014-08-22,10.04,10.16,9.97,10.06,50223.43
2014-08-25,10.06,10.06,9.73,9.74,86034.62
2014-08-26,9.71,9.78,9.54,9.6,50659.17
2014-08-27,9.52,9.65,9.52,9.58,32888.36
2014-08-28,9.54,9.68,9.45,9.63,32036.4
2014-08-29,9.61,9.97,9.61,9.83,59483.84
2014-09-01,9.81,10.09,9.76,10.07,67218.65
2014-09-02,10.09,10.66,9.97,10.55,207307.68
2014-09-03,10.53,11.16,10.45,10.72,148047.4
2014-09-04,10.76,10.81,10.5,10.71,64210.76
2014-09-05,10.71,10.81,10.58,10.62,74837.01
2014-09-09,10.62,10.63,10.38,10.49,67126.98
2014-09-10,10.44,10.74,10.38,10.7,81165.83
2014-09-11,10.7,10.81,10.54,10.62,70758.88
2014-09-12,10.51,10.6,10.4,10.52,82536.53
2014-09-15,10.47,10.5,10.26,10.45,74051.0
2014-09-16,10.45,10.49,9.94,9.96,96481.02
2014-09-17,9.97,10.06,9.91,10.05,45198.53
2014-09-18,10.0,10.07,9.88,10.04,75977.88
2014-09-19,10.04,10.23,9.99,10.22,66683.53
2014-09-22,10.22,10.23,9.98,10.01,40561.67
2014-09-23,10.0,10.19,9.97,10.12,33621.54
2014-09-24,10.07,10.42,10.07,10.4,52398.66
2014-09-25,10.39,10.72,10.39,10.55,103641.93
2014-09-26,10.55,10.62,10.43,10.52,45031.77
2014-09-29,10.53,10.63,10.33,10.42,85918.44
2014-09-30,10.43,10.44,10.29,10.32,79660.73
2014-10-08,10.32,10.35,10.1,10.29,67574.77
2014-10-09,10.27,10.34,10.2,10.32,90634.6
2014-10-10,10.27,10.32,10.13,10.16,59112.68
2014-10-13,10.12,10.24,9.99,10.21,57602.34
2014-10-14,10.2,10.27,10.04,10.07,61618.43
2014-10-15,10.07,10.15,9.97,10.15,60541.16
2014-10-16,10.09,10.47,10.01,10.32,109022.91
2014-10-17,10.32,10.79,10.25,10.71,215747.27
2014-10-20,10.75,10.76,10.47,10.53,99134.87
2014-10-21,10.53,10.75,10.44,10.47,79604.81
2014-10-22,10.47,10.55,10.27,10.47,78228.3
2014-10-23,10.42,10.43,9.97,9.98,75062.0
2014-10-24,9.99,10.13,9.66,9.71,62743.94
2014-10-27,9.57,10.09,9.42,10.06,87570.49
2014-10-28,10.06,10.2,9.97,10.17,49932.58
2014-10-29,10.24,10.33,10.13,10.29,56602.03
2014-10-30,10.27,10.43,10.19,10.31,52168.93
2014-10-31,10.3,10.67,10.15,10.52,90351.25
2014-11-03,10.52,10.55,10.39,10.46,65348.58
2014-11-04,10.44,10.5,10.27,10.36,50253.28
2014-11-05,10.36,10.63,10.32,10.5,80264.59
2014-11-06,10.54,10.71,10.5,10.56,88807.98
2014-11-07,10.58,10.66,10.13,10.22,85989.46
2014-11-10,10.27,11.25,10.27,11.25,306008.48
2014-11-11,11.43,12.18,11.43,11.8,427248.8
2014-11-12,11.89,11.96,11.54,11.93,202204.87
2014-11-13,11.83,12.01,11.63,11.74,176523.43
2014-11-14,11.75,12.17,11.65,12.13,256978.47
2014-11-17,12.43,12.61,11.56,11.62,212375.83
2014-11-18,11.47,11.57,11.29,11.47,129500.01
2014-11-19,11.37,11.52,11.28,11.37,77897.39
2014-11-20,11.29,11.55,11.15,11.53,96849.82
2014-11-21,11.4,11.55,11.34,11.43,78452.05
2014-11-24,11.51,11.8,11.29,11.76,146438.18
2014-11-25,11.7,11.92,11.62,11.83,114668.89
2014-11-26,11.75,12.21,11.68,12.09,181895.44
2014-11-27,12.08,12.24,11.84,11.97,149659.74
2014-11-28,11.95,12.11,11.48,11.81,121625.24
2014-12-01,11.73,12.99,11.73,12.99,327383.74
2014-12-02,13.24,13.36,12.62,13.03,322456.2
2014-12-03,12.74,13.98,12.68,13.45,331367.89
2014-12-04,13.42,14.06,13.42,13.85,229118.41
2014-12-05,13.85,14.04,12.56,13.53,251086.19
2014-12-08,13.11,13.76,13.05,13.59,165744.93
2014-12-09,13.29,14.26,13.14,13.22,269177.46
2014-12-10,13.18,13.73,13.18,13.61,117190.92
2014-12-11,13.61,14.01,13.43,13.63,104054.08
2014-12-12,13.66,14.2,13.6,14.01,165913.52
2014-12-15,13.92,14.26,13.68,14.11,146334.11
2014-12-16,13.83,13.98,13.47,13.67,140967.78
2014-12-17,13.6,13.6,13.09,13.26,110215.21
2014-12-18,13.26,13.57,13.26,13.37,65018.06
2014-12-19,13.3,14.29,13.3,13.98,165098.19
2014-12-22,13.77,13.84,12.88,13.62,144270.23
2014-12-23,13.33,14.29,13.31,13.96,203623.55
2014-12-24,13.82,14.72,13.82,14.29,275196.65
2014-12-25,14.33,14.67,14.05,14.65,139100.59
2014-12-26,14.6,14.62,14.24,14.44,123039.15
2014-12-29,14.22,14.91,13.8,14.72,170470.97
2014-12-30,14.6,14.73,14.24,14.26,101215.47
2014-12-31,14.24,14.41,14.03,14.23,90946.15
2015-01-05,14.23,15.61,13.9,15.51,225899.3
2015-01-06,14.95,15.93,14.95,15.74,159845.32
2015-01-07,15.56,15.94,15.1,15.31,97506.12
2015-01-08,15.29,15.85,15.11,15.44,74575.12
2015-01-09,15.16,15.72,14.91,15.01,82308.16
2015-01-12,14.9,15.04,14.44,14.78,68513.25
2015-01-13,14.72,14.88,14.45,14.5,57139.15
2015-01-14,14.62,14.65,13.75,13.82,79774.2
2015-01-15,13.82,14.11,13.47,13.97,66797.11
2015-01-16,14.03,14.23,13.87,14.08,57638.62
2015-01-19,13.61,14.09,12.67,12.7,128558.26
2015-01-20,12.8,13.26,12.8,13.13,68227.67
2015-01-21,13.29,13.58,13.14,13.58,56635.06
2015-01-22,13.59,13.85,13.47,13.6,65725.53
2015-01-23,13.49,13.77,13.26,13.31,84006.57
2015-01-26,13.32,13.8,13.3,13.73,74339.29
2015-01-27,13.8,13.8,13.31,13.6,86550.26
2015-01-28,13.54,13.61,13.36,13.4,59804.58
2015-01-29,13.3,13.58,13.22,13.33,49107.4
2015-01-30,13.29,13.59,13.29,13.37,78442.62
2015-02-02,13.14,13.26,12.27,12.4,146894.31
2015-02-03,12.43,12.55,12.18,12.45,92846.68
2015-02-04,12.44,12.7,12.34,12.48,73792.38
2015-02-05,12.51,12.78,12.26,12.28,68431.36
2015-02-06,12.3,12.3,11.85,11.91,63265.04
2015-02-09,11.88,12.42,11.88,12.39,104535.57
2015-02-10,12.31,12.73,12.3,12.41,77763.59
2015-02-11,12.4,12.55,12.24,12.51,50036.66
2015-02-12,12.44,12.55,12.24,12.39,58068.39
2015-02-13,12.46,12.56,12.38,12.44,95522.32
2015-02-16,12.5,12.61,12.44,12.59,58759.17
2015-02-17,12.6,12.64,12.47,12.49,48797.41
2015-02-25,12.49,12.57,12.21,12.25,58802.65
2015-02-26,12.26,12.55,12.24,12.55,71218.63
2015-02-27,12.55,12.81,12.52,12.65,90831.85
2015-03-02,12.65,12.73,12.4,12.64,98677.24
2015-03-03,12.55,12.6,12.39,12.39,78674.53
2015-03-04,12.37,12.67,12.33,12.61,92695.78
2015-03-05,12.58,12.86,12.49,12.74,110154.25
2015-03-06,12.77,12.78,12.53,12.63,74608.58
2015-03-09,12.6,12.62,12.29,12.55,74803.19
2015-03-10,12.55,12.72,12.49,12.58,75252.51
2015-03-11,12.59,12.93,12.59,12.65,96109.63
2015-03-12,12.66,12.89,12.47,12.76,127164.57
2015-03-13,12.76,13.0,12.67,12.99,152536.72
2015-03-16,13.14,13.21,12.93,13.13,144105.01
2015-03-17,13.13,13.61,13.05,13.35,186973.26
2015-03-18,13.35,13.6,13.24,13.59,134922.18
2015-03-19,13.57,13.57,13.24,13.41,146026.38
2015-03-20,13.39,13.52,13.26,13.51,147635.59
2015-03-23,13.52,13.83,13.52,13.75,157597.74
2015-03-24,13.75,13.77,13.05,13.57,188398.16
2015-03-25,13.45,13.59,13.33,13.4,115122.59
2015-03-26,13.4,14.01,13.39,13.91,241998.0
2015-03-27,13.89,14.06,13.72,13.93,154032.57
2015-03-30,13.92,14.22,13.75,14.08,199327.87
2015-03-31,14.02,14.02,13.7,13.77,228630.3
2015-04-01,13.74,13.86,13.72,13.82,136118.13
2015-04-02,13.86,13.93,13.7,13.78,168862.56
2015-04-03,13.7,13.78,13.6,13.77,201530.04
2015-04-07,13.77,14.29,13.77,14.27,295507.87
2015-04-08,14.29,14.65,14.18,14.47,307994.85
2015-04-09,14.5,14.77,14.05,14.5,232601.57
2015-04-10,14.5,14.91,14.41,14.87,244895.53
2015-04-13,15.23,15.26,14.73,14.96,236149.9
2015-04-14,15.02,15.29,14.84,14.94,200467.53
2015-04-15,14.91,14.91,14.27,14.28,153804.6
2015-04-16,14.04,15.54,13.94,15.05,268307.93
2015-04-17,15.05,15.25,14.7,14.82,225490.49
2015-04-20,14.67,15.0,14.37,14.38,241203.32
2015-04-21,14.39,15.01,14.39,15.0,281056.98
2015-04-22,15.22,15.33,14.91,15.28,337584.51
2015-04-23,15.27,15.41,14.96,15.31,266765.95
2015-04-24,15.1,15.7,15.01,15.51,319567.23
2015-04-27,15.56,15.9,15.27,15.38,252938.6
2015-04-28,15.11,15.27,14.6,14.71,244319.72
2015-04-29,14.57,14.92,14.57,14.79,124268.5
2015-04-30,14.8,14.91,14.41,14.44,159827.13
2015-05-04,14.39,14.73,14.29,14.49,104082.67
2015-05-05,14.48,14.49,13.67,13.83,145129.2
2015-05-06,13.98,14.02,13.59,13.67,114480.89
2015-05-07,13.67,13.83,13.55,13.68,134070.09
2015-05-08,13.8,13.98,13.69,13.98,122644.57
2015-05-11,14.04,14.22,13.9,14.19,165292.99
2015-05-12,14.14,14.24,13.95,14.13,128334.51
2015-05-13,14.04,14.26,13.96,14.06,125030.0
2015-05-14,14.06,14.17,13.83,13.93,96909.66
2015-05-15,13.95,14.11,13.67,13.74,108288.8
2015-05-18,13.67,13.67,13.46,13.47,99383.47
2015-05-19,13.47,13.9,13.46,13.87,110897.78
2015-05-20,13.91,14.09,13.79,13.95,129820.82
2015-05-21,13.96,14.19,13.86,14.16,130876.77
2015-05-22,14.29,14.44,14.12,14.43,220369.0
2015-05-25,14.48,14.84,14.45,14.82,248166.75
2015-05-26,14.91,15.16,14.62,15.13,307101.75
2015-05-27,15.07,15.54,14.85,15.23,295017.57
2015-05-28,15.23,15.64,14.33,14.4,319440.11
2015-05-29,14.42,14.6,13.79,14.28,174543.41
2015-06-01,14.36,15.03,14.08,15.02,241437.64
2015-06-02,15.1,15.27,14.79,15.17,236541.19
2015-06-03,15.26,15.34,14.85,14.95,209366.4
2015-06-04,14.97,15.62,14.3,15.59,273633.1
2015-06-05,15.77,16.28,15.6,16.13,402757.88
2015-06-08,16.28,16.47,15.87,16.34,368171.43
2015-06-09,16.38,16.38,15.82,16.01,255445.05
2015-06-10,16.03,17.59,15.85,17.33,443748.17
2015-06-11,17.03,17.48,16.79,17.39,245721.0
2015-06-12,17.41,18.45,17.4,17.48,308391.78
2015-06-15,17.68,18.2,17.22,17.38,263660.86
2015-06-16,17.09,17.52,16.51,16.8,192371.8
2015-06-17,16.79,16.96,15.85,16.8,190353.19
2015-06-18,16.79,17.31,16.15,16.34,176710.77
2015-06-19,16.01,16.5,14.77,15.11,187037.6
2015-06-23,15.1,16.16,14.72,16.12,198405.85
2015-06-24,16.17,17.2,16.05,17.16,309724.72
2015-06-25,16.93,17.53,16.16,16.55,320901.83
2015-06-26,16.11,17.11,14.99,15.57,324678.57
2015-06-29,16.2,16.9,14.98,16.57,402983.23
2015-06-30,16.41,17.59,15.23,17.55,436754.77
2015-07-01,17.03,18.32,16.53,16.66,438115.9
2015-07-02,16.35,16.97,15.0,15.0,331494.04
2015-07-03,13.78,14.72,13.5,13.5,216067.54
2015-07-06,14.29,14.6,12.15,12.15,313495.39
2015-07-07,11.26,11.31,10.94,10.94,232965.42
2015-07-08,9.84,9.84,9.84,9.84,65287.0
2015-07-09,8.86,10.83,8.86,10.83,362739.1
2015-07-10,11.17,11.91,10.88,11.91,214352.68
2015-07-13,12.43,13.06,11.81,13.05,348320.63
2015-07-14,12.52,13.29,12.06,12.12,274699.99
2015-07-15,11.8,11.99,10.91,10.95,197341.21
2015-07-16,10.95,11.6,10.4,11.27,138707.16
2015-07-17,11.31,12.11,11.3,11.88,119464.32
2015-07-20,11.97,12.32,11.7,11.98,153485.48
2015-07-21,11.97,12.3,11.72,12.2,139135.3
2015-07-22,12.12,12.49,11.93,12.25,154688.75
2015-07-23,12.25,12.55,12.01,12.52,143250.89
2015-07-24,12.52,12.79,12.1,12.16,159977.94
2015-07-27,11.81,12.06,10.94,10.94,163094.38
2015-07-28,10.62,11.25,10.09,11.09,164489.99
2015-07-29,11.14,11.84,11.12,11.75,117638.15
2015-07-30,11.63,12.05,11.09,11.17,100874.06
2015-07-31,11.06,11.55,10.97,11.5,97388.98
2015-08-03,11.3,11.97,11.19,11.96,109192.58
2015-08-04,11.96,12.46,11.86,12.4,116830.37
2015-08-05,12.24,12.4,12.0,12.05,103781.1
2015-08-06,11.81,12.16,11.69,11.84,56430.25
2015-08-07,11.93,12.38,11.91,12.22,104070.21
2015-08-10,12.37,12.73,12.15,12.65,138934.92
2015-08-11,12.49,12.86,12.45,12.67,123270.02
2015-08-12,12.52,12.68,12.25,12.28,83864.72
2015-08-13,12.29,12.43,11.99,12.42,81572.73
2015-08-14,12.57,12.83,12.42,12.54,102338.93
2015-08-17,12.55,12.62,12.25,12.59,86904.16
2015-08-18,12.66,12.86,11.33,11.39,164567.31
2015-08-19,11.14,11.76,10.81,11.66,112263.14
2015-08-20,11.54,11.75,11.28,11.3,71703.12
2015-08-21,11.12,11.27,10.61,10.7,80441.5
2015-08-24,10.26,10.5,9.63,9.63,112148.54
2015-08-25,8.93,9.61,8.67,8.67,160070.98
2015-08-26,8.7,9.29,8.46,8.74,117035.17
2015-08-27,9.04,9.23,8.7,9.22,110589.08
2015-08-28,9.32,9.85,9.2,9.72,110817.16
2015-08-31,9.64,9.78,9.3,9.76,105560.96
2015-09-01,9.58,9.68,9.08,9.66,132655.03
2015-09-02,9.32,10.07,9.21,9.92,136276.82
2015-09-07,9.68,10.22,9.64,9.79,58693.78
2015-09-08,9.79,10.1,9.45,10.0,49509.74
2015-09-09,10.0,10.74,9.95,10.45,89064.39
2015-09-10,10.23,10.35,10.0,10.04,57729.08
2015-09-11,10.04,10.16,9.95,10.09,29261.37
2015-09-14,10.13,10.17,9.21,9.33,49313.64
2015-09-15,8.9,9.4,8.76,8.88,45269.06
2015-09-16,8.97,9.76,8.94,9.65,54991.78
2015-09-17,9.58,9.71,9.32,9.35,53710.54
2015-09-18,9.42,9.52,9.3,9.42,28141.49
2015-09-21,9.32,9.72,9.28,9.71,48746.68
2015-09-22,9.8,9.87,9.63,9.76,53320.81
2015-09-23,9.65,9.68,9.32,9.42,56394.8
2015-09-24,9.5,9.58,9.39,9.51,32720.62
2015-09-25,9.51,9.6,9.21,9.3,31828.79
2015-09-28,9.32,9.51,9.22,9.45,32062.85
2015-09-29,9.32,9.57,9.28,9.38,43121.99
2015-09-30,9.38,9.58,9.31,9.48,33697.13
2015-10-08,9.79,9.86,9.63,9.68,46520.57
2015-10-09,9.68,9.79,9.61,9.75,44073.87
2015-10-12,9.8,10.21,9.74,10.12,88324.21
2015-10-13,10.07,10.23,10.01,10.15,57649.84
2015-10-14,10.08,10.2,9.99,10.02,54525.4
2015-10-15,10.04,10.21,9.97,10.2,45701.29
2015-10-16,10.29,10.46,10.19,10.29,96422.15
2015-10-19,10.29,10.35,9.96,10.07,93473.47
2015-10-20,10.05,10.49,10.04,10.45,127272.57
2015-10-21,10.42,10.45,9.91,10.07,96684.59
2015-10-22,10.17,10.34,9.98,10.33,83814.73
2015-10-23,10.33,11.31,10.33,11.04,213584.76
2015-10-26,10.93,11.25,10.75,11.2,164083.66
2015-10-27,11.04,11.11,10.7,11.0,90587.4
2015-10-28,10.97,11.17,10.69,10.7,64882.27
2015-10-29,10.78,11.0,10.65,10.89,59526.19
2015-10-30,10.93,11.14,10.72,10.84,58355.72
2015-11-02,10.75,11.22,10.7,11.01,68198.81
2015-11-03,10.97,11.11,10.88,11.0,41162.22
2015-11-04,11.04,11.41,11.0,11.35,114391.36
2015-11-05,11.34,11.53,11.16,11.3,123166.49
2015-11-06,11.25,11.41,11.2,11.36,75788.61
2015-11-09,11.19,11.48,11.19,11.37,91103.51
2015-11-10,11.27,11.41,11.19,11.26,71377.19
2015-11-11,11.3,11.4,11.19,11.32,71730.8
2015-11-12,11.32,11.37,11.12,11.21,54217.51
2015-11-13,11.11,11.13,10.88,10.93,56578.62
2015-11-16,10.77,11.04,10.71,11.03,36360.03
2015-11-17,11.04,11.25,10.97,11.01,53096.62
2015-11-18,11.12,11.13,10.82,10.86,26056.55
2015-11-19,10.97,11.04,10.88,11.04,23016.96
2015-11-20,11.03,11.16,10.99,11.1,38506.03
2015-11-23,11.1,11.47,11.07,11.2,73470.39
2015-11-24,11.22,11.23,11.02,11.19,34002.13
2015-11-25,11.19,11.37,11.11,11.34,52238.15
2015-11-26,11.34,11.34,11.17,11.19,34439.72
2015-11-27,11.16,11.19,10.32,10.47,59203.26
2015-11-30,10.49,10.61,9.98,10.31,43345.58
2015-12-01,10.34,10.66,10.19,10.59,42299.26
2015-12-02,10.53,10.88,10.44,10.86,66344.31
2015-12-03,10.78,10.89,10.72,10.87,41090.6
2015-12-04,10.81,10.81,10.56,10.64,35898.82
2015-12-07,10.66,10.85,10.61,10.7,28908.6
2015-12-08,10.68,10.69,10.35,10.37,28762.32
2015-12-09,10.35,10.53,10.32,10.41,24837.72
2015-12-10,10.43,10.52,10.32,10.36,23138.12
2015-12-11,10.28,10.35,10.13,10.27,34103.37
2015-12-14,10.18,10.56,10.02,10.47,57445.45
2015-12-15,10.44,10.61,10.42,10.51,30861.26
2015-12-16,10.6,10.63,10.47,10.5,25135.04
2015-12-17,10.56,10.77,10.53,10.7,49032.67
2015-12-18,10.61,11.45,10.61,11.3,140883.49
2015-12-21,11.17,12.12,11.11,11.96,210465.85
2015-12-22,11.88,11.9,11.56,11.76,99780.67
2015-12-23,11.78,11.84,11.65,11.68,78407.69
2015-12-24,11.66,11.86,11.56,11.84,78023.26
2015-12-25,11.81,11.99,11.63,11.68,53511.0
2015-12-28,11.8,11.96,11.37,11.51,74405.82
2015-12-29,11.44,11.73,11.35,11.66,50577.61
2015-12-30,11.6,11.99,11.59,11.75,76416.53
2015-12-31,11.75,12.22,11.71,11.98,107706.07
2016-01-04,11.96,12.0,11.19,11.2,84471.16
2016-01-05,11.05,11.65,10.91,11.48,89252.14
2016-01-06,11.5,12.06,11.3,12.01,76144.1
2016-01-07,11.81,11.84,10.94,10.99,23707.01
2016-01-08,11.35,11.43,10.67,11.29,65590.38
2016-01-11,10.94,11.04,10.16,10.16,78841.95
2016-01-12,10.16,10.35,9.94,9.96,50176.98
2016-01-13,10.06,10.27,9.94,9.96,50980.7
2016-01-14,9.51,10.19,9.51,10.13,40454.24
2016-01-15,10.17,10.17,9.58,9.66,35194.35
2016-01-18,9.51,9.89,9.51,9.77,34340.81
2016-01-19,9.76,10.13,9.74,10.12,58234.35
2016-01-20,10.0,10.12,9.81,9.95,44786.61
2016-01-21,9.82,10.1,9.7,9.74,35080.75
2016-01-22,9.81,9.99,9.58,9.66,52725.03
2016-01-25,9.76,10.25,9.73,10.24,86715.68
2016-01-26,10.25,10.47,9.66,9.81,91561.45
2016-01-27,9.76,9.88,9.2,9.68,61696.19
2016-01-28,9.53,9.79,9.2,9.23,50621.7
2016-01-29,9.25,9.85,9.2,9.79,44362.33
2016-02-01,9.8,10.06,9.72,9.89,50424.19
2016-02-02,9.87,10.19,9.73,10.18,62069.23
2016-02-03,10.04,10.11,9.88,10.04,30974.4
2016-02-04,10.12,10.15,10.01,10.09,41007.99
2016-02-05,10.1,10.22,9.82,9.86,32330.62
2016-02-15,9.45,9.73,9.45,9.67,28470.52
2016-02-16,9.73,10.07,9.65,10.03,38636.7
2016-02-17,10.01,10.17,9.95,10.1,30246.78
2016-02-18,10.19,10.21,9.97,10.05,44165.49
2016-02-19,9.99,10.07,9.9,9.99,21273.88
2016-02-22,10.04,10.34,9.98,10.32,48498.82
2016-02-23,10.29,10.68,10.19,10.39,74856.38
2016-02-24,10.32,10.41,10.19,10.37,31955.59
2016-02-25,10.33,10.4,9.51,9.58,46375.38
2016-02-26,9.68,9.94,9.55,9.79,26164.22
2016-02-29,9.76,9.76,9.1,9.3,36265.53
2016-03-01,9.44,9.59,9.17,9.5,28302.44
2016-03-02,9.46,9.94,9.45,9.88,48710.96
2016-03-03,9.87,10.38,9.87,10.06,59482.52
2016-03-04,10.01,10.16,9.63,10.0,55495.87
2016-03-07,10.14,10.42,10.04,10.34,62191.25
2016-03-08,10.22,10.34,9.96,10.22,26037.42
2016-03-09,10.01,10.19,9.94,10.04,14035.65
2016-03-10,10.04,10.27,9.86,9.91,49337.06
2016-03-11,9.73,10.06,9.66,9.86,23921.96
2016-03-14,9.97,10.3,9.97,10.1,36189.56
2016-03-15,10.04,10.19,9.94,10.06,18750.7
2016-03-16,10.13,10.13,9.88,9.94,17141.63
2016-03-17,9.94,10.16,9.94,10.14,26815.24
2016-03-18,10.36,10.48,10.17,10.43,58872.91
2016-03-21,10.55,10.56,10.38,10.55,51289.16
2016-03-22,10.54,10.9,10.5,10.66,59372.25
2016-03-23,10.65,10.75,10.35,10.52,43253.97
2016-03-24,10.44,10.75,10.33,10.69,83901.43
2016-03-25,10.63,10.97,10.55,10.84,94373.35
2016-03-28,10.85,11.59,10.75,11.15,173947.67
2016-03-29,11.05,11.31,10.97,11.07,64054.85
2016-03-30,11.18,11.65,11.08,11.44,95712.95
2016-03-31,11.43,11.43,11.29,11.35,42620.24
2016-04-01,11.32,11.47,11.17,11.3,34614.2
2016-04-05,11.2,11.37,11.19,11.32,54523.57
2016-04-06,11.28,11.51,11.04,11.43,84050.67
2016-04-07,11.43,11.46,10.96,10.97,47433.31
2016-04-08,10.88,11.11,10.76,10.89,39702.87
2016-04-11,10.99,11.11,10.84,10.89,108236.42
2016-04-12,10.87,10.91,10.67,10.83,35221.82
2016-04-13,10.87,11.04,10.83,10.92,73026.64
2016-04-14,10.94,11.02,10.88,10.99,27366.6
2016-04-15,11.02,11.02,10.75,10.88,49535.59
2016-04-18,10.82,10.87,10.56,10.6,53267.05
2016-04-19,10.65,10.7,10.5,10.66,42888.19
2016-04-20,10.71,10.71,9.98,10.23,65896.95
2016-04-21,10.19,10.35,10.16,10.19,31829.79
2016-04-22,10.15,10.42,10.07,10.41,38104.22
2016-04-25,10.38,10.53,10.28,10.44,43326.4
2016-04-26,10.52,10.81,10.52,10.72,72375.36
2016-04-27,10.78,10.84,10.54,10.75,48773.58
2016-04-28,10.71,11.02,10.63,10.96,73638.01
2016-04-29,10.94,11.46,10.91,11.31,104710.19
2016-05-03,11.37,12.44,11.32,12.44,152855.51
2016-05-04,12.86,13.52,12.73,12.91,237183.64
2016-05-05,13.01,13.6,12.93,13.3,170012.09
2016-05-06,13.05,13.16,12.65,12.78,137383.27
2016-05-09,12.88,13.12,12.62,12.86,144008.13
2016-05-10,12.86,13.01,12.34,12.72,134942.51
2016-05-11,12.81,13.55,12.63,12.92,169224.98
2016-05-12,12.49,13.11,12.34,13.11,100954.97
2016-05-13,12.96,13.73,12.96,13.2,100993.51
2016-05-16,13.05,13.61,12.74,13.44,89701.04
2016-05-17,13.32,13.36,12.8,12.96,83825.1
2016-05-18,12.84,13.33,12.75,13.09,94085.77
2016-05-19,13.15,13.15,12.71,12.79,71456.69
2016-05-20,12.86,12.99,12.62,12.9,54373.23
2016-05-23,12.83,13.45,12.65,13.42,120004.3
2016-05-24,13.34,13.36,12.93,13.01,71345.08
2016-05-25,13.09,13.14,12.73,12.8,68148.79
2016-05-26,12.79,12.92,12.32,12.67,60762.84
2016-05-27,12.68,12.76,12.43,12.57,43534.3
2016-05-30,12.49,12.67,12.34,12.52,43135.97
2016-05-31,12.57,13.02,12.55,12.99,74224.98
2016-06-01,12.96,13.27,12.86,12.99,73379.19
2016-06-02,12.93,13.36,12.93,13.34,87211.69
2016-06-03,13.27,14.41,13.12,14.08,174287.21
2016-06-06,14.2,14.26,13.68,14.01,83280.68
2016-06-07,13.95,14.29,13.83,14.06,79349.34
2016-06-08,14.03,14.03,13.42,13.55,86453.3
2016-06-13,13.36,13.72,12.93,12.95,60030.2
2016-06-14,12.89,13.37,12.89,13.29,77776.62
2016-06-15,13.05,13.82,13.0,13.62,85578.53
2016-06-16,13.6,14.32,13.45,14.0,114594.88
2016-06-17,13.98,14.42,13.92,14.14,87975.61
2016-06-20,14.14,14.26,13.73,14.02,46486.52
2016-06-21,14.14,14.14,13.55,13.67,55687.62
2016-06-22,13.54,14.01,13.54,13.92,40417.91
2016-06-23,13.91,13.96,13.34,13.77,57690.48
2016-06-24,13.56,13.75,13.06,13.4,73192.32
2016-06-27,13.32,13.92,13.32,13.87,65783.44
2016-06-28,13.77,13.86,13.56,13.67,66534.66
2016-06-29,13.67,13.75,13.54,13.57,41543.17
2016-06-30,13.66,14.14,13.66,13.78,82755.09
2016-07-01,13.76,13.82,13.56,13.6,38897.93
2016-07-04,13.6,14.6,13.55,14.56,132710.19
2016-07-05,14.37,14.67,14.27,14.41,80147.24
2016-07-06,14.42,15.26,14.36,15.1,182685.3
2016-07-07,15.06,15.46,14.83,15.21,129096.55
2016-07-08,15.09,15.16,14.61,15.04,67773.7
2016-07-11,14.95,16.14,14.85,15.43,144184.88
2016-07-12,15.4,16.09,15.33,15.82,122320.44
2016-07-13,15.55,15.73,15.17,15.6,87422.1
2016-07-14,15.49,15.7,15.12,15.36,75177.88
2016-07-15,15.33,15.58,15.12,15.46,51272.84
2016-07-18,15.32,15.42,15.05,15.11,49468.84
2016-07-19,15.0,15.11,14.37,14.48,116304.95
2016-07-20,14.67,14.69,14.42,14.56,51166.58
2016-07-21,14.53,14.81,14.48,14.61,68750.38
2016-07-22,14.51,14.61,14.18,14.33,71144.35
2016-07-25,14.26,14.61,14.22,14.41,50112.15
2016-07-26,14.42,14.7,14.16,14.67,110978.47
2016-07-27,14.61,14.61,13.76,13.95,137325.09
2016-07-28,13.78,14.1,13.64,13.92,109575.49
2016-07-29,13.92,14.24,13.86,13.92,76650.36
2016-08-01,13.85,13.85,13.14,13.17,91333.38
2016-08-02,13.16,13.44,12.95,13.43,72584.42
2016-08-03,13.38,13.44,13.25,13.31,43609.38
2016-08-04,13.32,13.47,13.26,13.44,43335.42
2016-08-05,13.44,13.56,13.28,13.3,41592.81
2016-08-08,13.27,13.79,13.17,13.64,66640.87
2016-08-09,13.58,13.92,13.54,13.81,67149.34
2016-08-10,13.73,13.81,13.63,13.7,38042.4
2016-08-11,13.7,13.88,13.54,13.55,47091.1
2016-08-12,13.52,13.85,13.24,13.68,61599.78
2016-08-15,13.55,14.17,13.55,14.03,96602.28
2016-08-16,14.15,14.22,13.47,13.64,264553.21
2016-08-17,13.59,13.75,13.49,13.59,79090.21
2016-08-18,13.59,13.64,13.45,13.5,69399.78
2016-08-19,13.5,13.54,13.36,13.43,49844.71
2016-08-22,13.44,13.59,13.41,13.46,59802.24
2016-08-23,13.46,13.47,13.24,13.31,67714.51
2016-08-24,13.34,13.42,13.29,13.41,35586.31
2016-08-25,13.33,13.52,13.16,13.5,51550.07
2016-08-26,13.53,13.54,13.42,13.42,45323.59
2016-08-29,13.38,13.45,13.3,13.37,30422.68
2016-08-30,13.41,13.46,13.36,13.4,25488.48
2016-08-31,13.44,13.65,13.42,13.58,82006.4
2016-09-01,13.59,13.64,13.33,13.34,49413.69
2016-09-02,13.29,13.33,13.19,13.27,56285.4
2016-09-05,13.27,13.34,13.14,13.18,36530.96
2016-09-06,13.19,13.34,12.91,13.32,72003.01
2016-09-07,13.29,13.41,13.24,13.32,52428.23
2016-09-08,13.34,13.39,13.21,13.27,38541.93
2016-09-09,13.29,13.32,13.07,13.1,51529.84
2016-09-12,12.91,12.95,12.37,12.39,93431.1
2016-09-13,12.48,12.6,12.39,12.47,35280.46
2016-09-14,12.44,12.45,12.32,12.35,31961.54
2016-09-19,12.34,12.5,12.34,12.49,30902.67
2016-09-20,12.49,12.52,12.38,12.43,24915.1
2016-09-21,12.48,12.49,12.37,12.45,27427.96
2016-09-22,12.51,12.64,12.46,12.52,55525.96
2016-09-23,12.57,12.59,12.4,12.42,32040.99
2016-09-26,12.39,12.39,11.9,11.94,70782.51
2016-09-27,11.94,12.13,11.9,12.12,36598.99
2016-09-28,12.18,12.23,12.08,12.15,32157.2
2016-09-29,12.15,12.23,12.08,12.15,26745.21
2016-09-30,12.11,12.47,12.11,12.3,45922.02
2016-10-10,12.35,12.51,12.23,12.49,61916.43
2016-10-11,12.48,12.49,12.37,12.46,39752.62
2016-10-12,12.44,12.52,12.39,12.47,39323.21
2016-10-13,12.47,12.49,12.35,12.37,35618.6
2016-10-14,12.34,12.43,12.3,12.42,33469.7
2016-10-17,12.41,13.04,12.41,12.89,140527.0
2016-10-18,12.85,13.65,12.85,13.49,237240.54
2016-10-19,13.41,13.75,13.35,13.57,119163.02
2016-10-20,13.49,13.66,13.38,13.59,69457.53
2016-10-21,13.54,13.64,13.26,13.47,75091.27
2016-10-24,13.48,13.6,13.42,13.49,74217.08
2016-10-25,13.49,13.99,13.49,13.97,152897.06
2016-10-26,14.05,15.37,14.05,14.73,296195.09
2016-10-27,14.49,14.77,14.38,14.6,100787.91
2016-10-28,14.47,14.67,14.23,14.34,90179.91
2016-11-01,14.24,15.04,14.12,15.0,132695.56
2016-11-02,14.92,14.95,14.58,14.65,78094.04
2016-11-03,14.43,14.81,14.24,14.61,72581.39
2016-11-04,14.57,14.61,14.27,14.39,54548.64
2016-11-07,14.31,14.4,14.14,14.23,57583.09
2016-11-08,14.29,14.87,14.29,14.59,104257.98
2016-11-09,14.48,14.55,14.1,14.36,80349.42
2016-11-10,14.47,14.55,14.33,14.51,90992.88
2016-11-11,14.48,14.48,14.09,14.32,117535.77
2016-11-14,14.28,14.48,14.23,14.41,83423.56
2016-11-15,14.4,14.8,14.26,14.67,107727.55
2016-11-16,14.66,14.67,14.41,14.44,47519.48
2016-11-17,14.52,14.52,14.17,14.25,43639.69
2016-11-18,14.19,14.27,14.07,14.1,33907.33
2016-11-21,14.17,14.29,13.83,14.03,64613.43
2016-11-22,13.98,14.17,13.88,14.15,48036.93
2016-11-23,14.17,14.26,14.06,14.24,50792.43
2016-11-24,14.22,14.66,14.11,14.56,115153.73
2016-11-25,14.48,14.58,14.18,14.34,60360.04
2016-11-28,14.36,14.48,14.2,14.22,63322.89
2016-11-29,14.17,14.72,14.1,14.53,158018.72
2016-11-30,14.55,14.72,14.33,14.38,104354.29
2016-12-01,14.48,14.7,14.34,14.61,76324.82
2016-12-02,14.79,14.9,14.26,14.44,72274.54
2016-12-05,14.25,14.59,14.09,14.22,54925.37
2016-12-06,14.29,14.41,14.09,14.31,42639.64
2016-12-07,14.31,14.31,14.1,14.24,28994.0
2016-12-08,14.25,15.49,14.22,14.88,143043.86
2016-12-09,14.91,15.16,14.72,14.86,137945.72
2016-12-12,14.86,15.08,14.17,14.2,103182.46
2016-12-13,14.1,15.27,13.99,15.25,178746.16
2016-12-14,15.12,16.01,15.02,15.69,239566.03
2016-12-15,15.56,15.72,15.23,15.56,118079.99
2016-12-16,15.53,15.67,15.26,15.61,86288.79
2016-12-19,15.49,15.99,15.35,15.5,95054.84
2016-12-20,15.51,15.54,14.99,15.1,94032.92
2016-12-21,15.15,15.24,14.89,15.17,59656.72
2016-12-22,15.17,15.17,14.62,14.7,77003.71
2016-12-23,14.66,14.79,14.36,14.48,72622.91
2016-12-26,14.29,14.77,14.26,14.72,56450.31
2016-12-27,14.68,15.06,14.68,14.82,48678.35
2016-12-28,14.83,15.0,14.74,14.78,36089.4
2016-12-29,14.77,15.29,14.73,15.17,57612.09
2016-12-30,15.11,15.96,15.07,15.75,126952.46
2017-01-03,15.93,16.09,15.6,15.79,117952.74
2017-01-04,15.79,16.53,15.6,16.5,141793.59
2017-01-05,16.51,16.81,16.26,16.43,96024.22
2017-01-06,16.37,16.65,16.18,16.23,77680.24
2017-01-09,16.11,16.31,15.92,16.15,73174.77
2017-01-10,16.14,16.67,16.03,16.03,78927.51
2017-01-11,15.97,16.23,15.62,15.96,54697.38
2017-01-12,15.96,16.12,15.87,16.08,35885.83
2017-01-13,16.04,16.15,15.72,16.06,54946.3
2017-01-16,15.87,16.42,15.68,16.37,102658.1
2017-01-17,16.18,16.72,16.12,16.61,86204.87
2017-01-18,16.52,16.8,16.37,16.64,80970.09
2017-01-19,16.64,16.64,15.96,15.99,61457.01
2017-01-20,15.9,16.18,15.75,15.96,61207.2
2017-01-23,15.96,16.3,15.4,15.62,89902.87
2017-01-24,15.55,15.75,15.48,15.64,42675.44
2017-01-25,15.58,15.87,15.33,15.67,43170.49
2017-01-26,15.67,15.84,15.53,15.58,37441.08
2017-02-03,15.58,15.71,15.48,15.58,22247.83
2017-02-06,15.55,15.65,15.4,15.45,36787.65
2017-02-07,15.45,15.71,15.4,15.7,33911.81
2017-02-08,15.73,15.8,15.51,15.74,29227.62
2017-02-09,15.72,16.11,15.63,15.9,51633.8
2017-02-10,16.25,16.81,15.68,15.7,143251.11
2017-02-13,15.84,16.59,15.51,16.43,143572.72
2017-02-14,16.33,17.13,16.2,16.95,141178.55
2017-02-15,16.94,17.63,16.84,16.98,135612.05
2017-02-16,16.99,17.08,16.65,16.94,74687.94
2017-02-17,16.97,17.55,16.89,17.11,119051.55
2017-02-20,16.97,18.18,16.91,18.06,176319.57
2017-02-21,17.88,18.2,17.76,17.98,90190.07
2017-02-22,18.11,19.71,18.11,19.41,256190.32
2017-02-23,19.47,20.94,19.22,19.61,200686.07
2017-02-27,19.41,19.43,18.27,18.52,157225.58
2017-02-28,18.56,18.77,18.4,18.7,67771.46
2017-03-01,18.54,19.34,18.54,18.71,113004.79
2017-03-02,18.7,19.52,18.57,19.5,113889.57
2017-03-03,19.39,20.45,19.24,19.66,140124.24
2017-03-06,19.46,19.96,19.02,19.53,115470.43
2017-03-07,19.41,20.12,19.26,19.98,124662.43
2017-03-08,19.83,20.01,19.59,19.79,76001.37
2017-03-09,19.77,19.94,18.98,19.34,82508.41
2017-03-10,19.36,20.0,19.22,19.49,107503.34
2017-03-13,19.46,20.12,19.27,19.81,124250.02
2017-03-14,19.78,20.25,19.33,19.62,89734.28
2017-03-15,19.54,19.77,19.43,19.61,59528.52
2017-03-16,19.72,19.84,19.28,19.46,96013.0
2017-03-17,19.46,19.77,19.31,19.52,64186.72
2017-03-20,19.51,19.77,19.11,19.48,72893.94
2017-03-21,19.36,20.58,19.35,20.52,174118.4
2017-03-22,20.21,20.51,19.91,20.45,122473.89
2017-03-23,20.36,20.36,19.7,19.87,107388.11
2017-03-24,19.87,20.21,19.5,19.61,78578.75
2017-03-27,19.56,19.74,18.86,19.06,99333.19
2017-03-28,19.05,19.29,18.88,19.12,47657.0
2017-03-29,19.12,19.3,18.96,18.97,48435.48
2017-03-30,18.9,19.05,18.26,18.47,75662.41
2017-03-31,18.51,18.61,18.31,18.44,38867.77
2017-04-05,18.42,18.91,18.3,18.78,71613.19
2017-04-06,18.83,19.03,18.41,19.0,68171.33
2017-04-07,19.0,19.0,18.7,18.85,44948.61
2017-04-10,18.85,18.9,18.21,18.41,77812.19
2017-04-11,18.28,18.51,17.9,18.38,82347.47
2017-04-12,18.31,19.26,18.05,18.97,107198.09
2017-04-13,18.93,19.61,18.76,19.46,86664.48
2017-04-14,19.37,19.56,19.08,19.14,32549.95
2017-04-17,18.64,19.51,18.64,18.96,44822.25
2017-04-18,18.98,19.8,18.67,19.77,119714.93
2017-04-19,19.77,20.12,19.32,19.78,108276.32
2017-04-20,19.71,20.9,19.61,20.7,149715.14
2017-04-21,20.69,21.46,20.2,20.42,126832.41
2017-04-24,20.17,20.31,19.44,19.88,57367.99
2017-04-25,19.85,20.4,19.58,20.14,112297.17
2017-04-26,20.09,20.52,19.38,19.42,143139.59
2017-04-27,18.89,20.03,18.61,19.99,207079.37
2017-04-28,20.22,20.56,19.33,19.53,122660.58
2017-05-02,19.2,19.75,19.1,19.51,47866.21
2017-05-03,19.43,20.07,19.43,19.81,66704.15
2017-05-04,19.71,20.33,19.63,19.98,85918.34
2017-05-05,19.96,20.14,19.08,19.53,83217.1
2017-05-08,19.44,19.49,19.0,19.07,60229.67
2017-05-09,18.97,19.14,18.34,19.09,90128.92
2017-05-10,18.95,19.31,18.44,18.46,66483.36
2017-05-11,18.23,18.61,18.09,18.44,50142.74
2017-05-12,18.43,18.67,18.13,18.21,62018.72
2017-05-15,18.23,18.92,18.23,18.76,64387.71
2017-05-16,18.64,19.61,18.62,19.56,100212.42
2017-05-17,19.56,19.77,19.38,19.5,67838.86
2017-05-18,19.31,19.83,19.27,19.49,41349.55
2017-05-19,19.41,19.65,19.0,19.2,62325.28
2017-05-22,19.19,19.2,18.4,18.59,98174.02
2017-05-23,18.56,20.33,18.49,20.27,186729.45
2017-05-24,20.15,20.15,19.32,19.77,101527.11
2017-05-25,19.59,20.1,19.41,19.82,83890.42
2017-05-26,19.9,20.33,19.57,19.87,99100.22
2017-05-31,19.53,19.81,19.15,19.46,88628.04
2017-06-01,19.42,19.9,19.29,19.55,62888.9
2017-06-02,19.43,19.51,19.02,19.29,51875.08
2017-06-05,19.17,19.34,19.07,19.27,27850.36
2017-06-06,19.21,19.98,19.21,19.92,84171.82
2017-06-07,19.87,20.55,19.85,20.36,123780.22
2017-06-08,20.15,21.41,20.15,21.25,160966.42
2017-06-09,21.16,22.42,21.15,21.59,154994.36
2017-06-12,21.68,22.72,21.6,22.13,121851.11
2017-06-13,22.1,22.23,21.66,22.17,69178.29
2017-06-14,22.01,22.98,21.94,22.33,93154.03
2017-06-15,22.4,22.41,21.4,21.62,94559.61
2017-06-16,21.65,21.88,21.23,21.58,68509.06
2017-06-19,21.63,21.75,21.26,21.68,62672.77
2017-06-20,21.68,21.74,20.96,21.17,98595.79
2017-06-21,21.28,22.16,20.86,22.13,110132.51
2017-06-22,21.98,22.45,21.89,21.99,111915.09
2017-06-23,21.85,22.35,21.6,22.24,77121.08
2017-06-26,22.34,22.86,22.13,22.62,104976.96
2017-06-27,22.73,22.73,22.08,22.28,67355.86
2017-06-28,22.2,22.23,21.61,21.78,73765.0
2017-06-29,21.79,22.03,21.6,22.01,46664.09
2017-06-30,21.91,22.13,21.69,21.84,58063.73
2017-07-03,21.86,21.87,21.28,21.54,61467.36
2017-07-04,21.3,21.69,21.11,21.67,77618.68
2017-07-05,21.56,21.98,21.51,21.8,39676.55
2017-07-06,21.82,21.87,21.35,21.74,62233.9
2017-07-07,21.7,21.77,21.42,21.57,52548.13
2017-07-10,21.47,21.6,21.11,21.16,75039.49
2017-07-11,21.15,21.74,21.11,21.5,61476.54
2017-07-12,21.57,21.57,20.9,20.97,59729.41
2017-07-13,20.82,21.19,20.65,20.79,63153.05
2017-07-14,20.88,21.14,20.56,21.09,57714.49
2017-07-17,21.1,21.22,19.14,20.84,86307.41
2017-07-18,20.81,21.17,20.37,21.04,66409.38
2017-07-19,20.99,21.87,20.88,21.7,74866.06
2017-07-20,21.71,22.06,21.52,22.01,78950.24
2017-07-21,22.26,23.06,22.06,22.66,133073.09
2017-07-24,22.77,24.01,22.72,23.16,118084.41
2017-07-25,23.11,23.29,22.86,22.96,65430.75
2017-07-26,22.89,23.73,22.68,23.02,104364.99
2017-07-27,22.98,24.51,22.98,24.5,159234.2
2017-07-28,24.49,25.58,23.89,25.37,146995.13
2017-07-31,25.3,26.9,25.3,26.15,241619.2
2017-08-01,25.99,26.81,25.52,26.22,109800.9
2017-08-02,26.19,26.48,25.78,26.42,62337.99
2017-08-03,26.41,27.55,26.26,26.68,92640.53
2017-08-04,26.64,26.65,25.71,26.01,88901.78
2017-08-07,25.8,28.27,25.7,28.17,117185.63
2017-08-08,28.32,28.92,27.86,28.13,105799.01
2017-08-09,27.88,30.09,27.6,29.68,119272.39
2017-08-10,29.66,30.96,29.34,30.05,121258.72
2017-08-11,30.09,30.57,29.34,29.97,94989.21
2017-08-14,30.19,30.64,29.05,29.87,123837.44
2017-08-15,29.46,29.81,28.87,29.38,74216.21
2017-08-16,29.33,29.78,28.91,29.13,69292.5
2017-08-17,29.14,29.7,28.91,29.16,64215.36
2017-08-18,29.42,29.42,28.33,28.43,70860.82
2017-08-21,28.81,29.02,28.31,28.63,53408.71
2017-08-22,28.68,28.74,27.15,27.47,148691.55
2017-08-23,27.35,28.6,27.35,28.56,136637.8
2017-08-24,28.41,28.41,27.22,27.61,107261.88
2017-08-25,27.61,27.97,27.2,27.7,84103.88
2017-08-28,28.34,29.36,28.34,28.68,133706.12
2017-08-29,28.68,29.81,28.68,29.73,122051.05
2017-08-30,29.69,30.46,29.52,29.98,89519.95
2017-08-31,29.71,30.18,29.23,29.81,57275.46
2017-09-01,29.81,31.07,29.33,31.05,106470.87
2017-09-04,30.84,31.1,30.21,30.44,61687.4
2017-09-05,30.1,31.09,30.1,30.22,50827.88
2017-09-06,30.16,30.17,29.38,29.45,64633.37
2017-09-07,29.46,29.84,28.85,29.5,54202.42
2017-09-08,29.52,29.54,28.69,28.82,58217.11
2017-09-11,28.63,29.47,28.06,28.79,63754.32
2017-09-12,28.51,31.08,28.51,31.04,115793.29
2017-09-13,31.0,33.24,30.66,32.19,164719.28
2017-09-14,31.92,33.2,31.74,32.69,84659.43
2017-09-15,32.47,32.96,31.94,32.25,52215.6
2017-09-18,32.2,35.48,32.14,35.47,110842.37
2017-09-19,35.59,35.59,34.11,34.65,95704.8
2017-09-20,34.36,36.16,34.26,34.8,87222.78
2017-09-21,34.8,34.84,33.94,34.23,56957.7
2017-09-22,33.93,34.74,33.68,34.47,43679.71
2017-09-25,34.47,36.15,34.47,35.88,98354.35
2017-09-26,35.83,36.64,35.18,36.24,70617.28
2017-09-27,35.86,36.15,35.16,35.73,63389.97
2017-09-28,35.45,37.46,35.43,36.13,110467.99
2017-09-29,35.93,36.78,35.1,35.25,77473.34
2017-10-09,35.67,35.8,34.26,34.57,96673.59
2017-10-10,34.72,35.16,33.85,34.81,87303.99
2017-10-11,34.9,36.69,34.63,36.28,109791.14
2017-10-12,36.17,36.62,35.18,35.84,61755.95
2017-10-13,35.81,35.86,34.97,35.25,74862.09
2017-10-16,35.38,35.38,33.87,34.01,128593.24
2017-10-17,34.01,34.68,33.81,34.14,67246.45
2017-10-18,34.3,35.04,33.78,35.03,63844.7
2017-10-19,35.13,35.94,35.04,35.29,87450.54
2017-10-20,35.29,35.29,33.95,34.81,49264.58
2017-10-23,34.58,35.22,34.4,35.04,52184.17
2017-10-24,35.09,35.51,34.74,35.16,48662.55
2017-10-25,35.22,35.4,34.91,35.15,40928.3
2017-10-26,38.42,38.42,35.4,35.86,152400.72
2017-10-27,35.72,38.21,35.31,37.32,126089.53
2017-10-30,36.82,38.46,36.35,37.96,128748.36
2017-10-31,36.82,37.91,36.82,37.41,71164.33
2017-11-01,37.37,38.34,37.19,37.49,60735.28
2017-11-02,37.32,37.78,36.62,36.87,63297.07
2017-11-03,36.87,37.9,36.86,37.1,64246.4
2017-11-06,37.14,39.01,36.82,38.94,122895.3
2017-11-07,38.87,39.31,38.14,38.36,97126.55
2017-11-08,38.55,39.1,37.92,38.17,75103.16
2017-11-09,38.17,38.17,37.22,37.82,85039.31
2017-11-10,37.82,39.01,37.5,38.62,96852.7
2017-11-13,38.58,38.65,37.63,37.96,89116.61
2017-11-14,38.04,38.14,37.26,37.46,66338.5
2017-11-15,37.16,38.1,37.08,37.82,47955.78
2017-11-16,37.71,38.85,37.57,38.08,65002.99
2017-11-17,37.46,37.77,35.8,36.21,107624.19
2017-11-20,35.93,35.93,32.6,34.84,65758.93
2017-11-21,34.71,35.82,34.2,35.8,72649.19
2017-11-22,35.86,36.84,34.71,35.16,82411.17
2017-11-23,34.58,34.64,32.78,32.79,125053.17
2017-11-24,32.66,33.38,31.32,32.19,107825.4
2017-11-27,31.66,32.81,30.59,31.72,61125.63
2017-11-28,31.06,32.77,31.06,32.22,59390.1
2017-11-29,32.24,32.66,30.74,31.3,64148.44
2017-11-30,31.36,31.57,30.74,30.81,41563.22
2017-12-01,31.0,31.38,30.6,31.19,46850.71
2017-12-04,30.98,33.67,30.98,33.33,87852.38
2017-12-05,33.34,33.92,32.28,32.68,71744.87
2017-12-06,32.65,33.54,32.03,32.8,46119.8
2017-12-07,33.04,33.14,31.86,31.94,34293.25
2017-12-08,32.05,33.01,31.51,32.74,44183.91
2017-12-11,32.58,34.9,32.58,34.27,78630.63
2017-12-12,34.31,35.03,34.23,34.26,62604.73
2017-12-13,34.14,35.72,34.13,35.35,70513.12
2017-12-14,35.54,35.85,34.88,35.66,42088.7
2017-12-15,35.66,37.31,35.35,36.14,67810.25
2017-12-18,35.99,37.82,35.94,37.35,76110.67
2017-12-19,37.4,37.82,36.47,37.14,67698.74
2017-12-20,37.03,37.6,36.57,36.89,72349.15
2017-12-21,36.56,37.33,36.25,36.83,59824.87
2017-12-22,36.71,36.97,35.83,35.95,69114.97
2017-12-25,36.25,36.69,34.58,36.04,65511.94
2017-12-26,36.36,36.37,35.26,35.7,37965.59
2017-12-27,36.25,36.36,35.06,35.32,40779.55
2017-12-28,35.86,36.69,35.35,36.5,86167.66
2017-12-29,36.25,37.11,35.61,36.5,73815.32
2018-01-02,36.19,36.62,35.73,36.08,47535.05
2018-01-03,36.02,36.42,35.57,36.29,59009.31
2018-01-04,36.16,38.08,35.95,37.73,139171.9
2018-01-05,37.78,38.14,37.14,37.43,59429.87
2018-01-08,37.46,37.67,36.14,36.73,87161.21
2018-01-09,36.68,38.07,36.51,37.89,104191.03
2018-01-10,37.78,38.05,36.96,37.85,74385.32
2018-01-11,37.92,37.98,37.14,37.73,48426.05
2018-01-12,37.73,38.25,37.15,37.98,64923.49
2018-01-15,37.91,39.7,37.8,39.26,134577.35
2018-01-16,39.13,42.65,38.74,40.67,126467.4
2018-01-17,40.94,41.56,39.29,39.37,97871.95
2018-01-18,39.66,42.52,39.54,41.73,134296.0
2018-01-19,41.71,42.91,40.47,41.89,85456.78
2018-02-05,37.71,37.71,37.71,37.71,21965.0
2018-02-06,33.93,35.01,33.93,33.93,254514.97
2018-02-07,34.57,35.54,33.04,33.4,152833.53
2018-02-08,33.3,35.53,33.17,34.3,105901.84
2018-02-09,33.6,34.98,32.04,34.81,85866.27
2018-02-12,35.42,37.24,35.3,36.74,80674.84
2018-02-13,37.14,37.78,36.07,37.64,66854.09
2018-02-14,37.27,37.98,36.83,37.44,47307.52
2018-02-22,38.42,38.42,37.24,37.73,48186.64
2018-02-23,37.78,38.1,36.25,37.1,43082.41
2018-02-26,37.1,37.19,35.43,36.4,89248.34
2018-02-27,36.41,36.48,35.72,36.05,52209.67
2018-02-28,35.59,36.01,34.74,35.09,64098.04
2018-03-01,35.02,36.05,34.65,35.85,56018.89
2018-03-02,35.23,36.36,35.22,35.58,35120.51
2018-03-05,35.58,35.95,34.49,34.74,35727.06
2018-03-06,34.74,35.35,33.68,35.18,52071.02
2018-03-07,35.27,37.02,35.24,36.34,77918.81
2018-03-08,36.23,36.86,35.74,36.39,50997.14
2018-03-09,36.53,37.57,36.53,36.77,58188.35
2018-03-12,36.75,37.08,35.86,35.94,67294.33
2018-03-13,35.94,36.33,35.15,35.25,51905.39
2018-03-14,35.23,35.79,35.22,35.73,29389.21
2018-03-15,35.86,37.98,35.59,37.53,92752.22
2018-03-16,37.34,37.78,37.02,37.39,41698.76
2018-03-19,37.25,38.23,36.83,38.03,40520.02
2018-03-20,37.58,38.8,37.46,37.91,39058.64
2018-03-21,37.96,38.74,36.83,36.85,40912.43
2018-03-22,36.81,37.78,36.08,37.1,48518.79
2018-03-23,36.37,36.82,34.67,35.82,43110.68
2018-03-26,35.53,36.73,35.16,36.36,37536.63
2018-03-27,36.67,37.21,35.29,35.86,68770.63
2018-03-28,35.22,35.61,33.24,34.07,116284.78
2018-03-29,33.7,35.48,33.3,35.11,82925.98
2018-03-30,35.16,35.77,34.7,35.2,41734.9
2018-04-02,35.22,35.54,33.53,33.88,76629.47
2018-04-03,33.56,34.95,33.17,34.78,79464.46
2018-04-04,35.32,38.15,35.32,37.22,138155.8
2018-04-09,37.23,37.62,36.51,37.26,67326.78
2018-04-10,37.58,37.59,36.44,37.14,56302.86
2018-04-11,37.11,37.57,35.86,36.27,76204.74
2018-04-12,35.96,36.97,35.96,36.68,51673.57
2018-04-13,36.52,37.11,35.71,36.12,40991.09
2018-04-16,36.12,36.31,34.97,35.13,39120.83
2018-04-17,35.47,35.47,34.5,34.52,26453.71
2018-04-18,34.58,34.81,33.59,34.2,39109.66
2018-04-19,34.19,35.2,34.06,34.65,44581.68
2018-04-20,34.82,35.12,34.06,34.43,30984.06
2018-04-23,34.45,34.77,33.63,34.24,19005.12
2018-04-24,34.33,36.41,34.24,35.58,81740.84
2018-04-25,35.29,36.09,35.06,35.75,26766.39
2018-04-26,35.82,35.82,34.76,34.77,22054.44
2018-04-27,35.11,35.54,33.66,34.06,44376.69
2018-05-02,33.86,34.83,33.8,34.7,43747.99
2018-05-03,34.65,35.77,34.11,35.5,41606.21
2018-05-04,35.54,36.09,35.54,35.79,36841.49
2018-05-07,35.59,38.55,35.59,38.14,103509.99
2018-05-08,38.2,39.06,38.05,38.2,66536.06
2018-05-09,38.23,39.06,38.2,39.06,46508.74
2018-05-10,39.05,39.69,38.71,39.49,50449.94
2018-05-11,39.51,40.59,38.42,38.6,48387.95
2018-05-14,38.79,40.23,38.79,39.88,55732.76
2018-05-15,39.88,40.2,39.3,40.14,35260.91
2018-05-16,40.31,40.33,39.52,39.99,36368.52
2018-05-17,39.79,40.08,37.59,38.23,74353.37
2018-05-18,38.01,38.48,37.69,38.1,65403.51
2018-05-21,38.41,38.87,37.83,38.05,39965.44
2018-05-22,38.02,38.41,37.87,38.36,26827.74
2018-05-23,38.42,38.55,37.72,37.73,43967.59
2018-05-24,37.77,37.96,37.02,37.33,42219.41
2018-05-25,37.48,38.39,37.37,37.82,46199.47
2018-05-28,37.85,39.9,37.66,39.63,79560.95
2018-05-29,39.7,40.44,38.19,38.28,63641.62
2018-05-30,37.66,39.53,37.27,38.77,56221.01
2018-05-31,39.16,41.43,38.78,41.27,97431.51
2018-06-01,40.92,41.15,39.42,39.79,66574.2
2018-06-04,40.02,42.46,39.54,41.93,79244.99
2018-06-05,42.27,43.14,41.24,42.98,70393.5
2018-06-06,42.76,43.06,42.05,42.51,51947.16
2018-06-07,42.53,42.71,41.29,41.67,52300.75
2018-06-08,41.43,42.39,40.81,41.49,61842.26
2018-06-11,41.66,41.66,40.22,40.65,56703.7
2018-06-12,40.71,43.14,40.71,42.66,88186.81
2018-06-13,42.27,43.55,42.13,42.3,57902.4
2018-06-14,41.96,42.87,40.72,41.56,61286.8
2018-06-15,41.06,41.49,40.39,41.0,51729.49
2018-06-19,40.36,40.86,37.99,38.25,74353.44
2018-06-20,38.25,40.22,38.25,40.03,47957.16
2018-06-21,40.09,40.85,39.64,40.12,37354.88
2018-06-22,39.7,40.33,38.55,39.53,45136.76
2018-06-25,39.69,41.06,39.51,40.24,77674.95
2018-06-26,40.27,41.97,39.58,40.39,74198.25
2018-06-27,40.28,41.47,38.04,39.33,86741.35
2018-06-28,38.29,39.28,37.26,38.87,58484.07
2018-06-29,38.49,40.54,38.49,40.27,43069.3
2018-07-02,40.51,42.23,40.32,41.45,69647.18
2018-07-03,41.37,41.94,38.1,39.26,95606.65
2018-07-04,39.05,39.97,38.55,39.64,50619.85
2018-07-05,39.64,40.97,38.17,38.83,50467.05
2018-07-06,38.83,39.13,37.53,38.55,60674.05
2018-07-09,38.49,39.31,38.15,39.28,71639.92
2018-07-10,39.37,39.64,37.99,38.92,66714.59
2018-07-11,37.98,38.8,37.77,38.24,34366.36
2018-07-12,38.1,39.63,38.06,39.11,65490.12
2018-07-13,39.11,41.11,39.0,40.94,90013.92
2018-07-16,41.1,41.94,40.46,41.34,61069.89
2018-07-17,41.43,41.79,40.67,41.29,38854.34
2018-07-18,41.3,41.87,40.86,41.18,35278.16
2018-07-19,41.16,41.34,39.5,40.02,47277.71
2018-07-20,39.9,40.17,39.13,39.94,38420.81
2018-07-23,39.7,39.7,38.23,38.72,68760.46
2018-07-24,38.71,40.54,38.3,40.52,69985.75
2018-07-25,40.49,40.5,39.67,39.95,40464.91
2018-07-26,40.03,40.34,39.33,39.42,27062.01
2018-07-27,39.33,39.95,38.81,39.43,28812.17
2018-07-30,39.42,39.64,38.37,38.78,38018.56
2018-07-31,38.74,39.23,38.42,39.05,17565.81
2018-08-01,39.06,39.37,38.3,38.46,28239.55
2018-08-02,38.22,38.3,34.61,35.27,117839.97
2018-08-03,34.81,34.81,32.84,33.74,116701.56
2018-08-06,33.11,34.17,31.41,32.59,72275.79
2018-08-07,32.59,34.11,32.15,33.86,48942.47
2018-08-08,33.94,33.94,31.64,32.02,65976.2
2018-08-09,31.71,33.67,31.52,33.06,60458.45
2018-08-10,33.1,34.18,33.1,33.51,47495.72
2018-08-13,33.33,33.41,31.91,32.98,49103.93
2018-08-14,33.31,33.92,32.66,33.06,53930.78
2018-08-15,33.02,33.2,31.76,31.83,46584.27
2018-08-16,31.31,32.08,30.42,30.64,61002.11
2018-08-17,31.15,31.65,30.09,30.54,49225.06
2018-08-20,29.96,30.29,28.59,29.67,67974.05
2018-08-21,29.75,31.41,29.51,31.12,68110.18
2018-08-22,31.13,31.3,30.36,30.67,38363.25
2018-08-23,30.8,31.22,30.36,30.63,41978.16
2018-08-24,30.77,30.85,29.2,30.64,58620.99
2018-08-27,30.73,31.95,30.73,31.76,64306.57
2018-08-28,32.23,32.39,31.35,31.54,70928.97
2018-08-29,31.48,31.91,31.26,31.47,31943.82
2018-08-30,31.2,31.87,31.03,31.14,32324.3
2018-08-31,30.87,31.14,30.35,30.67,39777.51
2018-09-03,30.57,30.78,29.69,30.14,35129.18
2018-09-04,30.38,31.06,30.14,30.89,37798.47
2018-09-05,30.79,31.12,29.89,29.95,33201.55
2018-09-06,29.95,30.26,28.86,28.91,42158.72
2018-09-07,28.99,29.83,28.99,29.72,45579.25
2018-09-10,29.99,30.14,29.23,29.5,29438.68
2018-09-11,29.23,29.76,29.23,29.34,22172.02
2018-09-12,29.43,29.43,28.29,28.4,45498.83
2018-09-13,28.53,28.85,27.16,28.02,54471.35
2018-09-14,27.99,28.51,27.18,27.9,72713.04
2018-09-17,27.56,28.01,27.3,27.79,42109.18
2018-09-18,27.61,28.47,27.32,28.27,72554.46
2018-09-19,28.24,29.31,27.96,28.92,82773.82
2018-09-20,28.78,29.12,28.34,28.61,51251.55
2018-09-21,28.78,29.8,28.66,29.54,64870.39
2018-09-25,29.31,29.69,29.06,29.19,34581.19
2018-09-26,29.34,31.29,29.34,30.52,103395.21
2018-09-27,30.74,31.24,30.22,30.67,63327.12
2018-09-28,30.7,30.87,30.16,30.67,53564.91
2018-10-08,30.06,30.06,28.08,28.19,71774.83
2018-10-09,28.43,28.56,27.44,27.71,59426.31
2018-10-10,27.71,27.82,25.8,25.98,132475.48
2018-10-11,24.63,25.58,23.73,24.15,109727.57
2018-10-12,24.12,24.97,23.91,24.64,72773.17
2018-10-15,24.84,25.0,24.04,24.08,51365.25
2018-10-16,24.11,24.48,23.93,24.08,43408.65
2018-10-17,24.3,24.45,22.49,23.57,72926.33
2018-10-18,23.3,23.95,23.03,23.27,54623.35
2018-10-19,23.08,24.49,22.9,24.23,72049.82
2018-10-22,24.65,26.09,24.61,25.91,92401.94
2018-10-23,25.94,25.94,23.58,23.86,99438.99
2018-10-24,23.34,24.01,22.82,23.67,62353.85
2018-10-25,22.73,23.99,22.52,23.56,54693.14
2018-10-26,24.04,24.19,22.44,22.66,86051.99
2018-10-29,21.4,21.4,20.4,20.4,126643.95
2018-10-30,20.1,20.79,19.71,20.43,70547.97
2018-10-31,20.67,21.33,20.63,20.97,88879.08
2018-11-01,21.14,22.0,21.13,21.46,105092.13
2018-11-02,21.98,22.69,21.73,22.59,102453.96
2018-11-05,22.37,22.46,21.68,21.94,66516.83
2018-11-06,21.94,21.98,21.32,21.82,35964.91
2018-11-07,21.82,22.21,21.5,21.72,46745.54
2018-11-08,21.95,22.37,21.62,21.76,52084.97
2018-11-09,21.76,21.76,21.29,21.5,29090.06
2018-11-12,21.56,21.56,20.98,21.54,41608.35
2018-11-13,21.25,22.19,21.11,21.94,79704.23
2018-11-14,21.95,22.03,21.48,21.52,53187.49
2018-11-15,21.7,21.85,21.47,21.66,39306.12
2018-11-16,21.8,21.99,21.57,21.78,47195.55
2018-11-19,21.87,22.55,21.66,22.37,74107.63
2018-11-20,22.1,22.23,21.46,21.62,53720.8
2018-11-21,21.39,21.95,21.14,21.74,39575.93
2018-11-22,21.73,21.83,21.46,21.69,24710.88
2018-11-23,21.59,21.78,20.93,21.07,43951.96
2018-11-26,21.07,21.17,20.78,20.85,22990.04
2018-11-27,21.0,21.0,20.67,20.94,28054.5
2018-11-28,21.06,21.49,20.83,21.3,30770.67
2018-11-29,21.54,22.11,21.46,21.85,87048.93
2018-11-30,21.91,23.34,21.6,23.25,119254.12
2018-12-03,23.9,25.27,23.41,24.69,135439.54
2018-12-04,24.54,25.0,24.12,24.73,68652.6
2018-12-05,24.13,26.2,24.13,25.76,116293.94
2018-12-06,25.29,25.81,24.72,25.07,83324.92
2018-12-07,25.03,25.48,24.63,24.86,65947.05
2018-12-10,24.67,25.2,24.23,24.57,64554.28
2018-12-11,24.73,25.08,24.27,24.73,51151.15
2018-12-12,24.87,24.91,24.35,24.64,42030.11
2018-12-13,24.67,25.32,24.51,24.91,66687.47
2018-12-14,25.48,25.98,25.22,25.31,151572.41
2018-12-17,25.29,25.87,24.77,25.13,65925.14
2018-12-18,24.94,25.16,24.49,24.78,46333.0
2018-12-19,24.78,25.26,24.39,24.58,33147.22
2018-12-20,24.31,24.61,23.75,24.49,51897.29
2018-12-21,24.12,24.3,23.33,23.73,55488.46
2018-12-24,23.59,23.98,23.43,23.9,33177.01
2018-12-25,23.41,23.9,22.92,23.63,45012.43
2018-12-26,23.54,24.05,23.1,23.12,55622.21
2018-12-27,23.77,23.77,22.57,22.72,66492.51
2018-12-28,22.83,23.08,21.95,22.73,81201.73
2019-01-02,22.98,23.54,22.0,22.18,82161.89
2019-01-03,22.08,22.28,21.19,21.45,80639.46
2019-01-04,21.17,22.36,21.17,22.12,82164.23
2019-01-07,22.12,22.39,21.8,21.96,82125.26
2019-01-08,21.79,22.18,21.54,21.94,74555.09
2019-01-09,22.05,23.2,21.81,22.7,121505.53
2019-01-10,22.57,22.57,22.18,22.49,71690.42
2019-01-11,22.49,22.94,22.05,22.94,72852.15
2019-01-14,22.81,22.94,22.18,22.29,64012.34
2019-01-15,22.25,24.52,22.14,24.52,166489.87
2019-01-16,24.32,24.38,23.74,23.92,131384.5
2019-01-17,23.8,24.35,23.46,23.91,97413.48
2019-01-18,23.88,24.81,23.88,24.38,124798.7
2019-01-21,24.47,25.28,24.47,24.78,103166.46
2019-01-22,24.71,24.71,23.91,24.05,83977.86
2019-01-23,23.87,24.26,23.8,23.99,45380.9
2019-01-24,24.03,24.64,23.96,24.64,74647.81
2019-01-25,24.7,25.03,24.45,24.73,81186.27
2019-01-28,24.9,25.87,24.71,24.93,91809.77
2019-01-29,25.02,25.94,24.25,25.93,125601.7
2019-01-30,25.61,26.33,25.36,25.57,86393.11
2019-01-31,25.59,26.13,25.17,25.9,85275.24
2019-02-01,26.01,26.13,25.57,25.93,79175.08
2019-02-11,25.99,27.56,25.3,27.02,111027.93
2019-02-12,26.88,28.59,26.75,28.16,117743.92
2019-02-13,28.39,28.73,27.9,28.49,71427.9
2019-02-14,28.23,29.89,28.15,29.1,92182.36
2019-02-15,29.1,29.1,28.47,28.8,59874.01
2019-02-18,28.92,31.19,28.92,30.7,105339.09
2019-02-19,30.92,31.16,30.0,30.34,76757.8
2019-02-20,29.97,30.93,29.96,30.89,76573.82
2019-02-21,30.74,31.13,30.15,30.74,55916.42
2019-02-22,30.41,30.61,29.86,30.48,69072.82
2019-02-25,30.47,32.27,29.93,31.69,130024.65
2019-02-26,31.13,31.51,30.91,30.91,86163.86
2019-02-27,30.98,32.62,30.93,31.33,113989.83
2019-02-28,31.13,32.85,30.8,32.16,83314.8
2019-03-01,32.42,34.22,32.33,34.05,131510.45
2019-03-04,34.3,36.68,33.72,35.18,135387.96
2019-03-05,35.21,36.38,34.9,35.86,107112.13
2019-03-06,35.35,36.08,35.0,35.73,82035.69
2019-03-07,35.31,35.34,33.21,34.22,151519.47
2019-03-08,33.07,33.85,32.46,33.2,99727.04
2019-03-11,32.88,35.46,32.88,35.02,109332.89
2019-03-12,35.66,35.76,34.37,34.52,74809.97
2019-03-13,34.37,35.44,33.85,33.95,65016.63
2019-03-14,34.17,35.0,33.52,34.48,66057.65
2019-03-15,34.36,36.24,33.95,35.67,92347.79
2019-03-18,35.99,38.91,35.76,38.91,151452.63
2019-03-19,38.26,39.3,37.38,37.94,98604.2
2019-03-20,37.92,38.96,36.9,37.42,86232.23
2019-03-21,37.34,37.42,36.53,36.85,68218.36
2019-03-22,36.82,37.89,36.62,37.41,64980.48
2019-03-25,36.31,36.96,35.99,36.54,60705.66
2019-03-26,36.68,37.25,36.25,36.9,70506.72
2019-03-27,36.96,38.26,36.64,37.59,83646.15
2019-03-28,37.61,38.26,36.97,37.69,71297.6
2019-03-29,38.06,40.56,38.06,39.21,130939.74
2019-04-01,39.21,40.07,38.66,39.52,86688.66
2019-04-02,39.54,39.88,38.58,38.74,65980.71
2019-04-03,38.27,39.23,38.13,38.52,62922.12
2019-04-04,38.65,40.31,38.27,39.83,80922.31
2019-04-08,40.98,42.15,38.97,39.56,101638.09
2019-04-09,39.49,39.49,38.19,39.43,87210.41
2019-04-10,38.91,40.85,38.17,40.04,103029.3
2019-04-11,40.0,40.0,36.96,37.36,146927.32
2019-04-12,36.96,38.05,36.05,36.88,78820.5
2019-04-15,37.53,38.09,37.02,37.03,70452.98
2019-04-16,36.99,38.26,36.31,38.06,64429.01
2019-04-17,37.92,38.65,37.48,38.42,52051.82
2019-04-18,38.45,39.35,38.26,38.91,57084.49
2019-04-19,38.89,38.94,38.06,38.66,34471.97
2019-04-22,38.66,39.48,37.79,37.95,58647.66
2019-04-23,37.61,38.4,37.08,37.75,72269.66
2019-04-24,37.75,38.5,36.59,37.22,69349.14
2019-04-25,37.22,38.69,36.64,37.64,81714.25
2019-04-26,37.93,38.04,36.15,37.29,70052.86
2019-04-29,35.66,36.54,35.34,36.05,165670.83
2019-04-30,35.86,37.58,35.68,37.24,110306.23
2019-05-06,35.65,36.18,33.52,33.93,130613.66
2019-05-07,33.93,35.45,33.78,35.19,92600.31
2019-05-08,35.02,37.23,34.53,36.46,77263.32
2019-05-09,36.46,36.51,33.65,34.67,98484.03
2019-05-10,35.02,36.51,34.72,36.25,87793.58
2019-05-13,35.72,37.56,35.02,37.02,73685.89
2019-05-14,36.31,37.27,36.2,36.46,48064.0
2019-05-15,36.9,38.78,36.7,38.43,118288.37
2019-05-16,38.22,40.11,37.61,39.63,111804.25
2019-05-17,39.63,40.14,38.39,38.71,64697.32
2019-05-20,38.58,38.58,36.38,37.48,65426.29
2019-05-21,37.16,38.11,36.57,37.6,67572.08
2019-05-22,37.61,37.68,36.44,37.01,55221.82
2019-05-23,36.96,36.96,35.52,36.17,62237.24
2019-05-24,35.98,37.01,35.54,36.38,55162.9
2019-05-27,36.29,36.86,35.63,36.64,48339.16
2019-05-28,36.75,37.29,36.31,37.09,50921.12
2019-05-29,36.64,37.47,36.37,36.97,38956.68
2019-05-30,36.64,37.32,35.99,36.4,35484.56
2019-05-31,36.99,37.11,36.13,36.65,32587.16
2019-06-03,36.44,37.09,36.01,36.16,40108.84
2019-06-04,36.21,36.25,34.7,34.89,55231.12
2019-06-05,35.19,35.39,34.37,35.02,49438.75
2019-06-06,35.08,35.73,34.87,34.95,54849.07
2019-06-10,34.96,36.82,34.17,36.37,63544.98
2019-06-11,36.37,39.33,36.37,38.83,111398.66
2019-06-12,38.78,39.35,38.47,38.88,64533.27
2019-06-13,38.91,39.36,37.74,38.52,49713.31
2019-06-14,38.29,39.67,37.97,38.05,55961.93
2019-06-17,37.81,39.15,37.79,38.39,51361.37
2019-06-18,38.38,38.58,37.38,38.25,35543.44
2019-06-19,39.23,39.55,38.36,38.47,70120.79
2019-06-20,38.21,40.59,37.93,40.4,125233.74
2019-06-21,40.14,40.53,39.34,40.22,95456.1
2019-06-24,40.07,41.29,39.59,40.95,85668.58
2019-06-25,40.74,42.15,40.46,41.99,104635.86
2019-06-26,42.02,42.39,41.01,41.4,83849.41
2019-06-27,41.44,44.68,41.44,44.12,135670.49
2019-06-28,44.16,46.58,43.97,44.78,105431.54
2019-07-01,45.46,47.34,45.39,46.36,113567.56
2019-07-02,46.27,46.66,45.37,46.08,76195.52
2019-07-03,45.97,46.36,44.35,45.04,107024.34
2019-07-04,45.0,45.03,43.64,44.35,84279.08
2019-07-05,44.59,46.68,44.48,46.48,115917.32
2019-07-08,46.23,46.4,44.69,45.23,71699.75
2019-07-09,45.15,46.43,44.95,45.22,67777.65
2019-07-10,45.34,46.04,44.61,45.46,62433.34
2019-07-11,45.52,46.04,44.7,45.06,60845.35
2019-07-12,45.27,46.1,45.07,45.92,52575.45
2019-07-15,45.38,45.49,44.28,45.16,57139.05
2019-07-16,45.33,45.55,44.43,44.67,46190.42
2019-07-17,44.87,45.33,44.4,44.93,38692.88
2019-07-18,45.2,45.36,43.7,44.03,41484.6
2019-07-19,44.11,45.55,44.11,45.06,49958.55
2019-07-22,45.49,45.63,43.97,44.26,43695.46
2019-07-23,44.28,44.49,42.73,44.29,75658.68
2019-07-24,44.43,44.8,43.91,44.29,49536.69
2019-07-25,44.35,44.42,43.25,44.32,65521.39
2019-07-26,44.09,44.82,43.97,44.52,33509.54
2019-07-29,44.78,45.37,44.33,45.15,35513.25
2019-07-30,45.15,45.7,44.55,44.61,46449.05
2019-07-31,44.67,44.92,43.84,43.96,32634.56
2019-08-01,43.97,44.06,43.28,43.35,31827.06
2019-08-02,42.15,42.9,41.31,42.6,64535.51
2019-08-05,42.48,43.12,41.76,42.01,33780.56
2019-08-06,41.51,42.65,40.79,42.25,47810.83
2019-08-07,42.47,43.01,42.21,42.25,34395.61
2019-08-08,42.59,42.98,42.47,42.86,30600.49
2019-08-09,43.24,43.5,41.81,41.83,32925.48
2019-08-12,42.23,43.43,42.23,43.23,34171.36
2019-08-13,43.15,44.32,42.66,44.24,54845.79
2019-08-14,44.64,45.59,44.45,44.87,67003.81
2019-08-15,44.2,44.74,43.89,44.32,38721.01
2019-08-16,44.51,45.52,44.11,45.2,49233.77
2019-08-19,45.2,45.9,44.65,45.37,50381.52
2019-08-20,45.41,46.68,45.07,46.04,54571.09
2019-08-21,46.12,46.12,44.96,45.21,33208.67
2019-08-22,45.48,46.54,45.1,46.26,37706.92
2019-08-23,45.89,47.11,45.89,46.81,38476.15
2019-08-26,45.9,46.73,44.57,46.04,31419.71
2019-08-27,47.11,50.39,47.11,48.83,110022.97
2019-08-28,49.6,50.46,48.65,49.06,50696.12
2019-08-29,49.16,49.7,48.53,49.17,43546.35
2019-08-30,49.17,51.13,49.03,50.31,59155.81
2019-09-02,50.37,52.17,49.62,51.85,58654.44
2019-09-03,51.64,52.08,51.13,52.08,32620.72
2019-09-04,51.88,51.88,49.61,50.04,67289.89
2019-09-05,49.91,50.86,49.42,49.71,63515.51
2019-09-06,49.85,49.98,48.05,49.82,66032.25
2019-09-09,50.03,50.59,49.56,50.44,46038.33
2019-09-10,50.44,50.45,48.93,49.75,53906.15
2019-09-11,49.96,50.02,47.11,47.28,100524.7
2019-09-12,47.45,49.65,47.45,49.19,69735.63
2019-09-16,49.28,49.42,48.24,48.87,38779.51
2019-09-17,48.88,49.45,48.29,48.52,33141.03
2019-09-18,48.81,52.14,48.81,51.31,90449.96
2019-09-19,51.4,51.49,50.46,50.84,43738.82
2019-09-20,50.85,52.03,50.47,51.04,54908.4
2019-09-23,50.99,51.04,49.82,50.44,32049.68
2019-09-24,50.31,52.96,50.31,52.23,69422.85
2019-09-25,52.24,53.09,51.57,52.08,41444.24
2019-09-26,52.11,52.67,50.73,50.91,39355.18
2019-09-27,51.19,51.56,49.68,50.77,31188.58
2019-09-30,50.8,51.24,50.21,50.67,39013.75
2019-10-08,50.86,51.64,50.21,50.67,32549.47
2019-10-09,50.87,50.96,49.68,50.65,26953.7
2019-10-10,50.37,51.77,49.68,51.6,50648.81
2019-10-11,51.6,52.74,51.38,52.42,51712.34
2019-10-14,53.09,53.98,52.11,52.37,40931.62
2019-10-15,52.67,56.57,51.92,56.57,93068.92
2019-10-16,55.39,56.48,55.39,56.36,50273.57
2019-10-17,56.4,56.95,55.11,56.04,42649.52
2019-10-18,55.96,55.96,54.4,54.8,43414.4
2019-10-21,54.86,57.88,54.21,56.25,52448.17
2019-10-22,56.64,56.96,55.06,56.06,27568.01
2019-10-23,56.19,57.6,55.38,55.65,42388.04
2019-10-24,55.54,55.54,54.4,54.57,49213.26
2019-10-25,54.99,55.65,54.41,54.96,40761.5
2019-10-28,57.03,57.16,55.41,56.24,69900.24
2019-10-29,56.76,58.98,56.45,58.11,61312.8
2019-10-30,57.96,58.91,57.25,58.55,44234.36
2019-10-31,58.88,59.84,57.75,58.34,53254.17
2019-11-01,58.79,61.22,58.36,60.94,60578.95
2019-11-04,60.94,62.47,59.71,60.37,61800.65
2019-11-05,60.56,61.35,59.71,60.63,37937.33
2019-11-06,60.6,60.87,58.99,59.45,55248.78
2019-11-07,59.65,60.25,59.46,59.91,29069.97
2019-11-08,60.63,60.72,59.36,59.5,37992.98
2019-11-11,60.08,60.08,58.56,59.61,41220.53
2019-11-12,59.48,61.94,59.48,61.36,46057.94
2019-11-13,62.03,62.18,61.14,62.01,43711.16
2019-11-14,62.45,65.15,61.8,64.08,68217.63
2019-11-15,64.08,65.34,63.58,64.63,38990.25
2019-11-18,64.24,65.13,62.8,63.33,55865.88
2019-11-19,63.57,64.76,63.33,64.56,45815.57
2019-11-20,64.69,65.02,63.93,64.69,30224.7
2019-11-21,64.71,64.79,63.68,64.53,30717.87
2019-11-22,64.69,65.05,60.5,61.93,87603.02
2019-11-25,61.93,62.77,59.94,60.91,59182.59
2019-11-26,61.73,62.13,61.17,61.61,58888.37
2019-11-27,62.15,62.4,61.21,61.33,38714.74
2019-11-28,61.61,61.83,60.37,61.1,35090.74
2019-11-29,60.68,61.19,57.32,58.56,88685.95
2019-12-02,58.91,59.44,57.68,57.89,56569.33
2019-12-03,58.09,58.33,56.06,57.8,44209.33
2019-12-04,58.36,59.05,56.76,57.73,46357.07
2019-12-05,57.73,58.01,57.2,57.8,37457.87
2019-12-06,57.9,59.76,57.77,58.74,69893.07
2019-12-09,58.34,58.79,57.25,57.42,56398.1
2019-12-10,57.35,57.97,57.11,57.7,31675.32
2019-12-11,58.09,58.13,56.82,57.16,30735.22
2019-12-12,57.39,57.49,56.86,57.03,27778.81
2019-12-13,57.2,58.98,57.2,58.14,56853.72
2019-12-16,58.27,58.53,57.08,57.69,47887.36
2019-12-17,57.68,58.52,57.36,58.07,41193.01
2019-12-18,58.08,58.66,57.93,58.16,36213.69
2019-12-19,58.18,58.32,56.85,57.03,45563.26
2019-12-20,56.89,57.19,55.73,56.29,53970.25
2019-12-23,55.38,56.67,54.73,56.06,30728.62
2019-12-24,56.18,56.28,55.7,55.81,21451.31
2019-12-25,55.91,55.98,53.77,54.5,79152.55
2019-12-26,54.66,56.76,54.32,55.94,72976.79
2019-12-27,56.06,58.79,56.06,57.73,97951.23
2019-12-30,57.76,60.2,57.47,59.14,92899.83
2019-12-31,59.16,59.52,57.71,58.79,56930.13
2020-01-02,58.28,58.51,57.26,58.2,64864.96
2020-01-03,57.68,57.73,56.97,57.44,48305.37
2020-01-06,57.57,57.57,56.37,56.7,65461.71
2020-01-07,56.76,57.45,56.53,56.97,36738.2
2020-01-08,56.7,57.71,56.41,57.48,53485.72
2020-01-09,57.48,60.69,57.29,59.96,112670.58
2020-01-10,59.95,63.32,59.91,61.74,89936.31
2020-01-13,61.73,63.96,61.73,62.4,76287.32
2020-01-14,62.4,62.85,61.61,61.91,40959.17
2020-01-15,62.14,63.59,61.95,63.02,53930.44
2020-01-16,63.28,64.16,62.33,63.9,50046.46
2020-01-17,64.08,64.45,62.96,63.38,28938.9
2020-01-20,63.39,63.81,62.44,62.86,42115.1
2020-01-21,62.19,62.81,61.09,61.94,40316.84
2020-01-22,61.93,63.38,60.93,62.58,45169.73
2020-01-23,62.72,63.25,59.49,60.09,49280.13
2020-02-03,54.08,54.08,54.08,54.08,11596.0
2020-02-04,49.49,53.66,49.49,52.27,170179.8
2020-02-05,52.44,54.07,50.86,53.27,99523.68
2020-02-06,52.63,54.07,52.45,54.02,57831.71
2020-02-07,54.69,56.28,53.85,55.85,60494.87
2020-02-10,55.65,57.12,54.27,56.24,63711.0
2020-02-11,55.8,58.24,55.8,57.29,50951.65
2020-02-12,57.29,57.97,56.58,57.41,48180.16
2020-02-13,57.81,58.05,57.19,57.58,28017.7
2020-02-14,57.73,57.88,57.02,57.25,31703.93
2020-02-17,57.67,57.78,56.83,57.29,42071.05
2020-02-18,57.35,57.59,56.21,56.8,42876.57
2020-02-19,56.81,57.88,56.07,57.58,65932.62
2020-02-20,57.44,60.07,57.23,59.8,75557.14
2020-02-21,58.99,59.65,58.71,59.16,37264.87
2020-02-24,58.34,58.92,57.02,58.09,47536.98
2020-02-25,57.0,57.78,56.45,57.08,33692.23
2020-02-26,56.45,57.94,56.45,57.12,42150.0
2020-02-27,56.9,59.84,56.9,58.95,77136.58
2020-02-28,56.38,58.53,56.18,56.53,48535.64
2020-03-02,56.76,59.27,56.22,58.6,65680.91
2020-03-03,58.66,60.43,58.66,59.97,53032.76
2020-03-04,59.51,60.23,58.33,59.68,44926.05
2020-03-05,59.69,65.66,59.69,65.66,152496.72
2020-03-06,64.76,66.99,62.85,63.05,99683.21
2020-03-09,62.25,62.25,57.48,58.99,133988.75
2020-03-10,57.88,62.6,57.36,61.84,126508.24
2020-03-11,61.61,63.37,60.37,61.48,66041.38
2020-03-12,60.69,60.69,58.47,59.65,50084.03
2020-03-13,56.66,60.32,55.78,59.46,60563.51
2020-03-16,58.5,58.83,56.29,57.04,65995.53
2020-03-17,56.7,57.68,52.83,56.13,52210.62
2020-03-18,56.8,57.65,54.53,54.93,53293.83
2020-03-19,54.93,55.06,50.47,52.57,60971.57
2020-03-20,53.39,55.12,53.39,54.55,52636.37
2020-03-23,54.34,54.4,52.44,53.08,35538.05
2020-03-24,54.27,55.71,53.35,55.14,48856.89
2020-03-25,57.09,57.61,56.15,56.96,45374.51
2020-03-26,56.66,58.66,56.37,58.15,54809.04
2020-03-27,58.99,60.35,58.91,59.21,44084.93
2020-03-30,58.96,59.57,57.21,57.72,34334.67
2020-03-31,58.9,60.03,58.07,59.11,44620.06
2020-04-01,58.79,60.12,58.24,59.35,38326.55
2020-04-02,59.14,60.29,58.2,59.78,37320.23
2020-04-03,59.71,60.65,58.86,59.51,36469.03
2020-04-07,60.18,61.53,59.74,59.84,49535.12
2020-04-08,59.97,60.86,59.36,60.58,39888.52
2020-04-09,60.83,61.52,60.51,61.48,35898.12
2020-04-10,61.57,62.92,60.85,61.27,33438.04
2020-04-13,60.69,62.04,60.51,61.42,26173.34
2020-04-14,63.03,63.43,61.61,62.99,35773.99
2020-04-15,64.19,64.98,62.63,62.97,37011.1
2020-04-16,62.48,63.21,62.18,62.7,20288.09
2020-04-17,62.39,65.06,62.39,63.87,43151.12
2020-04-20,63.87,64.48,63.51,64.36,33370.6
2020-04-21,63.8,64.17,62.77,63.37,23625.23
2020-04-22,63.5,66.29,63.04,65.28,53456.82
2020-04-23,65.47,66.86,64.63,64.97,30620.92
2020-04-24,65.26,66.07,64.17,65.54,27096.72
2020-04-27,64.94,65.54,63.38,65.1,39229.44
2020-04-28,68.17,71.61,66.84,71.61,107742.15
2020-04-29,70.98,71.96,66.23,67.83,99669.6
2020-04-30,67.51,70.41,66.63,70.34,66005.55
2020-05-06,69.15,70.33,68.93,69.66,59622.91
2020-05-07,69.66,71.57,68.83,71.12,49355.8
2020-05-08,71.12,71.88,69.81,71.02,41326.42
2020-05-11,70.76,72.83,70.0,70.2,52035.95
2020-05-12,70.78,73.41,70.14,72.94,52710.9
2020-05-13,72.94,77.91,72.49,76.86,63470.86
2020-05-14,76.85,77.72,75.9,76.51,33769.84
2020-05-15,76.95,76.95,74.64,75.49,38734.43
2020-05-18,75.38,80.62,74.72,78.19,62217.92
2020-05-19,78.98,80.03,77.74,78.98,49650.79
2020-05-20,78.65,79.96,77.57,78.73,41899.14
2020-05-21,78.68,80.29,78.34,79.93,40345.97
2020-05-22,78.86,78.98,76.1,77.28,51682.48
2020-05-25,77.58,80.08,76.16,79.93,46087.76
2020-05-26,80.36,81.44,78.83,80.54,40439.95
2020-05-27,79.96,81.19,79.63,80.11,41939.88
2020-05-28,79.78,85.11,79.77,81.6,73485.09
2020-05-29,81.73,84.79,81.26,83.97,44385.96
2020-06-01,84.68,88.66,84.56,86.42,57162.94
2020-06-02,86.52,87.03,84.22,85.16,61089.54
2020-06-03,85.17,85.83,84.03,85.19,41264.06
2020-06-04,85.45,87.63,84.55,87.29,44208.58
2020-06-05,87.17,88.78,86.3,88.22,36571.36
2020-06-08,88.27,89.8,87.08,88.73,47594.82
2020-06-09,88.16,89.09,87.83,88.48,33696.23
2020-06-10,88.16,89.08,87.83,88.58,31917.92
2020-06-11,88.49,89.06,86.53,87.82,45467.65
2020-06-12,86.17,89.38,85.44,88.68,44773.42
2020-06-15,89.14,89.14,86.19,87.38,43537.55
2020-06-16,87.77,88.94,87.29,87.83,40962.65
2020-06-17,88.03,88.49,86.52,87.41,33309.62
2020-06-18,87.8,88.33,86.65,87.43,27049.3
2020-06-19,87.42,92.35,87.19,90.95,63671.88
2020-06-22,90.81,91.2,89.28,89.61,40967.93
2020-06-23,89.66,92.15,89.61,91.39,54798.1
2020-06-24,91.92,93.37,90.41,91.18,43823.94
2020-06-29,91.39,95.49,90.8,94.87,56292.23
2020-06-30,94.87,97.37,94.36,95.68,46844.22
2020-07-01,95.25,102.15,95.19,99.82,60419.45
2020-07-02,99.85,102.28,97.74,100.0,69558.91
2020-07-03,98.98,99.51,93.41,97.37,72235.12
2020-07-06,97.0,98.11,94.69,97.07,93929.59
2020-07-07,97.0,101.23,95.35,100.34,101697.12
2020-07-08,98.88,100.18,97.7,98.83,54753.62
2020-07-09,98.95,100.3,98.51,99.78,64661.38
2020-07-10,99.78,103.27,98.83,101.89,61840.68
2020-07-13,101.89,109.08,100.73,108.2,70395.57
2020-07-14,107.75,109.94,105.69,109.26,55900.16
2020-07-15,108.57,114.86,108.55,114.81,65011.94
2020-07-16,113.18,114.03,103.33,103.33,101482.68
2020-07-17,101.31,106.51,99.05,103.31,65576.33
2020-07-20,103.31,104.2,95.7,100.83,77523.5
2020-07-21,100.57,106.89,99.97,104.9,52216.76
2020-07-22,104.26,111.44,103.07,110.07,51289.32
2020-07-23,108.88,112.18,108.23,111.85,49372.19
2020-07-24,111.39,111.39,105.58,107.48,65077.32
2020-07-27,106.26,109.46,106.24,108.13,42323.89
2020-07-28,107.46,114.82,107.46,114.82,73553.33
2020-07-29,115.15,115.48,110.76,114.82,63517.54
2020-07-30,114.03,121.16,113.49,118.18,57769.16
2020-07-31,118.07,119.77,115.48,119.0,45519.21
2020-08-03,120.1,120.46,116.85,118.79,43659.89
2020-08-04,118.81,120.89,117.13,117.84,48626.75
2020-08-05,116.8,118.12,114.82,117.47,41288.76
2020-08-06,117.39,117.54,110.86,112.28,76479.99
2020-08-07,112.12,112.97,106.99,110.36,67302.25
2020-08-10,110.47,111.09,106.57,110.12,45785.45
2020-08-11,109.98,113.14,109.21,109.68,41595.8
2020-08-12,109.74,109.87,103.67,106.47,49470.43
2020-08-13,106.91,109.15,105.57,107.14,37054.59
2020-08-14,107.07,110.78,106.51,110.14,45825.0
2020-08-17,110.86,114.81,110.41,113.17,50286.03
2020-08-18,112.85,115.58,111.01,113.84,37971.45
2020-08-19,112.97,115.52,111.92,113.13,36884.61
2020-08-20,112.64,112.64,109.54,110.24,29896.24
2020-08-21,110.25,115.08,110.25,113.58,36551.82
2020-08-24,114.1,117.51,113.67,117.32,55661.97
2020-08-25,118.12,125.38,118.12,123.11,78464.95
2020-08-26,123.99,127.27,122.0,124.13,56288.71
2020-08-27,123.03,126.57,121.2,125.69,48068.94
2020-08-28,124.69,131.98,124.06,127.61,70492.97
2020-08-31,129.07,133.42,126.72,130.14,64167.81
2020-09-01,129.34,129.34,124.06,128.68,67393.4
2020-09-02,128.69,130.59,126.7,129.46,46252.18
2020-09-03,129.38,133.25,128.69,130.66,50567.96
2020-09-04,127.36,128.68,123.28,127.94,68130.36
2020-09-07,126.7,129.26,124.96,125.54,54027.44
2020-09-08,125.49,127.97,122.23,124.01,46212.98
2020-09-09,122.74,126.37,121.42,124.11,47678.37
2020-09-10,127.03,131.24,127.03,129.78,61631.44
2020-09-11,128.88,139.24,128.88,138.59,71761.83
2020-09-14,139.24,140.56,136.17,139.63,66378.85
2020-09-15,138.57,139.59,136.6,138.48,38650.74
2020-09-16,139.24,141.28,136.26,137.25,41504.11
2020-09-17,135.22,136.72,129.44,130.52,66783.5
2020-09-18,129.62,133.02,127.16,131.27,54113.6
2020-09-21,130.99,131.77,127.8,130.85,31141.71
2020-09-22,130.33,132.62,129.35,129.73,32345.46
2020-09-23,126.45,131.91,122.61,130.86,56763.26
2020-09-24,130.66,133.07,130.13,130.82,39875.46
2020-09-25,131.98,132.97,129.67,129.96,23947.25
2020-09-28,129.93,132.57,128.71,129.73,31794.43
2020-09-29,131.06,131.64,129.01,129.79,19211.02
2020-09-30,129.33,132.37,129.33,130.78,26296.86
2020-10-09,132.67,134.65,130.66,131.81,34474.89
2020-10-12,131.81,144.85,131.81,142.9,74950.81
2020-10-13,143.0,146.88,143.0,144.71,47696.67
2020-10-14,145.96,149.53,144.73,146.07,45382.44
2020-10-15,146.36,148.46,144.38,146.31,22711.2
2020-10-16,147.68,148.43,142.21,142.5,35769.97
2020-10-19,144.48,144.82,135.94,137.42,55279.37
2020-10-20,137.05,141.82,136.43,141.22,43711.15
2020-10-21,141.88,142.21,138.69,140.66,29536.05
2020-10-22,141.2,141.8,135.92,140.42,43436.53
2020-10-23,140.4,140.56,135.28,137.26,36755.81
2020-10-26,128.49,135.78,127.69,134.29,42609.74
2020-10-27,134.29,138.05,133.87,137.77,37249.13
2020-10-28,138.48,150.31,136.85,147.49,68358.63
2020-10-29,147.47,154.87,146.13,152.17,80334.81
2020-10-30,156.74,157.38,147.49,148.55,70003.27
2020-11-02,151.12,154.86,149.87,151.5,58448.84
2020-11-03,151.45,152.69,146.35,149.13,57494.97
2020-11-04,149.0,153.42,147.82,152.75,46822.17
2020-11-05,153.75,156.53,152.43,154.54,47492.41
2020-11-06,154.45,155.41,150.77,154.9,34990.73
2020-11-09,155.32,157.05,149.86,155.4,62193.57
2020-11-10,155.07,165.55,153.79,164.84,66517.97
2020-11-11,163.37,168.93,162.91,166.0,49992.25
2020-11-12,163.98,168.32,162.58,168.27,35305.03
2020-11-13,166.36,166.62,159.23,165.04,53300.71
2020-11-16,165.09,181.11,163.98,180.29,65722.0
2020-11-17,178.86,186.33,173.55,176.06,75791.71
2020-11-18,176.92,176.92,166.95,170.9,60305.49
2020-11-19,168.8,173.6,164.31,171.53,48475.64
2020-11-20,171.57,181.14,170.92,177.51,39499.58
2020-11-23,177.84,183.12,174.29,176.13,44539.86
2020-11-24,176.18,176.32,171.24,175.38,38017.29
2020-11-25,174.21,175.37,167.61,168.66,46261.11
2020-11-26,167.98,171.44,162.34,168.37,43660.49
2020-11-27,169.09,169.71,166.13,169.1,31657.88
2020-11-30,169.14,169.82,158.26,158.82,83476.95
2020-12-01,159.69,165.69,159.11,164.85,52194.8
2020-12-02,165.43,168.43,162.22,164.6,40560.99
2020-12-03,164.31,170.63,162.22,169.82,47684.15
2020-12-04,169.13,175.66,169.0,173.51,64086.37
2020-12-07,173.52,176.81,172.23,172.28,47100.4
2020-12-08,173.3,177.04,171.06,174.94,56991.55
2020-12-09,174.94,180.55,174.34,179.42,63031.79
2020-12-10,177.64,191.37,176.7,184.49,77288.1
2020-12-11,186.75,196.65,184.97,192.69,82784.96
2020-12-14,191.3,195.72,189.39,195.07,46441.23
2020-12-15,194.01,200.45,189.26,194.67,52717.88
2020-12-16,194.98,200.47,194.98,197.97,41690.41
2020-12-17,197.97,214.18,197.97,214.04,60193.26
2020-12-18,212.96,228.05,206.71,217.99,80745.44
2020-12-21,215.26,217.1,209.9,211.99,64716.17
2020-12-22,211.28,219.51,211.17,216.35,56906.65
2020-12-23,216.36,219.08,207.21,215.19,73559.55
2020-12-24,210.5,214.47,207.35,210.25,53735.19
2020-12-25,210.51,216.81,209.2,216.12,40337.02
2020-12-28,221.72,237.49,221.72,236.44,73215.53
2020-12-29,236.49,243.5,234.26,237.56,54851.79
2020-12-30,238.04,244.13,237.56,240.12,42911.87
2020-12-31,238.88,247.68,237.56,247.65,58048.34
2021-01-04,247.65,255.38,244.3,246.56,83244.36
2021-01-05,246.14,255.67,242.51,254.49,76708.62
2021-01-06,257.69,268.11,256.28,260.66,80292.98
2021-01-07,263.91,279.61,256.6,279.61,62136.55
2021-01-08,276.64,286.41,265.25,271.89,93110.56
2021-01-11,269.25,275.85,251.44,256.58,114380.18
2021-01-12,251.44,263.84,250.12,263.16,79336.22
2021-01-13,262.64,266.9,256.37,261.99,62442.72
2021-01-14,261.33,261.33,244.84,256.85,66534.76
2021-01-15,255.01,255.07,234.63,245.24,98785.84
2021-01-18,242.2,246.62,235.52,246.49,69445.58
2021-01-19,248.14,256.35,231.0,236.26,80191.51
2021-01-20,231.64,240.08,223.72,238.24,78520.51
2021-01-21,235.6,252.87,235.6,249.46,68009.72
2021-01-22,249.7,252.03,239.95,247.19,55532.18
2021-01-25,249.04,262.13,247.81,258.09,84549.38
2021-01-26,258.35,258.36,242.12,242.53,66526.72
2021-01-27,238.24,243.65,231.19,239.56,59937.91
2021-01-28,235.14,241.21,232.96,236.26,48221.35
2021-01-29,239.26,253.57,239.26,247.09,80070.46
2021-02-01,249.46,259.97,247.49,248.93,66280.55
2021-02-02,253.67,266.64,253.67,265.95,77303.54
2021-02-03,265.95,267.6,257.7,266.64,73128.01
2021-02-04,266.76,274.67,257.37,258.4,82179.22
2021-02-05,261.99,271.89,252.56,261.33,80633.98
2021-02-08,262.65,272.55,257.38,260.67,65939.35
2021-02-09,263.91,267.58,261.47,266.1,61783.87
2021-02-10,270.57,292.71,270.57,292.71,116159.59
2021-02-18,299.63,306.85,293.17,300.93,90478.86
2021-02-19,296.98,299.61,270.88,279.69,94252.86
2021-02-22,280.47,281.13,251.72,251.72,92235.87
2021-02-23,241.54,253.33,237.91,245.5,86762.58
2021-02-24,244.18,244.18,220.95,228.7,128686.87
2021-02-25,231.31,231.64,218.0,222.4,78002.42
2021-02-26,214.74,214.74,201.85,206.63,125095.56
2021-03-01,210.5,212.5,200.5,204.92,97983.42
2021-03-02,207.15,213.69,201.06,203.8,108132.92
2021-03-03,201.94,209.86,198.65,208.88,76671.48
2021-03-04,203.92,206.26,194.2,199.12,82456.75
2021-03-05,194.68,208.22,191.71,205.09,74461.52
2021-03-08,206.97,209.01,184.58,184.58,110685.88
2021-03-09,178.84,184.78,169.6,170.2,141044.51
2021-03-10,178.7,187.22,178.7,187.22,115278.96
2021-03-11,187.42,205.9,186.76,198.63,124922.25
2021-03-12,201.3,209.38,198.05,206.43,101130.57
2021-03-15,203.02,203.02,185.92,188.52,113135.19
2021-03-16,190.12,199.32,189.28,199.32,90061.82
2021-03-17,196.66,205.0,189.12,202.5,71536.14
2021-03-18,206.56,218.17,205.24,212.57,74708.23
2021-03-19,204.58,211.84,203.59,206.56,65162.21
2021-03-22,204.58,209.14,200.2,208.41,52035.51
2021-03-23,205.9,210.53,203.26,207.82,42015.45
2021-03-24,205.9,217.77,205.31,209.86,63253.55
2021-03-25,205.12,213.69,202.18,210.39,45007.1
2021-03-26,211.85,223.7,211.18,221.45,73557.8
2021-03-29,223.06,233.67,221.45,225.96,66025.47
2021-03-30,225.97,231.43,222.13,225.93,62569.42
2021-03-31,224.31,224.31,215.7,219.63,56537.49
2021-04-01,221.74,227.57,219.98,226.28,36740.64
2021-04-02,230.98,243.17,230.98,243.05,67370.23
2021-04-06,247.32,247.39,240.35,242.92,53556.11
2021-04-07,241.54,242.12,224.15,228.37,69696.96
2021-04-08,222.4,242.35,221.74,240.88,65203.41
2021-04-09,234.94,238.9,225.92,229.66,64325.52
2021-04-12,229.88,234.13,224.38,231.44,45907.3
2021-04-13,230.32,237.58,227.53,228.34,48017.54
2021-04-14,228.34,233.75,227.02,232.97,40848.37
2021-04-15,230.9,235.27,227.2,232.29,45558.95
2021-04-16,235.89,238.3,231.37,231.64,45961.47
2021-04-19,230.78,235.79,224.38,233.96,46102.44
2021-04-20,233.27,244.87,232.38,237.02,70586.45
2021-04-21,234.84,256.06,233.58,252.25,91039.18
2021-04-22,259.02,260.61,247.47,256.06,56514.71
2021-04-23,255.73,260.64,254.08,257.7,42124.77
2021-04-26,258.69,265.57,256.06,258.35,48275.76
2021-04-27,264.63,270.61,248.37,268.12,83983.08
2021-04-28,264.96,283.55,262.85,283.15,75474.08
2021-04-29,282.45,285.71,261.99,274.53,107311.19
2021-04-30,270.64,276.18,266.28,270.74,46026.29
2021-05-06,267.27,272.55,260.14,268.17,46885.1
2021-05-07,267.95,273.87,262.73,264.78,44519.61
2021-05-10,258.03,267.85,256.06,261.33,49440.83
2021-05-11,261.59,269.25,260.01,269.12,50490.48
2021-05-12,267.04,282.45,264.63,280.14,63433.05
2021-05-13,275.7,283.77,272.0,280.51,41978.68
2021-05-14,282.96,294.32,278.49,286.85,48948.09
2021-05-17,286.21,295.64,285.16,292.53,46383.01
2021-05-18,292.06,295.66,286.41,293.67,42841.09
2021-05-19,290.37,295.04,286.74,289.49,31804.16
2021-05-20,291.91,300.26,291.91,298.75,49524.66
2021-05-21,301.47,303.44,290.91,295.65,46749.44
2021-05-24,295.65,300.07,291.41,295.14,39397.56
2021-05-25,298.29,306.28,297.4,302.68,59526.79
2021-05-26,301.59,305.15,291.82,296.31,50308.93
2021-05-27,292.52,298.29,288.06,292.68,46640.69
2021-05-28,295.2,303.57,291.04,298.55,40782.03
2021-05-31,300.61,305.95,295.69,305.46,42506.6
2021-06-01,305.19,306.85,297.63,303.56,36054.07
2021-06-02,304.75,305.95,297.0,299.94,32190.6
2021-06-03,299.75,320.86,299.75,311.36,59441.36
2021-06-04,311.42,318.97,311.37,316.24,41047.98
2021-06-07,319.42,331.95,318.75,329.24,57026.96
2021-06-08,328.65,331.29,296.97,305.13,102841.43
2021-06-09,298.3,310.59,295.03,307.53,63060.69
2021-06-10,305.55,321.98,302.26,321.59,63693.69
2021-06-11,318.22,320.07,306.25,310.33,61774.55
2021-06-15,310.22,321.95,308.0,320.73,49048.93
2021-06-16,323.32,324.0,308.63,317.42,42623.08
2021-06-17,320.07,329.83,314.81,328.13,44341.84
2021-06-18,327.26,328.65,316.78,322.75,50271.94
2021-06-21,320.07,322.05,294.38,311.03,76980.08
2021-06-22,310.17,313.89,302.25,312.81,44544.88
2021-06-23,314.46,314.46,285.09,286.44,108282.75
2021-06-24,283.77,296.97,275.23,292.75,81140.67
2021-06-25,294.8,297.63,286.41,294.8,52742.5
2021-06-28,294.8,296.84,290.37,294.41,47306.95
2021-06-29,296.79,307.53,294.73,296.11,53682.31
2021-06-30,297.2,303.56,293.48,295.65,36446.44
2021-07-01,296.97,306.13,292.02,304.89,46033.34
2021-07-02,300.69,300.83,285.35,286.33,64913.85
2021-07-05,285.6,312.02,284.66,303.84,85274.97
2021-07-06,295.75,303.95,288.35,296.67,87507.42
2021-07-07,294.54,304.72,292.98,303.13,67024.9
2021-07-08,304.99,323.47,304.99,313.31,94649.61
2021-07-09,312.01,312.01,288.35,292.7,106359.21
2021-07-12,292.86,292.86,271.9,287.43,93875.49
2021-07-13,309.61,316.08,294.08,315.34,135899.85
2021-07-14,313.49,331.68,310.87,328.58,108376.5
2021-07-15,330.0,348.07,323.47,345.79,98954.14
2021-07-16,344.28,350.69,337.71,342.06,69481.23
2021-07-19,338.26,350.02,335.95,345.47,58606.93
2021-07-20,342.88,347.86,340.11,343.34,52579.71
2021-07-21,342.88,346.12,333.64,340.02,88967.15
2021-07-22,341.03,351.91,329.94,332.42,90692.07
2021-07-23,329.94,332.71,322.55,327.88,59366.31
2021-07-26,326.39,326.54,295.09,295.75,146729.85
2021-07-27,294.23,313.29,293.9,297.0,119572.81
2021-07-28,291.98,299.34,276.35,297.46,140609.51
2021-07-29,304.99,312.38,287.52,291.13,105902.64
2021-07-30,285.58,285.58,262.01,264.32,168203.48
2021-08-02,252.31,289.8,247.1,287.46,212680.32
2021-08-03,280.04,294.19,269.87,289.91,118640.57
2021-08-04,286.5,291.96,278.18,285.58,76926.37
2021-08-05,277.26,293.81,271.61,285.81,82716.57
2021-08-06,285.33,291.81,277.45,285.47,78718.0
2021-08-09,281.88,292.6,281.14,286.5,87262.99
2021-08-10,287.12,310.53,278.87,307.29,134896.68
2021-08-11,302.22,309.34,295.75,299.63,83087.64
2021-08-12,298.5,304.98,295.7,296.67,55972.69
2021-08-13,296.11,301.88,294.06,298.24,48493.9
2021-08-16,298.52,304.9,296.67,302.77,46687.28
2021-08-17,302.78,302.8,279.11,281.52,87285.18
2021-08-18,282.45,286.12,272.64,281.38,82444.14
2021-08-19,279.73,284.47,273.31,276.44,80662.75
2021-08-20,267.93,270.05,248.89,251.42,164140.73
2021-08-23,258.96,260.63,244.92,249.72,141648.09
2021-08-24,252.31,261.48,248.45,257.02,105099.65
2021-08-25,260.23,266.17,259.59,262.98,74892.56
2021-08-26,261.13,261.13,249.54,254.9,79128.64
2021-08-27,255.54,270.89,252.31,259.7,122904.56
2021-08-30,262.48,264.62,251.12,258.75,94894.98
2021-08-31,257.22,260.63,251.01,256.49,71393.9
2021-09-01,253.65,264.11,242.59,257.84,128984.25
2021-09-02,258.66,261.38,245.84,247.71,85407.71
2021-09-03,246.99,250.09,237.15,246.89,100693.79
2021-09-06,245.83,263.4,241.85,259.49,123698.96
2021-09-07,259.06,268.28,254.25,263.57,95114.01
2021-09-08,266.34,266.36,254.16,254.58,65306.76
2021-09-09,253.24,258.43,251.38,254.53,49869.04
2021-09-10,256.82,274.12,253.23,267.74,116094.34
2021-09-13,266.51,284.58,265.71,271.0,101832.69
2021-09-14,275.23,281.16,272.64,276.88,82597.05
2021-09-15,276.48,276.52,265.25,268.0,81078.67
2021-09-16,265.86,276.83,265.11,274.72,73315.42
2021-09-17,271.26,295.75,271.26,292.84,106779.98
2021-09-22,290.2,292.66,281.92,287.43,70467.71
2021-09-23,286.06,297.6,282.07,288.27,70528.71
2021-09-24,285.44,301.94,285.44,297.33,91919.54
2021-09-27,301.29,325.38,299.1,300.28,148563.91
2021-09-28,297.78,301.78,281.79,292.97,89734.55
2021-09-29,298.52,300.28,285.58,293.9,64336.44
2021-09-30,292.43,297.66,288.54,291.59,65143.43
2021-10-08,293.18,306.22,287.22,300.37,80049.33
2021-10-11,302.29,306.51,291.98,293.53,64231.28
2021-10-12,290.94,297.6,285.89,294.82,52968.0
2021-10-13,296.21,317.74,294.82,308.5,89349.66
2021-10-14,309.7,319.21,303.14,314.65,66530.0
2021-10-15,307.76,323.47,307.76,320.52,70862.52
2021-10-18,312.79,312.79,288.46,288.46,116621.89
2021-10-19,286.69,304.99,286.5,304.98,104639.41
2021-10-20,304.85,310.53,300.35,304.8,49378.06
2021-10-21,304.71,305.82,294.82,301.86,57201.88
2021-10-22,304.99,307.37,298.5,303.26,50569.65
2021-10-25,302.18,304.71,292.99,299.08,59132.4
2021-10-26,298.52,299.64,290.2,295.64,64199.87
2021-10-27,292.05,294.08,285.58,286.87,65672.57
2021-10-28,286.78,292.51,280.27,283.82,73500.51
2021-10-29,286.92,288.17,275.41,278.65,111313.33
2021-11-01,272.64,272.69,264.32,264.97,126970.19
2021-11-02,266.16,269.77,257.86,264.23,98468.43
2021-11-03,266.17,266.33,258.87,260.72,56244.62
2021-11-04,262.23,274.44,261.37,271.09,98337.78
2021-11-05,270.7,280.34,268.21,272.9,72400.15
2021-11-08,271.72,279.43,270.54,277.17,58216.14
2021-11-09,279.11,283.38,276.37,279.12,54234.43
2021-11-10,279.11,282.62,271.24,275.32,49297.53
2021-11-11,273.47,276.15,270.04,272.64,42271.83
2021-11-12,273.2,276.31,269.48,269.77,46407.1
2021-11-15,271.86,275.23,267.62,273.8,41117.93
2021-11-16,273.11,292.77,272.64,287.15,89449.09
2021-11-17,285.97,288.53,282.6,286.46,43664.48
2021-11-18,285.9,289.28,282.62,287.54,40473.33
2021-11-19,285.58,292.79,284.71,288.08,57762.44
2021-11-22,287.22,294.45,285.16,286.69,63020.84
2021-11-23,284.84,289.74,283.08,284.81,54665.63
2021-11-24,284.82,300.18,284.75,293.91,112645.46
2021-11-25,298.35,299.23,288.97,291.29,64539.82
2021-11-26,289.93,292.97,288.89,291.13,47888.94
2021-11-29,289.09,293.53,286.55,291.22,62656.73
2021-11-30,292.03,294.94,286.51,286.52,53846.8
2021-12-01,291.13,292.51,287.01,288.74,36111.54
2021-12-02,289.28,291.49,286.5,291.11,39121.13
2021-12-03,289.28,305.01,288.87,299.91,92927.39
2021-12-06,300.37,303.72,295.75,296.67,57738.94
2021-12-07,295.75,301.9,293.52,294.55,50864.62
2021-12-08,294.59,307.76,292.97,305.77,90732.6
2021-12-09,306.69,316.08,302.22,308.69,105120.63
2021-12-10,306.84,311.45,302.96,308.79,60594.24
2021-12-13,310.15,320.93,310.15,313.93,75552.5
2021-12-14,312.08,318.37,310.24,315.09,62541.23
2021-12-15,312.9,317.0,308.68,309.61,40637.72
2021-12-16,303.51,303.51,278.93,289.28,197114.8
2021-12-17,285.53,290.48,279.42,281.24,94637.97
2021-12-20,279.12,288.99,277.34,287.34,85578.04
2021-12-21,286.96,288.33,278.19,280.81,61562.55
2021-12-22,280.96,283.55,275.19,276.35,67786.5
2021-12-23,280.04,282.88,273.57,282.88,70951.05
2021-12-24,282.88,288.37,281.14,284.15,68682.54
2021-12-27,288.44,297.23,283.73,297.05,99077.64
2021-12-28,295.75,311.25,294.55,301.29,81657.18
2021-12-29,304.99,305.91,291.41,291.62,62613.35
2021-12-30,293.88,299.98,291.94,296.1,43116.59
2021-12-31,297.54,298.52,289.29,291.85,52739.5
2022-01-04,288.93,291.83,280.08,286.97,52798.52
2022-01-05,285.58,288.91,280.67,281.89,43878.33
2022-01-06,280.65,283.73,275.12,278.93,46674.15
2022-01-07,278.46,280.52,271.31,272.64,44175.56
2022-01-10,258.78,274.18,256.01,266.54,97974.46
2022-01-11,266.52,278.18,262.48,268.02,70045.13
2022-01-12,264.58,270.79,261.51,263.61,78927.36
2022-01-13,263.61,266.23,257.85,259.59,79263.95
2022-01-14,259.16,260.99,254.62,254.99,55139.9
2022-01-17,254.42,258.25,248.01,258.2,46592.36
2022-01-18,257.54,269.15,256.93,261.81,79967.43
2022-01-19,266.17,266.43,254.16,256.7,51777.43
2022-01-20,256.93,259.54,253.26,256.91,47226.06
2022-01-21,254.42,261.71,250.37,258.99,59954.75
2022-01-24,256.92,261.55,253.23,253.93,52557.79
2022-01-25,251.38,255.4,247.87,247.99,53210.63
2022-01-26,248.43,266.17,248.43,263.95,130325.98
2022-01-27,267.65,270.61,260.74,264.71,64103.94
2022-01-28,264.71,267.92,253.46,254.3,66495.13
2022-02-07,251.75,261.55,240.4,247.97,88880.13
2022-02-08,248.58,249.78,234.75,237.06,74132.8
2022-02-09,235.67,252.31,232.9,250.46,81466.29
2022-02-10,248.61,252.91,247.23,249.44,39803.61
2022-02-11,249.44,264.49,246.76,261.18,69681.19
2022-02-14,263.7,275.92,263.4,270.89,93205.89
2022-02-15,273.57,279.57,271.76,276.68,60736.83
2022-02-16,277.26,279.08,274.11,276.49,38855.02
2022-02-17,275.4,277.26,271.76,274.65,40419.37
2022-02-18,274.65,277.26,270.14,276.03,29424.27
2022-02-21,274.49,277.87,269.87,272.94,27316.61
2022-02-22,269.91,271.07,261.46,268.72,36789.52
2022-02-23,272.57,273.11,266.17,272.47,30413.76
2022-02-24,271.43,276.34,264.29,268.38,43108.16
2022-02-25,268.89,272.64,266.63,267.84,26206.22
2022-02-28,267.43,271.21,263.4,270.08,31866.2
2022-03-01,270.79,276.34,270.05,274.74,37243.98
2022-03-02,272.72,278.82,268.94,276.46,36934.76
2022-03-03,276.94,278.55,264.38,265.06,49681.54
2022-03-04,263.31,264.6,254.62,261.55,37974.76
2022-03-07,258.78,261.55,250.83,251.75,54865.25
2022-03-08,256.01,264.32,251.85,253.18,53388.49
2022-03-09,253.21,256.83,243.99,253.19,58692.16
2022-03-10,265.84,275.72,262.94,271.72,82677.21
2022-03-11,266.08,269.88,258.25,265.36,55463.17
2022-03-14,260.79,260.79,245.83,247.69,81718.23
2022-03-15,242.62,248.55,235.77,239.32,53965.23
2022-03-16,243.99,252.77,235.7,249.81,69526.55
2022-03-17,254.62,264.92,253.65,258.78,71791.09
2022-03-18,257.64,260.16,251.74,253.55,40329.78
2022-03-21,254.53,256.54,249.55,253.59,32278.98
2022-03-22,256.01,256.31,249.54,250.18,25621.06
2022-03-23,250.37,253.68,246.99,250.89,33821.38
2022-03-24,247.69,248.22,240.29,243.44,53301.87
2022-03-25,243.25,248.38,236.68,238.26,56331.54
2022-03-28,232.9,233.81,220.42,222.97,92802.52
2022-03-29,222.73,227.82,221.87,224.48,48784.83
2022-03-30,226.79,235.49,225.67,235.3,56285.7
2022-03-31,232.02,237.52,231.62,235.58,32785.83
2022-04-01,234.74,244.95,233.25,239.19,42289.04
2022-04-06,234.75,237.89,228.43,231.84,48748.64
2022-04-07,229.71,235.67,228.7,231.44,24327.87
2022-04-08,231.98,235.56,227.82,228.74,35769.75
2022-04-11,227.46,227.46,211.35,212.41,78589.35
2022-04-12,216.66,233.65,215.4,233.65,93816.97
2022-04-13,232.58,241.22,229.2,236.97,74380.53
2022-04-14,241.36,258.8,237.06,251.87,92775.19
2022-04-15,247.69,251.38,244.15,245.56,53625.58
2022-04-18,242.07,246.02,235.23,244.19,52855.46
2022-04-19,244.92,249.46,238.45,241.35,45759.28
2022-04-20,241.29,248.33,237.52,244.0,49178.36
2022-04-21,242.38,246.24,240.29,242.14,40920.53
2022-04-22,242.0,243.99,236.14,241.29,49827.76
2022-04-25,237.41,246.3,231.14,234.29,63990.43
2022-04-26,234.75,245.84,234.75,237.99,87797.69
2022-04-27,239.83,249.53,239.37,248.47,82511.66
2022-04-28,250.83,254.85,248.98,251.38,64024.08
2022-04-29,253.23,256.56,240.53,251.38,82859.26
2022-05-05,250.46,254.8,246.39,246.82,55097.35
2022-05-06,242.14,242.14,231.05,234.43,54973.39
2022-05-09,231.05,231.05,221.81,226.77,62561.55
2022-05-10,221.82,235.67,220.42,232.04,66187.36
2022-05-11,231.53,241.62,231.53,237.33,57381.75
2022-05-12,236.59,243.88,233.92,239.19,37560.6
2022-05-13,241.93,243.35,236.18,238.82,32996.94
2022-05-16,239.45,240.91,233.55,235.63,38186.72
2022-05-17,237.06,241.83,234.31,238.45,37600.22
2022-05-18,240.18,240.29,232.44,238.62,41642.94
2022-05-19,235.67,237.34,231.66,233.82,43623.61
2022-05-20,236.11,244.51,236.1,243.05,69018.78
2022-05-23,243.01,243.01,234.75,235.67,63233.91
2022-05-24,235.99,236.57,231.97,232.94,40457.21
2022-05-25,234.98,235.28,223.2,229.44,62922.12
2022-05-26,229.2,229.93,223.81,226.99,52225.19
2022-05-27,229.2,235.55,227.54,232.24,60788.45
2022-05-30,234.84,242.14,232.9,241.45,80709.91
2022-05-31,240.29,253.79,237.99,251.85,90982.89
2022-06-01,249.91,252.2,246.76,251.01,47064.96
2022-06-02,247.78,252.96,247.69,249.77,30681.74
2022-06-06,249.79,258.59,246.3,255.8,48090.79
2022-06-07,254.67,266.63,253.65,264.42,55121.25
2022-06-08,265.62,270.75,261.76,264.79,59868.28
2022-06-09,264.51,268.57,260.64,261.89,35537.64
2022-06-10,258.32,265.22,254.27,265.22,45720.78
2022-06-13,259.7,261.55,253.35,255.73,63369.8
2022-06-14,251.12,259.98,250.67,259.06,33211.66
2022-06-15,258.78,268.02,255.54,264.33,58305.81
2022-06-16,265.56,268.66,259.79,261.55,32879.0
2022-06-17,258.79,268.57,258.78,266.06,41713.24
2022-06-20,268.94,281.88,266.63,276.15,62846.39
2022-06-21,274.4,280.5,271.88,274.07,43087.83
2022-06-22,274.06,276.55,270.48,270.85,30098.6
2022-06-23,273.55,277.87,270.95,277.52,45681.48
2022-06-24,279.95,283.27,276.55,279.85,45670.36
2022-06-27,281.89,299.44,281.89,295.28,69182.48
2022-06-28,293.43,299.16,293.13,295.19,53153.22
2022-06-29,295.19,296.5,292.36,293.65,41172.17
2022-06-30,294.95,309.5,294.95,301.88,66024.27
2022-07-01,297.42,300.21,281.72,290.13,95491.01
2022-07-04,282.55,289.99,281.73,287.1,66601.77
2022-07-05,289.58,291.66,278.83,284.63,77890.42
2022-07-06,286.27,286.27,275.31,277.16,64334.92
2022-07-07,277.17,280.04,272.38,278.46,45922.91
2022-07-08,281.91,283.95,275.42,279.55,48658.41
2022-07-11,274.26,276.5,270.65,272.51,45054.09
2022-07-12,271.36,273.91,266.01,269.9,35468.7
2022-07-13,269.45,271.95,266.99,269.32,37081.34
2022-07-14,269.3,270.06,265.82,268.07,31145.95
2022-07-15,265.96,277.0,265.96,268.67,64730.16
2022-07-18,268.61,269.87,260.81,267.03,52731.5
2022-07-19,265.82,269.34,261.64,264.89,36226.83
2022-07-20,267.22,271.86,265.82,269.9,43633.81
2022-07-21,268.64,272.79,268.08,269.72,34592.39
2022-07-22,270.28,275.4,267.78,270.28,34142.23
2022-07-25,269.54,273.71,264.06,272.15,32918.86
2022-07-26,274.12,277.49,273.26,275.3,37705.64
2022-07-27,273.26,274.59,265.72,266.86,42778.69
2022-07-28,266.98,270.47,265.04,266.08,25566.81
2022-07-29,263.94,267.68,253.74,254.83,74101.45
2022-08-01,253.49,256.06,250.95,252.49,66784.25
2022-08-02,250.95,252.92,245.65,247.7,79951.25
2022-08-03,248.1,252.7,246.33,248.33,42797.25
2022-08-04,250.02,255.92,247.72,254.48,54019.41
2022-08-05,256.11,258.04,252.36,256.09,33041.77
2022-08-08,254.48,262.42,253.75,257.24,37942.75
2022-08-09,256.25,259.87,254.49,257.35,24765.44
2022-08-10,258.26,259.5,250.95,253.8,36394.72
2022-08-11,254.69,259.28,252.99,258.25,40105.95
2022-08-12,258.37,264.24,256.06,263.28,46183.81
2022-08-15,262.1,262.92,256.76,258.27,45702.53
2022-08-16,259.57,259.78,248.29,249.82,81576.93
2022-08-17,248.89,252.81,244.91,250.39,61091.59
2022-08-18,247.65,249.82,243.23,247.76,77496.55
2022-08-19,245.91,249.69,243.33,246.34,38201.97
2022-08-22,244.91,251.87,244.52,246.7,36098.12
2022-08-23,246.67,247.6,240.73,243.19,58989.99
2022-08-24,241.91,246.49,241.66,244.44,41156.21
2022-08-25,245.37,256.53,245.37,256.53,98409.32
2022-08-26,261.64,276.04,260.71,266.69,165216.76
2022-08-29,264.89,272.94,264.21,265.17,73008.51
2022-08-30,265.16,266.78,259.86,264.05,48709.8
2022-08-31,263.22,278.72,262.11,272.33,106265.88
2022-09-01,272.21,275.73,268.62,271.94,54781.78
2022-09-02,273.8,274.19,264.97,268.17,47453.67
2022-09-05,263.03,266.28,258.2,262.83,61979.72
2022-09-06,264.95,268.4,262.13,265.84,42369.25
2022-09-07,266.16,266.19,256.53,258.5,58931.98
2022-09-08,258.5,270.76,258.5,265.44,82727.31
2022-09-09,268.22,272.79,261.18,270.66,77329.28
2022-09-13,270.66,275.57,267.32,272.33,56490.5
2022-09-14,268.61,272.22,266.75,271.68,28344.57
2022-09-15,269.8,277.53,269.8,275.12,54852.75
2022-09-16,275.1,276.96,268.61,269.07,40786.51
2022-09-19,269.54,283.06,267.92,273.02,64371.84
2022-09-20,275.5,278.14,270.28,275.2,39674.14
2022-09-21,273.57,276.97,270.48,271.54,26994.47
2022-09-22,269.66,273.26,268.03,271.81,25045.04
2022-09-23,271.81,274.19,269.09,271.3,33368.02
2022-09-26,268.93,281.8,267.68,278.51,63015.7
2022-09-27,277.24,287.97,277.02,286.44,68629.05
2022-09-28,285.34,292.73,283.57,285.2,54541.62
2022-09-29,288.13,289.06,281.62,282.81,42771.08
2022-09-30,287.2,287.94,278.94,281.52,32116.5
2022-10-10,280.74,281.16,261.17,263.13,85946.35
2022-10-11,263.96,266.66,255.6,263.13,49361.71
2022-10-12,264.8,264.8,250.95,258.85,78963.95
2022-10-13,263.03,263.96,252.99,254.3,84428.85
2022-10-14,256.48,261.73,254.3,258.33,62813.54
2022-10-17,256.53,256.61,247.99,252.42,61339.41
2022-10-18,252.44,255.18,248.73,251.41,39312.03
2022-10-19,249.14,250.85,241.66,244.07,85312.87
2022-10-20,240.72,251.79,237.96,250.66,71650.22
2022-10-21,248.36,250.02,244.04,247.7,45629.52
2022-10-24,240.73,241.66,223.73,225.71,131500.93
2022-10-25,222.16,230.29,221.26,226.88,80654.09
2022-10-26,227.01,233.16,222.85,223.95,82792.89
2022-10-27,223.53,227.71,211.81,213.49,111935.3
2022-10-28,216.26,222.44,213.51,218.08,94276.13
2022-10-31,214.52,218.94,211.27,215.98,53333.75
2022-11-01,218.42,233.75,218.3,233.27,117083.22
2022-11-02,232.36,246.3,229.58,237.85,106826.87
2022-11-03,234.22,234.59,229.2,231.12,57442.39
2022-11-04,229.57,247.87,229.55,241.5,99028.3
2022-11-07,237.94,246.77,237.94,245.37,63689.58
2022-11-08,244.52,247.23,237.94,240.04,48395.35
2022-11-09,238.4,240.63,232.67,234.89,52209.5
2022-11-10,233.01,241.91,232.44,240.72,56170.99
2022-11-11,250.02,252.81,244.45,249.54,88341.54
2022-11-14,251.06,257.63,243.15,243.63,62167.35
2022-11-15,245.36,250.76,241.77,245.56,59705.8
2022-11-16,243.77,249.28,242.21,247.33,38456.67
2022-11-17,245.47,247.88,238.92,241.26,45292.78
2022-11-18,241.66,249.53,240.08,244.66,40121.98
2022-11-21,239.8,239.91,234.68,237.93,45931.05
2022-11-22,239.32,241.81,236.45,237.75,29631.22
2022-11-23,237.01,238.4,233.29,235.43,27099.32
2022-11-24,237.73,238.71,231.02,231.42,39321.54
2022-11-25,231.71,232.82,225.85,231.32,36835.88
2022-11-28,225.85,229.59,219.35,228.54,63773.96
2022-11-29,232.54,243.51,232.54,242.45,98810.69
2022-11-30,239.81,243.81,235.18,237.98,56848.06
2022-12-01,245.37,251.98,241.93,242.23,89469.62
2022-12-02,241.6,245.79,239.82,243.5,40775.01
2022-12-05,248.87,250.2,244.93,245.74,52622.48
2022-12-06,243.65,260.99,243.61,254.67,95586.98
2022-12-07,254.73,261.64,251.33,255.88,65283.15
2022-12-08,255.89,260.43,254.74,258.39,49146.34
2022-12-09,258.16,264.95,252.34,264.14,76906.31
2022-12-12,262.1,264.04,257.44,258.11,60299.64
2022-12-13,258.29,260.13,254.2,259.36,42524.18
2022-12-14,259.33,271.4,257.14,268.53,72986.36
2022-12-15,270.14,271.3,260.24,264.02,55988.9
2022-12-16,263.5,268.14,262.1,266.57,35428.44
2022-12-19,266.95,269.53,262.51,263.95,27790.93
2022-12-20,262.58,263.77,250.35,252.57,55404.28
2022-12-21,254.61,260.24,254.58,258.24,41696.69
2022-12-22,262.8,265.82,257.46,262.83,35137.37
2022-12-23,260.34,267.68,258.55,263.92,31932.89
2022-12-26,264.8,266.36,261.17,261.82,30660.09
2022-12-27,264.43,268.33,261.19,265.82,32974.53
2022-12-28,264.45,266.64,261.92,265.22,28376.62
2022-12-29,263.03,264.43,258.76,262.87,31607.19
2022-12-30,263.03,266.47,263.03,264.88,29713.1
2023-01-03,264.16,264.16,252.81,256.38,72342.1
2023-01-04,256.33,258.32,253.18,256.53,32210.12
2023-01-05,259.89,269.26,257.72,265.88,70846.11
2023-01-06,265.88,269.77,261.41,267.21,53363.68
2023-01-09,269.25,271.7,264.98,269.52,51103.76
2023-01-10,268.5,277.68,266.75,273.26,52205.37
2023-01-11,273.26,275.89,270.48,273.26,40556.64
2023-01-12,275.39,277.88,273.79,276.32,47195.6
2023-01-13,275.34,286.91,275.34,284.93,66757.76
2023-01-16,284.89,296.31,284.47,289.89,65996.31
2023-01-17,291.83,291.83,282.66,284.41,45525.84
2023-01-18,284.41,288.11,276.96,278.02,55649.34
2023-01-19,277.82,279.53,272.29,277.42,49935.41
2023-01-20,281.62,283.38,273.63,275.49,49975.3
2023-01-30,278.83,279.3,270.28,275.98,72144.26
2023-01-31,275.95,278.83,268.61,270.98,48631.41
2023-02-01,270.98,272.23,265.16,270.4,50989.59
2023-02-02,272.22,273.72,268.53,270.84,52314.14
2023-02-03,267.68,269.54,261.17,266.36,56051.46
2023-02-06,263.66,263.66,256.65,261.5,53742.35
2023-02-07,262.88,265.37,261.64,264.46,39005.85
2023-02-08,264.89,265.87,259.31,260.67,29660.91
2023-02-09,261.17,268.61,260.24,268.61,52025.89
2023-02-10,268.61,271.43,264.75,266.76,41467.22
2023-02-13,263.44,278.44,263.03,275.77,70574.81
2023-02-14,276.51,283.48,273.72,278.37,50532.07
2023-02-15,277.18,280.69,274.58,276.06,37556.23
2023-02-16,277.44,283.74,276.04,278.38,47733.18
2023-02-17,277.7,282.95,273.26,273.26,42243.99
2023-02-20,272.33,277.61,269.22,276.85,39064.89
2023-02-21,275.16,277.52,268.61,271.65,39750.24
2023-02-22,270.96,274.63,268.7,269.65,31066.12
2023-02-23,269.59,271.39,265.16,268.61,28486.71
2023-02-24,265.82,267.67,260.29,261.99,38917.1
2023-02-27,260.32,266.28,260.24,263.73,41130.8
2023-02-28,265.88,266.19,259.92,262.71,30325.9
2023-03-01,262.32,265.81,260.6,264.24,37006.41
2023-03-02,264.81,264.87,257.53,259.22,55418.19
2023-03-03,260.52,261.96,254.67,256.14,46785.71
2023-03-06,255.6,256.06,251.01,254.95,40790.73
2023-03-07,254.59,254.65,247.23,247.84,67995.84
2023-03-08,246.32,248.78,244.42,246.0,43971.2
2023-03-09,247.54,247.84,241.76,244.9,41239.88
2023-03-10,241.89,247.23,241.78,243.65,41686.95
2023-03-13,245.37,253.72,244.61,252.06,70525.96
2023-03-14,252.01,256.41,248.3,252.9,57170.74
2023-03-15,258.39,259.32,249.09,249.18,46034.14
2023-03-16,250.86,258.09,249.09,254.21,59248.14
2023-03-17,254.67,255.6,246.77,248.38,62229.51
2023-03-20,245.37,250.35,243.51,247.45,35140.21
2023-03-21,248.07,255.6,246.77,253.13,49768.57
2023-03-22,253.18,257.82,249.19,250.07,41064.99
2023-03-23,249.41,253.63,248.16,251.98,33312.16
2023-03-24,251.8,255.74,250.7,254.3,32454.82
2023-03-27,254.31,254.31,250.63,252.33,29514.95
2023-03-28,252.79,256.53,252.3,255.44,31680.82
2023-03-29,257.66,257.69,252.41,254.66,27794.55
2023-03-30,254.67,257.14,252.36,255.6,33930.2
2023-03-31,255.6,258.88,252.81,253.18,41231.78
2023-04-03,251.88,253.17,247.14,248.92,56801.83
2023-04-04,248.88,249.91,245.16,248.5,62066.88
2023-04-06,247.4,247.4,238.87,239.11,70046.83
2023-04-07,237.04,238.87,232.64,234.58,84525.28
2023-04-10,232.55,232.63,224.0,226.89,98290.1
2023-04-11,228.55,234.22,227.79,228.23,88128.22
2023-04-12,228.63,231.28,223.08,224.07,67018.45
2023-04-13,224.0,232.36,222.22,229.27,74040.78
2023-04-14,229.57,231.25,225.63,226.14,45244.25
2023-04-17,226.61,229.4,226.58,227.71,50567.83
2023-04-18,228.19,229.38,226.84,228.48,44692.73
2023-04-19,229.39,229.57,226.04,227.43,30360.28
2023-04-20,227.52,227.99,223.51,224.87,31252.36
2023-04-21,224.93,225.74,221.23,222.02,43654.22
2023-04-24,221.21,222.87,218.23,219.56,50792.56
2023-04-25,221.18,224.0,218.23,223.79,46232.48
2023-04-26,223.79,226.32,221.74,223.12,34264.9
2023-04-27,223.37,227.71,220.74,226.9,51204.7
2023-04-28,234.22,238.64,229.85,230.93,84469.08
2023-05-04,230.5,233.28,222.14,222.15,64805.36
2023-05-05,222.15,223.71,219.89,223.44,37632.91
2023-05-08,223.44,224.0,217.4,218.14,55989.13
2023-05-09,217.87,226.31,215.27,224.29,67667.42
2023-05-10,223.53,224.23,220.17,220.79,35360.49
2023-05-11,223.07,224.22,219.13,219.41,26328.1
2023-05-12,218.42,221.11,217.16,217.3,30998.3
2023-05-15,215.72,218.88,214.97,218.73,26245.46
2023-05-16,218.74,219.23,216.0,217.02,22702.92
2023-05-17,217.02,217.89,213.0,213.96,34598.27
2023-05-18,214.59,214.67,209.27,211.11,43444.08
2023-05-19,210.04,216.24,207.27,215.89,57555.58
2023-05-22,204.48,209.8,194.3,209.12,197947.19
2023-05-23,205.41,207.27,196.67,198.7,167034.79
2023-05-24,196.11,203.65,195.95,200.2,74870.93
2023-05-25,199.71,203.67,196.45,200.43,61439.84
2023-05-26,200.25,203.62,199.53,202.02,48347.27
2023-05-29,202.08,203.07,198.43,199.0,34521.86
2023-05-30,199.83,200.29,194.69,195.82,66549.0
2023-05-31,195.65,196.86,192.42,195.02,59560.85
2023-06-01,195.95,204.5,195.21,197.45,69877.86
2023-06-02,198.93,201.53,197.62,200.91,53833.23
2023-06-05,200.91,200.91,195.47,197.07,47670.87
2023-06-06,196.62,199.41,194.11,195.86,52440.31
2023-06-07,196.09,197.07,191.26,191.42,56665.81
2023-06-08,191.46,194.75,191.04,193.36,46136.08
2023-06-09,193.37,194.66,189.82,189.82,56791.43
2023-06-12,189.96,193.38,187.41,191.54,87056.12
2023-06-13,191.55,192.95,183.84,190.38,102387.75
2023-06-14,190.38,198.0,189.31,195.98,114346.52
2023-06-15,196.74,204.38,195.21,204.11,90953.84
2023-06-16,204.48,206.55,202.66,204.48,67179.94
2023-06-19,204.48,205.44,199.12,199.89,51349.58
2023-06-20,199.28,200.14,193.89,194.28,75328.35
2023-06-21,192.42,194.17,189.08,189.26,68927.29
2023-06-26,188.7,188.7,181.53,184.83,74253.7
2023-06-27,184.73,185.02,176.04,181.32,104119.98
2023-06-28,181.24,184.88,178.5,180.99,59966.04
2023-06-29,180.84,180.9,174.39,175.37,104220.79
2023-06-30,177.32,178.03,174.45,174.88,68804.38
2023-07-03,174.88,185.37,173.82,185.37,110409.77
2023-07-04,183.32,190.69,182.47,190.2,92995.88
2023-07-05,190.2,190.41,185.37,187.15,51743.31
2023-07-06,185.87,190.41,185.22,187.03,48307.18
2023-07-07,185.83,190.88,185.22,187.19,50100.13
2023-07-10,187.22,193.71,187.22,190.28,56889.37
2023-07-11,190.79,191.82,189.0,190.79,34585.09
2023-07-12,189.95,196.55,189.95,193.09,54078.82
2023-07-13,193.82,203.47,193.82,201.23,117544.04
2023-07-14,202.1,203.74,198.15,199.38,49542.86
2023-07-17,197.5,199.61,194.66,199.23,44664.11
2023-07-18,200.33,201.46,198.16,199.77,33640.18
2023-07-19,198.45,201.74,198.17,201.22,38050.54
2023-07-20,202.86,205.05,200.1,201.27,43573.68
2023-07-21,200.01,206.46,198.08,202.71,74725.77
2023-07-24,199.48,200.59,195.6,197.78,82512.83
2023-07-25,209.78,214.31,207.06,212.61,164222.65
2023-07-26,212.59,217.32,212.18,215.37,86920.42
2023-07-27,215.49,224.53,215.49,222.72,110266.99
2023-07-28,220.27,225.07,216.86,224.21,92098.4
2023-07-31,226.12,234.87,223.19,225.63,124154.0
2023-08-01,223.94,226.6,217.65,219.7,97276.04
2023-08-02,217.78,222.04,216.96,218.61,42908.01
2023-08-03,219.98,223.34,214.69,221.65,54360.45
2023-08-04,224.52,227.72,219.79,221.26,46780.19
2023-08-07,221.0,222.5,217.34,219.16,45327.85
2023-08-08,217.34,220.48,216.58,218.0,30425.05
2023-08-09,218.01,220.17,217.02,218.94,31355.32
2023-08-10,217.65,220.08,216.63,219.19,25105.4
2023-08-11,219.49,219.98,213.84,213.84,43862.35
2023-08-14,209.78,212.31,207.16,211.92,48296.16
2023-08-15,211.9,213.16,208.83,211.67,32786.97
2023-08-16,210.34,215.06,209.98,213.08,38922.64
2023-08-17,212.1,217.29,210.99,217.07,44589.65
2023-08-18,217.13,219.32,212.99,213.33,33570.55
2023-08-21,212.61,217.98,208.83,214.36,43441.49
2023-08-22,214.87,215.63,210.02,213.98,39724.74
2023-08-23,213.99,213.99,209.46,209.59,27443.95
2023-08-24,210.82,218.54,208.75,217.26,57985.35
2023-08-25,218.08,219.23,215.26,218.14,49190.44
2023-08-28,231.98,233.39,219.9,222.06,81578.24
2023-08-29,222.06,231.22,220.45,229.42,75726.41
2023-08-30,230.46,231.98,227.73,228.68,43346.65
2023-08-31,229.6,230.47,226.6,228.72,34577.99
2023-09-01,231.51,237.18,231.51,235.48,56783.51
2023-09-04,239.83,248.35,239.07,248.35,121231.8
2023-09-05,246.16,249.35,242.85,244.09,67823.58
2023-09-06,242.09,243.31,240.24,242.48,44095.69
2023-09-07,240.96,241.9,238.12,239.77,36283.22
2023-09-08,238.04,242.08,237.77,241.46,28467.88
2023-09-11,240.01,245.56,239.1,242.8,40920.0
2023-09-12,242.19,242.24,239.35,240.44,27514.02
2023-09-13,241.9,246.21,240.05,241.72,37186.6
2023-09-14,242.75,243.98,240.3,241.15,39359.94
2023-09-15,241.71,242.74,237.33,238.64,56996.58
2023-09-18,236.76,240.25,235.46,238.66,30931.37
2023-09-19,240.3,240.49,233.4,236.23,39180.99
2023-09-20,236.23,236.23,232.95,234.38,35796.38
2023-09-21,233.44,233.9,227.94,228.2,47514.84
2023-09-22,228.2,233.21,226.83,232.75,49133.2
2023-09-25,232.77,235.29,230.56,231.25,29845.0
2023-09-26,230.56,232.55,229.62,229.87,18501.52
2023-09-27,230.57,232.83,227.28,228.4,26593.01
2023-09-28,229.62,230.35,225.68,226.31,27839.11
2023-10-09,226.31,230.56,223.01,229.66,42043.92
2023-10-10,233.55,234.89,227.64,227.64,32467.27
2023-10-11,230.38,230.45,225.07,226.69,30255.96
2023-10-12,230.53,231.51,221.52,222.05,50281.21
2023-10-13,221.3,221.3,216.86,217.57,41239.18
2023-10-16,217.23,217.54,213.61,214.28,37514.87
2023-10-17,215.45,219.51,212.3,216.77,34056.95
2023-10-18,216.39,223.85,215.12,219.35,35154.28
2023-10-19,218.28,218.75,211.67,211.67,57853.27
2023-10-20,209.56,214.3,209.3,211.11,38978.23
2023-10-23,209.78,214.99,209.11,213.18,32299.87
2023-10-24,213.18,220.16,211.88,217.41,46121.02
2023-10-25,225.37,230.79,224.52,226.27,68929.37
2023-10-26,224.42,230.07,224.42,229.51,39917.46
2023-10-27,229.15,230.26,222.06,229.16,68952.7
2023-10-30,226.51,233.54,226.31,232.25,59327.01
2023-10-31,231.51,235.0,230.56,233.59,31291.95
2023-11-01,244.74,247.57,237.19,237.19,69160.4
2023-11-02,241.2,241.2,232.27,233.14,33635.57
2023-11-03,232.28,237.26,231.51,235.84,25045.59
2023-11-06,239.07,239.07,233.64,237.64,37814.15
2023-11-07,237.45,238.11,232.51,234.75,28653.26
2023-11-08,232.45,235.31,231.5,234.82,30646.99
2023-11-09,234.63,235.19,231.84,234.77,21677.43
2023-11-10,233.55,234.33,229.81,230.85,34688.35
2023-11-13,230.56,231.12,225.21,227.35,32267.66
2023-11-14,227.73,229.58,225.46,227.62,22950.94
2023-11-15,229.62,230.09,227.26,229.16,25332.42
2023-11-16,228.49,229.6,223.95,224.9,25187.76
2023-11-17,223.19,224.75,220.17,222.99,30434.44
2023-11-20,220.65,224.8,219.51,223.42,25627.29
2023-11-21,224.81,232.25,222.98,231.08,50105.62
2023-11-22,230.51,232.54,228.39,229.52,19278.46
2023-11-23,228.79,229.61,224.21,227.11,21851.02
2023-11-24,226.66,230.09,224.9,227.27,17546.72
2023-11-27,225.59,226.6,221.28,224.14,29663.12
2023-11-28,224.88,225.37,219.3,221.11,28283.57
2023-11-29,221.06,224.41,217.76,223.93,30855.69
2023-11-30,224.88,226.69,222.68,225.71,24158.51
2023-12-01,226.39,227.48,221.0,222.86,36831.77
2023-12-04,222.06,222.06,216.18,216.39,42908.24
2023-12-05,214.51,215.85,209.97,209.98,37756.01
2023-12-06,208.94,211.95,208.3,210.46,35628.24
2023-12-07,209.47,213.08,208.94,212.4,40145.2
2023-12-08,212.58,219.58,210.77,218.75,44340.75
2023-12-11,215.11,215.11,206.0,213.18,75593.28
2023-12-12,211.8,218.23,211.01,217.78,43050.86
2023-12-13,217.78,217.78,209.66,209.78,52260.55
2023-12-14,210.86,212.21,204.14,204.3,59766.56
2023-12-15,205.72,210.67,204.3,205.52,47668.14
2023-12-18,203.88,208.34,202.85,206.25,29711.73
2023-12-19,206.0,208.02,204.02,206.66,22002.26
2023-12-20,206.66,208.25,203.49,203.92,29102.95
2023-12-21,202.96,210.08,202.5,209.52,52918.23
2023-12-22,209.52,212.04,207.38,210.02,29336.63
2023-12-25,209.74,215.14,209.1,214.18,35728.77
2023-12-26,214.03,214.18,210.75,212.58,19422.57
2023-12-27,212.15,214.45,210.62,213.08,22304.26
2023-12-28,213.18,221.87,212.06,220.46,59239.79
2023-12-29,219.7,221.66,215.26,218.03,48087.39
2024-01-02,215.52,216.11,209.29,209.58,45685.6
2024-01-03,208.84,210.9,207.13,208.9,35215.59
2024-01-04,208.83,208.83,203.32,205.52,40450.41
2024-01-05,205.03,205.83,202.34,203.37,32365.43
2024-01-08,202.72,204.58,199.38,201.75,29488.3
2024-01-09,201.7,203.15,197.69,199.39,31829.28
2024-01-10,198.44,204.11,196.84,201.37,29398.0
2024-01-11,200.23,202.5,197.8,201.16,21581.11
2024-01-12,199.49,200.78,196.07,199.83,27913.25
2024-01-15,199.19,199.19,192.29,192.66,53801.34
2024-01-16,191.72,195.59,190.12,193.25,46966.6
2024-01-17,192.49,193.24,183.72,185.58,73475.68
2024-01-18,187.1,193.34,185.09,193.09,83244.78
2024-01-19,190.92,196.36,189.93,194.17,53281.7
2024-01-22,192.77,193.68,188.99,191.09,51415.63
2024-01-23,190.6,192.49,188.04,190.18,31961.23
2024-01-24,192.29,192.76,186.1,189.67,36187.07
2024-01-25,189.58,194.27,187.57,193.04,44907.56
2024-01-26,191.95,196.27,191.83,195.97,42763.62
2024-01-29,196.73,200.89,195.04,196.74,41158.59
2024-01-30,195.7,195.72,189.56,190.04,30391.12
2024-01-31,188.99,191.04,187.07,189.09,37095.28
2024-02-01,188.99,194.18,188.6,192.74,39459.91
2024-02-02,193.73,200.71,192.65,197.96,68195.26
2024-02-05,195.36,205.24,194.26,202.83,67350.44
2024-02-06,202.29,209.11,201.84,207.7,63299.09
2024-02-07,208.82,214.5,206.0,213.87,64032.86
2024-02-08,214.04,217.05,208.01,212.8,55600.61
2024-02-19,217.13,219.23,211.23,212.44,55320.02
2024-02-20,212.5,215.62,208.75,210.88,38204.29
2024-02-21,210.72,223.84,208.84,220.99,85796.08
2024-02-22,220.14,222.99,217.69,221.97,29618.88
2024-02-23,219.37,225.26,218.8,220.61,31343.9
2024-02-26,219.23,221.47,214.97,215.66,35743.08
2024-02-27,213.76,215.43,211.57,213.62,40986.26
2024-02-28,212.72,216.18,210.91,214.3,36886.01
2024-02-29,214.3,220.64,213.51,220.23,43888.11
2024-03-01,219.13,226.1,218.14,223.95,48958.56
2024-03-04,223.86,227.13,222.59,223.57,35943.66
2024-03-05,223.53,229.62,222.44,228.64,47094.73
2024-03-06,228.39,229.58,224.6,224.9,24440.17
2024-03-07,225.55,226.38,223.38,224.69,25030.66
2024-03-08,224.14,226.27,222.83,223.95,21277.68
2024-03-11,223.48,230.14,223.35,228.78,33150.51
2024-03-12,228.78,243.61,228.34,241.38,73698.5
2024-03-13,238.6,242.58,238.01,240.68,34010.62
2024-03-14,240.33,243.55,231.7,237.54,46981.33
2024-03-15,235.83,239.06,234.34,238.01,35003.42
2024-03-18,235.86,237.43,233.87,236.38,26101.44
2024-03-19,234.34,240.01,232.61,236.69,38544.87
2024-03-20,235.8,236.71,234.25,235.1,32735.54
2024-03-21,237.65,239.06,235.1,235.98,30063.03
2024-03-22,235.99,236.23,229.71,233.26,32883.55
2024-03-25,234.34,234.34,229.84,232.95,25732.51
2024-03-26,234.34,237.17,232.88,236.4,29789.72
2024-03-27,236.08,237.93,231.76,232.7,26499.97
2024-03-28,232.45,235.27,231.23,231.6,28247.86
2024-03-29,231.52,233.3,230.16,231.59,14114.73
2024-04-01,231.51,242.85,231.5,238.63,41622.02
2024-04-02,237.65,241.98,236.72,240.3,32702.62
2024-04-03,240.3,242.09,238.64,239.71,18574.99
2024-04-08,236.23,236.23,231.75,233.04,46520.93
2024-04-09,233.04,235.15,231.19,232.03,23788.36
2024-04-10,233.07,234.82,228.21,231.28,34376.84
2024-04-11,229.05,232.45,228.68,230.29,23247.62
2024-04-12,230.0,232.27,226.79,226.88,27648.55
2024-04-15,226.87,238.03,225.45,237.93,55702.76
2024-04-16,235.29,237.65,231.7,234.17,35752.49
2024-04-17,231.79,233.97,228.11,229.84,37262.26
2024-04-18,228.85,232.88,225.84,229.05,28625.21
2024-04-19,227.56,230.09,223.48,225.73,28495.02
2024-04-22,227.61,232.28,226.36,230.28,29764.47
2024-04-23,231.2,235.34,228.44,234.72,38966.32
2024-04-24,235.9,235.95,231.98,235.37,22172.59
2024-04-25,235.29,235.29,229.78,232.06,31800.37
2024-04-26,235.29,241.89,235.29,238.4,67283.97
2024-04-29,238.42,250.41,238.39,243.84,81868.16
2024-04-30,245.49,252.66,244.55,247.87,61031.65
2024-05-06,252.29,258.61,250.88,254.19,72194.11
2024-05-07,253.24,257.55,250.41,255.25,37960.98
2024-05-08,255.2,256.55,253.32,253.9,25620.82
2024-05-09,254.72,256.08,253.05,254.22,35973.7
2024-05-10,255.1,256.88,252.39,255.44,27173.92
2024-05-13,253.27,254.19,249.27,249.58,51867.44
2024-05-14,249.96,250.52,245.68,248.68,38041.78
2024-05-15,248.64,250.02,245.81,246.11,22963.03
2024-05-16,247.38,249.36,242.07,247.38,41131.7
2024-05-17,247.71,250.97,244.55,249.25,35229.12
2024-05-20,249.25,256.55,248.52,250.0,39986.7
2024-05-21,244.73,247.57,241.24,246.94,34760.46
2024-05-22,246.94,247.57,242.57,245.14,28806.89
2024-05-23,246.18,246.63,242.92,243.27,20551.3
2024-05-24,243.43,243.7,236.23,238.26,37408.59
2024-05-27,238.01,240.56,236.25,237.33,29156.47
2024-05-28,236.37,237.57,234.01,234.32,23678.11
2024-05-29,234.32,235.26,230.9,231.87,30112.92
2024-05-30,230.67,233.4,227.96,230.09,32739.72
2024-05-31,230.56,232.02,228.05,228.05,29509.23
2024-06-03,228.49,233.16,226.86,229.71,39716.86
2024-06-04,229.71,232.85,228.68,230.48,36655.08
2024-06-05,230.09,233.71,229.15,230.53,36256.19
2024-06-06,230.45,231.49,225.37,228.51,42557.18
2024-06-07,230.55,230.85,223.41,224.36,44043.32
2024-06-11,223.66,224.71,217.63,219.05,53642.78
2024-06-12,218.91,221.97,218.28,218.98,33790.51
2024-06-13,219.21,220.08,214.33,215.82,46359.36
2024-06-14,215.82,222.89,214.07,221.88,70289.68
2024-06-17,220.93,221.59,214.97,220.44,51234.68
2024-06-18,219.7,222.06,214.31,215.32,44506.47
2024-06-19,215.45,216.2,212.14,212.69,40874.66
2024-06-20,212.61,213.38,207.88,211.87,51719.16
2024-06-21,209.78,211.18,203.77,205.05,73628.91
2024-06-24,201.28,209.78,200.69,207.07,66265.88
2024-06-25,206.99,209.75,205.45,206.72,50089.8
2024-06-26,204.63,209.39,204.63,206.04,35188.46
2024-06-27,205.24,206.0,201.08,204.12,43280.08
2024-06-28,203.16,204.58,198.86,199.27,48002.53
2024-07-01,197.49,199.98,192.8,195.66,60466.55
2024-07-02,194.66,199.76,193.35,197.15,52774.05
2024-07-03,197.02,198.26,191.82,192.21,41839.69
2024-07-04,192.21,194.28,188.52,190.26,47284.24
2024-07-05,189.95,191.79,186.31,186.9,45332.08
2024-07-08,186.3,187.73,182.44,183.52,50222.12
2024-07-09,182.58,184.47,177.95,183.33,99166.69
2024-07-10,181.5,189.0,180.3,184.76,65058.42
2024-07-11,187.05,191.79,184.01,186.6,76746.13
2024-07-12,188.31,191.88,185.79,190.5,73127.43
2024-07-15,190.38,192.68,187.86,189.22,47412.4
2024-07-16,188.34,189.51,185.49,186.59,50324.06
2024-07-17,186.42,192.8,184.2,192.6,66997.47
2024-07-18,191.73,197.33,191.25,193.47,61207.21
2024-07-19,192.41,197.68,190.12,197.05,69484.26
2024-07-22,197.13,197.13,189.61,190.28,67253.19
2024-07-23,190.28,190.85,178.97,178.97,84167.94
2024-07-24,178.68,180.19,173.87,174.83,73151.97
2024-07-25,174.84,178.16,173.53,175.28,58103.53
2024-07-26,175.59,177.44,173.16,176.13,44073.68
2024-07-29,174.09,176.75,171.94,172.56,54954.8
2024-07-30,170.96,174.63,167.3,174.6,77579.07
2024-07-31,174.0,181.59,173.96,178.05,88852.24
2024-08-01,177.97,178.02,170.97,172.15,66235.63
2024-08-02,170.97,173.85,170.03,170.97,35439.14
2024-08-05,171.16,179.68,170.38,177.17,90165.21
2024-08-06,177.33,180.05,175.8,178.69,62940.12
2024-08-07,178.63,185.43,177.13,184.49,78184.38
2024-08-08,183.43,193.71,182.85,188.26,81029.8
2024-08-09,189.12,191.42,185.94,186.9,48145.44
2024-08-12,185.14,186.87,183.16,184.77,34543.74
2024-08-13,185.1,185.13,181.06,182.44,33455.43
2024-08-14,182.36,182.54,177.15,179.22,47676.31
2024-08-15,178.26,182.15,177.73,178.99,43440.62
2024-08-16,178.89,178.89,175.55,177.53,34084.43
2024-08-19,177.73,182.62,177.3,177.76,38744.3
2024-08-20,177.73,177.73,174.55,175.96,36855.73
2024-08-21,175.02,177.07,174.54,174.65,28929.15
2024-08-22,174.56,175.51,171.26,172.58,42291.34
2024-08-23,172.61,174.55,170.84,171.72,31556.32
2024-08-26,171.93,173.38,168.36,169.72,36834.94
2024-08-27,169.06,171.83,166.32,169.75,42510.53
2024-08-28,160.87,162.27,152.79,159.95,173571.35
2024-08-29,156.48,162.65,155.75,160.92,93532.96
2024-08-30,160.34,173.85,158.85,170.8,106243.61
2024-09-02,169.03,169.03,161.73,161.73,69133.79
2024-09-03,161.72,165.05,161.36,163.87,37347.12
2024-09-04,163.53,166.06,161.76,161.88,29609.65
2024-09-05,161.88,163.03,160.63,162.47,28961.86
2024-09-06,161.91,162.47,158.22,158.4,25023.8
2024-09-09,157.06,158.89,154.13,154.46,43233.05
2024-09-10,154.16,158.12,153.41,154.21,50360.91
2024-09-11,154.22,155.51,151.79,154.45,34366.16
2024-09-12,154.06,154.67,148.86,148.89,68205.45
2024-09-13,147.78,149.18,144.6,145.08,81975.08
2024-09-18,144.6,146.23,142.28,142.75,57636.3
2024-09-19,143.1,152.66,142.0,147.92,109400.08
2024-09-20,146.72,149.72,145.99,148.97,63484.25
2024-09-23,149.15,155.09,149.15,149.21,64655.06
2024-09-24,152.42,159.42,148.97,159.42,132309.85
2024-09-25,162.61,164.67,158.3,158.84,122272.76
2024-09-26,159.02,174.73,158.41,174.73,146032.65
2024-09-27,185.45,192.21,183.53,192.21,143905.4
2024-09-30,208.65,211.43,200.93,211.43,179660.8
2024-10-08,232.57,232.57,211.92,222.93,250879.17
2024-10-09,217.33,217.33,200.64,200.64,200980.81
2024-10-10,200.97,209.0,196.38,202.21,139629.04
2024-10-11,201.39,201.39,189.86,192.56,103498.42
2024-10-14,192.65,197.37,187.1,195.26,95383.77
2024-10-15,195.11,195.11,185.79,186.24,71448.41
2024-10-16,183.52,188.83,182.56,184.01,62786.5
2024-10-17,185.14,185.45,177.63,177.91,72875.55
2024-10-18,176.28,188.36,175.19,184.52,120522.48
2024-10-21,184.3,189.08,182.56,186.56,85651.11
2024-10-22,185.84,190.24,184.78,189.32,81712.16
2024-10-23,189.32,196.08,187.56,192.23,84647.71
2024-10-24,189.32,191.15,185.72,186.18,48649.79
2024-10-25,185.9,190.72,184.97,188.35,51251.28
2024-10-28,191.73,198.01,187.61,197.5,112954.39
2024-10-29,194.26,202.72,194.26,196.41,74523.31
2024-10-30,194.12,197.24,188.93,190.38,63048.55
2024-10-31,192.22,196.08,190.37,194.05,65249.26
2024-11-01,194.68,203.79,192.8,201.64,108883.28
2024-11-04,201.64,204.58,198.49,202.74,67990.5
2024-11-05,199.87,211.24,198.67,210.36,96492.16
2024-11-06,210.86,211.93,203.81,206.57,71474.22
2024-11-07,205.35,226.02,205.16,225.44,132363.48
2024-11-08,227.37,228.92,216.94,218.39,112669.38
2024-11-11,212.84,218.86,209.22,218.29,86283.9
2024-11-12,219.26,222.54,213.66,214.43,66435.03
2024-11-13,211.11,216.89,210.57,215.43,38892.14
2024-11-14,213.13,218.19,212.59,213.67,49626.14
2024-11-15,212.52,215.23,208.73,209.43,66722.59
2024-11-18,207.67,211.53,204.39,205.66,56972.59
2024-11-19,207.67,208.61,195.7,201.94,91905.93
2024-11-20,201.44,205.16,199.37,202.84,42294.95
2024-11-21,202.84,204.97,199.63,201.37,45485.38
2024-11-22,201.39,202.28,192.35,192.6,68625.33
2024-11-25,194.51,196.63,188.64,191.0,56083.75
2024-11-26,190.28,195.89,189.61,194.15,53776.87
2024-11-27,193.47,197.88,192.1,195.5,47173.22
2024-11-28,195.88,196.5,192.51,193.89,37371.82
2024-11-29,195.11,201.65,194.15,196.75,57239.33
2024-12-02,194.16,198.2,193.2,194.6,66155.13
2024-12-03,194.73,195.01,191.26,193.34,50838.05
2024-12-04,194.02,195.1,190.99,192.82,45026.64
2024-12-05,192.0,192.7,190.36,191.99,29329.59
2024-12-06,192.0,195.98,190.96,193.19,50961.73
2024-12-09,193.18,196.08,191.33,193.65,53235.31
2024-12-10,203.78,206.96,196.85,198.03,141422.32
2024-12-11,196.85,201.65,196.56,197.9,57031.27
2024-12-12,196.08,202.84,195.75,202.82,93682.69
2024-12-13,199.94,200.6,192.54,192.64,110237.28
2024-12-16,192.22,193.18,187.24,188.25,76118.56
2024-12-17,188.35,190.77,186.64,188.67,46567.57
2024-12-18,188.84,190.73,187.75,188.55,37307.9
2024-12-19,187.37,188.57,185.07,186.64,48678.19
2024-12-20,186.64,188.15,185.42,185.94,38896.87
2024-12-23,186.3,186.81,181.61,181.98,62837.96
2024-12-24,181.99,184.0,181.12,183.06,51004.86
2024-12-25,183.51,184.05,181.01,182.44,48710.72
2024-12-26,182.44,183.72,181.01,182.49,30178.67
2024-12-27,182.23,183.33,180.7,181.39,44708.33
2024-12-30,181.59,182.39,179.13,179.59,47820.46
2024-12-31,179.18,181.59,177.82,177.93,61553.68
2025-01-02,177.0,177.73,170.97,171.91,89257.01
2025-01-03,171.93,174.42,170.97,171.93,56723.56
2025-01-06,170.09,171.64,166.62,168.26,69795.37
2025-01-07,168.27,170.17,166.68,168.01,37305.28
2025-01-08,168.04,169.02,164.3,165.72,48094.66
2025-01-09,165.73,170.14,164.29,167.21,51511.6
2025-01-10,167.1,168.14,164.86,165.55,41460.21
2025-01-13,164.91,168.71,164.41,167.64,58594.48
2025-01-14,168.07,174.82,167.67,174.69,76971.59
2025-01-15,173.91,175.31,171.36,174.1,41510.15
2025-01-16,174.64,176.28,170.97,172.22,38740.02
2025-01-17,171.82,175.73,171.82,172.47,48994.29
2025-01-20,174.08,178.67,174.08,176.08,65129.92
2025-01-21,176.76,176.91,172.84,173.67,39771.0
2025-01-22,172.96,173.14,168.9,170.41,40930.84
2025-01-23,171.93,174.32,170.02,171.04,48177.2
2025-01-24,169.79,172.19,169.26,170.2,40116.28
2025-01-27,170.24,171.25,167.89,168.48,43271.4
2025-02-05,168.48,170.42,165.44,166.27,41893.41
2025-02-06,166.27,169.34,165.86,167.92,40096.53
2025-02-07,167.94,171.58,165.75,170.42,60957.45
2025-02-10,170.92,173.29,169.3,172.78,55068.03
2025-02-11,172.78,174.55,171.15,171.41,41370.82
2025-02-12,171.41,176.8,170.89,176.57,58352.71
2025-02-13,177.29,190.07,176.58,188.49,164670.88
2025-02-14,186.09,188.95,183.33,186.22,71362.22
2025-02-17,184.34,190.61,184.34,189.03,74662.42
2025-02-18,188.56,189.53,183.23,184.49,57766.85
2025-02-19,183.73,186.07,182.38,185.88,46600.59
2025-02-20,185.28,188.46,184.23,186.74,50268.36
2025-02-21,186.69,190.41,185.23,189.3,59682.44
2025-02-24,188.26,197.83,188.07,194.83,101743.25
2025-02-25,193.01,194.43,189.24,190.12,46153.74
2025-02-26,190.42,195.49,189.73,195.16,61759.09
2025-02-27,194.67,203.7,193.94,200.51,117743.33
2025-02-28,199.82,205.6,199.08,199.51,87646.22
2025-03-03,199.51,202.44,191.87,192.93,73473.68
2025-03-04,191.59,192.94,188.46,191.88,39545.0
2025-03-05,191.88,194.42,189.56,192.58,37581.5
2025-03-06,192.74,197.25,192.67,196.76,56774.28
2025-03-07,196.39,202.42,194.43,201.26,60491.95
2025-03-10,201.19,202.76,198.84,201.79,40934.16
2025-03-11,200.66,212.55,199.67,212.55,102566.05
2025-03-12,212.55,215.22,207.98,209.71,63644.05
2025-03-13,209.71,215.47,209.13,211.48,55437.08
2025-03-14,212.94,221.39,211.35,218.28,115028.52
2025-03-17,222.64,224.24,214.61,224.24,121897.74
2025-03-18,223.33,224.14,217.17,220.2,71950.87
2025-03-19,218.14,222.68,216.67,217.67,52118.66
2025-03-20,217.33,217.65,211.68,214.08,66603.13
2025-03-21,213.53,215.48,209.91,212.55,52980.88
2025-03-24,208.3,210.1,204.41,208.83,78937.77
2025-03-25,208.83,209.5,204.23,208.13,44710.0
2025-03-26,208.61,213.53,208.12,208.48,44101.24
2025-03-27,208.15,215.0,205.78,213.21,42974.31
2025-03-28,213.45,214.17,210.13,212.76,36511.38
2025-03-31,212.77,213.42,206.19,209.89,39332.92
2025-04-01,209.8,211.34,207.72,208.08,22157.56
2025-04-02,207.16,209.71,206.73,208.44,20658.41
2025-04-03,205.7,215.3,205.7,213.68,53981.64
2025-04-07,205.7,212.55,201.33,212.06,94479.72
2025-04-08,210.59,212.06,203.78,212.06,89428.26
2025-04-09,208.64,218.07,207.95,218.07,74654.42
2025-04-10,217.45,217.46,212.13,217.45,58871.85
2025-04-11,217.45,219.34,211.57,216.46,51924.34
2025-04-14,214.51,218.2,209.61,211.28,51423.88
2025-04-15,209.63,211.33,208.83,210.95,39046.5
2025-04-16,210.01,214.05,208.79,213.75,38648.82
2025-04-17,212.44,219.31,210.98,219.31,61306.31
2025-04-18,218.16,218.76,214.51,215.58,36383.84
2025-04-21,214.7,215.58,209.13,210.49,55181.89
2025-04-22,208.93,216.06,208.86,213.48,55311.99
2025-04-23,215.49,215.49,209.62,210.36,45203.18
2025-04-24,211.84,211.84,208.78,209.32,43026.56
2025-04-25,209.52,211.54,206.38,206.82,47338.99
2025-04-28,206.85,208.13,205.21,205.22,37383.97
2025-04-29,204.74,206.68,198.55,198.83,71776.02
2025-04-30,198.83,200.7,196.0,199.92,42921.53
2025-05-06,202.37,202.37,198.45,200.15,42585.06
2025-05-07,204.15,204.31,199.19,200.08,37735.98
2025-05-08,198.93,203.02,197.08,200.05,33005.92
2025-05-09,199.33,200.41,198.36,199.15,24324.93
2025-05-12,201.02,203.0,198.93,201.84,36410.3
2025-05-13,201.95,202.89,200.66,201.2,21611.58
2025-05-14,200.85,209.9,199.45,206.38,67942.18
2025-05-15,205.62,207.93,205.21,205.21,34013.82
2025-05-16,204.72,205.44,200.5,200.8,31509.29
2025-05-19,196.02,198.84,194.94,196.0,56787.38
2025-05-20,195.57,197.27,194.43,194.43,47486.32
2025-05-21,194.17,195.05,191.83,192.53,44089.02
2025-05-22,191.83,192.78,189.0,189.05,47152.38
2025-05-23,188.99,191.49,187.45,188.07,52737.06
2025-05-26,187.31,189.19,183.95,184.46,48568.88
2025-05-27,184.47,186.6,184.18,184.54,48078.72
2025-05-28,184.55,185.96,182.09,184.15,50034.84
2025-05-29,184.17,187.11,183.29,183.93,55587.1
2025-05-30,183.94,184.25,180.33,180.52,53879.15
2025-06-03,178.24,179.09,176.8,177.39,62542.27
2025-06-04,177.29,178.5,174.84,175.51,74271.29
2025-06-05,175.51,179.74,175.51,179.13,77529.74
2025-06-06,178.31,181.7,177.5,177.89,53122.71
2025-06-09,177.88,178.17,173.18,174.22,96067.88
2025-06-10,174.22,174.22,171.41,173.2,84288.1
2025-06-11,172.41,175.18,172.41,173.47,67294.32
2025-06-12,173.27,173.37,170.04,170.29,83918.49
2025-06-13,169.78,170.26,166.82,167.59,77006.69
2025-06-16,166.52,169.55,164.85,168.69,102974.29
2025-06-17,168.47,173.11,168.22,171.17,85525.1
2025-06-18,174.35,175.65,173.07,173.81,108581.91
2025-06-19,172.96,176.12,172.1,172.98,59436.45
2025-06-20,172.98,181.21,172.98,179.68,120345.74
2025-06-23,176.7,177.78,173.37,174.07,87256.74
2025-06-24,174.03,177.65,173.96,175.71,65460.33
2025-06-25,175.71,176.31,172.66,175.14,81079.38
2025-06-26,174.64,176.94,173.16,175.97,59770.23
2025-06-27,174.99,175.48,172.84,172.84,54815.61
2025-06-30,172.39,174.38,171.41,172.78,64699.2
2025-07-01,172.39,172.39,169.94,170.85,56321.4
2025-07-02,170.83,174.03,170.44,172.02,65620.99
2025-07-03,172.0,173.76,171.04,172.02,56972.99
2025-07-04,171.41,173.53,170.92,172.1,59832.44
2025-07-07,173.1,173.49,171.84,172.49,44316.06
2025-07-08,172.49,176.36,172.21,175.9,63317.39
2025-07-09,175.99,183.2,175.4,178.28,111046.64
2025-07-10,177.35,179.71,176.49,178.54,71529.58
2025-07-11,178.55,180.88,177.21,177.49,88217.59
2025-07-14,177.49,179.34,175.5,177.97,53349.37
2025-07-15,177.0,177.86,173.5,174.41,78552.88
2025-07-16,174.4,177.75,174.03,175.61,66154.06
2025-07-17,175.0,176.5,174.4,176.07,49656.08
2025-07-18,175.85,181.88,175.85,181.1,170145.74
2025-07-21,180.0,180.8,178.22,180.29,92771.84
2025-07-22,180.0,192.26,180.0,190.78,182832.69
2025-07-23,189.75,193.0,188.8,189.71,116420.05
2025-07-24,188.35,191.48,188.35,190.46,64232.6
2025-07-25,190.44,190.5,184.84,185.58,86071.18
2025-07-28,184.98,184.98,181.69,183.36,92476.46
2025-07-29,182.76,183.8,181.8,183.03,62949.14
2025-07-30,183.91,186.76,182.82,185.1,86434.3
2025-07-31,183.51,184.18,178.4,179.0,115588.12
2025-08-01,178.8,179.8,178.02,178.91,52548.78
2025-08-04,178.51,178.79,176.66,178.2,49864.93
2025-08-05,178.22,181.51,178.22,181.29,66002.23
2025-08-06,182.0,182.89,180.14,182.1,47591.76
2025-08-07,181.11,183.19,181.05,181.41,41314.84
2025-08-08,181.19,181.88,179.01,179.13,44955.62
2025-08-11,179.13,187.58,179.13,186.62,126321.95
2025-08-12,186.23,192.0,185.73,186.8,113930.99
2025-08-13,186.0,189.42,185.5,188.08,67653.42
2025-08-14,186.9,190.88,186.78,187.34,65014.0
2025-08-15,187.0,190.0,184.6,188.58,63980.07
2025-08-18,188.58,192.0,188.58,189.79,90481.02
2025-08-19,190.09,195.85,190.09,193.73,130014.98
2025-08-20,192.0,198.98,191.9,196.99,121336.73
2025-08-21,197.29,197.59,194.0,194.41,65154.94
2025-08-22,194.39,196.89,193.39,196.54,62980.85
2025-08-25,196.54,207.0,196.54,205.68,114451.27
2025-08-26,203.63,208.0,202.96,207.9,79144.37
2025-08-27,205.83,205.83,198.88,198.94,114071.33
2025-08-28,197.96,200.5,194.95,197.61,77705.11
2025-08-29,197.61,203.91,197.61,202.02,86420.05
2025-09-01,200.57,201.07,198.1,200.6,89222.4
2025-09-02,200.68,204.0,199.3,200.14,68967.64
2025-09-03,201.0,204.26,197.5,198.61,58684.34
2025-09-04,197.45,198.37,194.92,197.26,58274.41
2025-09-05,197.26,200.6,195.8,200.03,46926.5
2025-09-08,199.85,204.85,198.88,203.97,73187.81
2025-09-09,203.98,205.9,201.91,205.79,50081.75
2025-09-10,205.79,210.84,203.5,205.92,80367.81
2025-09-11,205.06,208.69,204.0,207.9,51960.15
2025-09-12,208.17,212.5,205.65,206.26,51174.62
2025-09-15,206.5,210.29,204.26,207.85,42300.6
2025-09-16,208.04,208.88,205.8,208.39,48057.63
2025-09-17,207.2,208.28,203.0,204.45,56204.79
2025-09-18,204.2,204.2,199.68,201.0,61887.03
2025-09-19,199.8,200.89,196.63,200.0,59611.68
2025-09-22,196.95,198.98,193.6,196.0,62706.78
2025-09-23,195.0,196.0,191.0,193.81,63463.6
2025-09-24,193.3,196.75,193.3,194.61,41926.88
2025-09-25,194.61,195.5,192.0,192.4,42582.3
2025-09-26,192.2,194.0,189.1,191.16,60378.8
2025-09-29,190.83,196.4,189.37,194.55,66337.99
2025-09-30,194.01,195.5,192.33,194.01,53202.99
2025-10-09,193.98,193.98,186.03,190.39,74190.33
2025-10-10,189.67,191.0,187.53,188.7,51906.29
2025-10-13,186.6,188.7,186.03,186.99,43879.62
2025-10-14,187.5,192.93,186.69,191.83,69185.91
2025-10-15,191.51,193.93,189.95,193.25,47233.72
2025-10-16,192.05,199.83,192.05,198.8,62407.28
2025-10-17,198.0,199.98,195.52,195.9,46559.37
2025-10-20,195.91,197.2,190.8,191.57,51403.44
2025-10-21,190.81,192.55,189.5,189.72,46944.17
2025-10-22,189.88,192.76,188.05,188.31,36693.82
2025-10-23,187.8,189.62,186.0,189.5,39072.34
2025-10-24,189.42,190.58,184.0,184.38,68154.55
2025-10-27,184.0,185.66,181.89,184.85,49249.28
2025-10-28,184.86,190.99,184.8,187.29,72025.69
2025-10-29,187.29,187.91,184.62,186.57,36144.59
2025-10-30,185.0,191.57,185.0,188.01,68222.13
2025-10-31,188.9,195.8,188.5,190.5,93720.74
2025-11-03,189.88,193.88,189.3,193.1,61147.76
2025-11-04,192.69,192.69,187.5,188.9,43325.28
2025-11-05,187.58,191.16,186.02,188.38,38908.34
2025-11-06,188.39,191.44,187.5,187.99,31780.4
2025-11-07,187.98,189.46,186.8,187.1,30705.54
2025-11-10,187.1,201.3,186.3,198.99,129294.14
2025-11-11,197.5,200.99,195.57,199.56,68165.2
2025-11-12,200.03,202.26,197.93,198.52,48341.73
2025-11-13,197.88,202.88,197.0,201.0,52925.05
2025-11-14,201.0,202.55,196.0,196.58,45366.51
2025-11-17,196.6,203.58,194.39,198.99,70492.97
2025-11-18,199.0,202.0,196.06,196.91,54376.36
2025-11-19,196.49,197.46,194.2,195.29,29270.36
2025-11-20,195.2,196.57,193.0,193.4,34856.05
2025-11-21,194.0,196.49,189.31,193.0,60371.02
2025-11-24,191.06,195.0,191.06,192.4,38892.91
2025-11-25,193.5,193.51,189.42,192.99,36452.35
2025-11-26,193.0,193.99,191.6,193.3,25364.97
2025-11-27,193.33,197.0,191.7,195.5,45912.55
2025-11-28,194.53,195.5,193.39,194.3,27369.35
