date,open,high,low,close,volume
2010-01-04,12.28,12.55,12.14,12.35,35884.68
2010-01-05,12.35,12.84,12.33,12.73,55669.21
2010-01-06,12.75,13.69,12.71,13.04,60342.67
2010-01-07,13.16,13.5,13.03,13.16,50343.96
2010-01-08,13.0,13.32,12.79,13.21,36897.84
2010-01-11,13.37,13.6,12.96,13.53,63230.8
2010-01-12,13.53,14.06,13.36,13.82,55262.93
2010-01-13,13.54,14.05,13.46,13.85,64345.66
2010-01-14,13.69,14.25,13.69,14.06,58562.95
2010-01-15,14.06,14.23,13.74,13.95,28068.5
2010-01-18,13.89,14.11,13.61,13.91,27735.39
2010-01-20,13.6,13.81,13.03,13.13,58552.0
2010-01-21,12.99,13.21,12.8,12.93,28599.49
2010-01-22,12.8,12.81,12.34,12.51,35513.25
2010-01-25,12.37,12.93,12.35,12.74,24578.06
2010-01-26,12.74,12.81,12.1,12.15,25163.34
2010-01-27,12.12,12.49,12.0,12.06,26914.89
2010-01-28,12.09,12.51,12.04,12.48,20864.08
2010-01-29,12.42,12.71,12.33,12.67,14864.33
2010-02-01,12.55,12.74,12.34,12.48,14915.74
2010-02-02,12.56,12.75,12.48,12.49,12411.0
2010-02-03,12.5,12.8,12.26,12.77,23414.63
2010-02-04,12.75,13.16,12.63,13.07,18508.78
2010-02-05,12.86,13.15,12.64,12.79,17344.83
2010-02-08,12.67,12.92,12.42,12.52,9465.05
2010-02-09,12.48,12.58,12.19,12.47,7035.25
2010-02-10,12.56,12.79,12.37,12.71,7574.27
2010-02-11,12.71,12.84,12.6,12.67,7237.57
2010-02-12,12.61,12.8,12.61,12.77,8457.16
2010-02-22,12.79,13.76,12.72,13.56,41099.26
2010-02-23,13.56,13.71,13.26,13.69,24362.42
2010-02-24,13.69,13.97,13.49,13.96,26539.06
2010-02-25,13.9,14.29,13.83,14.06,47541.34
2010-02-26,14.06,14.21,13.89,14.01,27977.24
2010-03-01,13.83,14.06,13.65,13.71,27310.38
2010-03-02,13.7,14.16,13.5,13.98,38457.39
2010-03-03,13.98,14.06,13.69,13.96,21104.36
2010-03-04,13.97,14.06,13.21,13.35,27031.29
2010-03-05,13.31,13.61,13.13,13.27,19591.79
2010-03-08,13.31,13.59,13.24,13.27,16680.22
2010-03-09,13.28,13.31,13.13,13.22,15366.05
2010-03-10,13.22,13.41,13.08,13.26,13934.4
2010-03-11,13.26,13.35,12.99,13.07,12811.55
2010-03-12,13.07,13.22,12.89,12.91,14704.68
2010-03-15,12.89,12.98,12.54,12.59,12990.42
2010-03-16,12.6,13.08,12.54,12.96,28399.35
2010-03-17,13.13,13.4,12.95,13.38,38746.09
2010-03-18,13.5,13.5,13.25,13.36,29521.39
2010-03-19,13.36,14.15,13.36,13.9,66166.69
2010-03-22,13.88,14.17,13.72,13.89,51309.86
2010-03-23,13.89,14.03,13.71,13.83,22736.9
2010-03-24,13.69,13.92,13.52,13.61,37054.34
2010-03-25,13.23,13.71,13.17,13.7,39871.29
2010-03-26,13.7,13.85,13.46,13.75,31467.43
2010-03-29,13.81,13.96,13.69,13.8,26511.31
2010-03-30,13.83,14.01,13.55,13.8,25293.78
2010-03-31,13.83,14.17,13.74,14.07,46280.99
2010-04-01,14.06,15.48,14.06,14.68,94977.38
2010-04-02,14.68,14.68,14.3,14.58,76905.35
2010-04-06,14.6,14.77,14.32,14.53,37309.67
2010-04-07,14.53,14.72,14.29,14.66,40096.96
2010-04-08,14.64,14.72,14.4,14.68,24950.97
2010-04-09,14.68,14.86,14.47,14.71,22354.62
2010-04-12,14.53,14.77,14.21,14.46,33369.9
2010-04-13,14.39,14.49,13.6,13.93,26854.1
2010-04-14,13.89,14.64,13.78,14.57,23990.78
2010-04-15,14.62,14.67,13.96,14.26,22752.13
2010-04-16,14.16,14.42,13.83,14.24,17897.07
2010-04-19,14.06,14.11,13.26,13.88,18169.09
2010-04-20,13.76,14.37,13.5,14.31,39717.78
2010-04-21,14.31,15.05,14.15,14.86,44445.66
2010-04-22,14.75,14.91,14.49,14.85,20169.69
2010-04-23,14.81,14.9,14.51,14.7,16107.4
2010-04-27,14.71,14.71,13.92,14.19,29343.04
2010-04-28,14.02,14.02,13.4,13.84,25659.67
2010-04-29,13.99,14.0,13.01,13.24,27196.02
2010-04-30,13.08,13.15,12.14,12.87,55413.96
2010-05-04,12.63,13.03,12.46,12.9,20350.93
2010-05-05,12.66,13.5,12.49,13.37,18272.15
2010-05-06,13.36,13.45,12.66,13.35,26512.46
2010-05-07,13.11,13.71,12.94,13.6,46876.47
2010-05-10,13.36,13.63,12.24,13.14,17429.44
2010-05-11,13.46,13.46,12.52,12.63,11802.66
2010-05-12,12.3,12.75,11.9,11.91,20137.13
2010-05-13,11.88,12.46,11.44,12.26,32532.55
2010-05-14,12.19,12.48,12.05,12.33,14321.17
2010-05-17,12.19,12.24,11.53,11.59,17188.67
2010-05-18,11.49,11.72,10.83,11.32,26359.95
2010-05-19,11.3,11.53,11.03,11.37,15453.1
2010-05-20,11.25,11.71,11.02,11.25,21302.67
2010-05-21,10.99,11.67,10.69,11.65,18732.99
2010-05-24,11.64,12.42,11.63,12.31,33599.88
2010-05-25,12.19,12.41,11.95,12.03,13481.7
2010-05-26,12.05,12.88,12.05,12.64,40379.34
2010-05-27,12.71,12.81,12.34,12.73,22678.99
2010-05-28,12.73,12.85,12.53,12.61,19262.49
2010-05-31,12.56,12.56,12.05,12.06,16264.04
2010-06-01,11.67,12.21,11.62,11.97,26831.74
2010-06-02,11.82,12.28,11.82,12.26,25347.19
2010-06-03,12.44,12.71,12.08,12.48,25495.38
2010-06-04,12.33,12.75,12.33,12.6,21157.32
2010-06-07,12.52,13.38,12.22,13.3,46736.84
2010-06-08,13.26,13.53,13.01,13.23,23407.59
2010-06-09,13.2,13.36,12.92,13.29,22972.9
2010-06-10,13.29,13.43,13.13,13.23,17913.97
2010-06-11,13.34,13.39,12.98,12.99,15139.54
2010-06-17,12.99,13.12,12.75,12.82,7053.4
2010-06-18,12.8,12.8,12.47,12.67,16353.26
2010-06-21,12.53,12.93,12.53,12.88,9195.39
2010-06-22,12.76,12.97,12.7,12.9,9469.77
2010-06-23,12.83,13.0,12.6,12.71,5358.27
2010-06-24,12.71,12.78,12.55,12.71,4053.74
2010-06-25,12.71,12.76,12.38,12.41,6426.86
2010-06-28,12.41,12.75,12.36,12.41,10847.82
2010-06-29,12.54,12.69,11.7,11.79,17017.33
2010-06-30,11.75,11.87,11.23,11.39,10742.84
2010-07-01,11.39,11.52,10.82,10.84,16420.48
2010-07-02,10.81,11.05,10.2,10.44,24751.65
2010-07-05,10.4,10.47,10.03,10.45,18945.31
2010-07-06,10.47,10.94,10.47,10.9,16252.8
2010-07-07,10.9,11.17,10.82,10.97,8713.91
2010-07-08,11.05,11.2,10.74,10.83,10460.55
2010-07-09,11.12,11.37,10.78,11.13,23475.73
2010-07-12,11.33,11.34,11.08,11.29,15508.53
2010-07-13,11.19,11.47,11.05,11.37,13942.39
2010-07-14,11.42,11.51,11.18,11.23,12841.95
2010-07-15,11.23,11.4,11.1,11.1,16133.96
2010-07-16,11.04,11.04,10.66,10.81,22459.2
2010-07-19,10.81,11.07,10.62,11.07,19332.49
2010-07-20,11.07,11.46,11.07,11.37,26225.91
2010-07-21,11.42,12.26,11.38,12.13,37075.99
2010-08-23,13.34,13.34,13.34,13.34,592.49
2010-08-24,14.68,14.68,14.62,14.68,289503.14
2010-08-25,14.34,14.78,13.63,14.51,173897.8
2010-08-26,14.26,14.7,14.01,14.04,66274.64
2010-08-27,13.88,14.01,13.36,13.44,117572.27
2010-08-30,13.49,13.94,13.35,13.69,73205.52
2010-08-31,13.56,14.61,13.29,14.33,128053.9
2010-09-01,14.13,14.26,13.63,13.79,72098.03
2010-09-02,13.89,14.25,13.72,13.91,75546.98
2010-09-03,13.92,14.23,13.83,14.11,82511.74
2010-09-06,14.29,14.51,13.63,13.66,72970.29
2010-09-07,13.61,13.61,13.28,13.53,59625.86
2010-09-08,13.49,13.79,13.42,13.58,48433.53
2010-09-09,13.63,13.77,13.4,13.49,46232.28
2010-09-10,13.42,14.1,13.42,14.0,86788.57
2010-09-13,14.19,14.34,13.93,14.18,79406.95
2010-09-14,14.17,14.66,13.96,14.38,94773.01
2010-09-15,14.4,14.73,14.22,14.46,74925.91
2010-09-16,14.45,15.57,14.41,14.91,107194.74
2010-09-17,14.98,15.18,14.46,14.69,56754.37
2010-09-20,14.58,15.22,14.2,14.25,76740.73
2010-09-21,14.29,14.54,14.16,14.42,40406.94
2010-09-27,14.48,15.07,14.35,14.99,57542.14
2010-09-28,14.97,16.49,14.87,16.31,142256.75
2010-09-29,16.16,16.92,15.94,16.07,78070.91
2010-09-30,16.03,17.33,15.93,16.77,70915.0
2010-10-08,17.17,17.6,16.4,17.35,69794.95
2010-10-11,17.21,17.86,16.69,16.93,69972.23
2010-10-12,17.08,17.08,16.16,16.4,87858.3
2010-10-13,16.39,16.77,16.26,16.57,40195.78
2010-10-14,16.76,17.37,15.88,15.96,70093.93
2010-10-15,15.96,16.38,15.36,16.25,69767.88
2010-10-18,16.22,16.22,15.04,15.45,63982.33
2010-10-19,15.52,16.01,15.51,15.9,41396.83
2010-10-20,15.49,16.85,15.29,16.08,58996.05
2010-10-21,15.98,17.31,15.98,17.16,62864.84
2010-10-22,17.2,17.48,16.88,17.03,65171.83
2010-10-25,17.04,17.55,16.62,17.49,70266.09
2010-10-26,17.27,17.62,17.05,17.16,47539.06
2010-10-27,17.07,17.92,16.83,17.49,77790.98
2010-10-28,17.48,17.66,16.31,16.46,89052.86
2010-10-29,16.5,17.2,16.17,17.0,68611.53
2010-11-01,16.99,17.91,16.99,17.78,74373.7
2010-11-02,17.98,18.58,17.68,17.89,81416.14
2010-11-03,17.87,18.32,17.29,17.33,54046.5
2010-11-04,17.69,18.28,17.4,18.22,72818.23
2010-11-05,18.38,19.27,17.95,18.47,111848.36
2010-11-08,18.51,18.79,17.72,18.19,65898.5
2010-11-09,18.1,18.1,17.58,17.85,60161.61
2010-11-10,17.86,17.93,17.55,17.65,39108.88
2010-11-11,17.39,17.86,17.12,17.44,77036.63
2010-11-12,17.45,17.45,15.7,15.7,81657.39
2010-11-15,15.69,16.19,15.69,15.97,51570.71
2010-11-16,16.12,16.26,15.37,15.78,54159.02
2010-11-17,15.91,16.47,15.79,15.89,58499.78
2010-11-18,16.17,16.34,15.43,15.98,40189.53
2010-11-19,15.99,16.38,15.84,16.38,38758.52
2010-11-22,16.75,16.75,16.31,16.5,46067.7
2010-11-23,16.47,16.47,15.48,15.78,40265.62
2010-11-24,15.98,16.64,15.67,16.51,47700.25
2010-11-25,16.43,17.01,16.22,16.86,48754.65
2010-11-26,16.85,16.85,16.26,16.3,33832.87
2010-11-29,16.1,16.3,15.86,15.94,24525.36
2010-11-30,15.75,15.97,14.99,15.4,32773.65
2010-12-01,15.42,15.64,15.09,15.38,18956.18
2010-12-02,15.55,15.65,15.27,15.38,25894.53
2010-12-03,15.38,15.48,14.9,14.96,25257.43
2010-12-06,14.95,15.15,14.84,15.06,13506.62
2010-12-07,15.18,15.51,14.87,15.43,19650.79
2010-12-08,15.32,15.56,15.25,15.34,18620.88
2010-12-09,15.28,15.4,15.15,15.21,16553.46
2010-12-10,15.04,15.59,15.04,15.44,38515.07
2010-12-13,15.9,16.27,15.73,16.26,76966.1
2010-12-14,16.26,16.39,16.07,16.31,44528.26
2010-12-15,16.31,16.35,15.88,15.93,44785.24
2010-12-16,15.82,16.06,15.75,15.84,18079.14
2010-12-17,15.8,16.17,15.75,16.05,19503.77
2010-12-20,16.15,16.86,15.85,16.49,75844.72
2010-12-21,16.36,16.44,15.91,16.22,32957.04
2010-12-22,16.33,16.64,16.1,16.5,38373.63
2010-12-23,16.39,16.92,16.38,16.68,52007.32
2010-12-24,16.47,16.54,15.8,15.84,54558.75
2010-12-27,15.91,16.37,14.62,14.86,45114.47
2010-12-28,14.81,14.96,14.04,14.12,44354.72
2010-12-29,14.24,14.48,14.08,14.42,30623.49
2010-12-30,14.48,14.69,14.34,14.63,33855.07
2010-12-31,14.76,14.78,14.32,14.7,32622.81
2011-01-04,14.69,14.96,14.57,14.87,27857.98
2011-01-05,14.88,15.45,14.7,15.2,74156.47
2011-01-06,15.36,15.65,15.14,15.24,37931.77
2011-01-07,15.14,15.2,14.78,14.8,35685.11
2011-01-10,14.8,14.88,13.87,14.21,41363.95
2011-01-11,14.11,14.2,13.82,13.9,29448.26
2011-01-12,14.06,14.33,13.62,13.64,37656.39
2011-01-13,13.77,13.9,13.62,13.63,35278.06
2011-01-14,13.67,13.67,12.95,13.0,40768.66
2011-01-17,12.99,13.0,12.18,12.65,84459.39
2011-01-18,12.61,12.87,12.36,12.76,21859.88
2011-01-19,12.78,13.07,12.53,13.06,38074.84
2011-01-20,13.01,13.14,12.41,12.42,27726.64
2011-01-21,12.23,12.76,12.15,12.61,38086.57
2011-01-24,12.53,12.68,12.05,12.27,42461.56
2011-01-25,12.13,12.29,11.8,11.86,43418.35
2011-01-26,11.99,12.25,11.86,11.98,51570.38
2011-01-28,12.22,13.17,12.15,13.17,112621.99
2011-01-31,13.25,14.49,12.95,14.28,127387.58
2011-02-01,14.06,14.28,13.82,14.08,56006.69
2011-02-09,13.8,14.48,13.64,14.11,51386.0
2011-02-10,14.1,14.51,13.79,14.49,63409.02
2011-02-11,14.5,14.55,14.34,14.42,37739.23
2011-02-14,14.42,14.87,14.1,14.68,69245.27
2011-02-15,14.64,14.9,14.34,14.38,69729.21
2011-02-16,14.24,14.74,14.24,14.54,38895.7
2011-02-17,14.54,15.99,14.48,15.82,127481.28
2011-02-18,15.56,16.04,15.49,15.52,66466.14
2011-02-21,15.37,15.77,15.37,15.51,64421.43
2011-02-22,15.64,15.75,14.57,14.59,81866.82
2011-02-23,14.42,14.79,14.38,14.68,42281.36
2011-02-24,14.52,15.46,14.49,14.92,45779.47
2011-02-25,14.69,15.13,14.57,14.84,30456.54
2011-02-28,14.84,15.27,14.63,15.27,51280.42
2011-03-01,15.37,15.37,15.04,15.23,40072.63
2011-03-02,15.2,15.65,15.04,15.63,58181.57
2011-03-03,15.65,15.91,14.99,15.15,53783.37
2011-03-04,15.23,16.07,15.11,15.83,77228.6
2011-03-07,15.84,16.4,15.84,15.97,87373.17
2011-03-08,15.86,15.91,15.53,15.86,73235.01
2011-03-09,15.86,16.16,15.75,16.14,70643.89
2011-03-10,16.19,17.2,16.19,16.89,189446.33
2011-03-11,16.87,17.14,16.5,16.93,119696.21
2011-03-14,16.87,17.55,16.82,17.39,149243.76
2011-03-15,17.29,17.29,16.69,17.14,131162.16
2011-03-16,17.2,17.37,16.71,16.97,85115.99
2011-03-17,16.82,16.92,15.84,16.13,94199.38
2011-03-18,16.09,16.54,16.09,16.23,56107.75
2011-03-21,16.43,16.59,16.07,16.29,45973.17
2011-03-22,16.28,16.36,15.83,16.11,45311.63
2011-03-23,16.12,16.57,15.91,16.47,48070.76
2011-03-24,16.47,16.54,16.12,16.16,39417.02
2011-03-25,16.09,16.45,15.98,16.14,48969.06
2011-03-28,16.19,16.26,15.6,15.61,85224.04
2011-03-29,15.6,15.61,15.28,15.28,35372.46
2011-03-30,15.28,15.72,15.28,15.43,28012.98
2011-03-31,15.57,15.59,15.28,15.43,20637.33
2011-04-01,15.51,15.83,15.43,15.79,29111.44
2011-04-06,15.64,15.81,15.42,15.56,29750.75
2011-04-07,15.6,16.35,15.44,16.19,68684.48
2011-04-08,16.22,16.43,16.07,16.12,66178.64
2011-04-11,16.13,16.17,15.9,15.98,33048.79
2011-04-12,15.98,16.38,15.84,16.05,43940.07
2011-04-13,16.01,16.22,15.86,16.18,23684.48
2011-04-14,16.18,16.4,16.08,16.13,27694.88
2011-04-15,16.08,16.19,15.45,15.59,42020.68
2011-04-18,15.66,15.92,15.38,15.67,35710.08
2011-04-19,15.46,15.58,15.23,15.32,34950.58
2011-04-20,15.32,15.74,15.31,15.66,25770.37
2011-04-22,15.84,16.18,15.75,15.88,37960.16
2011-04-25,15.89,15.97,15.27,15.28,32598.71
2011-04-26,15.25,15.36,14.43,14.47,54962.92
2011-04-27,14.51,14.69,13.61,13.99,73332.27
2011-04-28,14.04,14.14,13.79,13.93,30586.06
2011-04-29,13.92,14.1,13.89,14.03,19036.25
2011-05-03,14.05,14.17,13.88,14.17,20085.02
2011-05-04,14.15,14.15,13.58,13.63,29383.58
2011-05-05,13.64,13.8,13.58,13.7,14687.48
2011-05-06,13.56,13.71,13.26,13.64,22021.09
2011-05-09,13.68,13.97,13.63,13.77,18061.87
2011-05-10,13.79,13.84,13.56,13.69,19301.81
2011-05-11,13.69,13.95,13.66,13.79,22320.33
2011-05-12,13.71,13.75,13.44,13.45,18273.11
2011-05-13,13.45,13.56,13.27,13.5,15635.38
2011-05-16,13.45,13.67,13.4,13.58,13941.65
2011-05-17,13.58,13.94,13.58,13.83,30735.46
2011-05-18,13.83,13.92,13.72,13.82,16257.14
2011-05-19,13.87,14.1,13.83,13.88,21514.42
2011-05-20,13.87,14.03,13.83,14.01,19093.95
2011-05-23,13.98,14.08,13.43,13.52,23211.4
2011-05-24,13.52,13.52,13.2,13.44,15974.06
2011-05-25,13.44,13.5,13.07,13.1,28231.04
2011-05-26,13.22,13.32,12.7,12.79,25832.52
2011-05-27,12.88,12.88,12.31,12.49,31734.67
2011-05-30,12.39,12.64,12.37,12.47,14574.76
2011-05-31,12.59,12.73,12.41,12.72,16041.85
2011-06-01,12.72,13.48,12.65,13.4,35426.42
2011-06-02,13.16,13.6,13.11,13.53,46240.82
2011-06-03,13.54,13.78,13.49,13.6,33215.98
2011-06-07,13.84,13.84,13.63,13.77,25291.24
2011-06-08,13.75,14.15,13.69,14.07,38332.09
2011-06-09,14.07,14.19,13.64,13.67,37781.02
2011-06-10,13.75,14.32,13.63,14.23,64787.96
2011-06-13,14.39,15.22,14.31,14.67,96252.61
2011-06-14,14.17,15.24,13.97,15.01,155544.54
2011-06-15,14.81,15.55,14.67,15.27,169676.0
2011-06-16,15.0,15.36,14.48,14.56,114227.88
2011-06-17,14.51,14.86,14.39,14.64,92240.51
2011-06-20,14.62,14.83,13.48,13.65,128682.69
2011-06-21,13.68,13.78,13.19,13.38,121147.92
2011-06-22,13.49,13.62,13.18,13.21,110657.32
2011-06-23,13.1,13.78,12.84,13.68,117270.08
2011-06-24,13.67,15.05,13.59,15.05,252562.68
2011-06-27,15.5,16.56,15.1,16.24,701983.44
2011-06-28,15.99,16.2,15.65,15.85,428500.38
2011-06-29,15.85,16.47,15.82,15.97,383553.66
2011-06-30,15.93,16.41,15.64,16.31,281954.35
2011-07-01,16.31,16.8,16.02,16.07,304850.19
2011-07-04,16.09,16.72,15.98,16.51,256527.28
2011-07-05,16.42,17.1,16.27,16.88,305215.66
2011-07-06,16.99,17.72,16.65,17.59,432076.3
2011-07-07,17.55,17.93,17.07,17.26,318065.06
2011-07-08,17.17,17.91,17.12,17.8,302528.59
2011-07-11,17.74,18.47,17.54,17.8,314229.2
2011-07-12,17.48,17.65,17.08,17.42,249164.28
2011-07-13,17.28,17.67,17.28,17.66,171498.21
2011-07-14,17.71,18.48,17.44,17.49,281483.41
2011-07-15,17.36,17.82,17.14,17.64,179933.48
2011-07-18,17.65,18.4,17.65,18.26,289479.72
2011-07-19,18.25,18.72,17.85,18.27,244219.17
2011-07-20,18.42,18.64,18.02,18.29,140205.05
2011-07-21,18.13,18.28,17.67,17.69,166104.1
2011-07-22,17.74,18.01,17.38,17.54,125506.25
2011-07-25,17.63,18.68,17.36,17.54,360642.17
2011-07-26,17.53,17.93,16.87,17.62,235233.28
2011-07-27,17.63,18.12,17.29,17.89,252731.78
2011-07-28,17.91,18.29,17.36,17.65,256165.9
2011-07-29,17.72,17.82,16.8,16.85,228925.63
2011-08-01,16.84,17.08,16.62,16.75,101803.25
2011-08-02,16.65,16.65,15.9,16.34,179392.86
2011-08-03,16.04,16.47,15.96,16.1,93275.21
2011-08-04,16.51,16.8,16.28,16.32,160360.3
2011-08-05,15.71,16.58,15.55,16.33,174060.0
2011-08-08,16.07,16.59,15.24,16.13,191625.75
2011-08-09,15.64,16.96,15.31,16.89,294913.72
2011-08-10,17.32,17.51,16.78,17.14,279197.26
2011-08-11,16.71,17.32,16.71,17.18,199104.84
2011-08-12,17.28,17.43,16.99,17.08,146407.46
2011-08-16,17.32,17.33,16.69,16.7,120071.69
2011-08-17,16.61,16.8,16.32,16.5,94972.39
2011-08-18,16.47,16.76,16.29,16.36,85904.89
2011-08-19,16.03,16.34,15.86,16.16,75656.04
2011-08-22,16.16,16.32,15.79,15.92,65405.1
2011-08-23,16.02,16.14,15.75,16.01,46356.25
2011-08-24,16.15,16.55,16.14,16.29,85287.82
2011-08-25,16.23,16.51,16.14,16.47,84960.22
2011-08-26,16.5,16.65,16.32,16.41,76647.9
2011-08-29,16.32,16.69,16.15,16.47,78293.99
2011-08-30,16.61,16.68,16.06,16.11,68141.13
2011-08-31,16.17,16.18,15.48,15.67,90138.93
2011-09-01,15.74,15.88,15.52,15.65,49726.94
2011-09-02,15.64,15.64,15.17,15.25,60256.41
2011-09-05,15.1,15.11,14.58,14.62,70991.38
2011-09-06,14.52,14.71,14.44,14.56,54789.81
2011-09-07,14.53,14.91,14.53,14.9,68884.75
2011-09-08,14.99,15.29,14.8,14.92,70018.05
2011-09-09,14.91,15.19,14.58,14.74,40375.19
2011-09-13,14.66,14.66,14.12,14.39,47319.08
2011-09-14,14.49,14.71,14.37,14.7,47285.29
2011-09-15,14.72,15.4,14.7,14.95,78726.59
2011-09-16,15.14,15.32,14.96,15.03,53629.12
2011-09-19,14.86,15.02,14.44,14.45,44161.08
2011-09-20,14.48,15.24,14.36,14.99,75999.83
2011-09-21,14.95,15.46,14.86,15.42,105366.97
2011-09-22,15.29,15.35,14.72,14.75,74279.78
2011-09-23,14.91,15.22,14.67,14.75,129737.06
2011-09-26,14.64,14.81,14.31,14.42,57479.87
2011-09-27,14.55,14.7,14.42,14.5,56057.11
2011-09-28,14.53,14.64,14.01,14.12,106261.34
2011-09-29,14.15,14.15,13.38,13.42,62084.88
2011-09-30,13.5,13.67,12.95,13.1,58325.55
2011-10-10,13.13,13.25,12.85,12.96,36506.89
2011-10-11,13.49,13.58,12.73,12.93,53349.49
2011-10-12,12.93,13.45,12.77,13.3,90034.24
2011-10-13,13.3,13.68,13.21,13.39,175117.46
2011-10-14,13.33,13.61,12.74,13.0,203903.31
2011-10-17,13.08,13.48,12.93,13.47,116506.09
2011-10-18,13.35,13.56,13.26,13.28,97889.45
2011-10-19,13.22,13.42,13.04,13.05,60256.89
2011-10-20,12.27,12.27,11.75,11.75,232900.66
2011-10-21,10.96,11.37,10.66,11.19,295966.37
2011-10-24,11.04,11.17,10.17,10.85,223119.35
2011-10-25,10.82,11.45,10.66,11.34,157555.08
2011-10-26,11.23,11.6,11.14,11.39,157133.91
2011-10-27,11.42,11.51,11.32,11.38,74786.9
2011-10-28,11.47,11.88,11.47,11.78,195816.01
2011-10-31,12.02,12.46,11.87,12.08,164669.8
2011-11-01,12.04,12.36,11.8,12.15,119325.05
2011-11-02,11.84,12.38,11.69,12.34,110249.54
2011-11-03,12.45,12.91,12.37,12.63,157512.72
2011-11-04,12.72,12.81,12.46,12.63,89889.51
2011-11-07,12.61,12.96,12.5,12.84,120083.41
2011-11-08,12.81,12.95,12.56,12.58,85162.18
2011-11-09,12.64,13.2,12.64,12.99,131772.5
2011-11-10,12.83,13.09,12.7,12.77,100676.41
2011-11-11,12.79,12.86,12.53,12.57,60414.04
2011-11-14,12.64,13.16,12.64,13.07,93387.26
2011-11-15,13.08,13.57,13.01,13.48,131731.42
2011-11-16,13.48,13.48,12.97,13.3,128747.0
2011-11-17,13.63,14.09,13.46,13.64,218294.31
2011-11-18,13.3,13.46,12.91,12.97,123819.31
2011-11-21,12.82,12.95,12.52,12.84,61360.02
2011-11-22,12.63,12.83,12.5,12.63,40230.58
2011-11-23,12.7,12.92,12.49,12.51,54263.43
2011-11-24,12.44,12.5,12.18,12.43,40158.38
2011-11-25,12.44,12.6,12.23,12.32,34075.97
2011-11-28,12.29,12.44,12.23,12.35,33431.0
2011-11-29,12.52,13.12,12.46,13.02,109892.41
2011-11-30,12.98,13.11,12.19,12.37,96214.66
2011-12-01,12.88,13.21,12.65,13.11,162483.52
2011-12-02,12.92,13.63,12.92,13.23,167087.53
2011-12-05,13.27,13.39,12.93,13.07,90055.99
2011-12-06,13.05,13.26,12.75,13.17,79682.71
2011-12-07,13.23,13.92,13.12,13.77,170631.21
2011-12-08,13.76,13.97,13.38,13.68,95963.21
2011-12-09,13.56,13.9,13.12,13.19,89098.52
2011-12-12,13.21,13.54,12.77,13.29,74731.59
2011-12-13,13.13,13.38,12.66,12.91,75103.33
2011-12-14,12.83,13.18,12.64,12.73,56119.67
2011-12-15,12.63,12.63,12.08,12.1,75354.65
2011-12-16,12.13,12.52,11.98,12.46,68308.06
2011-12-19,12.46,13.28,12.28,13.2,128295.64
2011-12-20,13.09,13.59,12.97,13.32,104589.35
2011-12-21,13.41,13.63,13.08,13.1,70221.45
2011-12-22,13.0,13.64,12.83,13.59,110526.9
2011-12-23,13.57,13.78,13.38,13.57,104069.16
2011-12-26,13.4,13.85,13.27,13.59,55533.59
2011-12-27,13.47,13.59,12.66,12.72,81368.49
2011-12-28,12.6,12.74,12.15,12.7,68895.74
2011-12-29,12.59,13.04,12.5,12.82,47777.84
2011-12-30,12.92,12.94,12.73,12.82,73908.76
2012-01-04,12.99,13.16,12.49,12.54,34955.58
2012-01-05,12.55,12.75,11.93,11.95,58878.13
2012-01-06,11.8,12.27,11.63,12.22,46314.66
2012-01-09,12.19,12.7,12.02,12.63,43936.61
2012-01-10,12.66,13.17,12.56,13.01,81612.3
2012-01-11,13.02,13.17,12.85,12.95,75567.67
2012-01-12,12.84,13.47,12.79,13.3,119286.39
2012-01-13,13.27,13.3,12.36,12.51,90774.57
2012-01-16,12.35,12.6,12.12,12.16,42782.89
2012-01-17,12.15,13.0,11.96,12.79,85391.35
2012-01-18,12.83,13.14,12.5,12.57,78853.38
2012-01-19,12.72,12.87,12.43,12.46,59289.93
2012-01-30,12.4,13.2,12.38,12.73,59210.16
2012-01-31,12.69,12.82,12.46,12.72,38109.63
2012-02-01,12.64,12.8,12.26,12.38,50246.07
2012-02-02,12.44,12.58,12.27,12.56,45129.1
2012-02-03,12.55,13.05,12.47,13.01,92628.79
2012-02-06,13.03,13.18,12.74,12.91,82760.39
2012-02-07,12.99,14.14,12.89,13.91,286055.79
2012-02-08,13.78,14.63,13.64,14.38,257477.24
2012-02-09,14.25,14.62,14.16,14.28,153783.24
2012-02-10,14.21,14.53,14.11,14.43,148359.31
2012-02-13,14.34,15.31,14.28,14.69,231592.88
2012-02-14,14.7,14.77,14.39,14.55,115105.93
2012-02-15,14.42,14.69,14.31,14.63,136443.7
2012-02-16,14.67,14.88,14.28,14.4,119408.19
2012-02-17,14.43,14.55,14.26,14.43,99607.82
2012-02-20,14.62,14.97,14.47,14.9,257724.69
2012-02-21,14.98,14.98,14.59,14.95,157684.13
2012-02-22,14.93,15.45,14.86,15.12,222336.7
2012-02-23,15.13,15.2,14.81,15.02,137588.81
2012-02-24,14.97,15.43,14.73,15.23,235546.0
2012-02-27,15.24,15.36,14.96,14.98,199319.17
2012-02-28,14.85,15.06,14.47,14.55,170256.53
2012-02-29,14.53,14.79,14.36,14.43,106863.36
2012-03-01,14.47,15.1,14.47,14.81,168893.69
2012-03-02,14.8,15.38,14.72,15.34,194444.98
2012-03-05,15.76,16.23,15.45,15.51,254628.39
2012-03-06,15.49,16.23,15.14,15.98,261352.29
2012-03-07,15.74,16.54,15.62,16.04,222709.77
2012-03-08,15.99,16.42,15.89,15.98,169253.5
2012-03-12,16.19,16.4,16.01,16.21,142176.06
2012-03-13,16.19,16.27,15.85,15.98,111173.97
2012-03-14,15.99,16.09,15.02,15.23,239301.59
2012-03-15,15.4,15.42,14.79,14.92,171706.81
2012-03-16,15.22,15.48,14.96,15.38,134166.09
2012-03-19,15.5,15.66,15.19,15.47,120013.21
2012-03-20,15.54,15.54,14.83,14.84,118783.5
2012-03-21,14.92,15.06,14.37,14.72,123546.32
2012-03-22,14.73,14.94,14.63,14.78,69084.75
2012-03-23,14.64,14.64,14.31,14.45,77307.26
2012-03-26,14.44,14.56,14.15,14.25,66377.91
2012-03-27,14.34,14.64,14.27,14.42,88499.32
2012-03-28,14.49,14.49,13.58,13.64,104982.04
2012-03-29,13.47,13.56,12.85,13.34,115264.81
2012-03-30,13.32,13.61,13.18,13.47,109123.84
2012-04-05,13.4,14.0,13.33,13.92,100461.13
2012-04-06,13.95,14.12,13.8,14.01,70349.94
2012-04-09,13.97,14.03,13.73,13.79,44583.77
2012-04-10,13.69,14.03,13.33,14.01,67327.68
2012-04-11,13.87,14.25,13.79,14.24,79563.03
2012-04-12,14.28,14.61,14.2,14.52,106500.88
2012-04-13,14.48,14.5,14.26,14.37,68582.29
2012-04-16,14.23,14.32,14.11,14.14,48990.83
2012-04-18,14.15,14.43,14.06,14.43,94230.32
2012-04-19,14.34,14.75,14.3,14.56,109963.86
2012-04-20,14.44,14.72,14.42,14.69,84894.67
2012-04-23,14.63,15.29,14.6,14.93,206162.8
2012-04-24,14.72,15.04,14.21,14.63,177612.23
2012-04-25,14.62,14.71,14.26,14.68,82190.5
2012-04-26,14.71,14.77,14.44,14.68,68808.89
2012-04-27,14.62,14.77,14.38,14.42,48901.91
2012-05-02,14.67,14.72,14.4,14.58,50032.77
2012-05-03,14.62,14.89,14.51,14.62,85047.84
2012-05-04,14.67,15.06,14.64,15.01,116435.86
2012-05-07,14.91,15.16,14.82,15.15,116627.81
2012-05-08,15.38,15.62,15.17,15.29,185380.04
2012-05-09,15.3,15.64,15.09,15.1,155894.03
2012-05-10,15.1,15.3,14.81,14.92,99883.88
2012-05-11,14.87,14.95,14.73,14.74,58508.85
2012-05-14,14.91,14.93,14.49,14.53,66060.86
2012-05-15,14.44,14.59,14.27,14.58,49490.7
2012-05-16,14.51,14.67,14.4,14.42,51798.0
2012-05-17,14.47,14.65,14.4,14.48,65938.55
2012-05-18,14.42,14.42,13.93,13.97,71428.47
2012-05-21,14.12,14.43,13.97,14.26,58205.48
2012-05-22,14.27,14.49,14.27,14.45,51420.91
2012-05-23,14.4,14.61,13.99,14.27,78193.3
2012-05-24,14.27,14.36,13.97,14.04,79983.94
2012-05-25,14.09,14.23,13.85,14.07,84971.15
2012-05-28,14.19,14.32,13.81,14.15,63033.26
2012-05-29,14.17,14.41,14.08,14.32,90662.26
2012-05-30,14.32,14.35,14.04,14.23,65077.88
2012-05-31,14.15,14.35,14.1,14.23,42354.32
2012-06-01,14.24,14.32,14.04,14.13,40396.81
2012-06-04,13.94,13.94,13.21,13.22,93203.73
2012-06-05,13.32,13.42,13.13,13.2,40578.56
2012-06-06,13.31,13.42,13.04,13.2,37388.15
2012-06-07,13.32,13.45,12.99,13.05,36634.63
2012-06-08,13.16,13.6,13.0,13.04,84379.98
2012-06-11,13.25,13.43,13.18,13.42,72481.06
2012-06-12,13.42,13.42,13.05,13.15,49196.51
2012-06-13,13.19,13.27,12.91,13.15,87765.13
2012-06-14,13.15,13.42,13.05,13.27,78016.75
2012-06-15,13.26,13.36,13.06,13.26,56892.22
2012-06-18,13.4,13.41,13.17,13.23,46903.22
2012-06-19,13.23,13.24,12.75,12.81,92811.2
2012-06-20,12.8,12.9,12.57,12.84,61540.35
2012-06-21,12.8,12.8,12.46,12.51,48079.43
2012-06-25,12.56,12.56,12.11,12.11,57496.76
2012-06-26,12.05,12.32,11.85,12.27,44686.43
2012-06-27,12.32,12.61,12.31,12.34,60561.0
2012-06-28,12.35,12.43,12.06,12.11,34768.73
2012-06-29,12.15,12.38,12.04,12.34,35255.16
2012-07-02,12.42,12.56,12.26,12.29,52051.58
2012-07-03,12.18,12.49,12.18,12.38,35653.42
2012-07-04,12.44,13.28,12.24,12.85,156709.61
2012-07-05,12.85,13.15,12.58,12.77,84044.65
2012-07-06,12.81,12.97,12.49,12.79,68213.51
2012-07-09,12.8,12.93,12.59,12.64,64690.46
2012-07-10,12.5,12.89,12.48,12.7,53780.0
2012-07-11,12.7,12.83,12.57,12.71,52948.35
2012-07-12,12.61,12.78,12.26,12.61,92802.39
2012-07-13,12.61,12.61,12.13,12.19,96183.27
2012-07-16,12.2,12.25,10.97,11.06,167996.91
2012-07-17,11.07,11.13,10.57,11.09,60164.84
2012-07-18,11.04,11.57,10.88,11.31,69283.66
2012-07-19,11.28,11.42,11.06,11.24,88559.54
2012-07-20,11.17,11.29,10.91,11.1,52099.9
2012-07-23,11.0,11.3,10.83,11.26,56616.91
2012-07-24,11.14,11.35,11.0,11.21,38369.2
2012-07-25,11.21,11.36,11.14,11.19,33283.08
2012-07-26,11.26,11.33,11.16,11.18,43240.33
2012-07-27,11.21,11.45,11.18,11.3,44497.61
2012-07-30,11.36,11.54,11.17,11.24,50157.44
2012-07-31,10.93,11.17,10.43,10.56,55377.88
2012-08-01,10.59,10.76,10.58,10.67,34110.89
2012-08-02,10.65,10.67,10.24,10.38,46890.6
2012-08-03,10.43,10.57,10.31,10.56,45372.69
2012-08-06,10.53,10.82,10.41,10.78,60036.23
2012-08-07,10.77,11.01,10.7,10.9,56560.19
2012-08-08,10.9,11.13,10.87,10.88,52757.99
2012-08-09,10.88,10.96,10.75,10.92,54137.29
2012-08-10,10.81,10.97,10.75,10.96,56970.39
2012-08-13,10.91,10.95,10.54,10.59,78108.06
2012-08-14,10.47,10.72,10.2,10.31,131896.95
2012-08-15,10.26,10.55,10.24,10.38,75035.54
2012-08-16,10.38,10.6,10.34,10.41,57855.11
2012-08-17,10.35,10.51,10.25,10.41,61156.29
2012-08-20,10.32,10.45,10.27,10.41,34439.06
2012-08-21,10.37,10.62,10.37,10.56,64870.02
2012-08-22,10.56,10.62,10.45,10.51,46775.57
2012-08-23,10.53,10.56,10.43,10.51,47370.68
2012-08-24,10.48,10.8,10.39,10.66,118077.02
2012-08-27,10.59,10.83,10.56,10.78,91516.05
2012-08-28,10.77,11.06,10.72,10.98,89793.0
2012-08-29,10.95,11.03,10.73,10.86,65766.74
2012-08-30,10.81,10.89,10.42,10.56,71950.19
2012-08-31,10.49,10.57,10.32,10.48,39900.27
2012-09-03,10.38,10.63,10.36,10.56,32916.13
2012-09-04,10.54,10.61,10.4,10.56,37589.64
2012-09-05,10.53,11.11,10.47,11.03,124687.51
2012-09-06,10.94,11.15,10.91,11.05,63053.12
2012-09-07,11.22,11.61,11.11,11.42,147802.07
2012-09-10,11.4,12.09,11.38,11.71,107699.57
2012-09-11,12.22,12.47,11.87,11.98,179424.16
2012-09-12,12.03,12.28,11.76,12.08,183683.0
2012-09-13,12.08,12.85,11.95,12.44,210543.04
2012-09-14,12.32,12.49,12.03,12.06,143411.96
2012-09-17,11.96,12.31,11.69,11.72,100305.19
2012-09-18,11.69,11.88,11.37,11.61,61764.95
2012-09-19,11.76,11.82,11.43,11.51,57732.6
2012-09-20,11.58,11.79,11.13,11.22,71145.1
2012-09-21,11.1,11.1,10.51,10.59,126835.12
2012-09-24,10.69,10.91,10.61,10.8,68920.39
2012-09-25,10.8,10.97,10.56,10.59,56364.0
2012-09-26,10.67,10.73,10.43,10.47,54855.38
2012-09-27,10.47,10.87,10.46,10.73,50727.7
2012-09-28,10.62,11.14,10.62,11.1,69654.41
2012-10-08,11.1,11.26,10.96,11.01,43719.44
2012-10-09,11.11,11.3,11.01,11.21,73824.23
2012-10-10,11.18,11.46,11.13,11.38,49931.67
2012-10-11,11.27,11.42,11.01,11.02,45609.18
2012-10-12,11.11,11.21,10.86,11.01,29923.65
2012-10-15,11.1,11.11,10.82,10.94,19335.88
2012-10-16,10.94,11.12,10.85,11.07,28784.05
2012-10-17,11.08,11.14,10.96,11.03,20374.47
2012-10-18,11.08,11.19,11.0,11.14,36383.22
2012-10-19,11.21,11.32,11.11,11.19,32354.93
2012-10-22,11.11,11.17,10.97,11.08,32787.25
2012-10-23,11.1,11.11,10.76,10.78,39501.14
2012-10-24,10.77,10.77,10.41,10.54,82122.17
2012-10-25,10.55,10.76,10.49,10.57,43529.24
2012-10-26,10.67,10.7,10.35,10.44,53396.5
2012-10-29,10.38,10.47,10.2,10.25,35820.85
2012-10-30,10.27,10.45,10.21,10.32,27749.05
2012-10-31,10.32,10.47,10.22,10.43,45319.58
2012-11-01,10.51,10.88,10.46,10.75,107003.8
2012-11-02,10.8,11.33,10.72,11.11,156033.35
2012-11-05,11.03,11.19,10.93,11.03,86521.57
2012-11-06,11.0,11.07,10.66,11.06,62806.76
2012-11-07,11.01,11.42,10.9,11.26,104403.2
2012-11-08,11.1,11.41,10.91,10.98,101835.04
2012-11-09,11.09,11.38,11.0,11.37,111080.17
2012-11-12,11.41,12.11,11.19,11.5,187910.68
2012-11-13,11.53,11.57,10.94,10.95,108042.9
2012-11-14,10.95,11.1,10.59,10.76,73088.94
2012-11-15,10.72,10.72,10.46,10.48,61936.5
2012-11-16,10.45,10.61,10.29,10.6,57537.63
2012-11-19,10.65,10.72,10.46,10.61,37910.68
2012-11-20,10.72,10.75,10.36,10.37,43595.72
2012-11-21,10.37,10.56,10.21,10.55,45740.71
2012-11-22,10.48,10.55,10.38,10.45,30109.09
2012-11-23,10.52,10.66,10.46,10.54,30981.17
2012-11-26,10.65,10.75,10.53,10.54,46362.92
2012-11-27,10.53,10.53,10.1,10.2,63896.61
2012-11-28,10.14,10.14,9.72,9.83,59956.9
2012-11-29,9.84,9.96,9.38,9.62,78953.41
2012-11-30,9.57,9.72,9.42,9.61,41365.01
2012-12-03,9.62,9.69,9.4,9.57,45783.72
2012-12-04,9.5,9.83,9.48,9.77,59516.5
2012-12-05,9.74,10.14,9.74,10.01,77824.49
2012-12-06,10.04,10.34,9.87,9.92,61845.24
2012-12-07,9.92,10.11,9.79,10.09,63675.37
2012-12-10,10.44,10.6,10.18,10.34,108971.97
2012-12-11,10.32,10.42,10.14,10.32,77470.14
2012-12-12,10.29,10.36,10.13,10.25,45619.87
2012-12-13,10.2,10.23,10.01,10.01,52305.06
2012-12-14,10.07,10.5,10.01,10.49,102728.23
2012-12-17,10.56,10.71,10.44,10.56,86323.59
2012-12-18,10.57,10.76,10.45,10.75,104324.01
2012-12-19,10.75,10.84,10.63,10.69,55383.37
2012-12-20,10.67,10.76,10.45,10.59,66274.38
2012-12-21,10.66,11.03,10.61,10.82,109461.24
2012-12-24,10.81,11.09,10.77,10.93,58333.58
2012-12-25,10.91,11.18,10.82,11.05,107592.6
2012-12-26,11.06,11.36,11.02,11.31,87123.16
2012-12-27,11.32,11.82,11.24,11.3,207608.3
2012-12-28,11.29,11.54,11.28,11.36,94911.84
2012-12-31,11.41,12.04,11.41,11.98,143033.51
2013-01-04,12.1,12.12,11.71,12.03,127076.98
2013-01-07,11.96,13.24,11.85,13.2,388471.51
2013-01-08,13.24,13.89,13.0,13.59,340110.59
2013-01-09,13.47,13.66,12.92,13.15,225929.28
2013-01-10,13.09,13.64,13.09,13.27,157523.88
2013-01-11,13.32,14.12,13.27,13.41,250482.43
2013-01-14,13.51,14.63,13.45,14.41,396963.64
2013-01-15,14.52,15.66,14.12,14.28,440644.81
2013-01-16,14.42,15.17,13.98,15.06,366294.92
2013-01-17,14.89,14.89,13.55,13.55,377445.88
2013-01-18,13.57,14.01,13.49,13.86,182139.93
2013-01-21,13.59,14.1,13.54,13.97,154924.55
2013-01-22,13.94,13.97,13.44,13.5,124664.93
2013-06-18,14.85,14.85,14.85,14.85,19103.09
2013-06-19,16.34,16.34,16.34,16.34,8091.92
2013-06-20,17.97,17.97,17.42,17.97,811741.67
2013-06-21,16.93,18.03,16.79,17.45,510489.44
2013-06-24,17.45,18.41,16.69,17.25,504801.2
2013-06-25,16.79,17.24,15.53,16.86,468958.8
2013-06-26,16.91,17.34,16.29,16.96,312991.57
2013-06-27,16.91,17.05,15.26,15.83,357684.38
2013-06-28,15.5,16.19,15.27,15.72,224546.56
2013-07-01,15.53,16.67,15.45,16.6,256898.67
2013-07-02,16.63,17.17,16.36,16.96,261645.27
2013-07-03,16.86,16.88,16.02,16.63,193319.16
2013-07-04,16.39,17.48,16.32,16.85,292717.65
2013-07-05,16.99,17.43,16.17,16.22,247060.59
2013-07-08,15.91,15.92,15.03,15.06,212456.67
2013-07-09,15.08,15.29,14.85,15.26,118838.13
2013-07-10,15.18,15.71,15.15,15.64,133710.76
2013-07-11,15.76,16.39,15.66,16.13,193709.06
2013-07-12,16.08,16.37,15.71,15.73,151988.27
2013-07-15,15.78,16.06,15.66,15.77,129794.38
2013-07-16,15.86,16.68,15.78,16.61,249237.16
2013-07-17,16.6,16.76,16.05,16.12,173592.52
2013-07-18,16.09,16.43,15.81,16.26,141823.93
2013-07-19,16.39,16.47,15.36,15.4,161210.06
2013-07-22,15.4,15.66,15.17,15.57,106669.05
2013-07-23,15.55,16.07,15.53,16.03,126223.11
2013-07-24,16.04,16.36,15.92,16.16,136169.35
2013-07-25,16.17,16.31,15.74,15.77,105387.77
2013-07-26,15.74,15.85,15.12,15.4,127803.04
2013-07-29,15.27,15.3,14.72,14.79,131446.59
2013-07-30,14.89,15.16,14.57,14.88,105906.27
2013-07-31,14.89,15.25,14.85,15.1,84454.94
2013-08-01,15.07,15.4,15.07,15.34,84618.28
2013-08-02,15.36,15.45,15.08,15.16,97589.31
2013-08-05,15.03,15.45,15.02,15.39,65134.61
2013-08-06,15.36,15.83,15.35,15.8,127053.42
2013-08-07,15.82,16.1,15.54,15.6,113726.12
2013-08-08,15.55,15.71,15.35,15.39,71615.52
2013-08-09,15.41,15.66,15.16,15.57,77177.49
2013-08-12,15.73,16.08,15.62,16.06,151488.09
2013-08-13,16.15,16.17,15.81,15.9,100973.38
2013-08-14,15.91,16.01,15.69,15.91,82139.85
2013-08-15,15.93,16.15,15.76,15.8,100210.52
2013-08-16,15.82,16.47,15.16,15.2,137049.07
2013-08-19,15.17,15.45,15.14,15.41,81256.28
2013-08-20,15.43,15.55,14.97,15.11,109815.47
2013-08-21,15.17,15.22,14.89,15.06,79770.95
2013-08-22,15.05,15.13,14.89,14.94,77155.66
2013-08-23,15.0,15.45,14.87,15.43,128194.4
2013-08-26,15.41,15.98,15.26,15.79,150375.63
2013-08-27,15.83,15.99,15.68,15.97,108331.27
2013-08-28,16.02,17.41,16.02,16.91,397712.12
2013-08-29,16.74,16.97,16.17,16.36,188466.52
2013-08-30,16.31,16.63,15.92,16.4,149091.75
2013-09-02,16.79,17.11,16.37,16.41,196241.28
2013-09-03,16.39,16.79,16.1,16.78,196263.48
2013-09-04,16.8,17.64,16.8,17.42,348608.98
2013-09-05,17.44,17.44,16.96,17.03,161141.76
2013-09-06,17.18,17.58,17.1,17.47,207363.5
2013-09-09,17.53,18.2,17.18,17.63,242111.54
2013-09-10,17.41,17.54,17.05,17.22,221174.21
2013-09-11,17.69,17.98,16.26,16.4,307938.86
2013-09-12,16.4,16.98,16.29,16.89,181178.36
2013-09-13,16.77,16.88,16.43,16.59,77692.37
2013-09-16,16.61,17.03,16.22,16.44,135628.36
2013-09-17,16.39,16.86,16.3,16.44,100297.93
2013-09-18,16.37,16.57,16.21,16.39,73864.69
2013-09-23,16.5,16.64,16.39,16.51,70189.02
2013-09-24,16.57,16.57,16.34,16.45,65419.64
2013-09-25,16.36,16.58,15.99,16.02,124109.72
2013-09-26,15.93,16.05,15.45,15.49,102221.41
2013-09-27,15.57,15.74,15.48,15.58,63075.34
2013-09-30,15.65,15.83,15.36,15.58,67368.3
2013-10-08,15.57,16.09,15.24,15.94,115805.69
2013-10-09,15.93,16.4,15.84,16.34,89311.19
2013-10-10,16.36,16.47,16.0,16.4,98685.66
2013-10-11,16.45,16.58,16.25,16.39,81365.32
2013-10-14,16.45,16.72,16.23,16.61,127483.36
2013-10-15,16.71,16.73,16.34,16.39,81859.52
2013-10-16,16.34,16.48,15.93,16.14,118608.15
2013-10-17,16.36,16.4,15.92,15.96,59867.42
2013-10-18,16.0,16.25,15.94,16.22,58025.3
2013-10-21,16.34,16.58,16.14,16.55,124283.62
2013-10-22,16.59,17.09,16.45,16.94,193913.59
2013-10-23,16.88,17.02,16.3,16.5,110651.39
2013-10-24,16.5,16.5,16.1,16.11,75924.45
2013-10-25,16.12,16.21,15.45,15.71,72790.34
2013-10-28,15.68,16.39,15.62,16.03,73900.18
2013-10-29,15.98,16.19,15.24,15.62,86040.85
2013-10-30,15.55,16.31,15.45,16.27,73797.59
2013-10-31,16.22,16.31,15.88,16.0,45285.72
2013-11-01,16.12,16.19,15.91,16.13,28990.08
2013-11-04,16.21,16.39,15.76,15.82,63092.81
2013-11-05,15.79,15.96,15.47,15.77,51731.01
2013-11-06,15.72,15.98,15.68,15.74,44320.17
2013-11-07,15.74,15.81,15.55,15.63,32863.84
2013-11-08,15.64,15.74,15.26,15.4,46940.76
2013-11-11,15.4,15.45,15.07,15.14,41742.4
2013-11-12,15.15,15.36,15.08,15.3,33202.63
2013-11-13,15.98,16.4,15.16,15.23,96314.94
2013-11-14,15.3,16.33,14.89,16.24,183320.67
2013-11-15,16.53,17.53,16.36,16.77,313700.2
2013-11-18,16.89,17.77,16.69,17.42,356632.29
2013-11-19,17.36,17.73,17.27,17.53,229353.76
2013-11-20,17.55,19.28,17.36,19.28,629434.23
2013-11-21,19.07,19.8,18.51,18.65,480290.43
2013-11-22,18.65,19.3,18.12,18.96,306399.42
2013-11-25,19.55,19.86,18.87,19.14,357270.66
2013-11-26,18.98,19.59,18.53,19.05,222034.81
2013-11-27,18.98,19.8,18.81,19.64,258027.0
2013-11-28,19.79,20.65,19.36,19.41,289134.74
2013-11-29,19.31,21.17,19.28,20.6,372296.9
2013-12-02,20.04,20.93,18.58,18.91,420928.67
2013-12-03,19.01,20.03,18.79,19.73,249332.58
2013-12-04,19.63,20.51,19.5,19.79,248766.24
2013-12-05,19.93,20.64,19.66,19.8,196725.85
2013-12-06,19.55,19.74,19.08,19.23,166970.69
2013-12-09,19.36,19.78,19.23,19.73,127396.88
2013-12-10,20.31,20.4,19.07,19.45,240767.79
2013-12-11,19.42,19.42,18.94,19.07,121474.73
2013-12-12,18.96,19.46,18.9,19.07,78966.45
2013-12-13,18.88,19.19,18.79,19.0,68577.78
2013-12-16,18.93,19.04,18.07,18.19,155607.59
2013-12-17,18.22,18.74,17.89,18.45,131806.16
2013-12-18,18.4,18.44,17.91,18.01,84827.23
2013-12-19,18.13,18.31,17.72,17.77,64743.04
2013-12-20,17.86,18.04,17.25,17.47,90907.8
2013-12-23,17.47,18.3,17.27,18.16,121609.02
2013-12-24,18.28,18.82,17.97,18.32,112340.3
2013-12-25,18.32,18.61,18.17,18.36,79500.35
2013-12-26,18.36,18.55,17.88,17.96,56709.38
2013-12-27,17.96,18.52,17.96,18.47,79934.48
2013-12-30,18.56,18.84,18.4,18.54,71123.38
2013-12-31,18.46,18.59,18.06,18.25,51441.6
2014-01-02,18.25,18.61,18.13,18.38,55742.36
2014-01-03,18.29,18.36,17.74,17.88,99241.47
2014-01-06,17.87,17.93,17.1,17.11,108103.31
2014-01-07,17.02,17.41,16.93,17.23,60631.45
2014-01-08,17.17,17.79,17.17,17.46,70933.71
2014-01-09,17.43,17.63,17.03,17.15,74795.46
2014-01-10,17.06,17.1,16.48,16.6,93225.48
2014-01-13,16.6,16.9,16.4,16.6,54008.37
2014-01-14,16.6,17.06,16.5,16.95,46472.68
2014-01-15,16.98,18.65,16.96,18.65,259341.46
2014-01-16,18.88,19.6,18.66,19.28,295998.36
2014-01-17,19.26,19.26,18.83,19.02,144762.76
2014-01-20,18.89,19.38,18.52,18.88,99124.38
2014-01-21,18.98,19.05,18.54,18.99,81837.63
2014-01-22,18.92,19.36,18.8,19.22,144711.83
2014-01-23,19.22,19.38,18.94,19.0,116283.95
2014-01-24,19.04,19.93,18.87,19.86,149878.95
2014-01-27,19.67,20.31,19.47,19.82,158996.23
2014-01-28,19.8,20.06,19.07,19.3,102959.81
2014-01-29,19.36,21.23,19.36,20.99,310336.55
2014-01-30,20.93,23.09,20.79,22.84,385848.71
2014-02-07,22.82,23.94,22.6,23.22,266793.29
2014-02-10,23.27,24.26,23.02,23.54,218379.0
2014-02-11,23.44,23.5,22.58,22.7,231760.8
2014-02-12,22.71,23.66,22.29,23.07,183003.02
2014-02-13,22.92,22.94,22.18,22.23,149857.25
2014-02-14,22.27,22.77,22.27,22.48,136515.42
2014-02-17,22.99,24.73,22.99,24.73,287389.37
2014-02-18,24.81,24.97,24.4,24.73,216258.16
2014-02-19,24.68,24.68,23.99,24.37,116970.21
2014-02-20,24.47,25.13,23.99,24.03,186465.47
2014-02-21,23.92,24.46,23.47,24.12,128140.86
2014-02-24,23.84,24.58,23.58,23.73,146729.38
2014-02-25,23.81,23.84,21.35,21.54,423018.23
2014-02-26,21.37,21.37,19.87,20.94,220561.49
2014-02-27,21.09,22.25,21.09,21.18,237923.76
2014-02-28,21.09,22.2,21.05,21.98,146038.52
2014-03-03,22.82,23.73,22.28,22.61,226538.77
2014-03-04,22.41,23.27,22.05,22.99,191909.26
2014-03-05,22.7,23.08,22.2,22.4,141121.25
2014-03-06,22.38,22.46,21.46,21.77,128283.05
2014-03-07,21.75,22.36,21.55,21.66,88475.64
2014-03-10,20.98,21.3,20.41,21.13,139667.18
2014-03-11,20.92,21.17,20.51,20.73,92370.68
2014-03-12,20.56,20.9,20.22,20.76,87556.46
2014-03-13,20.79,21.68,20.66,21.5,138219.55
2014-03-14,21.36,21.51,20.98,21.14,67099.75
2014-03-17,21.63,21.76,21.14,21.4,95018.24
2014-03-18,21.46,21.5,21.17,21.3,78533.53
2014-03-19,20.93,21.25,20.6,21.17,73487.95
2014-03-20,21.03,21.13,20.47,20.49,64947.11
2014-03-21,20.41,21.36,19.85,21.21,133401.87
2014-03-24,21.13,21.34,20.9,21.07,73176.98
2014-03-25,21.11,21.34,20.87,21.13,50678.64
2014-03-26,21.08,21.29,20.74,21.1,53757.19
2014-03-27,20.84,21.11,20.6,20.61,51586.37
2014-03-28,20.65,20.79,19.55,19.72,97146.77
2014-03-31,19.68,20.03,19.38,19.88,53992.63
2014-04-01,19.84,20.27,19.78,20.22,57959.39
2014-04-02,20.21,20.36,19.97,20.02,39422.0
2014-04-03,20.14,20.26,19.68,19.78,46034.68
2014-04-04,19.69,20.18,19.69,20.17,36577.81
2014-04-08,20.12,22.17,20.08,21.64,198031.12
2014-04-09,21.82,22.25,21.56,22.11,149812.02
2014-04-17,22.77,22.98,21.37,21.57,215915.4
2014-04-18,21.38,22.03,21.38,21.94,98423.66
2014-04-21,21.63,22.11,21.33,21.36,73396.17
2014-04-22,21.35,21.99,20.7,21.98,107793.56
2014-04-23,21.84,22.93,21.67,22.76,191198.15
2014-04-24,22.73,22.93,21.94,22.01,129490.2
2014-04-25,21.94,22.0,21.31,21.4,73992.29
2014-04-28,21.15,21.15,20.52,20.72,83495.94
2014-04-29,20.97,21.17,20.33,20.99,83131.73
2014-04-30,20.9,21.34,20.9,21.08,60150.42
2014-05-05,21.12,21.54,20.8,21.42,52323.6
2014-05-06,21.42,21.9,21.34,21.77,77788.05
2014-05-07,21.75,21.75,21.11,21.14,53421.76
2014-05-08,21.13,22.02,21.09,21.6,84536.42
2014-05-09,21.72,21.72,21.08,21.41,61738.96
2014-05-12,21.65,21.94,21.44,21.77,95209.51
2014-05-13,21.73,21.99,21.56,21.94,84247.78
2014-05-14,21.87,22.07,21.77,21.81,64965.54
2014-05-15,21.75,22.4,21.61,21.63,108614.45
2014-05-16,21.75,22.21,21.63,21.85,80971.37
2014-05-19,22.41,22.6,20.55,20.6,161874.28
2014-05-20,20.51,20.84,20.03,20.57,141132.43
2014-05-21,20.31,20.75,20.24,20.74,66667.74
2014-05-22,20.74,20.94,20.43,20.47,72938.5
2014-05-23,20.47,20.71,20.31,20.63,52520.33
2014-05-26,21.08,21.19,20.62,20.69,68974.67
2014-05-27,20.69,20.98,20.44,20.48,60484.44
2014-05-28,20.49,20.72,20.15,20.68,84716.7
2014-05-29,20.77,20.99,20.58,20.73,77359.5
2014-05-30,20.84,21.08,20.63,20.9,79175.63
2014-06-03,20.92,21.01,20.71,20.81,60602.38
2014-06-04,20.73,20.77,20.22,20.38,63532.75
2014-06-05,20.44,20.9,20.21,20.68,92677.03
2014-06-06,20.67,20.87,20.29,20.52,52208.49
2014-06-09,20.54,21.12,20.53,20.82,106734.07
2014-06-10,20.82,21.01,20.7,20.85,53183.79
2014-06-11,20.9,21.14,20.73,20.87,75678.3
2014-06-12,21.05,22.75,21.04,22.34,240616.2
2014-06-13,22.47,22.59,22.07,22.32,158289.22
2014-06-16,22.3,23.07,22.13,22.85,189129.52
2014-06-17,22.69,22.78,22.29,22.32,86480.73
2014-06-18,22.75,23.71,22.4,22.6,201212.64
2014-06-19,22.19,22.67,21.32,21.86,123201.82
2014-06-20,21.76,22.08,21.59,21.98,52115.27
2014-06-23,22.17,22.54,21.89,21.99,74405.3
2014-06-24,22.03,22.93,21.76,22.88,121612.15
2014-06-25,22.73,22.89,22.45,22.5,104972.66
2014-06-26,22.5,22.77,22.35,22.59,85840.18
2014-06-27,22.77,23.59,22.59,23.3,183621.78
2014-06-30,23.36,25.16,23.36,24.67,294640.37
2014-07-01,25.07,25.08,23.84,24.01,216184.77
2014-07-02,23.89,24.97,23.73,24.14,217344.7
2014-07-03,24.02,24.46,23.74,23.81,148150.43
2014-07-04,23.73,24.0,23.38,23.92,118310.41
2014-07-07,24.1,24.32,23.74,24.05,150234.15
2014-07-08,24.03,24.29,23.17,23.36,161751.34
2014-07-09,23.28,24.1,23.07,23.09,216124.31
2014-07-10,23.05,23.24,22.51,22.61,154931.19
2014-07-11,22.69,23.17,22.45,23.0,114020.34
2014-07-14,23.04,23.21,22.6,22.94,116056.23
2014-07-15,22.99,23.34,22.7,23.05,109544.81
2014-07-16,22.97,22.97,22.07,22.14,140885.22
2014-07-17,22.15,22.29,21.97,22.08,71659.14
2014-07-18,22.28,22.49,22.1,22.28,69123.7
2014-07-21,22.3,22.4,21.93,22.32,68906.75
2014-07-22,22.22,22.59,22.07,22.49,87037.59
2014-07-23,22.48,22.68,22.05,22.11,93596.28
2014-07-24,22.18,22.29,21.41,22.0,150313.25
2014-07-25,21.97,22.19,21.87,22.12,59007.17
2014-07-28,22.23,22.85,22.23,22.68,155502.86
2014-07-29,22.78,23.51,22.6,23.26,180121.27
2014-07-30,23.31,23.63,22.91,23.29,152248.78
2014-07-31,23.32,23.92,23.15,23.67,150639.4
2014-08-01,23.51,24.11,23.07,23.11,182612.39
2014-08-04,23.19,23.84,23.16,23.33,134471.55
2014-08-05,23.38,23.4,22.9,23.21,89481.8
2014-08-06,23.17,23.88,22.99,23.68,158791.92
2014-08-07,23.65,24.08,23.31,23.37,144840.67
2014-08-08,23.36,23.78,23.36,23.64,109635.63
2014-08-11,23.67,23.89,23.56,23.78,136773.44
2014-08-12,23.68,23.89,23.57,23.72,91853.74
2014-08-13,23.73,23.79,23.1,23.33,104620.35
2014-08-14,23.32,24.66,23.26,23.74,278001.89
2014-08-15,23.77,24.47,23.77,24.17,164132.09
2014-08-18,24.28,24.96,24.12,24.88,209809.8
2014-08-19,24.88,25.01,24.38,24.71,187789.78
2014-08-20,24.72,24.88,24.41,24.58,116812.32
2014-08-21,24.49,24.68,24.11,24.25,125075.42
2014-08-22,24.31,24.67,24.18,24.28,95965.23
2014-08-25,24.28,24.53,24.05,24.1,80493.51
2014-08-26,24.01,24.96,23.46,24.69,181112.19
2014-08-27,25.56,27.16,25.56,27.16,181875.47
2014-08-28,29.46,29.46,26.51,26.69,598513.07
2014-08-29,26.31,27.65,26.31,27.49,303832.09
2014-09-01,27.84,28.65,27.52,27.69,298123.75
2014-09-02,27.66,29.31,27.39,28.64,359288.26
2014-09-03,28.41,28.86,28.13,28.41,225800.99
2014-09-04,28.53,30.06,28.19,28.67,319792.76
2014-09-05,28.67,28.74,28.24,28.6,191597.49
2014-09-09,28.38,28.82,28.36,28.7,191184.73
2014-09-10,28.69,29.52,28.27,28.86,188579.33
2014-09-11,28.71,29.0,28.13,28.31,185645.29
2014-09-12,28.24,28.87,28.24,28.72,146775.38
2014-09-15,28.74,29.1,28.51,28.63,175474.2
2014-09-16,28.65,28.72,26.98,27.0,248962.28
2014-09-17,27.08,27.63,26.6,27.53,135561.98
2014-09-18,27.38,27.76,27.04,27.22,94471.31
2014-09-19,27.24,27.76,26.91,27.68,123711.24
2014-09-22,27.54,27.55,26.61,26.74,136984.75
2014-09-23,26.71,27.71,26.71,27.59,170096.13
2014-09-24,27.59,29.06,27.36,28.7,249638.49
2014-09-25,29.08,29.88,28.53,29.03,267763.2
2014-09-26,29.21,29.57,28.7,28.86,169172.04
2014-09-29,28.92,29.36,28.44,28.73,141098.98
2014-09-30,28.84,28.84,28.15,28.45,108445.83
2014-10-08,28.47,28.86,28.2,28.68,134484.35
2014-10-09,28.51,29.05,28.22,28.48,122481.23
2014-10-10,28.25,28.8,28.1,28.48,140774.5
2014-10-13,28.38,29.55,28.0,29.5,275293.63
2014-10-14,29.27,30.76,28.99,29.54,289477.44
2014-10-15,29.49,29.57,28.34,28.71,180328.4
2014-10-16,28.4,28.67,27.95,28.04,102607.09
2014-10-17,27.74,28.14,27.17,27.73,122368.98
2014-10-20,27.89,27.97,27.48,27.71,83572.57
2014-10-21,27.68,27.84,26.99,27.25,80618.74
2014-10-22,27.25,28.91,27.25,28.13,186757.06
2014-10-23,27.87,28.6,27.77,27.97,118346.15
2014-10-24,28.05,28.55,27.76,27.8,79069.98
2014-10-27,28.05,28.53,27.49,28.36,102134.85
2014-10-28,28.43,29.65,28.29,29.6,208018.23
2014-10-29,29.59,29.8,29.1,29.39,188109.8
2014-10-30,29.52,29.64,28.45,28.58,198315.94
2014-10-31,28.68,28.8,28.03,28.55,138999.09
2014-11-03,28.48,29.01,28.36,28.6,101336.71
2014-11-04,28.53,28.63,27.74,27.79,118900.21
2014-11-05,27.79,28.22,27.67,27.86,75567.49
2014-11-06,28.1,28.3,27.73,28.04,79547.06
2014-11-07,28.13,28.43,27.69,27.77,112837.74
2014-11-10,27.86,27.97,27.02,27.63,158705.42
2014-11-11,27.57,27.61,25.87,26.01,205044.09
2014-11-12,26.01,26.78,26.01,26.42,98470.24
2014-11-13,26.43,26.5,25.05,25.84,151109.39
2014-11-14,25.59,26.14,25.28,25.91,84717.03
2014-11-17,25.94,26.81,25.94,26.62,125519.51
2014-11-18,26.51,26.59,26.2,26.31,60236.97
2014-11-19,26.31,26.68,25.96,26.46,98716.59
2014-11-20,26.39,26.42,26.02,26.13,53695.65
2014-11-21,26.24,26.34,26.04,26.13,58589.58
2014-11-24,26.43,26.78,26.11,26.68,126187.53
2014-11-25,26.71,26.98,26.58,26.83,144395.24
2014-11-26,27.43,28.11,26.95,27.95,227385.42
2014-11-27,27.85,28.07,27.09,27.42,182230.43
2014-11-28,27.4,27.63,26.32,26.61,190593.97
2014-12-01,26.52,26.9,25.86,26.14,155373.54
2014-12-02,26.14,26.71,26.14,26.37,116235.58
2014-12-03,26.37,27.55,25.86,27.51,266748.27
2014-12-04,27.52,28.68,27.48,28.05,297167.92
2014-12-05,28.98,30.85,27.28,30.85,692728.47
2014-12-08,31.59,33.75,31.59,32.6,696187.02
2014-12-09,32.6,32.71,29.34,29.34,584825.02
2014-12-10,28.73,30.35,27.55,29.72,418536.85
2014-12-11,29.68,30.58,29.01,30.06,259638.25
2014-12-12,30.01,30.3,29.65,29.89,140171.63
2014-12-15,28.34,29.85,28.06,29.2,221947.35
2014-12-16,29.1,29.88,28.97,29.5,197420.28
2014-12-17,29.34,29.56,28.35,28.66,194556.28
2014-12-18,28.66,30.62,28.24,29.61,302467.83
2014-12-19,29.24,29.29,28.37,28.94,165415.4
2014-12-22,28.98,29.23,27.57,27.6,169882.83
2014-12-23,27.6,28.16,26.84,27.16,123161.04
2014-12-24,27.27,28.24,27.0,27.93,146861.3
2014-12-25,27.96,28.57,27.79,28.05,133798.14
2014-12-26,28.34,28.37,27.74,28.23,164343.8
2014-12-29,28.23,29.2,27.76,28.94,240377.74
2014-12-30,28.72,28.87,27.59,27.73,164382.0
2014-12-31,27.76,28.19,27.28,27.72,128003.8
2015-01-05,27.69,28.53,27.55,28.22,165915.08
2015-01-06,28.24,29.95,28.12,29.48,315365.7
2015-01-07,30.18,30.4,29.48,29.67,298166.17
2015-01-08,29.67,30.54,29.48,29.96,234271.23
2015-01-09,30.06,30.29,29.01,29.18,214906.4
2015-01-12,29.01,29.57,28.62,29.25,172527.99
2015-01-13,29.58,30.82,29.55,30.29,293072.54
2015-01-14,30.59,30.81,29.78,30.15,181394.02
2015-01-15,30.05,30.81,29.75,30.3,143904.33
2015-01-16,30.34,30.52,30.01,30.4,140849.73
2015-01-19,28.72,30.02,27.48,27.98,286398.32
2015-01-20,28.25,29.01,28.06,28.47,165398.0
2015-01-21,28.35,29.29,28.34,29.27,164454.29
2015-01-22,29.27,32.15,29.2,31.02,334885.32
2015-01-23,31.05,31.19,30.08,30.27,223107.17
2015-01-26,30.73,31.43,30.69,31.05,220010.29
2015-01-27,31.48,31.58,30.46,31.06,181967.18
2015-01-28,31.07,31.08,29.88,30.07,151210.64
2015-01-29,29.84,30.4,29.68,29.93,101714.88
2015-01-30,30.21,30.43,29.68,29.89,114398.34
2015-02-02,29.91,30.41,29.5,29.97,108062.4
2015-02-03,30.01,30.28,29.59,30.03,124634.97
2015-02-04,30.06,30.91,30.06,30.27,172506.41
2015-02-05,30.63,30.68,29.44,29.47,141253.14
2015-02-06,29.49,29.79,28.53,28.72,96197.38
2015-02-09,28.43,29.48,28.43,28.82,72893.69
2015-02-10,29.08,29.26,28.82,29.13,56997.85
2015-02-11,29.13,29.58,29.13,29.5,61849.36
2015-02-12,29.49,29.5,29.15,29.25,62729.09
2015-02-13,29.44,29.79,29.27,29.36,113774.16
2015-02-16,29.4,30.03,29.27,29.99,117287.4
2015-02-17,30.12,30.27,29.77,30.03,78904.02
2015-02-25,30.33,30.79,29.97,30.25,133880.05
2015-02-26,30.25,30.89,30.16,30.58,118080.49
2015-02-27,30.64,32.07,30.64,31.34,269954.72
2015-03-02,31.66,31.74,31.07,31.52,160685.54
2015-03-03,31.41,31.88,31.02,31.19,233532.21
2015-03-04,31.46,31.93,31.16,31.78,180280.84
2015-03-05,31.88,31.88,30.72,30.93,165257.38
2015-03-06,31.02,31.37,30.54,30.55,105601.25
2015-03-09,30.57,30.96,30.17,30.91,105910.67
2015-03-10,30.87,31.09,30.51,30.91,89265.47
2015-03-11,30.84,31.39,30.33,30.56,135086.01
2015-03-12,30.92,30.92,30.32,30.55,100287.75
2015-03-13,30.56,30.8,30.28,30.45,123025.53
2015-03-16,30.64,31.37,30.46,31.31,188981.11
2015-03-17,31.5,32.07,31.13,31.88,298313.34
2015-03-18,31.87,35.07,31.59,34.33,476965.24
2015-03-19,34.46,34.75,33.34,33.68,380460.35
2015-03-20,33.7,34.22,33.18,33.5,214446.85
2015-03-23,33.65,34.27,33.51,34.19,234505.53
2015-03-24,34.46,35.5,33.51,34.59,387070.62
2015-03-25,34.28,34.3,33.49,33.76,233809.76
2015-03-26,33.82,34.79,33.52,34.27,269684.05
2015-03-27,34.48,34.79,33.87,34.27,150830.43
2015-03-30,34.65,35.73,34.46,35.31,261588.56
2015-03-31,35.75,38.17,35.75,36.85,466792.45
2015-04-01,36.68,38.48,36.5,38.39,344966.27
2015-04-02,38.01,39.11,37.35,38.7,374851.83
2015-04-03,38.14,39.44,37.91,38.99,286966.61
2015-04-07,38.99,39.3,38.06,38.38,250574.28
2015-04-08,38.36,38.54,36.67,37.43,253897.73
2015-04-09,37.51,37.86,35.83,36.7,206460.51
2015-04-10,36.7,40.37,36.45,40.29,422575.86
2015-04-13,40.4,42.37,40.11,40.92,377369.53
2015-04-14,39.78,42.11,39.25,41.2,267229.95
2015-04-15,42.49,42.98,40.2,40.96,313811.93
2015-04-16,40.63,42.6,40.28,41.63,251465.68
2015-04-17,41.77,45.8,41.77,45.28,488524.35
2015-04-20,44.9,49.81,44.29,49.81,683148.47
2015-04-21,50.24,54.45,47.89,48.64,754324.16
2015-04-22,49.01,51.51,47.77,50.41,400808.65
2015-04-23,50.74,50.74,48.52,49.46,346460.6
2015-04-24,49.78,54.41,49.63,51.93,415925.29
2015-04-27,52.75,55.62,51.95,53.45,357304.39
2015-04-28,53.18,53.18,49.46,49.76,324714.82
2015-04-29,49.77,52.73,49.21,51.4,253977.64
2015-04-30,51.41,53.4,51.4,51.45,221287.89
2015-05-04,52.18,53.17,51.6,52.64,240746.09
2015-05-05,52.65,53.1,49.78,49.89,236419.82
2015-05-06,50.74,51.28,48.76,49.62,243209.6
2015-05-07,49.59,50.6,48.7,49.26,177073.05
2015-05-08,49.95,50.63,49.01,50.58,158982.11
2015-05-11,51.12,52.23,50.34,51.85,248359.04
2015-05-12,51.89,57.04,51.42,57.04,456597.32
2015-05-13,58.13,59.16,55.05,55.35,383228.71
2015-05-14,55.46,56.29,54.39,55.02,189185.34
2015-05-15,55.04,57.92,55.04,56.86,273972.88
2015-05-18,56.48,60.02,56.19,59.0,262834.21
2015-05-19,59.02,59.07,57.1,58.73,174044.95
2015-05-20,59.26,64.08,59.21,61.37,213190.12
2015-05-21,63.34,63.82,61.46,62.91,161491.2
2015-05-22,62.91,64.8,61.29,64.76,237664.5
2015-05-25,64.52,70.1,63.18,69.71,282187.11
2015-05-26,71.72,76.68,69.79,76.33,372724.33
2015-05-27,76.66,79.04,73.29,74.63,321954.21
2015-05-28,73.52,75.22,67.17,67.17,332880.93
2015-05-29,66.52,70.59,61.75,67.29,270502.25
2015-06-01,67.59,71.12,65.86,70.1,225108.79
2015-06-02,69.84,73.6,69.41,72.14,235849.12
2015-06-03,72.57,72.8,67.44,68.88,234141.29
2015-06-04,68.88,69.38,62.03,67.33,250832.42
2015-06-05,68.1,71.8,67.4,68.76,213885.96
2015-06-08,68.66,68.66,65.12,66.43,193246.04
2015-06-09,66.43,69.11,65.58,67.5,183833.6
2015-06-10,66.25,68.49,66.06,67.17,183861.74
2015-06-11,66.96,68.53,66.06,68.5,213983.2
2015-06-12,69.69,69.69,67.92,68.48,207083.43
2015-06-15,69.5,72.42,66.95,67.39,277709.15
2015-06-16,66.78,66.82,60.65,60.65,321330.29
2015-06-17,59.35,61.19,55.14,59.34,330917.46
2015-06-18,59.34,59.56,54.17,55.94,279176.49
2015-06-19,56.29,60.31,55.94,57.59,366059.98
2015-06-23,58.28,63.36,57.34,63.36,424534.17
2015-06-24,64.31,67.86,63.37,64.91,497956.24
2015-06-25,63.82,67.01,59.83,61.69,406420.1
2015-06-26,58.46,59.74,55.52,55.52,304069.13
2015-06-29,57.44,57.44,49.97,49.97,383019.72
2015-06-30,47.86,52.17,44.98,50.88,539871.56
2015-07-01,50.26,52.57,45.8,45.8,415534.71
2015-07-02,44.22,44.41,41.22,41.22,365050.67
2015-07-03,37.11,41.18,37.1,37.1,412517.68
2015-07-06,40.81,40.81,33.39,33.39,767838.73
2015-07-07,30.98,32.84,30.05,30.05,960051.54
2015-07-08,27.04,29.67,27.04,27.13,1174722.62
2015-07-09,27.19,29.84,27.19,29.84,600373.41
2015-07-10,32.83,32.83,32.43,32.83,220017.06
2015-07-13,36.11,36.11,36.11,36.11,36308.96
2015-07-14,39.72,39.72,39.72,39.72,57237.82
2015-07-15,40.74,42.01,37.39,41.3,1149348.83
2015-07-16,41.17,44.94,37.73,44.35,728669.23
2015-07-17,44.7,48.78,44.7,48.78,430427.06
2015-07-20,51.38,53.66,50.78,53.66,866788.04
2015-07-21,53.13,54.35,50.91,52.43,736300.41
2015-07-22,52.86,57.68,52.86,57.68,753002.01
2015-07-23,58.76,61.09,55.9,59.41,781277.45
2015-07-24,57.62,62.42,57.43,59.43,742568.96
2015-07-27,57.28,60.6,53.49,53.49,677590.78
2015-07-28,48.54,56.37,48.14,51.41,747107.36
2015-07-29,53.34,56.55,49.18,56.55,671761.69
2015-07-30,56.6,61.93,53.81,57.2,798531.72
2015-07-31,56.27,58.19,51.47,51.47,556789.78
2015-08-03,49.02,50.13,46.33,46.36,522992.18
2015-08-04,46.56,51.0,46.56,51.0,612252.7
2015-08-05,52.82,53.73,49.94,51.43,613330.54
2015-08-06,49.46,52.38,48.98,49.65,399579.74
2015-08-07,50.71,53.01,49.72,52.56,446213.68
2015-08-10,54.23,57.62,53.67,57.13,552099.97
2015-08-11,57.25,59.88,54.74,56.86,575581.88
2015-08-12,60.5,61.11,56.66,57.67,604135.37
2015-08-13,56.25,58.39,54.27,58.25,493086.52
2015-08-14,58.31,59.44,56.75,57.61,388742.31
2015-08-17,57.59,59.71,56.51,57.32,430879.46
2015-08-18,57.09,57.09,51.59,51.59,498738.39
2015-08-19,49.24,52.81,46.94,51.79,457558.0
2015-08-20,50.89,50.9,46.72,46.86,336853.49
2015-08-21,46.29,50.42,45.13,47.0,452202.55
2015-08-24,44.65,45.62,42.3,42.3,359459.93
2015-08-25,38.08,39.34,38.08,38.08,308740.32
2015-08-26,38.6,39.45,34.27,34.27,606092.45
2015-08-27,35.34,37.7,34.57,37.7,555227.69
2015-08-28,39.8,41.48,38.68,41.48,335239.79
2015-08-31,44.17,45.6,41.55,45.53,783931.04
2015-09-01,43.69,43.79,40.98,41.83,602649.93
2015-09-02,37.69,42.75,37.69,39.75,518020.39
2015-09-07,40.33,43.12,36.01,36.49,455010.83
2015-09-08,34.58,37.55,32.84,36.99,371964.71
2015-09-09,37.83,39.55,34.92,37.11,896056.39
2015-09-10,35.63,38.87,35.28,37.65,611594.63
2015-09-11,36.95,38.32,36.3,36.86,325024.58
2015-09-14,37.43,38.2,33.17,36.51,473389.63
2015-09-15,35.16,35.8,32.86,33.37,307674.59
2015-09-16,33.38,36.71,32.11,36.5,448182.81
2015-09-17,36.88,38.77,35.54,35.72,557657.68
2015-09-18,36.12,36.59,34.67,35.55,289964.06
2015-09-21,35.58,38.03,35.52,37.9,394057.18
2015-09-22,38.41,38.89,36.79,37.31,358269.25
2015-09-23,36.46,37.93,36.01,37.28,260349.14
2015-09-24,37.38,39.91,37.38,39.44,409869.42
2015-09-25,38.89,39.77,37.07,37.83,290609.72
2015-09-28,37.93,39.02,36.54,38.4,177714.53
2015-09-29,37.93,38.12,36.83,37.08,150505.46
2015-09-30,37.77,40.59,37.56,39.24,205453.62
2015-10-14,43.17,43.17,43.17,43.17,8282.85
2015-10-15,46.57,47.49,44.2,47.49,580271.34
2015-10-16,48.02,51.66,47.49,49.46,508479.24
2015-10-19,49.37,49.46,46.41,46.68,487728.0
2015-10-20,45.75,47.72,45.75,47.05,265264.33
2015-10-21,47.21,49.22,44.26,46.21,500174.75
2015-10-22,46.0,50.62,45.45,49.82,540274.5
2015-10-23,49.74,51.38,47.92,48.95,524543.96
2015-10-26,49.17,49.94,47.15,48.14,341709.4
2015-10-27,48.02,50.42,46.43,50.11,435546.29
2015-10-28,50.12,50.12,46.75,47.07,329536.46
2015-10-29,47.58,48.78,46.69,47.07,301209.5
2015-10-30,47.29,47.73,46.57,46.82,190720.53
2015-11-02,47.04,47.77,45.92,46.09,200096.42
2015-11-03,46.56,47.05,44.58,46.41,273797.83
2015-11-04,47.54,48.23,46.76,48.18,320163.27
2015-11-05,48.11,49.88,46.67,46.96,582330.77
2015-11-06,47.01,48.76,46.68,48.3,345220.56
2015-11-09,47.92,48.96,46.9,47.82,460907.44
2015-11-10,47.67,50.61,47.41,48.21,723408.09
2015-11-11,48.77,48.83,47.16,48.01,405428.39
2015-11-12,48.09,49.73,47.54,48.42,421531.58
2015-11-13,48.97,49.98,48.02,48.56,475949.84
2015-11-16,47.82,49.05,47.17,48.96,285448.5
2015-11-17,49.34,53.61,48.5,50.9,703973.55
2015-11-18,50.51,51.29,48.59,48.87,374791.47
2015-11-19,48.93,49.9,48.7,49.79,239993.11
2015-11-20,50.21,51.92,49.81,50.4,404889.06
2015-11-23,50.61,51.49,48.78,49.06,297697.37
2015-11-24,48.93,49.21,47.61,48.22,241975.47
2015-11-25,49.96,49.97,48.51,48.89,257351.87
2015-11-26,48.59,50.22,47.73,49.03,307991.66
2015-11-27,49.36,49.94,44.23,45.03,398962.21
2015-11-30,45.09,45.6,41.68,43.93,291326.28
2015-12-01,43.99,44.83,43.21,43.5,179541.85
2015-12-02,43.59,43.75,41.37,42.81,196380.94
2015-12-03,42.91,44.13,42.68,44.04,160151.45
2015-12-04,44.06,44.12,42.73,43.1,150280.71
2015-12-07,42.94,43.87,42.42,43.8,145800.49
2015-12-08,43.45,43.45,42.06,42.07,128500.18
2015-12-09,41.49,43.45,41.32,42.79,160018.44
2015-12-10,42.25,43.02,41.78,41.97,121106.46
2015-12-11,42.0,43.4,41.82,42.82,155363.27
2015-12-14,42.25,45.47,42.06,44.96,267092.85
2015-12-15,44.84,46.18,44.65,45.36,200703.32
2015-12-16,45.37,45.57,44.6,44.69,119938.44
2015-12-17,45.33,45.81,44.75,45.1,129208.77
2015-12-18,45.13,45.61,44.46,44.75,117318.13
2015-12-21,44.71,45.37,44.56,45.03,115405.97
2015-12-22,45.07,45.47,44.65,45.15,104925.83
2015-12-23,45.15,45.71,44.63,44.64,167772.24
2015-12-24,44.76,44.89,42.83,43.17,136508.89
2015-12-25,43.17,43.65,43.07,43.49,82565.35
2015-12-28,43.31,43.77,42.14,42.2,120429.85
2015-12-29,42.25,42.93,41.89,42.7,93090.97
2015-12-30,42.7,44.83,42.46,44.26,158249.64
2015-12-31,44.17,44.46,43.11,43.24,96893.01
2016-01-04,44.23,44.92,40.28,40.36,149237.96
2016-01-05,38.41,41.61,38.4,40.63,194828.86
2016-01-06,40.57,41.29,40.04,41.17,138134.28
2016-01-07,40.33,40.81,37.05,37.05,43818.0
2016-01-08,37.67,38.8,34.46,36.9,192092.47
2016-01-11,35.48,36.4,33.22,33.27,200528.96
2016-01-12,33.22,33.86,32.17,33.33,148263.37
2016-01-13,33.61,33.96,31.04,31.1,127998.83
2016-01-14,29.77,34.22,29.58,34.22,251478.25
2016-01-15,34.22,36.95,33.66,35.26,370878.16
2016-01-18,34.14,36.88,34.14,36.48,224620.5
2016-01-19,36.39,40.04,35.44,38.94,293790.04
2016-01-20,38.89,41.29,38.12,39.52,297537.87
2016-01-21,38.75,40.33,36.88,36.92,238289.6
2016-01-22,37.74,39.37,36.11,38.39,190230.62
2016-01-25,38.89,39.08,37.93,38.5,130462.46
2016-01-26,37.6,38.84,34.65,34.65,217215.41
2016-01-27,34.76,38.11,31.75,37.73,368317.95
2016-01-28,36.29,37.26,34.09,34.28,285984.76
2016-01-29,33.9,35.83,31.69,34.29,284396.51
2016-02-01,34.04,34.42,32.48,33.01,176097.9
2016-02-02,33.61,34.85,32.94,34.34,198301.38
2016-02-03,33.64,34.85,33.32,34.35,158635.57
2016-02-04,34.72,36.01,34.35,35.5,182469.5
2016-02-05,35.5,36.38,35.34,35.38,154548.91
2016-02-15,34.04,35.77,33.69,35.5,128334.42
2016-02-16,35.61,37.34,35.61,36.9,190071.84
2016-02-17,37.36,39.02,37.2,37.86,260962.44
2016-02-18,38.27,38.27,36.97,37.09,163508.36
2016-02-19,36.98,38.08,36.59,37.58,160298.22
2016-02-22,38.32,38.39,37.56,37.97,141549.68
2016-02-23,38.12,38.26,36.86,37.36,132676.59
2016-02-24,37.15,37.88,36.89,37.77,151445.45
2016-02-25,37.84,38.01,33.99,34.05,225576.68
2016-02-26,34.76,35.5,33.62,35.05,201604.64
2016-02-29,34.54,34.72,32.18,33.65,155841.85
2016-03-01,33.91,35.52,33.37,35.26,205242.74
2016-03-02,35.26,37.64,35.26,37.46,237015.33
2016-03-03,39.18,40.29,37.73,38.02,350850.27
2016-03-04,38.17,39.04,36.5,37.15,236364.37
2016-03-07,37.45,38.22,37.16,37.78,165648.4
2016-03-08,37.45,37.45,35.61,36.95,157380.37
2016-03-09,35.82,37.86,35.63,36.19,160544.94
2016-03-10,36.01,36.48,34.82,34.9,129483.01
2016-03-11,34.92,35.24,34.46,34.96,104700.62
2016-03-14,35.54,36.41,35.29,35.99,132570.89
2016-03-15,35.82,35.96,35.13,35.3,109805.79
2016-03-16,35.44,35.53,34.39,34.58,98161.94
2016-03-17,34.76,36.66,34.74,36.12,192975.91
2016-03-18,36.49,37.62,36.2,37.19,239088.09
2016-03-21,37.66,38.39,37.09,38.09,229416.36
2016-03-22,37.86,39.56,37.46,38.27,277137.94
2016-03-23,37.97,39.24,37.83,39.2,286488.49
2016-03-24,38.9,39.78,37.74,37.81,233095.72
2016-03-25,37.43,38.12,37.43,37.72,139872.55
2016-03-28,38.03,38.65,37.16,37.31,157891.49
2016-03-29,37.62,37.67,36.7,36.99,112504.81
2016-03-30,37.44,38.14,37.14,38.12,125889.29
2016-03-31,38.22,38.73,37.83,37.92,153694.1
2016-04-01,37.82,37.98,36.76,37.22,121385.8
2016-04-05,37.17,38.31,37.16,38.21,145414.87
2016-04-06,37.99,38.57,37.67,38.11,142639.22
2016-04-07,38.17,38.34,36.88,37.02,134940.24
2016-04-08,36.78,37.38,36.45,36.76,102750.44
2016-04-11,37.16,37.56,36.97,37.38,103160.6
2016-04-12,37.42,37.62,37.03,37.38,84567.6
2016-04-13,37.5,38.35,37.5,37.83,163232.71
2016-04-14,37.98,38.03,37.55,37.89,86787.99
2016-04-15,38.1,38.29,37.35,37.62,107147.83
2016-04-18,37.45,37.45,36.4,36.41,115518.72
2016-04-19,36.56,36.76,36.2,36.42,79264.09
2016-04-20,36.49,37.38,34.39,35.54,170652.13
2016-04-21,35.38,35.51,34.88,34.94,92317.19
2016-04-22,34.67,35.36,34.58,35.16,56700.55
2016-04-25,35.51,36.84,35.2,36.17,190408.83
2016-04-26,35.92,36.03,35.39,35.91,83160.73
2016-04-27,36.01,36.04,35.22,35.34,58479.77
2016-04-28,35.4,35.53,34.71,35.23,57203.13
2016-04-29,35.05,35.39,34.77,34.97,50820.44
2016-05-03,35.53,35.95,35.07,35.93,81080.83
2016-05-04,35.82,35.96,35.56,35.63,56093.94
2016-05-05,35.74,36.42,35.68,35.74,100405.91
2016-05-06,35.85,35.91,34.51,34.54,107996.3
2016-05-09,34.48,34.49,32.65,32.86,118720.06
2016-05-10,32.23,33.39,32.23,32.92,61024.67
2016-05-11,33.41,33.47,32.64,32.67,48008.0
2016-05-12,32.44,32.99,31.88,32.7,62015.79
2016-05-13,32.79,33.05,32.56,32.73,49770.5
2016-05-16,32.34,32.91,32.17,32.9,47202.42
2016-05-17,32.9,32.94,32.37,32.56,58005.4
2016-05-18,32.56,32.8,31.6,31.82,70081.19
2016-05-19,31.8,32.24,31.65,31.76,48238.27
2016-05-20,31.5,32.97,31.3,32.24,64636.09
2016-05-23,32.13,32.45,32.08,32.29,42491.11
2016-05-24,32.24,32.24,31.59,31.67,46517.81
2016-05-25,31.98,31.98,31.43,31.5,37197.94
2016-05-26,31.43,31.68,30.83,31.29,52863.33
2016-05-27,31.45,31.79,31.23,31.56,55524.44
2016-05-30,31.2,31.41,30.74,31.15,36285.37
2016-05-31,31.26,32.44,31.26,32.42,96434.06
2016-06-01,32.55,34.46,32.37,33.13,136591.7
2016-06-02,33.03,33.38,32.84,33.09,70243.43
2016-06-03,33.6,33.88,32.94,33.27,78532.05
2016-06-06,33.32,33.46,32.89,33.02,56071.74
2016-06-07,33.16,33.21,32.78,32.95,46465.0
2016-06-08,33.02,33.46,32.62,33.31,85321.97
2016-06-13,33.13,34.45,32.27,32.51,153639.63
2016-06-14,32.18,32.46,31.41,31.86,86727.88
2016-06-15,31.55,32.65,31.32,32.46,89672.27
2016-06-16,32.54,33.03,32.08,32.25,62262.47
2016-06-17,32.28,32.86,32.19,32.48,65506.94
2016-06-20,32.52,32.61,32.03,32.36,50473.09
2016-06-21,32.55,32.82,31.9,32.22,71376.71
2016-06-22,32.43,32.81,32.17,32.78,56372.71
2016-06-23,32.91,33.85,32.63,33.59,126768.73
2016-06-24,33.26,33.61,31.99,32.74,97756.09
2016-06-27,32.57,33.86,32.55,33.6,122078.08
2016-06-28,33.51,33.93,33.28,33.69,91303.47
2016-06-29,33.92,34.09,33.21,33.31,109672.24
2016-06-30,33.42,33.75,33.09,33.27,86987.37
2016-07-01,33.26,34.84,33.26,34.13,192237.1
2016-07-04,33.99,36.49,33.85,36.16,265568.31
2016-07-05,36.3,37.62,35.51,35.75,302154.21
2016-07-06,35.54,36.66,35.36,36.5,162364.44
2016-07-07,36.68,36.7,35.71,36.0,113765.69
2016-07-08,35.98,37.74,35.82,37.02,269565.62
2016-07-11,37.46,37.98,36.68,36.89,220911.17
2016-07-12,36.85,37.23,36.26,36.98,131081.23
2016-07-13,37.51,37.61,36.38,37.14,174697.89
2016-07-14,37.31,39.09,36.85,37.89,287608.02
2016-07-15,37.48,37.71,36.66,36.88,137421.99
2016-07-18,36.83,36.83,35.69,35.8,116113.37
2016-07-19,35.98,36.37,35.77,36.14,64080.44
2016-07-20,36.04,36.32,35.85,35.86,56592.87
2016-07-21,35.86,36.04,35.69,35.74,62913.07
2016-07-22,35.98,36.23,35.4,35.45,80973.84
2016-07-25,35.4,35.96,35.11,35.37,67736.84
2016-07-26,35.38,35.75,35.2,35.74,74579.73
2016-07-27,35.88,36.17,33.94,34.36,128084.57
2016-07-28,34.35,35.03,33.98,34.69,83842.26
2016-07-29,34.59,34.59,33.61,33.87,70144.01
2016-08-01,33.81,34.05,33.22,33.49,57005.79
2016-08-02,33.51,33.82,33.39,33.8,32384.37
2016-08-03,33.66,34.11,33.53,34.0,43601.46
2016-08-04,33.99,34.0,33.5,33.81,55762.73
2016-08-05,33.81,33.91,33.32,33.4,45702.31
2016-08-08,33.4,34.87,32.99,34.55,99753.62
2016-08-09,34.12,34.46,34.12,34.38,53614.65
2016-08-10,34.34,34.58,34.0,34.02,42653.33
2016-08-11,34.05,34.11,33.27,33.28,57597.87
2016-08-12,33.29,34.24,33.29,33.89,52390.14
2016-08-15,34.04,34.69,33.77,34.51,88879.01
2016-08-16,34.64,34.91,34.43,34.63,82353.57
2016-08-17,34.63,35.46,34.44,34.92,102179.71
2016-08-18,34.91,34.91,34.44,34.67,59105.16
2016-08-19,34.67,34.91,34.31,34.62,50692.33
2016-08-22,34.53,34.77,34.14,34.26,45069.34
2016-08-23,34.24,34.43,34.0,34.08,36732.3
2016-08-24,34.08,35.2,34.05,34.66,80212.28
2016-08-25,34.43,34.43,33.79,34.09,61286.05
2016-08-26,34.1,34.91,34.03,34.64,88321.65
2016-08-29,37.5,37.5,35.49,35.61,279724.09
2016-08-30,35.78,38.19,35.3,37.11,325268.17
2016-08-31,36.53,36.84,36.02,36.49,171073.76
2016-09-01,36.49,37.09,35.98,36.03,125138.86
2016-09-02,35.98,36.17,35.11,35.4,100029.93
2016-09-05,35.68,35.83,35.3,35.49,70086.96
2016-09-06,35.49,35.61,34.91,35.56,71757.62
2016-09-07,35.68,36.05,35.44,35.45,83129.99
2016-09-08,35.47,35.66,35.14,35.33,53006.85
2016-09-09,35.32,35.62,34.97,35.0,56220.77
2016-09-12,34.2,34.49,33.77,33.87,85133.35
2016-09-13,34.03,34.17,33.65,33.91,50405.5
2016-09-14,33.71,34.02,33.56,33.77,49858.94
2016-09-19,33.78,34.03,33.78,33.91,40038.74
2016-09-20,33.85,34.01,33.76,33.79,31977.84
2016-09-21,33.81,34.0,33.77,33.87,29551.84
2016-09-22,34.01,34.17,33.87,33.89,35538.86
2016-09-23,33.85,33.93,33.6,33.64,36347.84
2016-09-26,33.63,33.63,32.77,32.79,55172.92
2016-09-27,32.68,33.27,32.62,33.07,41959.7
2016-09-28,33.22,33.3,32.84,33.18,36365.03
2016-09-29,33.18,33.28,33.04,33.04,29869.9
2016-09-30,33.16,33.32,33.04,33.09,28542.07
2016-10-10,33.27,33.78,33.26,33.76,44992.44
2016-11-08,34.43,35.69,33.76,34.17,215716.38
2016-11-09,33.95,34.52,33.76,34.27,111910.41
2016-11-10,34.46,34.61,34.07,34.3,78003.09
2016-11-11,34.29,34.49,33.84,34.32,86780.21
2016-11-14,33.93,34.32,33.86,34.05,76917.43
2016-11-15,33.95,34.04,33.3,33.56,100134.64
2016-11-16,33.55,33.69,33.23,33.25,79145.94
2016-11-17,33.26,33.49,33.18,33.36,44954.79
2016-11-18,33.43,33.67,33.36,33.41,55525.36
2016-11-21,33.41,33.62,33.32,33.36,44883.35
2016-11-22,33.5,33.52,33.25,33.42,63319.35
2016-11-23,33.47,34.06,33.36,33.77,106252.35
2016-11-24,33.74,33.75,33.19,33.24,74879.6
2016-11-25,33.34,33.63,33.06,33.46,59982.67
2016-11-28,33.38,33.63,33.27,33.35,58010.0
2016-11-29,33.4,33.89,33.34,33.69,113376.12
2016-11-30,33.56,33.93,33.56,33.8,75785.8
2016-12-01,33.9,33.92,33.61,33.69,58912.35
2016-12-02,33.74,33.82,33.18,33.2,71237.23
2016-12-05,32.83,33.85,32.82,33.33,73176.77
2016-12-06,33.5,33.56,32.92,32.97,44885.87
2016-12-07,32.94,33.23,32.89,32.99,56661.84
2016-12-08,33.11,33.24,32.72,32.75,67634.44
2016-12-09,32.66,32.89,31.97,32.0,120727.25
2016-12-12,32.12,32.36,30.85,31.01,96923.08
2016-12-13,31.02,31.46,30.86,31.2,55332.36
2016-12-14,31.29,33.27,30.9,32.2,148517.31
2016-12-15,31.83,33.25,31.71,32.54,149214.13
2016-12-16,32.4,32.47,31.95,32.24,69354.25
2016-12-19,32.21,32.45,31.99,32.22,42938.52
2016-12-20,32.19,32.34,31.62,31.86,57247.86
2016-12-21,31.86,32.42,31.78,32.0,75774.78
2016-12-22,32.06,32.25,31.88,31.94,45893.98
2016-12-23,31.91,32.08,31.74,31.89,42187.56
2016-12-26,31.63,31.8,31.09,31.74,45589.1
2016-12-27,31.63,31.65,31.39,31.4,26670.84
2016-12-28,31.5,31.86,31.35,31.37,39195.66
2016-12-29,31.45,31.63,31.31,31.39,27669.12
2016-12-30,31.4,31.7,31.35,31.58,45819.65
2017-01-03,31.59,32.53,31.59,32.33,69661.27
2017-01-04,32.41,32.53,32.12,32.44,56185.09
2017-01-05,32.44,33.27,32.24,32.77,117723.68
2017-01-06,32.91,33.04,32.44,32.63,62805.85
2017-01-09,32.7,33.83,32.46,33.63,131611.87
2017-01-10,33.62,33.62,33.03,33.11,71247.15
2017-01-11,33.22,33.64,32.6,32.78,87035.61
2017-01-12,32.64,32.79,32.2,32.29,55056.11
2017-01-13,32.26,32.64,32.17,32.43,57521.92
2017-01-16,32.3,33.03,31.73,32.96,122176.94
2017-01-17,32.6,33.31,32.6,33.22,70034.13
2017-01-18,32.89,33.26,32.82,32.88,43565.33
2017-01-19,32.98,33.19,32.84,32.92,43173.2
2017-01-20,32.91,33.25,32.85,33.24,49627.01
2017-01-23,33.37,33.66,33.07,33.26,51115.82
2017-01-24,33.45,33.45,33.0,33.05,34173.1
2017-01-25,32.99,33.5,32.94,33.49,46874.85
2017-01-26,33.51,33.6,33.33,33.48,32385.59
2017-02-03,33.54,33.69,33.39,33.49,37504.75
2017-02-06,33.37,33.71,33.29,33.44,55101.35
2017-02-07,33.43,33.55,32.79,32.91,56651.65
2017-02-08,32.84,33.46,32.76,33.36,53716.73
2017-02-09,33.47,33.47,33.22,33.36,41558.11
2017-02-10,33.31,33.54,33.13,33.24,57053.6
2017-02-13,33.03,33.18,32.85,33.12,47631.15
2017-02-14,33.13,33.26,32.84,33.0,40276.23
2017-02-15,33.13,33.13,32.8,32.94,41052.9
2017-02-16,32.94,33.06,32.79,32.97,35061.23
2017-02-17,32.91,33.23,32.79,33.06,55203.03
2017-02-20,33.08,33.16,32.73,32.96,62999.93
2017-02-21,32.96,33.03,32.77,32.99,54303.82
2017-02-22,32.99,33.0,32.79,32.93,34176.31
2017-02-23,32.92,32.93,32.29,32.44,65510.39
2017-02-24,32.36,32.7,32.34,32.53,48220.9
2017-02-27,32.53,32.53,32.12,32.19,39905.37
2017-02-28,32.19,32.41,32.19,32.32,27085.32
2017-03-01,32.3,32.79,32.28,32.52,52153.37
2017-03-02,32.6,32.68,32.35,32.36,37648.53
2017-03-03,32.37,32.79,32.31,32.58,57952.82
2017-03-06,32.59,32.9,32.37,32.87,59981.23
2017-03-07,32.89,32.89,32.51,32.63,37488.09
2017-03-08,32.78,33.02,32.56,32.64,60346.62
2017-03-09,32.5,32.58,32.11,32.14,57512.44
2017-03-10,32.15,32.38,32.03,32.17,34101.35
2017-03-13,32.13,32.36,32.11,32.34,49184.54
2017-03-14,32.36,32.49,32.17,32.22,37161.49
2017-03-15,32.21,32.3,32.05,32.18,40373.42
2017-03-16,32.17,32.47,32.17,32.42,42289.35
2017-03-17,32.46,33.44,32.41,32.87,150971.56
2017-03-20,32.84,32.93,32.61,32.76,53587.44
2017-03-21,32.76,33.13,32.68,33.05,72613.24
2017-03-22,32.94,32.97,32.65,32.8,44077.83
2017-03-23,32.87,33.03,32.62,32.95,57004.2
2017-03-24,33.09,33.14,32.74,33.0,46728.02
2017-03-27,33.06,33.22,32.81,32.99,57742.67
2017-03-28,33.02,33.11,32.67,32.7,48125.83
2017-03-29,32.69,32.88,32.44,32.49,53307.32
2017-03-30,32.45,32.63,32.12,32.19,54267.79
2017-03-31,32.19,32.67,32.19,32.47,51596.73
2017-04-05,32.44,32.73,32.15,32.69,50235.23
2017-04-06,32.61,32.74,32.46,32.58,52272.6
2017-04-07,32.59,33.19,32.55,32.93,97756.25
2017-04-10,33.16,33.18,32.74,32.91,85338.93
2017-04-11,32.79,36.2,32.79,36.2,527926.98
2017-04-12,36.46,37.37,35.73,36.57,547396.54
2017-04-13,35.96,36.2,35.44,36.0,253998.81
2017-04-14,35.93,36.97,35.49,35.52,207071.11
2017-04-17,34.96,35.22,34.15,34.53,178371.05
2017-04-18,34.71,34.84,33.95,34.23,142567.37
2017-04-19,34.09,34.49,33.76,34.35,108959.7
2017-04-20,34.39,34.61,33.66,34.15,96405.66
2017-04-21,34.14,34.31,33.48,33.73,71082.69
2017-04-24,33.71,34.02,33.21,33.57,87163.05
2017-04-25,33.48,33.94,32.48,33.8,102480.26
2017-04-26,33.76,33.99,33.14,33.16,77615.59
2017-04-27,33.12,33.12,32.15,32.99,110954.07
2017-04-28,32.87,33.3,32.7,33.26,49865.38
2017-05-02,33.26,33.29,32.6,32.62,52495.87
2017-05-03,32.68,33.51,32.59,32.99,86683.2
2017-05-04,32.94,32.99,32.26,32.48,76877.78
2017-05-05,32.61,32.95,31.3,31.69,117269.42
2017-05-08,31.46,31.46,29.53,30.1,142792.83
2017-05-09,30.07,30.18,29.15,29.69,89877.3
2017-05-10,29.74,29.97,26.72,26.72,235505.97
2017-05-11,26.68,26.9,24.38,26.19,219276.44
2017-05-12,25.86,26.01,25.24,25.55,91424.53
2017-05-15,25.7,25.98,25.42,25.53,77261.89
2017-05-16,25.59,25.95,24.71,25.9,106592.31
2017-05-17,25.9,27.21,25.79,26.38,133251.6
2017-05-18,26.03,26.68,25.88,25.94,58737.3
2017-05-19,25.91,26.27,25.66,25.79,40536.0
2017-05-22,25.9,26.0,25.11,25.17,52167.54
2017-05-23,25.15,25.31,23.97,24.08,95320.16
2017-05-24,23.97,24.21,23.24,24.14,120364.08
2017-05-25,24.02,24.35,23.44,24.18,116010.44
2017-05-26,24.21,24.21,23.77,23.8,82924.46
2017-05-31,24.11,24.32,23.72,23.78,75051.09
2017-06-01,23.68,23.78,23.24,23.24,92780.37
2017-06-02,23.23,23.33,22.27,23.19,126969.32
2017-06-05,23.08,23.48,23.08,23.39,82326.94
2017-06-06,23.47,24.86,23.44,24.55,200698.59
2017-06-07,24.6,25.33,24.45,25.27,170402.57
2017-06-08,25.14,26.32,24.94,25.56,158761.04
2017-06-09,25.48,26.19,25.25,25.98,139139.72
2017-06-12,25.84,26.32,25.54,26.15,134893.92
2017-06-13,26.13,26.17,25.63,25.86,92722.59
2017-06-14,25.86,26.4,25.71,25.97,112684.07
2017-06-15,25.95,26.48,25.86,26.23,90052.52
2017-06-16,26.19,26.65,26.03,26.44,94974.82
2017-06-19,26.44,27.5,26.39,27.31,112164.58
2017-06-20,27.26,27.48,27.0,27.11,60431.43
2017-06-21,27.45,27.88,27.02,27.07,114191.54
2017-06-22,27.03,27.17,26.53,26.55,96638.68
2017-06-23,26.41,26.87,25.74,26.32,94045.34
2017-06-26,26.59,27.13,26.34,27.11,82658.47
2017-06-27,27.13,27.84,26.92,27.35,105209.37
2017-06-28,27.11,27.2,26.44,26.54,95708.32
2017-06-29,26.52,26.9,26.41,26.74,51508.77
2017-06-30,26.62,26.62,26.29,26.44,50877.55
2017-07-03,26.44,26.44,25.86,26.38,57112.71
2017-07-04,26.35,26.67,26.12,26.62,56941.76
2017-07-05,26.53,26.71,26.34,26.66,43663.21
2017-07-06,26.63,26.69,26.21,26.38,77903.01
2017-07-07,26.32,26.96,26.22,26.55,68048.07
2017-07-10,27.25,27.83,27.02,27.13,159866.32
2017-07-11,27.16,27.77,27.11,27.38,118896.81
2017-07-12,27.65,28.63,26.84,28.58,188691.76
2017-07-13,28.61,29.71,28.21,29.32,192886.06
2017-07-14,29.23,29.78,28.89,29.23,110037.7
2017-07-17,29.04,29.05,27.57,28.22,166894.94
2017-07-18,28.14,29.58,27.41,29.42,132368.1
2017-07-19,29.44,30.45,29.14,29.85,173208.57
2017-07-20,29.85,30.0,29.38,29.45,106324.64
2017-07-21,29.29,29.85,28.98,29.45,81292.1
2017-07-24,29.45,30.09,29.06,29.8,138219.26
2017-07-25,29.78,29.9,28.28,28.47,184427.45
2017-07-26,28.39,28.93,28.28,28.63,87739.13
2017-07-27,28.63,28.81,28.08,28.72,78399.83
2017-07-28,28.61,28.72,28.27,28.3,74508.11
2017-07-31,28.37,28.6,27.99,28.06,84428.43
2017-08-01,28.06,28.37,27.67,27.68,105593.96
2017-08-02,27.58,27.67,27.12,27.15,96183.56
2017-08-03,27.11,27.73,27.03,27.43,60034.33
2017-08-04,27.62,29.53,27.62,29.08,228190.07
2017-08-07,29.05,29.05,28.45,28.64,89902.46
2017-08-08,28.59,29.03,28.14,28.55,95376.48
2017-08-09,28.47,28.61,28.2,28.31,55317.65
2017-08-10,28.45,28.92,28.24,28.54,82949.18
2017-08-11,28.61,28.99,27.6,27.74,124080.42
2017-08-14,27.49,28.01,27.31,27.97,63729.03
2017-08-15,27.91,28.38,27.74,27.98,52054.28
2017-08-16,27.98,28.26,27.8,28.23,71504.78
2017-08-17,28.18,29.05,28.18,28.67,113570.15
2017-08-18,28.51,29.02,28.34,28.71,79782.78
2017-08-21,28.71,28.93,28.47,28.81,63420.05
2017-08-22,28.94,28.94,27.99,28.08,76002.86
2017-08-23,28.01,28.38,27.71,27.88,58392.81
2017-08-24,27.93,28.22,27.74,27.8,39073.66
2017-08-25,27.81,28.3,27.78,28.18,41872.15
2017-08-28,28.22,28.66,28.01,28.55,73881.43
2017-08-29,28.43,28.5,27.75,27.86,78474.85
2017-08-30,27.86,28.17,27.84,28.1,40318.6
2017-08-31,28.12,28.61,27.97,28.44,73520.91
2017-09-01,28.55,28.61,28.11,28.38,52526.33
2017-09-04,28.85,29.34,28.58,29.26,140381.77
2017-09-05,29.34,29.44,28.95,29.16,95869.23
2017-09-06,29.07,30.08,29.05,29.96,131003.76
2017-09-07,29.92,29.95,29.34,29.43,88248.24
2017-09-08,29.53,29.82,29.1,29.13,83843.39
2017-09-11,28.96,29.63,28.86,29.2,55928.88
2017-09-12,29.38,29.9,29.15,29.39,86546.68
2017-09-13,29.73,30.17,29.54,29.88,89374.42
2017-09-14,30.0,30.0,29.38,29.63,66175.47
2017-09-15,29.77,30.76,29.64,30.68,191061.04
2017-09-18,30.5,30.77,30.34,30.71,85293.37
2017-09-19,30.7,30.97,30.5,30.72,77136.43
2017-09-20,30.72,31.35,30.41,30.58,84181.6
2017-09-21,30.59,30.59,30.01,30.03,77419.99
2017-09-22,30.01,30.01,29.39,29.63,78719.45
2017-09-25,29.48,29.9,29.31,29.33,54084.02
2017-09-26,29.35,29.9,29.18,29.78,62213.41
2017-09-27,29.83,30.23,29.74,30.08,64378.67
2017-09-28,30.16,30.52,29.87,30.31,62249.6
2017-09-29,30.45,30.84,30.14,30.28,60819.9
2017-10-09,30.37,30.63,29.61,29.72,108449.93
2017-10-10,29.8,29.81,29.56,29.73,67261.08
2017-10-11,29.73,30.47,29.58,30.11,87993.79
2017-10-12,30.12,31.44,30.01,30.8,189578.03
2017-10-13,30.76,31.08,30.51,30.74,81017.39
2017-10-16,30.73,32.09,30.56,31.28,184671.94
2017-10-17,31.12,31.67,31.1,31.38,84123.34
2017-10-18,31.39,31.57,30.72,30.73,94483.9
2017-10-19,30.85,30.97,30.08,30.13,68962.42
2017-10-20,30.07,31.07,30.07,31.06,66323.15
2017-10-23,31.13,31.37,30.77,30.88,50170.76
2017-10-24,31.08,31.17,30.23,30.45,62299.85
2017-10-25,30.35,30.68,30.1,30.27,70345.6
2017-10-26,30.31,31.09,30.2,30.94,75961.09
2017-10-27,30.98,31.17,30.46,30.47,54347.86
2017-10-30,30.49,30.82,29.41,29.46,100811.12
2017-10-31,29.16,29.61,29.05,29.45,54737.38
2017-11-01,29.15,29.53,29.05,29.2,80753.77
2017-11-02,29.06,29.12,28.42,28.56,73485.52
2017-11-03,28.41,28.72,28.08,28.23,45689.37
2017-11-06,28.25,28.71,28.18,28.56,43617.64
2017-11-07,28.63,29.04,28.56,28.79,52971.6
2017-11-08,28.86,29.63,28.86,29.17,114793.73
2017-11-09,29.21,29.41,29.11,29.3,48900.57
2017-11-10,29.4,29.49,28.86,28.87,63137.76
2017-11-13,28.86,29.13,28.54,28.81,58254.23
2017-11-14,28.81,29.82,28.81,29.48,116316.8
2017-11-15,29.35,29.73,28.92,29.08,62337.44
2017-11-16,29.05,29.2,28.58,28.66,47754.39
2017-11-17,28.71,28.81,26.92,27.0,133527.76
2017-11-20,27.02,27.27,26.02,27.14,69071.81
2017-11-21,27.16,27.74,26.78,26.8,73351.65
2017-11-22,26.84,27.95,26.8,27.6,119492.55
2017-11-23,27.5,27.87,26.38,26.48,85802.58
2017-11-24,26.45,27.0,26.45,26.77,44529.02
2017-11-27,26.82,27.03,25.93,25.96,60747.89
2017-11-28,26.07,26.6,26.07,26.45,49291.24
2017-11-29,26.47,26.78,26.26,26.71,48163.34
2017-11-30,26.69,27.21,26.47,26.54,48674.68
2017-12-01,26.43,26.82,26.15,26.79,44126.7
2017-12-04,26.84,27.0,26.44,26.5,43375.06
2017-12-05,26.86,27.16,26.15,26.4,53765.01
2017-12-06,26.44,26.97,26.29,26.84,46629.89
2017-12-07,26.73,28.0,26.68,27.36,105805.55
2017-12-08,27.4,27.69,27.28,27.5,51778.36
2017-12-11,27.46,27.97,27.33,27.8,66740.19
2017-12-12,27.74,27.97,27.45,27.67,62226.0
2017-12-13,27.65,27.77,27.32,27.57,46519.86
2017-12-14,27.57,28.03,27.39,27.9,54144.76
2017-12-15,27.75,28.14,27.55,27.69,55567.03
2017-12-18,27.6,27.92,27.43,27.49,36657.94
2017-12-19,27.48,27.83,27.37,27.59,44834.86
2017-12-20,27.58,27.69,26.71,26.88,57319.75
2017-12-21,26.82,27.35,26.64,27.16,41700.56
2017-12-22,27.34,27.34,27.02,27.15,28065.9
2017-12-25,27.17,27.26,26.05,26.17,68117.55
2017-12-26,26.3,26.42,26.08,26.39,24738.07
2017-12-27,26.35,26.54,26.14,26.22,42543.97
2017-12-28,26.15,26.37,25.86,25.87,59050.65
2017-12-29,26.02,26.2,25.5,26.06,63648.96
2018-01-02,26.24,26.27,25.77,25.94,75753.55
2018-01-03,25.92,26.48,25.91,26.37,82574.73
2018-01-04,26.37,26.4,26.1,26.23,81183.31
2018-01-05,26.22,26.23,25.61,25.72,117456.24
2018-01-08,25.65,25.73,25.38,25.47,70418.89
2018-01-09,25.47,26.29,25.46,25.99,119694.11
2018-01-10,25.93,26.02,25.42,25.57,73606.2
2018-01-11,25.54,25.54,25.25,25.43,87297.7
2018-01-12,25.45,25.65,25.27,25.33,61260.48
2018-01-15,25.25,25.25,23.82,23.9,174700.83
2018-01-16,23.78,24.34,23.69,23.82,75918.95
2018-01-17,23.84,24.16,23.24,23.76,93423.0
2018-01-18,23.76,23.88,23.52,23.83,63947.18
2018-01-19,23.83,24.64,23.82,23.96,111683.16
2018-01-22,23.97,24.22,23.65,24.12,63401.64
2018-01-23,24.09,24.4,23.94,24.23,61515.52
2018-01-24,24.3,24.69,24.05,24.52,74331.99
2018-01-25,24.54,26.38,24.49,25.55,213166.43
2018-01-26,25.28,25.81,25.27,25.36,68071.85
2018-01-29,25.36,25.69,24.9,24.98,67503.34
2018-01-30,24.89,25.23,24.81,24.88,40550.87
2018-01-31,24.86,24.99,24.11,24.12,68491.56
2018-02-01,24.2,24.26,23.17,23.3,102360.34
2018-02-02,23.23,24.23,23.06,24.13,84480.5
2018-02-05,23.53,24.11,23.53,23.78,39158.92
2018-02-06,23.43,23.72,22.28,22.29,98065.67
2018-02-07,22.61,23.02,21.4,22.31,108767.95
2018-02-08,22.3,23.66,22.23,23.28,96609.26
2018-02-09,22.67,23.48,21.7,22.23,114989.39
2018-02-12,22.44,23.1,22.44,22.65,76645.93
2018-02-13,22.76,23.24,22.41,22.46,85697.68
2018-02-14,22.43,22.52,21.85,22.04,74362.38
2018-02-22,22.23,22.55,22.06,22.44,53897.12
2018-02-23,22.34,23.05,22.29,22.68,69561.76
2018-02-26,22.8,23.74,22.72,23.65,140745.88
2018-02-27,23.65,25.95,23.54,25.38,305926.8
2018-02-28,24.96,26.78,24.64,25.09,263317.57
2018-03-01,24.97,25.65,24.64,25.26,178565.69
2018-03-02,24.97,25.85,24.89,25.38,148769.53
2018-03-05,25.93,26.1,25.43,26.05,180226.16
2018-03-06,26.16,26.58,25.81,26.24,192601.03
2018-03-07,26.31,26.31,25.53,25.56,129138.82
2018-03-08,25.56,25.9,25.27,25.81,102210.36
2018-03-09,25.76,26.88,25.46,26.43,212298.43
2018-03-12,26.4,26.7,26.17,26.51,141465.81
2018-03-13,26.58,26.69,25.6,25.73,129731.84
2018-03-14,25.55,25.65,24.85,25.14,155243.35
2018-03-15,24.97,25.65,24.94,25.18,98342.65
2018-03-16,25.14,25.31,24.81,24.84,67577.44
2018-03-19,24.82,25.65,24.82,25.09,114073.12
2018-03-20,24.89,25.76,24.64,25.3,80604.88
2018-03-21,25.25,26.31,25.2,25.64,195677.91
2018-03-22,25.51,25.66,25.08,25.09,110904.99
2018-03-23,24.21,24.94,23.83,24.33,164508.6
2018-03-26,24.55,25.64,24.53,25.63,217974.72
2018-03-27,26.13,26.62,25.73,26.35,259344.13
2018-03-28,25.94,27.24,25.86,26.91,300473.05
2018-03-29,26.91,27.28,26.15,26.47,185136.91
2018-03-30,26.34,27.77,26.19,27.37,291298.15
2018-04-02,27.65,28.52,27.33,27.91,333343.81
2018-04-03,27.5,28.01,26.8,27.33,214950.12
2018-04-04,27.31,28.84,27.27,27.72,334890.88
2018-04-09,27.6,27.84,26.85,27.62,219690.42
2018-04-10,27.6,27.6,26.21,26.61,191858.55
2018-04-11,26.64,27.02,26.35,26.96,144899.46
2018-04-12,26.82,27.11,26.55,26.59,102240.33
2018-04-13,26.78,27.24,26.71,26.78,124247.28
2018-04-16,26.89,26.97,26.35,26.89,130073.46
2018-04-17,26.89,27.4,25.69,25.85,189650.08
2018-04-18,26.1,27.11,25.47,27.05,239471.81
2018-04-19,26.9,28.86,26.83,27.8,449602.34
2018-04-20,27.5,28.4,27.5,27.66,230307.09
2018-04-23,27.6,27.9,25.95,26.43,207295.35
2018-04-24,26.44,27.21,26.1,27.05,140513.76
2018-04-25,26.86,27.98,26.75,27.78,211966.27
2018-04-26,27.7,28.14,27.07,27.2,170796.31
2018-04-27,27.4,27.53,25.82,25.97,245307.62
2018-05-02,25.95,26.24,25.55,25.88,100051.91
2018-05-03,25.91,25.91,24.69,25.36,197399.68
2018-05-04,25.56,25.59,25.13,25.19,104333.72
2018-05-07,25.33,25.53,25.05,25.45,100365.94
2018-05-08,25.53,26.16,25.28,25.43,167937.34
2018-05-09,25.39,25.51,24.96,25.15,99268.58
2018-05-10,25.26,25.31,24.53,24.7,160388.43
2018-05-11,24.71,24.87,24.57,24.77,76240.13
2018-05-14,24.79,24.88,24.11,24.14,117351.74
2018-05-15,24.36,24.87,24.36,24.84,90336.83
2018-05-16,24.84,25.38,24.64,25.24,136177.2
2018-05-17,25.19,25.24,24.62,24.71,71943.88
2018-05-18,24.7,25.01,24.58,24.94,50335.11
2018-05-21,25.13,25.26,24.72,25.05,86111.83
2018-05-22,24.91,24.97,24.47,24.85,84891.13
2018-05-23,24.67,24.9,24.48,24.5,69533.82
2018-05-24,24.45,24.55,23.99,24.02,101485.39
2018-05-25,24.16,24.4,23.86,24.04,67940.3
2018-05-28,24.04,24.07,23.63,23.76,53939.02
2018-05-29,23.77,23.9,23.58,23.71,49623.17
2018-05-30,23.44,23.66,23.14,23.15,81791.17
2018-05-31,23.25,23.37,23.06,23.3,67410.54
2018-06-01,23.24,23.72,22.94,23.12,77921.85
2018-06-04,23.24,23.39,23.14,23.24,41708.0
2018-06-05,23.31,23.8,23.24,23.77,58897.67
2018-06-06,23.73,24.12,23.59,23.91,65303.51
2018-06-07,23.96,24.02,23.56,23.63,37726.32
2018-06-08,23.62,23.62,22.93,23.0,69979.18
2018-06-11,22.94,23.11,22.74,23.05,35163.59
2018-06-12,23.06,23.33,22.92,23.28,29637.44
2018-06-13,23.34,23.37,22.82,22.83,41790.82
2018-06-14,22.76,23.02,22.72,23.0,34111.26
2018-06-15,23.04,23.23,22.42,22.55,49185.92
2018-06-19,22.3,22.79,21.06,21.41,117510.01
2018-06-20,21.23,21.85,21.2,21.45,83002.92
2018-06-21,21.51,21.51,20.12,20.16,122832.01
2018-06-22,20.0,20.78,19.78,20.63,70450.78
2018-06-25,20.82,20.87,20.44,20.48,59371.43
2018-06-26,19.88,21.26,19.88,21.24,75964.64
2018-06-27,21.28,21.42,21.0,21.31,57104.66
2018-06-28,21.31,21.71,20.94,21.13,58740.01
2018-06-29,21.08,21.82,21.08,21.73,47798.65
2018-07-02,21.73,22.13,21.59,21.82,64648.12
2018-07-03,22.2,23.64,22.14,23.27,164638.43
2018-07-04,23.26,23.28,22.74,22.97,84160.74
2018-07-05,22.95,22.96,22.35,22.37,52023.15
2018-07-06,22.36,23.07,22.13,22.69,70954.41
2018-07-09,22.69,23.46,22.54,23.27,73074.89
2018-07-10,23.41,23.52,23.16,23.3,45356.06
2018-07-11,23.17,23.4,22.52,22.98,84921.99
2018-07-12,22.97,23.64,22.8,23.49,93990.95
2018-07-13,23.45,23.45,22.77,22.91,78774.09
2018-07-16,22.91,23.58,22.84,23.34,90110.52
2018-07-17,23.28,23.37,22.82,23.22,56390.69
2018-07-18,23.17,23.29,22.94,22.98,35818.52
2018-07-19,23.06,23.07,22.35,22.49,47458.06
2018-07-20,22.53,23.47,22.5,23.39,102631.81
2018-07-23,23.51,24.37,23.4,24.12,148219.5
2018-07-24,24.18,24.44,23.99,24.14,63213.6
2018-07-25,24.12,24.41,23.82,23.9,64160.41
2018-07-26,24.05,24.05,23.56,23.67,40946.17
2018-07-27,23.75,23.82,23.53,23.66,33521.52
2018-07-30,23.56,23.65,22.85,23.07,69252.42
2018-07-31,23.11,23.34,22.98,23.2,32281.45
2018-08-01,23.28,23.74,22.67,22.79,59334.9
2018-08-02,22.67,22.67,21.52,21.9,114912.46
2018-08-03,22.04,22.41,21.74,22.15,53729.54
2018-08-06,22.05,22.1,21.35,21.44,51985.72
2018-08-07,21.48,22.0,21.44,21.99,37287.78
2018-08-08,22.03,22.03,21.42,21.5,29553.98
2018-08-09,21.41,22.44,21.38,22.37,63941.2
2018-08-10,22.3,22.69,22.23,22.63,44854.3
2018-08-13,22.4,22.94,22.22,22.83,45417.59
2018-08-14,22.81,22.85,22.3,22.34,39388.35
2018-08-15,22.34,22.69,22.03,22.13,35384.57
2018-08-16,22.0,22.2,21.74,21.92,31203.0
2018-08-17,22.19,22.21,21.4,21.45,42744.22
2018-08-20,21.42,21.71,21.23,21.65,29427.2
2018-08-21,21.66,22.02,21.58,21.89,34265.5
2018-08-22,21.91,22.06,21.6,21.82,26040.11
2018-08-23,21.66,22.02,21.63,21.91,24495.22
2018-08-24,21.88,22.02,21.76,21.77,21097.0
2018-08-27,21.9,22.59,21.82,22.56,63029.19
2018-08-28,22.9,23.27,22.62,22.83,82300.83
2018-08-29,22.87,23.17,22.74,23.17,60656.95
2018-08-30,22.99,23.22,22.69,23.08,52407.83
2018-08-31,22.93,23.08,22.72,22.97,35169.15
2018-09-03,22.99,23.57,22.6,23.45,100975.75
2018-09-04,23.49,24.02,23.34,23.61,114305.82
2018-09-05,23.66,24.02,23.53,23.61,89801.01
2018-09-06,23.66,24.04,23.13,23.36,78250.96
2018-09-07,23.61,23.91,23.18,23.66,69446.57
2018-09-10,23.65,23.65,22.5,22.66,83046.31
2018-09-11,22.65,23.42,22.62,23.37,73422.27
2018-09-12,23.43,24.33,23.39,23.95,132065.47
2018-09-13,24.24,24.29,23.72,24.27,98004.49
2018-09-14,24.27,24.61,23.59,23.73,97741.58
2018-09-17,23.56,24.07,23.11,23.32,89158.7
2018-09-18,23.36,23.8,23.03,23.69,60005.24
2018-09-19,23.76,23.97,23.42,23.8,59285.51
2018-09-20,23.67,23.97,23.31,23.46,61479.28
2018-09-21,23.5,23.68,23.1,23.58,62216.26
2018-09-25,23.47,24.21,23.39,24.04,80089.79
2018-09-26,24.06,24.19,23.78,24.03,75190.7
2018-09-27,24.04,24.05,23.47,23.66,71769.53
2018-09-28,23.62,23.73,23.27,23.43,65573.33
2018-10-08,23.2,23.66,23.06,23.09,71376.04
2018-10-09,23.15,23.16,22.05,22.31,84003.08
2018-10-10,22.21,22.5,21.87,22.44,54760.84
2018-10-11,21.94,22.27,21.17,21.33,99081.23
2018-10-12,21.32,22.24,20.99,22.18,78164.79
2018-10-15,22.12,22.69,22.12,22.28,48396.42
2018-10-16,22.42,22.75,21.5,21.8,70227.72
2018-10-17,22.01,22.16,21.15,21.48,53201.64
2018-10-18,21.42,21.62,21.18,21.29,44862.06
2018-10-19,21.03,21.57,20.01,21.57,90676.01
2018-10-22,21.71,22.74,21.62,22.52,95958.19
2018-10-23,22.4,22.65,22.21,22.43,62878.66
2018-10-24,22.32,22.59,22.04,22.2,45948.87
2018-10-25,21.79,22.13,21.62,22.04,40588.15
2018-10-26,22.15,22.48,21.8,22.17,37517.48
2018-10-29,22.04,22.19,21.79,21.91,34063.83
2018-10-30,21.86,22.17,21.67,22.08,46160.84
2018-10-31,22.21,22.54,22.02,22.19,39326.6
2018-11-01,22.28,22.94,22.24,22.62,67518.42
2018-11-02,22.88,23.54,22.81,23.52,103444.7
2018-11-05,23.52,23.74,23.06,23.51,71825.55
2018-11-06,23.5,23.7,23.27,23.61,54448.68
2018-11-07,23.75,23.98,23.17,23.3,64683.02
2018-11-08,23.46,23.54,23.09,23.11,51541.26
2018-11-09,23.01,23.35,22.94,23.24,40599.63
2018-11-12,23.18,23.53,23.03,23.46,42448.69
2018-11-13,23.25,23.56,23.0,23.34,67084.19
2018-11-14,23.37,23.45,23.03,23.34,64745.05
2018-11-15,23.27,23.74,23.23,23.55,75933.71
2018-11-16,23.54,23.77,23.42,23.56,75069.45
2018-11-19,23.47,23.56,23.19,23.48,50330.27
2018-11-20,23.39,23.97,23.18,23.18,98310.36
2018-11-21,23.01,23.51,22.95,23.43,55154.98
2018-11-22,23.49,23.64,23.36,23.4,40851.09
2018-11-23,23.35,23.46,22.54,22.59,64217.14
2018-11-26,22.69,22.96,22.4,22.61,34359.04
2018-11-27,22.7,22.8,22.47,22.61,33472.91
2018-11-28,22.57,22.8,22.31,22.79,34610.16
2018-11-29,22.93,23.13,22.59,22.6,43616.47
2018-11-30,22.64,22.86,22.44,22.86,38608.06
2018-12-03,23.17,23.36,23.14,23.32,56892.46
2018-12-04,23.31,23.31,22.95,23.27,55833.91
2018-12-05,23.04,23.16,22.89,22.98,42341.21
2018-12-06,23.01,23.54,22.83,23.03,71417.07
2018-12-07,23.15,23.28,22.78,22.98,40390.98
2018-12-10,22.88,22.88,22.36,22.38,43886.18
2018-12-11,22.39,22.48,22.2,22.35,27693.41
2018-12-12,22.46,22.49,22.22,22.32,23876.64
2018-12-13,22.31,22.72,22.29,22.63,36210.73
2018-12-14,22.64,22.75,22.2,22.2,40440.5
2018-12-17,22.16,22.55,22.09,22.41,41634.52
2018-12-18,22.25,22.48,22.19,22.25,28102.26
2018-12-19,22.33,22.39,21.77,21.83,43725.95
2018-12-20,21.8,21.89,21.47,21.57,52856.33
2018-12-21,21.56,21.6,21.05,21.41,66324.53
2018-12-24,21.24,21.47,21.24,21.42,41191.12
2018-12-25,21.25,21.32,20.94,21.16,49415.32
2018-12-26,21.17,21.33,21.01,21.02,32910.12
2018-12-27,21.28,21.39,20.72,20.93,55040.61
2018-12-28,20.92,21.15,20.74,21.15,56914.7
2019-01-02,21.14,21.15,20.8,20.94,50160.94
2019-01-03,20.93,22.05,20.87,21.54,116371.29
2019-01-04,21.45,21.71,21.1,21.66,86602.17
2019-01-07,21.75,22.46,21.73,22.35,128968.6
2019-01-08,22.27,22.27,21.88,21.97,59419.9
2019-01-09,22.1,22.2,21.86,21.92,50547.47
2019-01-10,21.92,22.15,21.75,22.02,52367.82
2019-01-11,21.88,22.19,21.88,22.12,41489.16
2019-01-14,22.12,22.15,21.84,21.96,29311.07
2019-01-15,21.96,22.15,21.91,22.07,33027.54
2019-01-16,22.11,22.18,21.87,21.99,41700.36
2019-01-17,22.05,22.09,21.66,21.71,38986.41
2019-01-18,21.79,22.05,21.72,21.93,39529.33
2019-01-21,22.0,22.16,21.86,22.09,46146.54
2019-01-22,22.0,22.08,21.55,21.7,42453.19
2019-01-23,21.71,21.95,21.58,21.94,44312.24
2019-01-24,21.97,22.35,21.72,22.24,66098.63
2019-01-25,22.23,22.29,21.99,22.01,32777.21
2019-01-28,22.11,22.31,21.79,21.86,45268.6
2019-01-29,21.87,21.97,21.47,21.55,56005.95
2019-01-30,21.53,21.76,21.47,21.6,35636.63
2019-01-31,21.65,21.74,21.32,21.42,50039.58
2019-02-01,21.47,21.76,21.45,21.72,34702.66
2019-02-11,21.76,22.09,21.72,22.08,55468.27
2019-02-12,22.08,22.52,21.97,22.36,79832.82
2019-02-13,22.39,22.9,22.29,22.73,88515.65
2019-02-14,22.78,23.04,22.72,22.8,74459.52
2019-02-15,22.8,23.04,22.59,22.69,67571.38
2019-02-18,22.75,23.72,22.75,23.61,130036.46
2019-02-19,23.76,24.01,23.41,23.9,119996.16
2019-02-20,23.9,24.3,23.5,24.05,121155.49
2019-02-21,24.42,24.95,23.74,23.86,171384.73
2019-02-22,23.74,24.29,23.56,24.18,85305.69
2019-02-25,24.43,25.69,24.3,25.49,223466.71
2019-02-26,25.09,25.23,24.63,24.8,254316.86
2019-02-27,24.54,25.56,24.3,24.59,237455.52
2019-02-28,24.83,25.1,24.25,24.58,149692.38
2019-03-01,24.67,24.67,24.14,24.46,114656.55
2019-03-04,24.54,25.28,24.46,24.84,207018.92
2019-03-05,24.8,25.49,24.71,25.35,163066.84
2019-03-06,25.72,25.83,24.99,25.39,153721.51
2019-03-07,25.24,25.64,24.98,25.14,145416.85
2019-03-08,24.81,25.24,24.17,24.26,172211.75
2019-03-11,24.29,25.26,24.29,25.2,139233.6
2019-03-12,25.61,26.47,25.23,25.99,304292.62
2019-03-13,26.18,27.22,25.52,25.84,322266.2
2019-03-14,25.94,25.97,24.8,25.17,190244.07
2019-03-15,25.43,25.56,24.65,24.89,170224.08
2019-03-18,24.98,25.27,24.81,25.21,134843.42
2019-03-19,25.39,25.85,25.18,25.54,139344.48
2019-03-20,25.55,25.58,24.73,25.16,117237.37
2019-03-21,25.17,25.43,25.13,25.24,97730.12
2019-03-22,25.16,26.0,25.15,26.0,184283.88
2019-03-25,26.06,27.65,25.9,26.74,365921.78
2019-03-26,26.77,26.87,25.52,25.61,202860.83
2019-03-27,25.71,25.76,25.07,25.39,115599.59
2019-03-28,25.36,25.79,25.09,25.2,88549.16
2019-03-29,25.23,25.71,25.18,25.71,184228.89
2019-04-01,25.99,26.44,25.72,26.28,240498.91
2019-04-02,26.35,26.95,26.01,26.24,230660.02
2019-04-03,26.0,26.56,25.9,26.4,168028.13
2019-04-04,26.58,26.66,26.14,26.42,163418.32
2019-04-08,26.68,26.81,25.8,25.93,189108.46
2019-04-09,25.95,26.03,25.64,25.85,104857.65
2019-04-10,25.75,25.8,25.39,25.64,114091.91
2019-04-11,25.62,26.08,25.46,25.78,139196.46
2019-04-12,25.77,25.8,25.41,25.52,78321.67
2019-04-15,25.75,26.02,25.41,25.44,127958.89
2019-04-16,25.32,25.67,24.88,25.67,111656.84
2019-04-17,25.65,25.9,25.52,25.69,87826.75
2019-04-18,25.75,25.95,25.56,25.73,89007.73
2019-04-19,25.69,25.84,25.39,25.74,72632.7
2019-04-22,25.84,25.98,25.58,25.6,91020.59
2019-04-23,25.54,25.67,24.89,24.98,102671.54
2019-04-24,24.99,25.2,24.85,25.06,66627.68
2019-04-25,25.06,25.06,24.25,24.27,124694.57
2019-04-26,24.21,24.3,23.85,23.95,89809.14
2019-04-29,24.06,24.19,23.62,23.67,73183.37
2019-04-30,23.72,24.05,23.58,23.67,72131.02
2019-05-06,23.45,23.78,22.1,22.65,147666.39
2019-05-07,22.69,23.02,22.54,22.79,88483.11
2019-05-08,22.42,22.88,22.32,22.7,63669.5
2019-05-09,22.69,22.88,22.38,22.63,73743.94
2019-05-10,22.75,23.46,22.49,23.32,103534.16
2019-05-13,23.1,23.29,22.79,22.86,67034.91
2019-05-14,22.74,23.12,22.69,22.79,73429.42
2019-05-15,22.96,23.01,22.67,22.94,75191.48
2019-05-16,22.93,23.43,22.81,23.27,96941.59
2019-05-17,23.26,23.26,22.54,22.57,79695.34
2019-05-20,22.59,22.93,22.51,22.81,52953.35
2019-05-21,22.81,23.22,22.59,23.02,77211.3
2019-05-22,23.03,23.21,22.69,22.87,50707.86
2019-05-23,22.93,23.41,22.79,22.92,94400.2
2019-05-24,22.79,23.01,22.54,22.58,58049.1
2019-05-27,22.7,23.11,22.51,23.0,61421.55
2019-05-28,22.99,23.31,22.87,23.31,82558.6
2019-05-29,23.06,23.24,22.96,23.08,48583.81
2019-05-30,23.01,23.08,22.66,22.84,64288.88
2019-05-31,23.01,23.01,22.73,22.88,51294.69
2019-06-03,22.99,23.02,22.43,22.53,64900.03
2019-06-04,22.5,22.51,22.28,22.34,50844.2
2019-06-05,22.42,22.52,22.06,22.06,62286.68
2019-06-06,22.03,22.03,21.45,21.47,78855.28
2019-06-10,21.5,21.76,21.48,21.7,66441.44
2019-06-11,21.7,22.19,21.56,22.17,92678.49
2019-06-12,22.13,22.19,21.87,21.91,68296.17
2019-06-13,22.04,22.06,21.86,21.94,50788.09
2019-06-14,21.91,22.25,21.74,21.75,89617.19
2019-06-17,21.7,21.78,21.21,21.35,84970.89
2019-06-18,21.36,21.43,21.18,21.29,56785.96
2019-06-19,21.55,21.79,21.55,21.66,91534.07
2019-06-20,21.67,22.05,21.5,21.97,80879.4
2019-06-21,21.97,22.24,21.94,22.17,96378.33
2019-06-24,22.22,22.36,22.03,22.13,61403.56
2019-06-25,22.18,22.36,21.87,22.29,82856.24
2019-06-26,22.14,22.47,22.02,22.47,55150.94
2019-06-27,22.48,22.74,22.4,22.53,88354.69
2019-06-28,22.53,22.62,22.05,22.24,60546.82
2019-07-01,22.48,22.75,22.48,22.68,89475.86
2019-07-02,22.83,22.95,22.53,22.68,81273.7
2019-07-03,22.62,22.85,22.43,22.77,90945.01
2019-07-04,22.67,23.95,22.63,23.47,276971.39
2019-07-05,23.37,23.48,23.12,23.17,99582.59
2019-07-22,23.11,23.11,21.87,22.04,171691.27
2019-07-23,21.98,22.24,21.79,22.14,116030.86
2019-07-24,22.23,22.77,22.21,22.6,94028.56
2019-07-25,22.6,22.89,22.43,22.53,63077.41
2019-07-26,22.55,23.05,22.41,22.97,109819.09
2019-07-29,22.95,23.18,22.91,22.97,74483.49
2019-07-30,23.19,23.2,22.86,22.92,59368.91
2019-07-31,22.83,23.07,22.81,23.02,63479.53
2019-08-01,23.06,23.17,22.53,22.54,91439.8
2019-08-02,22.19,22.21,21.89,22.03,96125.54
2019-08-05,21.76,22.32,21.75,21.84,86018.07
2019-08-06,21.55,21.91,21.17,21.53,103878.31
2019-08-07,21.57,21.86,21.34,21.55,72428.68
2019-08-08,21.7,22.0,21.61,21.72,51391.13
2019-08-09,21.79,21.87,21.28,21.33,72435.25
2019-08-12,21.4,21.54,21.33,21.53,53908.2
2019-08-13,21.37,21.82,21.36,21.58,39217.63
2019-08-14,21.79,21.83,21.44,21.67,55896.35
2019-08-15,21.25,21.66,21.19,21.61,42712.69
2019-08-16,21.61,21.91,21.6,21.73,63235.87
2019-08-19,21.83,22.4,21.74,22.25,98379.76
2019-08-20,22.25,22.46,22.16,22.23,66962.54
2019-08-21,22.23,22.58,22.15,22.43,69484.53
2019-08-22,22.53,22.76,22.36,22.57,74302.48
2019-08-23,22.52,22.78,22.32,22.49,58035.39
2019-08-26,22.06,22.51,21.75,22.47,93153.87
2019-08-27,22.54,22.9,22.19,22.62,117423.14
2019-08-28,22.69,22.97,22.44,22.59,85979.89
2019-08-29,22.71,23.1,22.54,22.79,118356.31
2019-08-30,22.79,23.14,22.76,23.07,128201.11
2019-09-02,23.17,24.31,23.16,24.08,262215.16
2019-09-03,23.94,24.19,23.74,23.88,151188.64
2019-09-04,23.85,24.04,23.52,23.82,111208.2
2019-09-05,23.9,24.12,23.71,23.99,164808.07
2019-09-06,24.0,24.18,23.53,23.64,156237.39
2019-09-09,23.78,23.99,23.45,23.92,184806.25
2019-09-10,23.95,24.36,23.68,23.95,156266.9
2019-09-11,23.9,24.04,23.62,23.95,94878.11
2019-09-12,23.99,23.99,23.55,23.78,110675.76
2019-09-16,23.85,23.94,23.48,23.56,113262.29
2019-09-17,23.47,23.52,22.74,22.78,128426.12
2019-09-18,22.81,22.97,22.69,22.72,60541.69
2019-09-19,22.82,22.98,22.7,22.92,56719.61
2019-09-20,22.94,22.97,22.64,22.92,81110.24
2019-09-23,22.81,22.89,22.26,22.43,87570.78
2019-09-24,22.48,22.57,22.33,22.43,69009.17
2019-09-25,22.32,22.38,22.01,22.04,64294.77
2019-09-26,22.18,22.18,21.4,21.47,126977.05
2019-09-27,21.49,21.68,21.45,21.56,75440.38
2019-09-30,21.56,21.65,21.34,21.42,53492.99
2019-10-08,21.53,21.6,21.26,21.26,62691.49
2019-10-09,21.33,21.5,21.23,21.5,35973.3
2019-10-10,21.5,21.58,21.41,21.54,52247.2
2019-10-11,21.55,21.63,21.29,21.46,51053.0
2019-10-14,21.73,21.73,21.56,21.66,60161.87
2019-10-15,21.67,21.69,21.34,21.39,58656.85
2019-10-16,21.39,21.51,21.39,21.49,47755.71
2019-10-17,21.48,21.49,21.31,21.35,36547.67
2019-10-18,21.37,21.51,20.88,20.88,74853.62
2019-10-21,20.88,20.91,20.5,20.65,61806.71
2019-10-22,20.66,20.85,20.66,20.82,34917.7
2019-10-23,21.35,21.35,20.8,20.82,56366.3
2019-10-24,20.76,21.01,20.58,20.88,52470.86
2019-10-25,20.83,20.98,20.65,20.97,52304.41
2019-10-28,21.0,21.03,20.76,21.0,62834.93
2019-10-29,21.0,21.0,20.57,20.64,73299.96
2019-10-30,20.43,20.9,20.17,20.68,87728.98
2019-10-31,20.7,20.79,20.57,20.7,44516.47
2019-11-01,20.65,20.76,20.47,20.75,43761.5
2019-11-04,20.76,20.81,20.59,20.65,42386.95
2019-11-05,20.66,20.81,20.58,20.74,41058.24
2019-11-06,20.96,21.31,20.87,20.96,107357.98
2019-11-07,20.87,21.06,20.84,20.9,51339.17
2019-11-08,20.77,20.81,19.99,20.06,146046.76
2019-11-11,19.9,19.96,19.39,19.55,100174.37
2019-11-12,19.49,19.58,19.25,19.49,50765.8
2019-11-13,19.47,19.59,19.35,19.54,32717.05
2019-11-14,19.52,19.57,19.3,19.39,50296.6
2019-11-15,19.39,19.44,18.77,18.77,73269.88
2019-11-18,18.84,19.25,18.76,19.19,55076.95
2019-11-19,19.14,19.42,19.13,19.23,56994.38
2019-11-20,19.23,19.3,19.1,19.11,40747.2
2019-11-21,19.1,19.69,19.04,19.58,74627.31
2019-11-22,19.51,19.72,19.36,19.61,51898.68
2019-11-25,19.6,19.61,19.34,19.55,36645.67
2019-11-26,19.64,19.94,19.48,19.94,66241.28
2019-11-27,19.74,19.74,19.51,19.73,37914.81
2019-11-28,19.67,19.77,19.55,19.73,22480.36
2019-11-29,19.74,19.86,19.58,19.86,32999.4
2019-12-02,19.85,19.85,19.63,19.71,23795.79
2019-12-03,19.69,19.69,19.37,19.56,47484.05
2019-12-04,19.46,19.88,19.37,19.86,50928.35
2019-12-05,19.84,20.17,19.78,20.08,48769.16
2019-12-06,20.08,20.19,19.84,20.05,35215.07
2019-12-09,19.98,20.05,19.76,19.87,39759.31
2019-12-10,19.78,19.89,19.73,19.75,30980.78
2019-12-11,19.88,19.88,19.66,19.73,32296.14
2019-12-12,19.77,19.87,19.67,19.76,42358.09
2019-12-13,19.82,19.92,19.69,19.91,72951.23
2019-12-16,19.97,20.33,19.84,20.24,92735.31
2019-12-17,20.2,20.49,20.18,20.3,96145.01
2019-12-18,20.43,20.43,20.2,20.2,58914.78
2019-12-19,20.18,20.33,20.13,20.22,52773.55
2019-12-20,20.2,20.28,19.89,19.89,60220.15
2019-12-23,19.84,19.96,19.41,19.42,67584.18
2019-12-24,19.49,19.67,19.49,19.64,37027.36
2019-12-25,19.67,19.75,19.52,19.58,61597.19
2019-12-26,19.54,19.95,19.5,19.94,55868.45
2019-12-27,19.89,20.33,19.89,20.22,83186.85
2019-12-30,20.16,21.04,20.02,21.02,150942.22
2019-12-31,21.06,21.24,20.84,21.23,98556.05
2020-01-02,21.26,22.29,21.12,21.91,159696.37
2020-01-03,21.97,22.13,21.7,21.98,122536.56
2020-01-06,22.21,22.65,21.69,21.84,157699.17
2020-01-07,21.74,22.63,21.74,22.53,161767.89
2020-01-08,22.68,23.12,22.51,22.73,186023.81
2020-01-09,22.31,22.75,22.21,22.57,97092.75
2020-01-10,22.43,22.74,22.08,22.28,73782.21
2020-01-13,22.23,22.4,21.89,22.12,78670.74
2020-01-14,22.36,22.62,22.0,22.08,84608.37
2020-01-15,22.07,22.13,21.71,21.76,82246.75
2020-01-16,21.88,22.22,21.78,21.81,63210.71
2020-01-17,21.81,22.07,21.66,21.78,86095.14
2020-01-20,21.83,22.09,21.68,21.79,99787.17
2020-01-21,21.79,22.22,21.53,21.63,113292.29
2020-01-22,21.54,21.54,21.07,21.46,84560.93
2020-01-23,21.35,21.91,20.77,21.15,114844.07
2020-02-03,19.03,19.32,19.03,19.03,121311.74
2020-02-04,18.9,19.36,18.69,19.3,136669.98
2020-02-05,19.27,19.77,19.12,19.54,119397.31
2020-02-06,19.66,19.93,19.45,19.77,112372.42
2020-02-07,19.77,20.57,19.62,20.37,119896.46
2020-02-10,20.31,20.37,19.94,20.07,110507.47
2020-02-11,20.08,20.2,19.94,19.98,81070.56
2020-02-12,19.99,20.18,19.89,20.14,67113.77
2020-02-13,20.08,20.14,19.63,19.65,104553.58
2020-02-14,19.63,19.89,19.56,19.76,67004.32
2020-02-17,21.67,21.74,21.11,21.74,165703.42
2020-02-18,23.91,23.91,23.91,23.91,53826.88
2020-02-19,24.49,26.3,24.2,25.68,1300988.33
2020-02-20,25.18,25.18,24.05,24.56,766867.36
2020-02-21,24.59,26.45,24.29,25.64,622103.82
2020-02-24,25.16,25.33,24.62,24.92,394070.33
2020-02-25,24.1,24.44,22.82,23.99,463627.4
2020-02-26,23.51,24.61,23.28,23.28,341190.86
2020-02-27,23.61,24.63,23.41,24.02,331301.75
2020-02-28,23.03,23.61,22.62,22.63,294972.67
2020-03-02,22.85,23.75,22.54,23.33,210796.98
2020-03-03,23.45,25.43,23.42,24.07,377821.99
2020-03-04,23.79,25.12,23.79,24.58,282734.06
2020-03-05,24.88,25.32,24.16,24.61,273685.21
2020-03-06,24.3,24.68,24.06,24.29,171244.29
2020-03-09,23.61,24.0,22.97,22.97,186662.28
2020-03-10,22.72,23.89,22.64,23.78,160977.38
2020-03-11,23.82,24.74,23.76,24.03,247288.97
2020-03-12,23.56,24.48,23.36,23.69,168715.8
2020-03-13,22.88,24.54,22.79,24.29,289010.75
2020-03-16,24.62,24.97,23.41,23.51,263888.57
2020-03-17,23.75,24.1,22.58,23.32,165467.35
2020-03-18,23.51,23.79,22.63,22.63,149551.62
2020-03-19,22.68,23.0,21.97,22.36,265058.24
2020-03-20,22.71,22.79,22.05,22.77,155100.7
2020-03-23,22.22,22.38,21.56,21.72,136273.55
2020-03-24,22.15,22.23,21.49,22.01,95034.74
2020-03-25,22.44,22.47,21.99,22.33,111226.48
2020-03-26,22.16,22.24,21.7,21.83,96175.77
2020-03-27,22.3,22.46,21.79,21.79,99848.63
2020-03-30,21.4,21.45,20.62,21.06,129488.97
2020-03-31,21.24,21.29,20.7,20.77,65531.62
2020-04-01,20.73,20.98,20.42,20.45,84749.54
2020-04-02,20.45,21.08,20.43,21.08,84469.22
2020-04-03,20.97,21.38,20.8,21.27,79452.82
2020-04-07,21.55,22.1,21.46,21.78,107753.5
2020-04-08,21.56,23.09,21.52,22.84,185213.01
2020-04-09,22.8,22.96,22.45,22.77,84481.96
2020-04-10,22.72,22.72,22.16,22.22,82208.72
2020-04-13,22.23,22.23,21.72,21.83,69220.18
2020-04-14,21.94,22.28,21.8,22.27,57749.23
2020-04-15,22.23,22.43,22.03,22.18,54229.07
2020-04-16,22.06,22.98,21.93,22.52,113584.69
2020-04-17,22.68,22.75,22.12,22.31,108958.67
2020-04-20,22.53,23.19,22.43,23.1,159154.76
2020-04-21,22.96,23.98,22.81,23.51,171702.32
2020-04-22,23.3,23.59,23.1,23.4,90269.24
2020-04-23,23.49,23.99,23.21,23.47,124647.18
2020-04-24,23.66,23.72,22.93,23.17,103760.15
2020-04-27,23.07,23.34,22.65,22.71,87969.86
2020-04-28,23.14,23.29,22.15,22.97,135663.41
2020-04-29,22.81,24.05,22.74,23.8,131577.4
2020-04-30,23.72,24.44,23.63,24.24,145976.06
2020-05-06,24.22,24.59,23.99,24.59,155853.27
2020-05-07,24.44,24.55,24.19,24.45,107453.55
2020-05-08,24.45,24.81,24.26,24.36,131750.81
2020-05-12,24.3,24.36,23.8,23.96,107659.75
2020-05-13,23.95,24.17,23.73,24.0,87088.74
2020-05-14,23.95,24.28,23.7,23.81,91653.13
2020-05-15,23.85,24.25,23.85,24.08,89414.36
2020-05-18,24.29,25.79,24.29,25.09,245876.92
2020-05-19,25.17,25.3,24.83,25.17,121442.92
2020-05-20,25.1,25.35,24.44,24.54,122489.48
2020-05-21,24.63,24.79,24.08,24.2,82659.54
2020-05-22,24.21,24.62,23.68,23.72,97867.78
2020-05-25,23.7,24.13,23.6,24.07,73330.19
2020-05-26,24.12,24.33,23.83,24.1,64628.55
2020-05-27,24.0,24.19,23.46,23.5,69253.9
2020-05-28,23.52,23.74,23.23,23.56,65872.65
2020-05-29,23.41,23.74,23.32,23.56,74783.89
2020-06-01,23.65,24.05,23.42,23.91,111694.07
2020-06-02,23.9,24.49,23.83,23.91,104965.68
2020-06-03,23.96,24.05,23.63,23.64,77900.58
2020-06-04,23.73,23.99,23.4,23.62,68407.7
2020-06-05,23.68,23.7,23.02,23.18,117994.09
2020-06-08,23.24,23.44,22.99,23.07,86133.03
2020-06-09,23.1,23.17,22.72,22.94,98313.53
2020-06-10,22.96,23.09,22.71,22.91,76397.91
2020-06-11,23.02,23.28,22.63,22.8,101186.35
2020-06-12,22.43,22.87,22.38,22.82,97642.11
2020-06-15,22.56,22.73,22.23,22.23,113842.36
2020-06-16,22.41,22.6,22.35,22.55,60882.61
2020-06-17,22.8,23.28,22.77,22.92,113015.81
2020-06-18,22.66,22.73,22.36,22.5,87270.01
2020-06-19,22.43,22.73,22.43,22.63,86898.64
2020-06-22,22.72,23.09,22.69,23.0,88188.18
2020-06-23,23.07,23.19,22.9,23.17,91043.61
2020-06-24,23.12,23.12,22.74,22.87,72343.84
2020-06-29,22.81,23.66,22.69,23.08,118874.71
2020-06-30,23.19,23.19,22.82,23.0,98575.32
2020-07-01,23.03,23.53,22.85,23.4,143424.15
2020-07-02,23.28,23.76,23.16,23.7,154996.66
2020-07-03,23.78,24.31,23.61,23.9,196039.65
2020-07-06,24.29,25.91,24.2,25.65,381132.19
2020-07-07,25.96,27.49,25.53,26.65,482492.53
2020-07-08,26.5,29.32,26.49,29.32,531877.84
2020-07-09,32.18,32.25,31.15,32.25,752960.77
2020-07-10,32.81,34.03,31.22,31.54,881379.39
2020-07-13,31.49,32.23,30.81,31.83,563140.88
2020-07-14,31.34,33.7,31.2,31.93,531466.03
2020-07-15,32.08,32.45,30.19,30.64,433385.69
2020-07-16,30.79,31.35,29.26,29.34,304589.52
2020-07-17,29.5,31.58,29.37,30.31,425211.36
2020-07-20,31.18,33.34,30.9,33.34,597965.69
2020-07-21,33.35,33.35,31.33,31.4,508302.23
2020-07-22,30.9,33.29,30.82,31.81,404549.95
2020-07-23,32.46,34.87,31.77,33.85,648322.24
2020-07-24,34.37,36.52,33.05,33.65,779643.92
2020-07-27,33.25,36.11,32.79,34.74,582581.56
2020-07-28,34.43,37.26,33.61,36.93,625230.91
2020-07-29,36.4,37.62,35.91,37.42,497922.84
2020-07-30,37.09,39.45,36.01,36.71,560062.26
2020-07-31,36.63,36.77,35.18,36.27,367795.05
2020-08-03,36.5,39.9,36.5,39.9,623072.92
2020-08-04,40.33,40.51,38.29,38.95,500767.73
2020-08-05,38.93,42.84,38.73,41.86,645157.1
2020-08-06,41.33,46.05,41.19,45.79,789757.9
2020-08-07,45.25,50.38,44.47,50.38,799529.13
2020-08-10,52.14,55.41,49.2,49.31,1116409.1
2020-08-11,49.29,52.39,48.3,50.25,638500.86
2020-08-12,48.3,48.71,45.26,46.78,609663.58
2020-08-13,48.3,49.5,47.03,48.2,418923.75
2020-08-14,47.96,51.11,47.1,49.0,425538.06
2020-08-17,49.88,50.37,47.71,50.17,396083.52
2020-08-18,49.49,51.38,49.19,50.66,294357.97
2020-08-19,50.16,50.56,46.84,47.12,354484.28
2020-08-20,46.24,47.9,45.27,45.85,338792.01
2020-08-21,46.4,47.14,44.85,45.25,303154.58
2020-08-24,45.88,46.99,45.46,45.75,252894.2
2020-08-25,45.9,46.21,41.18,43.11,661296.18
2020-08-26,43.28,44.11,40.14,40.37,617780.85
2020-08-27,40.97,41.36,39.75,41.11,378847.33
2020-08-28,41.8,43.78,40.92,43.18,477836.76
2020-08-31,43.48,45.55,42.82,43.91,512467.53
2020-09-01,44.32,44.9,43.2,43.71,324843.03
2020-09-02,44.9,44.91,42.13,42.3,341882.42
2020-09-03,41.49,43.55,41.08,42.79,301938.73
2020-09-04,41.84,42.76,41.56,42.17,172389.19
2020-09-07,42.39,42.56,40.11,40.32,245422.77
2020-09-08,40.83,40.91,38.88,39.63,286019.92
2020-09-09,39.15,40.57,38.66,39.27,329948.23
2020-09-10,39.36,41.31,39.35,39.64,309162.52
2020-09-11,39.38,40.19,38.64,40.09,191865.51
2020-09-14,40.58,40.71,38.44,39.28,242530.74
2020-09-15,39.46,40.58,39.18,39.6,171250.36
2020-09-16,39.6,39.84,38.65,38.76,151736.58
2020-09-17,39.05,41.51,38.41,40.19,257338.02
2020-09-18,40.24,41.43,40.2,40.89,311843.76
2020-09-21,41.26,42.67,40.9,41.44,365901.53
2020-09-22,40.31,40.58,39.11,39.87,211005.27
2020-09-23,39.74,39.97,38.8,39.43,192555.31
2020-09-24,39.03,39.42,38.47,38.7,137038.89
2020-09-25,38.96,39.08,37.61,37.88,155435.58
2020-09-28,38.25,38.48,37.52,37.89,174477.33
2020-09-29,38.28,41.23,38.28,40.33,345036.43
2020-09-30,40.73,40.83,39.74,40.58,165320.43
2020-10-09,41.15,41.61,40.09,41.08,209942.74
2020-10-12,41.83,43.09,40.93,42.75,426896.24
2020-10-13,42.3,42.77,41.66,42.4,188857.96
2020-10-14,42.31,43.66,41.19,41.51,215097.92
2020-10-15,41.32,41.94,40.66,40.66,141708.69
2020-10-16,40.53,40.97,39.03,39.22,203231.77
2020-10-19,39.34,39.68,38.71,38.86,147135.76
2020-10-20,38.96,39.13,37.73,39.05,173416.1
2020-10-21,39.06,39.14,36.3,36.45,258339.34
2020-10-22,36.22,36.63,35.49,36.23,143905.72
2020-10-23,36.42,36.99,34.97,35.26,173441.72
2020-10-26,35.23,36.01,34.79,35.46,88571.05
2020-10-27,35.54,36.15,35.22,35.87,131528.23
2020-10-28,35.86,35.86,34.76,35.47,128807.6
2020-10-29,34.92,36.05,34.54,35.86,122852.07
2020-10-30,37.58,38.46,35.77,35.95,355644.34
2020-11-02,36.3,36.45,33.94,35.35,312532.92
2020-11-03,35.56,37.94,35.15,37.78,349095.47
2020-11-04,37.73,38.61,37.22,38.3,269209.38
2020-11-05,38.07,38.51,36.31,37.89,277481.23
2020-11-06,37.73,37.98,36.89,37.16,139224.51
2020-11-09,37.09,37.64,36.01,37.6,321253.74
2020-11-10,37.38,37.49,36.2,36.38,176875.51
2020-11-11,36.68,37.45,35.56,35.83,185377.88
2020-11-12,35.64,36.32,35.3,35.82,101088.85
2020-11-13,35.73,37.84,35.51,37.72,261645.37
2020-11-16,37.72,38.46,37.44,38.06,187305.83
2020-11-17,38.04,38.12,35.81,36.06,248977.6
2020-11-18,36.2,38.02,35.91,37.43,220203.1
2020-11-19,37.59,40.99,37.29,40.33,553585.15
2020-11-20,40.33,42.25,40.33,41.26,559150.29
2020-11-23,42.06,42.45,40.4,41.59,447704.42
2020-11-24,41.59,43.88,41.54,42.75,382136.23
2020-11-25,42.3,43.06,40.63,40.9,360139.63
2020-11-26,40.93,43.17,40.49,42.21,361459.09
2020-11-27,42.26,45.68,41.54,44.27,506552.19
2020-11-30,44.07,45.68,43.48,44.58,366821.03
2020-12-01,45.03,48.0,44.6,47.22,411937.35
2020-12-02,46.57,47.99,46.24,46.65,303958.89
2020-12-03,46.14,46.73,45.06,45.55,283507.42
2020-12-04,45.6,47.54,44.63,47.22,341226.42
2020-12-07,47.12,48.51,46.92,46.92,308772.69
2020-12-08,46.67,47.49,45.58,46.23,261071.33
2020-12-09,46.14,46.52,44.07,44.17,328879.03
2020-12-10,43.78,44.95,43.39,44.32,263323.31
2020-12-11,44.54,44.74,42.81,43.43,305661.04
2020-12-14,43.71,45.55,43.1,45.01,317666.96
2020-12-15,44.75,46.11,44.17,44.83,251265.95
2020-12-16,44.6,45.82,44.22,45.1,213633.49
2020-12-17,45.06,45.13,42.18,43.3,434161.48
2020-12-18,43.62,44.4,42.98,43.06,253248.86
2020-12-21,42.69,46.53,42.69,45.97,431260.91
2020-12-22,45.73,46.77,45.0,45.13,362223.29
2020-12-23,45.63,49.65,45.34,49.65,600619.38
2020-12-24,50.17,52.4,49.3,49.63,686410.97
2020-12-25,50.16,51.65,48.35,51.09,372063.53
2020-12-28,51.25,52.8,50.33,52.14,394300.43
2020-12-29,51.89,52.58,50.2,50.49,336444.21
2020-12-30,49.79,54.75,49.66,53.42,492163.17
2020-12-31,53.83,58.76,53.34,58.39,644213.12
2021-01-04,59.71,64.23,58.91,64.23,666837.27
2021-01-05,64.24,68.84,62.96,66.21,712342.39
2021-01-06,65.67,70.73,64.58,67.39,652972.25
2021-01-07,67.41,74.13,66.58,74.12,832658.13
2021-01-08,73.79,75.3,69.7,73.02,770365.84
2021-01-11,75.56,76.54,67.58,68.43,941805.52
2021-01-12,68.5,74.66,68.5,73.59,825764.64
2021-01-13,74.77,79.46,71.93,76.64,884965.42
2021-01-14,74.28,74.9,68.98,68.98,1033679.55
2021-01-15,67.6,69.02,62.67,65.82,991612.11
2021-01-18,65.76,67.71,65.38,66.92,578842.13
2021-01-19,65.62,68.42,63.85,65.72,593917.02
2021-01-20,65.49,70.35,64.25,69.76,766313.6
2021-01-21,68.76,74.03,68.13,71.9,708000.81
2021-01-22,71.53,74.69,71.16,74.25,636216.95
2021-01-25,75.56,78.72,71.75,73.45,902984.91
2021-01-26,71.92,72.31,66.11,66.11,1029234.74
2021-01-27,64.44,65.4,62.19,64.13,730760.74
2021-01-28,62.62,64.01,60.41,61.2,611410.15
2021-01-29,61.98,62.08,56.33,58.63,681519.66
2021-02-01,59.22,59.91,58.03,58.84,375646.1
2021-02-02,58.93,60.61,57.06,60.01,548879.15
2021-02-03,60.02,60.39,57.07,57.64,429445.89
2021-02-04,56.27,58.6,55.97,56.41,365952.87
2021-02-05,57.64,58.41,54.98,54.99,346764.31
2021-02-08,55.59,57.06,54.79,56.72,371461.18
2021-02-09,56.95,62.4,56.82,62.4,552194.93
2021-02-10,63.94,64.14,60.61,63.86,626371.5
2021-02-18,64.69,65.62,61.77,62.11,587227.89
2021-02-19,61.53,63.24,60.76,62.36,336692.13
2021-02-22,62.31,62.31,56.57,57.12,600469.25
2021-02-23,55.88,60.78,55.2,59.39,537766.39
2021-02-24,60.51,61.57,58.44,60.74,513514.3
2021-02-25,60.72,64.38,59.33,63.19,640578.73
2021-02-26,61.23,63.46,58.34,59.21,532651.38
2021-03-01,59.61,61.86,57.76,61.84,397602.34
2021-03-02,62.35,65.81,60.91,65.01,669471.46
2021-03-03,63.46,65.62,63.16,64.79,462742.4
2021-03-04,64.15,67.57,63.21,63.73,589317.96
2021-03-05,61.9,61.93,58.05,58.31,596075.41
2021-03-08,57.43,58.63,52.48,52.48,759749.95
2021-03-09,50.21,50.95,47.24,47.47,739441.52
2021-03-10,48.21,48.5,47.23,47.7,368012.4
2021-03-11,47.37,49.36,46.81,48.55,379753.79
2021-03-12,48.7,48.75,46.52,47.43,348311.8
2021-03-15,47.23,48.36,45.85,46.4,306487.8
2021-03-16,47.18,47.23,45.32,45.73,236708.78
2021-03-17,45.98,47.03,45.74,46.55,273629.24
2021-03-18,46.47,48.41,46.24,47.32,339299.13
2021-03-19,46.24,49.14,45.82,47.84,464101.19
2021-03-22,47.23,47.97,46.33,47.16,255838.15
2021-03-23,46.88,47.95,46.52,46.62,231668.34
2021-03-24,46.11,47.0,43.36,43.83,445174.27
2021-03-25,43.47,45.21,43.46,44.66,253814.88
2021-03-26,44.66,46.04,44.66,46.01,228093.35
2021-03-29,46.38,48.21,46.26,46.98,340106.37
2021-03-30,47.36,51.44,47.28,49.83,600496.32
2021-03-31,47.82,47.82,44.85,44.85,647125.36
2021-04-01,43.98,44.98,43.83,44.41,333953.88
2021-04-02,44.45,45.55,44.23,45.05,292883.57
2021-04-06,45.25,45.87,45.06,45.45,229687.13
2021-04-07,45.46,45.53,44.58,44.86,180855.77
2021-04-08,44.81,45.41,44.29,44.72,164601.58
2021-04-09,45.1,45.6,42.96,43.37,318903.69
2021-04-12,42.8,43.25,40.78,41.11,437299.78
2021-04-13,40.82,41.5,40.5,40.83,197199.49
2021-04-14,40.82,41.77,40.5,41.69,220116.53
2021-04-15,41.52,41.62,40.87,41.38,150189.62
2021-04-16,41.62,41.81,40.73,41.17,175075.01
2021-04-19,41.13,42.6,40.67,42.36,306411.73
2021-04-20,42.11,43.18,41.83,42.56,329465.52
2021-04-21,42.5,43.18,41.53,41.99,323053.08
2021-04-22,42.02,43.25,42.02,42.29,322027.84
2021-04-23,42.01,42.78,41.4,41.87,302395.92
2021-04-26,41.95,44.01,41.88,42.24,453772.76
2021-04-27,41.96,42.06,40.18,40.59,315947.1
2021-04-28,40.3,41.53,40.23,41.51,228231.86
2021-04-29,41.65,42.72,41.14,41.27,291836.31
2021-04-30,39.35,39.35,37.15,37.28,795176.43
2021-05-06,37.24,39.33,37.05,38.73,523645.02
2021-05-07,38.55,38.81,37.87,37.89,215873.92
2021-05-10,37.9,37.98,36.72,37.19,222622.75
2021-05-11,37.39,39.57,37.17,38.79,421916.93
2021-05-12,38.37,39.09,38.19,39.02,206137.23
2021-05-13,38.6,40.39,38.45,38.52,329893.87
2021-05-14,38.81,41.27,38.13,41.22,548771.67
2021-05-17,41.47,42.38,40.47,40.8,484188.81
2021-05-18,40.73,43.83,40.39,43.13,615838.69
2021-05-19,42.74,43.22,42.21,42.9,409566.93
2021-05-20,42.7,43.85,42.4,42.48,414357.04
2021-05-21,42.51,42.8,41.28,41.41,319079.97
2021-05-24,41.32,42.15,41.2,41.67,204975.19
2021-05-25,42.0,45.84,41.37,45.84,840819.43
2021-05-26,47.03,48.65,46.44,47.91,1031979.31
2021-05-27,47.77,49.08,47.13,48.05,513874.25
2021-05-28,47.57,50.3,47.13,49.97,674185.11
2021-05-31,50.32,53.35,49.05,53.12,827354.29
2021-06-01,53.1,54.41,51.75,52.2,718909.51
2021-06-02,51.75,53.66,50.77,51.26,585468.63
2021-06-03,50.97,51.69,49.08,49.49,560186.61
2021-06-04,49.33,51.03,49.07,50.31,518650.59
2021-06-07,50.68,52.54,50.18,51.16,541249.54
2021-06-08,50.67,54.6,50.19,54.21,681269.58
2021-06-09,55.59,56.7,54.26,54.86,728250.12
2021-06-10,54.7,55.94,53.91,55.09,608967.12
2021-06-11,55.09,55.57,49.78,51.08,999047.14
2021-06-15,50.13,51.81,49.39,50.8,493036.21
2021-06-16,50.37,51.12,47.42,49.62,588871.38
2021-06-17,49.71,50.87,48.78,49.99,412744.74
2021-06-18,50.41,53.92,49.78,53.12,684321.15
2021-06-21,53.39,55.63,52.74,55.41,700561.32
2021-06-22,55.41,55.41,53.37,54.13,515632.22
2021-06-23,53.33,54.66,52.32,53.7,487632.37
2021-06-24,53.78,54.87,51.64,51.66,441545.93
2021-06-25,51.27,52.97,50.15,51.88,449863.06
2021-06-28,52.26,53.65,51.19,52.8,423609.3
2021-06-29,52.43,53.73,51.46,51.62,435917.65
2021-06-30,51.16,52.45,50.45,52.44,375505.88
2021-07-01,53.25,53.71,49.1,49.1,609136.32
2021-07-02,48.3,48.3,45.7,45.71,570683.37
2021-07-05,44.99,46.18,44.74,44.97,323022.47
2021-07-06,44.86,45.4,44.25,45.33,331330.65
2021-07-07,44.86,48.27,44.66,47.56,478946.19
2021-07-08,47.36,51.27,47.13,50.31,609728.07
2021-07-09,50.31,51.07,49.28,49.82,480510.89
2021-07-12,49.89,52.31,48.65,50.78,513219.57
2021-07-13,50.56,51.57,49.75,50.46,313647.83
2021-07-14,49.87,50.17,48.02,48.05,451056.31
2021-07-15,47.82,49.48,47.69,48.48,270979.46
2021-07-16,48.55,53.33,48.16,53.33,785255.83
2021-07-19,55.11,55.54,52.79,53.98,962198.52
2021-07-20,53.44,55.77,53.22,55.14,792664.65
2021-07-21,54.23,57.78,54.2,57.38,874407.23
2021-07-22,57.17,58.47,55.88,57.6,656846.44
2021-07-23,57.5,62.1,55.64,59.85,965142.31
2021-07-26,60.13,63.11,57.68,58.07,995002.79
2021-07-27,57.02,59.96,55.29,56.38,928942.25
2021-07-28,55.21,55.84,51.24,51.86,689522.02
2021-07-29,53.3,55.35,52.47,54.32,629395.39
2021-07-30,54.24,56.0,53.04,54.08,539370.47
2021-08-02,54.72,59.18,53.31,58.12,768970.23
2021-08-03,58.07,59.83,52.31,56.78,596257.29
2021-08-04,56.68,60.24,56.51,59.68,652888.34
2021-08-05,60.01,64.25,59.65,62.07,931487.19
2021-08-06,62.01,63.63,60.2,63.03,646569.41
2021-08-09,63.1,64.87,61.23,62.83,502553.93
2021-08-10,62.12,68.73,62.03,66.26,827852.56
2021-08-11,65.57,68.71,65.1,66.33,587627.7
2021-08-12,65.72,66.29,61.62,61.62,783152.63
2021-08-13,61.43,63.55,60.05,61.62,668277.22
2021-08-16,61.15,62.5,60.25,60.79,387749.06
2021-08-17,60.81,62.6,58.82,59.5,630955.64
2021-08-18,59.16,62.61,59.16,62.31,604650.41
2021-08-19,62.21,65.08,61.35,64.04,579773.11
2021-08-20,63.2,64.58,61.96,62.12,435866.41
2021-08-23,62.74,66.88,62.35,65.18,610012.1
2021-08-24,63.1,67.26,62.29,66.54,674511.49
2021-08-25,65.87,66.81,64.11,65.43,376256.0
2021-08-26,64.88,67.26,64.56,64.58,458572.67
2021-08-27,64.09,64.09,60.93,61.92,551102.05
2021-08-30,64.54,68.11,64.21,67.49,1160753.26
2021-08-31,67.49,69.51,65.62,67.12,832529.21
2021-09-01,68.12,68.82,60.41,62.25,883195.34
2021-09-02,60.93,62.9,60.45,62.22,399488.53
2021-09-03,61.13,62.18,56.43,58.12,693064.24
2021-09-06,57.68,58.85,56.91,58.85,341404.83
2021-09-07,58.79,60.74,57.97,59.33,378824.41
2021-09-08,60.14,60.73,58.02,58.67,295096.15
2021-09-09,58.54,61.64,57.4,61.05,497125.13
2021-09-10,60.89,60.89,59.35,59.49,364996.39
2021-09-13,59.45,59.98,57.56,57.8,305752.37
2021-09-14,57.78,58.95,55.97,56.12,368387.77
2021-09-15,55.83,57.23,54.21,56.55,365694.49
2021-09-16,56.49,56.94,53.73,53.82,315459.0
2021-09-17,53.82,54.72,50.55,51.93,443714.77
2021-09-22,51.27,54.01,50.86,52.81,307711.02
2021-09-23,52.84,54.48,52.84,54.31,332035.57
2021-09-24,53.84,54.21,52.67,53.11,246174.9
2021-09-27,52.75,54.13,51.38,52.42,276062.07
2021-09-28,52.27,54.77,52.22,54.17,378202.15
2021-09-29,53.85,54.87,51.43,52.26,314436.54
2021-09-30,52.75,53.39,51.97,52.44,190564.61
2021-10-08,52.65,52.91,49.69,50.57,297753.85
2021-10-11,50.57,55.02,50.56,52.78,474375.72
2021-10-12,52.65,52.68,50.93,51.27,239577.15
2021-10-13,50.28,51.68,49.0,51.34,295067.91
2021-10-14,51.18,53.44,50.83,52.84,339392.8
2021-10-15,52.82,53.78,52.26,52.89,233437.73
2021-10-18,52.89,55.41,52.6,54.81,372604.62
2021-10-19,54.24,54.62,53.24,54.17,238101.68
2021-10-20,54.2,55.16,53.64,54.66,272046.66
2021-10-21,54.23,54.32,52.94,53.41,226128.96
2021-10-22,53.39,54.07,52.63,53.36,181135.04
2021-10-25,53.33,55.41,53.25,55.02,329888.78
2021-10-26,54.67,56.5,54.67,55.65,306085.59
2021-10-27,56.91,57.68,55.11,56.18,345209.87
2021-10-28,56.17,57.51,54.97,55.02,398504.91
2021-10-29,55.23,59.25,54.97,58.33,612795.21
2021-11-01,58.48,59.65,57.93,58.83,452997.76
2021-11-02,59.95,60.64,58.8,59.67,540604.82
2021-11-03,58.34,59.14,56.93,58.18,355411.14
2021-11-04,58.07,59.57,57.69,59.35,346727.34
2021-11-05,59.16,59.55,57.71,57.85,240802.46
2021-11-08,57.64,58.61,56.38,58.56,244601.67
2021-11-09,58.34,62.44,58.04,61.42,594287.3
2021-11-10,61.62,62.26,60.34,60.73,345041.9
2021-11-11,60.64,61.33,59.94,60.78,237740.83
2021-11-12,60.83,64.26,60.78,63.71,588667.34
2021-11-15,63.75,66.55,62.38,62.5,633051.51
2021-11-16,62.01,63.59,59.18,59.31,474052.66
2021-11-17,59.29,60.86,57.94,59.9,444426.07
2021-11-18,59.8,62.99,58.99,61.95,459218.9
2021-11-19,62.57,63.25,61.35,62.41,322088.11
2021-11-22,62.61,63.3,61.73,62.82,249637.5
2021-11-23,62.82,62.82,60.8,61.72,314853.42
2021-11-24,61.35,62.61,60.15,60.56,275920.17
2021-11-25,60.17,61.57,59.44,59.72,239786.88
2021-11-26,59.72,61.84,59.55,60.13,260064.84
2021-11-29,59.55,63.7,59.43,62.79,500460.62
2021-11-30,62.8,64.58,62.44,63.44,427623.17
2021-12-01,63.1,64.07,62.51,63.79,258611.67
2021-12-02,63.97,64.48,62.82,64.17,280790.16
2021-12-03,64.17,65.6,63.75,64.68,358137.05
2021-12-06,64.69,65.34,62.9,63.89,258920.83
2021-12-07,63.73,64.08,59.97,60.83,429436.21
2021-12-08,61.08,62.77,60.98,62.62,250579.73
2021-12-09,62.44,62.99,61.28,61.88,206222.28
2021-12-10,61.41,61.87,60.15,61.12,242413.51
2021-12-13,60.84,62.28,59.47,61.52,277766.63
2021-12-14,61.13,64.8,60.81,63.87,398512.15
2021-12-15,63.78,64.3,62.9,63.41,219240.7
2021-12-16,63.42,65.55,63.15,64.3,259493.9
2021-12-17,64.66,65.11,62.82,63.0,256402.6
2021-12-20,61.93,64.12,60.62,60.83,238195.2
2021-12-21,61.89,62.0,59.76,61.43,208040.51
2021-12-22,61.61,61.95,60.44,60.88,187525.64
2021-12-23,60.84,62.58,60.12,61.35,233841.19
2021-12-24,61.17,61.78,59.95,60.03,199356.86
2021-12-27,59.95,60.43,59.16,59.53,154526.42
2021-12-28,59.57,59.82,57.82,59.23,272328.89
2021-12-29,59.23,60.48,59.23,59.41,228167.83
2021-12-30,59.45,63.58,59.09,62.19,537215.66
2021-12-31,62.21,62.98,61.67,62.57,265122.21
2022-01-04,62.82,63.57,62.19,62.66,265367.95
2022-01-05,62.55,63.02,58.27,58.94,399236.33
2022-01-06,58.37,59.34,56.4,57.48,299851.05
2022-01-07,57.48,57.94,55.21,55.39,276454.93
2022-01-10,54.72,55.31,53.97,54.81,232369.76
2022-01-11,55.18,55.38,51.7,52.01,396040.37
2022-01-12,52.4,53.91,52.17,53.7,252481.93
2022-01-13,53.7,53.75,52.15,52.45,172912.25
2022-01-14,52.54,53.39,51.96,52.06,172127.55
2022-01-17,51.76,53.05,51.17,52.75,226323.82
2022-01-18,52.55,54.16,52.14,52.99,221582.72
2022-01-19,52.95,52.96,50.36,51.27,252714.42
2022-01-20,51.27,51.55,49.6,50.05,308341.98
2022-01-21,49.25,49.78,47.98,49.52,402150.99
2022-01-24,49.36,50.14,48.9,49.45,186112.17
2022-01-25,49.78,50.96,48.24,48.31,232500.61
2022-01-26,48.32,49.79,48.32,49.67,234114.23
2022-01-27,49.36,49.76,48.11,48.18,163482.16
2022-01-28,48.52,49.2,46.91,47.5,201214.38
2022-02-07,48.41,48.77,47.07,47.47,185994.27
2022-02-08,47.83,47.98,45.79,47.51,177921.3
2022-02-09,47.5,49.06,47.1,48.8,235146.61
2022-02-10,48.8,49.59,48.26,48.99,184392.44
2022-02-11,48.79,49.15,47.2,47.36,175186.33
2022-02-14,47.31,48.41,46.54,46.88,240692.72
2022-02-15,46.89,48.63,46.78,48.59,206824.99
2022-02-16,48.08,48.11,47.13,47.33,202914.97
2022-02-17,47.18,48.1,46.68,47.68,207968.95
2022-02-18,47.52,47.53,46.84,47.49,111982.06
2022-02-21,47.63,48.22,46.83,47.19,144567.27
2022-02-22,47.7,47.9,46.17,46.53,189232.38
2022-02-23,46.24,48.83,46.05,48.51,342812.23
2022-02-24,48.1,52.26,47.87,49.37,630940.92
2022-02-25,48.45,49.79,47.77,49.34,296594.54
2022-02-28,50.14,51.12,49.36,49.81,267694.71
2022-03-01,50.28,51.71,49.8,51.08,334731.87
2022-03-02,50.97,51.12,50.09,50.59,193486.93
2022-03-03,50.61,50.61,49.2,49.32,183964.99
2022-03-04,49.14,49.67,46.92,47.38,255797.82
2022-03-07,48.07,48.24,46.22,46.52,221463.54
2022-03-08,46.24,46.88,43.84,43.88,280531.47
2022-03-09,43.88,44.26,39.73,42.16,473082.92
2022-03-10,43.09,43.75,42.27,42.86,318878.53
2022-03-11,42.4,43.56,41.99,43.51,221619.6
2022-03-14,43.26,46.37,43.07,44.83,355553.38
2022-03-15,44.36,45.8,43.33,43.43,270416.21
2022-03-16,44.17,44.84,42.22,44.77,275178.4
2022-03-17,45.03,45.9,44.64,44.92,271863.54
2022-03-18,44.57,44.81,43.64,44.37,153820.32
2022-03-21,44.45,45.27,43.87,44.49,167474.85
2022-03-22,45.01,45.43,43.56,43.8,162400.22
2022-03-23,43.76,45.98,43.26,45.52,353547.55
2022-03-24,44.86,45.65,44.79,44.93,166241.02
2022-03-25,45.13,46.77,44.89,44.95,291954.15
2022-03-28,44.36,44.41,42.95,43.53,192263.82
2022-03-29,44.09,46.64,44.06,44.66,397988.76
2022-03-30,44.9,46.04,44.33,45.55,194699.05
2022-03-31,45.18,45.41,43.76,44.27,186580.42
2022-04-01,43.87,44.45,43.54,43.73,147049.79
2022-04-06,43.75,43.82,41.65,42.3,238613.0
2022-04-07,42.3,43.48,42.06,42.35,168595.18
2022-04-08,42.4,42.64,40.92,41.27,240864.9
2022-04-11,40.23,40.23,38.17,38.65,460086.47
2022-04-12,38.45,38.9,36.92,38.04,355921.28
2022-04-13,37.81,37.96,37.17,37.32,178865.58
2022-04-14,37.47,37.74,37.03,37.55,199728.69
2022-04-15,37.47,37.96,36.97,37.47,205080.5
2022-04-18,37.15,38.54,36.82,38.43,219803.12
2022-04-19,38.25,39.09,38.16,38.52,174330.08
2022-04-20,38.52,38.75,37.67,37.9,130113.24
2022-04-21,37.82,38.76,36.54,36.86,171856.16
2022-04-22,36.46,36.96,35.9,36.15,149237.12
2022-04-25,35.3,35.56,33.48,33.49,270850.12
2022-04-26,33.23,33.42,31.6,32.09,281436.02
2022-04-27,31.47,34.69,31.25,34.34,345851.42
2022-04-28,34.36,35.77,34.03,34.83,221746.16
2022-04-29,35.53,37.35,34.94,37.25,309819.04
2022-05-05,37.16,39.24,36.48,38.34,357048.76
2022-05-06,37.27,38.91,37.15,38.54,198545.9
2022-05-09,38.46,40.0,38.31,39.29,212550.47
2022-05-10,38.47,39.62,38.46,39.28,226475.33
2022-05-11,39.72,40.16,38.01,38.42,288545.9
2022-05-12,38.04,39.54,38.04,38.83,183594.72
2022-05-13,39.17,39.21,38.06,38.57,123730.25
2022-05-16,39.16,39.66,38.06,38.22,162978.28
2022-05-17,38.23,39.2,37.63,38.9,132237.12
2022-05-18,39.09,39.4,38.29,38.95,154441.82
2022-05-19,38.22,39.16,37.76,39.05,140894.91
2022-05-20,39.22,39.51,38.53,39.12,155716.63
2022-05-23,39.08,39.08,37.89,38.65,178067.85
2022-05-24,38.75,40.13,37.36,37.49,354194.18
2022-05-25,36.98,38.44,36.94,38.06,230040.86
2022-05-26,37.95,40.6,37.95,39.49,526193.24
2022-05-27,39.71,40.17,38.45,38.89,267637.29
2022-05-30,39.13,39.29,38.31,38.81,206276.83
2022-05-31,38.79,39.32,38.25,38.97,228332.66
2022-06-01,38.99,40.56,38.78,39.6,340278.47
2022-06-02,39.38,40.57,39.05,40.44,271257.7
2022-06-06,40.57,41.5,39.84,41.12,416927.8
2022-06-07,41.11,41.98,40.9,41.44,342336.64
2022-06-08,41.39,41.59,39.59,40.33,351726.65
2022-06-09,40.31,40.42,38.92,39.27,303524.07
2022-06-10,39.19,40.93,38.97,40.93,400202.17
2022-06-13,40.81,41.71,40.12,40.9,299866.79
2022-06-14,40.42,40.76,38.39,39.18,468037.9
2022-06-15,39.18,40.76,38.95,39.81,445860.29
2022-06-16,39.64,41.37,39.63,40.41,318247.7
2022-06-17,40.0,40.58,39.43,40.38,245089.41
2022-06-20,40.38,40.95,40.04,40.84,319562.44
2022-06-21,41.02,41.09,39.07,39.42,358486.4
2022-06-22,39.39,39.74,38.58,38.66,253738.2
2022-06-23,38.67,42.53,38.44,42.53,732576.21
2022-06-24,43.82,45.47,43.3,44.62,975262.35
2022-06-27,45.11,46.23,44.24,45.9,563649.11
2022-06-28,45.53,46.87,45.26,45.65,479923.48
2022-06-29,45.5,45.99,43.99,44.17,386970.88
2022-06-30,44.14,45.49,43.61,45.02,355997.89
2022-07-01,45.31,46.64,44.22,44.95,350333.56
2022-07-04,44.91,48.45,44.71,47.65,546000.67
2022-07-05,47.78,47.98,46.79,47.58,345408.13
2022-07-06,47.42,49.46,46.67,47.51,530353.61
2022-07-07,47.78,51.78,47.78,51.43,738027.01
2022-07-08,51.66,53.22,50.65,51.74,527421.53
2022-07-11,51.58,52.8,49.97,52.61,484200.37
2022-07-12,52.42,54.75,50.1,50.33,713972.94
2022-07-13,50.08,50.79,48.8,49.57,417345.19
2022-07-14,49.46,51.83,49.31,51.0,351181.8
2022-07-15,50.76,52.34,50.06,50.68,306264.02
2022-07-18,50.25,50.46,48.27,50.25,376463.73
2022-07-19,50.01,51.59,49.54,49.94,279288.04
2022-07-20,50.25,52.95,50.06,52.92,467972.2
2022-07-21,52.43,52.9,51.12,51.78,364332.68
2022-07-22,51.78,53.3,50.95,52.23,274899.74
2022-07-25,52.92,53.43,51.03,51.26,273622.75
2022-07-26,51.14,51.89,50.32,51.44,179138.81
2022-07-27,51.64,52.4,50.34,50.73,249594.13
2022-07-28,50.85,51.83,50.14,51.74,285019.92
2022-07-29,51.97,51.98,48.97,49.23,400133.22
2022-08-01,49.34,50.13,48.78,49.4,195306.21
2022-08-02,51.32,51.48,47.77,48.45,360944.13
2022-08-03,48.46,53.22,48.03,52.23,753689.59
2022-08-04,52.39,52.61,50.85,51.53,370763.09
2022-08-05,51.31,52.35,49.37,50.67,361505.17
2022-08-08,50.01,52.95,49.97,52.33,377206.5
2022-08-09,52.33,54.85,51.44,54.01,466159.88
2022-08-10,53.71,54.68,53.12,53.71,286573.32
2022-08-11,53.52,53.7,52.68,53.22,225184.94
2022-08-12,53.18,53.18,51.27,51.48,262800.84
2022-08-15,51.48,52.33,51.24,51.87,141320.15
2022-08-16,51.96,52.92,51.14,51.44,199992.54
2022-08-17,51.34,51.58,50.11,50.85,177449.55
2022-08-18,50.85,51.54,50.35,50.59,170779.66
2022-08-19,50.64,51.0,49.07,49.15,195038.84
2022-08-22,48.97,50.62,48.77,50.16,188430.11
2022-08-23,50.04,50.91,49.39,50.14,161987.83
2022-08-24,49.95,50.04,47.03,47.23,331660.63
2022-08-25,47.23,47.88,46.59,47.43,171575.4
2022-08-26,47.48,48.8,47.09,47.65,191481.65
2022-08-29,47.19,49.99,46.5,49.37,336674.7
2022-08-30,49.66,49.76,47.33,47.36,225608.05
2022-08-31,47.36,47.66,45.17,45.48,256887.23
2022-09-01,45.52,46.38,45.11,45.39,160993.06
2022-09-02,45.31,45.63,44.31,44.73,222198.96
2022-09-05,44.32,46.05,44.32,45.28,209004.1
2022-09-06,45.6,47.45,45.33,46.63,243003.06
2022-09-07,46.21,47.09,46.18,46.73,196524.5
2022-09-08,46.61,47.88,46.5,47.25,220280.44
2022-09-09,47.27,48.43,46.87,47.51,177968.82
2022-09-13,47.68,48.7,47.47,48.47,203259.45
2022-09-14,47.88,48.89,47.68,48.7,230865.91
2022-09-15,48.64,48.64,46.03,46.69,254469.04
2022-09-16,46.49,47.58,46.22,46.38,221610.62
2022-09-19,46.01,47.04,45.11,45.51,137205.18
2022-09-20,45.88,46.1,44.55,45.26,138497.56
2022-09-21,44.93,45.25,43.3,44.32,210528.67
2022-09-22,44.07,46.59,44.07,46.1,267168.33
2022-09-23,45.99,47.92,45.75,46.24,206879.33
2022-09-26,45.72,46.18,44.54,44.8,155875.78
2022-09-27,44.8,46.06,44.8,45.97,141843.78
2022-09-28,45.68,46.66,43.4,43.51,203783.25
2022-09-29,43.87,44.4,42.43,42.91,207951.85
2022-09-30,43.09,43.17,41.39,41.5,161512.07
2022-10-10,42.04,42.06,40.46,40.99,155787.35
2022-10-11,41.13,41.39,40.29,41.05,127842.18
2022-10-12,41.07,42.14,40.07,42.13,159764.27
2022-10-13,41.78,44.52,41.71,42.82,243818.39
2022-10-14,43.03,45.05,42.83,44.72,218609.74
2022-10-17,44.72,46.57,44.54,46.12,257973.97
2022-10-18,46.1,46.15,45.48,45.82,128624.39
2022-10-19,45.72,46.67,45.3,45.54,135103.23
2022-10-20,45.31,46.39,44.66,45.62,174832.65
2022-10-21,45.63,45.78,44.16,45.01,191591.91
2022-10-24,45.78,48.77,45.78,47.93,520220.38
2022-10-25,47.93,48.36,46.84,47.58,282898.56
2022-10-26,47.48,48.55,46.88,47.79,299150.96
2022-10-27,47.88,47.97,46.4,47.3,265418.7
2022-10-28,47.09,47.84,46.11,46.47,182645.77
2022-10-31,44.42,48.7,42.54,48.12,533609.44
2022-11-01,47.98,48.54,46.53,47.24,325470.52
2022-11-02,46.99,47.51,46.11,46.57,293379.93
2022-11-03,46.3,47.56,46.08,47.28,233194.84
2022-11-04,47.07,47.58,46.6,47.55,223852.27
2022-11-07,47.78,48.63,45.95,46.55,305948.3
2022-11-08,46.56,46.8,45.81,46.5,161316.48
2022-11-09,46.98,47.29,45.78,45.81,168862.75
2022-11-10,45.5,45.5,43.87,44.48,263485.63
2022-11-11,45.48,45.51,44.31,44.58,180654.17
2022-11-14,44.42,45.0,43.04,43.33,309124.71
2022-11-15,43.22,44.22,43.09,43.73,275567.92
2022-11-16,43.96,44.78,43.62,44.02,299377.73
2022-11-17,43.64,44.41,42.62,44.31,222177.75
2022-11-18,44.17,44.48,43.38,43.38,171364.79
2022-11-21,42.89,44.28,42.78,44.02,176033.78
2022-11-22,44.02,45.5,43.63,44.61,267441.5
2022-11-23,44.4,45.24,44.02,44.87,184921.35
2022-11-24,44.88,45.21,44.33,44.52,113592.92
2022-11-25,44.43,44.71,43.54,43.69,175384.23
2022-11-28,43.03,44.57,42.87,44.55,185460.86
2022-11-29,44.55,45.28,44.15,44.42,193164.02
2022-11-30,44.61,45.17,44.02,45.1,219265.11
2022-12-01,44.86,45.47,44.86,45.08,156942.49
2022-12-02,45.1,45.3,43.64,43.72,200051.74
2022-12-05,44.05,44.29,43.41,43.92,206708.64
2022-12-06,43.99,44.64,43.34,44.61,217808.4
2022-12-07,44.41,44.9,44.31,44.54,131139.25
2022-12-08,44.37,44.66,43.9,44.14,121324.79
2022-12-09,44.14,44.27,42.91,43.53,248959.31
2022-12-12,43.43,43.8,42.57,43.15,207208.57
2022-12-13,43.03,43.33,42.27,42.55,168066.97
2022-12-14,42.55,43.33,42.5,42.72,114822.42
2022-12-15,42.74,42.96,42.34,42.49,112992.3
2022-12-16,42.44,42.44,41.67,42.3,118021.86
2022-12-19,42.24,42.54,41.1,41.33,118335.9
2022-12-20,41.16,41.78,41.0,41.36,76680.29
2022-12-21,41.23,41.62,40.68,40.91,87601.01
2022-12-22,41.1,41.65,40.11,41.13,132137.12
2022-12-23,40.77,41.36,40.69,41.05,106085.77
2022-12-26,41.05,41.96,40.95,41.8,149085.78
2022-12-27,41.8,42.02,41.36,41.52,115978.26
2022-12-28,41.62,41.67,40.51,40.71,177436.81
2022-12-29,40.56,42.22,40.52,41.81,213931.61
2022-12-30,41.84,42.3,41.7,41.82,93330.27
2023-01-03,41.72,43.63,41.65,43.31,253695.84
2023-01-04,43.22,43.63,42.83,43.37,166402.54
2023-01-05,43.21,43.84,43.03,43.66,143591.91
2023-01-06,43.42,43.82,43.11,43.5,120807.21
2023-01-09,43.43,43.7,41.75,42.08,263842.36
2023-01-10,42.08,42.2,40.74,41.36,285582.18
2023-01-11,41.19,41.79,40.77,40.87,164001.68
2023-01-12,41.71,41.96,40.87,40.99,147954.78
2023-01-13,41.08,41.3,40.6,41.27,102935.63
2023-01-16,41.17,42.75,41.17,42.17,283550.23
2023-01-17,42.17,43.19,41.9,42.74,161683.95
2023-01-18,42.83,42.87,42.39,42.7,103813.24
2023-01-19,42.6,43.29,42.52,43.13,124130.76
2023-01-20,43.13,43.49,42.96,43.33,114465.91
2023-01-30,43.72,45.48,43.53,44.8,300858.09
2023-01-31,44.52,45.25,44.41,44.86,179940.23
2023-02-01,44.9,45.5,44.36,45.47,207079.59
2023-02-02,45.69,45.75,44.43,44.79,224464.92
2023-02-03,44.56,46.38,44.21,46.26,375623.89
2023-02-06,46.06,46.16,45.15,45.38,209361.0
2023-02-07,45.48,45.51,44.66,44.95,147481.53
2023-02-08,44.95,44.95,43.93,44.19,167196.84
2023-02-09,44.03,45.13,44.02,44.82,140133.09
2023-02-10,44.71,45.17,44.5,44.52,110563.25
2023-02-13,44.66,45.22,44.52,44.7,128803.96
2023-02-14,44.9,44.9,44.31,44.48,75679.03
2023-02-15,44.49,45.07,44.05,45.05,151198.89
2023-02-16,44.91,45.19,43.77,44.12,209077.93
2023-02-17,44.12,44.47,43.63,43.88,115566.55
2023-02-20,43.88,44.52,43.46,44.52,142637.62
2023-02-21,44.51,45.48,44.41,45.03,170261.83
2023-02-22,44.73,45.37,44.73,45.25,154218.36
2023-02-23,45.19,45.31,44.79,45.07,94680.85
2023-02-24,45.17,46.38,45.16,45.45,235757.82
2023-02-27,45.39,45.81,44.76,45.02,170282.92
2023-02-28,44.83,45.79,44.83,45.41,122863.21
2023-03-01,45.41,45.7,45.21,45.68,100958.57
2023-03-02,45.72,46.66,45.68,46.16,229311.34
2023-03-03,46.13,47.29,45.76,46.88,234475.19
2023-03-06,47.32,47.76,46.35,46.81,233884.83
2023-03-07,46.52,46.65,45.62,45.81,239728.73
2023-03-08,45.55,46.56,45.53,46.04,109061.67
2023-03-09,46.02,46.09,45.3,45.59,121107.06
2023-03-10,45.49,45.8,44.83,44.84,119327.71
2023-03-13,44.8,45.79,44.79,45.79,92268.89
2023-03-14,45.7,45.8,44.82,45.52,116421.8
2023-03-15,45.52,45.88,45.06,45.17,103419.11
2023-03-16,44.89,45.16,43.87,44.24,130941.49
2023-03-17,44.32,44.99,44.22,44.5,84929.13
2023-03-20,44.51,44.7,43.86,44.1,75688.21
2023-03-21,45.04,46.62,45.01,45.96,226641.87
2023-03-22,45.96,46.0,44.37,44.55,226712.89
2023-03-23,44.32,45.16,44.0,45.13,182566.97
2023-03-24,45.06,45.42,44.46,45.27,125451.69
2023-03-27,45.04,45.4,44.33,44.4,115430.87
2023-03-28,44.32,44.69,43.68,43.82,123425.31
2023-03-29,43.72,43.8,42.73,43.03,154649.38
2023-03-30,43.01,43.32,42.58,43.08,100175.91
2023-03-31,42.93,42.93,42.34,42.69,140079.1
2023-04-03,42.7,43.25,42.44,43.18,156658.05
2023-04-04,43.07,43.07,42.14,42.44,165185.42
2023-04-06,42.42,43.39,42.04,43.27,156976.37
2023-04-07,43.19,43.57,43.03,43.22,96729.62
2023-04-10,43.52,44.03,43.16,43.23,120580.18
2023-04-11,43.29,43.29,42.63,42.73,81423.88
2023-04-12,42.75,42.89,42.34,42.51,81814.01
2023-04-13,42.55,43.03,42.24,42.59,80311.28
2023-04-14,42.57,42.67,42.24,42.63,70766.09
2023-04-17,42.64,43.01,42.43,42.98,87307.79
2023-04-18,42.98,43.11,42.41,42.92,105487.78
2023-04-19,42.73,42.81,42.13,42.34,108954.53
2023-04-20,42.34,42.96,41.65,42.61,159777.43
2023-04-21,42.6,44.51,42.52,43.2,313438.23
2023-04-24,43.28,43.56,41.75,42.73,175056.43
2023-04-25,42.61,43.3,41.57,41.84,148860.1
2023-04-26,41.55,43.41,41.36,42.72,155100.96
2023-04-27,42.57,43.7,42.56,43.59,158251.77
2023-04-28,43.75,43.75,42.99,43.29,108521.67
2023-05-04,43.15,43.21,42.09,42.42,149360.38
2023-05-05,42.51,42.51,41.54,41.71,113552.13
2023-05-08,41.73,42.78,41.73,42.64,165774.18
2023-05-09,42.72,44.17,42.49,42.68,238638.86
2023-05-10,42.54,42.73,41.95,42.15,127970.1
2023-05-11,42.23,42.27,41.68,41.8,80727.7
2023-05-12,41.81,41.92,40.46,40.81,193187.22
2023-05-15,40.66,42.1,40.57,42.04,130803.04
2023-05-16,42.04,42.05,41.5,41.66,61757.87
2023-05-17,41.62,42.47,41.47,42.11,123720.18
2023-05-18,42.04,42.04,41.25,41.45,103930.71
2023-05-19,41.43,41.87,41.08,41.6,96578.04
2023-05-22,41.45,41.63,41.15,41.35,63411.71
2023-05-23,41.37,41.41,40.66,40.66,71497.98
2023-05-24,40.66,40.66,39.77,39.77,108997.79
2023-05-25,39.77,40.71,39.38,40.45,130832.94
2023-05-26,40.55,40.88,39.56,39.99,139986.19
2023-05-29,40.37,40.93,39.7,39.87,97880.03
2023-05-30,39.5,39.92,38.63,39.25,141519.2
2023-05-31,39.29,40.01,39.26,39.32,87956.22
2023-06-01,39.18,40.35,39.11,39.92,100992.45
2023-06-02,39.91,40.73,39.8,40.4,126288.0
2023-06-05,40.65,40.66,39.39,39.49,125614.25
2023-06-06,39.49,39.63,39.03,39.23,88806.33
2023-06-07,39.13,39.23,38.64,39.15,94442.35
2023-06-08,38.98,39.34,38.77,39.1,67379.83
2023-06-09,39.12,39.88,38.61,39.76,125546.43
2023-06-12,39.57,39.57,38.91,38.99,89667.67
2023-06-13,38.97,39.14,38.69,39.05,75113.74
2023-06-14,39.07,39.22,38.78,38.81,61572.26
2023-06-15,38.88,39.57,38.68,39.47,107667.71
2023-06-16,39.56,40.82,39.46,40.5,198974.07
2023-06-19,40.49,40.81,39.69,39.81,156812.69
2023-06-20,39.86,41.0,39.66,40.88,215512.24
2023-06-21,40.71,40.96,40.12,40.23,144404.72
2023-06-26,40.22,40.65,39.91,40.11,105881.22
2023-06-27,40.15,40.92,39.91,40.54,126421.28
2023-06-28,40.57,41.42,40.21,41.04,162845.68
2023-06-29,40.97,41.45,40.78,40.82,165649.2
2023-06-30,40.85,42.57,40.85,41.96,282597.0
2023-07-03,42.35,43.09,41.96,42.53,249403.25
2023-07-04,42.44,42.83,42.26,42.6,164113.85
2023-07-05,42.57,42.69,42.09,42.25,106118.34
2023-07-06,42.29,42.54,41.75,41.97,105638.16
2023-07-07,42.08,42.18,41.43,41.48,112535.51
2023-07-10,41.7,42.09,41.32,41.75,88894.81
2023-07-11,41.78,42.17,41.67,42.09,69421.15
2023-07-12,42.13,42.15,41.11,41.22,86637.89
2023-07-13,41.22,41.56,41.22,41.47,64402.0
2023-07-14,41.46,41.66,41.15,41.2,75860.64
2023-07-17,41.05,41.46,40.79,40.96,51720.65
2023-07-18,40.88,41.45,40.75,41.16,55048.32
2023-07-19,41.02,41.31,40.85,41.18,55445.19
2023-07-20,41.2,41.49,40.12,40.29,96072.17
2023-07-21,40.19,40.42,39.81,40.05,69503.29
2023-07-24,40.05,40.52,39.74,39.98,73580.67
2023-07-25,40.26,40.36,39.82,40.29,79605.87
2023-07-26,40.24,40.37,40.02,40.16,53419.82
2023-07-27,40.34,40.76,39.91,39.98,88007.28
2023-07-28,39.83,40.42,39.43,40.27,108605.58
2023-07-31,40.27,40.65,39.89,40.15,137488.44
2023-08-01,40.19,40.7,40.16,40.31,106319.82
2023-08-02,40.13,40.41,39.5,39.56,123267.84
2023-08-03,39.54,39.71,39.43,39.6,86140.77
2023-08-04,39.84,40.15,39.51,39.71,74380.54
2023-08-07,39.71,39.75,39.41,39.64,78225.56
2023-08-08,39.63,39.86,39.12,39.73,87015.12
2023-08-09,39.61,39.9,39.53,39.89,81284.34
2023-08-10,39.89,40.25,39.5,39.62,76596.31
2023-08-11,39.61,39.7,38.85,38.9,77936.68
2023-08-14,38.63,39.27,38.63,39.25,69984.69
2023-08-15,39.12,39.34,38.34,38.52,88387.62
2023-08-16,38.51,38.59,37.76,37.81,78807.61
2023-08-17,37.75,39.69,37.48,39.52,213234.4
2023-08-18,39.32,39.9,39.12,39.27,96007.91
2023-08-21,39.39,39.55,38.34,38.42,69964.21
2023-08-22,38.47,39.48,38.32,39.22,101233.92
2023-08-23,39.02,39.23,37.95,37.97,95931.34
2023-08-24,37.99,38.6,37.56,38.14,70713.8
2023-08-25,37.98,38.57,37.25,37.48,88986.0
2023-08-28,39.7,39.8,37.4,37.53,137811.59
2023-08-29,37.53,38.92,37.53,38.52,112367.86
2023-08-30,38.53,39.17,38.53,38.98,133335.07
2023-08-31,39.04,39.22,38.69,38.96,82378.88
2023-09-01,39.04,39.07,38.5,38.63,69548.25
2023-09-04,38.86,39.56,38.86,39.35,90932.37
2023-09-05,39.32,39.55,39.13,39.29,59634.3
2023-09-06,39.29,39.86,38.92,39.64,101326.51
2023-09-07,39.5,39.67,39.11,39.12,83584.96
2023-09-08,39.12,39.84,39.08,39.47,97532.24
2023-09-11,39.47,39.51,38.62,38.77,132645.53
2023-09-12,38.79,38.81,38.24,38.66,75969.68
2023-09-13,38.53,38.64,37.89,38.25,80184.04
2023-09-14,38.22,38.48,38.07,38.23,55372.6
2023-09-15,38.32,38.39,37.91,38.06,65503.62
2023-09-18,37.99,38.14,37.66,37.73,65094.91
2023-09-19,37.7,37.83,37.26,37.32,79363.54
2023-09-20,37.24,37.4,36.44,36.45,119207.7
2023-09-21,36.52,36.99,36.24,36.25,102033.71
2023-09-22,36.16,37.03,36.14,36.87,97585.12
2023-09-25,36.82,37.04,36.4,36.46,72754.25
2023-09-26,36.44,36.52,36.19,36.25,46643.32
2023-09-27,36.23,36.71,36.21,36.32,54580.19
2023-09-28,36.48,36.93,36.24,36.88,86670.0
2023-10-09,36.94,37.2,36.47,36.96,94658.08
2023-10-10,36.97,37.29,36.67,36.87,61388.49
2023-10-11,36.94,36.94,35.97,36.2,121084.12
2023-10-12,36.29,36.68,36.29,36.65,73086.01
2023-10-13,36.54,36.54,35.63,35.84,93975.14
2023-10-16,35.9,36.07,35.44,35.56,77251.52
2023-10-17,35.49,35.69,35.03,35.64,70968.67
2023-10-18,35.46,35.61,34.9,34.94,66448.0
2023-10-19,34.8,35.14,34.17,34.24,107704.09
2023-10-20,34.11,34.42,33.83,34.03,102308.29
2023-10-23,34.02,34.49,33.7,34.0,99280.48
2023-10-24,34.05,34.3,33.58,34.12,79162.5
2023-10-25,34.31,35.0,34.25,34.77,95115.71
2023-10-26,34.62,35.06,34.38,35.03,59003.4
2023-10-27,35.0,35.4,34.7,35.18,77586.78
2023-10-30,34.9,35.24,34.78,34.99,93416.83
2023-10-31,34.98,35.23,34.85,35.1,66795.46
2023-11-01,35.14,35.2,34.75,34.77,78057.19
2023-11-02,34.82,35.01,34.37,34.41,74462.2
2023-11-03,34.45,34.97,34.41,34.92,65369.97
2023-11-06,35.05,35.62,34.94,35.43,117371.83
2023-11-07,35.35,35.68,35.18,35.57,86428.84
2023-11-08,35.57,36.42,35.49,35.72,105585.13
2023-11-09,35.65,35.81,35.41,35.74,61228.54
2023-11-10,35.55,35.95,35.42,35.85,62844.15
2023-11-13,35.92,37.13,35.63,37.04,179995.94
2023-11-14,37.01,37.48,36.83,37.32,134925.98
2023-11-15,37.38,37.49,36.8,37.1,82522.29
2023-11-16,37.03,37.57,36.95,36.98,80446.08
2023-11-17,36.91,37.07,36.59,36.9,72989.66
2023-11-20,36.88,37.42,36.75,37.26,61058.48
2023-11-21,37.32,37.41,36.94,37.02,57767.11
2023-11-22,37.03,37.17,36.66,36.67,43879.91
2023-11-23,36.56,36.8,36.37,36.55,51821.36
2023-11-24,36.55,36.61,35.91,36.01,58684.6
2023-11-27,36.01,36.2,35.72,35.94,70420.71
2023-11-28,35.94,36.14,35.69,35.91,43106.68
2023-11-29,35.89,36.3,35.62,35.88,85942.42
2023-11-30,35.84,36.12,35.37,35.7,72272.37
2023-12-01,35.45,36.05,35.45,35.93,64732.87
2023-12-04,36.05,36.54,35.96,36.18,82237.44
2023-12-05,36.27,36.27,35.13,35.17,89626.01
2023-12-06,35.06,35.6,35.05,35.19,77353.52
2023-12-07,35.15,35.26,34.6,34.8,76823.28
2023-12-08,34.81,34.96,34.31,34.55,106305.97
2023-12-11,34.65,35.65,34.38,35.56,111429.77
2023-12-12,35.38,36.08,35.26,35.54,63867.88
2023-12-13,35.43,35.94,35.31,35.31,60737.97
2023-12-14,35.4,35.54,34.83,34.95,64209.67
2023-12-15,34.75,35.04,34.35,34.36,67975.08
2023-12-18,34.25,34.35,33.64,33.71,73742.09
2023-12-19,33.76,33.96,33.48,33.72,53365.1
2023-12-20,33.72,33.82,32.63,32.65,79857.41
2023-12-21,32.49,33.02,32.18,33.0,78696.2
2023-12-22,33.03,34.98,32.92,34.56,212285.75
2023-12-25,34.55,36.07,34.54,35.93,202263.91
2023-12-26,35.92,36.4,34.94,36.04,194642.35
2023-12-27,35.93,36.29,35.62,36.1,102752.85
2023-12-28,36.24,36.99,36.09,36.58,151008.18
2023-12-29,36.68,37.29,36.5,37.11,132020.27
2024-01-02,37.23,37.48,36.8,36.87,111259.45
2024-01-03,36.73,36.84,36.21,36.6,115850.5
2024-01-04,36.6,36.7,35.74,36.17,82546.76
2024-01-05,36.29,36.32,34.56,34.88,145065.79
2024-01-08,34.98,35.22,34.27,34.27,98350.78
2024-01-09,34.27,34.53,33.85,34.09,85400.0
2024-01-10,33.91,34.38,33.57,33.71,73069.17
2024-01-11,33.56,33.93,33.37,33.77,105071.37
2024-01-12,33.74,33.74,33.06,33.22,96013.9
2024-01-15,33.05,33.06,32.39,32.68,118243.59
2024-01-16,32.53,32.74,32.08,32.67,104872.62
2024-01-17,32.66,32.66,31.64,31.64,109011.42
2024-01-18,31.37,32.26,30.71,32.05,168618.74
2024-01-19,31.74,32.07,31.46,31.87,96074.17
2024-01-22,31.85,32.69,31.59,31.83,175824.14
2024-01-23,31.77,32.25,31.19,31.99,130104.27
2024-01-24,32.17,32.43,31.1,32.32,107262.49
2024-01-25,32.19,33.61,32.1,33.6,154357.15
2024-01-26,33.56,33.61,33.11,33.25,98576.65
2024-01-29,33.34,33.53,32.78,32.78,92766.17
2024-01-30,32.62,33.24,32.49,32.56,85675.77
2024-01-31,32.42,32.66,31.09,31.22,111063.47
2024-02-01,30.97,31.57,30.51,31.04,96855.73
2024-02-02,31.1,31.26,28.79,29.78,160600.77
2024-02-05,29.29,29.94,28.09,29.5,173638.29
2024-02-06,29.5,31.37,29.2,31.35,167994.95
2024-02-07,31.39,32.43,31.12,32.17,193747.18
2024-02-08,32.22,33.39,32.14,32.94,155685.38
2024-02-19,33.07,33.23,32.32,32.47,133672.66
2024-02-20,32.37,32.51,32.09,32.26,107867.03
2024-02-21,32.18,33.6,31.93,33.02,129741.13
2024-02-22,32.9,33.73,32.84,33.29,100748.68
2024-02-23,33.38,33.82,32.95,33.45,99778.14
2024-02-26,33.39,33.84,33.15,33.48,89383.15
2024-02-27,33.43,34.24,33.27,34.2,97525.21
2024-02-28,34.28,34.46,33.46,33.46,111732.89
2024-02-29,33.28,34.2,33.28,34.16,116499.56
2024-03-01,34.17,34.93,34.17,34.83,119977.92
2024-03-04,34.67,34.81,34.2,34.65,102624.49
2024-03-05,34.83,36.62,34.66,35.7,262537.65
2024-03-06,35.74,35.84,34.96,35.59,140573.76
2024-03-07,35.52,35.52,34.45,34.66,145270.82
2024-03-08,34.75,34.93,34.27,34.67,92856.57
2024-03-11,34.58,35.33,34.45,35.31,114146.08
2024-03-12,35.37,35.87,35.22,35.74,130195.72
2024-03-13,35.75,35.97,35.14,35.34,106885.66
2024-03-14,35.13,35.33,34.58,34.92,97611.32
2024-03-15,34.87,35.14,34.38,34.83,89371.21
2024-03-18,34.83,35.43,34.65,35.41,123205.17
2024-03-19,35.31,35.69,35.0,35.02,104200.58
2024-03-20,35.07,35.32,34.73,34.89,78466.3
2024-03-21,34.95,35.17,34.55,34.91,85881.71
2024-03-22,34.82,34.9,34.04,34.25,101234.5
2024-03-25,34.2,34.6,33.86,33.95,82259.14
2024-03-26,33.92,34.24,33.29,33.48,95684.74
2024-03-27,33.53,33.62,32.62,32.69,103855.66
2024-03-28,32.69,33.6,32.68,33.33,125353.75
2024-03-29,33.32,33.84,33.05,33.72,107263.08
2024-04-01,33.76,34.19,33.47,33.82,110190.76
2024-04-02,33.76,33.77,33.26,33.36,89691.97
2024-04-03,33.22,33.32,32.73,32.99,79403.02
2024-04-08,32.8,33.2,32.28,32.32,87392.38
2024-04-09,32.2,32.76,32.09,32.26,80625.39
2024-04-10,32.27,32.3,31.66,31.95,91348.27
2024-04-11,31.76,32.0,31.5,31.56,89839.61
2024-04-12,31.51,32.35,31.47,31.58,114172.3
2024-04-15,31.67,33.04,31.67,32.48,182300.18
2024-04-16,32.46,32.96,32.02,32.09,139230.33
2024-04-17,32.09,32.69,31.74,32.66,125636.73
2024-04-18,32.5,32.7,32.07,32.36,126099.24
2024-04-19,32.08,33.18,32.07,32.63,150494.29
2024-04-22,32.68,33.9,32.52,33.72,253292.31
2024-04-23,33.48,34.35,33.34,34.1,219993.04
2024-04-24,34.34,35.23,33.89,35.0,233159.63
2024-04-25,35.15,35.22,34.34,34.62,180475.86
2024-04-26,34.6,34.94,34.45,34.71,137925.04
2024-04-29,34.65,35.69,34.62,35.48,180704.35
2024-04-30,35.74,36.35,35.09,35.11,225805.89
2024-05-06,35.57,35.59,34.63,34.68,178281.92
2024-05-07,34.63,35.84,34.53,35.69,213851.16
2024-05-08,35.49,35.67,35.18,35.47,123518.83
2024-05-09,35.37,37.33,35.24,37.19,308629.94
2024-05-10,37.15,38.15,37.03,37.28,309240.02
2024-05-13,36.91,37.72,36.54,37.12,159974.11
2024-05-14,36.92,37.08,36.34,36.61,130189.41
2024-05-15,36.61,36.69,36.12,36.16,83946.93
2024-05-16,36.13,36.45,35.64,35.88,126941.75
2024-05-17,36.01,36.42,35.76,36.4,99214.93
2024-05-20,36.33,37.58,36.2,36.83,148895.19
2024-05-21,36.71,36.73,35.94,36.05,102490.53
2024-05-22,36.05,36.05,35.26,35.73,119570.99
2024-05-23,35.94,36.04,35.1,35.13,107056.98
2024-05-24,35.07,35.24,34.75,34.85,71100.6
2024-05-27,34.85,35.1,34.42,34.99,93079.5
2024-05-28,34.84,35.54,34.58,35.29,122188.41
2024-05-29,35.22,35.6,34.91,35.09,80646.16
2024-05-30,34.85,37.12,34.73,36.53,256260.12
2024-05-31,36.7,37.22,36.24,37.04,176031.55
2024-06-03,36.74,37.23,36.46,36.81,125555.03
2024-06-04,36.88,37.57,36.71,37.26,184010.94
2024-06-05,37.03,38.27,36.94,37.53,311651.55
2024-06-06,37.33,37.53,36.84,37.09,197323.45
2024-06-07,37.33,38.09,36.97,37.28,205525.16
2024-06-11,37.16,37.83,36.95,37.81,204534.94
2024-06-12,37.72,38.07,37.3,37.42,170531.43
2024-06-13,37.32,37.85,37.04,37.53,131988.6
2024-06-14,37.43,37.43,36.47,37.26,265794.06
2024-06-17,36.73,37.72,36.73,37.28,174378.93
2024-06-18,37.16,37.78,37.11,37.39,143547.66
2024-06-19,37.35,37.53,36.98,37.2,101042.51
2024-06-20,37.11,37.23,36.44,36.71,155546.72
2024-06-21,36.78,37.18,36.33,36.61,102681.01
2024-06-24,36.65,36.92,36.12,36.24,121725.99
2024-06-25,36.14,36.24,35.47,35.65,110467.39
2024-06-26,35.65,35.99,35.41,35.84,83434.28
2024-06-27,35.81,35.87,35.23,35.33,77952.61
2024-06-28,35.27,36.62,35.23,36.45,129310.28
2024-07-01,36.25,36.4,35.5,36.17,94020.36
2024-07-02,36.07,36.25,35.52,35.7,70994.05
2024-07-03,35.64,35.85,35.35,35.56,61896.14
2024-07-04,35.61,35.97,35.44,35.44,61019.05
2024-07-05,35.43,35.45,34.68,35.31,101930.26
2024-07-08,35.19,35.78,35.09,35.17,69932.14
2024-07-09,35.17,35.45,34.75,34.94,108659.13
2024-07-10,35.07,35.55,34.87,35.42,107133.65
2024-07-11,35.67,36.84,35.42,36.49,120383.03
2024-07-12,36.5,37.06,36.26,36.72,88552.61
2024-07-15,36.51,36.88,36.2,36.37,66433.95
2024-07-16,36.26,37.45,36.26,37.38,127009.0
2024-07-17,37.34,37.63,36.95,37.42,96552.2
2024-07-18,37.12,39.32,37.07,38.89,269898.6
2024-07-19,38.87,39.89,38.85,39.86,296328.9
2024-07-22,39.88,40.54,39.64,39.9,225700.6
2024-07-23,39.9,39.93,39.4,39.42,140324.5
2024-07-24,39.29,40.66,39.2,39.88,229975.48
2024-07-25,39.88,40.04,39.27,39.7,125383.04
2024-07-26,39.69,41.11,39.64,40.74,240692.68
2024-07-29,40.99,41.17,39.78,40.11,224727.04
2024-07-30,39.89,40.23,39.44,39.82,139836.42
2024-07-31,39.83,40.2,39.13,39.65,229950.41
2024-08-01,39.61,40.73,39.5,39.58,180194.06
2024-08-02,39.29,40.12,39.15,39.15,126720.66
2024-08-05,39.05,39.62,38.31,38.41,159796.5
2024-08-06,38.62,39.53,38.49,38.99,154180.49
2024-08-07,39.1,39.25,38.7,39.09,115060.01
2024-08-08,38.88,38.91,37.35,37.95,233903.16
2024-08-09,38.25,38.25,37.61,37.94,97616.78
2024-08-12,37.75,38.26,37.29,37.89,113749.64
2024-08-13,37.7,38.18,37.6,37.96,89226.79
2024-08-14,37.9,37.99,37.42,37.42,72076.23
2024-08-15,37.31,37.82,37.17,37.53,93119.7
2024-08-16,37.75,37.75,36.61,36.72,129081.96
2024-08-19,36.74,37.18,36.57,36.71,76567.91
2024-08-20,36.74,37.08,36.04,36.41,79829.86
2024-08-21,36.25,36.66,36.08,36.29,61978.1
2024-08-22,36.38,36.95,36.1,36.55,85077.95
2024-08-23,36.44,36.81,36.18,36.51,78370.53
2024-08-26,36.53,36.71,35.27,35.69,131239.48
2024-08-27,35.6,35.86,35.16,35.38,66388.91
2024-08-28,35.4,36.0,35.08,35.16,136841.59
2024-08-29,34.98,35.63,34.79,34.83,168097.89
2024-08-30,34.85,35.7,34.53,35.4,281711.87
2024-09-02,35.05,35.61,34.4,34.41,147512.91
2024-09-03,34.59,34.95,34.4,34.74,118343.2
2024-09-04,34.58,34.89,34.21,34.84,84952.04
2024-09-05,34.83,35.17,34.5,35.15,104075.94
2024-09-06,35.11,35.25,34.79,34.9,63765.59
2024-09-09,34.73,35.12,33.96,34.18,128863.48
2024-09-10,34.39,34.42,33.6,34.12,111732.21
2024-09-11,34.03,34.54,33.93,34.45,85817.94
2024-09-12,34.45,35.01,34.31,34.37,80950.19
2024-09-13,34.4,34.83,34.28,34.29,75371.32
2024-09-18,34.3,34.47,33.61,34.43,72686.57
2024-09-19,34.46,34.56,33.34,33.86,127087.24
2024-09-20,33.77,34.28,33.25,34.11,126563.26
2024-09-23,33.96,34.86,33.91,34.04,95433.94
2024-09-24,34.3,35.2,33.93,35.2,169639.05
2024-09-25,35.35,36.46,35.35,36.16,194753.01
2024-09-26,36.07,37.08,35.73,37.03,159977.82
2024-09-27,37.35,38.86,37.1,38.78,133759.08
2024-09-30,39.83,41.68,39.18,41.18,456844.39
2024-10-08,45.29,45.29,41.95,43.88,647709.21
2024-10-09,42.78,43.47,41.1,41.58,420708.15
2024-10-10,41.28,43.3,41.28,41.85,317193.8
2024-10-11,41.54,41.54,39.47,39.83,278178.45
2024-10-14,40.58,41.97,40.39,41.53,330537.07
2024-10-15,41.38,41.92,40.6,40.83,201696.85
2024-10-16,40.29,41.3,40.11,40.89,198614.55
2024-10-17,40.88,41.78,40.74,40.77,173611.69
2024-10-18,40.55,41.99,40.36,41.48,376095.02
2024-10-21,41.88,43.28,41.88,43.01,565426.72
2024-10-22,43.03,43.11,41.75,42.19,243018.61
2024-10-23,42.19,45.68,42.08,44.14,706000.89
2024-10-24,43.88,43.88,42.58,42.82,290651.38
2024-10-25,42.48,43.36,42.43,42.78,201298.68
2024-10-28,42.88,44.78,42.88,43.8,339953.32
2024-10-29,43.8,44.03,42.96,43.06,191507.03
2024-10-30,42.88,43.71,42.74,43.38,173411.45
2024-10-31,42.74,43.46,42.02,42.64,254141.35
2024-11-01,42.48,42.8,41.55,41.7,192898.3
2024-11-04,41.7,42.77,41.68,42.38,145207.59
2024-11-05,43.23,46.62,42.99,46.62,902408.76
2024-11-06,48.55,48.58,45.8,46.66,810814.2
2024-11-07,45.87,45.87,44.02,45.63,534943.98
2024-11-08,45.87,47.86,45.86,47.1,577678.26
2024-11-11,47.52,47.52,45.98,46.87,433245.65
2024-11-12,46.87,47.14,44.75,45.05,447523.61
2024-11-13,44.88,45.11,43.79,44.98,289424.89
2024-11-14,45.18,45.27,43.38,43.59,264668.45
2024-11-15,43.38,43.6,41.65,41.78,275111.59
2024-11-18,41.79,43.05,41.14,41.73,304877.11
2024-11-19,41.99,42.48,41.08,42.03,187011.28
2024-11-20,42.03,42.83,41.7,42.58,210017.31
2024-11-21,42.45,42.85,41.88,42.18,148962.46
2024-11-22,42.18,42.43,41.03,41.07,169884.36
2024-11-25,41.05,41.27,39.54,39.92,222145.09
2024-11-26,40.17,41.07,40.03,40.34,142826.2
2024-11-27,39.96,41.38,39.79,41.18,172133.76
2024-11-28,41.05,42.02,40.79,40.86,141123.88
2024-11-29,40.8,41.99,40.73,41.76,167545.53
2024-12-02,41.83,42.25,41.22,41.68,267623.29
2024-12-03,41.69,41.76,41.02,41.5,144140.8
2024-12-04,41.43,41.58,40.91,41.25,134108.0
2024-12-05,41.06,41.96,40.89,41.72,118225.9
2024-12-06,41.68,41.99,41.53,41.63,121739.33
2024-12-09,41.3,41.45,39.89,40.16,263543.99
2024-12-10,41.01,41.23,40.39,40.57,186930.18
2024-12-11,40.49,40.56,40.02,40.39,99234.08
2024-12-12,40.69,41.53,40.69,41.12,202689.07
2024-12-13,40.84,40.88,39.79,40.09,196390.54
2024-12-16,40.04,40.08,39.46,39.8,126693.0
2024-12-17,39.72,40.18,39.5,39.66,81030.13
2024-12-18,39.7,40.04,39.6,39.91,92718.82
2024-12-19,39.54,39.94,39.25,39.87,74242.77
2024-12-20,39.77,40.09,39.67,39.92,84487.84
2024-12-23,39.88,40.17,39.11,39.19,146070.08
2024-12-24,39.22,39.69,39.22,39.64,93330.61
2024-12-25,39.59,40.49,39.39,40.36,139713.66
2024-12-26,40.49,41.73,40.39,40.78,213443.96
2024-12-27,42.57,42.76,40.8,41.08,382372.4
2024-12-30,41.17,41.35,40.69,40.74,186831.4
2024-12-31,40.75,41.68,40.28,41.34,285536.03
2025-01-02,40.9,41.38,39.99,40.18,189213.87
2025-01-03,40.17,40.33,38.78,39.09,170024.35
2025-01-06,38.87,39.16,37.75,38.13,147556.72
2025-01-07,38.16,38.49,37.81,38.45,87911.2
2025-01-08,38.19,38.35,36.9,37.61,151493.13
2025-01-09,37.56,39.25,37.21,38.79,175238.94
2025-01-10,38.84,39.67,38.47,38.47,110985.38
2025-01-13,37.89,39.11,37.77,38.66,95155.64
2025-01-14,38.58,39.18,38.36,38.98,211120.93
2025-01-15,38.89,39.04,38.22,38.44,102248.67
2025-01-16,38.48,38.95,37.99,38.15,103624.29
2025-01-17,37.98,39.26,37.98,38.86,148502.6
2025-01-20,38.82,39.29,38.73,38.76,121226.77
2025-01-21,38.87,38.88,37.77,37.92,118696.87
2025-01-22,37.89,37.89,37.18,37.51,108820.05
2025-01-23,37.72,38.08,37.1,37.14,117853.89
2025-01-24,37.11,37.45,36.96,37.23,81242.11
2025-01-27,37.23,37.75,37.22,37.24,81347.54
2025-02-05,37.35,37.99,37.14,37.83,105415.1
2025-02-06,37.86,38.94,37.56,38.92,133343.04
2025-02-07,38.96,39.07,38.39,38.72,134499.39
2025-02-10,38.71,38.87,38.48,38.67,98615.74
2025-02-11,38.67,38.76,37.89,38.17,127261.21
2025-02-12,38.01,38.31,37.89,38.29,80724.06
2025-02-13,38.37,39.68,38.3,38.99,251858.61
2025-02-14,38.89,39.19,38.19,38.39,139453.77
2025-02-17,38.4,38.44,37.2,37.6,308365.36
2025-02-18,37.58,37.62,36.65,36.75,221651.16
2025-02-19,36.5,37.05,36.5,36.9,146499.39
2025-02-20,36.9,37.14,36.32,36.9,147381.0
2025-02-21,36.75,36.98,36.7,36.76,197652.34
2025-02-24,36.78,37.24,36.42,36.79,180553.04
2025-02-25,36.51,36.6,35.78,36.0,264821.34
2025-02-26,36.02,36.37,35.8,36.0,188791.04
2025-02-27,36.09,36.15,35.4,35.66,172415.28
2025-02-28,35.72,36.0,35.02,35.02,205885.94
2025-03-03,35.05,35.78,35.05,35.28,153537.92
2025-03-04,35.65,36.25,35.42,35.91,248499.82
2025-03-05,36.1,36.25,35.61,35.9,142738.23
2025-03-06,35.92,36.13,35.57,35.98,208302.1
2025-03-07,35.9,39.18,35.8,37.8,674209.27
2025-03-10,37.8,38.51,37.6,37.85,315853.42
2025-03-11,37.47,38.85,37.4,38.59,343856.48
2025-03-12,38.8,39.14,38.18,38.23,259334.94
2025-03-13,38.24,39.17,37.8,38.56,325406.01
2025-03-14,38.69,38.75,37.78,38.5,265863.08
2025-03-17,38.49,38.86,38.2,38.25,161793.85
2025-03-18,38.22,38.35,37.84,38.02,135398.86
2025-03-19,37.91,37.96,37.57,37.89,165731.11
2025-03-20,37.89,38.55,37.58,37.73,195371.53
2025-03-21,37.61,38.22,37.24,37.44,178251.05
2025-03-24,37.4,37.59,36.53,37.09,188279.55
2025-03-25,37.03,37.46,36.73,36.76,146683.77
2025-03-26,36.79,37.09,36.6,36.81,108805.04
2025-03-27,36.75,36.94,36.1,36.6,105171.01
2025-03-28,36.59,36.75,36.33,36.49,88609.46
2025-03-31,36.38,36.42,35.5,36.11,200293.47
2025-04-01,36.32,37.1,36.28,36.67,153246.49
2025-04-02,35.46,35.46,33.0,33.0,982398.5
2025-04-03,32.44,32.98,32.32,32.6,338303.89
2025-04-07,31.16,32.78,29.92,31.61,482778.84
2025-04-08,31.59,32.63,31.56,32.52,324489.84
2025-04-09,32.11,34.57,31.91,34.2,492822.28
2025-04-10,34.32,34.45,33.49,34.26,341847.49
2025-04-11,34.38,34.54,33.96,34.09,210760.07
2025-04-14,33.94,34.7,33.92,34.28,214620.23
2025-04-15,34.29,34.36,33.25,33.62,179889.06
2025-04-16,34.8,34.93,33.51,34.08,244112.4
2025-04-17,33.77,34.48,33.6,34.2,198122.53
2025-04-18,33.96,34.14,33.67,33.9,106390.8
2025-04-21,33.91,34.79,33.91,34.14,180572.44
2025-04-22,34.03,34.5,33.89,34.12,130143.92
2025-04-23,34.12,34.12,33.41,33.67,167931.73
2025-04-24,33.61,33.61,33.02,33.11,140455.08
2025-04-25,33.13,33.49,32.79,33.32,117086.63
2025-04-28,33.29,33.29,32.51,32.69,150903.68
2025-04-29,32.51,32.78,32.24,32.68,129183.36
2025-04-30,32.21,32.77,32.04,32.71,137496.18
2025-05-06,32.9,33.19,32.79,33.18,120131.73
2025-05-07,33.91,35.02,33.44,34.34,437953.95
2025-05-08,34.38,35.25,33.79,35.08,441692.92
2025-05-09,34.92,34.92,34.01,34.11,252131.13
2025-05-12,34.28,36.61,34.0,35.8,638138.25
2025-05-13,35.84,35.84,34.62,34.66,325181.69
2025-05-14,34.67,34.99,34.25,34.37,181274.32
2025-05-15,34.3,34.67,33.97,34.02,151479.94
2025-05-16,34.04,34.55,33.57,33.7,198849.62
2025-05-19,33.9,34.16,33.6,34.02,138762.94
2025-05-20,34.02,34.09,33.61,33.97,114753.01
2025-05-21,33.99,34.59,33.77,34.18,150056.56
2025-05-22,34.1,34.62,33.86,33.91,144219.8
2025-05-23,33.77,34.27,33.71,33.81,122436.0
2025-05-26,33.78,34.05,33.61,33.94,71988.31
2025-05-27,33.87,33.91,33.42,33.62,90416.33
2025-05-28,33.62,33.95,33.52,33.58,71546.82
2025-05-29,33.61,35.45,33.4,34.92,307731.71
2025-05-30,35.1,36.14,35.1,35.36,432297.26
2025-06-03,35.94,36.52,35.05,35.38,372842.94
2025-06-04,35.21,35.34,34.78,35.0,204821.46
2025-06-05,34.99,35.74,34.58,35.23,258427.86
2025-06-06,35.36,35.78,35.07,35.15,181356.36
2025-06-09,35.5,36.44,35.45,35.82,349035.28
2025-06-10,35.52,35.63,34.98,35.23,165612.53
2025-06-11,35.38,35.89,35.05,35.8,157050.23
2025-06-12,35.67,36.05,35.5,35.94,168683.0
2025-06-13,36.19,36.38,35.7,36.05,245232.31
2025-06-16,35.91,36.05,35.48,35.64,161140.33
2025-06-17,35.65,35.82,35.25,35.51,145422.16
2025-06-18,35.49,35.78,35.33,35.61,162442.17
2025-06-19,35.38,35.38,34.85,35.18,179693.33
2025-06-20,35.17,35.2,34.65,34.7,91555.54
2025-06-23,34.7,35.13,34.58,34.95,99377.38
2025-06-24,34.77,35.51,34.36,35.16,241372.8
2025-06-25,35.16,36.46,35.04,36.24,356298.29
2025-06-26,36.26,36.88,36.1,36.12,312203.55
2025-06-27,36.27,36.85,36.16,36.36,201493.31
2025-06-30,36.66,38.88,36.51,38.54,575971.55
2025-07-01,38.54,38.55,37.75,38.0,267529.24
2025-07-02,37.99,37.99,37.17,37.3,197471.36
2025-07-03,37.15,37.66,37.1,37.21,139682.39
2025-07-04,37.29,37.68,37.12,37.27,183994.29
2025-07-07,37.16,37.64,36.83,37.2,184412.39
2025-07-08,37.2,37.49,37.0,37.37,170718.0
2025-07-09,37.48,37.76,36.75,36.82,250684.97
2025-07-10,36.6,36.86,36.39,36.7,191875.75
2025-07-11,36.71,37.39,36.6,37.06,190222.43
2025-07-14,37.07,37.35,36.63,36.65,161982.86
2025-07-15,36.42,36.8,36.21,36.8,188476.39
2025-07-16,36.79,36.84,36.48,36.7,94712.41
2025-07-17,36.7,38.0,36.69,37.95,342127.94
2025-07-18,37.9,39.39,37.7,39.13,476901.05
2025-07-21,39.0,39.54,38.75,38.92,239460.02
2025-07-22,38.81,39.45,38.58,38.86,216082.79
2025-07-23,38.72,38.81,38.04,38.12,221187.1
2025-07-24,38.2,39.99,38.2,39.99,482826.11
2025-07-25,39.8,41.3,39.49,40.61,431364.22
2025-07-28,40.36,42.21,40.36,41.77,558653.61
2025-07-29,41.57,43.08,41.31,42.87,421321.94
2025-07-30,42.88,43.5,42.24,42.48,385508.41
2025-07-31,42.25,42.93,41.66,42.36,368201.88
2025-08-01,42.35,42.35,41.0,41.26,270562.28
2025-08-04,41.23,42.42,41.23,41.76,255945.3
2025-08-05,41.88,41.99,41.14,41.25,227476.9
2025-08-06,41.25,42.5,41.22,41.84,286081.29
2025-08-07,41.85,41.96,41.3,41.69,166606.85
2025-08-08,41.6,41.84,41.33,41.38,119067.85
2025-08-11,41.51,42.56,41.2,41.51,198376.51
2025-08-12,41.51,41.54,40.5,40.84,262035.82
2025-08-13,40.83,41.19,40.64,40.79,227968.16
2025-08-14,40.81,40.9,39.25,39.49,385741.36
2025-08-15,39.49,39.74,39.34,39.44,255027.83
2025-08-18,39.7,40.24,39.7,39.75,264317.01
2025-08-19,39.77,39.8,38.99,39.01,284280.28
2025-08-20,39.0,39.75,38.87,39.45,242944.39
2025-08-21,39.54,40.21,39.47,39.68,308080.25
2025-08-22,39.68,40.83,39.31,40.81,357252.59
2025-08-25,41.18,41.65,40.68,41.45,362048.66
2025-08-26,41.45,41.45,40.5,40.78,268126.02
2025-08-27,40.76,40.76,39.66,39.66,332651.47
2025-08-28,39.51,40.28,38.81,40.23,303925.45
2025-08-29,40.5,40.7,39.77,40.37,298329.37
2025-09-01,40.39,40.61,39.36,40.23,381173.22
2025-09-02,40.15,40.16,39.0,39.74,315052.81
2025-09-03,39.68,40.1,37.8,38.28,462285.65
2025-09-04,38.0,38.0,36.66,37.24,314726.27
2025-09-05,37.24,37.66,36.91,37.43,200273.2
2025-09-08,37.41,37.84,37.22,37.58,182109.68
2025-09-09,37.54,38.1,37.09,37.22,162811.12
2025-09-10,37.22,37.67,36.78,37.18,197606.59
2025-09-11,37.12,38.26,36.91,37.79,248453.0
2025-09-12,37.77,38.44,37.66,37.82,213034.03
2025-09-15,37.75,38.12,37.41,37.48,124245.15
2025-09-16,37.43,37.48,36.9,37.05,131624.68
2025-09-17,37.05,37.19,36.77,37.05,137418.7
2025-09-18,37.04,37.98,36.67,36.95,248256.72
2025-09-19,36.98,38.69,36.9,38.05,357753.48
2025-09-22,38.0,38.01,37.31,37.61,157545.52
2025-09-23,37.74,38.7,37.43,37.93,237319.06
2025-09-24,37.7,38.39,37.55,38.12,181805.58
2025-09-25,38.0,38.06,37.2,37.49,232687.65
2025-09-26,37.48,40.18,37.41,39.6,563788.89
2025-09-29,39.61,40.7,39.05,40.36,398930.14
2025-09-30,40.35,42.61,40.12,42.18,582293.14
2025-10-09,41.7,42.71,41.35,42.59,367028.94
2025-10-10,43.0,43.19,42.0,42.1,322657.75
2025-10-13,41.24,43.02,41.08,42.98,392929.96
2025-10-14,43.25,44.8,42.49,42.51,472239.29
2025-10-15,42.45,42.68,41.7,42.4,292638.7
2025-10-16,42.88,43.2,41.85,41.96,238541.49
2025-10-17,41.85,42.43,39.99,40.34,313454.69
2025-10-20,41.05,41.2,39.88,40.19,199652.2
2025-10-21,40.17,40.49,39.98,40.1,151121.1
2025-10-22,40.1,40.11,39.4,39.51,138007.24
2025-10-23,39.59,39.67,38.78,39.12,129326.35
2025-10-24,39.68,40.9,39.57,40.05,282613.66
2025-10-27,40.1,40.34,39.4,39.8,273423.22
2025-10-28,39.8,40.68,39.6,40.05,216763.97
2025-10-29,39.98,40.28,39.76,39.91,162580.31
2025-10-30,39.8,40.15,39.28,39.62,172248.29
2025-10-31,39.39,40.03,39.07,39.08,179417.54
2025-11-03,39.02,39.29,38.54,38.93,155283.84
2025-11-04,38.79,39.48,38.13,38.36,169359.86
2025-11-05,38.12,38.8,38.01,38.59,113216.06
2025-11-06,38.49,40.39,38.48,39.66,312677.27
2025-11-07,39.55,39.57,38.97,39.18,165603.42
2025-11-10,39.19,39.78,38.7,39.6,166914.84
2025-11-11,39.6,39.88,38.8,38.9,188219.77
2025-11-12,38.8,38.98,37.65,38.11,215694.58
2025-11-13,37.88,38.26,37.81,38.08,115829.94
2025-11-14,38.14,38.38,37.7,37.71,157932.0
2025-11-17,38.39,38.59,37.38,37.53,251019.26
2025-11-18,37.55,37.75,37.22,37.41,122688.66
2025-11-19,37.38,37.94,37.34,37.59,134194.36
2025-11-20,37.47,37.69,36.9,37.03,127510.65
2025-11-21,36.83,37.13,36.21,36.56,184277.63
2025-11-24,36.65,37.75,36.65,37.68,208750.45
2025-11-25,37.58,37.58,37.13,37.31,127569.2
2025-11-26,37.15,37.25,36.92,37.21,118004.56
2025-11-27,37.05,37.32,37.05,37.18,87569.54
2025-11-28,37.24,37.37,36.93,37.18,94885.63
