date,open,high,low,close,volume
2010-01-04,13.31,13.35,12.99,13.02,186655.12
2010-01-05,13.16,13.46,13.02,13.35,332654.23
2010-01-06,13.38,13.72,13.35,13.36,322406.04
2010-01-07,13.46,13.63,13.0,13.05,269246.89
2010-01-08,13.03,13.05,12.73,12.89,236572.69
2010-01-11,13.47,13.59,13.0,13.03,307307.36
2010-01-12,13.05,13.17,12.76,13.16,269784.46
2010-01-13,12.88,12.9,12.39,12.46,512203.33
2010-01-14,12.61,12.64,12.33,12.53,278367.86
2010-01-15,12.4,12.54,12.35,12.43,252298.83
2010-01-18,12.35,12.51,12.34,12.47,174123.82
2010-01-19,12.52,12.71,12.46,12.52,236756.17
2010-01-20,12.57,12.61,11.97,12.01,374526.27
2010-01-21,12.05,12.12,11.55,11.74,426826.75
2010-01-22,11.53,11.58,11.21,11.44,433022.54
2010-01-25,11.35,11.61,11.32,11.43,165999.94
2010-01-26,11.47,11.53,11.12,11.17,182908.39
2010-01-27,11.16,11.43,11.04,11.21,188573.44
2010-01-28,11.23,11.35,11.1,11.24,141095.38
2010-01-29,11.2,11.35,11.13,11.19,159837.56
2010-02-01,11.06,11.16,10.74,10.83,203970.84
2010-02-02,10.98,11.07,10.79,10.83,191300.54
2010-02-03,10.95,11.41,10.68,11.32,325441.95
2010-02-04,11.17,11.23,11.03,11.1,176132.09
2010-02-05,10.83,10.83,10.67,10.75,235031.48
2010-02-08,10.77,10.86,10.64,10.72,114271.48
2010-02-09,10.71,10.85,10.67,10.84,106957.57
2010-02-10,10.97,11.07,10.93,11.02,118599.4
2010-02-11,11.04,11.11,10.98,11.09,130426.15
2010-02-12,11.12,11.21,11.1,11.18,126986.98
2010-02-22,11.2,11.3,11.02,11.04,139425.94
2010-02-23,11.05,11.05,10.66,10.8,199519.16
2010-02-24,10.69,10.91,10.64,10.9,253698.86
2010-02-25,10.97,11.05,10.91,11.04,281526.49
2010-02-26,10.98,11.02,10.92,10.96,169653.05
2010-03-01,10.99,11.14,10.94,11.09,211981.57
2010-03-02,11.03,11.03,10.84,10.91,250931.89
2010-03-03,10.88,11.0,10.79,10.97,174094.12
2010-03-04,10.96,11.05,10.79,10.8,195398.11
2010-03-05,10.83,10.88,10.74,10.83,131823.55
2010-03-08,10.91,11.03,10.87,10.97,160917.23
2010-03-09,10.98,11.23,10.83,11.09,245522.27
2010-03-10,11.09,11.11,10.89,10.96,149464.03
2010-03-11,11.02,11.07,10.87,10.96,134689.81
2010-03-12,10.98,11.08,10.91,10.93,139597.92
2010-03-15,10.86,10.86,10.65,10.69,194940.47
2010-03-16,10.67,10.72,10.47,10.56,234019.86
2010-03-17,10.62,10.73,10.54,10.72,209307.39
2010-03-18,10.74,10.84,10.69,10.76,173316.73
2010-03-19,10.76,10.87,10.66,10.84,184838.87
2010-03-22,10.86,10.94,10.82,10.86,206721.79
2010-03-23,10.9,10.93,10.79,10.81,158601.13
2010-03-24,10.84,10.94,10.74,10.75,141550.55
2010-03-25,10.71,10.71,10.52,10.6,152138.57
2010-03-26,10.6,10.76,10.52,10.7,192635.5
2010-03-29,10.8,11.12,10.75,11.04,456884.87
2010-03-30,11.06,11.17,10.98,11.14,298705.01
2010-03-31,11.14,11.14,10.94,10.98,186272.86
2010-04-01,11.02,11.18,11.02,11.1,194666.14
2010-04-02,11.19,11.27,11.15,11.22,247039.4
2010-04-06,11.35,11.49,11.23,11.34,345079.79
2010-04-07,11.34,11.34,11.18,11.22,177421.56
2010-04-08,11.17,11.18,10.95,10.97,205330.46
2010-04-09,11.01,11.11,10.98,11.09,154492.12
2010-04-12,11.13,11.16,10.97,10.99,150618.54
2010-04-13,11.03,11.28,10.97,11.28,306401.62
2010-04-14,11.3,11.38,11.19,11.24,214852.82
2010-04-15,11.29,11.38,11.23,11.3,221194.07
2010-04-16,11.32,11.37,11.05,11.11,166276.24
2010-04-19,10.95,10.95,10.47,10.54,352284.06
2010-04-20,10.53,10.62,10.35,10.5,189486.69
2010-04-21,10.52,10.71,10.39,10.71,228663.45
2010-04-22,10.6,10.62,10.38,10.48,191792.69
2010-04-23,10.48,10.71,10.44,10.45,225469.27
2010-04-26,10.52,10.57,10.37,10.41,146186.67
2010-04-27,10.4,10.4,9.95,10.09,287428.98
2010-04-28,10.05,10.14,9.9,10.0,174226.98
2010-04-29,10.09,10.14,9.95,9.95,136618.27
2010-04-30,9.99,10.08,9.79,10.07,243452.74
2010-05-04,9.88,10.06,9.87,9.9,111917.93
2010-05-05,9.83,9.85,9.58,9.8,224357.25
2010-05-06,9.69,9.73,9.16,9.23,277519.61
2010-05-07,9.08,9.12,8.85,8.98,240128.32
2010-05-10,9.04,9.19,9.0,9.17,195051.13
2010-05-11,9.37,9.41,9.02,9.03,229672.59
2010-05-12,9.04,9.1,8.88,9.07,161970.7
2010-05-13,9.09,9.37,9.07,9.31,239878.74
2010-05-14,9.25,9.35,9.2,9.29,131765.86
2010-05-17,9.11,9.11,8.86,8.86,200051.01
2010-05-18,8.9,9.21,8.85,9.11,158785.9
2010-05-19,9.04,9.21,8.93,9.08,145995.56
2010-05-20,9.02,9.2,8.98,9.05,142838.11
2010-05-21,8.81,9.19,8.7,9.13,187984.52
2010-05-24,9.19,9.52,9.16,9.46,272627.56
2010-05-25,9.38,9.38,9.06,9.15,192590.71
2010-05-26,9.14,9.23,9.06,9.12,105732.01
2010-05-27,9.12,9.32,8.99,9.28,212111.54
2010-05-28,9.42,9.45,9.2,9.24,152334.44
2010-05-31,9.14,9.28,8.99,9.0,119861.5
2010-06-01,8.92,9.05,8.8,8.87,144297.03
2010-06-02,8.87,8.97,8.77,8.94,86835.33
2010-06-03,8.97,9.06,8.87,8.94,126051.78
2010-06-04,8.86,8.99,8.86,8.97,79802.45
2010-06-07,8.81,8.86,8.72,8.76,96281.89
2010-06-08,8.78,8.85,8.66,8.71,106502.83
2010-06-09,8.74,8.93,8.67,8.9,140421.2
2010-06-10,8.84,8.89,8.78,8.8,94154.96
2010-06-11,8.85,8.95,8.84,8.87,125087.15
2010-06-17,8.97,8.99,8.86,8.86,91302.24
2010-06-18,8.87,8.91,8.74,8.77,91882.57
2010-06-21,8.85,9.22,8.78,9.17,232175.02
2010-06-22,9.11,9.18,9.07,9.1,120609.52
2010-06-23,9.04,9.08,8.89,8.93,128022.73
2010-06-24,8.94,9.09,8.89,8.95,86074.41
2010-06-25,8.92,8.97,8.84,8.92,66708.49
2010-06-28,8.9,8.9,8.76,8.79,92113.12
2010-06-29,8.82,8.86,8.38,8.41,187030.68
2010-06-30,8.41,8.45,8.24,8.35,119833.79
2010-07-01,8.29,8.39,8.23,8.25,72040.37
2010-07-02,8.31,8.33,7.98,8.24,146854.08
2010-07-05,8.2,8.2,7.95,8.08,104560.13
2010-07-06,8.03,8.24,8.02,8.22,123994.45
2010-07-07,8.2,8.32,8.2,8.3,105782.59
2010-07-08,8.37,8.37,8.27,8.28,90161.84
2010-07-09,8.29,8.82,8.22,8.64,216884.2
2010-07-12,8.64,8.75,8.56,8.68,112659.45
2010-07-13,8.54,8.54,8.38,8.48,109655.88
2010-07-14,8.53,8.66,8.52,8.55,98071.87
2010-07-15,8.58,8.65,8.43,8.44,84071.33
2010-07-16,8.41,8.47,8.33,8.45,79501.7
2010-07-19,8.34,8.77,8.3,8.73,221673.03
2010-07-20,8.73,8.95,8.71,8.89,242204.26
2010-07-21,8.9,8.98,8.82,8.88,205805.58
2010-07-22,8.81,8.99,8.81,8.96,167593.87
2010-07-23,9.0,9.06,8.93,9.05,207730.17
2010-07-26,9.05,9.17,8.93,9.02,225341.41
2010-07-27,9.0,9.02,8.88,8.91,158393.78
2010-07-28,8.92,9.38,8.88,9.29,271717.11
2010-07-29,9.3,9.41,9.25,9.35,293916.99
2010-07-30,9.31,9.33,9.19,9.25,169066.61
2010-08-02,9.23,9.45,9.21,9.38,169357.11
2010-08-03,9.41,9.58,9.19,9.21,300150.64
2010-08-04,9.23,9.35,9.07,9.28,243632.41
2010-08-05,9.26,9.29,9.11,9.12,155276.15
2010-08-06,9.11,9.31,9.06,9.28,148509.13
2010-08-09,9.29,9.36,9.22,9.34,139380.07
2010-08-10,9.35,9.36,9.01,9.03,191107.62
2010-08-11,9.01,9.1,8.91,8.96,105030.66
2010-08-12,8.91,8.95,8.73,8.75,144564.18
2010-08-13,8.73,8.88,8.7,8.85,133697.15
2010-08-16,8.85,9.39,8.8,9.32,304970.51
2010-08-17,9.3,9.66,9.28,9.56,436312.07
2010-08-18,9.56,9.6,9.41,9.51,206120.14
2010-08-19,9.73,10.11,9.73,10.02,678122.12
2010-08-20,9.88,9.97,9.6,9.67,414492.57
2010-08-23,9.68,9.79,9.56,9.64,153112.55
2010-08-24,9.58,9.78,9.37,9.54,241906.65
2010-08-25,9.49,9.54,9.23,9.27,213953.2
2010-08-26,9.42,9.47,9.27,9.31,171731.41
2010-08-27,9.3,9.3,9.08,9.24,144031.72
2010-08-30,9.31,9.56,9.31,9.5,200274.01
2010-08-31,9.43,9.44,9.26,9.33,200864.85
2010-09-01,9.33,9.47,9.19,9.25,237402.06
2010-09-02,9.37,9.4,9.25,9.29,203332.5
2010-09-03,9.33,9.37,9.14,9.21,194522.96
2010-09-06,9.26,9.57,9.26,9.53,328884.39
2010-09-07,9.54,9.61,9.35,9.47,177971.33
2010-09-08,9.45,9.45,9.3,9.44,161190.66
2010-09-09,9.45,9.45,9.22,9.24,178193.3
2010-09-10,9.27,9.35,9.12,9.23,156816.12
2010-09-13,9.26,9.38,9.14,9.3,148408.42
2010-09-14,9.35,9.36,9.21,9.23,144289.2
2010-09-15,9.21,9.22,9.02,9.03,129482.84
2010-09-16,9.04,9.11,8.83,8.9,138244.88
2010-09-17,8.94,8.96,8.81,8.85,112874.14
2010-09-20,8.85,8.94,8.71,8.77,109474.84
2010-09-21,8.78,8.86,8.74,8.79,98459.59
2010-09-27,8.8,8.98,8.8,8.94,104916.01
2010-09-28,8.9,8.91,8.79,8.82,93202.31
2010-09-29,8.78,9.14,8.77,9.06,216682.51
2010-09-30,9.0,9.21,9.0,9.2,166665.73
2010-10-08,9.54,10.1,9.39,10.05,781246.72
2010-10-11,10.26,10.87,10.26,10.69,929204.27
2010-10-12,10.52,11.18,10.42,10.94,678237.33
2010-10-13,10.83,10.9,10.52,10.72,435779.52
2010-10-14,10.83,11.0,10.63,10.73,581768.97
2010-10-15,10.64,11.18,10.56,11.09,778566.89
2010-10-18,11.1,11.24,10.81,10.94,743525.2
2010-10-19,10.95,11.38,10.87,11.35,539958.9
2010-10-20,10.98,11.91,10.78,11.45,929228.77
2010-10-21,11.47,11.78,11.31,11.45,491414.88
2010-10-22,11.39,11.83,11.16,11.26,706329.22
2010-10-25,11.31,11.8,11.17,11.7,666984.74
2010-10-26,11.8,12.03,11.53,11.68,541011.09
2010-10-27,11.61,11.61,11.31,11.31,393688.81
2010-10-28,11.22,11.34,11.07,11.1,349809.28
2010-10-29,11.1,11.24,11.03,11.14,227245.86
2010-11-01,11.17,11.62,11.15,11.52,450342.6
2010-11-02,11.57,11.57,11.14,11.17,445950.13
2010-11-03,11.14,11.21,10.94,11.01,354162.8
2010-11-04,11.13,11.41,11.13,11.2,286780.78
2010-11-05,11.55,11.62,11.39,11.43,365310.75
2010-11-08,11.49,11.54,11.3,11.43,230312.51
2010-11-09,11.41,11.41,11.24,11.32,287703.85
2010-11-10,11.34,11.34,11.04,11.12,259889.34
2010-11-11,11.2,11.58,11.2,11.39,488731.68
2010-11-12,11.32,11.51,10.58,10.64,564849.53
2010-11-15,10.71,10.74,10.3,10.41,312393.64
2010-11-16,10.4,10.45,9.7,9.79,392304.48
2010-11-17,9.66,9.93,9.59,9.74,299511.94
2010-11-18,9.84,9.91,9.66,9.83,226225.1
2010-11-19,9.89,9.93,9.47,9.82,277580.27
2010-11-22,9.69,9.83,9.65,9.71,239626.43
2010-11-23,9.72,9.72,9.31,9.49,251052.55
2010-11-24,9.41,9.74,9.41,9.66,217950.25
2010-11-25,9.82,9.83,9.56,9.75,245878.2
2010-11-26,9.7,10.0,9.67,9.8,302460.09
2010-11-29,9.79,9.79,9.59,9.62,188854.29
2010-11-30,9.62,9.73,9.27,9.43,244986.83
2010-12-01,9.38,9.46,9.35,9.4,109492.6
2010-12-02,9.58,9.62,9.41,9.42,218495.97
2010-12-03,9.43,9.43,9.27,9.37,172769.29
2010-12-06,9.42,9.49,9.34,9.45,166064.02
2010-12-07,9.42,9.66,9.23,9.56,200612.61
2010-12-08,9.51,9.55,9.39,9.42,197057.13
2010-12-09,9.35,9.41,9.25,9.27,159959.49
2010-12-10,9.25,9.44,9.22,9.36,174109.29
2010-12-13,9.4,9.68,9.35,9.68,322594.93
2010-12-14,9.7,9.77,9.61,9.68,193441.83
2010-12-15,9.7,10.0,9.69,9.81,341582.79
2010-12-16,9.85,10.02,9.74,9.78,205894.83
2010-12-17,9.77,9.77,9.67,9.7,115437.09
2010-12-20,9.71,9.81,9.31,9.47,204332.16
2010-12-21,9.7,10.2,9.68,10.04,524323.27
2010-12-22,10.13,10.16,9.75,9.82,300527.62
2010-12-23,9.9,10.01,9.81,9.86,240218.96
2010-12-24,9.78,9.83,9.67,9.75,158824.26
2010-12-27,9.74,10.19,9.69,9.76,477914.84
2010-12-28,9.62,9.71,9.4,9.41,259473.76
2010-12-29,9.46,9.5,9.3,9.42,161149.8
2010-12-30,9.47,9.54,9.27,9.36,192495.11
2010-12-31,9.4,9.64,9.35,9.63,236329.65
2011-01-04,9.82,9.98,9.76,9.81,367674.53
2011-01-05,9.66,9.85,9.63,9.84,214333.24
2011-01-06,9.84,9.97,9.69,9.7,165121.75
2011-01-07,9.71,9.82,9.56,9.63,219343.49
2011-01-10,9.62,9.74,9.46,9.48,169173.38
2011-01-11,9.47,9.61,9.45,9.61,160589.48
2011-01-12,9.66,9.71,9.58,9.68,208446.06
2011-01-13,9.74,9.78,9.62,9.71,198356.61
2011-01-14,9.62,9.7,9.43,9.47,190455.84
2011-01-17,9.41,9.53,9.23,9.23,221616.77
2011-01-18,9.22,9.27,9.16,9.24,117912.47
2011-01-19,9.28,9.4,9.2,9.38,170098.39
2011-01-20,9.36,9.36,9.0,9.02,195403.57
2011-01-21,8.96,9.19,8.91,9.04,188416.32
2011-01-24,9.08,9.09,8.89,8.93,138625.07
2011-01-25,8.96,9.0,8.89,8.93,138197.06
2011-01-26,8.95,9.03,8.91,9.0,98473.13
2011-01-27,8.94,9.17,8.89,9.13,185133.58
2011-01-28,9.11,9.15,9.03,9.08,125698.43
2011-01-31,9.11,9.26,9.09,9.25,143074.69
2011-02-01,9.31,9.35,9.19,9.28,111730.07
2011-02-09,9.28,9.3,9.1,9.14,148658.44
2011-02-10,9.11,9.33,9.11,9.29,123017.08
2011-02-11,9.29,9.37,9.26,9.32,150992.5
2011-02-14,9.35,9.74,9.34,9.7,336567.71
2011-02-15,9.72,9.89,9.67,9.69,311044.43
2011-02-16,9.68,9.82,9.56,9.81,286716.84
2011-02-17,9.83,9.86,9.69,9.81,245424.35
2011-02-18,9.79,9.8,9.62,9.63,174988.63
2011-02-21,9.61,9.8,9.58,9.77,166509.82
2011-02-22,9.89,10.03,9.68,9.7,396100.15
2011-02-23,9.68,9.88,9.6,9.84,275917.64
2011-02-24,9.87,10.19,9.87,10.05,394710.99
2011-02-28,10.12,10.15,9.94,10.05,234949.93
2011-03-01,10.03,10.06,9.86,9.97,287154.69
2011-03-02,9.93,10.17,9.93,10.09,311667.86
2011-03-03,10.16,10.16,9.89,9.91,263578.7
2011-03-04,9.91,10.09,9.81,10.05,245729.74
2011-03-07,10.23,11.05,10.23,11.05,952803.31
2011-03-08,11.45,11.52,11.08,11.3,1152198.86
2011-03-09,11.18,11.32,11.06,11.14,522081.15
2011-03-10,11.1,11.1,10.63,10.69,636788.24
2011-03-11,10.62,10.77,10.47,10.51,451721.42
2011-03-14,10.61,10.83,10.41,10.69,471535.78
2011-03-15,10.54,10.58,10.16,10.4,425208.89
2011-03-16,10.45,10.94,10.43,10.86,705702.24
2011-03-17,10.78,11.37,10.65,10.94,820450.58
2011-03-18,11.22,11.28,10.94,11.06,433375.47
2011-03-21,11.12,11.38,10.9,11.01,404500.55
2011-03-22,11.06,11.11,10.74,10.98,275198.5
2011-03-23,11.02,11.27,10.94,11.2,291223.73
2011-03-24,11.23,11.28,11.08,11.09,221824.6
2011-03-25,11.12,11.49,11.02,11.37,569421.02
2011-03-28,11.38,11.89,11.38,11.53,583590.66
2011-03-29,11.48,11.7,11.27,11.32,337368.95
2011-03-30,11.33,11.5,11.12,11.29,308357.98
2011-03-31,11.28,11.51,11.18,11.33,202680.25
2011-04-01,11.41,11.61,11.11,11.54,375324.97
2011-04-06,11.48,11.76,11.43,11.61,506128.29
2011-04-07,11.64,11.72,11.52,11.54,217295.2
2011-04-08,11.57,11.77,11.57,11.66,277251.87
2011-04-11,11.75,12.51,11.75,12.03,835704.68
2011-04-12,11.92,12.22,11.84,11.9,373132.34
2011-04-13,11.8,12.13,11.61,12.08,378490.3
2011-04-14,12.04,12.07,11.74,11.93,240743.23
2011-04-15,11.8,12.08,11.69,11.85,262447.31
2011-04-18,11.75,12.1,11.68,11.98,251412.42
2011-04-19,11.84,11.84,11.41,11.42,317983.95
2011-04-20,11.57,11.63,11.45,11.47,231061.12
2011-04-21,11.61,11.76,11.54,11.74,177598.19
2011-04-22,11.71,11.73,11.49,11.59,127891.9
2011-04-25,11.5,11.59,11.19,11.22,200629.26
2011-04-26,11.22,11.37,11.17,11.21,149871.44
2011-04-27,11.3,11.48,11.26,11.32,185661.34
2011-04-28,11.46,11.67,11.36,11.39,312377.51
2011-04-29,11.42,11.61,11.22,11.55,264244.44
2011-05-03,11.52,11.69,11.43,11.61,194669.42
2011-05-04,11.48,11.48,10.85,10.95,406362.15
2011-05-05,10.95,11.02,10.84,10.92,156335.47
2011-05-06,10.64,10.92,10.49,10.75,281878.7
2011-05-09,10.75,10.94,10.73,10.83,163895.85
2011-05-10,10.89,11.04,10.88,10.94,129467.81
2011-05-11,11.03,11.04,10.83,10.9,108762.13
2011-05-12,10.75,10.86,10.64,10.7,117337.89
2011-05-13,10.79,10.95,10.75,10.94,159147.27
2011-05-16,10.91,11.06,10.74,10.77,116529.66
2011-05-17,10.78,11.3,10.76,11.01,207437.34
2011-05-18,10.97,11.22,10.93,11.11,135178.82
2011-05-19,11.16,11.25,11.0,11.05,119657.08
2011-05-20,11.05,11.15,10.97,11.11,96709.41
2011-05-23,11.07,11.15,10.74,10.76,127400.45
2011-05-24,10.68,10.86,10.68,10.74,120964.15
2011-05-25,10.73,10.87,10.56,10.65,124294.04
2011-05-26,10.78,10.83,10.62,10.66,83551.28
2011-05-30,10.92,11.02,10.81,10.84,250844.82
2011-05-31,10.77,11.11,10.77,11.05,304697.83
2011-06-01,11.04,11.27,10.99,11.14,286921.39
2011-06-02,10.95,11.28,10.87,11.25,326850.02
2011-06-03,11.2,11.31,11.11,11.13,184611.69
2011-06-07,11.02,11.1,10.83,11.04,157682.11
2011-06-08,11.0,11.13,10.92,11.09,107297.95
2011-06-09,11.1,11.2,10.96,10.97,138862.53
2011-06-10,11.04,11.05,10.75,10.99,160718.32
2011-06-13,10.92,11.01,10.75,10.93,110309.96
2011-06-14,10.9,11.29,10.83,11.23,188682.04
2011-06-15,11.21,11.55,11.17,11.4,213987.69
2011-06-16,11.28,11.43,11.22,11.27,120600.55
2011-06-17,11.33,11.41,11.16,11.18,159228.87
2011-06-20,11.08,11.31,11.08,11.21,123904.08
2011-06-21,11.31,11.59,11.23,11.54,243101.37
2011-06-22,11.55,11.63,11.48,11.53,181980.5
2011-06-23,11.55,11.94,11.53,11.86,328872.08
2011-06-24,11.77,12.03,11.76,11.86,331758.55
2011-06-27,11.87,11.94,11.75,11.87,193771.41
2011-06-28,11.91,11.91,11.61,11.81,142205.62
2011-06-29,11.83,11.97,11.7,11.75,169845.45
2011-06-30,11.76,12.24,11.76,12.07,330527.05
2011-07-01,12.07,12.47,12.05,12.37,447845.84
2011-07-04,12.57,12.69,12.38,12.44,407442.52
2011-07-05,12.45,12.67,12.25,12.65,329425.2
2011-07-06,12.79,13.0,12.42,12.44,637138.68
2011-07-07,12.43,12.6,12.25,12.29,343697.31
2011-07-08,12.31,12.61,12.31,12.58,260610.33
2011-07-11,12.47,12.49,12.31,12.37,206871.66
2011-07-12,12.14,12.21,11.88,11.92,360117.78
2011-07-13,11.95,12.24,11.95,12.12,249719.63
2011-07-14,12.21,12.48,12.12,12.17,263122.66
2011-07-15,12.1,12.22,11.93,12.17,185832.28
2011-07-18,12.11,12.17,11.99,12.08,175083.12
2011-07-19,11.99,12.13,11.86,12.0,172579.11
2011-07-20,12.1,12.15,11.76,11.86,150315.21
2011-07-21,11.92,11.97,11.75,11.76,117136.64
2011-07-22,11.84,12.11,11.84,12.0,210646.05
2011-07-25,11.94,12.15,11.85,11.89,237939.81
2011-07-26,11.9,11.93,11.61,11.87,123175.37
2011-07-27,11.75,12.08,11.68,12.02,141391.01
2011-07-28,11.86,12.25,11.84,12.17,254687.89
2011-07-29,12.12,12.2,11.81,11.89,161797.98
2011-08-01,11.96,12.1,11.86,11.91,127876.69
2011-08-02,11.82,11.91,11.65,11.88,140744.0
2011-08-03,11.71,12.0,11.69,11.81,122707.41
2011-08-04,11.81,11.95,11.79,11.85,84487.82
2011-08-05,11.41,11.61,11.37,11.52,300817.01
2011-08-08,11.35,11.52,10.89,10.97,292906.62
2011-08-09,10.53,10.99,10.4,10.97,379672.57
2011-08-10,11.17,11.21,10.95,10.98,206436.21
2011-08-11,10.83,11.13,10.83,11.1,182114.27
2011-08-12,11.13,11.24,11.02,11.07,117530.71
2011-08-15,11.16,11.19,10.91,11.18,163612.68
2011-08-16,11.17,11.2,11.06,11.08,111201.3
2011-08-17,11.07,11.17,10.89,10.93,158298.63
2011-08-18,10.91,10.94,10.41,10.44,371165.8
2011-08-19,10.2,10.29,10.01,10.25,382253.93
2011-08-22,10.18,10.31,10.01,10.11,179452.8
2011-08-23,10.18,10.29,10.04,10.25,130467.73
2011-08-24,10.35,10.41,10.22,10.25,163568.68
2011-08-25,10.29,10.85,10.26,10.79,279228.6
2011-08-26,10.72,10.81,10.67,10.75,146692.87
2011-08-29,10.72,10.75,10.57,10.63,170057.13
2011-08-30,10.77,10.95,10.65,10.68,166458.14
2011-08-31,10.69,10.8,10.55,10.79,130122.62
2011-09-01,10.8,10.93,10.72,10.78,107182.3
2011-09-02,10.77,10.82,10.53,10.6,99519.32
2011-09-05,10.46,10.47,10.17,10.26,177977.93
2011-09-06,10.11,10.29,10.05,10.27,125929.34
2011-09-07,10.31,10.53,10.25,10.51,116721.8
2011-09-08,10.59,10.61,10.39,10.42,85563.37
2011-09-09,10.48,10.69,10.25,10.33,151958.27
2011-09-13,10.2,10.27,10.13,10.2,72669.22
2011-09-14,10.29,10.32,10.05,10.27,114086.61
2011-09-15,10.25,10.32,10.17,10.17,91350.35
2011-09-16,10.25,10.41,10.21,10.3,146049.44
2011-09-19,10.21,10.23,10.07,10.09,123165.92
2011-09-20,10.05,10.23,10.05,10.15,107101.15
2011-09-21,10.13,10.74,10.12,10.65,244036.72
2011-09-22,10.49,10.54,10.27,10.29,167595.5
2011-09-23,10.09,10.4,10.04,10.35,170888.02
2011-09-26,10.19,10.46,10.12,10.22,118964.61
2011-09-27,10.36,10.54,10.27,10.44,159728.61
2011-09-28,10.55,10.59,10.33,10.39,197187.93
2011-09-29,10.32,10.45,10.29,10.39,139423.24
2011-09-30,10.39,10.43,10.09,10.15,216393.39
2011-10-10,10.19,10.27,10.09,10.12,96473.41
2011-10-11,10.4,10.45,9.45,9.69,352478.37
2011-10-12,9.62,10.09,9.44,9.99,288703.2
2011-10-13,9.97,10.07,9.86,10.05,169858.86
2011-10-14,10.05,10.16,10.0,10.11,101951.71
2011-10-17,10.17,10.42,10.17,10.31,164735.64
2011-10-18,10.22,10.29,9.99,10.02,94605.9
2011-10-19,10.1,10.22,10.05,10.11,119799.29
2011-10-20,10.02,10.09,9.69,9.9,171120.86
2011-10-21,9.91,9.97,9.73,9.82,67395.95
2011-10-24,9.89,10.24,9.83,10.15,127371.69
2011-10-25,10.2,10.51,10.11,10.42,193522.12
2011-10-26,10.37,10.61,10.37,10.46,221044.98
2011-10-27,10.49,10.59,10.42,10.57,142874.56
2011-10-28,10.72,11.04,10.72,10.89,300561.56
2011-10-31,10.93,10.93,10.74,10.8,112629.54
2011-11-01,10.69,10.87,10.64,10.73,147686.79
2011-11-02,10.59,10.93,10.53,10.89,150322.03
2011-11-03,10.9,11.02,10.87,10.9,227007.46
2011-11-04,11.01,11.06,10.88,10.92,165414.25
2011-11-07,10.81,10.99,10.75,10.88,109896.44
2011-11-08,10.94,11.07,10.88,10.99,147159.38
2011-11-09,11.05,11.15,10.92,11.05,126549.28
2011-11-10,10.92,10.97,10.77,10.79,110077.1
2011-11-11,10.89,10.93,10.77,10.83,73113.5
2011-11-14,10.96,11.28,10.93,11.27,270022.28
2011-11-15,11.27,11.56,11.23,11.39,234503.94
2011-11-16,11.38,11.4,10.9,10.97,180619.35
2011-11-17,11.02,11.09,10.88,10.97,100826.5
2011-11-18,10.87,10.88,10.53,10.66,138346.95
2011-11-21,10.66,10.69,10.32,10.5,204069.74
2011-11-22,10.39,10.51,10.29,10.43,118103.49
2011-11-23,10.47,10.49,10.17,10.24,164379.84
2011-11-24,10.15,10.35,10.13,10.32,127607.79
2011-11-25,10.28,10.35,10.18,10.23,84973.92
2011-11-28,10.29,10.43,10.25,10.33,86339.81
2011-11-29,10.45,10.51,10.34,10.47,88686.32
2011-11-30,10.4,10.44,10.1,10.17,167272.08
2011-12-01,10.41,10.65,10.39,10.43,230716.52
2011-12-02,10.38,10.42,10.21,10.25,89211.39
2011-12-05,10.29,10.37,10.17,10.23,99196.07
2011-12-06,10.22,10.31,10.11,10.25,114281.63
2011-12-07,10.25,10.34,10.2,10.31,83372.7
2011-12-08,10.29,10.4,10.21,10.32,79624.68
2011-12-09,10.26,10.29,10.17,10.21,84176.18
2011-12-12,10.21,10.21,10.07,10.11,75355.66
2011-12-13,10.09,10.15,10.0,10.02,121667.68
2011-12-14,10.03,10.08,9.95,9.97,69108.38
2011-12-15,9.87,9.95,9.57,9.63,121671.68
2011-12-16,9.67,9.83,9.6,9.79,92097.44
2011-12-19,9.69,9.81,9.45,9.75,90671.73
2011-12-20,9.71,9.89,9.62,9.71,98995.06
2011-12-21,9.85,9.89,9.69,9.71,93789.65
2011-12-22,9.61,9.89,9.61,9.85,100040.61
2011-12-23,9.83,10.03,9.83,9.97,98667.44
2011-12-26,9.91,9.99,9.8,9.83,46804.99
2011-12-27,9.89,9.98,9.8,9.81,58919.21
2011-12-28,9.82,9.95,9.67,9.87,88707.91
2011-12-29,9.84,9.99,9.81,9.97,81631.16
2011-12-30,9.98,10.17,9.95,10.14,84769.76
2012-01-04,10.2,10.26,9.79,9.85,121256.25
2012-01-05,9.8,9.95,9.69,9.73,101136.56
2012-01-06,9.73,9.79,9.64,9.72,78069.34
2012-01-09,9.73,10.43,9.66,10.41,304669.62
2012-01-10,10.45,10.77,10.37,10.71,283403.78
2012-01-11,10.69,10.8,10.54,10.61,199431.37
2012-01-12,10.57,10.81,10.5,10.61,144312.78
2012-01-13,10.69,10.72,10.46,10.54,147468.18
2012-01-16,10.45,10.66,10.37,10.42,142499.17
2012-01-17,10.43,11.05,10.29,10.96,248515.0
2012-01-18,10.89,11.01,10.72,10.76,160649.3
2012-01-19,10.8,11.0,10.71,10.85,146676.17
2012-01-20,10.89,11.15,10.84,11.0,161655.86
2012-01-30,11.01,11.02,10.65,10.68,116714.44
2012-01-31,10.77,10.81,10.66,10.75,128134.87
2012-02-01,10.73,10.91,10.61,10.64,109475.46
2012-02-02,10.72,10.92,10.66,10.91,142575.28
2012-02-03,10.85,10.99,10.8,10.95,96216.88
2012-02-06,11.01,11.14,10.83,10.95,150684.96
2012-02-07,10.86,10.92,10.69,10.77,107645.7
2012-02-08,10.77,11.23,10.75,11.06,204498.54
2012-02-09,11.02,11.08,10.95,11.02,160005.38
2012-02-10,10.93,11.08,10.87,10.99,129121.72
2012-02-13,10.91,11.06,10.82,10.87,116358.26
2012-02-14,10.91,10.91,10.78,10.87,105603.02
2012-02-15,10.86,10.97,10.79,10.93,126174.76
2012-02-16,10.89,10.91,10.77,10.85,126352.62
2012-02-17,10.93,10.96,10.79,10.85,101526.02
2012-02-20,10.94,11.05,10.88,10.9,155668.84
2012-02-21,10.93,10.96,10.82,10.95,91403.09
2012-02-22,10.95,11.05,10.88,11.03,153180.38
2012-02-23,11.03,11.16,10.98,11.11,168853.0
2012-02-24,11.15,11.36,11.11,11.26,236626.16
2012-02-27,11.32,11.47,11.21,11.21,211733.68
2012-02-28,11.21,11.3,11.12,11.17,169573.18
2012-02-29,11.15,11.15,11.01,11.05,122218.92
2012-03-01,11.02,11.07,10.99,11.01,100515.1
2012-03-02,11.07,11.23,11.06,11.13,152566.6
2012-03-05,11.15,11.28,11.04,11.07,140992.5
2012-03-06,11.05,11.1,10.75,10.77,159702.92
2012-03-07,10.67,10.77,10.59,10.62,140162.48
2012-03-08,10.69,10.76,10.65,10.71,109719.05
2012-03-09,10.76,10.89,10.73,10.84,180055.71
2012-03-12,10.88,10.88,10.62,10.72,150455.66
2012-03-13,10.71,10.89,10.63,10.87,171321.21
2012-03-14,10.89,10.93,10.45,10.55,305953.07
2012-03-15,10.57,10.69,10.4,10.48,156143.73
2012-03-16,10.49,10.57,10.34,10.53,146628.52
2012-03-19,10.46,10.55,10.4,10.52,139105.63
2012-03-20,10.57,10.64,10.4,10.42,189341.3
2012-03-21,10.47,10.59,10.42,10.53,134458.29
2012-03-22,10.55,10.56,10.42,10.45,82890.61
2012-03-23,10.45,10.49,10.33,10.37,89624.37
2012-03-26,10.41,10.5,10.37,10.49,125884.71
2012-03-27,10.54,10.55,10.49,10.51,71457.96
2012-03-28,10.45,10.53,10.16,10.21,129091.51
2012-03-29,10.21,10.27,10.09,10.11,101453.17
2012-03-30,10.13,10.31,10.13,10.25,133164.35
2012-04-05,10.19,10.41,10.09,10.37,157795.1
2012-04-06,10.33,10.44,10.24,10.41,128621.24
2012-04-09,10.29,10.33,10.21,10.22,109588.07
2012-04-10,10.22,10.31,10.14,10.29,71773.9
2012-04-11,10.22,10.35,10.17,10.27,76379.25
2012-04-12,10.27,10.54,10.26,10.51,192109.47
2012-04-13,10.51,10.64,10.47,10.59,143076.95
2012-04-16,10.53,10.63,10.47,10.56,91817.33
2012-04-17,10.54,10.57,10.33,10.37,114126.53
2012-04-18,10.41,10.65,10.37,10.62,153190.79
2012-04-19,10.62,10.74,10.58,10.67,130510.84
2012-04-20,10.69,10.75,10.61,10.71,104298.89
2012-04-23,10.69,10.71,10.55,10.57,112177.06
2012-04-24,10.58,10.84,10.41,10.58,204065.18
2012-04-25,10.55,10.73,10.51,10.65,144335.05
2012-04-26,10.66,10.79,10.61,10.73,142632.74
2012-04-27,10.71,10.8,10.67,10.77,118009.62
2012-05-02,10.87,11.17,10.8,11.06,354895.58
2012-05-03,11.05,11.13,10.97,11.03,232209.69
2012-05-04,11.01,11.13,10.93,11.09,189757.27
2012-05-07,11.03,11.03,10.83,10.93,325437.7
2012-05-08,10.91,10.99,10.85,10.93,182248.69
2012-05-09,10.86,10.87,10.72,10.79,162631.38
2012-05-10,10.78,10.82,10.72,10.77,80949.44
2012-05-11,10.74,10.81,10.6,10.61,138823.53
2012-05-14,10.66,10.69,10.5,10.52,132354.28
2012-05-15,10.43,10.48,10.36,10.39,185837.22
2012-05-16,10.37,10.38,10.27,10.28,124304.94
2012-05-17,10.29,10.44,10.29,10.41,90073.86
2012-05-18,10.35,10.37,10.23,10.27,102508.11
2012-05-21,10.28,10.49,10.27,10.41,132279.33
2012-05-22,10.48,10.59,10.4,10.51,184038.97
2012-05-23,10.46,10.51,10.35,10.38,86203.67
2012-05-24,10.45,10.61,10.38,10.4,174662.83
2012-05-28,10.27,10.57,10.25,10.55,166187.69
2012-05-29,10.55,10.73,10.55,10.68,155890.91
2012-05-30,10.69,10.71,10.53,10.58,96947.47
2012-05-31,10.47,10.51,10.38,10.41,143274.84
2012-06-01,10.41,10.51,10.29,10.37,115683.44
2012-06-04,10.24,10.24,10.08,10.09,235534.94
2012-06-05,10.11,10.29,10.11,10.16,168115.55
2012-06-06,10.16,10.21,10.0,10.03,140658.04
2012-06-07,10.09,10.12,9.91,9.94,173810.11
2012-06-08,10.01,10.02,9.9,9.97,154871.57
2012-06-11,10.02,10.07,9.84,10.04,108402.25
2012-06-12,9.95,9.96,9.78,9.8,97737.28
2012-06-13,9.85,9.88,9.71,9.88,120423.11
2012-06-14,9.8,9.83,9.7,9.75,110438.01
2012-06-15,9.79,9.89,9.7,9.89,132379.29
2012-06-18,9.91,10.07,9.88,9.99,142517.44
2012-06-19,9.97,10.0,9.9,9.91,63101.32
2012-06-20,9.93,10.0,9.88,9.93,59002.37
2012-06-21,9.89,9.89,9.7,9.71,96329.17
2012-06-25,9.63,9.64,9.39,9.39,183020.23
2012-06-26,9.36,9.36,9.2,9.32,120744.9
2012-06-27,9.29,9.34,9.21,9.25,85826.91
2012-06-28,9.25,9.3,9.14,9.16,84565.64
2012-06-29,9.13,9.36,9.09,9.34,111885.12
2012-07-02,9.5,9.5,9.12,9.18,181354.96
2012-07-03,9.22,9.24,9.05,9.18,141602.74
2012-07-04,9.23,9.34,9.23,9.3,175549.68
2012-07-05,9.23,9.3,9.07,9.21,114904.84
2012-07-06,9.22,9.45,9.19,9.39,118446.11
2012-07-09,9.29,9.41,9.06,9.08,159796.09
2012-07-10,9.08,9.13,9.02,9.07,79585.99
2012-07-11,9.05,9.19,9.03,9.18,80321.63
2012-07-12,9.14,9.59,9.09,9.48,257404.1
2012-07-13,9.47,9.52,9.34,9.4,95557.84
2012-07-16,9.39,9.45,9.34,9.34,81015.99
2012-07-17,9.35,9.49,9.35,9.43,96757.57
2012-07-18,9.43,9.49,9.3,9.46,79484.69
2012-07-19,9.45,9.49,9.4,9.41,67464.6
2012-07-20,9.41,9.43,9.24,9.24,66523.32
2012-07-23,9.19,9.19,9.09,9.12,47442.99
2012-07-24,9.11,9.18,9.09,9.12,66278.04
2012-07-25,9.13,9.14,9.0,9.0,60898.28
2012-07-26,9.0,9.05,8.97,8.99,66294.8
2012-07-27,9.02,9.1,8.98,9.02,115471.2
2012-07-30,9.01,9.21,9.01,9.13,107126.32
2012-07-31,9.14,9.26,9.12,9.21,81982.07
2012-08-01,9.26,9.33,9.18,9.27,64251.01
2012-08-02,9.26,9.28,9.13,9.16,76541.19
2012-08-03,9.14,9.39,9.14,9.32,89789.47
2012-08-06,9.3,9.48,9.3,9.41,115367.01
2012-08-07,9.4,9.46,9.33,9.41,61406.73
2012-08-08,9.45,9.53,9.4,9.42,86370.74
2012-08-09,9.41,9.46,9.37,9.45,60177.7
2012-08-10,9.42,9.45,9.29,9.34,74952.23
2012-08-13,9.33,9.41,9.21,9.29,81135.2
2012-08-14,9.29,9.41,9.27,9.36,50641.82
2012-08-15,9.34,9.36,9.17,9.21,55024.15
2012-08-16,9.23,9.24,9.17,9.19,27624.47
2012-08-17,9.19,9.23,9.16,9.2,52776.35
2012-08-20,9.15,9.2,9.09,9.18,46407.29
2012-08-21,9.17,9.26,9.14,9.2,50214.06
2012-08-22,9.19,9.23,9.12,9.19,50416.44
2012-08-23,9.21,9.29,9.19,9.26,62479.35
2012-08-24,9.24,9.28,9.09,9.11,58914.73
2012-08-27,9.16,9.18,8.86,8.87,90857.96
2012-08-28,8.86,9.04,8.85,8.94,62738.51
2012-08-29,8.91,9.07,8.87,8.9,75792.21
2012-08-30,8.8,8.97,8.8,8.94,62549.35
2012-08-31,8.92,9.09,8.8,8.91,79316.39
2012-09-03,8.94,9.07,8.92,8.98,83230.51
2012-09-04,8.97,9.06,8.84,8.9,82479.19
2012-09-05,8.85,8.9,8.69,8.74,74724.0
2012-09-06,8.82,8.93,8.8,8.93,83421.87
2012-09-07,8.99,9.59,8.97,9.34,285267.25
2012-09-10,9.36,9.45,9.3,9.36,112081.26
2012-09-11,9.33,9.33,9.16,9.3,66805.63
2012-09-12,9.38,9.43,9.22,9.39,87550.26
2012-09-13,9.36,9.44,9.34,9.36,71794.38
2012-09-14,9.51,9.61,9.41,9.54,208989.47
2012-09-17,9.53,9.53,9.29,9.3,97244.52
2012-09-18,9.29,9.29,9.12,9.12,69367.74
2012-09-19,9.07,9.13,8.99,9.09,80644.27
2012-09-20,9.05,9.06,8.82,8.84,78539.47
2012-09-21,8.84,9.04,8.83,8.98,73036.15
2012-09-24,8.89,9.1,8.77,9.02,72228.81
2012-09-25,8.97,9.08,8.93,9.06,66064.54
2012-09-26,9.06,9.1,8.98,9.02,66050.22
2012-09-27,9.0,9.53,8.98,9.35,149227.06
2012-09-28,9.21,9.58,9.21,9.56,237338.25
2012-10-08,9.53,9.58,9.31,9.41,70770.8
2012-10-09,9.47,9.7,9.46,9.55,132574.88
2012-10-10,9.54,9.59,9.5,9.53,53885.75
2012-10-11,9.49,9.51,9.38,9.42,75964.8
2012-10-12,9.47,9.57,9.36,9.5,79221.64
2012-10-15,9.46,9.52,9.39,9.46,41181.78
2012-10-16,9.47,9.52,9.34,9.39,70686.81
2012-10-17,9.42,9.66,9.34,9.55,157936.34
2012-10-18,9.57,9.75,9.57,9.73,168891.58
2012-10-19,9.7,9.79,9.67,9.68,63558.26
2012-10-22,9.66,9.81,9.61,9.77,85351.96
2012-10-23,9.75,9.78,9.59,9.62,56383.1
2012-10-24,9.55,9.69,9.53,9.66,55951.4
2012-10-25,9.64,9.69,9.56,9.61,48311.27
2012-10-26,9.63,9.66,9.44,9.47,70520.93
2012-10-29,9.45,9.55,9.33,9.39,56620.37
2012-10-30,9.41,9.56,9.39,9.46,58830.23
2012-10-31,9.45,9.58,9.43,9.55,60317.16
2012-11-01,9.56,9.76,9.55,9.66,62558.59
2012-11-02,9.68,9.75,9.63,9.69,61174.25
2012-11-05,9.68,9.83,9.68,9.7,80087.97
2012-11-06,9.7,9.74,9.51,9.66,59309.88
2012-11-07,9.66,9.71,9.55,9.63,37839.49
2012-11-08,9.55,9.58,9.38,9.41,57482.46
2012-11-09,9.42,9.44,9.37,9.41,33294.57
2012-11-12,9.44,9.53,9.41,9.47,36337.8
2012-11-13,9.5,9.5,9.31,9.31,42473.6
2012-11-14,9.31,9.41,9.31,9.39,36297.84
2012-11-15,9.33,9.36,9.17,9.18,44840.91
2012-11-16,9.17,9.22,8.95,9.02,55067.16
2012-11-19,9.02,9.08,9.0,9.03,34270.27
2012-11-20,9.06,9.09,8.87,8.87,53611.91
2012-11-21,8.89,9.04,8.86,9.0,53589.38
2012-11-22,8.97,9.01,8.87,8.93,51924.26
2012-11-23,8.99,9.07,8.93,9.02,87667.38
2012-11-26,8.99,9.04,8.94,8.97,50433.62
2012-11-27,8.93,9.05,8.88,8.98,74617.5
2012-11-28,8.97,9.03,8.94,9.03,81443.29
2012-11-29,9.03,9.07,8.96,9.01,60590.87
2012-11-30,9.0,9.09,8.96,9.02,72329.26
2012-12-03,9.04,9.05,8.89,8.9,61892.1
2012-12-04,8.9,9.04,8.9,8.96,89303.79
2012-12-05,8.97,9.34,8.87,9.17,196641.9
2012-12-06,9.17,9.21,9.1,9.18,110093.82
2012-12-07,9.24,9.51,9.18,9.43,206732.87
2012-12-10,9.48,9.53,9.4,9.45,139107.79
2012-12-11,9.43,9.53,9.33,9.42,114594.25
2012-12-12,9.42,9.48,9.36,9.42,94389.88
2012-12-13,9.41,9.42,9.29,9.36,85359.11
2012-12-14,9.41,9.68,9.36,9.67,278942.21
2012-12-17,9.65,10.05,9.63,9.7,345977.78
2012-12-18,9.7,9.88,9.64,9.72,190077.99
2012-12-19,9.72,9.91,9.7,9.83,157004.5
2012-12-20,9.78,9.87,9.68,9.78,151220.67
2012-12-21,9.83,9.99,9.66,9.68,218179.92
2012-12-24,9.69,9.81,9.63,9.69,118917.06
2012-12-25,9.68,10.04,9.58,9.96,263440.17
2012-12-26,9.94,10.09,9.91,10.01,194005.41
2012-12-27,10.06,10.24,10.03,10.16,252643.59
2012-12-28,10.23,10.35,10.15,10.32,210441.68
2012-12-31,10.32,10.56,10.31,10.53,242945.81
2013-01-04,10.63,10.67,10.29,10.45,239877.47
2013-01-07,10.44,10.58,10.34,10.45,146723.85
2013-01-08,10.39,10.42,10.18,10.38,123821.25
2013-01-09,10.34,10.54,10.32,10.53,132262.71
2013-01-10,10.51,10.52,10.24,10.33,159836.5
2013-01-11,10.34,10.37,10.05,10.11,171125.39
2013-01-14,10.11,10.43,10.07,10.36,220948.17
2013-01-15,10.34,10.39,10.27,10.3,236746.87
2013-01-16,10.3,10.41,10.15,10.19,245117.0
2013-01-17,10.19,10.22,10.01,10.09,146733.97
2013-01-18,10.19,10.33,10.1,10.26,142689.63
2013-01-21,10.28,10.4,10.13,10.31,206728.14
2013-01-22,10.29,10.29,10.1,10.13,183685.62
2013-01-23,10.09,10.13,9.97,10.02,156122.55
2013-01-24,10.01,10.17,9.83,9.88,222876.22
2013-01-25,9.95,9.97,9.86,9.91,113195.54
2013-01-28,9.97,10.08,9.95,10.05,160479.34
2013-01-29,10.05,10.11,9.92,10.02,230803.66
2013-01-30,10.04,10.1,9.99,10.08,242128.67
2013-01-31,10.07,10.26,10.05,10.19,257903.18
2013-02-01,10.22,10.26,10.13,10.22,220681.76
2013-02-04,10.26,10.49,10.22,10.35,366241.57
2013-02-05,10.34,10.5,10.3,10.42,315370.01
2013-02-06,10.42,10.42,10.3,10.33,145347.98
2013-02-07,10.32,10.37,10.2,10.27,167105.4
2013-02-08,10.27,10.38,10.27,10.32,141774.75
2013-02-18,10.34,10.35,10.03,10.06,211021.52
2013-02-19,10.06,10.11,9.92,9.94,186390.22
2013-02-20,9.93,10.04,9.93,9.97,149896.54
2013-02-21,9.88,9.88,9.46,9.52,361194.12
2013-02-22,9.54,9.55,9.39,9.45,202590.27
2013-02-25,9.49,9.5,9.38,9.41,115099.58
2013-02-26,9.32,9.4,9.25,9.25,196711.84
2013-02-27,9.29,9.38,9.26,9.35,119173.85
2013-02-28,9.42,9.55,9.32,9.53,195265.2
2013-03-01,9.51,9.53,9.27,9.4,179881.86
2013-03-04,9.32,9.46,9.09,9.12,269443.83
2013-03-05,9.17,9.2,9.08,9.16,198148.17
2013-03-06,9.22,9.23,9.12,9.2,181175.52
2013-03-07,9.16,9.38,9.09,9.26,280963.74
2013-03-08,9.24,9.38,9.17,9.27,174107.67
2013-03-11,9.26,9.26,9.12,9.18,146405.44
2013-03-12,9.18,9.28,9.09,9.13,171086.53
2013-03-13,9.13,9.2,9.02,9.06,146981.18
2013-03-14,9.03,9.11,8.97,9.02,145410.81
2013-03-15,9.02,9.17,8.93,9.07,201535.1
2013-03-18,9.04,9.1,8.97,8.98,106993.7
2013-03-19,9.02,9.09,8.98,9.06,98102.81
2013-03-20,9.06,9.2,9.03,9.19,179928.21
2013-03-21,9.2,9.22,9.12,9.16,133209.71
2013-03-22,9.14,9.19,9.12,9.16,104676.98
2013-03-25,9.29,9.31,9.17,9.21,205654.22
2013-03-26,9.19,9.21,9.07,9.13,127283.84
2013-03-27,9.16,9.2,9.07,9.11,92948.12
2013-03-28,9.05,9.07,8.97,9.05,153793.26
2013-03-29,9.09,9.1,9.04,9.04,74187.15
2013-04-01,8.97,9.04,8.96,8.98,89011.75
2013-04-02,9.0,9.05,8.96,9.01,69165.14
2013-04-03,9.05,9.18,9.01,9.07,87302.23
2013-04-08,8.97,9.04,8.87,8.96,131601.45
2013-04-09,9.0,9.02,8.92,8.98,103966.55
2013-04-10,8.97,9.04,8.94,9.03,95822.06
2013-04-11,9.07,9.09,8.92,8.94,91371.26
2013-04-12,8.93,8.96,8.87,8.91,68346.91
2013-04-15,8.89,8.94,8.79,8.8,95522.34
2013-04-16,8.77,8.78,8.61,8.67,216718.59
2013-04-17,8.67,8.68,8.61,8.65,101563.51
2013-04-18,8.63,8.75,8.62,8.67,87866.75
2013-04-19,8.7,8.9,8.67,8.85,156600.4
2013-04-22,8.82,8.86,8.77,8.82,79988.47
2013-04-23,8.82,8.82,8.55,8.57,147323.78
2013-04-24,8.6,8.72,8.56,8.64,97997.12
2013-04-25,8.63,8.67,8.53,8.59,123914.79
2013-04-26,8.64,8.67,8.5,8.51,92842.15
2013-05-02,8.49,8.53,8.35,8.42,102682.45
2013-05-03,8.47,8.62,8.42,8.51,120660.06
2013-05-06,8.55,8.64,8.55,8.58,91342.87
2013-05-07,8.54,8.63,8.52,8.59,79430.9
2013-05-08,8.64,8.7,8.6,8.63,96427.06
2013-05-09,8.64,8.67,8.51,8.53,78919.42
2013-05-10,8.53,8.68,8.52,8.68,98105.13
2013-05-13,8.7,8.75,8.64,8.69,89923.85
2013-05-14,8.65,8.7,8.42,8.52,82231.7
2013-05-15,8.51,8.53,8.46,8.49,47653.18
2013-05-16,8.48,8.6,8.45,8.57,89463.78
2013-05-17,8.58,8.8,8.55,8.78,201177.19
2013-05-20,8.79,8.81,8.72,8.73,152512.13
2013-05-21,8.73,8.79,8.7,8.75,92632.17
2013-05-22,8.75,8.77,8.71,8.75,75962.39
2013-05-23,8.72,8.75,8.62,8.63,115939.4
2013-05-24,8.69,8.72,8.63,8.67,71670.41
2013-05-27,8.67,8.7,8.57,8.59,86821.58
2013-05-28,8.56,8.66,8.48,8.65,155201.04
2013-05-29,8.64,8.68,8.63,8.63,86684.96
2013-05-30,8.6,8.64,8.58,8.58,97816.22
2013-05-31,8.59,8.63,8.5,8.5,142939.43
2013-06-03,8.5,8.58,8.45,8.5,119597.63
2013-06-04,8.5,8.5,8.4,8.42,111348.25
2013-06-05,8.43,8.47,8.41,8.45,50543.04
2013-06-06,8.45,8.5,8.43,8.45,59174.91
2013-06-07,8.43,8.47,8.37,8.38,89249.87
2013-06-13,8.34,8.34,7.85,8.01,202084.41
2013-06-14,7.99,8.01,7.93,7.94,119748.03
2013-06-17,7.94,7.97,7.86,7.86,98345.62
2013-06-18,7.86,7.87,7.68,7.75,124654.87
2013-06-19,7.74,7.74,7.51,7.65,156760.17
2013-06-20,7.57,7.64,7.51,7.52,94162.07
2013-06-21,7.45,7.6,7.4,7.47,112925.45
2013-06-24,7.48,7.5,7.26,7.27,160653.37
2013-06-25,7.23,7.31,6.8,7.28,202996.32
2013-06-26,7.27,7.28,6.96,7.06,168992.33
2013-06-27,7.08,7.13,6.86,6.92,205381.44
2013-06-28,6.91,7.18,6.86,7.03,165058.0
2013-07-01,7.0,7.09,6.93,7.02,67945.3
2013-07-02,7.02,7.07,6.96,7.03,73869.83
2013-07-03,7.03,7.03,6.91,6.94,71316.79
2013-07-04,6.91,7.19,6.88,7.14,167883.13
2013-07-05,7.18,7.2,7.11,7.15,146094.59
2013-07-08,7.04,7.04,6.87,6.89,99584.92
2013-07-09,6.89,6.97,6.82,6.95,101723.21
2013-07-10,6.91,7.22,6.87,7.14,127532.26
2013-07-11,7.14,7.48,7.13,7.36,210989.12
2013-07-12,7.35,7.35,7.13,7.15,179837.53
2013-07-15,7.17,7.25,7.09,7.14,127063.13
2013-07-16,7.13,7.16,7.06,7.12,89099.6
2013-07-17,7.12,7.3,7.1,7.16,178808.17
2013-07-18,7.13,7.21,7.06,7.08,95462.71
2013-07-19,7.11,7.17,6.99,7.0,106827.39
2013-07-22,7.0,7.05,6.88,6.95,99855.59
2013-07-23,7.01,7.17,6.96,7.13,152601.11
2013-07-24,7.08,7.12,6.94,7.0,112148.48
2013-07-25,7.06,7.07,6.93,7.02,121234.38
2013-07-26,6.99,7.05,6.96,6.99,82390.12
2013-07-29,6.97,6.98,6.9,6.93,99041.76
2013-07-30,7.02,7.06,6.95,6.97,91583.78
2013-07-31,7.02,7.09,6.94,7.04,75957.07
2013-08-01,7.06,7.2,7.03,7.09,169751.46
2013-08-02,7.13,7.22,7.08,7.12,161322.03
2013-08-05,7.14,7.47,7.1,7.21,127101.95
2013-08-06,7.18,7.25,7.12,7.2,178402.67
2013-08-07,7.19,7.23,7.13,7.13,158650.42
2013-08-08,7.11,7.16,7.05,7.09,92580.99
2013-08-09,7.13,7.18,7.07,7.11,188638.91
2013-08-12,7.17,7.54,7.13,7.54,509159.85
2013-08-13,7.55,7.56,7.44,7.53,236165.74
2013-08-14,7.54,7.63,7.46,7.47,190944.12
2013-08-15,7.46,7.55,7.37,7.38,178123.61
2013-08-16,7.34,8.12,7.26,7.33,290584.32
2013-08-19,7.39,7.41,7.25,7.35,153639.47
2013-08-20,7.35,7.38,7.23,7.25,172926.83
2013-08-21,7.31,7.31,7.19,7.24,131650.92
2013-08-22,7.23,7.31,7.19,7.23,114100.29
2013-08-23,7.29,7.31,7.17,7.26,136287.99
2013-08-26,7.3,7.42,7.26,7.39,197232.51
2013-08-27,7.39,7.39,7.27,7.31,151205.89
2013-08-28,7.33,7.45,7.26,7.4,283670.88
2013-08-29,7.39,7.4,7.27,7.3,122091.95
2013-08-30,7.28,7.34,7.26,7.29,103701.32
2013-09-02,7.33,7.38,7.28,7.35,124988.96
2013-09-03,7.41,7.51,7.38,7.46,182358.48
2013-09-04,7.44,7.53,7.43,7.49,115496.12
2013-09-05,7.49,7.53,7.45,7.46,85146.74
2013-09-06,7.46,7.51,7.43,7.49,99938.76
2013-09-09,7.5,7.7,7.49,7.67,236162.88
2013-09-10,7.68,7.86,7.63,7.83,271625.79
2013-09-11,7.84,7.99,7.84,7.87,311167.91
2013-09-12,7.87,7.96,7.75,7.83,230803.32
2013-09-13,7.82,7.91,7.65,7.67,193647.23
2013-09-16,7.72,7.73,7.54,7.56,194365.67
2013-09-17,7.59,7.59,7.5,7.5,117845.52
2013-09-18,7.52,7.53,7.47,7.52,102802.36
2013-09-23,7.54,7.58,7.5,7.57,120607.57
2013-09-24,7.53,7.54,7.39,7.4,155171.63
2013-09-25,7.41,7.48,7.39,7.44,107792.68
2013-09-26,7.43,7.43,7.3,7.31,128806.15
2013-09-27,7.35,7.38,7.3,7.34,102806.29
2013-09-30,7.35,7.39,7.28,7.33,119654.16
2013-10-08,7.3,7.39,7.2,7.37,111829.93
2013-10-09,7.35,7.35,7.27,7.32,98559.12
2013-10-10,7.33,7.33,7.19,7.21,127975.64
2013-10-11,7.25,7.33,7.24,7.29,112117.39
2013-10-14,7.31,7.42,7.31,7.36,166158.16
2013-10-15,7.37,7.39,7.28,7.34,109230.09
2013-10-16,7.31,7.31,7.22,7.24,103578.16
2013-10-17,7.3,7.46,7.27,7.36,174981.54
2013-10-18,7.37,7.44,7.33,7.4,109910.5
2013-10-21,7.42,7.52,7.34,7.5,176325.87
2013-10-22,7.49,7.55,7.42,7.47,148332.42
2013-10-23,7.47,7.53,7.36,7.37,153274.55
2013-10-24,7.35,7.35,7.18,7.19,158637.94
2013-10-25,7.19,7.23,7.06,7.11,108833.28
2013-10-28,7.13,7.17,7.06,7.13,109558.2
2013-10-29,7.15,7.2,7.09,7.16,140156.06
2013-10-30,7.14,7.27,7.1,7.21,115819.8
2013-10-31,7.23,7.25,7.13,7.19,88888.2
2013-11-01,7.24,7.26,7.17,7.22,94960.63
2013-11-04,7.26,7.28,7.14,7.21,90454.17
2013-11-05,7.16,7.23,7.12,7.2,78449.05
2013-11-06,7.17,7.28,7.15,7.16,94741.04
2013-11-07,7.2,7.2,7.14,7.19,64454.77
2013-11-08,7.17,7.2,7.06,7.08,112721.69
2013-11-11,7.08,7.09,7.03,7.05,75828.27
2013-11-12,7.07,7.15,7.04,7.1,87114.51
2013-11-13,7.07,7.08,7.0,7.02,99516.39
2013-11-14,7.08,7.1,7.02,7.04,72634.83
2013-11-15,7.06,7.17,7.04,7.14,139482.16
2013-11-18,7.17,7.3,7.12,7.29,205352.41
2013-11-19,7.33,7.35,7.26,7.28,169396.98
2013-11-20,7.38,7.41,7.28,7.35,142752.61
2013-11-21,7.35,7.42,7.31,7.35,200767.98
2013-11-22,7.39,7.42,7.34,7.38,152293.03
2013-11-25,7.38,7.41,7.28,7.28,100132.19
2013-11-26,7.3,7.32,7.24,7.28,66863.47
2013-11-27,7.28,7.4,7.27,7.39,120628.32
2013-11-28,7.43,7.57,7.43,7.5,231818.0
2013-11-29,7.5,7.51,7.43,7.44,106283.53
2013-12-02,7.39,7.53,7.32,7.52,258558.54
2013-12-03,7.5,7.56,7.46,7.53,134184.94
2013-12-04,7.52,7.63,7.48,7.58,185696.9
2013-12-05,7.6,7.64,7.53,7.57,115058.08
2013-12-06,7.55,7.55,7.42,7.5,163220.64
2013-12-09,7.51,7.53,7.43,7.46,77209.54
2013-12-10,7.46,7.5,7.39,7.4,92045.03
2013-12-11,7.39,7.4,7.24,7.25,146100.99
2013-12-12,7.22,7.28,7.19,7.23,90919.1
2013-12-13,7.17,7.2,7.13,7.16,114414.89
2013-12-16,7.16,7.19,7.04,7.06,140759.57
2013-12-17,7.09,7.09,7.04,7.07,86953.13
2013-12-18,7.07,7.1,7.06,7.09,73174.15
2013-12-19,7.1,7.15,7.06,7.08,110604.93
2013-12-20,7.09,7.1,6.85,6.87,189161.58
2013-12-23,6.91,6.99,6.89,6.93,68243.9
2013-12-24,6.99,7.08,6.92,6.95,92638.8
2013-12-25,6.96,7.01,6.95,6.96,53112.15
2013-12-26,6.95,6.98,6.78,6.85,135490.28
2013-12-27,6.88,6.97,6.76,6.91,86008.91
2013-12-30,6.95,7.01,6.87,6.95,91282.89
2013-12-31,6.91,7.02,6.88,6.96,105558.33
2014-01-02,6.95,6.96,6.86,6.87,84936.84
2014-01-03,6.84,6.86,6.74,6.76,120865.71
2014-01-06,6.74,6.75,6.52,6.53,140971.61
2014-01-07,6.49,6.59,6.47,6.52,72719.15
2014-01-08,6.53,6.62,6.34,6.4,130952.64
2014-01-09,6.4,6.46,6.33,6.35,84441.53
2014-01-10,6.35,6.46,6.33,6.37,104947.58
2014-01-13,6.37,6.44,6.35,6.4,62804.89
2014-01-14,6.41,6.48,6.39,6.44,61863.0
2014-01-15,6.43,6.44,6.36,6.39,54598.11
2014-01-16,6.39,6.44,6.34,6.38,67405.25
2014-01-17,6.36,6.37,6.25,6.26,95875.15
2014-01-20,6.25,6.25,6.14,6.2,81885.68
2014-01-21,6.2,6.24,6.19,6.22,47663.22
2014-01-22,6.24,6.33,6.2,6.33,84366.8
2014-01-23,6.33,6.34,6.27,6.27,63296.19
2014-01-24,6.27,6.37,6.25,6.32,86128.48
2014-01-27,6.29,6.3,6.16,6.2,128750.83
2014-01-28,6.21,6.25,6.15,6.17,104752.45
2014-01-29,6.2,6.24,6.16,6.19,61587.92
2014-01-30,6.19,6.19,6.07,6.09,94062.88
2014-02-07,6.12,6.15,6.1,6.14,79414.93
2014-02-10,6.15,6.22,6.14,6.22,142013.66
2014-02-11,6.2,6.28,6.16,6.27,265460.94
2014-02-12,6.25,6.26,6.21,6.24,132951.11
2014-02-13,6.23,6.24,6.17,6.18,140075.53
2014-02-14,6.18,6.22,6.17,6.19,115342.32
2014-02-17,6.22,6.31,6.21,6.29,213746.99
2014-02-18,6.28,6.28,6.17,6.18,128180.39
2014-02-19,6.19,6.3,6.16,6.27,208490.97
2014-02-20,6.27,6.37,6.27,6.3,231598.72
2014-02-21,6.29,6.34,6.25,6.33,160342.28
2014-02-24,6.31,6.31,6.16,6.18,137533.69
2014-02-25,6.18,6.2,6.01,6.05,145585.96
2014-02-26,6.02,6.07,5.99,6.05,104762.95
2014-02-27,6.05,6.07,5.97,6.05,124800.95
2014-02-28,6.05,6.08,6.0,6.07,111279.64
2014-03-03,6.03,6.04,5.94,5.99,154496.01
2014-03-04,5.96,5.98,5.88,5.92,144818.07
2014-03-05,5.93,6.03,5.92,5.96,131307.58
2014-03-06,5.92,6.0,5.85,5.98,100032.36
2014-03-07,5.97,6.01,5.9,5.92,98154.73
2014-03-10,5.87,5.89,5.67,5.68,271296.21
2014-03-11,5.68,5.73,5.57,5.65,191878.93
2014-03-12,5.62,5.73,5.58,5.67,123228.75
2014-03-13,5.69,5.82,5.65,5.8,163805.79
2014-03-14,5.74,5.79,5.71,5.74,97270.12
2014-03-17,5.8,5.81,5.72,5.77,89896.76
2014-03-18,5.78,5.83,5.74,5.78,82058.4
2014-03-19,5.76,5.86,5.74,5.86,105711.94
2014-03-20,5.86,5.88,5.76,5.77,101094.53
2014-03-21,5.76,6.0,5.76,5.95,224652.73
2014-03-24,5.97,6.11,5.96,6.03,194296.97
2014-03-25,6.03,6.07,5.96,5.99,93800.6
2014-03-26,6.03,6.06,5.99,6.04,95823.05
2014-03-27,6.03,6.05,5.92,5.97,107261.27
2014-03-28,5.99,6.08,5.98,6.07,150324.63
2014-03-31,6.07,6.12,6.04,6.08,170833.45
2014-04-01,6.1,6.14,6.1,6.1,101472.88
2014-04-02,6.13,6.24,6.11,6.23,181408.12
2014-04-03,6.27,6.29,6.14,6.15,115182.27
2014-04-04,6.14,6.19,6.09,6.16,92846.82
2014-04-08,6.16,6.37,6.16,6.33,240738.21
2014-04-09,6.35,6.46,6.33,6.41,205683.58
2014-04-10,6.41,6.9,6.29,6.63,686208.37
2014-04-11,6.64,6.71,6.53,6.62,452682.04
2014-04-14,6.58,6.61,6.46,6.54,299288.43
2014-04-15,6.51,6.53,6.36,6.38,183660.55
2014-04-16,6.35,6.45,6.35,6.42,106963.62
2014-04-17,6.45,6.45,6.32,6.33,94995.28
2014-04-18,6.29,6.38,6.25,6.31,130086.61
2014-04-21,6.26,6.34,6.22,6.22,95685.94
2014-04-22,6.21,6.25,6.15,6.22,83629.2
2014-04-23,6.22,6.22,6.15,6.18,81023.49
2014-04-24,6.19,6.24,6.16,6.21,71954.84
2014-04-25,6.28,6.28,6.18,6.18,67853.52
2014-04-28,6.15,6.24,6.14,6.18,96807.79
2014-04-29,6.17,6.27,6.17,6.23,108421.42
2014-04-30,6.23,6.28,6.22,6.25,78138.71
2014-05-05,6.25,6.26,6.07,6.16,159937.27
2014-05-06,6.14,6.16,6.06,6.07,106392.54
2014-05-07,6.05,6.14,6.03,6.1,94243.12
2014-05-08,6.09,6.28,6.07,6.15,126776.45
2014-05-09,6.2,6.22,6.16,6.21,76376.77
2014-05-12,6.24,6.59,6.2,6.5,515819.88
2014-05-13,6.45,6.51,6.31,6.35,216587.52
2014-05-14,6.36,6.44,6.3,6.38,175476.87
2014-05-15,6.34,6.41,6.31,6.4,139313.8
2014-05-16,6.4,6.4,6.32,6.33,92491.5
2014-05-19,6.33,6.33,6.19,6.24,73409.68
2014-05-20,6.26,6.3,6.22,6.23,46734.2
2014-05-21,6.18,6.33,6.17,6.29,98097.68
2014-05-22,6.27,6.36,6.25,6.29,107328.75
2014-05-23,6.32,6.34,6.27,6.32,43568.88
2014-05-26,6.37,6.41,6.32,6.33,75402.37
2014-05-27,6.33,6.34,6.29,6.32,53875.73
2014-05-28,6.32,6.34,6.25,6.33,80292.63
2014-05-29,6.33,6.33,6.3,6.31,63426.46
2014-05-30,6.3,6.31,6.28,6.3,78418.55
2014-06-03,6.29,6.36,6.29,6.3,59480.13
2014-06-04,6.32,6.32,6.22,6.26,69616.74
2014-06-05,6.26,6.34,6.23,6.33,40200.96
2014-06-06,6.33,6.34,6.28,6.3,127642.23
2014-06-09,6.28,6.34,6.27,6.31,72137.43
2014-06-10,6.31,6.34,6.29,6.33,113228.83
2014-06-11,6.33,6.36,6.3,6.34,96639.36
2014-06-12,6.32,6.36,6.28,6.32,57551.35
2014-06-13,6.31,6.38,6.3,6.33,100056.95
2014-06-16,6.36,6.42,6.34,6.41,111619.96
2014-06-17,6.41,6.43,6.37,6.37,74722.57
2014-06-18,6.36,6.4,6.35,6.38,77769.76
2014-06-19,6.38,6.51,6.34,6.39,157591.35
2014-06-20,6.38,6.44,6.37,6.39,60382.43
2014-06-23,6.39,6.48,6.39,6.41,82027.49
2014-06-24,6.41,6.44,6.37,6.42,48786.1
2014-06-25,6.41,6.46,6.37,6.42,75121.31
2014-06-26,6.42,6.47,6.42,6.46,68787.09
2014-06-27,6.44,6.46,6.35,6.36,96743.62
2014-06-30,6.38,6.44,6.38,6.4,78132.21
2014-07-01,6.43,6.43,6.36,6.38,64150.59
2014-07-02,6.39,6.51,6.39,6.46,121771.12
2014-07-03,6.45,6.48,6.41,6.46,94099.72
2014-07-04,6.48,6.5,6.44,6.49,99047.24
2014-07-07,6.49,6.52,6.47,6.5,76355.93
2014-07-08,6.49,6.52,6.45,6.51,69326.39
2014-07-09,6.51,6.52,6.41,6.44,99272.36
2014-07-10,6.44,6.5,6.44,6.47,87340.6
2014-07-11,6.47,6.52,6.47,6.5,156416.41
2014-07-14,6.53,6.53,6.41,6.48,180169.26
2014-07-15,6.47,6.51,6.44,6.47,97529.11
2014-07-16,6.46,6.51,6.45,6.49,130540.95
2014-07-17,6.5,6.5,6.44,6.45,78732.33
2014-07-18,6.44,6.48,6.4,6.42,89799.04
2014-07-21,6.42,6.43,6.3,6.38,101881.49
2014-07-22,6.37,6.48,6.33,6.45,118387.32
2014-07-23,6.45,6.57,6.45,6.5,159022.18
2014-07-24,6.51,6.75,6.51,6.7,350615.58
2014-07-25,6.7,6.95,6.66,6.92,340715.84
2014-07-28,6.94,7.34,6.94,7.17,443767.37
2014-07-29,7.17,7.24,7.04,7.06,262811.06
2014-07-30,7.07,7.29,7.07,7.09,329532.55
2014-07-31,7.09,7.23,7.07,7.2,176404.56
2014-08-01,7.18,7.54,7.14,7.35,540800.01
2014-08-04,7.37,7.57,7.31,7.54,323431.53
2014-08-05,7.53,7.58,7.39,7.43,263696.38
2014-08-06,7.4,7.5,7.24,7.38,192977.79
2014-08-07,7.38,7.43,7.17,7.22,253999.67
2014-08-08,7.21,7.28,7.18,7.25,90105.16
2014-08-11,7.26,7.41,7.22,7.39,158543.06
2014-08-12,7.37,7.4,7.26,7.32,136136.03
2014-08-13,7.33,7.39,7.25,7.33,241567.75
2014-08-14,7.3,7.35,7.22,7.26,150234.21
2014-08-15,7.26,7.3,7.19,7.26,188599.23
2014-08-18,7.26,7.33,7.2,7.25,155152.23
2014-08-19,7.24,7.32,7.22,7.27,150440.29
2014-08-20,7.23,7.24,7.17,7.18,143179.7
2014-08-21,7.18,7.19,7.0,7.08,223192.2
2014-08-22,7.08,7.14,7.05,7.1,116338.43
2014-08-25,7.07,7.08,6.94,6.97,146803.76
2014-08-26,6.96,7.0,6.93,6.95,122052.23
2014-08-27,6.94,7.0,6.94,6.97,78928.53
2014-08-28,6.99,7.04,6.94,6.96,95402.59
2014-08-29,6.99,7.06,6.94,7.05,77285.61
2014-09-01,7.07,7.11,7.03,7.05,112058.79
2014-09-02,7.09,7.14,7.01,7.13,151544.81
2014-09-03,7.13,7.24,7.11,7.23,166247.63
2014-09-04,7.25,7.29,7.21,7.27,174735.56
2014-09-05,7.31,7.36,7.28,7.35,203984.38
2014-09-09,7.36,7.41,7.32,7.36,144632.79
2014-09-10,7.33,7.34,7.19,7.22,152067.07
2014-09-11,7.24,7.29,7.16,7.19,166048.56
2014-09-12,7.17,7.21,7.15,7.21,100870.89
2014-09-15,7.21,7.28,7.17,7.24,192435.81
2014-09-16,7.25,7.29,7.12,7.13,197684.02
2014-09-17,7.17,7.21,7.12,7.14,120640.15
2014-09-18,7.13,7.2,7.08,7.15,135864.98
2014-09-19,7.15,7.19,7.1,7.18,101711.04
2014-09-22,7.14,7.16,7.03,7.04,130612.02
2014-09-23,7.07,7.1,7.03,7.08,85798.03
2014-09-24,7.05,7.25,7.04,7.23,220424.34
2014-09-25,7.29,7.3,7.19,7.22,181353.67
2014-09-26,7.22,7.26,7.17,7.23,121788.15
2014-09-29,7.25,7.27,7.19,7.25,188106.01
2014-09-30,7.31,7.42,7.27,7.29,393452.11
2014-10-08,7.3,7.31,7.17,7.22,238887.09
2014-10-09,7.22,7.28,7.21,7.24,230791.78
2014-10-10,7.27,7.35,7.16,7.2,379274.71
2014-10-13,7.2,7.24,7.09,7.22,251044.03
2014-10-14,7.22,7.22,7.11,7.13,163762.11
2014-10-15,7.12,7.14,7.06,7.11,159186.18
2014-10-16,7.08,7.15,7.05,7.07,185475.07
2014-10-17,7.07,7.1,6.92,6.94,277908.24
2014-10-20,6.95,6.98,6.91,6.97,129960.32
2014-10-21,6.97,7.01,6.94,6.95,116049.46
2014-10-22,6.95,7.0,6.94,6.95,116196.08
2014-10-23,6.99,6.99,6.83,6.83,162379.59
2014-10-24,6.85,6.87,6.81,6.82,107802.45
2014-10-27,6.8,6.8,6.66,6.7,119610.8
2014-10-28,6.72,6.83,6.69,6.82,139003.57
2014-10-29,6.85,6.98,6.82,6.92,194554.26
2014-10-30,6.92,7.0,6.88,6.9,260788.64
2014-10-31,6.9,7.1,6.89,7.1,383303.33
2014-11-03,7.13,7.15,7.03,7.06,256684.54
2014-11-04,7.03,7.26,7.0,7.17,412679.57
2014-11-05,7.15,7.27,7.08,7.14,317194.2
2014-11-06,7.17,7.2,7.08,7.15,239979.33
2014-11-07,7.1,7.17,6.98,7.03,373904.5
2014-11-10,7.11,7.19,7.06,7.19,389520.63
2014-11-11,7.21,7.39,7.15,7.22,652142.68
2014-11-12,7.22,7.29,7.19,7.28,364438.97
2014-11-13,7.29,7.31,7.18,7.22,404633.06
2014-11-14,7.24,7.28,7.18,7.26,430795.8
2014-11-17,7.46,7.47,7.2,7.21,500014.01
2014-11-18,7.2,7.21,7.06,7.08,331225.39
2014-11-19,7.04,7.07,6.97,6.98,240295.26
2014-11-20,6.97,7.02,6.94,6.98,200876.52
2014-11-21,6.95,7.05,6.95,7.04,242008.09
2014-11-24,7.09,7.27,7.09,7.23,552669.44
2014-11-25,7.23,7.33,7.21,7.3,445316.21
2014-11-26,7.33,7.34,7.22,7.33,445758.25
2014-11-27,7.37,7.57,7.34,7.47,795249.14
2014-11-28,7.49,7.5,7.29,7.49,787534.53
2014-12-01,7.53,8.04,7.53,7.66,1163922.03
2014-12-02,7.69,7.95,7.57,7.87,1022164.24
2014-12-03,7.89,8.3,7.89,8.04,1256716.24
2014-12-04,8.13,8.77,8.12,8.71,1460236.22
2014-12-05,8.77,8.79,8.16,8.41,1555436.04
2014-12-08,8.34,8.86,8.2,8.78,1335055.4
2014-12-09,8.65,9.13,8.13,8.21,1666732.01
2014-12-10,8.23,8.41,8.11,8.38,797222.28
2014-12-11,8.26,8.51,8.17,8.26,800782.59
2014-12-12,8.3,8.37,8.2,8.25,553211.39
2014-12-15,8.24,8.24,8.02,8.12,623903.13
2014-12-16,8.08,8.39,8.04,8.36,890883.58
2014-12-17,8.36,8.42,8.16,8.28,812973.28
2014-12-18,8.34,8.48,8.29,8.43,875671.54
2014-12-19,8.38,9.09,8.28,8.89,1445343.23
2014-12-22,9.05,9.73,9.05,9.5,1832094.35
2014-12-23,9.37,9.38,8.87,8.96,935258.03
2014-12-24,9.0,9.05,8.44,8.57,841567.41
2014-12-25,8.6,8.84,8.59,8.83,659924.56
2014-12-26,8.81,9.13,8.75,9.09,720441.81
2014-12-29,9.21,9.6,8.91,9.08,1057009.63
2014-12-30,9.23,9.42,9.05,9.28,877087.92
2014-12-31,9.3,9.55,9.21,9.51,938315.05
2015-01-05,9.52,10.46,9.52,10.46,1348528.21
2015-01-06,10.85,11.36,10.58,10.71,2599635.34
2015-01-07,10.41,10.82,10.32,10.71,1250971.13
2015-01-08,10.64,11.01,10.35,10.48,1221922.39
2015-01-09,10.31,10.63,10.05,10.1,1299458.61
2015-01-12,10.01,10.04,9.71,9.76,826264.89
2015-01-13,9.71,9.88,9.62,9.7,543466.99
2015-01-14,9.71,9.85,9.55,9.62,500038.3
2015-01-15,9.7,10.07,9.6,10.07,713419.98
2015-01-16,10.12,10.45,10.08,10.16,794989.24
2015-01-19,9.6,9.65,9.14,9.14,1097545.72
2015-01-20,9.02,9.25,8.98,9.17,909973.22
2015-01-21,9.16,9.59,9.05,9.56,1004807.07
2015-01-22,9.6,9.82,9.45,9.58,876698.44
2015-01-23,9.69,9.75,9.4,9.45,743108.57
2015-01-26,9.41,9.5,9.29,9.5,519043.06
2015-01-27,9.47,9.54,9.14,9.27,635542.86
2015-01-28,9.19,9.29,9.08,9.12,434437.21
2015-01-29,8.98,9.18,8.94,9.07,436134.88
2015-01-30,9.13,9.18,8.91,8.93,417077.61
2015-02-02,8.76,8.88,8.67,8.68,411143.12
2015-02-03,8.86,8.97,8.7,8.96,413338.42
2015-02-04,9.03,9.15,8.88,8.89,461327.13
2015-02-05,9.08,9.12,8.69,8.7,466374.03
2015-02-06,8.57,8.58,8.29,8.4,597513.54
2015-02-09,8.39,8.5,8.3,8.35,431293.25
2015-02-10,8.36,8.57,8.36,8.53,361928.26
2015-02-11,8.52,8.64,8.49,8.56,260514.37
2015-02-12,8.54,8.59,8.4,8.57,237521.62
2015-02-13,8.62,8.73,8.57,8.63,451933.21
2015-02-16,8.66,8.66,8.55,8.62,355516.08
2015-02-17,8.63,8.65,8.57,8.62,398646.95
2015-02-25,8.61,8.61,8.34,8.41,577817.84
2015-02-26,8.38,8.73,8.31,8.7,698383.49
2015-02-27,8.66,8.81,8.62,8.71,536926.94
2015-03-02,8.76,8.9,8.65,8.86,594506.24
2015-03-03,8.79,8.79,8.48,8.51,712344.75
2015-03-04,8.55,8.63,8.48,8.58,397170.2
2015-03-05,8.49,8.53,8.33,8.39,515081.25
2015-03-06,8.38,8.55,8.33,8.47,484863.06
2015-03-09,8.39,8.56,8.2,8.55,615191.29
2015-03-10,8.49,8.57,8.44,8.45,512098.69
2015-03-11,8.43,8.52,8.29,8.36,624777.5
2015-03-12,8.4,8.61,8.33,8.6,791137.31
2015-03-13,8.61,8.95,8.6,8.76,1026390.44
2015-03-16,8.76,8.87,8.68,8.85,775778.97
2015-03-17,8.87,8.97,8.82,8.92,1086527.52
2015-03-18,8.95,9.21,8.95,9.21,1160350.7
2015-03-19,9.22,9.41,9.14,9.25,1097270.69
2015-03-20,9.22,9.31,9.12,9.21,814318.85
2015-03-23,9.3,9.43,9.23,9.37,920229.48
2015-03-24,9.39,9.45,9.03,9.21,1094235.16
2015-03-25,9.2,9.2,8.97,9.01,1020472.15
2015-03-26,9.01,9.26,8.94,9.19,966932.11
2015-03-27,9.22,9.36,9.18,9.24,874494.38
2015-03-30,9.26,9.6,9.23,9.58,1331862.64
2015-03-31,9.74,9.78,9.38,9.41,1283753.53
2015-04-01,9.4,9.58,9.35,9.52,892507.17
2015-04-02,9.54,9.7,9.45,9.67,1321682.38
2015-04-03,9.58,9.7,9.52,9.61,990577.15
2015-04-07,9.67,9.92,9.62,9.9,1479762.98
2015-04-08,9.9,9.91,9.6,9.81,1115396.33
2015-04-09,9.76,9.82,9.46,9.64,1042934.18
2015-04-10,9.62,9.84,9.59,9.83,1066449.3
2015-04-13,9.9,10.1,9.83,9.98,1196302.8
2015-04-14,9.99,10.01,9.78,9.88,992515.71
2015-04-15,9.9,9.94,9.58,9.66,1008857.55
2015-04-16,9.61,10.07,9.6,10.07,1255047.25
2015-04-17,10.29,10.66,10.12,10.42,2207181.68
2015-04-20,10.28,11.19,10.15,10.49,2613711.83
2015-04-21,10.38,10.77,10.33,10.68,1589221.91
2015-04-22,10.72,11.09,10.63,10.96,1758915.29
2015-04-23,10.99,11.34,10.78,11.07,1999226.28
2015-04-24,10.92,11.07,10.56,10.69,1391159.3
2015-04-27,10.69,11.61,10.69,11.45,2676588.36
2015-04-28,11.24,11.98,11.01,11.19,2846921.49
2015-04-29,10.96,11.14,10.78,11.04,1255380.82
2015-04-30,11.08,11.22,10.63,10.64,1263422.71
2015-05-04,10.67,10.94,10.5,10.78,1058052.6
2015-05-05,10.69,10.88,10.09,10.14,1195038.14
2015-05-06,10.21,10.24,9.66,9.75,1192010.78
2015-05-07,9.76,9.76,9.52,9.55,833307.94
2015-05-08,9.66,9.75,9.52,9.73,771608.52
2015-05-11,9.82,9.99,9.72,9.98,1061525.13
2015-05-12,9.98,9.98,9.84,9.94,869329.35
2015-05-13,9.93,9.94,9.75,9.77,851140.36
2015-05-14,9.74,9.9,9.72,9.9,796576.25
2015-05-15,9.88,9.88,9.53,9.54,830371.46
2015-05-18,9.37,9.42,9.25,9.28,923348.04
2015-05-19,9.29,9.58,9.29,9.57,883005.05
2015-05-20,9.53,9.76,9.5,9.58,966332.69
2015-05-21,9.58,9.68,9.43,9.67,1015016.91
2015-05-22,9.71,10.03,9.71,10.01,1366303.23
2015-05-25,10.01,10.31,9.94,10.3,1321836.07
2015-05-26,10.31,10.41,10.1,10.4,1488111.17
2015-05-27,10.38,10.65,10.22,10.59,1879878.65
2015-05-28,10.49,10.58,9.63,9.71,1774544.75
2015-05-29,9.75,9.86,9.44,9.63,1105936.91
2015-06-01,9.75,10.6,9.64,10.6,1802227.16
2015-06-02,10.68,10.84,10.41,10.65,1982501.51
2015-06-03,10.66,10.67,10.24,10.39,1266645.56
2015-06-04,10.42,10.84,9.7,10.81,1965805.66
2015-06-05,10.92,11.17,10.64,10.82,2280587.49
2015-06-08,10.78,11.31,10.7,11.2,2241534.19
2015-06-09,11.23,12.32,11.07,12.32,4194348.39
2015-06-10,11.67,12.41,11.53,11.84,3496707.36
2015-06-11,11.66,11.79,11.36,11.52,1834349.59
2015-06-12,11.52,12.18,11.52,11.87,1886648.37
2015-06-15,11.87,11.88,11.26,11.28,1577102.56
2015-06-16,11.1,11.63,10.99,11.08,1454065.34
2015-06-17,11.1,11.66,10.93,11.45,1521801.04
2015-06-18,11.34,11.38,10.72,10.75,1259945.62
2015-06-19,10.75,10.92,10.0,10.05,1132995.6
2015-06-23,10.05,10.52,9.61,10.47,1127374.79
2015-06-24,10.47,11.25,10.38,11.04,1724611.82
2015-06-25,10.94,11.06,10.23,10.39,1377052.14
2015-06-26,10.1,10.38,9.35,9.55,1516887.07
2015-06-29,9.87,10.02,8.69,9.56,1572543.74
2015-06-30,9.55,10.11,9.08,10.06,1329535.2
2015-07-01,9.85,10.11,9.47,9.54,1044481.86
2015-07-02,9.56,9.65,8.73,9.0,1196242.31
2015-07-03,8.89,9.1,8.16,8.25,1278271.1
2015-07-06,9.05,9.05,8.6,8.84,2418035.3
2015-07-07,8.65,9.72,8.31,9.69,2525857.68
2015-07-08,9.03,9.68,8.72,9.09,2627077.37
2015-07-09,8.69,10.0,8.45,10.0,1552962.05
2015-07-10,9.8,10.94,9.7,10.59,1979661.91
2015-07-13,10.38,10.83,10.14,10.42,1655711.14
2015-07-14,10.21,10.21,9.59,9.69,1224266.61
2015-07-15,9.58,9.88,9.22,9.64,789520.11
2015-07-16,9.64,9.93,9.64,9.71,649996.46
2015-07-17,9.77,10.05,9.71,9.91,730476.01
2015-07-20,9.85,9.88,9.58,9.63,717735.55
2015-07-21,9.43,9.81,9.4,9.56,581071.11
2015-07-22,9.55,9.61,9.19,9.47,733021.81
2015-07-23,9.41,9.65,9.32,9.57,693651.63
2015-07-24,9.55,10.04,9.49,9.55,1017517.86
2015-07-27,9.26,9.39,8.59,8.59,978481.54
2015-07-28,8.4,8.45,7.91,8.25,818082.33
2015-07-29,8.37,8.54,8.26,8.51,528078.36
2015-07-30,8.46,8.52,8.16,8.21,557783.32
2015-07-31,8.16,8.28,8.05,8.21,354358.82
2015-08-03,8.2,8.44,8.05,8.41,575520.87
2015-08-04,8.41,8.65,8.4,8.62,415481.23
2015-08-05,8.59,8.83,8.46,8.48,467923.87
2015-08-06,8.35,8.58,8.3,8.44,278993.77
2015-08-07,8.48,8.62,8.42,8.55,316290.21
2015-08-10,8.79,9.35,8.75,9.28,1024357.39
2015-08-11,9.41,9.68,9.2,9.54,1371898.84
2015-08-12,9.41,10.47,9.32,10.04,2105290.89
2015-08-13,9.89,10.02,9.61,9.93,943908.66
2015-08-14,9.99,10.14,9.65,9.81,720525.95
2015-08-17,9.73,9.73,9.29,9.57,722806.48
2015-08-18,9.56,9.65,8.61,8.61,981225.2
2015-08-19,8.48,8.73,8.08,8.64,801446.3
2015-08-20,8.51,8.62,8.2,8.28,639380.12
2015-08-21,8.18,8.42,8.11,8.22,514748.51
2015-08-24,7.92,8.0,7.39,7.39,694245.24
2015-08-25,6.67,7.04,6.66,6.66,690190.5
2015-08-26,6.66,6.97,6.26,6.71,863169.33
2015-08-27,6.89,7.0,6.61,6.99,605709.38
2015-08-28,7.14,7.4,7.09,7.39,698793.45
2015-08-31,7.35,7.52,6.94,7.49,567373.77
2015-09-01,7.24,7.72,7.05,7.71,876114.65
2015-09-02,7.34,8.01,7.26,8.0,1219657.22
2015-09-07,7.8,8.0,7.34,7.38,528635.69
2015-09-08,7.34,7.42,6.95,7.39,396980.36
2015-09-09,7.41,7.6,7.38,7.52,342227.96
2015-09-10,7.39,7.69,7.35,7.54,285202.16
2015-09-11,7.48,7.55,7.34,7.42,177069.32
2015-09-14,7.49,7.66,7.18,7.64,685271.67
2015-09-15,7.39,7.55,7.07,7.36,382554.73
2015-09-16,7.3,7.96,7.14,7.68,363449.41
2015-09-17,7.55,7.71,7.36,7.38,301457.14
2015-09-18,7.39,7.47,7.32,7.35,148723.48
2015-09-21,7.29,7.45,7.26,7.4,142921.0
2015-09-22,7.45,7.6,7.39,7.5,219758.51
2015-09-23,7.39,7.43,7.15,7.2,208659.74
2015-09-24,7.25,7.3,7.19,7.25,116657.62
2015-09-25,7.24,7.27,7.1,7.2,155747.68
2015-09-28,7.17,7.21,7.12,7.16,93106.28
2015-09-29,7.07,7.12,6.95,6.95,157559.93
2015-09-30,7.02,7.09,6.98,6.98,89039.58
2015-10-08,7.39,7.44,7.25,7.27,215053.33
2015-10-09,7.32,7.36,7.22,7.32,207425.98
2015-10-12,7.37,7.63,7.31,7.58,363238.15
2015-10-13,7.51,7.53,7.46,7.5,196526.43
2015-10-14,7.46,7.58,7.44,7.45,228342.29
2015-10-15,7.44,7.55,7.42,7.55,242616.13
2015-10-16,7.57,7.62,7.5,7.61,318069.0
2015-10-19,7.59,7.61,7.49,7.53,263706.82
2015-10-20,7.53,7.54,7.4,7.53,293408.48
2015-10-21,7.53,7.63,7.24,7.46,518316.27
2015-10-22,7.36,7.43,7.26,7.41,270125.4
2015-10-23,7.43,7.47,7.35,7.43,262961.76
2015-10-26,7.56,7.66,7.52,7.56,413982.68
2015-10-27,7.53,7.53,7.28,7.44,277297.71
2015-10-28,7.41,7.44,7.31,7.33,206439.72
2015-10-29,7.34,7.4,7.33,7.35,145445.93
2015-10-30,7.35,7.4,7.24,7.28,171051.36
2015-11-02,7.21,7.26,7.12,7.13,176587.68
2015-11-03,7.14,7.2,7.11,7.13,115043.8
2015-11-04,7.17,7.4,7.16,7.4,278170.72
2015-11-05,7.4,7.84,7.37,7.66,705856.85
2015-11-06,7.63,7.74,7.55,7.71,450489.1
2015-11-09,7.65,7.93,7.65,7.81,491372.91
2015-11-10,7.7,7.89,7.7,7.85,432699.91
2015-11-11,7.85,7.96,7.73,7.82,314364.01
2015-11-12,7.84,7.85,7.66,7.7,265060.54
2015-11-13,7.63,7.67,7.49,7.52,251104.27
2015-11-16,7.43,7.57,7.39,7.57,167581.78
2015-11-17,7.58,7.75,7.51,7.57,356578.5
2015-11-18,7.56,7.67,7.51,7.53,199358.18
2015-11-19,7.54,7.59,7.49,7.58,183582.61
2015-11-20,7.58,7.6,7.52,7.55,240116.34
2015-11-23,7.56,7.57,7.44,7.47,217827.19
2015-11-24,7.45,7.46,7.35,7.41,198319.99
2015-11-25,7.39,7.47,7.39,7.45,157667.67
2015-11-26,7.46,7.59,7.46,7.52,271500.31
2015-11-27,7.52,7.54,7.09,7.11,288879.71
2015-11-30,7.15,7.21,6.97,7.1,215255.84
2015-12-01,7.14,7.16,7.03,7.12,218706.61
2015-12-02,7.11,7.35,7.09,7.34,321344.73
2015-12-03,7.31,7.42,7.28,7.37,234281.55
2015-12-04,7.34,7.43,7.27,7.28,228790.41
2015-12-07,7.26,7.31,7.19,7.23,197530.34
2015-12-08,7.17,7.19,7.05,7.07,179217.31
2015-12-09,7.06,7.13,7.05,7.1,125820.29
2015-12-10,7.1,7.23,7.07,7.07,186710.86
2015-12-11,7.07,7.11,6.97,7.07,151140.71
2015-12-14,7.01,7.25,6.98,7.22,202951.81
2015-12-15,7.2,7.26,7.11,7.13,166982.94
2015-12-16,7.18,7.25,7.15,7.19,143710.58
2015-12-17,7.22,7.3,7.2,7.29,226978.34
2015-12-18,7.27,7.3,7.21,7.24,149465.54
2015-12-21,7.24,7.43,7.2,7.4,324812.82
2015-12-22,7.41,7.45,7.36,7.41,201791.41
2015-12-23,7.39,7.5,7.36,7.37,259265.17
2015-12-24,7.35,7.38,7.22,7.27,183190.12
2015-12-25,7.27,7.31,7.24,7.29,109065.03
2015-12-28,7.31,7.4,7.15,7.16,242793.77
2015-12-29,7.16,7.26,7.15,7.25,144244.87
2015-12-30,7.26,7.28,7.21,7.27,94896.36
2015-12-31,7.24,7.3,7.22,7.23,96121.05
2016-01-04,7.22,7.23,6.81,6.83,168602.59
2016-01-05,6.76,7.03,6.66,6.92,261572.43
2016-01-06,6.93,7.61,6.87,7.6,955479.17
2016-01-07,7.39,7.42,6.84,6.87,214342.4
2016-01-08,7.08,7.56,6.89,7.54,1135802.61
2016-01-11,7.31,7.41,6.87,6.95,711881.25
2016-01-12,6.95,7.01,6.7,6.84,276959.21
2016-01-13,6.88,7.09,6.77,6.79,264233.81
2016-01-14,6.66,6.97,6.52,6.87,316797.43
2016-01-15,6.78,6.82,6.53,6.61,267356.91
2016-01-18,6.48,6.63,6.42,6.48,209798.21
2016-01-19,6.52,6.68,6.49,6.63,205321.14
2016-01-20,6.58,6.62,6.47,6.51,203764.12
2016-01-21,6.44,6.66,6.41,6.41,227155.09
2016-01-22,6.55,6.69,6.53,6.63,269216.15
2016-01-25,6.76,6.92,6.66,6.73,277103.01
2016-01-26,6.65,6.69,6.29,6.3,224233.03
2016-01-27,6.39,6.43,6.19,6.39,266572.98
2016-01-28,6.37,6.57,6.32,6.37,231802.25
2016-01-29,6.41,6.54,6.4,6.47,216726.31
2016-02-01,6.45,6.49,6.23,6.3,148473.53
2016-02-02,6.31,6.41,6.27,6.37,118196.18
2016-02-03,6.33,6.34,6.19,6.27,131174.98
2016-02-04,6.33,6.39,6.29,6.34,121643.56
2016-02-05,6.35,6.38,6.32,6.32,111132.28
2016-02-15,6.17,6.36,6.14,6.3,94496.53
2016-02-16,6.36,6.49,6.33,6.45,144138.48
2016-02-17,6.44,6.57,6.41,6.5,149664.28
2016-02-18,6.54,6.66,6.5,6.5,186721.73
2016-02-19,6.49,6.5,6.42,6.46,95579.33
2016-02-22,6.53,6.8,6.5,6.64,298886.8
2016-02-23,6.65,6.7,6.55,6.69,207601.62
2016-02-24,6.66,6.76,6.58,6.69,172009.24
2016-02-25,6.66,6.68,6.26,6.27,234816.76
2016-02-26,6.36,6.48,6.26,6.41,196882.42
2016-02-29,6.47,6.75,6.29,6.58,380222.85
2016-03-01,6.54,6.73,6.43,6.67,279251.34
2016-03-02,6.65,6.95,6.61,6.91,484063.26
2016-03-03,6.85,6.98,6.75,6.83,395838.48
2016-03-04,6.84,7.01,6.77,6.98,586566.6
2016-03-07,7.09,7.09,6.89,7.0,346607.22
2016-03-08,7.1,7.13,6.78,6.98,332318.42
2016-03-09,6.78,6.88,6.64,6.86,263558.69
2016-03-10,6.83,6.83,6.58,6.59,202966.97
2016-03-11,6.57,6.7,6.56,6.69,112382.62
2016-03-14,6.75,6.85,6.69,6.79,162290.18
2016-03-15,6.76,6.8,6.69,6.76,112680.67
2016-03-16,6.75,6.89,6.72,6.88,325996.83
2016-03-17,6.93,6.96,6.85,6.9,151313.16
2016-03-18,6.97,6.97,6.85,6.92,253656.91
2016-03-21,6.94,7.0,6.91,6.96,297549.67
2016-03-22,6.93,6.95,6.87,6.89,146961.3
2016-03-23,6.87,6.94,6.83,6.88,113214.84
2016-03-24,6.83,6.84,6.72,6.72,135299.84
2016-03-25,6.73,6.78,6.73,6.76,63327.84
2016-03-28,6.76,6.81,6.71,6.71,86729.0
2016-03-29,6.73,6.74,6.65,6.68,107095.61
2016-03-30,6.72,6.84,6.69,6.83,138059.0
2016-03-31,6.85,6.86,6.77,6.79,117661.89
2016-04-01,6.8,6.86,6.72,6.85,156726.14
2016-04-05,6.81,6.91,6.8,6.88,162189.98
2016-04-06,6.83,6.91,6.82,6.84,143416.9
2016-04-07,6.87,6.89,6.76,6.81,153296.66
2016-04-08,6.76,6.89,6.76,6.82,181929.54
2016-04-11,6.85,7.12,6.85,6.97,369602.62
2016-04-12,6.97,7.24,6.96,7.23,446655.24
2016-04-13,7.33,7.68,7.33,7.46,798074.88
2016-04-14,7.46,7.55,7.36,7.42,226456.67
2016-04-15,7.44,7.53,7.3,7.36,189692.92
2016-04-18,7.26,7.37,7.11,7.35,249492.0
2016-04-19,7.35,7.41,7.22,7.27,156014.41
2016-04-20,7.34,7.38,6.95,7.17,276503.23
2016-04-21,7.16,7.28,7.06,7.16,176758.81
2016-04-22,7.0,7.13,7.0,7.1,160175.92
2016-04-25,7.03,7.16,7.01,7.13,101414.57
2016-04-26,7.16,7.17,7.02,7.09,110011.07
2016-04-27,7.1,7.11,6.91,6.96,180266.49
2016-04-28,6.99,7.03,6.91,7.01,135264.69
2016-04-29,6.99,7.16,6.97,7.13,241687.25
2016-05-03,7.15,7.19,7.0,7.09,240350.57
2016-05-04,7.06,7.07,6.95,7.01,190581.88
2016-05-05,7.0,7.03,6.95,6.99,132248.76
2016-05-06,6.98,6.98,6.78,6.81,197199.64
2016-05-09,6.81,6.9,6.54,6.56,264992.67
2016-05-10,6.52,6.58,6.52,6.55,99150.48
2016-05-11,6.61,6.65,6.56,6.61,127211.65
2016-05-12,6.57,6.71,6.53,6.67,136899.02
2016-05-13,6.64,6.7,6.61,6.67,78464.5
2016-05-16,6.64,6.69,6.6,6.68,44155.95
2016-05-17,6.69,6.74,6.55,6.62,184370.53
2016-05-18,6.57,6.58,6.45,6.56,127954.47
2016-05-19,6.55,6.58,6.51,6.52,60809.07
2016-05-20,6.51,6.57,6.47,6.55,52669.53
2016-05-23,6.55,6.6,6.55,6.57,55737.13
2016-05-24,6.61,6.61,6.45,6.58,117636.18
2016-05-25,6.56,6.61,6.54,6.57,101310.99
2016-05-26,6.61,6.62,6.53,6.6,79004.86
2016-05-27,6.59,6.61,6.53,6.57,71457.64
2016-05-30,6.56,6.59,6.53,6.56,61829.17
2016-05-31,6.56,6.74,6.56,6.73,187828.11
2016-06-01,6.72,6.76,6.69,6.7,117516.79
2016-06-02,6.71,6.76,6.67,6.69,92684.03
2016-06-03,6.69,6.72,6.66,6.71,86368.48
2016-06-06,6.7,6.71,6.65,6.66,91609.37
2016-06-07,6.69,6.69,6.66,6.68,85038.08
2016-06-08,6.67,6.7,6.65,6.69,67742.33
2016-06-13,6.64,6.64,6.47,6.48,114971.0
2016-06-14,6.48,6.51,6.44,6.48,58043.3
2016-06-15,6.44,6.55,6.42,6.53,83954.51
2016-06-16,6.5,6.53,6.45,6.46,88417.8
2016-06-17,6.49,6.62,6.47,6.55,121272.12
2016-06-20,6.54,6.56,6.48,6.52,57981.45
2016-06-21,6.54,6.59,6.47,6.5,92351.96
2016-06-22,6.5,6.65,6.48,6.65,158536.86
2016-06-23,6.65,6.75,6.62,6.72,208048.86
2016-06-24,6.68,6.72,6.47,6.61,125992.7
2016-06-27,6.59,6.83,6.57,6.81,229423.46
2016-06-28,6.76,6.83,6.72,6.81,110899.23
2016-06-29,6.82,6.89,6.76,6.82,143531.51
2016-06-30,6.83,6.85,6.78,6.79,69999.39
2016-07-01,6.78,6.93,6.78,6.85,141251.36
2016-07-04,6.91,7.11,6.84,7.06,214265.61
2016-07-05,7.01,7.14,7.01,7.03,167396.39
2016-07-06,7.0,7.1,6.95,7.06,114231.66
2016-07-07,7.07,7.14,7.04,7.08,144125.84
2016-07-08,7.07,7.07,6.96,7.01,93761.59
2016-07-11,7.01,7.22,6.99,7.11,187658.56
2016-07-12,7.11,7.63,7.11,7.45,455776.33
2016-07-13,7.41,7.47,7.31,7.38,184006.49
2016-07-14,7.37,7.38,7.21,7.29,162595.92
2016-07-15,7.4,7.74,7.4,7.54,474390.56
2016-07-18,7.49,7.51,7.29,7.41,177862.48
2016-07-19,7.36,7.43,7.31,7.4,108654.71
2016-07-20,7.38,7.59,7.36,7.39,156197.85
2016-07-21,7.42,7.42,7.3,7.33,170885.73
2016-07-22,7.52,7.52,7.29,7.35,179569.95
2016-07-25,7.34,7.34,7.22,7.25,148211.76
2016-07-26,7.25,7.35,7.24,7.34,108884.63
2016-07-27,7.35,7.46,7.11,7.24,316809.0
2016-07-28,7.21,7.28,7.17,7.26,106449.07
2016-07-29,7.25,7.34,7.22,7.24,100222.15
2016-08-01,7.26,7.39,7.22,7.38,268355.3
2016-08-02,7.36,7.44,7.29,7.44,157309.05
2016-08-03,7.41,7.48,7.37,7.39,98350.91
2016-08-04,7.38,7.43,7.33,7.38,63152.68
2016-08-05,7.4,7.42,7.34,7.35,62134.86
2016-08-08,7.37,7.64,7.37,7.56,309061.04
2016-08-09,7.53,7.57,7.45,7.54,171263.82
2016-08-10,7.56,7.66,7.5,7.51,228128.4
2016-08-11,7.47,7.51,7.38,7.41,233321.46
2016-08-12,7.42,7.5,7.37,7.49,127051.31
2016-08-15,7.51,7.69,7.48,7.62,289529.34
2016-08-16,7.68,7.84,7.55,7.56,469163.92
2016-08-17,7.6,7.63,7.51,7.59,174066.42
2016-08-18,7.56,7.66,7.45,7.48,296127.44
2016-08-19,7.48,7.5,7.38,7.44,231582.17
2016-08-22,7.43,7.47,7.39,7.4,101726.01
2016-08-23,7.37,7.44,7.36,7.4,123705.9
2016-08-24,7.41,7.41,7.34,7.35,115591.22
2016-08-25,7.31,7.42,7.31,7.38,150858.23
2016-08-26,7.39,7.39,7.34,7.36,97342.03
2016-08-29,7.34,7.38,7.31,7.37,99810.94
2016-08-30,7.38,7.42,7.36,7.39,73262.8
2016-08-31,7.38,7.41,7.36,7.41,68068.28
2016-09-01,7.41,7.43,7.36,7.37,83321.91
2016-09-02,7.36,7.44,7.34,7.43,108883.87
2016-09-05,7.46,7.56,7.43,7.49,146481.77
2016-09-06,7.5,7.53,7.44,7.47,147531.93
2016-09-07,7.47,7.49,7.4,7.4,139189.72
2016-09-08,7.4,7.47,7.37,7.47,96621.65
2016-09-09,7.45,7.58,7.45,7.48,155335.28
2016-09-12,7.37,7.48,7.32,7.47,196825.93
2016-09-13,7.45,7.46,7.37,7.44,70792.52
2016-09-14,7.39,7.42,7.33,7.36,72760.88
2016-09-19,7.36,7.4,7.35,7.38,54568.02
2016-09-20,7.38,7.42,7.35,7.4,61184.99
2016-09-21,7.41,7.43,7.38,7.4,45518.75
2016-09-22,7.44,7.55,7.42,7.52,194845.63
2016-09-23,7.52,7.57,7.49,7.53,92486.63
2016-09-26,7.51,7.56,7.4,7.4,147588.92
2016-09-27,7.4,7.42,7.36,7.41,66677.47
2016-09-28,7.42,7.45,7.36,7.37,48878.28
2016-09-29,7.43,7.55,7.43,7.5,148876.53
2016-09-30,7.49,7.53,7.46,7.51,83369.39
2016-10-10,7.65,7.68,7.56,7.61,173337.45
2016-10-11,7.64,7.74,7.63,7.67,167777.45
2016-10-12,7.64,7.68,7.6,7.66,106291.76
2016-10-13,7.68,7.74,7.64,7.66,132610.18
2016-10-14,7.65,7.68,7.57,7.67,85825.56
2016-10-17,7.67,7.74,7.64,7.65,173586.51
2016-10-18,7.65,7.84,7.63,7.81,224906.52
2016-10-19,7.86,7.99,7.81,7.86,292128.56
2016-10-20,7.9,7.94,7.84,7.87,124517.04
2016-10-21,7.9,8.06,7.9,7.96,247796.97
2016-10-24,8.03,8.66,8.01,8.54,753469.34
2016-10-25,8.49,8.73,8.36,8.58,554714.58
2016-10-26,8.49,8.49,8.33,8.39,315257.42
2016-10-27,8.36,8.48,8.18,8.28,286642.73
2016-10-28,8.24,8.36,8.21,8.32,196587.6
2016-10-31,8.36,8.41,8.27,8.34,136477.59
2016-11-01,8.34,8.53,8.31,8.44,257094.23
2016-11-02,8.45,8.54,8.32,8.33,214246.19
2016-11-03,8.31,8.45,8.2,8.41,188981.63
2016-11-04,8.44,8.72,8.41,8.57,394345.56
2016-11-07,8.64,9.17,8.64,8.98,518738.3
2016-11-08,9.01,9.03,8.67,8.72,424318.08
2016-11-09,8.77,8.9,8.46,8.74,482331.52
2016-11-10,8.84,8.89,8.62,8.74,315196.4
2016-11-11,8.72,8.99,8.62,8.77,442138.58
2016-11-14,8.68,8.97,8.64,8.74,542496.06
2016-11-15,8.74,8.83,8.45,8.52,359506.36
2016-11-16,8.53,8.53,8.42,8.5,294149.17
2016-11-17,8.47,8.56,8.35,8.54,178630.27
2016-11-18,8.54,8.54,8.36,8.37,197410.52
2016-11-21,8.35,8.51,8.35,8.4,188630.05
2016-11-22,8.45,8.75,8.45,8.73,485154.49
2016-11-23,8.79,8.79,8.55,8.57,269247.86
2016-11-24,8.72,8.77,8.57,8.61,221746.57
2016-11-25,8.61,8.65,8.43,8.61,177646.52
2016-11-28,8.64,8.83,8.59,8.78,358593.29
2016-11-29,8.7,8.81,8.55,8.64,316101.63
2016-11-30,8.55,8.59,8.34,8.36,299511.41
2016-12-01,8.39,8.51,8.35,8.45,239796.31
2016-12-02,8.44,8.58,8.41,8.46,259664.82
2016-12-05,8.36,8.54,8.31,8.43,219536.17
2016-12-06,8.47,8.63,8.45,8.45,163539.12
2016-12-07,8.49,8.58,8.4,8.56,125487.88
2016-12-08,8.56,8.66,8.53,8.54,141977.4
2016-12-09,8.49,8.61,8.44,8.56,120287.65
2016-12-12,8.65,8.79,8.44,8.51,361133.41
2016-12-13,8.44,8.46,8.27,8.44,183528.99
2016-12-14,8.37,8.4,8.2,8.22,178884.59
2016-12-15,8.2,8.25,7.95,8.06,294187.4
2016-12-16,8.05,8.05,7.88,7.95,214916.1
2016-12-19,7.95,8.07,7.92,7.97,140928.21
2016-12-20,7.97,7.98,7.86,7.95,138873.74
2016-12-21,7.95,8.06,7.94,8.0,166839.71
2016-12-22,7.98,8.01,7.93,7.95,126949.64
2016-12-23,7.97,7.97,7.72,7.83,236843.44
2016-12-26,7.8,7.8,7.63,7.76,130031.57
2016-12-27,7.73,7.78,7.72,7.73,76320.98
2016-12-28,7.79,7.81,7.72,7.75,90038.05
2016-12-29,7.87,8.01,7.84,7.92,244864.75
2016-12-30,7.9,8.01,7.88,7.99,112932.04
2017-01-03,8.0,8.05,7.93,8.0,114485.03
2017-01-04,7.99,8.07,7.96,8.05,131478.56
2017-01-05,8.08,8.14,8.04,8.05,117168.44
2017-01-06,8.07,8.13,8.0,8.09,116721.56
2017-01-09,8.07,8.21,8.07,8.15,121135.63
2017-01-10,8.1,8.26,8.09,8.22,114471.93
2017-01-11,8.22,8.33,8.15,8.16,214718.62
2017-01-12,8.16,8.26,8.12,8.13,108131.18
2017-01-13,8.17,8.22,8.11,8.2,124182.02
2017-01-16,8.25,8.37,8.15,8.34,306768.6
2017-01-17,8.3,8.36,8.26,8.33,85039.0
2017-01-18,8.35,8.48,8.28,8.42,140844.2
2017-01-19,8.41,8.49,8.35,8.39,76064.68
2017-01-20,8.36,8.45,8.36,8.45,77105.33
2017-01-23,8.45,8.52,8.45,8.46,104219.34
2017-01-24,8.47,8.56,8.41,8.54,140301.48
2017-01-25,8.58,8.58,8.46,8.49,85810.56
2017-01-26,8.44,8.52,8.36,8.5,199140.84
2017-02-03,8.45,8.5,8.35,8.36,117683.62
2017-02-06,8.38,8.39,8.2,8.26,177482.62
2017-02-07,8.23,8.3,8.21,8.26,109237.63
2017-02-08,8.22,8.34,8.22,8.32,83898.42
2017-02-09,8.31,8.4,8.31,8.34,92237.6
2017-02-10,8.37,8.47,8.33,8.43,148373.18
2017-02-13,8.57,8.67,8.47,8.49,237090.79
2017-02-14,8.48,8.57,8.47,8.55,108883.06
2017-02-15,8.53,8.63,8.48,8.55,180240.83
2017-02-16,8.54,8.62,8.52,8.59,159076.76
2017-02-17,8.61,8.63,8.44,8.45,169747.18
2017-02-20,8.46,8.54,8.42,8.53,161473.65
2017-02-21,8.54,8.58,8.48,8.54,167499.09
2017-02-22,8.51,8.54,8.44,8.48,136917.2
2017-02-23,8.49,8.54,8.37,8.42,131543.18
2017-02-24,8.37,8.41,8.29,8.37,142603.79
2017-02-27,8.38,8.45,8.32,8.34,109908.4
2017-02-28,8.36,8.39,8.31,8.37,90092.08
2017-03-01,8.36,8.4,8.32,8.34,139075.24
2017-03-02,8.38,8.4,8.29,8.29,129499.79
2017-03-03,8.29,8.29,8.2,8.23,109897.77
2017-03-06,8.25,8.37,8.25,8.33,135124.95
2017-03-07,8.33,8.35,8.28,8.33,82573.57
2017-03-08,8.32,8.34,8.27,8.3,68201.23
2017-03-09,8.27,8.27,8.04,8.2,254455.91
2017-03-10,8.15,8.19,8.05,8.1,129075.19
2017-03-13,8.09,8.17,8.01,8.15,156874.51
2017-03-14,8.15,8.18,8.1,8.14,133830.44
2017-03-15,8.18,8.29,8.14,8.29,211978.49
2017-03-16,8.3,8.35,8.26,8.3,136511.93
2017-03-17,8.35,8.37,8.23,8.24,168132.52
2017-03-20,9.07,9.07,9.07,9.07,105436.46
2017-03-21,9.63,9.97,9.47,9.82,1669405.24
2017-03-22,9.6,9.65,9.5,9.63,764399.44
2017-03-23,9.64,9.65,9.45,9.55,517543.95
2017-03-24,9.53,9.6,9.41,9.53,455235.0
2017-03-27,9.56,9.6,9.41,9.42,376619.11
2017-03-28,9.39,9.47,9.34,9.41,285199.32
2017-03-29,9.43,9.55,9.4,9.46,314449.29
2017-03-30,9.53,9.66,9.43,9.48,351477.01
2017-03-31,9.48,9.65,9.42,9.56,347412.72
2017-04-05,9.57,9.61,9.46,9.56,269380.42
2017-04-06,9.56,9.56,9.43,9.47,242476.97
2017-04-07,9.48,9.56,9.48,9.53,230434.02
2017-04-10,9.58,9.81,9.56,9.68,530910.13
2017-04-11,9.72,9.74,9.47,9.61,305225.93
2017-04-12,9.56,9.57,9.47,9.51,183570.41
2017-04-13,9.49,9.55,9.49,9.53,125452.35
2017-04-14,9.55,9.56,9.46,9.5,152920.4
2017-04-17,9.52,9.54,9.44,9.53,159424.1
2017-04-18,9.51,9.54,9.47,9.49,118645.74
2017-04-19,9.46,9.48,9.24,9.38,252749.83
2017-04-20,9.36,9.38,9.26,9.37,191564.23
2017-04-21,9.38,9.47,9.32,9.46,174787.46
2017-04-24,9.43,9.54,9.32,9.53,203870.51
2017-04-25,9.47,9.54,9.44,9.49,161173.85
2017-04-26,9.47,9.53,9.44,9.46,118231.31
2017-04-27,9.48,9.54,9.4,9.54,167938.0
2017-04-28,9.52,9.66,9.5,9.62,215233.11
2017-05-02,9.75,9.92,9.69,9.78,350991.6
2017-05-03,9.76,9.93,9.7,9.91,263792.49
2017-05-04,9.91,9.91,9.71,9.82,233193.09
2017-05-05,9.73,9.81,9.54,9.77,325402.06
2017-05-08,9.68,9.82,9.58,9.82,265857.32
2017-05-09,9.75,9.81,9.67,9.75,115749.37
2017-05-10,9.72,9.82,9.65,9.74,135699.85
2017-05-11,9.73,9.81,9.58,9.77,262408.8
2017-05-12,9.74,9.78,9.66,9.73,104201.81
2017-05-15,9.73,10.04,9.73,10.01,282472.48
2017-05-16,10.02,10.03,9.83,9.98,208705.2
2017-05-17,9.98,10.01,9.88,9.9,151166.3
2017-05-18,9.83,9.93,9.79,9.81,133430.33
2017-05-19,9.84,9.9,9.78,9.87,94411.68
2017-05-22,9.89,9.96,9.78,9.95,142948.9
2017-05-23,9.93,10.64,9.9,10.36,460987.93
2017-05-24,10.35,10.49,10.22,10.42,248137.7
2017-05-25,10.38,10.69,10.35,10.59,311639.24
2017-05-26,10.51,10.66,10.45,10.64,254110.38
2017-05-31,10.68,10.69,10.31,10.58,403483.65
2017-06-01,10.49,10.75,10.39,10.73,341637.15
2017-06-02,10.69,11.02,10.66,11.01,282448.2
2017-09-01,12.11,12.11,12.11,12.11,71093.89
2017-09-04,13.32,13.32,12.59,12.84,1869768.48
2017-09-05,12.62,12.66,12.1,12.21,905303.54
2017-09-06,12.14,12.38,12.09,12.22,524637.2
2017-09-07,12.28,12.28,11.78,11.81,541182.26
2017-09-08,11.83,12.1,11.83,11.96,358559.43
2017-09-11,11.96,12.03,11.81,11.88,333640.42
2017-09-12,11.98,12.38,11.98,12.29,534871.57
2017-09-13,12.34,12.46,12.14,12.39,377336.93
2017-09-14,12.37,12.45,12.01,12.07,335627.72
2017-09-15,11.98,12.06,11.6,11.68,373346.2
2017-09-18,11.6,11.75,11.56,11.62,245525.69
2017-09-19,11.69,11.71,11.49,11.61,283681.24
2017-09-20,11.6,11.81,11.58,11.69,227989.09
2017-09-21,11.7,11.84,11.57,11.66,190197.1
2017-09-22,11.62,11.76,11.51,11.75,175474.6
2017-09-25,11.69,11.87,11.58,11.84,210425.81
2017-09-26,11.82,12.13,11.8,12.1,259541.48
2017-09-27,12.05,12.3,12.05,12.13,212550.18
2017-09-28,12.16,12.16,12.03,12.1,126505.92
2017-09-29,12.07,12.18,11.84,11.93,181961.52
2017-10-09,12.09,12.18,11.77,11.79,254983.7
2017-10-10,11.82,11.82,11.56,11.67,321015.94
2017-10-11,11.66,11.74,11.62,11.72,132225.25
2017-10-12,11.74,11.74,11.46,11.54,232582.51
2017-10-13,11.57,11.69,11.57,11.64,126151.05
2017-10-16,11.69,11.71,11.6,11.65,128643.58
2017-10-17,11.66,11.73,11.53,11.54,161665.82
2017-10-18,11.53,11.72,11.53,11.7,169672.89
2017-10-19,11.69,11.8,11.6,11.79,199618.62
2017-10-20,11.79,11.81,11.65,11.69,106225.7
2017-10-23,11.68,11.68,11.57,11.6,96638.49
2017-10-24,11.61,11.75,11.57,11.73,159743.81
2017-10-25,11.69,11.89,11.67,11.8,138496.65
2017-10-26,11.82,12.12,11.71,11.76,351470.25
2017-10-27,11.79,11.95,11.69,11.8,236034.87
2017-10-30,11.76,11.82,11.53,11.74,235500.23
2017-10-31,11.69,11.89,11.65,11.84,152610.24
2017-11-01,11.81,11.96,11.62,11.64,264962.44
2017-11-02,11.65,11.7,11.56,11.66,146887.86
2017-11-03,11.68,11.73,11.47,11.72,225534.83
2017-11-06,11.64,11.69,11.56,11.62,127991.1
2017-11-07,11.65,11.71,11.53,11.65,231869.18
2017-11-08,11.65,11.75,11.6,11.7,240289.52
2017-11-09,11.76,12.59,11.76,12.56,763486.17
2017-11-10,12.4,12.51,12.22,12.31,480615.44
2017-11-13,12.23,12.9,12.23,12.73,613264.14
2017-11-14,12.73,13.78,12.73,13.41,810825.26
2017-11-15,13.2,13.68,13.05,13.62,555042.21
2017-11-16,13.49,13.49,13.11,13.43,416405.66
2017-11-17,13.33,13.4,12.8,13.32,672470.76
2017-11-20,13.15,13.52,12.88,13.5,422197.89
2017-11-21,13.5,14.07,13.16,13.21,755440.5
2017-11-22,13.39,13.93,13.16,13.9,871727.94
2017-11-23,13.98,14.17,13.4,13.45,864202.25
2017-11-24,13.22,13.31,12.79,13.13,576549.95
2017-11-27,13.03,13.22,12.82,13.15,381835.09
2017-11-28,13.09,13.32,12.75,13.29,332942.04
2017-11-29,13.33,13.91,13.33,13.62,606750.62
2017-11-30,13.62,14.03,13.46,13.56,418425.53
2017-12-01,13.4,13.43,12.92,13.11,469920.13
2017-12-04,13.16,13.24,12.8,13.0,332586.8
2017-12-05,12.99,13.39,12.82,13.29,543315.74
2017-12-06,13.23,13.23,12.83,12.95,320230.91
2017-12-07,12.97,12.98,12.45,12.55,341096.37
2017-12-08,12.38,12.69,12.25,12.46,269249.3
2017-12-11,12.54,12.84,12.54,12.76,223486.97
2017-12-12,12.76,12.76,12.42,12.43,162763.7
2017-12-13,12.39,12.68,12.37,12.64,136477.17
2017-12-14,12.63,12.78,12.52,12.58,137107.31
2017-12-15,12.62,12.63,12.31,12.42,160488.18
2017-12-18,12.47,12.82,12.36,12.81,243723.52
2017-12-19,12.73,12.9,12.7,12.8,177389.55
2017-12-20,12.8,13.1,12.74,12.86,202754.91
2017-12-21,12.76,12.98,12.54,12.94,171692.45
2017-12-22,12.91,13.24,12.9,13.18,232103.94
2017-12-25,13.21,13.26,12.99,13.17,175189.19
2017-12-26,13.14,13.14,12.88,13.05,173754.67
2017-12-27,13.05,13.54,12.99,13.16,330773.67
2017-12-28,13.11,13.49,12.99,13.32,290434.51
2017-12-29,13.25,13.39,13.15,13.2,139039.77
2018-01-02,13.28,13.6,13.21,13.57,378910.03
2018-01-03,13.48,13.71,13.24,13.28,490281.12
2018-01-04,13.29,13.45,13.13,13.16,455519.51
2018-01-05,13.26,13.71,13.19,13.48,518402.06
2018-01-08,13.51,14.64,13.51,14.29,928970.79
2018-01-09,14.29,14.29,13.94,14.13,458875.0
2018-01-10,14.06,14.5,14.02,14.19,542198.87
2018-01-11,14.22,14.31,13.72,13.84,465576.68
2018-01-12,13.81,14.02,13.76,13.88,305231.89
2018-01-15,13.88,13.88,13.34,13.4,391945.15
2018-01-16,13.35,13.57,13.07,13.24,513027.06
2018-01-17,13.25,13.6,13.17,13.41,473301.88
2018-01-18,13.29,13.54,13.29,13.4,545282.7
2018-01-19,13.45,13.89,13.43,13.77,735164.46
2018-01-22,13.82,14.1,13.74,13.93,537294.97
2018-01-23,13.94,14.27,13.94,14.23,562129.32
2018-01-24,14.36,14.43,13.94,14.13,447505.66
2018-01-25,14.26,14.51,14.2,14.33,518654.14
2018-01-26,14.3,14.53,14.18,14.42,380924.7
2018-01-29,14.6,15.35,14.6,14.89,808843.29
2018-01-30,14.91,15.18,14.62,14.76,511278.02
2018-01-31,14.7,15.07,14.56,15.04,400357.35
2018-02-01,15.08,15.64,15.02,15.29,575922.71
2018-02-02,15.21,16.57,14.84,16.33,856997.15
2018-02-05,16.13,16.77,15.9,16.35,941552.28
2018-02-06,15.73,16.15,15.57,15.9,829182.26
2018-02-07,16.3,16.62,15.13,15.33,878337.53
2018-02-08,14.81,15.0,14.05,14.5,823573.24
2018-02-09,13.74,14.18,13.05,13.84,824170.15
2018-02-12,13.67,13.9,13.31,13.62,478063.34
2018-02-13,13.93,14.15,13.73,13.93,410660.85
2018-02-14,13.93,14.12,13.68,14.07,305626.05
2018-02-22,14.34,14.55,14.11,14.46,392804.33
2018-02-23,14.54,14.7,14.31,14.6,364989.84
2018-02-26,14.67,15.05,14.5,14.72,410289.83
2018-02-27,14.73,14.74,13.89,13.97,541745.63
2018-02-28,13.78,13.98,13.42,13.77,370275.17
2018-03-01,13.56,13.76,13.43,13.58,365914.68
2018-03-02,13.44,13.48,13.14,13.31,322803.57
2018-03-05,13.37,13.55,13.27,13.38,256469.5
2018-03-06,13.48,13.7,13.16,13.64,421789.2
2018-03-07,13.62,13.67,13.32,13.41,238480.75
2018-03-08,13.41,13.44,13.22,13.28,284502.23
2018-03-09,13.31,13.41,13.14,13.23,314727.35
2018-03-12,13.27,13.43,13.16,13.25,389823.5
2018-03-13,13.26,13.41,13.23,13.32,276867.78
2018-03-14,13.32,13.47,13.12,13.39,310668.54
2018-03-15,13.31,13.46,13.21,13.44,275432.25
2018-03-16,13.44,13.45,13.22,13.23,240833.63
2018-03-19,13.14,13.15,12.51,12.52,552828.99
2018-03-20,12.37,12.74,12.26,12.67,293993.05
2018-03-21,12.66,12.75,12.49,12.67,286554.64
2018-03-22,12.68,12.73,12.47,12.66,235557.85
2018-03-23,12.17,12.67,12.01,12.64,550763.4
2018-03-26,12.07,12.34,11.86,12.0,433047.33
2018-03-27,12.13,12.18,11.9,12.1,354347.78
2018-03-28,11.88,12.05,11.77,11.82,252792.45
2018-03-29,11.74,12.15,11.4,12.04,476558.52
2018-03-30,11.97,12.04,11.82,11.88,211671.14
2018-04-02,11.91,12.14,11.86,11.88,206381.28
2018-04-03,11.69,11.7,11.54,11.56,198437.53
2018-04-04,11.62,11.71,11.47,11.49,157705.57
2018-04-09,11.47,11.62,11.4,11.56,167732.38
2018-04-10,11.6,11.97,11.56,11.96,295930.09
2018-04-11,12.1,12.13,11.88,11.95,257112.64
2018-04-12,11.97,11.99,11.72,11.77,186307.11
2018-04-13,11.84,11.91,11.72,11.73,146244.15
2018-04-16,11.74,11.75,11.29,11.35,323682.24
2018-04-17,11.31,11.45,11.14,11.15,230868.73
2018-04-18,11.24,11.35,11.12,11.29,226993.37
2018-04-19,11.34,11.77,11.34,11.75,306867.32
2018-04-20,11.63,11.76,11.43,11.71,216381.29
2018-04-23,11.6,11.78,11.52,11.73,154667.29
2018-04-24,11.76,12.28,11.76,12.04,354002.28
2018-04-25,11.93,11.98,11.75,11.8,192519.68
2018-04-26,11.85,11.9,11.57,11.79,163019.15
2018-04-27,11.78,12.02,11.56,11.93,244362.37
2018-05-02,11.74,11.76,11.49,11.54,198844.33
2018-05-03,11.49,11.78,11.49,11.65,167674.86
2018-05-04,11.69,11.73,11.54,11.57,166604.53
2018-05-07,11.63,11.91,11.54,11.9,275929.99
2018-05-08,11.92,12.07,11.86,12.05,219546.34
2018-05-09,12.07,12.3,11.99,12.09,262174.93
2018-05-10,12.19,12.34,12.14,12.25,262093.25
2018-05-11,12.31,12.39,12.07,12.21,208084.39
2018-05-14,12.3,12.39,12.19,12.25,233443.28
2018-05-15,12.25,12.28,11.98,12.11,211171.15
2018-05-16,12.07,12.21,11.98,12.06,196113.93
2018-05-17,12.06,12.19,12.06,12.13,129220.84
2018-05-18,12.14,12.76,12.1,12.72,472384.74
2018-05-21,12.59,12.77,12.52,12.58,295706.87
2018-05-22,12.58,12.63,12.39,12.46,194388.29
2018-05-23,12.31,12.31,11.48,11.59,595708.3
2018-05-24,11.55,11.73,11.48,11.63,196179.22
2018-05-25,11.64,11.72,11.57,11.69,161434.14
2018-05-28,11.72,11.8,11.65,11.7,110472.48
2018-05-29,11.77,11.94,11.74,11.78,163927.94
2018-05-30,11.57,11.67,11.4,11.43,159126.88
2018-05-31,11.52,11.65,11.46,11.62,128917.95
2018-06-01,11.7,12.01,11.7,11.78,245862.92
2018-06-04,11.87,12.02,11.81,11.93,173652.56
2018-06-05,11.93,11.96,11.7,11.85,186263.3
2018-06-06,11.83,12.0,11.78,11.97,198263.01
2018-06-07,12.02,12.17,11.99,12.13,215144.93
2018-06-08,12.07,12.17,11.81,11.91,235251.62
2018-06-11,11.82,11.9,11.65,11.78,149127.35
2018-06-12,11.78,12.07,11.75,12.04,245427.11
2018-06-13,12.04,12.04,11.82,11.93,252862.13
2018-06-14,11.85,12.01,11.82,11.95,230049.69
2018-06-15,11.94,12.18,11.89,12.07,291118.97
2018-06-19,11.97,12.37,11.65,12.2,847863.94
2018-06-20,12.08,12.13,11.92,11.98,189332.98
2018-06-21,12.03,12.39,12.02,12.07,293939.76
2018-06-22,11.89,12.03,11.54,11.98,159934.37
2018-06-25,12.02,12.05,11.62,11.65,241233.95
2018-06-26,11.51,11.64,11.28,11.41,216216.01
2018-06-27,11.45,11.57,11.21,11.36,214379.32
2018-06-28,11.27,11.38,11.18,11.21,134593.5
2018-06-29,11.23,11.39,11.15,11.36,106685.04
2018-07-02,11.4,11.51,10.66,10.86,283609.16
2018-07-03,10.83,10.84,10.38,10.7,218974.86
2018-07-04,10.66,10.81,10.61,10.73,155375.48
2018-07-05,10.73,10.9,10.48,10.9,206583.43
2018-07-06,10.78,11.03,10.74,11.0,188263.77
2018-07-09,10.99,11.11,10.77,11.09,191191.88
2018-07-10,11.06,11.09,10.8,10.91,198405.35
2018-07-11,10.65,10.67,10.42,10.48,185314.76
2018-07-12,10.5,10.73,10.48,10.65,263880.63
2018-07-13,10.64,10.64,10.41,10.49,237327.37
2018-07-16,10.48,10.6,10.47,10.57,189708.91
2018-07-17,10.53,10.54,10.26,10.37,181694.57
2018-07-18,10.4,10.45,10.26,10.29,143704.31
2018-07-19,10.34,10.39,10.25,10.28,117786.87
2018-07-20,10.23,10.41,9.98,10.36,208923.69
2018-07-23,10.26,10.74,10.25,10.72,285016.34
2018-07-24,10.72,11.22,10.71,11.14,405803.98
2018-07-25,11.12,11.21,10.95,11.03,146471.39
2018-07-26,11.06,11.21,10.89,10.94,126148.06
2018-07-27,11.0,11.04,10.88,10.99,102544.21
2018-07-30,10.99,11.14,10.85,11.01,133191.77
2018-07-31,11.0,11.06,10.86,10.99,89482.27
2018-08-01,11.03,11.11,10.71,10.71,132624.24
2018-08-02,10.69,10.7,10.4,10.5,139174.74
2018-08-03,10.45,10.84,10.45,10.52,168710.38
2018-08-06,10.55,10.61,10.3,10.4,130042.56
2018-08-07,10.51,10.84,10.41,10.84,194875.77
2018-08-08,10.77,10.97,10.75,10.88,168526.87
2018-08-09,10.81,11.01,10.72,10.93,195189.49
2018-08-10,10.93,10.95,10.77,10.83,100654.97
2018-08-13,10.77,10.77,10.51,10.7,154102.98
2018-08-14,10.67,10.79,10.56,10.7,112942.46
2018-08-15,10.75,10.75,10.36,10.36,163778.49
2018-08-16,10.16,10.46,10.1,10.33,131753.63
2018-08-17,10.43,10.44,10.26,10.29,81006.71
2018-08-20,10.37,10.52,10.23,10.49,120539.89
2018-08-21,10.52,10.62,10.42,10.56,121019.63
2018-08-22,10.52,10.67,10.48,10.58,88722.17
2018-08-23,10.56,10.67,10.37,10.5,100596.32
2018-08-24,10.48,10.49,10.33,10.43,71946.73
2018-08-27,10.49,10.8,10.45,10.77,185709.75
2018-08-28,10.81,11.06,10.75,10.87,226214.9
2018-08-29,10.93,11.08,10.9,10.98,152285.83
2018-08-30,10.96,11.16,10.96,11.03,174966.5
2018-08-31,11.03,11.08,10.77,11.05,184055.17
2018-09-03,10.95,11.08,10.78,10.93,132759.03
2018-09-04,10.96,11.12,10.81,11.06,135466.72
2018-09-05,10.96,11.02,10.73,10.74,124192.4
2018-09-06,10.71,10.96,10.69,10.77,107211.78
2018-09-07,11.09,11.36,10.94,11.29,378481.78
2018-09-10,11.18,11.27,11.05,11.11,153068.74
2018-09-11,11.14,11.14,10.81,10.88,164384.78
2018-09-12,10.86,10.96,10.77,10.86,88417.21
2018-09-13,11.02,11.08,10.84,10.97,97217.03
2018-09-14,10.97,11.08,10.87,11.06,118982.17
2018-09-17,11.0,11.02,10.8,10.84,90701.4
2018-09-18,10.77,11.11,10.77,11.11,123372.49
2018-09-19,11.05,11.48,11.03,11.31,228447.14
2018-09-20,11.35,11.42,11.13,11.17,200731.45
2018-09-21,11.2,11.91,11.19,11.88,446947.19
2018-09-25,11.66,11.81,11.58,11.72,233115.35
2018-09-26,11.72,12.18,11.72,11.9,306235.77
2018-09-27,11.9,12.22,11.84,12.12,246200.59
2018-09-28,12.15,12.29,12.02,12.19,214930.18
2018-10-08,11.88,12.15,11.85,11.92,214881.75
2018-10-09,11.93,12.46,11.91,12.24,257539.53
2018-10-10,12.24,12.65,12.19,12.58,299554.3
2018-10-11,12.1,12.44,11.87,11.99,362503.16
2018-10-12,12.09,12.33,11.88,12.31,341676.72
2018-10-15,12.19,12.27,11.88,11.95,233209.55
2018-10-16,11.93,12.16,11.88,11.95,154349.51
2018-10-17,12.12,12.24,11.66,12.11,206543.78
2018-10-18,11.96,12.01,11.33,11.39,286874.66
2018-10-19,11.33,11.82,11.17,11.71,257510.27
2018-10-22,11.75,12.38,11.73,12.07,361185.37
2018-10-23,12.09,12.34,11.87,11.96,409669.13
2018-10-24,11.9,12.28,11.84,12.12,204270.29
2018-10-25,11.81,11.94,11.53,11.9,244489.2
2018-10-26,11.99,12.4,11.78,12.18,228501.67
2018-10-29,12.1,12.1,11.66,11.78,235257.14
2018-10-30,11.78,11.89,11.43,11.64,194399.01
2018-10-31,11.66,12.06,11.65,11.98,199901.47
2018-11-01,12.1,12.16,11.84,11.92,213716.33
2018-11-02,12.11,12.16,11.76,12.09,298190.18
2018-11-05,12.03,12.06,11.9,12.02,155705.77
2018-11-06,12.0,12.22,11.97,12.19,189982.09
2018-11-07,12.27,12.3,11.98,12.2,184837.52
2018-11-08,12.25,12.52,12.15,12.42,219772.87
2018-11-09,12.36,12.47,12.22,12.24,116179.61
2018-11-12,12.19,12.24,11.79,11.96,313404.57
2018-11-13,11.78,11.93,11.66,11.85,217482.24
2018-11-14,11.77,11.8,11.58,11.66,199535.75
2018-11-15,11.65,11.82,11.61,11.82,115698.42
2018-11-16,11.82,11.87,11.73,11.78,124062.1
2018-11-19,11.82,11.97,11.73,11.97,137449.19
2018-11-20,11.89,11.91,11.65,11.7,135684.55
2018-11-21,11.6,11.7,11.44,11.66,183108.93
2018-11-22,11.66,11.68,11.45,11.51,89928.67
2018-11-23,11.44,11.52,11.31,11.32,108468.97
2018-11-26,11.39,11.48,11.25,11.26,79327.95
2018-11-27,11.35,11.36,10.98,11.02,119840.02
2018-11-28,11.04,11.23,11.03,11.21,79557.83
2018-11-29,11.27,11.29,11.07,11.08,69116.21
2018-11-30,11.07,11.33,11.02,11.21,119942.71
2018-12-03,11.57,11.59,11.39,11.41,137571.94
2018-12-04,11.45,11.54,11.31,11.48,107228.97
2018-12-05,11.36,11.52,11.27,11.48,116867.06
2018-12-06,11.3,11.38,11.15,11.16,113907.69
2018-12-07,11.23,11.45,11.17,11.41,111274.15
2018-12-10,11.3,11.47,11.29,11.41,85571.13
2018-12-11,11.38,11.44,11.35,11.41,46502.58
2018-12-12,11.59,11.59,11.45,11.5,74312.89
2018-12-13,11.57,11.65,11.5,11.57,105036.49
2018-12-14,11.6,11.68,11.54,11.56,119968.72
2018-12-17,11.54,11.67,11.52,11.64,94488.46
2018-12-18,11.54,11.66,11.38,11.41,73890.77
2018-12-19,11.44,11.57,11.36,11.42,90333.81
2018-12-20,11.39,11.61,11.35,11.55,121258.47
2018-12-21,11.5,11.5,11.27,11.3,96851.34
2018-12-24,11.24,11.42,11.15,11.3,57906.79
2018-12-25,11.19,11.29,10.83,11.02,101293.42
2018-12-26,10.99,11.06,10.7,10.72,129848.28
2018-12-27,10.85,10.91,10.71,10.73,151371.31
2018-12-28,10.77,10.85,10.65,10.74,88289.88
2019-01-02,10.72,10.8,10.53,10.62,143009.97
2019-01-03,10.62,10.75,10.53,10.57,99888.61
2019-01-04,10.52,10.81,10.39,10.8,124004.48
2019-01-07,10.88,10.9,10.7,10.79,148207.14
2019-01-08,10.83,11.03,10.8,11.01,125582.49
2019-01-09,11.09,11.23,11.01,11.04,105230.21
2019-01-10,10.98,11.15,10.95,11.03,62844.99
2019-01-11,11.05,11.18,10.98,11.06,96063.83
2019-01-14,11.06,11.26,11.06,11.13,122817.09
2019-01-15,11.15,11.23,11.03,11.16,154149.96
2019-01-16,11.17,11.21,11.07,11.12,109164.63
2019-01-17,11.21,11.23,11.01,11.03,134955.38
2019-01-18,11.15,11.39,11.12,11.36,209333.26
2019-01-21,11.36,11.75,11.32,11.69,193861.3
2019-01-22,11.69,11.72,11.47,11.51,96087.54
2019-01-23,11.47,11.66,11.47,11.62,89642.99
2019-01-24,11.66,11.67,11.43,11.59,80580.98
2019-01-25,11.6,11.69,11.55,11.64,73368.33
2019-01-28,11.66,11.94,11.66,11.85,157151.64
2019-01-29,11.79,11.97,11.7,11.91,110466.78
2019-01-30,11.88,11.9,11.73,11.73,71065.07
2019-01-31,11.83,11.9,11.66,11.85,130682.42
2019-02-01,11.93,12.02,11.88,11.96,136948.92
2019-02-11,11.92,11.99,11.84,11.95,110535.5
2019-02-12,11.92,12.06,11.84,12.01,119141.41
2019-02-13,11.99,12.09,11.86,12.02,152734.12
2019-02-14,11.96,12.08,11.9,11.97,133843.28
2019-02-15,11.93,12.01,11.75,11.75,114897.76
2019-02-18,11.87,11.97,11.78,11.95,142156.68
2019-02-19,11.88,12.0,11.75,11.8,179330.11
2019-02-20,11.84,11.98,11.82,11.97,147764.3
2019-02-21,11.99,12.12,11.84,11.87,177100.84
2019-02-22,11.88,11.9,11.52,11.72,326143.64
2019-02-25,11.68,12.32,11.67,12.31,491924.02
2019-02-26,12.25,12.83,12.19,12.44,455908.16
2019-02-27,12.49,12.69,12.22,12.32,310850.54
2019-02-28,12.36,12.45,12.15,12.22,189615.42
2019-03-01,12.32,12.46,12.19,12.45,234693.0
2019-03-04,12.55,12.96,12.5,12.59,460491.54
2019-03-05,12.61,12.7,12.42,12.61,213925.12
2019-03-06,12.63,12.75,12.48,12.68,266630.83
2019-03-07,12.7,12.79,12.34,12.5,313573.81
2019-03-08,12.3,12.3,11.96,11.97,278883.93
2019-03-11,11.97,12.07,11.85,12.02,218760.59
2019-03-12,12.09,12.16,11.9,12.03,241693.02
2019-03-13,11.98,12.06,11.87,11.94,159134.25
2019-03-14,11.99,12.06,11.81,11.87,195476.41
2019-03-15,11.88,12.02,11.86,11.94,184145.79
2019-03-18,11.97,12.37,11.97,12.37,370299.09
2019-03-19,12.42,12.43,12.19,12.26,194042.91
2019-03-20,12.25,12.36,12.15,12.25,179270.4
2019-03-21,12.3,12.43,12.24,12.36,201891.35
2019-03-22,12.34,12.64,12.26,12.63,271605.77
2019-03-25,12.17,12.22,11.91,11.94,441037.65
2019-03-26,11.96,12.0,11.54,11.61,351533.93
2019-03-27,11.65,11.68,11.54,11.63,191463.82
2019-03-28,11.57,11.57,11.45,11.5,223070.77
2019-03-29,11.5,11.74,11.47,11.72,369746.72
2019-04-01,11.77,12.09,11.77,12.04,387033.44
2019-04-02,12.07,12.14,11.9,11.94,299711.84
2019-04-03,11.84,12.06,11.76,12.05,287691.43
2019-04-04,12.06,12.34,12.06,12.24,492840.42
2019-04-08,12.33,12.52,12.09,12.27,390103.01
2019-04-09,12.31,12.37,12.06,12.09,255065.34
2019-04-10,12.08,12.21,11.95,12.1,233354.84
2019-04-11,12.05,12.22,11.85,11.88,233784.55
2019-04-12,11.89,11.95,11.83,11.91,119162.23
2019-04-15,12.03,12.14,11.96,11.96,276523.07
2019-04-16,11.91,12.19,11.85,12.19,265541.18
2019-04-17,12.23,12.24,12.07,12.12,278554.3
2019-04-18,12.13,12.24,12.06,12.07,153715.97
2019-04-19,12.07,12.31,11.99,12.25,258886.88
2019-04-22,12.21,12.24,11.93,11.96,254236.08
2019-04-23,11.96,12.04,11.84,11.89,149120.79
2019-04-24,11.9,12.01,11.81,11.9,134538.34
2019-04-25,11.84,11.88,11.66,11.68,148154.9
2019-04-26,11.66,11.74,11.55,11.58,133829.6
2019-04-29,11.64,11.78,11.58,11.67,157225.61
2019-04-30,11.6,11.84,11.6,11.77,137303.96
2019-05-06,11.48,11.6,11.18,11.29,225327.5
2019-05-07,11.41,11.43,11.17,11.3,138584.63
2019-05-08,11.14,11.19,11.02,11.08,145966.79
2019-05-09,11.03,11.15,10.92,10.97,108340.29
2019-05-10,11.08,11.2,10.87,11.12,126590.59
2019-05-13,11.0,11.15,11.0,11.08,95221.1
2019-05-14,11.0,11.11,10.99,11.0,109518.99
2019-05-15,11.05,11.17,11.0,11.12,115339.93
2019-05-16,11.09,11.26,11.07,11.22,114828.24
2019-05-17,11.22,11.22,11.02,11.04,102288.6
2019-05-20,11.02,11.15,10.84,10.93,134513.97
2019-05-21,10.95,11.06,10.91,11.02,90207.88
2019-05-22,11.03,11.06,10.95,10.99,89075.63
2019-05-23,10.94,11.05,10.82,10.89,116064.69
2019-05-24,10.91,11.01,10.88,10.97,82617.9
2019-05-27,10.95,11.05,10.87,11.02,91378.07
2019-05-28,11.0,11.13,10.99,11.11,140647.1
2019-05-29,11.06,11.12,11.0,11.05,75417.08
2019-05-30,11.06,11.17,10.99,11.15,112686.76
2019-05-31,11.11,11.15,10.99,10.99,75560.31
2019-06-03,11.05,11.12,10.95,11.09,114639.69
2019-06-04,11.11,11.2,11.09,11.18,111307.15
2019-06-05,11.23,11.4,11.23,11.3,127534.88
2019-06-06,11.33,11.38,11.24,11.27,87928.21
2019-06-10,11.36,11.51,11.36,11.45,118885.45
2019-06-11,11.44,11.63,11.42,11.57,145657.75
2019-06-12,11.57,11.64,11.5,11.63,129309.59
2019-06-13,11.61,11.79,11.51,11.66,135412.63
2019-06-14,11.68,11.87,11.52,11.78,277350.94
2019-06-17,11.74,12.07,11.66,12.0,279377.45
2019-06-18,12.07,12.12,11.96,12.03,175831.11
2019-06-19,12.22,12.25,11.93,11.96,220208.43
2019-06-20,11.95,12.16,11.93,12.03,193241.2
2019-06-21,12.09,12.13,11.97,11.97,172390.97
2019-06-24,12.02,12.22,12.0,12.16,180234.18
2019-06-25,12.13,12.28,12.08,12.14,174678.99
2019-06-26,12.16,12.26,12.07,12.15,119833.09
2019-06-27,12.15,12.31,12.13,12.17,109276.63
2019-06-28,12.16,12.18,12.0,12.18,100480.06
2019-07-01,12.28,12.34,12.15,12.19,195408.32
2019-07-02,12.23,12.35,12.11,12.33,137698.09
2019-07-03,12.26,12.47,12.21,12.36,173766.9
2019-07-04,12.37,12.42,12.21,12.27,129146.85
2019-07-05,12.31,12.36,12.2,12.32,161828.61
2019-07-08,12.3,12.31,11.87,11.91,187900.24
2019-07-09,11.94,12.05,11.84,11.86,98134.21
2019-07-10,11.9,11.93,11.85,11.91,72609.01
2019-07-11,11.99,12.04,11.87,11.89,79661.05
2019-07-12,11.92,11.99,11.83,11.89,71922.39
2019-07-15,11.88,11.89,11.6,11.8,175901.71
2019-07-16,11.77,11.98,11.74,11.91,100800.93
2019-07-17,11.94,11.99,11.82,11.85,75285.6
2019-07-18,11.87,11.92,11.77,11.84,55338.02
2019-07-19,11.9,12.05,11.82,12.01,98797.04
2019-07-22,12.02,12.09,11.87,11.94,109770.4
2019-07-23,11.9,11.97,11.83,11.84,91632.96
2019-07-24,11.89,12.06,11.88,11.93,91410.59
2019-07-25,11.92,12.05,11.9,11.99,70961.89
2019-07-26,11.92,12.02,11.91,11.95,64286.28
2019-07-29,11.95,11.97,11.84,11.88,84704.6
2019-07-30,11.9,12.05,11.89,12.04,97934.47
2019-07-31,11.96,12.05,11.93,12.0,78434.06
2019-08-01,11.95,11.98,11.87,11.9,72555.04
2019-08-02,11.8,11.8,11.6,11.64,123529.59
2019-08-05,11.61,11.62,11.27,11.33,186869.3
2019-08-06,11.24,11.29,11.12,11.21,138744.14
2019-08-07,11.17,11.34,11.17,11.24,83140.95
2019-08-08,11.28,11.37,11.25,11.32,65609.87
2019-08-09,11.35,11.36,11.18,11.28,65528.22
2019-08-12,11.29,11.51,11.25,11.5,127608.22
2019-08-13,11.41,11.48,11.39,11.43,51853.94
2019-08-14,11.49,11.54,11.43,11.49,63966.54
2019-08-15,11.37,11.59,11.32,11.55,74630.41
2019-08-16,11.58,11.63,11.48,11.58,76307.61
2019-08-19,11.67,11.8,11.62,11.8,87590.91
2019-08-20,11.76,11.89,11.75,11.79,70263.58
2019-08-21,11.79,11.88,11.76,11.84,67506.95
2019-08-22,11.84,11.87,11.53,11.61,99019.44
2019-08-23,11.6,11.74,11.6,11.73,82688.86
2019-08-26,11.55,11.72,11.55,11.67,78292.82
2019-08-27,11.74,11.97,11.68,11.74,200915.16
2019-08-28,11.81,11.89,11.72,11.76,100516.19
2019-08-29,11.75,11.78,11.55,11.59,103654.74
2019-08-30,11.7,11.79,11.59,11.67,99836.0
2019-09-02,11.68,12.17,11.62,12.1,246364.26
2019-09-03,12.09,12.16,12.02,12.1,121291.14
2019-09-04,12.18,12.34,12.1,12.24,134038.49
2019-09-05,12.24,12.38,12.1,12.13,154430.54
2019-09-06,12.15,12.29,12.12,12.27,122273.67
2019-09-09,12.4,12.4,12.17,12.24,126228.29
2019-09-10,12.27,12.27,12.14,12.22,87326.95
2019-09-11,12.27,12.28,12.17,12.2,91998.43
2019-09-12,12.27,12.34,12.18,12.25,114103.46
2019-09-16,12.32,12.39,12.23,12.32,102590.71
2019-09-17,12.34,12.46,12.27,12.32,150307.6
2019-09-18,12.34,12.34,12.12,12.21,127921.2
2019-09-19,12.22,12.23,12.1,12.17,82372.23
2019-09-20,12.18,12.25,12.11,12.24,142179.59
2019-09-23,12.25,12.27,11.95,12.0,103045.87
2019-09-24,12.05,12.16,11.98,12.12,130266.43
2019-09-25,12.11,12.11,11.94,11.99,85819.68
2019-09-26,11.99,12.09,11.99,12.05,90540.27
2019-09-27,12.1,12.14,11.67,11.67,198535.49
2019-09-30,11.64,11.85,11.59,11.73,108996.63
2019-10-08,11.65,11.83,11.62,11.65,134495.87
2019-10-09,11.59,11.9,11.58,11.8,175557.08
2019-10-10,11.85,11.9,11.74,11.75,71190.69
2019-10-11,11.84,11.9,11.7,11.82,98613.0
2019-10-14,11.92,11.92,11.75,11.83,157592.21
2019-10-15,11.83,11.83,11.64,11.67,119865.69
2019-10-16,11.7,11.79,11.59,11.62,93589.19
2019-10-17,11.6,11.64,11.44,11.48,126165.9
2019-10-18,11.5,11.54,11.34,11.35,123625.82
2019-10-21,11.38,11.44,11.27,11.41,110903.49
2019-10-22,11.47,11.47,11.24,11.32,133359.49
2019-10-23,11.32,11.32,11.22,11.27,119473.33
2019-10-24,11.27,11.47,11.19,11.43,232391.52
2019-10-25,11.42,11.42,11.24,11.32,167056.11
2019-10-28,11.33,11.44,11.27,11.4,180493.78
2019-10-29,11.44,11.6,11.38,11.5,217477.18
2019-10-30,11.52,11.6,11.44,11.51,119378.57
2019-10-31,11.5,11.57,11.39,11.52,143712.73
2019-11-01,11.49,11.52,11.36,11.48,153543.78
2019-11-04,11.5,11.51,11.37,11.4,174868.02
2019-11-05,11.4,11.51,11.35,11.43,258552.78
2019-11-06,11.45,11.45,11.29,11.35,185703.8
2019-11-07,11.35,11.35,11.22,11.28,222472.93
2019-11-08,11.3,11.33,11.24,11.27,214177.89
2019-11-11,11.24,11.24,11.01,11.01,311504.67
2019-11-12,11.03,11.07,10.96,11.04,215551.5
2019-11-13,11.04,11.04,10.82,10.87,242663.31
2019-11-14,10.92,10.92,10.71,10.77,236850.57
2019-11-15,10.77,10.78,10.55,10.56,387394.92
2019-11-18,10.56,10.74,10.56,10.72,332714.26
2019-11-19,10.73,10.81,10.64,10.78,285553.64
2019-11-20,10.78,10.82,10.68,10.76,254820.92
2019-11-21,10.76,10.77,10.66,10.74,177290.81
2019-11-22,10.71,10.84,10.59,10.81,450405.18
2019-11-25,10.79,11.3,10.78,11.12,1015408.6
2019-11-26,11.15,11.16,10.94,11.03,445866.91
2019-11-27,10.99,11.0,10.84,10.87,303047.53
2019-11-28,10.87,10.9,10.71,10.77,285584.95
2019-11-29,10.78,10.85,10.69,10.75,302563.55
2019-12-02,10.79,10.84,10.73,10.8,316209.98
2019-12-03,10.74,10.88,10.72,10.86,315764.83
2019-12-04,10.8,10.85,10.69,10.73,237051.42
2019-12-05,10.76,10.76,10.62,10.72,411308.32
2019-12-06,10.69,10.74,10.68,10.72,267990.59
2019-12-09,10.72,10.93,10.71,10.92,499272.01
2019-12-10,10.86,10.91,10.76,10.77,287484.36
2019-12-11,10.8,10.81,10.74,10.79,322226.62
2019-12-12,10.77,10.79,10.69,10.72,270251.38
2019-12-13,10.78,10.81,10.72,10.79,403854.47
2019-12-16,10.81,10.87,10.77,10.86,404649.15
2019-12-17,10.86,11.22,10.83,11.04,717984.0
2019-12-18,11.01,11.09,10.96,10.97,359591.27
2019-12-19,11.01,11.09,10.96,11.07,272394.72
2019-12-20,11.07,11.15,11.04,11.1,351676.5
2019-12-23,11.07,11.09,10.9,10.91,345852.09
2019-12-24,10.92,11.02,10.9,11.01,190868.54
2019-12-25,10.94,11.01,10.91,10.96,190940.04
2019-12-26,10.94,11.06,10.92,11.05,238220.47
2019-12-27,11.05,11.26,11.02,11.13,485836.06
2019-12-30,11.15,11.44,11.11,11.4,680493.79
2019-12-31,11.37,11.42,11.29,11.4,363132.29
2020-01-02,11.51,11.7,11.46,11.61,652957.84
2020-01-03,11.58,11.67,11.54,11.59,376962.87
2020-01-06,11.6,11.86,11.6,11.73,527210.55
2020-01-07,11.68,11.91,11.68,11.75,412110.16
2020-01-08,11.76,11.78,11.46,11.46,507149.51
2020-01-09,11.55,11.58,11.4,11.49,300695.95
2020-01-10,11.49,11.52,11.3,11.34,343670.88
2020-01-13,11.34,11.37,11.24,11.36,360266.76
2020-01-14,11.36,11.45,11.32,11.34,281697.49
2020-01-15,11.29,11.34,11.12,11.14,375845.64
2020-01-16,11.14,11.17,11.04,11.12,329411.01
2020-01-17,11.12,11.21,11.11,11.18,220276.27
2020-01-20,11.13,11.15,10.97,11.06,369796.08
2020-01-21,10.98,10.99,10.88,10.94,277631.62
2020-01-22,10.88,11.12,10.81,11.06,341530.96
2020-01-23,10.96,10.96,10.7,10.79,419885.47
2020-02-03,9.72,10.04,9.72,9.98,776904.17
2020-02-04,9.92,10.17,9.86,10.15,573493.19
2020-02-05,10.11,10.24,10.01,10.14,370266.8
2020-02-06,10.17,10.21,10.09,10.16,348993.66
2020-02-07,10.12,10.14,10.04,10.11,273543.1
2020-02-10,10.04,10.22,10.02,10.21,382578.07
2020-02-11,10.25,10.49,10.19,10.4,376989.28
2020-02-12,10.37,10.42,10.32,10.4,184868.88
2020-02-13,10.37,10.51,10.34,10.36,177273.83
2020-02-14,10.32,10.45,10.32,10.44,177667.44
2020-02-17,10.45,10.56,10.38,10.55,303041.31
2020-02-18,10.59,10.59,10.42,10.45,306019.21
2020-02-19,10.41,10.44,10.36,10.37,241875.06
2020-02-20,10.41,10.49,10.34,10.47,269591.57
2020-02-21,10.47,10.49,10.41,10.46,299676.95
2020-02-24,10.47,10.48,10.31,10.32,337392.52
2020-02-25,10.18,10.24,10.09,10.14,331630.73
2020-02-26,10.06,10.38,10.04,10.27,376669.84
2020-02-27,10.25,10.37,10.21,10.25,280094.43
2020-02-28,10.11,10.17,9.97,9.99,386903.45
2020-03-02,10.07,10.39,10.07,10.37,455178.19
2020-03-03,10.49,10.5,10.36,10.47,447497.3
2020-03-04,10.41,10.52,10.35,10.44,262938.76
2020-03-05,10.47,10.69,10.42,10.65,519464.65
2020-03-06,10.56,10.6,10.46,10.47,277657.78
2020-03-09,10.24,10.26,10.12,10.17,377088.88
2020-03-10,10.11,10.4,10.11,10.34,270857.18
2020-03-11,10.32,10.4,10.26,10.26,183570.18
2020-03-12,10.21,10.22,10.1,10.16,177864.08
2020-03-13,9.91,10.14,9.82,10.01,286969.74
2020-03-16,10.07,10.22,9.92,9.95,333651.18
2020-03-17,9.98,10.16,9.74,9.81,335326.57
2020-03-18,9.86,9.89,9.69,9.69,315337.91
2020-03-19,9.68,9.68,8.97,9.23,546853.46
2020-03-20,9.31,9.41,9.19,9.3,296884.64
2020-03-23,9.04,9.37,9.01,9.23,245462.12
2020-03-24,9.39,9.8,9.35,9.73,425468.04
2020-03-25,9.86,9.91,9.74,9.79,231009.69
2020-03-26,9.75,10.02,9.72,9.96,270915.53
2020-03-27,10.04,10.19,9.95,10.16,255540.77
2020-03-30,10.05,10.52,9.97,10.36,632180.87
2020-03-31,10.41,10.41,10.13,10.14,243157.5
2020-04-01,10.12,10.23,9.97,9.99,219114.09
2020-04-02,9.93,10.17,9.91,10.15,169660.28
2020-04-03,10.04,10.18,10.04,10.07,123479.87
2020-04-07,10.22,10.22,10.07,10.08,240226.81
2020-04-08,10.06,10.1,10.01,10.08,130990.6
2020-04-09,10.11,10.11,9.99,9.99,123237.49
2020-04-10,10.04,10.04,9.91,9.92,136987.84
2020-04-13,9.89,9.97,9.87,9.9,103744.09
2020-04-14,9.88,10.12,9.88,10.1,203728.03
2020-04-15,10.14,10.14,9.92,9.95,166599.13
2020-04-16,9.92,10.04,9.91,9.99,106675.2
2020-04-17,10.02,10.07,9.98,10.01,160630.07
2020-04-20,10.0,10.01,9.9,9.94,163885.33
2020-04-21,9.87,9.9,9.51,9.6,437753.5
2020-04-22,9.54,9.65,9.49,9.61,148029.04
2020-04-23,9.61,9.64,9.53,9.56,129661.86
2020-04-24,9.55,9.61,9.45,9.47,168142.31
2020-04-27,9.52,9.62,9.5,9.57,137997.47
2020-04-28,9.61,9.64,9.41,9.6,187694.83
2020-04-29,9.59,9.84,9.57,9.77,206392.99
2020-04-30,9.82,9.97,9.79,9.95,229383.63
2020-05-06,9.79,9.86,9.73,9.85,239257.18
2020-05-07,9.82,9.87,9.7,9.85,238147.21
2020-05-08,9.86,9.94,9.77,9.91,214852.21
2020-05-11,9.9,9.96,9.84,9.92,190528.04
2020-05-12,9.93,10.02,9.91,9.97,220121.52
2020-05-13,9.96,9.99,9.88,9.93,154059.66
2020-05-14,9.95,9.96,9.9,9.91,120982.59
2020-05-15,9.91,10.09,9.9,10.01,217381.23
2020-05-18,10.07,10.12,9.96,10.02,176380.9
2020-05-19,10.12,10.34,10.12,10.3,324345.28
2020-05-20,10.3,10.34,10.17,10.22,164518.95
2020-05-21,10.26,10.27,10.12,10.12,142057.97
2020-05-22,10.16,10.16,9.94,9.94,189011.37
2020-05-25,10.06,10.1,9.95,10.06,105084.27
2020-05-26,10.11,10.17,10.02,10.06,138268.1
2020-05-27,10.06,10.27,10.0,10.27,204821.84
2020-05-28,10.25,10.36,10.21,10.27,167304.82
2020-05-29,10.27,10.28,10.17,10.23,176413.55
2020-06-01,10.21,10.37,10.21,10.34,224468.31
2020-06-02,10.31,10.35,10.29,10.33,155949.75
2020-06-03,10.39,10.48,10.37,10.41,232075.65
2020-06-04,10.46,10.47,10.17,10.24,250254.58
2020-06-05,10.25,10.27,10.15,10.23,143624.45
2020-06-08,10.3,10.42,10.27,10.4,276954.03
2020-06-09,10.43,10.59,10.41,10.59,229224.31
2020-06-10,10.61,10.62,10.43,10.45,226267.61
2020-06-11,10.44,10.48,10.19,10.24,392751.81
2020-06-12,10.12,10.22,10.06,10.17,453199.71
2020-06-15,10.11,10.12,9.86,9.89,355601.03
2020-06-16,9.98,9.99,9.89,9.92,219535.89
2020-06-17,9.9,10.01,9.86,9.99,186423.13
2020-06-18,10.0,10.22,9.93,10.13,323509.97
2020-06-19,10.15,10.25,10.08,10.13,238362.02
2020-06-22,10.12,10.16,9.99,10.01,218358.13
2020-06-23,10.02,10.02,9.9,9.92,163906.72
2020-06-24,9.95,10.03,9.88,9.94,166621.9
2020-06-29,9.92,9.92,9.74,9.74,244979.55
2020-06-30,9.78,9.82,9.69,9.72,275999.58
2020-07-01,9.74,9.99,9.73,9.98,309198.81
2020-07-02,9.98,10.25,9.95,10.23,435453.77
2020-07-03,10.24,10.85,10.24,10.75,797624.19
2020-07-06,10.75,11.44,10.75,11.44,1018303.65
2020-07-07,11.68,11.98,11.37,11.47,1064173.87
2020-07-08,11.34,11.5,11.12,11.41,734683.56
2020-07-09,11.41,11.75,11.35,11.54,658879.41
2020-07-10,11.52,11.52,11.12,11.14,497480.09
2020-07-13,11.1,11.37,10.98,11.24,516985.33
2020-07-14,11.24,11.46,10.98,11.16,563354.31
2020-07-15,11.24,11.3,10.89,10.94,424533.78
2020-07-16,10.94,11.07,10.62,10.64,469462.83
2020-07-17,10.68,10.79,10.46,10.55,406739.47
2020-07-20,10.58,11.07,10.58,11.01,431353.56
2020-07-21,11.08,11.11,10.88,10.95,249903.78
2020-07-22,10.97,11.1,10.78,10.82,452597.58
2020-07-23,10.75,10.8,10.49,10.67,441127.97
2020-07-24,10.66,10.82,10.44,10.48,469719.79
2020-07-27,10.56,10.58,10.38,10.52,257463.83
2020-07-28,10.55,10.75,10.51,10.55,319503.89
2020-07-29,10.55,10.63,10.39,10.6,357086.57
2020-07-30,10.62,10.68,10.46,10.46,355356.26
2020-07-31,10.49,10.59,10.36,10.38,592822.65
2020-08-03,10.43,10.58,10.43,10.55,460164.1
2020-08-04,10.59,10.71,10.52,10.59,521838.77
2020-08-05,10.59,10.62,10.45,10.51,335352.91
2020-08-06,10.52,10.54,10.36,10.47,409089.95
2020-08-07,10.45,10.53,10.38,10.4,275238.27
2020-08-10,10.4,10.49,10.29,10.47,330469.07
2020-08-11,10.48,10.58,10.39,10.41,332601.92
2020-08-12,10.36,10.53,10.35,10.53,311118.67
2020-08-13,10.55,10.66,10.48,10.51,349535.63
2020-08-14,10.5,10.59,10.45,10.58,269564.15
2020-08-17,10.62,10.92,10.54,10.84,526279.99
2020-08-18,10.83,10.95,10.74,10.87,332624.96
2020-08-19,10.87,10.96,10.78,10.83,386691.87
2020-08-20,10.8,10.85,10.65,10.74,290564.11
2020-08-21,10.75,10.78,10.66,10.71,238264.55
2020-08-24,10.76,10.93,10.72,10.78,319679.18
2020-08-25,10.78,10.85,10.66,10.7,191671.36
2020-08-26,10.68,10.74,10.53,10.53,247777.38
2020-08-27,10.59,10.61,10.47,10.52,258255.07
2020-08-28,10.53,10.76,10.51,10.73,357837.37
2020-08-31,10.8,11.07,10.78,10.94,625480.32
2020-09-01,10.91,10.95,10.8,10.93,286628.29
2020-09-02,10.91,10.94,10.72,10.8,255281.61
2020-09-03,10.82,10.93,10.76,10.9,316884.26
2020-09-04,10.8,11.14,10.76,10.95,576538.46
2020-09-07,10.99,11.15,10.87,10.88,460977.06
2020-09-08,10.93,11.18,10.89,11.16,636769.02
2020-09-09,11.09,11.22,10.97,11.01,436980.46
2020-09-10,11.09,11.18,10.97,11.02,382048.01
2020-09-11,11.03,11.06,10.75,10.82,397201.58
2020-09-14,10.83,10.88,10.75,10.87,230975.98
2020-09-15,10.86,10.93,10.82,10.87,170231.07
2020-09-16,10.88,11.0,10.8,11.0,337326.01
2020-09-17,10.99,11.09,10.91,10.93,231131.7
2020-09-18,10.99,11.29,10.93,11.28,598278.98
2020-09-21,11.32,11.35,11.14,11.29,325832.93
2020-09-22,11.18,11.25,11.11,11.14,250967.93
2020-09-23,11.17,11.2,11.01,11.03,193162.29
2020-09-24,10.97,11.01,10.87,10.91,218305.36
2020-09-25,10.96,11.12,10.96,11.06,228500.39
2020-09-28,11.15,11.29,11.14,11.22,301939.29
2020-09-29,11.27,11.3,11.16,11.18,219825.89
2020-09-30,11.2,11.26,11.09,11.15,253691.77
2020-10-09,11.27,11.38,11.17,11.22,334765.76
2020-10-12,11.24,11.41,11.22,11.33,379709.65
2020-10-13,11.31,11.45,11.23,11.37,278036.85
2020-10-14,11.33,11.33,11.18,11.28,223155.12
2020-10-15,11.28,11.49,11.18,11.34,377326.31
2020-10-16,11.37,11.58,11.32,11.52,491143.68
2020-10-19,11.53,11.66,11.39,11.4,387459.67
2020-10-20,11.39,11.45,11.28,11.38,256773.66
2020-10-21,11.37,11.39,11.29,11.34,242296.9
2020-10-22,11.31,11.44,11.27,11.4,267118.34
2020-10-23,11.37,11.41,11.27,11.29,245047.95
2020-10-26,11.32,11.37,11.2,11.24,225738.52
2020-10-27,11.22,11.43,11.19,11.33,270502.99
2020-10-28,11.37,11.38,11.2,11.24,219987.91
2020-10-29,11.16,11.22,10.97,11.18,282615.06
2020-10-30,11.18,11.43,11.1,11.27,452046.42
2020-11-02,11.27,11.43,11.16,11.31,390054.57
2020-11-03,11.3,11.41,11.29,11.39,319214.88
2020-11-04,11.37,11.64,11.32,11.59,472367.62
2020-11-05,11.63,11.75,11.51,11.66,407793.83
2020-11-06,11.71,12.1,11.7,12.07,735198.66
2020-11-09,12.11,12.24,12.0,12.13,612529.67
2020-11-10,12.15,12.3,11.96,12.08,469686.91
2020-11-11,12.08,12.36,12.0,12.19,488461.71
2020-11-12,12.08,12.1,11.91,12.0,311042.4
2020-11-13,11.98,12.01,11.74,11.83,309029.98
2020-11-16,11.94,12.17,11.91,12.05,417367.61
2020-11-17,12.1,12.23,11.98,12.08,316115.51
2020-11-18,12.06,12.15,11.88,12.04,259064.94
2020-11-19,12.02,12.12,11.84,11.93,283751.91
2020-11-20,11.93,12.02,11.79,12.0,239495.23
2020-11-23,12.05,12.57,12.05,12.44,805492.65
2020-11-24,12.48,12.49,12.27,12.46,394906.26
2020-11-25,12.59,12.88,12.45,12.47,662996.44
2020-11-26,12.49,12.86,12.47,12.84,620183.75
2020-11-27,12.82,13.08,12.65,13.07,601280.04
2020-11-30,13.09,13.65,12.94,13.28,943355.41
2020-12-01,13.34,13.61,13.17,13.36,587970.9
2020-12-02,13.34,13.57,13.23,13.53,412134.04
2020-12-03,13.46,13.47,12.86,12.91,613648.93
2020-12-04,12.88,12.9,12.64,12.79,422878.32
2020-12-07,12.85,12.86,12.4,12.51,503086.91
2020-12-08,12.56,12.63,12.4,12.46,282942.96
2020-12-09,12.58,12.84,12.53,12.59,471042.76
2020-12-10,12.65,12.76,12.52,12.55,306651.9
2020-12-11,12.83,12.92,12.49,12.61,384023.36
2020-12-14,12.19,12.22,11.81,11.81,837113.22
2020-12-15,11.85,11.96,11.68,11.96,479270.85
2020-12-16,11.96,12.16,11.89,12.01,312664.63
2020-12-17,11.99,12.32,11.89,12.27,418905.75
2020-12-18,12.49,12.94,12.45,12.91,661011.43
2020-12-21,12.96,12.96,12.58,12.73,505522.91
2020-12-22,12.55,12.66,11.91,12.05,646596.97
2020-12-23,12.04,12.22,11.96,12.15,352564.67
2020-12-24,12.15,12.34,11.99,12.2,267468.66
2020-12-25,12.22,12.62,12.06,12.5,358436.33
2020-12-28,12.61,12.71,12.35,12.56,337589.89
2020-12-29,12.52,12.59,12.17,12.22,377709.71
2020-12-30,12.16,12.35,12.12,12.21,282866.02
2020-12-31,12.21,12.26,12.04,12.19,505890.55
2021-01-04,12.13,12.23,12.07,12.18,357836.96
2021-01-05,12.2,12.2,11.75,11.95,497937.08
2021-01-06,11.93,12.15,11.91,12.15,428082.36
2021-01-07,12.24,12.5,12.19,12.36,577429.06
2021-01-08,12.44,12.61,12.29,12.61,573641.21
2021-01-11,12.61,12.61,12.12,12.23,629563.82
2021-01-12,12.16,12.34,12.05,12.34,375330.05
2021-01-13,12.37,12.86,12.3,12.74,725494.72
2021-01-14,12.66,12.95,12.52,12.61,501605.01
2021-01-15,12.63,12.93,12.62,12.68,512601.37
2021-01-18,12.69,12.96,12.58,12.81,496978.55
2021-01-19,12.82,13.19,12.61,12.69,671637.21
2021-01-20,12.6,12.8,12.49,12.74,426120.96
2021-01-21,12.7,12.92,12.69,12.8,487884.44
2021-01-22,12.8,12.8,12.41,12.63,442720.28
2021-01-25,12.53,12.53,12.28,12.36,355441.15
2021-01-26,12.36,12.51,12.19,12.21,298709.07
2021-01-27,12.19,12.4,12.15,12.26,244961.55
2021-01-28,12.17,12.17,11.98,12.03,269448.59
2021-01-29,12.03,12.17,11.72,11.78,291067.63
2021-02-01,11.53,11.59,11.4,11.5,359798.58
2021-02-02,11.57,11.57,11.41,11.42,261601.35
2021-02-03,11.47,11.56,11.34,11.35,255959.77
2021-02-04,11.33,11.35,11.06,11.29,358789.31
2021-02-05,11.31,11.33,11.07,11.07,289789.95
2021-02-08,11.1,11.2,10.98,11.12,305021.53
2021-02-09,11.12,11.28,11.04,11.25,259410.16
2021-02-10,11.26,11.38,11.17,11.33,299902.17
2021-02-18,11.58,11.84,11.58,11.79,510772.0
2021-02-19,11.78,12.37,11.65,12.26,606391.2
2021-02-22,12.31,13.18,12.31,12.79,902749.02
2021-02-23,12.71,12.71,12.4,12.43,544335.18
2021-02-24,12.5,12.66,12.22,12.28,349226.11
2021-02-25,12.48,12.65,12.38,12.54,355541.04
2021-02-26,12.26,12.46,11.92,12.02,500440.32
2021-03-01,12.07,12.19,11.92,12.07,369765.46
2021-03-02,12.05,12.64,11.98,12.17,694534.21
2021-03-03,12.15,12.49,12.08,12.43,454987.29
2021-03-04,12.38,12.42,12.14,12.26,402372.61
2021-03-05,12.13,12.4,12.12,12.31,423568.66
2021-03-08,12.34,12.51,12.17,12.19,298397.56
2021-03-09,12.17,12.63,11.98,12.27,537395.31
2021-03-10,12.29,12.42,12.12,12.17,350840.25
2021-03-11,12.15,12.41,12.14,12.38,306717.02
2021-03-12,12.38,12.86,12.24,12.57,555294.76
2021-03-15,12.49,13.04,12.45,13.0,750528.49
2021-03-16,13.01,13.06,12.73,12.89,370255.86
2021-03-17,12.84,12.88,12.48,12.84,386869.69
2021-03-18,12.78,13.0,12.7,12.81,256779.68
2021-03-19,12.66,12.97,12.59,12.66,355844.72
2021-03-22,12.63,12.78,12.58,12.67,342324.33
2021-03-23,12.68,12.72,12.21,12.28,396835.77
2021-03-24,12.22,12.24,11.99,12.04,240484.94
2021-03-25,12.03,12.3,11.99,12.26,211438.28
2021-03-26,12.22,12.4,12.15,12.28,209743.01
2021-03-29,13.16,13.5,12.97,13.5,1318853.39
2021-03-30,13.54,13.98,13.43,13.81,1158285.85
2021-03-31,13.62,13.71,13.41,13.61,513005.22
2021-04-01,13.62,13.65,13.35,13.46,351750.82
2021-04-02,13.5,13.54,13.34,13.39,237900.25
2021-04-06,13.41,13.45,13.09,13.2,278579.78
2021-04-07,13.2,13.26,13.08,13.22,292902.42
2021-04-08,13.27,13.38,13.11,13.22,289613.27
2021-04-09,13.18,13.36,13.11,13.21,298217.49
2021-04-12,13.26,13.33,13.09,13.27,322657.65
2021-04-13,13.24,13.29,12.91,13.08,315025.94
2021-04-14,13.14,13.25,13.02,13.22,220069.21
2021-04-15,13.24,13.49,13.2,13.39,327206.78
2021-04-16,13.38,13.63,13.31,13.42,326474.64
2021-04-19,13.43,13.58,13.37,13.44,311786.64
2021-04-20,13.37,13.57,13.24,13.47,245963.7
2021-04-21,13.41,13.41,13.25,13.33,174090.35
2021-04-22,13.42,13.56,13.41,13.49,227734.39
2021-04-23,13.44,13.44,13.19,13.24,287626.39
2021-04-26,13.12,13.29,13.0,13.03,455645.01
2021-04-27,13.01,13.05,12.7,12.93,359433.9
2021-04-28,12.95,13.2,12.93,13.2,253620.03
2021-04-29,13.19,13.37,12.99,13.29,292716.01
2021-04-30,13.27,13.27,12.96,13.01,304898.1
2021-05-06,13.1,13.46,13.1,13.4,469771.28
2021-05-07,13.45,13.78,13.38,13.56,585910.41
2021-05-10,13.75,14.21,13.64,14.2,763952.88
2021-05-11,13.93,14.07,13.45,13.9,631135.41
2021-05-12,13.93,14.29,13.93,14.14,471125.53
2021-05-13,13.88,13.98,13.58,13.67,373506.82
2021-05-14,13.66,13.8,13.45,13.51,385727.71
2021-05-17,13.56,13.78,13.41,13.68,318077.78
2021-05-18,13.69,13.91,13.65,13.86,252763.0
2021-05-19,13.87,13.87,13.58,13.75,181169.21
2021-05-20,13.42,13.47,13.07,13.28,471324.86
2021-05-21,13.18,13.43,13.18,13.3,185281.7
2021-05-24,13.29,13.4,13.22,13.26,185180.08
2021-05-25,13.27,13.41,13.01,13.38,359418.75
2021-05-26,13.37,13.47,13.27,13.43,179613.04
2021-05-27,13.44,13.55,13.39,13.53,296681.96
2021-05-28,13.54,13.64,13.36,13.49,240689.49
2021-05-31,13.5,13.56,13.43,13.53,159795.29
2021-06-01,13.55,13.59,13.26,13.59,250438.86
2021-06-02,13.58,13.67,13.41,13.65,313932.92
2021-06-03,13.69,14.02,13.69,13.85,505956.99
2021-06-04,13.68,13.88,13.53,13.73,284693.12
2021-06-07,13.75,13.85,13.61,13.75,217101.37
2021-06-08,13.72,13.79,13.6,13.68,195088.95
2021-06-09,13.73,14.04,13.67,13.91,339806.93
2021-06-10,13.91,13.99,13.79,13.83,272407.94
2021-06-11,13.89,13.98,13.84,13.93,239893.99
2021-06-15,14.01,14.04,13.62,13.75,274721.18
2021-06-16,13.82,14.02,13.7,13.86,262395.02
2021-06-17,13.86,13.94,13.6,13.76,229638.39
2021-06-18,13.69,13.75,13.26,13.43,400671.26
2021-06-21,13.33,13.33,13.12,13.18,288269.33
2021-06-22,13.19,13.3,13.08,13.15,286711.58
2021-06-23,13.23,13.46,13.16,13.45,325193.98
2021-06-24,13.44,13.71,13.34,13.52,333895.74
2021-06-25,13.6,13.81,13.58,13.76,305060.26
2021-06-28,13.52,13.53,13.28,13.3,335065.72
2021-06-29,13.26,13.3,13.14,13.17,263082.41
2021-06-30,13.22,13.34,13.18,13.22,131074.0
2021-07-01,13.23,13.3,13.14,13.15,180213.35
2021-07-02,13.14,13.22,13.03,13.05,212687.45
2021-07-05,13.16,13.51,13.16,13.51,322877.48
2021-07-06,13.54,13.59,13.4,13.49,192902.58
2021-07-07,13.42,13.51,13.37,13.47,170516.81
2021-07-08,13.48,13.49,13.14,13.36,275740.7
2021-07-09,13.34,13.54,13.3,13.53,395282.12
2021-07-12,13.5,13.51,12.66,13.12,521013.58
2021-07-13,13.1,13.24,13.07,13.24,227624.2
2021-07-14,13.3,13.53,13.18,13.33,252739.17
2021-07-15,13.31,13.39,13.13,13.33,181771.16
2021-07-16,13.39,13.63,13.35,13.46,253628.61
2021-07-19,13.54,13.66,13.33,13.55,276305.05
2021-07-20,13.43,13.44,13.23,13.33,185759.85
2021-07-21,13.36,13.39,13.05,13.13,221964.94
2021-07-22,13.1,13.29,13.1,13.21,146221.24
2021-07-23,13.26,13.51,13.18,13.23,223822.49
2021-07-26,13.24,13.24,12.78,12.86,295357.63
2021-07-27,12.89,13.1,12.66,12.68,295159.05
2021-07-28,12.69,12.82,12.43,12.57,244988.82
2021-07-29,12.72,12.73,12.47,12.57,249787.38
2021-07-30,12.62,12.79,12.51,12.66,264605.0
2021-08-02,12.55,12.88,12.43,12.84,354967.74
2021-08-03,12.8,12.92,12.66,12.85,310872.14
2021-08-04,12.81,12.96,12.74,12.92,233550.02
2021-08-05,12.87,13.05,12.85,12.98,300208.29
2021-08-06,12.95,13.05,12.89,13.04,296510.65
2021-08-09,13.04,13.13,12.87,13.09,273857.89
2021-08-10,13.06,13.24,13.05,13.17,390126.43
2021-08-11,13.21,13.39,13.16,13.33,352945.79
2021-08-12,13.33,13.43,13.25,13.32,404581.14
2021-08-13,13.3,13.44,13.27,13.37,246340.41
2021-08-16,13.43,13.6,13.33,13.35,267230.76
2021-08-17,13.26,13.56,13.18,13.24,358409.29
2021-08-18,13.24,13.29,12.95,13.07,385072.56
2021-08-19,13.05,13.05,12.84,12.95,252677.9
2021-08-20,12.9,13.02,12.65,12.85,308146.58
2021-08-23,13.0,13.22,12.97,13.16,317903.23
2021-08-24,13.26,13.36,13.19,13.25,297205.72
2021-08-25,13.25,13.46,13.2,13.42,321530.75
2021-08-26,13.46,13.77,13.42,13.58,541139.86
2021-08-27,13.38,13.63,13.33,13.52,400284.5
2021-08-30,13.62,14.21,13.48,14.09,810753.23
2021-08-31,13.99,14.97,13.93,14.89,1232334.05
2021-09-01,15.0,15.25,14.34,14.54,994449.62
2021-09-02,14.54,15.23,14.53,14.97,823190.07
2021-09-03,14.81,14.99,14.64,14.87,582372.52
2021-09-06,15.08,15.67,15.08,15.46,737850.09
2021-09-07,15.63,16.01,15.35,15.84,745919.38
2021-09-08,15.66,16.4,15.63,16.24,869354.45
2021-09-09,16.38,17.86,15.95,17.86,1787922.56
2021-09-10,17.5,17.55,16.54,16.68,1360335.35
2021-09-13,16.83,18.0,16.81,17.83,1068555.65
2021-09-14,17.33,17.73,16.91,17.24,779013.67
2021-09-15,17.33,17.41,16.79,17.03,567243.63
2021-09-16,17.41,18.2,16.99,17.24,848389.74
2021-09-17,16.81,17.27,15.65,16.1,1024263.31
2021-09-22,15.97,17.7,15.93,17.7,1021748.19
2021-09-23,18.02,18.09,16.76,17.44,1069747.31
2021-09-24,17.06,17.07,16.25,16.3,775208.84
2021-09-27,16.65,16.75,16.12,16.33,563865.95
2021-09-28,16.57,17.15,16.16,16.98,797804.07
2021-09-29,17.12,17.38,16.27,16.51,631546.13
2021-09-30,16.54,17.16,16.39,16.87,651568.65
2021-10-08,17.21,17.22,15.93,15.93,997743.38
2021-10-11,16.22,16.83,16.19,16.69,717700.93
2021-10-12,16.88,17.5,16.1,16.56,669751.64
2021-10-13,16.59,16.59,15.55,16.02,589487.35
2021-10-14,15.75,15.99,15.51,15.78,375057.55
2021-10-15,15.84,16.42,15.66,16.35,611177.66
2021-10-18,16.33,17.75,16.25,17.56,1050679.49
2021-10-19,17.52,17.92,17.27,17.47,658258.75
2021-10-20,16.01,16.51,16.01,16.36,861795.92
2021-10-21,16.37,17.46,16.36,17.17,717217.49
2021-10-22,16.95,17.18,16.07,16.1,995572.41
2021-10-25,16.14,16.99,16.01,16.64,657317.66
2021-10-26,16.83,16.87,16.17,16.27,483468.82
2021-10-27,16.01,16.18,15.48,15.62,643266.65
2021-10-28,15.18,15.26,14.34,15.0,1123682.16
2021-10-29,14.86,15.05,14.53,14.81,472837.03
2021-11-01,14.7,15.07,14.64,14.96,388264.17
2021-11-02,14.96,15.23,14.34,14.59,534980.98
2021-11-03,14.68,15.05,14.53,14.96,508356.13
2021-11-04,14.76,15.03,14.68,14.99,359299.57
2021-11-05,14.91,14.91,14.52,14.52,328368.18
2021-11-08,14.7,14.85,14.5,14.73,287924.77
2021-11-09,14.67,14.78,14.45,14.48,286029.4
2021-11-10,14.46,14.46,13.83,14.21,537414.39
2021-11-11,14.16,14.35,14.08,14.32,287001.37
2021-11-12,14.25,14.37,14.16,14.23,236397.64
2021-11-15,14.22,14.36,14.07,14.24,224458.34
2021-11-16,14.24,14.32,14.04,14.11,164179.94
2021-11-17,14.12,14.3,14.02,14.17,228012.72
2021-11-18,14.27,14.35,14.12,14.22,243698.09
2021-11-19,14.21,14.47,14.11,14.4,235331.66
2021-11-22,14.5,14.59,14.28,14.42,230227.46
2021-11-23,14.41,14.76,14.13,14.58,330131.23
2021-11-24,14.62,15.04,14.59,15.01,356713.66
2021-11-25,15.09,15.22,14.87,15.12,289948.41
2021-11-26,14.93,14.94,14.64,14.68,197732.23
2021-11-29,14.46,14.59,14.36,14.57,208420.8
2021-11-30,14.59,14.74,14.44,14.55,204007.79
2021-12-01,14.52,15.0,14.47,14.96,266703.74
2021-12-02,14.91,15.43,14.9,15.4,490851.91
2021-12-03,15.23,16.87,15.08,16.83,973766.98
2021-12-06,16.62,17.32,16.41,16.52,616275.67
2021-12-07,16.68,16.71,16.16,16.44,350761.81
2021-12-08,16.45,16.56,15.89,16.19,515542.22
2021-12-09,16.18,16.51,16.1,16.23,361985.1
2021-12-10,16.23,16.48,16.08,16.16,304838.36
2021-12-13,16.3,16.68,16.16,16.23,389947.46
2021-12-14,16.1,16.19,15.71,15.81,403163.22
2021-12-15,15.84,16.02,15.69,15.91,228528.13
2021-12-16,16.12,17.39,16.04,17.01,819572.35
2021-12-17,16.94,16.94,16.3,16.4,510950.37
2021-12-20,16.32,16.57,16.08,16.2,312814.0
2021-12-21,16.23,16.79,16.09,16.53,262337.62
2021-12-22,16.49,16.58,16.27,16.46,281396.82
2021-12-23,16.38,16.96,16.36,16.88,283407.12
2021-12-24,16.83,16.92,16.62,16.72,240522.77
2021-12-27,16.8,17.32,16.69,16.97,284121.66
2021-12-28,17.18,17.2,16.36,16.59,340842.1
2021-12-29,16.62,16.86,16.51,16.59,198245.06
2021-12-30,16.46,16.69,16.31,16.33,220860.75
2021-12-31,16.38,17.06,16.38,16.77,396563.3
2022-01-04,17.12,17.46,16.6,16.92,509858.07
2022-01-05,16.8,17.01,16.65,16.68,347745.05
2022-01-06,16.68,16.76,16.51,16.54,237671.99
2022-01-07,16.57,16.9,16.52,16.76,302298.15
2022-01-10,16.75,17.0,16.68,16.96,316023.65
2022-01-11,16.83,16.97,16.61,16.9,221170.8
2022-01-12,16.94,17.03,16.6,17.0,269818.27
2022-01-13,17.05,17.5,16.98,17.27,394330.87
2022-01-14,17.2,17.2,16.7,16.77,275015.96
2022-01-17,16.83,16.92,16.65,16.67,166869.01
2022-01-18,16.67,17.44,16.6,17.38,379621.8
2022-01-19,17.38,17.79,17.32,17.5,344298.47
2022-01-20,17.4,17.86,17.36,17.78,313882.89
2022-01-21,17.87,18.08,17.44,17.88,345158.08
2022-01-24,17.88,18.29,17.57,17.96,293846.47
2022-01-25,17.82,17.94,17.41,17.42,289438.1
2022-01-26,17.42,17.56,17.0,17.25,312480.56
2022-01-27,17.27,17.84,17.14,17.48,360126.41
2022-01-28,17.32,17.64,16.75,16.78,383169.58
2022-02-07,17.19,17.77,16.92,17.5,403618.93
2022-02-08,17.87,18.69,17.54,18.58,796746.21
2022-02-09,18.6,18.62,18.02,18.2,493714.83
2022-02-10,17.92,19.16,17.63,19.06,632339.85
2022-02-11,18.88,19.95,18.66,19.44,724754.2
2022-02-14,19.4,19.62,19.03,19.19,325632.32
2022-02-15,19.01,19.01,18.46,18.69,328780.87
2022-02-16,18.69,19.13,18.6,18.75,233620.48
2022-02-17,18.61,19.1,18.55,18.84,260354.44
2022-02-18,18.82,19.43,18.75,19.2,409779.89
2022-02-21,19.34,19.77,19.04,19.66,403313.57
2022-02-22,19.49,20.01,19.4,19.8,382940.6
2022-02-23,19.71,19.72,18.84,18.99,455224.3
2022-02-24,19.02,19.29,18.61,18.98,412869.9
2022-02-25,18.81,19.1,17.79,18.29,646065.99
2022-02-28,18.24,18.9,18.22,18.79,473767.39
2022-03-01,18.88,19.57,18.66,19.39,408444.19
2022-03-02,19.58,19.68,19.21,19.58,320769.58
2022-03-03,19.63,20.22,19.6,20.08,459659.82
2022-03-04,19.95,20.68,19.65,20.27,438600.64
2022-03-07,20.7,20.76,19.99,20.14,420149.94
2022-03-08,19.88,20.28,19.13,19.25,654644.1
2022-03-09,19.46,20.56,19.14,20.04,618370.61
2022-03-10,19.65,20.47,19.17,19.78,596590.41
2022-03-11,19.86,20.38,19.14,20.03,495394.98
2022-03-14,19.58,20.52,19.43,19.51,475784.26
2022-03-15,19.36,19.37,17.94,17.96,844696.45
2022-03-16,18.28,18.7,17.37,18.46,527637.85
2022-03-17,18.61,18.67,17.5,18.14,726637.13
2022-03-18,17.98,18.93,17.96,18.63,561821.71
2022-03-21,18.75,19.83,18.75,19.43,476729.02
2022-03-22,19.33,20.12,19.3,20.01,466143.7
2022-03-23,20.09,20.09,19.36,19.77,312423.49
2022-03-24,20.02,20.5,19.92,20.25,347794.98
2022-03-25,20.04,20.7,19.91,20.24,368686.94
2022-03-28,20.85,21.93,20.85,21.75,760133.01
2022-03-29,21.59,22.51,21.42,22.39,662093.02
2022-03-30,22.11,22.35,21.31,21.61,593828.91
2022-03-31,21.7,22.18,21.37,22.16,454867.34
2022-04-01,21.81,22.31,21.61,21.99,358288.15
2022-04-06,21.72,21.83,21.14,21.74,363693.55
2022-04-07,21.67,22.43,21.51,22.17,376306.89
2022-04-08,22.35,22.84,22.19,22.76,441370.15
2022-04-11,22.45,23.68,22.39,23.3,585103.71
2022-04-12,23.53,23.91,22.78,23.04,464062.97
2022-04-13,23.05,23.82,23.05,23.82,403710.84
2022-04-14,23.7,24.16,23.46,24.03,372982.04
2022-04-15,24.12,24.55,22.91,23.1,525017.49
2022-04-18,22.41,23.44,22.16,22.31,652774.66
2022-04-19,22.44,23.12,22.04,22.93,427826.79
2022-04-20,22.71,22.77,21.86,22.01,438786.81
2022-04-21,22.19,22.41,21.64,21.75,352745.76
2022-04-22,21.43,22.48,21.35,22.1,334046.01
2022-04-25,21.61,22.04,20.91,21.37,497908.9
2022-04-26,21.44,21.58,20.64,21.2,367490.4
2022-04-27,21.08,21.74,20.87,21.57,412549.95
2022-04-28,22.34,23.41,22.31,23.24,671984.13
2022-04-29,23.24,23.24,22.41,22.92,486238.35
2022-05-05,23.15,23.3,22.65,22.8,364809.89
2022-05-06,22.52,23.27,22.35,22.51,382084.47
2022-05-09,22.26,22.27,21.52,22.04,324094.38
2022-05-10,21.55,21.55,20.85,21.35,448589.16
2022-05-11,21.29,21.77,21.22,21.77,364390.78
2022-05-12,21.8,21.95,21.17,21.32,271686.28
2022-05-13,21.41,22.93,21.38,22.93,567981.0
2022-05-16,22.93,23.18,22.57,23.08,382605.36
2022-05-17,23.18,23.72,22.98,23.4,321821.45
2022-05-18,23.24,23.49,23.01,23.2,323373.81
2022-05-19,22.93,23.21,22.41,23.06,321721.42
2022-05-20,23.23,24.26,23.11,24.08,419027.72
2022-05-23,24.23,24.63,23.88,24.18,361658.64
2022-05-24,24.15,24.67,24.0,24.2,326796.61
2022-05-25,24.29,24.82,24.15,24.67,286940.37
2022-05-26,24.79,25.0,24.48,24.81,281182.24
2022-05-27,24.84,25.68,24.61,25.68,435502.58
2022-05-30,25.75,25.83,24.89,25.28,340959.81
2022-05-31,25.21,25.35,24.71,25.28,400202.65
2022-06-01,24.95,25.22,24.64,25.16,372566.38
2022-06-02,24.94,25.16,24.52,24.71,329514.07
2022-06-06,24.93,25.4,24.61,25.34,326551.13
2022-06-07,25.13,25.6,24.68,25.09,330807.06
2022-06-08,25.31,26.21,25.15,26.2,377379.15
2022-06-09,26.0,26.45,25.69,25.93,324787.07
2022-06-10,25.61,26.12,25.49,25.92,355001.12
2022-06-13,25.57,25.86,24.73,25.11,455456.52
2022-06-14,24.87,25.71,24.83,25.69,315527.07
2022-06-15,25.62,25.8,25.09,25.09,356079.38
2022-06-16,25.1,25.24,24.0,24.12,530521.04
2022-06-17,24.0,24.53,23.92,24.24,360931.89
2022-06-20,23.82,23.83,22.95,23.11,642207.55
2022-06-21,23.08,23.49,23.05,23.21,384117.11
2022-06-22,23.36,23.49,22.78,22.88,414555.34
2022-06-23,22.89,23.44,22.57,23.35,323790.13
2022-06-24,23.35,23.6,22.92,23.23,379649.14
2022-06-27,23.29,24.31,23.26,24.14,438136.95
2022-06-28,24.33,24.66,24.08,24.45,321176.54
2022-06-29,24.41,24.99,24.35,24.55,315983.76
2022-06-30,24.36,24.93,24.23,24.79,304795.81
2022-07-01,24.58,24.79,23.9,24.66,293252.42
2022-07-04,24.76,25.08,24.39,24.87,360741.96
2022-07-05,25.07,25.61,24.94,25.61,442985.1
2022-07-06,25.17,25.18,23.88,24.08,435835.73
2022-07-07,24.08,24.85,23.76,24.72,345211.44
2022-07-08,25.1,25.29,24.75,24.9,403634.69
2022-07-11,24.17,24.21,23.27,23.37,521250.0
2022-07-12,23.37,23.99,23.28,23.95,281641.17
2022-07-13,23.53,23.79,23.23,23.66,197864.89
2022-07-14,23.74,24.15,23.66,23.82,160735.83
2022-07-15,24.04,25.02,23.88,23.97,402868.65
2022-07-18,24.09,24.65,24.09,24.6,259869.7
2022-07-19,24.65,24.66,23.96,24.24,212269.28
2022-07-20,24.36,24.4,23.93,23.97,184857.1
2022-07-21,23.81,23.84,22.61,22.63,488508.97
2022-07-22,22.56,23.06,22.52,22.83,219610.92
2022-07-25,22.8,23.15,22.73,23.04,162163.24
2022-07-26,23.12,23.64,22.96,23.41,191336.33
2022-07-27,23.41,23.56,23.14,23.23,174672.33
2022-07-28,23.43,23.48,22.99,23.16,212479.02
2022-07-29,23.21,23.41,22.62,22.64,285604.74
2022-08-01,22.65,23.03,22.37,22.91,244567.65
2022-08-02,22.56,22.83,22.32,22.54,250503.5
2022-08-03,22.68,22.72,22.17,22.25,236283.59
2022-08-04,22.22,22.35,21.91,22.25,225171.2
2022-08-05,22.25,22.52,21.49,21.99,314161.05
2022-08-08,21.78,22.53,21.71,22.47,219592.43
2022-08-09,22.48,23.24,22.48,22.95,256431.26
2022-08-10,22.95,23.2,22.5,22.84,205265.73
2022-08-11,23.1,23.11,22.62,22.92,167066.61
2022-08-12,23.0,23.37,22.96,23.32,213493.82
2022-08-15,23.33,23.95,23.12,23.54,258604.7
2022-08-16,23.44,23.68,23.22,23.52,155990.97
2022-08-17,23.53,23.62,23.27,23.41,153427.14
2022-08-18,23.45,23.67,23.04,23.35,178229.03
2022-08-19,23.24,24.08,23.24,23.93,262480.89
2022-08-22,23.98,24.49,23.98,24.29,333460.67
2022-08-23,24.29,24.92,23.99,24.62,330694.88
2022-08-24,24.65,25.13,24.4,24.85,373146.06
2022-08-25,24.74,26.09,24.69,26.09,613556.37
2022-08-26,25.78,25.78,25.05,25.19,511583.56
2022-08-29,24.87,25.75,24.57,25.69,396706.12
2022-08-30,25.62,25.65,24.47,24.59,380564.95
2022-08-31,24.49,24.79,24.17,24.44,296694.15
2022-09-01,24.35,25.45,24.18,25.07,339098.14
2022-09-02,25.04,25.18,24.58,24.7,238428.84
2022-09-05,25.14,26.39,24.9,26.23,494128.06
2022-09-06,26.23,26.76,25.99,26.49,371477.91
2022-09-07,26.27,26.56,26.19,26.27,215170.67
2022-09-08,25.97,26.35,25.67,26.02,230752.46
2022-09-09,26.34,26.55,25.95,26.37,279548.69
2022-09-13,26.2,26.31,25.61,26.14,258071.36
2022-09-14,25.86,26.4,25.84,26.06,159586.94
2022-09-15,26.33,26.87,25.69,26.1,296036.54
2022-09-16,25.88,26.04,24.94,24.94,401037.75
2022-09-19,25.03,25.68,25.03,25.38,223259.52
2022-09-20,25.55,25.65,25.12,25.26,129364.65
2022-09-21,25.25,25.46,24.98,25.12,170677.29
2022-09-22,24.91,25.86,24.88,25.77,215551.51
2022-09-23,25.77,25.98,25.06,25.12,163003.37
2022-09-26,24.69,25.42,24.41,24.46,258593.38
2022-09-27,24.9,24.95,23.85,24.49,224216.26
2022-09-28,24.48,24.98,24.44,24.69,205642.31
2022-09-29,25.05,25.78,24.78,25.31,267504.83
2022-09-30,25.46,25.72,25.06,25.49,219426.08
2022-10-10,25.77,26.12,25.69,25.77,264336.82
2022-10-11,25.78,26.02,25.27,25.47,155046.42
2022-10-12,25.38,25.78,25.14,25.73,165652.41
2022-10-13,25.69,25.85,24.83,25.03,192119.55
2022-10-14,25.25,25.85,25.14,25.41,216001.72
2022-10-17,25.25,25.58,24.56,25.12,207694.29
2022-10-18,25.15,25.66,24.88,24.97,203988.65
2022-10-19,24.84,25.36,24.76,25.01,195863.09
2022-10-20,25.07,25.11,24.45,24.53,227473.72
2022-10-21,24.54,25.22,24.53,24.83,181855.2
2022-10-24,24.73,25.1,23.97,24.05,288434.61
2022-10-25,24.35,24.36,23.86,24.03,207673.84
2022-10-26,23.94,24.2,23.2,23.37,341676.43
2022-10-27,23.41,23.9,23.41,23.63,250144.44
2022-10-28,23.61,24.21,23.49,23.66,303701.06
2022-10-31,23.78,24.67,22.52,22.58,612529.11
2022-11-01,22.73,23.07,22.21,22.9,435544.95
2022-11-02,22.81,23.65,22.57,23.49,268567.11
2022-11-03,23.49,23.74,23.16,23.23,179834.36
2022-11-04,23.2,24.29,23.18,23.96,231322.14
2022-11-07,24.01,24.73,23.86,24.31,303930.43
2022-11-08,24.4,24.65,23.99,24.1,183338.59
2022-11-09,24.05,24.24,23.61,23.7,158472.47
2022-11-10,23.45,23.84,22.7,23.73,288026.35
2022-11-11,24.05,24.16,23.66,24.05,303617.07
2022-11-14,24.13,24.36,22.89,23.04,522270.67
2022-11-15,22.96,23.19,22.64,23.03,270129.36
2022-11-16,23.16,23.48,22.96,23.24,308086.67
2022-11-17,23.1,23.12,22.66,22.75,292368.04
2022-11-18,22.83,22.99,22.62,22.79,203289.41
2022-11-21,22.56,22.83,22.42,22.55,272315.97
2022-11-22,22.57,23.23,22.53,23.02,332483.36
2022-11-23,23.03,23.99,23.03,23.64,433350.8
2022-11-24,23.49,23.93,23.47,23.7,200634.03
2022-11-25,23.63,24.57,23.57,24.38,461715.93
2022-11-28,24.07,24.61,23.97,24.47,330932.67
2022-11-29,24.49,24.64,24.09,24.37,280790.87
2022-11-30,24.41,24.97,24.16,24.61,345740.98
2022-12-01,24.87,24.95,24.03,24.06,353076.99
2022-12-02,24.0,24.21,23.57,23.68,233122.4
2022-12-05,24.01,24.13,23.7,24.03,284411.95
2022-12-06,23.86,24.21,23.62,24.13,230757.16
2022-12-07,24.17,24.17,23.41,23.56,323020.66
2022-12-08,23.56,23.66,23.25,23.45,201381.15
2022-12-09,23.41,23.53,23.31,23.45,241628.87
2022-12-12,23.37,23.66,22.84,22.91,297198.53
2022-12-13,23.03,23.27,22.79,23.08,213783.4
2022-12-14,23.15,23.28,22.94,23.22,161160.31
2022-12-15,23.13,23.28,22.72,22.87,208564.2
2022-12-16,22.89,23.16,22.82,23.03,206627.78
2022-12-19,22.99,23.04,22.54,22.67,233771.4
2022-12-20,22.67,22.77,22.36,22.49,218381.41
2022-12-21,22.49,22.54,22.3,22.34,171637.13
2022-12-22,22.5,22.63,22.09,22.17,209102.66
2022-12-23,22.21,22.32,21.92,22.29,124787.23
2022-12-26,22.29,22.38,22.16,22.29,123947.48
2022-12-27,22.39,22.79,22.34,22.62,195230.23
2022-12-28,22.52,22.76,22.49,22.69,180957.16
2022-12-29,22.62,22.63,22.08,22.21,219179.0
2022-12-30,22.24,22.5,22.21,22.25,146946.63
2023-01-03,22.25,22.6,22.16,22.57,244459.13
2023-01-04,22.52,22.6,22.08,22.34,261793.37
2023-01-05,22.34,22.38,22.1,22.24,246954.35
2023-01-06,22.23,22.32,22.12,22.25,211118.94
2023-01-09,22.38,22.44,22.16,22.32,214660.13
2023-01-10,22.25,22.33,21.96,22.11,202591.95
2023-01-11,22.27,23.28,22.1,23.22,582386.62
2023-01-12,23.12,23.32,22.85,23.2,300728.43
2023-01-13,23.2,23.7,23.2,23.35,263789.92
2023-01-16,23.32,23.34,22.95,23.06,383422.44
2023-01-17,23.04,23.16,22.78,23.09,209511.04
2023-01-18,23.04,23.42,22.95,22.97,190405.59
2023-01-19,23.07,23.24,22.79,23.01,193337.52
2023-01-20,23.0,23.24,22.95,23.13,202709.31
2023-01-30,23.16,23.19,22.59,22.61,390112.04
2023-01-31,22.79,23.0,22.72,22.87,260681.12
2023-02-01,22.89,22.89,22.64,22.79,282405.52
2023-02-02,22.79,22.99,22.59,22.95,296198.39
2023-02-03,22.8,22.92,22.68,22.76,248146.69
2023-02-06,22.66,22.79,22.58,22.66,219793.18
2023-02-07,22.66,22.82,22.62,22.68,176178.57
2023-02-08,22.7,22.74,22.48,22.49,188968.37
2023-02-09,22.44,22.7,22.42,22.58,163292.51
2023-02-10,22.56,22.58,22.26,22.32,202951.48
2023-02-13,22.3,22.32,21.96,22.1,327839.27
2023-02-14,22.16,22.23,21.96,22.17,183379.71
2023-02-15,22.15,22.24,21.89,21.92,276633.12
2023-02-16,22.0,22.08,21.56,21.67,301538.37
2023-02-17,21.63,21.93,21.61,21.78,265483.24
2023-02-20,21.83,22.29,21.83,22.22,359757.11
2023-02-21,22.2,22.53,22.08,22.47,332042.86
2023-02-22,22.41,22.62,22.3,22.45,280429.07
2023-02-23,22.8,22.93,22.47,22.58,348365.87
2023-02-24,22.5,22.56,22.35,22.44,221076.96
2023-02-27,22.44,22.72,22.44,22.53,258091.33
2023-02-28,22.54,22.59,22.4,22.56,183530.68
2023-03-01,22.56,22.7,22.48,22.61,227892.83
2023-03-02,22.61,22.94,22.53,22.7,270930.63
2023-03-03,22.8,22.98,22.63,22.93,335674.3
2023-03-06,22.9,22.99,22.56,22.67,326729.59
2023-03-07,22.62,23.99,22.62,23.26,783877.66
2023-03-08,23.12,23.16,22.79,22.95,284544.72
2023-03-09,22.98,23.4,22.87,23.0,250484.9
2023-03-10,22.93,22.93,22.62,22.66,255883.09
2023-03-13,22.62,23.43,22.62,23.38,376148.6
2023-03-14,23.37,23.69,23.05,23.15,292098.09
2023-03-15,23.28,23.41,23.07,23.24,244910.55
2023-03-16,22.88,23.04,22.56,22.59,387842.25
2023-03-17,22.75,23.28,22.69,23.02,327143.87
2023-03-20,23.09,23.62,22.87,23.23,438214.63
2023-03-21,23.31,23.35,22.86,22.99,276822.47
2023-03-22,23.04,23.37,22.98,23.26,234024.82
2023-03-23,23.28,23.73,23.22,23.67,419780.31
2023-03-24,23.76,23.77,23.09,23.35,393659.89
2023-03-27,22.48,22.62,22.0,22.3,878352.27
2023-03-28,22.3,22.36,22.0,22.06,469812.7
2023-03-29,22.14,22.18,21.9,21.97,249360.04
2023-03-30,21.98,22.68,21.91,22.66,443054.9
2023-03-31,22.61,22.78,22.52,22.7,196985.81
2023-04-03,22.8,23.0,22.46,22.47,290884.18
2023-04-04,22.48,22.79,22.41,22.73,223978.03
2023-04-06,22.73,22.73,22.46,22.5,158254.36
2023-04-07,22.48,22.56,22.27,22.35,204042.88
2023-04-10,22.24,22.29,22.11,22.25,196284.55
2023-04-11,22.28,22.35,22.02,22.22,181547.84
2023-04-12,22.28,22.65,22.18,22.44,226751.86
2023-04-13,22.44,22.79,22.38,22.7,260120.96
2023-04-14,22.7,22.99,22.58,22.88,345018.91
2023-04-17,22.87,23.49,22.79,23.4,388103.1
2023-04-18,23.46,23.73,23.33,23.66,316310.48
2023-04-19,23.66,23.86,23.58,23.6,275058.08
2023-04-20,23.49,23.73,23.32,23.57,263022.18
2023-04-21,23.49,23.76,23.39,23.39,243053.25
2023-04-24,23.42,23.67,23.17,23.29,225696.84
2023-04-25,23.29,23.45,22.99,23.2,264244.3
2023-04-26,23.24,23.38,23.0,23.12,180684.47
2023-04-27,23.18,23.27,22.65,23.14,305684.81
2023-04-28,23.08,23.49,23.03,23.43,214440.05
2023-05-04,23.24,23.94,22.9,23.82,361589.24
2023-05-05,23.82,24.4,23.7,24.08,318010.71
2023-05-08,24.07,25.88,24.07,25.56,839922.66
2023-05-09,25.77,26.23,25.42,25.52,535703.66
2023-05-10,25.46,25.62,24.91,25.27,439996.72
2023-05-11,25.14,25.27,24.76,25.0,255264.33
2023-05-12,25.02,25.34,24.69,24.85,289660.46
2023-05-15,24.7,24.95,24.53,24.86,311837.6
2023-05-16,24.87,25.87,24.83,25.11,460320.27
2023-05-17,24.98,25.07,24.64,24.79,272123.98
2023-05-18,24.86,25.14,24.78,24.91,242080.3
2023-05-19,24.86,25.13,24.62,24.92,176561.8
2023-05-22,24.78,25.12,24.78,24.84,233790.19
2023-05-23,24.9,25.15,24.73,24.78,251419.0
2023-05-24,24.73,24.79,24.17,24.32,433864.79
2023-05-25,24.27,24.39,24.01,24.21,306678.99
2023-05-26,24.08,24.09,23.58,23.61,300569.09
2023-05-29,23.61,23.89,23.16,23.73,316031.77
2023-05-30,23.72,23.83,23.37,23.5,180786.96
2023-05-31,23.35,23.35,22.54,22.74,461896.0
2023-06-01,22.64,22.76,22.48,22.53,287543.4
2023-06-02,22.56,22.8,22.52,22.77,211830.32
2023-06-05,22.65,23.08,22.65,23.01,220545.85
2023-06-06,23.04,24.01,22.84,23.61,401313.7
2023-06-07,23.66,23.89,23.28,23.62,195065.89
2023-06-08,23.68,23.89,23.57,23.85,143159.81
2023-06-09,23.82,23.93,23.62,23.72,148189.1
2023-06-12,23.64,24.17,23.6,24.03,249160.76
2023-06-13,23.97,24.14,23.74,23.86,136828.6
2023-06-14,23.92,24.27,23.92,24.19,237723.95
2023-06-15,24.18,24.29,23.84,24.17,203559.81
2023-06-16,24.21,24.47,24.09,24.14,201385.08
2023-06-19,24.14,24.43,23.97,24.02,146501.48
2023-06-20,24.16,24.19,23.89,24.01,157780.81
2023-06-21,23.89,24.25,23.89,24.01,197073.51
2023-06-26,23.91,24.01,23.72,23.92,210371.44
2023-06-27,23.91,24.34,23.78,24.15,237150.65
2023-06-28,24.17,24.56,24.17,24.47,268039.13
2023-06-29,24.48,24.63,24.09,24.29,246878.6
2023-06-30,24.28,24.93,24.28,24.77,270392.23
2023-07-03,24.65,25.19,24.65,25.1,347123.66
2023-07-04,25.05,25.28,24.99,25.06,323871.08
2023-07-05,25.08,25.43,24.99,25.31,280969.13
2023-07-06,25.17,25.39,25.07,25.12,148293.92
2023-07-07,25.03,25.4,25.03,25.18,139375.82
2023-07-10,25.35,25.4,24.99,25.12,125270.91
2023-07-11,25.3,25.3,24.97,25.02,111532.88
2023-07-12,25.11,25.12,24.83,24.94,129361.6
2023-07-13,25.01,25.31,24.94,25.17,127675.69
2023-07-14,25.17,25.45,25.17,25.32,113381.83
2023-07-17,24.73,24.73,23.95,24.36,419159.49
2023-07-18,24.44,24.56,24.24,24.42,221035.53
2023-07-19,24.23,24.72,24.23,24.53,122921.67
2023-07-20,24.63,24.86,24.35,24.36,118566.81
2023-07-21,24.39,24.52,24.22,24.28,96274.8
2023-07-24,23.95,24.34,23.95,24.2,94043.5
2023-07-25,24.48,24.82,24.38,24.77,191605.19
2023-07-26,24.77,25.1,24.77,24.96,116116.44
2023-07-27,25.01,25.12,24.81,24.9,101847.56
2023-07-28,24.92,25.1,24.71,24.93,150635.57
2023-07-31,25.1,25.4,24.8,24.9,175666.86
2023-08-01,24.88,25.08,24.83,24.96,99235.64
2023-08-02,24.99,24.99,24.46,24.49,124473.62
2023-08-03,24.61,24.61,24.38,24.47,115994.87
2023-08-04,24.57,24.74,24.35,24.39,154939.85
2023-08-07,24.32,24.47,24.26,24.45,110613.18
2023-08-08,24.35,24.63,24.28,24.5,96656.46
2023-08-09,24.45,24.56,24.31,24.42,93695.0
2023-08-10,24.39,24.89,24.38,24.67,233489.94
2023-08-11,24.63,24.79,24.14,24.14,198203.2
2023-08-14,23.97,24.17,23.82,24.01,145388.2
2023-08-15,24.04,24.19,23.91,24.15,116857.55
2023-08-16,24.09,24.2,24.0,24.04,77242.0
2023-08-17,23.97,24.1,23.82,24.05,83581.5
2023-08-18,24.05,24.18,23.95,24.0,91086.38
2023-08-21,24.1,24.1,23.69,23.7,125707.52
2023-08-22,23.71,24.24,23.69,24.15,144915.77
2023-08-23,24.16,24.88,24.16,24.6,304312.26
2023-08-24,24.67,24.87,24.34,24.4,179049.17
2023-08-25,24.42,24.61,24.36,24.47,127503.23
2023-08-28,25.34,25.46,24.87,25.01,384128.05
2023-08-29,25.1,25.17,24.85,24.96,241999.27
2023-08-30,25.1,25.15,24.78,24.81,155966.11
2023-08-31,25.01,25.01,24.67,24.72,135851.07
2023-09-01,24.84,25.33,24.74,25.23,281428.04
2023-09-04,25.43,26.15,25.37,25.96,438624.76
2023-09-05,25.8,26.21,25.63,26.11,275302.75
2023-09-06,26.08,26.26,25.91,26.04,202237.94
2023-09-07,26.04,26.32,25.86,26.14,307825.87
2023-09-08,25.96,26.1,25.72,25.83,146683.06
2023-09-11,25.89,26.59,25.84,26.14,247936.0
2023-09-12,26.06,26.37,25.96,26.16,150679.29
2023-09-13,26.31,26.67,26.17,26.55,233345.35
2023-09-14,26.56,27.53,26.55,27.33,443102.9
2023-09-15,27.61,27.74,27.17,27.35,346887.61
2023-09-18,27.38,27.46,26.97,27.4,230705.77
2023-09-19,27.42,27.78,27.29,27.53,277779.77
2023-09-20,27.53,27.78,27.28,27.61,204149.86
2023-09-21,27.54,27.68,27.25,27.34,179473.2
2023-09-22,27.47,27.55,27.03,27.42,241114.89
2023-09-25,27.61,27.86,27.39,27.51,168955.97
2023-09-26,27.51,27.67,27.28,27.34,130744.0
2023-09-27,27.45,27.45,26.94,27.08,181736.16
2023-09-28,27.33,27.49,26.96,27.38,214604.01
2023-10-09,27.2,27.76,27.13,27.68,208136.85
2023-10-10,27.68,27.68,27.18,27.25,145534.59
2023-10-11,27.42,27.44,26.76,27.08,211119.01
2023-10-12,27.28,27.33,26.83,26.94,100797.17
2023-10-13,26.76,27.06,26.68,27.0,98381.93
2023-10-16,27.18,27.62,27.03,27.58,227620.3
2023-10-17,27.55,27.76,27.34,27.72,141595.55
2023-10-18,27.65,28.12,27.55,27.73,178899.82
2023-10-19,27.55,27.62,27.12,27.16,148437.09
2023-10-20,27.24,27.34,26.92,27.01,120627.99
2023-10-23,27.03,27.2,26.82,27.14,156822.17
2023-10-24,27.1,27.17,26.55,26.84,207498.11
2023-10-25,27.1,27.16,26.62,26.64,185999.36
2023-10-26,26.74,27.07,26.53,26.81,152351.08
2023-10-27,26.76,27.0,26.61,26.63,132447.11
2023-10-30,26.63,26.81,26.07,26.07,243870.39
2023-10-31,26.05,26.76,26.02,26.6,187579.68
2023-11-01,26.51,26.69,26.19,26.58,153326.46
2023-11-02,26.8,26.98,26.59,26.75,126233.5
2023-11-03,26.88,27.14,26.57,26.65,131989.63
2023-11-06,26.6,26.74,25.71,25.87,355037.09
2023-11-07,25.74,26.19,25.74,26.02,154618.6
2023-11-08,25.87,26.19,25.84,26.11,160418.46
2023-11-09,26.21,27.03,26.17,26.96,251514.14
2023-11-10,26.93,27.39,26.68,27.29,238880.49
2023-11-13,27.32,27.46,26.82,27.14,138750.46
2023-11-14,27.1,27.29,26.81,26.89,113571.98
2023-11-15,27.02,27.14,26.81,26.97,113008.67
2023-11-16,26.95,27.09,26.72,27.0,129056.34
2023-11-17,26.94,27.12,26.75,27.03,163337.5
2023-11-20,27.05,27.06,26.68,26.96,127868.61
2023-11-21,27.01,27.38,26.92,26.95,164152.93
2023-11-22,26.87,27.07,26.75,26.89,113273.86
2023-11-23,26.87,27.23,26.81,27.16,126176.96
2023-11-24,27.09,27.48,27.08,27.25,183188.34
2023-11-27,27.42,27.56,27.15,27.42,170298.48
2023-11-28,27.4,27.41,26.97,27.19,141302.44
2023-11-29,27.36,27.44,27.21,27.35,145246.91
2023-11-30,27.25,27.64,27.24,27.63,266363.66
2023-12-01,27.63,27.84,27.46,27.65,277719.25
2023-12-04,27.63,27.92,27.55,27.87,223129.85
2023-12-05,27.8,27.97,27.38,27.45,204709.62
2023-12-06,27.43,27.46,27.02,27.24,172708.61
2023-12-07,27.21,27.21,26.82,26.82,211929.39
2023-12-08,26.81,27.15,26.51,26.83,241183.38
2023-12-11,26.69,27.4,26.39,27.27,350616.8
2023-12-12,27.19,27.42,26.92,27.42,214967.82
2023-12-13,27.39,27.39,26.96,27.01,163243.02
2023-12-14,27.1,27.16,26.73,26.93,198821.84
2023-12-15,26.94,27.24,26.68,26.68,242093.73
2023-12-18,26.69,27.12,26.48,26.98,249494.39
2023-12-19,27.03,27.2,26.81,27.03,177962.49
2023-12-20,27.11,27.51,27.03,27.23,272976.28
2023-12-21,27.22,27.36,26.75,27.0,267076.31
2023-12-22,27.04,27.72,27.01,27.53,328978.35
2023-12-25,27.52,27.92,27.34,27.87,278063.36
2023-12-26,27.95,28.54,27.43,27.47,381675.03
2023-12-27,27.64,27.95,27.39,27.77,236255.89
2023-12-28,27.77,28.08,27.09,27.39,375381.82
2023-12-29,27.27,27.64,27.21,27.51,257452.45
2024-01-02,27.54,28.65,27.53,28.41,421840.92
2024-01-03,28.4,29.11,28.34,28.94,319788.25
2024-01-04,28.97,29.48,28.97,29.33,390508.03
2024-01-05,29.25,29.66,29.03,29.35,316555.86
2024-01-08,29.22,29.67,29.0,29.53,459690.32
2024-01-09,29.4,29.97,29.15,29.88,295809.95
2024-01-10,29.88,30.27,29.43,29.7,243984.94
2024-01-11,29.7,29.7,29.11,29.18,294633.57
2024-01-12,29.09,29.56,29.01,29.5,211634.91
2024-01-15,29.4,29.99,29.33,29.87,238395.67
2024-01-16,29.74,30.25,29.68,30.08,218162.8
2024-01-17,29.99,30.41,29.87,29.96,319676.04
2024-01-18,29.96,30.18,29.13,29.9,464668.88
2024-01-19,29.84,29.84,28.79,29.18,602974.81
2024-01-22,29.15,29.39,28.65,28.92,381009.18
2024-01-23,28.8,29.66,28.65,29.5,299308.16
2024-01-24,29.65,30.45,29.47,30.37,326006.23
2024-01-25,30.52,31.05,30.23,30.82,332695.97
2024-01-26,30.71,31.55,30.62,31.41,306601.0
2024-01-29,31.43,31.62,31.15,31.28,251573.15
2024-01-30,31.33,31.59,30.93,31.38,277175.52
2024-01-31,31.05,32.63,31.02,32.57,467373.48
2024-02-01,32.33,32.42,31.62,31.85,349542.76
2024-02-02,31.85,32.73,31.5,32.48,426962.82
2024-02-05,32.3,33.46,32.2,33.46,413356.62
2024-02-06,33.3,33.87,32.83,33.12,432840.55
2024-02-07,33.12,33.92,32.29,33.86,515364.62
2024-02-08,33.6,33.67,32.93,33.41,362720.91
2024-02-19,33.18,35.05,32.91,34.93,403265.29
2024-02-20,34.89,35.33,34.47,34.89,309855.76
2024-02-21,34.89,35.13,34.51,34.73,346921.33
2024-02-22,34.55,35.98,34.46,35.83,413161.32
2024-02-23,35.89,35.89,34.66,34.97,371054.15
2024-02-26,34.52,34.84,33.71,33.87,501029.9
2024-02-27,33.69,34.21,33.54,33.85,302429.5
2024-02-28,33.76,34.41,33.21,34.22,489285.59
2024-02-29,33.87,34.12,33.54,33.87,375727.51
2024-03-01,33.65,34.17,33.41,33.68,320514.78
2024-03-04,33.52,34.31,33.37,34.21,421372.34
2024-03-05,34.19,34.91,34.05,34.7,383843.27
2024-03-06,34.7,35.43,34.36,34.59,369007.51
2024-03-07,34.47,35.23,34.4,35.18,314942.76
2024-03-08,35.04,35.18,34.36,34.88,308094.55
2024-03-11,34.66,34.8,33.61,33.96,402880.21
2024-03-12,33.78,33.87,32.4,32.62,659977.01
2024-03-13,32.61,32.62,31.93,32.53,356282.03
2024-03-14,32.46,32.93,32.03,32.83,337229.2
2024-03-15,32.69,32.82,31.78,32.74,447786.66
2024-03-18,32.33,32.41,31.92,32.26,386241.01
2024-03-19,32.12,33.43,32.05,32.76,373386.41
2024-03-20,32.69,33.4,32.34,32.9,286739.23
2024-03-21,32.82,33.37,32.38,33.05,306204.34
2024-03-22,33.05,33.42,32.76,33.29,332650.84
2024-03-25,32.64,34.35,32.48,33.79,511604.66
2024-03-26,34.21,34.22,32.93,33.37,385548.13
2024-03-27,33.49,34.4,33.4,34.08,325940.13
2024-03-28,34.13,34.34,33.66,33.91,349917.4
2024-03-29,33.84,34.61,33.7,34.3,239466.73
2024-04-01,34.31,34.32,33.34,33.68,384107.59
2024-04-02,33.67,34.34,33.53,34.27,326976.22
2024-04-03,34.27,34.88,34.12,34.74,277953.06
2024-04-08,34.54,35.1,34.12,34.73,230255.1
2024-04-09,34.86,35.15,34.39,34.83,196737.82
2024-04-10,34.82,35.61,34.79,35.21,300024.89
2024-04-11,35.1,35.52,34.75,35.1,194695.82
2024-04-12,35.01,35.17,34.65,34.86,215253.18
2024-04-15,34.84,36.19,34.81,36.02,330127.66
2024-04-16,36.02,37.02,35.86,36.59,392468.63
2024-04-17,36.5,36.84,35.88,36.77,250157.67
2024-04-18,36.51,37.2,36.04,36.29,265297.69
2024-04-19,36.05,37.03,36.02,36.76,261546.51
2024-04-22,36.75,37.35,35.31,35.36,322489.38
2024-04-23,35.02,35.53,34.23,35.01,278563.59
2024-04-24,35.36,35.49,34.55,34.92,225629.94
2024-04-25,34.85,35.36,34.62,35.06,202359.73
2024-04-26,34.88,35.2,34.66,34.7,283378.37
2024-04-29,34.64,34.64,33.88,34.22,417812.53
2024-04-30,34.22,35.11,34.14,34.95,297387.06
2024-05-06,34.83,34.86,34.05,34.7,337798.56
2024-05-07,34.65,35.09,34.57,35.04,220473.7
2024-05-08,35.11,36.37,35.11,36.11,381937.95
2024-05-09,35.97,36.24,35.63,35.84,265291.5
2024-05-10,35.84,36.15,35.68,35.95,227030.51
2024-05-13,35.77,35.94,35.05,35.78,218475.59
2024-05-14,35.63,35.74,34.79,35.34,264669.9
2024-05-15,35.1,35.39,34.97,35.25,144426.0
2024-05-16,35.25,35.29,34.7,34.75,212605.29
2024-05-17,34.69,35.03,34.57,35.0,208106.24
2024-05-20,35.01,36.08,34.98,35.91,271945.46
2024-05-21,35.87,36.85,35.66,36.83,294030.82
2024-05-22,36.77,37.31,36.56,36.63,242711.38
2024-05-23,36.6,36.97,36.34,36.85,167527.8
2024-05-24,36.92,37.03,36.24,36.25,165860.26
2024-05-27,36.49,37.75,36.43,36.85,256860.09
2024-05-28,36.86,38.09,36.8,37.64,237927.15
2024-05-29,37.64,38.3,37.38,38.13,216034.56
2024-05-30,37.83,38.49,37.47,37.81,233327.14
2024-05-31,37.96,38.08,37.14,37.14,200583.23
2024-06-03,37.47,38.24,37.4,38.03,265774.89
2024-06-04,37.92,37.96,37.14,37.15,330729.57
2024-06-05,37.13,38.08,37.03,37.51,265645.84
2024-06-06,37.53,39.28,37.53,38.75,326509.86
2024-06-07,38.79,38.95,38.48,38.74,221465.52
2024-06-11,38.75,39.06,37.83,38.12,243601.72
2024-06-12,37.93,39.35,37.74,39.18,264725.74
2024-06-13,39.05,39.47,38.76,39.12,182267.51
2024-06-14,39.0,39.59,38.61,38.92,281659.83
2024-06-17,38.8,39.02,37.99,38.2,275475.26
2024-06-18,38.19,38.37,37.56,38.23,169465.44
2024-06-19,38.08,38.71,37.88,38.12,234646.78
2024-06-20,38.09,39.34,37.9,39.16,357048.71
2024-06-21,38.97,39.21,38.4,38.71,198663.04
2024-06-24,38.86,39.14,38.53,38.83,201106.86
2024-06-25,38.91,38.93,38.32,38.55,180147.73
2024-06-26,38.45,38.74,37.77,38.39,188638.33
2024-06-27,38.23,38.6,37.88,38.17,250689.64
2024-06-28,37.93,39.16,37.91,38.93,221058.42
2024-07-01,38.97,40.33,38.96,39.73,209954.21
2024-07-02,39.75,40.26,39.28,40.19,226740.28
2024-07-03,40.01,40.38,39.42,39.71,201695.51
2024-07-04,39.7,40.17,39.7,39.84,160589.6
2024-07-05,39.84,40.08,38.69,39.57,274056.77
2024-07-08,39.54,40.3,39.08,40.07,256615.48
2024-07-09,40.0,40.23,39.45,40.09,237947.51
2024-07-10,39.8,39.91,38.04,38.53,479604.07
2024-07-11,38.18,38.9,37.75,38.5,340069.14
2024-07-12,38.36,38.83,37.79,38.07,240980.86
2024-07-15,37.87,39.2,37.69,39.16,248250.23
2024-07-16,39.03,39.35,38.7,39.18,200502.5
2024-07-17,39.15,39.32,38.28,38.54,219835.1
2024-07-18,38.71,38.92,38.33,38.84,172058.94
2024-07-19,38.83,38.96,38.32,38.77,223182.0
2024-07-22,38.55,38.71,36.86,38.55,395104.34
2024-07-23,38.34,38.66,37.78,37.93,180916.6
2024-07-24,37.84,38.75,37.69,38.58,182274.0
2024-07-25,38.54,38.54,37.58,38.11,212565.37
2024-07-26,38.11,38.24,37.38,37.69,181750.82
2024-07-29,37.49,37.98,37.37,37.73,138375.92
2024-07-30,37.58,37.65,36.51,36.77,222956.82
2024-07-31,36.77,37.18,36.41,36.72,252128.41
2024-08-01,36.94,37.25,36.27,36.41,211507.77
2024-08-02,36.21,36.29,35.57,36.13,169024.48
2024-08-05,35.89,35.9,35.32,35.54,220318.49
2024-08-06,35.57,35.75,35.0,35.24,190758.06
2024-08-07,35.24,36.39,35.11,35.92,210320.0
2024-08-08,36.03,36.47,35.9,35.93,145630.2
2024-08-09,35.84,36.3,35.56,36.07,111245.1
2024-08-12,35.86,36.63,35.68,36.3,130939.96
2024-08-13,36.3,36.69,35.86,36.1,121937.38
2024-08-14,36.03,36.4,35.59,36.15,89491.4
2024-08-15,36.03,37.3,35.98,37.13,234365.98
2024-08-16,37.13,37.54,37.02,37.44,137139.93
2024-08-19,37.44,38.07,37.19,37.27,136252.57
2024-08-20,37.28,37.37,36.43,36.66,140467.5
2024-08-21,36.8,37.02,36.12,36.74,129766.28
2024-08-22,36.74,37.02,36.5,36.89,106753.9
2024-08-23,36.77,37.86,36.73,37.21,132911.5
2024-08-26,37.27,37.46,36.77,37.27,119887.15
2024-08-27,37.26,38.6,37.09,38.52,217914.57
2024-08-28,38.36,38.96,37.92,38.25,158142.04
2024-08-29,38.23,38.34,37.38,37.64,126864.0
2024-08-30,37.42,37.9,36.74,37.46,215265.02
2024-09-02,37.42,38.33,37.02,37.95,211243.88
2024-09-03,37.95,38.57,36.77,37.12,190062.83
2024-09-04,36.95,37.14,36.53,36.64,132628.0
2024-09-05,36.61,37.01,35.67,35.77,252777.85
2024-09-06,35.75,36.05,35.13,35.14,169405.37
2024-09-09,35.1,35.14,33.83,34.38,262539.98
2024-09-10,34.36,35.32,34.34,34.63,186155.2
2024-09-11,34.36,34.44,33.21,33.94,242706.52
2024-09-12,34.11,34.95,33.8,34.74,242603.06
2024-09-13,34.64,35.28,34.64,34.96,145764.99
2024-09-18,34.75,35.84,34.75,35.32,133429.3
2024-09-19,35.51,35.51,34.23,35.1,232972.89
2024-09-20,35.06,35.73,34.95,35.56,216327.96
2024-09-23,35.41,36.48,35.3,36.12,163078.43
2024-09-24,36.67,38.05,36.26,38.04,341698.35
2024-09-25,38.8,39.63,38.23,38.59,296896.57
2024-09-26,38.8,39.51,38.36,39.47,281726.2
2024-09-27,40.19,40.19,38.34,38.62,244526.86
2024-09-30,39.09,41.54,38.06,40.28,959337.56
2024-10-08,43.51,43.88,37.66,39.2,1184684.01
2024-10-09,38.72,39.29,37.25,37.27,581657.57
2024-10-10,37.41,40.42,37.41,39.68,755399.75
2024-10-11,39.86,40.69,38.8,39.35,514446.14
2024-10-14,39.17,40.23,38.72,39.42,349669.84
2024-10-15,39.39,39.7,38.62,38.62,267213.64
2024-10-16,38.5,38.92,38.12,38.36,210124.05
2024-10-17,38.41,39.23,37.85,37.86,217663.5
2024-10-18,37.92,39.17,37.74,38.78,363280.52
2024-10-21,38.72,39.21,37.97,38.17,349040.69
2024-10-22,38.18,38.49,37.91,38.28,252865.2
2024-10-23,38.23,38.47,37.76,37.92,290194.34
2024-10-24,37.92,38.3,37.65,38.14,228103.7
2024-10-25,38.14,38.22,37.7,37.81,191066.01
2024-10-28,38.19,38.8,37.74,37.97,355493.28
2024-10-29,37.9,38.22,37.5,37.86,276753.61
2024-10-30,37.76,38.08,37.05,37.36,241958.08
2024-10-31,37.24,37.44,36.49,36.99,264521.28
2024-11-01,36.98,38.28,36.98,37.94,357442.09
2024-11-04,37.99,38.02,37.23,37.64,242673.01
2024-11-05,37.55,37.92,37.35,37.9,232379.96
2024-11-06,37.92,38.32,37.17,37.26,336104.54
2024-11-07,37.26,37.72,37.06,37.7,299157.84
2024-11-08,37.7,38.23,36.83,37.13,401891.44
2024-11-11,36.66,36.77,36.05,36.38,338166.02
2024-11-12,36.23,36.64,35.92,35.94,357722.96
2024-11-13,35.81,36.86,35.72,36.37,357783.06
2024-11-14,36.13,37.04,35.96,36.59,331769.88
2024-11-15,36.56,37.32,36.21,37.08,413474.55
2024-11-18,36.94,38.34,36.89,38.27,572251.24
2024-11-19,38.27,38.47,37.56,37.98,349896.5
2024-11-20,37.74,38.1,37.69,37.91,221818.12
2024-11-21,37.84,38.39,37.78,38.05,202641.11
2024-11-22,38.05,38.17,36.77,36.77,273446.13
2024-11-25,37.12,37.29,36.49,37.05,237381.54
2024-11-26,36.61,37.06,36.17,36.77,189375.11
2024-11-27,36.77,37.57,36.63,37.5,252597.47
2024-11-28,37.5,37.63,37.12,37.2,157279.94
2024-11-29,37.39,37.49,36.86,36.91,186744.29
2024-12-02,36.77,36.88,36.12,36.59,371896.72
2024-12-03,36.49,37.17,36.41,37.16,268668.38
2024-12-04,36.93,39.08,36.86,38.89,583116.99
2024-12-05,38.79,39.03,38.49,38.72,239113.5
2024-12-06,38.77,39.43,38.71,39.11,265694.23
2024-12-09,38.71,39.7,38.35,39.26,245034.49
2024-12-10,40.1,40.33,38.9,39.3,349046.84
2024-12-11,39.3,40.09,39.2,40.07,290901.48
2024-12-12,39.97,40.09,39.28,39.82,259012.16
2024-12-13,39.68,39.84,39.11,39.35,431695.76
2024-12-16,39.12,40.27,39.12,40.14,367968.39
2024-12-17,40.03,40.83,39.46,39.54,293784.6
2024-12-18,39.89,40.51,39.66,39.78,282466.07
2024-12-19,39.46,40.05,39.26,39.36,172714.39
2024-12-20,39.35,39.46,37.92,38.19,401080.06
2024-12-23,38.06,38.96,37.86,38.59,334907.04
2024-12-24,38.52,38.78,38.02,38.56,195969.57
2024-12-25,38.63,39.96,38.56,39.63,283468.79
2024-12-26,39.43,39.8,38.89,38.92,221776.71
2024-12-27,38.96,39.29,38.5,38.97,186498.27
2024-12-30,39.17,39.99,39.17,39.52,217620.71
2024-12-31,39.63,40.62,39.44,40.17,358716.62
2025-01-02,40.04,40.64,39.08,39.34,303613.75
2025-01-03,39.65,39.73,38.77,38.86,240857.02
2025-01-06,38.98,39.1,38.26,38.62,215897.23
2025-01-07,38.64,38.72,37.67,37.97,218458.58
2025-01-08,37.83,38.38,37.41,37.76,284577.14
2025-01-09,37.41,37.56,36.49,36.55,404246.68
2025-01-10,36.49,36.89,35.93,36.19,284883.22
2025-01-13,36.24,36.5,35.81,35.93,243307.36
2025-01-14,36.21,36.32,35.74,36.32,308138.71
2025-01-15,36.19,36.89,35.99,36.22,296396.57
2025-01-16,36.35,36.88,36.07,36.67,310888.95
2025-01-17,36.65,37.01,36.46,36.59,251202.32
2025-01-20,36.67,36.67,35.75,35.79,358526.23
2025-01-21,35.82,35.92,35.2,35.3,254689.8
2025-01-22,35.56,35.56,35.02,35.19,237790.06
2025-01-23,35.43,36.01,35.26,35.48,254595.81
2025-01-24,35.68,36.4,35.29,36.1,362081.47
2025-01-27,36.12,37.04,36.11,36.95,294570.06
2025-02-05,36.95,36.95,35.48,35.86,340450.8
2025-02-06,35.86,35.98,35.48,35.98,218668.73
2025-02-07,35.84,36.0,35.57,35.93,266592.25
2025-02-10,35.75,35.89,35.53,35.65,238162.3
2025-02-11,35.6,36.0,35.45,35.61,243555.84
2025-02-12,35.62,35.62,35.13,35.31,306603.11
2025-02-13,35.32,35.52,35.12,35.2,297500.47
2025-02-14,35.26,35.3,35.03,35.22,281873.97
2025-02-17,35.2,35.2,34.29,34.44,607598.82
2025-02-18,34.18,34.45,33.72,33.82,561346.71
2025-02-19,33.83,33.84,33.27,33.35,451298.39
2025-02-20,33.26,33.53,33.01,33.45,348442.39
2025-02-21,33.41,33.48,32.59,32.68,624510.08
2025-02-24,32.41,33.35,32.13,33.03,648934.59
2025-02-25,32.82,33.8,32.74,32.91,638886.78
2025-02-26,32.91,33.33,32.64,32.83,330143.21
2025-02-27,32.7,33.14,32.19,33.02,468932.08
2025-02-28,32.96,33.14,32.74,32.75,355890.52
2025-03-03,32.87,33.18,32.7,32.83,278620.63
2025-03-04,32.7,32.83,32.45,32.65,214580.15
2025-03-05,32.57,33.01,32.34,33.01,326331.12
2025-03-06,32.97,32.97,32.54,32.78,292503.85
2025-03-07,32.78,33.42,32.7,33.15,427318.41
2025-03-10,33.07,33.74,33.05,33.35,321060.46
2025-03-11,33.33,33.67,33.07,33.65,311668.26
2025-03-12,33.58,33.58,33.07,33.19,250215.51
2025-03-13,33.2,34.71,33.19,34.38,841553.23
2025-03-14,34.27,34.64,34.21,34.34,438879.07
2025-03-17,34.33,34.6,34.18,34.21,287856.45
2025-03-18,34.16,34.16,33.8,33.88,241269.61
2025-03-19,33.88,34.1,33.74,33.88,208821.1
2025-03-20,33.98,34.32,33.9,33.95,228589.93
2025-03-21,33.83,34.32,33.83,33.83,292942.31
2025-03-24,34.09,34.62,33.87,34.29,416657.08
2025-03-25,34.29,35.2,34.15,34.87,582796.82
2025-03-26,34.88,35.22,34.59,35.13,368484.69
2025-03-27,35.05,35.35,34.91,35.08,232026.8
2025-03-28,35.0,35.09,34.73,34.95,189156.06
2025-03-31,34.84,35.44,34.77,35.43,355103.16
2025-04-01,35.37,35.81,35.33,35.7,235040.26
2025-04-02,35.79,35.79,35.39,35.7,194211.42
2025-04-03,35.31,36.05,35.3,35.99,246858.55
2025-04-07,35.12,35.55,33.99,34.49,713660.78
2025-04-08,34.87,36.19,34.53,36.19,641167.48
2025-04-09,35.91,36.65,35.47,36.45,635886.46
2025-04-10,36.24,36.24,35.14,36.02,471851.9
2025-04-11,35.92,35.93,34.93,35.12,385927.57
2025-04-14,35.08,35.76,34.79,35.66,323443.71
2025-04-15,35.42,35.9,35.41,35.66,245793.0
2025-04-16,35.65,36.45,35.38,36.45,419014.17
2025-04-17,36.31,36.31,35.92,36.29,190057.68
2025-04-18,36.06,36.5,35.87,36.21,220231.37
2025-04-21,36.16,36.42,35.81,35.95,204960.36
2025-04-22,35.83,36.13,35.69,35.69,172891.68
2025-04-23,35.67,35.81,35.47,35.6,186066.25
2025-04-24,35.56,36.05,35.52,35.97,236945.61
2025-04-25,35.85,35.89,35.47,35.73,247434.68
2025-04-28,35.07,35.41,34.26,35.1,464876.59
2025-04-29,34.96,35.36,34.86,35.35,211367.99
2025-04-30,35.29,35.64,34.87,35.38,222597.72
2025-05-06,35.56,35.56,35.02,35.43,212633.42
2025-05-07,36.35,36.35,35.29,35.82,227500.87
2025-05-08,35.55,35.93,35.48,35.61,161938.43
2025-05-09,35.56,36.12,35.55,35.88,225715.97
2025-05-12,35.89,35.93,35.49,35.62,278267.56
2025-05-13,35.68,36.27,35.45,36.07,288844.56
2025-05-14,36.12,36.44,35.99,36.29,205270.86
2025-05-15,36.35,37.02,36.34,37.01,340840.06
2025-05-16,36.9,37.13,36.31,36.45,251467.31
2025-05-19,36.45,36.84,36.18,36.19,175073.87
2025-05-20,36.23,36.44,36.05,36.17,146983.3
2025-05-21,36.24,37.32,36.23,37.04,331940.93
2025-05-22,36.91,37.46,36.86,37.32,194926.82
2025-05-23,37.21,37.44,36.52,36.67,229594.9
2025-05-26,36.67,36.99,36.43,36.61,184960.05
2025-05-27,36.68,37.0,36.51,36.51,166515.6
2025-05-28,36.52,37.07,36.3,36.77,148282.06
2025-05-29,36.78,36.92,36.61,36.76,158213.04
2025-05-30,36.75,37.16,36.54,36.54,166103.43
2025-06-03,36.25,36.49,35.94,36.18,279804.01
2025-06-04,36.25,36.32,35.94,36.29,215020.9
2025-06-05,36.33,36.92,36.25,36.3,185654.2
2025-06-06,36.31,36.65,36.14,36.53,211294.91
2025-06-09,36.49,36.68,36.26,36.49,182014.92
2025-06-10,36.58,36.71,36.4,36.63,227564.95
2025-06-11,36.57,36.89,36.53,36.67,208015.94
2025-06-12,36.72,36.89,36.01,36.05,327840.31
2025-06-13,36.23,36.37,36.0,36.27,277291.7
2025-06-16,36.26,36.26,35.76,36.06,236710.19
2025-06-17,36.06,36.55,35.81,36.49,250436.32
2025-06-18,36.52,36.72,36.17,36.23,183772.31
2025-06-19,36.11,36.45,35.78,36.39,291211.9
2025-06-20,36.38,36.65,36.26,36.43,209680.21
2025-06-23,36.48,36.93,36.21,36.81,212870.73
2025-06-24,36.77,36.96,36.65,36.81,244853.98
2025-06-25,36.82,37.14,36.61,37.09,216169.31
2025-06-26,37.09,37.23,36.8,36.99,245629.19
2025-06-27,36.93,37.12,36.76,36.89,243658.11
2025-06-30,36.89,37.61,36.85,37.45,292145.3
2025-07-01,37.46,37.92,37.23,37.82,200369.48
2025-07-02,37.82,38.38,37.7,38.37,223335.24
2025-07-03,38.51,38.52,37.26,37.32,286022.53
2025-07-04,37.32,38.04,37.32,37.92,302940.93
2025-07-07,37.92,37.92,36.73,36.85,461567.22
2025-07-08,36.9,37.0,36.66,36.87,201886.68
2025-07-09,36.87,37.08,36.66,36.66,209201.04
2025-07-10,36.8,36.88,36.57,36.62,235446.64
2025-07-11,36.62,36.92,35.97,35.97,433797.98
2025-07-14,36.23,37.13,36.23,36.58,514914.46
2025-07-15,36.63,37.09,36.41,36.63,262273.33
2025-07-16,36.64,36.71,36.37,36.44,151482.0
2025-07-17,36.43,36.5,36.14,36.3,172184.77
2025-07-18,36.41,36.74,36.4,36.56,207788.01
2025-07-21,36.67,36.99,36.53,36.92,257129.61
2025-07-22,36.92,39.09,36.74,38.59,745186.14
2025-07-23,38.79,39.28,37.84,37.95,509399.59
2025-07-24,37.96,38.3,37.48,37.95,391504.0
2025-07-25,37.95,38.04,37.5,37.57,234304.0
2025-07-28,37.37,37.38,36.89,36.95,295034.06
2025-07-29,36.85,37.12,36.84,36.97,178728.93
2025-07-30,37.16,38.03,37.03,37.64,329796.67
2025-07-31,37.42,37.44,36.76,37.3,351497.39
2025-08-01,37.31,37.56,36.7,36.72,244397.94
2025-08-18,40.39,40.39,38.14,38.35,1265353.24
2025-08-19,38.27,38.35,37.4,37.41,694509.35
2025-08-20,37.32,37.77,37.17,37.76,421034.98
2025-08-21,37.73,37.73,37.38,37.58,318277.49
2025-08-22,37.58,37.64,37.29,37.64,346032.45
2025-08-25,37.71,38.31,37.71,38.22,419225.44
2025-08-26,38.25,38.31,37.94,37.96,275361.73
2025-08-27,37.9,37.9,37.35,37.37,313917.33
2025-08-28,37.26,37.3,36.79,37.05,303218.8
2025-08-29,37.05,37.44,36.62,36.63,510554.68
2025-09-01,36.76,37.52,36.63,37.05,469624.73
2025-09-02,37.05,37.49,36.82,37.3,425726.66
2025-09-03,37.31,37.39,36.77,36.93,281242.16
2025-09-04,36.84,37.52,36.41,37.31,477475.8
2025-09-05,37.15,37.38,36.94,37.3,254570.68
2025-09-08,37.3,37.44,37.03,37.2,312085.03
2025-09-09,37.29,37.41,37.08,37.28,221529.92
2025-09-10,37.25,37.69,37.09,37.31,295491.66
2025-09-11,37.34,37.46,37.18,37.42,280991.82
2025-09-12,37.46,37.56,36.81,36.91,447318.93
2025-09-15,36.9,37.38,36.84,37.33,336995.67
2025-09-16,37.44,37.91,37.44,37.55,427232.98
2025-09-17,37.47,38.25,37.44,38.11,459279.49
2025-09-18,38.08,38.1,37.27,37.42,345892.9
2025-09-19,37.41,37.98,37.26,37.73,350244.15
2025-09-22,37.86,38.11,37.44,37.65,271092.97
2025-09-23,37.5,38.09,37.31,37.99,330174.01
2025-09-24,37.86,38.28,37.78,38.08,285006.09
2025-09-25,38.06,38.06,37.59,37.85,198184.86
2025-09-26,37.93,38.04,37.66,37.89,215391.86
2025-09-29,37.72,37.88,37.15,37.49,320278.05
2025-09-30,37.47,37.73,37.18,37.64,238863.34
2025-10-09,37.42,38.58,37.41,38.56,433829.21
2025-10-10,38.55,39.14,38.13,38.88,392609.57
2025-10-13,38.58,39.3,38.24,39.05,441117.32
2025-10-14,39.01,39.96,38.79,39.74,475246.37
2025-10-15,39.73,40.2,39.44,39.94,379537.31
2025-10-16,39.84,41.17,39.69,41.07,485243.35
2025-10-17,41.03,41.7,40.72,40.96,454770.45
2025-10-20,40.85,41.5,40.65,41.28,379733.94
2025-10-21,41.28,41.28,40.13,40.86,457363.06
2025-10-22,40.86,41.24,40.7,41.2,274130.31
2025-10-23,41.04,41.64,41.04,41.27,257632.79
2025-10-24,41.34,41.74,41.07,41.55,274322.83
2025-10-27,41.06,41.96,40.21,41.73,345298.83
2025-10-28,41.73,42.1,41.45,41.64,214641.84
2025-10-29,41.53,41.55,41.01,41.2,219040.41
2025-10-30,41.36,42.83,41.25,42.08,385780.85
2025-10-31,42.28,42.49,41.31,41.56,227773.08
2025-11-03,41.84,42.96,41.7,42.45,277291.57
2025-11-04,42.52,42.96,42.36,42.54,228243.64
2025-11-05,42.43,43.08,42.41,42.6,245745.59
2025-11-06,42.6,43.39,42.41,43.0,284128.45
2025-11-07,42.97,43.13,42.49,42.75,231889.78
2025-11-10,42.9,43.49,42.51,43.15,221563.37
2025-11-11,43.13,43.21,42.36,42.8,209937.49
2025-11-12,42.76,43.25,42.6,42.6,198411.74
2025-11-13,42.69,42.85,42.02,42.62,217782.01
2025-11-14,42.76,43.06,42.05,42.09,168367.12
2025-11-17,42.06,42.74,41.52,42.4,231336.92
2025-11-18,42.24,42.58,41.85,41.91,176417.89
2025-11-19,41.85,42.76,41.66,42.52,176676.43
2025-11-20,42.31,42.81,41.91,42.0,140729.9
2025-11-21,42.5,42.55,41.59,42.07,279434.64
2025-11-24,42.28,42.34,41.12,41.2,292889.46
2025-11-25,41.5,41.55,40.95,41.2,214540.0
2025-11-26,41.21,41.49,40.99,41.0,166048.62
2025-11-27,41.01,41.45,40.79,41.45,140561.5
2025-11-28,41.28,41.39,41.1,41.14,141933.74
