date,open,high,low,close,volume
2010-01-04,7.43,7.43,7.11,7.12,199088.94
2010-01-05,7.13,7.17,6.84,6.98,421107.96
2010-01-06,6.93,6.94,6.81,6.91,445464.17
2010-01-07,6.94,7.0,6.83,6.94,347366.17
2010-01-08,6.9,6.96,6.84,6.94,208864.45
2010-01-11,7.23,7.27,6.77,6.8,439399.5
2010-01-12,6.82,6.82,6.53,6.73,557299.85
2010-01-13,6.52,6.52,6.23,6.3,835948.64
2010-01-14,6.31,6.36,6.19,6.3,427262.82
2010-01-15,6.29,6.39,6.22,6.32,339343.19
2010-01-18,6.3,6.32,6.19,6.31,347627.04
2010-01-19,6.31,6.48,6.28,6.38,459131.13
2010-01-20,6.4,6.41,6.1,6.16,355554.12
2010-01-21,6.16,6.36,6.16,6.28,358889.78
2010-01-22,6.19,6.46,6.14,6.43,539618.3
2010-01-25,6.32,6.47,6.28,6.32,261568.24
2010-01-26,6.33,6.37,6.14,6.18,297577.11
2010-01-27,6.2,6.21,5.95,5.98,258617.13
2010-01-28,5.97,5.99,5.84,5.91,213683.92
2010-01-29,5.87,5.98,5.83,5.88,256284.03
2010-02-01,5.85,5.87,5.66,5.76,253648.27
2010-02-02,5.8,6.07,5.8,5.87,335038.9
2010-02-03,5.93,6.16,5.84,6.15,336595.33
2010-02-04,6.08,6.18,6.05,6.13,203562.39
2010-02-05,5.99,6.18,5.96,6.13,190431.59
2010-02-08,6.14,6.19,6.0,6.02,112353.07
2010-02-09,6.03,6.13,6.01,6.09,91485.27
2010-02-10,6.14,6.22,6.12,6.19,129345.07
2010-02-11,6.19,6.22,6.14,6.14,96331.6
2010-02-12,6.2,6.27,6.14,6.23,119895.41
2010-02-22,6.16,6.26,6.16,6.17,105613.01
2010-02-23,6.16,6.21,5.93,6.04,172981.42
2010-02-24,6.01,6.13,5.94,6.12,183829.35
2010-02-25,6.12,6.33,6.11,6.27,234155.08
2010-02-26,6.27,6.37,6.22,6.34,197118.33
2010-03-01,6.34,6.56,6.34,6.49,236756.2
2010-03-02,6.5,6.6,6.46,6.5,194961.05
2010-03-03,6.5,6.53,6.43,6.51,166794.81
2010-03-04,6.49,6.51,6.35,6.36,232078.47
2010-03-05,6.36,6.41,6.32,6.38,142025.74
2010-03-08,6.38,6.57,6.38,6.52,183559.26
2010-03-09,6.52,6.7,6.43,6.65,251864.59
2010-03-10,6.64,6.73,6.51,6.53,203983.46
2010-03-11,6.53,6.65,6.52,6.58,174882.0
2010-03-12,6.57,6.61,6.43,6.44,123477.69
2010-03-15,6.43,6.47,6.27,6.29,108766.76
2010-03-16,6.29,6.48,6.28,6.47,124945.06
2010-03-17,6.46,6.6,6.4,6.58,134492.27
2010-03-18,6.58,6.63,6.48,6.5,136364.69
2010-03-19,6.51,6.55,6.45,6.52,114167.69
2010-03-22,6.54,6.68,6.52,6.57,213703.77
2010-03-23,6.59,6.62,6.51,6.52,135253.86
2010-03-24,6.53,6.59,6.51,6.52,121386.96
2010-03-25,6.5,6.51,6.37,6.38,117934.33
2010-03-29,6.56,6.8,6.53,6.79,463373.23
2010-03-30,6.79,6.85,6.74,6.81,225133.7
2010-03-31,6.8,6.82,6.68,6.75,170613.95
2010-04-01,6.75,6.78,6.69,6.77,229360.26
2010-04-02,6.78,6.79,6.69,6.72,172822.42
2010-04-06,6.76,6.93,6.73,6.76,212553.51
2010-04-07,6.76,6.76,6.63,6.71,143966.37
2010-04-08,6.7,6.7,6.48,6.53,273394.0
2010-04-09,6.53,6.64,6.53,6.63,186711.22
2010-04-12,6.65,6.66,6.28,6.32,432520.28
2010-04-13,6.32,6.5,6.32,6.46,240322.98
2010-04-14,6.46,6.53,6.37,6.45,171820.95
2010-04-15,6.49,6.5,6.31,6.46,275237.87
2010-04-16,6.41,6.41,6.25,6.26,334172.99
2010-04-19,6.1,6.1,5.71,5.76,798498.31
2010-04-20,5.77,5.8,5.47,5.62,598728.45
2010-04-21,5.62,5.71,5.5,5.69,429394.44
2010-04-22,5.63,5.63,5.41,5.46,576446.01
2010-04-23,5.47,5.53,5.35,5.47,420064.07
2010-04-26,5.47,5.52,5.38,5.41,259084.26
2010-04-27,5.37,5.45,5.24,5.34,315947.76
2010-04-28,5.3,5.36,5.18,5.32,372171.68
2010-04-29,5.4,5.51,5.32,5.32,514804.77
2010-04-30,5.39,5.55,5.33,5.53,497871.21
2010-05-04,5.42,5.47,5.3,5.37,410877.0
2010-05-05,5.31,5.45,5.27,5.45,361262.78
2010-05-06,5.39,5.41,5.09,5.1,446688.22
2010-05-07,5.0,5.15,4.93,4.98,384325.79
2010-05-10,5.01,5.16,4.99,5.1,375896.56
2010-05-11,5.24,5.25,4.89,4.92,549443.61
2010-05-12,4.87,5.11,4.84,5.09,440653.92
2010-05-13,5.05,5.27,5.04,5.23,492511.13
2010-05-14,5.19,5.19,5.11,5.17,260434.42
2010-05-17,5.11,5.12,4.93,4.94,255361.79
2010-05-18,4.98,5.24,4.95,5.19,460796.6
2010-05-19,5.14,5.26,5.09,5.15,314612.03
2010-05-20,5.07,5.18,4.98,5.0,371546.09
2010-05-21,4.87,5.07,4.85,5.04,345953.95
2010-05-24,5.08,5.27,5.07,5.2,698020.62
2010-06-02,4.81,4.93,4.79,4.9,398938.64
2010-06-03,4.9,4.95,4.83,4.83,269556.38
2010-06-04,4.79,4.83,4.71,4.76,228947.91
2010-06-07,4.66,4.66,4.54,4.57,337166.45
2010-06-08,4.55,4.6,4.44,4.51,364832.81
2010-06-09,4.54,4.79,4.44,4.75,749295.13
2010-06-10,4.65,4.68,4.55,4.57,450921.65
2010-06-11,4.6,4.69,4.57,4.59,318319.1
2010-06-17,4.63,4.67,4.57,4.6,287115.92
2010-06-18,4.6,4.71,4.55,4.61,417315.48
2010-06-21,4.65,4.95,4.63,4.87,714965.16
2010-06-22,4.85,4.92,4.83,4.86,308350.43
2010-06-23,4.82,4.85,4.72,4.79,276471.24
2010-06-24,4.76,4.88,4.72,4.79,237040.64
2010-06-25,4.76,4.85,4.73,4.79,235374.72
2010-06-28,4.8,4.89,4.76,4.84,313961.17
2010-06-29,4.85,4.87,4.56,4.57,390161.2
2010-06-30,4.51,4.6,4.48,4.54,250813.02
2010-07-01,4.54,4.55,4.46,4.47,203268.75
2010-07-02,4.46,4.55,4.39,4.53,244328.68
2010-07-05,4.46,4.54,4.4,4.48,221907.72
2010-07-06,4.45,4.6,4.43,4.58,322098.27
2010-07-07,4.57,4.61,4.53,4.6,173439.0
2010-07-08,4.65,4.76,4.63,4.67,344255.94
2010-07-09,4.69,4.97,4.62,4.9,459794.61
2010-07-12,4.91,5.04,4.87,4.96,463106.09
2010-07-13,4.92,4.93,4.81,4.88,287119.07
2010-07-14,4.9,5.05,4.9,4.99,391426.7
2010-07-15,4.98,5.08,4.85,4.86,310455.58
2010-07-16,4.84,4.89,4.76,4.83,234129.2
2010-07-19,4.78,5.07,4.76,5.04,449651.39
2010-07-20,5.03,5.2,5.02,5.12,506543.44
2010-07-21,5.13,5.15,5.08,5.11,265074.29
2010-07-22,5.1,5.24,5.09,5.23,341399.35
2010-07-23,5.25,5.34,5.21,5.27,438474.36
2010-07-26,5.27,5.3,5.15,5.22,303395.67
2010-07-27,5.2,5.22,5.13,5.15,243089.2
2010-07-28,5.17,5.37,5.14,5.36,455650.67
2010-07-29,5.36,5.41,5.3,5.34,463032.2
2010-07-30,5.32,5.34,5.24,5.3,228379.05
2010-08-02,5.3,5.49,5.3,5.47,356458.69
2010-08-03,5.47,5.49,5.32,5.33,272486.34
2010-08-04,5.32,5.36,5.2,5.33,337577.03
2010-08-05,5.33,5.34,5.14,5.19,354548.56
2010-08-06,5.18,5.27,5.09,5.24,370704.71
2010-08-09,5.21,5.37,5.18,5.33,354089.92
2010-08-10,5.33,5.34,5.12,5.13,375126.46
2010-08-11,5.1,5.17,5.08,5.12,370396.06
2010-08-12,5.06,5.12,5.01,5.03,302553.54
2010-08-13,5.02,5.08,4.94,5.06,398710.33
2010-08-16,5.02,5.23,4.99,5.21,435294.01
2010-08-17,5.2,5.36,5.2,5.26,534449.06
2010-08-18,5.28,5.41,5.26,5.28,392836.25
2010-08-19,5.3,5.41,5.26,5.34,394284.87
2010-08-20,5.3,5.41,5.28,5.3,459304.53
2010-08-23,5.3,5.38,5.29,5.31,238283.76
2010-08-24,5.29,5.35,5.18,5.26,250317.73
2010-08-25,5.23,5.26,5.03,5.05,415709.97
2010-08-26,5.1,5.12,4.97,5.03,365228.32
2010-08-27,5.03,5.06,4.98,5.05,271438.67
2010-08-30,5.09,5.16,5.05,5.12,285212.04
2010-08-31,5.11,5.11,5.02,5.05,299277.29
2010-09-01,5.06,5.22,5.02,5.08,449862.54
2010-09-02,5.17,5.18,5.03,5.09,406190.22
2010-09-03,5.08,5.08,5.0,5.05,340764.16
2010-09-06,5.08,5.23,5.04,5.22,586903.99
2010-09-07,5.22,5.23,5.13,5.17,334378.79
2010-09-08,5.1,5.1,4.98,4.99,833397.28
2010-09-09,4.99,5.0,4.8,4.85,724688.01
2010-09-10,4.85,4.85,4.7,4.77,582136.61
2010-09-13,4.75,4.82,4.7,4.78,455569.84
2010-09-14,4.8,4.84,4.75,4.77,353977.89
2010-09-15,4.78,4.78,4.63,4.64,333698.97
2010-09-16,4.62,4.65,4.46,4.51,442982.39
2010-09-17,4.55,4.56,4.47,4.51,279653.88
2010-09-20,4.51,4.59,4.47,4.52,277594.55
2010-09-21,4.54,4.6,4.51,4.57,242020.28
2010-09-27,4.58,4.6,4.51,4.54,319789.19
2010-09-28,4.53,4.53,4.42,4.42,314577.51
2010-09-29,4.4,4.49,4.38,4.42,289339.79
2010-09-30,4.39,4.57,4.38,4.56,443595.76
2010-10-08,4.59,4.83,4.53,4.79,730765.48
2010-10-11,4.8,5.11,4.8,5.01,867267.21
2010-10-12,4.97,5.04,4.94,5.0,490985.8
2010-10-13,5.0,5.32,4.99,5.3,1039589.44
2010-10-14,5.37,5.58,5.3,5.32,1283477.04
2010-10-15,5.31,5.62,5.28,5.55,1281590.96
2010-10-18,5.68,5.88,5.58,5.7,1162186.45
2010-10-19,5.68,5.76,5.55,5.74,664147.51
2010-10-20,5.71,5.91,5.6,5.68,1043082.35
2010-10-21,5.67,5.68,5.42,5.45,759457.91
2010-10-22,5.43,5.55,5.34,5.5,608213.83
2010-10-25,5.47,5.67,5.37,5.61,637447.09
2010-10-26,5.64,5.72,5.5,5.54,581271.02
2010-10-27,5.51,5.71,5.45,5.51,582472.49
2010-10-29,5.56,5.6,5.32,5.35,654430.26
2010-11-01,5.4,5.5,5.36,5.47,594642.59
2010-11-02,5.47,5.54,5.32,5.45,699761.7
2010-11-03,5.45,5.65,5.34,5.55,830380.1
2010-11-04,5.58,5.66,5.52,5.61,665680.32
2010-11-05,5.68,5.71,5.58,5.62,571306.28
2010-11-08,5.69,5.83,5.69,5.74,643249.81
2010-11-09,5.76,5.77,5.55,5.6,629842.28
2010-11-10,5.52,5.52,5.32,5.37,899594.46
2010-11-11,5.38,5.5,5.3,5.44,826249.56
2010-11-12,5.37,5.41,5.08,5.09,851544.83
2010-11-15,5.13,5.14,4.98,5.12,548912.9
2010-11-16,5.09,5.09,4.79,4.81,725117.36
2010-11-17,4.75,4.93,4.73,4.85,586347.11
2010-11-18,4.89,4.92,4.82,4.88,425506.53
2010-11-19,4.89,4.89,4.73,4.85,564923.62
2010-11-22,4.76,4.81,4.73,4.76,471538.91
2010-11-23,4.74,4.75,4.63,4.69,439888.47
2010-11-24,4.69,4.84,4.69,4.79,388284.49
2010-11-25,4.82,4.92,4.72,4.9,582863.25
2010-11-26,4.87,4.9,4.76,4.81,348611.61
2010-11-29,4.79,4.82,4.73,4.77,308166.36
2010-11-30,4.76,4.82,4.61,4.74,405570.01
2010-12-01,4.71,4.79,4.69,4.75,212793.33
2010-12-02,4.84,4.85,4.78,4.79,310175.94
2010-12-03,4.79,4.86,4.78,4.82,303012.81
2010-12-06,4.84,4.96,4.8,4.91,505752.44
2010-12-07,4.88,4.93,4.79,4.9,315767.76
2010-12-08,4.88,4.9,4.79,4.79,318633.07
2010-12-09,4.74,4.78,4.7,4.71,278033.65
2010-12-10,4.7,4.8,4.68,4.78,213457.53
2010-12-13,4.78,4.88,4.76,4.87,546351.93
2010-12-14,4.86,4.91,4.82,4.84,389366.21
2010-12-15,4.85,4.91,4.8,4.86,446001.97
2010-12-16,4.85,4.86,4.8,4.82,235657.81
2010-12-17,4.82,4.83,4.76,4.78,215106.71
2010-12-20,4.79,4.8,4.63,4.68,387592.17
2010-12-21,4.69,4.9,4.66,4.87,620680.12
2010-12-22,4.87,4.88,4.72,4.76,352618.35
2010-12-23,4.75,4.98,4.73,4.85,592636.79
2010-12-24,4.8,5.0,4.76,4.94,800319.06
2010-12-27,5.02,5.04,4.76,4.79,615281.22
2010-12-28,4.77,4.86,4.75,4.77,360704.23
2010-12-29,4.77,4.79,4.69,4.76,317610.58
2010-12-30,4.73,4.78,4.7,4.73,286885.48
2010-12-31,4.73,4.78,4.69,4.74,520775.67
2011-01-04,4.77,4.89,4.7,4.87,773276.25
2011-01-05,4.82,4.92,4.81,4.85,593152.71
2011-01-06,4.86,4.92,4.83,4.88,375639.15
2011-01-07,4.88,5.37,4.86,5.23,1889295.32
2011-01-10,5.15,5.25,5.03,5.05,906066.36
2011-01-11,5.01,5.21,5.01,5.17,752747.14
2011-01-12,5.16,5.35,5.11,5.33,928166.91
2011-01-13,5.34,5.36,5.24,5.28,642092.66
2011-01-14,5.25,5.25,5.14,5.14,437343.73
2011-01-17,5.11,5.14,4.89,4.94,615653.6
2011-01-18,4.99,5.08,4.96,5.03,510066.78
2011-01-19,5.04,5.14,4.96,5.14,426965.42
2011-01-20,5.1,5.12,4.97,4.98,428853.97
2011-01-21,4.98,5.4,4.98,5.18,766067.95
2011-01-24,5.17,5.31,5.14,5.19,562319.52
2011-01-25,5.19,5.3,5.14,5.27,527428.56
2011-01-26,5.27,5.3,5.21,5.27,418970.37
2011-01-27,5.17,5.28,5.1,5.24,645257.63
2011-01-28,5.21,5.26,5.1,5.14,576284.53
2011-01-31,5.12,5.19,5.05,5.12,484945.53
2011-02-01,5.13,5.2,5.09,5.18,388967.77
2011-02-09,5.13,5.18,5.02,5.02,518554.87
2011-02-10,5.04,5.15,5.02,5.15,427440.67
2011-02-11,5.12,5.2,5.07,5.17,493131.53
2011-02-14,5.18,5.39,5.18,5.36,916710.47
2011-02-15,5.37,5.42,5.31,5.34,840535.33
2011-02-16,5.31,5.34,5.25,5.32,625829.16
2011-02-17,5.34,5.44,5.28,5.35,667666.1
2011-02-18,5.34,5.36,5.26,5.29,345007.31
2011-02-21,5.26,5.3,5.21,5.28,514461.45
2011-02-22,5.26,5.26,5.05,5.05,858925.56
2011-02-23,5.04,5.08,5.01,5.05,469497.48
2011-02-24,5.02,5.08,5.0,5.07,404904.16
2011-02-25,5.07,5.19,5.04,5.11,457201.23
2011-02-28,5.11,5.18,5.05,5.14,348215.09
2011-03-01,5.15,5.29,5.15,5.22,590616.46
2011-03-02,5.18,5.34,5.16,5.29,990283.25
2011-03-03,5.32,5.49,5.29,5.35,1244062.82
2011-03-04,5.34,5.42,5.3,5.39,530152.79
2011-03-07,5.42,5.55,5.42,5.46,839063.47
2011-03-08,5.46,5.56,5.44,5.49,528874.06
2011-03-09,5.52,5.56,5.44,5.47,455730.12
2011-03-10,5.44,5.44,5.3,5.34,564600.46
2011-03-11,5.3,5.37,5.29,5.3,332427.46
2011-03-14,5.3,5.37,5.28,5.34,275443.36
2011-03-15,5.3,5.33,5.2,5.3,523843.74
2011-03-16,5.3,5.37,5.29,5.36,282359.55
2011-03-17,5.3,5.33,5.25,5.27,255547.52
2011-03-18,5.32,5.35,5.26,5.27,620696.85
2011-03-21,5.29,5.31,5.22,5.29,252741.85
2011-03-22,5.3,5.45,5.26,5.41,547682.18
2011-03-23,5.38,5.51,5.37,5.47,481485.04
2011-03-24,5.48,5.52,5.44,5.45,356153.5
2011-03-25,5.47,5.67,5.47,5.62,869772.24
2011-03-28,5.71,5.77,5.61,5.64,773418.08
2011-03-29,5.75,5.91,5.66,5.79,1306872.98
2011-03-30,5.76,5.87,5.72,5.78,702666.63
2011-03-31,5.79,5.8,5.62,5.66,439473.69
2011-04-01,5.66,5.98,5.66,5.97,818600.17
2011-04-06,6.01,6.2,6.01,6.1,1160679.67
2011-04-07,6.1,6.17,6.03,6.12,575956.83
2011-04-08,6.1,6.14,6.02,6.1,471611.67
2011-04-11,6.1,6.17,5.99,5.99,740562.5
2011-04-12,5.98,6.06,5.94,6.01,450072.79
2011-04-13,5.97,6.16,5.9,6.15,707995.48
2011-04-14,6.11,6.17,6.05,6.08,541115.72
2011-04-15,6.06,6.16,6.04,6.14,480422.33
2011-04-18,6.08,6.16,6.04,6.11,461239.18
2011-04-20,5.99,6.04,5.86,5.91,689176.12
2011-04-21,5.93,5.96,5.85,5.89,390689.91
2011-04-22,5.86,5.91,5.77,5.8,401547.69
2011-04-25,5.8,5.92,5.79,5.85,436133.16
2011-04-26,5.83,5.94,5.83,5.91,507245.17
2011-04-27,5.93,5.96,5.74,5.79,466884.92
2011-04-28,5.86,6.11,5.86,5.95,817773.68
2011-04-29,5.79,5.83,5.64,5.75,888495.13
2011-05-03,5.71,5.75,5.67,5.74,344322.89
2011-05-04,5.68,5.73,5.54,5.59,616201.33
2011-05-05,5.54,5.63,5.5,5.54,483258.27
2011-05-06,5.42,5.63,5.42,5.45,497938.81
2011-05-09,5.42,5.48,5.32,5.38,714236.46
2011-05-10,5.38,5.47,5.31,5.45,578567.28
2011-05-11,5.43,5.47,5.4,5.41,405505.52
2011-05-12,5.38,5.4,5.3,5.31,429741.87
2011-05-13,5.33,5.35,5.2,5.33,639539.0
2011-05-16,5.28,5.35,5.22,5.22,461540.42
2011-05-17,5.23,5.33,5.19,5.27,660490.17
2011-05-18,5.25,5.35,5.23,5.34,674279.01
2011-05-19,5.36,5.44,5.33,5.35,650762.21
2011-05-20,5.35,5.45,5.34,5.4,523596.6
2011-05-23,5.39,5.39,5.18,5.22,748783.99
2011-05-24,5.2,5.25,5.18,5.18,491721.39
2011-05-25,5.18,5.18,5.01,5.03,590519.94
2011-05-26,5.08,5.08,4.99,5.0,333334.65
2011-05-27,5.0,5.07,4.98,5.04,441800.97
2011-05-30,5.01,5.1,4.99,5.04,408813.83
2011-05-31,5.05,5.12,5.04,5.12,411313.46
2011-06-01,5.09,5.11,5.05,5.06,372101.35
2011-06-02,4.98,5.01,4.78,4.85,904655.52
2011-06-03,4.85,4.87,4.78,4.87,604351.47
2011-06-07,4.82,4.89,4.81,4.87,358068.79
2011-06-08,4.87,4.87,4.76,4.82,547150.47
2011-06-09,4.81,4.83,4.72,4.73,508591.27
2011-06-10,4.73,4.78,4.72,4.77,405332.33
2011-06-13,4.74,4.77,4.68,4.76,406235.34
2011-06-14,4.75,4.93,4.73,4.85,789081.9
2011-06-15,4.82,4.82,4.74,4.74,407820.0
2011-06-16,4.7,4.75,4.69,4.7,316360.8
2011-06-17,4.69,4.77,4.69,4.69,276113.02
2011-06-20,4.69,4.73,4.67,4.72,341430.12
2011-06-21,4.74,4.77,4.7,4.76,440413.82
2011-06-22,4.77,4.82,4.72,4.78,386767.7
2011-06-23,4.76,4.86,4.74,4.85,404330.79
2011-06-24,4.82,5.04,4.8,4.99,803481.91
2011-06-27,4.99,5.06,4.91,4.99,606682.67
2011-06-28,4.97,5.0,4.89,4.94,440420.35
2011-06-29,4.94,4.94,4.81,4.82,640287.04
2011-06-30,4.82,4.91,4.81,4.86,450735.8
2011-07-01,4.89,4.89,4.7,4.8,572353.94
2011-07-04,4.83,5.05,4.83,5.05,1000367.79
2011-07-05,5.05,5.09,4.99,5.02,615149.03
2011-07-06,5.0,5.01,4.92,4.99,509069.96
2011-07-07,5.09,5.09,4.98,4.99,831610.57
2011-07-08,5.0,5.19,5.0,5.15,1156325.14
2011-07-11,5.11,5.21,5.09,5.16,715273.56
2011-07-12,5.11,5.13,5.03,5.04,638099.82
2011-07-13,5.05,5.21,5.05,5.16,560453.46
2011-07-14,5.16,5.16,5.07,5.13,500111.45
2011-07-15,5.09,5.17,5.04,5.14,502621.07
2011-07-18,5.12,5.14,5.05,5.07,473491.77
2011-07-19,5.03,5.05,4.96,4.98,458307.78
2011-07-20,5.02,5.03,4.93,4.99,422229.97
2011-07-21,4.98,5.0,4.87,4.96,628624.7
2011-07-22,4.95,4.97,4.9,4.91,431920.94
2011-07-25,4.88,4.88,4.74,4.76,646548.22
2011-07-26,4.76,4.85,4.74,4.78,396382.61
2011-07-27,4.76,4.78,4.72,4.78,498596.79
2011-07-28,4.73,4.74,4.66,4.68,591734.29
2011-07-29,4.69,4.94,4.67,4.82,1029226.6
2011-08-01,4.79,4.84,4.74,4.77,439279.72
2011-08-02,4.75,4.77,4.69,4.76,349450.35
2011-08-03,4.72,4.77,4.7,4.75,340318.0
2011-08-04,4.76,4.8,4.72,4.74,330107.39
2011-08-05,4.64,4.67,4.6,4.64,475798.28
2011-08-08,4.6,4.66,4.43,4.47,670117.18
2011-08-09,4.36,4.53,4.33,4.5,663425.33
2011-08-10,4.59,4.63,4.52,4.54,514695.51
2011-08-11,4.46,4.7,4.46,4.66,704424.88
2011-08-12,4.68,4.68,4.61,4.63,470854.93
2011-08-15,4.64,4.85,4.62,4.8,1032441.61
2011-08-16,4.81,4.89,4.78,4.81,792447.25
2011-08-17,4.81,4.84,4.76,4.78,311721.07
2011-08-18,4.79,4.79,4.66,4.69,441927.9
2011-08-19,4.61,4.67,4.59,4.64,388789.85
2011-08-22,4.64,4.7,4.51,4.57,290269.9
2011-08-23,4.6,4.72,4.55,4.71,520968.7
2011-08-24,4.76,4.82,4.67,4.69,691830.76
2011-08-25,4.72,4.97,4.7,4.96,1628574.74
2011-08-26,4.92,4.96,4.87,4.94,714292.46
2011-08-29,4.84,4.86,4.72,4.74,1140292.69
2011-08-30,4.78,4.85,4.72,4.74,783196.69
2011-08-31,4.73,4.82,4.72,4.81,553853.86
2011-09-01,4.79,4.86,4.78,4.83,479506.02
2011-09-02,4.81,4.82,4.72,4.75,348735.15
2011-09-05,4.71,4.73,4.65,4.69,370354.77
2011-09-06,4.64,4.69,4.63,4.68,286901.11
2011-09-07,4.71,4.81,4.68,4.79,458420.01
2011-09-08,4.81,4.82,4.75,4.76,238706.54
2011-09-09,4.78,4.84,4.73,4.77,357305.29
2011-09-13,4.68,4.74,4.65,4.72,267830.17
2011-09-14,4.73,4.75,4.63,4.73,303760.82
2011-09-15,4.72,4.74,4.68,4.69,264518.92
2011-09-16,4.72,4.75,4.68,4.7,296249.39
2011-09-19,4.64,4.66,4.58,4.58,299733.05
2011-09-20,4.58,4.65,4.54,4.63,203657.18
2011-09-21,4.63,4.78,4.59,4.76,572905.55
2011-09-22,4.7,4.74,4.61,4.62,463306.96
2011-09-23,4.57,4.61,4.51,4.59,387234.03
2011-09-26,4.52,4.59,4.41,4.44,517539.42
2011-09-27,4.5,4.51,4.43,4.48,274343.85
2011-09-28,4.51,4.54,4.43,4.45,231462.77
2011-09-29,4.41,4.5,4.39,4.45,297485.76
2011-09-30,4.46,4.53,4.45,4.47,382427.92
2011-10-10,4.47,4.48,4.37,4.38,300053.46
2011-10-11,4.52,4.56,4.39,4.43,578144.16
2011-10-12,4.42,4.65,4.4,4.6,689608.12
2011-10-13,4.59,4.63,4.58,4.61,430558.22
2011-10-14,4.6,4.63,4.54,4.6,261638.13
2011-10-17,4.6,4.69,4.59,4.64,339827.84
2011-10-18,4.6,4.61,4.52,4.53,330214.11
2011-10-19,4.55,4.59,4.53,4.54,284983.06
2011-10-20,4.52,4.53,4.39,4.44,409749.44
2011-10-21,4.43,4.56,4.43,4.51,472117.65
2011-10-24,4.52,4.72,4.49,4.66,656672.16
2011-10-25,4.67,4.77,4.65,4.73,827296.75
2011-10-26,4.7,4.83,4.69,4.74,863149.38
2011-10-27,4.76,4.79,4.74,4.78,409754.08
2011-10-28,4.86,4.92,4.83,4.87,791617.25
2011-10-31,4.85,4.87,4.78,4.79,485945.21
2011-11-01,4.76,4.87,4.74,4.79,448319.36
2011-11-02,4.72,4.89,4.7,4.89,690187.16
2011-11-03,4.89,4.89,4.8,4.82,953817.97
2011-11-04,4.87,4.87,4.8,4.83,494186.44
2011-11-07,4.79,4.81,4.71,4.74,662570.68
2011-11-08,4.75,4.78,4.72,4.74,379892.17
2011-11-09,4.76,4.79,4.72,4.79,382699.55
2011-11-10,4.74,4.76,4.67,4.68,702191.54
2011-11-11,4.7,4.72,4.65,4.67,272846.31
2011-11-14,4.72,4.77,4.69,4.75,546475.16
2011-11-15,4.74,4.75,4.7,4.71,304706.7
2011-11-16,4.71,4.72,4.52,4.56,704146.92
2011-11-17,4.57,4.59,4.54,4.55,261727.03
2011-11-18,4.51,4.58,4.5,4.52,315542.65
2011-11-21,4.52,4.52,4.45,4.52,289060.64
2011-11-22,4.48,4.55,4.47,4.54,252167.71
2011-11-23,4.54,4.54,4.46,4.49,341242.51
2011-11-24,4.45,4.55,4.45,4.51,297809.15
2011-11-25,4.51,4.51,4.45,4.46,262216.76
2011-11-28,4.48,4.49,4.45,4.46,224316.94
2011-11-29,4.5,4.52,4.46,4.52,274450.99
2011-11-30,4.49,4.5,4.38,4.39,381210.85
2011-12-01,4.53,4.62,4.52,4.53,959503.67
2011-12-02,4.51,4.56,4.49,4.54,347653.48
2011-12-05,4.54,4.63,4.51,4.55,489881.41
2011-12-06,4.54,4.59,4.52,4.53,327356.64
2011-12-07,4.54,4.58,4.5,4.56,288359.93
2011-12-08,4.55,4.58,4.51,4.56,270600.94
2011-12-09,4.53,4.58,4.5,4.52,308270.27
2011-12-12,4.51,4.53,4.49,4.5,164377.74
2011-12-13,4.49,4.52,4.4,4.41,411124.86
2011-12-14,4.42,4.44,4.39,4.42,212515.63
2011-12-15,4.4,4.43,4.34,4.35,430337.53
2011-12-16,4.34,4.44,4.33,4.43,414206.39
2011-12-19,4.4,4.45,4.36,4.45,442754.59
2011-12-20,4.43,4.55,4.43,4.49,521730.56
2011-12-21,4.53,4.56,4.46,4.47,359245.54
2011-12-22,4.44,4.53,4.43,4.52,509725.84
2011-12-23,4.51,4.55,4.47,4.51,327334.68
2011-12-26,4.49,4.53,4.46,4.47,228435.06
2011-12-27,4.45,4.51,4.44,4.45,311950.86
2011-12-28,4.45,4.46,4.38,4.43,328779.74
2011-12-29,4.43,4.47,4.41,4.45,264256.39
2011-12-30,4.47,4.52,4.46,4.51,413629.73
2012-01-04,4.56,4.57,4.5,4.51,405285.47
2012-01-05,4.51,4.66,4.51,4.58,913642.91
2012-01-06,4.57,4.62,4.54,4.61,501660.29
2012-01-09,4.6,4.74,4.59,4.7,896793.16
2012-01-10,4.71,4.77,4.69,4.74,802896.22
2012-01-11,4.75,4.75,4.68,4.69,653055.24
2012-01-12,4.74,4.84,4.74,4.79,944763.82
2012-01-13,4.8,4.83,4.74,4.79,573885.67
2012-01-16,4.76,4.89,4.75,4.8,529000.37
2012-01-17,4.82,4.92,4.73,4.9,948656.3
2012-01-18,4.91,4.92,4.82,4.84,476322.2
2012-01-19,4.86,4.97,4.86,4.97,839519.58
2012-01-20,4.97,5.09,4.94,5.07,791164.65
2012-01-30,5.07,5.07,4.98,4.99,599528.28
2012-01-31,4.99,5.03,4.95,5.0,296554.04
2012-02-01,4.98,5.02,4.89,4.89,387909.33
2012-02-02,4.9,5.11,4.88,5.1,818824.52
2012-02-03,5.09,5.19,5.07,5.11,743366.48
2012-02-06,5.12,5.18,5.06,5.11,499533.05
2012-02-07,5.07,5.08,5.03,5.05,478090.58
2012-02-08,5.07,5.22,5.06,5.2,701915.03
2012-02-09,5.2,5.25,5.17,5.2,519215.51
2012-02-10,5.18,5.24,5.1,5.13,477733.55
2012-02-13,5.08,5.14,5.03,5.09,521648.5
2012-02-14,5.06,5.1,5.04,5.08,360471.02
2012-02-15,5.06,5.14,5.02,5.08,653435.5
2012-02-16,5.08,5.12,5.03,5.07,442860.99
2012-02-17,5.11,5.13,5.04,5.09,332929.6
2012-02-20,5.19,5.19,5.05,5.06,636752.73
2012-02-21,5.07,5.1,5.03,5.08,318324.94
2012-02-22,5.08,5.12,5.03,5.09,687842.74
2012-02-23,5.08,5.11,5.07,5.09,499423.8
2012-02-24,5.1,5.18,5.08,5.18,856249.57
2012-02-27,5.2,5.21,5.14,5.16,994203.32
2012-03-06,5.05,5.1,4.94,5.0,1381214.47
2012-03-07,4.95,5.03,4.95,4.95,499922.08
2012-03-08,4.96,5.02,4.96,5.0,403060.3
2012-03-09,5.01,5.03,4.95,4.98,524112.72
2012-03-12,4.98,4.98,4.87,4.91,713802.71
2012-03-13,4.91,5.01,4.91,4.99,503001.95
2012-03-14,5.04,5.07,4.89,4.91,786727.14
2012-03-15,4.91,4.98,4.9,4.91,420527.63
2012-03-16,4.91,4.95,4.87,4.94,368958.27
2012-03-19,4.91,4.94,4.87,4.92,341554.77
2012-03-20,4.91,4.91,4.84,4.85,330254.0
2012-03-21,4.89,4.9,4.83,4.85,328196.12
2012-03-22,4.86,4.96,4.83,4.91,351686.66
2012-03-23,4.9,4.94,4.88,4.9,341386.84
2012-03-26,4.91,4.97,4.89,4.95,335409.99
2012-03-27,4.97,4.97,4.91,4.95,229955.77
2012-03-28,4.94,4.95,4.79,4.82,392914.3
2012-03-29,4.78,4.81,4.72,4.73,491307.36
2012-03-30,4.75,4.81,4.74,4.8,288673.04
2012-04-05,4.79,4.81,4.71,4.78,559139.28
2012-04-06,4.78,4.79,4.73,4.77,562381.93
2012-04-10,4.72,4.77,4.67,4.76,478461.22
2012-04-11,4.72,4.78,4.7,4.74,292395.5
2012-04-12,4.74,4.87,4.72,4.86,574777.54
2012-04-13,4.86,4.88,4.81,4.84,382699.37
2012-04-16,4.81,4.83,4.78,4.79,251086.38
2012-04-17,4.79,4.81,4.74,4.75,263728.54
2012-04-18,4.76,4.86,4.75,4.85,353134.67
2012-04-19,4.83,4.92,4.82,4.89,588240.39
2012-04-20,4.9,5.04,4.89,5.02,742205.3
2012-04-23,5.01,5.09,4.96,5.01,579901.86
2012-04-24,4.99,5.25,4.99,5.09,1259128.65
2012-04-25,5.07,5.16,5.06,5.14,696611.75
2012-04-26,5.23,5.26,5.09,5.13,874790.22
2012-04-27,5.14,5.2,5.14,5.16,476968.54
2012-05-02,5.24,5.29,5.21,5.23,1022043.31
2012-05-03,5.23,5.26,5.17,5.19,646214.46
2012-05-04,5.18,5.29,5.17,5.28,737130.15
2012-05-07,5.26,5.29,5.24,5.29,660591.36
2012-05-08,5.28,5.31,5.24,5.31,556183.33
2012-05-09,5.26,5.28,5.17,5.18,550357.51
2012-05-10,5.18,5.22,5.13,5.16,397253.42
2012-05-11,5.16,5.2,5.12,5.14,360852.49
2012-05-14,5.18,5.19,5.09,5.1,512690.32
2012-05-15,5.07,5.08,5.01,5.07,407648.99
2012-05-16,5.06,5.07,4.95,4.95,460291.65
2012-05-17,4.97,5.05,4.95,5.02,384316.39
2012-05-18,4.98,4.99,4.94,4.96,368461.65
2012-05-21,4.97,5.02,4.95,4.98,268131.55
2012-05-22,5.01,5.07,4.99,5.05,326013.61
2012-05-23,5.05,5.06,4.96,4.99,322967.4
2012-05-24,4.99,5.0,4.9,4.92,466601.11
2012-05-25,4.93,4.97,4.89,4.91,284014.86
2012-05-28,4.9,4.96,4.89,4.95,389240.38
2012-05-29,4.94,5.04,4.91,5.04,647060.7
2012-05-30,5.01,5.03,4.92,4.97,655433.42
2012-05-31,4.93,4.96,4.92,4.93,346241.07
2012-06-01,4.94,4.97,4.91,4.94,423489.23
2012-06-04,4.9,4.9,4.82,4.83,522112.8
2012-06-05,4.84,4.86,4.8,4.84,322262.94
2012-06-06,4.85,4.88,4.82,4.87,324589.93
2012-06-07,4.9,4.91,4.81,4.83,286599.93
2012-06-08,4.8,4.81,4.65,4.66,923489.74
2012-06-11,4.67,4.69,4.62,4.65,479248.93
2012-06-12,4.62,4.72,4.54,4.63,890522.53
2012-06-13,4.65,4.7,4.58,4.66,536177.4
2012-06-14,4.64,4.67,4.59,4.6,377956.74
2012-06-15,4.62,4.82,4.61,4.79,1100945.69
2012-06-18,4.78,4.8,4.75,4.77,400322.95
2012-06-19,4.76,4.82,4.72,4.77,476947.22
2012-06-20,4.78,4.84,4.77,4.8,367220.08
2012-06-21,4.78,4.8,4.71,4.72,264014.33
2012-06-25,4.71,4.78,4.69,4.73,407727.07
2012-06-26,4.72,4.78,4.7,4.74,270798.72
2012-06-27,4.73,4.76,4.7,4.71,209999.97
2012-06-28,4.72,4.74,4.66,4.68,202429.53
2012-06-29,4.66,4.82,4.66,4.8,394004.06
2012-07-02,4.81,4.82,4.76,4.8,255164.44
2012-07-03,4.79,4.86,4.78,4.83,327547.12
2012-07-04,4.84,4.91,4.81,4.86,309683.53
2012-07-05,4.83,4.85,4.76,4.81,344704.1
2012-07-06,4.71,4.79,4.69,4.77,519410.78
2012-07-09,4.74,4.77,4.6,4.61,447070.94
2012-07-10,4.61,4.66,4.58,4.6,278840.52
2012-07-11,4.6,4.63,4.59,4.61,252287.27
2012-07-12,4.62,4.62,4.48,4.59,877240.23
2012-07-13,4.56,4.64,4.55,4.58,354379.35
2012-07-16,4.59,4.6,4.52,4.53,302742.96
2012-07-17,4.54,4.57,4.54,4.55,239640.95
2012-07-18,4.55,4.55,4.48,4.53,330003.69
2012-07-19,4.53,4.57,4.5,4.55,410309.45
2012-07-20,4.53,4.53,4.49,4.5,366093.07
2012-07-23,4.48,4.48,4.38,4.42,367112.68
2012-07-24,4.4,4.45,4.38,4.41,267850.0
2012-07-25,4.41,4.46,4.4,4.41,208471.33
2012-07-26,4.42,4.46,4.4,4.4,198129.5
2012-07-27,4.42,4.55,4.42,4.5,680489.65
2012-07-30,4.53,4.62,4.51,4.56,541755.93
2012-07-31,4.57,4.65,4.57,4.61,430193.67
2012-08-01,4.62,4.64,4.58,4.61,339555.65
2012-08-02,4.6,4.65,4.57,4.62,359822.19
2012-08-03,4.62,4.63,4.58,4.63,218687.21
2012-08-06,4.63,4.64,4.59,4.63,340206.69
2012-08-07,4.62,4.63,4.6,4.62,210112.35
2012-08-08,4.62,4.69,4.61,4.68,322644.91
2012-08-09,4.68,4.7,4.64,4.7,244276.46
2012-08-10,4.75,4.78,4.7,4.7,552464.93
2012-08-13,4.7,4.74,4.68,4.69,394935.4
2012-08-14,4.68,4.73,4.67,4.73,286902.95
2012-08-15,4.73,4.73,4.63,4.63,306579.7
2012-08-16,4.63,4.64,4.59,4.6,245190.01
2012-08-17,4.6,4.66,4.59,4.64,214343.43
2012-08-20,4.62,4.64,4.57,4.61,197169.63
2012-08-21,4.61,4.64,4.58,4.61,253472.14
2012-08-22,4.6,4.61,4.52,4.55,398913.55
2012-08-23,4.55,4.57,4.51,4.55,319742.2
2012-08-24,4.54,4.55,4.51,4.52,285809.08
2012-08-27,4.51,4.51,4.45,4.46,309948.38
2012-08-28,4.46,4.56,4.46,4.54,293935.52
2012-08-29,4.52,4.56,4.5,4.53,184020.56
2012-08-30,4.49,4.59,4.49,4.58,289025.2
2012-08-31,4.58,4.61,4.55,4.55,162298.12
2012-09-03,4.55,4.57,4.53,4.54,342314.84
2012-09-04,4.55,4.55,4.46,4.48,376633.06
2012-09-05,4.47,4.48,4.38,4.41,487025.22
2012-09-06,4.41,4.45,4.38,4.44,388042.95
2012-09-07,4.46,4.64,4.44,4.57,920370.51
2012-09-10,4.55,4.58,4.51,4.53,470377.22
2012-09-11,4.52,4.53,4.48,4.51,326244.17
2012-09-12,4.53,4.56,4.48,4.52,256501.0
2012-09-13,4.52,4.52,4.48,4.48,201685.3
2012-09-14,4.5,4.55,4.48,4.53,411111.41
2012-09-17,4.51,4.51,4.43,4.45,325247.77
2012-09-18,4.44,4.45,4.4,4.42,253963.87
2012-09-19,4.41,4.44,4.4,4.43,236318.81
2012-09-20,4.4,4.42,4.35,4.36,345590.78
2012-09-21,4.35,4.38,4.33,4.34,258726.51
2012-09-24,4.33,4.37,4.29,4.33,284155.21
2012-09-25,4.33,4.35,4.3,4.31,155287.86
2012-09-26,4.31,4.34,4.29,4.31,178325.74
2012-09-27,4.31,4.49,4.31,4.4,397912.84
2012-09-28,4.38,4.46,4.37,4.44,383975.17
2012-10-08,4.44,4.47,4.39,4.41,198199.64
2012-10-09,4.43,4.51,4.42,4.48,367827.94
2012-10-10,4.48,4.49,4.46,4.48,206904.15
2012-10-11,4.46,4.5,4.44,4.48,261026.91
2012-10-12,4.48,4.56,4.48,4.51,443235.52
2012-10-15,4.52,4.53,4.47,4.5,176873.67
2012-10-16,4.51,4.57,4.5,4.54,336805.45
2012-10-17,4.55,4.59,4.54,4.56,272135.04
2012-10-18,4.58,4.62,4.56,4.61,361969.49
2012-10-19,4.6,4.62,4.59,4.6,202370.7
2012-10-22,4.58,4.67,4.57,4.65,322338.75
2012-10-23,4.64,4.66,4.58,4.58,276328.3
2012-10-24,4.57,4.61,4.55,4.58,191932.87
2012-10-25,4.58,4.61,4.55,4.55,166049.23
2012-10-26,4.56,4.57,4.48,4.51,292982.96
2012-10-29,4.48,4.55,4.46,4.51,228721.49
2012-10-30,4.51,4.54,4.46,4.53,253783.25
2012-10-31,4.57,4.61,4.54,4.58,530808.16
2012-11-01,4.6,4.72,4.59,4.68,632929.57
2012-11-02,4.69,4.72,4.66,4.71,368384.55
2012-11-05,4.71,4.76,4.7,4.74,597361.17
2012-11-06,4.74,4.74,4.65,4.7,443849.66
2012-11-07,4.7,4.72,4.67,4.69,284573.0
2012-11-08,4.66,4.69,4.62,4.63,283427.46
2012-11-09,4.63,4.66,4.61,4.65,211261.77
2012-11-12,4.67,4.76,4.67,4.73,600765.19
2012-11-13,4.72,4.73,4.63,4.63,337016.09
2012-11-14,4.64,4.68,4.63,4.66,205835.98
2012-11-15,4.64,4.65,4.6,4.6,208532.71
2012-11-16,4.6,4.61,4.54,4.56,248945.13
2012-11-19,4.56,4.58,4.54,4.58,295211.91
2012-11-20,4.6,4.62,4.53,4.55,295254.02
2012-11-21,4.54,4.62,4.52,4.62,318472.04
2012-11-22,4.59,4.61,4.56,4.58,204263.58
2012-11-23,4.61,4.68,4.59,4.64,343480.69
2012-11-26,4.64,4.65,4.61,4.64,243160.3
2012-11-27,4.62,4.7,4.62,4.65,425448.28
2012-11-28,4.64,4.7,4.63,4.65,385099.85
2012-11-29,4.65,4.7,4.64,4.64,272999.01
2012-11-30,4.61,4.68,4.59,4.68,390473.67
2012-12-03,4.67,4.69,4.6,4.61,539770.22
2012-12-04,4.59,4.71,4.58,4.7,487612.73
2012-12-05,4.71,5.0,4.71,4.98,1900748.3
2012-12-06,4.96,5.12,4.96,5.03,1252093.53
2012-12-07,5.05,5.21,5.02,5.21,1732432.66
2012-12-10,5.24,5.27,5.19,5.24,1463032.04
2012-12-11,5.21,5.26,5.18,5.19,631786.9
2012-12-12,5.21,5.3,5.18,5.24,719199.48
2012-12-13,5.21,5.24,5.14,5.15,567067.11
2012-12-14,5.15,5.66,5.15,5.62,1706007.82
2012-12-17,5.72,5.74,5.6,5.66,1257367.45
2012-12-18,5.65,5.8,5.6,5.67,1130380.06
2012-12-19,5.66,5.76,5.62,5.68,732473.35
2012-12-20,5.62,5.66,5.53,5.63,932777.46
2012-12-21,5.64,5.69,5.55,5.63,739892.34
2012-12-24,5.62,5.83,5.61,5.71,810324.76
2012-12-25,5.68,6.07,5.66,6.05,1249361.33
2012-12-26,6.02,6.06,5.97,6.03,776240.07
2012-12-27,6.05,6.09,5.91,5.94,844494.09
2012-12-28,5.94,6.09,5.93,6.04,776486.81
2012-12-31,6.06,6.23,6.06,6.17,871427.24
2013-01-04,6.29,6.39,6.12,6.21,1187905.32
2013-01-07,6.2,6.51,6.12,6.42,1225064.85
2013-01-08,6.42,6.45,6.21,6.29,1060559.41
2013-01-09,6.27,6.31,6.14,6.21,889608.32
2013-01-10,6.27,6.31,6.15,6.19,902110.74
2013-01-11,6.21,6.23,5.96,6.02,1141703.83
2013-01-14,6.01,6.44,6.01,6.38,1482211.79
2013-01-15,6.39,6.47,6.36,6.4,793477.96
2013-01-16,6.4,6.42,6.17,6.28,1004456.86
2013-01-17,6.24,6.34,6.14,6.3,946510.0
2013-01-18,6.32,6.5,6.24,6.4,1124960.66
2013-01-21,6.44,6.73,6.36,6.67,1348100.06
2013-01-22,6.64,6.89,6.57,6.68,1239582.94
2013-01-23,6.64,6.8,6.62,6.78,612948.06
2013-01-24,6.78,7.12,6.68,6.8,1462125.01
2013-01-25,6.81,6.89,6.67,6.78,684331.4
2013-01-28,6.91,7.32,6.88,7.29,1579713.08
2013-01-29,7.31,7.47,7.18,7.42,1323163.25
2013-01-30,7.38,7.43,7.27,7.36,1139411.29
2013-01-31,7.36,7.45,7.26,7.36,727559.13
2013-02-01,7.37,7.67,7.28,7.63,1138745.51
2013-02-04,7.72,7.94,7.55,7.63,1202523.99
2013-02-05,7.51,7.64,7.37,7.52,950560.04
2013-02-06,7.51,7.73,7.45,7.63,793035.75
2013-02-07,7.59,7.59,7.14,7.32,1674890.13
2013-02-08,7.28,7.35,7.06,7.25,1093921.95
2013-02-18,7.29,7.43,7.19,7.28,818996.21
2013-02-19,7.27,7.38,7.18,7.23,594554.22
2013-02-20,7.25,7.25,6.85,7.07,1103829.73
2013-02-21,6.95,6.95,6.54,6.67,1800588.5
2013-02-22,6.65,6.72,6.47,6.52,905760.77
2013-02-25,6.56,6.76,6.56,6.67,784696.73
2013-02-26,6.62,7.05,6.59,6.75,1673684.73
2013-02-27,6.77,7.09,6.77,7.0,1161971.93
2013-02-28,7.12,7.36,7.0,7.35,1764036.02
2013-03-01,7.38,7.5,7.21,7.45,1675182.8
2013-03-04,7.22,7.22,6.71,6.78,2070915.32
2013-03-05,6.78,7.46,6.78,7.45,1762216.71
2013-03-06,7.52,7.66,7.4,7.6,1406560.85
2013-03-07,7.5,7.59,7.22,7.37,1411322.21
2013-03-08,7.38,7.48,7.25,7.29,932104.38
2013-03-11,7.29,7.29,6.95,7.06,775828.93
2013-03-12,7.06,7.12,6.77,6.86,1016495.76
2013-03-13,6.85,6.98,6.81,6.85,771215.56
2013-03-14,6.85,6.97,6.74,6.85,613430.62
2013-03-15,6.86,7.32,6.8,6.92,1727094.7
2013-03-18,6.92,7.1,6.82,6.84,1085772.81
2013-03-19,6.85,7.03,6.79,6.98,916081.15
2013-03-20,7.0,7.43,6.99,7.42,1936622.16
2013-03-21,7.44,7.54,7.36,7.42,1075727.24
2013-03-22,7.41,7.6,7.4,7.48,698604.25
2013-03-25,7.54,7.63,7.37,7.41,722060.22
2013-03-26,7.34,7.36,7.17,7.24,962125.15
2013-03-27,7.25,7.42,7.2,7.34,778959.38
2013-03-28,6.61,6.79,6.61,6.61,3657449.91
2013-03-29,6.51,6.54,6.3,6.4,1980399.99
2013-04-01,6.37,6.47,6.36,6.36,790098.96
2013-04-02,6.4,6.45,6.16,6.23,1104971.68
2013-04-03,6.26,6.39,6.26,6.34,991522.11
2013-04-08,6.21,6.38,6.17,6.38,794104.37
2013-04-09,6.39,6.56,6.36,6.42,749935.7
2013-04-10,6.43,6.46,6.31,6.38,555999.33
2013-04-11,6.45,6.54,6.45,6.53,993479.24
2013-04-12,6.49,6.64,6.48,6.54,785945.88
2013-04-15,6.51,6.58,6.4,6.5,455118.57
2013-04-16,6.45,6.46,6.18,6.39,1167751.49
2013-04-17,6.32,6.36,6.2,6.28,689451.94
2013-04-18,6.11,6.41,6.03,6.36,1038246.67
2013-04-19,6.36,6.8,6.35,6.73,1488721.93
2013-04-22,6.7,6.88,6.7,6.87,984783.81
2013-04-23,7.02,7.02,6.72,6.74,1470112.04
2013-04-24,6.76,7.02,6.58,6.88,1352227.96
2013-04-25,6.83,6.88,6.65,6.74,788492.51
2013-04-26,6.81,6.9,6.69,6.71,712643.77
2013-05-02,6.65,6.74,6.59,6.73,540759.22
2013-05-03,6.77,7.06,6.75,6.88,1046566.28
2013-05-06,6.92,7.04,6.85,6.94,656025.34
2013-05-07,6.9,6.91,6.76,6.84,677983.94
2013-05-08,6.89,6.98,6.75,6.81,868469.21
2013-05-09,6.81,6.82,6.66,6.74,672509.39
2013-05-10,6.72,6.8,6.68,6.75,599994.18
2013-05-13,6.75,6.78,6.62,6.64,813029.05
2013-05-14,6.64,6.67,6.55,6.61,669926.17
2013-05-15,6.64,6.68,6.56,6.6,528971.76
2013-05-16,6.6,6.75,6.38,6.7,1499500.56
2013-05-17,6.65,6.71,6.55,6.66,1108882.02
2013-05-20,6.68,6.96,6.68,6.87,1207646.74
2013-05-21,6.84,6.9,6.75,6.83,634833.84
2013-05-22,6.83,6.94,6.8,6.92,708530.0
2013-05-23,6.88,6.95,6.77,6.78,704310.0
2013-05-24,6.79,6.9,6.75,6.81,513152.44
2013-05-27,6.8,6.85,6.75,6.77,572008.31
2013-05-28,6.76,6.98,6.73,6.93,994080.93
2013-05-29,6.95,7.05,6.91,6.92,987282.8
2013-05-30,6.88,6.96,6.85,6.9,593576.31
2013-05-31,6.92,6.98,6.84,6.85,577162.89
2013-06-03,6.87,6.89,6.77,6.81,456717.91
2013-06-04,6.81,6.87,6.77,6.79,462056.69
2013-06-05,6.78,6.8,6.54,6.61,912859.28
2013-06-06,6.56,6.56,6.4,6.41,933731.44
2013-06-07,6.41,6.46,6.26,6.3,753053.87
2013-06-13,6.2,6.2,6.05,6.08,986437.34
2013-06-14,6.1,6.12,6.06,6.09,660406.79
2013-06-17,6.13,6.14,6.01,6.04,545738.35
2013-06-18,6.08,6.19,6.08,6.15,625820.27
2013-06-19,6.1,6.1,5.97,6.0,842711.76
2013-06-20,5.95,5.96,5.73,5.77,1081465.69
2013-06-21,5.67,5.78,5.58,5.7,929624.54
2013-06-24,5.66,5.66,5.14,5.14,2301908.91
2013-06-25,5.01,5.17,4.74,5.15,2004766.04
2013-06-26,5.22,5.24,5.06,5.14,1238765.77
2013-06-27,5.18,5.27,5.16,5.22,1015195.84
2013-06-28,5.21,5.51,5.17,5.46,1041535.63
2013-07-01,5.43,5.49,5.29,5.4,628333.22
2013-07-02,5.4,5.42,5.18,5.28,903985.71
2013-07-03,5.26,5.3,5.12,5.21,814096.44
2013-07-04,5.18,5.4,5.06,5.27,1133150.66
2013-07-05,5.31,5.46,5.3,5.37,807915.31
2013-07-08,5.27,5.4,5.22,5.25,763043.56
2013-07-09,5.29,5.33,5.26,5.27,589748.54
2013-07-10,5.3,5.48,5.29,5.46,815543.54
2013-07-11,5.66,6.01,5.62,6.01,3659330.09
2013-07-12,6.01,6.05,5.78,5.82,2262725.39
2013-07-15,5.84,6.07,5.79,5.93,1271220.12
2013-07-16,5.88,5.96,5.8,5.93,895319.95
2013-07-17,5.89,5.95,5.8,5.84,838565.49
2013-07-18,5.82,5.85,5.58,5.6,1384956.94
2013-07-19,5.59,5.64,5.4,5.41,1143689.2
2013-07-22,5.3,5.42,5.25,5.37,1180506.17
2013-07-23,5.42,5.71,5.34,5.57,1259703.86
2013-07-24,5.49,5.53,5.34,5.42,1083605.9
2013-07-25,5.46,5.52,5.38,5.42,693815.81
2013-07-26,5.38,5.44,5.34,5.4,480874.01
2013-07-29,5.3,5.31,5.16,5.27,1124952.27
2013-07-30,5.26,5.45,5.24,5.3,839165.58
2013-07-31,5.35,5.46,5.23,5.23,748691.22
2013-08-01,5.27,5.38,5.24,5.36,801880.98
2013-08-02,5.41,5.45,5.32,5.33,772342.14
2013-08-05,5.34,5.42,5.3,5.42,658206.63
2013-08-06,5.38,5.45,5.32,5.4,728860.31
2013-08-07,5.38,5.49,5.38,5.39,723245.3
2013-08-08,5.38,5.43,5.33,5.36,655823.81
2013-08-09,5.41,5.43,5.3,5.37,752520.4
2013-08-12,5.41,5.77,5.4,5.71,2264600.32
2013-08-13,5.73,6.0,5.72,5.96,2693492.28
2013-08-14,5.97,6.1,5.88,5.91,1840007.48
2013-08-15,5.87,5.96,5.79,5.81,984064.26
2013-08-16,5.77,6.4,5.73,5.9,3050886.21
2013-08-19,5.79,6.15,5.79,6.1,1861207.11
2013-08-20,6.05,6.38,6.04,6.2,2179083.12
2013-08-21,6.24,6.29,5.97,6.12,1382363.46
2013-08-22,6.1,6.29,6.05,6.12,1005671.07
2013-08-23,6.17,6.22,5.87,6.0,1246190.25
2013-08-26,6.01,6.2,5.98,6.16,1104349.93
2013-08-27,6.16,6.26,6.09,6.19,833062.47
2013-08-28,6.11,6.19,6.06,6.12,969434.17
2013-08-29,6.21,6.3,6.11,6.15,766180.51
2013-08-30,6.15,6.23,6.05,6.14,785304.43
2013-09-02,6.18,6.25,6.11,6.19,871668.12
2013-09-03,6.25,6.5,6.2,6.49,1956016.2
2013-09-04,6.5,6.66,6.49,6.5,1430851.27
2013-09-05,6.49,6.54,6.44,6.47,565881.49
2013-09-06,6.45,6.67,6.42,6.59,906932.17
2013-09-09,6.68,7.25,6.68,7.25,3540415.04
2013-09-10,7.28,7.3,6.99,7.17,2855238.95
2013-09-11,7.18,7.35,7.07,7.11,1907221.79
2013-09-12,7.06,7.66,6.96,7.33,3138113.39
2013-09-13,7.27,7.35,7.02,7.1,1501639.88
2013-09-16,7.19,7.26,6.92,7.04,1791103.19
2013-09-17,7.04,7.15,6.85,6.86,1314844.04
2013-09-18,6.85,6.98,6.76,6.82,1062513.08
2013-09-23,6.87,6.93,6.7,6.86,1180139.16
2013-09-24,6.85,6.85,6.51,6.61,1597682.22
2013-09-25,6.6,6.72,6.51,6.53,880810.1
2013-09-26,6.53,6.53,6.36,6.43,1224296.63
2013-09-27,6.42,6.49,6.38,6.46,656960.33
2013-09-30,6.52,6.57,6.42,6.45,574675.0
2013-10-08,6.43,6.56,6.25,6.5,923263.86
2013-10-09,6.51,6.87,6.47,6.69,1118084.39
2013-10-10,6.73,6.75,6.45,6.48,919442.01
2013-10-11,6.55,6.78,6.52,6.71,1154274.49
2013-10-14,6.71,6.71,6.57,6.61,652956.74
2013-10-15,6.61,6.63,6.44,6.48,719890.54
2013-10-16,6.47,6.47,6.34,6.41,870653.2
2013-10-17,6.48,6.51,6.37,6.4,505980.7
2013-10-18,6.4,6.55,6.38,6.45,502904.75
2013-10-21,6.46,6.57,6.37,6.55,697506.35
2013-10-22,6.53,6.53,6.44,6.47,510364.54
2013-10-23,6.51,6.82,6.48,6.59,1418756.21
2013-10-24,6.57,6.73,6.46,6.56,1008129.97
2013-10-25,6.57,6.81,6.57,6.73,1405584.13
2013-10-28,6.77,6.78,6.6,6.67,719489.15
2013-10-29,6.73,7.12,6.71,6.98,2525979.94
2013-10-30,6.93,7.03,6.83,7.02,1625512.38
2013-10-31,6.93,7.0,6.74,6.79,1201375.07
2013-11-01,6.8,6.92,6.71,6.89,831468.37
2013-11-04,6.92,6.98,6.75,6.77,703420.16
2013-11-05,6.71,6.71,6.48,6.64,1233320.79
2013-11-06,6.51,6.55,6.41,6.46,1295086.25
2013-11-07,6.47,6.53,6.44,6.48,687757.08
2013-11-08,6.43,6.49,6.38,6.41,664490.8
2013-11-11,6.41,6.45,6.37,6.4,595532.68
2013-11-12,6.44,6.55,6.4,6.52,838946.96
2013-11-13,6.44,6.46,6.3,6.3,958894.33
2013-11-14,6.28,6.34,6.07,6.15,1183608.32
2013-11-15,6.16,6.37,6.16,6.3,982371.97
2013-11-18,6.31,6.61,6.24,6.6,1751490.19
2013-11-19,6.6,6.61,6.45,6.48,1036694.64
2013-11-20,6.55,6.58,6.4,6.45,1018200.15
2013-11-21,6.4,6.41,6.22,6.36,1291329.33
2013-11-22,6.36,6.38,6.22,6.25,1073063.08
2013-11-25,6.22,6.33,6.15,6.2,713286.29
2013-11-26,6.21,6.26,6.16,6.19,522402.25
2013-11-27,6.15,6.3,6.14,6.22,922066.22
2013-11-28,6.23,6.35,6.21,6.26,1032228.23
2013-11-29,6.33,6.34,6.17,6.18,1145164.22
2013-12-02,6.21,6.34,6.14,6.27,1567054.99
2013-12-03,6.23,6.27,6.16,6.23,1052697.17
2013-12-04,6.25,6.37,6.19,6.33,1658350.68
2013-12-05,6.33,6.35,6.26,6.28,814008.3
2013-12-06,6.27,6.27,6.19,6.23,636009.63
2013-12-09,6.24,6.27,6.16,6.19,786304.07
2013-12-10,6.22,6.23,6.18,6.2,476141.83
2013-12-11,6.18,6.18,6.03,6.04,1007067.46
2013-12-12,6.01,6.06,6.0,6.01,542283.16
2013-12-13,5.96,6.04,5.94,6.0,535124.27
2013-12-16,6.0,6.05,5.93,5.95,715093.29
2013-12-17,5.97,5.97,5.89,5.9,590086.48
2013-12-18,5.9,6.0,5.9,5.96,451107.72
2013-12-19,5.99,6.01,5.84,5.85,718593.66
2013-12-20,5.85,5.87,5.62,5.66,1067600.68
2013-12-23,5.67,5.73,5.62,5.65,635214.66
2013-12-24,5.68,5.74,5.6,5.66,606616.27
2013-12-25,5.67,5.71,5.62,5.67,584851.95
2013-12-26,5.67,5.67,5.57,5.59,514067.45
2013-12-27,5.6,5.77,5.59,5.74,732076.56
2013-12-30,5.77,5.79,5.7,5.71,658976.03
2013-12-31,5.71,5.92,5.69,5.86,962700.99
2014-01-02,5.82,5.83,5.74,5.77,727892.32
2014-01-03,5.73,5.74,5.61,5.62,778984.8
2014-01-06,5.64,5.66,5.51,5.58,888809.72
2014-01-07,5.55,5.61,5.51,5.56,431912.98
2014-01-08,5.57,5.64,5.55,5.6,521831.16
2014-01-09,5.6,5.71,5.58,5.62,635265.01
2014-01-10,5.62,5.67,5.57,5.63,518099.91
2014-01-13,5.64,5.66,5.6,5.62,426582.76
2014-01-14,5.61,5.67,5.59,5.64,460289.68
2014-01-15,5.64,5.64,5.53,5.56,475006.73
2014-01-16,5.58,5.58,5.49,5.49,896812.05
2014-01-17,5.48,5.49,5.37,5.38,637742.51
2014-01-20,5.36,5.41,5.27,5.32,547670.92
2014-01-21,5.33,5.41,5.33,5.37,397956.26
2014-01-22,5.38,5.56,5.37,5.52,758918.56
2014-01-23,5.51,5.52,5.42,5.44,558143.79
2014-01-24,5.41,5.48,5.38,5.42,700262.83
2014-01-27,5.38,5.41,5.32,5.33,698716.38
2014-01-28,5.35,5.45,5.34,5.44,527557.32
2014-01-29,5.46,5.52,5.43,5.49,592492.76
2014-01-30,5.47,5.47,5.39,5.4,432874.12
2014-02-07,5.38,5.4,5.34,5.4,426209.73
2014-02-10,5.42,5.51,5.42,5.48,643252.32
2014-02-11,5.48,5.74,5.44,5.64,1486291.78
2014-02-12,5.63,5.73,5.6,5.62,842956.48
2014-02-13,5.59,5.85,5.58,5.75,1797680.7
2014-02-14,5.73,5.75,5.67,5.71,742674.11
2014-02-17,5.74,5.77,5.59,5.65,1103635.37
2014-02-18,5.63,5.64,5.47,5.48,1076027.64
2014-02-19,5.48,5.68,5.46,5.64,1609919.15
2014-02-20,5.62,5.71,5.51,5.52,1163844.66
2014-02-21,5.52,5.54,5.43,5.47,761787.85
2014-02-24,5.41,5.42,5.25,5.27,1444465.98
2014-02-25,5.27,5.33,5.18,5.2,926049.81
2014-02-26,5.2,5.28,5.18,5.25,696797.93
2014-02-27,5.27,5.34,5.19,5.3,998108.59
2014-02-28,5.27,5.3,5.21,5.27,630353.11
2014-03-03,5.26,5.26,5.22,5.24,600571.57
2014-03-04,5.22,5.32,5.19,5.29,741303.58
2014-03-05,5.28,5.3,5.22,5.23,462010.4
2014-03-06,5.22,5.3,5.19,5.26,721541.29
2014-03-07,5.25,5.3,5.21,5.22,763647.12
2014-03-10,5.19,5.19,4.97,5.0,1300340.53
2014-03-11,5.0,5.07,4.97,5.0,685713.95
2014-03-12,5.0,5.16,4.99,5.12,973320.31
2014-03-13,5.18,5.28,5.14,5.18,993816.67
2014-03-14,5.15,5.19,5.09,5.16,656290.97
2014-03-17,5.23,5.25,5.15,5.19,451010.37
2014-03-18,5.2,5.21,5.13,5.14,424841.91
2014-03-19,5.12,5.12,5.04,5.1,559081.69
2014-03-20,5.1,5.25,5.08,5.14,1006975.87
2014-03-21,5.13,5.53,5.11,5.48,2471493.98
2014-03-24,5.51,5.63,5.44,5.53,1909223.57
2014-03-25,5.52,5.56,5.4,5.42,1205259.15
2014-03-26,5.44,5.48,5.38,5.41,513860.68
2014-03-27,5.41,5.59,5.37,5.47,1178557.28
2014-03-28,5.45,5.61,5.44,5.53,1150188.1
2014-03-31,5.55,5.58,5.42,5.5,855615.72
2014-04-01,5.4,5.46,5.36,5.42,1111186.16
2014-04-02,5.42,5.53,5.4,5.48,833135.96
2014-04-03,5.52,5.53,5.38,5.42,804284.77
2014-04-04,5.38,5.54,5.37,5.53,891272.6
2014-04-08,5.58,6.07,5.58,5.98,4364172.41
2014-04-09,5.95,5.99,5.89,5.94,1746438.11
2014-04-10,5.95,6.09,5.85,5.96,2195300.87
2014-04-11,5.92,6.06,5.88,6.01,1693458.88
2014-04-14,6.0,6.03,5.89,5.94,873867.9
2014-04-15,5.91,5.92,5.76,5.77,1432951.81
2014-04-16,5.74,5.85,5.71,5.79,914794.59
2014-04-17,5.86,5.89,5.77,5.79,808130.66
2014-04-18,5.75,5.83,5.7,5.82,713404.98
2014-04-21,5.79,5.9,5.72,5.72,895193.31
2014-04-22,5.71,5.93,5.7,5.91,1367563.45
2014-04-23,5.88,6.04,5.86,5.93,1567056.94
2014-04-24,5.94,6.03,5.9,5.9,779047.58
2014-04-25,5.92,6.04,5.88,5.9,846498.24
2014-04-28,5.89,5.94,5.74,5.76,1004479.43
2014-04-29,5.79,5.89,5.78,5.85,760591.48
2014-04-30,5.86,5.93,5.85,5.88,621123.1
2014-05-05,5.86,5.87,5.73,5.79,822992.38
2014-05-06,5.78,5.83,5.74,5.75,463583.34
2014-05-07,5.75,5.76,5.66,5.67,667637.11
2014-05-08,5.67,5.79,5.65,5.68,630862.53
2014-05-09,5.7,5.73,5.67,5.7,475278.38
2014-05-12,5.75,5.83,5.7,5.79,886350.43
2014-05-13,5.79,5.8,5.74,5.77,426309.7
2014-05-14,5.78,5.84,5.75,5.78,426042.78
2014-05-15,5.78,5.81,5.75,5.76,470563.29
2014-05-16,5.75,5.81,5.74,5.76,536296.52
2014-05-19,5.73,5.73,5.56,5.6,1089016.42
2014-05-20,5.63,5.64,5.55,5.59,464150.71
2014-05-21,5.58,5.66,5.53,5.65,432613.81
2014-05-22,5.63,5.76,5.62,5.66,611856.38
2014-05-23,5.66,5.71,5.64,5.71,406579.18
2014-05-26,5.76,5.77,5.67,5.71,394241.55
2014-05-27,5.71,5.72,5.65,5.67,360664.11
2014-05-28,5.66,5.75,5.65,5.74,518317.51
2014-05-29,5.74,5.79,5.7,5.7,504972.89
2014-05-30,5.71,5.72,5.67,5.68,441487.63
2014-06-03,5.68,5.74,5.66,5.66,417370.71
2014-06-04,5.67,5.68,5.59,5.62,443763.03
2014-06-05,5.61,5.7,5.6,5.69,307091.89
2014-06-06,5.7,5.7,5.59,5.62,411831.92
2014-06-09,5.6,5.73,5.58,5.66,513777.21
2014-06-10,5.68,5.75,5.67,5.74,641141.54
2014-06-11,5.72,5.75,5.69,5.72,429290.38
2014-06-12,5.73,5.75,5.71,5.71,534410.79
2014-06-13,5.79,5.9,5.73,5.84,1536302.03
2014-06-16,5.83,5.97,5.81,5.93,1660842.93
2014-06-17,5.9,5.91,5.82,5.85,709970.56
2014-06-18,5.85,5.85,5.78,5.8,498973.39
2014-06-19,5.81,5.83,5.68,5.7,640900.28
2014-06-20,5.7,5.77,5.69,5.76,427641.0
2014-06-23,5.76,5.78,5.71,5.72,458314.42
2014-06-24,5.73,5.77,5.7,5.74,392051.35
2014-06-25,5.74,5.74,5.67,5.7,464654.42
2014-06-26,5.7,5.75,5.7,5.74,311186.19
2014-06-27,5.74,5.76,5.73,5.74,369577.7
2014-06-30,5.76,5.82,5.74,5.79,436633.78
2014-07-01,5.83,5.84,5.77,5.78,296425.06
2014-07-02,5.78,5.82,5.77,5.81,304010.68
2014-07-03,5.81,5.82,5.78,5.81,498050.05
2014-07-04,5.8,5.81,5.77,5.79,371622.01
2014-07-07,5.78,5.81,5.76,5.79,346609.92
2014-07-08,5.78,5.79,5.73,5.77,472641.88
2014-07-09,5.75,5.76,5.66,5.67,691431.59
2014-07-10,5.67,5.69,5.64,5.66,429924.25
2014-07-11,5.66,5.7,5.66,5.68,413899.74
2014-07-14,5.7,5.7,5.66,5.69,580023.26
2014-07-15,5.69,5.76,5.68,5.74,698884.37
2014-07-16,5.72,5.74,5.7,5.73,735180.33
2014-07-17,5.73,5.73,5.68,5.7,484968.8
2014-07-18,5.71,5.79,5.71,5.76,877892.64
2014-07-21,5.77,5.78,5.73,5.74,402288.11
2014-07-22,5.73,5.93,5.72,5.86,1299205.65
2014-07-23,5.87,5.95,5.85,5.88,816504.91
2014-07-24,5.91,6.27,5.91,6.21,2864616.16
2014-07-25,6.22,6.3,6.16,6.26,1368346.42
2014-07-28,6.29,6.67,6.29,6.61,2884383.29
2014-07-29,6.65,6.71,6.58,6.64,1790112.84
2014-07-30,6.71,6.8,6.58,6.62,1497170.75
2014-07-31,6.6,6.71,6.55,6.71,1055980.19
2014-08-01,6.7,6.81,6.61,6.62,1557973.86
2014-08-04,6.64,6.78,6.57,6.73,1757873.41
2014-08-05,6.73,6.76,6.55,6.59,1606374.89
2014-08-06,6.55,6.55,6.36,6.46,1838582.11
2014-08-07,6.45,6.49,6.38,6.39,931964.75
2014-08-08,6.38,6.45,6.36,6.4,852830.67
2014-08-11,6.43,6.51,6.42,6.49,1067697.51
2014-08-12,6.47,6.48,6.36,6.42,1111806.0
2014-08-13,6.41,6.47,6.35,6.41,1020060.12
2014-08-14,6.41,6.42,6.35,6.36,865637.13
2014-08-15,6.35,6.39,6.28,6.38,1212444.32
2014-08-18,6.38,6.42,6.34,6.38,911778.01
2014-08-19,6.39,6.39,6.33,6.38,1052200.43
2014-08-20,6.36,6.37,6.31,6.31,716902.74
2014-08-21,6.31,6.33,6.2,6.25,915053.17
2014-08-22,6.24,6.31,6.23,6.28,712098.43
2014-08-25,6.28,6.29,6.19,6.21,632817.88
2014-08-26,6.21,6.25,6.19,6.22,633139.59
2014-08-27,6.22,6.25,6.18,6.22,557409.45
2014-08-28,6.21,6.23,6.16,6.16,587566.31
2014-08-29,6.19,6.25,6.17,6.25,500897.03
2014-09-01,6.25,6.25,6.21,6.25,856012.99
2014-09-02,6.27,6.35,6.22,6.34,1315127.97
2014-09-03,6.38,6.44,6.34,6.39,1160545.23
2014-09-04,6.41,6.45,6.36,6.42,918258.15
2014-09-05,6.44,6.47,6.39,6.44,1056019.5
2014-09-09,6.44,6.45,6.34,6.36,971585.2
2014-09-10,6.34,6.34,6.27,6.28,976696.34
2014-09-11,6.28,6.39,6.25,6.28,1243898.48
2014-09-12,6.27,6.28,6.23,6.28,967936.26
2014-09-15,6.25,6.25,6.21,6.25,866670.57
2014-09-16,6.25,6.3,6.19,6.2,1574694.64
2014-09-17,6.22,6.25,6.19,6.21,916443.68
2014-09-18,6.21,6.3,6.18,6.24,1325362.67
2014-09-19,6.24,6.3,6.23,6.27,1490137.92
2014-09-22,6.25,6.25,6.1,6.11,1276527.67
2014-09-23,6.11,6.16,6.1,6.13,629456.81
2014-09-24,6.13,6.27,6.1,6.26,1469170.06
2014-09-25,6.27,6.28,6.18,6.21,1039031.35
2014-09-26,6.18,6.21,6.16,6.18,620602.72
2014-09-29,6.21,6.24,6.19,6.21,843061.65
2014-09-30,6.22,6.22,6.17,6.19,782559.73
2014-10-08,6.22,6.27,6.18,6.27,1084983.09
2014-10-09,6.27,6.3,6.23,6.26,944044.57
2014-10-10,6.24,6.25,6.19,6.22,819460.17
2014-10-13,6.19,6.21,6.11,6.15,855812.02
2014-10-14,6.14,6.2,6.12,6.14,667378.95
2014-10-15,6.14,6.19,6.11,6.16,695305.89
2014-10-16,6.13,6.27,6.11,6.16,1397103.54
2014-10-17,6.16,6.19,6.13,6.14,825468.37
2014-10-20,6.18,6.24,6.14,6.21,864023.46
2014-10-21,6.19,6.21,6.13,6.14,800289.9
2014-10-22,6.14,6.24,6.14,6.16,940898.38
2014-10-23,6.17,6.26,6.17,6.2,1440092.64
2014-10-24,6.21,6.25,6.19,6.21,796332.41
2014-10-27,6.15,6.17,6.05,6.07,1044981.09
2014-10-28,6.1,6.15,6.07,6.15,739706.68
2014-10-29,6.16,6.27,6.14,6.23,1465000.79
2014-10-30,6.24,6.36,6.19,6.33,2146014.13
2014-10-31,6.36,6.76,6.36,6.58,4478599.06
2014-11-03,6.68,6.72,6.5,6.52,2074617.7
2014-11-04,6.55,6.56,6.43,6.45,1436710.53
2014-11-05,6.44,6.47,6.33,6.36,1980238.3
2014-11-06,6.39,6.4,6.3,6.35,1396055.78
2014-11-07,6.35,6.61,6.32,6.42,3160858.59
2014-11-10,6.54,6.61,6.44,6.56,2573783.13
2014-11-11,6.57,6.88,6.57,6.69,5762479.87
2014-11-12,6.6,6.68,6.56,6.68,2017054.03
2014-11-13,6.71,6.81,6.6,6.63,2428351.86
2014-11-14,6.6,6.65,6.5,6.58,1849868.56
2014-11-17,6.64,6.65,6.48,6.48,1643101.95
2014-11-18,6.48,6.48,6.36,6.39,1548175.03
2014-11-19,6.38,6.42,6.34,6.38,916502.28
2014-11-20,6.38,6.42,6.34,6.39,1000260.38
2014-11-21,6.38,6.5,6.33,6.48,1709281.64
2014-11-24,6.39,6.59,6.27,6.49,4070591.76
2014-11-25,6.47,6.58,6.45,6.56,2529076.57
2014-11-26,6.59,6.76,6.56,6.69,3855689.99
2014-11-27,6.72,6.85,6.67,6.78,3966445.27
2014-11-28,6.79,7.39,6.74,7.36,8370044.67
2014-12-01,7.4,7.65,7.21,7.22,6607178.41
2014-12-02,7.16,7.82,7.12,7.63,6682871.16
2014-12-03,7.65,7.88,7.41,7.5,7273341.39
2014-12-04,7.53,8.1,7.44,8.05,7263880.13
2014-12-05,8.14,8.51,7.8,8.24,9220803.76
2014-12-08,8.12,8.57,8.0,8.44,6982009.33
2014-12-09,8.33,8.65,7.67,7.76,7722453.49
2014-12-10,7.91,8.18,7.49,8.07,5665050.3
2014-12-11,7.91,8.36,7.82,8.03,4552992.82
2014-12-12,8.0,8.21,7.88,7.94,3514604.49
2014-12-15,7.88,7.88,7.62,7.78,2944096.24
2014-12-16,7.76,8.11,7.73,8.1,3690160.62
2014-12-17,8.16,8.83,8.06,8.65,8147276.04
2014-12-18,8.72,8.85,8.46,8.65,5649423.18
2014-12-19,8.65,8.85,8.43,8.78,4352384.18
2014-12-22,8.83,9.44,8.83,9.08,6575294.68
2014-12-23,8.96,9.21,8.67,8.7,4009099.5
2014-12-24,8.7,8.76,8.16,8.35,4185512.88
2014-12-25,8.49,8.87,8.36,8.78,4433685.59
2014-12-26,8.87,9.16,8.79,9.12,5201944.75
2014-12-29,9.76,10.04,9.22,9.42,8229350.49
2014-12-30,9.5,9.88,9.42,9.85,6960472.85
2014-12-31,9.88,10.07,9.64,10.0,5107083.25
2015-01-05,10.2,10.35,9.89,10.22,5284038.14
2015-01-06,10.06,10.6,9.99,10.3,4792609.97
2015-01-07,10.17,10.32,9.82,10.07,3793157.54
2015-01-08,10.07,10.1,9.6,9.64,3248582.95
2015-01-09,9.61,10.41,9.47,9.81,4969504.97
2015-01-12,9.79,9.98,9.48,9.71,3103271.41
2015-01-13,9.67,9.79,9.54,9.63,2031267.29
2015-01-14,9.67,9.94,9.66,9.8,2639648.12
2015-01-15,9.79,10.23,9.7,10.21,3116911.67
2015-01-16,10.06,10.36,10.01,10.17,5081287.94
2015-01-19,9.21,9.57,9.16,9.16,4177998.19
2015-01-20,9.1,9.27,8.79,9.01,4436135.05
2015-01-21,9.07,9.52,8.99,9.46,3893440.0
2015-01-22,9.43,9.45,9.23,9.34,2415136.43
2015-01-23,9.4,9.61,9.31,9.36,2649964.2
2015-01-26,9.34,9.44,9.15,9.26,2359536.37
2015-01-27,9.28,9.31,8.88,9.03,2965809.53
2015-01-28,8.95,9.1,8.85,8.95,2204253.58
2015-01-29,8.8,8.88,8.7,8.75,2348581.02
2015-01-30,8.84,8.92,8.68,8.77,2002238.48
2015-02-02,8.54,8.65,8.5,8.51,1871192.18
2015-02-03,8.64,8.76,8.48,8.73,2120599.05
2015-02-04,8.74,8.82,8.54,8.55,1777663.3
2015-02-05,9.01,9.01,8.55,8.56,3796128.0
2015-02-06,8.5,8.64,8.44,8.51,2001388.41
2015-02-09,8.51,8.67,8.34,8.56,2288438.13
2015-02-10,8.55,8.75,8.51,8.71,1990065.56
2015-02-11,8.65,8.78,8.62,8.67,1539887.23
2015-02-12,8.51,8.59,8.39,8.51,3552963.35
2015-02-13,8.56,8.69,8.5,8.56,3266605.22
2015-02-16,8.58,8.59,8.47,8.53,2202913.58
2015-02-17,8.53,8.62,8.53,8.55,1962416.93
2015-02-25,8.57,8.57,8.43,8.46,1881110.64
2015-02-26,8.45,8.66,8.4,8.65,2437245.67
2015-02-27,8.64,8.74,8.61,8.63,2205349.9
2015-03-02,8.67,8.7,8.56,8.65,2677547.78
2015-03-03,8.62,8.62,8.41,8.42,2628817.09
2015-03-04,8.42,8.47,8.34,8.37,1850371.23
2015-03-05,8.34,8.35,8.11,8.16,2711450.2
2015-03-06,8.16,8.25,8.16,8.2,1443792.0
2015-03-09,8.22,9.02,8.11,8.91,8256769.35
2015-03-10,8.79,8.82,8.61,8.64,5420430.18
2015-03-11,8.7,9.01,8.7,8.83,5055778.22
2015-03-12,9.39,9.71,9.21,9.68,13572221.69
2015-03-13,9.67,10.43,9.61,9.99,10432043.31
2015-03-16,10.06,10.36,9.82,10.34,6550657.93
2015-03-17,10.36,10.48,10.11,10.33,5362231.85
2015-03-18,10.36,10.39,10.18,10.37,4597229.22
2015-03-19,10.47,10.67,10.31,10.39,5149104.77
2015-03-20,10.39,10.61,10.07,10.33,5821646.16
2015-03-23,10.42,10.84,10.42,10.68,5805085.26
2015-03-24,10.61,10.68,10.33,10.48,4216026.71
2015-03-25,10.39,10.6,10.08,10.13,4326916.36
2015-03-26,10.05,10.52,9.85,10.32,4183249.37
2015-03-27,10.3,10.47,10.1,10.3,3355004.41
2015-03-30,10.61,11.33,10.48,11.21,6366519.85
2015-03-31,11.48,11.8,10.93,11.13,5046748.06
2015-04-01,11.03,11.37,10.91,11.14,3126045.25
2015-04-02,11.19,11.19,10.74,10.98,3910940.2
2015-04-03,10.97,11.32,10.91,11.3,3877943.67
2015-04-07,11.62,12.21,11.57,11.99,5280032.86
2015-04-08,11.97,12.42,11.84,12.4,4993785.06
2015-04-09,12.38,12.9,11.89,12.02,4932831.14
2015-04-10,12.02,12.46,11.96,12.36,3682503.69
2015-04-13,12.82,12.98,12.41,12.54,4045164.69
2015-04-14,12.48,12.5,12.12,12.22,2979746.67
2015-04-15,12.12,12.42,11.93,12.15,3551872.13
2015-04-16,12.04,12.46,11.94,12.45,3458382.84
2015-04-17,12.73,12.91,12.44,12.46,4054759.25
2015-04-20,12.67,12.73,11.67,11.79,6045405.32
2015-04-21,11.74,12.0,11.62,11.97,3689782.65
2015-04-22,12.05,12.57,11.88,12.54,4832326.93
2015-04-23,12.59,12.67,12.12,12.21,4361273.48
2015-04-24,12.0,12.03,11.45,11.72,5977003.41
2015-04-27,11.85,11.99,11.71,11.9,4087516.7
2015-04-28,11.97,12.7,11.91,12.08,7086921.6
2015-04-29,11.94,12.12,11.8,11.97,2837943.67
2015-04-30,11.98,12.14,11.74,11.76,3102906.83
2015-05-04,11.7,11.7,11.46,11.59,2637336.26
2015-05-05,11.59,11.59,10.89,10.96,4338807.77
2015-05-06,11.06,11.33,10.79,10.95,4039935.12
2015-05-07,10.97,11.05,10.84,10.96,2251479.37
2015-05-08,11.13,11.15,10.79,10.98,2719623.52
2015-05-11,10.98,11.36,10.79,11.33,4516589.4
2015-05-12,11.33,11.48,11.11,11.39,3525094.55
2015-05-13,11.45,11.47,11.02,11.13,3171254.51
2015-05-14,10.97,11.11,10.87,10.94,5604395.15
2015-05-15,10.94,11.05,10.7,10.85,3670504.94
2015-05-18,10.86,10.97,10.74,10.76,2783134.99
2015-05-19,10.74,11.36,10.7,11.25,5624547.21
2015-05-20,11.25,11.49,11.12,11.27,4947465.57
2015-05-21,11.3,11.37,11.18,11.3,3163050.25
2015-05-22,11.41,11.91,11.36,11.84,5738757.6
2015-05-25,12.0,12.34,12.0,12.22,5100737.36
2015-05-26,12.28,12.34,12.0,12.17,4311078.08
2015-05-27,12.29,12.31,11.88,11.96,4252697.65
2015-05-28,11.92,12.04,11.16,11.25,5178363.57
2015-05-29,11.33,11.44,10.85,11.22,4296148.91
2015-06-01,11.23,11.81,11.1,11.67,4454704.41
2015-06-02,11.72,11.73,11.41,11.58,3486788.46
2015-06-03,11.55,11.69,11.33,11.58,4433903.05
2015-06-04,11.73,12.4,11.58,12.17,7807968.26
2015-06-05,12.47,12.59,11.79,12.04,5674503.99
2015-06-08,12.11,12.95,11.98,12.9,9145630.13
2015-06-09,12.72,12.98,12.39,12.55,6833896.36
2015-06-10,12.43,12.64,12.29,12.42,4218117.88
2015-06-11,12.43,12.6,12.17,12.29,3665229.47
2015-06-12,12.39,12.95,12.09,12.5,6464055.0
2015-06-15,12.44,12.44,11.86,11.92,5126203.84
2015-06-16,11.82,12.09,11.64,11.72,3770709.22
2015-06-17,11.96,12.08,11.65,11.79,3688162.4
2015-06-18,11.66,11.66,11.21,11.23,4020832.54
2015-06-19,11.1,11.22,10.54,10.74,4605912.61
2015-06-23,10.74,11.1,10.42,11.06,3839883.6
2015-06-24,11.08,11.16,10.76,11.11,3807829.13
2015-06-25,11.51,11.51,10.79,10.88,5007950.39
2015-06-26,10.61,11.01,9.85,10.18,5597163.75
2015-06-29,10.38,10.51,9.48,10.07,5917669.84
2015-06-30,10.15,10.76,9.99,10.76,6060912.55
2015-07-01,10.57,10.7,10.3,10.35,3743779.53
2015-07-02,10.45,10.59,9.94,10.26,5003380.2
2015-07-03,10.29,10.33,9.58,9.82,4697964.69
2015-07-06,10.6,10.6,10.09,10.57,8341337.88
2015-07-07,10.35,10.9,9.91,10.73,10261114.04
2015-07-08,9.67,10.6,9.65,9.69,11818383.08
2015-07-09,9.69,10.65,9.23,10.65,11304883.9
2015-07-10,10.6,11.58,10.48,11.03,7169286.0
2015-07-13,10.9,11.32,10.67,10.96,5385193.22
2015-07-14,10.88,10.97,10.48,10.71,4105898.72
2015-07-15,10.63,10.86,10.48,10.78,4240303.39
2015-07-16,10.74,10.76,10.55,10.65,2167973.67
2015-07-17,10.74,10.9,10.63,10.8,2763793.12
2015-07-20,10.76,10.76,10.61,10.65,2496152.88
2015-07-21,10.6,10.71,10.42,10.43,2477090.85
2015-07-22,10.37,10.42,10.29,10.3,1953913.57
2015-07-23,10.3,10.55,10.26,10.49,2075618.27
2015-07-24,10.5,10.57,10.33,10.33,1770364.56
2015-07-27,10.26,10.27,9.49,9.52,3784340.34
2015-07-28,9.32,9.77,9.32,9.64,3007190.63
2015-07-29,9.62,9.75,9.55,9.74,1783886.54
2015-07-30,9.74,9.82,9.52,9.54,1538382.45
2015-07-31,9.52,9.71,9.45,9.69,1978531.22
2015-08-03,9.63,10.0,9.56,9.95,2347713.14
2015-08-04,9.89,10.05,9.82,10.01,1170919.23
2015-08-05,10.0,10.05,9.8,9.81,1086573.65
2015-08-06,9.72,9.95,9.71,9.84,1030408.01
2015-08-07,9.9,10.01,9.84,9.9,1057383.69
2015-08-10,9.91,10.23,9.77,10.16,2057939.7
2015-08-11,10.13,10.13,9.92,9.95,1783642.51
2015-08-12,9.83,9.9,9.76,9.77,1402269.2
2015-08-13,9.79,9.85,9.67,9.77,1098401.81
2015-08-14,9.79,9.83,9.74,9.77,1046792.33
2015-08-17,9.71,9.72,9.56,9.63,1243655.15
2015-08-18,9.65,9.77,9.33,9.38,1864605.16
2015-08-19,9.35,9.43,9.22,9.41,1886607.45
2015-08-20,9.44,9.44,9.16,9.17,1368826.21
2015-08-21,9.13,9.19,8.88,8.9,1781995.23
2015-08-24,8.67,8.67,8.01,8.08,4794614.17
2015-08-25,7.9,8.18,7.42,7.61,3642354.63
2015-08-26,7.79,8.37,7.65,8.06,3612601.26
2015-08-27,8.2,8.76,8.04,8.71,2697852.27
2015-08-28,8.8,8.89,8.59,8.81,2565557.53
2015-08-31,8.73,9.12,8.43,9.09,3260497.5
2015-09-01,8.91,9.29,8.74,9.26,4028677.08
2015-09-02,9.04,9.27,8.98,9.18,4325007.43
2015-09-07,9.07,9.11,8.58,8.64,2214323.67
2015-09-08,8.64,8.96,8.58,8.89,1428792.72
2015-09-09,8.89,9.06,8.86,8.97,1261443.1
2015-09-10,8.9,9.1,8.88,9.06,1249237.09
2015-09-11,9.0,9.2,8.99,9.1,1003621.42
2015-09-14,9.1,9.27,8.77,9.26,2725889.29
2015-09-15,9.12,9.21,9.0,9.15,1593298.19
2015-09-16,9.11,9.52,8.98,9.3,1116855.73
2015-09-17,9.26,9.32,9.12,9.12,769741.31
2015-09-18,9.14,9.21,9.02,9.05,667629.84
2015-09-21,9.0,9.02,8.88,8.97,887780.45
2015-09-22,8.97,9.15,8.94,9.06,827558.86
2015-09-23,8.97,8.99,8.85,8.87,709224.15
2015-09-24,8.91,8.93,8.84,8.88,701785.6
2015-09-25,8.86,8.96,8.77,8.92,968416.49
2015-09-28,8.89,8.95,8.86,8.95,405924.36
2015-09-29,8.87,8.91,8.79,8.85,548333.71
2015-09-30,8.89,9.17,8.87,9.08,969092.64
2015-10-08,9.34,9.39,9.22,9.24,1156138.74
2015-10-09,9.31,9.42,9.24,9.34,698197.36
2015-10-12,9.37,9.57,9.34,9.49,2005077.22
2015-10-13,9.42,9.49,9.37,9.41,741630.31
2015-10-14,9.36,9.44,9.32,9.38,717026.81
2015-10-15,9.36,9.5,9.32,9.47,736139.24
2015-10-16,9.51,9.59,9.45,9.49,1150756.51
2015-10-19,9.52,9.56,9.41,9.44,1017039.14
2015-10-20,9.43,9.47,9.36,9.44,794584.16
2015-10-21,9.42,9.65,9.22,9.5,2495281.39
2015-10-22,9.41,9.44,9.35,9.37,1143011.04
2015-10-23,9.41,9.45,9.37,9.42,878812.35
2015-10-26,9.48,9.56,9.43,9.45,1265767.97
2015-10-27,9.42,9.47,9.36,9.44,782153.86
2015-10-28,9.46,9.51,9.4,9.41,997478.31
2015-10-29,9.39,9.46,9.37,9.4,611460.33
2015-10-30,9.42,9.62,9.42,9.52,1419911.05
2015-11-02,9.48,9.52,9.41,9.42,790093.25
2015-11-03,9.42,9.48,9.37,9.39,606539.29
2015-11-04,9.43,9.82,9.4,9.76,2074454.89
2015-11-05,9.69,10.35,9.67,10.04,3910058.1
2015-11-06,10.0,10.17,9.91,10.12,1933985.37
2015-11-09,10.2,10.76,10.2,10.48,3605575.52
2015-11-10,10.38,10.58,10.29,10.39,1604389.68
2015-11-11,10.39,10.4,10.12,10.23,1498083.94
2015-11-12,10.28,10.32,10.07,10.11,1002337.21
2015-11-13,10.04,10.12,9.97,9.99,936875.1
2015-11-16,9.85,10.01,9.85,9.98,649931.59
2015-11-17,10.04,10.25,9.99,10.02,1414331.5
2015-11-18,10.07,10.27,9.94,10.07,1121976.05
2015-11-19,10.08,10.2,10.04,10.18,745626.12
2015-11-20,10.22,10.37,10.13,10.25,1112044.64
2015-11-23,10.25,10.37,10.17,10.23,956438.0
2015-11-24,10.17,10.22,9.95,10.06,1232603.62
2015-11-25,10.02,10.12,9.92,10.08,999368.17
2015-11-26,10.1,10.2,10.02,10.03,784967.25
2015-11-27,9.99,10.0,9.6,9.66,1254890.98
2015-11-30,9.65,9.84,9.6,9.76,1050578.86
2015-12-01,9.8,9.84,9.63,9.79,805280.32
2015-12-02,9.77,10.53,9.75,10.43,2459553.88
2015-12-03,10.36,10.51,10.23,10.35,2123670.08
2015-12-04,10.24,10.28,10.0,10.02,1210502.35
2015-12-07,10.07,10.1,9.99,10.07,648952.49
2015-12-08,10.04,10.18,9.92,10.06,1045999.43
2015-12-09,10.06,10.19,10.05,10.1,967999.54
2015-12-10,10.07,10.21,10.03,10.03,911512.55
2015-12-11,10.0,10.03,9.92,9.95,954782.05
2015-12-14,9.89,10.17,9.85,10.13,1065313.74
2015-12-15,10.13,10.17,9.99,10.03,722844.77
2015-12-16,10.06,10.07,10.0,10.04,597411.61
2015-12-17,10.05,10.17,10.02,10.09,1010743.74
2015-12-18,10.07,10.53,10.05,10.22,1710440.46
2015-12-21,10.17,10.69,10.15,10.52,2107304.5
2015-12-22,10.52,10.82,10.49,10.71,2248355.98
2015-12-23,10.73,11.0,10.63,10.75,2116711.87
2015-12-24,10.79,10.84,10.61,10.77,1269621.06
2015-12-25,10.77,10.93,10.74,10.88,808227.31
2015-12-28,10.9,10.95,10.56,10.58,1723736.81
2015-12-29,10.56,10.88,10.56,10.78,1020610.43
2015-12-30,10.75,10.81,10.67,10.75,973554.06
2015-12-31,10.72,10.76,10.54,10.65,960485.17
2016-01-04,10.63,10.64,10.23,10.25,1024693.15
2016-01-05,10.22,10.46,10.12,10.39,1517145.26
2016-01-06,10.35,10.45,10.25,10.45,838443.97
2016-01-07,10.25,10.33,10.12,10.18,338586.43
2016-01-08,10.19,10.39,10.05,10.25,1552776.5
2016-01-11,10.14,10.15,9.85,9.85,1430618.35
2016-01-12,9.89,9.99,9.82,9.85,1123990.47
2016-01-13,9.95,10.08,9.78,9.79,745617.41
2016-01-14,9.6,9.85,9.51,9.78,928590.0
2016-01-15,9.72,9.84,9.54,9.62,762461.63
2016-01-18,9.49,9.71,9.48,9.54,525296.3
2016-01-19,9.6,9.69,9.51,9.67,545658.8
2016-01-20,9.64,9.66,9.42,9.44,847454.24
2016-01-21,9.37,9.59,9.32,9.33,684887.42
2016-01-22,9.42,9.44,9.27,9.37,515379.92
2016-01-25,9.39,9.39,9.33,9.37,317373.92
2016-01-26,9.32,9.37,8.94,9.01,904273.57
2016-01-27,8.99,9.12,8.89,9.04,893761.15
2016-01-28,9.02,9.06,8.84,8.89,538921.13
2016-01-29,8.89,9.09,8.85,9.02,728254.14
2016-02-01,9.01,9.09,8.84,8.92,524822.35
2016-02-02,8.9,9.05,8.9,9.01,359067.95
2016-02-03,8.93,8.95,8.84,8.9,446921.91
2016-02-04,8.95,9.0,8.91,8.97,488245.0
2016-02-05,8.97,9.04,8.95,8.99,443113.62
2016-02-15,8.77,8.96,8.77,8.89,454264.23
2016-02-16,8.94,9.13,8.92,9.07,558665.4
2016-02-17,9.11,9.17,9.01,9.09,499656.24
2016-02-18,9.14,9.21,9.03,9.06,479277.23
2016-02-19,9.05,9.09,8.97,9.0,300469.56
2016-02-22,9.07,9.21,9.02,9.19,677369.72
2016-02-23,9.17,9.17,9.01,9.06,609850.06
2016-02-24,9.03,9.11,9.01,9.09,362908.05
2016-02-25,9.07,9.08,8.78,8.79,894741.79
2016-02-26,8.86,8.92,8.81,8.88,381312.34
2016-02-29,8.87,8.94,8.59,8.84,870023.63
2016-03-01,8.82,8.9,8.72,8.84,528384.2
2016-03-02,8.88,9.12,8.84,9.12,1030552.44
2016-03-03,9.12,9.21,9.08,9.19,712575.89
2016-03-04,9.15,9.65,9.14,9.6,2288524.47
2016-03-07,9.57,9.64,9.41,9.43,832011.96
2016-03-08,9.42,9.59,9.16,9.55,739890.41
2016-03-09,9.39,9.6,9.29,9.59,959904.97
2016-03-10,9.47,9.57,9.36,9.37,395383.79
2016-03-11,9.34,9.47,9.31,9.46,581609.91
2016-03-14,9.44,9.63,9.32,9.35,860030.66
2016-03-15,9.36,9.6,9.31,9.59,967614.15
2016-03-16,9.52,9.85,9.5,9.8,1952727.05
2016-03-17,9.78,9.89,9.5,9.62,1346853.2
2016-03-18,9.62,9.7,9.59,9.61,1355202.22
2016-03-21,9.64,9.81,9.64,9.69,1008414.67
2016-03-22,9.67,9.78,9.65,9.67,563670.36
2016-03-23,9.7,9.72,9.64,9.66,498980.52
2016-03-24,9.65,9.67,9.55,9.59,472657.26
2016-03-25,9.6,9.68,9.59,9.65,306369.61
2016-03-28,9.65,9.75,9.55,9.57,345897.14
2016-03-29,9.59,9.68,9.52,9.54,374907.52
2016-03-30,9.6,9.72,9.57,9.71,466673.13
2016-03-31,9.73,9.74,9.65,9.69,388655.43
2016-04-01,9.71,9.76,9.59,9.74,611139.14
2016-04-05,9.67,9.8,9.61,9.77,608385.07
2016-04-06,9.72,9.76,9.66,9.7,441668.56
2016-04-07,9.72,9.72,9.62,9.63,393505.03
2016-04-08,9.59,9.65,9.55,9.6,488397.27
2016-04-11,9.67,9.77,9.62,9.74,581812.84
2016-04-12,9.74,9.78,9.7,9.73,302753.59
2016-04-13,9.76,9.96,9.69,9.77,1078658.98
2016-04-14,9.8,9.84,9.75,9.77,330149.99
2016-04-15,9.79,9.95,9.77,9.88,764614.25
2016-04-18,9.82,9.99,9.8,9.9,984907.06
2016-04-19,9.92,9.93,9.85,9.9,485716.2
2016-04-20,9.92,9.94,9.65,9.9,1096803.91
2016-04-21,9.88,10.12,9.8,10.01,1338222.32
2016-04-22,9.97,10.15,9.95,10.06,514730.2
2016-04-25,9.99,10.12,9.92,10.04,747958.87
2016-04-26,10.02,10.13,10.02,10.08,294998.74
2016-04-27,10.09,10.1,10.05,10.07,295010.79
2016-04-28,10.1,10.17,10.07,10.09,495019.46
2016-04-29,10.07,10.11,10.05,10.05,447970.2
2016-05-03,10.05,10.15,9.99,10.07,690653.01
2016-05-04,10.07,10.11,10.03,10.08,436903.72
2016-05-05,10.07,10.11,10.03,10.08,321187.66
2016-05-06,10.08,10.1,9.99,9.99,565233.7
2016-05-09,9.99,10.0,9.84,9.86,682608.34
2016-05-10,9.81,9.9,9.7,9.77,712132.06
2016-05-11,9.81,9.88,9.79,9.81,336958.87
2016-05-12,9.81,9.95,9.78,9.92,398844.43
2016-05-13,9.89,9.98,9.88,9.94,386147.33
2016-05-16,9.91,9.97,9.89,9.92,267829.83
2016-05-17,9.95,9.95,9.88,9.89,255312.44
2016-05-18,9.88,10.03,9.87,10.02,704177.9
2016-05-19,9.99,10.03,9.96,10.0,260742.28
2016-05-20,9.98,10.03,9.96,9.99,229907.41
2016-05-23,10.02,10.03,9.92,9.94,225163.8
2016-05-24,9.93,9.94,9.8,9.81,196560.3
2016-05-25,9.89,9.89,9.82,9.85,184913.58
2016-05-26,9.86,9.91,9.82,9.85,261995.12
2016-05-27,9.85,9.87,9.83,9.84,181465.14
2016-05-30,9.85,9.92,9.8,9.9,302620.53
2016-05-31,9.93,10.13,9.93,10.1,709274.13
2016-06-01,10.12,10.13,10.06,10.07,357532.21
2016-06-02,10.07,10.1,10.02,10.03,270146.18
2016-06-03,10.07,10.09,10.02,10.08,340478.97
2016-06-06,10.13,10.13,9.96,9.99,479194.61
2016-06-07,10.03,10.03,9.97,9.98,237334.84
2016-06-08,10.0,10.01,9.93,9.98,301073.75
2016-06-13,9.92,9.98,9.9,9.92,596960.95
2016-06-14,9.93,9.99,9.91,9.96,366883.34
2016-06-15,9.88,10.0,9.86,9.96,411234.54
2016-06-16,9.92,9.99,9.91,9.97,485882.5
2016-06-17,9.96,10.03,9.94,10.0,425272.61
2016-06-20,10.04,10.07,9.97,10.04,202669.32
2016-06-21,10.05,10.07,9.98,10.01,251178.61
2016-06-22,9.98,10.04,9.96,10.03,223493.79
2016-06-23,10.03,10.03,9.93,9.95,197900.74
2016-06-24,9.94,10.0,9.79,9.89,411315.8
2016-06-27,9.85,9.92,9.79,9.89,506535.99
2016-06-28,9.89,9.9,9.86,9.89,441948.33
2016-06-29,9.91,9.93,9.88,9.92,532128.39
2016-06-30,9.94,9.97,9.87,9.88,402470.97
2016-07-01,9.89,9.96,9.87,9.95,323060.59
2016-07-04,9.93,10.07,9.92,10.03,441180.47
2016-07-05,10.03,10.03,9.96,10.0,370889.6
2016-07-06,9.98,10.0,9.91,9.92,448322.25
2016-07-07,9.94,9.94,9.87,9.91,474688.29
2016-07-08,9.9,9.91,9.86,9.87,297357.9
2016-07-11,9.89,9.92,9.86,9.87,404288.69
2016-07-12,9.88,9.98,9.87,9.97,561629.52
2016-07-13,9.98,10.15,9.98,10.03,925308.87
2016-07-14,10.03,10.06,9.95,9.99,446446.16
2016-07-15,10.0,10.08,9.98,10.07,481201.01
2016-07-18,10.06,10.16,10.05,10.11,567738.57
2016-07-19,10.11,10.13,10.0,10.02,367458.66
2016-07-20,10.02,10.04,9.98,10.03,296550.78
2016-07-21,10.02,10.13,10.02,10.11,423216.72
2016-07-22,10.08,10.11,10.01,10.02,275539.73
2016-08-01,9.96,10.13,9.93,10.12,796770.66
2016-08-02,10.09,10.11,10.03,10.04,331045.12
2016-08-03,10.02,10.04,10.0,10.02,205393.34
2016-08-04,10.03,10.03,9.93,9.97,320497.66
2016-08-05,9.99,10.11,9.97,10.05,392096.83
2016-08-08,10.06,10.1,10.03,10.09,335060.92
2016-08-09,10.11,10.14,10.08,10.13,372537.23
2016-08-10,10.14,10.22,10.11,10.18,546863.22
2016-08-11,10.18,10.49,10.18,10.26,1101075.0
2016-08-12,10.31,10.51,10.28,10.49,909305.18
2016-08-15,10.57,10.83,10.55,10.64,1728878.91
2016-08-16,10.67,10.7,10.4,10.47,1274890.19
2016-08-17,10.5,10.54,10.4,10.41,504661.02
2016-08-18,10.42,10.49,10.36,10.38,468920.99
2016-08-19,10.42,10.46,10.37,10.4,298663.84
2016-08-22,10.41,10.42,10.32,10.37,461687.59
2016-08-23,10.37,10.49,10.37,10.43,477963.35
2016-08-24,10.43,10.46,10.38,10.41,271681.68
2016-08-25,10.39,10.39,10.3,10.35,451146.53
2016-08-26,10.37,10.38,10.31,10.33,272109.9
2016-08-29,10.31,10.35,10.24,10.33,345198.99
2016-08-30,10.35,10.43,10.33,10.41,444274.91
2016-08-31,10.39,10.46,10.37,10.42,321670.48
2016-09-01,10.42,10.45,10.39,10.4,257406.33
2016-09-02,10.38,10.42,10.37,10.4,320399.7
2016-09-05,10.4,10.46,10.38,10.4,309607.27
2016-09-06,10.4,10.43,10.31,10.33,533116.81
2016-09-07,10.34,10.38,10.31,10.37,368740.07
2016-09-08,10.37,10.38,10.36,10.38,252437.07
2016-09-09,10.38,10.4,10.35,10.35,304221.6
2016-09-12,10.26,10.3,10.18,10.22,611520.16
2016-09-13,10.24,10.3,10.24,10.24,382763.89
2016-09-14,10.23,10.27,10.19,10.2,385003.59
2016-09-19,10.21,10.29,10.21,10.28,316673.93
2016-09-20,10.27,10.32,10.26,10.31,386519.58
2016-09-21,10.29,10.33,10.26,10.28,346318.06
2016-09-22,10.31,10.38,10.28,10.37,364111.6
2016-09-23,10.37,10.4,10.34,10.36,247164.47
2016-09-26,10.35,10.36,10.31,10.31,301406.32
2016-09-27,10.31,10.38,10.27,10.38,304296.65
2016-09-28,10.4,10.4,10.35,10.36,219667.95
2016-09-29,10.37,10.4,10.37,10.37,179335.32
2016-09-30,10.34,10.38,10.34,10.35,248522.04
2016-10-10,10.4,10.42,10.37,10.39,320330.62
2016-10-11,10.4,10.41,10.37,10.4,278080.12
2016-10-12,10.38,10.4,10.36,10.37,289658.6
2016-10-13,10.37,10.4,10.33,10.38,307163.61
2016-10-14,10.36,10.44,10.35,10.43,309066.88
2016-10-17,10.43,10.45,10.35,10.36,292069.72
2016-10-18,10.36,10.42,10.35,10.42,180890.13
2016-10-19,10.43,10.44,10.38,10.41,187509.44
2016-10-20,10.42,10.46,10.42,10.45,277388.86
2016-10-21,10.42,10.54,10.42,10.53,410365.44
2016-10-24,10.54,10.68,10.51,10.59,517307.47
2016-10-25,10.6,10.61,10.53,10.54,231567.48
2016-10-26,10.54,10.54,10.47,10.5,230743.21
2016-10-27,10.48,10.53,10.47,10.5,193041.22
2016-10-28,10.48,10.59,10.48,10.55,246017.88
2016-10-31,10.55,10.58,10.5,10.57,376705.54
2016-11-01,10.58,10.68,10.56,10.67,360047.97
2016-11-02,10.66,10.66,10.6,10.63,324575.24
2016-11-03,10.59,10.7,10.59,10.68,333246.1
2016-11-04,10.66,10.71,10.59,10.61,280236.22
2016-11-07,10.61,10.62,10.54,10.55,335981.68
2016-11-08,10.58,10.64,10.53,10.62,386429.91
2016-11-09,10.61,10.63,10.44,10.5,585238.02
2016-11-10,10.57,10.63,10.55,10.61,336899.8
2016-11-11,10.59,10.61,10.5,10.56,598687.61
2016-11-14,10.55,10.68,10.54,10.56,726683.91
2016-11-15,10.57,10.58,10.53,10.55,487386.11
2016-11-16,10.55,10.57,10.53,10.56,268889.6
2016-11-17,10.56,10.56,10.51,10.54,289843.28
2016-11-18,10.55,10.55,10.5,10.52,239121.96
2016-11-21,10.51,10.64,10.5,10.59,490164.47
2016-11-22,10.58,10.68,10.58,10.64,793680.58
2016-11-23,10.67,10.94,10.67,10.81,1081416.82
2016-11-24,10.77,10.88,10.75,10.79,523822.75
2016-11-25,10.78,10.97,10.78,10.96,874786.66
2016-11-28,11.02,11.21,10.89,10.92,1288467.48
2016-11-29,10.94,11.1,10.92,11.0,648427.74
2016-11-30,11.01,11.08,10.85,10.92,558827.86
2016-12-01,11.0,11.06,10.9,10.96,598811.11
2016-12-02,10.99,11.01,10.84,10.94,679683.21
2016-12-05,10.86,10.97,10.81,10.96,823516.05
2016-12-06,10.94,11.0,10.92,10.96,562917.68
2016-12-07,10.96,10.96,10.9,10.92,282433.62
2016-12-08,10.96,11.01,10.91,10.97,650492.64
2016-12-09,10.94,11.27,10.94,11.15,956935.81
2016-12-12,11.18,11.4,11.08,11.21,1413647.9
2016-12-13,11.16,11.2,11.05,11.06,479327.11
2016-12-14,11.08,11.23,11.07,11.13,395748.62
2016-12-15,11.08,11.08,10.76,10.77,785516.03
2016-12-16,10.73,10.81,10.68,10.7,508368.13
2016-12-19,10.69,10.69,10.59,10.64,401910.74
2016-12-20,10.66,10.66,10.44,10.51,604942.26
2016-12-21,10.49,10.6,10.49,10.53,400641.06
2016-12-22,10.53,10.55,10.42,10.46,302428.25
2016-12-23,10.48,10.5,10.36,10.4,475611.37
2016-12-26,10.4,10.44,10.29,10.43,405167.03
2016-12-27,10.42,10.44,10.38,10.4,245374.77
2016-12-28,10.4,10.42,10.32,10.38,340685.77
2016-12-29,10.37,10.38,10.33,10.36,313906.41
2016-12-30,10.37,10.47,10.35,10.46,414109.69
2017-01-03,10.46,10.61,10.46,10.53,481999.29
2017-01-04,10.53,10.62,10.5,10.58,424100.84
2017-01-05,10.58,10.62,10.58,10.59,276957.26
2017-01-06,10.57,10.62,10.48,10.48,277753.1
2017-01-09,10.5,10.56,10.48,10.53,251548.29
2017-01-10,10.53,10.55,10.5,10.51,223504.95
2017-01-11,10.53,10.55,10.46,10.47,250583.85
2017-01-12,10.47,10.5,10.44,10.45,194198.46
2017-01-13,10.45,10.56,10.4,10.54,486815.02
2017-01-16,10.52,10.75,10.49,10.73,1327506.24
2017-01-17,10.68,10.75,10.64,10.64,427830.43
2017-01-18,10.67,10.81,10.65,10.79,450181.2
2017-01-19,10.77,10.86,10.77,10.79,366888.91
2017-01-20,10.81,10.91,10.79,10.88,442330.56
2017-01-23,10.9,10.92,10.8,10.85,370608.1
2017-01-24,10.86,10.99,10.82,10.97,527792.98
2017-01-25,10.97,10.99,10.9,10.97,307960.06
2017-01-26,10.98,11.08,10.97,11.07,387640.27
2017-02-03,11.08,11.09,10.82,10.85,423660.3
2017-02-06,10.89,10.89,10.8,10.84,398742.07
2017-02-07,10.84,10.86,10.77,10.8,404647.16
2017-02-08,10.79,10.83,10.73,10.81,431724.68
2017-02-09,10.83,10.89,10.81,10.82,402589.37
2017-02-10,10.86,10.9,10.84,10.86,471367.4
2017-02-13,10.88,10.99,10.87,10.94,616208.76
2017-02-14,10.96,10.96,10.83,10.85,501065.25
2017-02-15,10.86,10.97,10.85,10.89,873003.94
2017-02-16,10.91,10.96,10.86,10.88,656781.72
2017-02-17,10.88,10.94,10.81,10.82,509473.37
2017-02-20,10.81,11.08,10.8,10.96,1416516.85
2017-02-21,10.98,11.04,10.94,10.97,784903.03
2017-02-22,10.97,10.97,10.92,10.94,498835.12
2017-02-23,10.95,11.03,10.9,10.94,485741.64
2017-02-24,10.95,10.99,10.93,10.96,410885.84
2017-02-27,10.96,10.98,10.88,10.9,474327.0
2017-02-28,10.9,10.95,10.85,10.86,404896.51
2017-03-01,10.87,10.91,10.78,10.8,769996.36
2017-03-02,10.83,10.86,10.7,10.7,795735.41
2017-03-03,10.7,10.71,10.66,10.68,415250.82
2017-03-06,10.68,10.77,10.68,10.72,424303.4
2017-03-07,10.72,10.77,10.7,10.75,319787.0
2017-03-08,10.75,10.76,10.7,10.72,301660.28
2017-03-09,10.7,10.7,10.61,10.62,386292.69
2017-03-10,10.63,10.66,10.6,10.64,286000.24
2017-03-13,10.63,10.74,10.6,10.73,353305.83
2017-03-14,10.73,10.76,10.7,10.71,382427.78
2017-03-15,10.71,10.73,10.67,10.7,287757.86
2017-03-16,10.73,10.77,10.7,10.75,600847.43
2017-03-17,10.74,10.75,10.6,10.61,634313.38
2017-03-20,10.63,10.65,10.48,10.53,735811.8
2017-03-21,10.54,10.55,10.46,10.49,592923.19
2017-03-22,10.47,10.49,10.38,10.43,745749.92
2017-03-23,10.44,10.51,10.44,10.48,506396.45
2017-03-24,10.48,10.5,10.43,10.49,664915.55
2017-03-27,10.49,10.6,10.48,10.5,682493.68
2017-03-28,10.53,10.53,10.43,10.45,494920.94
2017-03-29,10.48,10.49,10.4,10.41,610151.77
2017-03-30,10.41,10.48,10.4,10.44,466179.27
2017-03-31,10.44,10.53,10.44,10.51,407311.35
2017-04-05,10.53,10.6,10.51,10.59,667715.88
2017-04-06,10.59,10.61,10.53,10.58,451200.66
2017-04-07,10.59,10.6,10.54,10.59,448212.29
2017-04-10,10.59,10.59,10.53,10.54,384097.34
2017-04-11,10.53,10.54,10.41,10.49,608997.41
2017-04-12,10.48,10.48,9.72,10.37,1072195.62
2017-04-13,10.29,10.37,10.27,10.32,834668.13
2017-04-14,10.3,10.31,10.2,10.25,519342.41
2017-04-17,10.23,10.31,10.13,10.27,809309.53
2017-04-18,10.25,10.26,10.08,10.09,799883.56
2017-04-19,10.07,10.08,9.91,9.91,945536.04
2017-04-20,9.91,9.95,9.83,9.86,749818.98
2017-04-21,9.89,9.97,9.87,9.96,504157.96
2017-04-24,9.97,10.0,9.91,9.96,398445.61
2017-04-25,9.98,10.0,9.94,9.96,413610.46
2017-04-26,9.96,10.03,9.95,9.97,555811.17
2017-04-27,9.94,10.03,9.87,10.02,455369.25
2017-04-28,10.02,10.03,9.96,10.02,443152.83
2017-05-02,10.0,10.11,9.99,10.02,596865.12
2017-05-03,10.05,10.05,10.0,10.0,416196.27
2017-05-04,10.0,10.02,9.91,9.95,431452.11
2017-05-05,9.93,9.98,9.85,9.97,625487.03
2017-05-08,9.92,10.0,9.88,9.98,610843.83
2017-05-09,9.96,10.05,9.95,10.01,427017.44
2017-05-10,10.02,10.12,9.99,10.0,609753.01
2017-05-11,10.0,10.11,9.99,10.09,585363.6
2017-05-12,10.09,10.34,10.07,10.32,935113.58
2017-05-15,10.35,10.49,10.29,10.3,693986.7
2017-05-16,10.27,10.33,10.21,10.27,423283.36
2017-05-17,10.27,10.27,10.16,10.2,667343.7
2017-05-18,10.16,10.2,10.1,10.12,589456.03
2017-05-19,10.13,10.16,10.09,10.11,456987.07
2017-05-22,10.1,10.2,10.09,10.17,728803.46
2017-05-23,10.17,10.44,10.17,10.33,1179478.25
2017-05-24,10.34,10.43,10.22,10.38,1324720.77
2017-05-25,10.37,10.9,10.35,10.74,2792061.28
2017-05-26,10.77,10.85,10.68,10.7,1394561.77
2017-05-31,10.68,10.88,10.65,10.73,1062450.87
2017-06-01,10.7,10.78,10.66,10.75,1115058.94
2017-06-02,10.73,10.82,10.61,10.65,902047.88
2017-06-05,10.6,10.64,10.44,10.55,1073385.12
2017-06-06,10.55,10.59,10.48,10.55,493551.84
2017-06-07,10.57,10.73,10.56,10.66,881119.13
2017-06-08,10.66,10.7,10.61,10.69,638776.92
2017-06-09,10.7,10.88,10.69,10.77,961419.34
2017-06-12,10.77,10.87,10.75,10.77,756898.46
2017-06-13,10.79,10.8,10.68,10.72,756670.7
2017-06-14,10.77,10.85,10.63,10.71,896736.06
2017-06-15,10.71,10.73,10.62,10.63,548025.23
2017-06-16,10.63,10.69,10.57,10.63,413047.39
2017-06-19,10.63,10.73,10.61,10.71,465797.98
2017-06-20,10.74,10.77,10.65,10.69,382450.2
2017-06-21,10.75,10.77,10.67,10.73,554994.43
2017-06-22,10.7,11.07,10.7,10.9,1805467.03
2017-06-23,10.88,11.0,10.77,10.97,1226546.85
2017-06-26,10.96,11.17,10.92,11.02,1383279.94
2017-06-27,10.99,11.14,10.96,11.08,856183.89
2017-06-28,11.06,11.48,11.04,11.32,2414797.6
2017-06-29,11.34,11.42,11.27,11.37,1167273.27
2017-06-30,11.31,11.35,11.21,11.35,751839.47
2017-07-03,11.33,11.4,11.25,11.36,714706.64
2017-07-04,11.35,11.36,11.14,11.25,1330145.41
2017-07-05,11.21,11.4,11.19,11.38,987047.42
2017-07-06,11.37,11.55,11.36,11.51,1429414.73
2017-07-07,11.46,11.57,11.44,11.5,767306.97
2017-07-10,11.47,11.58,11.44,11.52,730920.65
2017-07-11,11.51,11.86,11.48,11.72,1517544.4
2017-07-12,11.72,12.13,11.72,11.86,1906667.5
2017-07-13,11.88,12.06,11.84,11.99,1251863.4
2017-07-14,12.01,12.11,11.93,12.05,798711.19
2017-07-17,12.09,12.46,11.98,12.22,1859779.3
2017-07-18,12.19,12.31,12.03,12.13,968590.94
2017-07-19,12.12,12.3,12.1,12.18,860603.22
2017-07-20,12.19,12.25,12.05,12.16,701059.46
2017-07-21,12.13,12.17,11.97,12.0,651264.29
2017-07-24,11.98,12.23,11.91,12.11,1083395.83
2017-07-25,12.13,12.28,12.08,12.09,836806.59
2017-07-26,12.11,12.26,11.86,11.93,1070356.66
2017-07-27,11.93,12.03,11.88,11.95,616401.9
2017-07-28,11.93,12.03,11.87,12.03,428470.18
2017-07-31,12.03,12.09,11.92,11.95,674309.95
2017-08-01,11.97,12.17,11.93,12.15,1001914.89
2017-08-02,12.17,12.3,12.15,12.17,887739.04
2017-08-03,12.15,12.22,11.91,11.94,790385.7
2017-08-04,11.96,11.99,11.82,11.83,694368.9
2017-08-07,11.82,11.88,11.72,11.76,648424.54
2017-08-08,11.76,11.85,11.71,11.72,504086.84
2017-08-09,11.72,11.75,11.6,11.61,597530.35
2017-08-10,11.61,11.73,11.56,11.65,585262.78
2017-08-11,11.58,11.62,11.41,11.54,1091575.81
2017-08-14,11.51,11.53,11.42,11.47,693857.96
2017-08-15,11.49,11.68,11.48,11.6,717333.32
2017-08-16,11.6,11.6,11.45,11.47,381959.01
2017-08-17,11.47,11.53,11.45,11.52,415750.51
2017-08-18,11.47,11.56,11.44,11.5,464671.6
2017-08-21,11.49,11.54,11.46,11.5,357787.6
2017-08-22,11.52,11.64,11.51,11.62,599854.72
2017-08-23,11.64,11.82,11.61,11.76,788816.12
2017-08-24,11.76,11.94,11.72,11.74,633408.07
2017-08-25,11.76,12.11,11.76,12.09,1131019.65
2017-08-28,12.11,12.24,12.02,12.08,1153222.9
2017-08-29,12.08,12.27,12.03,12.25,913632.43
2017-08-30,12.17,12.24,11.91,11.99,1662256.82
2017-08-31,12.0,12.02,11.82,11.88,836495.71
2017-09-01,11.86,11.95,11.74,11.79,832456.25
2017-09-04,11.76,11.95,11.75,11.93,654537.65
2017-09-05,11.91,12.03,11.88,11.91,600338.56
2017-09-06,11.9,11.92,11.83,11.85,373260.41
2017-09-07,11.89,11.89,11.72,11.73,580874.25
2017-09-08,11.72,11.85,11.71,11.74,493777.79
2017-09-11,11.8,11.89,11.72,11.74,524466.0
2017-09-12,11.76,11.77,11.64,11.74,701463.43
2017-09-13,11.72,11.72,11.64,11.68,400311.03
2017-09-14,11.67,11.8,11.64,11.69,600829.26
2017-09-15,11.67,11.71,11.58,11.7,473780.94
2017-09-18,11.66,11.82,11.66,11.72,554782.74
2017-09-19,11.73,11.77,11.62,11.72,493361.06
2017-09-20,11.68,11.71,11.62,11.66,546189.2
2017-09-21,11.64,11.75,11.64,11.68,425077.98
2017-09-22,11.65,11.78,11.65,11.72,468646.93
2017-09-25,11.75,11.85,11.72,11.84,804908.04
2017-09-26,11.79,11.86,11.78,11.81,384209.12
2017-09-27,11.79,11.81,11.67,11.7,466311.44
2017-09-28,11.71,11.74,11.61,11.67,555002.5
2017-09-29,11.66,11.69,11.6,11.64,371084.52
2017-10-09,11.96,12.02,11.73,11.75,1369084.68
2017-10-10,11.78,11.99,11.75,11.98,1152959.97
2017-10-11,11.99,12.09,11.87,11.91,1129892.0
2017-10-12,11.91,12.07,11.88,11.95,847125.22
2017-10-13,11.97,12.08,11.97,11.98,672789.06
2017-10-16,11.99,12.18,11.97,12.14,1086808.91
2017-10-17,12.15,12.16,12.03,12.05,558933.63
2017-10-18,12.07,12.13,11.98,12.11,804141.4
2017-10-19,12.1,12.15,12.05,12.13,780432.35
2017-10-20,12.11,12.11,12.01,12.03,362708.59
2017-10-23,12.03,12.04,11.87,11.88,536686.31
2017-10-24,11.88,12.01,11.87,11.96,509644.92
2017-10-25,11.97,11.98,11.88,11.92,425576.55
2017-10-26,11.88,11.88,11.73,11.78,922915.01
2017-10-27,11.78,11.99,11.78,11.91,1240090.47
2017-10-30,11.87,11.98,11.8,11.88,999749.41
2017-10-31,11.84,11.86,11.73,11.74,615148.74
2017-11-01,11.73,11.73,11.59,11.61,1151444.45
2017-11-02,11.62,11.65,11.48,11.61,876241.99
2017-11-03,11.59,11.64,11.47,11.6,968457.53
2017-11-06,11.55,11.55,11.33,11.34,1134662.5
2017-11-07,11.35,11.54,11.34,11.49,841396.64
2017-11-08,11.49,11.62,11.47,11.53,786795.86
2017-11-09,11.52,11.6,11.43,11.47,619205.39
2017-11-10,11.47,11.51,11.34,11.41,752959.59
2017-11-13,11.41,11.69,11.4,11.52,1466273.79
2017-11-14,11.47,11.52,11.39,11.4,672174.36
2017-11-15,11.38,11.44,11.37,11.4,408228.64
2017-11-16,11.41,11.41,11.33,11.34,589950.53
2017-11-17,11.34,11.71,11.33,11.68,1858945.21
2017-11-20,11.6,11.84,11.53,11.82,1518230.34
2017-11-21,11.77,12.17,11.75,11.94,2544300.87
2017-11-22,12.05,12.26,12.02,12.11,2198329.25
2017-11-23,12.17,12.24,11.86,11.99,1695747.23
2017-11-24,12.03,12.09,11.91,12.02,886343.03
2017-11-27,11.97,12.03,11.82,12.01,1394299.45
2017-11-28,11.95,11.97,11.82,11.86,691045.5
2017-11-29,11.86,11.91,11.68,11.78,882159.04
2017-11-30,11.78,11.86,11.71,11.77,800229.08
2017-12-01,11.79,11.79,11.64,11.74,720788.34
2017-12-04,11.72,11.78,11.69,11.76,540746.97
2017-12-05,11.76,12.05,11.75,11.98,1700958.74
2017-12-06,11.95,11.96,11.76,11.82,705783.86
2017-12-07,11.82,11.86,11.59,11.7,903195.44
2017-12-08,11.67,11.68,11.58,11.62,702122.75
2017-12-11,11.6,11.7,11.53,11.66,660319.74
2017-12-12,11.64,11.68,11.54,11.55,466403.88
2017-12-13,11.55,11.66,11.51,11.63,421209.72
2017-12-14,11.64,11.7,11.54,11.58,438887.4
2017-12-15,11.56,11.57,11.45,11.45,487889.34
2017-12-18,11.46,11.56,11.44,11.48,474441.59
2017-12-19,11.48,11.62,11.47,11.57,497990.06
2017-12-20,11.58,11.58,11.45,11.53,524407.53
2017-12-21,11.49,11.58,11.47,11.52,559359.23
2017-12-22,11.52,11.55,11.46,11.47,358908.58
2017-12-25,11.46,11.56,11.45,11.45,615137.38
2017-12-26,11.46,11.57,11.45,11.55,504943.4
2017-12-27,11.55,11.59,11.44,11.47,705501.0
2017-12-28,11.45,11.48,11.38,11.4,727302.7
2017-12-29,11.4,11.45,11.38,11.43,466499.35
2018-01-02,11.47,11.64,11.45,11.6,976021.62
2018-01-03,11.6,11.66,11.56,11.58,792156.5
2018-01-04,11.58,11.62,11.53,11.57,496472.47
2018-01-05,11.56,11.6,11.51,11.58,771661.7
2018-01-08,11.57,11.62,11.52,11.59,748364.71
2018-01-09,11.6,11.61,11.54,11.56,635895.86
2018-01-10,11.56,12.25,11.56,12.23,3677332.98
2018-01-11,12.21,12.3,12.04,12.13,1797764.92
2018-01-12,12.16,12.17,11.99,12.07,1389544.64
2018-01-15,12.03,12.34,12.02,12.11,2237324.71
2018-01-16,12.15,12.21,11.91,12.03,2056210.11
2018-01-17,12.07,12.73,12.07,12.34,3752663.2
2018-01-18,12.42,12.57,12.21,12.37,3850463.91
2018-01-19,12.53,12.83,12.17,12.28,6141834.73
2018-01-22,12.26,12.42,11.98,12.05,4161806.42
2018-01-23,12.08,12.32,12.06,12.3,3532688.06
2018-01-24,12.44,12.84,12.36,12.57,4769134.37
2018-01-25,12.52,12.63,12.36,12.5,2105609.68
2018-01-26,12.53,12.8,12.5,12.58,3320240.3
2018-01-29,12.65,12.91,12.55,12.75,3334856.4
2018-01-30,12.73,12.86,12.44,12.46,2343316.97
2018-01-31,12.42,12.6,12.38,12.57,1924444.9
2018-02-01,12.53,12.72,12.48,12.71,2732812.62
2018-02-02,12.62,12.66,12.42,12.63,1687462.98
2018-02-05,12.48,13.07,12.47,13.06,3160986.17
2018-02-06,12.85,13.0,12.72,12.89,3704002.05
2018-02-07,12.98,13.45,12.72,12.81,4624909.75
2018-02-08,12.65,12.69,12.17,12.35,2897336.33
2018-02-09,12.01,12.09,11.49,11.97,3179824.33
2018-02-12,11.93,11.99,11.72,11.86,1326697.72
2018-02-13,11.98,12.09,11.94,11.98,1359242.68
2018-02-14,11.99,12.04,11.86,11.93,913485.89
2018-02-22,12.11,12.23,12.05,12.21,1137939.01
2018-02-23,12.21,12.27,12.14,12.22,703493.77
2018-02-26,12.3,12.4,12.19,12.28,1022612.39
2018-02-27,12.36,12.36,12.06,12.17,1137610.84
2018-02-28,12.1,12.11,11.98,12.02,797628.07
2018-03-01,11.96,12.15,11.94,12.11,663014.78
2018-03-02,12.03,12.11,11.98,12.04,535859.17
2018-03-05,12.03,12.15,11.99,12.07,598962.7
2018-03-06,12.11,12.15,11.99,12.08,816377.86
2018-03-07,12.16,12.25,12.13,12.15,1091923.43
2018-03-08,12.17,12.19,12.09,12.17,368424.6
2018-03-09,12.17,12.23,12.11,12.17,510888.99
2018-03-12,12.2,12.22,12.05,12.07,881122.15
2018-03-13,12.05,12.16,11.98,12.03,715753.86
2018-03-14,11.98,12.01,11.86,11.88,531544.18
2018-03-15,11.85,11.92,11.84,11.9,388720.54
2018-03-16,11.87,11.93,11.73,11.74,630336.48
2018-03-19,11.75,11.76,11.64,11.74,509759.71
2018-03-20,11.7,11.78,11.69,11.76,386644.26
2018-03-21,11.84,11.86,11.7,11.76,503678.49
2018-03-22,11.78,11.8,11.62,11.74,743187.88
2018-03-23,11.49,11.62,11.39,11.59,1576916.03
2018-03-26,11.51,11.54,11.27,11.34,796404.67
2018-03-27,11.49,11.54,11.33,11.37,535045.61
2018-03-28,11.32,11.47,11.28,11.33,529062.46
2018-03-29,11.33,11.45,11.14,11.38,810495.46
2018-03-30,11.37,11.41,11.23,11.23,634809.95
2018-04-02,11.26,11.33,11.14,11.15,670226.03
2018-04-03,11.1,11.1,10.98,11.02,600899.03
2018-04-04,11.06,11.1,10.98,10.99,549981.3
2018-04-09,10.98,11.03,10.92,10.98,455812.23
2018-04-10,11.0,11.24,10.99,11.23,598908.58
2018-04-11,11.24,11.38,11.19,11.26,669855.96
2018-04-12,11.27,11.27,11.1,11.11,444571.45
2018-04-13,11.17,11.2,11.08,11.08,299809.86
2018-04-16,11.06,11.08,10.79,10.81,828594.61
2018-04-17,10.85,10.93,10.79,10.79,539179.95
2018-04-18,10.93,10.94,10.79,10.84,618115.6
2018-04-19,10.85,10.96,10.83,10.9,375940.22
2018-04-20,10.84,10.9,10.75,10.88,587087.3
2018-04-23,10.81,10.92,10.81,10.88,405997.21
2018-04-24,10.87,11.07,10.87,11.06,514613.01
2018-04-25,11.0,11.04,10.82,10.86,700059.38
2018-04-26,10.87,10.92,10.75,10.84,663264.95
2018-04-27,10.85,10.86,10.77,10.84,651276.91
2018-05-02,10.88,10.91,10.77,10.81,624219.19
2018-05-03,10.79,10.84,10.76,10.81,471686.57
2018-05-04,10.8,10.84,10.77,10.77,350743.59
2018-05-07,10.78,10.84,10.74,10.83,584603.26
2018-05-08,10.83,10.98,10.82,10.96,709150.48
2018-05-09,10.97,10.99,10.9,10.94,350749.25
2018-05-10,10.98,11.0,10.91,10.95,311312.23
2018-05-11,10.98,11.03,10.94,10.98,372308.01
2018-05-14,11.02,11.08,10.99,11.02,490412.18
2018-05-15,11.04,11.06,10.94,11.0,318238.32
2018-05-16,10.96,11.01,10.88,10.88,378891.26
2018-05-17,10.9,10.95,10.87,10.88,278772.02
2018-05-18,10.88,10.98,10.86,10.98,366305.76
2018-05-21,11.02,11.04,10.98,11.0,398083.36
2018-05-22,11.0,11.01,10.88,10.92,334681.74
2018-05-23,10.9,10.91,10.77,10.78,467912.54
2018-05-24,10.78,10.82,10.76,10.77,348079.88
2018-05-25,10.79,10.81,10.75,10.8,326657.57
2018-05-28,10.79,10.83,10.75,10.77,377975.15
2018-05-29,10.76,10.83,10.67,10.82,610755.44
2018-05-30,10.74,10.75,10.64,10.64,532891.11
2018-05-31,10.71,10.76,10.63,10.72,626835.1
2018-06-01,10.7,10.73,10.66,10.67,355732.37
2018-06-04,10.72,10.8,10.69,10.77,386007.65
2018-06-05,10.78,10.78,10.7,10.76,396036.84
2018-06-06,10.76,10.76,10.7,10.71,360853.77
2018-06-07,10.74,10.83,10.72,10.75,465562.29
2018-06-08,10.78,10.79,10.59,10.63,653508.63
2018-06-11,10.62,10.71,10.57,10.7,374023.41
2018-06-12,10.7,10.73,10.65,10.69,405619.18
2018-06-13,10.69,10.76,10.67,10.71,443638.4
2018-06-14,10.69,10.76,10.67,10.71,465442.75
2018-06-15,10.78,10.85,10.72,10.82,683865.26
2018-06-19,10.73,10.91,10.69,10.85,1800913.78
2018-06-20,10.78,10.82,10.7,10.71,479441.72
2018-06-21,10.74,10.8,10.66,10.69,396295.1
2018-06-22,10.65,10.67,10.55,10.63,368055.26
2018-06-25,10.67,10.71,10.4,10.42,496750.04
2018-06-26,10.4,10.4,10.09,10.22,600884.42
2018-06-27,10.15,10.23,9.94,10.05,580328.13
2018-06-28,9.96,10.1,9.93,9.98,418126.12
2018-06-29,10.02,10.12,9.97,10.1,395196.94
2018-07-02,10.09,10.09,9.65,9.7,673627.04
2018-07-03,9.72,9.81,9.63,9.77,634142.54
2018-07-04,9.74,9.82,9.69,9.72,340314.06
2018-07-05,9.69,9.87,9.67,9.86,626753.47
2018-07-06,9.82,9.96,9.73,9.89,359557.0
2018-07-09,9.89,10.16,9.89,10.15,449194.67
2018-07-10,10.15,10.15,10.0,10.08,260179.06
2018-07-11,9.89,9.96,9.84,9.89,330797.87
2018-07-12,9.92,10.16,9.91,10.1,480720.16
2018-07-13,10.12,10.12,10.06,10.08,247114.01
2018-07-16,10.08,10.1,9.91,9.98,318786.38
2018-07-17,9.97,9.98,9.88,9.93,203534.36
2018-07-18,9.98,10.08,9.87,9.91,257323.12
2018-07-19,9.97,10.03,9.91,9.94,240818.01
2018-07-20,9.93,10.4,9.9,10.28,831175.78
2018-07-23,10.26,10.7,10.23,10.62,1143379.32
2018-07-24,10.7,10.98,10.69,10.73,1016318.75
2018-07-25,10.81,10.82,10.61,10.73,416464.86
2018-07-26,10.76,10.86,10.66,10.69,428281.62
2018-07-27,10.68,10.73,10.58,10.65,291637.92
2018-07-30,10.64,10.93,10.64,10.84,482620.2
2018-07-31,10.82,10.92,10.71,10.84,401146.08
2018-08-01,10.94,11.02,10.67,10.68,576972.39
2018-08-02,10.65,10.76,10.36,10.46,547111.58
2018-08-03,10.46,10.62,10.45,10.49,342747.93
2018-08-06,10.54,10.75,10.48,10.53,458532.01
2018-08-07,10.62,10.76,10.53,10.75,432994.56
2018-08-08,10.75,10.78,10.58,10.61,321069.45
2018-08-09,10.57,10.86,10.55,10.83,502705.81
2018-08-10,10.83,10.89,10.73,10.8,274248.21
2018-08-13,10.73,10.73,10.52,10.64,510795.0
2018-08-14,10.63,10.64,10.51,10.59,305306.65
2018-08-15,10.59,10.6,10.39,10.4,327565.99
2018-08-16,10.25,10.5,10.24,10.41,344080.57
2018-08-17,10.51,10.51,10.25,10.3,274108.15
2018-08-20,10.41,10.5,10.31,10.48,411161.75
2018-08-21,10.49,10.67,10.46,10.64,387121.4
2018-08-22,10.63,10.64,10.55,10.6,178469.9
2018-08-23,10.6,10.69,10.52,10.61,263329.31
2018-08-24,10.57,10.93,10.53,10.81,625556.46
2018-08-27,10.81,10.89,10.71,10.87,686992.58
2018-08-28,10.85,10.92,10.8,10.84,293625.7
2018-08-29,10.75,10.76,10.62,10.64,584809.78
2018-08-30,10.65,10.73,10.57,10.57,374224.58
2018-08-31,10.57,10.7,10.55,10.58,504369.78
2018-09-03,10.58,10.64,10.55,10.58,308591.5
2018-09-04,10.6,10.76,10.56,10.69,376508.23
2018-09-05,10.66,10.71,10.49,10.49,423310.94
2018-09-06,10.5,10.54,10.38,10.4,358037.43
2018-09-07,10.42,10.5,10.34,10.4,268949.91
2018-09-10,10.42,10.43,10.33,10.33,236078.96
2018-09-11,10.33,10.4,10.26,10.28,320047.32
2018-09-12,10.24,10.41,10.17,10.32,289165.1
2018-09-13,10.43,10.48,10.34,10.45,338228.01
2018-09-14,10.49,10.51,10.4,10.43,219556.76
2018-09-17,10.42,10.42,10.32,10.36,171601.77
2018-09-18,10.35,10.51,10.33,10.51,286474.61
2018-09-19,10.5,10.62,10.48,10.57,406804.98
2018-09-20,10.59,10.68,10.59,10.65,355046.89
2018-09-21,10.66,11.02,10.62,11.01,884882.94
2018-09-25,10.9,10.96,10.85,10.88,433712.34
2018-09-26,10.91,11.13,10.9,11.02,763981.92
2018-09-27,11.06,11.08,10.91,10.97,494810.12
2018-09-28,11.01,11.3,10.98,11.19,774792.33
2018-10-08,10.99,11.02,10.71,10.75,759805.91
2018-10-09,10.74,10.97,10.73,10.88,582231.6
2018-10-10,10.92,11.1,10.87,10.95,439529.24
2018-10-11,10.61,10.77,10.42,10.54,689584.18
2018-10-12,10.59,10.8,10.52,10.76,533108.84
2018-10-15,10.76,10.8,10.57,10.61,373148.73
2018-10-16,10.62,10.81,10.59,10.63,464562.66
2018-10-17,10.73,10.77,10.5,10.66,512310.82
2018-10-18,10.67,10.71,10.51,10.52,441673.66
2018-10-19,10.51,10.92,10.45,10.85,748217.2
2018-10-22,10.94,11.21,10.92,11.09,872666.61
2018-10-23,11.1,11.16,10.85,10.9,589240.27
2018-10-24,10.91,11.32,10.9,11.1,822274.24
2018-10-25,10.9,11.23,10.86,11.2,630723.9
2018-10-26,11.23,11.3,11.06,11.18,520877.29
2018-10-29,11.28,11.37,10.97,11.07,744257.3
2018-10-30,11.18,11.33,11.02,11.24,741819.1
2018-10-31,11.32,11.36,11.22,11.31,517843.17
2018-11-01,11.33,11.36,11.14,11.18,613668.28
2018-11-02,11.35,11.53,11.23,11.49,1132696.92
2018-11-05,11.38,11.46,11.34,11.38,412203.67
2018-11-06,11.37,11.37,11.2,11.27,389395.84
2018-11-07,11.29,11.46,11.27,11.3,424225.8
2018-11-08,11.42,11.42,11.31,11.37,287674.01
2018-11-09,11.29,11.29,10.93,11.0,850849.04
2018-11-12,10.98,11.09,10.95,11.03,500742.32
2018-11-13,10.94,11.14,10.91,11.12,422173.88
2018-11-14,11.11,11.18,11.02,11.04,429550.13
2018-11-15,11.0,11.16,11.0,11.15,285765.97
2018-11-16,11.16,11.19,11.06,11.1,407777.52
2018-11-19,11.16,11.27,11.11,11.25,477218.71
2018-11-20,11.16,11.27,11.12,11.14,378957.73
2018-11-21,11.09,11.24,11.09,11.17,320537.71
2018-11-22,11.17,11.18,11.1,11.13,208857.03
2018-11-23,11.09,11.2,10.95,10.97,346221.66
2018-11-26,11.04,11.11,10.98,11.04,226771.55
2018-11-27,11.04,11.07,10.91,10.96,234087.34
2018-11-28,10.95,11.12,10.93,11.06,238034.9
2018-11-29,11.14,11.15,10.99,10.99,279769.04
2018-11-30,11.04,11.18,11.0,11.18,513326.5
2018-12-03,11.46,11.46,11.3,11.35,627607.96
2018-12-04,11.45,11.45,11.32,11.39,419787.68
2018-12-05,11.35,11.39,11.28,11.32,324679.23
2018-12-06,11.23,11.3,11.16,11.25,437013.83
2018-12-07,11.29,11.32,11.23,11.25,237837.31
2018-12-10,11.16,11.24,11.1,11.14,246036.74
2018-12-11,11.18,11.2,11.07,11.11,237278.66
2018-12-12,11.18,11.18,11.06,11.16,269459.06
2018-12-13,11.16,11.27,11.11,11.18,382177.87
2018-12-14,11.13,11.18,11.07,11.08,298079.26
2018-12-17,11.1,11.17,11.05,11.13,340969.78
2018-12-18,11.09,11.16,10.98,10.99,337555.54
2018-12-19,11.05,11.06,10.85,10.85,310517.81
2018-12-20,10.85,10.91,10.61,10.66,520433.54
2018-12-21,10.62,10.63,10.45,10.55,411021.95
2018-12-24,10.5,10.52,10.41,10.45,344393.25
2018-12-25,10.32,10.47,10.24,10.4,445112.05
2018-12-26,10.43,10.48,10.34,10.37,322822.89
2018-12-27,10.51,10.52,10.4,10.43,377170.6
2018-12-28,10.47,10.62,10.43,10.48,409767.03
2019-01-02,10.49,10.49,10.29,10.34,330085.68
2019-01-03,10.34,10.47,10.34,10.42,267756.7
2019-01-04,10.38,10.69,10.36,10.66,468630.17
2019-01-07,10.73,10.76,10.62,10.64,362072.23
2019-01-08,10.68,10.69,10.62,10.69,227190.91
2019-01-09,10.73,10.93,10.7,10.78,442573.68
2019-01-10,10.73,10.81,10.69,10.76,238194.07
2019-01-11,10.8,10.92,10.78,10.8,272992.2
2019-01-14,10.75,10.83,10.67,10.69,238060.41
2019-01-15,10.74,10.87,10.7,10.83,303737.46
2019-01-16,10.84,10.86,10.79,10.85,209404.13
2019-01-17,10.91,10.92,10.74,10.77,278863.04
2019-01-18,10.84,11.0,10.83,11.0,464707.52
2019-01-21,11.0,11.11,10.97,11.0,397764.57
2019-01-22,10.99,11.03,10.88,10.91,227852.84
2019-01-23,10.91,10.97,10.86,10.87,181391.37
2019-01-24,10.92,11.04,10.9,10.99,284020.18
2019-01-25,11.06,11.27,11.06,11.22,630654.42
2019-01-28,11.29,11.4,11.16,11.22,449401.44
2019-01-29,11.23,11.37,11.18,11.32,417685.05
2019-01-30,11.34,11.41,11.27,11.29,459654.02
2019-01-31,11.37,11.54,11.35,11.51,685955.99
2019-02-01,11.59,11.62,11.44,11.5,430380.2
2019-02-11,11.44,11.51,11.36,11.48,452452.07
2019-02-12,11.51,11.53,11.4,11.46,339475.43
2019-02-13,11.47,11.72,11.4,11.64,733925.89
2019-02-14,11.61,11.68,11.59,11.6,370503.28
2019-02-15,11.56,11.6,11.27,11.3,545569.86
2019-02-18,11.41,11.57,11.37,11.54,536433.01
2019-02-19,11.59,11.79,11.53,11.61,659604.16
2019-02-20,11.71,11.74,11.53,11.6,369300.56
2019-02-21,11.63,11.66,11.47,11.51,483511.61
2019-02-22,11.47,11.66,11.37,11.65,585709.74
2019-02-25,11.74,12.47,11.73,12.41,1775100.91
2019-02-26,12.41,12.54,12.14,12.19,1312197.62
2019-02-27,12.33,12.65,12.28,12.44,1303076.75
2019-02-28,12.42,12.69,12.35,12.53,1053846.66
2019-03-01,12.62,13.54,12.53,13.54,2474293.8
2019-03-04,13.6,13.98,13.41,13.54,2633736.04
2019-03-05,13.47,13.58,13.31,13.39,1289839.87
2019-03-06,13.36,13.63,13.26,13.53,1209347.99
2019-03-07,13.43,13.46,13.08,13.15,1433217.57
2019-03-08,12.97,12.97,12.51,12.56,1782067.69
2019-03-11,12.56,12.67,12.48,12.57,968630.91
2019-03-12,12.75,12.89,12.51,12.61,989354.77
2019-03-13,12.59,12.95,12.49,12.75,1081626.45
2019-03-14,12.66,13.0,12.64,12.76,890671.97
2019-03-15,12.78,13.0,12.7,12.94,823992.49
2019-03-18,12.92,13.09,12.78,13.09,972033.84
2019-03-19,13.11,13.26,12.99,13.06,823506.92
2019-03-20,13.01,13.16,12.84,13.01,695781.29
2019-03-21,13.01,13.01,12.81,12.83,794581.37
2019-03-22,12.87,12.88,12.57,12.7,762916.29
2019-03-25,12.5,12.55,12.28,12.29,923434.42
2019-03-26,12.38,12.38,12.2,12.3,592412.41
2019-03-27,12.33,12.47,12.33,12.37,672962.92
2019-03-28,12.3,12.33,12.15,12.3,540089.61
2019-03-29,12.29,12.77,12.28,12.75,1310551.51
2019-04-01,12.88,13.15,12.88,13.09,1646414.83
2019-04-02,13.15,13.33,13.15,13.2,1070642.29
2019-04-03,13.08,13.33,13.04,13.32,952192.48
2019-04-04,13.39,13.66,13.39,13.53,1089487.46
2019-04-08,13.6,14.09,13.6,13.65,1689733.73
2019-04-09,13.63,13.8,13.34,13.4,998272.69
2019-04-10,13.4,13.59,13.21,13.46,1021719.29
2019-04-11,13.47,13.62,13.13,13.27,804890.1
2019-04-12,13.27,13.34,13.19,13.32,420260.42
2019-04-15,13.73,14.0,13.37,13.44,1838232.39
2019-04-16,13.44,14.5,13.41,14.45,3144398.86
2019-04-17,14.31,14.46,14.1,14.26,1540952.3
2019-04-18,14.22,14.28,14.03,14.12,711889.12
2019-04-19,14.21,14.38,13.96,14.24,1029624.99
2019-04-22,14.16,14.23,13.53,13.59,1588552.09
2019-04-23,13.58,13.78,13.56,13.62,818598.19
2019-04-24,13.7,13.84,13.41,13.61,908990.02
2019-04-25,13.6,13.74,13.46,13.51,727356.67
2019-04-26,13.45,13.52,13.3,13.3,798572.38
2019-04-29,13.38,13.77,13.35,13.64,864135.56
2019-04-30,13.88,14.15,13.84,13.98,1511500.34
2019-05-06,13.54,13.64,13.16,13.57,1910472.54
2019-05-07,13.54,13.61,13.31,13.42,946475.93
2019-05-08,13.25,13.36,13.03,13.07,926700.02
2019-05-09,13.02,13.06,12.61,12.64,1311638.21
2019-05-10,12.84,13.06,12.5,12.97,994519.92
2019-05-13,12.76,12.85,12.67,12.74,614530.21
2019-05-14,12.64,12.97,12.63,12.74,791389.79
2019-05-15,12.84,13.14,12.76,13.02,669123.18
2019-05-16,12.98,13.07,12.9,13.01,490394.16
2019-05-17,13.08,13.08,12.77,12.83,518966.29
2019-05-20,12.82,12.94,12.67,12.78,488550.04
2019-05-21,12.79,13.09,12.79,12.87,672386.03
2019-05-22,12.78,12.87,12.71,12.77,535335.05
2019-05-23,12.71,12.75,12.57,12.66,463452.05
2019-05-24,12.75,12.85,12.71,12.8,387560.85
2019-05-27,12.64,12.9,12.33,12.71,1017585.56
2019-05-28,12.66,12.79,12.51,12.66,973224.59
2019-05-29,12.56,12.6,12.4,12.4,1138116.22
2019-05-30,12.4,12.44,12.26,12.35,825562.12
2019-05-31,12.4,12.52,12.32,12.33,742899.87
2019-06-03,12.31,12.47,12.28,12.38,683812.41
2019-06-04,12.42,12.43,12.36,12.4,526858.79
2019-06-05,12.52,12.65,12.47,12.5,563996.44
2019-06-06,12.55,12.61,12.5,12.53,526889.93
2019-06-10,12.61,12.89,12.59,12.76,700851.71
2019-06-11,12.84,12.96,12.79,12.92,824324.97
2019-06-12,12.9,12.92,12.81,12.87,557521.03
2019-06-13,12.89,12.93,12.8,12.87,517617.38
2019-06-14,12.93,12.97,12.81,12.87,721777.93
2019-06-17,12.87,13.08,12.85,12.94,684361.16
2019-06-18,13.01,13.02,12.92,12.97,524485.84
2019-06-19,13.31,13.38,13.19,13.2,978298.37
2019-06-20,13.23,13.81,13.19,13.69,1290429.06
2019-06-21,13.69,13.8,13.5,13.52,928941.08
2019-06-24,13.56,13.63,13.43,13.51,589823.38
2019-06-25,13.55,13.56,13.12,13.21,1011365.75
2019-06-26,13.24,13.26,13.18,13.21,390455.55
2019-06-27,13.26,13.44,13.24,13.37,613542.57
2019-06-28,13.4,13.41,13.18,13.33,517370.71
2019-07-01,13.58,13.7,13.49,13.55,933293.68
2019-07-02,13.56,13.56,13.34,13.45,872087.38
2019-07-03,13.44,13.44,13.29,13.36,558526.98
2019-07-04,13.38,13.45,13.27,13.33,558382.52
2019-07-05,13.35,13.36,13.25,13.32,438985.0
2019-07-08,13.23,13.24,12.97,12.97,721689.72
2019-07-09,12.97,13.04,12.95,12.99,411196.53
2019-07-10,13.07,13.08,12.86,12.91,401143.84
2019-07-11,13.01,13.1,12.93,12.97,474682.22
2019-07-12,13.0,13.29,12.98,13.25,749873.37
2019-07-15,13.18,13.41,13.05,13.33,744493.01
2019-07-16,13.32,13.4,13.22,13.24,447699.29
2019-07-17,13.16,13.27,13.13,13.16,412483.41
2019-07-18,13.21,13.24,13.1,13.18,449049.04
2019-07-19,13.26,13.45,13.24,13.42,766035.63
2019-07-22,13.43,13.51,13.34,13.39,664547.99
2019-07-23,13.48,13.52,13.4,13.49,589601.0
2019-07-24,13.56,13.74,13.54,13.65,934290.3
2019-07-25,13.67,14.09,13.67,14.08,1358360.93
2019-07-26,14.0,14.07,13.98,14.01,763064.61
2019-07-29,14.01,14.07,13.91,13.99,540222.75
2019-07-30,14.01,14.37,13.98,14.21,869751.82
2019-07-31,14.15,14.18,13.85,13.94,948118.22
2019-08-01,13.9,13.95,13.72,13.75,729681.01
2019-08-02,13.54,13.77,13.52,13.69,852132.57
2019-08-05,13.61,13.61,13.34,13.38,875814.95
2019-08-06,13.16,13.41,13.12,13.26,774687.07
2019-08-07,13.34,13.46,13.26,13.33,641270.82
2019-08-08,13.47,13.69,13.41,13.63,758413.21
2019-08-09,13.64,13.75,13.51,13.56,652590.85
2019-08-12,13.53,13.74,13.51,13.72,629942.47
2019-08-13,13.63,13.68,13.3,13.4,724076.8
2019-08-14,13.56,13.59,13.15,13.18,1583946.89
2019-08-15,12.97,13.16,12.91,13.16,898550.15
2019-08-16,13.12,13.17,13.03,13.07,698048.23
2019-08-19,12.94,13.16,12.73,13.15,1443737.15
2019-08-20,13.08,13.34,13.03,13.24,827385.57
2019-08-21,13.19,13.29,13.14,13.19,520337.48
2019-08-22,13.26,13.33,13.16,13.24,516624.49
2019-08-23,13.28,13.44,13.22,13.41,893045.4
2019-08-26,13.18,13.26,13.06,13.19,629277.34
2019-08-27,13.26,13.37,13.21,13.32,754675.91
2019-08-28,12.84,12.97,12.59,12.66,2721342.59
2019-08-29,12.66,12.66,12.43,12.52,1020624.92
2019-08-30,12.61,12.62,12.41,12.51,1027557.94
2019-09-02,12.54,12.64,12.49,12.58,763502.53
2019-09-03,12.59,12.62,12.53,12.56,475390.27
2019-09-04,12.56,12.83,12.56,12.81,967947.48
2019-09-05,12.9,13.13,12.9,13.01,1254699.8
2019-09-06,13.08,13.12,12.99,13.1,607981.11
2019-09-09,13.16,13.24,12.96,12.97,1039458.77
2019-09-10,12.97,13.01,12.81,12.87,728740.75
2019-09-11,12.94,13.0,12.85,12.98,558780.06
2019-09-12,13.07,13.08,12.95,13.04,601763.02
2019-09-16,13.08,13.09,12.97,13.02,456091.51
2019-09-17,12.99,13.0,12.73,12.8,515402.94
2019-09-18,12.84,12.84,12.7,12.71,531660.56
2019-09-19,12.72,12.78,12.65,12.73,437385.27
2019-09-20,12.74,12.83,12.72,12.81,560726.46
2019-09-23,12.78,12.79,12.64,12.74,398808.42
2019-09-24,12.75,12.79,12.65,12.66,432581.24
2019-09-25,12.65,12.73,12.54,12.62,420790.9
2019-09-26,12.67,12.9,12.65,12.76,931661.66
2019-09-27,12.82,12.92,12.67,12.89,664016.28
2019-09-30,12.82,12.97,12.78,12.78,458427.83
2019-10-08,12.77,13.18,12.76,13.09,1036159.83
2019-10-09,13.0,13.51,12.99,13.34,1518442.09
2019-10-10,13.3,13.48,13.28,13.35,614600.41
2019-10-11,13.46,13.68,13.4,13.6,1070896.96
2019-10-14,13.72,14.15,13.72,13.86,1404091.14
2019-10-15,13.87,13.94,13.76,13.9,771586.07
2019-10-16,13.92,14.29,13.8,13.91,1045713.45
2019-10-17,13.91,14.01,13.8,13.87,473956.04
2019-10-18,13.93,14.07,13.56,13.65,823441.5
2019-10-21,13.57,13.9,13.57,13.85,634118.89
2019-10-22,13.91,13.92,13.69,13.8,462298.41
2019-10-23,13.82,13.89,13.72,13.8,360835.99
2019-10-24,13.85,14.0,13.77,13.87,589535.45
2019-10-25,13.83,13.85,13.59,13.74,506423.14
2019-10-28,13.74,13.86,13.59,13.63,530085.3
2019-10-29,13.68,13.7,13.56,13.61,362555.55
2019-10-30,13.76,13.99,13.67,13.79,963049.59
2019-10-31,13.75,13.77,13.58,13.64,499035.74
2019-11-01,13.69,14.18,13.61,14.13,1434978.19
2019-11-04,14.32,14.58,14.29,14.45,1201157.2
2019-11-05,14.48,14.76,14.39,14.58,1449322.21
2019-11-06,14.68,14.8,14.5,14.7,1177276.68
2019-11-07,14.7,14.79,14.61,14.69,661588.84
2019-11-08,14.72,14.76,14.49,14.49,736144.19
2019-11-11,14.36,14.48,14.3,14.34,725167.96
2019-11-12,14.4,14.5,14.34,14.39,530989.45
2019-11-13,14.39,14.41,14.12,14.21,649305.07
2019-11-14,14.26,14.31,13.94,14.04,654488.19
2019-11-15,14.15,14.32,14.04,14.19,593198.66
2019-11-18,14.19,14.55,14.18,14.53,660201.73
2019-11-19,14.42,14.55,14.38,14.46,403847.0
2019-11-20,14.39,14.47,13.93,13.96,857765.65
2019-11-21,13.87,14.09,13.78,13.95,487242.26
2019-11-22,14.04,14.05,13.85,13.9,429445.77
2019-11-25,13.99,14.12,13.94,14.07,384906.26
2019-11-26,14.1,14.12,13.86,13.87,570373.76
2019-11-27,13.91,13.96,13.85,13.95,423594.03
2019-11-28,13.93,13.96,13.77,13.83,346988.41
2019-11-29,13.84,13.91,13.72,13.77,406077.91
2019-12-02,13.8,13.9,13.75,13.79,298785.56
2019-12-03,13.73,13.92,13.67,13.89,350965.41
2019-12-04,13.77,13.85,13.67,13.78,304120.12
2019-12-05,13.83,13.92,13.79,13.86,399067.58
2019-12-06,13.89,13.9,13.7,13.8,416777.64
2019-12-09,13.74,13.79,13.7,13.78,426194.97
2019-12-10,13.71,13.86,13.71,13.75,299071.33
2019-12-11,13.81,14.1,13.77,14.07,640864.69
2019-12-12,14.1,14.1,13.91,14.02,348739.25
2019-12-13,14.21,14.29,14.11,14.29,771185.46
2019-12-16,14.22,14.34,14.14,14.31,600883.26
2019-12-17,14.34,14.66,14.25,14.56,1048870.02
2019-12-18,14.52,14.72,14.52,14.58,606769.9
2019-12-19,14.59,14.71,14.43,14.51,553596.16
2019-12-20,14.53,14.69,14.53,14.56,505829.59
2019-12-23,14.65,14.69,14.39,14.4,512147.64
2019-12-24,14.45,14.63,14.45,14.5,467690.41
2019-12-25,14.5,14.53,14.31,14.4,384719.38
2019-12-26,14.37,14.56,14.37,14.55,344330.43
2019-12-27,14.51,14.76,14.5,14.55,673997.99
2019-12-30,14.43,14.46,14.17,14.4,1145987.68
2019-12-31,14.39,14.44,14.25,14.43,542591.76
2020-01-02,14.63,14.88,14.61,14.73,1130028.43
2020-01-03,14.72,14.8,14.65,14.68,659291.02
2020-01-06,14.62,14.75,14.47,14.51,709164.86
2020-01-07,14.58,14.76,14.48,14.57,561162.55
2020-01-08,14.47,14.53,14.23,14.27,881731.51
2020-01-09,14.41,14.43,14.26,14.34,663379.25
2020-01-10,14.36,14.39,14.26,14.35,423807.46
2020-01-13,14.35,14.37,14.22,14.36,600183.24
2020-01-14,14.43,14.56,14.37,14.4,537640.3
2020-01-15,14.42,14.42,14.15,14.21,600021.1
2020-01-16,14.23,14.29,13.99,14.05,827358.39
2020-01-17,14.05,14.15,13.98,14.03,440442.57
2020-01-20,14.05,14.15,14.01,14.14,429895.86
2020-01-21,14.07,14.09,13.86,13.9,610756.49
2020-01-22,13.86,14.02,13.8,13.94,553543.18
2020-01-23,13.86,13.86,13.49,13.55,1085586.74
2020-02-03,12.25,12.87,12.24,12.47,1629058.8
2020-02-04,12.54,12.84,12.52,12.78,1000232.31
2020-02-05,12.8,12.86,12.65,12.78,886398.52
2020-02-06,12.86,12.94,12.72,12.87,723494.73
2020-02-07,12.73,12.86,12.67,12.84,599834.75
2020-02-10,12.73,12.8,12.7,12.77,507002.27
2020-02-11,12.83,13.01,12.82,12.89,616391.6
2020-02-12,12.93,12.94,12.8,12.92,432807.5
2020-02-13,12.9,12.94,12.78,12.81,502737.55
2020-02-14,12.78,12.97,12.76,12.94,525851.93
2020-02-17,12.95,13.26,12.88,13.23,868213.74
2020-02-18,13.17,13.22,13.01,13.05,623145.52
2020-02-19,13.05,13.18,12.98,13.04,449353.14
2020-02-20,13.08,13.28,13.01,13.23,750344.13
2020-02-21,13.15,13.31,13.13,13.18,678190.1
2020-02-24,13.13,13.19,13.0,13.0,734825.58
2020-02-25,12.86,13.0,12.79,12.91,757242.67
2020-02-26,12.8,13.07,12.76,12.9,831587.27
2020-02-27,12.93,13.03,12.91,12.99,617473.48
2020-02-28,12.85,12.94,12.57,12.6,875387.56
2020-03-02,12.67,12.86,12.62,12.82,763937.6
2020-03-03,12.91,12.97,12.84,12.87,629252.89
2020-03-04,12.86,12.92,12.78,12.91,530511.04
2020-03-05,12.99,13.37,12.92,13.33,1198413.66
2020-03-06,13.19,13.26,13.05,13.06,698956.75
2020-03-09,12.83,12.83,12.63,12.66,973017.77
2020-03-10,12.66,12.86,12.6,12.81,758353.2
2020-03-11,12.84,12.85,12.64,12.65,641697.22
2020-03-12,12.63,12.71,12.49,12.53,757275.04
2020-03-13,12.1,12.38,12.0,12.29,1305322.8
2020-03-16,12.3,12.3,11.78,11.81,1065125.74
2020-03-17,11.81,12.06,11.6,11.74,895909.55
2020-03-18,11.79,11.86,11.42,11.44,817471.78
2020-03-19,11.35,11.43,10.88,10.94,1693450.51
2020-03-20,11.08,11.36,10.99,11.22,1063742.57
2020-03-23,10.93,11.09,10.9,10.94,856805.16
2020-03-24,11.2,11.28,11.09,11.25,829557.34
2020-03-25,11.49,11.6,11.37,11.54,869302.52
2020-03-26,11.52,12.08,11.46,11.8,1173569.64
2020-03-27,11.95,12.01,11.81,11.87,584062.33
2020-03-30,11.72,11.83,11.66,11.81,542149.81
2020-03-31,11.87,11.92,11.59,11.6,523816.33
2020-04-01,11.6,11.79,11.6,11.63,498923.28
2020-04-02,11.59,11.71,11.55,11.71,403485.52
2020-04-03,11.68,11.73,11.59,11.71,420807.65
2020-04-07,11.87,11.92,11.78,11.81,660678.23
2020-04-08,11.75,11.8,11.66,11.7,400590.89
2020-04-09,11.76,11.78,11.67,11.68,271030.32
2020-04-10,11.69,11.84,11.65,11.77,457052.56
2020-04-13,11.71,11.72,11.58,11.63,375619.7
2020-04-14,11.68,11.76,11.6,11.76,564654.13
2020-04-15,11.75,11.75,11.65,11.66,333362.66
2020-04-16,11.61,11.65,11.55,11.6,381000.14
2020-04-17,11.68,11.76,11.61,11.71,613899.5
2020-04-20,11.67,11.68,11.55,11.61,555806.15
2020-04-21,11.58,11.65,11.49,11.52,411480.11
2020-04-22,11.52,11.53,11.43,11.52,362422.25
2020-04-23,11.55,11.57,11.43,11.45,337783.6
2020-04-24,11.47,11.47,11.35,11.38,390999.83
2020-04-27,11.47,11.73,11.44,11.68,659796.64
2020-04-28,11.71,11.73,11.57,11.73,473700.14
2020-04-29,11.66,12.06,11.65,12.03,930777.39
2020-04-30,12.07,12.31,12.05,12.11,597440.26
2020-05-06,11.9,11.99,11.79,11.9,686181.99
2020-05-07,11.9,11.9,11.76,11.78,489017.56
2020-05-08,11.85,12.04,11.81,11.93,499029.68
2020-05-11,11.95,12.05,11.92,11.95,438174.2
2020-05-12,11.95,12.02,11.81,11.84,404259.63
2020-05-13,11.79,11.86,11.76,11.84,316943.85
2020-05-14,11.81,11.81,11.65,11.68,434471.49
2020-05-15,11.75,11.77,11.67,11.7,294672.9
2020-05-18,11.68,11.77,11.61,11.68,373443.29
2020-05-19,11.84,11.89,11.73,11.75,363097.35
2020-05-20,11.75,11.84,11.68,11.81,401388.09
2020-05-21,11.84,11.91,11.73,11.74,404336.18
2020-05-22,11.72,11.76,11.48,11.5,644870.78
2020-05-25,11.63,11.63,11.43,11.55,326549.53
2020-05-26,11.59,11.6,11.52,11.56,310659.46
2020-05-27,11.59,11.73,11.55,11.63,327879.96
2020-05-28,11.65,11.87,11.65,11.77,530129.06
2020-05-29,11.7,11.74,11.64,11.73,457093.64
2020-06-01,11.77,11.88,11.74,11.86,673009.02
2020-06-02,11.81,11.98,11.81,11.95,566744.67
2020-06-03,12.02,12.19,11.9,11.9,700460.65
2020-06-04,11.97,11.98,11.83,11.84,404546.58
2020-06-05,11.88,11.89,11.76,11.81,413355.33
2020-06-08,11.83,11.92,11.76,11.77,674492.91
2020-06-09,11.79,11.86,11.74,11.84,533386.72
2020-06-10,11.84,11.84,11.66,11.68,708812.18
2020-06-11,11.68,11.7,11.49,11.52,859128.61
2020-06-12,11.44,11.64,11.41,11.64,936448.54
2020-06-15,11.49,11.52,11.39,11.39,867763.65
2020-06-16,11.47,11.52,11.44,11.49,529170.66
2020-06-17,11.47,11.49,11.43,11.47,459363.74
2020-06-18,11.38,11.51,11.33,11.48,661198.72
2020-06-19,11.48,11.51,11.41,11.49,884483.52
2020-06-22,11.47,11.51,11.41,11.43,717428.43
2020-06-23,11.42,11.44,11.36,11.36,585167.53
2020-06-24,11.42,11.57,11.4,11.55,866838.12
2020-06-29,11.6,11.67,11.47,11.51,830137.15
2020-06-30,11.57,11.59,11.47,11.5,533325.54
2020-07-01,11.53,11.81,11.49,11.77,1115848.39
2020-07-02,11.73,12.06,11.71,12.06,1501594.63
2020-07-03,12.14,12.39,12.08,12.37,1661936.65
2020-07-06,12.52,13.61,12.52,13.58,3530792.91
2020-07-07,13.81,14.1,13.34,13.37,2803916.88
2020-07-08,13.43,13.75,13.32,13.58,2177523.56
2020-07-09,13.52,13.54,13.3,13.37,1859667.99
2020-07-10,13.3,13.34,12.77,12.83,2079909.67
2020-07-13,12.73,12.97,12.64,12.76,2073036.09
2020-07-14,12.77,12.83,12.52,12.65,1693897.18
2020-07-15,12.79,12.79,12.37,12.38,1702032.94
2020-07-16,12.44,12.64,12.27,12.29,1352205.5
2020-07-17,12.4,12.46,12.17,12.26,956754.73
2020-07-20,12.38,12.62,12.24,12.56,1434910.1
2020-07-21,12.58,12.58,12.4,12.46,799021.33
2020-07-22,12.47,12.62,12.37,12.41,1256328.65
2020-07-23,12.32,12.37,12.12,12.19,1160405.15
2020-07-24,12.16,12.18,11.89,11.94,1373553.78
2020-07-27,12.02,12.1,11.81,11.85,954701.82
2020-07-28,11.94,11.99,11.84,11.89,592289.57
2020-07-29,11.89,12.1,11.85,12.05,861667.9
2020-07-30,12.05,12.08,11.93,11.93,617807.6
2020-07-31,11.97,12.12,11.87,11.94,982287.02
2020-08-03,12.02,12.07,11.93,12.02,1058477.17
2020-08-04,12.06,12.43,12.02,12.32,1737946.9
2020-08-05,12.26,12.26,12.08,12.12,1075179.83
2020-08-06,12.16,12.26,12.0,12.18,890112.81
2020-08-07,12.1,12.2,11.94,11.99,1060591.97
2020-08-10,12.0,12.13,11.93,12.07,1081851.82
2020-08-11,12.05,12.34,12.04,12.07,1610331.67
2020-08-12,12.1,12.21,12.05,12.2,989057.15
2020-08-13,12.29,12.3,12.13,12.15,822147.08
2020-08-14,12.18,12.28,12.1,12.27,965518.85
2020-08-17,12.28,12.74,12.26,12.58,2570456.96
2020-08-18,12.51,12.56,12.32,12.39,1388626.54
2020-08-19,12.35,12.39,12.21,12.23,1157400.83
2020-08-20,12.19,12.2,12.05,12.11,935038.01
2020-08-21,12.16,12.17,12.09,12.15,670743.95
2020-08-24,12.16,12.19,12.07,12.08,755297.4
2020-08-25,12.1,12.16,12.05,12.1,550889.74
2020-08-26,12.09,12.1,11.96,11.97,756227.12
2020-08-27,11.97,12.0,11.89,11.97,660879.34
2020-08-28,11.96,12.15,11.91,12.13,977896.51
2020-08-31,12.41,12.68,12.32,12.32,3419812.58
2020-09-01,12.31,12.61,12.25,12.46,1417922.76
2020-09-02,12.48,12.54,12.31,12.44,1109404.57
2020-09-03,12.47,12.59,12.36,12.41,886645.84
2020-09-04,12.32,12.41,12.23,12.29,762874.88
2020-09-07,12.26,12.49,12.26,12.34,929041.85
2020-09-08,12.42,12.66,12.42,12.58,1449728.29
2020-09-09,12.5,12.65,12.42,12.44,988617.17
2020-09-10,12.51,12.55,12.34,12.38,877240.69
2020-09-11,12.36,12.42,12.24,12.3,661584.19
2020-09-14,12.32,12.36,12.22,12.29,609368.68
2020-09-15,12.26,12.36,12.2,12.26,528700.06
2020-09-16,12.27,12.36,12.23,12.3,573368.66
2020-09-17,12.3,12.34,12.17,12.18,733660.6
2020-09-18,12.21,12.5,12.15,12.5,1360338.65
2020-09-21,12.48,12.6,12.45,12.53,1041814.86
2020-09-22,12.47,12.55,12.36,12.39,670871.05
2020-09-23,12.42,12.44,12.3,12.31,529181.47
2020-09-24,12.27,12.3,12.14,12.17,832833.59
2020-09-25,12.2,12.23,12.12,12.16,535549.5
2020-09-28,12.18,12.23,12.13,12.19,364503.38
2020-09-29,12.23,12.26,12.12,12.12,581713.66
2020-09-30,12.26,12.42,12.2,12.3,1065414.76
2020-10-09,12.46,12.52,12.32,12.33,1006763.13
2020-10-12,12.39,12.78,12.33,12.76,2355141.98
2020-10-13,12.73,12.86,12.66,12.78,1186944.6
2020-10-14,12.87,12.87,12.68,12.77,766005.99
2020-10-15,12.7,13.19,12.7,12.97,1989348.1
2020-10-16,12.97,13.57,12.95,13.45,2398884.57
2020-10-19,13.68,13.99,13.45,13.47,2401307.93
2020-10-20,13.55,13.63,13.35,13.57,1165415.87
2020-10-21,13.57,13.87,13.47,13.85,1491873.37
2020-10-22,13.96,14.17,13.74,13.89,1206896.55
2020-10-23,13.87,14.29,13.8,13.96,1468439.15
2020-10-26,13.99,14.06,13.49,13.55,1323425.79
2020-10-27,13.56,13.68,13.42,13.57,755281.73
2020-10-28,13.58,13.72,13.29,13.35,984732.42
2020-10-29,13.22,13.72,13.21,13.57,1053634.09
2020-10-30,13.64,13.9,13.42,13.57,1261000.4
2020-11-02,13.64,13.77,13.41,13.57,1001613.78
2020-11-03,13.76,14.06,13.63,13.65,1223375.59
2020-11-04,13.87,14.06,13.76,13.99,1099993.25
2020-11-05,14.14,14.16,13.79,13.86,891051.31
2020-11-06,13.8,13.8,13.48,13.71,910569.45
2020-11-09,13.85,13.94,13.65,13.71,1016281.13
2020-11-10,13.93,14.3,13.92,14.15,1732314.06
2020-11-11,14.12,14.35,14.04,14.24,1177251.65
2020-11-12,14.17,14.24,14.06,14.09,616191.14
2020-11-13,13.95,13.95,13.46,13.55,1627574.55
2020-11-16,13.61,13.63,13.42,13.47,982153.67
2020-11-17,13.51,13.72,13.43,13.65,781427.52
2020-11-18,13.74,14.77,13.73,14.64,3218566.69
2020-11-19,14.62,14.83,14.52,14.73,1777966.59
2020-11-20,14.37,14.64,14.32,14.5,1301072.09
2020-11-23,14.48,15.26,14.47,15.2,2345566.68
2020-11-24,15.2,15.44,15.12,15.31,1347491.69
2020-11-25,15.47,15.51,14.99,15.06,991664.14
2020-11-26,15.18,15.57,15.09,15.56,1475406.66
2020-11-27,15.6,15.74,15.45,15.71,1300351.84
2020-11-30,15.92,16.82,15.92,16.02,2870628.65
2020-12-01,16.21,16.61,16.01,16.46,1604939.57
2020-12-02,16.36,16.53,16.02,16.24,1140891.84
2020-12-03,16.26,16.47,16.05,16.19,805591.59
2020-12-04,16.15,16.17,15.78,16.1,1035196.16
2020-12-07,16.1,16.18,15.35,15.63,1407522.16
2020-12-08,15.63,15.85,15.4,15.44,1068334.76
2020-12-09,15.6,15.86,15.55,15.59,1020505.64
2020-12-10,15.57,15.73,15.31,15.46,797462.8
2020-12-11,15.57,15.72,15.27,15.34,1026900.91
2020-12-14,15.61,15.75,15.42,15.65,983054.82
2020-12-15,15.63,15.63,14.95,15.31,1244569.64
2020-12-16,15.37,15.7,15.32,15.57,825707.65
2020-12-17,15.64,15.85,15.2,15.83,1106910.73
2020-12-18,15.73,15.85,15.38,15.6,972563.85
2020-12-21,15.55,15.55,15.21,15.35,903274.52
2020-12-22,15.36,15.56,15.05,15.1,1026229.95
2020-12-23,15.08,15.26,14.84,15.11,814302.73
2020-12-24,15.24,15.53,15.17,15.37,839926.4
2020-12-25,15.44,15.52,15.0,15.41,603176.99
2020-12-28,15.29,15.77,15.24,15.62,1015795.47
2020-12-29,15.66,15.94,15.64,15.73,1079404.79
2020-12-30,15.67,15.93,15.59,15.93,857493.99
2020-12-31,15.98,16.2,15.72,15.91,1138443.53
2021-01-04,15.47,15.47,14.91,14.98,2426798.63
2021-01-05,14.88,14.89,14.21,14.38,2349601.26
2021-01-06,14.38,15.04,14.37,15.04,1742790.17
2021-01-07,15.09,15.4,15.02,15.32,1411007.7
2021-01-08,15.46,15.62,15.23,15.49,1233988.99
2021-01-11,15.69,15.98,15.6,15.63,1604723.99
2021-01-12,15.76,15.95,15.59,15.89,1306929.2
2021-01-13,15.82,16.19,15.76,16.08,1458836.21
2021-01-14,16.12,16.53,16.11,16.27,1512566.88
2021-01-15,17.15,17.8,16.98,17.31,3635738.14
2021-01-18,17.3,18.58,17.23,18.45,2886877.48
2021-01-19,18.22,18.48,17.87,18.2,1483284.11
2021-01-20,18.2,18.47,17.59,17.7,1321459.07
2021-01-21,17.87,18.14,17.7,17.84,1111980.24
2021-01-22,17.78,17.78,17.08,17.48,1481974.84
2021-01-25,17.41,17.64,16.97,17.46,1121383.54
2021-01-26,17.5,17.74,17.32,17.42,843214.6
2021-01-27,17.52,18.18,17.5,17.87,1213442.57
2021-01-28,17.62,17.81,17.22,17.68,1115353.22
2021-01-29,17.91,18.06,17.37,17.61,1038813.65
2021-02-01,17.52,18.52,17.32,18.35,1273319.51
2021-02-02,18.2,18.51,17.8,17.98,1244745.22
2021-02-03,18.0,19.05,17.84,18.82,1541763.99
2021-02-04,18.64,19.3,18.55,18.88,1192746.73
2021-02-05,19.08,19.76,18.9,19.64,1394889.06
2021-02-08,19.59,20.62,19.31,20.39,1537818.13
2021-02-09,20.33,20.58,19.83,20.44,1197790.61
2021-02-10,20.53,21.0,19.57,20.31,1439326.22
2021-02-18,20.5,21.4,20.5,21.14,1419728.0
2021-02-19,21.04,21.33,20.22,20.39,1198816.99
2021-02-22,20.2,20.28,19.5,19.67,1574476.58
2021-02-23,19.67,20.5,19.67,20.13,1193116.35
2021-02-24,19.92,20.05,19.44,19.6,1071381.67
2021-02-25,19.86,20.33,19.6,19.98,929485.34
2021-02-26,19.67,19.99,18.59,18.81,1870095.35
2021-03-01,19.06,19.27,18.81,18.99,1158279.41
2021-03-02,19.14,19.32,18.55,18.96,1097229.37
2021-03-03,19.11,19.92,19.03,19.8,1483367.21
2021-03-04,19.58,19.89,19.07,19.28,1022209.07
2021-03-05,19.03,19.25,18.41,18.9,1086197.83
2021-03-08,18.95,19.03,18.08,18.12,1155838.0
2021-03-09,18.12,18.39,17.57,17.69,1160973.19
2021-03-10,17.91,17.91,17.27,17.45,1078694.41
2021-03-11,17.82,18.53,17.74,18.13,1209806.14
2021-03-12,18.28,18.49,18.11,18.23,803721.99
2021-03-15,18.29,18.9,18.22,18.36,1073511.0
2021-03-16,18.49,19.12,18.38,18.76,899350.15
2021-03-17,18.71,18.88,18.16,18.28,797934.27
2021-03-18,18.34,18.53,18.06,18.19,773567.13
2021-03-19,18.22,18.31,17.58,17.7,879628.48
2021-03-22,17.9,18.35,17.79,18.01,957476.97
2021-03-23,17.95,18.18,17.59,17.81,599815.1
2021-03-24,17.81,17.87,17.15,17.2,1077259.55
2021-03-25,17.52,17.6,17.22,17.31,601452.01
2021-03-26,17.49,17.8,17.32,17.71,716712.49
2021-03-29,17.69,17.86,17.4,17.68,676232.5
2021-03-30,17.74,17.87,17.54,17.7,601418.05
2021-03-31,17.87,18.61,17.7,18.36,1398035.52
2021-04-01,18.48,18.52,18.2,18.35,504765.49
2021-04-02,18.44,18.45,17.62,17.82,858359.9
2021-04-06,17.9,18.12,17.81,18.06,491673.5
2021-04-07,18.05,18.1,17.58,17.76,519267.09
2021-04-08,17.72,17.87,17.57,17.74,394648.26
2021-04-09,17.81,17.93,17.62,17.71,461098.75
2021-04-12,17.57,17.71,17.32,17.39,656059.46
2021-04-13,17.55,17.6,17.0,17.21,717822.36
2021-04-14,17.29,17.29,16.49,16.53,1648135.56
2021-04-15,16.61,16.61,15.59,15.89,2981366.1
2021-04-16,15.97,15.98,15.67,15.92,1120635.92
2021-04-19,15.93,16.09,15.6,16.03,1457514.78
2021-04-20,16.01,16.55,15.96,16.26,1255717.53
2021-04-21,16.29,16.94,16.29,16.77,1392891.94
2021-04-22,16.81,16.88,16.31,16.47,918508.19
2021-04-23,16.4,16.72,16.31,16.67,587268.83
2021-04-26,16.89,17.07,16.38,16.43,911809.91
2021-04-27,16.39,16.71,16.34,16.57,523660.01
2021-04-28,16.59,16.65,16.14,16.39,881318.46
2021-04-29,16.4,16.94,16.39,16.93,1048132.84
2021-04-30,17.15,17.15,16.43,16.57,1234069.74
2021-05-06,16.43,17.19,16.43,16.97,1021380.12
2021-05-07,17.14,17.57,17.07,17.26,1294224.15
2021-05-10,17.29,17.29,16.65,16.77,981414.58
2021-05-11,16.69,17.23,16.68,17.04,1000902.23
2021-05-12,17.01,17.8,16.96,17.18,1475973.66
2021-05-13,17.16,17.42,17.13,17.21,801825.23
2021-05-14,17.31,17.55,17.02,17.51,968005.37
2021-05-17,17.43,17.83,17.18,17.39,1124306.37
2021-05-18,17.36,17.42,17.07,17.2,783473.09
2021-05-19,17.15,17.17,16.18,16.43,2140154.28
2021-05-20,16.3,16.48,16.14,16.47,1024326.78
2021-05-21,16.49,16.55,16.14,16.32,930508.79
2021-05-24,16.29,16.68,16.29,16.5,1060659.36
2021-05-25,16.49,17.66,16.4,17.64,2349372.42
2021-05-26,17.8,18.12,17.72,17.9,1428739.75
2021-05-27,17.86,17.86,17.46,17.55,1202962.41
2021-05-28,17.58,17.87,17.51,17.74,789027.42
2021-05-31,17.7,17.73,17.29,17.62,1063937.4
2021-06-01,17.46,17.49,17.13,17.23,1181689.69
2021-06-02,17.25,17.26,16.92,17.04,917940.67
2021-06-03,17.09,17.36,16.78,16.85,1194652.13
2021-06-04,16.87,17.33,16.78,17.07,1319103.25
2021-06-07,17.07,17.07,16.79,16.98,596421.11
2021-06-08,16.99,17.14,16.74,16.89,901698.44
2021-06-09,16.85,17.0,16.69,16.74,733077.08
2021-06-10,16.84,16.97,16.75,16.79,949719.67
2021-06-11,16.81,16.85,16.16,16.43,1590640.78
2021-06-15,16.27,16.3,15.89,15.95,1053112.61
2021-06-16,15.89,16.11,15.8,15.92,876142.56
2021-06-17,15.93,16.04,15.84,15.85,668422.47
2021-06-18,15.78,15.79,15.28,15.37,1472700.98
2021-06-21,15.32,15.38,15.12,15.16,909977.36
2021-06-22,15.24,15.46,15.08,15.26,1171826.11
2021-06-23,15.29,15.48,15.17,15.41,848506.55
2021-06-24,15.44,15.58,15.38,15.58,664527.0
2021-06-25,15.62,15.87,15.59,15.79,1015960.77
2021-06-28,15.79,15.84,15.34,15.42,1063893.45
2021-06-29,15.51,15.72,15.45,15.62,956975.09
2021-06-30,15.79,16.5,15.79,16.31,1383069.08
2021-07-01,16.53,17.18,16.47,16.91,1760490.61
2021-07-02,16.74,16.75,16.39,16.5,1245256.71
2021-07-05,16.62,16.73,16.19,16.7,847833.18
2021-07-06,16.72,17.19,16.67,17.04,1057849.79
2021-07-07,17.02,17.3,16.8,16.94,749238.27
2021-07-08,17.1,17.16,16.33,16.43,1347908.18
2021-07-09,16.41,16.6,15.96,16.12,1174398.67
2021-07-12,16.35,16.64,16.12,16.28,1233859.39
2021-07-13,16.31,16.43,15.97,16.2,825470.32
2021-07-14,16.18,16.18,15.64,15.73,1156382.31
2021-07-15,15.72,16.55,15.64,16.51,1276302.2
2021-07-16,16.41,16.6,16.12,16.23,758201.48
2021-07-19,16.22,16.27,15.83,16.2,748672.98
2021-07-20,16.1,16.19,15.84,15.9,612004.66
2021-07-21,15.92,16.03,15.59,15.66,1163013.29
2021-07-22,15.64,16.09,15.62,15.8,847360.89
2021-07-23,15.81,15.82,15.56,15.71,787151.78
2021-07-26,15.57,15.6,14.83,14.84,1607333.14
2021-07-27,14.9,14.98,14.17,14.27,1596391.14
2021-07-28,14.36,14.65,14.25,14.55,1120704.92
2021-07-29,14.67,14.67,14.21,14.24,1249646.23
2021-07-30,14.17,14.24,13.91,14.02,955772.47
2021-08-02,13.93,14.32,13.63,14.21,1388659.29
2021-08-03,14.06,14.19,13.89,14.0,1107108.03
2021-08-04,14.05,14.06,13.79,13.81,920211.34
2021-08-05,13.78,13.98,13.71,13.82,776649.93
2021-08-06,13.75,14.0,13.56,13.93,960913.92
2021-08-09,13.95,14.75,13.94,14.46,1620648.97
2021-08-10,14.44,14.91,14.25,14.81,1454307.45
2021-08-11,14.83,15.34,14.75,14.87,1490810.84
2021-08-12,14.86,14.98,14.71,14.77,729884.83
2021-08-13,14.78,14.84,14.6,14.79,726766.59
2021-08-16,14.9,14.99,14.66,14.79,750721.26
2021-08-17,14.78,14.95,14.56,14.6,734270.2
2021-08-18,14.63,15.41,14.62,15.23,1331224.2
2021-08-19,15.16,15.28,14.72,14.72,1045515.66
2021-08-20,14.83,14.92,14.29,14.49,1313533.59
2021-08-23,14.48,14.67,14.41,14.52,786544.62
2021-08-24,14.52,14.83,14.47,14.75,912142.72
2021-08-25,14.75,14.88,14.52,14.58,723375.69
2021-08-26,14.56,14.59,14.3,14.39,795092.98
2021-08-27,14.37,14.52,14.14,14.29,1057717.73
2021-08-30,14.4,14.65,14.23,14.37,1157385.81
2021-08-31,14.41,14.76,14.25,14.68,1166433.73
2021-09-01,14.61,15.36,14.6,15.21,1863631.62
2021-09-02,15.29,15.57,15.27,15.42,1356523.77
2021-09-03,15.36,15.7,15.04,15.43,1239110.12
2021-09-06,15.36,15.61,15.33,15.37,768484.15
2021-09-07,15.41,15.82,15.24,15.79,1223166.95
2021-09-08,15.74,15.94,15.32,15.42,1356653.24
2021-09-09,15.33,15.38,15.12,15.26,925753.12
2021-09-10,15.29,16.06,15.26,15.67,1935697.67
2021-09-13,15.67,15.99,15.56,15.95,1586912.19
2021-09-14,15.95,16.03,15.18,15.21,1747155.01
2021-09-15,15.14,15.26,14.84,14.96,1193492.05
2021-09-16,14.88,15.06,14.75,14.76,907176.28
2021-09-17,14.76,14.94,14.65,14.83,770200.54
2021-09-22,14.29,14.54,14.11,14.38,1389290.9
2021-09-23,14.48,14.71,14.35,14.46,757548.73
2021-09-24,14.44,14.52,14.17,14.22,803239.87
2021-09-27,14.22,14.41,13.91,14.37,1221820.87
2021-09-28,14.37,14.74,14.32,14.65,1016262.97
2021-09-29,14.5,14.88,14.45,14.69,818234.03
2021-09-30,14.71,14.71,14.45,14.52,708723.4
2021-10-08,14.61,14.87,14.6,14.83,810562.17
2021-10-11,15.08,15.48,15.08,15.37,1563445.4
2021-10-12,15.34,15.6,15.21,15.35,1053341.02
2021-10-13,15.34,15.45,15.11,15.25,701940.65
2021-10-14,15.27,15.45,15.05,15.15,571365.77
2021-10-15,15.19,15.46,15.08,15.25,842512.56
2021-10-18,15.35,15.45,15.16,15.27,664331.48
2021-10-19,15.24,15.46,15.21,15.26,676641.57
2021-10-20,15.32,15.48,15.12,15.2,687582.7
2021-10-21,15.32,15.76,15.32,15.7,1469600.45
2021-10-22,15.79,15.97,15.61,15.77,971692.17
2021-10-25,15.54,15.68,15.46,15.6,876198.24
2021-10-26,15.54,15.68,15.29,15.38,1045140.4
2021-10-27,15.32,15.36,14.95,15.14,995326.21
2021-10-28,15.09,15.24,14.99,15.12,590691.78
2021-10-29,15.35,15.41,14.7,14.79,1642608.01
2021-11-01,14.82,15.28,14.75,15.06,1376605.63
2021-11-02,15.06,15.14,14.19,14.3,2758717.21
2021-11-03,14.31,14.52,14.24,14.52,1014872.44
2021-11-04,14.46,14.54,14.29,14.47,773762.3
2021-11-05,14.32,14.48,14.26,14.4,729897.09
2021-11-08,14.4,14.48,14.26,14.34,803827.51
2021-11-09,14.44,14.62,14.38,14.53,789709.41
2021-11-10,14.48,14.5,14.33,14.44,724861.18
2021-11-11,14.37,15.03,14.37,14.99,1483276.78
2021-11-12,15.0,15.14,14.87,14.95,660593.86
2021-11-15,14.98,15.14,14.81,14.95,548120.48
2021-11-16,14.87,15.01,14.68,14.76,537806.21
2021-11-17,14.64,14.87,14.62,14.69,461644.21
2021-11-18,14.67,14.75,14.5,14.52,579222.66
2021-11-19,14.51,14.77,14.48,14.68,678054.57
2021-11-22,14.71,14.75,14.4,14.45,1058189.59
2021-11-23,14.45,14.51,14.34,14.39,1056175.51
2021-11-24,14.4,14.63,14.29,14.53,1083727.21
2021-11-25,14.48,14.54,14.43,14.5,574888.73
2021-11-26,14.44,14.48,14.33,14.45,748758.19
2021-11-29,14.36,14.41,14.27,14.34,824462.87
2021-11-30,14.33,14.39,14.25,14.29,587480.96
2021-12-01,14.29,14.41,14.25,14.38,544134.32
2021-12-02,14.36,14.63,14.27,14.58,928809.28
2021-12-03,14.56,14.64,14.38,14.52,822041.91
2021-12-06,14.56,14.97,14.56,14.7,1324104.06
2021-12-07,14.87,15.32,14.86,15.25,2510043.97
2021-12-08,15.18,15.48,15.14,15.44,1520074.74
2021-12-09,15.44,15.78,15.37,15.42,1432510.36
2021-12-10,15.32,15.66,15.29,15.41,1221508.34
2021-12-13,15.51,15.93,15.51,15.55,1410507.71
2021-12-14,15.48,15.52,15.14,15.25,1037367.92
2021-12-15,15.16,15.27,15.02,15.18,961685.03
2021-12-16,15.27,15.52,15.2,15.48,940316.9
2021-12-17,15.48,15.63,15.41,15.46,846600.12
2021-12-20,15.41,15.63,15.37,15.49,699545.82
2021-12-21,15.48,15.73,15.44,15.5,881011.54
2021-12-22,15.6,15.63,15.25,15.33,697347.74
2021-12-23,15.44,15.57,15.17,15.29,1396114.59
2021-12-24,15.37,15.37,15.13,15.14,763854.94
2021-12-27,15.09,15.14,14.93,14.96,944857.65
2021-12-28,15.02,15.22,15.01,15.11,930354.68
2021-12-29,15.18,15.18,14.98,15.02,601637.87
2021-12-30,15.03,15.25,15.02,15.12,798266.08
2021-12-31,15.17,15.21,15.06,15.11,553909.08
2022-01-04,15.14,15.24,14.95,15.18,1055270.96
2022-01-05,15.2,16.13,15.19,15.93,2454030.37
2022-01-06,16.0,16.07,15.79,15.84,1219046.28
2022-01-07,15.95,16.24,15.84,16.19,1177944.74
2022-01-10,16.34,16.46,16.03,16.37,1278528.08
2022-01-11,16.67,17.11,16.51,16.98,1954062.37
2022-01-12,17.02,17.11,16.75,16.96,1481451.53
2022-01-13,16.98,17.17,16.79,16.86,1096567.11
2022-01-14,16.8,16.83,16.3,16.4,1465026.4
2022-01-17,16.45,16.64,16.16,16.28,816622.75
2022-01-18,16.29,16.94,16.19,16.91,1364751.27
2022-01-19,16.91,17.18,16.78,17.07,1323516.59
2022-01-20,17.06,17.68,17.03,17.58,1638619.6
2022-01-21,17.46,17.52,17.22,17.3,817944.51
2022-01-24,17.3,17.71,17.14,17.51,1168088.67
2022-01-25,17.46,17.46,16.98,17.0,1024314.58
2022-01-26,17.07,17.24,16.83,16.93,674513.62
2022-01-27,16.92,17.1,16.71,16.91,995375.75
2022-01-28,17.02,17.05,16.51,16.57,1025663.95
2022-02-07,16.95,17.52,16.88,17.47,1594037.22
2022-02-08,17.5,17.83,17.45,17.76,1215913.69
2022-02-09,17.8,17.98,17.59,17.68,1082394.67
2022-02-10,17.64,18.06,17.48,17.98,907148.66
2022-02-11,18.08,18.36,17.94,18.25,1236475.47
2022-02-14,18.22,18.22,17.57,17.66,1133554.76
2022-02-15,17.56,17.76,17.07,17.34,1543969.17
2022-02-16,17.38,17.75,17.38,17.6,709955.66
2022-02-17,17.61,18.1,17.56,17.7,1103724.32
2022-02-18,17.71,18.17,17.68,18.17,933979.88
2022-02-21,18.1,18.18,17.7,18.06,809656.67
2022-02-22,18.11,18.43,17.87,18.32,1252978.56
2022-02-23,18.32,18.33,17.74,17.86,1102071.35
2022-02-24,17.87,18.08,17.68,17.72,1028155.69
2022-02-25,17.77,17.93,17.36,17.55,1125989.45
2022-02-28,17.46,17.56,16.99,17.52,1022221.29
2022-03-01,17.46,17.68,17.26,17.6,871792.9
2022-03-02,17.34,17.69,17.32,17.51,532416.39
2022-03-03,17.53,17.81,17.51,17.52,718004.91
2022-03-04,17.46,17.53,17.14,17.23,752301.48
2022-03-07,17.06,17.32,16.83,16.94,1184656.47
2022-03-08,16.79,16.93,16.27,16.35,1361880.91
2022-03-09,16.42,16.62,15.78,16.25,1231452.57
2022-03-10,16.57,16.67,16.35,16.41,743162.24
2022-03-11,16.3,16.58,15.95,16.51,820472.57
2022-03-14,16.28,16.62,15.98,15.98,821298.21
2022-03-15,15.87,15.87,14.92,14.96,1643798.1
2022-03-16,15.24,15.88,14.96,15.73,1437253.07
2022-03-17,16.1,16.14,15.58,15.8,1227694.18
2022-03-18,15.7,16.57,15.66,16.48,1430838.53
2022-03-21,16.41,16.51,16.01,16.05,975084.33
2022-03-22,16.1,16.61,16.07,16.52,863389.14
2022-03-23,16.46,16.49,15.58,15.64,3084134.72
2022-03-24,15.54,15.78,15.37,15.75,1098797.24
2022-03-25,15.86,16.23,15.75,15.93,1329047.86
2022-03-28,15.75,16.0,15.52,15.9,821770.25
2022-03-29,15.94,15.97,15.74,15.78,526222.33
2022-03-30,15.87,16.14,15.79,16.1,960165.21
2022-03-31,16.03,16.5,15.98,16.41,1178968.87
2022-04-01,16.32,17.0,16.23,16.98,1421226.89
2022-04-06,16.82,17.63,16.8,17.4,1598676.36
2022-04-07,17.37,17.6,17.04,17.14,1101117.25
2022-04-08,17.14,17.49,17.14,17.45,802278.26
2022-04-11,17.37,17.41,17.06,17.26,860659.51
2022-04-12,17.18,17.46,16.96,17.25,878479.77
2022-04-13,17.19,17.48,17.09,17.24,817165.05
2022-04-14,17.5,17.51,17.06,17.21,937776.36
2022-04-15,17.16,17.79,17.1,17.67,1189639.9
2022-04-18,17.44,17.44,17.02,17.21,1143365.58
2022-04-19,17.14,17.19,16.75,17.02,928746.86
2022-04-20,17.06,17.16,16.83,16.87,730517.66
2022-04-21,16.87,17.21,16.64,16.77,912944.6
2022-04-22,16.64,17.14,16.6,17.0,762350.75
2022-04-25,16.6,16.74,16.07,16.1,1492988.43
2022-04-26,16.18,16.46,16.06,16.21,910385.33
2022-04-27,16.08,16.5,16.05,16.3,877748.85
2022-04-28,16.27,16.72,16.24,16.71,1054012.55
2022-04-29,16.63,16.63,15.87,16.25,1827993.88
2022-05-05,16.15,16.43,16.07,16.19,1003052.04
2022-05-06,16.02,16.18,15.82,15.84,643860.5
2022-05-09,15.75,15.82,15.44,15.57,669036.47
2022-05-10,15.45,15.93,15.34,15.87,829533.04
2022-05-11,15.91,15.95,15.61,15.7,1054972.11
2022-05-12,15.6,15.67,15.45,15.58,582934.61
2022-05-13,15.67,15.95,15.56,15.68,1069314.49
2022-05-16,15.68,15.68,15.22,15.35,1237326.24
2022-05-17,15.37,15.67,15.25,15.55,858625.32
2022-05-18,15.64,15.64,15.3,15.41,742995.59
2022-05-19,15.24,15.36,15.21,15.3,665182.09
2022-05-20,15.38,15.68,15.37,15.63,1024770.85
2022-05-23,15.68,15.77,15.48,15.62,800159.63
2022-05-24,15.68,15.75,15.45,15.46,607269.82
2022-05-25,15.52,15.6,15.43,15.5,461297.85
2022-05-26,15.56,15.57,15.36,15.5,616063.24
2022-05-27,15.55,15.79,15.52,15.65,736519.7
2022-05-30,15.78,15.78,15.45,15.5,594662.93
2022-05-31,15.52,15.66,15.44,15.6,710118.8
2022-06-01,15.64,15.64,15.45,15.52,607185.61
2022-06-02,15.45,15.52,15.33,15.36,721369.89
2022-06-06,15.33,15.36,15.05,15.23,1315649.72
2022-06-07,15.18,15.55,15.15,15.48,1004751.36
2022-06-08,15.53,15.59,15.37,15.58,802914.03
2022-06-09,15.68,16.1,15.64,16.02,1486129.86
2022-06-10,15.97,16.17,15.85,16.14,1042362.09
2022-06-13,16.06,16.13,15.68,15.79,1006421.82
2022-06-14,15.71,16.07,15.66,16.06,898241.69
2022-06-15,16.07,16.67,15.99,16.45,1756860.54
2022-06-16,16.54,16.56,16.18,16.21,1243800.83
2022-06-17,16.09,16.31,16.07,16.19,1008084.74
2022-06-20,16.19,16.23,15.89,15.98,960299.59
2022-06-21,15.97,16.29,15.89,16.19,718301.33
2022-06-22,16.17,16.17,15.95,15.95,648893.89
2022-06-23,15.99,16.13,15.96,16.12,642933.92
2022-06-24,16.11,16.21,15.89,16.03,895596.57
2022-06-27,16.03,16.28,15.99,16.17,848896.94
2022-06-28,16.2,16.38,16.09,16.26,676452.26
2022-06-29,16.2,16.55,16.19,16.42,839916.48
2022-06-30,16.38,16.72,16.3,16.62,1003384.37
2022-07-01,16.64,16.71,16.55,16.62,602202.13
2022-07-04,16.59,16.65,16.34,16.43,780490.57
2022-07-05,16.45,16.69,16.37,16.45,815967.23
2022-07-06,16.41,16.46,16.1,16.19,733436.82
2022-07-07,16.16,16.25,16.04,16.05,582847.28
2022-07-08,16.14,16.16,15.92,16.13,595228.34
2022-07-11,16.09,16.27,16.01,16.01,629121.78
2022-07-12,16.05,16.27,16.05,16.1,702961.55
2022-07-13,16.0,16.08,15.49,15.53,1815044.84
2022-07-14,15.39,15.39,14.98,15.03,1987092.41
2022-07-15,15.07,15.14,14.71,14.72,1464229.21
2022-07-18,14.82,14.99,14.75,14.87,872069.74
2022-07-19,14.87,14.93,14.71,14.82,801578.43
2022-07-20,14.91,14.98,14.76,14.82,633218.47
2022-07-21,14.78,14.78,14.46,14.5,1158802.53
2022-07-22,14.54,14.7,14.5,14.64,621485.77
2022-07-25,14.64,14.75,14.55,14.7,421863.41
2022-07-26,14.72,14.96,14.7,14.95,801883.12
2022-07-27,15.06,15.08,14.82,14.89,566766.6
2022-07-28,14.93,15.08,14.93,14.95,553790.55
2022-07-29,14.99,15.06,14.8,14.84,520738.56
2022-08-01,14.79,14.79,14.64,14.66,532803.27
2022-08-02,14.55,14.56,14.32,14.52,779241.92
2022-08-03,14.45,14.62,14.32,14.34,624408.31
2022-08-04,14.42,14.61,14.34,14.57,509061.93
2022-08-05,14.57,14.7,14.47,14.7,413499.59
2022-08-08,14.68,14.82,14.6,14.63,355450.62
2022-08-09,14.64,14.66,14.56,14.57,253334.82
2022-08-10,14.62,14.63,14.45,14.49,311596.0
2022-08-11,14.62,14.93,14.54,14.91,698553.45
2022-08-12,14.84,14.97,14.81,14.93,383194.79
2022-08-15,14.87,14.96,14.62,14.67,631098.63
2022-08-16,14.63,14.79,14.62,14.67,366719.79
2022-08-17,14.72,14.99,14.62,14.95,707082.78
2022-08-18,14.91,14.93,14.67,14.74,507026.05
2022-08-19,14.68,15.03,14.67,14.87,684367.02
2022-08-22,14.78,15.02,14.76,14.83,502418.35
2022-08-23,14.83,14.87,14.64,14.71,426784.78
2022-08-24,14.7,14.91,14.67,14.68,550157.86
2022-08-25,14.72,14.99,14.67,14.95,670003.86
2022-08-26,14.93,14.97,14.76,14.93,512143.14
2022-08-29,14.56,14.6,14.1,14.14,2267800.55
2022-08-30,14.1,14.19,13.95,14.05,938700.22
2022-08-31,13.97,14.41,13.94,14.29,1013764.66
2022-09-01,14.22,14.39,14.2,14.29,554334.45
2022-09-02,14.34,14.41,14.16,14.22,455455.65
2022-09-05,14.22,14.31,14.1,14.27,529370.82
2022-09-06,14.27,14.41,14.2,14.25,606214.57
2022-09-07,14.22,14.3,14.14,14.27,435892.67
2022-09-08,14.28,14.33,14.21,14.21,494942.43
2022-09-09,14.27,14.59,14.22,14.52,983033.41
2022-09-13,14.59,14.74,14.46,14.69,753858.7
2022-09-14,14.53,14.67,14.52,14.52,477132.12
2022-09-15,14.6,14.8,14.57,14.77,954106.54
2022-09-16,14.71,14.76,14.38,14.38,734805.21
2022-09-19,14.41,14.52,14.37,14.48,406575.75
2022-09-20,14.51,14.56,14.27,14.27,484674.36
2022-09-21,14.27,14.41,14.19,14.32,413002.02
2022-09-22,14.23,14.3,14.2,14.24,388091.81
2022-09-23,14.22,14.42,14.22,14.28,390988.8
2022-09-26,14.22,14.33,13.97,13.99,643545.63
2022-09-27,14.01,14.11,13.86,14.04,581404.18
2022-09-28,14.01,14.17,13.87,14.06,539909.66
2022-09-29,14.14,14.17,13.77,13.81,740478.15
2022-09-30,13.84,14.01,13.81,13.91,470496.19
2022-10-10,13.86,13.98,13.75,13.77,504861.64
2022-10-11,13.85,13.86,13.62,13.64,423705.92
2022-10-12,13.66,13.78,13.45,13.76,544681.17
2022-10-13,13.71,13.76,13.5,13.61,556712.22
2022-10-14,13.71,13.9,13.7,13.79,521781.55
2022-10-17,13.74,13.87,13.71,13.81,382824.0
2022-10-18,13.89,13.96,13.79,13.83,477072.77
2022-10-19,13.78,13.86,13.49,13.49,732764.39
2022-10-20,13.47,13.52,13.39,13.44,600013.98
2022-10-21,13.46,13.54,13.34,13.35,496712.9
2022-10-24,13.35,13.4,12.75,12.78,1157427.76
2022-10-25,12.89,12.97,12.76,12.83,723392.25
2022-10-26,12.83,12.93,12.68,12.72,585753.58
2022-10-27,12.77,12.9,12.73,12.74,462966.04
2022-10-28,12.71,12.8,12.54,12.58,568470.8
2022-10-31,12.53,12.65,12.45,12.55,576493.86
2022-11-01,12.61,12.9,12.6,12.88,674258.08
2022-11-02,12.8,12.86,12.7,12.82,598258.7
2022-11-03,12.75,12.78,12.6,12.64,458617.08
2022-11-04,12.61,12.95,12.6,12.89,748388.92
2022-11-07,12.82,13.0,12.78,12.92,513675.57
2022-11-08,12.91,12.95,12.83,12.9,367946.54
2022-11-09,12.9,13.02,12.89,12.94,388866.19
2022-11-10,12.88,13.03,12.85,13.0,380416.33
2022-11-11,13.23,13.71,13.11,13.49,1268087.08
2022-11-14,13.78,14.21,13.78,13.92,1951001.27
2022-11-15,13.86,14.11,13.83,13.95,705122.48
2022-11-16,13.91,13.92,13.78,13.79,623276.34
2022-11-17,13.73,13.78,13.56,13.68,494633.07
2022-11-18,13.72,13.74,13.51,13.55,449560.95
2022-11-21,13.48,13.48,13.23,13.46,580953.65
2022-11-22,13.46,13.87,13.46,13.79,733663.13
2022-11-23,13.8,14.08,13.76,13.95,732804.56
2022-11-24,13.99,14.13,13.84,13.88,439345.22
2022-11-25,13.88,14.27,13.86,14.21,956856.03
2022-11-28,14.01,14.02,13.78,13.97,750299.46
2022-11-29,14.21,15.08,14.21,14.87,2652287.84
2022-11-30,14.77,15.06,14.7,14.78,1060878.23
2022-12-01,15.04,15.08,14.6,14.64,757837.77
2022-12-02,14.61,14.69,14.24,14.54,1029713.74
2022-12-05,14.71,14.99,14.62,14.96,1064463.61
2022-12-06,14.87,14.94,14.73,14.86,651301.45
2022-12-07,14.82,14.88,14.64,14.68,589307.63
2022-12-08,14.68,14.86,14.62,14.82,505800.38
2022-12-09,14.86,15.15,14.8,15.03,1091514.77
2022-12-12,14.95,14.97,14.59,14.64,641818.26
2022-12-13,14.63,14.86,14.62,14.78,523454.18
2022-12-14,14.87,14.88,14.65,14.83,473974.64
2022-12-15,14.74,14.82,14.55,14.67,419548.76
2022-12-16,14.6,14.85,14.57,14.74,657344.81
2022-12-19,14.76,14.82,14.38,14.47,649573.15
2022-12-20,14.42,14.55,14.08,14.18,866772.89
2022-12-21,14.21,14.35,14.15,14.29,374402.46
2022-12-22,14.42,14.5,14.35,14.42,315192.35
2022-12-23,14.33,14.51,14.32,14.41,344977.38
2022-12-26,14.41,14.52,14.24,14.33,384009.59
2022-12-27,14.47,14.72,14.45,14.56,445487.1
2022-12-28,14.65,14.82,14.57,14.71,412201.73
2022-12-29,14.63,14.73,14.44,14.57,408886.16
2022-12-30,14.62,14.77,14.52,14.69,503057.59
2023-01-03,14.62,14.91,14.47,14.84,770285.19
2023-01-04,14.87,15.26,14.83,15.09,968299.53
2023-01-05,15.18,15.23,15.02,15.11,637233.04
2023-01-06,15.08,15.17,14.95,15.12,528331.21
2023-01-09,15.13,15.2,15.03,15.1,401439.66
2023-01-10,15.08,15.18,14.82,14.85,655413.34
2023-01-11,14.89,15.14,14.86,15.02,624384.77
2023-01-12,15.09,15.1,14.93,15.08,365999.57
2023-01-13,15.09,15.23,15.03,15.23,547582.58
2023-01-16,15.24,15.43,15.14,15.23,742636.87
2023-01-17,15.18,15.28,15.09,15.2,524374.04
2023-01-18,15.2,15.24,15.06,15.07,490031.24
2023-01-19,15.03,15.13,14.93,15.09,586364.94
2023-01-20,15.1,15.1,14.93,15.0,636901.25
2023-01-30,15.18,15.2,14.93,14.95,784277.72
2023-01-31,14.92,15.02,14.66,14.72,1103953.47
2023-02-01,14.76,14.8,14.5,14.62,1071986.14
2023-02-02,14.63,14.65,14.5,14.54,696311.14
2023-02-03,14.49,14.51,14.36,14.42,604876.95
2023-02-06,14.35,14.36,14.23,14.32,629470.89
2023-02-07,14.31,14.4,14.3,14.34,458881.99
2023-02-08,14.37,14.38,14.28,14.29,371296.39
2023-02-09,14.27,14.42,14.26,14.36,493650.15
2023-02-10,14.36,14.38,14.28,14.36,367626.62
2023-02-13,14.31,14.32,14.13,14.16,1011471.62
2023-02-14,14.2,14.24,14.16,14.24,500659.18
2023-02-15,14.21,14.24,14.15,14.17,420401.79
2023-02-16,14.17,14.35,14.06,14.17,734488.3
2023-02-17,14.17,14.21,13.94,13.96,788703.24
2023-02-20,14.0,14.33,13.94,14.32,928176.55
2023-02-21,14.28,14.4,14.27,14.37,564885.58
2023-02-22,14.32,14.36,14.22,14.23,387191.34
2023-02-23,14.26,14.35,14.22,14.24,348497.71
2023-02-24,14.23,14.24,14.11,14.11,494477.9
2023-02-27,14.07,14.17,14.04,14.05,300376.74
2023-02-28,14.08,14.14,13.99,14.12,489486.93
2023-03-01,14.13,14.37,14.12,14.33,837326.2
2023-03-02,14.32,14.4,14.24,14.35,451677.96
2023-03-03,14.4,14.48,14.33,14.46,811180.23
2023-03-06,14.47,14.52,14.17,14.18,980572.48
2023-03-07,14.22,14.52,14.13,14.2,1383538.32
2023-03-08,14.13,14.15,14.04,14.12,704993.44
2023-03-09,14.13,14.23,14.06,14.06,542969.46
2023-03-10,13.96,14.04,13.86,13.86,737610.28
2023-03-13,13.84,13.95,13.79,13.83,613362.82
2023-03-14,13.78,13.89,13.7,13.77,527669.38
2023-03-15,13.88,13.95,13.83,13.85,453078.85
2023-03-16,13.78,14.09,13.75,13.93,640706.85
2023-03-17,14.01,14.16,13.91,13.96,802207.01
2023-03-20,13.98,14.1,13.87,13.88,546252.99
2023-03-21,13.93,14.04,13.84,13.88,490330.6
2023-03-22,13.93,14.06,13.91,14.01,494605.72
2023-03-23,13.91,14.1,13.91,14.09,609662.1
2023-03-24,14.07,14.1,13.96,14.01,378206.12
2023-03-27,14.03,14.04,13.86,13.89,490568.54
2023-03-28,13.94,14.05,13.9,13.94,463767.62
2023-03-29,14.02,14.02,13.86,13.86,434578.32
2023-03-30,13.89,14.06,13.84,14.05,541010.41
2023-03-31,14.08,14.23,14.06,14.11,779090.59
2023-04-03,14.1,14.14,14.05,14.11,488526.54
2023-04-04,14.11,14.22,14.07,14.2,485718.31
2023-04-06,14.18,14.21,14.11,14.13,373315.76
2023-04-07,14.15,14.23,14.14,14.17,346670.87
2023-04-10,14.17,14.26,14.17,14.24,410694.39
2023-04-11,14.27,14.32,14.17,14.19,439627.05
2023-04-12,14.23,14.25,14.17,14.18,438651.84
2023-04-13,14.17,14.32,14.11,14.26,569845.09
2023-04-14,14.27,14.38,14.23,14.29,558727.68
2023-04-17,14.3,14.47,14.25,14.47,911041.37
2023-04-18,14.47,14.71,14.44,14.54,1088767.13
2023-04-19,14.57,14.61,14.46,14.51,816500.24
2023-04-20,14.52,14.6,14.4,14.52,654086.41
2023-04-21,14.53,14.58,14.27,14.29,941322.15
2023-04-24,14.28,14.34,14.12,14.14,876281.77
2023-04-25,14.17,14.44,14.17,14.42,995234.22
2023-04-26,14.45,14.52,14.25,14.41,792577.8
2023-04-27,14.36,14.4,14.2,14.32,824700.9
2023-04-28,14.3,14.53,14.27,14.38,848219.19
2023-05-04,13.76,14.01,13.62,14.0,2686373.02
2023-05-05,14.03,14.51,14.03,14.31,1775591.99
2023-05-08,14.37,14.85,14.34,14.72,2102218.75
2023-05-09,14.84,14.98,14.62,14.67,1627642.75
2023-05-10,14.63,14.7,14.42,14.46,1016292.56
2023-05-11,14.51,14.59,14.37,14.41,595737.61
2023-05-12,14.42,14.45,14.2,14.22,765441.45
2023-05-15,14.22,14.37,14.13,14.32,894216.97
2023-05-16,14.37,14.53,14.35,14.4,821942.22
2023-05-17,14.37,14.51,14.29,14.32,663859.63
2023-05-18,14.38,14.51,14.31,14.35,739443.24
2023-05-19,14.32,14.33,14.22,14.23,537571.76
2023-05-22,14.25,14.34,14.22,14.27,548530.93
2023-05-23,14.27,14.32,14.16,14.16,681130.73
2023-05-24,14.16,14.19,13.96,13.96,780902.09
2023-05-25,13.96,13.97,13.86,13.92,538868.98
2023-05-26,13.95,14.02,13.86,14.01,453403.94
2023-05-29,14.03,14.07,13.91,13.99,518930.03
2023-05-30,14.01,14.02,13.81,13.94,547317.03
2023-05-31,13.91,13.94,13.81,13.83,472474.77
2023-06-01,13.85,13.89,13.78,13.82,500704.86
2023-06-02,13.86,13.96,13.85,13.95,523992.35
2023-06-05,13.95,14.03,13.91,13.97,307947.34
2023-06-06,13.97,14.16,13.96,13.98,538389.88
2023-06-07,13.99,14.12,13.98,14.04,362621.5
2023-06-08,14.07,14.27,14.01,14.27,667198.6
2023-06-09,14.26,14.34,14.22,14.28,571890.7
2023-06-12,14.27,14.29,14.15,14.15,487361.49
2023-06-13,14.2,14.27,14.16,14.21,421629.0
2023-06-14,14.26,14.29,14.11,14.12,576609.7
2023-06-15,14.17,14.22,14.07,14.2,485794.32
2023-06-16,14.22,14.27,14.17,14.19,752911.6
2023-06-19,14.3,14.35,14.16,14.18,861865.61
2023-06-20,14.19,14.25,14.17,14.17,369273.85
2023-06-21,14.18,14.3,14.16,14.16,340648.13
2023-06-26,14.15,14.15,13.95,14.02,502971.3
2023-06-27,14.02,14.12,14.02,14.08,237313.93
2023-06-28,14.08,14.12,14.01,14.09,252680.18
2023-06-29,14.09,14.09,13.96,13.96,283133.39
2023-06-30,13.97,14.11,13.96,14.05,255757.56
2023-07-03,14.08,14.24,14.06,14.21,365352.67
2023-07-04,14.21,14.21,14.04,14.08,338493.11
2023-07-05,14.07,14.09,14.0,14.01,280218.47
2023-07-06,13.99,14.04,13.94,13.97,345276.86
2023-07-07,13.95,14.01,13.93,13.94,218741.06
2023-07-10,13.97,14.0,13.86,13.88,321777.56
2023-07-11,13.92,13.96,13.86,13.9,272863.66
2023-07-12,13.91,14.0,13.9,13.93,264125.22
2023-07-13,13.97,14.08,13.95,14.08,376562.27
2023-07-14,14.05,14.12,14.05,14.08,271397.69
2023-07-17,14.04,14.04,13.96,14.0,235977.56
2023-07-18,14.02,14.04,13.95,13.97,243972.33
2023-07-19,13.96,14.14,13.95,14.12,366827.59
2023-07-20,14.16,14.26,14.13,14.18,415501.19
2023-07-21,14.14,14.22,14.13,14.17,338446.78
2023-07-24,14.11,14.16,14.05,14.06,244387.65
2023-07-25,14.16,14.32,14.16,14.31,662673.05
2023-07-26,14.27,14.35,14.25,14.32,306360.26
2023-07-27,14.35,14.48,14.31,14.37,477050.65
2023-07-28,14.33,14.85,14.32,14.81,1107674.23
2023-07-31,14.87,15.12,14.83,14.96,1049721.47
2023-08-01,14.92,15.02,14.88,14.93,517334.1
2023-08-02,14.85,14.88,14.59,14.69,694390.35
2023-08-03,14.64,14.86,14.61,14.83,399353.39
2023-08-04,14.92,15.09,14.83,14.87,597000.98
2023-08-07,14.85,14.9,14.77,14.82,422909.22
2023-08-08,14.77,14.86,14.69,14.77,387440.45
2023-08-09,14.74,14.85,14.73,14.82,280299.72
2023-08-10,14.75,14.86,14.67,14.76,361964.96
2023-08-11,14.76,14.85,14.46,14.46,538697.35
2023-08-14,14.39,14.39,14.29,14.33,451192.7
2023-08-15,14.35,14.45,14.29,14.41,378056.93
2023-08-16,14.37,14.48,14.32,14.44,276516.98
2023-08-17,14.37,14.42,14.3,14.39,406925.98
2023-08-18,14.36,14.52,14.31,14.31,367627.3
2023-08-21,14.32,14.36,14.1,14.1,525844.99
2023-08-22,14.11,14.34,14.11,14.3,534633.83
2023-08-23,14.25,14.45,14.25,14.29,503858.76
2023-08-24,14.31,14.35,14.15,14.3,374664.56
2023-08-25,14.25,14.48,14.24,14.38,460674.0
2023-08-28,14.87,14.97,14.48,14.55,1069851.73
2023-08-29,14.54,14.59,14.32,14.37,783116.53
2023-08-30,14.37,14.38,14.17,14.18,663166.45
2023-08-31,14.22,14.41,14.19,14.2,628646.9
2023-09-01,14.26,14.47,14.24,14.31,503236.38
2023-09-04,14.4,14.67,14.37,14.58,793468.64
2023-09-05,14.54,14.58,14.48,14.52,412219.28
2023-09-06,14.47,14.65,14.46,14.63,358607.15
2023-09-07,14.6,14.65,14.54,14.55,306923.77
2023-09-08,14.55,14.56,14.44,14.51,240551.67
2023-09-11,14.51,14.59,14.46,14.56,380739.35
2023-09-12,14.56,14.59,14.5,14.52,240530.01
2023-09-13,14.59,14.65,14.48,14.52,358665.78
2023-09-14,14.57,14.61,14.5,14.6,410478.66
2023-09-15,14.61,14.64,14.39,14.46,635260.58
2023-09-18,14.44,14.5,14.38,14.49,308930.69
2023-09-19,14.46,14.56,14.44,14.56,383487.04
2023-09-20,14.56,14.6,14.48,14.56,332169.87
2023-09-21,14.56,14.58,14.48,14.5,347316.58
2023-09-22,14.53,14.71,14.49,14.7,673681.92
2023-09-25,14.67,14.75,14.64,14.7,449738.95
2023-09-26,14.69,14.74,14.65,14.68,263097.69
2023-09-27,14.71,14.71,14.58,14.59,350027.01
2023-09-28,14.65,14.71,14.62,14.63,343072.1
2023-10-09,14.58,14.63,14.48,14.56,480009.22
2023-10-10,14.64,14.7,14.53,14.53,316020.68
2023-10-11,14.65,14.65,14.5,14.51,337892.28
2023-10-12,14.68,14.71,14.6,14.67,380282.84
2023-10-13,14.59,14.67,14.55,14.61,329640.6
2023-10-16,14.62,14.64,14.51,14.55,279350.6
2023-10-17,14.57,14.65,14.55,14.56,278169.7
2023-10-18,14.56,14.62,14.52,14.52,363291.0
2023-10-19,14.5,14.51,14.21,14.23,707166.32
2023-10-20,14.21,14.29,14.12,14.18,494683.19
2023-10-23,14.18,14.23,14.04,14.13,399452.48
2023-10-24,14.18,14.2,14.06,14.07,503917.57
2023-10-25,14.18,14.18,13.93,13.98,697458.39
2023-10-26,13.98,14.13,13.96,14.11,394706.95
2023-10-27,14.1,14.22,14.09,14.17,437302.56
2023-10-30,14.1,14.13,13.96,13.98,552737.12
2023-10-31,13.74,13.74,13.42,13.54,1612214.68
2023-11-01,13.53,13.6,13.43,13.57,624403.63
2023-11-02,13.58,13.72,13.57,13.69,492220.75
2023-11-03,13.7,13.72,13.62,13.65,373637.03
2023-11-06,13.68,13.74,13.62,13.71,480595.39
2023-11-07,13.71,13.72,13.6,13.64,437351.43
2023-11-08,13.63,13.66,13.54,13.59,336587.23
2023-11-09,13.57,13.63,13.55,13.58,355552.42
2023-11-10,13.56,13.58,13.43,13.45,503555.32
2023-11-13,13.47,13.51,13.4,13.43,372199.75
2023-11-14,13.42,13.48,13.13,13.22,1071110.42
2023-11-15,13.26,13.38,13.22,13.33,632205.34
2023-11-16,13.33,13.35,13.24,13.26,405115.9
2023-11-17,13.24,13.24,13.12,13.21,534408.72
2023-11-20,13.24,13.35,13.18,13.33,413407.54
2023-11-21,13.36,13.45,13.35,13.37,387546.38
2023-11-22,13.34,13.41,13.33,13.33,268604.51
2023-11-23,13.33,13.36,13.24,13.32,306822.56
2023-11-24,13.31,13.35,13.27,13.3,265141.38
2023-11-27,13.26,13.31,13.16,13.24,412581.27
2023-11-28,13.24,13.33,13.24,13.29,290625.17
2023-11-29,13.28,13.3,13.01,13.11,688853.06
2023-11-30,13.11,13.17,13.07,13.11,405065.58
2023-12-01,13.11,13.17,13.02,13.12,464221.67
2023-12-04,13.13,13.19,13.03,13.03,327216.52
2023-12-05,13.02,13.03,12.72,12.73,617366.09
2023-12-06,12.72,12.8,12.62,12.72,492071.93
2023-12-07,12.74,12.74,12.58,12.68,430911.32
2023-12-08,12.66,12.76,12.65,12.67,359617.88
2023-12-11,12.68,12.97,12.53,12.92,562369.78
2023-12-12,12.85,13.11,12.84,13.1,520377.97
2023-12-13,13.09,13.1,12.85,12.88,460384.49
2023-12-14,12.94,13.0,12.88,12.88,273372.99
2023-12-15,12.92,13.01,12.82,12.85,366365.85
2023-12-18,12.83,12.93,12.72,12.89,293047.87
2023-12-19,12.87,12.95,12.82,12.93,263194.16
2023-12-20,12.94,13.02,12.86,12.87,340850.76
2023-12-21,12.84,13.04,12.78,13.0,435001.6
2023-12-22,13.03,13.16,12.93,13.13,469370.12
2023-12-25,13.11,13.16,13.07,13.12,248101.5
2023-12-26,13.13,13.15,13.03,13.07,204607.21
2023-12-27,13.07,13.09,12.91,13.04,350068.25
2023-12-28,13.04,13.24,13.0,13.24,499005.48
2023-12-29,13.23,14.56,13.21,14.56,503351.87
2024-01-02,13.4,13.42,13.26,13.32,1032287.89
2024-01-03,13.24,13.25,13.11,13.18,765385.28
2024-01-04,13.16,13.21,13.03,13.13,631231.05
2024-01-05,13.09,13.45,13.07,13.3,1033392.37
2024-01-08,13.23,13.38,13.14,13.2,705452.19
2024-01-09,13.19,13.21,13.1,13.18,483875.8
2024-01-10,13.16,13.2,13.12,13.12,327007.24
2024-01-11,13.11,13.23,13.04,13.16,414089.5
2024-01-12,13.12,13.26,13.11,13.19,345305.47
2024-01-15,13.15,13.3,13.15,13.23,357986.16
2024-01-16,13.21,13.42,13.2,13.41,704893.55
2024-01-17,13.38,13.51,13.3,13.3,871693.31
2024-01-18,13.27,13.6,13.07,13.55,1101889.53
2024-01-19,13.48,13.62,13.42,13.6,733235.36
2024-01-22,13.6,13.83,13.49,13.65,1215341.83
2024-01-23,13.57,13.65,13.47,13.56,612646.96
2024-01-24,13.65,13.77,13.54,13.74,615408.1
2024-01-25,13.78,13.9,13.74,13.89,688832.48
2024-01-26,13.89,14.06,13.86,14.04,913239.24
2024-01-29,14.06,14.23,14.01,14.12,737110.99
2024-01-30,14.07,14.23,14.02,14.05,697537.37
2024-01-31,14.03,14.18,13.99,14.12,694748.01
2024-02-01,14.08,14.16,13.96,14.11,674158.23
2024-02-02,14.14,14.18,13.78,14.11,877713.86
2024-02-05,14.11,14.28,13.99,14.22,1136109.2
2024-02-06,14.22,14.3,14.14,14.3,992720.51
2024-02-07,14.34,14.35,14.04,14.34,1314550.89
2024-02-08,14.29,14.41,14.21,14.41,889506.45
2024-02-19,14.45,14.54,14.37,14.53,690320.36
2024-02-20,14.51,14.58,14.46,14.55,614769.64
2024-02-21,14.55,15.14,14.48,14.97,1316809.81
2024-02-22,14.95,15.16,14.91,15.09,712384.5
2024-02-23,15.08,15.26,15.07,15.14,609501.41
2024-02-26,15.12,15.12,14.74,14.8,830387.57
2024-02-27,14.74,14.94,14.72,14.86,469451.27
2024-02-28,14.86,14.96,14.69,14.84,748481.72
2024-02-29,14.8,15.0,14.78,14.95,660211.05
2024-03-01,14.92,14.95,14.83,14.89,486603.08
2024-03-04,14.83,14.86,14.71,14.74,546732.43
2024-03-05,14.69,14.97,14.65,14.92,706846.3
2024-03-06,14.92,15.0,14.82,14.82,471367.14
2024-03-07,14.82,14.93,14.78,14.83,419122.22
2024-03-08,14.81,14.88,14.75,14.8,344518.11
2024-03-11,14.79,14.85,14.72,14.82,417695.03
2024-03-12,14.8,14.92,14.76,14.81,554794.8
2024-03-13,14.8,14.83,14.59,14.65,532706.85
2024-03-14,14.62,14.71,14.62,14.63,309543.11
2024-03-15,14.66,14.79,14.62,14.72,460854.82
2024-03-18,14.67,14.76,14.66,14.7,303569.93
2024-03-19,14.68,14.7,14.53,14.54,409027.3
2024-03-20,14.53,14.64,14.48,14.62,294985.42
2024-03-21,14.6,14.75,14.58,14.66,360475.62
2024-03-22,14.65,14.69,14.5,14.61,404523.48
2024-03-25,14.59,14.71,14.56,14.63,363072.6
2024-03-26,14.66,14.8,14.66,14.78,498302.21
2024-03-27,14.8,14.99,14.76,14.9,559530.1
2024-03-28,14.86,14.88,14.56,14.59,833139.62
2024-03-29,14.12,14.3,13.95,14.17,1160067.65
2024-04-01,14.19,14.44,14.16,14.21,926342.16
2024-04-02,14.21,14.27,13.94,14.0,1158957.36
2024-04-03,13.95,13.97,13.78,13.84,840291.26
2024-04-08,13.81,13.95,13.75,13.9,672485.77
2024-04-09,13.9,14.01,13.87,13.88,548995.09
2024-04-10,13.89,14.24,13.89,14.12,923923.14
2024-04-11,14.06,14.11,13.94,14.05,486581.25
2024-04-12,14.02,14.13,13.89,13.91,615815.23
2024-04-15,13.92,14.2,13.91,14.16,710114.18
2024-04-16,14.11,14.39,14.11,14.3,924681.84
2024-04-17,14.29,14.55,14.13,14.53,909936.03
2024-04-18,14.48,14.82,14.47,14.64,892052.99
2024-04-19,14.59,14.72,14.51,14.53,525722.97
2024-04-22,14.57,14.75,14.43,14.48,540809.94
2024-04-23,14.54,14.57,14.35,14.37,545711.46
2024-04-24,14.42,14.42,14.26,14.29,424145.3
2024-04-25,14.28,14.52,14.25,14.52,548004.67
2024-04-26,14.52,14.8,14.52,14.75,1268495.08
2024-04-29,14.75,15.13,14.72,15.03,1101084.49
2024-04-30,15.03,15.18,14.98,15.13,770945.29
2024-05-06,15.27,15.34,15.09,15.1,805918.39
2024-05-07,15.11,15.14,14.92,15.1,606679.72
2024-05-08,15.06,15.18,15.01,15.07,441443.19
2024-05-09,15.04,15.21,15.04,15.14,403446.74
2024-05-10,15.15,15.37,15.14,15.33,727722.63
2024-05-13,15.31,15.44,15.19,15.41,502021.94
2024-05-14,15.44,15.48,15.31,15.37,434375.99
2024-05-15,15.37,15.44,15.21,15.27,452710.53
2024-05-16,15.3,15.67,15.28,15.61,928748.33
2024-05-17,15.64,15.89,15.61,15.89,875393.61
2024-05-20,15.9,16.25,15.87,16.04,975845.98
2024-05-21,16.0,16.25,15.92,16.19,685140.25
2024-05-22,16.19,16.43,16.15,16.32,774065.25
2024-05-23,16.29,16.34,16.11,16.26,627147.7
2024-05-24,16.22,16.33,16.05,16.06,626611.01
2024-05-27,16.12,16.41,16.08,16.37,778318.83
2024-05-28,16.38,16.57,16.32,16.45,633707.43
2024-05-29,16.43,16.52,16.16,16.23,737608.13
2024-05-30,16.17,16.39,15.98,16.11,680844.99
2024-05-31,16.14,16.19,16.05,16.06,673862.37
2024-06-03,16.06,16.15,15.83,15.98,588959.67
2024-06-04,15.96,16.13,15.92,15.94,492623.72
2024-06-05,15.97,16.01,15.7,15.76,549222.64
2024-06-06,15.79,15.93,15.73,15.78,435238.16
2024-06-07,15.83,15.92,15.65,15.74,462581.07
2024-06-11,15.69,15.8,15.54,15.63,531946.41
2024-06-12,15.68,15.68,15.45,15.52,452883.72
2024-06-13,15.56,15.61,15.38,15.42,324221.39
2024-06-14,15.43,15.78,15.39,15.68,659517.59
2024-06-17,15.64,15.73,15.47,15.59,431132.82
2024-06-18,15.6,15.76,15.53,15.62,358813.24
2024-06-19,15.65,15.9,15.61,15.82,506490.37
2024-06-20,15.83,15.85,15.52,15.53,366616.04
2024-06-21,15.53,15.64,15.37,15.58,487389.99
2024-06-24,15.57,15.68,15.4,15.64,470881.96
2024-06-25,15.63,15.69,15.47,15.55,479690.52
2024-06-26,15.53,15.62,15.47,15.56,353251.7
2024-06-27,15.56,15.71,15.47,15.67,498549.05
2024-06-28,15.71,15.94,15.63,15.82,620201.81
2024-07-01,15.83,16.07,15.83,15.94,434392.17
2024-07-02,15.89,16.14,15.88,16.09,497294.89
2024-07-03,16.09,16.15,15.84,15.89,425686.79
2024-07-04,15.89,15.98,15.77,15.82,443687.23
2024-07-05,15.88,15.9,15.34,15.44,883675.8
2024-07-08,15.43,15.59,15.38,15.52,695381.63
2024-07-09,15.56,15.75,15.47,15.7,803854.03
2024-07-10,15.69,15.99,15.66,15.87,471180.42
2024-07-11,15.94,15.96,15.69,15.75,499203.83
2024-07-12,15.76,16.16,15.75,16.13,595485.18
2024-07-15,16.09,16.33,16.08,16.27,465326.45
2024-07-16,16.3,16.34,16.14,16.24,415863.64
2024-07-17,16.25,16.48,16.24,16.43,646941.47
2024-07-18,16.49,16.53,16.26,16.34,547819.02
2024-07-19,16.34,16.46,16.11,16.37,763524.03
2024-07-22,16.37,16.37,15.92,16.03,613026.89
2024-07-23,16.04,16.38,16.04,16.19,617516.62
2024-07-24,16.17,16.23,15.99,16.08,464531.8
2024-07-25,16.14,16.14,15.82,15.97,522131.72
2024-07-26,15.98,16.03,15.65,15.76,486404.89
2024-07-29,15.79,16.02,15.77,15.98,401882.68
2024-07-30,15.98,16.08,15.85,15.95,436239.81
2024-07-31,15.94,16.08,15.91,16.0,447818.38
2024-08-01,15.98,16.08,15.82,15.9,414220.57
2024-08-02,15.86,15.92,15.75,15.78,348125.73
2024-08-05,15.77,15.87,15.64,15.65,488028.16
2024-08-06,15.72,15.79,15.42,15.49,474186.52
2024-08-07,15.49,15.72,15.49,15.59,358499.37
2024-08-08,15.61,15.74,15.57,15.71,232817.02
2024-08-09,15.72,15.82,15.61,15.64,285310.07
2024-08-12,15.61,15.67,15.55,15.55,211288.34
2024-08-13,15.56,15.64,15.52,15.59,227720.35
2024-08-14,15.59,15.72,15.55,15.55,231696.82
2024-08-15,15.55,15.9,15.53,15.85,483620.59
2024-08-16,15.89,16.03,15.86,15.98,359424.19
2024-08-19,16.0,16.21,15.98,16.2,393258.57
2024-08-20,16.22,16.24,16.03,16.09,386604.48
2024-08-21,16.05,16.12,15.84,16.02,424235.74
2024-08-22,16.04,16.15,15.98,16.07,440721.02
2024-08-23,16.16,16.57,16.13,16.55,1106316.74
2024-08-26,16.56,16.72,16.54,16.7,669400.42
2024-08-27,16.7,16.77,16.52,16.56,396531.42
2024-08-28,16.62,16.63,16.37,16.44,480678.83
2024-08-29,16.48,16.5,15.94,15.95,723389.96
2024-08-30,15.95,16.12,15.77,15.77,838757.41
2024-09-02,15.79,15.98,15.69,15.77,536398.85
2024-09-03,15.77,15.83,15.44,15.63,579959.88
2024-09-04,15.6,15.76,15.48,15.52,442651.9
2024-09-05,15.53,15.62,15.45,15.57,417014.12
2024-09-06,15.58,15.86,15.58,15.66,404647.31
2024-09-09,15.66,15.79,15.24,15.26,653162.66
2024-09-10,15.29,15.38,15.13,15.35,405671.86
2024-09-11,15.32,15.33,14.98,15.1,498040.42
2024-09-12,15.13,15.38,15.0,15.32,382309.74
2024-09-13,15.36,15.46,15.24,15.26,282447.83
2024-09-18,15.26,15.38,15.17,15.35,295413.58
2024-09-19,15.38,15.4,15.15,15.34,366113.52
2024-09-20,15.35,15.57,15.34,15.53,578096.73
2024-09-23,15.5,15.88,15.44,15.82,427252.18
2024-09-24,15.93,16.41,15.86,16.41,1068359.99
2024-09-25,16.68,17.07,16.59,16.82,1274030.31
2024-09-26,16.82,17.63,16.8,17.63,1679336.53
2024-09-27,17.96,18.06,17.23,17.52,858450.71
2024-09-30,18.06,18.55,17.7,18.41,2414476.98
2024-10-08,20.06,20.11,18.52,19.12,2446356.58
2024-10-09,19.02,19.05,17.78,17.78,1678424.99
2024-10-10,18.07,18.9,18.07,18.54,1570003.46
2024-10-11,18.45,18.82,17.97,18.15,1000904.75
2024-10-14,18.41,19.07,18.41,18.78,1435215.17
2024-10-15,18.76,19.06,18.49,18.49,891550.43
2024-10-16,18.34,19.16,18.33,19.07,1330098.19
2024-10-17,19.07,19.28,18.69,18.7,836726.05
2024-10-18,18.75,18.91,18.34,18.73,948696.64
2024-10-21,18.7,18.7,18.13,18.37,1152118.41
2024-10-22,18.28,18.54,18.21,18.29,573671.54
2024-10-23,18.28,18.38,18.16,18.31,531445.32
2024-10-24,18.25,18.41,18.22,18.32,372018.07
2024-10-25,18.37,18.42,18.16,18.29,474426.64
2024-10-28,18.22,18.28,17.89,18.17,640523.83
2024-10-29,18.18,18.46,18.07,18.16,603657.43
2024-10-30,18.07,18.27,17.87,17.93,580632.7
2024-10-31,17.68,17.79,17.23,17.47,1388507.18
2024-11-01,17.4,17.72,17.39,17.48,793594.2
2024-11-04,17.51,17.56,17.22,17.49,585214.05
2024-11-05,17.48,17.62,17.32,17.58,864413.95
2024-11-06,17.57,17.66,17.4,17.51,905731.06
2024-11-07,17.56,18.1,17.52,18.07,954177.04
2024-11-08,18.1,18.24,17.8,17.87,860198.06
2024-11-11,17.68,17.77,17.45,17.56,819390.53
2024-11-12,17.53,17.8,17.3,17.32,811100.06
2024-11-13,17.31,17.45,17.27,17.34,583419.22
2024-11-14,17.3,17.58,17.26,17.38,677474.89
2024-11-15,17.36,17.52,17.25,17.25,713659.43
2024-11-18,17.39,18.13,17.39,17.69,1681920.49
2024-11-19,17.69,17.89,17.4,17.51,984692.68
2024-11-20,17.53,17.54,17.38,17.41,640151.48
2024-11-21,17.4,17.47,17.33,17.43,439913.86
2024-11-22,17.44,17.48,17.01,17.01,848441.35
2024-11-25,17.11,17.19,16.92,16.97,645260.27
2024-11-26,16.96,17.25,16.88,17.16,624652.27
2024-11-27,17.15,17.31,17.01,17.3,479128.2
2024-11-28,17.3,17.35,17.1,17.23,476988.37
2024-11-29,17.26,17.42,17.23,17.25,708221.73
2024-12-02,17.25,17.42,17.2,17.38,581067.46
2024-12-03,17.37,17.63,17.31,17.63,744987.48
2024-12-04,17.62,17.7,17.39,17.6,672369.65
2024-12-05,17.54,17.6,17.42,17.45,437531.91
2024-12-06,17.48,17.8,17.47,17.67,702704.21
2024-12-09,17.67,17.81,17.56,17.71,584094.07
2024-12-10,18.04,18.13,17.84,17.85,938825.78
2024-12-11,17.9,17.97,17.69,17.72,626746.63
2024-12-12,17.73,18.0,17.7,17.91,692184.42
2024-12-13,17.85,17.88,17.34,17.34,1131966.6
2024-12-16,17.37,17.55,17.37,17.41,544176.41
2024-12-17,17.39,17.61,17.36,17.54,570434.98
2024-12-18,17.59,17.85,17.57,17.77,692378.13
2024-12-19,17.69,17.85,17.65,17.71,548274.52
2024-12-20,17.7,17.86,17.64,17.7,653239.91
2024-12-23,17.7,18.08,17.7,17.98,971535.55
2024-12-24,17.99,18.19,17.98,18.13,827210.94
2024-12-25,18.16,18.41,18.13,18.34,745273.77
2024-12-26,18.31,18.39,18.16,18.36,577985.97
2024-12-27,18.37,18.49,18.15,18.49,708824.53
2024-12-30,18.5,18.75,18.5,18.68,724250.39
2024-12-31,18.62,18.73,18.31,18.31,813366.0
2025-01-02,18.35,18.49,17.99,18.08,951277.2
2025-01-03,18.09,18.3,17.96,18.08,736913.2
2025-01-06,18.16,18.39,17.87,18.35,844270.52
2025-01-07,18.3,18.68,18.29,18.56,694613.83
2025-01-08,18.56,18.92,18.54,18.77,844442.66
2025-01-09,18.8,18.86,18.47,18.74,641164.28
2025-01-10,18.78,18.9,18.51,18.71,650177.44
2025-01-13,18.57,18.69,18.27,18.43,638704.64
2025-01-14,18.47,18.8,18.36,18.74,777592.91
2025-01-15,18.76,19.19,18.69,18.92,783713.26
2025-01-16,19.11,19.16,18.84,19.1,703283.13
2025-01-17,19.09,19.2,18.92,19.01,512627.51
2025-01-20,19.15,19.23,18.96,18.99,561583.21
2025-01-21,19.06,19.26,18.89,19.07,573613.53
2025-01-22,19.1,19.11,18.63,18.64,703029.76
2025-01-23,18.78,19.29,18.77,19.24,994136.17
2025-01-24,19.19,19.42,19.04,19.33,721447.75
2025-01-27,19.42,19.59,19.32,19.41,669850.52
2025-02-05,19.57,19.57,19.17,19.23,569413.75
2025-02-06,19.2,19.44,19.13,19.34,529924.99
2025-02-07,19.28,19.4,19.18,19.22,620196.9
2025-02-10,19.22,19.71,19.13,19.44,771457.48
2025-02-11,19.45,19.63,19.39,19.44,434901.63
2025-02-12,19.49,19.94,19.39,19.87,726420.11
2025-02-13,19.84,20.02,19.78,19.8,457214.86
2025-02-14,19.83,20.24,19.74,20.22,811007.68
2025-02-17,20.16,20.21,19.84,20.02,673914.35
2025-02-18,19.92,20.27,19.89,20.11,590479.49
2025-02-19,20.06,20.15,19.98,20.06,432591.33
2025-02-20,20.07,20.09,19.88,19.91,404953.88
2025-02-21,19.99,19.99,19.6,19.75,607645.85
2025-02-24,19.65,19.79,19.52,19.58,506186.41
2025-02-25,19.52,19.63,19.42,19.5,485183.14
2025-02-26,19.58,19.87,19.51,19.53,512125.17
2025-02-27,19.54,20.01,19.44,19.99,643982.26
2025-02-28,19.93,20.15,19.83,19.83,639372.06
2025-03-03,19.98,20.02,19.69,19.83,461078.44
2025-03-04,19.78,20.05,19.78,19.89,399199.23
2025-03-05,19.9,20.22,19.85,20.16,632939.24
2025-03-06,20.17,20.25,19.97,20.19,560514.59
2025-03-07,20.23,20.48,20.16,20.41,642880.17
2025-03-10,20.35,20.39,20.02,20.06,605541.52
2025-03-11,20.01,20.35,20.01,20.35,560076.08
2025-03-12,20.33,20.51,20.21,20.27,403868.06
2025-03-13,20.3,20.55,20.27,20.4,592418.95
2025-03-14,20.45,20.91,20.4,20.79,990998.02
2025-03-17,20.88,21.01,20.76,20.92,543790.18
2025-03-18,20.91,20.96,20.8,20.86,324110.27
2025-03-19,20.86,21.44,20.85,21.38,809340.7
2025-03-20,21.41,21.48,21.13,21.31,618911.51
2025-03-21,21.21,21.35,20.63,20.67,807332.12
2025-03-24,20.67,20.92,20.67,20.86,429973.81
2025-03-25,20.87,21.0,20.75,20.81,316395.86
2025-03-26,20.74,20.85,20.46,20.52,604397.34
2025-03-27,20.53,20.79,20.5,20.54,383656.02
2025-03-28,20.59,20.69,20.47,20.57,386115.35
2025-03-31,20.6,20.75,20.4,20.64,562278.1
2025-04-01,20.62,20.64,20.21,20.31,613001.03
2025-04-02,20.26,20.49,20.25,20.3,384626.28
2025-04-03,20.1,20.38,20.06,20.24,396030.84
2025-04-07,19.4,19.83,18.79,19.23,1741398.5
2025-04-08,19.23,19.95,19.14,19.88,1563774.86
2025-04-09,19.78,19.87,19.38,19.48,941606.1
2025-04-10,19.61,20.01,19.45,19.84,683322.03
2025-04-11,19.81,19.92,19.63,19.83,454120.38
2025-04-14,19.87,20.06,19.83,19.87,461712.05
2025-04-15,19.91,20.22,19.89,20.17,494183.63
2025-04-16,20.09,20.32,19.94,20.19,645819.42
2025-04-17,20.11,20.21,19.9,20.09,483190.61
2025-04-18,20.09,20.52,20.08,20.44,516228.85
2025-04-21,20.4,20.59,20.14,20.14,472600.58
2025-04-22,20.14,20.26,20.06,20.09,351033.54
2025-04-23,20.16,20.18,19.93,20.02,360547.91
2025-04-24,19.97,20.24,19.97,20.21,376957.35
2025-04-25,20.23,20.28,19.98,20.01,368367.55
2025-04-28,20.07,20.24,20.01,20.15,380770.63
2025-04-29,20.13,20.27,20.06,20.08,334685.03
2025-04-30,20.0,20.01,19.67,19.94,574756.93
2025-05-06,20.11,20.11,19.81,19.81,470069.46
2025-05-07,19.97,20.14,19.88,20.1,527321.2
2025-05-08,20.16,20.71,20.11,20.57,723859.24
2025-05-09,20.56,21.15,20.56,21.12,821624.33
2025-05-12,21.12,21.58,21.0,21.29,862343.16
2025-05-13,21.34,21.56,21.13,21.55,758636.0
2025-05-14,21.46,22.0,21.45,21.91,900990.72
2025-05-15,21.97,22.11,21.78,21.87,595403.75
2025-05-16,21.86,21.94,21.57,21.69,481782.56
2025-05-19,21.83,21.93,21.66,21.71,454135.18
2025-05-20,21.78,21.91,21.46,21.52,498767.41
2025-05-21,21.64,21.85,21.51,21.7,449311.51
2025-05-22,21.69,21.92,21.65,21.88,387713.67
2025-05-23,21.86,21.96,21.72,21.79,409252.01
2025-05-26,21.79,21.86,21.56,21.61,392893.4
2025-05-27,21.78,21.91,21.67,21.75,405719.28
2025-05-28,21.78,21.82,21.48,21.54,372490.89
2025-05-29,21.59,21.83,21.47,21.64,480046.76
2025-05-30,21.7,21.86,21.53,21.63,499689.91
2025-06-03,22.02,22.88,21.88,22.65,1527291.32
2025-06-04,22.69,22.81,22.51,22.57,503112.24
2025-06-05,22.57,22.68,22.39,22.47,456161.31
2025-06-06,22.57,22.79,22.45,22.51,459981.84
2025-06-09,22.61,22.81,22.54,22.74,569928.4
2025-06-10,22.84,23.25,22.66,22.75,784887.57
2025-06-11,22.82,23.24,22.75,22.91,574616.76
2025-06-12,22.93,23.04,22.74,22.8,711438.47
2025-06-13,22.81,22.87,22.41,22.45,1817196.19
2025-06-16,22.55,22.93,22.48,22.89,727631.52
2025-06-17,22.93,23.07,22.73,22.75,495532.29
2025-06-18,22.75,22.91,22.6,22.85,536774.73
2025-06-19,22.86,22.92,22.68,22.74,524855.76
2025-06-20,22.95,23.28,22.83,23.16,790045.49
2025-06-23,23.16,23.77,23.03,23.75,781181.88
2025-06-24,23.66,24.16,23.6,23.85,779732.2
2025-06-25,23.85,24.13,23.56,24.06,604484.39
2025-06-26,24.01,24.26,23.85,24.18,657603.97
2025-06-27,24.18,24.22,23.43,23.56,890619.76
2025-06-30,23.42,23.56,23.2,23.34,533899.89
2025-07-01,23.53,23.72,23.35,23.55,486559.1
2025-07-02,23.65,24.0,23.48,23.9,598592.29
2025-07-03,23.9,24.13,23.67,24.07,494186.83
2025-07-04,24.07,25.0,23.96,24.83,1009389.89
2025-07-07,24.83,25.15,24.74,25.12,611801.22
2025-07-08,25.06,25.19,24.86,25.14,526753.74
2025-07-09,25.1,25.15,24.82,25.08,546565.36
2025-07-10,25.01,25.45,24.94,24.94,842925.36
2025-07-11,25.13,25.18,24.45,24.45,1277581.38
2025-07-14,24.58,24.88,24.46,24.69,798195.09
2025-07-15,24.7,24.77,24.25,24.43,585199.56
2025-07-16,24.44,24.51,24.02,24.31,585384.95
2025-07-17,24.3,24.5,24.21,24.29,489326.06
2025-07-18,24.39,24.65,24.29,24.42,525199.64
2025-07-21,24.42,24.47,24.0,24.01,724598.85
2025-07-22,24.02,24.12,23.71,23.85,884208.67
2025-07-23,23.85,24.1,23.71,23.79,779440.5
2025-07-24,23.78,23.79,23.24,23.32,993262.64
2025-07-25,23.18,23.35,23.0,23.17,828381.11
2025-07-28,23.2,23.3,22.92,22.96,733992.45
2025-07-29,22.97,23.07,22.67,22.71,756035.56
2025-07-30,22.72,22.99,22.67,22.77,738516.84
2025-07-31,22.8,22.88,22.49,22.64,715312.9
2025-08-01,22.6,22.77,22.36,22.53,635035.09
2025-08-04,22.53,23.07,22.5,22.78,712914.04
2025-08-05,22.78,23.22,22.71,23.09,820303.52
2025-08-06,23.09,23.28,22.92,22.98,553475.15
2025-08-07,23.0,23.25,22.86,23.07,567573.91
2025-08-08,23.18,23.22,23.0,23.06,410842.13
2025-08-11,23.04,23.1,22.82,22.88,572556.58
2025-08-12,22.89,23.25,22.89,22.99,598123.87
2025-08-13,23.08,23.22,22.8,22.8,613422.18
2025-08-14,22.81,22.96,22.61,22.73,629365.83
2025-08-15,22.7,22.72,22.19,22.32,1009323.05
2025-08-18,22.31,22.63,22.23,22.62,790749.42
2025-08-19,22.62,22.69,22.42,22.55,464353.64
2025-08-20,22.54,22.73,22.41,22.59,517479.44
2025-08-21,22.59,22.67,22.45,22.61,453809.49
2025-08-22,22.58,22.83,22.5,22.77,640809.29
2025-08-25,22.78,22.97,22.71,22.95,617576.74
2025-08-26,22.9,23.04,22.8,22.88,526530.65
2025-08-27,22.85,22.96,22.44,22.5,688557.33
2025-08-28,22.55,22.88,22.41,22.77,715184.08
2025-08-29,22.7,22.85,22.36,22.41,1103674.67
2025-09-01,22.5,22.5,21.8,21.81,1019475.14
2025-09-02,21.8,22.0,21.65,21.99,974915.25
2025-09-03,21.99,22.19,21.6,21.72,813434.39
2025-09-04,21.7,22.04,21.39,21.92,1032058.79
2025-09-05,21.86,21.9,21.66,21.75,512886.66
2025-09-08,21.66,21.8,21.4,21.46,681393.34
2025-09-09,21.47,21.57,21.41,21.52,451936.83
2025-09-10,21.53,21.64,21.43,21.5,394779.57
2025-09-11,21.51,21.88,21.42,21.84,693893.66
2025-09-12,21.86,22.0,21.4,21.42,871443.05
2025-09-15,21.4,21.43,20.99,21.07,817576.18
2025-09-16,21.08,21.29,20.67,20.7,1098591.49
2025-09-17,20.71,20.99,20.51,20.59,1216993.19
2025-09-18,20.63,20.74,20.18,20.25,1326464.86
2025-09-19,20.28,20.46,20.11,20.29,902439.97
2025-09-22,20.35,20.44,20.1,20.13,522176.2
2025-09-23,20.13,20.53,19.94,20.41,1186146.52
2025-09-24,20.39,20.63,20.17,20.24,851938.73
2025-09-25,20.23,20.36,20.02,20.21,735591.68
2025-09-26,20.25,20.42,20.01,20.32,751354.16
2025-09-29,20.26,20.5,20.05,20.05,1288719.76
2025-09-30,20.09,20.13,19.79,19.85,1422284.61
2025-10-09,19.89,19.92,19.65,19.67,1422040.77
2025-10-10,19.66,19.94,19.64,19.69,1224887.16
2025-10-13,19.56,19.86,19.35,19.7,1186447.88
2025-10-14,19.65,20.23,19.61,20.23,1674255.52
2025-10-15,20.2,20.41,20.1,20.31,1218771.33
2025-10-16,20.3,20.53,20.12,20.45,1040839.27
2025-10-17,20.43,20.62,20.15,20.19,1026704.97
2025-10-20,20.22,20.35,19.96,20.26,733316.79
2025-10-21,20.26,20.36,20.13,20.16,713193.21
2025-10-22,20.16,20.59,20.13,20.4,1052977.51
2025-10-23,20.43,20.88,20.43,20.76,1288925.21
2025-10-24,20.72,20.86,20.58,20.6,871084.4
2025-10-27,20.56,20.64,20.36,20.43,868098.11
2025-10-28,20.5,20.54,20.25,20.42,678050.58
2025-10-29,20.35,20.35,19.98,20.01,931097.31
2025-10-30,20.01,20.18,19.92,20.03,853521.72
2025-10-31,20.1,20.28,20.09,20.23,887861.88
2025-11-03,20.29,20.65,20.26,20.56,990849.24
2025-11-04,20.61,21.36,20.57,21.14,1684893.05
2025-11-05,21.26,21.45,21.11,21.22,1094259.62
2025-11-06,21.15,21.37,21.02,21.16,873787.48
2025-11-07,21.28,21.47,21.12,21.17,758866.16
2025-11-10,21.17,21.32,21.05,21.18,620422.19
2025-11-11,21.16,21.37,21.09,21.27,634824.83
2025-11-12,21.35,21.55,21.28,21.3,933772.15
2025-11-13,21.32,21.42,21.13,21.28,673044.9
2025-11-14,21.29,21.9,21.28,21.6,1195918.27
2025-11-17,21.56,21.67,21.28,21.42,901597.39
2025-11-18,21.41,21.49,21.23,21.3,543063.22
2025-11-19,21.34,21.6,21.29,21.43,614975.27
2025-11-20,21.39,21.86,21.36,21.52,811553.81
2025-11-21,21.65,21.65,21.21,21.36,1022189.33
2025-11-24,21.4,21.44,21.01,21.01,902302.4
2025-11-25,21.05,21.42,20.87,21.4,705706.86
2025-11-26,21.44,21.62,21.24,21.3,522058.02
2025-11-27,21.24,21.44,21.11,21.39,558515.32
2025-11-28,21.34,21.36,21.1,21.11,567063.0
