date,open,high,low,close,volume
2010-01-04,18.14,18.17,17.6,17.61,293640.12
2010-01-05,17.66,18.04,17.26,17.84,360157.62
2010-01-06,17.78,17.94,17.42,17.46,332046.02
2010-01-07,17.45,17.59,16.95,17.13,365418.19
2010-01-08,17.13,17.13,16.77,17.03,323021.82
2010-01-11,17.81,17.94,16.98,17.12,501400.45
2010-01-12,17.0,17.32,16.71,17.28,378249.95
2010-01-13,16.9,17.0,16.43,16.45,584784.57
2010-01-14,16.6,16.83,16.31,16.66,369263.84
2010-01-15,16.67,16.78,16.38,16.7,258192.86
2010-01-18,16.59,16.59,16.32,16.45,417561.26
2010-01-19,16.43,16.77,16.43,16.53,340863.44
2010-01-20,16.57,16.61,15.98,16.0,395865.83
2010-01-21,16.05,16.47,15.99,16.32,307936.57
2010-01-22,16.02,16.56,15.85,16.33,437983.22
2010-01-25,16.15,16.57,16.09,16.26,225152.2
2010-01-26,16.27,16.34,15.85,15.9,229192.41
2010-01-27,15.95,16.01,15.53,15.56,241378.78
2010-01-28,15.58,15.6,15.18,15.29,310264.83
2010-01-29,15.26,15.52,15.04,15.19,308661.75
2010-02-01,15.35,15.68,15.22,15.64,533189.36
2010-02-02,15.69,16.16,15.48,15.51,379894.79
2010-02-03,15.61,16.29,15.49,16.29,548633.58
2010-02-04,16.08,16.28,15.97,16.11,266131.81
2010-02-05,15.77,15.9,15.69,15.71,238614.29
2010-02-08,15.7,15.92,15.56,15.72,175710.05
2010-02-09,15.77,16.05,15.69,15.93,185027.01
2010-02-10,16.08,16.38,16.08,16.35,316774.55
2010-02-11,16.34,16.49,16.25,16.31,170187.56
2010-02-12,16.41,16.47,16.3,16.37,156503.7
2010-02-22,16.34,16.34,16.03,16.04,191121.9
2010-02-23,15.65,15.65,14.44,14.62,1633908.1
2010-02-24,14.45,14.64,14.38,14.58,672238.86
2010-02-25,14.66,14.9,14.62,14.78,614586.59
2010-02-26,14.73,14.89,14.65,14.72,487191.6
2010-03-01,15.03,15.32,14.81,15.26,567013.76
2010-03-02,15.26,15.36,15.14,15.23,335992.79
2010-03-03,15.24,15.3,15.02,15.17,260003.87
2010-03-04,15.19,15.25,14.71,14.73,316422.61
2010-03-05,14.81,14.94,14.74,14.87,249153.48
2010-03-08,14.91,15.15,14.85,15.09,226995.56
2010-03-09,15.1,15.59,14.94,15.38,419128.42
2010-03-10,15.38,15.61,15.31,15.44,307931.02
2010-03-11,15.44,15.59,15.21,15.36,218580.44
2010-03-12,15.36,15.48,15.24,15.25,206614.8
2010-03-15,15.23,15.24,14.79,14.91,264180.67
2010-03-16,14.91,15.03,14.72,14.92,185284.21
2010-03-17,14.99,15.85,14.97,15.79,542471.72
2010-03-18,15.69,15.91,15.66,15.69,342503.71
2010-03-19,15.71,15.85,15.56,15.84,246530.96
2010-03-22,15.83,15.95,15.73,15.82,229700.86
2010-03-23,15.87,15.9,15.53,15.58,186492.27
2010-03-24,15.66,15.85,15.58,15.65,174730.94
2010-03-25,15.64,15.64,15.36,15.43,157148.78
2010-03-26,15.41,15.95,15.4,15.77,285246.67
2010-03-29,15.92,16.57,15.89,16.42,534401.36
2010-03-30,16.42,16.67,16.38,16.62,340008.13
2010-03-31,16.56,16.64,16.4,16.47,203797.91
2010-04-01,16.47,16.87,16.47,16.76,239154.25
2010-04-02,16.8,16.95,16.67,16.84,176385.06
2010-04-06,17.0,17.04,16.54,16.65,202924.31
2010-04-07,16.56,16.79,16.44,16.61,163406.51
2010-04-08,16.59,16.59,16.18,16.24,245340.44
2010-04-09,16.33,16.61,16.25,16.57,215742.61
2010-04-12,16.57,16.66,16.05,16.32,308654.49
2010-04-13,16.35,17.06,16.35,16.96,603602.78
2010-04-14,17.0,17.11,16.83,17.07,296440.63
2010-04-15,17.0,17.28,16.85,17.17,304848.8
2010-04-16,17.06,17.11,16.67,16.7,242501.28
2010-04-19,16.51,16.87,16.07,16.08,500767.05
2010-04-20,16.28,16.65,16.05,16.55,423726.03
2010-04-21,16.57,17.11,16.51,17.0,454960.56
2010-04-22,16.9,17.27,16.77,16.92,432916.08
2010-04-23,17.01,17.31,16.7,16.92,355425.19
2010-04-26,16.92,17.03,16.57,16.57,226695.44
2010-04-27,16.47,16.47,15.86,16.23,385288.33
2010-04-28,15.98,16.25,15.92,16.01,194854.14
2010-04-29,16.18,16.3,15.82,15.84,183823.5
2010-04-30,15.86,16.2,15.59,16.15,302174.41
2010-05-04,15.89,16.38,15.83,16.11,217696.37
2010-05-05,16.04,16.24,15.49,15.94,334527.71
2010-05-06,15.88,15.88,15.04,15.11,383597.64
2010-05-07,14.68,15.66,14.68,15.14,377703.23
2010-05-10,15.4,15.89,15.22,15.76,363700.84
2010-05-11,16.13,16.14,15.2,15.3,354351.05
2010-05-12,15.2,16.03,15.12,15.89,634879.18
2010-05-13,16.01,16.23,15.75,16.14,526301.53
2010-05-14,15.82,15.99,15.72,15.79,354074.58
2010-05-17,15.55,15.55,14.84,14.88,384397.08
2010-05-18,15.0,15.48,14.78,15.26,327975.78
2010-05-19,15.06,15.39,14.85,15.14,236879.39
2010-05-20,15.04,15.26,14.64,14.69,307979.03
2010-05-21,14.38,14.88,14.24,14.77,261199.78
2010-05-24,15.06,15.48,14.96,15.33,299525.79
2010-05-25,15.18,15.22,14.77,14.79,263593.09
2010-05-26,14.97,15.12,14.64,14.85,180371.41
2010-05-27,14.83,15.13,14.58,15.07,245303.79
2010-05-28,15.25,15.29,14.91,15.02,194391.45
2010-05-31,14.95,15.11,14.78,14.83,196678.19
2010-06-01,14.77,15.17,14.64,15.01,304059.46
2010-06-02,14.97,14.97,14.64,14.87,206833.48
2010-06-03,14.97,15.13,14.79,14.91,193616.35
2010-06-04,14.81,14.93,14.74,14.89,109497.41
2010-06-07,14.71,14.81,14.4,14.56,198753.13
2010-06-08,14.56,14.66,14.29,14.47,166342.51
2010-06-09,14.55,15.05,14.25,14.93,397462.23
2010-06-10,14.7,14.81,14.61,14.64,167986.6
2010-06-11,14.8,15.03,14.71,14.81,181728.3
2010-06-17,14.93,15.0,14.66,14.72,169457.56
2010-06-18,14.73,14.95,14.64,14.69,229986.13
2010-06-21,14.82,15.53,14.81,15.37,629141.97
2010-06-22,15.37,15.46,15.31,15.4,207679.84
2010-06-23,15.32,15.48,15.08,15.28,211820.52
2010-06-24,15.25,15.61,15.25,15.42,193651.72
2010-06-25,15.33,15.66,15.22,15.53,180985.99
2010-06-28,15.52,15.68,15.27,15.3,203536.06
2010-09-02,15.78,16.23,15.58,15.98,923829.31
2010-09-03,16.04,16.14,15.8,16.07,395027.7
2010-09-06,16.28,16.87,16.24,16.79,447383.79
2010-09-07,16.8,16.81,16.43,16.7,285789.34
2010-09-08,16.62,16.62,16.29,16.41,267240.43
2010-09-09,16.48,16.49,15.9,15.99,229864.34
2010-09-10,16.04,16.27,15.99,16.18,173260.76
2010-09-13,16.19,16.65,16.19,16.36,221649.33
2010-09-14,16.43,16.73,16.43,16.53,228821.86
2010-09-15,16.52,16.78,16.25,16.26,239358.61
2010-09-16,16.26,16.42,15.96,16.13,180357.11
2010-09-17,16.22,16.25,15.97,16.08,133499.75
2010-09-20,16.16,16.75,15.98,16.48,282732.38
2010-09-21,16.64,16.74,16.46,16.57,167102.61
2010-09-27,16.56,17.01,16.52,16.98,285604.29
2010-09-28,16.93,17.06,16.72,16.82,176372.64
2010-09-29,16.8,17.06,16.75,16.84,156960.86
2010-09-30,16.75,17.64,16.69,17.44,381395.84
2010-10-08,17.31,18.3,17.31,18.19,456474.27
2010-10-11,18.37,19.61,18.37,19.19,700043.74
2010-10-12,19.09,19.39,18.98,19.29,349516.81
2010-10-13,19.27,19.64,19.19,19.55,387057.18
2010-10-14,20.44,20.81,20.02,20.05,702542.26
2010-10-15,19.95,20.77,19.89,20.67,603689.08
2010-10-18,20.67,21.17,19.78,19.95,597217.54
2010-10-19,19.9,20.73,19.89,20.65,341665.1
2010-10-20,20.65,22.16,20.64,22.09,935111.87
2010-10-21,22.09,22.09,21.46,21.65,404072.97
2010-10-22,21.53,21.93,21.24,21.43,309749.22
2010-10-25,21.42,22.16,20.94,22.04,389993.52
2010-10-26,21.96,21.96,20.94,21.11,549491.72
2010-10-27,20.77,21.03,20.11,20.21,600165.74
2010-10-28,19.88,20.24,19.78,20.05,441111.96
2010-10-29,20.05,20.11,19.63,19.76,361930.34
2010-11-02,20.46,20.48,19.87,19.95,530352.31
2010-11-03,19.88,20.31,19.41,19.93,417023.93
2010-11-04,19.98,20.54,19.93,20.26,325291.52
2010-11-05,20.61,20.81,20.42,20.61,317454.04
2010-11-08,20.61,20.63,20.14,20.32,315756.08
2010-11-09,20.33,20.33,19.78,19.84,336815.04
2010-11-10,19.77,20.13,19.48,20.11,340583.43
2010-11-11,20.24,21.02,20.0,20.61,546121.25
2010-11-12,20.55,21.17,19.83,20.03,604492.85
2010-11-15,19.82,20.01,19.12,19.6,425999.67
2010-11-16,19.52,19.52,18.4,18.68,412861.05
2010-11-17,18.32,19.21,18.24,18.77,498823.66
2010-11-18,19.08,19.14,18.57,19.01,308265.73
2010-11-19,19.17,19.2,18.31,19.03,366334.74
2010-11-22,18.96,19.62,18.93,19.25,353701.33
2010-11-23,19.0,19.06,18.41,18.55,307731.62
2010-11-24,18.61,19.35,18.61,19.22,339886.67
2010-11-25,19.2,19.45,18.91,19.29,245211.36
2010-11-26,19.16,19.19,18.74,18.85,213082.08
2010-11-29,18.8,19.19,18.8,19.04,178628.43
2010-11-30,18.96,19.15,18.37,18.69,259619.01
2010-12-01,18.6,18.69,18.4,18.47,141752.62
2010-12-02,18.96,19.14,18.76,18.77,222668.45
2010-12-03,18.94,19.39,18.89,19.33,336934.94
2010-12-06,19.29,19.93,19.24,19.71,341577.41
2010-12-07,19.6,20.07,19.41,19.91,246123.53
2010-12-08,19.85,19.99,19.5,19.52,182897.59
2010-12-09,19.42,19.9,19.33,19.51,180810.36
2010-12-10,19.42,20.14,19.39,20.08,331827.22
2010-12-13,20.11,20.28,19.87,20.27,390679.89
2010-12-14,20.11,20.49,20.05,20.1,230333.09
2010-12-15,20.09,20.18,19.58,19.61,248198.54
2010-12-16,19.56,19.71,19.01,19.05,343371.84
2010-12-17,19.12,19.13,18.81,18.97,258785.8
2010-12-20,19.07,19.11,18.3,18.53,304220.32
2010-12-21,18.63,19.34,18.55,19.32,327823.88
2010-12-22,19.29,19.35,18.77,18.89,204956.58
2010-12-23,18.89,19.17,18.7,18.77,164977.04
2010-12-24,18.68,19.03,18.53,18.79,186128.58
2010-12-27,19.32,19.45,18.3,18.39,310757.08
2010-12-28,18.37,18.65,18.14,18.17,219886.15
2010-12-29,18.24,18.32,18.07,18.31,127281.14
2010-12-30,18.31,18.43,18.09,18.2,181219.54
2010-12-31,18.3,18.62,18.23,18.52,164760.99
2011-01-04,18.75,18.99,18.63,18.77,245626.82
2011-01-05,18.66,18.73,18.07,18.09,427554.25
2011-01-06,18.12,18.12,16.96,17.34,947078.65
2011-01-07,17.47,17.89,17.08,17.48,659013.87
2011-01-10,17.44,17.77,17.11,17.16,282919.36
2011-01-11,17.09,17.33,17.05,17.19,258047.33
2011-01-12,17.24,17.54,17.15,17.47,225559.26
2011-01-13,17.55,17.62,17.33,17.47,195120.49
2011-01-14,17.38,17.45,17.08,17.14,154439.85
2011-01-17,17.06,17.14,16.42,16.44,308565.65
2011-01-18,16.44,16.67,16.34,16.49,180540.11
2011-01-19,16.49,16.74,16.42,16.71,178341.76
2011-01-20,16.75,16.76,16.07,16.08,221741.89
2011-01-21,16.11,16.67,15.99,16.29,238048.44
2011-01-24,16.39,16.39,15.83,15.94,252759.11
2011-01-25,15.94,16.16,15.79,15.99,200780.98
2011-01-26,16.02,16.28,16.01,16.13,148706.62
2011-01-27,15.99,16.55,15.85,16.46,258096.44
2011-01-28,16.46,16.54,16.12,16.29,181704.57
2011-01-31,16.27,16.45,16.14,16.39,171980.06
2011-02-01,16.41,16.52,16.32,16.47,140347.72
2011-02-09,16.42,16.73,16.31,16.45,217564.36
2011-02-10,16.42,16.7,16.28,16.67,249274.76
2011-02-11,16.55,16.62,16.4,16.48,425115.28
2011-02-14,16.49,17.31,16.47,17.24,548549.58
2011-02-15,17.21,17.31,17.01,17.03,336940.88
2011-02-16,16.98,17.1,16.82,16.98,272510.76
2011-02-17,16.98,17.11,16.82,16.9,257825.13
2011-02-18,16.85,17.01,16.74,16.88,249045.58
2011-02-21,16.81,17.03,16.71,17.0,217624.36
2011-02-22,17.01,17.04,16.23,16.24,507037.55
2011-02-23,16.17,16.28,16.04,16.13,284176.72
2011-02-24,16.12,16.16,15.9,16.11,271321.71
2011-02-25,16.12,16.45,16.03,16.23,253069.61
2011-02-28,16.25,16.44,16.08,16.41,256495.77
2011-03-01,16.42,16.73,16.39,16.57,282299.64
2011-03-02,16.44,16.66,16.36,16.52,225292.05
2011-03-03,16.61,17.18,16.6,16.72,658489.44
2011-03-04,16.8,17.23,16.73,17.19,481229.02
2011-03-07,17.35,17.71,17.31,17.64,544388.8
2011-03-08,17.61,17.74,17.35,17.53,302452.34
2011-03-09,17.64,17.81,17.47,17.61,268171.86
2011-03-10,17.54,17.54,17.0,17.03,432742.76
2011-03-11,16.92,17.02,16.67,16.77,304760.0
2011-03-15,16.82,16.87,16.0,16.31,558216.26
2011-03-16,16.47,16.68,16.42,16.54,239269.28
2011-03-17,16.37,16.37,16.03,16.08,395419.84
2011-03-18,16.21,16.34,16.15,16.17,217790.52
2011-03-21,16.22,16.41,16.18,16.22,178335.95
2011-03-22,16.32,16.55,16.19,16.52,229230.06
2011-03-23,16.45,16.7,16.38,16.63,202633.8
2011-03-24,16.63,16.64,16.45,16.49,157787.96
2011-03-25,16.53,16.85,16.46,16.66,282207.86
2011-03-28,16.72,16.9,16.49,16.51,311402.45
2011-03-29,16.52,16.74,16.27,16.44,353005.79
2011-03-30,16.49,16.65,16.39,16.48,197365.23
2011-03-31,16.52,16.61,16.3,16.31,187467.39
2011-04-01,16.35,16.9,16.33,16.89,305885.42
2011-04-06,17.09,17.62,17.05,17.55,779886.59
2011-04-07,17.62,17.63,17.36,17.48,317422.15
2011-04-08,17.44,17.61,17.33,17.44,220701.24
2011-04-11,17.48,17.58,17.09,17.11,336488.37
2011-04-12,17.05,17.22,16.95,17.14,256472.87
2011-04-13,17.03,17.67,17.01,17.64,345013.95
2011-04-14,17.6,17.84,17.48,17.53,422949.2
2011-04-15,17.51,17.91,17.44,17.87,378106.06
2011-04-18,17.79,18.29,17.73,18.1,515045.79
2011-04-19,17.93,17.96,17.4,17.41,344427.61
2011-04-20,17.53,17.6,17.24,17.35,219672.7
2011-04-21,17.57,17.67,17.43,17.46,174261.1
2011-04-22,17.48,17.48,17.16,17.2,167899.78
2011-04-25,17.2,17.2,16.9,17.04,207586.72
2011-04-26,16.97,17.18,16.94,17.0,190239.63
2011-04-27,17.11,17.14,16.92,17.02,167602.8
2011-04-28,17.15,17.48,17.15,17.19,373851.47
2011-04-29,17.13,17.27,16.78,17.22,221706.26
2011-05-03,17.15,17.37,16.95,17.33,196591.81
2011-05-04,17.15,17.21,16.68,16.75,303428.64
2011-05-05,16.71,16.75,16.47,16.59,227055.75
2011-05-06,16.41,16.66,16.38,16.51,174482.96
2011-05-09,16.58,16.61,16.35,16.39,162473.16
2011-05-10,16.4,16.6,16.4,16.56,109520.09
2011-05-11,16.57,16.67,16.44,16.57,105821.91
2011-05-12,16.41,16.54,16.22,16.23,159404.75
2011-05-13,16.33,16.54,16.22,16.51,164616.06
2011-05-16,16.49,16.54,16.23,16.25,171127.0
2011-05-17,16.25,16.55,16.22,16.42,159673.71
2011-05-18,16.4,16.68,16.33,16.52,190681.39
2011-05-19,16.57,16.65,16.39,16.45,114867.56
2011-05-20,16.42,16.55,16.42,16.48,98703.88
2011-05-23,16.42,16.45,15.84,15.87,275342.29
2011-05-24,15.87,15.99,15.83,15.91,121461.16
2011-05-25,15.87,15.87,15.74,15.76,139887.9
2011-05-26,15.86,15.92,15.73,15.74,145725.37
2011-05-27,15.74,15.96,15.73,15.82,157783.18
2011-05-30,15.79,15.93,15.74,15.82,133058.6
2011-05-31,15.83,16.09,15.79,16.06,144133.13
2011-06-01,15.99,16.08,15.94,15.99,134985.53
2011-06-02,15.83,15.89,15.44,15.58,217226.55
2011-06-03,15.59,15.76,15.53,15.72,134132.14
2011-06-07,15.62,15.84,15.55,15.81,110556.83
2011-06-08,15.79,15.79,15.57,15.7,116779.31
2011-06-09,15.68,15.74,15.47,15.51,139353.37
2011-06-10,15.57,15.65,15.46,15.64,115654.51
2011-06-13,15.5,15.5,15.26,15.43,114612.77
2011-06-14,15.41,15.62,15.33,15.52,130822.88
2011-06-15,15.54,15.61,15.28,15.3,127000.58
2011-06-17,15.13,15.2,14.86,14.88,222785.19
2011-06-20,14.89,14.93,14.5,14.63,204701.9
2011-06-21,14.64,14.74,14.57,14.72,150976.27
2011-06-22,14.77,14.95,14.75,14.81,152402.5
2011-06-23,14.8,15.23,14.68,15.13,173064.81
2011-06-24,15.1,15.79,15.09,15.73,370102.76
2011-06-27,15.66,15.92,15.6,15.66,134682.82
2011-06-28,15.77,15.79,15.45,15.6,133229.46
2011-06-29,15.66,15.71,15.39,15.41,144644.43
2011-06-30,15.48,16.1,15.46,15.92,298003.48
2011-07-01,15.95,16.01,15.77,15.87,153785.43
2011-07-04,15.97,16.27,15.97,16.21,219863.07
2011-07-05,16.19,16.27,15.96,16.06,163092.23
2011-07-06,15.99,16.39,15.75,16.16,216706.14
2011-07-07,16.35,16.37,15.91,16.03,230480.61
2011-07-08,16.09,16.19,15.93,15.99,141415.35
2011-07-11,15.88,15.88,15.67,15.81,144563.02
2011-07-12,15.66,15.66,15.34,15.36,216612.84
2011-07-13,15.43,15.69,15.38,15.64,183346.43
2011-07-14,15.64,15.73,15.53,15.62,146231.35
2011-07-15,15.6,15.86,15.49,15.75,136086.47
2011-07-18,15.79,15.87,15.58,15.65,139543.14
2011-07-19,15.56,15.59,15.43,15.47,117103.52
2011-07-20,15.61,15.65,15.45,15.53,143924.19
2011-07-21,15.62,15.62,15.27,15.29,125644.46
2011-07-22,15.39,15.58,15.31,15.43,129407.88
2011-07-25,15.34,15.34,14.97,15.03,192892.13
2011-07-26,15.03,15.2,15.0,15.17,95047.21
2011-07-27,15.06,15.09,14.85,14.97,231018.28
2011-07-28,14.82,14.82,14.59,14.66,234260.57
2011-07-29,14.72,15.0,14.59,14.8,254174.91
2011-08-01,14.8,14.97,14.75,14.94,129199.68
2011-08-02,14.76,14.77,14.6,14.76,104483.16
2011-08-03,14.63,14.81,14.59,14.65,135518.11
2011-08-04,14.71,14.82,14.63,14.64,122708.06
2011-08-05,14.3,14.33,13.98,14.08,372558.53
2011-08-08,13.9,14.03,13.54,13.62,319360.43
2011-08-09,13.26,13.6,13.17,13.53,358450.92
2011-08-10,13.79,13.84,13.54,13.63,272346.76
2011-08-11,13.43,13.87,13.35,13.86,285107.56
2011-08-12,13.96,13.97,13.64,13.73,280361.64
2011-08-15,13.78,14.2,13.64,14.17,278432.98
2011-08-16,14.1,14.19,13.9,13.93,188006.31
2011-08-18,14.1,14.14,13.66,13.72,193580.41
2011-08-19,13.45,13.6,13.34,13.41,164683.11
2011-08-22,13.45,13.59,13.3,13.44,129444.07
2011-08-23,13.45,13.64,13.4,13.63,115254.9
2011-08-24,13.72,13.75,13.47,13.51,134289.77
2011-08-25,13.54,14.14,13.54,14.12,362261.49
2011-08-26,14.03,14.09,13.87,13.97,185792.86
2011-08-29,13.77,13.77,13.53,13.66,187119.59
2011-08-30,13.76,13.95,13.57,13.58,165284.08
2011-08-31,13.55,13.57,13.43,13.55,185422.97
2011-09-01,13.64,13.88,13.58,13.68,203107.94
2011-09-02,13.68,13.85,13.5,13.73,120628.86
2011-09-05,13.59,13.59,13.42,13.44,108050.56
2011-09-06,13.46,13.46,13.26,13.34,148870.47
2011-09-07,13.46,13.59,13.34,13.53,144667.7
2011-09-08,13.57,13.58,13.36,13.36,108584.14
2011-09-09,13.5,13.65,13.35,13.41,133099.03
2011-09-13,13.14,13.29,13.11,13.18,133023.68
2011-09-14,13.28,13.32,12.92,13.18,177584.24
2011-09-15,13.22,13.31,13.11,13.12,115503.96
2011-09-16,13.22,13.37,13.19,13.21,142291.88
2011-09-19,13.1,13.12,12.94,12.95,112332.92
2011-09-20,12.95,13.05,12.89,13.01,80864.13
2011-09-21,13.04,13.51,12.99,13.4,216434.39
2011-09-22,13.28,13.39,12.92,12.98,179434.83
2011-09-23,12.82,12.86,12.42,12.69,293801.94
2011-09-26,12.52,12.65,11.43,11.48,680825.45
2011-09-27,11.69,11.78,11.6,11.69,352144.35
2011-09-28,11.81,11.88,11.54,11.58,187381.5
2011-09-29,11.51,11.51,11.34,11.37,277148.52
2011-09-30,11.44,11.45,11.15,11.21,308178.88
2011-10-10,11.29,11.41,11.28,11.32,192594.62
2011-10-11,11.72,11.78,11.41,11.47,323973.39
2011-10-12,11.45,12.12,11.42,12.1,366336.18
2011-10-13,12.03,12.3,12.0,12.12,313159.92
2011-10-14,12.11,12.19,11.99,12.16,172489.63
2011-10-17,12.24,12.55,12.2,12.41,238591.3
2011-10-18,12.26,12.31,11.8,11.86,199868.65
2011-10-19,11.93,12.15,11.81,11.88,201571.24
2011-10-20,11.74,11.77,11.47,11.58,184473.64
2011-10-21,11.69,11.84,11.62,11.69,166654.27
2011-10-24,11.89,12.35,11.77,12.3,309054.6
2011-10-25,12.25,12.52,12.09,12.38,287217.35
2011-10-26,12.36,12.68,12.35,12.53,305878.23
2011-10-27,12.39,12.71,12.37,12.68,381175.45
2011-10-28,12.92,13.27,12.85,12.93,579291.91
2011-10-31,12.95,13.08,12.83,12.91,239747.37
2011-11-01,12.76,13.42,12.72,13.1,389494.15
2011-11-02,12.89,13.41,12.82,13.38,336433.49
2011-11-03,13.41,13.79,13.41,13.48,420911.35
2011-11-04,13.66,13.76,13.48,13.49,300204.99
2011-11-07,13.4,13.49,13.26,13.28,185670.21
2011-11-08,13.35,13.49,13.26,13.33,130421.76
2011-11-09,13.42,13.62,13.29,13.54,216268.83
2011-11-10,13.32,13.33,12.96,12.97,285205.94
2011-11-11,13.01,13.11,12.85,12.96,123525.16
2011-11-14,13.14,13.38,13.14,13.34,182755.93
2011-11-15,13.31,13.33,13.13,13.2,116209.78
2011-11-16,13.15,13.22,12.51,12.6,319763.24
2011-11-17,12.62,12.66,12.35,12.43,232858.34
2011-11-18,12.31,12.41,12.05,12.15,246108.99
2011-11-21,12.17,12.24,12.0,12.23,164989.98
2011-11-22,12.12,12.29,12.07,12.13,194629.9
2011-11-23,12.15,12.18,11.82,11.89,173781.19
2011-11-24,11.79,12.2,11.76,12.07,183872.22
2011-11-25,12.01,12.08,11.88,11.93,93971.16
2011-11-28,12.02,12.17,11.98,12.03,126119.71
2011-11-29,12.19,12.26,12.06,12.24,180018.81
2011-11-30,12.17,12.2,11.74,11.77,175935.56
2011-12-01,12.39,12.77,12.28,12.41,531499.47
2011-12-02,12.32,12.41,12.22,12.38,202761.5
2011-12-05,12.51,12.65,12.31,12.38,211295.71
2011-12-06,12.39,12.48,12.19,12.29,145652.21
2011-12-07,12.35,12.67,12.31,12.66,222045.82
2011-12-08,12.56,12.81,12.43,12.68,205142.22
2011-12-09,12.55,12.75,12.52,12.68,133060.33
2011-12-12,12.68,12.72,12.47,12.52,123284.0
2011-12-13,12.35,12.42,11.91,12.03,277952.22
2011-12-14,12.02,12.09,11.92,12.02,134233.75
2011-12-15,11.92,12.05,11.69,11.76,194602.61
2011-12-16,11.75,12.15,11.75,12.0,161441.99
2011-12-19,11.89,12.09,11.65,12.06,182210.99
2011-12-20,11.97,12.25,11.95,12.13,131827.19
2011-12-21,12.02,12.27,11.47,11.5,333397.38
2011-12-22,11.48,11.59,11.25,11.35,260175.39
2011-12-23,11.35,11.5,11.17,11.35,217902.75
2011-12-26,11.26,11.44,11.18,11.21,162201.19
2011-12-27,11.2,11.54,11.18,11.28,129192.71
2011-12-28,11.22,11.42,11.17,11.39,135990.62
2011-12-29,11.36,11.45,11.25,11.34,105864.31
2011-12-30,11.39,11.57,11.37,11.5,146454.58
2012-01-04,11.65,11.69,11.29,11.32,145722.0
2012-01-05,11.2,11.55,11.19,11.33,181671.25
2012-01-06,11.31,11.42,11.22,11.3,170816.99
2012-01-09,11.32,11.6,11.14,11.6,331519.29
2012-01-10,11.62,12.15,11.6,12.12,385120.6
2012-01-11,12.09,12.17,11.9,11.96,265092.68
2012-01-12,11.95,12.35,11.9,12.14,228282.35
2012-01-13,12.15,12.26,11.89,12.03,188645.0
2012-01-16,11.99,12.15,11.88,11.88,139129.55
2012-01-17,11.95,12.66,11.84,12.63,312293.27
2012-01-18,12.59,12.85,12.45,12.5,225228.58
2012-01-19,12.52,12.9,12.52,12.86,356225.6
2012-01-20,12.94,13.18,12.87,13.05,398086.33
2012-01-30,13.06,13.12,12.84,12.89,220084.97
2012-01-31,12.89,13.05,12.62,12.8,241943.58
2012-02-01,12.76,12.9,12.39,12.49,270209.36
2012-02-02,12.57,13.26,12.57,13.24,440393.3
2012-02-03,13.22,13.57,13.14,13.41,441322.49
2012-02-06,13.43,13.47,13.1,13.23,224209.84
2012-02-07,13.13,13.2,12.85,12.99,263023.43
2012-02-09,13.39,13.54,13.26,13.32,409753.79
2012-02-10,13.29,13.6,13.26,13.39,261114.35
2012-02-13,13.2,13.64,13.17,13.45,205117.06
2012-02-14,13.44,13.44,13.09,13.22,235229.51
2012-02-15,13.17,13.56,13.17,13.44,242261.8
2012-02-16,13.42,13.42,13.16,13.25,172994.94
2012-02-17,13.42,13.46,13.17,13.27,173864.93
2012-02-20,13.46,13.65,13.37,13.39,314414.93
2012-02-21,13.4,13.6,13.26,13.59,228393.6
2012-02-22,13.55,13.8,13.42,13.72,240660.55
2012-02-23,13.69,13.85,13.63,13.69,186682.77
2012-02-24,13.69,13.92,13.6,13.92,257366.37
2012-02-27,13.97,14.09,13.83,13.86,283207.95
2012-02-28,13.88,14.02,13.8,13.93,200162.4
2012-02-29,13.88,13.89,13.57,13.63,256462.37
2012-03-01,13.59,13.72,13.52,13.54,177499.17
2012-03-02,13.58,13.79,13.58,13.77,212385.5
2012-03-05,13.79,13.84,13.38,13.39,355139.35
2012-03-06,13.38,13.39,13.1,13.17,401626.66
2012-03-07,13.05,13.25,13.03,13.07,216500.16
2012-03-08,13.13,13.48,13.13,13.33,268887.95
2012-03-09,13.43,13.45,13.24,13.38,137758.86
2012-03-12,13.38,13.38,13.05,13.28,241016.61
2012-03-13,13.27,13.58,13.27,13.57,225129.38
2012-03-14,13.69,13.74,13.22,13.27,322638.5
2012-03-15,13.24,13.42,13.19,13.2,196044.82
2012-03-16,13.24,13.32,12.95,13.2,225820.74
2012-03-19,13.14,13.14,12.92,13.02,252744.06
2012-03-20,12.99,13.14,12.92,12.94,198625.97
2012-03-21,13.05,13.11,12.84,13.0,176090.77
2012-03-22,13.02,13.09,12.86,13.0,136865.38
2012-03-23,12.95,12.95,12.75,12.83,159648.35
2012-03-26,12.79,12.86,12.67,12.77,108792.73
2012-03-27,12.89,12.92,12.69,12.79,190967.33
2012-03-28,12.74,12.76,12.44,12.48,227970.22
2012-03-29,12.39,12.45,12.05,12.1,249791.53
2012-03-30,12.18,12.23,12.06,12.21,194832.04
2012-04-05,12.21,12.69,12.07,12.61,288782.71
2012-04-06,12.6,12.8,12.55,12.71,192329.97
2012-04-09,12.61,12.72,12.5,12.57,84658.89
2012-04-10,12.53,12.73,12.34,12.71,127567.79
2012-04-11,12.54,12.77,12.52,12.65,148886.32
2012-04-12,12.67,13.08,12.59,13.04,252362.08
2012-04-13,13.1,13.37,13.09,13.27,342894.52
2012-04-16,13.19,13.29,13.09,13.18,102341.69
2012-04-17,13.17,13.24,12.97,12.98,119963.98
2012-04-18,13.06,13.38,13.01,13.35,218910.67
2012-04-19,13.33,13.86,13.29,13.69,569055.43
2012-04-20,13.66,13.86,13.63,13.81,352075.46
2012-04-23,13.81,13.97,13.52,13.57,279378.1
2012-04-24,13.49,13.96,13.42,13.62,420200.21
2012-04-25,13.59,13.79,13.5,13.62,224789.33
2012-04-26,13.69,13.89,13.68,13.75,224004.38
2012-04-27,13.76,13.86,13.52,13.59,234195.33
2012-05-02,13.94,14.18,13.84,14.08,363653.45
2012-05-03,14.09,14.43,14.06,14.38,318633.52
2012-05-04,14.36,14.47,14.23,14.38,268197.98
2012-05-07,14.22,14.31,13.92,14.02,332307.47
2012-05-08,14.08,14.12,13.82,13.89,293732.66
2012-05-09,13.77,13.91,13.73,13.84,259380.0
2012-05-10,13.82,13.91,13.79,13.81,182334.0
2012-05-11,13.81,13.97,13.66,13.75,177240.17
2012-05-14,13.86,13.98,13.43,13.62,239248.26
2012-05-15,13.69,14.09,13.69,14.09,470313.66
2012-05-16,14.02,14.05,13.73,13.76,221806.52
2012-05-17,13.81,14.19,13.78,14.16,295446.34
2012-05-18,14.01,14.01,13.69,13.83,262366.38
2012-05-21,13.76,14.04,13.76,13.9,155806.65
2012-05-22,13.95,14.22,13.92,14.21,300483.74
2012-05-23,14.16,14.19,13.96,14.09,234726.16
2012-05-24,14.03,14.25,13.98,14.04,125274.03
2012-05-25,14.03,14.12,13.49,13.57,226039.48
2012-05-28,13.55,13.76,13.42,13.71,215093.96
2012-05-29,13.72,14.22,13.62,14.1,260238.79
2012-05-30,14.1,14.21,14.03,14.11,184023.78
2012-05-31,14.05,14.07,13.92,13.99,170147.39
2012-06-01,13.99,14.19,13.98,14.08,142948.61
2012-06-04,13.92,14.0,13.59,13.63,366667.79
2012-06-05,13.67,13.77,13.54,13.58,213146.77
2012-06-06,13.65,13.81,13.63,13.69,155657.06
2012-06-07,13.86,14.08,13.66,13.72,150635.33
2012-06-08,13.96,13.97,13.67,13.72,266562.38
2012-06-11,13.83,14.14,13.77,14.13,194083.52
2012-06-12,14.05,14.24,14.04,14.19,198195.72
2012-06-13,14.2,15.18,14.2,15.12,542936.14
2012-06-14,15.13,15.27,15.0,15.07,348910.06
2012-06-15,15.11,15.57,15.11,15.38,393239.91
2012-06-18,15.52,15.59,15.23,15.4,201148.87
2012-06-19,15.36,15.56,15.31,15.35,202791.28
2012-06-20,15.36,15.54,15.34,15.37,138919.49
2012-06-21,15.28,15.28,14.78,14.95,275213.4
2012-06-25,14.84,14.89,14.51,14.54,189097.16
2012-06-26,14.52,14.84,14.45,14.68,211789.17
2012-06-28,14.69,15.06,14.69,14.91,253444.7
2012-06-29,14.86,15.5,14.86,15.27,332907.37
2012-07-02,15.39,15.41,15.13,15.39,185929.81
2012-07-03,15.39,15.63,15.18,15.23,243087.09
2012-07-04,15.26,15.34,14.99,15.07,110491.55
2012-07-05,14.97,15.29,14.9,15.14,148644.1
2012-07-06,15.28,15.53,15.07,15.44,330381.65
2012-07-09,15.36,15.64,15.16,15.23,208367.03
2012-07-10,15.23,15.48,15.05,15.2,161024.97
2012-07-11,15.09,15.29,15.02,15.26,143387.55
2012-07-12,15.23,15.23,14.8,15.03,351041.16
2012-07-13,14.87,15.23,14.87,15.02,148773.38
2012-07-16,15.11,15.11,14.59,14.63,208562.97
2012-07-17,14.61,14.91,14.53,14.87,208013.61
2012-07-18,14.92,15.06,14.54,14.88,166542.12
2012-07-19,14.83,15.61,14.78,15.43,353009.76
2012-07-20,15.38,15.46,15.25,15.44,187084.27
2012-07-23,15.23,15.23,14.94,15.04,172867.97
2012-07-24,14.92,15.25,14.92,15.09,157409.04
2012-07-25,14.95,15.24,14.94,15.01,112389.48
2012-07-26,15.04,15.34,14.94,15.01,164923.37
2012-07-27,15.13,15.17,14.61,14.94,247192.49
2012-07-30,14.91,15.07,14.61,14.64,159358.78
2012-07-31,14.64,15.15,14.61,14.86,209829.01
2012-08-01,14.91,15.24,14.88,15.18,154617.45
2012-08-02,15.14,15.24,14.91,15.06,146926.88
2012-08-03,15.06,15.09,14.57,14.79,229890.02
2012-08-06,14.78,15.0,14.75,14.98,146310.67
2012-08-07,14.94,14.97,14.67,14.75,180692.67
2012-08-08,14.76,14.92,14.69,14.9,127186.45
2012-08-09,14.79,15.01,14.72,15.0,142390.12
2012-08-10,14.94,15.2,14.94,15.06,137099.96
2012-08-13,15.04,15.04,13.99,14.08,414447.05
2012-08-14,14.08,14.14,13.74,13.97,245762.29
2012-08-15,13.97,14.09,13.9,13.95,111921.88
2012-08-16,13.94,14.04,13.85,13.94,84905.82
2012-08-17,13.92,14.0,13.77,13.98,142502.08
2012-08-20,13.8,13.9,13.57,13.81,127159.13
2012-08-21,13.84,14.04,13.71,13.79,148397.04
2012-08-22,13.79,13.9,13.58,13.73,146413.64
2012-08-23,13.73,13.84,13.64,13.78,144523.94
2012-08-24,13.82,13.88,13.68,13.72,118785.32
2012-08-27,13.71,13.76,13.04,13.05,245566.84
2012-08-28,13.05,13.26,12.98,13.06,127798.13
2012-08-29,13.0,13.04,12.85,12.9,107503.22
2012-08-30,12.73,13.28,12.73,13.14,225262.11
2012-08-31,13.1,13.36,13.01,13.05,129956.61
2012-09-03,12.94,13.48,12.94,13.38,191676.47
2012-09-04,13.43,13.46,13.18,13.24,100364.69
2012-09-05,13.21,13.39,13.14,13.18,121555.13
2012-09-06,13.26,13.47,13.23,13.37,96156.74
2012-09-07,13.57,14.3,13.57,14.12,402051.15
2012-09-10,14.14,14.22,13.97,14.09,161953.15
2012-09-11,14.03,14.03,13.74,13.84,139953.33
2012-09-12,14.0,14.14,13.75,13.84,133843.06
2012-09-13,13.84,13.89,13.7,13.71,135444.21
2012-09-14,13.88,14.06,13.7,13.78,199839.68
2012-09-17,13.7,13.88,13.43,13.44,158170.25
2012-09-18,13.35,13.56,13.2,13.44,113933.17
2012-09-19,13.44,13.59,13.4,13.56,104929.91
2012-09-20,13.55,13.55,13.35,13.37,187217.84
2012-09-21,13.32,13.44,13.2,13.29,105097.83
2012-09-24,13.2,13.57,13.11,13.52,104670.18
2012-09-25,13.5,13.84,13.5,13.64,138251.32
2012-09-26,13.6,13.75,13.56,13.6,102482.66
2012-09-27,13.64,14.23,13.64,14.04,254070.16
2012-09-28,13.9,14.18,13.85,14.14,225460.49
2012-10-08,14.18,14.42,13.94,13.97,120276.29
2012-10-09,14.06,14.38,14.06,14.28,175674.86
2012-10-10,14.22,14.29,14.16,14.22,84831.87
2012-10-11,14.16,14.16,13.97,14.04,95081.78
2012-10-12,14.15,14.32,13.94,13.99,116238.2
2012-10-15,14.09,14.26,13.98,14.06,73058.98
2012-10-16,14.06,14.24,14.0,14.08,93644.0
2012-10-17,14.16,14.16,13.82,14.0,130765.3
2012-10-18,13.99,14.15,13.82,14.09,175185.35
2012-10-19,14.04,14.16,14.04,14.16,91612.06
2012-10-22,14.09,14.25,14.07,14.23,109040.98
2012-10-23,14.28,14.32,14.03,14.08,98355.2
2012-10-24,14.04,14.16,13.98,14.05,89125.7
2012-10-25,14.04,14.12,13.74,13.77,128433.6
2012-10-26,13.77,13.84,13.3,13.4,147482.04
2012-10-29,13.34,13.38,12.67,12.83,340088.44
2012-10-30,12.88,13.13,12.88,12.97,219171.67
2012-10-31,13.07,13.13,12.94,13.08,101405.28
2012-11-01,13.08,13.42,13.01,13.26,398841.99
2012-11-02,13.16,13.27,13.02,13.16,281744.28
2012-11-05,13.15,13.2,12.91,13.07,266093.62
2012-11-06,13.06,13.23,12.92,13.19,213022.46
2012-11-07,13.19,13.19,13.05,13.12,134196.0
2012-11-08,13.01,13.16,12.99,13.01,167492.94
2012-11-09,12.99,13.07,12.95,13.01,81623.6
2012-11-12,13.02,13.06,12.77,12.88,174851.56
2012-11-13,12.88,12.88,12.64,12.67,127717.95
2012-11-14,12.69,12.83,12.64,12.75,115493.74
2012-11-15,12.71,12.9,12.66,12.73,197798.09
2012-11-16,12.71,12.74,12.38,12.5,160407.54
2012-11-19,12.45,12.49,11.66,12.3,393504.11
2012-11-20,12.23,12.23,11.83,11.91,281550.42
2012-11-21,11.9,12.3,11.9,12.28,174756.36
2012-11-22,12.23,12.32,12.14,12.3,110623.12
2012-11-23,12.33,12.76,12.29,12.51,175134.28
2012-11-26,12.49,12.55,12.4,12.47,90989.75
2012-11-27,12.45,12.52,12.19,12.21,133452.63
2012-11-28,12.18,12.19,12.0,12.07,119523.84
2012-11-29,12.04,12.17,11.98,12.03,112715.31
2012-11-30,11.99,12.43,11.99,12.3,131378.46
2012-12-03,12.27,12.71,12.24,12.35,216819.16
2012-12-04,12.37,12.7,12.37,12.6,231924.68
2012-12-05,12.59,13.2,12.59,13.12,378333.66
2012-12-06,13.1,13.26,13.01,13.11,208837.09
2012-12-07,13.07,13.3,12.95,13.25,281151.81
2012-12-10,13.31,13.61,13.31,13.48,315659.8
2012-12-11,13.45,13.54,13.37,13.42,214258.59
2012-12-12,13.42,13.52,13.29,13.44,177110.23
2012-12-13,13.41,13.41,13.06,13.1,233706.52
2012-12-14,13.14,14.22,13.14,14.14,548049.4
2012-12-17,14.14,14.49,14.12,14.33,370272.97
2012-12-18,14.29,14.57,14.13,14.22,292155.74
2012-12-19,14.17,14.33,13.99,14.08,227215.18
2012-12-20,14.04,14.33,13.99,14.24,179182.15
2012-12-21,14.3,14.61,14.19,14.29,216402.82
2012-12-24,13.92,14.25,13.86,14.2,301313.31
2012-12-25,14.08,14.7,14.06,14.49,451714.17
2012-12-26,14.5,14.79,14.46,14.65,255462.84
2012-12-27,14.74,14.83,14.51,14.57,188725.97
2012-12-28,14.66,14.85,14.46,14.77,233856.69
2012-12-31,14.83,15.46,14.83,15.27,329814.63
2013-01-04,15.74,16.79,15.64,15.88,587134.83
2013-01-07,15.88,16.04,15.7,15.92,283284.3
2013-01-08,15.89,15.95,15.21,15.32,471438.84
2013-01-09,15.19,15.29,14.98,15.19,408208.46
2013-01-10,15.22,15.47,15.1,15.17,272372.72
2013-01-11,15.2,15.28,14.91,14.98,228616.65
2013-01-14,14.98,15.85,14.93,15.8,388762.3
2013-01-15,15.81,16.16,15.75,15.84,420068.66
2013-01-16,15.79,15.79,15.17,15.49,289258.57
2013-01-17,15.43,15.48,15.1,15.2,247054.58
2013-01-18,15.29,15.8,15.15,15.66,259875.54
2013-01-21,15.61,15.66,15.27,15.43,234262.22
2013-01-22,15.43,15.97,15.35,15.58,404693.31
2013-01-23,15.57,15.82,15.48,15.65,235135.14
2013-01-24,15.71,16.17,15.6,15.69,458153.23
2013-01-25,15.69,15.81,15.17,15.37,265190.7
2013-01-28,15.3,15.89,15.27,15.73,473759.08
2013-01-29,15.88,16.07,15.44,15.75,406762.64
2013-01-30,15.95,16.38,15.83,16.04,555169.88
2013-01-31,16.11,16.35,15.92,16.25,541760.28
2013-02-01,16.18,17.22,16.04,17.11,1105899.37
2013-02-04,17.63,17.96,17.19,17.36,949644.72
2013-02-05,17.09,17.36,16.8,17.07,427945.7
2013-02-06,17.16,17.95,17.16,17.79,485988.49
2013-02-07,17.67,17.89,17.29,17.69,471374.67
2013-02-08,17.66,17.79,17.17,17.49,308156.4
2013-02-18,17.54,17.61,16.64,16.7,427487.53
2013-02-19,16.7,16.77,16.18,16.44,455349.06
2013-02-20,16.42,16.51,16.19,16.44,261916.53
2013-02-21,16.19,16.21,15.47,15.76,538227.24
2013-02-22,15.67,15.74,15.44,15.49,204765.39
2013-02-25,15.6,15.85,15.27,15.44,225126.03
2013-02-26,15.28,15.62,15.12,15.16,426800.97
2013-02-27,15.25,15.51,15.17,15.24,313446.36
2013-02-28,15.42,15.87,15.24,15.87,522860.76
2013-03-01,15.87,15.89,15.2,15.49,477427.44
2013-03-04,15.17,15.24,14.19,14.39,805872.4
2013-03-05,14.48,14.87,14.28,14.81,483190.82
2013-03-06,14.93,15.05,14.8,15.01,462957.49
2013-03-07,14.83,14.9,14.48,14.7,324422.39
2013-03-08,14.77,14.99,14.63,14.8,290243.44
2013-03-11,14.74,14.88,14.52,14.56,354949.48
2013-03-12,14.53,14.79,14.43,14.58,452131.54
2013-03-13,14.56,14.61,14.31,14.37,291282.17
2013-03-14,14.42,14.5,14.27,14.42,225490.23
2013-03-15,14.16,14.76,14.01,14.13,423047.53
2013-03-18,13.99,14.13,13.68,13.7,361687.66
2013-03-19,13.71,14.03,13.71,14.02,224988.67
2013-03-20,14.01,14.58,14.0,14.52,370519.3
2013-03-21,14.52,14.72,14.47,14.55,233639.84
2013-03-22,14.56,14.72,14.47,14.53,216635.52
2013-03-25,14.67,14.76,14.33,14.44,195850.73
2013-03-26,14.38,14.47,14.15,14.16,374320.0
2013-03-27,14.22,14.41,14.18,14.2,262314.33
2013-03-28,13.85,13.87,13.48,13.84,370700.87
2013-03-29,13.85,14.19,13.67,14.08,182154.69
2013-04-01,13.91,14.0,13.78,13.82,250894.94
2013-04-02,13.74,13.97,13.57,13.66,269577.86
2013-04-03,13.69,13.94,13.65,13.74,202467.71
2013-04-08,13.48,13.57,13.24,13.48,463409.66
2013-04-09,13.53,13.93,13.53,13.87,455431.16
2013-04-10,13.85,14.05,13.76,13.88,376726.68
2013-04-11,13.94,14.15,13.84,13.9,168646.34
2013-04-12,13.89,14.0,13.82,13.87,115291.13
2013-04-15,13.84,13.97,13.61,13.66,165329.5
2013-04-16,13.49,14.0,13.46,14.0,250350.17
2013-04-17,14.01,14.15,13.92,14.09,391495.47
2013-04-18,13.99,14.27,13.94,14.24,306636.29
2013-04-19,14.26,14.53,14.26,14.46,568548.7
2013-04-22,14.29,14.34,14.11,14.14,317863.81
2013-04-23,14.19,14.21,13.44,13.46,366576.77
2013-04-24,13.5,13.87,13.45,13.61,336276.14
2013-04-25,13.61,13.75,13.39,13.53,227949.97
2013-04-26,13.57,13.62,13.4,13.42,188637.11
2013-05-02,13.48,13.67,13.45,13.49,209102.66
2013-05-03,13.58,13.97,13.55,13.85,328825.02
2013-05-06,13.97,14.15,13.85,14.0,273692.26
2013-05-07,13.96,14.07,13.87,13.93,190218.49
2013-05-08,14.03,14.22,13.98,14.05,247752.42
2013-05-09,14.09,14.1,13.79,13.86,209978.51
2013-05-10,13.77,13.96,13.75,13.85,195227.36
2013-05-13,13.77,13.85,13.48,13.55,251704.79
2013-05-14,13.48,13.48,13.06,13.16,471119.23
2013-05-15,13.19,13.24,12.93,13.04,325873.56
2013-05-16,13.03,13.48,12.95,13.44,309639.56
2013-05-17,13.44,13.71,13.39,13.63,339906.36
2013-05-20,13.72,14.04,13.68,13.88,324041.66
2013-05-21,13.89,13.97,13.66,13.77,244939.08
2013-05-22,13.77,13.92,13.69,13.79,163960.47
2013-05-23,13.76,13.76,13.41,13.41,318880.53
2013-05-24,13.51,13.59,13.28,13.45,222118.36
2013-05-27,13.42,13.56,13.35,13.41,172610.47
2013-05-28,13.42,13.86,13.36,13.83,344071.06
2013-05-29,13.88,13.95,13.64,13.67,330407.95
2013-05-30,13.62,13.74,13.51,13.58,246052.38
2013-05-31,13.62,13.7,13.44,13.45,185143.41
2013-06-03,13.46,13.62,13.41,13.46,210336.62
2013-06-04,13.46,13.47,13.23,13.29,211938.64
2013-06-05,13.3,13.34,13.2,13.28,130369.43
2013-06-06,13.24,13.26,13.09,13.12,175617.69
2013-06-07,13.12,13.18,12.82,12.84,237268.04
2013-06-13,12.66,12.66,12.33,12.39,695563.13
2013-06-14,12.52,12.56,12.43,12.52,369418.49
2013-06-17,12.63,12.86,12.53,12.76,319148.26
2013-06-18,12.76,12.99,12.74,12.97,396954.53
2013-06-19,12.92,12.92,12.76,12.81,391165.02
2013-06-20,12.77,12.77,12.32,12.36,293694.6
2013-06-21,12.19,12.73,12.11,12.6,343477.51
2013-06-24,12.43,12.45,11.71,11.72,474837.05
2013-06-25,11.68,11.83,11.04,11.76,515369.51
2013-06-26,11.76,11.79,11.31,11.72,371168.92
2013-06-27,11.65,11.81,11.43,11.68,333136.87
2013-06-28,11.55,12.05,11.49,11.81,264056.25
2013-07-01,11.68,11.76,11.38,11.72,221365.53
2013-07-02,11.68,11.72,11.45,11.69,269673.07
2013-07-03,11.6,11.6,11.38,11.55,242147.77
2013-07-04,11.43,11.66,11.34,11.63,301846.04
2013-07-05,11.64,11.75,11.55,11.72,290342.72
2013-07-08,11.55,11.58,11.38,11.54,256544.48
2013-07-09,11.48,11.53,11.41,11.46,117504.89
2013-07-10,11.42,11.67,11.24,11.66,389078.68
2013-07-11,11.68,12.67,11.64,12.31,710121.16
2013-07-12,12.28,12.28,11.89,11.89,408381.87
2013-07-15,11.99,12.31,11.85,11.97,337526.57
2013-07-16,11.92,11.99,11.76,11.89,222385.79
2013-07-17,11.9,11.97,11.66,11.68,243508.61
2013-07-18,11.57,11.65,11.38,11.39,255077.55
2013-07-19,11.39,11.54,11.1,11.34,404163.34
2013-07-22,11.18,11.38,11.12,11.34,301210.53
2013-07-23,11.34,11.63,11.26,11.48,371665.98
2013-07-24,11.38,11.43,11.1,11.2,378078.7
2013-07-25,11.24,11.32,11.09,11.1,320497.61
2013-07-26,11.04,11.11,10.88,11.07,376555.92
2013-07-29,10.94,11.02,10.76,10.9,382874.5
2013-07-30,10.85,11.1,10.83,10.91,357707.71
2013-07-31,10.97,11.09,10.86,10.9,277328.79
2013-08-01,10.93,11.14,10.91,11.09,312791.22
2013-08-02,11.17,11.22,10.97,10.98,258653.57
2013-08-05,11.02,11.21,10.95,11.2,297461.86
2013-08-06,11.2,11.3,11.04,11.21,329812.43
2013-08-07,11.17,11.32,11.11,11.14,303756.64
2013-08-08,11.12,11.33,11.07,11.18,204012.51
2013-08-09,11.26,11.29,11.1,11.21,177999.31
2013-08-12,11.29,11.73,11.24,11.72,508221.07
2013-08-13,11.8,11.93,11.7,11.83,383607.58
2013-08-14,11.8,12.08,11.79,11.85,369191.6
2013-08-15,11.79,12.0,11.75,11.77,231479.92
2013-08-16,11.72,12.38,11.51,11.68,651888.88
2013-08-19,11.56,11.78,11.43,11.73,352959.82
2013-08-20,11.65,11.93,11.55,11.62,291674.95
2013-08-21,11.63,11.77,11.5,11.63,179386.91
2013-08-22,11.6,11.8,11.58,11.58,198269.32
2013-08-23,11.7,11.72,11.34,11.47,252122.93
2013-08-26,11.53,11.75,11.42,11.7,259138.79
2013-08-27,11.7,11.7,11.57,11.65,194732.52
2013-08-28,11.54,11.57,11.38,11.44,282387.56
2013-08-29,11.52,11.58,11.39,11.47,172363.78
2013-08-30,11.58,12.07,11.56,11.84,586283.39
2013-09-02,11.89,12.11,11.89,11.94,476814.9
2013-09-03,12.02,12.3,12.0,12.25,496218.37
2013-09-04,12.25,12.26,12.09,12.14,278041.3
2013-09-05,12.16,12.25,12.09,12.14,223168.83
2013-09-06,12.09,12.23,12.05,12.15,263527.13
2013-09-09,12.16,12.9,12.16,12.77,933375.27
2013-09-10,12.9,13.05,12.79,13.02,483634.64
2013-09-11,13.19,13.58,12.99,13.0,681425.76
2013-09-12,12.97,13.48,12.8,13.19,739275.91
2013-09-13,13.09,13.23,12.81,12.83,495042.75
2013-09-16,12.98,13.06,12.73,12.95,380721.24
2013-09-17,12.93,13.35,12.83,12.89,565531.79
2013-09-18,12.86,13.02,12.83,12.86,279105.78
2013-09-23,12.95,13.14,12.93,13.03,290779.97
2013-09-24,12.97,13.0,12.45,12.59,443214.92
2013-09-25,12.56,12.69,12.45,12.53,222423.13
2013-09-26,12.45,12.45,12.11,12.15,358544.94
2013-09-27,12.15,12.28,12.14,12.22,208850.96
2013-09-30,12.26,12.34,12.13,12.18,195545.19
2013-10-08,12.08,12.32,12.04,12.25,285176.99
2013-10-09,12.2,12.39,12.11,12.35,282203.9
2013-10-10,12.39,12.39,12.07,12.13,277212.52
2013-10-11,12.23,12.42,12.18,12.42,387544.86
2013-10-14,12.44,12.77,12.31,12.59,487903.91
2013-10-15,12.63,12.66,12.49,12.57,256211.88
2013-10-16,12.56,12.56,12.15,12.24,294001.91
2013-10-17,12.33,12.36,12.13,12.14,162013.22
2013-10-18,12.16,12.31,12.12,12.19,203253.78
2013-10-21,12.18,12.36,12.05,12.33,285494.75
2013-10-22,12.28,12.3,12.11,12.16,258137.37
2013-10-23,12.2,12.38,12.11,12.15,308362.29
2013-10-24,12.13,12.13,11.93,11.94,267114.6
2013-10-25,11.99,12.09,11.87,12.03,303462.8
2013-10-28,12.25,12.28,12.06,12.15,223992.63
2013-10-29,12.2,12.67,12.15,12.54,619570.78
2013-10-30,12.55,12.79,12.49,12.76,420790.1
2013-10-31,12.72,12.74,12.54,12.56,319398.15
2013-11-01,12.56,12.96,12.56,12.82,383489.8
2013-11-04,12.86,12.95,12.63,12.67,223813.17
2013-11-05,12.62,12.62,12.3,12.54,278486.61
2013-11-06,12.46,12.62,12.44,12.49,179595.22
2013-11-07,12.55,12.62,12.39,12.47,209981.97
2013-11-08,12.36,12.52,12.3,12.31,254553.74
2013-11-11,12.28,12.44,12.27,12.37,276081.29
2013-11-12,12.46,12.79,12.46,12.75,469656.38
2013-11-13,12.59,12.66,12.35,12.38,381160.68
2013-11-14,12.42,12.62,12.41,12.54,320888.32
2013-11-15,12.55,13.12,12.55,13.03,821688.29
2013-11-18,13.27,14.13,13.12,14.04,1492872.3
2013-11-19,14.02,14.29,13.85,13.92,961205.99
2013-11-20,14.06,14.12,13.79,13.99,778644.87
2013-11-21,13.92,13.94,13.48,13.65,798501.17
2013-11-22,13.69,13.79,13.5,13.68,732947.6
2013-11-25,13.65,14.28,13.54,13.79,633825.97
2013-11-26,13.85,13.96,13.7,13.84,321914.7
2013-11-27,13.84,14.32,13.76,14.14,554939.78
2013-11-28,14.19,14.46,14.14,14.16,506124.79
2013-11-29,14.2,14.26,14.06,14.18,321645.52
2013-12-02,14.14,14.78,14.14,14.64,802722.94
2013-12-03,14.54,14.79,14.3,14.67,546107.31
2013-12-04,14.61,15.24,14.58,15.1,628735.03
2013-12-05,15.09,15.18,14.97,15.02,425049.0
2013-12-06,15.05,15.18,14.48,14.64,651921.23
2013-12-09,14.88,14.98,14.5,14.64,663350.57
2013-12-10,14.67,14.84,14.63,14.74,368970.09
2013-12-11,14.61,14.61,14.15,14.24,460152.92
2013-12-12,14.16,14.32,13.99,14.17,350118.51
2013-12-13,13.99,14.46,13.91,14.43,389103.35
2013-12-16,14.39,14.56,14.25,14.34,383384.56
2013-12-17,14.34,14.41,14.04,14.33,247242.38
2013-12-18,14.25,14.4,14.21,14.27,213770.88
2013-12-19,14.4,14.47,13.94,13.96,312939.34
2013-12-20,13.93,14.07,13.17,13.3,541312.35
2013-12-23,13.36,13.62,13.22,13.49,228042.22
2013-12-24,13.56,13.79,13.49,13.6,245472.74
2013-12-25,13.61,13.76,13.48,13.68,145445.82
2013-12-26,13.62,13.65,13.44,13.51,170260.31
2013-12-27,13.58,14.06,13.51,13.94,339226.47
2013-12-30,14.07,14.16,13.92,13.93,248094.19
2013-12-31,13.89,14.28,13.85,14.24,350531.03
2014-01-02,14.19,14.2,13.87,14.09,228146.39
2014-01-03,13.89,13.96,13.68,13.75,260821.14
2014-01-06,13.71,13.98,13.27,13.75,483839.24
2014-01-07,13.52,13.75,13.52,13.68,219640.72
2014-01-08,13.71,13.95,13.6,13.86,275072.7
2014-01-09,13.82,13.95,13.55,13.64,269085.2
2014-01-10,13.64,13.7,13.47,13.5,194393.62
2014-01-13,13.56,13.69,13.3,13.46,247691.63
2014-01-14,13.48,13.72,13.33,13.65,215161.84
2014-01-15,13.63,13.66,13.41,13.55,146358.2
2014-01-16,13.57,14.21,13.54,14.07,534238.28
2014-01-17,14.0,14.08,13.82,13.94,298419.67
2014-01-20,13.85,14.09,13.83,13.89,202405.73
2014-01-21,13.92,14.3,13.92,14.11,266500.72
2014-01-22,14.1,14.38,14.04,14.27,335321.0
2014-01-23,14.2,14.25,13.92,13.99,318278.39
2014-01-24,13.86,14.12,13.82,13.83,301773.83
2014-01-27,13.64,13.64,13.2,13.31,595563.55
2014-01-28,13.34,13.42,13.23,13.36,272963.2
2014-01-29,13.41,13.44,13.32,13.4,190395.9
2014-01-30,13.31,13.36,13.18,13.36,271638.94
2014-02-07,13.17,13.18,12.93,13.04,380358.43
2014-02-10,13.08,13.37,13.08,13.33,415087.71
2014-02-11,13.3,13.65,13.21,13.5,424994.41
2014-02-12,13.55,13.59,13.32,13.38,248024.34
2014-02-13,13.39,13.47,13.14,13.29,318104.34
2014-02-14,13.27,13.41,13.27,13.33,183759.37
2014-02-17,13.51,13.57,13.34,13.48,276392.61
2014-02-18,13.44,13.44,13.17,13.2,329728.42
2014-02-19,13.2,13.45,13.11,13.35,336367.96
2014-02-20,13.39,13.53,13.14,13.16,292195.59
2014-02-21,13.17,13.33,13.09,13.32,299671.11
2014-02-24,13.14,13.31,13.01,13.25,443505.17
2014-02-25,13.21,13.23,12.74,12.84,507611.62
2014-02-26,12.75,12.86,12.71,12.8,271749.24
2014-02-27,12.86,13.07,12.7,12.97,351101.33
2014-02-28,12.93,13.15,12.9,13.14,332313.6
2014-03-03,13.06,13.09,12.87,12.96,295935.84
2014-03-04,12.94,13.1,12.81,12.96,225925.82
2014-03-05,13.02,13.02,12.8,12.85,229373.55
2014-03-06,12.8,13.02,12.64,12.92,256187.31
2014-03-07,12.82,13.0,12.73,12.81,189445.04
2014-03-10,12.65,12.65,12.31,12.35,276854.48
2014-03-11,12.29,12.45,12.28,12.35,180498.93
2014-03-12,12.32,12.51,12.32,12.4,188812.78
2014-03-13,12.46,12.66,12.4,12.54,204984.38
2014-03-14,12.49,12.62,12.46,12.52,218758.18
2014-03-17,12.6,12.66,12.5,12.57,260048.87
2014-03-18,12.58,12.58,12.4,12.4,141191.1
2014-03-19,12.36,12.41,12.12,12.28,198628.72
2014-03-20,12.28,12.61,12.19,12.31,351908.64
2014-03-21,12.25,12.86,12.25,12.8,508124.59
2014-03-24,12.83,12.95,12.74,12.88,411370.54
2014-03-25,12.82,12.93,12.64,12.68,243779.64
2014-03-26,12.74,12.82,12.64,12.69,229823.24
2014-03-27,12.67,12.78,12.51,12.69,285922.27
2014-03-28,12.63,12.8,12.61,12.75,207895.04
2014-03-31,12.79,12.89,12.72,12.82,216411.12
2014-04-01,12.81,13.05,12.78,12.86,335340.94
2014-04-02,12.89,13.14,12.83,13.13,428330.89
2014-04-03,13.2,13.45,13.15,13.16,417203.69
2014-04-04,13.07,13.31,13.03,13.28,190911.8
2014-04-08,13.24,13.7,13.22,13.61,534447.53
2014-04-09,13.61,13.65,13.4,13.47,357129.13
2014-04-10,13.48,14.74,13.35,14.43,1332026.46
2014-04-11,14.43,14.44,13.97,14.06,902867.88
2014-04-14,14.06,14.14,13.83,13.93,351636.6
2014-04-15,13.85,13.89,13.62,13.67,336168.02
2014-04-16,13.65,13.81,13.59,13.71,193631.97
2014-04-17,13.77,13.8,13.5,13.51,184337.03
2014-04-18,13.44,13.59,13.33,13.5,163387.94
2014-04-21,13.39,13.58,13.25,13.28,196173.64
2014-04-22,13.27,13.41,13.19,13.4,185447.72
2014-04-23,13.34,13.47,13.26,13.3,174095.79
2014-04-24,13.3,13.53,13.27,13.49,365497.45
2014-04-25,13.46,13.51,13.28,13.31,172767.81
2014-04-28,13.24,13.37,12.97,13.0,202373.32
2014-04-29,13.14,13.43,13.14,13.34,202734.34
2014-04-30,13.43,13.43,13.3,13.36,129717.39
2014-05-05,13.3,13.45,13.23,13.38,294129.77
2014-05-06,13.32,13.58,13.31,13.49,185699.82
2014-05-07,13.4,13.52,13.36,13.43,281019.54
2014-05-08,13.41,13.76,13.36,13.43,200320.76
2014-05-09,13.48,13.5,13.35,13.4,111247.32
2014-05-12,13.52,13.75,13.48,13.67,280146.32
2014-05-13,13.68,13.79,13.56,13.62,151968.04
2014-05-14,13.64,13.73,13.58,13.6,158199.49
2014-05-15,13.63,13.67,13.48,13.52,135504.41
2014-05-16,13.55,13.55,13.31,13.49,139097.64
2014-05-19,13.48,13.49,13.14,13.21,246290.75
2014-05-20,13.3,13.33,13.19,13.23,160323.9
2014-05-21,13.2,13.39,13.13,13.37,168500.39
2014-05-22,13.37,13.56,13.35,13.35,185087.38
2014-05-23,13.35,13.44,13.35,13.44,179456.56
2014-05-26,13.51,13.57,13.31,13.4,155605.54
2014-05-27,13.38,13.47,13.34,13.4,218583.14
2014-05-28,13.39,13.62,13.34,13.59,254711.64
2014-05-29,13.62,13.78,13.48,13.64,269233.61
2014-05-30,13.68,13.69,13.55,13.61,180961.97
2014-06-03,13.64,13.75,13.61,13.62,267676.32
2014-06-04,13.6,13.6,13.34,13.42,246462.89
2014-06-05,13.39,13.61,13.37,13.58,340136.48
2014-06-06,13.57,13.6,13.39,13.46,212084.31
2014-06-09,13.4,13.66,13.39,13.55,267494.35
2014-06-10,13.56,13.81,13.56,13.8,431080.56
2014-06-11,13.73,13.78,13.6,13.69,302717.11
2014-06-12,13.68,13.75,13.61,13.64,380693.31
2014-06-13,13.65,13.99,13.62,13.93,470465.25
2014-06-16,13.92,14.04,13.87,13.96,387050.3
2014-06-17,13.94,13.94,13.7,13.78,301489.03
2014-06-18,13.8,13.85,13.71,13.73,204140.12
2014-06-19,13.79,13.81,13.55,13.58,243244.28
2014-06-20,13.62,13.69,13.56,13.66,152855.91
2014-06-23,13.65,13.8,13.52,13.54,225363.79
2014-06-24,13.54,13.59,13.41,13.56,249281.88
2014-06-25,13.56,13.56,13.39,13.45,176590.3
2014-06-26,13.48,13.55,13.45,13.55,134305.4
2014-06-27,13.57,13.57,13.38,13.42,238197.12
2014-06-30,13.44,13.66,13.44,13.59,168222.5
2014-07-01,13.65,13.69,13.51,13.57,155308.62
2014-07-02,13.58,13.68,13.54,13.62,179810.84
2014-07-03,13.64,13.73,13.6,13.66,187078.26
2014-07-04,13.66,13.86,13.66,13.77,205750.18
2014-07-07,13.77,13.89,13.72,13.83,164223.42
2014-07-08,13.81,13.85,13.76,13.84,121987.25
2014-07-09,13.82,13.97,13.71,13.71,241423.08
2014-07-10,13.77,13.81,13.55,13.61,277538.43
2014-07-11,13.67,13.7,13.57,13.61,126460.57
2014-07-14,13.62,13.81,13.61,13.8,153032.96
2014-07-15,13.8,13.9,13.73,13.79,233210.34
2014-07-16,13.79,13.92,13.67,13.72,206397.0
2014-07-17,13.71,13.8,13.67,13.78,187795.57
2014-07-18,13.73,13.88,13.66,13.75,237550.75
2014-07-21,13.76,13.87,13.73,13.77,192224.59
2014-07-22,13.69,13.97,13.69,13.89,438949.65
2014-07-23,13.88,14.31,13.88,14.19,557367.39
2014-07-24,14.22,14.67,14.22,14.57,680858.1
2014-07-25,14.61,14.76,14.55,14.66,354662.4
2014-07-28,14.76,15.23,14.75,15.14,836041.67
2014-07-29,15.09,15.25,14.97,15.17,369316.43
2014-07-30,15.09,15.3,15.02,15.17,566640.79
2014-07-31,15.19,15.44,14.98,15.41,451922.87
2014-08-01,15.39,15.5,15.09,15.1,426907.71
2014-08-04,15.16,15.59,15.05,15.58,497735.64
2014-08-05,15.55,15.58,15.23,15.36,368175.28
2014-08-06,15.26,15.26,14.93,15.08,424846.47
2014-08-07,15.11,15.13,14.81,14.85,400583.92
2014-08-08,14.9,14.94,14.72,14.79,372427.05
2014-08-11,14.85,15.11,14.83,15.04,453793.55
2014-08-12,15.0,15.0,14.75,14.85,353048.49
2014-08-13,14.85,15.13,14.8,15.11,464581.43
2014-08-14,15.2,15.26,14.87,14.9,441974.12
2014-08-15,14.94,15.21,14.88,15.14,402578.57
2014-08-18,15.16,15.24,15.02,15.09,315685.37
2014-08-19,15.13,15.16,14.84,14.98,351498.97
2014-08-20,14.92,14.94,14.76,14.82,426360.81
2014-08-21,14.82,14.9,14.54,14.69,370080.19
2014-08-22,14.68,14.82,14.67,14.8,325195.67
2014-08-25,14.78,14.8,14.57,14.59,252795.33
2014-08-26,14.59,14.7,14.53,14.64,206108.47
2014-08-27,14.69,14.72,14.61,14.65,171671.4
2014-08-28,14.66,14.72,14.53,14.54,188534.36
2014-08-29,14.63,14.7,14.54,14.68,202216.19
2014-09-01,14.71,14.78,14.66,14.72,259522.92
2014-09-02,14.76,14.86,14.63,14.85,392336.56
2014-09-03,14.87,15.06,14.87,14.99,456589.58
2014-09-04,15.03,15.21,14.98,15.19,467227.57
2014-09-05,15.24,15.39,15.11,15.24,434239.32
2014-09-09,15.22,15.35,15.04,15.07,321234.87
2014-09-10,14.97,14.97,14.82,14.91,287171.32
2014-09-11,14.88,15.11,14.78,14.86,385063.25
2014-09-12,14.83,14.9,14.77,14.89,231427.77
2014-09-15,14.78,14.8,14.6,14.68,460111.69
2014-09-16,14.7,14.74,14.52,14.53,419261.39
2014-09-17,14.62,14.62,14.52,14.56,262787.33
2014-09-18,14.53,14.66,14.49,14.59,263508.92
2014-09-19,14.6,14.75,14.57,14.72,321764.22
2014-09-22,14.66,14.66,14.24,14.25,482151.15
2014-09-23,14.26,14.36,14.21,14.34,282439.47
2014-09-24,14.26,14.73,14.26,14.71,518785.58
2014-09-25,14.76,14.83,14.53,14.57,327387.63
2014-09-26,14.54,14.57,14.4,14.52,234141.59
2014-09-29,14.58,14.58,14.37,14.45,369579.8
2014-09-30,14.48,14.48,14.34,14.36,444181.32
2014-10-08,14.41,14.54,14.34,14.54,384609.44
2014-10-09,14.55,14.69,14.52,14.55,355221.81
2014-10-10,14.49,14.49,14.34,14.37,351489.45
2014-10-13,14.29,14.31,14.11,14.2,401803.81
2014-10-14,14.19,14.29,14.12,14.15,283296.78
2014-10-15,14.2,14.37,14.12,14.36,354229.31
2014-10-16,14.24,14.47,14.18,14.28,369045.11
2014-10-17,14.33,14.4,14.17,14.29,319406.96
2014-10-20,14.37,14.5,14.28,14.33,348128.63
2014-10-21,14.32,14.42,14.21,14.23,312161.01
2014-10-22,14.29,14.55,14.25,14.38,514640.68
2014-10-23,14.35,14.53,14.27,14.29,495418.33
2014-10-24,14.28,14.35,14.25,14.26,299923.83
2014-10-27,14.09,14.11,13.88,13.93,413262.09
2014-10-28,13.95,14.15,13.94,14.14,422804.99
2014-10-29,14.41,14.66,14.35,14.6,851593.4
2014-10-30,14.58,14.64,14.45,14.6,462416.21
2014-10-31,14.67,15.09,14.65,14.93,966903.33
2014-11-03,15.0,15.14,14.83,14.89,549469.42
2014-11-04,14.91,14.92,14.73,14.77,405306.84
2014-11-05,14.79,14.83,14.67,14.76,300468.81
2014-11-06,14.77,14.82,14.57,14.63,502456.52
2014-11-10,15.01,15.11,14.73,14.91,1078564.07
2014-11-11,14.99,15.4,14.88,14.95,2164788.0
2014-11-12,14.93,15.24,14.85,15.21,792387.72
2014-11-13,15.32,15.59,15.24,15.39,1333350.46
2014-11-14,15.32,15.49,15.13,15.46,787558.98
2014-11-17,15.92,15.94,15.06,15.09,970676.1
2014-11-18,15.06,15.12,14.73,14.79,614791.26
2014-11-19,14.79,14.9,14.74,14.78,367985.06
2014-11-20,14.74,15.08,14.68,14.9,533725.69
2014-11-21,14.86,15.35,14.73,15.27,910045.35
2014-11-24,15.59,16.18,15.49,15.92,2277502.74
2014-11-25,15.9,16.03,15.84,15.93,883082.05
2014-11-26,15.98,16.72,15.94,16.63,1622061.59
2014-11-27,16.91,17.26,16.74,16.96,1916178.08
2014-11-28,16.98,17.34,16.71,17.24,1696487.06
2014-12-01,18.41,18.7,17.57,17.63,2386645.79
2014-12-02,17.54,19.23,17.49,18.85,2129764.02
2014-12-03,19.0,19.87,18.67,19.1,2454288.61
2014-12-04,19.12,20.92,18.96,20.83,2434036.4
2014-12-05,21.12,21.88,19.8,20.54,3112114.35
2014-12-08,20.53,22.57,20.15,22.52,2985426.16
2014-12-09,21.67,23.31,20.26,20.6,4166545.01
2014-12-10,20.84,21.18,19.6,20.71,2706219.65
2014-12-11,20.14,20.64,19.66,19.73,1714298.69
2014-12-12,19.84,20.54,19.73,19.82,1528246.27
2014-12-15,19.79,20.21,19.63,20.14,1286577.17
2014-12-16,20.38,21.95,20.21,21.91,2611851.46
2014-12-17,22.11,22.5,21.43,22.13,2562270.13
2014-12-18,22.57,23.61,22.23,22.83,2551413.31
2014-12-19,23.23,23.23,21.71,22.56,1747482.74
2014-12-22,22.64,23.72,22.44,22.87,2178755.0
2014-12-23,22.47,24.38,22.06,22.7,2295022.36
2014-12-24,22.73,22.88,20.8,21.08,2344415.37
2014-12-25,21.25,22.19,20.94,22.02,2190519.47
2014-12-26,22.22,23.65,22.09,23.55,2647826.06
2014-12-29,24.49,25.78,23.65,24.65,3642267.91
2014-12-30,24.37,25.69,24.22,25.28,2180543.01
2014-12-31,25.53,26.01,25.11,25.95,1995449.18
2015-01-05,27.02,27.37,26.13,26.45,2435717.73
2015-01-06,25.83,26.66,25.01,25.61,2342279.69
2015-01-07,25.46,26.22,25.18,25.49,1703868.84
2015-01-08,25.87,26.02,24.59,24.69,1788809.15
2015-01-09,24.73,27.15,24.56,25.3,3118734.02
2015-01-12,25.69,26.48,25.11,26.11,2656271.45
2015-01-13,26.15,26.73,25.7,26.09,1509243.55
2015-01-14,26.14,26.35,25.38,25.65,1459105.72
2015-01-15,25.7,27.59,25.6,27.39,2579037.86
2015-01-16,27.58,28.27,27.06,27.19,2317508.63
2015-01-19,24.47,25.51,24.47,24.47,2900349.45
2015-01-20,24.41,25.04,23.79,24.53,2651163.92
2015-01-21,24.76,26.94,24.69,26.87,2925800.7
2015-01-22,26.84,26.98,25.88,26.21,2147044.23
2015-01-23,26.39,27.64,26.22,26.67,2343732.07
2015-01-26,26.5,26.55,25.94,26.26,1388606.35
2015-01-27,26.44,26.9,24.95,25.69,2185606.05
2015-01-28,25.31,25.56,24.97,25.11,1280354.99
2015-01-29,24.66,24.89,24.24,24.5,1563067.18
2015-01-30,24.55,24.95,23.9,24.06,1393882.7
2015-02-02,23.03,23.53,22.9,23.0,1522202.55
2015-02-03,23.33,24.48,22.92,23.99,1907172.04
2015-02-04,24.06,24.42,23.4,23.44,1278806.15
2015-02-05,24.31,24.31,22.85,22.9,1829538.06
2015-02-06,22.89,23.64,22.75,23.03,1486835.94
2015-02-09,22.99,24.0,22.92,23.62,1411659.97
2015-02-10,23.44,23.95,23.34,23.79,980622.31
2015-02-11,23.93,24.54,23.78,24.36,1062045.73
2015-02-12,24.35,24.48,23.83,24.28,837021.71
2015-02-13,24.43,24.77,24.23,24.28,1092273.91
2015-02-16,24.38,24.81,24.23,24.42,961664.54
2015-02-17,24.51,24.81,24.44,24.51,949846.48
2015-02-25,24.44,24.45,23.5,23.67,1040462.02
2015-02-26,23.62,24.37,23.27,24.27,1178635.58
2015-02-27,24.36,24.73,24.22,24.41,954326.15
2015-03-02,24.66,24.71,24.02,24.28,1338695.71
2015-03-03,24.06,24.07,23.25,23.31,1409956.51
2015-03-04,23.32,23.51,23.09,23.25,1046017.75
2015-03-05,22.92,22.97,22.5,22.63,1483766.07
2015-03-06,22.66,22.81,22.54,22.57,794054.43
2015-03-09,22.36,23.19,21.92,23.03,1443501.37
2015-03-10,22.85,22.96,22.55,22.82,830357.62
2015-03-11,22.92,23.48,22.87,23.0,1070785.57
2015-03-12,23.34,24.13,23.1,23.89,1577588.81
2015-03-13,24.04,24.55,23.74,23.94,1281619.11
2015-03-16,24.26,25.53,23.97,25.52,2207334.85
2015-03-17,26.05,26.27,25.66,25.94,2251187.69
2015-03-18,26.27,26.91,26.01,26.89,1911444.04
2015-03-19,26.65,26.65,26.01,26.3,1578694.05
2015-03-20,27.37,27.78,26.88,27.23,2976130.8
2015-03-23,27.49,27.61,26.87,27.07,1927481.27
2015-03-24,27.06,27.07,26.17,26.3,2112453.0
2015-03-25,26.19,26.64,25.84,26.07,1664769.46
2015-03-26,25.98,27.74,25.65,27.14,2583372.29
2015-03-27,27.14,27.17,26.5,26.64,1219514.68
2015-03-30,27.08,27.85,26.74,27.77,2350289.96
2015-03-31,28.54,28.76,27.05,27.17,2431158.36
2015-04-01,27.49,27.83,27.19,27.49,1825110.62
2015-04-02,27.74,27.76,26.76,27.1,1690209.99
2015-04-03,26.98,27.43,26.88,27.34,1290008.56
2015-04-07,27.51,28.23,27.26,28.14,2147982.78
2015-04-08,28.23,29.16,27.61,28.62,2772078.08
2015-04-09,28.73,29.67,28.18,28.28,2537396.7
2015-04-10,28.33,29.96,28.24,29.92,2562510.69
2015-04-13,30.49,30.83,29.9,29.94,2296681.84
2015-04-14,29.94,29.94,29.1,29.41,1578449.12
2015-04-15,29.35,30.3,29.14,29.37,1642147.57
2015-04-16,29.17,31.57,29.07,31.53,2642516.09
2015-04-17,32.09,32.44,31.0,31.23,2289103.47
2015-04-20,30.64,31.23,29.57,29.71,2392005.44
2015-04-21,30.04,30.67,29.53,30.56,1844763.97
2015-04-22,30.84,31.49,30.68,31.29,1766858.52
2015-04-23,31.34,31.36,30.37,30.6,1755070.53
2015-04-24,29.94,30.14,29.14,29.47,2340056.37
2015-04-27,29.76,30.2,29.58,29.98,1745394.05
2015-04-28,29.94,30.6,29.39,29.89,2040859.55
2015-04-29,30.15,30.72,29.86,30.42,1830266.13
2015-04-30,30.91,31.35,30.56,30.79,2340977.74
2015-05-04,30.94,31.44,30.11,31.42,1839859.44
2015-05-05,31.44,31.53,29.85,29.92,1994758.06
2015-05-06,30.15,32.56,30.04,30.76,3489267.58
2015-05-07,30.21,30.73,29.82,30.23,1682606.4
2015-05-08,30.6,30.7,29.53,30.18,1582057.2
2015-05-11,30.21,31.2,29.88,30.81,1827295.96
2015-05-12,30.58,31.17,30.39,30.89,1469601.02
2015-05-13,30.89,31.06,30.1,30.22,1470444.96
2015-05-14,30.2,30.56,29.87,29.97,1320725.28
2015-05-15,29.97,29.97,29.07,29.32,1560709.02
2015-05-18,29.1,29.19,28.59,28.62,1235654.52
2015-05-19,28.67,29.91,28.67,29.67,1543722.57
2015-05-20,29.83,30.19,29.41,29.72,1432831.23
2015-05-21,29.76,30.31,29.62,30.08,1127470.11
2015-05-22,30.33,31.13,30.28,31.1,1853367.05
2015-05-25,31.6,32.12,31.45,31.81,1847242.46
2015-05-26,32.58,32.75,31.6,32.36,1719111.57
2015-05-27,32.19,32.43,31.36,31.62,1360550.91
2015-05-28,31.52,31.62,29.49,29.6,1962625.88
2015-05-29,29.8,30.02,29.18,29.67,1477762.23
2015-06-01,29.45,30.67,29.07,30.36,1797929.0
2015-06-02,30.39,30.49,29.52,30.0,1379179.66
2015-06-03,30.01,30.21,29.52,29.71,1186728.18
2015-06-04,29.74,30.66,29.1,30.57,1833390.93
2015-06-05,30.99,31.18,29.55,30.2,1625304.38
2015-06-08,30.39,32.15,30.12,31.95,2837732.48
2015-06-09,31.88,32.01,30.8,31.04,1684524.21
2015-06-10,30.67,31.15,30.38,30.72,1099046.35
2015-06-11,30.73,32.08,30.32,31.35,2136078.13
2015-06-12,31.5,31.83,31.14,31.32,1375249.86
2015-06-15,31.41,31.6,30.14,30.21,1539418.16
2015-06-16,29.87,30.69,29.73,30.04,1249975.1
2015-06-17,30.21,30.45,29.87,30.21,1026482.0
2015-06-18,30.15,30.15,29.13,29.16,1255553.4
2015-06-19,28.89,29.38,27.81,27.94,1432019.87
2015-06-23,28.13,29.38,28.01,29.32,1684216.45
2015-06-24,29.4,29.62,28.83,29.47,1236969.45
2015-06-25,29.56,29.69,28.62,28.63,1084223.29
2015-06-26,28.13,29.11,25.85,26.89,2345951.18
2015-06-29,27.44,27.74,25.08,26.57,2519622.06
2015-06-30,26.74,28.48,26.4,28.46,2332863.43
2015-07-01,28.13,28.3,26.99,27.32,1470445.64
2015-07-02,27.43,27.75,26.12,27.02,1888889.01
2015-07-03,26.74,27.43,25.12,25.87,2020887.45
2015-07-06,27.89,28.03,26.08,27.16,3835524.38
2015-07-07,26.65,29.88,24.7,29.88,8433281.35
2015-07-08,26.92,28.23,26.89,26.9,3693523.53
2015-07-09,26.9,29.1,25.01,27.92,3463420.33
2015-07-10,27.44,29.87,27.23,28.54,3361626.87
2015-07-13,28.11,28.74,27.58,28.0,2050991.82
2015-07-14,27.62,28.13,27.02,27.31,1546766.58
2015-07-15,27.09,27.78,26.85,27.45,1384939.96
2015-07-16,27.37,27.6,26.92,27.25,795806.93
2015-07-17,27.44,28.23,27.26,27.94,1139518.07
2015-07-20,28.46,28.61,27.96,28.16,1239908.95
2015-07-21,27.96,28.21,27.71,27.97,870158.52
2015-07-22,27.94,27.97,27.26,27.52,884559.53
2015-07-23,27.77,28.75,27.6,28.68,1545230.46
2015-07-24,28.72,28.72,27.97,28.0,1181782.0
2015-07-27,27.89,28.02,25.44,25.56,1712595.99
2015-07-28,24.47,25.68,24.17,24.54,3397710.4
2015-07-29,25.0,25.15,23.63,24.42,2964852.42
2015-07-30,24.4,25.22,23.84,23.98,2341073.6
2015-07-31,23.77,24.06,23.15,23.33,2036413.57
2015-08-03,23.07,23.34,22.57,23.32,2321993.95
2015-08-04,23.14,23.98,23.03,23.91,1549591.44
2015-08-05,23.77,23.83,23.22,23.27,1293194.92
2015-08-06,22.91,23.52,22.8,22.99,961707.86
2015-08-07,23.31,23.94,23.17,23.69,1524162.44
2015-08-10,23.77,24.77,23.47,24.53,2198393.32
2015-08-11,24.4,24.95,24.26,24.38,1664871.0
2015-08-12,24.12,24.3,23.61,23.62,1333463.07
2015-08-13,23.57,23.96,23.42,23.82,1100029.58
2015-08-14,23.89,23.95,23.63,23.69,1155956.72
2015-08-17,23.36,23.41,22.79,23.05,1521704.14
2015-08-18,23.09,23.51,21.84,21.87,2103894.48
2015-08-19,21.64,22.12,21.32,21.96,1614533.42
2015-08-20,21.67,21.95,21.34,21.36,1098640.22
2015-08-21,21.29,21.78,20.48,20.55,2058581.89
2015-08-24,19.92,19.92,18.49,18.49,4032962.27
2015-08-25,17.69,19.26,17.23,17.55,4316161.57
2015-08-26,17.62,19.08,17.56,18.43,3826691.44
2015-08-27,19.15,20.27,18.85,20.27,3939984.39
2015-08-28,20.62,21.24,20.13,20.73,3319339.47
2015-08-31,20.17,21.22,19.94,21.17,2894666.0
2015-09-01,20.64,21.1,20.03,21.08,3690911.76
2015-09-02,20.38,21.14,20.29,20.96,3735058.75
2015-09-07,20.73,21.17,19.99,20.19,1363133.08
2015-09-08,20.17,20.88,20.17,20.8,1255286.29
2015-09-09,21.0,21.56,20.82,21.25,1430501.64
2015-09-10,21.15,21.35,20.96,21.29,878888.81
2015-09-11,21.21,21.43,20.82,20.98,708262.01
2015-09-14,21.08,21.24,20.2,21.19,2206746.88
2015-09-15,20.81,20.95,20.39,20.72,1183297.33
2015-09-16,20.62,21.92,20.44,21.48,1148146.88
2015-09-17,21.44,21.93,21.17,21.28,1016069.67
2015-09-18,21.39,21.87,21.35,21.5,856438.82
2015-09-21,21.24,21.9,21.13,21.77,810319.2
2015-09-22,21.87,22.54,21.68,22.34,1200725.74
2015-09-23,22.0,22.21,21.6,21.64,1012415.17
2015-09-24,21.74,22.03,21.69,21.9,638527.86
2015-09-25,21.81,22.08,21.5,21.96,711485.77
2015-09-28,21.83,21.89,21.57,21.73,271792.27
2015-09-29,21.43,21.43,20.86,21.05,640590.48
2015-09-30,21.13,21.22,20.93,21.0,365549.16
2015-10-08,22.5,22.61,21.48,21.59,1747292.54
2015-10-09,21.87,22.38,21.8,22.28,820816.73
2015-10-12,22.23,23.16,22.19,22.95,1026922.58
2015-10-13,22.71,22.97,22.57,22.64,487845.4
2015-10-14,22.55,22.71,22.26,22.28,471568.44
2015-10-15,22.36,22.85,22.28,22.83,645210.81
2015-10-16,22.96,23.31,22.85,23.06,683630.54
2015-10-19,23.07,23.47,22.95,23.33,880962.11
2015-10-20,23.17,23.24,22.85,23.14,546585.45
2015-10-21,23.18,23.67,22.55,23.1,1337049.57
2015-10-22,22.85,23.24,22.75,23.11,713714.79
2015-10-23,23.21,23.91,23.18,23.72,993864.27
2015-10-26,23.92,24.97,23.58,23.61,2126480.98
2015-10-27,23.63,24.71,23.21,24.17,1267336.83
2015-10-28,24.05,24.16,23.56,23.59,670725.85
2015-10-29,23.71,23.8,23.35,23.47,520173.25
2015-10-30,23.49,23.87,23.37,23.55,474070.89
2015-11-02,23.3,23.53,23.14,23.22,561047.71
2015-11-03,23.33,23.4,23.14,23.22,381032.34
2015-11-04,23.27,24.87,23.27,24.61,1922533.06
2015-11-05,24.27,26.36,24.24,24.84,4421030.18
2015-11-06,24.79,25.67,24.63,25.45,2148276.17
2015-11-09,25.53,26.32,25.43,25.63,2331237.14
2015-11-10,25.32,25.98,25.17,25.49,1428195.89
2015-11-11,25.35,25.48,24.94,25.2,1114381.13
2015-11-12,25.37,25.37,24.88,24.91,913577.91
2015-11-13,24.65,24.95,24.55,24.65,764583.03
2015-11-16,24.29,24.72,24.23,24.7,747459.54
2015-11-17,24.86,25.58,24.7,24.8,968389.61
2015-11-18,24.79,24.87,24.44,24.53,693001.39
2015-11-19,24.63,24.87,24.58,24.83,505832.27
2015-11-20,24.82,24.88,24.61,24.64,500970.68
2015-11-23,24.66,24.81,24.54,24.59,608983.86
2015-11-24,24.55,24.75,24.32,24.59,652544.33
2015-11-25,24.58,24.68,24.51,24.64,483362.66
2015-11-26,24.75,24.91,24.61,24.63,549162.43
2015-11-27,24.61,24.67,23.48,23.8,1164544.46
2015-11-30,23.69,23.91,23.17,23.77,840304.98
2015-12-01,23.76,24.54,23.63,23.99,835196.47
2015-12-02,24.05,25.46,23.89,25.32,1828132.66
2015-12-03,24.98,25.74,24.84,25.29,1423059.33
2015-12-04,24.94,25.09,24.47,24.58,873682.17
2015-12-07,24.61,24.72,24.28,24.43,487516.73
2015-12-08,24.26,24.51,24.15,24.2,573549.7
2015-12-09,24.22,24.51,24.15,24.22,416096.39
2015-12-10,24.2,24.79,24.18,24.25,553457.96
2015-12-11,24.18,24.37,24.04,24.31,527997.74
2015-12-14,24.01,25.28,23.92,25.05,949822.92
2015-12-15,24.96,25.04,24.65,24.8,632752.18
2015-12-16,24.82,24.98,24.7,24.76,380516.97
2015-12-17,25.01,25.23,24.8,24.97,585930.58
2015-12-18,24.9,25.51,24.87,25.17,839409.22
2015-12-21,25.17,26.18,25.07,25.95,1386134.65
2015-12-22,25.91,26.1,25.6,25.97,723908.41
2015-12-23,25.96,26.64,25.88,26.0,1188400.26
2015-12-24,26.06,26.43,25.64,25.96,812363.13
2015-12-25,25.95,26.14,25.81,25.95,352443.14
2015-12-28,25.98,26.09,25.08,25.1,639391.39
2015-12-29,25.1,25.45,25.08,25.42,308019.23
2015-12-30,25.5,25.51,24.92,25.15,493975.53
2015-12-31,25.17,25.45,24.91,25.32,519276.75
2016-01-04,25.2,25.2,23.84,23.94,709971.99
2016-01-05,23.68,24.48,23.56,24.26,874985.07
2016-01-06,24.12,24.37,23.91,24.28,480121.1
2016-01-07,23.91,24.27,23.21,23.75,236476.05
2016-01-08,23.91,24.23,23.14,23.87,982396.6
2016-01-11,23.21,23.44,22.5,22.52,993557.0
2016-01-12,22.69,22.9,22.38,22.65,743809.14
2016-01-13,23.04,23.05,22.4,22.5,625330.19
2016-01-14,21.73,22.54,21.66,22.5,797227.12
2016-01-15,22.25,22.41,21.73,21.94,591402.6
2016-01-18,21.61,21.99,21.51,21.85,483693.67
2016-01-19,21.95,22.28,21.62,22.16,673925.36
2016-01-20,21.95,22.12,21.3,21.47,1007042.68
2016-01-21,21.36,21.67,21.0,21.2,681901.02
2016-01-22,21.36,21.44,20.87,21.25,493104.07
2016-01-25,21.3,21.35,21.02,21.28,374744.72
2016-01-26,21.03,21.17,20.38,20.55,766809.81
2016-01-27,20.64,20.73,20.25,20.55,703853.26
2016-01-28,20.53,20.82,20.23,20.6,484417.59
2016-01-29,20.53,21.36,20.48,21.22,644391.44
2016-02-01,21.21,21.21,20.61,20.77,340484.57
2016-02-02,20.77,21.17,20.74,21.08,375134.3
2016-02-03,20.74,20.96,20.46,20.84,390352.11
2016-02-04,20.93,21.14,20.74,20.89,366570.42
2016-02-05,20.89,21.1,20.82,20.86,333302.01
2016-02-15,20.18,20.95,20.13,20.7,439937.25
2016-02-16,20.78,21.32,20.72,21.18,397578.69
2016-02-17,21.19,21.33,21.04,21.12,461634.66
2016-02-18,21.29,21.44,20.96,21.03,484585.72
2016-02-19,21.03,21.2,20.91,21.04,260921.99
2016-02-22,21.29,22.26,21.12,21.78,789086.0
2016-02-23,21.77,21.78,21.26,21.45,434584.44
2016-02-24,21.31,21.52,21.12,21.38,304910.5
2016-02-25,21.36,21.36,20.29,20.36,590597.74
2016-02-26,20.62,20.67,20.35,20.46,332111.34
2016-02-29,20.43,20.5,19.56,20.4,667631.76
2016-03-01,20.32,20.88,20.08,20.58,406827.53
2016-03-02,20.64,21.31,20.64,21.22,623354.09
2016-03-03,21.27,21.44,21.08,21.36,534948.87
2016-03-04,21.29,22.22,21.19,22.19,1789765.73
2016-03-07,22.07,22.21,21.67,21.83,544403.41
2016-03-08,21.79,22.05,21.09,22.01,673912.12
2016-03-09,21.67,22.12,21.28,22.07,800905.96
2016-03-10,21.79,22.0,21.59,21.62,331108.89
2016-03-11,21.5,21.87,21.43,21.83,357929.82
2016-03-14,21.79,22.2,21.73,21.88,555797.15
2016-03-15,21.83,22.14,21.55,22.05,619818.43
2016-03-16,21.87,22.69,21.83,22.59,1596476.57
2016-03-17,22.57,22.76,22.42,22.5,570785.97
2016-03-18,22.73,22.8,22.42,22.59,874083.24
2016-03-21,22.78,23.77,22.67,23.09,1138790.11
2016-03-22,22.96,23.23,22.5,22.57,603627.22
2016-03-23,22.71,23.04,22.56,22.69,360472.97
2016-03-24,22.55,22.57,22.33,22.36,351096.88
2016-03-25,22.37,23.07,22.25,22.54,357175.68
2016-03-28,22.57,22.75,22.05,22.12,377973.07
2016-03-29,22.23,22.33,21.9,21.98,341281.88
2016-03-30,22.22,22.54,22.17,22.5,432058.23
2016-03-31,22.57,22.63,22.3,22.37,297979.52
2016-04-01,22.38,22.47,21.95,22.45,385529.36
2016-04-05,22.29,22.64,22.15,22.5,429789.97
2016-04-06,22.35,22.47,22.25,22.32,272327.96
2016-04-07,22.43,22.47,22.05,22.06,362111.46
2016-04-08,21.94,21.99,21.83,21.91,361758.93
2016-04-11,22.02,22.39,22.02,22.16,351658.94
2016-04-12,22.14,22.33,22.08,22.19,219688.38
2016-04-13,22.36,22.69,22.31,22.44,755681.73
2016-04-14,22.56,22.77,22.42,22.52,422703.43
2016-04-15,22.52,22.57,22.42,22.5,535669.43
2016-04-18,22.36,22.57,22.16,22.35,562663.07
2016-04-19,22.5,22.53,22.33,22.45,475551.91
2016-04-20,22.46,22.68,21.88,22.65,1193796.81
2016-04-21,22.46,22.85,22.4,22.66,651195.94
2016-04-22,22.5,22.89,22.42,22.8,430780.2
2016-04-25,22.71,22.85,22.48,22.73,307298.0
2016-04-26,22.73,22.88,22.65,22.78,308048.64
2016-04-27,22.9,22.94,22.65,22.69,329261.4
2016-04-28,22.69,22.77,22.51,22.64,227436.53
2016-04-29,22.57,22.78,22.47,22.53,259511.48
2016-05-03,22.51,22.8,22.4,22.44,509179.61
2016-05-04,22.45,22.52,22.43,22.45,264264.16
2016-05-05,22.45,22.54,22.41,22.47,211400.6
2016-05-06,22.5,22.51,22.07,22.08,491818.74
2016-05-09,22.07,22.08,21.83,21.91,490465.46
2016-05-10,21.86,21.98,21.81,21.93,276452.78
2016-05-11,21.97,22.06,21.91,21.98,277639.42
2016-05-12,21.94,22.4,21.76,22.3,568696.42
2016-05-13,22.19,22.4,22.14,22.31,392650.8
2016-05-16,22.19,22.29,22.16,22.23,241182.91
2016-05-17,22.22,22.26,22.12,22.16,206916.74
2016-05-18,22.09,22.43,22.06,22.37,602017.82
2016-05-19,22.3,22.43,22.29,22.38,285170.53
2016-05-20,22.38,22.48,22.31,22.38,175392.36
2016-05-23,22.33,22.47,22.3,22.38,277385.44
2016-05-24,22.31,22.38,22.15,22.25,185520.99
2016-05-25,22.38,22.42,22.21,22.23,137125.0
2016-05-26,22.23,22.35,22.15,22.24,203561.39
2016-05-27,22.29,22.3,22.21,22.22,140987.51
2016-05-30,22.33,22.46,22.15,22.44,220975.0
2016-05-31,22.46,23.56,22.46,23.01,758825.89
2016-06-01,22.99,23.08,22.68,22.71,423433.52
2016-06-02,22.72,22.85,22.57,22.65,289891.96
2016-06-03,22.82,22.82,22.52,22.74,351638.22
2016-06-06,22.78,22.82,22.54,22.58,236869.84
2016-06-07,22.66,22.67,22.56,22.6,239606.61
2016-06-08,22.59,22.66,22.52,22.61,264609.99
2016-06-13,22.47,22.52,22.29,22.36,470239.64
2016-06-14,22.28,22.52,22.15,22.49,355738.77
2016-06-15,22.24,22.56,22.23,22.49,383143.16
2016-06-16,22.38,22.59,22.38,22.48,329401.56
2016-06-17,22.48,22.64,22.45,22.49,295105.58
2016-06-20,22.64,22.64,22.48,22.59,257135.26
2016-06-21,22.63,22.84,22.51,22.54,228641.66
2016-06-22,22.54,22.61,22.48,22.56,163593.12
2016-06-23,22.57,22.6,22.48,22.5,253617.41
2016-06-24,22.49,22.59,21.95,22.19,429362.22
2016-06-27,22.15,22.32,22.12,22.28,238639.5
2016-06-28,22.2,22.4,22.12,22.4,237665.93
2016-06-29,22.43,22.63,22.4,22.62,263511.46
2016-06-30,22.62,22.71,22.51,22.53,177795.47
2016-07-01,22.6,22.7,22.54,22.63,182350.58
2016-07-04,22.59,22.97,22.54,22.81,403218.89
2016-07-05,22.89,22.93,22.75,22.8,220938.35
2016-07-06,22.75,22.8,22.61,22.74,249499.67
2016-07-07,22.71,22.74,22.61,22.71,223630.6
2016-07-08,22.71,22.72,22.58,22.59,192950.29
2016-07-11,22.61,22.73,22.58,22.6,231284.23
2016-07-12,22.61,23.07,22.61,23.04,425985.77
2016-07-13,23.17,23.32,22.96,23.07,422034.6
2016-07-14,23.06,23.1,22.95,23.1,206517.38
2016-07-15,23.1,23.25,23.05,23.17,352063.49
2016-07-18,23.22,23.46,23.19,23.24,380335.81
2016-07-19,23.24,23.24,22.9,23.02,263620.17
2016-07-20,23.05,23.07,22.84,22.97,185573.32
2016-07-21,22.97,23.21,22.97,23.14,248344.04
2016-07-22,23.1,23.13,22.91,22.96,211624.92
2016-07-25,22.96,23.03,22.9,22.96,174901.84
2016-07-26,22.96,23.2,22.93,23.12,406076.9
2016-07-27,23.14,23.32,22.63,23.31,802882.81
2016-07-28,23.12,23.23,23.04,23.07,284912.25
2016-07-29,23.1,23.17,22.97,23.01,229299.63
2016-08-01,22.96,23.03,22.89,22.95,222138.97
2016-08-02,22.96,23.02,22.89,22.95,176859.32
2016-08-03,22.84,22.95,22.82,22.88,186525.13
2016-08-04,22.88,22.89,22.75,22.85,207729.29
2016-08-05,22.86,22.93,22.83,22.88,272131.37
2016-08-08,22.91,22.96,22.82,22.94,303569.35
2016-08-09,22.98,23.22,22.98,23.13,410658.4
2016-08-10,23.14,23.3,23.12,23.13,347814.58
2016-08-11,23.1,23.74,23.1,23.31,779335.85
2016-08-12,23.32,23.81,23.29,23.8,694381.98
2016-08-15,23.85,25.04,23.8,24.57,1221572.3
2016-08-16,24.74,24.82,24.09,24.11,916044.28
2016-08-17,24.2,24.26,23.94,24.15,429675.25
2016-08-18,24.38,24.81,24.26,24.48,850355.33
2016-08-19,24.51,24.64,24.29,24.54,354817.75
2016-08-22,24.6,24.65,24.33,24.5,319569.46
2016-08-23,24.47,25.01,24.47,24.77,558948.72
2016-08-24,24.8,24.82,24.39,24.4,373693.79
2016-08-25,24.18,24.28,24.03,24.23,388352.72
2016-08-26,24.28,24.46,24.2,24.23,210519.9
2016-08-29,24.18,24.39,23.97,24.35,237355.99
2016-08-30,24.37,24.5,24.21,24.32,300223.26
2016-08-31,24.3,24.44,24.19,24.33,192655.67
2016-09-01,24.32,24.55,24.28,24.43,243426.96
2016-09-02,24.41,24.8,24.33,24.78,510301.7
2016-09-05,24.8,24.99,24.67,24.85,403326.99
2016-09-06,24.83,25.33,24.77,25.13,564325.81
2016-09-07,25.16,25.5,25.15,25.18,470620.29
2016-09-08,25.17,25.44,25.12,25.3,335396.18
2016-09-09,25.33,25.63,25.23,25.35,440407.3
2016-09-12,24.96,25.13,24.45,25.11,866024.41
2016-09-13,25.01,25.01,24.6,24.83,317444.59
2016-09-14,24.67,24.74,24.43,24.53,352136.91
2016-09-19,24.6,25.11,24.6,25.0,372666.01
2016-09-20,25.0,25.0,24.88,24.92,146663.56
2016-09-21,24.95,25.01,24.65,24.79,352479.28
2016-09-22,24.89,25.29,24.89,25.03,541329.89
2016-09-23,25.06,25.17,24.83,24.95,314391.2
2016-09-26,24.85,24.87,24.55,24.58,328526.45
2016-09-27,24.47,24.6,24.45,24.57,458251.7
2016-09-28,24.58,24.58,24.4,24.41,317332.36
2016-09-29,24.49,24.63,24.42,24.45,230869.75
2016-09-30,24.38,24.5,24.35,24.42,194031.98
2016-10-10,24.64,24.88,24.53,24.74,341194.12
2016-10-11,24.75,24.85,24.49,24.58,493752.18
2016-10-12,24.5,24.63,24.45,24.53,308540.74
2016-10-13,24.47,24.54,24.32,24.4,345467.45
2016-10-14,24.4,24.44,24.35,24.39,231560.48
2016-10-17,24.4,24.44,24.22,24.27,309214.43
2016-10-18,24.22,24.52,24.22,24.45,283360.27
2016-10-19,24.48,24.5,24.38,24.4,205152.0
2016-10-20,24.42,24.48,24.39,24.41,127682.81
2016-10-21,24.4,24.51,24.35,24.47,280031.63
2016-10-24,24.47,24.88,24.42,24.66,420909.49
2016-10-25,24.71,24.75,24.6,24.7,239719.61
2016-10-26,24.71,24.77,24.59,24.61,197377.03
2016-10-27,24.61,24.62,24.38,24.45,217643.26
2016-10-28,24.6,24.83,24.57,24.69,325149.38
2016-10-31,24.6,24.78,24.45,24.75,234352.96
2016-11-01,24.76,25.1,24.67,25.07,367191.26
2016-11-02,24.95,25.01,24.7,24.75,256760.31
2016-11-03,24.73,25.09,24.68,25.0,405144.35
2016-11-04,24.94,25.14,24.93,24.98,264479.74
2016-11-07,25.01,25.06,24.94,25.02,215166.92
2016-11-08,25.1,25.15,24.94,25.03,286831.68
2016-11-09,25.03,25.03,24.55,24.82,688345.5
2016-11-10,24.97,25.17,24.92,24.98,352803.34
2016-11-11,24.99,25.2,24.93,25.02,523906.95
2016-11-14,24.97,25.12,24.94,24.99,683571.66
2016-11-15,25.01,25.03,24.95,25.0,286904.03
2016-11-16,25.03,25.1,24.96,25.04,243869.97
2016-11-17,25.02,25.04,24.88,25.03,238715.63
2016-11-18,25.03,25.07,24.98,25.03,320696.91
2016-11-21,24.99,25.99,24.99,25.67,1089035.6
2016-11-22,25.6,26.06,25.6,25.83,737021.79
2016-11-23,25.9,25.99,25.71,25.73,440133.12
2016-11-24,25.73,26.19,25.73,26.04,520764.53
2016-11-25,26.04,26.31,25.86,26.3,458330.79
2016-11-28,26.46,26.72,26.13,26.18,688978.51
2016-11-29,26.18,26.67,26.06,26.29,665386.24
2016-11-30,26.32,26.52,25.91,25.98,508039.84
2016-12-01,25.99,26.26,25.91,26.04,474386.09
2016-12-02,26.04,26.05,25.72,25.93,633715.07
2016-12-05,25.71,25.95,25.65,25.93,622095.26
2016-12-06,25.88,26.08,25.83,25.86,376125.45
2016-12-07,25.86,26.2,25.79,26.07,310670.29
2016-12-08,26.18,26.26,26.05,26.1,295168.34
2016-12-09,26.2,26.56,26.08,26.36,487033.47
2016-12-12,26.54,27.0,26.24,26.38,1069343.94
2016-12-13,26.31,26.41,26.13,26.21,395597.41
2016-12-14,26.19,26.81,26.18,26.48,586449.85
2016-12-15,26.3,26.38,25.33,25.45,786083.4
2016-12-16,25.35,25.58,25.31,25.37,340994.43
2016-12-19,25.37,25.45,25.25,25.31,295596.17
2016-12-20,25.33,25.35,24.63,24.78,626950.62
2016-12-21,24.92,25.06,24.75,24.84,376259.8
2016-12-22,24.78,24.98,24.6,24.86,295009.31
2016-12-23,24.8,24.86,24.6,24.83,301921.21
2016-12-26,24.7,25.14,24.56,25.11,351312.52
2016-12-27,25.03,25.27,25.01,25.21,217802.73
2016-12-28,25.17,25.25,25.02,25.23,386318.69
2016-12-29,25.13,25.23,25.05,25.12,290420.37
2016-12-30,25.22,25.35,25.1,25.33,270763.31
2017-01-03,25.27,25.75,25.25,25.51,296977.99
2017-01-04,25.52,25.59,25.39,25.49,252574.05
2017-01-05,25.55,25.7,25.51,25.55,286910.33
2017-01-06,25.55,25.66,25.28,25.34,362862.27
2017-01-09,25.36,25.42,25.22,25.33,270616.97
2017-01-10,25.34,25.38,25.17,25.19,205350.9
2017-01-11,25.2,25.33,25.1,25.19,209963.49
2017-01-12,25.24,25.33,25.13,25.18,187187.03
2017-01-13,25.19,25.67,25.16,25.43,330738.97
2017-01-16,25.43,25.94,25.18,25.88,1129172.27
2017-01-17,25.79,25.98,25.66,25.73,349493.14
2017-01-18,25.79,26.06,25.78,25.89,266869.11
2017-01-19,25.83,26.01,25.68,25.78,199628.34
2017-01-20,25.78,25.94,25.75,25.93,260332.77
2017-01-23,25.93,26.04,25.77,25.88,398001.28
2017-01-24,25.88,25.98,25.81,25.87,268665.6
2017-01-25,25.88,26.06,25.8,26.05,358922.32
2017-01-26,26.06,26.31,26.06,26.11,277205.42
2017-02-03,26.1,26.1,25.45,25.47,489267.54
2017-02-06,25.55,25.76,25.4,25.7,648914.2
2017-02-07,25.74,25.91,25.68,25.78,486180.0
2017-02-08,25.77,25.8,25.53,25.75,396288.63
2017-02-09,25.79,26.01,25.74,25.82,527568.85
2017-02-10,25.89,25.98,25.81,25.88,399219.0
2017-02-13,25.95,26.03,25.86,25.96,693540.9
2017-02-14,26.03,26.03,25.7,25.81,490922.75
2017-02-15,25.93,26.08,25.89,25.97,672852.26
2017-02-16,26.04,26.05,25.88,25.96,347817.14
2017-02-17,26.0,26.21,25.88,25.93,525503.89
2017-02-20,25.96,26.38,25.92,26.33,741442.23
2017-02-21,26.33,26.58,26.24,26.29,548331.69
2017-02-22,26.37,26.4,26.22,26.33,380419.92
2017-02-23,26.29,26.38,26.06,26.11,459520.8
2017-02-24,26.12,26.15,26.0,26.14,256833.49
2017-02-27,26.11,26.2,25.89,25.97,401406.82
2017-02-28,25.97,26.06,25.88,25.91,268469.1
2017-03-01,25.93,25.97,25.83,25.85,355081.77
2017-03-02,25.98,25.98,25.63,25.64,465656.8
2017-03-03,25.6,25.7,25.53,25.63,251354.46
2017-03-06,25.6,25.7,25.56,25.62,286717.14
2017-03-07,25.62,25.72,25.6,25.71,237211.19
2017-03-08,25.67,25.68,25.58,25.61,222856.84
2017-03-09,25.58,25.6,25.38,25.58,377966.52
2017-03-10,25.53,25.58,25.44,25.45,207446.76
2017-03-13,25.45,25.77,25.43,25.72,359990.02
2017-03-14,25.73,25.83,25.6,25.7,276964.2
2017-03-15,25.65,25.74,25.57,25.71,268720.5
2017-03-16,25.81,25.91,25.72,25.79,391641.0
2017-03-17,25.83,25.9,25.47,25.56,542621.54
2017-03-20,25.57,25.71,25.5,25.62,424589.39
2017-03-21,25.76,25.95,25.65,25.93,970084.07
2017-03-22,25.8,25.91,25.6,25.74,527906.83
2017-03-23,25.87,26.41,25.84,26.15,1209059.43
2017-03-24,26.21,26.53,25.88,26.13,944016.38
2017-03-27,26.11,26.66,26.1,26.27,1228601.95
2017-03-28,26.29,26.43,26.18,26.26,523346.9
2017-03-29,26.38,26.48,26.23,26.3,525226.65
2017-03-30,26.25,26.31,26.03,26.28,492881.3
2017-03-31,26.23,26.56,26.16,26.46,637996.19
2017-04-05,26.53,26.67,26.45,26.53,613499.85
2017-04-06,26.53,26.55,26.3,26.43,523313.52
2017-04-07,26.41,26.46,26.14,26.17,647609.21
2017-04-10,26.14,26.25,26.01,26.06,484417.96
2017-04-11,26.06,26.17,25.63,25.88,633225.77
2017-04-12,25.86,25.97,24.95,25.75,665077.62
2017-04-13,25.6,25.8,25.6,25.67,387590.46
2017-04-14,25.67,25.77,25.5,25.66,370915.29
2017-04-17,25.6,25.79,25.5,25.75,376602.99
2017-04-18,25.74,25.8,25.5,25.53,355230.28
2017-04-19,25.51,25.63,25.36,25.39,487050.08
2017-04-20,25.5,25.68,25.43,25.6,416048.1
2017-04-21,25.6,25.93,25.49,25.8,525203.05
2017-04-24,25.8,25.93,25.73,25.86,549922.92
2017-04-25,25.86,26.14,25.83,26.08,612813.18
2017-04-26,26.15,27.11,26.08,26.82,1609359.1
2017-04-27,26.81,27.36,26.77,27.04,1250054.58
2017-04-28,27.1,27.22,26.89,27.14,678663.87
2017-05-02,27.03,27.44,27.03,27.11,619325.39
2017-05-03,27.13,27.37,27.04,27.17,505383.86
2017-05-04,27.13,27.24,26.98,27.04,548573.55
2017-05-05,26.96,27.07,26.6,26.64,623979.6
2017-05-08,26.64,27.26,26.63,27.02,952932.43
2017-05-09,26.96,27.23,26.96,27.16,595182.93
2017-05-10,27.19,28.64,27.18,28.49,1589203.71
2017-05-11,28.46,28.66,28.29,28.44,827794.46
2017-05-12,28.39,29.53,28.39,29.28,1200171.19
2017-05-15,29.47,30.0,29.04,29.24,716224.2
2017-05-16,29.24,29.53,29.09,29.38,629862.81
2017-05-17,29.32,29.38,28.74,28.9,779106.38
2017-05-18,28.64,29.37,28.64,29.04,581678.8
2017-05-19,29.02,29.55,29.02,29.32,420467.64
2017-05-22,29.34,30.76,29.34,30.63,1025570.92
2017-05-23,30.75,31.59,30.64,30.87,1060990.37
2017-05-24,30.75,31.13,30.01,30.77,813519.57
2017-05-25,30.75,32.58,30.71,32.53,1389899.96
2017-05-26,32.46,32.78,32.08,32.3,783613.01
2017-05-31,32.18,33.7,32.05,32.23,1009977.89
2017-06-01,32.46,32.89,32.1,32.87,772361.16
2017-06-02,32.81,33.16,31.91,32.15,826333.57
2017-06-05,32.12,32.28,31.52,31.94,780002.74
2017-06-06,31.89,32.96,31.89,32.91,967169.68
2017-06-07,33.03,33.52,32.68,32.88,788200.64
2017-06-08,32.82,34.07,32.76,34.05,832171.37
2017-06-09,34.11,34.87,33.96,34.42,925676.74
2017-06-12,34.34,35.49,34.34,34.99,859596.8
2017-06-13,34.86,35.18,34.25,34.64,670461.22
2017-06-14,34.77,34.92,33.61,33.76,834013.97
2017-06-15,33.74,33.94,32.83,33.02,1041983.33
2017-06-16,32.96,33.73,32.96,33.39,807231.42
2017-06-19,33.58,34.77,33.38,34.72,808481.91
2017-06-20,34.87,34.99,34.08,34.39,616355.33
2017-06-21,34.54,35.44,34.01,35.34,849757.18
2017-06-22,35.18,36.09,35.07,35.14,1146464.05
2017-06-23,35.21,35.68,34.89,35.55,873719.64
2017-06-26,35.74,36.3,35.29,35.55,953192.55
2017-06-27,35.54,35.72,34.99,35.69,780835.85
2017-06-28,35.54,35.56,34.71,34.76,691322.47
2017-06-29,34.89,35.79,34.59,35.72,753228.75
2017-06-30,35.61,35.89,35.24,35.47,598630.98
2017-07-03,35.61,35.61,34.71,34.99,563199.18
2017-07-04,34.89,34.92,34.26,34.26,683920.65
2017-07-05,34.32,36.25,34.32,36.05,1272537.22
2017-07-06,36.05,37.18,35.8,36.74,1137814.8
2017-07-07,36.57,36.91,36.13,36.47,533925.98
2017-07-10,36.48,37.15,36.24,36.56,570776.01
2017-07-11,36.72,37.59,36.57,37.02,699539.63
2017-07-12,37.12,37.94,36.44,36.57,870117.34
2017-07-13,36.84,37.48,36.73,37.31,665342.98
2017-07-14,37.36,38.15,37.07,38.14,707791.62
2017-07-17,38.31,39.81,37.88,38.95,1408791.34
2017-07-18,38.74,39.21,37.95,38.64,879029.53
2017-07-19,38.79,39.37,38.38,38.91,771180.69
2017-07-20,38.7,39.13,38.17,39.03,659198.74
2017-07-21,38.45,38.5,37.51,37.55,1294791.93
2017-07-24,37.64,38.37,37.35,38.02,904595.93
2017-07-25,38.03,38.34,37.71,37.8,506834.83
2017-07-26,37.65,37.94,37.06,37.5,657610.87
2017-07-27,37.47,38.11,36.92,37.84,667132.94
2017-07-28,37.72,37.91,37.43,37.5,491294.73
2017-07-31,37.49,38.04,37.15,37.59,616005.07
2017-08-01,37.72,39.67,37.72,39.64,1147936.61
2017-08-02,39.61,39.62,38.94,39.05,723817.45
2017-08-03,39.05,39.37,38.22,38.24,565311.64
2017-08-04,38.29,38.44,37.47,37.54,666087.38
2017-08-07,37.51,38.19,37.24,37.81,523852.17
2017-08-08,37.8,37.98,37.51,37.9,367322.51
2017-08-09,37.83,38.19,37.58,37.62,410734.11
2017-08-10,37.63,37.9,36.5,36.66,846423.15
2017-08-11,36.28,36.66,35.79,35.83,828145.63
2017-08-14,36.13,36.86,35.87,36.49,791494.96
2017-08-15,36.71,37.26,36.57,36.78,680849.53
2017-08-16,36.75,37.07,36.52,37.01,340851.06
2017-08-17,37.2,37.46,36.76,36.93,374711.48
2017-08-18,37.87,38.92,37.3,38.42,1176428.75
2017-08-21,38.59,39.23,38.14,38.32,716152.54
2017-08-22,38.6,39.94,38.53,39.89,1009896.78
2017-08-23,39.75,40.35,39.62,40.04,564884.35
2017-08-24,40.14,40.67,39.71,39.83,560654.76
2017-08-25,39.67,40.63,39.63,40.35,743106.0
2017-08-28,40.46,41.73,40.46,40.61,803295.69
2017-08-29,40.54,41.37,40.38,41.24,416774.19
2017-08-30,41.19,41.65,40.66,40.77,470277.18
2017-08-31,40.71,40.95,40.14,40.49,480957.2
2017-09-01,40.51,41.22,40.18,40.59,571083.47
2017-09-04,40.47,40.51,39.96,40.21,484051.38
2017-09-05,40.39,41.26,40.18,41.04,563769.9
2017-09-06,40.86,41.1,40.16,40.39,424063.1
2017-09-07,40.54,40.7,39.97,40.03,329740.56
2017-09-08,40.03,40.48,39.97,40.11,290322.23
2017-09-11,40.25,40.81,39.31,39.36,804098.42
2017-09-12,39.72,40.0,39.08,39.96,555954.0
2017-09-13,39.95,40.36,39.61,40.15,398069.83
2017-09-14,40.17,40.28,39.3,39.38,510191.15
2017-09-15,39.43,39.52,38.75,38.92,754259.44
2017-09-18,38.84,39.72,38.84,38.86,754002.96
2017-09-19,39.14,39.4,38.72,38.98,621506.55
2017-09-20,38.96,39.15,38.64,38.7,587189.13
2017-09-21,38.76,39.54,38.65,39.24,727092.01
2017-09-22,39.04,39.62,39.02,39.4,549471.82
2017-09-25,39.41,39.9,39.24,39.49,657944.94
2017-09-26,39.36,39.61,39.33,39.55,427958.45
2017-09-27,39.44,39.54,38.98,39.08,468984.47
2017-09-28,39.08,39.35,38.87,39.18,397737.46
2017-09-29,39.17,39.62,38.95,39.49,434172.31
2017-10-09,40.9,41.19,39.89,39.92,882361.99
2017-10-10,40.0,40.48,39.23,40.04,960683.2
2017-10-11,40.03,40.62,39.77,40.32,664527.95
2017-10-12,40.24,41.69,40.19,41.64,898550.11
2017-10-13,41.49,41.87,41.36,41.61,508153.3
2017-10-16,41.92,42.69,41.62,41.68,749769.23
2017-10-17,41.86,42.48,41.7,42.24,637815.73
2017-10-18,42.33,43.04,42.19,43.0,710379.48
2017-10-19,43.06,43.71,42.87,43.44,741138.91
2017-10-20,43.01,43.34,42.75,43.03,456881.47
2017-10-23,43.55,43.87,43.16,43.66,512391.75
2017-10-24,43.58,44.52,43.47,43.89,705336.42
2017-10-25,43.82,44.06,43.53,43.8,386456.97
2017-10-26,43.74,45.39,43.64,44.76,836840.94
2017-10-27,44.84,46.65,44.82,46.61,876860.93
2017-10-30,46.66,47.61,46.03,46.7,1183831.53
2017-10-31,46.3,47.02,46.16,46.92,513661.89
2017-11-01,47.0,48.32,46.46,46.75,1001119.09
2017-11-02,46.81,46.94,45.93,46.76,824946.51
2017-11-03,46.66,47.27,46.28,46.99,681439.78
2017-11-06,47.16,47.17,45.87,46.67,908570.15
2017-11-07,46.88,48.53,46.88,47.66,1173565.86
2017-11-08,47.68,48.37,46.89,47.1,867820.83
2017-11-09,47.02,48.4,46.95,48.36,708669.25
2017-11-10,48.12,51.0,48.07,50.95,1254060.37
2017-11-13,51.11,51.45,50.66,51.14,752207.17
2017-11-14,51.54,51.97,50.87,51.34,801748.28
2017-11-15,51.02,51.35,50.01,50.45,1009459.92
2017-11-16,50.16,53.3,50.12,53.23,1163764.46
2017-11-17,53.0,54.91,52.35,54.88,1580393.74
2017-11-20,54.52,55.77,54.0,55.2,1141281.13
2017-11-21,54.77,58.09,54.77,57.19,1445569.37
2017-11-22,57.96,58.3,55.83,56.47,1293487.99
2017-11-23,55.85,57.19,53.73,54.18,1576210.88
2017-11-24,54.06,55.01,53.01,54.4,1317843.76
2017-11-27,54.46,54.61,52.16,53.62,1637232.33
2017-11-28,53.0,53.62,52.4,53.02,786469.62
2017-11-29,53.62,54.09,51.95,52.8,875004.64
2017-11-30,52.03,52.25,50.71,50.98,1163733.17
2017-12-01,50.78,51.17,49.51,49.65,1393046.03
2017-12-04,49.28,51.29,49.12,50.59,1159283.17
2017-12-05,50.23,52.13,50.14,51.91,1692539.53
2017-12-06,51.69,51.84,49.58,50.6,1245607.52
2017-12-07,50.56,50.9,49.28,50.04,859703.58
2017-12-08,50.26,52.39,50.06,52.12,1095632.28
2017-12-11,51.91,53.45,51.63,53.4,1139927.34
2017-12-12,53.4,53.63,51.89,51.92,777900.78
2017-12-13,51.92,52.94,51.18,52.58,865117.81
2017-12-14,52.58,52.61,51.47,51.77,676186.94
2017-12-15,51.54,52.08,51.07,51.31,735547.22
2017-12-18,51.19,52.44,51.19,51.52,679116.99
2017-12-19,51.7,53.68,51.55,53.64,1270583.05
2017-12-20,53.58,54.38,53.28,53.91,939382.88
2017-12-21,53.69,55.1,53.37,54.61,934707.66
2017-12-22,54.53,54.83,53.68,53.97,719526.58
2017-12-25,53.99,55.53,53.49,54.07,1109978.96
2017-12-26,54.03,54.36,53.13,53.91,832289.5
2017-12-27,53.55,53.55,51.05,51.29,1506834.45
2017-12-28,51.25,52.07,50.79,51.46,1130886.42
2017-12-29,51.83,52.15,50.67,51.02,1040018.01
2018-01-02,51.19,53.08,51.17,52.92,1236163.17
2018-01-03,53.51,53.88,51.11,51.74,1794054.92
2018-01-04,51.78,52.64,51.44,51.89,1061157.84
2018-01-05,52.19,52.4,51.36,51.68,772075.81
2018-01-08,51.61,51.61,50.54,51.04,1228729.53
2018-01-09,51.25,52.55,51.06,52.4,1239491.15
2018-01-10,52.2,52.4,51.55,52.29,828123.01
2018-01-11,51.8,53.31,51.76,52.97,1096288.95
2018-01-12,52.97,54.31,52.73,54.25,1282662.94
2018-01-15,54.93,57.23,54.93,56.61,2006598.66
2018-01-16,56.63,57.95,56.28,56.73,1501643.17
2018-01-17,56.94,57.85,55.77,56.39,1413574.16
2018-01-18,57.27,58.41,56.2,56.58,2074471.38
2018-01-19,57.09,57.64,56.06,56.57,1553809.12
2018-01-22,56.22,57.74,56.17,57.41,1215882.86
2018-01-23,58.54,59.26,57.08,57.42,1919898.4
2018-01-24,57.6,57.92,55.69,55.73,1689141.04
2018-01-25,55.36,55.4,54.53,54.89,1234396.52
2018-01-26,54.9,56.03,54.83,55.48,1125546.5
2018-01-29,55.89,55.92,53.14,53.48,1517843.51
2018-01-30,53.15,54.21,53.08,53.5,867816.93
2018-01-31,52.97,54.79,52.87,54.74,934726.29
2018-02-01,54.68,55.12,53.99,55.03,1415762.91
2018-02-02,54.58,55.69,54.05,55.42,1007583.37
2018-02-05,54.24,55.37,54.17,55.2,948054.42
2018-02-06,53.84,54.46,52.86,53.78,2049666.83
2018-02-07,54.39,54.42,51.4,52.04,1747840.83
2018-02-08,51.48,52.13,49.85,50.3,1530108.9
2018-02-09,48.48,48.83,45.35,46.97,2492029.78
2018-02-12,47.14,47.86,46.66,47.36,1029611.77
2018-02-13,48.26,49.83,48.16,48.86,1147957.2
2018-02-14,49.21,50.44,48.99,50.22,646501.88
2018-02-22,51.2,51.34,50.47,50.87,783649.99
2018-02-23,51.22,52.1,50.91,51.5,556011.07
2018-02-26,51.76,52.19,50.74,51.62,693840.92
2018-02-27,51.78,51.9,50.65,50.9,780994.82
2018-02-28,50.45,50.48,49.36,49.4,782170.46
2018-03-01,48.98,50.58,48.76,50.25,663296.17
2018-03-02,49.58,50.06,49.18,49.34,581439.32
2018-03-05,49.33,50.01,48.85,49.49,609823.8
2018-03-06,49.87,50.59,49.14,50.54,657077.23
2018-03-07,50.29,51.17,49.71,50.14,590555.01
2018-03-08,50.35,51.65,50.13,51.43,692681.65
2018-03-09,51.76,52.1,51.26,51.68,476222.0
2018-03-12,52.2,52.39,51.47,51.85,583351.47
2018-03-13,51.91,52.02,50.44,50.61,609492.27
2018-03-14,50.2,50.45,49.77,50.17,514760.79
2018-03-15,49.88,51.54,49.87,51.39,627110.86
2018-03-16,51.54,52.46,51.36,51.41,701326.23
2018-03-19,51.68,53.86,51.38,53.81,924499.82
2018-03-20,53.29,54.09,53.0,54.02,659778.35
2018-03-21,55.92,55.93,53.24,53.82,1367485.93
2018-03-22,53.59,54.07,52.26,53.13,902877.52
2018-03-23,51.03,51.6,50.61,51.25,1486954.92
2018-03-26,50.45,51.01,48.83,49.78,1380985.19
2018-03-27,50.73,50.79,49.21,49.69,1039920.27
2018-03-28,48.85,49.34,47.3,47.68,1420787.82
2018-03-29,47.7,49.05,46.3,48.4,1462545.73
2018-03-30,48.13,48.31,47.24,47.61,842022.51
2018-04-02,46.84,48.3,46.82,47.14,805559.09
2018-04-03,46.62,47.35,46.54,47.03,604070.68
2018-04-04,47.32,47.81,46.65,47.06,679989.53
2018-04-09,47.38,48.11,46.7,48.09,716142.85
2018-04-10,47.89,49.87,47.67,49.76,905139.72
2018-04-11,49.79,49.99,49.2,49.34,720924.32
2018-04-12,49.51,49.55,48.62,48.64,544502.5
2018-04-13,49.16,49.18,48.15,48.25,466385.74
2018-04-16,48.13,48.6,46.57,46.88,809639.57
2018-04-17,46.98,47.29,45.81,46.03,831672.88
2018-04-18,46.5,46.62,45.64,46.3,764845.49
2018-04-19,46.59,47.35,46.41,47.01,726473.75
2018-04-20,46.81,47.29,46.3,46.77,603340.73
2018-04-23,46.77,47.51,46.5,47.38,544466.66
2018-04-24,47.68,48.89,47.59,48.53,906954.07
2018-04-25,48.15,48.45,47.61,47.75,477827.61
2018-04-26,47.88,48.04,45.79,46.02,841553.82
2018-04-27,46.33,46.46,42.53,44.39,2602862.57
2018-05-02,44.74,45.05,44.29,44.72,708908.42
2018-05-03,44.39,44.9,43.67,44.79,629125.38
2018-05-04,44.71,44.94,44.21,44.26,441586.75
2018-05-07,44.14,44.82,43.53,44.61,829447.83
2018-05-08,44.74,46.57,44.65,45.99,1174720.62
2018-05-09,46.0,46.22,45.58,45.89,484431.0
2018-05-10,46.15,46.48,45.65,46.06,498178.32
2018-05-11,46.35,46.41,45.79,46.0,452105.51
2018-05-14,46.44,47.08,46.3,46.73,683709.16
2018-05-15,47.02,47.09,46.22,46.64,529529.16
2018-05-16,46.43,46.6,45.66,45.79,559514.39
2018-05-17,46.0,46.07,45.16,45.2,477782.23
2018-05-18,45.11,46.02,44.9,45.96,566253.26
2018-05-21,46.33,46.77,46.13,46.41,705065.71
2018-05-22,46.35,46.54,45.57,45.94,437692.14
2018-05-23,45.89,45.89,44.96,45.03,569154.52
2018-05-24,45.17,45.4,44.59,44.63,441513.27
2018-05-25,44.75,45.33,44.72,44.86,353929.69
2018-05-28,45.06,45.84,44.87,45.57,458948.75
2018-05-29,45.44,45.68,44.69,45.48,636474.46
2018-05-30,44.7,44.98,44.17,44.22,490836.64
2018-05-31,44.55,45.33,44.26,45.3,665388.31
2018-06-01,45.14,45.34,44.68,44.94,408007.64
2018-06-04,45.27,46.45,45.13,46.32,858897.4
2018-06-05,46.36,47.39,46.08,47.08,885172.55
2018-06-06,46.97,46.99,46.45,46.52,490220.28
2018-06-07,47.02,47.96,46.83,46.99,746266.79
2018-06-08,46.79,46.99,46.04,46.36,579391.37
2018-06-11,46.26,46.96,45.96,46.84,512803.13
2018-06-12,46.96,47.74,46.68,47.48,763559.25
2018-06-13,47.41,47.49,47.08,47.37,459053.26
2018-06-14,47.25,48.56,47.15,47.89,798484.71
2018-06-15,47.63,48.42,47.57,48.03,666582.72
2018-06-19,47.41,47.71,45.92,46.14,1278263.6
2018-06-20,46.0,46.47,45.17,45.96,743195.22
2018-06-21,45.97,46.49,45.33,45.4,605493.96
2018-06-22,45.03,45.7,45.03,45.38,465376.39
2018-06-25,45.54,45.59,44.29,44.43,607496.72
2018-06-26,43.92,44.3,42.95,44.02,717927.64
2018-06-27,43.92,44.18,42.68,42.73,697084.1
2018-06-28,42.44,43.06,42.01,42.23,735991.24
2018-06-29,42.45,43.57,42.43,43.53,645112.04
2018-07-02,43.31,43.31,40.61,41.03,900189.16
2018-07-03,41.32,42.03,40.37,41.87,949167.01
2018-07-04,41.78,42.27,41.15,41.26,519493.68
2018-07-05,41.39,41.81,41.0,41.26,548434.32
2018-07-06,41.6,42.84,41.27,42.31,824311.19
2018-07-09,42.8,43.78,42.51,43.75,696043.04
2018-07-10,43.84,43.88,42.77,43.23,555627.43
2018-07-11,42.17,42.74,42.03,42.42,473781.85
2018-07-12,42.54,43.76,42.54,43.38,647707.63
2018-07-13,43.67,43.78,43.31,43.5,393785.46
2018-07-16,43.32,43.68,42.64,42.89,431942.08
2018-07-17,43.03,43.29,42.67,43.11,379943.02
2018-07-18,43.31,43.92,42.91,42.96,464485.05
2018-07-19,43.37,44.07,43.36,43.63,703699.03
2018-07-20,43.55,45.78,43.27,45.21,1069350.78
2018-07-23,44.85,45.78,44.77,45.39,804573.37
2018-07-24,45.37,46.82,45.35,45.88,836847.07
2018-07-25,46.24,46.25,45.63,46.19,409006.24
2018-07-26,46.28,46.43,45.09,45.18,482593.31
2018-07-27,45.31,45.57,45.01,45.23,334171.59
2018-07-30,45.26,46.01,45.14,45.75,376370.18
2018-07-31,45.78,45.99,45.2,45.78,260698.59
2018-08-01,45.92,46.38,44.3,44.36,563434.32
2018-08-02,44.15,44.21,42.95,43.29,646804.28
2018-08-03,43.42,43.66,42.94,42.97,362083.3
2018-08-06,42.96,43.74,42.62,42.97,419785.66
2018-08-07,43.18,44.29,43.07,44.26,561861.21
2018-08-08,44.25,44.36,43.24,43.38,412109.11
2018-08-09,43.38,45.32,43.23,45.05,635433.07
2018-08-10,45.0,45.3,44.46,44.91,349041.51
2018-08-13,44.44,44.47,43.59,44.25,454649.48
2018-08-14,44.26,44.38,43.53,43.88,308740.67
2018-08-15,43.87,43.88,42.11,42.38,613747.92
2018-08-16,41.9,43.07,41.53,42.35,475074.98
2018-08-17,42.88,42.97,41.96,42.05,351360.05
2018-08-20,42.32,42.97,42.18,42.96,462142.66
2018-08-21,43.0,44.33,43.0,44.16,636650.64
2018-08-22,45.54,45.7,44.87,45.28,1041857.14
2018-08-23,45.34,46.36,45.34,46.17,756111.3
2018-08-24,45.85,47.06,45.7,46.43,572631.51
2018-08-27,46.88,47.33,46.61,47.17,585793.43
2018-08-28,47.41,47.44,46.52,46.74,424944.21
2018-08-29,46.58,47.04,46.56,46.82,278926.79
2018-08-30,47.19,47.6,46.83,46.93,458496.33
2018-08-31,46.37,47.14,46.22,46.8,521114.0
2018-09-03,46.52,46.82,46.15,46.61,323790.59
2018-09-04,46.7,48.25,46.47,48.15,658378.78
2018-09-05,47.86,48.03,46.67,46.67,507437.18
2018-09-06,46.6,46.92,45.78,46.02,457426.29
2018-09-07,46.44,47.65,46.23,47.11,494711.65
2018-09-10,46.98,47.18,46.23,46.55,323390.01
2018-09-11,46.53,46.96,45.96,46.29,347070.57
2018-09-12,46.01,46.12,45.24,45.48,435460.28
2018-09-13,46.36,46.83,45.78,46.83,538846.97
2018-09-14,46.96,47.85,46.84,47.5,558370.41
2018-09-17,46.75,47.41,46.72,46.91,269595.87
2018-09-18,46.64,48.25,46.6,48.12,635569.33
2018-09-19,48.1,49.38,47.89,48.89,834705.07
2018-09-20,48.93,49.2,48.49,48.63,418923.78
2018-09-21,48.99,50.66,48.76,50.65,810431.09
2018-09-25,50.2,50.83,49.89,50.42,578103.89
2018-09-26,50.45,51.78,50.15,51.0,908525.51
2018-09-27,50.83,50.84,50.17,50.43,623574.33
2018-09-28,50.66,51.86,50.61,51.41,739523.87
2018-10-08,50.13,50.16,48.56,48.61,1128444.71
2018-10-09,48.5,49.06,48.28,48.78,486319.08
2018-10-10,48.85,49.21,48.18,48.52,582799.02
2018-10-11,46.6,47.43,46.06,46.42,1145327.45
2018-10-12,46.9,48.22,46.75,47.93,774616.71
2018-10-15,47.95,48.36,47.35,47.43,539743.26
2018-10-16,47.54,48.91,47.53,48.03,584034.99
2018-10-17,48.91,49.02,46.84,48.15,761401.92
2018-10-18,47.65,47.67,46.72,46.87,603019.84
2018-10-19,46.52,49.6,46.44,49.24,1138815.16
2018-10-22,49.54,52.1,49.24,50.98,1616881.74
2018-10-23,51.03,51.27,48.69,49.16,1172134.46
2018-10-24,49.36,50.92,49.2,49.72,810632.05
2018-10-25,48.18,50.02,48.18,50.02,736202.53
2018-10-26,49.75,50.11,48.31,49.18,797411.04
2018-10-29,49.43,49.52,46.45,46.53,1216419.42
2018-10-30,45.03,48.5,44.65,47.13,1269208.29
2018-10-31,47.29,47.99,46.65,47.75,782835.25
2018-11-01,48.19,49.15,48.09,48.25,689871.09
2018-11-02,50.22,50.54,49.19,50.54,1173949.37
2018-11-05,49.9,50.32,49.3,49.96,547131.86
2018-11-06,49.68,50.13,49.38,50.13,385081.85
2018-11-07,50.2,50.54,49.45,49.62,510658.43
2018-11-08,50.23,50.41,49.53,49.75,504946.17
2018-11-09,49.34,49.51,48.31,48.49,544689.7
2018-11-12,48.33,48.88,47.84,48.52,458511.64
2018-11-13,47.86,49.21,47.65,48.79,520997.95
2018-11-14,48.82,48.85,47.73,47.99,573814.07
2018-11-15,48.03,48.88,47.86,48.85,500579.86
2018-11-16,48.78,49.82,48.55,48.97,619879.08
2018-11-19,48.97,49.68,48.63,49.32,507628.91
2018-11-20,48.78,49.11,47.96,48.1,591762.58
2018-11-21,47.68,48.13,47.68,48.04,385249.31
2018-11-22,48.16,48.18,47.14,47.38,443683.53
2018-11-23,47.39,47.72,46.92,47.01,372335.17
2018-11-26,47.28,47.93,47.13,47.43,369989.07
2018-11-27,47.51,47.94,47.21,47.36,375596.84
2018-11-28,47.37,48.0,47.29,47.86,411690.32
2018-11-29,48.25,48.31,47.28,47.32,386653.89
2018-11-30,47.32,47.77,47.2,47.65,349171.09
2018-12-03,48.93,49.57,48.61,48.77,1121943.02
2018-12-04,48.74,48.84,48.15,48.7,562473.14
2018-12-05,48.07,48.48,48.01,48.22,450207.12
2018-12-06,47.77,47.94,47.2,47.28,585865.13
2018-12-07,47.52,47.68,47.26,47.28,270297.17
2018-12-10,46.9,47.04,46.39,46.66,494650.59
2018-12-11,46.66,46.96,46.39,46.66,419948.88
2018-12-12,47.13,47.15,46.56,46.87,387392.32
2018-12-13,47.05,47.65,46.83,47.43,782754.17
2018-12-14,47.2,47.23,46.33,46.48,750755.54
2018-12-17,46.43,46.72,45.8,45.98,712131.38
2018-12-18,45.7,46.29,45.38,45.66,532302.06
2018-12-19,45.78,45.97,44.94,45.12,515538.16
2018-12-20,44.99,45.16,43.96,44.28,806955.79
2018-12-21,44.09,44.16,43.11,43.78,739127.89
2018-12-24,43.53,43.75,43.34,43.71,358748.42
2018-12-25,43.18,44.11,42.69,43.68,664633.19
2018-12-26,43.65,43.71,42.93,43.0,397821.33
2018-12-27,43.74,43.81,42.7,42.7,751890.5
2018-12-28,42.78,42.95,42.1,42.1,914988.05
2019-01-02,42.06,42.16,41.23,41.41,825542.43
2019-01-03,41.39,42.27,41.32,41.78,692711.24
2019-01-04,41.48,42.78,41.45,42.47,1129855.85
2019-01-07,42.84,42.9,41.95,42.25,765930.07
2019-01-08,42.06,42.09,41.42,41.87,559920.92
2019-01-09,42.18,43.23,42.0,42.74,819146.13
2019-01-10,42.68,43.39,42.44,43.15,673282.23
2019-01-11,43.53,43.74,43.15,43.58,457569.73
2019-01-14,43.33,43.49,42.7,42.87,475326.51
2019-01-15,42.97,44.04,42.82,43.97,586264.87
2019-01-16,43.84,44.25,43.53,44.08,404111.83
2019-01-17,44.31,44.88,43.95,44.07,535050.39
2019-01-18,44.45,45.04,44.04,44.97,561756.65
2019-01-21,44.97,45.86,44.91,45.62,559842.77
2019-01-22,45.48,45.51,44.83,45.08,419507.61
2019-01-23,44.89,45.33,44.61,44.64,374932.63
2019-01-24,44.73,45.42,44.44,45.35,449406.18
2019-01-25,45.4,46.36,45.35,45.99,672459.11
2019-01-28,46.38,46.84,45.93,46.17,581648.84
2019-01-29,46.06,46.45,45.76,46.27,395192.94
2019-01-30,45.69,46.42,45.61,45.96,310003.23
2019-01-31,46.38,47.42,46.19,47.26,692265.32
2019-02-01,47.65,47.86,47.17,47.44,437924.7
2019-02-11,47.19,48.41,47.19,48.32,541815.51
2019-02-12,48.33,48.34,47.8,48.23,385193.06
2019-02-13,48.52,49.08,48.05,48.79,578658.13
2019-02-14,48.69,49.08,48.61,48.85,396202.77
2019-02-15,48.63,48.79,47.44,47.47,534011.48
2019-02-18,47.95,49.09,47.86,49.0,721361.06
2019-02-19,49.21,50.48,48.99,49.29,785951.46
2019-02-20,49.75,49.81,48.92,49.44,393508.82
2019-02-21,49.38,50.04,48.85,49.07,543694.01
2019-02-22,49.05,50.33,48.63,50.29,762218.88
2019-02-25,51.2,54.78,51.14,54.78,2222382.4
2019-02-26,53.81,54.48,52.47,52.54,1555638.81
2019-02-27,52.76,53.6,51.77,52.52,1017663.58
2019-02-28,52.52,53.24,52.09,52.54,598889.7
2019-03-01,53.05,54.48,52.72,54.32,920751.83
2019-03-04,54.78,56.36,54.19,54.47,1263275.04
2019-03-05,54.39,54.59,53.71,54.08,659680.35
2019-03-06,54.32,54.39,53.36,54.15,784653.61
2019-03-07,54.14,54.14,52.53,52.75,1013473.08
2019-03-08,51.53,52.68,51.22,51.56,913256.04
2019-03-11,51.63,52.3,51.2,51.62,751857.65
2019-03-12,52.23,53.22,51.75,51.97,969219.01
2019-03-13,53.57,54.11,52.73,53.69,1405464.08
2019-03-14,53.86,54.93,53.81,54.63,1055970.33
2019-03-15,54.86,56.66,54.84,55.42,1255246.38
2019-03-18,55.86,56.54,55.12,56.28,1156392.1
2019-03-19,56.83,57.67,56.25,56.55,1012096.56
2019-03-20,56.33,58.14,56.1,57.45,1078439.1
2019-03-21,57.78,57.97,56.73,56.88,846258.78
2019-03-22,56.85,57.23,55.58,56.07,772004.28
2019-03-25,55.09,55.53,54.17,54.25,991052.4
2019-03-26,54.78,54.96,54.14,54.55,634474.72
2019-03-27,54.93,56.01,54.56,55.7,759817.76
2019-03-28,55.08,55.49,54.69,55.08,484208.75
2019-03-29,55.61,57.86,55.61,57.86,1429355.26
2019-04-01,58.53,59.46,58.16,58.99,1168113.47
2019-04-02,58.94,59.29,58.57,59.26,771175.4
2019-04-03,58.9,60.15,58.81,59.93,760219.8
2019-04-04,60.1,60.76,59.47,60.19,795626.03
2019-04-08,60.56,61.72,60.05,60.48,916122.3
2019-04-09,60.34,61.54,60.31,60.86,601737.89
2019-04-10,60.64,61.62,59.78,61.56,783620.38
2019-04-11,62.02,62.75,60.16,60.57,756628.85
2019-04-12,60.3,60.91,59.96,60.37,526779.4
2019-04-15,61.71,62.95,61.24,61.28,989953.02
2019-04-16,60.95,63.89,60.71,63.8,1036222.77
2019-04-17,63.73,64.05,62.89,63.4,631915.6
2019-04-18,63.56,63.8,62.95,63.26,397287.04
2019-04-19,63.99,65.29,63.19,65.29,789131.96
2019-04-22,65.45,66.11,63.41,63.76,932115.2
2019-04-23,63.6,65.57,63.41,64.58,678116.37
2019-04-24,64.6,65.2,62.7,63.81,812851.89
2019-04-25,63.3,63.78,62.4,62.59,655769.28
2019-04-26,62.29,63.36,62.14,62.37,648959.07
2019-04-29,62.95,65.39,62.51,64.86,946576.03
2019-04-30,64.91,65.65,63.44,64.61,917902.02
2019-05-06,62.14,62.74,59.78,60.94,1808609.45
2019-05-07,61.37,61.75,59.95,60.91,974951.29
2019-05-08,59.08,60.45,58.82,59.12,868375.72
2019-05-09,58.73,58.73,57.12,57.53,1125721.86
2019-05-10,58.5,61.44,58.01,61.07,1392098.28
2019-05-13,59.47,60.17,58.91,59.02,842350.81
2019-05-14,58.5,59.59,58.42,58.76,782781.37
2019-05-15,59.25,61.06,59.21,60.44,803300.24
2019-05-16,60.65,61.18,60.04,60.76,630831.36
2019-05-17,60.83,60.94,59.27,59.36,685802.02
2019-05-20,58.91,59.5,57.93,58.44,745003.9
2019-05-21,58.57,59.47,58.29,58.68,630197.96
2019-05-22,58.7,58.91,57.93,58.26,516731.93
2019-05-23,58.24,58.49,57.14,57.43,645670.76
2019-05-24,57.78,58.83,57.71,58.24,512353.15
2019-05-27,58.05,59.12,57.36,58.76,589731.73
2019-05-28,58.96,59.97,58.78,59.53,893839.92
2019-05-29,59.0,61.65,58.76,60.74,968273.16
2019-05-30,60.45,60.71,59.83,60.21,488476.7
2019-05-31,60.26,61.34,60.14,60.14,496669.9
2019-06-03,60.73,61.06,59.91,60.33,521308.33
2019-06-04,60.28,60.51,59.27,59.36,512121.47
2019-06-05,59.95,60.07,58.97,59.0,487171.31
2019-06-06,59.19,59.31,58.53,58.7,422522.96
2019-06-10,59.22,60.43,58.99,60.22,645748.04
2019-06-11,60.34,62.36,60.24,62.2,941317.65
2019-06-12,61.74,61.99,61.16,61.3,477952.93
2019-06-13,61.51,61.67,60.75,61.28,461455.83
2019-06-14,61.29,61.7,60.65,60.71,408732.98
2019-06-17,60.75,61.41,60.52,60.84,363881.72
2019-06-18,61.0,61.8,60.79,61.64,464073.62
2019-06-19,63.96,64.38,63.57,63.6,1118715.82
2019-06-20,63.89,67.38,63.89,67.38,1533213.32
2019-06-21,66.96,67.42,66.41,66.97,858060.14
2019-06-24,66.92,67.41,66.4,67.15,594052.0
2019-06-25,67.07,67.13,64.95,65.95,1051936.53
2019-06-26,66.04,66.46,65.78,65.78,457630.35
2019-06-27,66.23,67.35,66.23,67.03,814545.53
2019-06-28,66.96,68.0,66.71,67.46,595534.39
2019-07-01,68.97,70.4,68.97,69.92,926097.53
2019-07-02,69.8,69.8,69.19,69.32,606496.56
2019-07-03,69.4,69.74,68.36,69.02,650988.01
2019-07-04,69.05,69.38,68.02,68.44,593667.27
2019-07-05,68.52,69.38,68.39,69.16,510522.42
2019-07-08,68.51,68.51,66.83,67.44,787765.5
2019-07-09,67.51,67.64,66.23,66.64,557034.3
2019-07-10,67.14,67.15,66.63,66.9,356164.58
2019-07-11,67.37,67.98,66.76,66.98,514868.86
2019-07-12,67.11,68.11,67.11,67.57,576717.74
2019-07-15,67.07,67.58,65.94,67.06,594525.89
2019-07-16,66.97,67.13,66.16,66.2,430869.22
2019-07-17,66.2,66.67,65.78,66.23,438349.56
2019-07-18,65.93,66.53,65.72,66.03,377816.66
2019-07-19,66.47,67.53,66.47,67.26,603590.99
2019-07-22,67.24,67.74,66.75,66.75,426227.26
2019-07-23,66.93,67.15,66.31,66.61,381829.88
2019-07-24,66.97,68.11,66.84,67.64,594578.76
2019-07-25,67.83,68.17,67.41,68.07,456061.84
2019-07-26,67.62,68.65,67.62,68.59,461534.38
2019-07-29,68.4,68.58,67.79,68.1,368246.43
2019-07-30,68.78,69.2,68.27,68.5,464799.47
2019-07-31,68.07,68.14,66.9,67.06,592754.84
2019-08-01,66.61,67.25,66.24,66.62,427596.82
2019-08-02,65.55,65.84,65.09,65.49,728970.93
2019-08-05,64.76,65.37,64.39,64.41,684847.03
2019-08-06,63.26,64.62,62.54,64.34,1010340.81
2019-08-07,64.57,64.67,63.45,63.55,532355.72
2019-08-08,63.94,64.37,63.49,64.34,567264.29
2019-08-09,64.79,64.92,63.96,64.22,449361.8
2019-08-12,64.3,66.06,64.3,65.85,594238.58
2019-08-13,65.43,65.66,64.54,64.72,515017.73
2019-08-14,65.76,65.91,64.72,64.74,533363.42
2019-08-15,63.8,65.73,63.59,65.71,702273.78
2019-08-16,66.23,67.22,65.74,66.58,932311.55
2019-08-19,67.22,67.34,66.42,67.34,837354.72
2019-08-20,67.22,67.25,66.71,66.95,504393.59
2019-08-21,66.73,67.12,66.5,66.79,335320.73
2019-08-22,66.89,67.06,66.54,66.98,365037.38
2019-08-23,66.96,68.71,66.86,68.43,885689.77
2019-08-26,67.22,67.45,66.35,66.61,990268.44
2019-08-27,67.03,67.6,66.67,66.75,767827.0
2019-08-28,66.7,66.93,66.12,66.16,516092.3
2019-08-29,66.35,66.6,65.6,66.0,464332.0
2019-08-30,66.77,67.11,65.78,66.48,564655.13
2019-09-02,66.23,67.66,66.14,67.38,635806.15
2019-09-03,67.45,67.68,66.83,67.18,512751.96
2019-09-04,67.45,67.89,66.99,67.81,605953.98
2019-09-05,68.2,69.36,67.82,68.53,1007565.54
2019-09-06,69.08,69.66,68.57,69.66,688752.43
2019-09-09,70.17,70.3,69.1,69.43,702401.49
2019-09-10,69.5,69.54,68.28,68.69,484548.25
2019-09-11,68.97,69.18,68.16,68.78,455860.02
2019-09-12,69.19,71.04,68.93,70.92,793048.52
2019-09-16,70.89,70.91,69.98,70.16,548412.99
2019-09-17,69.81,69.83,68.52,68.75,640333.53
2019-09-18,68.98,69.49,68.8,69.12,419771.15
2019-09-19,69.5,69.6,68.36,68.81,421580.01
2019-09-20,69.04,69.34,68.7,69.01,456923.18
2019-09-23,68.69,68.69,67.7,68.28,513667.18
2019-09-24,68.35,68.67,67.89,68.31,405350.98
2019-09-25,67.88,68.48,67.7,68.18,388584.0
2019-09-26,68.51,68.94,67.84,67.85,486370.79
2019-09-27,67.99,68.11,67.49,67.81,329554.11
2019-09-30,67.54,67.73,66.82,66.85,460784.53
2019-10-08,66.92,68.14,66.89,67.58,405313.09
2019-10-09,67.15,68.05,67.07,67.72,360580.49
2019-10-10,67.73,68.08,67.21,67.97,340927.32
2019-10-11,68.27,69.33,67.97,69.04,600475.59
2019-10-14,69.73,70.23,69.26,69.47,630443.09
2019-10-15,69.73,69.73,69.07,69.27,350873.94
2019-10-16,69.66,70.52,69.49,69.57,499077.11
2019-10-17,70.04,70.79,69.58,70.44,619425.04
2019-10-18,70.89,71.0,68.87,68.93,590912.88
2019-10-21,68.71,69.47,68.3,69.17,360899.79
2019-10-22,69.73,69.73,68.8,69.34,310788.67
2019-10-23,69.27,69.6,68.51,68.74,318797.66
2019-10-24,69.01,69.15,68.31,68.97,360537.44
2019-10-25,67.58,67.95,66.89,67.58,1129195.39
2019-10-28,67.88,68.25,67.48,68.08,651031.68
2019-10-29,68.1,68.38,67.55,67.74,431557.69
2019-10-30,67.58,67.87,67.33,67.55,436516.63
2019-10-31,67.43,68.13,67.43,67.68,373687.66
2019-11-01,67.68,69.17,67.59,69.15,650940.33
2019-11-04,69.39,69.61,69.05,69.34,505705.67
2019-11-05,69.35,70.09,68.86,69.17,654849.54
2019-11-06,69.15,69.43,68.87,69.12,386305.41
2019-11-07,69.12,69.2,68.57,68.94,319831.02
2019-11-08,69.5,69.54,68.48,68.48,436274.87
2019-11-11,67.97,68.04,67.51,67.75,442562.17
2019-11-12,67.88,68.01,67.47,67.75,395453.62
2019-11-13,67.56,67.85,67.22,67.58,380871.62
2019-11-14,67.95,67.96,67.43,67.61,323509.97
2019-11-15,67.44,67.78,67.35,67.51,364026.86
2019-11-18,67.49,68.34,67.34,68.13,344810.63
2019-11-19,67.81,68.43,67.75,68.27,302021.26
2019-11-20,68.03,68.2,67.53,67.62,332290.9
2019-11-21,67.37,67.39,66.06,66.31,757381.64
2019-11-22,66.37,66.78,65.03,65.2,747463.83
2019-11-25,65.36,65.72,64.73,65.66,546527.22
2019-11-26,66.05,66.06,65.26,65.59,509282.55
2019-11-27,65.56,65.56,64.9,65.21,394256.92
2019-11-28,65.28,65.4,64.69,64.82,358095.13
2019-11-29,64.81,65.08,63.51,64.22,570944.15
2019-12-02,64.27,64.5,63.75,63.97,386007.56
2019-12-03,63.88,64.73,63.58,64.72,394270.24
2019-12-04,64.21,64.61,64.03,64.57,262024.47
2019-12-05,64.9,65.28,64.57,65.03,342534.68
2019-12-06,65.2,65.24,64.77,65.08,272110.03
2019-12-09,65.1,65.2,64.01,64.24,460460.4
2019-12-10,64.14,64.42,63.97,64.2,295540.57
2019-12-11,64.36,64.66,64.05,64.54,367933.22
2019-12-12,64.84,65.0,64.51,64.54,366466.47
2019-12-13,65.42,66.64,65.34,66.64,774732.9
2019-12-16,65.74,65.93,65.2,65.77,779673.27
2019-12-17,65.8,66.69,65.47,66.15,758245.61
2019-12-18,66.12,66.39,65.9,66.03,453752.71
2019-12-19,66.14,66.19,65.5,65.82,330822.15
2019-12-20,65.87,66.29,65.66,65.69,358309.17
2019-12-23,66.01,66.03,64.7,64.73,457181.75
2019-12-24,64.69,64.97,64.55,64.87,292204.45
2019-12-25,64.82,64.9,64.37,64.46,316230.37
2019-12-26,64.51,64.84,64.44,64.84,286528.08
2019-12-27,64.85,65.79,64.83,65.07,492829.19
2019-12-30,65.1,66.06,64.45,65.96,676187.63
2019-12-31,65.86,65.98,65.29,65.63,432036.35
2020-01-02,65.96,66.64,65.95,66.13,778252.07
2020-01-03,66.66,66.71,65.96,66.19,594980.01
2020-01-06,65.98,66.71,65.65,65.73,636448.04
2020-01-07,66.04,66.39,65.78,66.15,452188.32
2020-01-08,66.02,66.02,64.89,65.27,628053.11
2020-01-09,65.71,65.74,65.03,65.3,598712.02
2020-01-10,65.54,65.57,64.97,65.1,525864.61
2020-01-13,65.28,66.4,65.1,66.38,810588.66
2020-01-14,66.96,67.43,66.56,66.67,716681.82
2020-01-15,66.66,66.9,65.79,65.89,526216.57
2020-01-16,66.28,66.32,65.69,65.69,498579.09
2020-01-17,66.15,66.73,65.92,66.23,555370.18
2020-01-20,67.8,68.11,67.07,67.27,936050.62
2020-01-21,66.81,67.03,65.73,65.73,727579.41
2020-01-22,65.27,65.64,64.37,65.44,736576.88
2020-01-23,64.51,64.93,63.33,64.11,1080020.62
2020-02-03,58.75,60.85,58.67,59.67,2031498.68
2020-02-04,60.12,62.17,60.05,61.76,1213480.5
2020-02-05,61.86,62.45,61.25,61.72,753196.94
2020-02-06,62.34,62.94,61.72,62.6,672189.69
2020-02-07,61.89,62.35,61.75,62.22,491630.56
2020-02-10,61.7,61.92,61.35,61.66,593604.47
2020-02-11,62.11,62.86,61.81,62.3,584322.2
2020-02-12,62.27,62.55,61.85,62.35,444339.02
2020-02-13,62.35,62.35,61.71,61.78,562603.92
2020-02-14,61.71,62.4,61.59,62.2,428765.35
2020-02-17,62.2,63.34,61.97,63.27,678118.81
2020-02-18,62.82,63.05,62.54,62.62,513200.23
2020-02-19,62.22,63.15,62.21,62.74,460474.17
2020-02-20,62.97,64.2,62.47,63.95,833042.58
2020-02-21,63.35,63.91,62.97,63.26,1093905.84
2020-02-24,62.2,62.43,61.81,61.98,1035102.93
2020-02-25,61.28,61.68,61.05,61.58,869000.94
2020-02-26,61.01,62.01,60.75,61.3,844166.5
2020-02-27,61.12,61.74,60.89,61.27,666793.16
2020-02-28,60.36,60.88,59.67,59.68,983923.14
2020-03-02,60.14,61.58,60.14,61.11,712323.4
2020-03-03,61.8,61.87,60.86,61.04,678238.4
2020-03-04,61.35,62.01,61.35,61.88,677574.56
2020-03-05,62.21,63.55,61.91,63.31,960642.71
2020-03-06,62.64,62.9,62.04,62.13,584186.07
2020-03-09,60.59,60.66,59.91,60.0,1055082.61
2020-03-10,60.0,61.26,59.76,60.8,717006.49
2020-03-11,60.8,60.85,60.01,60.01,591403.93
2020-03-12,59.32,59.49,58.77,58.86,901290.53
2020-03-13,55.39,58.34,55.36,57.37,1166157.44
2020-03-16,57.21,57.22,55.13,55.29,979173.45
2020-03-17,55.02,56.05,54.43,55.39,950922.87
2020-03-18,55.69,55.96,53.64,53.65,852181.11
2020-03-19,53.06,53.65,50.93,52.07,1236760.64
2020-03-20,52.76,53.29,51.72,52.98,887269.35
2020-03-23,50.68,51.83,50.68,51.26,684079.66
2020-03-24,52.18,53.02,52.08,52.95,791633.2
2020-03-25,54.21,54.7,53.66,54.02,928186.2
2020-03-26,53.35,54.52,53.25,53.9,549869.73
2020-03-27,54.71,54.74,53.54,53.54,603084.23
2020-03-30,52.68,53.28,52.56,53.1,467955.96
2020-03-31,53.84,54.02,52.99,53.11,425367.86
2020-04-01,52.98,54.11,52.91,53.23,556928.69
2020-04-02,52.52,53.5,52.03,53.5,512029.29
2020-04-03,53.06,53.18,52.53,52.88,420254.17
2020-04-07,53.81,53.98,53.41,53.73,619347.65
2020-04-08,53.42,53.6,53.23,53.28,362458.67
2020-04-09,53.48,53.72,53.28,53.47,368308.15
2020-04-10,53.48,55.62,53.28,54.51,766249.62
2020-04-13,54.1,54.36,53.75,53.85,355169.87
2020-04-14,54.27,54.65,53.94,54.53,429696.77
2020-04-15,54.57,54.81,54.25,54.4,381515.23
2020-04-16,54.14,54.3,53.87,54.04,282942.6
2020-04-17,54.6,56.3,54.36,55.59,903679.48
2020-04-20,55.97,56.67,55.36,56.44,654193.98
2020-04-21,56.09,56.42,54.91,55.57,568984.31
2020-04-22,55.29,55.34,54.89,55.34,377673.15
2020-04-23,55.59,55.9,55.15,55.41,329666.12
2020-04-24,54.54,54.54,53.98,54.14,667116.19
2020-04-27,54.23,54.99,54.23,54.67,481527.84
2020-04-28,54.9,55.81,54.5,55.58,613874.27
2020-04-29,55.58,56.98,55.58,56.82,531156.38
2020-04-30,57.18,57.82,56.98,57.18,486254.73
2020-05-06,56.29,56.81,55.98,56.68,629167.87
2020-05-07,56.59,56.59,55.91,56.23,403122.89
2020-05-08,56.91,57.29,56.33,57.04,404719.6
2020-05-11,57.15,58.47,57.15,57.77,495757.31
2020-05-12,57.77,58.1,57.43,57.79,415450.36
2020-05-13,57.53,57.79,56.79,57.33,288970.35
2020-05-14,57.06,57.06,56.41,56.46,349715.11
2020-05-15,56.76,57.14,56.42,56.46,317507.3
2020-05-18,56.44,57.05,56.04,56.44,308462.66
2020-05-19,57.2,57.53,56.76,56.98,341583.23
2020-05-20,57.06,57.21,56.67,57.02,274834.84
2020-05-21,57.22,57.3,56.56,56.58,312686.23
2020-05-22,56.33,56.36,54.79,54.81,577194.22
2020-05-25,54.72,54.78,53.93,54.74,417101.15
2020-05-26,55.49,55.5,54.97,55.12,271128.48
2020-05-27,55.28,55.95,55.12,55.22,287152.14
2020-05-28,55.25,56.27,55.25,55.9,414260.45
2020-05-29,55.42,55.73,55.09,55.27,268441.15
2020-06-01,55.81,56.46,55.68,56.4,457672.84
2020-06-02,56.3,58.26,56.29,58.06,810523.27
2020-06-03,58.62,59.95,58.62,58.63,991488.4
2020-06-04,58.95,59.18,58.3,58.73,453880.22
2020-06-05,58.73,58.97,58.16,58.86,349807.54
2020-06-08,59.17,60.36,59.17,59.97,766974.48
2020-06-09,59.98,60.33,59.66,59.8,388516.8
2020-06-10,59.86,59.95,58.99,59.08,345452.92
2020-06-11,58.79,58.99,57.69,58.02,586113.42
2020-06-12,57.14,57.96,57.04,57.96,488258.71
2020-06-15,57.59,57.67,56.63,56.7,551303.79
2020-06-16,57.53,57.59,57.17,57.42,341905.11
2020-06-17,57.22,57.36,56.75,57.07,325895.79
2020-06-18,56.94,57.66,56.58,57.37,418632.01
2020-06-19,57.41,57.91,57.06,57.39,635989.84
2020-06-22,57.06,57.78,56.76,56.88,671831.45
2020-06-23,56.67,56.75,56.02,56.25,779636.04
2020-06-24,56.48,56.94,56.29,56.48,605136.32
2020-06-29,56.33,56.48,55.34,55.51,714837.81
2020-06-30,55.78,56.11,55.5,55.81,451503.15
2020-07-01,55.96,57.45,55.65,57.45,967559.92
2020-07-02,57.28,59.41,57.06,59.41,1474466.92
2020-07-03,59.52,61.35,59.52,60.94,1703820.02
2020-07-06,61.85,66.35,61.85,65.75,2806694.63
2020-07-07,68.0,68.47,65.03,65.05,2222041.41
2020-07-08,65.75,68.0,65.54,66.98,1696389.93
2020-07-09,67.46,67.85,66.36,67.16,1424597.27
2020-07-10,66.45,66.73,64.18,64.36,1466619.58
2020-07-13,64.03,65.39,63.71,64.38,1179515.79
2020-07-14,64.39,65.06,63.01,63.55,988557.93
2020-07-15,64.21,64.4,62.63,62.71,922767.93
2020-07-16,63.55,64.07,61.05,61.14,1318170.0
2020-07-17,61.75,62.06,60.43,60.99,875035.28
2020-07-20,61.79,64.74,61.79,64.72,1377547.79
2020-07-21,64.84,65.03,62.82,63.13,904774.83
2020-07-22,62.7,63.98,62.1,62.48,877513.22
2020-07-23,61.75,62.44,60.99,61.75,782100.45
2020-07-24,61.66,61.67,59.7,60.19,1072693.4
2020-07-27,60.41,60.81,59.17,59.74,734798.99
2020-07-28,60.18,60.42,59.37,59.7,639858.71
2020-07-29,59.41,60.97,59.21,60.42,702865.26
2020-07-30,60.49,60.52,59.42,59.43,646243.26
2020-07-31,59.41,60.38,58.78,59.33,748520.42
2020-08-03,59.68,59.94,59.23,59.75,855247.65
2020-08-04,60.04,62.03,59.56,61.49,1481461.65
2020-08-05,60.92,60.93,59.88,60.29,787805.92
2020-08-06,60.19,60.88,59.57,60.31,647563.03
2020-08-07,60.16,60.71,59.41,59.66,549808.98
2020-08-10,59.42,60.73,59.27,60.2,700073.23
2020-08-11,60.54,61.5,59.81,60.01,775309.0
2020-08-12,60.03,60.55,59.72,60.31,586012.65
2020-08-13,60.58,60.66,59.81,59.88,421355.47
2020-08-14,59.77,61.35,59.67,61.12,632473.71
2020-08-17,61.15,64.54,61.15,63.39,1739400.16
2020-08-18,63.16,63.24,62.06,62.34,842505.96
2020-08-19,62.22,62.62,61.1,61.1,564733.84
2020-08-20,61.05,61.05,60.31,60.66,498422.48
2020-08-21,61.2,61.56,60.62,61.17,424459.3
2020-08-24,61.71,61.75,60.68,60.81,472804.41
2020-08-25,60.97,61.66,60.66,61.06,530479.42
2020-08-26,60.97,61.01,59.88,60.03,542775.09
2020-08-27,60.31,60.32,59.41,59.83,448833.59
2020-08-28,59.77,61.13,59.29,60.88,765028.13
2020-08-31,60.88,61.6,59.86,59.89,723129.73
2020-09-01,59.47,59.87,59.41,59.7,471250.55
2020-09-02,59.88,60.03,59.09,59.35,556376.7
2020-09-03,59.4,59.73,58.74,58.93,599836.64
2020-09-04,58.47,58.7,58.27,58.48,478255.76
2020-09-07,58.48,59.6,58.43,58.67,633250.76
2020-09-08,59.39,60.55,59.17,60.3,866030.09
2020-09-09,59.7,60.62,59.66,59.78,523982.17
2020-09-10,60.16,60.45,59.72,59.81,530354.37
2020-09-11,59.73,60.58,59.53,60.35,462178.23
2020-09-14,60.67,61.83,60.67,61.4,729991.87
2020-09-15,61.4,62.91,60.62,62.46,1014350.44
2020-09-16,62.6,62.76,61.93,62.06,467947.54
2020-09-17,62.46,62.99,62.14,62.37,668306.42
2020-09-18,62.85,65.58,62.75,65.45,1776007.75
2020-09-21,65.45,65.6,63.9,63.9,845313.59
2020-09-22,62.93,63.74,62.37,62.43,679381.47
2020-09-23,62.77,62.82,61.93,62.03,362116.16
2020-09-24,61.73,61.98,60.8,60.85,608372.88
2020-09-25,61.47,61.49,60.8,61.26,356683.75
2020-09-28,61.26,62.05,61.12,61.55,371773.71
2020-09-29,61.97,61.98,60.56,60.64,519920.04
2020-09-30,60.72,61.14,60.01,60.21,476257.73
2020-10-09,61.01,61.94,61.0,61.51,474288.48
2020-10-12,61.86,64.07,61.83,63.84,869928.79
2020-10-13,63.69,64.62,63.13,64.25,564429.34
2020-10-14,64.35,64.36,63.56,64.25,500395.56
2020-10-15,64.27,65.42,64.19,64.27,555021.87
2020-10-16,64.59,65.45,64.35,64.74,607032.8
2020-10-19,65.27,66.62,64.59,64.62,917423.76
2020-10-20,64.55,64.74,64.04,64.14,413185.8
2020-10-21,64.55,65.2,64.17,65.06,492491.62
2020-10-22,65.15,65.44,63.39,64.82,466970.87
2020-10-23,64.84,66.98,64.84,65.93,938809.47
2020-10-26,66.01,66.61,64.1,64.9,596325.29
2020-10-27,64.57,64.9,63.95,64.01,559256.9
2020-10-28,63.57,64.0,62.42,62.83,769796.81
2020-10-29,61.65,63.08,61.6,62.11,727554.3
2020-10-30,62.1,62.73,61.3,61.45,764598.69
2020-11-02,61.98,62.22,60.8,60.98,638720.32
2020-11-03,61.4,62.64,61.11,62.5,615432.84
2020-11-04,62.2,63.05,62.06,62.77,434670.76
2020-11-05,63.44,64.49,63.32,63.91,537095.24
2020-11-06,64.03,64.55,63.57,64.19,510389.25
2020-11-09,65.14,65.93,64.98,65.52,809965.45
2020-11-10,66.51,66.91,65.57,65.69,789003.05
2020-11-11,65.69,66.35,65.26,65.94,542825.31
2020-11-12,66.12,66.69,64.59,64.96,490543.64
2020-11-13,64.02,64.51,62.87,63.43,707942.37
2020-11-16,63.71,65.74,63.71,65.61,701434.03
2020-11-17,65.61,66.89,65.53,66.35,825063.92
2020-11-18,66.64,68.04,66.58,67.4,969657.74
2020-11-19,67.27,67.7,66.72,67.44,549005.19
2020-11-20,67.35,67.36,66.24,66.75,452985.94
2020-11-23,67.11,68.25,66.84,68.07,783775.84
2020-11-24,68.14,68.68,66.87,67.11,499929.72
2020-11-25,67.89,69.91,67.88,68.89,1223689.08
2020-11-26,68.7,70.58,68.41,70.39,909240.11
2020-11-27,70.66,71.26,69.88,71.14,747954.73
2020-11-30,71.85,74.71,71.08,71.08,1539196.37
2020-12-01,71.61,73.73,70.78,73.73,854206.03
2020-12-02,73.73,74.1,72.71,73.31,650688.18
2020-12-03,73.26,73.77,72.01,72.54,509917.23
2020-12-04,72.68,73.06,71.21,72.79,489295.02
2020-12-07,73.25,73.41,70.29,71.36,627788.39
2020-12-08,71.06,71.65,69.32,69.52,863339.63
2020-12-09,69.88,70.65,69.31,69.38,525005.04
2020-12-10,69.48,70.03,68.81,69.23,405752.98
2020-12-11,69.88,70.19,67.47,67.98,714942.37
2020-12-14,68.41,69.61,68.3,69.24,583861.54
2020-12-15,68.68,68.68,67.4,68.14,633103.77
2020-12-16,68.37,69.07,67.86,68.56,470704.89
2020-12-17,68.66,70.32,68.32,70.25,685462.67
2020-12-18,70.11,70.47,68.79,69.31,499815.99
2020-12-21,68.69,69.28,67.91,68.73,599732.57
2020-12-22,68.72,68.72,66.12,66.44,985959.63
2020-12-23,66.5,67.42,66.14,66.99,550371.1
2020-12-24,67.35,67.39,66.08,66.48,524790.68
2020-12-25,66.01,66.01,64.63,65.69,691407.97
2020-12-28,65.89,67.26,65.41,66.81,635199.48
2020-12-29,67.07,67.96,66.87,67.51,519315.64
2020-12-30,67.27,67.81,66.46,67.81,565707.26
2020-12-31,67.58,69.23,67.58,68.67,795809.39
2021-01-04,68.62,68.65,66.4,67.25,1036431.04
2021-01-05,66.72,66.72,65.41,66.54,1054786.27
2021-01-06,66.55,67.7,65.97,67.7,937598.48
2021-01-07,67.81,68.52,66.57,68.12,1069687.24
2021-01-08,68.09,68.91,67.29,67.99,1169367.95
2021-01-11,68.07,68.39,66.34,66.36,1098602.34
2021-01-12,66.24,69.35,65.81,69.35,1467556.09
2021-01-13,70.13,70.51,68.57,69.13,1390943.39
2021-01-14,69.81,69.91,67.03,67.34,1379273.8
2021-01-15,67.87,70.01,67.34,68.63,1587085.01
2021-01-18,68.7,69.22,67.36,68.86,1162419.91
2021-01-19,69.16,69.61,67.95,68.55,1103328.31
2021-01-20,68.8,68.97,67.05,67.28,1319775.53
2021-01-21,67.41,67.45,66.18,66.68,1393055.4
2021-01-22,67.13,67.24,65.96,66.18,1162752.48
2021-01-25,66.1,67.03,65.21,67.03,1279801.18
2021-01-26,66.73,67.03,65.45,65.55,1051397.41
2021-01-27,65.53,66.26,65.21,65.58,682737.75
2021-01-28,64.91,65.21,63.69,63.9,1061087.31
2021-01-29,63.89,64.31,61.99,62.45,1269800.32
2021-02-01,62.47,62.97,61.89,62.6,724901.44
2021-02-02,62.61,62.74,61.56,61.74,988364.47
2021-02-03,61.39,61.39,59.47,60.44,1343842.98
2021-02-04,61.6,63.43,61.36,62.88,1416547.71
2021-02-05,63.18,63.4,62.08,62.96,845572.25
2021-02-08,62.96,63.52,61.82,62.05,796546.99
2021-02-09,62.04,62.04,60.65,61.7,914121.87
2021-02-10,61.52,63.03,61.19,62.58,919686.74
2021-02-18,64.36,65.44,63.88,65.06,1466782.05
2021-02-19,64.76,66.78,64.5,66.49,1240617.62
2021-02-22,66.53,67.35,65.21,65.55,1130341.1
2021-02-23,65.17,67.28,65.15,66.59,1016600.45
2021-02-24,65.94,67.73,65.15,66.16,1173554.82
2021-02-25,66.75,69.72,65.82,68.82,1897489.55
2021-02-26,67.76,68.81,67.27,67.27,1180455.13
2021-03-01,67.91,68.22,66.21,67.0,823008.01
2021-03-02,67.0,67.09,65.23,65.73,852273.95
2021-03-03,65.31,68.66,65.25,68.51,1166971.47
2021-03-04,67.91,69.06,67.76,68.15,949745.99
2021-03-05,67.51,68.14,65.81,66.73,814176.03
2021-03-08,67.28,69.32,66.93,67.09,1050356.53
2021-03-09,67.52,68.12,66.18,66.38,982174.95
2021-03-10,66.83,66.83,65.64,65.77,648001.35
2021-03-11,66.26,68.2,66.18,68.2,912520.98
2021-03-12,68.32,68.39,67.23,67.56,646812.0
2021-03-15,67.41,67.52,66.5,67.21,545512.55
2021-03-16,67.36,67.6,66.66,67.44,543539.55
2021-03-17,67.13,67.13,65.08,65.18,1064784.52
2021-03-18,64.99,65.37,64.02,64.3,803120.95
2021-03-19,64.12,64.2,62.79,62.89,961023.81
2021-03-22,63.17,63.39,62.81,63.03,542730.91
2021-03-23,63.09,63.65,62.48,63.22,511169.47
2021-03-24,63.17,63.41,62.16,62.39,633158.14
2021-03-25,62.57,62.91,62.38,62.54,436506.15
2021-03-26,62.85,63.41,62.83,63.18,453484.77
2021-03-29,63.18,63.26,62.23,62.49,632344.9
2021-03-30,62.54,62.68,62.07,62.68,511060.25
2021-03-31,62.78,62.82,62.06,62.15,483584.84
2021-04-01,62.23,62.61,62.19,62.54,360713.35
2021-04-02,62.54,62.54,62.06,62.29,469318.55
2021-04-06,62.32,62.74,62.14,62.41,351736.02
2021-04-07,62.68,62.68,61.74,61.95,475011.72
2021-04-08,61.94,62.38,61.61,62.09,374048.01
2021-04-09,62.08,62.09,60.79,60.93,688011.27
2021-04-12,60.93,61.2,60.51,60.93,453366.02
2021-04-13,61.18,61.46,60.18,60.46,552503.1
2021-04-14,60.8,61.19,60.65,60.93,380789.54
2021-04-15,60.14,60.33,59.37,59.87,793582.44
2021-04-16,59.85,59.92,59.23,59.78,551742.64
2021-04-19,59.58,60.17,59.23,60.16,653675.96
2021-04-20,60.06,60.14,59.61,60.02,492484.67
2021-04-21,59.71,59.91,59.45,59.72,417548.51
2021-04-22,60.25,60.27,59.51,59.82,560653.63
2021-04-23,59.82,60.8,59.43,59.73,867845.14
2021-04-26,59.54,59.55,58.53,58.63,1061929.5
2021-04-27,58.5,59.09,57.94,58.94,759692.68
2021-04-28,58.72,58.81,58.23,58.57,570627.42
2021-04-29,58.57,59.49,58.37,59.38,544416.16
2021-04-30,59.51,59.51,58.21,58.32,524630.43
2021-05-06,57.27,57.76,56.6,56.73,920094.92
2021-05-07,56.91,57.18,56.32,56.39,561461.88
2021-05-10,56.45,56.7,55.91,56.33,524569.56
2021-05-11,56.19,56.73,55.8,56.53,509532.34
2021-05-12,56.31,56.73,56.03,56.25,409956.88
2021-05-13,55.9,56.17,55.41,55.62,506448.37
2021-05-14,55.82,57.26,55.54,57.26,818771.85
2021-05-17,56.63,56.97,56.31,56.61,633003.66
2021-05-18,56.85,57.43,56.67,57.03,418073.41
2021-05-19,56.87,56.87,56.22,56.28,465849.51
2021-05-20,56.31,57.09,56.0,56.89,422472.09
2021-05-21,57.11,57.42,56.32,56.35,413836.46
2021-05-24,56.31,56.61,56.03,56.26,350921.99
2021-05-25,56.38,58.51,56.07,58.29,1213831.84
2021-05-26,58.79,58.91,58.06,58.22,712395.61
2021-05-27,58.21,58.83,57.76,58.64,581008.23
2021-05-28,58.56,59.12,58.32,58.7,510113.35
2021-05-31,58.44,58.56,57.49,57.76,624834.34
2021-06-01,57.67,57.67,57.03,57.22,593726.58
2021-06-02,57.42,57.43,56.56,57.01,481098.29
2021-06-03,57.03,57.51,56.71,56.85,409515.84
2021-06-04,56.63,57.58,56.58,56.99,514867.86
2021-06-07,56.79,56.85,56.36,56.53,386739.41
2021-06-08,56.52,57.06,56.27,56.64,407016.81
2021-06-09,56.55,57.07,56.47,56.55,401958.12
2021-06-10,56.52,56.94,56.31,56.32,524611.3
2021-06-11,56.32,56.45,55.71,55.82,630323.64
2021-06-15,55.51,55.55,53.85,53.95,1077556.87
2021-06-16,53.9,54.5,53.74,53.89,527269.75
2021-06-17,53.9,54.05,53.11,53.29,548040.38
2021-06-18,53.09,53.09,52.29,52.37,857072.2
2021-06-21,51.88,52.0,51.29,51.61,810853.63
2021-06-22,51.88,52.53,51.62,52.07,620127.04
2021-06-23,52.08,53.07,52.07,52.95,586873.35
2021-06-24,52.96,53.4,52.67,53.06,417899.71
2021-06-25,53.11,53.72,52.86,53.64,535653.58
2021-06-28,53.64,53.64,52.45,52.77,510134.04
2021-06-29,52.57,52.61,51.72,51.79,549668.04
2021-06-30,51.64,52.08,51.32,51.71,476368.9
2021-07-01,51.69,52.42,51.14,52.09,692617.35
2021-07-02,51.51,51.54,49.95,50.11,1028081.62
2021-07-05,49.86,50.1,49.17,49.8,750646.75
2021-07-06,50.21,50.79,49.75,50.6,685812.85
2021-07-07,50.43,51.01,49.94,50.17,523167.54
2021-07-08,50.17,50.17,48.68,48.89,837558.51
2021-07-09,48.65,49.19,48.11,48.34,707615.85
2021-07-12,48.51,48.65,47.72,47.78,818989.22
2021-07-13,47.78,48.17,47.5,48.02,513337.45
2021-07-14,47.98,47.98,46.48,46.58,1065618.35
2021-07-15,46.89,48.42,46.65,48.25,1085885.85
2021-07-16,48.01,48.5,47.36,48.02,578204.03
2021-07-19,48.17,48.17,46.69,47.74,666500.56
2021-07-20,47.29,47.62,46.76,47.02,449310.31
2021-07-21,46.78,47.33,46.57,46.72,587044.44
2021-07-22,46.53,47.52,46.26,47.09,636613.81
2021-07-23,47.06,47.27,46.35,46.37,593255.14
2021-07-26,45.92,45.92,43.7,43.84,1174864.67
2021-07-27,43.84,43.98,42.12,42.37,939010.74
2021-07-28,42.39,43.11,42.24,42.72,838365.67
2021-07-29,43.16,43.18,42.43,42.83,768004.42
2021-07-30,42.74,43.56,42.31,43.17,650888.42
2021-08-02,43.03,44.23,42.22,43.45,971610.64
2021-08-03,43.34,43.77,43.1,43.63,658202.68
2021-08-04,43.68,43.68,42.9,43.12,646659.51
2021-08-05,43.04,44.64,42.91,43.6,843220.88
2021-08-06,42.99,43.31,42.67,43.17,502410.86
2021-08-09,42.79,44.93,42.71,44.34,918821.27
2021-08-10,44.12,44.96,43.58,44.83,763656.42
2021-08-11,44.83,45.68,44.6,44.89,822020.18
2021-08-12,44.83,44.96,43.95,44.03,573069.68
2021-08-13,43.66,44.22,43.44,43.69,484718.05
2021-08-16,43.44,44.48,43.36,44.19,460095.51
2021-08-17,43.99,44.8,43.58,43.61,690262.07
2021-08-18,43.45,45.13,43.25,45.08,963665.6
2021-08-19,44.72,44.85,43.16,43.2,1148606.03
2021-08-20,42.72,43.16,42.48,42.64,675606.55
2021-08-23,42.64,43.0,42.31,42.39,594911.85
2021-08-24,42.07,42.42,41.34,41.67,946596.63
2021-08-25,41.76,42.01,41.39,41.49,610595.54
2021-08-26,41.43,41.43,40.45,40.46,886813.94
2021-08-27,41.06,42.09,41.06,41.83,1017818.72
2021-08-30,41.83,41.83,40.5,40.79,959487.17
2021-08-31,40.38,40.6,39.32,40.14,1586783.25
2021-09-01,40.04,41.87,39.91,41.42,1631600.36
2021-09-02,41.03,41.62,40.76,41.47,878585.67
2021-09-03,41.47,42.24,40.78,41.6,902603.47
2021-09-06,41.58,41.95,41.17,41.49,883019.5
2021-09-07,41.52,42.26,41.09,42.1,947374.41
2021-09-08,41.83,42.34,41.57,41.79,843991.93
2021-09-09,41.35,41.6,41.03,41.52,734907.75
2021-09-10,41.31,42.23,41.25,41.6,845490.97
2021-09-13,41.41,41.5,41.07,41.12,669800.0
2021-09-14,41.38,41.49,40.07,40.11,1082661.66
2021-09-15,39.82,40.12,39.66,39.79,645423.18
2021-09-16,39.67,40.2,39.58,39.83,591155.97
2021-09-17,39.74,40.04,38.79,39.16,927214.42
2021-09-22,38.21,38.68,38.05,38.43,723930.1
2021-09-23,39.01,39.7,38.62,38.79,758044.82
2021-09-24,38.8,39.32,38.53,38.68,843583.59
2021-09-27,38.53,39.61,38.47,39.42,990080.99
2021-09-28,39.41,39.92,39.03,39.62,779506.96
2021-09-29,39.23,39.85,39.03,39.57,631295.33
2021-09-30,39.66,39.66,38.8,38.9,680070.25
2021-10-08,40.62,41.91,40.31,41.91,2180028.23
2021-10-11,41.91,42.95,41.78,42.42,1504499.54
2021-10-12,41.87,42.66,41.57,42.04,944655.72
2021-10-13,41.91,41.98,40.94,41.63,649889.16
2021-10-14,41.59,41.83,41.18,41.35,427006.0
2021-10-15,41.13,41.49,40.72,40.93,733016.99
2021-10-18,41.09,41.22,39.96,40.11,771971.37
2021-10-19,40.1,41.71,39.98,41.39,847527.05
2021-10-20,41.59,41.86,40.86,41.32,668238.96
2021-10-21,41.47,44.15,41.43,43.66,2110058.33
2021-10-22,43.98,44.12,43.12,43.67,1026330.32
2021-10-25,43.49,43.63,42.88,43.5,754446.93
2021-10-26,43.5,44.13,42.59,42.65,748825.14
2021-10-27,42.48,43.04,42.13,42.22,589052.49
2021-10-28,41.47,42.03,40.91,41.94,850619.04
2021-10-29,41.54,41.88,40.25,40.52,1466626.6
2021-11-01,40.06,41.24,39.85,40.97,628761.01
2021-11-02,41.05,41.42,40.24,40.88,782724.61
2021-11-03,40.87,41.49,40.75,40.91,476762.9
2021-11-04,40.79,40.99,40.49,40.63,532052.67
2021-11-05,40.63,41.15,40.54,40.82,416654.67
2021-11-08,40.78,41.45,40.36,41.2,531724.48
2021-11-09,41.27,41.55,40.55,40.62,640510.7
2021-11-10,40.47,40.51,39.51,40.16,816048.56
2021-11-11,40.15,41.82,40.06,41.81,1110858.45
2021-11-12,41.8,41.8,41.0,41.37,585958.61
2021-11-15,41.57,41.85,41.06,41.36,442091.13
2021-11-16,41.36,41.64,40.87,41.17,477438.13
2021-11-17,40.87,41.31,40.78,40.91,351531.71
2021-11-18,40.79,40.8,40.47,40.47,423324.67
2021-11-19,40.38,40.96,40.26,40.84,428290.07
2021-11-22,40.75,40.82,40.51,40.64,340051.23
2021-11-23,40.61,41.01,40.46,40.56,402240.98
2021-11-24,40.56,40.87,40.34,40.67,361961.46
2021-11-25,40.68,40.68,40.35,40.38,407411.47
2021-11-26,40.25,40.27,39.82,39.83,589023.48
2021-11-29,39.64,39.93,39.5,39.78,404272.98
2021-11-30,39.66,39.92,39.38,39.42,466947.34
2021-12-01,39.46,40.04,39.46,39.95,422136.72
2021-12-02,39.74,40.17,39.58,39.96,383300.5
2021-12-03,40.04,40.26,39.63,40.05,427489.1
2021-12-06,40.14,40.67,40.14,40.18,610369.02
2021-12-07,40.47,41.28,40.23,41.19,1011501.86
2021-12-08,41.19,41.2,40.79,41.15,653544.34
2021-12-09,41.17,42.37,40.98,41.94,1249296.14
2021-12-10,41.69,42.09,41.61,41.87,737706.61
2021-12-13,42.23,42.92,41.79,41.81,918581.48
2021-12-14,41.61,41.98,41.45,41.57,587334.11
2021-12-15,41.52,41.76,41.31,41.45,363832.53
2021-12-16,41.52,41.93,41.28,41.85,514365.92
2021-12-17,41.71,42.02,41.18,41.32,539670.33
2021-12-20,41.07,41.57,41.04,41.1,428441.82
2021-12-21,41.11,41.81,41.1,41.56,393978.78
2021-12-22,41.63,41.69,40.98,41.02,425404.66
2021-12-23,41.03,41.2,40.67,41.05,404978.88
2021-12-24,41.03,41.04,40.65,40.73,312935.17
2021-12-27,40.84,41.04,40.77,40.86,274701.06
2021-12-28,41.12,41.8,40.96,41.59,617358.56
2021-12-29,41.77,41.82,41.3,41.54,376469.06
2021-12-30,41.61,41.68,41.21,41.21,427879.89
2021-12-31,41.23,41.57,41.0,41.21,358000.24
2022-01-04,41.2,41.74,40.96,41.69,635837.63
2022-01-05,41.78,42.84,41.67,42.57,1181246.69
2022-01-06,42.5,42.53,41.87,41.94,661658.25
2022-01-07,42.09,43.6,42.06,43.28,1230759.74
2022-01-10,43.32,43.78,42.92,43.39,761134.42
2022-01-11,43.47,43.93,42.95,43.21,680920.28
2022-01-12,43.0,43.17,42.39,42.92,572922.74
2022-01-13,42.96,43.88,42.75,42.75,728663.29
2022-01-14,42.8,42.92,41.74,41.77,779396.76
2022-01-17,41.78,42.04,41.49,41.64,460567.24
2022-01-18,41.64,42.17,41.36,41.88,636979.91
2022-01-19,41.94,42.38,41.78,42.06,483315.72
2022-01-20,42.1,43.75,42.06,43.65,1448359.41
2022-01-21,43.74,43.98,43.33,43.78,1041895.34
2022-01-24,43.76,43.76,42.94,43.43,542640.76
2022-01-25,43.0,43.24,41.77,41.85,776662.1
2022-01-26,42.25,42.66,41.87,42.37,483274.88
2022-01-27,42.1,42.1,41.5,41.52,586502.21
2022-01-28,41.71,41.98,40.71,40.85,729355.39
2022-02-07,41.97,42.89,41.45,42.49,940416.5
2022-02-08,42.31,43.35,42.28,43.33,866115.69
2022-02-09,43.52,44.14,43.23,43.36,880434.53
2022-02-10,43.47,44.29,43.16,44.29,962787.16
2022-02-11,44.43,45.97,44.21,45.44,1583776.87
2022-02-14,44.97,45.21,43.88,44.06,944654.13
2022-02-15,43.78,44.06,43.25,43.56,635405.72
2022-02-16,43.74,44.29,43.56,44.01,523209.87
2022-02-17,44.23,44.66,43.62,43.86,504904.47
2022-02-18,43.82,44.63,43.69,44.55,484226.11
2022-02-21,44.23,44.35,43.74,44.27,387928.45
2022-02-22,43.75,43.82,43.09,43.38,577499.29
2022-02-23,43.41,43.57,43.07,43.24,463601.66
2022-02-24,42.63,42.71,41.77,42.07,975396.02
2022-02-25,42.26,42.56,41.86,42.02,544416.39
2022-02-28,41.77,41.77,41.08,41.5,731883.26
2022-03-01,41.7,42.02,41.34,42.01,568035.79
2022-03-02,41.61,41.88,41.45,41.5,436922.56
2022-03-03,41.53,41.85,41.45,41.63,352675.71
2022-03-04,41.26,41.27,40.84,40.96,700864.71
2022-03-07,40.56,40.56,39.78,39.96,784596.73
2022-03-08,39.83,40.11,38.67,38.81,834402.96
2022-03-09,38.92,39.18,37.2,38.36,825544.95
2022-03-10,39.2,39.27,38.31,38.35,587752.8
2022-03-11,37.6,38.75,37.36,38.54,667078.23
2022-03-14,37.6,38.07,37.42,37.45,592578.48
2022-03-15,36.83,36.95,34.78,34.87,1269378.79
2022-03-16,35.39,36.5,34.6,36.21,1009694.26
2022-03-17,37.2,37.77,36.58,37.2,1095721.99
2022-03-18,36.83,39.55,36.72,39.18,1552323.41
2022-03-21,39.05,39.05,38.12,38.45,949518.66
2022-03-22,38.01,39.12,37.97,39.08,742111.55
2022-03-23,38.88,39.37,38.54,39.16,577029.18
2022-03-24,38.85,39.83,38.75,39.44,610757.14
2022-03-25,39.25,39.88,38.9,38.94,559938.03
2022-03-28,38.75,39.34,38.36,39.12,393686.26
2022-03-29,39.2,39.4,38.54,38.59,322356.84
2022-03-30,38.87,39.92,38.79,39.81,575427.13
2022-03-31,39.57,40.26,39.48,39.61,423497.81
2022-04-01,39.48,40.15,39.33,40.02,473676.67
2022-04-06,40.1,40.81,40.06,40.5,640052.75
2022-04-07,40.22,40.48,39.48,39.63,501129.92
2022-04-08,39.53,40.26,39.53,40.25,434731.84
2022-04-11,39.98,40.04,38.85,38.93,506404.96
2022-04-12,39.12,39.96,38.81,39.62,467395.55
2022-04-13,39.44,39.55,38.98,39.09,317751.37
2022-04-14,39.54,39.66,39.16,39.39,358848.91
2022-04-15,39.24,39.84,39.16,39.48,314115.11
2022-04-18,39.23,39.23,38.28,38.42,405375.21
2022-04-19,38.46,38.64,37.71,37.96,369543.0
2022-04-20,38.14,38.25,37.47,37.53,380609.88
2022-04-21,37.51,38.57,37.45,37.78,549043.56
2022-04-22,37.61,38.4,37.53,37.98,397325.77
2022-04-25,36.79,37.75,36.54,36.66,673920.37
2022-04-26,36.66,36.93,35.57,35.63,638923.64
2022-04-27,35.49,36.13,35.3,35.9,531083.52
2022-04-28,35.8,35.9,35.28,35.69,525999.39
2022-04-29,35.81,36.88,35.64,36.43,516386.36
2022-05-05,36.61,37.26,36.58,36.8,428781.54
2022-05-06,36.34,36.77,35.97,36.02,372314.82
2022-05-09,36.03,36.3,35.86,36.26,256119.5
2022-05-10,35.85,36.52,35.72,36.35,404693.05
2022-05-11,36.33,36.79,36.14,36.57,607284.82
2022-05-12,36.26,36.44,35.85,35.97,427738.36
2022-05-13,36.12,36.38,35.63,35.94,412334.83
2022-05-16,36.09,36.14,35.3,35.45,468862.81
2022-05-17,35.56,35.87,35.37,35.82,401372.98
2022-05-18,35.96,36.05,35.45,35.67,352341.71
2022-05-19,35.23,35.51,35.18,35.39,282816.29
2022-05-20,35.48,36.26,35.48,36.22,549751.15
2022-05-23,36.09,36.19,35.72,35.88,359098.22
2022-05-24,35.81,36.06,35.24,35.27,393424.26
2022-05-25,35.18,35.56,35.17,35.34,263748.91
2022-05-26,35.41,35.6,35.11,35.27,400992.22
2022-05-27,35.49,35.85,35.48,35.58,387900.63
2022-05-30,35.91,36.26,35.74,36.09,522174.89
2022-05-31,36.16,36.61,35.97,36.13,540652.61
2022-06-01,36.17,36.42,35.9,36.11,328520.73
2022-06-02,35.81,35.99,35.6,35.97,340828.91
2022-06-06,35.96,36.19,35.42,36.18,543267.45
2022-06-07,36.18,36.28,35.93,36.09,431574.6
2022-06-08,36.17,36.55,36.02,36.45,529562.01
2022-06-09,36.54,36.81,36.35,36.48,532430.46
2022-06-10,36.26,36.79,36.03,36.74,565319.53
2022-06-13,36.38,36.46,35.99,36.08,537121.24
2022-06-14,35.89,36.99,35.81,36.97,628957.92
2022-06-15,36.79,39.7,36.71,38.95,1985892.28
2022-06-16,38.73,38.83,38.01,38.01,844931.03
2022-06-17,37.91,38.63,37.81,38.45,566703.96
2022-06-20,38.6,38.71,38.03,38.29,570614.89
2022-06-21,38.56,39.49,38.37,38.94,684569.32
2022-06-22,39.0,39.1,38.33,38.33,436906.89
2022-06-23,38.52,39.26,38.52,39.05,494265.23
2022-06-24,39.2,39.55,39.02,39.48,536723.89
2022-06-27,39.55,39.76,39.26,39.51,449858.21
2022-06-28,39.53,39.84,39.13,39.59,351706.89
2022-06-29,39.59,40.05,39.32,39.5,412772.46
2022-06-30,39.51,39.85,39.22,39.42,391852.66
2022-07-01,39.43,39.66,38.94,39.1,357568.42
2022-07-04,39.0,39.26,38.67,39.22,407129.6
2022-07-05,39.24,40.14,39.16,39.35,452568.5
2022-07-06,39.36,39.37,38.62,38.71,389560.93
2022-07-07,38.54,38.95,38.49,38.5,293722.1
2022-07-08,38.76,39.16,38.56,38.68,292283.42
2022-07-11,38.51,38.64,38.18,38.31,281135.11
2022-07-12,38.31,38.62,38.09,38.42,254055.48
2022-07-13,38.34,38.52,37.99,38.06,296588.29
2022-07-14,37.91,38.02,36.66,36.81,903044.14
2022-07-15,36.82,37.22,36.05,36.06,694041.57
2022-07-18,36.09,36.88,36.07,36.68,355244.25
2022-07-19,36.66,36.95,36.22,36.64,356106.07
2022-07-20,36.96,37.0,36.61,36.64,249565.69
2022-07-21,36.5,36.51,36.01,36.08,405567.7
2022-07-22,36.13,36.61,36.12,36.34,294355.98
2022-07-25,36.3,36.4,36.07,36.23,225135.04
2022-07-26,36.26,36.55,36.23,36.47,228474.47
2022-07-27,36.35,36.45,36.05,36.12,296398.69
2022-07-28,36.22,36.51,36.06,36.07,348749.52
2022-07-29,36.12,36.43,35.54,35.56,460703.87
2022-08-01,35.55,35.56,35.25,35.32,306550.94
2022-08-02,35.06,35.08,34.22,34.76,604008.23
2022-08-03,34.73,34.95,34.39,34.47,407851.71
2022-08-04,34.71,34.87,34.53,34.68,251163.35
2022-08-05,34.86,35.19,34.6,35.07,296710.19
2022-08-08,34.87,35.07,34.61,34.77,301594.03
2022-08-09,34.76,34.79,34.55,34.58,251397.03
2022-08-10,34.58,34.68,34.07,34.11,460088.81
2022-08-11,34.27,35.19,34.12,35.0,610701.38
2022-08-12,34.83,35.25,34.73,35.13,359933.37
2022-08-15,34.98,35.25,34.72,34.73,332769.42
2022-08-16,34.9,35.01,34.53,34.6,277390.45
2022-08-17,34.66,35.02,34.38,34.86,375721.82
2022-08-18,34.74,34.77,34.41,34.45,294079.58
2022-08-19,34.36,34.83,34.29,34.59,324628.74
2022-08-22,34.49,34.94,34.44,34.74,339719.01
2022-08-23,34.63,34.74,34.34,34.38,331480.18
2022-08-24,34.91,35.83,34.91,35.13,1157329.82
2022-08-25,35.33,36.5,35.19,36.39,1105725.86
2022-08-26,36.39,36.57,35.9,36.4,726726.4
2022-08-29,36.13,36.49,35.87,36.36,449893.03
2022-08-30,36.28,36.55,35.89,36.21,388929.28
2022-08-31,36.06,37.37,36.01,37.01,842238.03
2022-09-01,36.81,37.26,36.65,36.85,455213.24
2022-09-02,37.05,37.38,36.52,36.89,449144.85
2022-09-05,36.72,37.06,36.32,36.98,417490.75
2022-09-06,37.06,37.53,36.74,37.06,449771.65
2022-09-07,36.81,36.99,36.44,36.81,376410.74
2022-09-08,37.01,37.36,36.86,37.01,321298.3
2022-09-09,37.14,37.8,37.02,37.73,577866.68
2022-09-13,37.72,38.3,37.44,38.04,529663.19
2022-09-14,37.59,38.14,37.58,37.69,355083.65
2022-09-15,37.71,38.5,37.7,38.07,594442.23
2022-09-16,37.84,37.96,37.04,37.09,624920.37
2022-09-19,37.08,37.55,36.77,37.09,405383.05
2022-09-20,37.27,37.31,36.4,36.5,357649.51
2022-09-21,36.39,36.69,36.22,36.43,303536.72
2022-09-22,35.96,36.16,35.8,35.86,376229.72
2022-09-23,35.8,36.67,35.8,36.32,375325.65
2022-09-26,36.08,36.57,35.81,35.87,307123.91
2022-09-27,35.82,36.08,35.69,35.83,312291.42
2022-09-28,35.63,35.88,35.33,35.36,422043.72
2022-09-29,35.65,35.74,34.74,34.88,426558.27
2022-09-30,34.91,35.44,34.91,35.1,331619.4
2022-10-10,35.1,35.61,34.93,34.98,413876.47
2022-10-11,35.18,35.35,34.71,34.78,269317.32
2022-10-12,34.79,35.46,34.44,35.39,362473.3
2022-10-13,35.29,35.37,34.78,34.92,383846.2
2022-10-14,35.25,35.74,35.14,35.41,434417.14
2022-10-17,35.21,35.58,35.09,35.54,341425.18
2022-10-18,35.8,35.83,35.18,35.25,416356.8
2022-10-19,35.16,35.44,34.83,34.84,364361.26
2022-10-20,34.88,34.95,34.44,34.54,450214.18
2022-10-21,34.62,34.75,34.1,34.23,457377.48
2022-10-24,34.24,34.47,32.47,32.54,951251.83
2022-10-25,32.44,33.13,32.08,32.56,553548.91
2022-10-26,32.41,32.93,32.38,32.52,498395.19
2022-10-27,32.55,32.88,32.42,32.51,457497.26
2022-10-28,32.38,32.54,31.71,31.71,507691.59
2022-10-31,31.41,31.66,30.99,31.21,562033.54
2022-11-01,31.47,32.35,31.4,32.34,565664.88
2022-11-02,32.19,32.46,32.05,32.29,450384.9
2022-11-03,32.1,32.2,31.68,31.88,349334.63
2022-11-04,31.88,33.36,31.86,33.07,692054.74
2022-11-07,32.8,33.82,32.73,33.49,574809.7
2022-11-08,33.49,33.67,33.13,33.4,370482.71
2022-11-09,33.49,33.57,33.05,33.12,267686.75
2022-11-10,32.8,33.41,32.61,33.2,323175.34
2022-11-11,34.05,35.37,33.94,34.82,1046675.58
2022-11-14,35.96,36.36,35.57,35.91,1216680.38
2022-11-15,35.81,37.08,35.66,36.68,934424.02
2022-11-16,36.79,36.96,36.49,36.52,596527.91
2022-11-17,36.51,36.9,36.21,36.74,503980.25
2022-11-18,36.84,36.96,36.31,36.39,392464.32
2022-11-21,36.04,36.04,35.1,35.57,511185.3
2022-11-22,35.57,36.58,35.39,36.23,471813.59
2022-11-23,36.27,36.64,36.05,36.06,449620.46
2022-11-24,36.44,36.58,35.97,36.08,249076.46
2022-11-25,36.07,37.08,36.04,36.9,597959.84
2022-11-28,35.94,36.12,35.38,35.75,510315.27
2022-11-29,36.53,38.76,36.53,38.66,1753204.8
2022-11-30,38.69,39.86,38.5,38.8,1165015.86
2022-12-01,39.69,39.96,38.57,38.7,859326.5
2022-12-02,38.69,38.85,37.98,38.52,607787.15
2022-12-05,39.32,40.84,39.15,40.81,1380435.95
2022-12-06,40.81,41.16,40.35,40.95,878273.08
2022-12-07,40.95,40.99,40.03,40.31,831454.78
2022-12-08,40.04,40.75,39.97,40.7,448364.06
2022-12-09,40.63,41.33,40.31,41.09,709578.85
2022-12-12,40.75,40.81,39.78,39.86,656470.53
2022-12-13,40.11,40.65,39.97,40.31,423663.16
2022-12-14,40.64,40.67,39.83,40.48,346973.18
2022-12-15,40.4,40.65,39.54,40.08,404020.95
2022-12-16,39.8,40.58,39.77,40.49,421347.62
2022-12-19,40.49,40.81,39.23,39.51,505896.49
2022-12-20,39.33,39.61,38.48,38.79,495245.16
2022-12-21,38.93,39.36,38.79,39.07,297895.68
2022-12-22,39.71,39.87,39.41,39.61,353461.87
2022-12-23,39.3,39.72,39.12,39.4,306472.49
2022-12-26,39.4,39.61,38.55,38.55,403281.81
2022-12-27,39.08,39.67,38.87,39.35,347793.27
2022-12-28,39.22,40.1,39.11,39.95,456266.96
2022-12-29,39.67,39.72,38.94,39.55,469576.2
2022-12-30,39.71,40.75,39.71,40.57,553005.4
2023-01-03,40.22,40.8,39.76,40.7,602304.43
2023-01-04,40.83,41.98,40.83,41.89,869496.1
2023-01-05,42.47,42.73,41.87,42.24,737048.09
2023-01-06,42.73,43.02,42.34,42.94,780345.81
2023-01-09,43.16,43.98,42.9,43.95,881857.43
2023-01-10,43.94,43.95,42.42,42.48,837948.65
2023-01-11,42.73,44.03,42.68,43.77,966894.97
2023-01-12,43.94,44.12,43.53,43.95,600255.74
2023-01-13,44.2,45.19,44.07,45.19,896257.47
2023-01-16,45.34,46.17,44.45,44.97,1229794.4
2023-01-17,44.85,44.95,44.03,44.46,698872.53
2023-01-18,44.46,44.78,44.16,44.5,419602.96
2023-01-19,44.37,44.78,44.16,44.73,510460.54
2023-01-20,44.98,45.1,44.46,44.98,497069.34
2023-01-30,46.26,46.27,44.44,44.44,857578.85
2023-01-31,44.68,45.13,43.9,44.01,612418.27
2023-02-01,44.5,44.67,43.52,44.33,565301.05
2023-02-02,44.54,44.54,43.51,43.88,636217.34
2023-02-03,43.59,43.64,42.21,42.82,927310.26
2023-02-06,42.13,42.18,41.19,41.57,921595.25
2023-02-07,41.87,42.16,41.61,42.04,444363.3
2023-02-08,42.08,42.46,41.76,41.87,347189.61
2023-02-09,41.87,42.77,41.77,42.58,564906.88
2023-02-10,42.7,42.77,42.31,42.56,309172.92
2023-02-13,42.46,42.56,41.69,42.52,457972.64
2023-02-14,42.56,43.08,42.45,43.08,370401.7
2023-02-15,43.02,43.07,42.05,42.2,461026.67
2023-02-16,42.37,43.21,42.3,42.47,576891.31
2023-02-17,42.47,43.02,42.05,42.13,417519.01
2023-02-20,42.17,43.15,42.08,43.12,664284.95
2023-02-21,43.04,43.27,42.69,43.17,426659.9
2023-02-22,42.73,43.13,42.39,42.45,446046.15
2023-02-23,42.3,42.9,42.14,42.28,385253.59
2023-02-24,42.2,42.31,41.53,41.61,446547.99
2023-02-27,41.44,41.77,41.25,41.26,467917.11
2023-02-28,41.44,41.68,41.01,41.61,380417.1
2023-03-01,41.45,43.16,41.44,43.15,724323.11
2023-03-02,43.14,43.56,42.92,43.34,380888.55
2023-03-03,43.58,43.73,43.03,43.4,284133.25
2023-03-06,43.16,43.31,41.82,41.94,773237.21
2023-03-07,41.91,42.47,41.22,41.36,587302.33
2023-03-08,41.05,41.1,40.56,40.77,527416.84
2023-03-09,40.9,40.9,40.12,40.26,518324.9
2023-03-10,39.76,40.27,39.71,39.71,457092.02
2023-03-13,39.71,40.39,39.63,40.14,399482.8
2023-03-14,39.9,39.9,39.18,39.24,490732.63
2023-03-15,39.74,40.28,39.52,39.67,443643.2
2023-03-16,38.76,39.56,38.63,39.04,789609.22
2023-03-17,39.55,40.54,39.55,39.88,950190.92
2023-03-20,39.71,40.21,39.33,39.35,719244.35
2023-03-21,39.61,40.05,39.52,39.72,446658.95
2023-03-22,39.93,40.37,39.9,40.14,552251.17
2023-03-23,39.97,40.48,39.97,40.47,554273.58
2023-03-24,40.4,40.4,39.76,39.88,437693.82
2023-03-27,39.93,39.99,39.28,39.7,362172.67
2023-03-28,39.79,40.04,39.43,39.61,283324.34
2023-03-29,39.99,40.21,39.19,39.21,409020.05
2023-03-30,39.29,39.45,38.79,39.26,450030.47
2023-03-31,39.36,39.97,39.17,39.36,524539.93
2023-04-03,39.32,39.62,39.1,39.43,451214.53
2023-04-04,39.42,39.59,39.04,39.34,473486.4
2023-04-06,39.32,39.32,38.87,38.92,361627.06
2023-04-07,39.1,39.52,38.98,39.39,326336.3
2023-04-10,39.48,39.94,39.28,39.76,527369.29
2023-04-11,39.73,39.97,39.39,39.42,543094.02
2023-04-12,39.54,39.78,39.23,39.36,460937.97
2023-04-13,39.11,39.17,38.68,38.95,569479.36
2023-04-14,39.15,39.68,39.02,39.27,428919.17
2023-04-17,39.13,40.99,38.86,40.99,1036161.33
2023-04-18,40.75,42.37,40.69,41.97,1310275.22
2023-04-19,41.91,42.21,41.67,41.78,497164.61
2023-04-20,41.79,42.26,41.54,42.12,476734.29
2023-04-21,41.95,42.03,40.25,40.35,811975.65
2023-04-24,40.47,41.22,39.88,40.05,587482.16
2023-04-25,40.18,40.64,39.61,39.79,617583.22
2023-04-26,39.59,39.93,39.42,39.53,505147.02
2023-04-27,40.56,43.48,40.41,43.48,2570644.56
2023-04-28,43.69,45.45,43.4,44.72,2149502.48
2023-05-04,43.83,46.92,43.67,46.36,1837640.85
2023-05-05,46.62,47.48,45.96,46.47,1264107.12
2023-05-08,46.61,47.55,46.19,47.41,1504053.84
2023-05-09,47.41,48.34,46.07,46.17,1461587.07
2023-05-10,46.17,46.49,44.98,45.16,1055610.49
2023-05-11,45.67,46.16,45.03,45.19,593883.96
2023-05-12,45.17,45.32,44.17,44.26,626681.47
2023-05-15,44.27,46.5,43.84,46.37,1113753.55
2023-05-16,46.33,46.46,45.58,45.93,644968.6
2023-05-17,45.57,45.62,44.53,44.81,642552.3
2023-05-18,44.72,45.62,44.48,44.73,555166.36
2023-05-19,44.21,44.63,43.85,44.06,554236.41
2023-05-22,44.03,44.76,43.85,44.39,498812.34
2023-05-23,44.37,44.6,43.08,43.08,685386.45
2023-05-24,43.04,43.08,41.78,41.84,713133.56
2023-05-25,41.76,42.08,41.35,41.78,525528.92
2023-05-26,41.77,42.2,41.27,41.82,403365.73
2023-05-29,41.98,42.08,41.26,41.47,484343.79
2023-05-30,41.48,41.72,40.94,41.43,570290.59
2023-05-31,41.18,41.25,40.57,40.57,610689.32
2023-06-01,40.61,41.37,40.48,40.96,518074.3
2023-06-02,41.33,42.47,41.28,42.38,832840.4
2023-06-05,42.09,42.23,41.63,41.87,466455.9
2023-06-06,41.72,43.1,41.65,42.09,644501.97
2023-06-07,42.64,42.89,42.09,42.3,425436.24
2023-06-08,42.22,43.12,42.02,42.87,572283.83
2023-06-09,42.87,43.11,42.65,42.71,428043.18
2023-06-12,42.69,43.1,42.2,42.79,476457.27
2023-06-13,42.71,42.9,42.08,42.84,440028.91
2023-06-14,43.21,43.51,42.59,42.75,553664.11
2023-06-15,42.97,43.68,42.59,43.08,473439.8
2023-06-16,43.32,43.45,42.79,43.24,534142.23
2023-06-19,43.11,43.13,42.11,42.26,642163.67
2023-06-20,42.26,42.48,41.63,41.71,615333.24
2023-06-21,41.47,42.03,41.35,41.49,381030.52
2023-06-26,41.19,41.25,40.66,40.86,485350.23
2023-06-27,40.85,41.48,40.7,41.19,480932.73
2023-06-28,41.06,41.41,40.86,41.4,356069.61
2023-06-29,41.41,41.63,41.04,41.19,265735.48
2023-06-30,41.1,41.7,41.09,41.28,326971.04
2023-07-03,41.31,43.01,41.26,42.86,697780.59
2023-07-04,42.87,42.91,42.43,42.66,297440.73
2023-07-05,42.6,42.69,42.06,42.12,264061.25
2023-07-06,41.84,42.84,41.83,42.08,402580.4
2023-07-07,41.81,42.43,41.79,42.0,364421.03
2023-07-10,42.37,42.43,41.38,41.47,368164.33
2023-07-11,41.63,42.19,41.63,41.99,268886.44
2023-07-12,41.99,42.66,41.88,42.07,354393.45
2023-07-13,42.45,43.37,42.39,43.25,648768.26
2023-07-14,43.61,43.67,43.07,43.27,366358.43
2023-07-17,43.03,43.1,42.59,42.75,304706.67
2023-07-18,42.95,42.96,42.22,42.35,283182.72
2023-07-19,42.08,42.58,42.08,42.5,321115.79
2023-07-20,42.61,42.88,42.1,42.19,301377.54
2023-07-21,42.09,42.48,41.63,41.79,446791.42
2023-07-24,41.63,41.8,41.37,41.47,315980.04
2023-07-25,42.43,44.2,42.43,44.08,1413279.02
2023-07-26,43.75,44.16,43.57,44.0,515440.65
2023-07-27,44.12,45.0,43.96,44.37,703734.93
2023-07-28,44.04,46.58,43.96,46.2,1277908.46
2023-07-31,47.13,47.75,46.53,46.79,1274854.66
2023-08-01,46.71,47.15,45.76,46.03,670613.72
2023-08-02,45.9,46.76,45.31,45.74,608798.17
2023-08-03,45.74,46.79,45.47,46.62,654944.21
2023-08-04,47.35,47.91,46.17,46.17,1051652.84
2023-08-07,45.71,46.06,45.55,45.99,436896.13
2023-08-08,45.79,45.98,44.89,45.6,523263.42
2023-08-09,45.44,45.89,45.33,45.6,372852.64
2023-08-10,45.42,45.79,45.26,45.69,299263.22
2023-08-11,45.64,45.74,43.9,43.92,748920.93
2023-08-14,42.97,43.43,42.95,43.17,604721.46
2023-08-15,43.16,43.66,42.72,43.31,521836.84
2023-08-16,42.99,43.54,42.82,43.01,476603.76
2023-08-17,42.71,42.86,42.11,42.62,598273.68
2023-08-18,42.61,43.59,42.27,42.27,636662.55
2023-08-21,42.17,42.25,41.52,41.52,628080.9
2023-08-22,41.72,42.08,41.34,41.81,518495.48
2023-08-23,41.56,41.9,41.27,41.33,476239.49
2023-08-24,41.39,41.82,41.09,41.37,418637.2
2023-08-25,41.2,42.15,41.14,41.82,417635.49
2023-08-28,44.93,44.95,42.51,42.8,1090108.19
2023-08-29,42.74,43.56,42.6,43.2,573806.14
2023-08-30,43.48,43.58,42.61,42.92,600122.97
2023-08-31,43.26,44.08,43.16,43.4,639537.83
2023-09-01,43.9,44.93,43.82,44.57,855756.49
2023-09-04,44.88,46.17,44.87,45.77,921931.09
2023-09-05,45.55,45.55,44.6,44.66,506243.76
2023-09-06,44.48,45.54,44.37,45.4,514362.24
2023-09-07,45.11,45.26,44.62,44.68,403290.71
2023-09-08,44.51,44.88,44.3,44.59,273667.37
2023-09-11,44.82,45.17,44.35,44.8,491514.66
2023-09-12,44.57,44.61,44.03,44.44,361143.93
2023-09-13,44.61,44.68,43.79,44.04,433989.24
2023-09-14,44.16,44.3,43.58,43.76,391312.18
2023-09-15,44.03,44.59,43.59,43.77,557531.91
2023-09-18,43.52,44.02,43.32,43.86,295267.46
2023-09-19,43.84,43.9,43.61,43.84,266524.48
2023-09-20,43.82,43.82,43.22,43.49,328732.61
2023-09-21,43.32,43.47,43.03,43.14,335479.88
2023-09-22,43.15,44.77,43.03,44.77,663006.17
2023-09-25,44.49,44.57,43.62,43.64,499758.69
2023-09-26,43.64,43.89,43.16,43.2,400930.26
2023-09-27,43.24,43.58,43.15,43.29,324863.42
2023-09-28,43.44,43.48,42.84,42.97,421466.17
2023-10-09,42.7,42.94,42.27,42.76,394012.24
2023-10-10,42.95,43.17,42.27,42.35,330777.39
2023-10-11,42.57,42.68,42.27,42.43,325296.71
2023-10-12,43.48,43.49,42.89,43.08,448710.17
2023-10-13,42.59,42.95,42.41,42.68,261269.59
2023-10-16,42.57,42.82,42.18,42.29,319002.93
2023-10-17,42.52,42.68,42.22,42.42,270141.87
2023-10-18,42.27,42.5,42.15,42.16,325690.44
2023-10-19,41.91,41.95,40.93,40.97,694085.34
2023-10-20,40.57,41.0,40.52,40.78,481776.17
2023-10-23,40.74,41.1,40.48,40.87,387068.2
2023-10-24,40.95,41.37,40.64,41.01,432310.65
2023-10-25,41.74,41.76,41.24,41.31,374462.79
2023-10-26,41.12,41.57,41.08,41.48,280985.53
2023-10-27,41.02,41.34,40.44,41.01,618849.71
2023-10-30,41.02,41.29,40.68,41.13,455497.95
2023-10-31,41.23,41.69,41.01,41.27,423088.83
2023-11-01,41.57,41.65,40.87,40.95,378012.26
2023-11-02,41.04,41.38,40.86,40.9,292247.6
2023-11-03,41.02,41.13,40.75,41.07,386406.87
2023-11-06,41.39,41.91,41.31,41.81,562463.19
2023-11-07,41.65,41.67,41.07,41.12,520543.46
2023-11-08,41.12,41.24,40.44,40.51,703733.92
2023-11-09,39.94,40.12,38.91,39.29,1504541.8
2023-11-10,38.94,38.94,38.15,38.44,1049964.71
2023-11-13,38.4,38.52,38.18,38.48,493091.12
2023-11-14,38.62,38.86,38.48,38.68,558199.64
2023-11-15,39.14,39.59,38.92,39.36,728705.81
2023-11-16,39.15,39.35,38.82,38.92,386088.89
2023-11-17,38.7,38.87,38.43,38.72,404728.47
2023-11-20,38.77,39.08,38.56,38.95,324987.48
2023-11-21,38.95,39.53,38.95,39.1,432502.72
2023-11-22,38.99,39.08,38.77,38.79,249251.21
2023-11-23,38.75,39.08,38.59,39.08,263803.42
2023-11-24,39.03,39.06,38.7,38.75,280449.27
2023-11-27,38.67,38.71,37.77,37.99,585460.41
2023-11-28,37.94,38.18,37.74,37.83,372260.73
2023-11-29,37.83,37.88,36.76,36.99,679047.02
2023-11-30,36.92,37.28,36.87,37.04,388571.96
2023-12-01,36.9,37.38,36.58,37.24,486961.35
2023-12-04,37.08,37.46,36.59,36.65,399869.7
2023-12-05,36.42,36.46,35.87,35.88,506428.32
2023-12-06,35.86,36.08,35.67,35.88,433323.96
2023-12-07,35.73,36.06,35.29,35.71,501003.89
2023-12-08,35.63,35.97,35.57,35.57,378912.37
2023-12-11,35.4,36.05,35.0,35.95,555113.92
2023-12-12,35.78,36.14,35.63,36.12,358213.24
2023-12-13,36.04,36.04,35.3,35.3,412856.32
2023-12-14,35.61,35.83,35.12,35.13,332367.72
2023-12-15,35.54,35.91,35.16,35.21,507911.56
2023-12-18,34.86,35.27,34.78,35.05,329986.71
2023-12-19,35.02,35.38,34.86,35.14,332248.7
2023-12-20,35.14,35.31,34.88,34.9,299481.77
2023-12-21,34.73,35.38,34.61,35.22,424162.62
2023-12-22,35.18,35.75,35.11,35.49,424736.52
2023-12-25,35.45,35.66,35.32,35.57,203255.09
2023-12-26,35.57,35.57,35.24,35.49,199145.83
2023-12-27,35.49,35.55,35.11,35.4,295937.83
2023-12-28,35.4,36.63,35.27,36.55,609525.73
2023-12-29,36.36,36.71,36.36,36.58,341077.53
2024-01-02,36.58,36.59,35.82,35.83,437592.04
2024-01-03,35.83,36.0,35.57,35.77,363821.51
2024-01-04,35.73,35.93,35.09,35.31,467391.9
2024-01-05,35.27,35.93,35.11,35.38,499201.87
2024-01-08,35.38,35.56,34.69,34.9,514731.97
2024-01-09,34.9,35.02,34.68,34.84,370650.54
2024-01-10,34.76,34.9,34.33,34.33,441303.8
2024-01-11,34.31,35.09,34.15,34.88,381571.29
2024-01-12,34.67,34.98,34.52,34.52,303000.54
2024-01-15,34.38,34.94,34.22,34.65,327021.81
2024-01-16,34.53,35.18,34.44,35.13,544962.85
2024-01-17,34.91,34.99,34.5,34.5,561228.97
2024-01-18,34.27,35.43,34.17,35.39,861543.64
2024-01-19,35.22,35.71,34.99,35.58,639743.91
2024-01-22,35.47,36.25,35.38,35.84,961098.63
2024-01-23,35.58,36.05,35.13,35.73,601720.97
2024-01-24,36.0,36.58,35.47,36.46,761150.99
2024-01-25,36.45,37.68,36.31,37.35,986581.0
2024-01-26,37.26,37.53,36.9,37.44,785925.24
2024-01-29,37.45,37.84,37.15,37.2,620784.77
2024-01-30,36.85,37.14,36.46,36.48,570639.98
2024-01-31,36.45,37.08,36.3,36.77,557013.66
2024-02-01,36.42,36.88,36.25,36.58,490924.79
2024-02-02,36.58,36.81,35.4,36.4,690773.47
2024-02-05,36.31,37.21,36.02,36.93,806147.93
2024-02-06,36.92,37.84,36.65,37.73,823834.96
2024-02-07,37.84,38.49,37.54,38.47,916154.04
2024-02-08,38.6,38.99,38.26,38.83,768746.51
2024-02-19,39.02,39.11,38.6,38.79,544134.27
2024-02-20,38.72,38.73,38.22,38.44,469355.09
2024-02-21,38.29,40.21,38.14,39.57,1112491.94
2024-02-22,39.36,39.7,39.22,39.67,517452.19
2024-02-23,39.65,40.35,39.58,40.0,644216.76
2024-02-26,39.85,39.86,38.94,38.99,616195.68
2024-02-27,38.87,39.17,38.76,39.14,429012.52
2024-02-28,39.21,39.29,38.72,38.72,535763.59
2024-02-29,38.6,39.1,38.58,38.94,455091.67
2024-03-01,38.85,39.11,38.6,39.02,445773.76
2024-03-04,38.79,38.87,38.31,38.43,545046.8
2024-03-05,38.26,38.92,38.17,38.86,623437.23
2024-03-06,38.84,38.95,38.54,38.58,342762.83
2024-03-07,38.82,39.45,38.79,39.09,648962.13
2024-03-08,38.92,39.21,38.62,38.92,372493.62
2024-03-11,38.83,39.29,38.8,39.18,435972.74
2024-03-12,39.19,39.83,38.92,39.77,679206.36
2024-03-13,39.7,39.72,38.64,38.7,701215.85
2024-03-14,38.46,38.93,38.4,38.53,360889.56
2024-03-15,38.59,38.71,38.14,38.56,398675.11
2024-03-18,38.44,38.72,38.19,38.63,416262.71
2024-03-19,38.49,38.49,37.94,37.97,486015.33
2024-03-20,37.9,38.17,37.84,38.05,283616.68
2024-03-21,38.21,38.52,37.95,38.15,414976.24
2024-03-22,37.24,37.34,36.54,36.82,1125503.68
2024-03-25,36.72,37.11,36.63,36.71,437601.3
2024-03-26,36.71,37.17,36.71,37.13,402990.63
2024-03-27,37.02,37.2,36.9,36.9,346190.25
2024-03-28,36.85,37.45,36.72,36.94,432339.95
2024-03-29,37.02,37.44,36.94,37.05,335121.84
2024-04-01,37.17,37.44,37.13,37.44,387062.74
2024-04-02,37.39,37.64,37.14,37.22,399965.85
2024-04-03,37.13,37.26,36.76,36.76,463640.11
2024-04-08,36.56,36.7,36.2,36.51,435902.46
2024-04-09,36.56,36.75,36.4,36.41,293924.11
2024-04-10,36.3,36.37,35.49,35.58,667544.96
2024-04-11,35.43,35.53,35.05,35.36,443213.65
2024-04-12,35.22,35.39,34.19,34.29,918947.11
2024-04-15,34.29,34.95,34.2,34.82,771609.09
2024-04-16,34.82,35.21,34.57,34.75,626747.07
2024-04-17,34.74,35.42,34.5,35.36,594585.29
2024-04-18,35.31,36.58,35.23,36.04,846088.97
2024-04-19,35.83,36.11,35.58,35.78,368394.91
2024-04-22,35.85,36.39,35.85,36.16,391227.84
2024-04-23,36.15,36.4,35.96,36.21,342653.1
2024-04-24,36.66,36.95,36.41,36.85,549964.37
2024-04-25,36.78,37.47,36.58,37.27,582177.9
2024-04-26,37.21,37.93,37.05,37.7,694276.06
2024-04-29,37.67,38.92,37.59,38.2,875454.82
2024-04-30,38.2,38.27,37.51,37.54,518190.14
2024-05-06,39.17,39.29,38.46,38.57,1062747.04
2024-05-07,38.58,38.84,38.3,38.66,528152.26
2024-05-08,38.53,38.76,38.02,38.08,447335.13
2024-05-09,38.01,38.65,38.0,38.43,413541.49
2024-05-10,38.67,39.2,38.6,38.97,677670.18
2024-05-13,38.59,38.93,38.28,38.72,493480.84
2024-05-14,38.72,38.85,38.26,38.41,396511.52
2024-05-15,38.38,38.4,37.82,37.98,399118.8
2024-05-16,38.31,39.39,38.09,39.08,934782.27
2024-05-17,39.58,41.03,39.44,41.03,1894579.95
2024-05-20,41.48,41.82,40.69,41.27,1479452.53
2024-05-21,40.92,41.34,40.87,41.21,551096.16
2024-05-22,41.12,41.8,40.98,41.21,751336.66
2024-05-23,40.78,41.0,40.41,40.65,635923.13
2024-05-24,40.44,40.67,39.81,39.84,541285.75
2024-05-27,39.94,40.3,39.83,40.03,412742.21
2024-05-28,40.09,40.26,39.6,39.72,421921.79
2024-05-29,39.57,40.06,39.36,39.46,439422.5
2024-05-30,39.31,39.63,38.94,39.17,393954.93
2024-05-31,39.4,40.03,39.09,39.1,482492.18
2024-06-03,39.02,39.45,38.68,39.15,446518.4
2024-06-04,39.11,39.5,39.04,39.28,398177.6
2024-06-05,39.27,39.29,38.98,39.11,361880.07
2024-06-06,39.21,39.33,38.46,38.53,542620.89
2024-06-07,38.67,38.83,38.13,38.23,421393.79
2024-06-11,38.04,38.3,37.76,37.97,422362.79
2024-06-12,37.97,38.03,37.54,37.58,398340.17
2024-06-13,37.74,37.82,37.39,37.49,320428.01
2024-06-14,37.39,38.3,37.36,38.01,635624.38
2024-06-17,37.76,37.97,37.56,37.74,384727.47
2024-06-18,37.85,38.17,37.74,37.88,353452.19
2024-06-19,37.89,38.3,37.77,38.13,410639.57
2024-06-20,38.12,38.19,37.68,37.68,364789.92
2024-06-21,37.66,37.96,37.51,37.83,385054.52
2024-06-24,37.7,38.17,37.42,37.94,445927.91
2024-06-25,37.94,38.24,37.62,37.72,382835.91
2024-06-26,37.66,37.96,37.48,37.81,265060.64
2024-06-27,37.68,37.8,37.45,37.6,367974.98
2024-06-28,37.54,38.04,37.46,37.55,399345.16
2024-07-01,37.59,37.83,36.89,37.78,474197.54
2024-07-02,37.59,38.81,37.58,38.28,568857.47
2024-07-03,38.29,38.52,38.05,38.37,295747.88
2024-07-04,38.36,38.64,38.09,38.11,324851.45
2024-07-05,38.08,38.36,37.2,37.33,526717.66
2024-07-08,37.13,37.55,36.93,37.08,339548.44
2024-07-09,37.07,37.76,36.73,37.69,381402.75
2024-07-10,37.28,38.06,37.28,38.0,361273.14
2024-07-11,38.37,38.57,38.05,38.07,375569.84
2024-07-12,38.13,38.91,38.13,38.75,495697.26
2024-07-15,38.67,39.02,38.56,38.61,354847.92
2024-07-16,38.13,38.23,36.93,37.39,939985.04
2024-07-17,37.45,38.51,37.45,38.39,778406.27
2024-07-18,38.3,38.71,38.09,38.46,513624.18
2024-07-19,38.46,39.17,38.31,39.06,610775.39
2024-07-22,39.13,39.24,38.71,39.04,440562.04
2024-07-23,39.0,39.24,38.84,38.85,459789.67
2024-07-24,38.85,39.06,38.45,38.64,386095.43
2024-07-25,38.57,38.87,38.34,38.65,440474.29
2024-07-26,38.71,39.23,38.34,38.66,510377.96
2024-07-29,38.65,39.16,38.58,38.87,305649.69
2024-07-30,38.83,38.99,38.63,38.88,296922.39
2024-07-31,38.89,40.08,38.81,40.04,580877.83
2024-08-01,39.91,40.31,39.76,39.99,325140.38
2024-08-02,39.73,39.9,39.23,39.34,331372.57
2024-08-05,39.23,40.02,39.22,39.51,430509.14
2024-08-06,39.86,39.96,38.23,38.48,634343.23
2024-08-07,38.5,38.67,38.27,38.29,299780.95
2024-08-08,38.34,38.71,38.02,38.4,236432.41
2024-08-09,38.56,38.8,38.2,38.2,261784.96
2024-08-12,38.13,38.32,37.92,38.21,152199.04
2024-08-13,38.21,38.39,38.11,38.36,166505.99
2024-08-14,38.39,38.51,38.09,38.09,206504.28
2024-08-15,38.11,39.2,37.84,38.87,534167.05
2024-08-16,38.87,39.28,38.81,39.14,269573.57
2024-08-19,39.14,39.67,39.13,39.58,287912.03
2024-08-20,39.65,39.67,39.23,39.44,293762.86
2024-08-21,39.49,39.59,38.96,39.48,236174.12
2024-08-22,39.47,39.75,39.17,39.24,304976.56
2024-08-23,39.55,40.89,39.45,40.78,994234.43
2024-08-26,40.89,41.05,40.5,40.78,475805.6
2024-08-27,40.72,40.97,40.41,40.59,339646.77
2024-08-28,40.68,40.81,40.39,40.63,348394.74
2024-08-29,40.62,40.98,39.94,40.1,476945.48
2024-08-30,40.18,41.89,40.18,41.42,1100006.01
2024-09-02,41.28,41.55,40.88,40.88,513171.24
2024-09-03,41.03,41.04,40.53,40.65,368219.75
2024-09-04,40.66,41.05,39.94,40.11,409949.06
2024-09-05,40.1,40.93,40.09,40.85,466511.08
2024-09-06,40.85,41.37,40.6,40.69,390257.75
2024-09-09,40.53,40.69,40.03,40.15,401724.54
2024-09-10,40.22,40.5,39.78,40.13,293655.89
2024-09-11,40.11,40.38,39.86,40.0,274074.24
2024-09-12,40.2,40.24,39.34,40.08,410838.53
2024-09-13,40.04,40.83,39.98,40.35,344396.48
2024-09-18,40.45,41.2,40.39,41.11,432638.24
2024-09-19,41.13,41.49,40.75,41.42,466500.32
2024-09-20,41.37,41.67,41.15,41.53,532923.73
2024-09-23,41.52,41.77,41.26,41.48,295240.48
2024-09-24,41.96,43.75,41.84,43.75,1208991.98
2024-09-25,44.78,45.34,44.45,44.55,1382984.92
2024-09-26,44.77,47.45,44.4,47.43,1637652.59
2024-09-27,48.83,49.07,47.7,48.83,1394877.4
2024-09-30,51.25,53.71,51.18,53.71,2621254.05
2024-10-08,59.08,59.08,55.6,58.07,3961042.53
2024-10-09,56.45,56.45,52.35,52.4,2855095.57
2024-10-10,53.28,57.0,52.97,55.03,2226729.69
2024-10-11,54.38,56.31,53.65,54.13,1312123.81
2024-10-14,54.93,55.73,54.14,55.19,1177737.67
2024-10-15,55.11,55.77,53.71,53.8,1027900.28
2024-10-16,53.42,54.4,53.26,53.98,855016.3
2024-10-17,54.47,55.32,53.59,53.62,783574.77
2024-10-18,53.62,55.79,52.35,54.67,1494662.36
2024-10-21,54.88,54.95,53.72,54.41,875312.58
2024-10-22,54.31,55.65,54.1,54.56,846011.19
2024-10-23,54.69,56.7,54.41,55.75,1191926.51
2024-10-24,55.36,55.92,55.1,55.55,512730.05
2024-10-25,55.47,55.92,55.04,55.17,539445.41
2024-10-28,55.25,55.52,54.58,54.98,578809.87
2024-10-29,54.98,55.9,54.92,55.1,620100.28
2024-10-30,54.97,55.37,53.24,53.52,907479.26
2024-10-31,53.51,54.31,52.97,53.47,757630.09
2024-11-01,53.69,54.5,53.55,53.69,650139.25
2024-11-04,53.71,54.47,53.48,54.47,530739.7
2024-11-05,54.33,56.3,53.81,56.18,1201144.22
2024-11-06,56.31,56.46,54.45,54.97,1262518.28
2024-11-07,54.5,58.33,54.41,58.17,1864263.2
2024-11-08,58.52,58.8,56.42,56.53,1322990.25
2024-11-11,55.58,55.96,55.0,55.84,917160.07
2024-11-12,55.84,56.39,54.39,54.51,962892.75
2024-11-13,54.22,54.98,54.14,54.68,618244.93
2024-11-14,54.68,55.54,54.41,54.5,663231.83
2024-11-15,54.41,54.96,53.35,53.35,780597.14
2024-11-18,53.64,54.65,52.95,53.32,684296.46
2024-11-19,53.55,53.66,52.69,53.17,528193.0
2024-11-20,53.18,53.35,52.78,53.03,469971.45
2024-11-21,53.06,53.23,52.7,53.06,410244.89
2024-11-22,53.04,53.04,50.68,50.71,1006808.13
2024-11-25,50.68,50.92,49.85,50.27,702698.26
2024-11-26,50.2,50.94,50.07,50.72,407618.23
2024-11-27,50.73,51.25,50.48,51.2,444463.66
2024-11-28,51.22,51.62,50.51,50.84,425502.13
2024-11-29,50.82,52.03,50.72,50.92,563570.55
2024-12-02,50.87,51.85,50.85,51.64,449605.9
2024-12-03,51.49,52.22,51.2,52.04,470057.63
2024-12-04,51.81,51.96,51.36,51.57,381887.36
2024-12-05,51.34,51.68,51.15,51.33,295888.82
2024-12-06,51.43,53.25,51.42,52.7,789836.81
2024-12-09,52.54,52.88,52.06,52.43,510463.45
2024-12-10,54.41,54.67,53.07,53.18,1000983.5
2024-12-11,53.17,53.48,52.47,52.49,504784.24
2024-12-12,52.55,53.4,52.3,53.14,526335.85
2024-12-13,52.78,52.79,51.33,51.38,887095.88
2024-12-16,51.36,51.62,50.61,50.79,658591.84
2024-12-17,50.58,51.13,50.43,50.69,537693.72
2024-12-18,50.99,51.33,50.56,50.62,504461.43
2024-12-19,50.29,50.62,50.06,50.57,405496.28
2024-12-20,50.57,50.9,50.22,50.31,461965.43
2024-12-23,50.31,51.14,50.31,50.77,555505.47
2024-12-24,50.75,51.47,50.68,51.42,495609.16
2024-12-25,51.45,51.93,51.22,51.54,417398.96
2024-12-26,51.53,51.58,51.02,51.11,379221.7
2024-12-27,51.11,51.39,50.4,50.94,537757.19
2024-12-30,50.89,51.54,50.88,51.54,533437.83
2024-12-31,51.43,51.65,50.34,50.34,677117.9
2025-01-02,50.39,50.42,48.18,48.49,948579.17
2025-01-03,48.76,48.85,47.89,48.1,551351.85
2025-01-06,48.33,48.4,47.65,48.13,413489.51
2025-01-07,47.99,48.15,47.63,47.97,392787.17
2025-01-08,47.98,48.36,47.38,48.1,510383.04
2025-01-09,48.06,48.2,47.62,47.63,400821.12
2025-01-10,47.64,47.89,46.76,46.8,522703.71
2025-01-13,46.36,46.66,45.99,46.46,511393.15
2025-01-14,46.46,47.41,46.37,47.2,615774.4
2025-01-15,47.09,47.48,46.77,46.96,458028.52
2025-01-16,47.14,47.57,46.79,47.09,415761.07
2025-01-17,46.95,47.4,46.63,47.22,460746.66
2025-01-20,47.54,48.1,47.48,47.63,491736.07
2025-01-21,48.0,48.18,47.48,47.71,409950.81
2025-01-22,47.54,47.73,46.71,46.8,530780.46
2025-01-23,47.64,49.2,47.6,48.16,969104.55
2025-01-24,47.98,49.12,47.9,48.63,616778.86
2025-01-27,48.79,49.36,48.58,48.62,524547.48
2025-02-05,48.75,48.76,47.49,47.54,583072.3
2025-02-06,47.55,48.29,47.5,48.05,415037.24
2025-02-07,47.98,49.19,47.66,48.65,725812.02
2025-02-10,48.66,49.11,48.57,48.67,431814.84
2025-02-11,48.96,48.99,48.16,48.31,381844.0
2025-02-12,48.31,48.88,47.98,48.84,446993.78
2025-02-13,48.69,49.51,48.58,48.78,590363.32
2025-02-14,48.76,49.59,48.57,49.43,599771.61
2025-02-17,49.56,50.08,49.16,49.57,625710.44
2025-02-18,49.41,49.89,48.96,49.06,650082.34
2025-02-19,48.95,49.56,48.78,49.2,464425.76
2025-02-20,48.98,49.06,48.44,48.55,515384.78
2025-02-21,48.76,49.24,48.25,48.96,668760.93
2025-02-24,48.96,50.18,48.81,49.72,835822.74
2025-02-25,49.24,49.82,48.62,48.75,642429.44
2025-02-26,48.86,49.51,48.79,49.36,536578.05
2025-02-27,49.51,49.53,48.88,49.36,547240.08
2025-02-28,49.15,49.39,48.17,48.17,805267.53
2025-03-03,48.33,48.59,47.87,48.12,423160.83
2025-03-04,47.89,48.09,47.81,47.89,372431.63
2025-03-05,47.98,48.33,47.82,48.17,455071.76
2025-03-06,48.54,49.65,48.32,49.38,1045821.01
2025-03-07,49.34,49.57,49.07,49.24,481478.72
2025-03-10,49.25,49.4,48.55,49.0,611283.42
2025-03-11,48.49,49.24,48.38,49.24,529147.4
2025-03-12,49.24,49.34,48.77,48.91,470578.01
2025-03-13,48.91,49.29,48.7,48.9,411448.3
2025-03-14,49.08,51.53,48.97,51.13,1502448.65
2025-03-17,51.13,51.27,50.77,51.04,605171.76
2025-03-18,51.35,51.82,51.29,51.4,587740.02
2025-03-19,51.33,51.92,51.22,51.7,509874.21
2025-03-20,51.68,51.69,49.94,50.19,1140723.46
2025-03-21,50.1,50.35,49.42,49.48,795714.68
2025-03-24,49.55,49.99,49.55,49.85,508656.9
2025-03-25,49.86,49.92,49.55,49.68,344402.24
2025-03-26,49.7,49.81,49.45,49.45,403994.61
2025-03-27,49.44,50.15,49.27,49.78,432168.72
2025-03-28,49.91,50.07,49.58,49.68,353663.53
2025-03-31,49.63,49.96,49.14,49.37,468389.71
2025-04-01,49.34,49.59,49.16,49.36,394320.57
2025-04-02,49.32,49.68,49.27,49.59,283274.27
2025-04-03,49.14,49.72,49.13,49.22,373347.82
2025-04-07,47.14,47.59,44.94,46.43,1727558.41
2025-04-08,46.42,47.1,45.99,47.1,1117529.77
2025-04-09,46.66,47.09,46.24,46.79,737906.5
2025-04-10,47.2,47.62,47.05,47.31,657915.45
2025-04-11,47.31,47.37,46.83,47.19,450121.06
2025-04-14,47.43,47.67,47.27,47.31,387484.14
2025-04-15,47.31,47.78,47.1,47.65,407762.11
2025-04-16,47.54,47.97,47.23,47.69,467923.5
2025-04-17,47.51,48.08,47.41,47.96,377042.89
2025-04-18,47.86,48.44,47.76,48.23,338811.0
2025-04-21,48.19,48.39,48.0,48.08,263784.06
2025-04-22,48.0,48.56,47.92,48.35,355097.83
2025-04-23,48.54,48.72,48.25,48.48,298773.21
2025-04-24,48.48,49.22,48.48,48.98,423839.43
2025-04-25,48.99,49.33,48.98,49.08,368499.39
2025-04-28,48.21,49.09,47.84,48.97,518665.5
2025-04-29,48.93,49.38,48.63,48.76,337540.05
2025-04-30,48.86,49.29,48.46,48.49,377944.26
2025-05-06,48.76,48.91,48.33,48.57,391512.45
2025-05-07,49.17,49.37,48.79,48.94,420639.72
2025-05-08,48.77,50.06,48.67,49.68,671349.93
2025-05-09,49.63,49.87,49.48,49.48,290709.23
2025-05-12,49.94,50.44,49.72,50.29,577371.7
2025-05-13,50.48,50.48,49.96,50.16,403920.12
2025-05-14,50.15,52.76,50.05,52.29,1577229.61
2025-05-15,52.01,52.4,51.73,51.87,569303.42
2025-05-16,51.68,52.05,51.04,51.05,466129.51
2025-05-19,50.95,51.38,50.87,50.96,324266.24
2025-05-20,51.11,51.81,51.06,51.33,352669.0
2025-05-21,51.35,52.02,51.35,51.49,333065.82
2025-05-22,51.4,51.62,51.18,51.48,240657.65
2025-05-23,51.45,52.07,50.84,50.9,430491.36
2025-05-26,50.83,51.78,50.68,51.06,388129.68
2025-05-27,51.06,51.5,50.96,51.06,255725.31
2025-05-28,51.06,51.34,50.79,50.95,261697.94
2025-05-29,50.96,51.47,50.76,51.17,348682.62
2025-05-30,51.03,51.34,50.53,50.94,417238.55
2025-06-03,50.88,51.74,50.68,51.49,453738.21
2025-06-04,51.26,51.78,51.26,51.4,430896.81
2025-06-05,51.41,51.81,51.31,51.62,419099.9
2025-06-06,51.63,51.75,51.01,51.07,408553.3
2025-06-09,51.2,51.58,51.16,51.37,397887.27
2025-06-10,51.36,51.73,50.97,51.09,467079.45
2025-06-11,51.06,52.25,51.06,52.07,681830.15
2025-06-12,51.92,52.91,51.66,52.41,589999.06
2025-06-13,52.43,52.49,51.9,52.09,480228.96
2025-06-16,51.95,52.19,51.69,51.94,496770.75
2025-06-17,51.92,52.12,51.58,51.85,506288.78
2025-06-18,51.81,51.9,50.96,51.45,469363.8
2025-06-19,51.34,51.44,50.79,50.87,401880.78
2025-06-20,50.86,52.46,50.86,52.34,847430.47
2025-06-23,52.11,52.83,51.88,52.69,614705.13
2025-06-24,52.79,54.47,52.78,54.3,1040797.89
2025-06-25,54.31,55.46,54.1,55.34,1046131.32
2025-06-26,55.26,55.53,54.95,55.06,500739.81
2025-06-27,55.06,55.58,54.13,54.46,667631.67
2025-06-30,54.6,55.04,54.24,54.58,564781.95
2025-07-01,54.76,54.99,54.41,54.8,352746.36
2025-07-02,54.8,55.1,54.45,54.91,395629.02
2025-07-03,55.0,55.29,54.76,54.9,325100.6
2025-07-04,54.8,56.46,54.53,55.65,654544.05
2025-07-07,55.67,55.88,55.15,55.52,321762.78
2025-07-08,55.49,55.86,55.2,55.54,343459.72
2025-07-09,55.54,55.86,54.98,55.0,395462.79
2025-07-10,55.0,56.65,54.91,56.21,828881.53
2025-07-11,56.08,58.06,56.04,56.78,1076428.94
2025-07-14,56.76,57.3,56.64,56.64,449057.62
2025-07-15,56.82,57.02,56.06,56.18,441725.53
2025-07-16,56.24,56.31,55.3,55.91,481824.6
2025-07-17,55.78,56.14,55.76,55.89,277123.43
2025-07-18,56.03,56.52,55.94,56.15,436239.95
2025-07-21,56.23,56.82,55.98,56.26,466733.43
2025-07-22,56.26,56.27,55.19,55.78,695203.25
2025-07-23,55.92,57.44,55.89,57.06,869406.74
2025-07-24,57.03,58.05,56.78,57.69,707737.38
2025-07-25,57.36,57.6,56.88,57.14,508334.57
2025-07-28,57.26,59.23,57.26,59.12,1221217.33
2025-07-29,59.09,59.3,58.41,58.53,566092.0
2025-07-30,58.52,60.34,58.39,59.73,921992.71
2025-07-31,59.43,59.52,57.44,57.74,827600.7
2025-08-01,57.73,58.1,57.14,57.26,488786.24
2025-08-04,57.16,57.4,56.91,57.27,360078.32
2025-08-05,57.36,58.45,57.26,58.18,482956.14
2025-08-06,58.18,58.67,57.87,58.1,324468.73
2025-08-07,58.15,58.5,57.58,57.93,327971.53
2025-08-08,57.93,57.95,57.28,57.59,397933.32
2025-08-11,57.82,58.18,57.52,57.52,431869.11
2025-08-12,57.52,58.11,57.52,57.8,426985.45
2025-08-13,57.97,58.44,57.51,57.66,728453.2
2025-08-14,57.85,59.62,57.82,58.66,1022767.51
2025-08-15,58.64,59.47,58.05,58.83,892968.11
2025-08-18,58.95,59.37,58.38,58.38,957262.82
2025-08-19,58.8,59.21,57.14,57.26,954809.96
2025-08-20,57.15,58.24,56.76,58.24,762724.84
2025-08-21,58.24,58.99,57.96,58.66,574600.93
2025-08-22,58.55,59.53,58.48,59.52,780974.27
2025-08-25,59.62,60.06,59.14,60.01,670112.68
2025-08-26,59.91,60.01,59.47,59.54,491986.28
2025-08-27,59.4,59.47,57.74,57.74,1064557.86
2025-08-28,57.8,58.16,57.37,57.89,636104.66
2025-08-29,58.0,60.11,57.99,58.91,1080309.23
2025-09-01,58.82,58.82,57.39,57.56,948524.89
2025-09-02,57.55,57.85,57.28,57.71,649036.33
2025-09-03,57.99,58.14,56.43,56.84,714746.42
2025-09-04,56.84,57.03,56.14,56.57,727436.07
2025-09-05,56.57,57.12,56.11,56.96,558184.27
2025-09-08,56.83,57.1,56.39,56.77,487733.39
2025-09-09,56.83,57.35,56.62,57.06,518911.44
2025-09-10,56.84,57.22,56.69,56.93,308469.74
2025-09-11,56.96,57.74,56.67,57.74,595072.07
2025-09-12,58.03,58.24,56.57,56.75,735376.27
2025-09-15,56.72,57.05,56.17,56.4,546842.42
2025-09-16,56.42,56.52,55.59,55.7,685713.61
2025-09-17,55.74,56.05,55.54,55.65,684651.87
2025-09-18,55.72,55.75,54.22,54.39,1012073.56
2025-09-19,54.4,55.09,54.11,54.21,543321.11
2025-09-22,54.47,54.75,54.11,54.26,374437.68
2025-09-23,54.14,54.89,53.85,54.13,612960.96
2025-09-24,54.4,54.85,54.06,54.4,503174.33
2025-09-25,54.39,54.49,54.14,54.2,514296.16
2025-09-26,54.13,54.65,53.78,54.33,548621.87
2025-09-29,54.29,56.39,54.14,55.1,1035109.92
2025-09-30,54.9,55.29,54.11,54.22,767081.87
2025-10-09,54.15,54.39,53.37,54.15,824067.48
2025-10-10,53.84,55.06,53.84,54.64,641465.32
2025-10-13,53.63,54.43,53.63,54.21,609655.98
2025-10-14,54.68,55.76,54.62,55.57,1022940.25
2025-10-15,55.57,57.03,55.39,56.87,837046.28
2025-10-16,56.75,57.63,56.68,57.08,681478.2
2025-10-17,57.06,57.53,56.24,56.35,677492.81
2025-10-20,57.39,57.62,56.52,56.96,526694.69
2025-10-21,56.99,57.97,56.99,57.14,762200.49
2025-10-22,57.06,57.55,56.99,57.27,379892.66
2025-10-23,57.28,57.92,57.15,57.8,503501.04
2025-10-24,58.14,58.49,57.75,57.88,558241.7
2025-10-27,58.0,58.39,57.5,57.75,685004.38
2025-10-28,57.79,58.23,57.62,57.76,491305.08
2025-10-29,58.6,59.7,58.49,58.95,1044431.61
2025-10-30,59.3,60.1,58.58,58.65,745712.83
2025-10-31,58.99,58.99,57.8,57.83,572541.54
2025-11-03,58.27,58.7,57.86,58.31,411430.33
2025-11-04,58.35,59.13,58.2,58.94,518126.0
2025-11-05,58.4,58.84,57.92,58.32,402157.85
2025-11-06,58.35,59.28,58.34,58.9,547345.99
2025-11-07,58.78,59.15,58.66,58.89,371910.41
2025-11-10,58.85,59.4,58.44,59.3,529487.21
2025-11-11,59.3,59.5,58.81,59.2,362503.76
2025-11-12,59.3,60.79,59.3,60.03,1490245.84
2025-11-13,60.29,61.38,60.29,60.88,890186.99
2025-11-14,60.85,62.27,60.65,60.65,752741.01
2025-11-17,60.69,61.0,59.46,59.83,560197.16
2025-11-18,59.67,60.15,59.48,59.62,445712.18
2025-11-19,59.8,61.12,59.71,60.37,705865.09
2025-11-20,60.6,61.15,60.03,60.2,394490.64
2025-11-21,60.0,60.1,58.88,58.91,685579.69
2025-11-24,59.16,59.2,58.35,58.4,534709.19
2025-11-25,58.68,59.82,58.23,59.47,487770.97
2025-11-26,59.66,60.22,59.32,59.78,434692.73
2025-11-27,59.5,59.73,58.7,59.34,505700.87
2025-11-28,59.21,59.29,58.51,58.99,433558.14
