date,open,high,low,close,volume
2010-01-04,2.36,2.39,2.33,2.33,1663461.89
2010-01-05,2.34,2.37,2.31,2.35,1433901.39
2010-01-06,2.35,2.35,2.32,2.32,1027305.92
2010-01-07,2.32,2.33,2.26,2.26,1579802.83
2010-01-08,2.26,2.28,2.25,2.27,991992.23
2010-01-11,2.4,2.41,2.28,2.3,2357219.95
2010-01-12,2.3,2.33,2.26,2.32,1686436.64
2010-01-13,2.26,2.28,2.18,2.21,3939526.67
2010-01-14,2.23,2.23,2.19,2.21,1760603.91
2010-01-15,2.22,2.23,2.19,2.21,1430888.39
2010-01-18,2.2,2.21,2.17,2.21,1862603.14
2010-01-19,2.21,2.23,2.19,2.2,1667944.21
2010-01-20,2.21,2.22,2.13,2.14,2257949.17
2010-01-21,2.17,2.19,2.16,2.18,2051419.73
2010-01-22,2.16,2.23,2.15,2.21,3400876.91
2010-01-25,2.18,2.23,2.18,2.19,1473741.19
2010-01-26,2.19,2.2,2.16,2.17,1590918.01
2010-01-27,2.18,2.18,2.1,2.13,1508845.49
2010-01-28,2.12,2.14,2.09,2.11,1209443.06
2010-01-29,2.1,2.13,2.1,2.11,981248.55
2010-02-01,2.1,2.11,2.07,2.09,1055208.53
2010-02-02,2.09,2.12,2.08,2.09,1067665.13
2010-02-03,2.09,2.15,2.07,2.14,1955951.48
2010-02-04,2.12,2.14,2.11,2.12,765748.0
2010-02-05,2.09,2.1,2.08,2.09,1140363.97
2010-02-08,2.09,2.1,2.08,2.09,483882.24
2010-02-09,2.09,2.1,2.08,2.1,486801.41
2010-02-10,2.11,2.12,2.1,2.11,512328.05
2010-02-11,2.11,2.12,2.1,2.11,382287.48
2010-02-12,2.12,2.14,2.11,2.13,677157.5
2010-02-22,2.13,2.14,2.12,2.12,484807.81
2010-02-23,2.13,2.13,2.08,2.1,662130.93
2010-02-24,2.09,2.11,2.08,2.1,1397282.25
2010-02-25,2.1,2.13,2.1,2.12,1809503.57
2010-02-26,2.12,2.13,2.11,2.12,775369.91
2010-03-01,2.12,2.14,2.11,2.13,1284034.8
2010-03-02,2.14,2.15,2.13,2.13,959494.33
2010-03-03,2.13,2.14,2.13,2.14,783463.51
2010-03-04,2.14,2.14,2.1,2.1,855723.75
2010-03-05,2.11,2.12,2.1,2.1,564537.65
2010-03-08,2.11,2.12,2.1,2.11,545685.14
2010-03-09,2.11,2.15,2.1,2.13,1225181.27
2010-03-10,2.13,2.16,2.11,2.12,762883.15
2010-03-11,2.13,2.16,2.12,2.13,1254169.59
2010-03-12,2.13,2.14,2.1,2.11,784465.91
2010-03-15,2.11,2.11,2.09,2.1,609749.63
2010-03-16,2.1,2.12,2.08,2.09,895371.45
2010-03-17,2.1,2.12,2.09,2.12,906007.85
2010-03-18,2.12,2.12,2.1,2.11,853662.89
2010-03-19,2.11,2.12,2.09,2.11,701841.57
2010-03-22,2.11,2.13,2.11,2.12,991280.26
2010-03-23,2.12,2.13,2.1,2.11,675650.37
2010-03-24,2.12,2.13,2.11,2.12,848966.17
2010-03-25,2.12,2.12,2.09,2.12,814306.99
2010-03-26,2.12,2.15,2.1,2.13,1648042.06
2010-03-29,2.15,2.19,2.13,2.18,2958739.91
2010-03-30,2.18,2.19,2.16,2.18,1120675.41
2010-03-31,2.19,2.19,2.16,2.16,860448.66
2010-04-01,2.16,2.19,2.16,2.18,913749.58
2010-04-02,2.18,2.19,2.17,2.18,852424.0
2010-04-06,2.18,2.19,2.17,2.17,1166403.16
2010-04-07,2.17,2.18,2.16,2.17,931147.25
2010-04-09,2.16,2.17,2.15,2.16,1175008.43
2010-04-12,2.16,2.17,2.13,2.14,1442886.79
2010-04-13,2.14,2.18,2.13,2.17,1623966.39
2010-04-14,2.16,2.17,2.14,2.15,1009004.36
2010-04-15,2.15,2.16,2.13,2.15,805350.18
2010-04-16,2.15,2.15,2.13,2.13,801624.96
2010-04-19,2.11,2.11,2.01,2.03,3034508.33
2010-04-20,2.03,2.04,2.0,2.0,1630044.85
2010-04-21,2.01,2.03,2.0,2.02,1271764.78
2010-04-22,2.01,2.01,1.96,1.99,2184517.1
2010-04-23,1.98,1.99,1.96,1.98,1217685.76
2010-04-26,1.98,1.99,1.96,1.97,806394.5
2010-04-27,1.97,1.97,1.92,1.94,1499795.85
2010-04-28,1.92,1.95,1.91,1.95,1251386.15
2010-04-29,1.95,1.98,1.95,1.95,1147814.32
2010-04-30,1.96,1.97,1.94,1.97,1456977.35
2010-05-04,1.94,1.96,1.93,1.95,963744.31
2010-05-05,1.94,1.96,1.91,1.96,875962.24
2010-05-06,1.94,1.94,1.9,1.91,1231931.64
2010-05-07,1.89,1.93,1.87,1.91,1194652.07
2010-05-10,1.9,1.93,1.89,1.93,724077.44
2010-05-11,1.95,1.96,1.91,1.93,1342016.83
2010-05-12,1.91,2.01,1.9,1.98,2072004.37
2010-05-13,1.97,2.02,1.96,1.99,1703632.67
2010-05-14,1.99,1.99,1.95,1.97,835898.07
2010-05-17,1.95,1.95,1.9,1.91,953705.21
2010-05-19,1.93,1.94,1.9,1.91,1293591.17
2010-05-20,1.91,1.94,1.91,1.92,806705.95
2010-05-21,1.89,1.95,1.88,1.94,1082383.43
2010-05-24,1.95,1.99,1.94,1.98,1347624.76
2010-05-25,1.96,1.98,1.95,1.96,1116326.01
2010-05-26,1.96,1.98,1.95,1.96,1300624.17
2010-05-27,1.97,1.97,1.93,1.97,1091118.17
2010-05-28,1.98,1.99,1.95,1.96,690128.07
2010-05-31,1.95,1.96,1.92,1.92,893060.0
2010-06-01,1.92,1.93,1.9,1.91,990815.45
2010-06-02,1.9,1.91,1.88,1.9,822430.66
2010-06-03,1.91,1.93,1.89,1.91,819319.68
2010-06-04,1.9,1.91,1.89,1.91,332405.61
2010-06-07,1.88,1.89,1.86,1.86,562338.61
2010-06-08,1.86,1.87,1.84,1.85,463333.17
2010-06-09,1.86,1.91,1.85,1.9,1175181.2
2010-06-10,1.88,1.89,1.86,1.87,577172.25
2010-06-11,1.87,1.9,1.87,1.88,518520.74
2010-06-17,1.89,1.92,1.89,1.91,742556.54
2010-06-18,1.91,1.93,1.88,1.88,974634.03
2010-06-21,1.9,1.94,1.88,1.93,841255.95
2010-06-22,1.93,1.94,1.92,1.93,422263.86
2010-06-23,1.92,1.94,1.9,1.92,406637.03
2010-06-24,1.91,1.93,1.9,1.93,470883.83
2010-06-25,1.92,1.94,1.92,1.93,559428.06
2010-06-28,1.93,1.94,1.91,1.92,480923.13
2010-06-29,1.92,1.93,1.86,1.86,854864.06
2010-06-30,1.85,1.87,1.82,1.83,849403.19
2010-07-01,1.83,1.85,1.82,1.83,370008.55
2010-07-02,1.83,1.84,1.81,1.83,849171.66
2010-07-05,1.83,1.84,1.82,1.83,547445.94
2010-07-06,1.83,1.88,1.83,1.87,1070260.18
2010-07-07,1.87,1.87,1.85,1.86,443718.98
2010-07-08,1.87,1.87,1.85,1.87,240397.33
2010-07-09,1.87,1.91,1.85,1.89,757455.07
2010-07-12,1.89,1.97,1.88,1.94,1342360.01
2010-07-13,1.93,1.94,1.92,1.92,556423.41
2010-07-14,1.92,1.94,1.9,1.92,658073.74
2010-07-15,1.92,1.94,1.89,1.89,366201.95
2010-07-16,1.88,1.89,1.86,1.87,308273.57
2010-07-19,1.87,1.92,1.86,1.89,376036.88
2010-07-20,1.9,1.93,1.9,1.92,543335.5
2010-07-21,1.92,1.92,1.9,1.91,599110.9
2010-07-22,1.9,1.93,1.9,1.92,698431.98
2010-07-23,1.93,1.97,1.92,1.95,1619551.43
2010-07-26,1.96,1.96,1.93,1.96,542223.72
2010-07-27,1.94,1.95,1.93,1.93,478538.16
2010-07-28,1.93,1.97,1.92,1.97,1173746.98
2010-07-29,1.96,1.97,1.95,1.97,811806.99
2010-07-30,1.96,1.97,1.94,1.95,500070.68
2010-08-02,1.94,1.98,1.94,1.97,967857.03
2010-08-03,1.97,1.97,1.94,1.94,891616.82
2010-08-04,1.93,1.95,1.92,1.94,593283.58
2010-08-05,1.93,1.94,1.9,1.91,699639.86
2010-08-06,1.91,1.93,1.89,1.92,668223.15
2010-08-09,1.92,1.93,1.91,1.92,454277.93
2010-08-10,1.92,1.92,1.88,1.88,819326.08
2010-08-11,1.88,1.89,1.87,1.89,455766.27
2010-08-12,1.88,1.88,1.86,1.86,599694.97
2010-08-13,1.86,1.87,1.85,1.87,942934.52
2010-08-16,1.86,1.89,1.85,1.89,973551.23
2010-08-17,1.89,1.89,1.87,1.88,1144123.26
2010-08-18,1.88,1.91,1.87,1.87,1082159.22
2010-08-19,1.88,1.89,1.87,1.89,1173339.43
2010-08-20,1.88,1.89,1.87,1.88,1090547.36
2010-08-23,1.87,1.88,1.87,1.88,859221.29
2010-08-24,1.87,1.88,1.86,1.87,990812.95
2010-08-25,1.87,1.87,1.84,1.84,1066927.8
2010-08-26,1.85,1.87,1.85,1.86,854425.05
2010-08-27,1.87,1.87,1.85,1.85,793905.07
2010-08-30,1.87,1.87,1.86,1.86,1139338.23
2010-08-31,1.85,1.86,1.84,1.84,881463.15
2010-09-01,1.84,1.87,1.84,1.84,968418.34
2010-09-02,1.86,1.86,1.84,1.85,579114.58
2010-09-03,1.85,1.85,1.84,1.85,606950.21
2010-09-06,1.85,1.87,1.85,1.87,1374777.1
2010-09-07,1.87,1.88,1.86,1.87,867337.64
2010-09-08,1.86,1.87,1.84,1.85,1103180.91
2010-09-09,1.85,1.85,1.83,1.83,900279.34
2010-09-10,1.83,1.85,1.82,1.84,755173.06
2010-09-13,1.84,1.85,1.83,1.84,803278.82
2010-09-14,1.84,1.85,1.82,1.83,703169.67
2010-09-15,1.83,1.83,1.81,1.82,922253.68
2010-09-16,1.82,1.82,1.78,1.79,986549.77
2010-09-17,1.8,1.8,1.78,1.79,465895.04
2010-09-20,1.79,1.81,1.79,1.79,529781.45
2010-09-27,1.8,1.81,1.78,1.81,848864.33
2010-09-28,1.79,1.81,1.79,1.81,886520.39
2010-09-29,1.81,1.82,1.8,1.81,839928.77
2010-09-30,1.8,1.83,1.8,1.83,720060.87
2010-10-08,1.83,1.87,1.82,1.86,1248514.2
2010-10-11,1.86,1.91,1.85,1.9,2535377.76
2010-10-12,1.89,1.91,1.87,1.89,1676156.9
2010-10-13,1.9,1.92,1.88,1.91,1353993.2
2010-10-14,1.91,1.98,1.91,1.98,3775414.58
2010-10-15,1.97,2.11,1.97,2.11,4306787.92
2010-10-18,2.11,2.16,2.08,2.11,2573341.48
2010-10-19,2.12,2.12,2.06,2.09,1688763.34
2010-10-20,2.07,2.12,2.06,2.07,1853706.22
2010-10-21,2.07,2.08,2.02,2.04,1385059.43
2010-10-22,2.03,2.04,2.01,2.02,959066.65
2010-10-25,2.02,2.05,2.0,2.05,1453343.25
2010-10-26,2.05,2.05,2.0,2.01,1040762.53
2010-10-27,2.01,2.04,1.99,2.01,1555103.65
2010-10-28,2.0,2.02,1.98,2.01,1321995.83
2010-10-29,2.01,2.01,1.97,1.97,1219844.67
2010-11-01,1.97,2.01,1.97,2.01,1577149.02
2010-11-02,2.01,2.02,1.97,2.01,1340392.8
2010-11-03,2.0,2.09,1.97,2.07,4129338.88
2010-11-04,2.06,2.1,2.05,2.09,1850593.12
2010-11-05,2.09,2.18,2.09,2.18,3673550.49
2010-11-08,2.17,2.18,2.15,2.16,1368009.98
2010-11-09,2.16,2.19,2.11,2.16,1573750.71
2010-11-10,2.14,2.16,2.08,2.14,2349694.54
2010-11-11,2.13,2.17,2.09,2.15,2315210.81
2010-11-12,2.13,2.13,2.06,2.11,2968949.82
2010-11-15,2.09,2.26,2.02,2.26,9062963.32
2010-11-24,2.03,2.09,2.03,2.03,5188320.06
2010-11-25,2.02,2.02,1.98,2.02,2040208.75
2010-11-26,2.01,2.01,1.98,1.99,928300.17
2010-11-29,1.98,1.99,1.96,1.97,803052.38
2010-11-30,1.96,1.98,1.91,1.93,1140023.58
2010-12-01,1.93,1.98,1.92,1.97,780249.61
2010-12-02,1.99,2.03,1.98,2.01,1683387.36
2010-12-03,2.0,2.01,1.97,1.99,374577.22
2010-12-06,1.99,2.01,1.99,2.0,464359.58
2010-12-07,1.99,2.0,1.96,1.98,476454.09
2010-12-08,1.98,1.98,1.95,1.95,406481.9
2010-12-09,1.95,1.97,1.93,1.94,518261.19
2010-12-10,1.94,1.96,1.93,1.95,440150.61
2010-12-13,1.95,1.97,1.94,1.97,745437.19
2010-12-14,1.97,1.98,1.95,1.96,620696.35
2010-12-15,1.97,1.97,1.94,1.94,708931.85
2010-12-16,1.95,1.95,1.93,1.95,489143.9
2010-12-17,1.95,1.95,1.93,1.94,436262.88
2010-12-20,1.94,1.95,1.9,1.93,785989.94
2010-12-21,1.92,1.95,1.92,1.94,1125842.91
2010-12-22,1.94,1.94,1.91,1.92,826888.47
2010-12-23,1.92,1.95,1.91,1.92,742789.98
2010-12-24,1.92,1.94,1.9,1.92,544004.08
2010-12-27,1.93,1.94,1.9,1.91,739648.64
2010-12-28,1.9,1.92,1.87,1.88,571708.7
2010-12-29,1.88,1.89,1.88,1.89,361357.08
2010-12-30,1.89,1.97,1.87,1.95,2251040.26
2010-12-31,1.94,1.96,1.92,1.95,1110645.49
2011-01-04,1.95,1.95,1.92,1.95,492010.81
2011-01-05,1.94,1.95,1.92,1.93,671859.71
2011-01-06,1.92,1.94,1.91,1.91,575097.95
2011-01-07,1.92,1.98,1.9,1.98,1913270.64
2011-01-10,1.96,1.98,1.95,1.95,1128704.46
2011-01-11,1.95,1.97,1.95,1.96,578816.61
2011-01-12,1.96,1.98,1.95,1.97,584180.96
2011-01-13,1.98,2.0,1.97,2.0,914221.51
2011-01-14,1.99,2.01,1.98,2.0,735082.05
2011-01-17,1.98,1.99,1.92,1.95,766309.58
2011-01-18,1.94,1.96,1.92,1.96,524658.25
2011-01-19,1.95,1.96,1.93,1.95,413521.78
2011-01-20,1.95,1.95,1.91,1.91,398552.48
2011-01-21,1.91,1.97,1.9,1.94,460510.93
2011-01-24,1.95,1.95,1.92,1.93,316389.29
2011-01-25,1.93,1.94,1.91,1.93,389916.37
2011-01-26,1.93,1.94,1.92,1.93,278885.27
2011-01-27,1.92,1.95,1.91,1.95,582138.55
2011-01-28,1.94,1.95,1.93,1.94,296891.34
2011-01-31,1.94,1.95,1.93,1.95,280383.06
2011-02-01,1.95,1.97,1.94,1.96,323525.03
2011-02-09,1.95,1.97,1.94,1.95,421395.59
2011-02-10,1.95,1.97,1.94,1.96,293897.63
2011-02-11,1.96,1.97,1.95,1.97,522810.75
2011-02-14,1.97,2.01,1.97,2.01,1424756.73
2011-02-15,2.01,2.02,1.99,2.0,1312318.31
2011-02-16,1.99,2.01,1.98,2.0,1034240.58
2011-02-17,2.0,2.01,1.99,1.99,605448.54
2011-02-18,1.99,2.0,1.98,1.99,551072.05
2011-02-21,1.98,1.99,1.96,1.98,552272.98
2011-02-22,1.97,1.98,1.94,1.95,720574.09
2011-02-23,1.94,1.95,1.93,1.95,461467.44
2011-02-24,1.94,1.95,1.93,1.95,445654.63
2011-02-25,1.95,1.97,1.94,1.96,557178.15
2011-02-28,1.96,1.97,1.95,1.96,228246.07
2011-03-01,1.96,1.98,1.95,1.96,376362.64
2011-03-02,1.95,1.98,1.95,1.97,529130.9
2011-03-03,1.97,2.02,1.96,1.98,2260245.86
2011-03-04,1.98,2.01,1.97,2.0,944342.89
2011-03-07,2.0,2.03,2.0,2.02,1095164.28
2011-03-08,2.02,2.03,2.01,2.03,753681.53
2011-03-09,2.03,2.04,2.03,2.03,609395.08
2011-03-10,2.03,2.03,2.0,2.0,736027.31
2011-03-11,2.0,2.01,1.97,1.98,559843.0
2011-03-14,1.98,1.99,1.97,1.97,452376.64
2011-03-15,1.97,1.97,1.93,1.96,777960.54
2011-03-16,1.96,1.98,1.96,1.98,427483.37
2011-03-17,1.97,1.98,1.96,1.96,459686.46
2011-03-18,1.97,1.99,1.94,1.96,569096.41
2011-03-21,1.97,2.0,1.96,2.0,639116.28
2011-03-22,1.99,2.02,1.98,2.01,734019.14
2011-03-23,2.0,2.03,2.0,2.02,808750.62
2011-03-24,2.02,2.04,2.01,2.03,830523.25
2011-03-25,2.03,2.07,2.02,2.05,1006081.09
2011-03-28,2.06,2.08,2.05,2.07,1036246.46
2011-03-29,2.07,2.1,2.07,2.07,1083537.79
2011-03-30,2.07,2.1,2.07,2.08,910302.53
2011-03-31,2.08,2.09,2.05,2.06,736416.05
2011-04-01,2.07,2.08,2.05,2.07,553094.84
2011-04-06,2.07,2.13,2.07,2.11,838199.86
2011-04-07,2.11,2.12,2.09,2.1,517486.84
2011-04-08,2.1,2.1,2.08,2.09,275443.85
2011-04-11,2.1,2.13,2.09,2.11,766535.15
2011-04-12,2.11,2.13,2.1,2.12,687239.79
2011-04-13,2.11,2.13,2.09,2.13,507144.37
2011-04-14,2.13,2.14,2.12,2.13,614145.39
2011-04-15,2.12,2.16,2.12,2.16,1044117.95
2011-04-18,2.15,2.16,2.14,2.15,398569.94
2011-04-19,2.14,2.14,2.1,2.1,554026.77
2011-04-20,2.1,2.12,2.09,2.1,499035.02
2011-04-21,2.11,2.12,2.1,2.11,349209.32
2011-04-22,2.11,2.11,2.08,2.09,266396.19
2011-04-25,2.07,2.09,2.06,2.07,426080.83
2011-04-26,2.07,2.09,2.06,2.07,464345.19
2011-04-27,2.07,2.1,2.07,2.09,522200.05
2011-04-28,2.1,2.15,2.09,2.11,813735.23
2011-04-29,2.12,2.12,2.07,2.1,362741.15
2011-05-03,2.1,2.11,2.08,2.1,280906.48
2011-05-04,2.09,2.11,2.08,2.08,567899.1
2011-05-05,2.08,2.13,2.07,2.12,796713.15
2011-05-06,2.1,2.13,2.1,2.11,518966.39
2011-05-09,2.11,2.12,2.09,2.1,229403.2
2011-05-10,2.11,2.11,2.09,2.1,222122.15
2011-05-11,2.1,2.11,2.08,2.09,332417.7
2011-05-12,2.08,2.09,2.07,2.07,364338.0
2011-05-13,2.07,2.12,2.07,2.11,536053.92
2011-05-16,2.09,2.12,2.07,2.07,516175.87
2011-05-17,2.07,2.08,2.06,2.07,380758.89
2011-05-18,2.07,2.12,2.07,2.1,364789.56
2011-05-19,2.1,2.12,2.09,2.1,252519.82
2011-05-20,2.1,2.12,2.08,2.09,318386.63
2011-05-23,2.09,2.09,2.04,2.05,619936.17
2011-05-24,2.05,2.07,2.03,2.04,543574.71
2011-05-25,2.04,2.04,1.99,2.01,408798.66
2011-05-26,2.01,2.04,2.01,2.03,334353.76
2011-05-27,2.03,2.05,2.01,2.02,572084.09
2011-05-30,2.02,2.11,2.01,2.1,1561204.17
2011-06-01,2.08,2.09,2.04,2.06,697317.71
2011-06-02,2.05,2.08,2.0,2.04,1065416.12
2011-06-03,2.03,2.04,2.0,2.03,598077.52
2011-06-07,2.02,2.05,2.01,2.04,555850.71
2011-06-08,2.03,2.04,2.01,2.03,438818.23
2011-06-09,2.03,2.03,2.01,2.01,683096.9
2011-06-10,2.01,2.05,2.01,2.03,546835.77
2011-06-13,2.02,2.09,2.02,2.08,694595.97
2011-06-14,2.07,2.08,2.04,2.05,1413391.66
2011-06-15,2.06,2.06,2.04,2.05,598225.13
2011-06-16,2.04,2.06,2.04,2.05,410834.84
2011-06-17,2.05,2.08,2.04,2.06,779249.98
2011-06-20,2.05,2.06,2.03,2.04,390656.39
2011-06-21,2.04,2.07,2.04,2.06,450809.52
2011-06-22,2.06,2.08,2.05,2.08,649723.4
2011-06-23,2.07,2.1,2.06,2.1,651562.2
2011-06-24,2.1,2.15,2.09,2.15,823821.11
2011-06-27,2.14,2.16,2.13,2.15,671987.74
2011-06-28,2.15,2.16,2.14,2.16,503915.99
2011-06-29,2.15,2.15,2.13,2.14,626214.07
2011-06-30,2.14,2.16,2.13,2.14,509434.4
2011-07-01,2.14,2.14,2.09,2.1,571807.43
2011-07-04,2.11,2.12,2.1,2.12,462636.57
2011-07-05,2.11,2.13,2.1,2.11,372994.84
2011-07-06,2.11,2.11,2.07,2.1,696256.17
2011-07-07,2.1,2.11,2.06,2.07,629822.87
2011-07-08,2.07,2.09,2.07,2.08,606697.06
2011-07-11,2.08,2.08,2.07,2.08,325089.85
2011-07-12,2.07,2.07,2.05,2.06,379129.88
2011-07-13,2.06,2.09,2.06,2.08,421700.19
2011-07-14,2.08,2.11,2.07,2.1,598308.99
2011-07-15,2.1,2.11,2.08,2.11,297065.04
2011-07-18,2.11,2.11,2.09,2.09,166880.84
2011-07-19,2.09,2.1,2.08,2.09,395478.99
2011-07-20,2.1,2.11,2.09,2.1,458984.25
2011-07-21,2.1,2.1,2.08,2.1,260199.38
2011-07-22,2.09,2.1,2.08,2.09,244960.69
2011-07-25,2.07,2.08,2.05,2.06,263394.79
2011-07-26,2.05,2.07,2.05,2.06,182765.01
2011-07-27,2.05,2.06,2.04,2.05,429831.37
2011-07-28,2.04,2.05,2.01,2.01,358341.44
2011-07-29,2.02,2.06,2.01,2.04,425384.32
2011-08-01,2.03,2.05,2.02,2.03,199073.95
2011-08-02,2.02,2.03,2.0,2.01,244128.92
2011-08-03,2.01,2.01,1.99,2.0,335792.56
2011-08-04,2.01,2.02,1.99,1.99,325726.24
2011-08-05,1.98,1.99,1.95,1.97,688867.27
2011-08-08,1.97,1.97,1.92,1.93,803870.82
2011-08-09,1.91,1.97,1.89,1.97,809501.36
2011-08-10,1.99,2.02,1.97,1.99,754576.58
2011-08-11,1.97,2.01,1.96,1.99,306951.75
2011-08-12,2.0,2.0,1.98,1.99,269729.56
2011-08-15,1.99,2.01,1.96,2.01,653828.25
2011-08-16,1.99,2.01,1.99,1.99,306953.11
2011-08-17,1.99,2.01,1.99,2.0,172908.55
2011-08-18,2.0,2.01,1.99,2.0,330854.61
2011-08-19,1.99,1.99,1.98,1.98,360008.15
2011-08-22,1.98,1.99,1.95,1.96,176776.37
2011-08-23,1.97,1.98,1.95,1.97,208509.18
2011-08-24,1.98,1.98,1.95,1.96,218181.93
2011-08-25,1.96,2.01,1.95,2.0,736986.53
2011-08-26,1.99,2.0,1.98,1.99,420438.23
2011-08-29,1.99,1.99,1.95,1.96,494487.31
2011-08-30,1.97,1.99,1.96,1.97,416785.58
2011-08-31,1.97,1.99,1.96,1.99,233944.93
2011-09-01,1.99,1.99,1.97,1.98,179950.38
2011-09-02,1.98,1.99,1.96,1.97,150325.39
2011-09-05,1.96,1.97,1.95,1.96,290397.71
2011-09-06,1.95,1.96,1.94,1.95,257650.77
2011-09-07,1.96,1.99,1.95,1.98,235353.59
2011-09-08,1.98,2.0,1.97,1.99,517071.93
2011-09-09,2.0,2.01,1.99,2.0,306563.75
2011-09-13,1.99,1.99,1.98,1.99,218318.78
2011-09-14,1.99,1.99,1.95,1.96,342880.36
2011-09-15,1.97,1.97,1.96,1.96,196225.11
2011-09-16,1.97,1.98,1.95,1.97,301328.31
2011-09-19,1.95,1.96,1.95,1.95,177763.61
2011-09-20,1.95,1.97,1.94,1.95,181104.83
2011-09-21,1.96,1.99,1.95,1.98,357911.86
2011-09-22,1.97,1.97,1.91,1.92,438326.19
2011-09-23,1.92,1.95,1.9,1.92,583262.22
2011-09-26,1.91,1.92,1.89,1.89,376574.39
2011-09-27,1.91,1.93,1.9,1.92,305745.05
2011-09-28,1.93,1.94,1.9,1.91,162645.99
2011-09-29,1.91,1.92,1.9,1.91,280143.37
2011-09-30,1.91,1.92,1.89,1.91,253957.2
2011-10-10,1.9,1.92,1.89,1.91,376871.94
2011-10-11,1.98,1.99,1.93,1.94,681415.83
2011-10-12,1.93,1.99,1.93,1.98,906376.27
2011-10-13,1.97,1.99,1.94,1.98,523128.17
2011-10-14,1.97,1.99,1.96,1.99,375914.61
2011-10-17,1.99,2.0,1.98,1.99,305218.31
2011-10-18,1.98,2.0,1.98,2.0,543379.35
2011-10-19,2.0,2.02,1.99,2.0,423894.83
2011-10-20,1.99,2.01,1.98,1.99,438648.13
2011-10-21,1.99,2.01,1.99,1.99,280460.64
2011-10-24,1.99,2.02,1.99,2.01,249664.86
2011-10-25,2.0,2.05,1.99,2.03,550404.97
2011-10-26,2.03,2.06,2.02,2.04,416321.16
2011-10-27,2.05,2.07,2.04,2.06,428412.9
2011-10-28,2.08,2.1,2.05,2.06,601754.34
2011-10-31,2.06,2.09,2.06,2.07,345987.49
2011-11-01,2.07,2.09,2.06,2.06,287057.87
2011-11-02,2.05,2.08,2.04,2.07,366500.02
2011-11-03,2.08,2.09,2.07,2.07,342395.66
2011-11-04,2.09,2.1,2.07,2.08,308822.89
2011-11-07,2.07,2.09,2.07,2.07,218718.44
2011-11-08,2.07,2.09,2.07,2.08,335824.6
2011-11-09,2.09,2.1,2.08,2.09,264249.54
2011-11-10,2.06,2.07,2.03,2.03,1058764.3
2011-11-11,2.04,2.08,2.04,2.06,692194.3
2011-11-14,2.06,2.09,2.06,2.09,270034.81
2011-11-15,2.08,2.09,2.07,2.07,281789.85
2011-11-16,2.07,2.07,2.04,2.05,425468.23
2011-11-17,2.05,2.07,2.04,2.06,284935.08
2011-11-18,2.05,2.07,2.05,2.06,293708.31
2011-11-21,2.06,2.06,2.03,2.04,171082.08
2011-11-22,2.04,2.05,2.02,2.02,118895.96
2011-11-23,2.02,2.04,2.01,2.03,239974.31
2011-11-24,2.02,2.06,2.02,2.05,213679.26
2011-11-25,2.04,2.05,2.01,2.02,153677.21
2011-11-28,2.02,2.05,2.02,2.03,170559.67
2011-11-30,2.03,2.04,2.0,2.01,452920.92
2011-12-01,2.04,2.07,2.02,2.05,437816.67
2011-12-02,2.04,2.05,2.01,2.04,251656.36
2011-12-05,2.04,2.06,2.03,2.05,523226.29
2011-12-06,2.04,2.05,2.01,2.01,409826.46
2011-12-07,2.01,2.02,1.99,2.0,436475.53
2011-12-08,2.0,2.01,1.99,1.99,321584.95
2011-12-09,1.99,2.0,1.99,2.0,254678.23
2011-12-12,1.99,2.0,1.98,1.98,223066.98
2011-12-13,1.98,1.99,1.97,1.99,321979.64
2011-12-14,1.98,1.99,1.97,1.97,181092.99
2011-12-15,1.97,1.98,1.96,1.97,494219.64
2011-12-16,1.97,2.0,1.95,2.0,387115.6
2011-12-19,1.99,2.01,1.95,2.0,575785.51
2011-12-20,1.99,2.02,1.98,1.99,284552.59
2011-12-21,2.0,2.0,1.98,1.98,290730.5
2011-12-22,1.98,2.0,1.97,1.99,272216.5
2011-12-23,1.99,2.01,1.99,2.0,165831.39
2011-12-26,1.99,2.0,1.98,2.0,237801.79
2011-12-27,1.99,2.01,1.99,2.0,201406.66
2011-12-28,1.99,2.01,1.98,2.01,466450.71
2011-12-29,2.0,2.03,1.99,2.01,454234.77
2011-12-30,2.01,2.04,2.01,2.03,477055.23
2012-01-04,2.03,2.04,2.01,2.02,219008.69
2012-01-05,2.01,2.06,2.01,2.04,451261.8
2012-01-06,2.05,2.08,2.04,2.05,461076.39
2012-01-09,2.06,2.08,2.04,2.07,572680.38
2012-01-10,2.06,2.1,2.05,2.09,844379.71
2012-01-11,2.09,2.1,2.06,2.09,561239.75
2012-01-12,2.08,2.09,2.07,2.08,301558.3
2012-01-13,2.08,2.1,2.07,2.08,494594.42
2012-01-16,2.08,2.08,2.06,2.07,228900.21
2012-01-17,2.06,2.1,2.05,2.09,533520.87
2012-01-18,2.09,2.09,2.06,2.07,593371.15
2012-01-19,2.07,2.1,2.06,2.09,959017.33
2012-01-20,2.09,2.1,2.08,2.09,652926.91
2012-01-30,2.1,2.1,2.04,2.05,643337.25
2012-01-31,2.05,2.07,2.05,2.06,239891.48
2012-02-01,2.06,2.07,2.05,2.05,201042.05
2012-02-02,2.06,2.11,2.05,2.1,781458.14
2012-02-03,2.1,2.13,2.08,2.11,728005.45
2012-02-06,2.11,2.12,2.1,2.11,499244.76
2012-02-07,2.11,2.11,2.07,2.08,374354.35
2012-02-08,2.08,2.11,2.08,2.11,512489.28
2012-02-09,2.11,2.13,2.09,2.12,834304.16
2012-02-10,2.11,2.13,2.1,2.1,527929.06
2012-02-13,2.1,2.11,2.09,2.1,439432.26
2012-02-14,2.09,2.1,2.07,2.09,629225.96
2012-02-15,2.09,2.11,2.08,2.1,632672.1
2012-02-16,2.1,2.12,2.08,2.1,1029404.01
2012-02-17,2.11,2.11,2.09,2.1,338492.45
2012-02-20,2.11,2.12,2.1,2.11,426763.68
2012-02-21,2.11,2.15,2.1,2.14,615058.43
2012-02-22,2.13,2.13,2.1,2.13,724160.7
2012-02-24,2.12,2.13,2.1,2.13,830382.42
2012-02-27,2.12,2.13,2.11,2.13,816280.57
2012-02-28,2.11,2.14,2.11,2.13,696644.63
2012-02-29,2.13,2.13,2.11,2.12,644464.99
2012-03-01,2.12,2.13,2.11,2.11,359025.0
2012-03-02,2.11,2.12,2.11,2.12,609173.62
2012-03-05,2.12,2.13,2.09,2.1,649957.5
2012-03-06,2.1,2.1,2.08,2.08,507609.43
2012-03-07,2.08,2.09,2.06,2.07,617593.71
2012-03-08,2.08,2.08,2.07,2.08,515754.45
2012-03-09,2.08,2.09,2.07,2.08,331954.11
2012-03-12,2.07,2.08,2.06,2.08,436621.75
2012-03-13,2.07,2.09,2.07,2.08,376574.2
2012-03-14,2.09,2.1,2.06,2.07,805637.29
2012-03-15,2.07,2.13,2.06,2.07,990798.32
2012-03-16,2.09,2.09,2.06,2.07,427480.98
2012-03-19,2.07,2.08,2.07,2.07,391086.73
2012-03-20,2.07,2.08,2.06,2.07,258732.71
2012-03-21,2.08,2.09,2.07,2.07,502103.69
2012-03-22,2.07,2.08,2.07,2.08,161597.8
2012-03-23,2.08,2.09,2.06,2.06,382009.19
2012-03-26,2.07,2.08,2.06,2.07,206049.51
2012-03-27,2.07,2.08,2.07,2.08,166552.51
2012-03-28,2.08,2.09,2.07,2.07,440240.05
2012-03-29,2.07,2.07,2.05,2.05,459219.22
2012-03-30,2.06,2.08,2.05,2.08,380339.9
2012-04-05,2.07,2.07,2.04,2.06,827887.34
2012-04-06,2.05,2.06,2.05,2.06,421456.44
2012-04-09,2.06,2.06,2.04,2.05,200373.68
2012-04-10,2.05,2.06,2.05,2.06,272689.81
2012-04-11,2.05,2.07,2.05,2.06,320736.1
2012-04-12,2.06,2.09,2.04,2.09,545669.73
2012-04-13,2.08,2.1,2.07,2.09,424952.97
2012-04-16,2.08,2.1,2.08,2.09,179895.84
2012-04-17,2.09,2.09,2.07,2.08,457884.96
2012-04-18,2.09,2.1,2.08,2.1,467573.04
2012-04-19,2.1,2.1,2.09,2.09,299947.18
2012-04-20,2.09,2.12,2.09,2.12,631816.33
2012-04-23,2.11,2.12,2.1,2.1,438793.76
2012-04-24,2.1,2.13,2.1,2.11,670637.04
2012-04-25,2.11,2.12,2.1,2.12,426328.84
2012-04-26,2.11,2.12,2.1,2.1,381864.75
2012-04-27,2.1,2.1,2.09,2.1,539207.11
2012-05-02,2.11,2.12,2.1,2.11,762118.91
2012-05-03,2.11,2.11,2.08,2.09,660015.62
2012-05-04,2.09,2.1,2.09,2.1,496516.38
2012-05-07,2.1,2.13,2.1,2.12,969594.95
2012-05-08,2.12,2.13,2.1,2.12,640423.38
2012-05-09,2.11,2.12,2.1,2.1,454873.62
2012-05-10,2.11,2.12,2.1,2.11,395066.28
2012-05-11,2.1,2.11,2.09,2.09,337226.72
2012-05-14,2.1,2.11,2.09,2.1,405366.8
2012-05-15,2.09,2.1,2.07,2.08,339804.15
2012-05-16,2.07,2.09,2.05,2.06,594077.69
2012-05-17,2.06,2.08,2.05,2.08,294334.11
2012-05-18,2.07,2.07,2.02,2.04,552898.51
2012-05-21,2.03,2.04,2.01,2.03,391668.46
2012-05-22,2.03,2.03,2.01,2.03,489898.87
2012-05-23,2.02,2.03,2.0,2.0,408929.93
2012-05-24,2.0,2.01,2.0,2.01,335210.59
2012-05-25,2.0,2.01,1.99,2.0,214093.11
2012-05-28,2.0,2.02,1.99,2.01,414656.24
2012-05-29,2.01,2.03,2.0,2.02,388662.34
2012-05-30,2.02,2.04,2.0,2.02,409548.85
2012-06-01,2.02,2.03,2.0,2.03,480064.48
2012-06-04,2.02,2.02,1.99,2.0,594353.41
2012-06-05,2.01,2.03,2.0,2.01,422770.99
2012-06-06,2.01,2.02,2.01,2.01,326074.91
2012-06-07,2.02,2.03,2.0,2.01,317416.97
2012-06-08,2.01,2.01,1.97,1.99,739442.45
2012-06-11,2.0,2.02,1.99,2.0,564482.36
2012-06-12,2.0,2.01,1.99,2.0,446818.27
2012-06-13,2.0,2.02,2.0,2.01,730889.7
2012-06-14,2.01,2.02,1.98,1.99,502726.24
2012-06-15,1.99,2.01,1.98,2.0,478502.12
2012-06-18,2.0,2.01,1.98,1.99,428144.2
2012-06-19,1.98,1.99,1.98,1.98,359174.75
2012-06-20,1.99,1.99,1.98,1.98,259611.2
2012-06-21,1.98,1.99,1.96,1.97,283262.19
2012-06-25,1.97,1.99,1.96,1.98,496755.45
2012-06-26,1.98,1.98,1.97,1.98,215371.64
2012-06-27,1.98,1.99,1.96,1.98,415047.77
2012-06-28,1.98,1.99,1.97,1.97,316717.73
2012-06-29,1.98,1.99,1.97,1.99,340039.4
2012-07-02,1.99,1.99,1.97,1.98,274653.64
2012-07-03,1.98,1.99,1.97,1.97,130989.61
2012-07-04,1.98,1.99,1.97,1.98,192626.73
2012-07-05,1.98,1.99,1.97,1.99,206016.72
2012-07-06,1.97,1.98,1.96,1.97,313277.05
2012-07-09,1.97,1.97,1.9,1.91,404587.26
2012-07-10,1.91,1.94,1.9,1.91,275383.11
2012-07-11,1.91,1.91,1.89,1.9,232979.09
2012-07-12,1.9,1.91,1.88,1.89,460103.03
2012-07-13,1.89,1.9,1.88,1.89,246033.69
2012-07-16,1.9,1.91,1.89,1.91,293016.9
2012-07-17,1.91,1.93,1.9,1.92,223867.85
2012-07-18,1.92,1.93,1.91,1.93,231268.6
2012-07-19,1.93,1.94,1.9,1.91,281084.23
2012-07-20,1.91,1.92,1.89,1.9,181358.24
2012-07-23,1.89,1.89,1.86,1.87,255235.92
2012-07-24,1.87,1.87,1.85,1.85,230713.41
2012-07-25,1.86,1.86,1.85,1.85,122334.53
2012-07-26,1.85,1.85,1.84,1.85,157170.93
2012-07-27,1.85,1.87,1.85,1.87,293306.35
2012-07-30,1.87,1.89,1.86,1.87,250312.78
2012-07-31,1.87,1.89,1.87,1.89,233176.49
2012-08-01,1.89,1.9,1.88,1.9,249704.46
2012-08-02,1.89,1.91,1.89,1.9,229963.03
2012-08-03,1.9,1.92,1.9,1.91,163822.39
2012-08-06,1.91,1.92,1.89,1.9,298040.35
2012-08-07,1.9,1.9,1.87,1.88,396747.61
2012-08-08,1.88,1.91,1.88,1.9,311857.07
2012-08-09,1.9,1.91,1.89,1.89,186482.2
2012-08-10,1.89,1.91,1.89,1.91,201502.72
2012-08-13,1.91,1.93,1.9,1.92,279744.03
2012-08-14,1.93,1.94,1.92,1.93,230573.99
2012-08-15,1.92,1.94,1.91,1.91,243536.65
2012-08-16,1.91,1.93,1.91,1.91,110285.23
2012-08-17,1.91,1.93,1.91,1.93,278710.03
2012-08-20,1.92,1.93,1.91,1.93,160307.88
2012-08-21,1.93,1.94,1.89,1.93,473472.36
2012-08-22,1.92,1.93,1.91,1.93,240563.15
2012-08-23,1.92,1.93,1.91,1.92,344821.28
2012-08-24,1.91,1.92,1.91,1.92,227836.86
2012-08-27,1.91,1.93,1.9,1.92,384754.02
2012-08-28,1.92,1.94,1.91,1.94,317984.8
2012-08-29,1.93,1.94,1.92,1.93,150109.29
2012-08-30,1.92,1.94,1.92,1.94,214608.55
2012-08-31,1.93,1.94,1.92,1.92,212087.57
2012-09-03,1.93,1.93,1.89,1.9,477720.68
2012-09-04,1.89,1.9,1.87,1.88,218380.54
2012-09-05,1.88,1.89,1.85,1.86,316588.15
2012-09-06,1.86,1.87,1.85,1.87,246005.46
2012-09-07,1.87,1.94,1.87,1.91,1025453.56
2012-09-10,1.9,1.91,1.89,1.91,306652.08
2012-09-11,1.9,1.91,1.88,1.91,238986.08
2012-09-12,1.9,1.91,1.88,1.89,304462.84
2012-09-13,1.89,1.9,1.87,1.89,215957.9
2012-09-14,1.89,1.91,1.89,1.9,443371.85
2012-09-17,1.9,1.9,1.89,1.89,186433.66
2012-09-18,1.89,1.89,1.86,1.86,186771.62
2012-09-19,1.87,1.87,1.86,1.86,238119.81
2012-09-20,1.86,1.87,1.85,1.85,329790.81
2012-09-21,1.85,1.85,1.84,1.84,208410.47
2012-09-24,1.84,1.85,1.82,1.83,342001.16
2012-09-25,1.83,1.84,1.82,1.84,220931.65
2012-09-26,1.84,1.84,1.81,1.83,199129.07
2012-09-27,1.83,1.91,1.82,1.88,492892.62
2012-09-28,1.86,1.9,1.85,1.89,499663.46
2012-10-08,1.89,1.9,1.87,1.89,246081.42
2012-10-09,1.89,1.93,1.89,1.91,396819.34
2012-10-10,1.92,1.92,1.9,1.91,185196.67
2012-10-11,1.91,1.93,1.9,1.92,288363.77
2012-10-12,1.93,1.94,1.92,1.93,481168.65
2012-10-15,1.93,1.94,1.91,1.92,180253.78
2012-10-16,1.92,1.93,1.91,1.92,247407.09
2012-10-17,1.93,1.94,1.92,1.94,331302.2
2012-10-18,1.94,1.97,1.94,1.96,459438.96
2012-10-19,1.96,1.97,1.95,1.97,274299.84
2012-10-22,1.96,1.98,1.96,1.97,320044.7
2012-10-23,1.97,1.98,1.96,1.96,403926.22
2012-10-24,1.96,1.97,1.95,1.96,207921.09
2012-10-25,1.96,1.96,1.94,1.94,220390.95
2012-10-26,1.94,1.95,1.92,1.93,199108.38
2012-10-29,1.92,1.93,1.91,1.92,174302.44
2012-10-30,1.92,1.92,1.9,1.92,273424.64
2012-10-31,1.92,1.93,1.91,1.92,194027.27
2012-11-01,1.93,1.96,1.93,1.95,375813.49
2012-11-02,1.95,1.98,1.94,1.97,446830.4
2012-11-05,1.96,1.97,1.95,1.96,650479.45
2012-11-06,1.96,1.96,1.93,1.95,532793.46
2012-11-07,1.95,1.96,1.94,1.95,359015.5
2012-11-08,1.95,1.95,1.93,1.95,311962.32
2012-11-09,1.94,1.95,1.93,1.95,679499.83
2012-11-12,1.95,1.96,1.93,1.96,524831.01
2012-11-13,1.96,1.96,1.93,1.94,431259.25
2012-11-14,1.94,1.95,1.93,1.95,457514.29
2012-11-15,1.94,1.95,1.93,1.93,367764.85
2012-11-16,1.93,1.94,1.92,1.93,556598.59
2012-11-19,1.93,1.94,1.92,1.94,311489.79
2012-11-20,1.94,1.94,1.91,1.93,202147.4
2012-11-21,1.93,1.94,1.92,1.93,179366.03
2012-11-22,1.93,1.94,1.92,1.93,195690.55
2012-11-23,1.94,1.94,1.93,1.94,274611.53
2012-11-26,1.93,1.94,1.92,1.94,208497.39
2012-11-27,1.93,1.94,1.93,1.94,476656.03
2012-11-28,1.94,1.95,1.93,1.95,416032.64
2012-11-29,1.95,1.96,1.94,1.95,534076.65
2012-11-30,1.95,1.96,1.94,1.95,427028.68
2012-12-03,1.95,1.96,1.94,1.94,267018.46
2012-12-04,1.94,1.95,1.93,1.93,244967.37
2012-12-05,1.93,1.98,1.92,1.96,839001.89
2012-12-06,1.96,1.97,1.95,1.97,517705.7
2012-12-07,1.97,1.99,1.95,1.98,1108441.27
2012-12-10,1.98,2.0,1.97,1.99,1130023.49
2012-12-11,1.98,2.01,1.98,1.99,797754.41
2012-12-12,1.99,2.02,1.98,2.01,805223.93
2012-12-13,2.01,2.01,1.98,1.99,517635.49
2012-12-14,1.99,2.08,1.98,2.06,1376374.72
2012-12-17,2.06,2.07,2.04,2.06,769891.68
2012-12-18,2.05,2.08,2.04,2.07,1187255.48
2012-12-19,2.07,2.08,2.06,2.06,568090.23
2012-12-20,2.06,2.06,2.04,2.05,484570.63
2012-12-21,2.05,2.06,2.01,2.02,491816.94
2012-12-24,2.02,2.04,2.02,2.02,369143.38
2012-12-25,2.02,2.09,2.01,2.08,964648.74
2012-12-26,2.08,2.08,2.04,2.05,626079.95
2012-12-27,2.05,2.06,2.03,2.04,519353.97
2012-12-28,2.04,2.07,2.04,2.06,676876.73
2012-12-31,2.06,2.1,2.06,2.09,1105389.06
2013-01-04,2.11,2.14,2.1,2.12,1184135.34
2013-01-07,2.12,2.14,2.11,2.13,820376.83
2013-01-08,2.13,2.14,2.07,2.08,935226.55
2013-01-09,2.08,2.11,2.08,2.09,720871.17
2013-01-10,2.09,2.13,2.08,2.13,789236.17
2013-01-11,2.13,2.14,2.1,2.11,570327.98
2013-01-14,2.11,2.17,2.1,2.16,1126801.74
2013-01-15,2.16,2.17,2.14,2.15,752816.65
2013-01-16,2.15,2.16,2.1,2.15,572101.58
2013-01-17,2.14,2.15,2.11,2.11,586569.01
2013-01-18,2.13,2.15,2.11,2.12,586125.65
2013-01-21,2.12,2.12,2.1,2.11,651578.34
2013-01-22,2.11,2.17,2.1,2.14,1788638.29
2013-01-23,2.14,2.14,2.1,2.11,1289245.38
2013-01-24,2.11,2.18,2.11,2.14,1613254.46
2013-01-25,2.14,2.16,2.12,2.13,863410.82
2013-01-28,2.14,2.17,2.11,2.16,1043459.9
2013-01-29,2.16,2.17,2.14,2.16,1393396.18
2013-01-30,2.16,2.22,2.14,2.21,2255188.57
2013-01-31,2.22,2.25,2.19,2.22,2516513.19
2013-02-01,2.21,2.25,2.19,2.24,1858440.03
2013-02-04,2.24,2.28,2.23,2.25,2037386.22
2013-02-05,2.24,2.24,2.21,2.22,1438921.93
2013-02-06,2.22,2.24,2.19,2.23,1273597.68
2013-02-07,2.22,2.22,2.15,2.18,1536732.98
2013-02-08,2.18,2.21,2.17,2.19,1290474.09
2013-02-18,2.2,2.21,2.17,2.17,676376.21
2013-02-19,2.18,2.19,2.14,2.15,673065.32
2013-02-20,2.16,2.16,2.12,2.14,612487.86
2013-02-21,2.12,2.13,2.07,2.1,1210549.3
2013-02-22,2.09,2.11,2.08,2.08,700866.03
2013-02-25,2.09,2.1,2.08,2.08,466879.01
2013-02-26,2.08,2.1,2.04,2.06,903679.4
2013-02-27,2.06,2.1,2.06,2.1,831213.77
2013-02-28,2.1,2.15,2.08,2.12,1158765.92
2013-03-01,2.13,2.13,2.08,2.1,591578.54
2013-03-04,2.08,2.1,2.03,2.05,1395169.45
2013-03-05,2.06,2.12,2.05,2.1,1004193.48
2013-03-06,2.11,2.11,2.09,2.1,600376.64
2013-03-07,2.09,2.1,2.06,2.08,557127.8
2013-03-08,2.08,2.09,2.07,2.07,300049.09
2013-03-11,2.07,2.08,2.05,2.07,231620.01
2013-03-12,2.07,2.1,2.06,2.08,561662.0
2013-03-13,2.08,2.08,2.06,2.08,366754.49
2013-03-14,2.07,2.09,2.06,2.09,407045.6
2013-03-15,2.09,2.12,2.08,2.1,898758.61
2013-03-18,2.09,2.11,2.04,2.05,838505.2
2013-03-19,2.05,2.07,2.04,2.05,590115.41
2013-03-20,2.06,2.11,2.05,2.1,1035872.86
2013-03-21,2.09,2.12,2.09,2.1,502817.74
2013-03-22,2.1,2.11,2.09,2.1,403808.66
2013-03-25,2.11,2.12,2.1,2.11,351762.63
2013-03-26,2.1,2.11,2.07,2.08,431638.75
2013-03-27,2.08,2.1,2.07,2.07,406762.71
2013-03-28,2.07,2.07,2.01,2.02,1571979.97
2013-03-29,2.03,2.04,2.02,2.04,394103.91
2013-04-01,2.04,2.05,2.03,2.04,495669.23
2013-04-02,2.05,2.05,2.04,2.04,491081.25
2013-04-03,2.05,2.08,2.05,2.06,496363.63
2013-04-08,2.04,2.06,2.03,2.05,655228.53
2013-04-09,2.06,2.06,2.04,2.05,491406.87
2013-04-10,2.05,2.06,2.05,2.05,215607.3
2013-04-11,2.06,2.06,2.05,2.05,217220.17
2013-04-12,2.05,2.06,2.04,2.05,336665.31
2013-04-15,2.04,2.05,2.03,2.03,434073.75
2013-04-16,2.03,2.04,2.02,2.03,391845.63
2013-04-17,2.03,2.04,2.02,2.03,388978.88
2013-04-18,2.03,2.05,2.02,2.04,297132.14
2013-04-19,2.05,2.07,2.04,2.07,700088.89
2013-04-22,2.06,2.08,2.06,2.06,521670.33
2013-04-23,2.07,2.07,2.04,2.05,537602.2
2013-04-24,2.05,2.07,2.04,2.06,402512.91
2013-04-25,2.06,2.06,2.04,2.05,432722.65
2013-04-26,2.06,2.06,2.04,2.04,482361.0
2013-05-02,2.04,2.05,2.03,2.05,580321.25
2013-05-03,2.05,2.08,2.04,2.05,682442.53
2013-05-06,2.06,2.07,2.05,2.06,428081.78
2013-05-07,2.06,2.07,2.05,2.06,437288.95
2013-05-08,2.06,2.07,2.06,2.06,580913.23
2013-05-09,2.07,2.07,2.06,2.06,316398.4
2013-05-10,2.06,2.07,2.06,2.07,430990.78
2013-05-13,2.07,2.07,2.06,2.06,312012.68
2013-05-14,2.06,2.07,2.04,2.05,326414.28
2013-05-15,2.05,2.06,2.04,2.04,261437.32
2013-05-16,2.04,2.07,2.04,2.06,382248.41
2013-05-17,2.06,2.1,2.06,2.09,694484.37
2013-05-20,2.1,2.12,2.09,2.11,909448.84
2013-05-21,2.1,2.12,2.09,2.11,458487.17
2013-05-22,2.11,2.11,2.09,2.09,397461.31
2013-05-23,2.09,2.12,2.09,2.09,644772.22
2013-05-24,2.1,2.11,2.09,2.09,372410.58
2013-05-27,2.09,2.1,2.08,2.08,309537.94
2013-05-28,2.08,2.11,2.08,2.11,493090.9
2013-05-29,2.11,2.12,2.1,2.12,490393.9
2013-05-30,2.11,2.12,2.1,2.11,405344.64
2013-05-31,2.11,2.13,2.1,2.1,264104.5
2013-06-03,2.11,2.13,2.1,2.12,467754.52
2013-06-04,2.12,2.13,2.11,2.12,724230.59
2013-06-05,2.12,2.14,2.11,2.12,586020.6
2013-06-06,2.12,2.14,2.08,2.09,804155.7
2013-06-07,2.09,2.11,2.09,2.1,576824.06
2013-06-13,2.09,2.09,2.05,2.08,802999.38
2013-06-14,2.08,2.1,2.06,2.09,676315.29
2013-06-17,2.09,2.1,2.07,2.07,288795.49
2013-06-18,2.09,2.1,2.07,2.09,396918.35
2013-06-19,2.09,2.09,2.07,2.09,287865.6
2013-06-20,2.08,2.09,2.03,2.04,454613.74
2013-06-21,2.04,2.04,2.01,2.02,685289.87
2013-06-24,2.03,2.03,1.95,1.96,880418.14
2013-06-25,1.95,2.0,1.92,1.99,1479312.73
2013-06-26,2.03,2.03,1.82,2.0,1628844.87
2013-06-27,2.0,2.05,1.99,2.04,1006050.48
2013-06-28,2.05,2.16,2.04,2.15,1600125.47
2013-07-01,2.12,2.16,2.11,2.16,1955918.04
2013-07-02,2.13,2.16,2.12,2.15,1732958.94
2013-07-03,2.13,2.14,2.1,2.11,1988954.91
2013-07-04,2.09,2.12,2.09,2.09,899153.83
2013-07-05,2.09,2.12,2.09,2.12,605556.75
2013-07-08,2.11,2.12,2.09,2.12,932607.95
2013-07-09,2.11,2.12,2.09,2.12,1183511.1
2013-07-10,2.11,2.12,2.09,2.11,812341.43
2013-07-11,2.11,2.15,2.1,2.13,1641645.01
2013-07-12,2.13,2.13,2.09,2.12,1310312.5
2013-07-15,2.12,2.13,2.11,2.11,730510.77
2013-07-16,2.11,2.12,2.1,2.12,591915.62
2013-07-17,2.11,2.13,2.1,2.12,676988.25
2013-07-18,2.11,2.12,2.1,2.11,653553.61
2013-07-19,2.11,2.12,2.09,2.12,1131554.38
2013-07-22,2.1,2.11,2.08,2.11,1327113.24
2013-07-23,2.09,2.12,2.09,2.11,1023049.63
2013-07-24,2.11,2.11,2.09,2.1,532148.54
2013-07-25,2.11,2.11,2.09,2.09,386258.73
2013-07-26,2.09,2.11,2.09,2.09,360404.54
2013-07-29,2.09,2.09,2.08,2.08,395072.51
2013-07-30,2.09,2.11,2.08,2.09,498601.82
2013-07-31,2.1,2.1,2.08,2.08,297179.33
2013-08-01,2.09,2.11,2.08,2.09,404779.24
2013-08-02,2.11,2.11,2.09,2.09,328836.79
2013-08-05,2.1,2.11,2.09,2.1,162546.03
2013-08-06,2.09,2.11,2.09,2.09,325124.5
2013-08-07,2.09,2.1,2.08,2.08,352405.78
2013-08-08,2.08,2.1,2.08,2.09,228680.62
2013-08-09,2.09,2.1,2.08,2.09,302811.47
2013-08-12,2.09,2.12,2.09,2.12,495232.13
2013-08-13,2.12,2.12,2.1,2.12,355749.33
2013-08-14,2.12,2.13,2.11,2.11,303369.43
2013-08-15,2.12,2.13,2.11,2.12,342271.3
2013-08-16,2.12,2.33,2.11,2.12,1881609.43
2013-08-19,2.09,2.12,2.09,2.11,720079.76
2013-08-20,2.11,2.12,2.09,2.1,520953.6
2013-08-21,2.11,2.11,2.09,2.1,315134.9
2013-08-22,2.11,2.11,2.06,2.09,396468.15
2013-08-23,2.1,2.11,2.07,2.08,367447.8
2013-08-26,2.08,2.11,2.07,2.11,332451.53
2013-08-27,2.1,2.11,2.09,2.09,270502.3
2013-08-28,2.09,2.09,2.07,2.08,298371.69
2013-08-29,2.09,2.09,2.07,2.07,231350.89
2013-08-30,2.07,2.09,2.07,2.09,319904.18
2013-09-02,2.09,2.09,2.08,2.08,370105.05
2013-09-03,2.09,2.11,2.08,2.11,567710.16
2013-09-04,2.11,2.11,2.08,2.11,456967.79
2013-09-05,2.1,2.11,2.09,2.09,219451.84
2013-09-06,2.09,2.11,2.09,2.09,326747.03
2013-09-09,2.09,2.2,2.09,2.19,2213073.04
2013-09-10,2.17,2.18,2.13,2.13,1729538.04
2013-09-11,2.14,2.15,2.13,2.14,792272.73
2013-09-12,2.14,2.19,2.13,2.17,1267876.6
2013-09-13,2.16,2.16,2.13,2.14,667484.37
2013-09-16,2.14,2.15,2.13,2.13,599968.08
2013-09-17,2.13,2.13,2.11,2.11,538822.04
2013-09-18,2.11,2.11,2.09,2.09,555803.99
2013-09-23,2.1,2.11,2.09,2.09,564140.83
2013-09-24,2.09,2.09,2.07,2.08,601470.96
2013-09-25,2.08,2.09,2.08,2.08,390415.35
2013-09-26,2.08,2.08,2.05,2.06,587325.48
2013-09-27,2.06,2.08,2.06,2.07,353911.42
2013-09-30,2.07,2.07,2.06,2.07,326499.74
2013-10-08,2.06,2.07,2.06,2.07,419660.76
2013-10-09,2.06,2.07,2.06,2.07,351036.39
2013-10-10,2.07,2.08,2.06,2.07,381184.56
2013-10-11,2.07,2.09,2.07,2.08,519935.91
2013-10-14,2.09,2.09,2.07,2.08,372529.19
2013-10-15,2.07,2.08,2.05,2.06,536116.2
2013-10-16,2.06,2.07,2.06,2.07,473251.4
2013-10-17,2.07,2.08,2.06,2.07,404332.52
2013-10-18,2.07,2.08,2.06,2.06,470142.03
2013-10-21,2.06,2.07,2.05,2.07,371387.93
2013-10-22,2.07,2.07,2.06,2.06,262209.58
2013-10-23,2.07,2.07,2.06,2.06,306006.56
2013-10-24,2.06,2.06,2.04,2.04,460429.08
2013-10-25,2.04,2.06,2.02,2.03,536542.01
2013-10-28,2.03,2.04,2.01,2.01,249890.3
2013-10-29,2.01,2.05,2.01,2.04,640971.2
2013-10-30,2.04,2.05,2.02,2.04,474518.25
2013-10-31,2.04,2.06,2.02,2.05,694006.88
2013-11-01,2.05,2.06,2.04,2.06,505289.28
2013-11-04,2.06,2.07,2.05,2.06,426727.26
2013-11-05,2.05,2.06,2.04,2.05,530217.42
2013-11-06,2.05,2.05,2.04,2.04,386487.07
2013-11-07,2.04,2.06,2.03,2.05,489970.59
2013-11-08,2.05,2.06,2.05,2.05,392775.07
2013-11-11,2.04,2.06,2.04,2.05,419478.98
2013-11-12,2.05,2.06,2.05,2.05,540416.89
2013-11-13,2.05,2.06,2.03,2.04,567927.43
2013-11-14,2.03,2.04,2.02,2.03,584424.31
2013-11-15,2.03,2.05,2.02,2.03,878882.44
2013-11-18,2.03,2.06,2.03,2.05,1127632.73
2013-11-19,2.05,2.05,2.04,2.05,841873.98
2013-11-20,2.05,2.05,2.04,2.05,689144.27
2013-11-21,2.04,2.09,2.03,2.08,1395441.19
2013-11-22,2.06,2.07,2.05,2.07,986750.5
2013-11-25,2.06,2.06,2.04,2.04,558601.41
2013-11-26,2.04,2.05,2.03,2.03,658407.81
2013-11-27,2.03,2.04,2.03,2.03,559031.05
2013-11-28,2.04,2.05,2.03,2.04,548669.83
2013-11-29,2.04,2.04,2.03,2.04,444179.8
2013-12-02,2.04,2.08,2.03,2.07,1807564.37
2013-12-03,2.05,2.06,2.04,2.05,873965.28
2013-12-04,2.05,2.06,2.04,2.05,964744.78
2013-12-05,2.05,2.05,2.04,2.04,1076243.05
2013-12-06,2.04,2.05,2.04,2.04,534274.71
2013-12-09,2.04,2.05,2.03,2.04,752004.94
2013-12-10,2.04,2.04,2.03,2.04,621401.46
2013-12-11,2.03,2.04,2.02,2.03,975061.18
2013-12-12,2.03,2.03,2.01,2.01,628666.6
2013-12-13,2.01,2.01,1.98,1.99,1078069.47
2013-12-16,1.99,2.0,1.97,1.98,694463.6
2013-12-17,1.98,1.99,1.97,1.97,488924.94
2013-12-18,1.97,1.97,1.96,1.97,584279.76
2013-12-19,1.97,1.97,1.94,1.94,864285.93
2013-12-20,1.94,1.94,1.91,1.91,1426844.94
2013-12-23,1.92,1.93,1.91,1.92,493553.27
2013-12-24,1.92,1.93,1.91,1.92,343046.29
2013-12-25,1.92,1.93,1.92,1.92,286853.42
2013-12-26,1.92,1.92,1.89,1.9,439358.13
2013-12-27,1.9,1.93,1.89,1.92,679225.22
2013-12-30,1.92,1.92,1.9,1.9,476321.35
2013-12-31,1.91,1.92,1.9,1.92,575859.98
2014-01-02,1.92,1.92,1.91,1.92,403770.49
2014-01-03,1.91,1.92,1.9,1.91,435310.21
2014-01-06,1.91,1.91,1.88,1.9,698465.6
2014-01-07,1.89,1.9,1.88,1.9,412385.08
2014-01-08,1.9,1.92,1.89,1.91,519443.77
2014-01-09,1.91,1.92,1.88,1.89,446215.8
2014-01-10,1.89,1.9,1.88,1.89,417337.08
2014-01-13,1.9,1.9,1.89,1.9,444106.73
2014-01-14,1.89,1.89,1.88,1.89,437080.09
2014-01-15,1.88,1.89,1.84,1.85,708146.8
2014-01-16,1.85,1.85,1.83,1.84,773812.62
2014-01-17,1.83,1.83,1.82,1.83,610188.25
2014-01-20,1.83,1.83,1.81,1.82,525165.08
2014-01-21,1.82,1.83,1.81,1.82,518005.18
2014-01-22,1.82,1.84,1.82,1.84,782298.37
2014-01-23,1.83,1.83,1.82,1.82,532036.66
2014-01-24,1.82,1.83,1.82,1.82,495226.32
2014-01-27,1.82,1.82,1.78,1.8,993853.74
2014-01-28,1.8,1.82,1.79,1.82,500112.7
2014-01-29,1.81,1.84,1.81,1.84,602624.86
2014-01-30,1.84,1.84,1.82,1.83,277530.4
2014-02-07,1.82,1.82,1.81,1.82,278756.15
2014-02-10,1.83,1.84,1.82,1.83,495087.3
2014-02-11,1.83,1.86,1.82,1.85,991579.13
2014-02-12,1.84,1.85,1.84,1.84,398125.19
2014-02-13,1.84,1.86,1.83,1.84,734776.3
2014-02-14,1.85,1.85,1.83,1.84,355154.24
2014-02-17,1.84,1.85,1.84,1.84,514046.32
2014-02-18,1.84,1.85,1.83,1.84,421805.2
2014-02-19,1.84,1.89,1.83,1.86,860473.71
2014-02-20,1.86,1.88,1.84,1.84,557895.41
2014-02-21,1.84,1.85,1.83,1.84,288343.8
2014-02-24,1.83,1.83,1.8,1.81,606592.15
2014-02-25,1.81,1.82,1.8,1.81,450423.66
2014-02-26,1.8,1.81,1.78,1.79,406690.39
2014-02-27,1.79,1.8,1.78,1.8,651818.5
2014-02-28,1.79,1.79,1.78,1.79,540628.32
2014-03-03,1.78,1.79,1.77,1.78,653267.76
2014-03-04,1.78,1.79,1.77,1.79,516743.42
2014-03-05,1.79,1.79,1.77,1.78,406227.6
2014-03-06,1.78,1.79,1.77,1.78,392028.82
2014-03-07,1.78,1.79,1.77,1.78,372930.93
2014-03-10,1.78,1.78,1.74,1.75,660832.74
2014-03-11,1.75,1.75,1.71,1.73,836437.8
2014-03-12,1.73,1.73,1.71,1.73,544831.74
2014-03-13,1.74,1.78,1.73,1.75,828319.47
2014-03-14,1.74,1.75,1.73,1.74,531060.73
2014-03-17,1.74,1.75,1.73,1.74,379254.34
2014-03-18,1.75,1.75,1.74,1.75,368116.48
2014-03-19,1.74,1.76,1.74,1.76,466844.31
2014-03-20,1.75,1.78,1.75,1.76,621259.06
2014-03-21,1.75,1.81,1.75,1.79,1264707.11
2014-03-24,1.79,1.82,1.79,1.81,745278.59
2014-03-25,1.81,1.81,1.79,1.8,333137.61
2014-03-26,1.8,1.82,1.8,1.82,505887.06
2014-03-27,1.82,1.83,1.8,1.81,436237.84
2014-03-28,1.82,1.87,1.81,1.85,1019659.82
2014-03-31,1.86,1.87,1.84,1.85,607985.36
2014-04-01,1.85,1.86,1.84,1.85,385528.66
2014-04-02,1.85,1.85,1.83,1.84,566734.65
2014-04-03,1.85,1.85,1.83,1.83,523155.07
2014-04-04,1.83,1.84,1.82,1.84,313933.71
2014-04-08,1.84,1.88,1.83,1.88,940740.53
2014-04-09,1.87,1.88,1.86,1.86,547616.57
2014-04-10,1.86,1.91,1.86,1.9,971001.09
2014-04-11,1.9,1.9,1.88,1.89,801352.46
2014-04-14,1.89,1.9,1.87,1.88,467053.85
2014-04-15,1.87,1.88,1.84,1.85,347110.15
2014-04-16,1.85,1.88,1.84,1.88,523770.67
2014-04-17,1.88,1.88,1.85,1.86,291826.7
2014-04-18,1.85,1.86,1.84,1.86,249784.03
2014-04-21,1.85,1.87,1.84,1.84,281674.19
2014-04-22,1.84,1.86,1.84,1.85,272779.77
2014-04-23,1.84,1.85,1.83,1.84,335394.72
2014-04-24,1.84,1.86,1.83,1.83,375714.33
2014-04-25,1.84,1.85,1.83,1.85,411856.14
2014-04-28,1.85,1.86,1.85,1.85,441036.34
2014-04-29,1.85,1.85,1.84,1.85,378904.27
2014-04-30,1.85,1.85,1.83,1.84,322448.72
2014-05-05,1.83,1.84,1.82,1.83,427509.73
2014-05-06,1.83,1.84,1.82,1.82,490640.31
2014-05-07,1.82,1.83,1.82,1.83,317288.15
2014-05-08,1.82,1.85,1.82,1.84,412583.72
2014-05-09,1.84,1.86,1.84,1.85,455994.31
2014-05-12,1.85,1.88,1.84,1.86,687883.13
2014-05-13,1.87,1.87,1.85,1.85,386032.01
2014-05-14,1.85,1.86,1.84,1.85,376448.04
2014-05-15,1.85,1.86,1.84,1.86,365033.06
2014-05-16,1.86,1.87,1.85,1.86,384865.87
2014-05-19,1.86,1.86,1.84,1.85,429141.05
2014-05-20,1.86,1.86,1.85,1.86,366559.83
2014-05-21,1.85,1.87,1.85,1.87,376128.37
2014-05-22,1.86,1.89,1.86,1.88,466326.14
2014-05-23,1.88,1.89,1.87,1.89,296705.4
2014-05-26,1.89,1.89,1.88,1.88,308996.33
2014-05-27,1.88,1.9,1.88,1.89,437589.26
2014-05-28,1.89,1.92,1.89,1.91,476969.74
2014-05-29,1.92,1.92,1.91,1.91,337061.43
2014-05-30,1.91,1.92,1.9,1.91,474431.92
2014-06-03,1.91,1.93,1.91,1.92,514137.37
2014-06-04,1.92,1.93,1.91,1.91,497486.89
2014-06-05,1.91,1.94,1.91,1.94,752307.0
2014-06-06,1.94,1.96,1.93,1.93,609430.44
2014-06-09,1.93,1.97,1.93,1.96,503788.07
2014-06-10,1.96,2.0,1.96,2.0,962859.3
2014-06-11,1.99,2.01,1.97,1.99,797624.01
2014-06-12,1.98,2.0,1.98,1.99,470827.38
2014-06-13,1.98,2.0,1.98,2.0,637149.56
2014-06-16,2.0,2.03,1.99,2.03,962021.93
2014-06-17,2.01,2.03,1.98,2.0,1074291.51
2014-06-18,2.0,2.0,1.98,2.0,1101705.63
2014-06-19,2.0,2.0,1.98,1.99,919291.76
2014-06-20,1.99,1.99,1.94,1.99,1069966.36
2014-06-23,1.98,1.98,1.96,1.96,551313.33
2014-06-24,1.96,1.97,1.95,1.97,548924.34
2014-06-25,1.96,1.96,1.94,1.95,512791.43
2014-06-26,1.95,1.96,1.94,1.95,481944.64
2014-06-27,1.95,1.96,1.94,1.95,334727.91
2014-06-30,1.95,1.96,1.95,1.95,306463.79
2014-07-01,1.96,1.96,1.95,1.95,432986.13
2014-07-02,1.95,1.97,1.95,1.96,429136.24
2014-07-03,1.96,1.98,1.96,1.97,402427.23
2014-07-04,1.97,1.98,1.96,1.97,347687.15
2014-07-07,1.97,1.99,1.96,1.99,385687.68
2014-07-08,1.99,2.0,1.98,2.0,560558.11
2014-07-09,2.0,2.0,1.97,1.97,416572.52
2014-07-10,1.97,1.99,1.96,1.99,566091.48
2014-07-11,1.98,2.0,1.98,1.98,289527.24
2014-07-14,1.99,1.99,1.98,1.99,479152.1
2014-07-15,1.99,2.0,1.98,2.0,588123.87
2014-07-16,1.99,2.0,1.99,1.99,435996.84
2014-07-17,1.99,1.99,1.98,1.99,351237.96
2014-07-18,1.98,1.99,1.98,1.99,418429.47
2014-07-21,1.99,1.99,1.96,1.97,402663.16
2014-07-22,1.96,1.99,1.96,1.98,531474.48
2014-07-23,1.98,1.99,1.97,1.98,487619.2
2014-07-24,1.98,2.01,1.98,2.0,942441.53
2014-07-25,2.01,2.03,2.0,2.03,683397.25
2014-07-28,2.03,2.09,2.03,2.07,2174887.93
2014-07-29,2.07,2.08,2.06,2.07,1117542.92
2014-07-30,2.07,2.07,2.05,2.06,948511.28
2014-07-31,2.06,2.07,2.05,2.07,746022.13
2014-08-01,2.07,2.09,2.06,2.07,1025431.8
2014-08-04,2.07,2.09,2.06,2.08,981560.81
2014-08-05,2.08,2.09,2.06,2.07,1027056.94
2014-08-06,2.06,2.07,2.05,2.06,728211.56
2014-08-07,2.06,2.06,2.02,2.03,1022450.67
2014-08-08,2.03,2.03,2.0,2.02,841175.83
2014-08-11,2.02,2.07,2.02,2.05,848387.24
2014-08-12,2.06,2.06,2.03,2.03,482511.9
2014-08-13,2.03,2.04,2.02,2.02,764474.56
2014-08-14,2.03,2.04,2.02,2.02,534689.57
2014-08-15,2.02,2.03,2.02,2.03,494037.69
2014-08-18,2.03,2.04,2.02,2.02,769530.81
2014-08-19,2.03,2.03,2.02,2.03,520167.91
2014-08-20,2.02,2.03,2.02,2.03,476806.76
2014-08-21,2.02,2.03,2.0,2.02,598790.14
2014-08-22,2.02,2.02,2.01,2.02,458915.69
2014-08-25,2.02,2.02,2.0,2.02,621282.92
2014-08-26,2.01,2.02,2.0,2.01,555531.05
2014-08-27,2.01,2.01,2.0,2.01,483916.48
2014-08-28,2.0,2.01,1.98,1.98,611436.05
2014-08-29,1.99,2.0,1.98,1.99,689337.56
2014-09-01,2.0,2.02,1.99,2.0,656466.64
2014-09-02,2.0,2.03,2.0,2.03,940038.17
2014-09-03,2.03,2.05,2.02,2.05,890317.59
2014-09-04,2.05,2.07,2.04,2.07,809545.74
2014-09-05,2.07,2.08,2.06,2.08,977109.95
2014-09-09,2.08,2.08,2.06,2.07,499126.21
2014-09-10,2.06,2.06,2.05,2.05,665183.86
2014-09-11,2.05,2.07,2.04,2.05,601615.79
2014-09-12,2.05,2.06,2.04,2.06,292577.1
2014-09-15,2.05,2.06,2.03,2.06,678199.88
2014-09-16,2.05,2.06,2.04,2.05,1196466.01
2014-09-17,2.05,2.06,2.04,2.05,742102.38
2014-09-18,2.05,2.06,2.03,2.05,774496.24
2014-09-19,2.05,2.05,2.03,2.05,858290.75
2014-09-22,2.04,2.05,2.0,2.01,731005.87
2014-09-23,2.01,2.02,2.0,2.02,541459.42
2014-09-24,2.0,2.05,2.0,2.04,1196883.56
2014-09-25,2.05,2.05,2.03,2.05,997465.39
2014-09-26,2.04,2.05,2.03,2.05,489636.89
2014-09-29,2.04,2.05,2.02,2.03,823597.83
2014-09-30,2.03,2.03,2.02,2.03,674663.03
2014-10-08,2.03,2.04,2.01,2.03,1035547.54
2014-10-09,2.03,2.03,2.02,2.03,701507.56
2014-10-10,2.02,2.03,2.02,2.02,668585.62
2014-10-13,2.02,2.02,2.0,2.0,828470.57
2014-10-14,2.0,2.02,2.0,2.0,514248.91
2014-10-15,2.0,2.02,2.0,2.02,510453.11
2014-10-16,2.01,2.03,2.0,2.03,895555.69
2014-10-17,2.03,2.03,2.02,2.03,688790.4
2014-10-20,2.03,2.03,2.02,2.03,564222.28
2014-10-21,2.03,2.03,2.01,2.02,656450.75
2014-10-22,2.02,2.03,2.01,2.02,946626.61
2014-10-23,2.02,2.03,2.01,2.03,931503.78
2014-10-24,2.02,2.03,2.02,2.03,760484.64
2014-10-27,2.02,2.03,2.0,2.01,668996.74
2014-10-28,2.01,2.03,2.01,2.03,575108.18
2014-10-29,2.03,2.05,2.02,2.04,1127215.8
2014-10-30,2.05,2.07,2.04,2.07,1489664.83
2014-10-31,2.07,2.13,2.07,2.11,2169955.81
2014-11-03,2.11,2.11,2.09,2.09,1270580.57
2014-11-04,2.09,2.11,2.08,2.1,1051042.92
2014-11-05,2.1,2.1,2.06,2.06,1974282.59
2014-11-06,2.06,2.07,2.04,2.06,1173598.95
2014-11-07,2.05,2.08,2.04,2.06,1401025.72
2014-11-10,2.07,2.11,2.07,2.11,1929556.45
2014-11-11,2.13,2.26,2.13,2.2,5598215.92
2014-11-12,2.18,2.18,2.14,2.17,1775729.82
2014-11-13,2.17,2.21,2.16,2.17,1864774.72
2014-11-14,2.18,2.18,2.15,2.18,1319532.61
2014-11-17,2.24,2.24,2.15,2.16,2171022.36
2014-11-18,2.18,2.19,2.14,2.14,1522533.28
2014-11-19,2.13,2.14,2.11,2.13,1079676.68
2014-11-20,2.12,2.13,2.1,2.12,923723.22
2014-11-21,2.13,2.16,2.11,2.15,1114659.74
2014-11-24,2.13,2.18,2.12,2.15,1756372.26
2014-11-25,2.15,2.18,2.14,2.17,1603068.01
2014-11-26,2.17,2.2,2.16,2.2,2489964.68
2014-11-27,2.21,2.22,2.2,2.21,3064359.79
2014-11-28,2.21,2.33,2.2,2.33,8537071.09
2014-12-01,2.33,2.4,2.3,2.31,6506806.77
2014-12-02,2.29,2.43,2.28,2.41,6677990.93
2014-12-03,2.4,2.45,2.35,2.36,6488922.34
2014-12-04,2.36,2.47,2.35,2.46,7137843.85
2014-12-05,2.48,2.7,2.43,2.64,10246443.92
2014-12-08,2.59,2.74,2.52,2.67,8713062.72
2014-12-09,2.62,2.66,2.4,2.42,11371609.77
2014-12-10,2.4,2.49,2.34,2.48,6160824.89
2014-12-11,2.43,2.48,2.4,2.42,3721973.25
2014-12-12,2.43,2.48,2.41,2.43,3137927.62
2014-12-15,2.41,2.41,2.34,2.38,3420450.83
2014-12-16,2.37,2.46,2.37,2.45,4723265.96
2014-12-17,2.46,2.6,2.43,2.58,9964655.01
2014-12-18,2.57,2.58,2.49,2.51,5480073.55
2014-12-19,2.5,2.56,2.48,2.54,6054376.24
2014-12-22,2.57,2.77,2.57,2.71,17465550.98
2014-12-23,2.65,2.69,2.57,2.58,7783031.77
2014-12-24,2.6,2.61,2.45,2.49,6245797.69
2014-12-25,2.52,2.59,2.5,2.57,5493030.57
2014-12-26,2.58,2.67,2.56,2.66,6707734.69
2014-12-29,2.75,2.78,2.62,2.66,8862666.98
2014-12-30,2.66,2.75,2.63,2.71,6966027.65
2014-12-31,2.73,2.83,2.68,2.81,10502946.65
2015-01-05,2.84,2.97,2.82,2.92,13658516.84
2015-01-06,2.88,3.09,2.85,2.94,14975615.38
2015-01-07,2.88,2.94,2.85,2.9,8105967.32
2015-01-08,2.91,2.92,2.77,2.78,6920490.68
2015-01-09,2.78,2.97,2.73,2.81,9915903.81
2015-01-12,2.79,2.83,2.72,2.78,5470374.11
2015-01-13,2.76,2.8,2.75,2.78,2685262.04
2015-01-14,2.79,2.86,2.78,2.82,5396964.72
2015-01-15,2.82,2.95,2.79,2.93,6232084.65
2015-01-16,2.95,3.04,2.94,2.97,7868540.49
2015-01-19,2.77,2.84,2.67,2.67,9924686.74
2015-01-20,2.68,2.73,2.61,2.67,6479209.11
2015-01-21,2.7,2.87,2.67,2.83,7928433.6
2015-01-22,2.83,2.84,2.77,2.81,5696592.76
2015-01-23,2.83,2.96,2.83,2.87,9319396.14
2015-01-26,2.86,2.87,2.79,2.84,5326524.5
2015-01-27,2.84,2.84,2.7,2.75,7041010.48
2015-01-28,2.73,2.75,2.68,2.7,5512967.88
2015-01-29,2.66,2.67,2.61,2.63,5775368.74
2015-01-30,2.64,2.66,2.6,2.62,4194273.78
2015-02-02,2.58,2.58,2.52,2.54,5080241.74
2015-02-03,2.56,2.6,2.52,2.59,5615865.55
2015-02-04,2.59,2.61,2.53,2.54,4643943.21
2015-02-05,2.64,2.66,2.53,2.53,7609649.24
2015-02-06,2.52,2.52,2.46,2.48,5037135.07
2015-02-09,2.46,2.5,2.44,2.48,4755478.14
2015-02-10,2.47,2.51,2.46,2.51,4510464.49
2015-02-11,2.48,2.51,2.48,2.49,2963369.97
2015-02-12,2.49,2.51,2.47,2.5,2973674.02
2015-02-13,2.51,2.57,2.51,2.56,4825030.76
2015-02-16,2.55,2.56,2.53,2.55,2371065.93
2015-02-17,2.55,2.6,2.55,2.59,3255810.76
2015-02-25,2.59,2.61,2.57,2.59,3161083.75
2015-02-26,2.58,2.66,2.57,2.64,5011623.53
2015-02-27,2.65,2.66,2.62,2.64,3811562.07
2015-03-02,2.64,2.66,2.62,2.63,3072297.41
2015-03-03,2.62,2.62,2.53,2.53,4399417.63
2015-03-04,2.53,2.55,2.51,2.52,2484733.65
2015-03-05,2.51,2.52,2.47,2.48,2953411.22
2015-03-06,2.49,2.51,2.48,2.5,2195382.07
2015-03-09,2.51,2.63,2.48,2.6,5269588.97
2015-03-10,2.58,2.58,2.54,2.55,3422440.15
2015-03-11,2.55,2.6,2.55,2.57,3189575.9
2015-03-12,2.6,2.68,2.59,2.63,6654063.47
2015-03-13,2.66,2.68,2.61,2.63,5058807.13
2015-03-16,2.64,2.66,2.62,2.65,3917081.05
2015-03-17,2.66,2.67,2.65,2.67,4545495.5
2015-03-18,2.67,2.73,2.66,2.73,6208597.77
2015-03-19,2.73,2.73,2.69,2.7,5179455.75
2015-03-20,2.7,2.75,2.68,2.72,5964981.01
2015-03-23,2.75,2.77,2.73,2.75,5349612.93
2015-03-24,2.77,2.81,2.74,2.77,7775514.89
2015-03-25,2.75,2.77,2.7,2.7,6507088.74
2015-03-26,2.68,2.74,2.66,2.72,4674255.35
2015-03-27,2.73,2.74,2.69,2.71,4540518.3
2015-03-30,2.74,2.85,2.73,2.83,11375062.84
2015-03-31,2.87,2.89,2.78,2.8,10047476.55
2015-04-01,2.78,2.83,2.78,2.82,6824757.62
2015-04-02,2.83,2.83,2.77,2.79,5559222.3
2015-04-03,2.77,2.82,2.76,2.81,5141818.56
2015-04-07,2.84,2.88,2.82,2.88,8617608.62
2015-04-08,2.89,2.91,2.83,2.9,8803451.39
2015-04-09,2.91,2.96,2.88,2.9,8768798.0
2015-04-10,2.89,2.95,2.88,2.94,6893611.07
2015-04-13,2.98,3.07,2.98,3.06,12595379.12
2015-04-14,3.05,3.08,3.01,3.03,7637214.66
2015-04-15,3.03,3.23,3.02,3.13,11358019.32
2015-04-16,3.12,3.24,3.09,3.24,9440080.3
2015-04-17,3.3,3.32,3.24,3.25,11548089.55
2015-04-20,3.28,3.28,3.11,3.12,14141692.14
2015-04-21,3.11,3.14,3.06,3.13,12279836.15
2015-04-22,3.15,3.18,3.12,3.18,9390308.42
2015-04-23,3.19,3.19,3.13,3.16,7720454.93
2015-04-24,3.09,3.11,3.02,3.07,7966623.27
2015-04-27,3.07,3.17,3.07,3.17,8948649.23
2015-04-28,3.19,3.37,3.16,3.25,15395490.86
2015-04-29,3.21,3.21,3.13,3.19,7374464.66
2015-04-30,3.17,3.18,3.11,3.12,6181688.44
2015-05-04,3.11,3.12,3.09,3.11,4358449.7
2015-05-05,3.11,3.11,2.94,2.96,7923255.06
2015-05-06,2.96,3.04,2.94,2.96,5899041.32
2015-05-07,2.96,2.98,2.92,2.93,4401961.53
2015-05-08,2.96,2.98,2.92,2.97,3524749.51
2015-05-11,2.97,3.0,2.92,3.0,5454729.34
2015-05-12,3.01,3.01,2.96,2.99,4470725.92
2015-05-13,3.0,3.02,2.96,2.97,4477733.43
2015-05-14,2.98,2.99,2.94,2.96,4277949.76
2015-05-15,2.95,2.96,2.9,2.93,4599145.55
2015-05-18,2.9,2.92,2.87,2.88,3388706.35
2015-05-19,2.87,2.97,2.87,2.96,4852376.61
2015-05-20,2.96,3.01,2.94,2.97,5022615.9
2015-05-21,2.97,3.02,2.96,3.0,4049382.68
2015-05-22,3.02,3.08,3.01,3.07,5711107.81
2015-05-25,3.08,3.13,3.08,3.13,5078210.92
2015-05-26,3.14,3.15,3.11,3.13,4910490.8
2015-05-27,3.14,3.15,3.06,3.09,5919549.67
2015-05-28,3.09,3.09,2.92,2.94,6858903.58
2015-05-29,2.92,2.96,2.88,2.92,5387032.77
2015-06-01,2.92,3.02,2.9,3.01,7671787.21
2015-06-02,3.0,3.02,2.96,3.0,5191379.59
2015-06-03,3.0,3.02,2.95,3.0,4448077.01
2015-06-04,3.0,3.1,2.96,3.08,8768897.85
2015-06-05,3.12,3.14,3.01,3.06,8747890.4
2015-06-08,3.06,3.25,3.05,3.24,17261580.95
2015-06-09,3.26,3.28,3.14,3.18,13129097.43
2015-06-10,3.13,3.16,3.12,3.13,7455057.25
2015-06-11,3.12,3.15,3.08,3.12,4976746.81
2015-06-12,3.13,3.13,3.09,3.13,4852188.75
2015-06-15,3.14,3.17,3.06,3.06,7002854.88
2015-06-16,3.05,3.09,3.0,3.01,5338684.62
2015-06-17,3.05,3.06,3.0,3.05,4848570.86
2015-06-18,3.03,3.03,2.92,2.94,5059354.46
2015-06-19,2.93,2.96,2.85,2.86,5697821.02
2015-06-23,2.88,3.0,2.87,2.98,6877079.0
2015-06-24,2.98,3.02,2.96,3.01,4850953.13
2015-06-25,3.06,3.08,2.95,2.97,5370492.0
2015-06-26,2.94,2.98,2.79,2.87,7757870.99
2015-06-29,2.9,2.94,2.71,2.92,9188541.58
2015-06-30,2.92,3.05,2.88,3.04,9650412.7
2015-07-01,3.0,3.02,2.94,2.96,6062180.99
2015-07-02,2.97,3.16,2.9,3.13,14326338.08
2015-07-03,3.05,3.13,2.97,3.06,11772612.97
2015-07-06,3.3,3.34,3.13,3.34,29495823.07
2015-07-07,3.31,3.58,3.23,3.46,22484043.99
2015-07-08,3.27,3.51,3.12,3.3,29707970.96
2015-07-09,3.3,3.55,3.08,3.37,20082182.25
2015-07-10,3.26,3.56,3.2,3.34,21162590.97
2015-07-13,3.25,3.26,3.15,3.18,14032232.57
2015-07-14,3.14,3.17,3.04,3.11,10965126.39
2015-07-15,3.08,3.2,3.08,3.18,10602489.78
2015-07-16,3.18,3.24,3.11,3.15,7413634.42
2015-07-17,3.15,3.16,3.11,3.14,5517754.48
2015-07-20,3.13,3.14,3.1,3.12,4959048.12
2015-07-21,3.11,3.13,3.08,3.11,4100623.06
2015-07-22,3.1,3.12,3.08,3.09,3318398.39
2015-07-23,3.08,3.11,3.08,3.11,3781268.58
2015-07-24,3.11,3.11,3.07,3.08,4378188.38
2015-07-27,3.05,3.08,2.87,2.91,6316108.14
2015-07-28,2.87,3.01,2.85,2.91,5980842.76
2015-07-29,2.9,2.95,2.9,2.93,3772762.97
2015-07-30,2.93,2.93,2.89,2.89,3121664.6
2015-07-31,2.88,2.93,2.86,2.91,3067751.73
2015-08-03,2.89,2.95,2.87,2.94,4809865.63
2015-08-04,2.91,2.94,2.91,2.94,2551716.84
2015-08-05,2.93,2.94,2.91,2.91,2251293.67
2015-08-06,2.89,2.93,2.88,2.9,1648197.24
2015-08-07,2.91,2.93,2.9,2.92,1849984.86
2015-08-10,2.91,2.97,2.9,2.97,4349533.51
2015-08-11,2.95,2.96,2.92,2.94,3123987.18
2015-08-12,2.91,2.92,2.89,2.9,1968379.0
2015-08-13,2.89,2.91,2.86,2.89,2033103.42
2015-08-14,2.89,2.9,2.87,2.88,1675838.35
2015-08-17,2.87,2.87,2.83,2.84,2227514.88
2015-08-18,2.84,2.86,2.79,2.79,3236202.32
2015-08-19,2.78,2.81,2.73,2.76,3403434.82
2015-08-20,2.77,2.78,2.74,2.75,2265574.75
2015-08-21,2.73,2.79,2.73,2.74,3916046.82
2015-08-24,2.7,2.7,2.47,2.47,5275063.99
2015-08-25,2.4,2.54,2.3,2.35,5336077.96
2015-08-26,2.4,2.48,2.3,2.44,5961083.24
2015-08-27,2.45,2.56,2.38,2.56,5637205.63
2015-08-28,2.55,2.58,2.51,2.55,3682563.22
2015-08-31,2.52,2.54,2.48,2.53,3002306.68
2015-09-01,2.53,2.73,2.52,2.72,10185412.33
2015-09-02,2.64,2.99,2.62,2.99,13946057.0
2015-09-07,2.85,2.87,2.71,2.73,6485427.68
2015-09-08,2.68,2.74,2.62,2.72,4041994.01
2015-09-09,2.69,2.73,2.67,2.72,3662166.91
2015-09-10,2.69,2.71,2.67,2.7,1844336.34
2015-09-11,2.69,2.7,2.67,2.67,1286084.36
2015-09-14,2.67,2.78,2.64,2.73,4261499.32
2015-09-15,2.7,2.76,2.68,2.74,3828414.76
2015-09-16,2.7,2.77,2.68,2.73,2388099.51
2015-09-17,2.72,2.76,2.72,2.73,2143631.52
2015-09-18,2.72,2.73,2.67,2.69,1622829.89
2015-09-21,2.67,2.68,2.63,2.67,1645946.16
2015-09-22,2.67,2.69,2.66,2.68,1359496.47
2015-09-23,2.66,2.67,2.63,2.64,1107863.08
2015-09-24,2.64,2.66,2.62,2.64,775560.04
2015-09-25,2.63,2.7,2.62,2.69,1798789.57
2015-09-28,2.66,2.68,2.63,2.64,937731.45
2015-09-29,2.63,2.63,2.6,2.61,935858.42
2015-09-30,2.61,2.64,2.61,2.61,717159.72
2015-10-08,2.66,2.67,2.64,2.64,1207007.12
2015-10-09,2.66,2.69,2.65,2.68,1184188.95
2015-10-12,2.69,2.74,2.67,2.72,1864165.92
2015-10-13,2.71,2.72,2.67,2.69,1230033.86
2015-10-14,2.67,2.69,2.66,2.67,884566.76
2015-10-15,2.67,2.71,2.66,2.71,1137609.95
2015-10-16,2.72,2.72,2.7,2.72,1379631.08
2015-10-19,2.72,2.73,2.7,2.71,1269783.77
2015-10-20,2.7,2.72,2.7,2.72,882301.81
2015-10-21,2.72,2.99,2.7,2.88,3956092.87
2015-10-22,2.77,2.85,2.75,2.81,2602769.92
2015-10-23,2.78,2.81,2.76,2.78,2054495.06
2015-10-26,2.79,2.8,2.77,2.79,1406144.65
2015-10-27,2.78,2.82,2.76,2.79,1718548.66
2015-10-28,2.78,2.82,2.76,2.78,1773828.34
2015-10-29,2.78,2.79,2.76,2.76,1321768.2
2015-10-30,2.76,2.78,2.75,2.76,1159875.39
2015-11-02,2.75,2.78,2.73,2.73,1157456.33
2015-11-03,2.73,2.73,2.68,2.69,1378801.54
2015-11-04,2.68,2.76,2.67,2.75,2156931.9
2015-11-05,2.73,2.85,2.73,2.8,4509535.25
2015-11-06,2.79,2.81,2.76,2.81,2436452.22
2015-11-09,2.83,2.97,2.81,2.9,5248615.38
2015-11-10,2.87,2.89,2.84,2.85,2619280.0
2015-11-11,2.84,2.85,2.81,2.84,1945743.16
2015-11-12,2.82,2.84,2.79,2.81,1514351.82
2015-11-13,2.79,2.81,2.78,2.78,1322840.93
2015-11-16,2.76,2.81,2.75,2.81,1609221.98
2015-11-17,2.81,2.84,2.79,2.82,1829210.46
2015-11-18,2.81,2.84,2.79,2.82,1670329.69
2015-11-19,2.81,2.83,2.81,2.82,1167166.86
2015-11-20,2.82,2.82,2.8,2.81,1400728.29
2015-11-23,2.81,2.81,2.78,2.81,1694883.8
2015-11-24,2.8,2.81,2.77,2.8,1908586.4
2015-11-25,2.79,2.82,2.78,2.81,1930521.12
2015-11-26,2.81,2.83,2.81,2.82,1840041.27
2015-11-27,2.81,2.82,2.74,2.76,1567708.59
2015-11-30,2.76,2.79,2.75,2.79,2081528.48
2015-12-01,2.77,2.77,2.73,2.75,1890935.53
2015-12-02,2.74,2.85,2.73,2.85,4011602.31
2015-12-03,2.82,2.96,2.81,2.93,7021188.88
2015-12-04,2.9,2.9,2.82,2.83,2057772.83
2015-12-07,2.84,2.84,2.79,2.81,1259715.05
2015-12-08,2.79,2.82,2.76,2.79,1724150.66
2015-12-09,2.78,2.82,2.78,2.81,906899.96
2015-12-10,2.81,2.84,2.78,2.78,1265449.75
2015-12-11,2.78,2.78,2.75,2.77,1119425.25
2015-12-14,2.76,2.81,2.75,2.81,1491839.83
2015-12-15,2.8,2.81,2.77,2.78,900214.42
2015-12-16,2.78,2.79,2.76,2.77,838050.22
2015-12-17,2.78,2.8,2.77,2.79,925199.56
2015-12-18,2.78,2.84,2.78,2.79,1978368.99
2015-12-21,2.78,2.84,2.77,2.83,2500209.48
2015-12-22,2.83,2.85,2.81,2.82,1460028.53
2015-12-23,2.81,2.84,2.8,2.82,2369113.83
2015-12-24,2.82,2.82,2.79,2.81,1623466.93
2015-12-25,2.81,2.81,2.8,2.81,867766.33
2015-12-28,2.81,2.81,2.77,2.77,1466975.58
2015-12-29,2.77,2.78,2.76,2.78,1245650.23
2015-12-30,2.78,2.79,2.76,2.78,824085.64
2015-12-31,2.78,2.78,2.76,2.76,979252.07
2016-01-04,2.76,2.77,2.68,2.69,1475086.85
2016-01-05,2.67,2.72,2.64,2.7,1606292.84
2016-01-06,2.69,2.73,2.69,2.72,1131772.63
2016-01-07,2.71,2.72,2.67,2.67,344915.08
2016-01-08,2.68,2.71,2.66,2.69,1861344.74
2016-01-11,2.67,2.67,2.6,2.61,1647020.51
2016-01-12,2.63,2.64,2.6,2.61,1157543.35
2016-01-13,2.62,2.62,2.59,2.59,1015443.85
2016-01-14,2.57,2.6,2.54,2.6,1310475.47
2016-01-15,2.59,2.59,2.54,2.55,1011907.6
2016-01-18,2.53,2.56,2.52,2.53,1194841.35
2016-01-19,2.53,2.58,2.52,2.56,981357.74
2016-01-20,2.56,2.56,2.52,2.55,1065847.38
2016-01-21,2.53,2.57,2.52,2.52,846015.8
2016-01-22,2.54,2.55,2.52,2.55,846964.99
2016-01-25,2.55,2.56,2.53,2.55,627689.98
2016-01-26,2.54,2.55,2.44,2.46,1123814.08
2016-01-27,2.47,2.5,2.45,2.48,1524786.45
2016-01-28,2.47,2.47,2.43,2.44,901993.34
2016-01-29,2.44,2.49,2.43,2.47,1375856.43
2016-02-01,2.47,2.47,2.41,2.43,1040283.1
2016-02-02,2.43,2.46,2.41,2.44,926455.8
2016-02-03,2.43,2.43,2.4,2.42,779351.78
2016-02-04,2.43,2.44,2.41,2.43,735629.43
2016-02-05,2.43,2.43,2.41,2.42,712044.11
2016-02-15,2.38,2.41,2.37,2.4,582265.8
2016-02-16,2.4,2.45,2.4,2.44,853279.8
2016-02-17,2.44,2.45,2.43,2.44,840846.58
2016-02-18,2.44,2.46,2.44,2.45,884365.27
2016-02-19,2.44,2.44,2.42,2.43,940799.34
2016-02-22,2.44,2.48,2.43,2.46,1317208.94
2016-02-23,2.46,2.46,2.43,2.44,691483.56
2016-02-24,2.44,2.45,2.43,2.44,745897.77
2016-02-25,2.44,2.46,2.41,2.42,2212644.53
2016-02-26,2.42,2.44,2.41,2.43,1158265.17
2016-02-29,2.42,2.44,2.35,2.43,1832341.57
2016-03-01,2.43,2.43,2.4,2.43,854620.0
2016-03-02,2.43,2.49,2.42,2.48,2080788.9
2016-03-03,2.47,2.5,2.46,2.49,1497689.11
2016-03-04,2.49,2.61,2.47,2.6,4093032.72
2016-03-07,2.58,2.6,2.56,2.59,1353112.3
2016-03-08,2.57,2.62,2.54,2.61,1694171.54
2016-03-09,2.58,2.67,2.57,2.66,1884682.01
2016-03-10,2.63,2.64,2.61,2.61,1050441.32
2016-03-11,2.59,2.62,2.57,2.62,1003134.85
2016-03-14,2.62,2.62,2.59,2.59,1999207.94
2016-03-15,2.59,2.59,2.55,2.57,1552033.45
2016-03-16,2.56,2.62,2.55,2.61,2904651.43
2016-03-17,2.59,2.6,2.57,2.59,1560983.79
2016-03-18,2.59,2.59,2.56,2.59,1652224.63
2016-03-21,2.59,2.62,2.58,2.6,1353079.55
2016-03-22,2.6,2.61,2.58,2.59,962656.66
2016-03-23,2.59,2.61,2.58,2.59,984467.51
2016-03-24,2.59,2.6,2.56,2.57,737964.9
2016-03-25,2.57,2.58,2.56,2.58,373514.0
2016-03-28,2.58,2.59,2.56,2.59,767821.96
2016-03-29,2.58,2.59,2.56,2.56,858684.39
2016-03-30,2.56,2.61,2.56,2.61,1426748.79
2016-03-31,2.6,2.61,2.58,2.59,918631.21
2016-04-01,2.59,2.6,2.57,2.59,921204.39
2016-04-05,2.59,2.61,2.58,2.61,1000995.66
2016-04-06,2.59,2.6,2.58,2.59,705707.22
2016-04-07,2.59,2.59,2.57,2.57,746379.85
2016-04-08,2.56,2.59,2.56,2.57,466834.54
2016-04-11,2.57,2.6,2.57,2.59,673744.07
2016-04-12,2.59,2.59,2.58,2.58,481950.29
2016-04-13,2.59,2.62,2.59,2.61,1534129.51
2016-04-14,2.61,2.61,2.6,2.6,440858.83
2016-04-15,2.61,2.61,2.59,2.59,681583.57
2016-04-18,2.59,2.59,2.57,2.59,932358.07
2016-04-19,2.59,2.59,2.58,2.59,417914.22
2016-04-20,2.59,2.59,2.55,2.59,1449117.27
2016-04-21,2.57,2.6,2.56,2.59,809911.92
2016-04-22,2.58,2.59,2.58,2.58,573752.76
2016-04-25,2.58,2.58,2.56,2.58,445591.76
2016-04-26,2.58,2.59,2.57,2.58,494553.25
2016-04-27,2.58,2.58,2.57,2.58,317015.32
2016-04-28,2.58,2.58,2.56,2.58,509012.69
2016-04-29,2.58,2.58,2.56,2.57,460490.86
2016-05-03,2.57,2.59,2.56,2.58,759714.78
2016-05-04,2.58,2.58,2.57,2.58,403691.42
2016-05-05,2.58,2.58,2.57,2.58,450220.8
2016-05-06,2.58,2.58,2.55,2.56,716572.33
2016-05-09,2.55,2.56,2.51,2.52,714398.0
2016-05-10,2.51,2.52,2.5,2.51,599314.69
2016-05-11,2.52,2.54,2.5,2.53,650896.97
2016-05-12,2.52,2.53,2.5,2.52,530216.58
2016-05-13,2.52,2.55,2.52,2.55,778678.87
2016-05-16,2.53,2.57,2.53,2.56,580129.56
2016-05-17,2.56,2.57,2.55,2.56,409294.31
2016-05-18,2.56,2.56,2.52,2.56,585260.23
2016-05-19,2.55,2.57,2.55,2.56,527500.06
2016-05-20,2.56,2.57,2.56,2.56,434077.75
2016-05-23,2.57,2.58,2.56,2.57,431135.03
2016-05-24,2.58,2.58,2.56,2.57,484888.85
2016-05-25,2.58,2.58,2.57,2.57,245237.33
2016-05-26,2.57,2.58,2.57,2.58,442473.09
2016-05-27,2.58,2.59,2.57,2.59,322248.93
2016-05-30,2.59,2.6,2.58,2.59,845166.63
2016-05-31,2.59,2.64,2.59,2.63,1047404.02
2016-06-01,2.63,2.63,2.61,2.62,634417.51
2016-06-02,2.62,2.62,2.61,2.62,296487.78
2016-06-03,2.62,2.64,2.61,2.64,482063.98
2016-06-06,2.63,2.65,2.62,2.64,592764.84
2016-06-07,2.64,2.67,2.64,2.66,588534.93
2016-06-08,2.66,2.66,2.63,2.65,578897.72
2016-06-13,2.64,2.66,2.63,2.64,665505.32
2016-06-14,2.62,2.67,2.62,2.66,695830.09
2016-06-15,2.65,2.66,2.64,2.65,640108.09
2016-06-16,2.64,2.64,2.62,2.64,398897.3
2016-06-17,2.64,2.66,2.63,2.64,374943.45
2016-06-20,2.65,2.66,2.64,2.65,364319.77
2016-06-21,2.66,2.66,2.64,2.66,353589.22
2016-06-22,2.66,2.69,2.65,2.68,564116.29
2016-06-23,2.68,2.69,2.67,2.68,254778.47
2016-06-24,2.68,2.69,2.63,2.66,444526.37
2016-06-27,2.65,2.67,2.65,2.67,319339.3
2016-06-28,2.66,2.67,2.63,2.67,643951.43
2016-06-29,2.66,2.67,2.65,2.67,537922.31
2016-06-30,2.67,2.69,2.66,2.68,441206.61
2016-07-01,2.69,2.71,2.68,2.7,534527.8
2016-07-04,2.7,2.75,2.7,2.74,648720.69
2016-07-05,2.74,2.76,2.72,2.75,674749.26
2016-07-06,2.74,2.75,2.71,2.75,677269.87
2016-07-07,2.75,2.78,2.73,2.77,1119897.06
2016-07-08,2.76,2.76,2.71,2.73,1154007.88
2016-07-11,2.72,2.74,2.71,2.71,751037.55
2016-07-12,2.71,2.76,2.71,2.76,1412736.63
2016-07-13,2.75,2.78,2.73,2.76,1361688.7
2016-07-14,2.76,2.76,2.73,2.74,570440.41
2016-07-15,2.74,2.75,2.73,2.74,553052.34
2016-07-18,2.74,2.76,2.74,2.76,584481.15
2016-07-19,2.76,2.76,2.73,2.73,836538.33
2016-07-20,2.73,2.74,2.71,2.72,527723.57
2016-07-21,2.72,2.73,2.71,2.72,746672.93
2016-07-22,2.72,2.73,2.69,2.72,704453.57
2016-07-25,2.71,2.73,2.71,2.73,660197.87
2016-07-26,2.73,2.74,2.71,2.74,598758.14
2016-07-27,2.74,2.74,2.69,2.74,1045700.68
2016-07-28,2.73,2.74,2.72,2.73,579117.79
2016-07-29,2.73,2.73,2.72,2.73,350045.29
2016-08-01,2.73,2.75,2.73,2.75,735728.77
2016-08-02,2.74,2.76,2.74,2.76,452286.48
2016-08-03,2.75,2.76,2.74,2.75,679413.62
2016-08-04,2.74,2.75,2.74,2.75,528861.53
2016-08-05,2.74,2.75,2.73,2.75,584639.93
2016-08-08,2.74,2.76,2.74,2.76,479882.42
2016-08-09,2.75,2.78,2.75,2.78,908517.24
2016-08-10,2.78,2.79,2.76,2.78,668932.88
2016-08-11,2.78,2.84,2.78,2.81,1275449.75
2016-08-12,2.81,2.86,2.8,2.86,1395505.63
2016-08-15,2.86,2.93,2.85,2.91,1907961.36
2016-08-16,2.92,2.92,2.79,2.82,3792026.26
2016-08-17,2.81,2.83,2.8,2.82,1119537.77
2016-08-18,2.81,2.83,2.8,2.81,1208028.07
2016-08-19,2.82,2.82,2.8,2.82,772868.61
2016-08-22,2.81,2.85,2.81,2.84,1205349.17
2016-08-23,2.84,2.88,2.83,2.87,1405755.29
2016-08-24,2.87,2.88,2.86,2.87,972807.25
2016-08-25,2.86,2.88,2.85,2.87,1271725.49
2016-08-26,2.87,2.87,2.85,2.86,663759.25
2016-08-29,2.85,2.86,2.81,2.85,853975.45
2016-08-30,2.85,2.86,2.84,2.86,734625.68
2016-08-31,2.86,2.88,2.85,2.88,622219.53
2016-09-01,2.87,2.88,2.86,2.87,554517.75
2016-09-02,2.86,2.88,2.86,2.88,744719.58
2016-09-05,2.87,2.89,2.86,2.88,859037.81
2016-09-06,2.87,2.89,2.82,2.83,2027474.95
2016-09-07,2.84,2.85,2.83,2.85,947564.51
2016-09-08,2.83,2.85,2.83,2.85,666516.37
2016-09-09,2.85,2.85,2.84,2.85,513636.8
2016-09-12,2.83,2.83,2.81,2.83,1124969.98
2016-09-13,2.83,2.83,2.81,2.81,591405.34
2016-09-14,2.81,2.81,2.76,2.78,775428.21
2016-09-19,2.78,2.8,2.77,2.8,505692.17
2016-09-20,2.8,2.8,2.78,2.8,448937.67
2016-09-21,2.79,2.81,2.78,2.8,645208.61
2016-09-22,2.81,2.83,2.8,2.82,757873.25
2016-09-23,2.82,2.83,2.81,2.82,525771.08
2016-09-26,2.82,2.83,2.8,2.8,692877.12
2016-09-27,2.8,2.83,2.79,2.82,457160.57
2016-09-28,2.82,2.82,2.81,2.81,294607.97
2016-09-29,2.81,2.82,2.81,2.82,427133.18
2016-09-30,2.81,2.82,2.81,2.81,260570.04
2016-10-10,2.81,2.83,2.81,2.83,784849.66
2016-10-11,2.83,2.83,2.82,2.83,553426.8
2016-10-12,2.82,2.83,2.81,2.81,592443.98
2016-10-13,2.81,2.82,2.8,2.81,478884.41
2016-10-14,2.8,2.81,2.79,2.81,676621.49
2016-10-17,2.8,2.81,2.77,2.78,603222.26
2016-10-18,2.78,2.8,2.78,2.8,605213.78
2016-10-19,2.8,2.81,2.79,2.8,538801.38
2016-10-20,2.8,2.8,2.78,2.79,503659.08
2016-10-21,2.79,2.8,2.78,2.8,335837.95
2016-10-24,2.8,2.83,2.79,2.81,1479653.94
2016-10-25,2.81,2.83,2.81,2.83,825033.39
2016-10-26,2.82,2.82,2.8,2.81,814859.05
2016-10-27,2.8,2.81,2.79,2.81,620373.26
2016-10-28,2.8,2.83,2.8,2.82,810031.13
2016-10-31,2.81,2.82,2.8,2.81,676200.02
2016-11-01,2.81,2.82,2.8,2.82,600444.24
2016-11-02,2.81,2.81,2.8,2.81,565766.05
2016-11-03,2.81,2.81,2.8,2.81,593173.74
2016-11-04,2.81,2.81,2.79,2.8,928340.63
2016-11-07,2.8,2.8,2.79,2.8,577698.48
2016-11-08,2.8,2.83,2.8,2.82,1692727.38
2016-11-09,2.81,2.81,2.78,2.8,1271931.16
2016-11-10,2.81,2.81,2.8,2.81,730812.34
2016-11-11,2.81,2.81,2.77,2.8,1923675.18
2016-11-14,2.8,2.8,2.79,2.8,1908750.86
2016-11-15,2.8,2.8,2.79,2.8,749713.47
2016-11-16,2.8,2.8,2.79,2.8,693309.06
2016-11-17,2.79,2.8,2.78,2.79,534526.2
2016-11-18,2.79,2.8,2.78,2.79,567929.2
2016-11-21,2.79,2.81,2.79,2.81,1253203.08
2016-11-22,2.8,2.82,2.8,2.81,2402788.89
2016-11-23,2.81,2.84,2.8,2.83,2309052.0
2016-11-24,2.82,2.83,2.81,2.82,998598.05
2016-11-25,2.81,2.86,2.81,2.86,2054613.01
2016-11-28,2.86,2.9,2.86,2.89,2422786.88
2016-11-29,2.89,2.9,2.88,2.9,1468178.38
2016-11-30,2.9,2.9,2.86,2.87,1213844.47
2016-12-01,2.87,2.89,2.86,2.87,1090410.99
2016-12-02,2.86,2.88,2.84,2.87,1759550.35
2016-12-05,2.86,2.9,2.85,2.9,1826370.21
2016-12-06,2.89,2.91,2.88,2.88,1082827.24
2016-12-07,2.88,2.9,2.87,2.88,680711.44
2016-12-08,2.88,2.89,2.86,2.88,855392.88
2016-12-09,2.88,2.93,2.88,2.92,2430205.68
2016-12-12,2.92,2.97,2.9,2.94,2679414.71
2016-12-13,2.92,2.93,2.89,2.9,1173619.44
2016-12-14,2.9,2.92,2.9,2.9,740067.31
2016-12-15,2.9,2.9,2.82,2.83,1253545.73
2016-12-16,2.83,2.83,2.8,2.81,1063819.72
2016-12-19,2.81,2.83,2.8,2.82,497662.89
2016-12-20,2.82,2.83,2.78,2.8,1029281.82
2016-12-21,2.79,2.81,2.79,2.81,735738.45
2016-12-22,2.81,2.81,2.79,2.8,608265.55
2016-12-23,2.8,2.8,2.78,2.8,600634.35
2016-12-26,2.78,2.8,2.76,2.8,890138.84
2016-12-27,2.79,2.8,2.78,2.79,486886.69
2016-12-28,2.79,2.79,2.76,2.78,928053.54
2016-12-29,2.77,2.79,2.77,2.78,790004.75
2016-12-30,2.78,2.8,2.78,2.8,876107.36
2017-01-03,2.8,2.81,2.79,2.81,1041616.32
2017-01-04,2.81,2.82,2.8,2.81,1189234.25
2017-01-05,2.81,2.83,2.81,2.82,873561.37
2017-01-06,2.82,2.83,2.81,2.82,870081.91
2017-01-09,2.83,2.85,2.81,2.83,1174540.94
2017-01-10,2.83,2.84,2.82,2.83,636632.57
2017-01-11,2.83,2.85,2.83,2.84,523954.27
2017-01-12,2.83,2.84,2.82,2.84,621662.79
2017-01-13,2.83,2.85,2.82,2.85,938512.89
2017-01-16,2.84,2.91,2.82,2.89,3023113.99
2017-01-17,2.87,2.88,2.86,2.88,900222.91
2017-01-18,2.87,2.88,2.86,2.88,682904.32
2017-01-19,2.88,2.9,2.86,2.88,1105988.4
2017-01-20,2.87,2.88,2.86,2.87,678701.82
2017-01-23,2.87,2.88,2.86,2.88,770110.69
2017-01-24,2.87,2.9,2.87,2.89,1172834.49
2017-01-25,2.89,2.9,2.88,2.9,682557.13
2017-01-26,2.9,2.92,2.9,2.92,845022.33
2017-02-03,2.92,2.92,2.89,2.9,531377.27
2017-02-06,2.9,2.9,2.88,2.9,551282.93
2017-02-07,2.89,2.9,2.88,2.89,684144.36
2017-02-08,2.89,2.9,2.86,2.9,555113.09
2017-02-09,2.89,2.9,2.88,2.9,655012.69
2017-02-10,2.9,2.92,2.9,2.92,597201.67
2017-02-13,2.92,2.94,2.91,2.93,939989.02
2017-02-14,2.93,2.95,2.93,2.93,806458.23
2017-02-15,2.93,2.98,2.93,2.97,1566788.68
2017-02-16,2.97,3.0,2.96,2.97,1031725.34
2017-02-17,2.99,2.99,2.93,2.95,953769.37
2017-02-20,2.94,2.99,2.94,2.97,1557025.05
2017-02-21,2.97,2.99,2.96,2.97,907398.31
2017-02-22,2.97,2.99,2.97,2.99,609735.25
2017-02-23,2.99,3.0,2.98,2.99,613090.86
2017-02-24,2.99,2.99,2.97,2.99,542872.46
2017-02-27,2.97,2.99,2.97,2.98,585053.2
2017-02-28,2.97,2.99,2.97,2.98,498149.35
2017-03-01,2.97,2.99,2.95,2.97,932991.43
2017-03-02,2.97,2.98,2.97,2.97,506363.15
2017-03-03,2.96,2.97,2.95,2.95,429397.26
2017-03-06,2.95,2.97,2.94,2.95,954696.55
2017-03-07,2.95,2.97,2.94,2.97,855523.47
2017-03-08,2.96,2.99,2.96,2.98,636302.0
2017-03-09,2.97,3.0,2.97,2.99,1285470.07
2017-03-10,2.99,2.99,2.97,2.99,523314.46
2017-03-13,2.99,3.0,2.97,3.0,674208.57
2017-03-14,3.0,3.03,3.0,3.02,697015.33
2017-03-15,3.02,3.02,2.99,3.02,583525.33
2017-03-16,3.01,3.02,2.98,2.99,1182576.19
2017-03-17,2.99,3.0,2.97,2.98,812249.5
2017-03-20,2.99,3.0,2.98,2.99,835807.78
2017-03-21,2.99,3.0,2.98,2.99,571113.12
2017-03-22,2.99,2.99,2.95,2.96,1129561.44
2017-03-23,2.97,2.98,2.95,2.97,891503.4
2017-03-24,2.97,2.98,2.94,2.98,969805.98
2017-03-27,2.97,3.02,2.96,3.02,1575337.41
2017-03-28,3.02,3.02,3.0,3.02,764140.39
2017-03-29,3.01,3.04,3.0,3.04,982220.12
2017-03-30,3.03,3.07,3.0,3.06,1276714.35
2017-03-31,3.04,3.1,3.03,3.07,1303543.57
2017-04-05,3.07,3.09,3.06,3.08,1094869.9
2017-04-06,3.08,3.09,3.05,3.07,629795.58
2017-04-07,3.06,3.09,3.06,3.09,893351.04
2017-04-10,3.09,3.09,3.06,3.07,588556.66
2017-04-11,3.06,3.07,3.04,3.05,810136.54
2017-04-12,3.04,3.1,3.04,3.08,1138102.15
2017-04-13,3.07,3.07,3.04,3.06,799770.33
2017-04-14,3.05,3.06,3.04,3.06,450116.67
2017-04-17,3.04,3.07,3.02,3.07,1129898.83
2017-04-18,3.05,3.06,3.03,3.04,610917.98
2017-04-19,3.03,3.04,3.0,3.01,897155.77
2017-04-20,3.0,3.03,3.0,3.0,641973.39
2017-04-21,3.0,3.07,3.0,3.06,1250026.44
2017-04-24,3.04,3.07,3.04,3.06,927292.93
2017-04-25,3.06,3.07,3.05,3.06,637458.27
2017-04-26,3.06,3.09,3.06,3.09,855232.83
2017-04-27,3.09,3.1,3.07,3.1,1030455.4
2017-04-28,3.09,3.1,3.07,3.1,660622.9
2017-05-02,3.09,3.09,3.06,3.06,423866.57
2017-05-03,3.06,3.07,3.04,3.06,768178.62
2017-05-04,3.05,3.06,3.04,3.06,717896.08
2017-05-05,3.04,3.09,3.04,3.09,1255875.15
2017-05-08,3.07,3.11,3.06,3.11,1414584.89
2017-05-09,3.09,3.12,3.09,3.09,772373.72
2017-05-10,3.09,3.12,3.09,3.11,920431.16
2017-05-11,3.11,3.15,3.11,3.13,1062644.49
2017-05-12,3.13,3.21,3.12,3.21,1651511.06
2017-05-15,3.21,3.25,3.18,3.24,1554190.12
2017-05-16,3.23,3.23,3.16,3.18,1498697.32
2017-05-17,3.17,3.18,3.14,3.15,1182552.41
2017-05-18,3.14,3.19,3.13,3.18,707722.0
2017-05-19,3.18,3.18,3.16,3.16,449948.34
2017-05-22,3.15,3.21,3.15,3.2,1001145.61
2017-05-23,3.2,3.25,3.19,3.24,1373902.9
2017-05-24,3.24,3.26,3.21,3.25,958078.53
2017-05-25,3.25,3.37,3.23,3.28,2512756.43
2017-05-26,3.26,3.34,3.26,3.32,1120496.88
2017-05-31,3.31,3.36,3.29,3.34,1177073.54
2017-06-01,3.33,3.38,3.32,3.37,1144883.51
2017-06-02,3.37,3.43,3.35,3.37,1209501.01
2017-06-05,3.35,3.35,3.24,3.27,3129404.49
2017-06-06,3.25,3.27,3.24,3.27,1104253.38
2017-06-07,3.26,3.31,3.25,3.28,1625087.06
2017-06-08,3.27,3.29,3.25,3.28,1424654.32
2017-06-09,3.28,3.32,3.27,3.28,2317802.37
2017-06-12,3.28,3.3,3.26,3.27,1606855.74
2017-06-13,3.27,3.28,3.25,3.27,932434.86
2017-06-14,3.27,3.28,3.25,3.27,734489.03
2017-06-15,3.27,3.27,3.2,3.21,1976012.99
2017-06-16,3.2,3.21,3.18,3.2,1387724.83
2017-06-19,3.2,3.21,3.17,3.18,2050782.02
2017-06-20,3.18,3.21,3.16,3.2,1969281.48
2017-06-21,3.21,3.21,3.18,3.21,1149634.98
2017-06-22,3.21,3.29,3.2,3.24,3121538.3
2017-06-23,3.24,3.27,3.21,3.27,1635916.43
2017-06-26,3.26,3.33,3.22,3.25,3020392.58
2017-06-27,3.24,3.25,3.21,3.23,2101331.73
2017-06-28,3.23,3.27,3.21,3.22,2450792.11
2017-06-29,3.23,3.3,3.23,3.29,1814934.51
2017-06-30,3.28,3.34,3.27,3.34,2041933.64
2017-07-03,3.33,3.35,3.32,3.33,996615.65
2017-07-04,3.33,3.35,3.29,3.34,1357320.05
2017-07-05,3.33,3.34,3.3,3.32,1042581.99
2017-07-06,3.31,3.34,3.31,3.32,1074568.56
2017-07-07,3.32,3.32,3.3,3.31,1621100.54
2017-07-10,3.31,3.33,3.29,3.32,1398790.18
2017-07-11,3.32,3.37,3.3,3.36,2489282.84
2017-07-12,3.36,3.42,3.35,3.37,2198352.88
2017-07-13,3.39,3.45,3.38,3.43,2103647.1
2017-07-14,3.43,3.45,3.41,3.43,919067.57
2017-07-17,3.45,3.57,3.43,3.55,3178882.85
2017-07-18,3.51,3.57,3.49,3.51,1847372.54
2017-07-19,3.5,3.55,3.47,3.5,2407278.81
2017-07-20,3.5,3.52,3.47,3.51,1754804.9
2017-07-21,3.51,3.56,3.5,3.54,1263381.83
2017-07-24,3.53,3.61,3.53,3.58,1711227.78
2017-07-25,3.59,3.71,3.59,3.64,2444556.84
2017-07-26,3.64,3.76,3.63,3.72,2244494.0
2017-07-27,3.7,3.71,3.64,3.67,1826523.26
2017-07-28,3.66,3.72,3.6,3.69,1472872.62
2017-07-31,3.67,3.71,3.65,3.66,1226221.28
2017-08-01,3.66,3.69,3.66,3.69,1391795.06
2017-08-02,3.69,3.79,3.69,3.79,2209630.54
2017-08-03,3.79,3.84,3.73,3.76,1605672.6
2017-08-04,3.74,3.77,3.73,3.77,1136753.8
2017-08-07,3.75,3.77,3.69,3.76,1105536.83
2017-08-08,3.74,3.79,3.69,3.77,1182998.03
2017-08-09,3.75,3.77,3.67,3.68,1385637.3
2017-08-10,3.68,3.7,3.61,3.67,1556404.28
2017-08-11,3.63,3.7,3.58,3.69,2225301.6
2017-08-14,3.65,3.69,3.61,3.65,1462663.83
2017-08-15,3.65,3.79,3.65,3.73,2601863.92
2017-08-16,3.73,3.79,3.69,3.74,1451720.1
2017-08-17,3.74,3.76,3.71,3.73,605671.3
2017-08-18,3.71,3.76,3.69,3.73,915047.08
2017-08-21,3.71,3.75,3.69,3.74,744644.83
2017-08-22,3.73,3.79,3.72,3.78,863190.66
2017-08-23,3.77,3.89,3.77,3.89,2021402.59
2017-08-24,3.91,3.95,3.87,3.93,1482163.36
2017-08-25,3.92,4.1,3.92,4.09,2713533.19
2017-08-28,4.08,4.1,3.99,4.02,3507362.3
2017-08-29,4.01,4.04,3.97,4.04,1712718.79
2017-08-30,4.04,4.06,3.91,3.97,2629250.61
2017-08-31,3.95,3.97,3.88,3.92,2531552.76
2017-09-01,3.89,3.93,3.83,3.85,3399657.42
2017-09-04,3.83,3.91,3.83,3.91,2116663.94
2017-09-05,3.9,3.99,3.89,3.95,2339241.65
2017-09-06,3.94,3.97,3.91,3.92,1233432.3
2017-09-07,3.92,3.93,3.88,3.91,1158944.72
2017-09-08,3.9,3.95,3.89,3.92,1087328.18
2017-09-11,3.93,3.97,3.91,3.91,1756428.89
2017-09-12,3.91,3.95,3.87,3.94,1446317.18
2017-09-13,3.93,3.96,3.92,3.94,1218444.98
2017-09-14,3.93,3.97,3.89,3.91,1762811.76
2017-09-15,3.89,3.89,3.82,3.83,2024035.42
2017-09-18,3.85,3.86,3.81,3.83,1276890.33
2017-09-19,3.82,3.85,3.77,3.84,2126809.45
2017-09-20,3.82,3.86,3.8,3.85,1200302.0
2017-09-21,3.84,3.96,3.83,3.95,2390301.48
2017-09-22,3.95,4.02,3.94,3.97,1751785.47
2017-09-25,3.95,4.08,3.95,4.06,2088885.84
2017-09-26,4.04,4.07,4.03,4.03,1295644.18
2017-09-27,4.02,4.03,3.97,4.0,1702517.44
2017-09-28,3.99,4.03,3.95,4.02,1408868.0
2017-09-29,4.01,4.03,3.96,3.99,1375295.92
2017-10-09,4.16,4.2,4.0,4.05,4143991.9
2017-10-10,4.04,4.11,3.98,4.08,3160798.9
2017-10-11,4.06,4.14,4.06,4.12,1961269.53
2017-10-12,4.1,4.14,4.1,4.12,1295405.49
2017-10-13,4.12,4.13,4.07,4.08,1538436.98
2017-10-16,4.06,4.13,4.05,4.12,1799521.45
2017-10-17,4.11,4.13,4.08,4.08,1455143.8
2017-10-18,4.1,4.18,4.07,4.17,2598969.11
2017-10-19,4.15,4.25,4.14,4.21,2255113.82
2017-10-20,4.2,4.2,4.14,4.14,1441587.95
2017-10-23,4.14,4.18,4.1,4.11,1546878.48
2017-10-24,4.11,4.15,4.1,4.14,1563806.29
2017-10-25,4.12,4.14,4.07,4.09,1658666.36
2017-10-26,4.08,4.08,4.01,4.02,3648832.04
2017-10-27,4.02,4.16,4.0,4.11,4563964.56
2017-10-30,4.1,4.17,4.08,4.15,2632339.02
2017-10-31,4.14,4.15,4.04,4.05,2028074.87
2017-11-01,4.06,4.07,4.03,4.04,2090968.69
2017-11-02,4.04,4.05,3.98,4.04,2049580.7
2017-11-03,4.03,4.06,3.99,4.05,2102661.36
2017-11-06,4.03,4.04,3.99,4.02,1596512.03
2017-11-07,4.01,4.05,3.99,4.03,3421529.72
2017-11-08,4.03,4.04,3.99,4.01,3107053.52
2017-11-09,4.0,4.01,3.95,3.95,2714198.66
2017-11-10,3.95,3.95,3.86,3.87,4184662.73
2017-11-13,3.88,3.97,3.87,3.96,4065795.75
2017-11-14,3.96,3.97,3.91,3.93,1911099.21
2017-11-15,3.91,3.95,3.89,3.93,1693957.53
2017-11-16,3.91,3.93,3.87,3.89,2146232.74
2017-11-17,3.89,4.01,3.89,4.01,4095053.67
2017-11-20,3.99,4.08,3.97,4.06,3799938.25
2017-11-21,4.04,4.1,4.01,4.06,4172912.09
2017-11-22,4.08,4.18,4.08,4.14,4318695.96
2017-11-23,4.14,4.19,4.03,4.06,3725663.9
2017-11-24,4.06,4.07,3.97,4.03,3064491.38
2017-11-27,4.01,4.01,3.93,3.97,3322823.32
2017-11-28,3.95,3.97,3.91,3.93,1991047.27
2017-11-29,3.95,3.98,3.91,3.93,1851999.03
2017-11-30,3.93,3.94,3.9,3.93,1648187.56
2017-12-01,3.93,3.93,3.89,3.91,1634476.22
2017-12-04,3.9,3.93,3.88,3.91,1486331.25
2017-12-05,3.91,4.01,3.9,3.99,3648603.79
2017-12-06,3.97,3.99,3.93,3.97,2051953.59
2017-12-07,3.95,3.96,3.89,3.92,1646659.92
2017-12-08,3.91,3.92,3.89,3.91,1554173.4
2017-12-11,3.91,3.91,3.87,3.91,1753620.71
2017-12-12,3.91,3.91,3.87,3.88,1227704.3
2017-12-13,3.89,3.93,3.86,3.92,1669401.95
2017-12-14,3.92,3.97,3.91,3.91,1469378.37
2017-12-15,3.91,3.91,3.87,3.89,1168481.54
2017-12-18,3.89,3.93,3.89,3.93,1670006.51
2017-12-19,3.92,3.99,3.91,3.97,2728215.69
2017-12-20,3.98,4.01,3.95,3.97,1900410.16
2017-12-21,3.97,3.98,3.95,3.96,1465818.53
2017-12-22,3.97,3.97,3.93,3.93,1186604.02
2017-12-25,3.94,4.01,3.94,3.99,2396364.48
2017-12-26,3.99,4.05,3.97,4.04,2165329.09
2017-12-27,4.04,4.08,4.0,4.02,2151400.64
2017-12-28,4.01,4.08,4.0,4.08,2100886.44
2017-12-29,4.07,4.13,4.06,4.12,2168997.73
2018-01-02,4.11,4.24,4.06,4.1,5374662.07
2018-01-03,4.1,4.2,4.06,4.09,3493611.24
2018-01-04,4.1,4.1,4.03,4.03,4351365.22
2018-01-05,4.04,4.06,4.03,4.04,2817842.65
2018-01-08,4.04,4.05,4.01,4.03,2184876.04
2018-01-09,4.03,4.06,4.01,4.04,1671857.06
2018-01-10,4.04,4.11,4.03,4.09,2487389.58
2018-01-11,4.1,4.14,4.08,4.12,1970473.06
2018-01-12,4.12,4.18,4.12,4.15,2188517.99
2018-01-15,4.14,4.3,4.14,4.27,5302095.0
2018-01-16,4.27,4.38,4.24,4.38,3820653.05
2018-01-17,4.41,4.64,4.41,4.46,5885365.73
2018-01-18,4.48,4.75,4.48,4.74,5869909.42
2018-01-19,4.74,4.78,4.64,4.73,4366550.41
2018-01-22,4.68,4.88,4.66,4.76,4691221.4
2018-01-23,4.75,5.0,4.72,4.97,6030551.04
2018-01-24,4.97,5.09,4.85,4.92,5003507.85
2018-01-25,4.87,4.93,4.74,4.88,3875393.65
2018-01-26,4.84,5.01,4.83,4.9,4221498.23
2018-01-29,4.9,5.11,4.89,4.93,3695341.82
2018-01-30,4.92,4.93,4.79,4.84,2465403.67
2018-01-31,4.84,4.98,4.79,4.97,3767759.32
2018-02-01,4.94,5.11,4.93,5.1,4568140.17
2018-02-02,5.05,5.09,4.94,5.05,3322599.56
2018-02-05,4.97,5.16,4.95,5.15,4080189.69
2018-02-06,5.04,5.08,4.92,5.03,6795771.75
2018-02-07,5.03,5.09,4.65,4.74,6369817.42
2018-02-08,4.68,4.7,4.44,4.53,5409203.79
2018-02-09,4.37,4.46,4.27,4.44,6043811.55
2018-02-12,4.41,4.46,4.33,4.39,3544422.41
2018-02-13,4.42,4.57,4.41,4.52,4239094.48
2018-02-14,4.51,4.58,4.47,4.57,1805734.19
2018-02-22,4.67,4.7,4.62,4.65,2546631.05
2018-02-23,4.67,4.68,4.6,4.66,1895043.05
2018-02-26,4.69,4.76,4.61,4.66,2804496.42
2018-02-27,4.65,4.67,4.46,4.51,3437453.92
2018-02-28,4.46,4.5,4.4,4.43,2413871.93
2018-03-01,4.4,4.49,4.38,4.44,1904846.06
2018-03-02,4.39,4.46,4.37,4.44,1636773.5
2018-03-05,4.43,4.46,4.34,4.4,2052887.78
2018-03-06,4.42,4.44,4.3,4.35,4386066.96
2018-03-07,4.38,4.47,4.37,4.4,3933426.35
2018-03-08,4.42,4.43,4.33,4.35,2306817.57
2018-03-09,4.37,4.39,4.34,4.35,1842561.34
2018-03-12,4.38,4.4,4.28,4.3,4415456.32
2018-03-13,4.31,4.37,4.3,4.32,2937149.05
2018-03-14,4.29,4.32,4.25,4.28,1934814.84
2018-03-15,4.26,4.3,4.25,4.29,1519619.87
2018-03-16,4.29,4.29,4.22,4.22,1642283.37
2018-03-19,4.21,4.26,4.18,4.25,1504199.62
2018-03-20,4.22,4.34,4.21,4.34,2514772.73
2018-03-21,4.35,4.37,4.27,4.31,2333607.95
2018-03-22,4.31,4.31,4.22,4.3,1961055.09
2018-03-23,4.21,4.22,4.08,4.18,3544713.03
2018-03-26,4.14,4.17,3.95,4.0,4007328.53
2018-03-27,4.04,4.07,3.93,3.97,3701265.02
2018-03-28,3.93,4.05,3.92,3.97,3762391.91
2018-03-29,3.99,4.14,3.93,4.04,4704740.62
2018-03-30,4.05,4.08,4.03,4.04,2365589.57
2018-04-02,4.04,4.06,3.94,3.96,3005908.45
2018-04-03,3.92,3.95,3.88,3.91,2340767.53
2018-04-04,3.92,3.95,3.88,3.9,1945170.2
2018-04-09,3.91,3.93,3.89,3.89,1584898.7
2018-04-10,3.89,4.07,3.89,4.06,3274888.92
2018-04-11,4.06,4.18,4.06,4.14,3386003.46
2018-04-12,4.13,4.14,4.02,4.04,2074726.66
2018-04-13,4.07,4.08,3.99,4.01,1716561.02
2018-04-16,3.99,3.99,3.84,3.87,3926059.98
2018-04-17,3.87,3.89,3.82,3.85,1976059.37
2018-04-18,3.9,3.93,3.86,3.91,3131491.7
2018-04-19,3.91,3.97,3.91,3.93,2143684.92
2018-04-20,3.92,3.95,3.87,3.93,1919463.47
2018-04-23,3.9,4.02,3.89,4.0,2379811.13
2018-04-24,4.01,4.14,3.99,4.04,5343017.5
2018-04-25,4.01,4.02,3.95,3.98,2085181.95
2018-04-26,3.98,3.99,3.91,3.95,2054017.05
2018-04-27,3.95,4.01,3.91,3.99,2197416.16
2018-05-02,4.03,4.04,3.96,3.97,1718285.53
2018-05-03,3.97,3.99,3.93,3.95,1497655.71
2018-05-04,3.94,3.96,3.91,3.93,1315969.52
2018-05-07,3.93,3.96,3.89,3.95,1916851.9
2018-05-08,3.95,4.04,3.93,3.97,3228419.8
2018-05-09,3.98,3.99,3.95,3.98,1461171.86
2018-05-10,3.99,4.01,3.95,3.99,1525428.17
2018-05-11,3.99,4.05,3.98,4.03,2787789.98
2018-05-14,4.04,4.08,4.01,4.03,2498770.29
2018-05-15,4.04,4.08,4.02,4.04,2043866.92
2018-05-16,4.03,4.03,3.97,3.99,1602063.85
2018-05-17,3.99,3.99,3.95,3.97,1400923.33
2018-05-18,3.95,4.03,3.94,4.02,1442387.35
2018-05-21,4.04,4.04,3.98,4.01,2134080.51
2018-05-22,3.99,4.0,3.95,3.97,1851435.86
2018-05-23,3.95,3.96,3.89,3.89,2531641.13
2018-05-24,3.89,3.91,3.83,3.83,2375144.53
2018-05-25,3.83,3.85,3.81,3.84,1798287.77
2018-05-28,3.83,3.85,3.81,3.83,1376079.25
2018-05-29,3.82,3.83,3.73,3.81,3014850.91
2018-05-30,3.75,3.79,3.73,3.74,1461400.94
2018-05-31,3.76,3.77,3.73,3.76,1891983.38
2018-06-01,3.75,3.79,3.73,3.75,1750361.89
2018-06-04,3.76,3.8,3.75,3.79,2041340.85
2018-06-05,3.79,3.81,3.76,3.79,1468722.94
2018-06-06,3.78,3.78,3.75,3.75,1280016.88
2018-06-07,3.77,3.8,3.75,3.78,1634735.41
2018-06-08,3.77,3.77,3.7,3.71,2019455.61
2018-06-11,3.7,3.72,3.67,3.71,1228751.73
2018-06-12,3.71,3.73,3.69,3.72,1166799.96
2018-06-13,3.71,3.71,3.67,3.71,1363998.27
2018-06-14,3.68,3.75,3.68,3.73,1403449.73
2018-06-15,3.73,3.81,3.72,3.79,2793783.92
2018-06-19,3.76,3.83,3.73,3.81,4736599.02
2018-06-20,3.79,3.8,3.75,3.78,1365347.86
2018-06-21,3.78,3.81,3.76,3.77,1394836.71
2018-06-22,3.75,3.77,3.74,3.77,1249003.86
2018-06-25,3.78,3.79,3.67,3.68,1716884.98
2018-06-26,3.66,3.66,3.56,3.6,2013273.06
2018-06-27,3.59,3.59,3.51,3.53,1936487.58
2018-06-28,3.51,3.51,3.44,3.45,1587600.44
2018-06-29,3.47,3.54,3.47,3.53,1303485.33
2018-07-02,3.52,3.52,3.35,3.37,1815530.8
2018-07-03,3.38,3.41,3.35,3.41,2210339.75
2018-07-04,3.41,3.45,3.39,3.43,1236145.02
2018-07-05,3.43,3.51,3.43,3.47,1865183.48
2018-07-06,3.47,3.55,3.44,3.51,1925443.72
2018-07-09,3.53,3.68,3.53,3.67,2155458.27
2018-07-10,3.69,3.7,3.63,3.67,1289900.44
2018-07-11,3.59,3.67,3.58,3.64,1520448.61
2018-07-12,3.63,3.77,3.63,3.76,2134622.7
2018-07-13,3.78,3.79,3.7,3.72,1458769.76
2018-07-16,3.7,3.71,3.61,3.63,1736925.2
2018-07-17,3.63,3.63,3.59,3.63,1018467.79
2018-07-18,3.63,3.69,3.63,3.63,963695.58
2018-07-19,3.63,3.64,3.56,3.59,1086481.58
2018-07-20,3.58,3.82,3.56,3.79,3585294.46
2018-07-23,3.8,3.96,3.77,3.88,3924490.34
2018-07-24,3.9,3.97,3.87,3.89,2633342.77
2018-07-25,3.89,3.91,3.85,3.9,1904414.57
2018-07-26,3.9,3.94,3.81,3.85,1997142.53
2018-07-27,3.84,3.86,3.81,3.84,1142407.7
2018-07-30,3.84,3.92,3.83,3.88,1711754.64
2018-07-31,3.88,3.94,3.84,3.92,1311608.8
2018-08-01,3.92,3.96,3.84,3.85,1648041.18
2018-08-02,3.83,3.84,3.75,3.77,1498228.51
2018-08-03,3.77,3.84,3.77,3.8,1617001.94
2018-08-06,3.82,3.88,3.79,3.82,1377022.65
2018-08-07,3.82,3.88,3.77,3.88,2207547.91
2018-08-08,3.86,3.87,3.81,3.82,1213143.7
2018-08-09,3.79,3.87,3.79,3.86,1517006.25
2018-08-10,3.85,3.86,3.79,3.81,1559059.95
2018-08-13,3.79,3.79,3.68,3.75,2190260.56
2018-08-14,3.72,3.74,3.68,3.73,1520363.2
2018-08-15,3.72,3.72,3.66,3.67,1560965.93
2018-08-16,3.62,3.7,3.61,3.66,1973864.55
2018-08-17,3.68,3.68,3.64,3.65,1401296.78
2018-08-20,3.67,3.74,3.65,3.72,1520699.38
2018-08-21,3.73,3.77,3.71,3.75,1487702.75
2018-08-22,3.75,3.78,3.7,3.74,776009.67
2018-08-23,3.73,3.78,3.73,3.75,911500.13
2018-08-24,3.74,3.84,3.71,3.81,1711983.11
2018-08-27,3.81,3.84,3.77,3.84,1977216.35
2018-08-28,3.84,3.86,3.81,3.82,1207773.18
2018-08-29,3.81,3.82,3.78,3.81,709947.78
2018-08-30,3.8,3.81,3.73,3.75,1191030.58
2018-08-31,3.72,3.8,3.72,3.77,2154535.08
2018-09-03,3.76,3.79,3.74,3.77,1089986.62
2018-09-04,3.77,3.79,3.72,3.77,1279523.61
2018-09-05,3.75,3.77,3.71,3.71,1176416.02
2018-09-06,3.7,3.72,3.68,3.7,859739.6
2018-09-07,3.7,3.73,3.69,3.71,862333.17
2018-09-10,3.7,3.75,3.68,3.7,1064815.53
2018-09-11,3.7,3.74,3.68,3.7,931025.46
2018-09-12,3.68,3.7,3.66,3.67,1008677.36
2018-09-13,3.7,3.73,3.68,3.72,1148164.79
2018-09-14,3.74,3.74,3.71,3.72,681130.05
2018-09-17,3.72,3.72,3.68,3.69,835209.49
2018-09-18,3.7,3.74,3.68,3.74,1126595.07
2018-09-19,3.72,3.79,3.72,3.77,1767880.92
2018-09-20,3.77,3.83,3.77,3.81,1477091.02
2018-09-21,3.82,3.99,3.78,3.99,3285182.06
2018-09-25,3.93,3.97,3.91,3.93,2118049.37
2018-09-26,3.95,4.0,3.93,3.95,2327120.67
2018-09-27,3.95,3.96,3.88,3.95,1298206.26
2018-09-28,3.95,4.02,3.94,4.0,2000095.58
2018-10-08,3.9,3.91,3.83,3.86,2195532.29
2018-10-09,3.83,3.87,3.81,3.84,1478667.55
2018-10-10,3.84,3.87,3.82,3.85,1448229.35
2018-10-11,3.76,3.81,3.72,3.75,2371310.43
2018-10-12,3.75,3.85,3.75,3.84,1651175.81
2018-10-15,3.83,3.83,3.77,3.77,1055919.49
2018-10-16,3.77,3.83,3.76,3.78,1016670.05
2018-10-17,3.81,3.83,3.73,3.77,1869574.21
2018-10-18,3.76,3.77,3.71,3.71,1497852.99
2018-10-19,3.71,3.83,3.66,3.8,2483320.11
2018-10-22,3.81,3.94,3.81,3.9,2772704.72
2018-10-23,3.9,3.93,3.78,3.79,2045772.08
2018-10-24,3.79,3.93,3.78,3.9,2634179.53
2018-10-25,3.83,3.93,3.79,3.92,2202105.8
2018-10-26,3.93,3.99,3.86,3.95,1992535.84
2018-10-29,3.93,3.98,3.84,3.87,1862819.37
2018-10-30,3.89,3.94,3.86,3.9,1517325.06
2018-10-31,3.89,3.92,3.87,3.9,1516160.71
2018-11-01,3.92,3.93,3.85,3.86,1946329.49
2018-11-02,3.9,3.93,3.84,3.91,3405294.73
2018-11-05,3.89,3.9,3.84,3.86,1898292.31
2018-11-06,3.86,3.87,3.81,3.84,1581505.7
2018-11-07,3.84,3.86,3.81,3.83,1527558.09
2018-11-08,3.84,3.86,3.82,3.84,1222918.27
2018-11-09,3.79,3.79,3.68,3.71,4099081.93
2018-11-12,3.68,3.72,3.68,3.72,1912826.53
2018-11-13,3.68,3.75,3.68,3.73,1966675.07
2018-11-14,3.72,3.72,3.68,3.68,1771988.18
2018-11-15,3.68,3.71,3.68,3.71,1208254.58
2018-11-16,3.71,3.73,3.7,3.7,1395429.89
2018-11-19,3.72,3.75,3.71,3.75,1768291.25
2018-11-20,3.74,3.75,3.68,3.71,1431497.17
2018-11-21,3.68,3.72,3.68,3.72,983231.6
2018-11-22,3.72,3.73,3.7,3.72,793685.33
2018-11-23,3.72,3.72,3.69,3.7,897813.62
2018-11-26,3.71,3.73,3.7,3.71,872378.81
2018-11-27,3.71,3.71,3.69,3.7,661139.48
2018-11-28,3.7,3.72,3.69,3.71,779603.74
2018-11-29,3.72,3.73,3.69,3.7,814643.21
2018-11-30,3.69,3.71,3.68,3.7,611827.37
2018-12-03,3.75,3.77,3.73,3.75,2223474.05
2018-12-04,3.75,3.77,3.75,3.76,963392.72
2018-12-05,3.73,3.75,3.72,3.75,948942.01
2018-12-06,3.71,3.74,3.7,3.71,1126755.87
2018-12-07,3.71,3.72,3.7,3.71,595983.21
2018-12-10,3.68,3.7,3.68,3.7,808751.51
2018-12-11,3.7,3.7,3.68,3.7,607028.59
2018-12-12,3.7,3.71,3.69,3.7,622103.27
2018-12-13,3.71,3.75,3.7,3.74,976390.78
2018-12-14,3.72,3.73,3.7,3.71,751594.34
2018-12-17,3.7,3.72,3.69,3.72,818948.7
2018-12-18,3.71,3.72,3.7,3.71,976967.36
2018-12-19,3.72,3.72,3.69,3.7,983026.93
2018-12-20,3.7,3.71,3.61,3.63,1853115.87
2018-12-21,3.61,3.61,3.54,3.6,2021416.64
2018-12-24,3.56,3.63,3.55,3.62,1082039.25
2018-12-25,3.58,3.65,3.58,3.63,1662552.82
2018-12-26,3.62,3.66,3.61,3.66,898617.28
2018-12-27,3.68,3.69,3.66,3.66,1016874.85
2018-12-28,3.68,3.7,3.67,3.67,1115319.0
2019-01-02,3.68,3.68,3.59,3.61,1131849.0
2019-01-03,3.59,3.63,3.59,3.61,943284.27
2019-01-04,3.59,3.66,3.57,3.66,1224420.27
2019-01-07,3.68,3.68,3.63,3.63,999757.87
2019-01-08,3.64,3.64,3.59,3.61,1129184.31
2019-01-09,3.61,3.67,3.61,3.65,1761937.93
2019-01-10,3.63,3.65,3.61,3.62,839222.43
2019-01-11,3.63,3.64,3.61,3.63,838921.8
2019-01-14,3.65,3.65,3.59,3.61,951456.97
2019-01-15,3.61,3.64,3.6,3.63,1189012.04
2019-01-16,3.63,3.63,3.61,3.63,873639.57
2019-01-17,3.64,3.68,3.62,3.64,1673145.24
2019-01-18,3.66,3.75,3.64,3.74,2517758.98
2019-01-21,3.75,3.8,3.75,3.78,2126181.57
2019-01-22,3.79,3.79,3.72,3.74,1395486.3
2019-01-23,3.75,3.78,3.74,3.77,1253884.81
2019-01-24,3.79,3.79,3.76,3.79,888219.89
2019-01-25,3.8,3.87,3.8,3.83,1666269.76
2019-01-28,3.88,3.91,3.8,3.81,1639485.11
2019-01-29,3.82,3.86,3.8,3.84,1300705.55
2019-01-30,3.84,3.86,3.82,3.85,1373696.58
2019-01-31,3.86,3.95,3.85,3.93,2251050.48
2019-02-01,3.94,3.95,3.89,3.92,1436724.42
2019-02-11,3.9,3.92,3.86,3.91,1195632.34
2019-02-12,3.91,3.93,3.88,3.92,845872.0
2019-02-13,3.92,3.98,3.89,3.96,1757538.81
2019-02-14,3.95,3.95,3.9,3.92,1554184.76
2019-02-15,3.9,3.9,3.8,3.82,2130583.23
2019-02-18,3.84,3.88,3.84,3.88,1874015.57
2019-02-19,3.88,3.91,3.85,3.86,2126730.98
2019-02-20,3.87,3.88,3.85,3.86,1068611.46
2019-02-21,3.86,3.89,3.84,3.86,1583102.23
2019-02-22,3.85,3.85,3.79,3.85,2983245.78
2019-02-25,3.86,4.09,3.86,4.09,6769225.45
2019-02-26,4.09,4.09,3.98,4.0,4585219.51
2019-02-27,4.01,4.11,3.97,4.03,4815141.88
2019-02-28,4.02,4.04,3.96,3.99,2787211.81
2019-03-01,4.0,4.06,3.96,4.06,3372006.5
2019-03-04,4.09,4.15,4.04,4.06,6018263.96
2019-03-05,4.04,4.05,4.0,4.04,3327884.98
2019-03-06,4.02,4.06,4.02,4.06,3261569.6
2019-03-07,4.05,4.05,3.98,3.99,4004888.19
2019-03-08,3.95,3.95,3.87,3.88,3578249.97
2019-03-11,3.87,3.9,3.85,3.89,2320634.38
2019-03-12,3.9,3.94,3.88,3.9,2743039.42
2019-03-13,3.89,3.89,3.84,3.87,3065094.53
2019-03-14,3.86,3.89,3.84,3.86,2263955.59
2019-03-15,3.86,3.9,3.86,3.87,2500673.44
2019-03-18,3.86,3.92,3.86,3.92,3633998.29
2019-03-19,3.93,3.93,3.9,3.92,2457470.81
2019-03-20,3.9,3.92,3.88,3.89,2362450.06
2019-03-21,3.89,3.9,3.87,3.88,2315734.32
2019-03-22,3.88,3.88,3.85,3.87,1912400.61
2019-03-25,3.84,3.85,3.79,3.79,3218764.22
2019-03-26,3.81,3.81,3.77,3.78,2079400.75
2019-03-27,3.79,3.84,3.78,3.82,2633869.47
2019-03-28,3.81,3.81,3.77,3.78,1922437.62
2019-03-29,3.79,3.87,3.79,3.86,3916036.43
2019-04-01,3.88,3.93,3.88,3.91,4879282.96
2019-04-02,3.93,3.95,3.91,3.93,3924760.36
2019-04-03,3.88,3.96,3.88,3.95,3262867.22
2019-04-04,3.95,4.04,3.95,4.03,4524539.54
2019-04-08,4.06,4.15,4.01,4.04,4293673.64
2019-04-09,4.03,4.04,3.99,4.01,2408015.73
2019-04-10,3.99,4.02,3.95,3.99,2412362.89
2019-04-11,3.99,4.02,3.96,3.97,2171263.6
2019-04-12,3.97,3.98,3.95,3.97,1536137.61
2019-04-15,4.03,4.11,4.02,4.03,4734974.67
2019-04-16,4.01,4.18,3.99,4.16,5512072.42
2019-04-17,4.15,4.22,4.13,4.17,3642938.94
2019-04-18,4.17,4.18,4.11,4.12,2164783.99
2019-04-19,4.12,4.17,4.12,4.15,1845142.26
2019-04-22,4.15,4.16,4.03,4.04,2731242.5
2019-04-23,4.05,4.06,4.02,4.03,1831041.12
2019-04-24,4.04,4.05,3.98,4.03,2091668.08
2019-04-25,4.02,4.02,3.96,3.97,2259720.35
2019-04-26,3.96,3.99,3.95,3.96,1840006.08
2019-04-29,3.97,4.05,3.96,4.02,2119529.69
2019-04-30,4.02,4.04,3.98,4.03,1850456.85
2019-05-06,3.95,4.02,3.86,3.97,3942109.1
2019-05-07,3.95,3.96,3.9,3.93,1680326.14
2019-05-08,3.88,3.91,3.86,3.88,1355874.56
2019-05-09,3.86,3.87,3.81,3.83,1676489.52
2019-05-10,3.84,3.93,3.81,3.89,2165359.05
2019-05-13,3.85,3.86,3.84,3.84,1164306.74
2019-05-14,3.82,3.86,3.81,3.83,1248745.48
2019-05-15,3.84,3.88,3.82,3.86,1615658.26
2019-05-16,3.84,3.89,3.84,3.88,1546208.32
2019-05-17,3.88,3.89,3.84,3.86,1594083.38
2019-05-20,3.86,3.92,3.85,3.89,2414575.52
2019-05-21,3.89,3.93,3.88,3.91,1557976.78
2019-05-22,3.91,3.93,3.88,3.92,1208877.09
2019-05-23,3.92,3.93,3.9,3.92,1865486.0
2019-05-24,3.92,3.97,3.91,3.95,1400200.56
2019-05-27,3.94,3.95,3.9,3.92,1781055.39
2019-05-28,3.93,3.94,3.9,3.93,1893082.19
2019-05-29,3.91,3.93,3.9,3.92,1165485.99
2019-05-30,3.92,3.93,3.9,3.93,1205652.81
2019-05-31,3.92,3.93,3.88,3.89,1488230.56
2019-06-03,3.9,3.95,3.9,3.95,1869902.03
2019-06-04,3.95,3.98,3.94,3.97,1643915.69
2019-06-05,3.98,4.04,3.98,3.99,1707521.19
2019-06-06,4.01,4.02,3.97,3.97,1543094.02
2019-06-10,3.98,4.04,3.98,4.01,1852676.56
2019-06-11,4.01,4.02,3.99,4.02,2598938.16
2019-06-12,4.01,4.02,3.98,3.99,1902212.21
2019-06-13,3.99,3.99,3.96,3.97,1640528.94
2019-06-14,3.98,4.01,3.97,3.98,1482278.28
2019-06-17,3.97,4.0,3.97,3.98,1582082.21
2019-06-18,3.98,3.99,3.97,3.98,2611020.48
2019-06-19,4.03,4.05,3.99,4.01,4025858.45
2019-06-20,4.01,4.09,4.0,4.05,5875141.52
2019-06-21,4.05,4.09,4.04,4.06,3183815.25
2019-06-24,4.06,4.08,4.04,4.08,1785277.88
2019-06-25,4.07,4.08,4.0,4.04,2684932.83
2019-06-26,4.03,4.06,4.02,4.06,1375845.93
2019-06-27,4.06,4.11,4.06,4.1,2244569.16
2019-06-28,4.09,4.1,4.05,4.09,1561974.46
2019-07-01,4.12,4.14,4.09,4.11,2927829.68
2019-07-02,4.1,4.13,4.09,4.11,2713569.68
2019-07-03,4.11,4.12,4.08,4.11,2096733.68
2019-07-04,4.11,4.11,4.09,4.11,1516906.47
2019-07-05,4.1,4.11,4.09,4.11,1289392.2
2019-07-08,4.09,4.1,4.01,4.05,1962590.34
2019-07-09,4.03,4.05,4.03,4.04,1193934.89
2019-07-10,4.04,4.05,4.01,4.02,1056818.05
2019-07-11,4.03,4.04,4.02,4.03,1062933.61
2019-07-12,4.04,4.08,4.03,4.07,1411107.88
2019-07-15,4.06,4.06,4.01,4.06,1261611.57
2019-07-16,4.06,4.07,4.03,4.06,808805.41
2019-07-17,4.05,4.06,4.02,4.03,1449433.69
2019-07-18,4.01,4.04,4.01,4.03,1208150.69
2019-07-19,4.03,4.06,4.03,4.06,1189488.18
2019-07-22,4.05,4.09,4.05,4.08,1604548.21
2019-07-23,4.08,4.1,4.06,4.1,1210511.76
2019-07-24,4.1,4.13,4.09,4.12,1701762.04
2019-07-25,4.12,4.12,4.1,4.12,1164247.04
2019-07-26,4.11,4.13,4.1,4.12,1130750.7
2019-07-29,4.12,4.12,4.08,4.09,1532497.76
2019-07-30,4.11,4.11,4.08,4.1,1340973.79
2019-07-31,4.09,4.1,4.07,4.08,1093150.49
2019-08-01,4.07,4.08,4.06,4.06,1041691.49
2019-08-02,4.03,4.05,3.98,4.03,1636155.34
2019-08-05,4.01,4.02,3.97,3.97,1473191.56
2019-08-06,3.93,3.94,3.91,3.92,1741383.85
2019-08-07,3.93,3.94,3.9,3.9,1121974.85
2019-08-08,3.92,3.95,3.9,3.93,1308395.72
2019-08-09,3.94,3.98,3.93,3.95,1509768.36
2019-08-12,3.95,4.0,3.95,3.99,1138926.66
2019-08-13,3.98,4.0,3.97,3.99,1008889.18
2019-08-14,4.01,4.03,4.0,4.0,1075702.83
2019-08-15,3.97,4.03,3.95,4.03,1024084.53
2019-08-16,4.03,4.03,3.98,3.98,1152927.63
2019-08-19,3.96,3.98,3.9,3.96,3309679.57
2019-08-20,3.95,3.95,3.92,3.92,2349322.25
2019-08-21,3.92,3.94,3.91,3.93,1058217.83
2019-08-22,3.94,3.94,3.9,3.9,1643501.74
2019-08-23,3.91,3.93,3.9,3.92,1263582.67
2019-08-26,3.88,3.91,3.88,3.9,1390794.15
2019-08-27,3.91,3.94,3.9,3.92,2189476.97
2019-08-28,3.92,3.92,3.9,3.91,1125786.16
2019-08-29,3.9,3.92,3.9,3.92,1285365.86
2019-08-30,3.94,3.94,3.9,3.9,1528963.91
2019-09-02,3.91,3.92,3.9,3.9,1892707.69
2019-09-03,3.9,3.91,3.89,3.91,1232397.49
2019-09-04,3.91,3.96,3.9,3.96,2198547.65
2019-09-05,3.97,4.01,3.96,3.98,2959461.64
2019-09-06,3.99,4.0,3.98,4.0,1398795.41
2019-09-09,4.01,4.03,3.98,3.99,1979916.88
2019-09-10,3.99,4.0,3.97,3.98,1621300.15
2019-09-11,4.0,4.03,3.98,4.02,2026820.89
2019-09-12,4.02,4.03,4.0,4.03,1327617.19
2019-09-16,4.03,4.04,4.02,4.03,1414432.07
2019-09-17,4.03,4.03,3.98,3.99,1372554.14
2019-09-18,4.0,4.0,3.98,3.98,932774.8
2019-09-19,3.99,3.99,3.96,3.98,865239.07
2019-09-20,3.99,4.0,3.97,4.0,1422582.52
2019-09-23,3.99,4.0,3.95,3.97,1520159.34
2019-09-24,3.97,4.0,3.96,3.98,1013885.91
2019-09-25,3.98,4.0,3.96,3.98,999090.55
2019-09-26,3.99,4.03,3.98,4.02,2119003.05
2019-09-27,4.02,4.04,3.97,4.01,1910227.95
2019-09-30,4.0,4.06,4.0,4.0,1499032.94
2019-10-08,3.99,4.04,3.97,4.03,1253175.91
2019-10-09,4.0,4.06,4.0,4.04,1231203.36
2019-10-10,4.04,4.04,4.02,4.03,760767.42
2019-10-11,4.03,4.09,4.03,4.08,1643201.2
2019-10-14,4.09,4.18,4.08,4.14,2195180.46
2019-10-15,4.13,4.16,4.12,4.14,1143438.34
2019-10-16,4.16,4.19,4.11,4.14,1414081.81
2019-10-17,4.13,4.14,4.12,4.13,706609.79
2019-10-18,4.14,4.17,4.1,4.11,1264915.58
2019-10-21,4.11,4.19,4.11,4.19,1941045.35
2019-10-22,4.2,4.21,4.16,4.21,1107654.65
2019-10-23,4.19,4.27,4.19,4.25,1638487.1
2019-10-24,4.25,4.35,4.24,4.29,2230287.0
2019-10-25,4.28,4.34,4.23,4.33,1766530.86
2019-10-28,4.34,4.36,4.28,4.29,1707052.43
2019-10-29,4.29,4.32,4.26,4.28,1198014.94
2019-10-30,4.29,4.33,4.27,4.31,1233569.13
2019-10-31,4.32,4.32,4.25,4.28,969326.43
2019-11-01,4.27,4.32,4.21,4.3,1331794.14
2019-11-04,4.3,4.32,4.27,4.27,1121642.13
2019-11-05,4.28,4.34,4.27,4.29,2021852.18
2019-11-06,4.28,4.34,4.27,4.33,1566204.23
2019-11-07,4.33,4.34,4.29,4.31,1102570.31
2019-11-08,4.33,4.34,4.24,4.25,1704203.98
2019-11-11,4.23,4.24,4.16,4.18,1356370.22
2019-11-12,4.18,4.21,4.16,4.2,875125.54
2019-11-13,4.19,4.21,4.16,4.19,1066182.66
2019-11-14,4.18,4.2,4.16,4.16,780185.38
2019-11-15,4.17,4.21,4.16,4.19,930179.06
2019-11-18,4.19,4.21,4.17,4.21,838837.82
2019-11-19,4.21,4.24,4.2,4.24,1010758.35
2019-11-20,4.22,4.24,4.19,4.2,707739.95
2019-11-21,4.18,4.19,4.13,4.15,1420982.83
2019-11-22,4.15,4.16,4.13,4.13,1115087.37
2019-11-25,4.14,4.24,4.13,4.22,1916305.2
2019-11-26,4.24,4.27,4.22,4.24,1536792.3
2019-11-27,4.24,4.27,4.22,4.26,863818.62
2019-11-28,4.25,4.26,4.21,4.23,754976.65
2019-11-29,4.21,4.26,4.19,4.19,1032189.13
2019-12-02,4.2,4.22,4.2,4.21,850038.34
2019-12-03,4.2,4.21,4.17,4.19,747954.77
2019-12-04,4.19,4.19,4.16,4.17,929448.79
2019-12-05,4.19,4.2,4.16,4.18,790213.95
2019-12-06,4.18,4.19,4.14,4.16,1096040.45
2019-12-09,4.16,4.17,4.13,4.16,1104982.01
2019-12-10,4.15,4.15,4.12,4.13,977657.65
2019-12-11,4.13,4.16,4.12,4.16,1128807.54
2019-12-12,4.16,4.17,4.14,4.16,909605.65
2019-12-13,4.19,4.21,4.16,4.21,1494336.87
2019-12-16,4.21,4.21,4.17,4.19,1411578.62
2019-12-17,4.19,4.26,4.16,4.23,2384927.11
2019-12-18,4.22,4.29,4.21,4.25,1844467.06
2019-12-19,4.25,4.31,4.25,4.29,1668417.19
2019-12-20,4.29,4.31,4.27,4.3,1201617.86
2019-12-23,4.29,4.29,4.24,4.26,1191389.84
2019-12-24,4.24,4.26,4.23,4.24,682187.61
2019-12-25,4.24,4.25,4.22,4.22,781478.48
2019-12-26,4.24,4.25,4.21,4.24,895144.69
2019-12-27,4.24,4.3,4.24,4.27,1303194.42
2019-12-30,4.26,4.27,4.21,4.27,2106664.99
2019-12-31,4.25,4.28,4.23,4.26,1400559.36
2020-01-02,4.29,4.37,4.28,4.32,2349493.97
2020-01-03,4.32,4.36,4.32,4.34,1522130.47
2020-01-06,4.32,4.38,4.31,4.32,2265097.05
2020-01-07,4.33,4.37,4.33,4.35,1168043.53
2020-01-08,4.32,4.32,4.27,4.28,1585590.9
2020-01-09,4.31,4.32,4.26,4.28,1377134.29
2020-01-10,4.28,4.3,4.24,4.28,978377.73
2020-01-13,4.27,4.3,4.25,4.3,1089910.03
2020-01-14,4.29,4.32,4.28,4.3,1367700.59
2020-01-15,4.3,4.3,4.25,4.26,1288907.56
2020-01-16,4.25,4.27,4.19,4.2,2690313.51
2020-01-17,4.21,4.23,4.2,4.22,1039490.27
2020-01-20,4.21,4.24,4.2,4.23,1033399.62
2020-01-21,4.22,4.22,4.17,4.18,1432236.69
2020-01-22,4.17,4.19,4.14,4.19,1283707.88
2020-01-23,4.17,4.19,4.13,4.14,2000376.55
2020-02-03,3.84,4.04,3.84,3.93,4680399.02
2020-02-04,3.9,4.01,3.88,3.98,4013852.61
2020-02-05,3.98,4.0,3.93,3.98,2508538.05
2020-02-06,3.98,4.01,3.94,3.98,2809954.29
2020-02-07,3.96,3.96,3.91,3.94,2373189.96
2020-02-10,3.92,3.93,3.9,3.93,1902386.33
2020-02-11,3.93,3.96,3.92,3.95,1984984.5
2020-02-12,3.95,3.96,3.93,3.95,2039144.33
2020-02-13,3.95,3.95,3.91,3.92,1995657.62
2020-02-14,3.91,3.94,3.9,3.93,1415764.48
2020-02-17,3.93,3.98,3.92,3.98,2141949.06
2020-02-18,3.96,3.97,3.94,3.95,1845424.4
2020-02-19,3.95,3.98,3.95,3.97,2040523.82
2020-02-20,3.97,4.0,3.94,3.99,2836680.91
2020-02-21,3.98,4.0,3.96,3.98,2237102.93
2020-02-24,3.97,3.98,3.93,3.94,1933291.9
2020-02-25,3.91,3.93,3.9,3.92,2301332.75
2020-02-26,3.9,3.94,3.88,3.92,2579688.13
2020-02-27,3.91,3.93,3.9,3.91,2225556.23
2020-02-28,3.89,3.9,3.82,3.84,4229371.46
2020-03-02,3.84,3.88,3.83,3.88,2399023.17
2020-03-03,3.89,3.91,3.87,3.9,2554031.93
2020-03-04,3.89,3.9,3.88,3.9,1342815.89
2020-03-05,3.91,3.95,3.9,3.95,3305397.55
2020-03-06,3.93,3.93,3.9,3.92,1959498.73
2020-03-09,3.87,3.87,3.84,3.85,2880620.25
2020-03-10,3.83,3.89,3.83,3.88,2508207.67
2020-03-11,3.87,3.89,3.85,3.85,1694069.55
2020-03-12,3.84,3.85,3.82,3.83,2462964.88
2020-03-13,3.74,3.82,3.72,3.78,2997241.07
2020-03-16,3.78,3.83,3.72,3.74,3044663.05
2020-03-17,3.74,3.79,3.71,3.74,2577129.32
2020-03-18,3.75,3.77,3.7,3.7,2025068.11
2020-03-19,3.7,3.71,3.57,3.61,2898849.68
2020-03-20,3.64,3.7,3.62,3.68,2125136.11
2020-03-23,3.62,3.64,3.61,3.61,1399893.11
2020-03-24,3.64,3.71,3.64,3.71,2303316.06
2020-03-25,3.74,3.75,3.69,3.75,2321786.19
2020-03-26,3.72,3.78,3.7,3.75,1556128.48
2020-03-27,3.77,3.8,3.75,3.77,1727364.92
2020-03-30,3.75,3.8,3.73,3.78,1953884.77
2020-03-31,3.78,3.8,3.71,3.73,1761031.97
2020-04-01,3.73,3.76,3.72,3.74,1018584.47
2020-04-02,3.72,3.76,3.7,3.76,1228856.37
2020-04-03,3.74,3.75,3.71,3.72,1096046.24
2020-04-07,3.75,3.76,3.72,3.74,1703016.28
2020-04-08,3.72,3.73,3.71,3.72,1034743.15
2020-04-09,3.72,3.73,3.71,3.72,735820.92
2020-04-10,3.72,3.72,3.69,3.7,978068.9
2020-04-13,3.69,3.72,3.69,3.69,855087.09
2020-04-14,3.7,3.72,3.69,3.71,883217.71
2020-04-15,3.7,3.72,3.69,3.72,946035.41
2020-04-16,3.7,3.72,3.69,3.71,700631.72
2020-04-17,3.72,3.74,3.7,3.73,1382448.72
2020-04-20,3.72,3.73,3.71,3.71,1038087.22
2020-04-21,3.7,3.71,3.67,3.68,1176048.88
2020-04-22,3.67,3.69,3.66,3.69,876583.56
2020-04-23,3.69,3.69,3.66,3.67,1033422.43
2020-04-24,3.66,3.67,3.65,3.66,687952.21
2020-04-27,3.66,3.7,3.66,3.69,1172996.82
2020-04-28,3.69,3.71,3.65,3.7,1505136.12
2020-04-29,3.69,3.73,3.68,3.73,1210796.35
2020-04-30,3.73,3.75,3.72,3.74,1040639.1
2020-05-06,3.71,3.71,3.68,3.7,1620612.17
2020-05-07,3.69,3.7,3.69,3.69,788981.87
2020-05-08,3.69,3.71,3.69,3.69,1148277.97
2020-05-11,3.7,3.72,3.69,3.72,1130518.85
2020-05-12,3.72,3.73,3.7,3.72,1016320.81
2020-05-13,3.71,3.72,3.7,3.72,556280.21
2020-05-14,3.71,3.72,3.69,3.69,811525.0
2020-05-15,3.69,3.71,3.68,3.69,959061.3
2020-05-18,3.69,3.69,3.67,3.69,936178.81
2020-05-19,3.71,3.72,3.69,3.71,1361800.96
2020-05-20,3.7,3.71,3.69,3.71,867648.68
2020-05-21,3.71,3.72,3.69,3.69,810031.05
2020-05-22,3.69,3.7,3.66,3.66,1433770.84
2020-05-25,3.66,3.69,3.65,3.69,1055064.93
2020-05-26,3.69,3.7,3.68,3.68,925221.25
2020-05-27,3.68,3.72,3.68,3.71,1195940.05
2020-05-28,3.71,3.75,3.71,3.74,1457287.39
2020-05-29,3.72,3.73,3.69,3.71,1257614.11
2020-06-01,3.72,3.74,3.71,3.74,1050078.87
2020-06-02,3.73,3.76,3.72,3.76,1528291.99
2020-06-03,3.77,3.8,3.75,3.76,1345467.79
2020-06-04,3.77,3.77,3.74,3.75,763941.15
2020-06-05,3.76,3.78,3.74,3.77,1098657.57
2020-06-08,3.78,3.81,3.77,3.8,1709294.14
2020-06-09,3.8,3.82,3.79,3.81,1186765.21
2020-06-10,3.82,3.82,3.8,3.82,1301161.67
2020-06-11,3.82,3.84,3.8,3.82,2019545.47
2020-06-12,3.79,3.85,3.77,3.78,3797260.25
2020-06-15,3.8,3.85,3.79,3.8,2160776.01
2020-06-16,3.82,3.85,3.81,3.84,1230379.83
2020-06-17,3.82,3.84,3.8,3.81,879844.68
2020-06-18,3.77,3.78,3.74,3.76,2109655.06
2020-06-19,3.75,3.77,3.73,3.77,1986050.88
2020-06-22,3.77,3.78,3.74,3.74,1569839.57
2020-06-23,3.74,3.74,3.71,3.72,1798935.42
2020-06-24,3.73,3.8,3.72,3.78,1941727.76
2020-06-29,3.82,3.85,3.77,3.8,3000963.04
2020-06-30,3.81,3.83,3.78,3.79,2135599.08
2020-07-01,3.79,3.8,3.75,3.8,1953424.3
2020-07-02,3.79,3.86,3.78,3.86,3336395.08
2020-07-03,3.86,3.95,3.86,3.93,3494607.78
2020-07-06,3.96,4.27,3.95,4.27,7463596.38
2020-07-07,4.32,4.46,4.24,4.24,6224564.8
2020-07-08,4.21,4.26,4.1,4.17,6130510.56
2020-07-09,4.14,4.15,4.08,4.1,5693420.48
2020-07-10,4.08,4.09,3.96,3.98,6260793.27
2020-07-13,3.96,4.0,3.93,3.97,6089284.1
2020-07-14,3.95,3.96,3.91,3.92,4639220.5
2020-07-15,3.93,3.95,3.86,3.87,4611494.14
2020-07-16,3.87,3.91,3.85,3.86,4922858.09
2020-07-17,3.86,3.87,3.83,3.86,2975297.98
2020-07-20,3.86,3.92,3.85,3.91,3865923.63
2020-07-21,3.91,3.92,3.88,3.89,2262537.59
2020-07-22,3.89,3.92,3.86,3.88,2926611.07
2020-07-23,3.86,3.87,3.83,3.83,3751365.63
2020-07-24,3.83,3.83,3.78,3.79,3637610.06
2020-07-27,3.79,3.81,3.77,3.79,2176344.9
2020-07-28,3.8,3.81,3.78,3.79,1748445.91
2020-07-29,3.79,3.83,3.76,3.83,2758566.64
2020-07-30,3.83,3.83,3.79,3.79,1537828.61
2020-07-31,3.79,3.82,3.77,3.78,2549672.87
2020-08-03,3.79,3.81,3.78,3.79,2446867.81
2020-08-04,3.8,3.86,3.79,3.85,4012204.69
2020-08-05,3.83,3.83,3.8,3.81,2052320.06
2020-08-06,3.82,3.83,3.79,3.83,2099270.52
2020-08-07,3.82,3.82,3.79,3.79,1921432.81
2020-08-10,3.79,3.81,3.78,3.8,2009869.17
2020-08-11,3.79,3.83,3.79,3.79,2767245.52
2020-08-12,3.79,3.8,3.78,3.8,2256124.04
2020-08-13,3.79,3.81,3.79,3.79,1163829.32
2020-08-14,3.79,3.83,3.79,3.83,2085844.53
2020-08-17,3.83,3.89,3.83,3.88,5486933.26
2020-08-18,3.88,3.88,3.84,3.85,2371955.04
2020-08-19,3.86,3.86,3.83,3.83,1630051.4
2020-08-20,3.83,3.83,3.8,3.81,1642453.23
2020-08-21,3.82,3.83,3.8,3.82,1301844.83
2020-08-24,3.82,3.83,3.8,3.8,1200786.07
2020-08-25,3.81,3.82,3.79,3.81,1548987.45
2020-08-26,3.81,3.81,3.79,3.79,1514622.46
2020-08-27,3.79,3.79,3.78,3.79,1416656.58
2020-08-28,3.79,3.82,3.78,3.81,2103678.49
2020-08-31,3.8,3.82,3.78,3.78,2631484.38
2020-09-01,3.78,3.79,3.76,3.78,1566483.75
2020-09-02,3.78,3.78,3.75,3.75,2729008.52
2020-09-03,3.75,3.76,3.73,3.74,1839671.79
2020-09-04,3.73,3.74,3.72,3.73,1409393.98
2020-09-07,3.73,3.75,3.72,3.73,1525627.38
2020-09-08,3.73,3.78,3.73,3.77,1995480.82
2020-09-09,3.76,3.77,3.75,3.76,1613340.69
2020-09-10,3.76,3.77,3.73,3.74,1444378.36
2020-09-11,3.73,3.77,3.73,3.76,1494302.13
2020-09-14,3.76,3.76,3.74,3.76,1027571.21
2020-09-15,3.75,3.76,3.74,3.75,828081.03
2020-09-16,3.75,3.76,3.73,3.76,1076156.27
2020-09-17,3.76,3.77,3.75,3.76,1208863.68
2020-09-18,3.77,3.79,3.76,3.79,2607344.28
2020-09-21,3.79,3.8,3.76,3.78,1217665.22
2020-09-22,3.77,3.78,3.75,3.76,1097050.2
2020-09-23,3.76,3.76,3.74,3.75,1005836.16
2020-09-24,3.74,3.75,3.72,3.73,1265965.12
2020-09-25,3.73,3.74,3.72,3.73,1080017.5
2020-09-28,3.73,3.76,3.72,3.76,1634647.01
2020-09-29,3.76,3.77,3.74,3.74,1156134.49
2020-09-30,3.75,3.77,3.74,3.75,1512342.71
2020-10-09,3.76,3.76,3.74,3.74,1289984.22
2020-10-12,3.75,3.79,3.74,3.78,2525438.47
2020-10-13,3.77,3.78,3.74,3.75,1674336.69
2020-10-14,3.75,3.76,3.74,3.75,1408489.26
2020-10-15,3.75,3.77,3.73,3.76,2011509.32
2020-10-16,3.75,3.83,3.75,3.8,5009557.53
2020-10-19,3.8,3.87,3.79,3.83,3458162.76
2020-10-20,3.82,3.82,3.77,3.79,2406896.29
2020-10-21,3.79,3.86,3.77,3.85,3258761.82
2020-10-22,3.85,3.86,3.83,3.86,1910634.54
2020-10-23,3.85,3.87,3.83,3.86,2356155.63
2020-10-26,3.86,3.86,3.82,3.83,1797835.63
2020-10-27,3.82,3.84,3.81,3.83,1597958.96
2020-10-28,3.83,3.83,3.79,3.81,1820638.73
2020-10-29,3.79,3.8,3.77,3.78,1674461.5
2020-10-30,3.78,3.79,3.74,3.75,2107643.27
2020-11-02,3.75,3.77,3.74,3.76,1572267.09
2020-11-03,3.77,3.79,3.76,3.77,1353574.06
2020-11-04,3.79,3.79,3.76,3.77,1464984.96
2020-11-05,3.79,3.8,3.76,3.77,1637349.75
2020-11-06,3.77,3.79,3.76,3.78,1659587.43
2020-11-09,3.79,3.8,3.78,3.79,2256021.24
2020-11-10,3.82,3.85,3.81,3.83,2591683.87
2020-11-11,3.82,3.87,3.81,3.86,3096115.02
2020-11-12,3.86,3.86,3.82,3.82,1398752.2
2020-11-13,3.82,3.82,3.77,3.78,1922654.08
2020-11-16,3.79,3.8,3.78,3.79,1282415.96
2020-11-17,3.79,3.81,3.79,3.81,1220332.8
2020-11-18,3.81,3.85,3.79,3.83,1935618.19
2020-11-19,3.83,3.85,3.83,3.84,1545693.94
2020-11-20,3.85,3.86,3.82,3.83,1265720.54
2020-11-23,3.82,3.87,3.82,3.86,2825800.46
2020-11-24,3.86,3.88,3.85,3.85,1893180.43
2020-11-25,3.87,3.89,3.84,3.84,2002929.65
2020-11-26,3.84,3.89,3.83,3.88,1973922.78
2020-11-27,3.89,4.11,3.89,4.11,9297495.13
2020-11-30,4.16,4.3,4.05,4.05,12456636.54
2020-12-01,4.05,4.19,4.02,4.17,5303736.31
2020-12-02,4.15,4.21,4.08,4.15,3518096.33
2020-12-03,4.15,4.18,4.07,4.1,2788019.3
2020-12-04,4.1,4.1,3.98,4.05,3302805.02
2020-12-07,4.03,4.06,3.94,3.95,2754023.06
2020-12-08,3.95,3.98,3.89,3.9,2661064.33
2020-12-09,3.92,3.93,3.88,3.89,2437226.31
2020-12-10,3.89,3.89,3.84,3.86,2594726.52
2020-12-11,3.86,3.87,3.83,3.87,2792732.63
2020-12-14,3.86,3.88,3.83,3.85,2721059.52
2020-12-15,3.85,3.85,3.79,3.82,3407518.2
2020-12-16,3.82,3.85,3.8,3.81,2660674.96
2020-12-17,3.81,3.84,3.78,3.83,3311278.67
2020-12-18,3.82,3.83,3.79,3.81,2197721.7
2020-12-21,3.82,3.83,3.79,3.81,2058288.22
2020-12-22,3.8,3.81,3.75,3.76,3657493.94
2020-12-23,3.76,3.79,3.76,3.78,2191463.83
2020-12-24,3.78,3.79,3.76,3.78,1222627.63
2020-12-25,3.78,3.79,3.77,3.79,1532838.72
2020-12-28,3.78,3.79,3.76,3.79,2319268.12
2020-12-29,3.79,3.79,3.77,3.79,2542023.19
2020-12-30,3.79,3.79,3.76,3.78,2540784.89
2020-12-31,3.77,3.82,3.77,3.8,3100039.9
2021-01-04,3.79,3.82,3.77,3.82,3539511.77
2021-01-05,3.8,3.8,3.76,3.79,3710103.7
2021-01-06,3.78,3.79,3.77,3.79,3463183.59
2021-01-07,3.79,3.81,3.77,3.81,3190474.0
2021-01-08,3.81,3.83,3.8,3.81,3422029.83
2021-01-11,3.81,3.84,3.8,3.8,4956515.0
2021-01-12,3.8,3.83,3.78,3.83,3504956.97
2021-01-13,3.83,3.86,3.81,3.86,4046442.02
2021-01-14,3.85,3.92,3.84,3.87,3884095.48
2021-01-15,3.89,4.01,3.89,3.92,7006634.1
2021-01-18,3.91,3.95,3.87,3.92,3981897.84
2021-01-19,3.92,3.98,3.89,3.96,4330690.19
2021-01-20,3.95,4.0,3.91,3.92,3145664.69
2021-01-21,3.93,3.94,3.89,3.91,2456775.13
2021-01-22,3.9,3.9,3.83,3.84,2774286.48
2021-01-25,3.83,3.85,3.8,3.85,2190551.8
2021-01-26,3.83,3.86,3.82,3.83,2103793.85
2021-01-27,3.84,3.92,3.83,3.86,3709866.33
2021-01-28,3.85,3.86,3.82,3.83,2850794.92
2021-01-29,3.83,3.9,3.83,3.88,4111437.04
2021-02-01,3.87,3.92,3.85,3.92,3813222.01
2021-02-02,3.92,3.95,3.87,3.88,2599985.88
2021-02-03,3.88,3.9,3.83,3.84,3375579.15
2021-02-04,3.84,3.9,3.83,3.86,2524440.08
2021-02-05,3.86,3.97,3.86,3.95,5937442.34
2021-02-08,3.95,3.96,3.9,3.93,3671269.32
2021-02-09,3.92,3.92,3.89,3.92,2782988.45
2021-02-10,3.99,4.09,3.97,4.0,6647042.24
2021-02-18,4.06,4.06,3.98,3.99,3284009.33
2021-02-19,3.98,4.04,3.97,3.99,2424131.24
2021-02-22,4.0,4.12,3.99,4.09,6020820.16
2021-02-23,4.08,4.15,4.05,4.1,4671505.23
2021-02-24,4.09,4.13,3.99,4.04,3850657.47
2021-02-25,4.03,4.18,4.02,4.15,5097002.17
2021-02-26,4.11,4.18,4.08,4.09,4351701.21
2021-03-01,4.08,4.13,4.05,4.07,2406633.15
2021-03-02,4.08,4.08,3.99,4.03,2500312.65
2021-03-03,4.02,4.18,4.01,4.15,4469111.21
2021-03-04,4.14,4.2,4.12,4.15,3734192.53
2021-03-05,4.14,4.26,4.09,4.24,4787743.56
2021-03-08,4.25,4.28,4.2,4.21,4291683.05
2021-03-09,4.24,4.29,4.14,4.16,4663950.21
2021-03-10,4.15,4.16,4.08,4.12,3067843.16
2021-03-11,4.15,4.22,4.14,4.18,2824228.15
2021-03-12,4.17,4.19,4.14,4.15,1848416.36
2021-03-15,4.15,4.25,4.13,4.23,3037976.06
2021-03-16,4.24,4.29,4.22,4.27,2730799.94
2021-03-17,4.25,4.27,4.18,4.21,2037134.43
2021-03-18,4.21,4.22,4.16,4.18,2245441.99
2021-03-19,4.18,4.19,4.05,4.08,3325305.19
2021-03-22,4.05,4.15,4.05,4.13,2325313.4
2021-03-23,4.12,4.19,4.08,4.12,3259731.3
2021-03-24,4.09,4.14,4.06,4.12,1899836.67
2021-03-25,4.12,4.16,4.08,4.08,2073948.17
2021-03-26,4.09,4.1,4.04,4.08,2471983.68
2021-03-29,4.09,4.17,4.06,4.16,3479499.8
2021-03-30,4.16,4.18,4.14,4.18,1932973.81
2021-03-31,4.17,4.23,4.15,4.22,2424348.67
2021-04-01,4.2,4.22,4.17,4.19,1324761.54
2021-04-02,4.19,4.2,4.12,4.13,1847807.4
2021-04-06,4.13,4.14,4.09,4.13,1228942.35
2021-04-07,4.13,4.16,4.12,4.15,1756961.99
2021-04-08,4.16,4.17,4.12,4.15,1239713.65
2021-04-09,4.15,4.15,4.12,4.13,1311275.92
2021-04-12,4.13,4.19,4.11,4.18,2196348.06
2021-04-13,4.18,4.21,4.15,4.2,1739371.09
2021-04-14,4.2,4.21,4.14,4.15,1533739.1
2021-04-15,4.14,4.15,4.11,4.15,1572157.97
2021-04-16,4.14,4.16,4.12,4.14,1108743.02
2021-04-19,4.15,4.16,4.12,4.15,1757543.3
2021-04-20,4.14,4.15,4.1,4.11,1770716.74
2021-04-21,4.1,4.12,4.09,4.09,1353647.63
2021-04-22,4.1,4.11,4.05,4.06,2114983.49
2021-04-23,4.05,4.07,4.02,4.03,1648980.57
2021-04-26,4.05,4.05,4.01,4.02,1706931.35
2021-04-27,4.01,4.02,3.98,3.99,1491237.7
2021-04-28,3.99,4.0,3.95,3.96,1829764.37
2021-04-29,3.96,3.99,3.95,3.98,1889873.15
2021-04-30,3.97,3.98,3.87,3.91,3957487.28
2021-05-06,3.89,3.95,3.89,3.9,2160396.82
2021-05-07,3.9,3.99,3.89,3.98,2819970.42
2021-05-10,3.97,4.0,3.95,4.0,2074711.44
2021-05-11,3.99,4.0,3.97,3.99,1392521.41
2021-05-12,3.98,4.02,3.97,4.01,1500463.33
2021-05-13,4.0,4.02,3.97,3.99,1460695.72
2021-05-14,3.99,4.02,3.97,4.02,1550005.39
2021-05-17,4.01,4.03,3.99,4.02,1708819.7
2021-05-18,4.02,4.02,3.99,4.01,1016399.97
2021-05-19,4.0,4.01,3.96,3.97,1481871.87
2021-05-20,3.96,3.99,3.95,3.99,1282338.76
2021-05-21,3.97,3.98,3.93,3.94,1519668.14
2021-05-24,3.94,3.96,3.93,3.96,1065409.01
2021-05-25,3.96,4.01,3.93,4.01,2666746.19
2021-05-26,4.0,4.03,3.99,4.01,2056034.06
2021-05-27,4.01,4.02,3.99,4.01,1831175.91
2021-05-28,4.01,4.02,3.99,4.02,1700005.19
2021-05-31,4.0,4.01,3.96,3.97,2919607.61
2021-06-01,3.97,3.97,3.94,3.95,2245141.02
2021-06-02,3.95,3.97,3.92,3.96,2577451.54
2021-06-03,3.96,3.96,3.92,3.92,1937089.44
2021-06-04,3.93,3.96,3.92,3.94,2397084.28
2021-06-07,3.95,3.95,3.93,3.94,1476962.07
2021-06-08,3.94,3.96,3.93,3.96,1963000.35
2021-06-09,3.96,3.98,3.95,3.96,2061471.47
2021-06-10,3.96,3.98,3.95,3.96,2052732.27
2021-06-11,3.96,3.96,3.94,3.96,1735732.58
2021-06-15,3.95,3.96,3.92,3.93,1812073.62
2021-06-16,3.93,3.96,3.92,3.94,1486551.27
2021-06-17,3.94,3.96,3.92,3.95,1958783.37
2021-06-18,3.94,3.95,3.93,3.95,1532488.58
2021-06-21,3.94,3.95,3.92,3.92,1996642.7
2021-06-22,3.93,3.95,3.92,3.93,1789340.78
2021-06-23,3.93,3.94,3.92,3.92,2522193.54
2021-06-24,3.92,3.96,3.92,3.96,2465297.21
2021-06-25,3.96,4.0,3.95,3.99,2460594.6
2021-06-28,3.99,3.99,3.93,3.95,2576344.69
2021-06-29,3.95,3.96,3.93,3.94,2226935.06
2021-06-30,3.95,3.95,3.93,3.94,1549342.53
2021-07-01,3.94,4.01,3.93,4.01,2770137.4
2021-07-02,3.97,4.02,3.96,4.0,3551892.84
2021-07-05,3.99,3.99,3.95,3.96,2761719.05
2021-07-06,3.99,3.99,3.96,3.98,2657630.47
2021-07-07,3.98,3.99,3.95,3.97,1776707.65
2021-07-08,3.97,3.98,3.92,3.93,2883648.12
2021-07-09,3.93,3.95,3.88,3.9,2737420.38
2021-07-12,3.91,3.92,3.82,3.83,5056773.67
2021-07-13,3.83,3.84,3.81,3.82,2932780.41
2021-07-14,3.82,3.82,3.76,3.79,3020828.55
2021-07-15,3.79,3.83,3.77,3.82,2775908.51
2021-07-16,3.82,3.82,3.79,3.81,1704073.98
2021-07-19,3.8,3.81,3.78,3.8,1683757.95
2021-07-20,3.79,3.79,3.78,3.79,1025529.24
2021-07-21,3.79,3.8,3.77,3.77,1646258.57
2021-07-22,3.78,3.79,3.77,3.79,1476369.65
2021-07-23,3.79,3.79,3.77,3.78,1390745.61
2021-07-26,3.77,3.78,3.74,3.75,2245916.33
2021-07-27,3.74,3.75,3.7,3.71,2088992.0
2021-07-28,3.7,3.76,3.7,3.75,2479934.18
2021-07-29,3.75,3.75,3.7,3.71,1716806.34
2021-07-30,3.71,3.71,3.67,3.69,1847471.54
2021-08-02,3.68,3.7,3.64,3.7,2143222.62
2021-08-03,3.69,3.69,3.66,3.68,1352457.87
2021-08-04,3.68,3.68,3.65,3.66,1483019.02
2021-08-05,3.66,3.67,3.64,3.65,1097471.57
2021-08-06,3.66,3.66,3.62,3.64,1587328.42
2021-08-09,3.63,3.67,3.62,3.66,1925600.63
2021-08-10,3.66,3.67,3.63,3.66,1773891.03
2021-08-11,3.67,3.74,3.67,3.74,3307272.49
2021-08-12,3.72,3.75,3.71,3.72,1182781.36
2021-08-13,3.72,3.73,3.7,3.7,935428.19
2021-08-16,3.7,3.73,3.7,3.71,1161093.33
2021-08-17,3.7,3.73,3.7,3.71,1951383.06
2021-08-18,3.7,3.76,3.7,3.75,2598466.18
2021-08-19,3.74,3.75,3.71,3.73,1482787.26
2021-08-20,3.73,3.75,3.71,3.74,1903425.77
2021-08-23,3.73,3.75,3.72,3.72,1177076.75
2021-08-24,3.72,3.74,3.72,3.72,954530.98
2021-08-25,3.73,3.73,3.71,3.72,1003847.89
2021-08-26,3.71,3.72,3.7,3.71,1176893.09
2021-08-27,3.7,3.73,3.7,3.73,1161297.16
2021-08-30,3.72,3.73,3.66,3.68,2034266.05
2021-08-31,3.69,3.71,3.67,3.71,1917114.5
2021-09-01,3.7,3.77,3.7,3.76,2681033.61
2021-09-02,3.76,3.77,3.74,3.77,1467903.56
2021-09-03,3.77,3.82,3.74,3.8,2025437.2
2021-09-06,3.78,3.82,3.78,3.8,1605364.98
2021-09-07,3.8,3.83,3.78,3.82,1948513.19
2021-09-08,3.81,3.84,3.8,3.83,1747800.48
2021-09-09,3.83,3.83,3.79,3.82,1553117.48
2021-09-10,3.82,3.88,3.81,3.85,2503592.69
2021-09-13,3.84,3.84,3.82,3.83,1688548.99
2021-09-14,3.83,3.84,3.78,3.79,1854203.45
2021-09-15,3.78,3.79,3.74,3.76,1751216.28
2021-09-16,3.76,3.79,3.75,3.76,1678220.42
2021-09-17,3.76,3.79,3.76,3.78,1102571.7
2021-09-22,3.74,3.74,3.71,3.72,2176460.13
2021-09-23,3.74,3.76,3.72,3.74,1325156.69
2021-09-24,3.73,3.75,3.72,3.73,1098914.31
2021-09-27,3.72,3.74,3.7,3.72,1644683.54
2021-09-28,3.71,3.76,3.7,3.74,1633795.42
2021-09-29,3.74,3.78,3.71,3.76,2438136.54
2021-09-30,3.76,3.76,3.72,3.74,1504131.52
2021-10-08,3.74,3.8,3.74,3.79,1859946.25
2021-10-11,3.79,3.83,3.79,3.81,1818624.63
2021-10-12,3.81,3.83,3.79,3.82,1449305.9
2021-10-13,3.81,3.82,3.79,3.79,1123056.96
2021-10-14,3.79,3.8,3.79,3.79,719637.08
2021-10-15,3.79,3.82,3.79,3.82,1255588.56
2021-10-18,3.82,3.83,3.79,3.8,1173696.21
2021-10-19,3.79,3.81,3.79,3.79,1058826.12
2021-10-20,3.8,3.8,3.76,3.78,1074596.35
2021-10-21,3.78,3.81,3.77,3.81,1351316.27
2021-10-22,3.81,3.83,3.79,3.8,931086.29
2021-10-25,3.79,3.8,3.77,3.79,1033423.97
2021-10-26,3.79,3.81,3.77,3.78,1187350.03
2021-10-27,3.78,3.79,3.74,3.78,1257712.16
2021-10-28,3.76,3.78,3.75,3.75,783008.44
2021-10-29,3.75,3.77,3.74,3.75,1149807.98
2021-11-01,3.76,3.8,3.75,3.8,1876235.31
2021-11-02,3.8,3.8,3.73,3.74,2115693.0
2021-11-03,3.75,3.75,3.72,3.73,1460297.8
2021-11-04,3.73,3.74,3.72,3.74,1001580.9
2021-11-05,3.73,3.75,3.72,3.74,1113016.84
2021-11-08,3.74,3.74,3.72,3.72,1473507.23
2021-11-09,3.73,3.74,3.72,3.73,866896.19
2021-11-10,3.73,3.73,3.7,3.71,1250475.3
2021-11-11,3.71,3.74,3.7,3.74,1131059.25
2021-11-12,3.74,3.74,3.72,3.74,1016837.94
2021-11-15,3.74,3.76,3.73,3.75,900470.27
2021-11-16,3.74,3.76,3.73,3.74,962814.73
2021-11-17,3.73,3.74,3.73,3.74,912332.73
2021-11-18,3.73,3.74,3.72,3.73,764673.98
2021-11-19,3.73,3.75,3.72,3.74,1005572.57
2021-11-22,3.74,3.74,3.72,3.72,1205829.21
2021-11-23,3.72,3.74,3.71,3.72,878259.91
2021-11-24,3.72,3.73,3.71,3.73,699612.34
2021-11-25,3.73,3.73,3.72,3.72,596923.52
2021-11-26,3.72,3.73,3.7,3.7,978877.39
2021-11-29,3.7,3.7,3.66,3.68,1822575.81
2021-11-30,3.68,3.69,3.67,3.68,1076841.86
2021-12-01,3.68,3.7,3.67,3.7,1113050.51
2021-12-02,3.7,3.71,3.68,3.7,1784682.19
2021-12-03,3.7,3.7,3.68,3.7,1127866.48
2021-12-06,3.7,3.73,3.7,3.72,1795706.77
2021-12-07,3.73,3.75,3.71,3.74,2057104.91
2021-12-08,3.74,3.74,3.72,3.73,1377156.79
2021-12-09,3.74,3.76,3.72,3.74,1956554.82
2021-12-10,3.74,3.74,3.71,3.74,2154203.4
2021-12-13,3.73,3.74,3.72,3.72,1346737.15
2021-12-14,3.72,3.73,3.7,3.71,1276969.43
2021-12-15,3.7,3.71,3.7,3.7,1041596.89
2021-12-16,3.7,3.72,3.69,3.71,1457255.14
2021-12-17,3.7,3.71,3.7,3.7,1247899.48
2021-12-20,3.7,3.72,3.7,3.7,1486145.61
2021-12-21,3.7,3.74,3.7,3.74,2029723.72
2021-12-22,3.74,3.74,3.72,3.73,1411400.4
2021-12-23,3.73,3.74,3.72,3.74,980909.9
2021-12-24,3.74,3.75,3.73,3.74,1279087.97
2021-12-27,3.73,3.74,3.73,3.74,905033.12
2021-12-28,3.74,3.76,3.74,3.76,2005504.69
2021-12-29,3.74,3.75,3.73,3.74,976646.53
2021-12-30,3.74,3.74,3.72,3.73,1412750.58
2021-12-31,3.72,3.74,3.72,3.72,959022.15
2022-01-04,3.73,3.75,3.72,3.75,1688756.35
2022-01-05,3.74,3.79,3.74,3.79,2839546.21
2022-01-06,3.78,3.8,3.76,3.78,1903143.59
2022-01-07,3.77,3.82,3.76,3.81,1939649.55
2022-01-10,3.81,3.83,3.79,3.82,1583293.03
2022-01-11,3.8,3.83,3.8,3.82,1670262.97
2022-01-12,3.82,3.82,3.78,3.79,1857315.19
2022-01-13,3.79,3.84,3.79,3.8,1793135.0
2022-01-14,3.81,3.81,3.75,3.76,2251970.35
2022-01-17,3.75,3.78,3.73,3.74,1787226.62
2022-01-18,3.74,3.78,3.72,3.77,2169500.22
2022-01-19,3.75,3.79,3.74,3.78,1729131.75
2022-01-20,3.78,3.83,3.77,3.82,3131274.49
2022-01-21,3.8,3.81,3.77,3.78,1735280.7
2022-01-24,3.78,3.79,3.76,3.78,1418871.3
2022-01-25,3.77,3.78,3.75,3.75,1703836.68
2022-01-26,3.74,3.78,3.74,3.77,1189948.14
2022-01-27,3.76,3.79,3.74,3.76,1436955.02
2022-01-28,3.76,3.8,3.74,3.74,2210438.8
2022-02-07,3.77,3.82,3.75,3.81,2575288.6
2022-02-08,3.81,3.91,3.8,3.9,4919720.42
2022-02-09,3.9,3.94,3.87,3.89,3522095.36
2022-02-10,3.9,3.91,3.86,3.91,2527509.88
2022-02-11,3.89,3.93,3.88,3.91,2168130.19
2022-02-14,3.9,3.91,3.83,3.86,2639674.46
2022-02-15,3.85,3.87,3.82,3.83,1957490.99
2022-02-16,3.83,3.87,3.82,3.84,1554567.01
2022-02-17,3.84,3.87,3.83,3.84,1275750.79
2022-02-18,3.83,3.87,3.83,3.87,1598895.48
2022-02-21,3.86,3.87,3.83,3.87,1594033.65
2022-02-22,3.86,3.87,3.83,3.84,1708437.55
2022-02-23,3.84,3.84,3.81,3.83,2358015.79
2022-02-24,3.82,3.83,3.77,3.78,2566266.28
2022-02-25,3.78,3.79,3.74,3.75,2506018.2
2022-02-28,3.75,3.76,3.73,3.74,1949269.63
2022-03-01,3.75,3.78,3.74,3.76,1942545.62
2022-03-02,3.75,3.79,3.74,3.78,1520514.4
2022-03-03,3.77,3.83,3.77,3.81,2273311.98
2022-03-04,3.8,3.8,3.75,3.79,1624987.74
2022-03-07,3.78,3.8,3.72,3.74,3529409.72
2022-03-08,3.74,3.74,3.7,3.71,2811335.58
2022-03-09,3.7,3.73,3.62,3.66,4620584.76
2022-03-10,3.69,3.7,3.66,3.66,2306743.82
2022-03-11,3.66,3.7,3.63,3.7,2707875.31
2022-03-14,3.68,3.73,3.66,3.69,2290872.59
2022-03-15,3.67,3.7,3.62,3.65,5130132.85
2022-03-16,3.65,3.67,3.59,3.66,4212432.43
2022-03-17,3.67,3.67,3.62,3.63,3098209.72
2022-03-18,3.63,3.7,3.62,3.66,3627797.32
2022-03-21,3.66,3.67,3.64,3.65,2069417.62
2022-03-22,3.65,3.7,3.64,3.69,2193054.6
2022-03-23,3.68,3.69,3.66,3.67,2068590.15
2022-03-24,3.66,3.7,3.65,3.68,1505590.56
2022-03-25,3.68,3.73,3.68,3.71,2277815.41
2022-03-28,3.71,3.78,3.7,3.77,2870476.05
2022-03-29,3.77,3.8,3.75,3.79,1939580.79
2022-03-30,3.79,3.8,3.74,3.79,2330530.21
2022-03-31,3.78,3.84,3.76,3.83,2876908.88
2022-04-01,3.82,3.87,3.81,3.85,2648250.48
2022-04-06,3.84,3.9,3.83,3.88,3493007.01
2022-04-07,3.87,3.9,3.84,3.87,3045433.31
2022-04-08,3.87,3.88,3.83,3.87,2501732.55
2022-04-11,3.86,3.87,3.83,3.84,2726414.54
2022-04-12,3.84,3.87,3.8,3.84,2761167.79
2022-04-13,3.84,3.87,3.83,3.85,1971223.6
2022-04-14,3.86,3.87,3.83,3.83,1484144.96
2022-04-15,3.83,3.86,3.83,3.83,1934877.75
2022-04-18,3.82,3.84,3.79,3.79,1829658.37
2022-04-19,3.79,3.81,3.77,3.8,1582093.54
2022-04-20,3.79,3.83,3.79,3.81,1453319.08
2022-04-21,3.81,3.87,3.8,3.84,3297911.38
2022-04-22,3.83,3.9,3.83,3.89,3904377.87
2022-04-25,3.87,3.91,3.82,3.82,4717826.13
2022-04-26,3.82,3.88,3.8,3.87,3636708.92
2022-04-27,3.86,3.88,3.76,3.79,3835451.63
2022-04-28,3.79,3.83,3.78,3.83,2959970.69
2022-04-29,3.83,3.86,3.79,3.84,2639416.6
2022-05-05,3.84,3.86,3.79,3.82,2402048.34
2022-05-06,3.81,3.83,3.79,3.81,1690447.34
2022-05-09,3.8,3.83,3.79,3.83,1613516.38
2022-05-10,3.82,3.83,3.79,3.8,1942057.06
2022-05-11,3.8,3.81,3.74,3.74,3534060.95
2022-05-12,3.74,3.75,3.73,3.74,1446944.24
2022-05-13,3.74,3.78,3.74,3.78,1754111.95
2022-05-16,3.78,3.78,3.74,3.76,1668263.15
2022-05-17,3.77,3.77,3.74,3.74,2168890.33
2022-05-18,3.74,3.75,3.7,3.71,2260084.27
2022-05-19,3.7,3.71,3.69,3.7,1691556.29
2022-05-20,3.71,3.72,3.69,3.72,2406916.32
2022-05-23,3.71,3.73,3.71,3.71,1732243.51
2022-05-24,3.72,3.76,3.71,3.75,2437748.64
2022-05-25,3.75,3.76,3.74,3.74,1523156.56
2022-05-26,3.74,3.75,3.72,3.74,1917670.89
2022-05-27,3.74,3.75,3.73,3.75,1249997.58
2022-05-30,3.75,3.77,3.73,3.74,1588274.31
2022-05-31,3.73,3.76,3.72,3.74,2513657.47
2022-06-01,3.74,3.75,3.72,3.74,1400676.61
2022-06-02,3.73,3.74,3.71,3.72,1521638.07
2022-06-06,3.72,3.73,3.68,3.7,2954334.37
2022-06-07,3.7,3.72,3.69,3.7,1873120.09
2022-06-08,3.71,3.73,3.7,3.73,1736302.19
2022-06-09,3.72,3.75,3.71,3.74,2193619.73
2022-06-10,3.74,3.77,3.74,3.77,2647090.44
2022-06-13,3.76,3.77,3.72,3.75,2282411.27
2022-06-14,3.74,3.8,3.74,3.79,2271488.53
2022-06-15,3.79,3.83,3.78,3.8,2981358.89
2022-06-16,3.8,3.81,3.77,3.78,2101488.4
2022-06-17,3.78,3.82,3.77,3.82,1810638.22
2022-06-20,3.82,3.82,3.78,3.78,1864115.17
2022-06-21,3.79,3.83,3.78,3.83,2094053.97
2022-06-22,3.82,3.85,3.81,3.82,1567201.49
2022-06-23,3.83,3.84,3.82,3.83,1754362.11
2022-06-24,3.83,3.84,3.79,3.81,1838538.97
2022-06-27,3.81,3.82,3.78,3.79,2315190.67
2022-06-28,3.79,3.81,3.77,3.8,1707371.01
2022-06-29,3.8,3.83,3.79,3.83,2155490.58
2022-06-30,3.83,3.84,3.81,3.83,1783255.35
2022-07-01,3.83,3.84,3.81,3.83,1349358.17
2022-07-04,3.83,3.85,3.82,3.83,1306120.61
2022-07-05,3.84,3.87,3.83,3.86,2036720.06
2022-07-06,3.86,3.87,3.83,3.84,1768551.07
2022-07-07,3.84,3.85,3.83,3.83,1616038.98
2022-07-08,3.83,3.84,3.81,3.83,1620288.79
2022-07-11,3.83,3.86,3.82,3.85,3319089.02
2022-07-12,3.87,3.88,3.85,3.86,3134478.42
2022-07-13,3.86,3.86,3.77,3.78,3393612.24
2022-07-14,3.78,3.78,3.7,3.74,3430233.31
2022-07-15,3.73,3.75,3.7,3.7,2188862.6
2022-07-18,3.71,3.74,3.71,3.74,1770539.74
2022-07-19,3.73,3.77,3.72,3.76,1747358.65
2022-07-20,3.76,3.81,3.76,3.8,1629580.37
2022-07-21,3.81,3.81,3.76,3.76,1486550.38
2022-07-22,3.76,3.79,3.76,3.77,1438737.36
2022-07-25,3.77,3.8,3.76,3.8,1315203.7
2022-07-26,3.8,3.81,3.78,3.78,1382246.01
2022-07-27,3.78,3.79,3.76,3.76,1259740.61
2022-07-28,3.76,3.78,3.76,3.76,1198583.7
2022-07-29,3.76,3.78,3.74,3.75,1433017.79
2022-08-01,3.74,3.76,3.73,3.74,1336474.35
2022-08-02,3.73,3.74,3.7,3.72,1803066.67
2022-08-03,3.71,3.73,3.7,3.7,1415814.5
2022-08-04,3.71,3.75,3.7,3.74,1858632.44
2022-08-05,3.75,3.76,3.73,3.76,1226915.18
2022-08-08,3.76,3.76,3.71,3.72,1294709.48
2022-08-09,3.72,3.74,3.71,3.71,820212.25
2022-08-10,3.71,3.72,3.7,3.7,907585.27
2022-08-11,3.71,3.74,3.7,3.73,1526533.08
2022-08-12,3.73,3.74,3.71,3.73,1126271.34
2022-08-15,3.72,3.73,3.7,3.71,1193889.44
2022-08-16,3.71,3.72,3.7,3.7,1292595.34
2022-08-17,3.71,3.72,3.7,3.71,1737077.62
2022-08-18,3.71,3.71,3.7,3.7,1079770.56
2022-08-19,3.7,3.72,3.7,3.7,1065557.2
2022-08-22,3.7,3.72,3.7,3.7,1022983.46
2022-08-23,3.7,3.71,3.7,3.7,1062128.2
2022-08-24,3.7,3.71,3.7,3.7,1102185.03
2022-08-25,3.7,3.71,3.7,3.71,1164669.1
2022-08-26,3.71,3.72,3.7,3.72,981045.72
2022-08-29,3.71,3.72,3.7,3.7,1029063.53
2022-08-30,3.71,3.73,3.7,3.73,1340225.25
2022-08-31,3.72,3.75,3.71,3.75,2592392.09
2022-09-01,3.73,3.74,3.72,3.73,1056918.15
2022-09-02,3.72,3.74,3.71,3.72,1297846.55
2022-09-05,3.72,3.73,3.7,3.73,1259091.16
2022-09-06,3.73,3.75,3.71,3.73,1845802.31
2022-09-07,3.73,3.73,3.71,3.72,1189129.21
2022-09-08,3.73,3.73,3.71,3.72,1086742.4
2022-09-09,3.73,3.75,3.72,3.73,1627950.22
2022-09-13,3.74,3.76,3.73,3.75,2076228.55
2022-09-14,3.73,3.75,3.73,3.73,1195215.47
2022-09-15,3.74,3.76,3.73,3.76,2994070.17
2022-09-16,3.76,3.76,3.73,3.73,2427171.38
2022-09-19,3.74,3.76,3.73,3.75,2167207.03
2022-09-20,3.76,3.76,3.73,3.74,1485249.42
2022-09-21,3.74,3.76,3.72,3.74,1578483.49
2022-09-22,3.73,3.76,3.72,3.76,2857305.08
2022-09-23,3.75,3.77,3.74,3.76,2812241.6
2022-09-26,3.76,3.76,3.72,3.72,2626983.03
2022-09-27,3.72,3.73,3.7,3.71,1900358.23
2022-09-28,3.71,3.73,3.7,3.72,1805772.77
2022-09-29,3.73,3.73,3.7,3.7,1758825.32
2022-09-30,3.71,3.73,3.7,3.72,1578628.46
2022-10-10,3.72,3.75,3.7,3.73,3177781.53
2022-10-11,3.73,3.75,3.71,3.74,2071206.32
2022-10-12,3.74,3.76,3.73,3.76,2592391.8
2022-10-13,3.76,3.76,3.71,3.72,2700348.47
2022-10-14,3.72,3.73,3.7,3.71,2629692.9
2022-10-17,3.71,3.75,3.7,3.72,2562545.27
2022-10-18,3.73,3.73,3.71,3.72,1533381.79
2022-10-19,3.71,3.73,3.71,3.71,1679225.86
2022-10-20,3.72,3.73,3.71,3.72,1712897.85
2022-10-21,3.72,3.73,3.71,3.72,1846239.59
2022-10-24,3.72,3.73,3.7,3.73,3982764.2
2022-10-25,3.72,3.73,3.71,3.71,2059834.43
2022-10-26,3.71,3.72,3.66,3.66,4305151.47
2022-10-27,3.66,3.67,3.63,3.64,2614569.57
2022-10-28,3.64,3.65,3.63,3.64,2322386.17
2022-10-31,3.64,3.64,3.54,3.55,3136808.62
2022-11-01,3.55,3.56,3.43,3.49,6428447.8
2022-11-02,3.46,3.48,3.43,3.48,3450626.79
2022-11-03,3.46,3.47,3.46,3.47,1564672.37
2022-11-04,3.46,3.52,3.46,3.5,3380993.45
2022-11-07,3.5,3.5,3.47,3.49,2420763.34
2022-11-08,3.49,3.5,3.48,3.5,1266710.07
2022-11-09,3.5,3.52,3.49,3.51,1368752.57
2022-11-10,3.5,3.52,3.49,3.52,1423974.57
2022-11-11,3.52,3.56,3.52,3.55,2768352.88
2022-11-14,3.56,3.58,3.55,3.55,2708150.58
2022-11-15,3.56,3.58,3.55,3.57,1564140.1
2022-11-16,3.57,3.58,3.56,3.56,1132770.31
2022-11-17,3.56,3.57,3.54,3.57,1681716.59
2022-11-18,3.57,3.58,3.56,3.57,1785481.49
2022-11-21,3.57,3.58,3.55,3.58,1805231.96
2022-11-22,3.58,3.64,3.57,3.62,2702553.18
2022-11-23,3.62,3.67,3.61,3.64,3210906.57
2022-11-24,3.65,3.66,3.63,3.64,1413653.86
2022-11-25,3.64,3.7,3.64,3.7,3698254.16
2022-11-28,3.67,3.68,3.61,3.63,2927271.24
2022-11-29,3.64,3.71,3.63,3.7,4116956.33
2022-11-30,3.68,3.7,3.66,3.68,3121823.07
2022-12-01,3.7,3.7,3.63,3.64,3527083.71
2022-12-02,3.64,3.64,3.62,3.63,1998981.23
2022-12-05,3.64,3.7,3.64,3.68,3497316.92
2022-12-06,3.68,3.7,3.67,3.69,2597515.49
2022-12-07,3.69,3.7,3.66,3.67,2223357.63
2022-12-08,3.67,3.69,3.66,3.68,1966006.46
2022-12-09,3.68,3.7,3.67,3.68,2564903.65
2022-12-12,3.68,3.68,3.65,3.65,1967081.31
2022-12-13,3.66,3.69,3.65,3.68,1640735.77
2022-12-14,3.68,3.69,3.65,3.67,1975053.51
2022-12-15,3.66,3.67,3.64,3.64,1793039.37
2022-12-16,3.64,3.67,3.63,3.67,1982171.66
2022-12-19,3.66,3.69,3.64,3.64,1647837.22
2022-12-20,3.64,3.65,3.62,3.62,1769707.42
2022-12-21,3.62,3.64,3.62,3.64,1188930.37
2022-12-22,3.64,3.66,3.64,3.65,1296888.69
2022-12-23,3.65,3.65,3.64,3.64,904597.86
2022-12-26,3.64,3.66,3.63,3.64,1470701.24
2022-12-27,3.65,3.69,3.64,3.68,1849633.29
2022-12-28,3.68,3.7,3.67,3.7,1755915.54
2022-12-29,3.69,3.7,3.64,3.68,1885665.53
2022-12-30,3.69,3.72,3.68,3.71,2983386.66
2023-01-03,3.71,3.71,3.68,3.69,2428809.7
2023-01-04,3.7,3.73,3.69,3.73,2351477.35
2023-01-05,3.73,3.75,3.7,3.7,2017797.78
2023-01-06,3.7,3.72,3.69,3.71,1687138.02
2023-01-09,3.72,3.73,3.7,3.7,1666791.6
2023-01-10,3.71,3.71,3.68,3.68,1751258.73
2023-01-11,3.68,3.7,3.67,3.69,1349496.38
2023-01-12,3.69,3.7,3.67,3.68,1095530.61
2023-01-13,3.68,3.71,3.68,3.71,1310556.43
2023-01-16,3.71,3.73,3.7,3.71,2239500.53
2023-01-17,3.71,3.72,3.69,3.7,1348396.46
2023-01-18,3.7,3.72,3.7,3.71,1290402.2
2023-01-19,3.7,3.71,3.69,3.7,1311153.98
2023-01-20,3.7,3.71,3.7,3.7,1423233.56
2023-01-30,3.71,3.72,3.69,3.7,2451083.79
2023-01-31,3.7,3.7,3.69,3.7,1687635.24
2023-02-01,3.7,3.7,3.68,3.69,1729252.59
2023-02-02,3.7,3.7,3.68,3.68,2020736.28
2023-02-03,3.68,3.69,3.67,3.68,1974191.01
2023-02-06,3.68,3.68,3.66,3.67,2162137.5
2023-02-07,3.67,3.69,3.66,3.67,1583521.42
2023-02-08,3.68,3.69,3.67,3.68,1294928.29
2023-02-09,3.67,3.69,3.67,3.68,1307659.09
2023-02-10,3.69,3.69,3.67,3.69,1202376.2
2023-02-13,3.68,3.69,3.67,3.67,1902540.36
2023-02-14,3.68,3.69,3.67,3.68,1064557.57
2023-02-15,3.68,3.69,3.66,3.67,2040446.17
2023-02-16,3.67,3.68,3.66,3.66,1894246.99
2023-02-17,3.66,3.68,3.66,3.66,1786395.16
2023-02-20,3.67,3.69,3.66,3.69,2339844.07
2023-02-21,3.68,3.7,3.68,3.7,1678930.37
2023-02-22,3.7,3.7,3.68,3.68,937519.93
2023-02-23,3.69,3.7,3.68,3.68,1215628.07
2023-02-24,3.69,3.69,3.67,3.67,1391182.56
2023-02-27,3.67,3.68,3.66,3.67,1201801.77
2023-02-28,3.67,3.68,3.66,3.68,1580501.25
2023-03-01,3.68,3.69,3.67,3.68,2575566.7
2023-03-02,3.68,3.7,3.67,3.7,2209294.25
2023-03-03,3.7,3.74,3.7,3.73,3222511.25
2023-03-06,3.74,3.75,3.71,3.72,3218611.78
2023-03-07,3.72,3.83,3.71,3.76,6770934.04
2023-03-08,3.74,3.77,3.72,3.76,2513977.16
2023-03-09,3.76,3.8,3.75,3.75,2410878.53
2023-03-10,3.73,3.75,3.71,3.71,2221254.32
2023-03-13,3.71,3.77,3.7,3.76,2491912.4
2023-03-14,3.76,3.8,3.75,3.77,2542644.76
2023-03-15,3.79,3.82,3.77,3.82,2896830.79
2023-03-16,3.81,3.91,3.8,3.87,5873947.44
2023-03-17,3.88,3.92,3.84,3.87,3428580.62
2023-03-20,3.87,3.93,3.85,3.86,3386446.15
2023-03-21,3.87,3.89,3.8,3.81,2735102.46
2023-03-22,3.82,3.87,3.81,3.87,2218087.82
2023-03-23,3.86,3.88,3.83,3.87,1898473.48
2023-03-24,3.86,3.86,3.82,3.83,1619528.87
2023-03-27,3.82,3.83,3.77,3.82,2126959.3
2023-03-28,3.82,3.85,3.8,3.84,1718590.69
2023-03-29,3.85,3.88,3.82,3.86,2153324.56
2023-03-30,3.86,3.89,3.83,3.87,1810266.32
2023-03-31,3.87,3.87,3.81,3.82,2345624.82
2023-04-03,3.82,3.82,3.8,3.81,2005186.09
2023-04-04,3.81,3.87,3.8,3.87,3061591.33
2023-04-06,3.86,3.88,3.84,3.88,1958216.08
2023-04-07,3.87,3.88,3.86,3.88,1247347.68
2023-04-10,3.88,3.9,3.85,3.89,2403449.17
2023-04-11,3.89,3.91,3.88,3.89,1852176.53
2023-04-12,3.9,3.97,3.89,3.94,3198518.03
2023-04-13,3.93,3.98,3.92,3.96,2187342.68
2023-04-14,3.98,3.98,3.94,3.96,1514960.89
2023-04-17,3.96,4.05,3.95,4.05,3556291.81
2023-04-18,4.05,4.11,4.04,4.08,3952574.34
2023-04-19,4.08,4.11,4.06,4.07,2699213.78
2023-04-20,4.07,4.1,4.0,4.05,3180013.41
2023-04-21,4.05,4.1,4.01,4.02,3158540.05
2023-04-24,4.02,4.06,4.0,4.04,3062068.1
2023-04-25,4.03,4.09,4.03,4.06,3915674.75
2023-04-26,4.05,4.09,3.98,4.06,4009611.15
2023-04-27,4.05,4.06,4.02,4.06,2657079.62
2023-04-28,4.05,4.09,4.02,4.04,2503244.0
2023-05-04,4.02,4.24,4.0,4.23,7289708.42
2023-05-05,4.23,4.36,4.23,4.27,6828810.0
2023-05-08,4.29,4.59,4.29,4.53,10488613.02
2023-05-09,4.59,4.68,4.47,4.51,9334986.15
2023-05-10,4.47,4.5,4.27,4.3,7516354.46
2023-05-11,4.3,4.37,4.27,4.28,4037362.61
2023-05-12,4.27,4.32,4.23,4.26,3651839.27
2023-05-15,4.27,4.33,4.15,4.31,5121251.41
2023-05-16,4.31,4.4,4.26,4.29,3238579.0
2023-05-17,4.27,4.31,4.22,4.27,2615395.51
2023-05-18,4.28,4.43,4.27,4.38,4402893.21
2023-05-19,4.37,4.4,4.31,4.31,3082250.32
2023-05-22,4.31,4.41,4.29,4.34,2578695.76
2023-05-23,4.33,4.37,4.2,4.22,4411799.99
2023-05-24,4.23,4.24,4.06,4.07,5227541.45
2023-05-25,4.05,4.08,4.02,4.05,3461347.35
2023-05-26,4.05,4.14,4.04,4.11,2346930.92
2023-05-29,4.11,4.17,4.11,4.15,2980559.48
2023-05-30,4.14,4.17,4.1,4.12,2689175.49
2023-05-31,4.11,4.17,4.09,4.13,2513541.53
2023-06-01,4.12,4.21,4.11,4.16,2708660.17
2023-06-02,4.16,4.19,4.14,4.17,1594868.42
2023-06-05,4.17,4.26,4.16,4.24,1961820.25
2023-06-06,4.24,4.32,4.23,4.24,2501764.9
2023-06-07,4.25,4.32,4.25,4.29,2192964.42
2023-06-08,4.29,4.36,4.26,4.35,2413816.83
2023-06-09,4.35,4.38,4.33,4.34,2114255.48
2023-06-12,4.35,4.35,4.23,4.25,2706656.25
2023-06-13,4.24,4.29,4.23,4.28,1622393.81
2023-06-14,4.27,4.29,4.16,4.17,3504577.16
2023-06-15,4.19,4.24,4.17,4.2,2252519.16
2023-06-16,4.2,4.21,4.17,4.17,2177238.33
2023-06-19,4.17,4.18,4.11,4.13,2294115.14
2023-06-20,4.13,4.17,4.11,4.13,1754802.58
2023-06-21,4.12,4.22,4.11,4.15,2736087.67
2023-06-26,4.15,4.16,4.06,4.08,2989837.96
2023-06-27,4.08,4.12,4.05,4.11,2129214.48
2023-06-28,4.11,4.14,4.09,4.12,1914026.17
2023-06-29,4.11,4.12,4.09,4.09,1768647.0
2023-06-30,4.1,4.14,4.1,4.12,1789393.86
2023-07-03,4.14,4.18,4.11,4.17,2885172.37
2023-07-04,4.17,4.17,4.12,4.13,2236081.29
2023-07-05,4.13,4.15,4.1,4.12,1650508.24
2023-07-06,4.11,4.13,4.07,4.08,2402678.18
2023-07-07,4.07,4.11,4.06,4.07,2204643.4
2023-07-10,4.08,4.1,4.06,4.08,1259393.4
2023-07-11,4.1,4.14,4.09,4.13,1810361.38
2023-07-12,4.13,4.16,4.11,4.11,1862673.15
2023-07-13,4.12,4.18,4.12,4.17,2581133.39
2023-07-14,4.17,4.19,4.14,4.17,3056799.51
2023-07-17,4.19,4.2,4.15,4.17,2872925.76
2023-07-18,4.17,4.18,4.12,4.14,2104102.78
2023-07-19,4.13,4.17,4.12,4.16,1451546.82
2023-07-20,4.17,4.19,4.16,4.18,1444105.38
2023-07-21,4.17,4.18,4.16,4.18,1303226.32
2023-07-24,4.17,4.18,4.14,4.17,1158905.83
2023-07-25,4.18,4.22,4.18,4.21,1924507.6
2023-07-26,4.21,4.23,4.19,4.22,1154337.68
2023-07-27,4.22,4.33,4.22,4.28,2404240.94
2023-07-28,4.27,4.38,4.26,4.37,2585045.18
2023-07-31,4.38,4.43,4.32,4.35,2822097.05
2023-08-01,4.35,4.38,4.33,4.36,1849948.17
2023-08-02,4.33,4.34,4.24,4.26,3016435.61
2023-08-03,4.26,4.32,4.23,4.3,2110533.35
2023-08-04,4.32,4.36,4.28,4.32,2359550.82
2023-08-07,4.31,4.31,4.26,4.29,1899890.34
2023-08-08,4.28,4.29,4.26,4.27,1292974.86
2023-08-09,4.26,4.29,4.26,4.29,1275891.57
2023-08-10,4.28,4.29,4.26,4.28,1251263.26
2023-08-11,4.28,4.28,4.2,4.2,2065553.65
2023-08-14,4.18,4.18,4.14,4.16,2062904.37
2023-08-15,4.17,4.25,4.16,4.23,1901957.41
2023-08-16,4.21,4.24,4.19,4.23,1319587.2
2023-08-17,4.22,4.22,4.17,4.19,1777380.13
2023-08-18,4.18,4.26,4.18,4.2,2106844.2
2023-08-21,4.2,4.22,4.16,4.16,2008059.66
2023-08-22,4.17,4.23,4.15,4.21,2591200.96
2023-08-23,4.2,4.27,4.18,4.23,2519848.55
2023-08-24,4.24,4.25,4.18,4.18,2117788.09
2023-08-25,4.18,4.27,4.18,4.25,2670931.85
2023-08-28,4.38,4.38,4.27,4.31,4335473.77
2023-08-29,4.29,4.3,4.2,4.22,3805806.67
2023-08-30,4.22,4.22,4.17,4.18,3254210.81
2023-08-31,4.18,4.23,4.16,4.21,2894279.34
2023-09-01,4.18,4.2,4.15,4.17,2968283.99
2023-09-04,4.18,4.2,4.16,4.19,2511760.29
2023-09-05,4.18,4.19,4.18,4.18,1665329.13
2023-09-06,4.18,4.21,4.18,4.2,1565622.16
2023-09-07,4.2,4.23,4.19,4.21,2110284.8
2023-09-08,4.21,4.21,4.18,4.18,1228218.74
2023-09-11,4.18,4.2,4.18,4.18,1734103.68
2023-09-12,4.18,4.19,4.18,4.19,1260714.89
2023-09-13,4.19,4.22,4.18,4.21,2062878.57
2023-09-14,4.22,4.27,4.21,4.27,3511706.7
2023-09-15,4.27,4.28,4.22,4.22,2397323.57
2023-09-18,4.23,4.24,4.2,4.23,1661257.86
2023-09-19,4.23,4.27,4.22,4.27,2066133.2
2023-09-20,4.26,4.29,4.25,4.28,2844159.41
2023-09-21,4.28,4.32,4.27,4.28,2981619.43
2023-09-22,4.28,4.32,4.26,4.32,3099886.4
2023-09-25,4.32,4.34,4.3,4.31,2372227.11
2023-09-26,4.32,4.33,4.27,4.28,2148475.45
2023-09-27,4.28,4.29,4.24,4.24,2258028.62
2023-09-28,4.26,4.28,4.25,4.27,1569716.96
2023-10-09,4.24,4.28,4.22,4.26,2148065.59
2023-10-10,4.28,4.3,4.26,4.27,1860356.24
2023-10-11,4.28,4.31,4.28,4.3,2692050.11
2023-10-12,4.38,4.42,4.36,4.41,5677657.57
2023-10-13,4.39,4.5,4.38,4.46,4282273.31
2023-10-16,4.45,4.5,4.42,4.49,2823494.73
2023-10-17,4.48,4.49,4.46,4.49,1900438.65
2023-10-18,4.48,4.54,4.47,4.49,2757790.4
2023-10-19,4.48,4.49,4.39,4.4,3631633.94
2023-10-20,4.38,4.41,4.34,4.37,2747824.94
2023-10-23,4.36,4.42,4.35,4.39,2687135.43
2023-10-24,4.39,4.4,4.31,4.34,3355482.67
2023-10-25,4.35,4.37,4.29,4.29,3489260.2
2023-10-26,4.29,4.38,4.29,4.37,3065313.2
2023-10-27,4.38,4.4,4.33,4.35,2929633.33
2023-10-30,4.33,4.34,4.25,4.28,4686115.43
2023-10-31,4.28,4.32,4.26,4.31,2411116.06
2023-11-01,4.32,4.36,4.28,4.35,2166782.45
2023-11-02,4.36,4.39,4.35,4.36,2132217.16
2023-11-03,4.36,4.37,4.31,4.32,1995544.43
2023-11-06,4.32,4.34,4.28,4.29,3155535.62
2023-11-07,4.29,4.33,4.28,4.3,1762681.14
2023-11-08,4.29,4.32,4.28,4.29,2307978.03
2023-11-09,4.28,4.37,4.28,4.36,2774644.05
2023-11-10,4.35,4.39,4.32,4.36,2157019.07
2023-11-13,4.36,4.36,4.3,4.34,1784472.23
2023-11-14,4.33,4.37,4.31,4.37,2065392.73
2023-11-15,4.36,4.38,4.35,4.37,1510144.82
2023-11-16,4.36,4.39,4.35,4.38,1783049.21
2023-11-17,4.38,4.39,4.34,4.36,1733745.18
2023-11-20,4.36,4.39,4.35,4.39,1737244.26
2023-11-21,4.39,4.41,4.38,4.39,1855786.21
2023-11-22,4.38,4.4,4.37,4.38,1426232.61
2023-11-23,4.39,4.39,4.35,4.38,1713015.15
2023-11-24,4.38,4.39,4.37,4.38,1862324.46
2023-11-27,4.37,4.38,4.33,4.36,2183710.03
2023-11-28,4.36,4.38,4.35,4.37,1333511.04
2023-11-29,4.36,4.37,4.34,4.35,1608007.36
2023-11-30,4.35,4.39,4.34,4.39,2146402.58
2023-12-01,4.38,4.4,4.37,4.39,2500466.51
2023-12-04,4.39,4.4,4.38,4.38,1531861.34
2023-12-05,4.38,4.39,4.34,4.34,1981988.79
2023-12-06,4.34,4.34,4.28,4.28,2952964.99
2023-12-07,4.28,4.33,4.27,4.31,2347758.11
2023-12-08,4.32,4.35,4.3,4.31,1983784.01
2023-12-11,4.3,4.33,4.24,4.31,2796161.94
2023-12-12,4.3,4.38,4.28,4.37,2769037.14
2023-12-13,4.37,4.39,4.35,4.37,2490304.27
2023-12-14,4.37,4.39,4.34,4.35,1521738.1
2023-12-15,4.35,4.37,4.31,4.31,1953904.87
2023-12-18,4.31,4.38,4.29,4.35,2380762.15
2023-12-19,4.35,4.38,4.34,4.37,1753940.13
2023-12-20,4.38,4.4,4.35,4.37,2219819.82
2023-12-21,4.36,4.38,4.31,4.37,2465344.66
2023-12-22,4.37,4.38,4.34,4.36,2218555.54
2023-12-25,4.35,4.39,4.35,4.38,1094809.35
2023-12-26,4.38,4.39,4.37,4.39,1487371.76
2023-12-27,4.39,4.41,4.36,4.4,1843188.2
2023-12-28,4.4,4.42,4.35,4.35,3465162.02
2023-12-29,4.36,4.38,4.35,4.36,1800477.63
2024-01-02,4.36,4.4,4.35,4.37,2071811.11
2024-01-03,4.37,4.42,4.36,4.41,2488954.27
2024-01-04,4.41,4.47,4.4,4.46,2865675.59
2024-01-05,4.46,4.5,4.43,4.44,2860747.2
2024-01-08,4.44,4.48,4.42,4.45,3252257.28
2024-01-09,4.45,4.46,4.4,4.45,2257344.56
2024-01-10,4.44,4.48,4.4,4.42,2342434.92
2024-01-11,4.41,4.42,4.35,4.36,3306668.51
2024-01-12,4.35,4.4,4.34,4.39,2300664.93
2024-01-15,4.38,4.43,4.37,4.43,1810482.9
2024-01-16,4.41,4.47,4.41,4.46,2480399.13
2024-01-17,4.45,4.47,4.41,4.41,2766317.05
2024-01-18,4.4,4.45,4.3,4.42,5232772.95
2024-01-19,4.4,4.46,4.37,4.46,3867215.35
2024-01-22,4.44,4.5,4.43,4.46,4420635.13
2024-01-23,4.46,4.49,4.41,4.46,3107488.1
2024-01-24,4.47,4.54,4.45,4.53,3348474.64
2024-01-25,4.54,4.6,4.53,4.57,3437583.76
2024-01-26,4.57,4.66,4.55,4.64,3899367.54
2024-01-29,4.63,4.74,4.63,4.7,3844041.39
2024-01-30,4.69,4.72,4.64,4.68,2914816.62
2024-01-31,4.67,4.73,4.65,4.71,2963858.63
2024-02-01,4.7,4.74,4.68,4.69,2993715.09
2024-02-02,4.69,4.74,4.64,4.71,4075978.19
2024-02-05,4.71,4.83,4.7,4.82,6159388.32
2024-02-06,4.82,4.9,4.8,4.85,5649136.91
2024-02-07,4.84,4.84,4.63,4.77,7753354.96
2024-02-08,4.7,4.71,4.64,4.7,4653693.43
2024-02-19,4.7,4.81,4.65,4.8,4797143.86
2024-02-20,4.8,4.89,4.77,4.88,3059780.96
2024-02-21,4.87,4.99,4.86,4.93,3467348.93
2024-02-22,4.92,4.95,4.89,4.94,2231278.68
2024-02-23,4.93,5.03,4.93,5.0,3583185.46
2024-02-26,5.0,5.0,4.83,4.85,3677178.6
2024-02-27,4.83,4.89,4.79,4.83,2940999.47
2024-02-28,4.83,4.9,4.77,4.86,3806093.95
2024-02-29,4.84,4.89,4.83,4.86,2520777.65
2024-03-01,4.85,4.88,4.82,4.87,2477511.46
2024-03-04,4.85,4.87,4.81,4.85,2557572.75
2024-03-05,4.85,5.0,4.83,4.98,4298467.12
2024-03-06,4.97,5.01,4.88,4.88,3527871.55
2024-03-07,4.88,4.92,4.87,4.9,3074594.09
2024-03-08,4.9,4.92,4.87,4.91,2472003.99
2024-03-11,4.9,4.91,4.86,4.9,2243026.48
2024-03-12,4.89,4.89,4.73,4.74,5117147.72
2024-03-13,4.73,4.75,4.69,4.71,3003607.21
2024-03-14,4.7,4.77,4.69,4.73,2413114.21
2024-03-15,4.73,4.78,4.73,4.75,2258614.2
2024-03-18,4.75,4.76,4.71,4.72,1911734.51
2024-03-19,4.72,4.74,4.7,4.7,2028046.19
2024-03-20,4.7,4.76,4.67,4.74,2453975.99
2024-03-21,4.74,4.78,4.72,4.76,2051062.53
2024-03-22,4.77,4.8,4.72,4.79,2657844.34
2024-03-25,4.79,4.82,4.78,4.82,2374081.0
2024-03-26,4.82,4.86,4.8,4.86,2433596.24
2024-03-27,4.85,4.91,4.83,4.89,2907078.55
2024-03-28,4.87,4.88,4.76,4.79,3978897.68
2024-03-29,4.79,4.86,4.77,4.81,2298122.71
2024-04-01,4.81,4.85,4.8,4.82,2019199.27
2024-04-02,4.82,4.89,4.81,4.87,3142501.34
2024-04-03,4.87,4.89,4.83,4.86,2182241.33
2024-04-08,4.86,4.93,4.84,4.92,3070468.83
2024-04-09,4.92,4.96,4.85,4.86,3139150.16
2024-04-10,4.87,4.91,4.85,4.87,2449472.47
2024-04-11,4.85,4.87,4.8,4.85,2002637.55
2024-04-12,4.85,4.88,4.82,4.85,2483943.69
2024-04-15,4.86,4.95,4.86,4.94,4012439.4
2024-04-16,4.94,5.01,4.9,4.99,4000692.53
2024-04-17,4.97,5.03,4.91,5.01,3322041.61
2024-04-18,5.01,5.13,5.0,5.03,3879727.59
2024-04-19,5.01,5.1,5.01,5.06,2559405.97
2024-04-22,5.08,5.14,4.99,5.0,3275212.49
2024-04-23,5.01,5.09,4.98,5.01,3309129.67
2024-04-24,5.01,5.03,4.98,4.99,2360259.75
2024-04-25,5.0,5.01,4.97,5.01,1650745.56
2024-04-26,5.01,5.05,4.91,4.92,4710331.31
2024-04-29,4.91,4.96,4.87,4.9,3490150.64
2024-04-30,4.9,4.97,4.89,4.95,2601743.83
2024-05-06,4.97,4.99,4.89,4.9,4058714.0
2024-05-07,4.9,4.93,4.88,4.92,2781631.43
2024-05-08,4.92,4.97,4.9,4.93,2967672.33
2024-05-09,4.92,4.93,4.9,4.9,2401955.98
2024-05-10,4.91,4.94,4.9,4.92,2646861.14
2024-05-13,4.92,4.95,4.89,4.93,2390939.56
2024-05-14,4.93,4.93,4.89,4.9,2578666.93
2024-05-15,4.9,4.91,4.89,4.9,1427081.45
2024-05-16,4.9,4.94,4.89,4.93,2971888.55
2024-05-17,4.93,4.99,4.91,4.99,3830016.26
2024-05-20,4.99,5.04,4.96,4.98,3318202.67
2024-05-21,4.98,5.02,4.96,5.01,2736760.42
2024-05-22,5.01,5.05,5.01,5.02,2458440.77
2024-05-23,5.03,5.04,4.99,5.01,2241625.38
2024-05-24,5.01,5.02,4.96,4.96,2261860.85
2024-05-27,4.97,5.01,4.96,5.0,2155681.86
2024-05-28,5.0,5.02,4.98,5.01,1957240.15
2024-05-29,5.01,5.02,4.97,4.99,2277199.46
2024-05-30,4.99,5.0,4.94,4.96,2239850.68
2024-05-31,4.97,4.99,4.95,4.95,2037423.14
2024-06-03,4.95,4.97,4.93,4.96,2157727.21
2024-06-04,4.96,4.99,4.96,4.99,1756287.96
2024-06-05,4.99,5.0,4.97,4.98,1889975.45
2024-06-06,4.98,5.01,4.97,4.98,2375214.46
2024-06-07,4.98,5.03,4.97,5.03,2972943.46
2024-06-11,5.03,5.05,4.96,4.96,3337614.44
2024-06-12,4.96,4.97,4.89,4.92,3234761.83
2024-06-13,4.92,4.96,4.91,4.95,1804744.5
2024-06-14,4.95,5.03,4.94,5.01,3698140.97
2024-06-17,5.01,5.01,4.92,4.95,2737858.28
2024-06-18,4.94,4.98,4.91,4.97,2010650.32
2024-06-19,4.96,5.01,4.96,5.01,2479370.06
2024-06-20,5.01,5.03,5.0,5.03,2133766.62
2024-06-21,5.02,5.04,5.0,5.02,2248273.78
2024-06-24,5.02,5.09,5.01,5.08,3317211.47
2024-06-25,5.07,5.11,5.06,5.11,2924741.47
2024-06-26,5.11,5.16,5.1,5.13,2524705.34
2024-06-27,5.12,5.21,5.11,5.2,3156535.8
2024-06-28,5.19,5.21,5.15,5.2,2685533.36
2024-07-01,5.19,5.33,5.18,5.31,3202846.26
2024-07-02,5.31,5.45,5.3,5.44,3770405.33
2024-07-03,5.43,5.45,5.33,5.37,2743718.79
2024-07-04,5.37,5.45,5.36,5.43,2618980.11
2024-07-05,5.43,5.47,5.3,5.32,3993119.82
2024-07-08,5.31,5.42,5.3,5.37,2883648.82
2024-07-09,5.37,5.42,5.33,5.42,2955343.19
2024-07-10,5.42,5.48,5.42,5.47,2876301.33
2024-07-11,5.47,5.47,5.34,5.41,3767984.73
2024-07-12,5.4,5.56,5.39,5.54,4009672.81
2024-07-15,5.55,5.69,5.52,5.65,4289582.6
2024-07-16,5.68,5.73,5.59,5.65,5035591.21
2024-07-17,5.64,5.7,5.6,5.67,3218991.85
2024-07-18,5.66,5.68,5.62,5.67,2553864.18
2024-07-19,5.66,5.68,5.59,5.67,3601439.72
2024-07-22,5.64,5.65,5.53,5.6,3230606.57
2024-07-23,5.59,5.82,5.58,5.77,5081438.09
2024-07-24,5.76,5.86,5.75,5.82,3184497.85
2024-07-25,5.81,5.87,5.73,5.82,4114786.68
2024-07-26,5.81,5.83,5.62,5.69,4159456.31
2024-07-29,5.68,5.74,5.6,5.74,2618931.27
2024-07-30,5.73,5.79,5.67,5.75,2495335.09
2024-07-31,5.74,5.77,5.59,5.61,4614729.59
2024-08-01,5.59,5.67,5.5,5.64,3731393.97
2024-08-02,5.61,5.68,5.59,5.64,2814158.49
2024-08-05,5.64,5.71,5.59,5.63,3195446.31
2024-08-06,5.64,5.65,5.55,5.57,2754700.37
2024-08-07,5.59,5.64,5.57,5.59,2270152.19
2024-08-08,5.59,5.64,5.58,5.63,1871759.43
2024-08-09,5.63,5.69,5.6,5.68,1850788.05
2024-08-12,5.68,5.78,5.67,5.75,2258478.36
2024-08-13,5.75,5.83,5.69,5.76,2404186.94
2024-08-14,5.74,5.8,5.73,5.78,1880448.15
2024-08-15,5.78,5.82,5.76,5.81,2067400.74
2024-08-16,5.81,5.9,5.79,5.89,2701940.42
2024-08-19,5.89,6.04,5.85,6.02,3388635.14
2024-08-20,6.01,6.14,6.0,6.13,3995974.2
2024-08-21,6.09,6.1,6.0,6.05,3315883.2
2024-08-22,6.04,6.18,6.04,6.16,3502301.55
2024-08-23,6.16,6.22,6.09,6.2,2656574.2
2024-08-26,6.18,6.21,6.09,6.17,2673110.89
2024-08-27,6.16,6.29,6.15,6.27,3232496.44
2024-08-28,6.27,6.31,6.18,6.23,3147225.13
2024-08-29,6.22,6.23,5.95,5.97,5573147.46
2024-08-30,5.93,5.99,5.72,5.74,8807823.47
2024-09-02,5.66,5.76,5.64,5.7,5682401.73
2024-09-03,5.69,5.71,5.45,5.53,6486401.29
2024-09-04,5.49,5.55,5.43,5.48,3923314.35
2024-09-05,5.47,5.5,5.37,5.4,3835307.75
2024-09-06,5.4,5.5,5.39,5.41,2906968.12
2024-09-09,5.4,5.42,5.29,5.38,2821267.04
2024-09-10,5.38,5.49,5.37,5.44,3683432.32
2024-09-11,5.43,5.44,5.28,5.32,3597633.84
2024-09-12,5.29,5.34,5.23,5.32,2868535.63
2024-09-13,5.32,5.35,5.3,5.34,2340486.96
2024-09-18,5.35,5.45,5.35,5.45,2468394.04
2024-09-19,5.46,5.48,5.35,5.42,2809968.06
2024-09-20,5.43,5.46,5.39,5.44,2828323.21
2024-09-23,5.43,5.51,5.39,5.49,2270376.87
2024-09-24,5.52,5.76,5.5,5.76,6052048.99
2024-09-25,5.84,5.97,5.73,5.8,6298208.29
2024-09-26,5.8,5.96,5.76,5.95,5216743.73
2024-09-27,6.0,6.08,5.68,5.77,6872092.71
2024-09-30,5.77,6.06,5.59,5.93,16161741.83
2024-10-08,6.24,6.39,5.8,5.87,16882261.72
2024-10-09,5.82,5.92,5.74,5.8,10090717.81
2024-10-10,5.81,6.14,5.8,6.02,10915281.47
2024-10-11,6.0,6.13,5.95,6.02,5299528.28
2024-10-14,6.07,6.24,6.07,6.21,7899211.18
2024-10-15,6.17,6.19,6.01,6.01,4927691.57
2024-10-16,5.98,6.14,5.97,6.1,4146145.8
2024-10-17,6.09,6.14,6.04,6.04,3280813.17
2024-10-18,6.04,6.1,5.96,6.07,5144521.81
2024-10-21,6.04,6.04,5.89,5.91,5684649.07
2024-10-22,5.92,5.96,5.86,5.89,4312714.79
2024-10-23,5.89,5.91,5.86,5.89,3068544.79
2024-10-24,5.88,5.95,5.87,5.91,2887894.77
2024-10-25,5.9,5.92,5.85,5.87,2845289.99
2024-10-28,5.86,5.86,5.79,5.83,3295363.71
2024-10-29,5.83,5.86,5.81,5.82,2938607.04
2024-10-30,5.81,5.83,5.76,5.77,3054120.04
2024-10-31,5.8,5.85,5.77,5.8,3052879.98
2024-11-01,5.8,5.9,5.79,5.9,4512379.25
2024-11-04,5.9,5.9,5.81,5.88,3180604.58
2024-11-05,5.85,5.9,5.84,5.9,3125107.81
2024-11-06,5.88,5.9,5.83,5.84,3450231.15
2024-11-07,5.83,5.9,5.82,5.9,3794487.63
2024-11-08,5.9,5.92,5.85,5.86,3300424.36
2024-11-11,5.83,5.84,5.78,5.8,3987301.71
2024-11-12,5.8,5.83,5.76,5.76,3292741.55
2024-11-13,5.76,5.83,5.74,5.8,3438857.92
2024-11-14,5.79,5.85,5.77,5.83,3735264.84
2024-11-15,5.82,5.86,5.79,5.81,3845232.75
2024-11-18,5.83,5.99,5.83,5.94,6932424.8
2024-11-19,5.93,5.97,5.83,5.9,4294987.1
2024-11-20,5.88,5.93,5.87,5.89,2682420.57
2024-11-21,5.88,5.9,5.86,5.88,1809107.03
2024-11-22,5.89,5.9,5.81,5.81,2978202.81
2024-11-25,5.82,5.88,5.81,5.83,2903722.07
2024-11-26,5.83,5.93,5.81,5.91,3300041.49
2024-11-27,5.9,5.97,5.89,5.95,2883173.76
2024-11-28,5.94,5.97,5.9,5.94,2018400.11
2024-11-29,5.94,5.98,5.89,5.9,2906465.13
2024-12-02,5.91,5.91,5.85,5.88,2417479.89
2024-12-03,5.88,5.96,5.87,5.96,3385172.03
2024-12-04,5.96,6.03,5.92,6.01,3572315.31
2024-12-05,6.0,6.07,5.98,6.01,2645283.22
2024-12-06,6.01,6.08,6.0,6.07,3119630.37
2024-12-09,6.05,6.11,6.03,6.07,3127432.96
2024-12-10,6.09,6.19,6.07,6.16,4372946.05
2024-12-11,6.14,6.19,6.05,6.06,3870003.36
2024-12-12,6.07,6.16,6.06,6.16,2901844.74
2024-12-13,6.14,6.19,6.1,6.13,3890984.41
2024-12-16,6.13,6.31,6.12,6.27,4715725.94
2024-12-17,6.26,6.32,6.25,6.25,3138477.22
2024-12-18,6.28,6.38,6.27,6.32,3489424.53
2024-12-19,6.31,6.34,6.22,6.23,3615285.11
2024-12-20,6.24,6.34,6.24,6.27,3765488.42
2024-12-23,6.27,6.49,6.27,6.43,4871100.27
2024-12-24,6.44,6.52,6.38,6.51,4641473.68
2024-12-25,6.5,6.76,6.49,6.66,6360901.32
2024-12-26,6.66,6.66,6.52,6.65,4872522.64
2024-12-27,6.61,6.66,6.49,6.64,5107040.6
2024-12-30,6.6,6.72,6.59,6.67,4823303.17
2024-12-31,6.66,6.75,6.62,6.64,5209801.74
2025-01-02,6.63,6.7,6.49,6.53,5314824.65
2025-01-03,6.54,6.55,6.35,6.44,5210739.86
2025-01-06,6.44,6.51,6.32,6.48,4742246.52
2025-01-07,6.48,6.58,6.43,6.56,3820217.77
2025-01-08,6.56,6.7,6.54,6.62,3996842.84
2025-01-09,6.62,6.63,6.53,6.58,2367234.19
2025-01-10,6.59,6.61,6.47,6.54,2620257.88
2025-01-13,6.53,6.54,6.36,6.47,3306032.82
2025-01-14,6.46,6.52,6.43,6.48,3418852.64
2025-01-15,6.47,6.6,6.45,6.5,3075982.74
2025-01-16,6.51,6.56,6.44,6.55,2674681.38
2025-01-17,6.54,6.57,6.47,6.48,2781346.35
2025-01-20,6.49,6.5,6.43,6.44,2273622.56
2025-01-21,6.45,6.48,6.39,6.42,2157435.37
2025-01-22,6.41,6.43,6.27,6.31,4111693.63
2025-01-23,6.35,6.56,6.35,6.53,5446820.03
2025-01-24,6.54,6.59,6.44,6.54,3282052.11
2025-01-27,6.55,6.71,6.55,6.68,3718662.19
2025-02-05,6.68,6.7,6.55,6.56,3305406.17
2025-02-06,6.57,6.62,6.52,6.56,2644237.25
2025-02-07,6.54,6.56,6.48,6.56,3676439.0
2025-02-10,6.53,6.61,6.51,6.54,3119268.33
2025-02-11,6.55,6.68,6.55,6.68,3941954.1
2025-02-12,6.67,6.78,6.6,6.76,3257811.48
2025-02-13,6.75,6.85,6.73,6.82,2945244.26
2025-02-14,6.82,6.86,6.76,6.85,2531577.91
2025-02-17,6.84,6.86,6.77,6.82,2713460.03
2025-02-18,6.81,7.0,6.8,6.95,3975121.35
2025-02-19,6.94,6.98,6.89,6.91,3220723.43
2025-02-20,6.9,6.95,6.86,6.94,2513266.56
2025-02-21,6.92,6.93,6.77,6.79,5772098.0
2025-02-24,6.76,6.8,6.68,6.75,4373309.85
2025-02-25,6.75,6.79,6.69,6.72,3139844.75
2025-02-26,6.72,6.8,6.7,6.74,3293700.1
2025-02-27,6.72,6.81,6.62,6.79,4391902.34
2025-02-28,6.76,6.84,6.73,6.73,4315896.2
2025-03-03,6.73,6.75,6.64,6.71,3964019.25
2025-03-04,6.68,6.7,6.64,6.64,3436561.71
2025-03-05,6.63,6.76,6.6,6.73,4599123.6
2025-03-06,6.71,6.72,6.65,6.69,3656712.05
2025-03-07,6.69,6.71,6.65,6.66,3223755.78
2025-03-10,6.65,6.66,6.59,6.61,3242116.47
2025-03-11,6.59,6.64,6.59,6.64,2680002.41
2025-03-12,6.62,6.63,6.57,6.59,3177702.18
2025-03-13,6.59,6.63,6.57,6.6,2572950.17
2025-03-14,6.59,6.67,6.59,6.62,4890721.29
2025-03-17,6.62,6.69,6.61,6.67,3586198.28
2025-03-18,6.69,6.7,6.63,6.66,2369528.1
2025-03-19,6.67,6.74,6.66,6.73,3032694.2
2025-03-20,6.73,6.78,6.67,6.7,3008452.41
2025-03-21,6.68,6.71,6.62,6.62,3087991.23
2025-03-24,6.62,6.71,6.62,6.68,3060401.69
2025-03-25,6.69,6.73,6.67,6.71,2318056.72
2025-03-26,6.72,6.74,6.67,6.69,2337800.88
2025-03-27,6.68,6.75,6.68,6.73,2580278.1
2025-03-28,6.72,6.74,6.69,6.74,2128381.48
2025-03-31,6.74,6.8,6.66,6.75,4071337.79
2025-04-01,6.73,6.76,6.64,6.66,4284291.19
2025-04-02,6.65,6.72,6.64,6.71,3099744.34
2025-04-03,6.68,6.76,6.68,6.75,3061668.81
2025-04-07,6.66,6.68,6.47,6.62,8491567.26
2025-04-08,6.57,6.7,6.55,6.68,6712678.31
2025-04-09,6.65,6.75,6.61,6.66,5661687.7
2025-04-10,6.66,6.66,6.6,6.62,4013375.08
2025-04-11,6.62,6.66,6.59,6.66,3475544.77
2025-04-14,6.64,6.76,6.63,6.73,4394042.22
2025-04-15,6.73,6.83,6.72,6.82,3841790.13
2025-04-16,6.82,6.92,6.79,6.92,4132402.27
2025-04-17,6.91,6.94,6.82,6.91,2639188.35
2025-04-18,6.9,7.03,6.89,7.0,3884345.3
2025-04-21,6.99,7.11,6.91,6.91,3742983.83
2025-04-22,6.91,7.02,6.9,7.01,2997870.96
2025-04-23,7.0,7.03,6.93,6.97,2569772.81
2025-04-24,6.95,7.14,6.95,7.1,3576108.7
2025-04-25,7.11,7.16,7.03,7.07,2326019.76
2025-04-28,7.08,7.19,7.08,7.14,2853765.8
2025-04-29,7.15,7.18,7.1,7.12,2179737.89
2025-04-30,7.08,7.09,6.83,6.87,6449971.31
2025-05-06,6.87,6.89,6.79,6.84,3663740.62
2025-05-07,6.87,6.97,6.83,6.97,4336456.24
2025-05-08,6.95,7.03,6.94,6.97,2837120.76
2025-05-09,6.96,7.09,6.96,7.03,3121965.48
2025-05-12,7.01,7.04,6.97,7.02,2702769.88
2025-05-13,7.02,7.11,6.98,7.09,2767459.46
2025-05-14,7.09,7.13,7.06,7.09,2868697.06
2025-05-15,7.09,7.14,7.08,7.12,2702620.63
2025-05-16,7.11,7.15,6.98,7.02,3935141.31
2025-05-19,7.02,7.06,6.97,6.98,2566690.58
2025-05-20,7.0,7.02,6.96,6.99,1976912.46
2025-05-21,6.99,7.05,6.97,7.0,2540712.78
2025-05-22,7.01,7.02,6.96,6.98,2940759.11
2025-05-23,6.98,7.01,6.93,6.94,3169188.22
2025-05-26,6.94,6.96,6.89,6.91,2876449.99
2025-05-27,6.91,6.95,6.9,6.92,1825202.33
2025-05-28,6.92,6.94,6.88,6.91,1710175.46
2025-05-29,6.91,6.93,6.88,6.9,1934698.56
2025-05-30,6.91,6.98,6.88,6.93,3467599.35
2025-06-03,6.91,6.99,6.9,6.97,2728118.11
2025-06-04,6.97,6.98,6.92,6.94,2118975.5
2025-06-05,6.94,6.98,6.93,6.95,2255742.17
2025-06-06,6.96,6.98,6.93,6.96,1870299.62
2025-06-09,6.96,6.97,6.9,6.94,2913684.55
2025-06-10,6.94,7.05,6.93,6.96,4161322.02
2025-06-11,6.96,7.01,6.95,6.98,2247733.72
2025-06-12,6.98,6.99,6.95,6.97,2318336.35
2025-06-13,6.97,6.99,6.94,6.95,2808948.07
2025-06-16,6.94,7.0,6.88,7.0,2786039.77
2025-06-17,6.99,7.03,6.98,7.03,2279382.64
2025-06-18,7.03,7.11,7.02,7.11,3321322.52
2025-06-19,7.1,7.15,7.06,7.15,2841779.66
2025-06-20,7.14,7.23,7.13,7.22,3106927.74
2025-06-23,7.21,7.41,7.18,7.37,3897378.15
2025-06-24,7.36,7.49,7.35,7.48,3560199.0
2025-06-25,7.46,7.56,7.37,7.52,3495451.55
2025-06-26,7.51,7.6,7.47,7.57,2931890.14
2025-06-27,7.57,7.6,7.33,7.35,4820511.41
2025-06-30,7.33,7.46,7.27,7.44,3061472.45
2025-07-01,7.44,7.59,7.43,7.51,2683319.21
2025-07-02,7.53,7.56,7.5,7.53,2068290.92
2025-07-03,7.53,7.57,7.45,7.49,2256541.26
2025-07-04,7.49,7.62,7.48,7.6,2890571.41
2025-07-07,7.59,7.61,7.55,7.58,1948834.25
2025-07-08,7.58,7.62,7.55,7.6,1983420.24
2025-07-09,7.6,7.77,7.6,7.69,2898275.66
2025-07-10,7.71,7.97,7.71,7.92,5870466.49
2025-07-11,7.96,8.19,7.85,7.85,8885955.67
2025-07-14,7.9,7.98,7.84,7.84,4706935.07
2025-07-15,7.86,7.88,7.76,7.8,3186881.1
2025-07-16,7.77,7.8,7.7,7.8,3524987.73
2025-07-17,7.79,7.81,7.72,7.75,2793216.72
2025-07-18,7.74,7.82,7.7,7.77,2727850.06
2025-07-21,7.76,7.77,7.67,7.7,3135465.93
2025-07-22,7.67,7.68,7.56,7.6,4778345.17
2025-07-23,7.59,7.73,7.56,7.65,4891056.37
2025-07-24,7.65,7.67,7.53,7.55,4623948.3
2025-07-25,7.53,7.58,7.48,7.49,3308917.47
2025-07-28,7.49,7.54,7.46,7.49,2734226.83
2025-07-29,7.49,7.52,7.43,7.43,2922719.28
2025-07-30,7.43,7.55,7.4,7.49,3907271.11
2025-07-31,7.49,7.59,7.42,7.56,4809696.17
2025-08-01,7.56,7.67,7.48,7.62,5145899.6
2025-08-04,7.63,7.78,7.62,7.68,4482750.76
2025-08-05,7.68,7.76,7.63,7.76,3403182.1
2025-08-06,7.75,7.8,7.71,7.76,2967782.13
2025-08-07,7.75,7.87,7.7,7.84,3789820.97
2025-08-08,7.84,7.9,7.77,7.79,2739257.73
2025-08-11,7.78,7.8,7.68,7.7,3368392.16
2025-08-12,7.69,7.81,7.67,7.78,3183980.82
2025-08-13,7.77,7.82,7.7,7.7,3360196.75
2025-08-14,7.7,7.76,7.67,7.69,2834872.82
2025-08-15,7.7,7.72,7.48,7.55,6480057.87
2025-08-18,7.51,7.54,7.46,7.53,4072372.49
2025-08-19,7.53,7.6,7.51,7.57,3385247.03
2025-08-20,7.58,7.62,7.56,7.57,3315205.86
2025-08-21,7.57,7.62,7.51,7.6,3443027.53
2025-08-22,7.6,7.63,7.53,7.63,3837727.89
2025-08-25,7.6,7.61,7.55,7.59,4131598.05
2025-08-26,7.58,7.62,7.54,7.55,2998328.27
2025-08-27,7.54,7.54,7.41,7.41,5157247.51
2025-08-28,7.41,7.44,7.32,7.38,4654688.87
2025-08-29,7.38,7.53,7.38,7.43,5196151.0
2025-09-01,7.43,7.45,7.36,7.38,3845435.84
2025-09-02,7.37,7.57,7.35,7.57,7690652.13
2025-09-03,7.57,7.58,7.42,7.44,4919771.33
2025-09-04,7.4,7.6,7.26,7.54,8760059.36
2025-09-05,7.52,7.54,7.4,7.44,4417093.09
2025-09-08,7.41,7.44,7.37,7.4,3542760.19
2025-09-09,7.39,7.46,7.38,7.43,2662793.92
2025-09-10,7.44,7.48,7.38,7.47,2886560.44
2025-09-11,7.46,7.58,7.39,7.51,5415158.55
2025-09-12,7.49,7.54,7.45,7.48,2992824.63
2025-09-15,7.45,7.51,7.4,7.43,3295819.21
2025-09-16,7.41,7.49,7.41,7.45,2893476.14
2025-09-17,7.42,7.46,7.4,7.46,2475841.86
2025-09-18,7.45,7.46,7.28,7.29,5297807.17
2025-09-19,7.28,7.28,7.12,7.2,4807097.54
2025-09-22,7.2,7.25,7.15,7.18,2750891.2
2025-09-23,7.16,7.41,7.13,7.4,6288256.04
2025-09-24,7.39,7.53,7.37,7.47,5142069.19
2025-09-25,7.44,7.46,7.31,7.38,3237228.4
2025-09-26,7.35,7.43,7.3,7.41,2733592.98
2025-09-29,7.38,7.4,7.26,7.33,4050039.33
2025-09-30,7.31,7.33,7.26,7.3,2445676.27
2025-10-09,7.25,7.32,7.2,7.31,2977410.76
2025-10-10,7.29,7.36,7.28,7.31,3048696.89
2025-10-13,7.32,7.36,7.23,7.27,3957386.05
2025-10-14,7.26,7.5,7.22,7.5,6938781.4
2025-10-15,7.47,7.54,7.42,7.46,4075993.19
2025-10-16,7.43,7.65,7.43,7.63,4956233.45
2025-10-17,7.63,7.72,7.57,7.62,4087002.46
2025-10-20,7.59,7.65,7.47,7.61,3919785.93
2025-10-21,7.58,7.65,7.54,7.64,3441139.24
2025-10-22,7.63,7.79,7.62,7.76,3815865.56
2025-10-23,7.76,7.89,7.71,7.84,4326614.32
2025-10-24,7.8,7.89,7.76,7.84,3263623.33
2025-10-27,7.8,7.94,7.74,7.91,3919946.77
2025-10-28,7.9,8.02,7.85,7.99,3320408.17
2025-10-29,7.98,7.99,7.8,7.83,3683044.39
2025-10-30,7.83,7.9,7.78,7.84,2787161.26
2025-10-31,7.87,7.87,7.67,7.78,3693253.24
2025-11-03,7.79,7.94,7.78,7.9,3420734.24
2025-11-04,7.89,8.14,7.89,8.13,4410976.05
2025-11-05,8.17,8.21,8.09,8.14,3941536.3
2025-11-06,8.12,8.15,8.06,8.09,3009758.0
2025-11-07,8.09,8.16,8.02,8.05,2801613.58
2025-11-10,8.02,8.13,7.98,8.12,2232913.15
2025-11-11,8.1,8.17,8.07,8.16,1917401.04
2025-11-12,8.16,8.32,8.15,8.19,3592897.95
2025-11-13,8.21,8.24,8.08,8.21,2901379.15
2025-11-14,8.23,8.38,8.22,8.25,3063351.29
2025-11-17,8.25,8.26,8.11,8.17,2582768.1
2025-11-18,8.14,8.25,8.11,8.2,2175959.65
2025-11-19,8.2,8.32,8.17,8.23,2344283.13
2025-11-20,8.21,8.4,8.18,8.27,3594877.46
2025-11-21,8.28,8.38,8.22,8.25,4644446.66
2025-11-24,8.2,8.26,8.12,8.2,3489190.16
2025-11-25,8.18,8.32,8.13,8.31,3055429.94
2025-11-26,8.31,8.38,8.15,8.16,3310419.56
2025-11-27,8.15,8.19,8.06,8.16,2344122.23
2025-11-28,8.15,8.17,8.08,8.11,2084015.67
