date,open,high,low,close,volume
2010-01-04,24.23,24.36,23.69,23.72,166688.38
2010-01-05,23.83,24.25,23.5,24.01,153918.86
2010-01-06,23.84,23.84,23.21,23.27,264321.94
2010-01-07,23.17,23.38,22.53,22.83,195950.25
2010-01-08,22.68,23.02,22.48,22.86,119674.57
2010-01-11,24.06,24.18,22.58,22.63,316052.91
2010-01-12,22.69,23.01,22.03,23.01,203153.4
2010-01-13,22.62,22.77,21.85,22.0,282764.55
2010-01-14,22.17,22.62,21.88,22.37,184350.07
2010-01-15,22.35,22.66,22.08,22.56,151350.85
2010-01-18,22.39,22.39,21.94,22.17,185622.78
2010-01-19,22.18,22.54,22.14,22.23,133712.68
2010-01-20,22.23,22.35,21.52,21.69,180607.06
2010-01-21,21.72,22.51,21.68,22.17,201307.39
2010-01-22,21.78,22.56,21.62,22.23,288163.07
2010-01-25,22.07,22.57,21.93,22.2,188736.16
2010-01-26,22.23,22.36,21.55,21.68,159439.74
2010-01-27,21.66,21.7,21.04,21.13,170947.48
2010-01-28,21.09,21.23,20.78,20.87,121884.97
2010-01-29,20.71,21.11,20.54,20.67,129470.96
2010-02-01,20.71,20.77,20.25,20.59,152676.03
2010-02-02,20.69,21.05,20.38,20.39,109936.72
2010-02-03,20.49,21.17,20.31,21.03,140865.26
2010-02-04,20.92,21.15,20.82,20.95,88762.0
2010-02-05,20.48,20.71,20.37,20.49,125013.52
2010-02-08,20.41,20.61,20.29,20.41,53262.64
2010-02-09,20.41,20.67,20.36,20.55,64375.74
2010-02-10,20.65,21.02,20.65,20.94,126910.71
2010-02-11,20.97,21.14,20.87,20.96,70949.99
2010-02-12,21.16,21.49,21.04,21.46,79449.6
2010-02-22,21.24,21.39,21.1,21.17,72012.6
2010-02-23,21.09,21.09,19.87,20.5,340213.09
2010-02-24,20.28,20.74,20.16,20.69,115299.57
2010-02-25,20.65,20.91,20.55,20.76,123007.93
2010-02-26,20.71,20.85,20.55,20.62,79330.85
2010-03-01,20.74,21.46,20.7,21.32,165222.79
2010-03-02,21.24,21.38,21.01,21.17,65186.2
2010-03-03,21.17,21.28,20.96,21.14,70836.37
2010-03-04,21.17,21.23,20.54,20.65,73697.21
2010-03-05,20.7,20.9,20.58,20.65,52439.73
2010-03-08,20.69,20.86,20.63,20.78,45272.33
2010-03-09,21.17,21.62,20.94,21.46,201861.17
2010-03-10,21.44,21.66,21.23,21.48,110218.56
2010-03-11,21.42,21.66,21.27,21.52,76294.31
2010-03-12,21.5,21.61,21.24,21.25,70763.36
2010-03-15,21.23,21.38,20.75,20.97,46568.55
2010-03-16,20.94,21.13,20.8,21.11,50017.15
2010-03-17,21.14,21.81,21.04,21.71,110529.25
2010-03-18,21.59,21.73,21.45,21.51,69515.24
2010-03-19,21.51,21.78,21.43,21.65,55589.83
2010-03-22,21.65,21.81,21.38,21.46,80589.45
2010-03-23,21.54,21.6,21.25,21.3,54461.77
2010-03-24,21.32,21.62,21.05,21.19,67280.4
2010-03-25,21.1,21.1,20.74,20.94,80122.18
2010-03-26,20.9,21.38,20.78,21.09,90985.8
2010-03-29,21.3,21.93,21.21,21.88,198481.24
2010-03-30,21.81,22.01,21.71,21.95,100900.33
2010-03-31,21.88,22.07,21.63,21.76,84410.77
2010-04-01,21.79,22.16,21.76,22.08,99198.87
2010-04-02,22.08,22.22,21.99,22.13,89911.79
2010-04-06,22.24,22.3,21.84,21.95,62853.73
2010-04-07,21.93,22.23,21.85,22.16,88392.73
2010-04-08,22.16,22.16,21.4,21.64,106768.62
2010-04-09,21.68,22.01,21.43,21.88,109613.5
2010-04-12,21.88,22.16,21.21,21.47,155896.89
2010-04-13,21.47,22.69,21.47,22.37,326014.77
2010-04-14,22.3,22.44,22.02,22.26,124191.17
2010-04-15,22.25,22.4,22.03,22.3,123858.47
2010-04-16,22.22,22.39,21.93,21.96,99252.84
2010-04-19,21.48,21.8,20.94,21.0,138460.8
2010-04-20,21.04,21.22,20.55,21.09,174238.95
2010-04-21,20.94,21.42,20.84,21.29,157404.86
2010-04-22,21.13,21.13,20.33,20.75,162405.48
2010-04-23,20.69,21.0,20.49,20.73,113305.3
2010-04-26,20.78,20.86,20.31,20.42,121211.73
2010-04-27,20.4,20.46,19.68,20.19,171496.15
2010-04-28,19.88,20.18,19.77,19.94,80479.48
2010-04-29,20.16,20.29,19.87,19.97,99801.32
2010-04-30,20.02,20.48,19.8,20.3,105914.71
2010-05-04,20.02,20.45,19.98,20.05,105426.09
2010-05-05,19.86,19.98,19.01,19.88,203920.83
2010-05-06,19.68,19.84,18.96,19.03,125867.21
2010-05-07,18.7,19.3,18.51,18.95,157533.51
2010-05-10,19.0,19.52,18.93,19.33,147254.31
2010-05-11,19.64,19.75,18.08,18.58,289909.58
2010-05-12,18.35,19.09,18.34,19.0,262778.3
2010-05-13,19.04,19.81,19.01,19.57,224895.91
2010-05-14,19.3,19.59,19.25,19.39,77474.2
2010-05-17,19.1,19.18,18.17,18.32,179383.12
2010-05-18,18.37,18.86,18.19,18.83,155149.09
2010-05-19,18.54,19.1,18.41,18.87,105861.51
2010-05-20,18.72,19.03,18.22,18.34,130599.81
2010-05-21,17.96,18.4,17.88,18.35,93694.49
2010-05-24,18.52,19.06,18.48,18.96,134350.59
2010-05-25,18.87,18.87,17.96,18.33,140852.64
2010-05-26,18.48,18.7,18.35,18.45,88602.77
2010-05-27,18.35,18.95,18.11,18.82,108276.93
2010-05-28,19.03,19.1,18.72,18.9,83559.19
2010-05-31,18.72,18.95,18.34,18.42,84780.3
2010-06-01,18.35,18.68,18.3,18.59,81519.96
2010-06-02,18.5,18.64,18.27,18.45,77748.69
2010-06-03,18.57,18.95,18.41,18.63,98628.24
2010-06-07,18.34,18.41,17.99,18.2,72630.93
2010-06-08,18.22,18.32,17.81,17.86,80919.53
2010-06-09,17.96,18.86,17.44,18.56,253318.68
2010-06-10,18.11,18.3,18.04,18.19,89320.74
2010-06-11,18.34,18.5,18.26,18.29,109034.29
2010-06-17,18.48,18.53,18.22,18.29,70271.05
2010-06-18,18.28,18.57,18.25,18.34,87551.02
2010-06-21,18.41,19.41,18.39,19.26,230494.32
2010-06-22,19.1,19.38,19.03,19.3,94705.56
2010-06-23,19.29,19.51,18.95,19.32,92341.36
2010-06-24,19.44,19.78,19.26,19.53,79416.88
2010-06-25,19.41,20.16,19.35,19.72,133888.11
2010-06-28,19.65,20.05,19.44,19.81,92050.32
2010-06-29,19.78,19.91,18.89,18.99,100676.5
2010-06-30,18.86,19.64,18.79,19.41,103972.98
2010-07-01,19.33,19.61,18.98,19.41,99825.85
2010-07-02,19.33,19.92,19.25,19.9,149556.0
2010-07-05,19.64,19.92,19.27,19.71,99081.4
2010-07-06,19.65,19.93,19.53,19.85,97073.05
2010-07-07,19.77,19.88,19.55,19.82,116759.04
2010-07-08,19.84,19.87,19.61,19.63,83090.41
2010-07-09,19.63,20.07,19.08,19.37,357667.12
2010-07-12,18.86,18.86,17.82,18.5,1016170.62
2010-07-13,18.11,18.21,17.92,18.1,565705.8
2010-07-14,18.16,18.29,17.76,17.94,524071.87
2010-07-15,17.79,18.09,17.49,17.57,336692.79
2010-07-16,17.5,17.57,17.31,17.54,211982.22
2010-07-19,17.36,18.06,17.33,18.02,336466.03
2010-07-20,17.99,18.38,17.94,18.23,306698.8
2010-07-21,18.27,18.27,18.07,18.11,229681.63
2010-07-22,18.03,18.49,18.01,18.45,297637.62
2010-07-23,18.45,18.61,18.31,18.43,225892.87
2010-07-26,18.46,18.51,18.17,18.39,182297.57
2010-07-27,18.33,18.58,18.23,18.41,158969.72
2010-07-28,18.42,18.89,18.29,18.82,274736.03
2010-07-29,18.82,19.04,18.68,18.82,290229.7
2010-07-30,18.86,18.91,18.61,18.78,142303.85
2010-08-02,18.81,19.12,18.76,19.04,171742.23
2010-08-03,19.14,19.19,18.7,18.71,220399.07
2010-08-04,18.71,18.86,18.49,18.73,158318.25
2010-08-05,18.75,18.82,18.51,18.66,215638.22
2010-08-06,18.67,18.88,18.5,18.86,256271.47
2010-08-09,18.78,18.97,18.64,18.81,215115.74
2010-08-10,18.86,18.96,18.38,18.43,216491.04
2010-08-11,18.36,18.54,18.23,18.46,125066.89
2010-08-12,18.27,18.49,18.2,18.21,90448.39
2010-08-13,18.22,18.38,18.05,18.3,109013.19
2010-08-16,18.27,18.89,18.13,18.74,228547.27
2010-08-17,18.67,19.04,18.67,18.84,225822.84
2010-08-18,18.86,19.03,18.7,18.75,157178.34
2010-08-19,18.73,19.15,18.71,19.01,218603.57
2010-08-20,18.88,19.45,18.84,18.91,301958.5
2010-08-23,18.78,19.09,18.74,18.81,112781.74
2010-08-24,18.8,18.95,18.54,18.71,131332.53
2010-08-25,18.64,18.82,18.26,18.27,112425.0
2010-08-26,18.31,18.38,17.57,17.68,416092.37
2010-08-27,17.68,17.69,17.46,17.61,236748.44
2010-08-30,17.65,17.85,17.65,17.75,253152.56
2010-08-31,17.71,17.71,17.47,17.52,190626.23
2010-09-01,17.54,17.81,17.47,17.59,201427.34
2010-09-02,17.9,17.9,17.57,17.61,222609.56
2010-09-03,17.61,17.67,17.38,17.43,278458.04
2010-09-06,17.58,17.96,17.5,17.92,356213.62
2010-09-07,17.97,17.98,17.6,17.74,252755.86
2010-09-08,17.66,17.76,17.44,17.54,217657.2
2010-09-09,17.56,17.59,17.39,17.4,182934.96
2010-09-10,17.42,17.5,17.3,17.37,160938.39
2010-09-13,17.43,17.74,17.31,17.57,202059.44
2010-09-14,17.68,17.8,17.36,17.46,308485.91
2010-09-15,17.4,17.46,16.76,16.84,322745.67
2010-09-16,16.82,16.92,16.5,16.59,197745.76
2010-09-17,16.66,16.69,16.5,16.54,105598.0
2010-09-20,16.56,16.8,16.47,16.57,118052.88
2010-09-21,16.67,16.8,16.57,16.62,89016.6
2010-09-27,16.69,16.71,16.58,16.69,115667.03
2010-09-28,16.7,16.7,16.4,16.43,123686.34
2010-09-29,16.4,16.62,16.39,16.42,79366.14
2010-09-30,16.41,16.95,16.34,16.91,177222.38
2010-10-08,17.28,17.74,17.19,17.63,417591.97
2010-10-11,17.68,18.97,17.68,18.42,581704.62
2010-10-12,18.3,18.54,18.09,18.29,247270.09
2010-10-13,18.36,18.86,18.24,18.64,295726.97
2010-10-14,18.84,19.59,18.84,19.11,704813.71
2010-10-15,18.93,20.43,18.9,20.1,729818.92
2010-10-18,20.54,21.57,20.4,20.63,822950.64
2010-10-19,20.67,21.04,20.42,20.95,309570.21
2010-10-20,20.9,22.3,20.9,21.9,708902.76
2010-10-21,21.94,22.3,21.2,21.85,304297.05
2010-10-22,21.72,21.91,21.22,21.26,203608.0
2010-10-25,21.2,21.84,20.62,21.61,331611.57
2010-10-26,21.67,21.72,20.89,21.13,243168.5
2010-10-27,20.94,21.35,20.47,20.53,266486.15
2010-10-28,20.43,20.65,20.1,20.29,227709.27
2010-10-29,20.23,20.33,19.84,19.92,214354.0
2010-11-01,19.99,20.76,19.99,20.66,247815.26
2010-11-02,20.74,20.78,20.03,20.19,293976.47
2010-11-03,20.23,20.54,19.88,20.14,204451.2
2010-11-04,20.29,20.82,20.29,20.54,273262.49
2010-11-05,20.74,21.33,20.74,21.09,350491.39
2010-11-08,21.2,21.21,20.7,21.09,187335.79
2010-11-09,20.97,20.97,20.23,20.4,253240.57
2010-11-10,20.27,20.34,19.95,20.02,256341.34
2010-11-11,20.07,20.6,19.94,20.17,311396.03
2010-11-12,20.1,20.4,19.08,19.1,316057.98
2010-11-15,19.12,19.23,18.66,19.0,212663.71
2010-11-16,19.0,19.0,17.95,18.0,268722.05
2010-11-17,17.95,18.31,17.88,18.09,214048.79
2010-11-18,18.23,18.51,18.12,18.3,155589.75
2010-11-19,18.46,18.46,17.66,18.27,198984.16
2010-11-22,18.07,18.32,17.91,18.01,180047.92
2010-11-23,17.86,17.87,17.48,17.56,203716.6
2010-11-24,17.53,18.01,17.52,17.85,165219.33
2010-11-25,17.99,18.16,17.72,18.14,145992.52
2010-11-26,18.05,18.11,17.79,17.94,127170.22
2010-11-29,17.9,18.07,17.88,18.01,115996.64
2010-11-30,17.87,18.06,17.22,17.51,232824.29
2010-12-01,17.47,17.57,17.27,17.39,103218.66
2010-12-02,17.73,17.87,17.54,17.68,127118.62
2010-12-03,17.74,18.07,17.66,17.95,155048.35
2010-12-06,17.96,18.51,17.79,18.21,202730.91
2010-12-07,18.05,18.44,17.95,18.35,143407.22
2010-12-08,18.3,18.5,17.95,17.98,127190.17
2010-12-09,17.94,18.49,17.9,18.0,150046.55
2010-12-10,17.91,18.34,17.87,18.34,126345.51
2010-12-13,18.25,18.51,18.16,18.49,202391.28
2010-12-14,18.51,18.67,18.25,18.33,147209.81
2010-12-15,18.34,18.37,18.05,18.06,152684.98
2010-12-16,18.06,18.12,17.8,17.87,120119.86
2010-12-17,17.87,17.94,17.65,17.79,162060.67
2010-12-20,17.83,17.88,17.28,17.41,184682.18
2010-12-21,17.42,17.92,17.41,17.84,206248.88
2010-12-22,17.83,17.9,17.43,17.53,124615.94
2010-12-23,17.54,17.77,17.4,17.53,86800.61
2010-12-24,17.46,17.64,17.34,17.48,132004.39
2010-12-27,17.92,18.07,17.21,17.27,182571.03
2010-12-28,17.17,17.41,16.89,16.97,200761.49
2010-12-29,17.02,17.11,16.72,16.81,188368.69
2010-12-30,16.81,16.87,16.47,16.53,317056.3
2010-12-31,16.58,16.77,16.55,16.73,251597.9
2011-01-04,16.88,17.16,16.75,17.1,255700.59
2011-01-05,16.99,17.03,16.73,16.79,201802.83
2011-01-06,16.79,16.94,16.5,16.84,275768.02
2011-01-07,16.81,17.4,16.64,17.12,269207.88
2011-01-10,17.09,17.21,16.8,16.9,146776.35
2011-01-11,16.77,17.06,16.72,16.99,125142.26
2011-01-12,17.01,17.24,16.9,17.21,168654.82
2011-01-13,17.25,17.28,17.06,17.15,137930.82
2011-01-14,17.05,17.09,16.77,16.84,150149.97
2011-01-17,16.73,16.8,16.41,16.48,209025.68
2011-01-18,16.44,16.6,16.35,16.54,89791.36
2011-01-19,16.6,16.7,16.48,16.67,107101.39
2011-01-20,16.63,16.68,16.21,16.32,145375.8
2011-01-21,16.28,16.75,16.25,16.51,150085.02
2011-01-24,16.58,16.61,16.34,16.36,94705.7
2011-01-25,16.38,16.55,16.33,16.4,103793.31
2011-01-26,16.47,16.6,16.44,16.54,117496.82
2011-01-27,16.47,16.72,16.38,16.68,176961.4
2011-01-28,16.62,16.66,16.45,16.58,127332.8
2011-01-31,16.54,16.66,16.48,16.66,143967.34
2011-02-01,16.66,16.67,16.51,16.6,128736.35
2011-02-09,16.6,16.86,16.5,16.51,126619.15
2011-02-10,16.48,16.79,16.44,16.73,121292.81
2011-02-11,16.67,16.88,16.65,16.79,156837.27
2011-02-14,16.82,17.57,16.8,17.44,388107.16
2011-02-15,17.43,17.55,17.23,17.29,265945.68
2011-02-16,17.24,17.32,17.11,17.31,153171.54
2011-02-17,17.27,17.44,17.13,17.21,150440.19
2011-02-18,17.21,17.23,17.01,17.02,143185.5
2011-02-21,16.91,17.17,16.9,17.12,141158.17
2011-02-22,17.13,17.17,16.56,16.61,226081.36
2011-02-23,16.6,16.66,16.49,16.58,127194.59
2011-02-24,16.56,16.69,16.5,16.62,110330.82
2011-02-25,16.64,16.84,16.51,16.73,121847.64
2011-02-28,16.73,16.81,16.58,16.79,133704.75
2011-03-01,16.8,17.03,16.73,16.93,175287.99
2011-03-02,16.8,17.02,16.76,16.95,151515.97
2011-03-03,17.12,17.43,16.97,17.06,361607.07
2011-03-04,17.08,17.32,17.01,17.3,234471.34
2011-03-07,17.35,17.61,17.32,17.54,412666.32
2011-03-08,17.52,17.6,17.29,17.43,206432.61
2011-03-09,17.46,17.57,17.32,17.36,187047.94
2011-03-10,17.33,17.33,16.99,17.0,191460.7
2011-03-11,16.93,17.04,16.83,16.86,146148.2
2011-03-14,16.68,16.83,16.66,16.78,155394.66
2011-03-15,16.77,16.77,16.26,16.44,256889.19
2011-03-16,16.47,16.63,16.47,16.58,127207.3
2011-03-17,16.5,16.52,16.36,16.4,141162.27
2011-03-18,16.5,16.57,16.42,16.44,111754.49
2011-03-21,16.5,16.59,16.42,16.49,93462.93
2011-03-22,16.58,16.63,16.44,16.61,114553.43
2011-03-23,16.58,16.69,16.43,16.64,178754.01
2011-03-24,16.66,16.66,16.5,16.51,145644.52
2011-03-25,16.53,16.72,16.51,16.66,197527.48
2011-03-28,16.71,16.81,16.55,16.61,221967.61
2011-03-29,16.62,16.8,16.5,16.61,221544.84
2011-03-30,16.62,16.71,16.51,16.58,147211.79
2011-03-31,16.58,16.66,16.45,16.49,155988.74
2011-04-01,16.52,16.77,16.47,16.76,218173.22
2011-04-06,16.76,17.17,16.76,17.12,461789.28
2011-04-07,17.11,17.15,16.93,17.04,237074.89
2011-04-08,17.03,17.12,16.91,17.05,155783.73
2011-04-11,17.09,17.31,16.97,16.99,261850.57
2011-04-12,16.92,17.14,16.79,17.02,204052.54
2011-04-13,16.9,17.39,16.89,17.35,310422.99
2011-04-14,17.34,17.52,17.2,17.22,307280.16
2011-04-15,17.2,17.48,17.16,17.43,251699.84
2011-04-18,17.32,17.79,17.28,17.5,353614.5
2011-04-19,17.34,17.35,16.99,17.02,252138.78
2011-04-20,17.06,17.13,16.93,16.99,144908.62
2011-04-21,17.1,17.23,17.03,17.09,121170.6
2011-04-22,17.1,17.17,16.92,16.99,137607.32
2011-04-25,16.97,17.04,16.77,16.8,124235.7
2011-04-26,16.66,16.66,16.29,16.36,380827.75
2011-04-27,16.38,16.45,16.2,16.29,185694.02
2011-04-28,16.33,16.51,16.06,16.15,232800.01
2011-04-29,16.16,16.23,15.74,15.94,353016.19
2011-05-03,15.93,16.0,15.71,15.99,237406.39
2011-05-04,15.93,15.93,15.48,15.52,324444.95
2011-05-05,15.48,15.58,15.44,15.54,141451.29
2011-05-06,15.45,15.54,15.33,15.52,166811.13
2011-05-09,15.53,15.59,15.49,15.57,120271.72
2011-05-10,15.56,15.76,15.55,15.74,105668.24
2011-05-11,15.71,15.78,15.59,15.7,79468.54
2011-05-12,15.56,15.63,15.46,15.48,119465.34
2011-05-13,15.49,15.63,15.41,15.63,88757.53
2011-05-16,15.58,15.59,15.43,15.45,81506.02
2011-05-17,15.47,15.72,15.38,15.59,94125.26
2011-05-18,15.56,15.72,15.48,15.67,109924.63
2011-05-19,15.7,15.71,15.52,15.56,68571.51
2011-05-20,15.56,15.62,15.51,15.54,46795.1
2011-05-23,15.51,15.52,14.98,15.01,154655.87
2011-05-24,14.99,15.08,14.94,15.01,69743.37
2011-05-25,15.01,15.04,14.85,14.86,78289.26
2011-05-26,14.94,15.01,14.83,14.86,81103.88
2011-05-27,14.9,14.97,14.83,14.9,76635.19
2011-05-30,14.89,14.97,14.69,14.81,102396.95
2011-05-31,14.85,15.03,14.75,15.02,89976.31
2011-06-01,14.99,14.99,14.9,14.97,49778.25
2011-06-02,14.85,14.92,14.6,14.72,86995.0
2011-06-07,14.72,14.78,14.68,14.76,99097.92
2011-06-08,14.76,14.83,14.67,14.79,67311.05
2011-06-09,14.77,14.77,14.55,14.57,77275.01
2011-06-10,14.65,14.71,14.53,14.63,83951.57
2011-06-13,14.53,14.81,14.36,14.56,73905.81
2011-06-14,14.53,14.81,14.47,14.72,95653.22
2011-06-15,14.68,14.77,14.57,14.58,47942.32
2011-06-16,14.53,14.53,14.41,14.48,61193.45
2011-06-17,14.5,14.59,14.42,14.46,77348.83
2011-06-20,14.52,14.54,14.25,14.33,53820.51
2011-06-21,14.37,14.46,14.33,14.4,43212.12
2011-06-22,14.45,14.49,14.35,14.41,40806.8
2011-06-23,14.41,14.67,14.35,14.64,72889.62
2011-06-24,14.61,15.25,14.55,15.08,164800.44
2011-06-27,15.01,15.12,14.94,15.07,99228.81
2011-06-28,15.11,15.11,14.89,14.95,58146.38
2011-06-29,15.0,15.03,14.74,14.75,70188.53
2011-06-30,14.8,15.25,14.76,15.07,119923.11
2011-07-01,15.09,15.19,14.8,14.96,91913.48
2011-07-04,15.07,15.39,15.03,15.36,181848.82
2011-07-05,15.35,15.38,15.19,15.28,101795.44
2011-07-06,15.22,15.34,15.09,15.3,85457.9
2011-07-07,15.59,15.59,15.17,15.18,125712.69
2011-07-08,15.25,15.26,15.09,15.16,66100.45
2011-07-11,15.09,15.16,14.94,15.03,51873.23
2011-07-12,14.94,14.95,14.7,14.71,79297.08
2011-07-13,14.77,14.91,14.71,14.87,75350.75
2011-07-14,14.86,14.9,14.81,14.9,62342.77
2011-07-15,14.9,15.05,14.81,14.93,76487.54
2011-07-18,14.94,15.04,14.82,14.94,76976.74
2011-07-19,14.89,14.93,14.77,14.8,43370.46
2011-07-20,14.88,14.95,14.77,14.82,56883.34
2011-07-21,14.86,14.91,14.63,14.7,58745.29
2011-07-22,14.7,14.8,14.69,14.74,52295.5
2011-07-25,14.7,14.7,14.35,14.37,113941.17
2011-07-26,14.37,14.46,14.37,14.43,49620.85
2011-07-27,14.35,14.45,14.27,14.29,121216.39
2011-07-28,14.22,14.23,13.91,14.13,85757.11
2011-07-29,14.06,14.4,14.0,14.23,74164.86
2011-08-01,14.23,14.33,14.16,14.24,35857.22
2011-08-02,14.19,14.19,13.96,14.06,49738.31
2011-08-03,13.95,14.13,13.92,14.04,41253.22
2011-08-04,14.13,14.17,14.01,14.04,27682.54
2011-08-05,13.74,13.76,13.63,13.64,101833.63
2011-08-08,13.56,13.56,12.78,12.97,189132.18
2011-08-09,12.61,12.94,12.48,12.88,140504.05
2011-08-10,13.06,13.08,12.76,12.8,142233.04
2011-08-11,12.64,12.98,12.58,12.95,123422.36
2011-08-12,13.05,13.06,12.92,13.02,143146.77
2011-08-15,13.03,13.48,12.98,13.4,143132.12
2011-08-16,13.41,13.43,13.14,13.17,94855.25
2011-08-17,13.14,13.31,13.14,13.23,58463.75
2011-08-18,13.33,13.37,12.98,13.05,63055.24
2011-08-19,12.86,12.98,12.8,12.92,81639.62
2011-08-22,12.91,13.03,12.78,12.82,60966.83
2011-08-23,12.86,13.0,12.79,12.99,70989.38
2011-08-24,12.89,12.9,12.54,12.56,279373.7
2011-08-25,12.52,12.98,12.44,12.98,315001.91
2011-08-26,12.86,13.12,12.8,13.05,183375.22
2011-08-29,12.93,12.93,12.74,12.75,122889.33
2011-08-30,12.79,13.03,12.71,12.74,106248.62
2011-08-31,12.76,12.87,12.61,12.8,80435.32
2011-09-01,12.85,12.96,12.7,12.79,80794.82
2011-09-02,12.76,12.79,12.58,12.65,66016.34
2011-09-05,12.49,12.53,12.41,12.43,60841.93
2011-09-06,12.41,12.5,12.33,12.41,48878.88
2011-09-07,12.44,12.72,12.44,12.7,77710.26
2011-09-08,12.74,12.77,12.52,12.53,57911.18
2011-09-09,12.64,12.97,12.64,12.74,111998.56
2011-09-13,12.57,12.94,12.49,12.85,159297.59
2011-09-14,12.87,13.06,12.78,13.05,122224.53
2011-09-15,13.01,13.14,12.9,12.96,97104.42
2011-09-16,12.98,13.06,12.82,12.85,96743.62
2011-09-19,12.74,12.75,12.56,12.57,51216.97
2011-09-20,12.49,12.68,12.49,12.53,63424.3
2011-09-21,12.56,12.9,12.48,12.86,113553.6
2011-09-22,12.78,12.9,12.49,12.53,101278.96
2011-09-23,12.42,12.61,12.29,12.45,102430.55
2011-09-26,12.33,12.54,11.94,11.98,128488.12
2011-09-27,12.13,12.24,12.05,12.09,83908.58
2011-09-28,12.17,12.27,12.01,12.05,68736.99
2011-09-29,11.99,12.17,11.96,12.0,57855.28
2011-09-30,12.04,12.08,11.82,11.84,82380.54
2011-10-10,11.9,12.05,11.87,12.0,73175.19
2011-10-11,12.41,12.45,12.16,12.33,196958.23
2011-10-12,12.29,13.06,12.23,12.84,229520.1
2011-10-13,12.85,13.0,12.78,12.9,157785.22
2011-10-17,12.98,13.06,12.82,12.88,86578.95
2011-10-18,12.78,12.85,12.34,12.37,78312.88
2011-10-19,12.5,12.58,12.15,12.18,114411.39
2011-10-20,12.13,12.16,11.85,11.9,122212.07
2011-10-21,11.98,12.2,11.93,11.99,82060.87
2011-10-24,12.08,12.5,11.99,12.49,105686.06
2011-10-25,12.42,12.74,12.33,12.64,124718.76
2011-10-26,12.46,12.83,12.46,12.74,151826.46
2011-10-27,12.71,12.98,12.65,12.94,147141.59
2011-10-28,13.02,13.43,13.01,13.1,239098.48
2011-10-31,13.07,13.44,13.0,13.43,265869.99
2011-11-01,13.26,14.06,13.25,13.74,433995.86
2011-11-02,13.48,14.22,13.48,14.08,322236.92
2011-11-03,14.1,14.82,14.0,14.49,454362.91
2011-11-04,14.61,14.81,14.35,14.66,252581.46
2011-11-07,14.49,14.66,14.26,14.31,136805.14
2011-11-08,14.3,14.46,14.1,14.22,215777.13
2011-11-09,14.26,14.62,14.16,14.62,178483.93
2011-11-10,14.43,14.45,14.13,14.16,106422.73
2011-11-11,14.15,14.41,13.89,13.96,109314.95
2011-11-14,14.14,14.7,14.05,14.69,166922.47
2011-11-15,14.66,14.94,14.56,14.76,191184.21
2011-11-16,14.76,14.77,13.92,14.21,178695.94
2011-11-17,14.14,14.28,13.92,14.02,74037.46
2011-11-18,13.92,14.18,13.58,13.64,177173.69
2011-11-21,13.66,13.91,13.47,13.88,84539.17
2011-11-22,13.76,14.18,13.7,14.15,144527.27
2011-11-23,14.06,14.17,13.86,13.88,78055.21
2011-11-24,13.76,14.45,13.76,14.33,159342.83
2011-11-25,14.25,14.41,13.82,14.03,95409.54
2011-11-28,14.06,14.22,13.82,13.84,70492.37
2011-11-29,13.99,14.3,13.8,14.25,97805.08
2011-11-30,14.09,14.19,13.74,13.76,113775.17
2011-12-01,14.58,15.14,14.45,14.85,596142.13
2011-12-02,14.72,14.98,14.61,14.78,135114.21
2011-12-05,14.8,14.94,14.53,14.63,139517.09
2011-12-06,14.64,14.79,14.31,14.35,145118.79
2011-12-07,14.34,14.62,14.33,14.47,95115.07
2011-12-08,14.47,14.53,14.04,14.45,127010.25
2011-12-09,14.29,14.45,14.1,14.38,79315.79
2011-12-12,14.38,14.54,14.22,14.48,70682.27
2011-12-13,14.36,14.58,14.34,14.43,213894.05
2011-12-14,14.39,14.73,14.3,14.65,197268.73
2011-12-15,14.49,14.57,13.19,13.35,303593.75
2011-12-16,13.42,13.74,12.93,13.53,232003.81
2011-12-19,13.34,13.34,12.76,13.1,137073.27
2011-12-20,13.02,13.57,13.02,13.31,113547.79
2011-12-21,13.48,13.68,13.35,13.46,109370.68
2011-12-22,13.27,13.57,13.19,13.31,94930.55
2011-12-23,13.38,14.07,13.24,13.74,119870.59
2011-12-26,13.58,13.89,13.52,13.69,44469.96
2011-12-27,13.66,14.13,13.61,13.8,72611.76
2011-12-28,13.76,13.91,13.64,13.85,83085.92
2011-12-29,13.74,13.9,13.71,13.82,58924.73
2011-12-30,13.81,14.21,13.81,14.17,90131.83
2012-01-04,14.26,14.38,14.02,14.03,91884.49
2012-01-05,13.98,14.08,13.22,13.32,153772.17
2012-01-06,13.23,13.5,13.16,13.44,81818.99
2012-01-09,13.47,13.9,13.24,13.88,120943.49
2012-01-10,13.98,14.66,13.94,14.65,191815.73
2012-01-11,14.62,14.86,14.5,14.64,193359.93
2012-01-12,14.61,14.81,14.51,14.7,112127.05
2012-01-13,14.72,14.78,14.17,14.37,105007.93
2012-01-16,14.28,14.58,14.21,14.31,60302.77
2012-01-17,14.32,15.11,14.21,15.09,141124.71
2012-01-18,15.07,15.35,14.76,14.82,153315.31
2012-01-19,14.8,15.31,14.8,15.27,121199.84
2012-01-20,15.27,15.59,15.26,15.53,176197.31
2012-01-30,15.53,15.53,15.17,15.19,72174.4
2012-01-31,15.19,15.38,14.93,15.09,120837.03
2012-02-01,15.09,15.09,14.54,14.74,135091.76
2012-02-02,14.78,15.35,14.63,15.32,131122.03
2012-02-03,15.15,15.67,14.98,15.51,200304.86
2012-02-06,15.52,15.63,15.11,15.2,136629.51
2012-02-07,15.17,15.17,14.65,14.86,146918.53
2012-02-08,14.82,15.55,14.77,15.46,169590.92
2012-02-09,15.41,15.48,15.15,15.32,104493.37
2012-02-10,15.26,15.55,15.15,15.21,142524.23
2012-02-13,15.11,15.12,14.73,14.98,197425.54
2012-02-14,14.86,14.98,14.61,14.78,160260.18
2012-02-15,14.75,15.03,14.73,14.88,150098.24
2012-02-16,14.81,14.82,14.62,14.68,191806.24
2012-02-17,14.78,15.03,14.78,14.94,143157.18
2012-02-20,15.23,15.28,14.92,14.97,172106.38
2012-02-21,15.03,15.25,14.78,15.2,129708.7
2012-02-22,15.19,15.32,15.04,15.27,126282.37
2012-02-23,15.24,15.51,15.19,15.31,126355.74
2012-02-24,15.32,15.53,15.18,15.45,147270.69
2012-02-27,15.49,15.66,15.38,15.39,192066.51
2012-02-28,15.39,15.56,15.35,15.43,107118.48
2012-02-29,15.42,15.42,14.86,15.02,133489.28
2012-03-01,15.0,15.12,14.85,14.93,107930.0
2012-03-02,14.95,15.15,14.9,15.14,175198.1
2012-03-05,15.15,15.17,14.69,14.73,250800.18
2012-03-06,14.7,14.78,14.04,14.21,464802.26
2012-03-07,14.02,14.24,13.96,14.06,307355.28
2012-03-08,14.11,14.3,14.04,14.25,300759.69
2012-03-09,14.3,14.3,14.14,14.22,151853.3
2012-03-12,14.22,14.26,13.96,14.04,218979.09
2012-03-13,14.03,14.27,14.01,14.25,121870.25
2012-03-14,14.34,14.37,13.7,13.8,256850.94
2012-03-15,13.82,13.88,13.7,13.81,186870.35
2012-03-16,13.78,13.93,13.72,13.87,120955.9
2012-03-19,13.84,13.87,13.5,13.71,134041.07
2012-03-20,13.66,13.76,13.49,13.51,123852.24
2012-03-21,13.64,13.66,13.4,13.54,139956.03
2012-03-22,13.55,13.63,13.43,13.57,115962.0
2012-03-23,13.5,13.55,13.43,13.5,84920.55
2012-03-26,13.51,13.68,13.51,13.62,114242.93
2012-03-27,13.65,13.8,13.65,13.74,95828.52
2012-03-28,13.73,13.73,13.41,13.41,95864.09
2012-03-29,13.39,13.39,12.9,12.91,94542.34
2012-03-30,13.01,13.34,12.96,13.14,60317.84
2012-04-05,13.08,13.58,12.98,13.47,80372.52
2012-04-06,13.42,13.59,13.33,13.41,62059.99
2012-04-09,13.35,13.51,13.2,13.31,34819.07
2012-04-10,13.15,13.64,13.15,13.61,67380.73
2012-04-11,13.51,13.8,13.46,13.62,71084.21
2012-04-12,13.56,13.88,13.56,13.84,99721.46
2012-04-13,13.87,14.03,13.82,13.98,150268.35
2012-04-16,13.92,13.98,13.73,13.78,86473.91
2012-04-17,13.78,13.78,13.45,13.52,93247.67
2012-04-18,13.58,13.84,13.51,13.77,80624.43
2012-04-19,13.74,14.36,13.74,14.2,284413.35
2012-04-20,14.15,14.73,14.14,14.71,357526.44
2012-04-23,14.65,15.08,14.42,14.6,269766.95
2012-04-24,14.56,15.16,14.5,14.85,302127.21
2012-04-25,14.83,15.06,14.69,14.88,200235.33
2012-04-26,14.83,15.04,14.68,14.72,184065.94
2012-04-27,14.72,14.8,14.53,14.62,91217.4
2012-05-02,14.78,15.22,14.66,15.15,254208.49
2012-05-03,15.11,15.39,15.03,15.34,311760.26
2012-05-04,15.31,15.47,15.12,15.43,175952.81
2012-05-07,15.26,15.4,14.86,14.98,248341.43
2012-05-08,15.03,15.04,14.66,14.95,164313.88
2012-05-09,14.79,14.9,14.64,14.84,122095.37
2012-05-10,14.86,14.86,14.51,14.69,107587.49
2012-05-11,14.59,14.7,14.38,14.46,106587.35
2012-05-14,14.54,14.62,14.06,14.21,146715.45
2012-05-15,14.18,14.35,14.1,14.34,103347.35
2012-05-16,14.25,14.32,14.13,14.16,81990.8
2012-05-17,14.16,14.64,14.13,14.53,121171.59
2012-05-18,14.38,14.45,14.18,14.25,102388.72
2012-05-21,14.25,14.43,14.15,14.29,54273.91
2012-05-23,14.27,14.58,14.04,14.21,113545.49
2012-05-24,14.19,14.33,14.0,14.11,87595.01
2012-05-25,14.08,14.17,13.57,13.73,167612.04
2012-05-28,13.72,13.96,13.58,13.94,73838.23
2012-05-29,13.92,14.42,13.8,14.26,114384.99
2012-05-30,14.22,14.35,14.03,14.12,95053.78
2012-05-31,14.06,14.19,13.94,13.99,104115.65
2012-06-01,14.04,14.23,13.98,14.13,45401.53
2012-06-04,13.94,13.96,13.55,13.62,131148.15
2012-06-05,13.72,13.75,13.5,13.51,89204.33
2012-06-06,13.56,13.7,13.53,13.63,51601.08
2012-06-07,13.78,13.82,13.36,13.39,105764.37
2012-06-08,13.55,13.69,13.4,13.43,73608.63
2012-06-11,13.54,13.73,13.43,13.69,62415.1
2012-06-12,13.6,13.8,13.51,13.59,96063.57
2012-06-13,13.61,14.57,13.61,14.57,278958.87
2012-06-14,14.59,14.78,14.4,14.51,201371.39
2012-06-15,14.5,14.83,14.5,14.7,161895.59
2012-06-18,14.76,14.83,14.48,14.6,81402.52
2012-06-19,14.58,14.73,14.48,14.52,56817.96
2012-06-20,14.54,14.69,14.51,14.63,69282.59
2012-06-21,14.62,14.65,14.03,14.33,117737.82
2012-06-25,14.25,14.3,13.86,13.96,89164.11
2012-06-26,13.86,14.44,13.86,14.3,122792.33
2012-06-27,14.28,14.51,14.28,14.35,76603.49
2012-06-28,14.4,14.57,14.24,14.35,104702.79
2012-06-29,14.27,14.95,14.27,14.91,160293.52
2012-07-02,14.97,15.09,14.72,14.98,126998.36
2012-07-03,14.99,15.49,14.88,15.17,188382.25
2012-07-04,15.18,15.31,14.99,15.1,77753.62
2012-07-05,15.04,15.48,14.87,15.38,169655.39
2012-07-06,15.42,15.77,14.91,15.29,269277.68
2012-07-09,14.99,15.27,14.95,15.15,145365.59
2012-07-10,15.01,15.37,14.96,15.18,116513.65
2012-07-11,15.13,15.41,15.07,15.41,137465.13
2012-07-12,15.31,15.49,14.85,15.01,199573.89
2012-07-13,14.92,15.36,14.91,15.29,146525.09
2012-07-16,15.29,15.35,14.99,15.08,121638.36
2012-07-17,15.05,15.48,15.0,15.4,141875.92
2012-07-18,15.48,15.5,15.14,15.43,115444.58
2012-07-19,15.34,16.59,15.34,16.29,369377.9
2012-07-20,16.21,16.46,16.05,16.19,122567.25
2012-07-23,15.98,16.13,15.8,15.9,105940.08
2012-07-24,15.81,16.29,15.81,16.15,134949.41
2012-07-25,15.98,16.26,15.89,16.05,76276.11
2012-07-26,16.07,16.16,15.8,15.88,123841.64
2012-07-27,15.93,15.97,15.17,15.4,119793.69
2012-07-30,15.38,15.5,14.93,14.98,126872.03
2012-07-31,15.01,15.52,15.01,15.27,96784.06
2012-08-01,15.23,15.63,15.23,15.53,78154.56
2012-08-02,15.52,15.6,15.04,15.21,86983.71
2012-08-03,15.26,15.31,14.96,15.31,92406.4
2012-08-06,15.15,15.44,14.97,15.36,100826.4
2012-08-07,15.22,15.3,15.0,15.08,91708.47
2012-08-08,15.08,15.29,15.02,15.26,78536.67
2012-08-09,15.18,15.27,14.99,15.22,60594.02
2012-08-10,15.23,15.52,15.16,15.36,68953.97
2012-08-13,15.27,15.31,14.39,14.58,145173.58
2012-08-14,14.63,14.66,14.22,14.43,121684.52
2012-08-15,14.43,14.54,14.27,14.39,33719.76
2012-08-16,14.42,14.49,14.3,14.44,33858.13
2012-08-17,14.44,14.44,14.22,14.32,55788.79
2012-08-20,14.16,14.16,13.81,13.96,105790.67
2012-08-21,13.98,14.15,13.91,14.0,80111.63
2012-08-22,14.01,14.09,13.85,14.02,58247.01
2012-08-23,14.01,14.11,13.86,14.05,49773.15
2012-08-24,13.97,14.13,13.93,14.0,59626.95
2012-08-27,13.91,14.03,13.38,13.49,116734.19
2012-08-28,13.56,13.77,13.44,13.62,62006.96
2012-08-29,13.62,13.9,13.47,13.66,123342.24
2012-08-30,13.48,14.38,13.48,14.09,162361.27
2012-08-31,14.09,14.61,14.09,14.53,178173.89
2012-09-03,14.43,15.01,14.42,14.7,141326.21
2012-09-04,14.66,14.75,14.42,14.52,67095.9
2012-09-05,14.52,14.83,14.35,14.61,87392.87
2012-09-06,14.61,14.89,14.42,14.66,104279.24
2012-09-07,14.83,15.6,14.8,15.4,225639.15
2012-09-10,15.28,15.52,15.26,15.4,121039.68
2012-09-11,15.3,15.37,14.95,15.0,116463.16
2012-09-12,15.15,15.3,14.91,14.98,98416.93
2012-09-13,14.96,15.27,14.96,15.07,65968.65
2012-09-14,15.15,15.42,15.09,15.19,133918.42
2012-09-17,15.18,15.27,14.56,14.7,90180.83
2012-09-18,14.66,14.91,14.44,14.79,48925.43
2012-09-19,14.83,14.93,14.62,14.81,52834.04
2012-09-20,14.66,14.74,14.43,14.51,48117.82
2012-09-21,14.51,14.89,14.42,14.77,70275.49
2012-09-24,14.62,15.21,14.52,15.05,79461.74
2012-09-25,15.05,15.4,14.99,15.14,66557.35
2012-09-26,15.13,15.21,15.03,15.1,46562.51
2012-09-27,15.07,15.54,15.05,15.4,139779.92
2012-09-28,15.27,15.57,15.25,15.4,173044.73
2012-10-08,15.46,15.55,15.24,15.35,54892.86
2012-10-09,15.45,15.71,15.39,15.53,117356.83
2012-10-10,15.53,15.58,15.32,15.46,97462.3
2012-10-11,15.4,15.4,15.01,15.1,96077.52
2012-10-12,15.15,15.38,15.03,15.09,85973.72
2012-10-15,15.14,15.36,15.13,15.31,77186.91
2012-10-16,15.31,15.36,14.98,15.0,64712.56
2012-10-17,15.07,15.18,14.35,14.4,223857.76
2012-10-18,14.16,14.54,13.97,14.48,355622.85
2012-10-19,14.4,14.63,14.39,14.59,100127.27
2012-10-22,14.5,14.83,14.39,14.75,93802.21
2012-10-23,14.75,14.89,14.48,14.54,84799.19
2012-10-24,14.48,14.72,14.41,14.67,71769.37
2012-10-25,14.69,14.74,14.49,14.56,48773.31
2012-10-26,14.56,14.56,14.16,14.34,55443.02
2012-10-29,14.26,14.7,14.26,14.34,127220.21
2012-10-30,14.41,14.69,14.3,14.34,79861.7
2012-10-31,14.34,14.38,14.01,14.14,95181.01
2012-11-01,14.16,14.88,14.16,14.82,144429.54
2012-11-02,14.99,15.13,14.69,15.1,131789.28
2012-11-05,15.1,15.13,14.82,14.99,76880.81
2012-11-06,14.97,15.05,14.62,15.0,101160.14
2012-11-07,14.94,15.1,14.68,14.95,55656.25
2012-11-08,14.8,14.99,14.69,14.74,71095.84
2012-11-09,14.69,14.81,14.58,14.61,35832.77
2012-11-12,14.64,14.64,14.32,14.48,70721.82
2012-11-13,14.48,14.58,14.26,14.39,64640.46
2012-11-14,14.42,14.61,14.34,14.55,35031.44
2012-11-15,14.43,14.83,14.41,14.66,74865.85
2012-11-16,14.66,14.69,14.01,14.15,141315.01
2012-11-19,14.17,14.36,13.69,14.07,88019.1
2012-11-20,14.1,14.26,13.85,13.91,49833.37
2012-11-21,13.93,14.17,13.87,14.09,50740.23
2012-11-22,14.03,14.12,13.91,14.08,31822.87
2012-11-23,14.12,14.54,14.04,14.43,72106.49
2012-11-26,14.34,14.49,14.17,14.44,52748.18
2012-11-27,14.36,14.42,14.22,14.26,26748.46
2012-11-28,14.26,14.29,14.08,14.2,39709.83
2012-11-29,14.19,14.32,13.95,14.04,59231.05
2012-11-30,14.01,14.5,13.97,14.38,101256.32
2012-12-03,14.3,14.92,14.3,14.5,140725.15
2012-12-04,14.52,14.81,14.44,14.71,99956.97
2012-12-05,14.66,15.26,14.62,15.1,306118.29
2012-12-06,15.06,15.1,14.85,15.02,84244.2
2012-12-07,14.93,15.32,14.93,15.11,150050.3
2012-12-10,15.25,15.27,15.05,15.22,144861.87
2012-12-11,15.2,15.29,15.06,15.18,127510.04
2012-12-12,15.18,15.3,15.13,15.27,76964.58
2012-12-13,15.17,15.27,15.06,15.12,49703.04
2012-12-14,15.19,16.19,15.15,15.93,415988.52
2012-12-17,15.92,16.32,15.92,16.17,182636.22
2012-12-18,16.17,16.32,15.73,15.93,156148.71
2012-12-19,15.91,15.94,15.7,15.77,92300.72
2012-12-20,15.74,15.94,15.5,15.71,91533.87
2012-12-21,15.76,16.02,15.6,15.67,73809.98
2012-12-24,15.68,15.86,15.5,15.74,100205.05
2012-12-25,15.71,16.36,15.49,16.12,174103.94
2012-12-26,16.09,16.5,16.06,16.29,152614.43
2012-12-27,16.4,16.58,15.98,16.19,120927.14
2012-12-28,16.21,16.52,16.14,16.47,138438.36
2012-12-31,16.5,17.59,16.5,17.43,391254.01
2013-01-04,17.72,18.49,17.5,17.6,339066.46
2013-01-07,17.51,17.95,17.28,17.86,172858.05
2013-01-08,17.69,17.8,17.03,17.29,213843.16
2013-01-09,17.25,17.33,17.03,17.07,188517.27
2013-01-10,17.09,17.41,17.04,17.16,127544.42
2013-01-11,17.2,17.31,16.7,16.93,120885.08
2013-01-14,16.91,17.92,16.76,17.78,166767.59
2013-01-15,17.78,17.92,17.54,17.76,128474.93
2013-01-16,17.56,17.8,16.94,17.23,130369.78
2013-01-17,17.2,17.23,16.46,16.72,241418.15
2013-01-18,16.8,17.03,16.36,16.71,320055.17
2013-01-21,16.68,16.73,16.4,16.64,208617.83
2013-01-22,16.67,17.01,16.43,16.77,261624.17
2013-01-23,16.69,16.94,16.54,16.93,139583.69
2013-01-24,16.93,17.41,16.58,16.75,252681.98
2013-01-25,16.7,16.8,16.05,16.22,226351.79
2013-01-28,16.17,16.5,15.94,16.49,327290.83
2013-01-29,16.5,16.66,16.04,16.26,453851.05
2013-01-30,16.29,16.84,16.29,16.6,333787.5
2013-01-31,16.69,16.82,16.54,16.79,262606.26
2013-02-01,16.66,17.64,16.52,17.49,447476.3
2013-02-04,17.52,17.92,17.07,17.11,363129.07
2013-02-05,16.95,16.96,16.18,16.59,413583.26
2013-02-06,16.55,16.85,16.46,16.69,353900.98
2013-02-07,16.6,16.62,16.21,16.37,305119.05
2013-02-08,16.38,16.45,16.26,16.39,144630.28
2013-02-18,16.44,16.5,16.11,16.16,201364.93
2013-02-19,16.05,16.15,15.62,15.72,237631.09
2013-02-20,15.72,15.84,15.57,15.82,143007.32
2013-02-21,15.64,15.65,15.16,15.23,295663.18
2013-02-22,15.29,15.31,15.07,15.15,133119.59
2013-02-25,15.22,15.34,15.06,15.18,147025.91
2013-02-26,15.08,15.32,14.86,14.89,241098.92
2013-02-27,14.94,15.11,14.7,15.03,314800.85
2013-02-28,15.11,15.45,14.93,15.4,297341.64
2013-03-01,15.23,15.27,14.76,14.96,399553.98
2013-03-04,14.82,14.92,13.98,14.09,518259.02
2013-03-05,14.17,14.37,14.09,14.34,269178.92
2013-03-06,14.39,14.61,14.35,14.6,345359.76
2013-03-07,14.52,14.57,14.21,14.39,182294.72
2013-03-08,14.39,14.65,14.35,14.57,183097.77
2013-03-12,14.42,14.47,14.13,14.32,243048.99
2013-03-13,14.26,14.26,13.85,13.98,176890.12
2013-03-14,13.98,14.07,13.86,14.04,117951.78
2013-03-15,14.04,14.48,13.92,14.22,197758.55
2013-03-18,14.13,14.21,13.83,13.88,176224.93
2013-03-19,13.96,14.13,13.88,14.05,106472.06
2013-03-20,14.06,14.49,14.05,14.46,262549.87
2013-03-21,14.38,14.57,14.3,14.39,153590.09
2013-03-22,14.38,14.44,14.12,14.23,168052.87
2013-03-25,14.3,14.34,14.05,14.13,98485.78
2013-03-26,14.09,14.15,13.94,14.02,95124.6
2013-03-27,14.04,14.28,14.02,14.15,134610.39
2013-03-28,13.93,14.09,13.79,13.91,158716.69
2013-03-29,13.95,14.09,13.93,13.97,73147.98
2013-04-01,13.95,14.05,13.89,14.0,66849.36
2013-04-02,14.02,14.13,13.9,13.98,97009.46
2013-04-03,13.98,14.2,13.95,14.19,145237.61
2013-04-08,14.0,14.01,13.85,13.97,132218.94
2013-04-09,13.97,14.38,13.97,14.22,212227.74
2013-04-10,14.16,14.34,14.11,14.3,166992.14
2013-04-11,14.44,14.51,14.22,14.23,134592.5
2013-04-12,14.19,14.29,14.08,14.08,69020.46
2013-04-15,14.01,14.13,13.86,13.88,126203.82
2013-04-16,13.83,14.2,13.77,14.19,139621.89
2013-04-17,14.18,14.27,14.0,14.08,120912.53
2013-04-18,14.01,14.26,13.97,14.21,96053.17
2013-04-19,14.25,14.52,14.21,14.39,228844.97
2013-04-22,14.2,14.22,13.94,14.03,237708.15
2013-04-23,14.01,14.01,13.77,13.78,199956.26
2013-04-24,13.79,13.99,13.69,13.89,156247.7
2013-04-25,13.87,13.93,13.65,13.65,179550.77
2013-04-26,13.75,13.82,13.64,13.65,158463.04
2013-05-02,13.65,13.79,13.64,13.72,96508.43
2013-05-03,13.77,14.0,13.75,13.81,223803.97
2013-05-06,13.86,13.9,13.69,13.85,206538.08
2013-05-07,13.85,13.86,13.73,13.82,132497.22
2013-05-08,13.86,13.99,13.82,13.94,165686.4
2013-05-09,13.95,13.97,13.66,13.73,146300.66
2013-05-10,13.71,13.82,13.67,13.77,98980.79
2013-05-13,13.81,13.81,13.54,13.56,177236.97
2013-05-14,13.6,13.6,13.22,13.36,181534.49
2013-05-15,13.34,13.42,13.17,13.25,135064.99
2013-05-16,13.25,13.52,13.18,13.5,147146.94
2013-05-17,13.5,13.73,13.38,13.67,207781.74
2013-05-20,13.69,13.86,13.65,13.71,206287.52
2013-05-21,13.72,13.8,13.67,13.73,110757.12
2013-05-22,13.73,13.85,13.6,13.73,131934.04
2013-05-23,13.69,13.73,13.44,13.46,169278.68
2013-05-24,13.51,13.56,13.35,13.47,105134.3
2013-05-27,13.45,13.57,13.39,13.44,88170.48
2013-05-28,13.45,13.75,13.38,13.74,158091.28
2013-05-29,13.76,13.81,13.65,13.68,128616.18
2013-05-30,13.61,13.69,13.6,13.64,103130.25
2013-05-31,13.65,13.75,13.51,13.56,110429.31
2013-06-03,13.53,13.57,13.41,13.46,90369.15
2013-06-04,13.44,13.5,13.32,13.35,102357.63
2013-06-05,13.37,13.43,13.33,13.37,63064.41
2013-06-06,13.36,13.36,13.18,13.21,122470.39
2013-06-07,13.21,13.25,12.92,12.94,145519.73
2013-06-13,12.87,12.87,12.24,12.33,164722.0
2013-06-14,12.37,12.41,12.26,12.28,135218.2
2013-06-17,12.38,12.43,12.24,12.3,163607.07
2013-06-18,12.36,12.42,12.25,12.31,90565.01
2013-06-19,12.27,12.27,12.01,12.17,88740.1
2013-06-20,12.11,12.13,11.94,11.94,95270.39
2013-06-21,11.83,12.29,11.76,12.14,181182.51
2013-06-24,12.07,12.08,11.47,11.48,187168.59
2013-06-25,11.45,11.6,10.7,11.3,223017.7
2013-06-26,11.3,11.31,10.87,11.03,200545.16
2013-06-27,11.03,11.24,10.95,11.04,150508.4
2013-06-28,11.05,11.4,10.96,11.25,121650.15
2013-07-01,11.18,11.25,11.02,11.18,85077.8
2013-07-02,11.2,11.25,11.02,11.2,100082.33
2013-07-03,11.15,11.16,11.03,11.08,64891.57
2013-07-04,11.06,11.27,10.97,11.11,126823.49
2013-07-05,11.11,11.2,11.05,11.12,86156.99
2013-07-08,10.98,11.02,10.65,10.67,123109.08
2013-07-09,10.66,10.73,10.65,10.69,87916.15
2013-07-10,10.64,10.97,10.62,10.93,101377.78
2013-07-11,11.06,11.92,10.96,11.64,371796.87
2013-07-12,11.53,11.58,11.24,11.25,188799.69
2013-07-15,11.33,11.63,11.23,11.34,145283.05
2013-07-16,11.32,11.39,11.08,11.31,107297.98
2013-07-17,11.28,11.39,11.11,11.13,115651.9
2013-07-18,11.1,11.13,10.9,10.93,103570.27
2013-07-19,10.92,11.02,10.7,10.72,130083.1
2013-07-22,10.67,10.79,10.6,10.75,101181.98
2013-07-23,10.79,11.07,10.74,10.97,114618.93
2013-07-24,10.9,10.96,10.68,10.79,111184.26
2013-07-25,10.85,10.97,10.73,10.86,86724.8
2013-07-26,10.83,10.87,10.73,10.79,59892.88
2013-07-29,10.73,10.74,10.59,10.61,74527.26
2013-07-30,10.68,10.93,10.65,10.73,74592.01
2013-07-31,10.9,11.1,10.82,10.9,126040.23
2013-08-01,10.95,11.1,10.9,11.04,128288.21
2013-08-02,11.11,11.15,10.92,10.95,108815.99
2013-08-05,10.98,11.15,10.89,11.14,127727.99
2013-08-06,11.08,11.19,10.97,11.11,103832.83
2013-08-07,11.1,11.17,11.01,11.02,115298.27
2013-08-08,11.07,11.18,10.97,11.02,96862.83
2013-08-09,11.06,11.17,10.96,11.01,109555.54
2013-08-12,11.09,11.43,11.06,11.4,286229.4
2013-08-13,11.39,11.46,11.3,11.43,163056.23
2013-08-14,11.42,11.63,11.39,11.45,195087.9
2013-08-15,11.43,11.51,11.34,11.35,116802.92
2013-08-16,11.3,12.31,11.16,11.31,276995.33
2013-08-19,11.24,11.42,11.11,11.34,133904.44
2013-08-20,11.29,11.43,11.13,11.2,119214.15
2013-08-21,11.21,11.3,11.07,11.2,81044.89
2013-08-22,11.15,11.29,11.11,11.14,92888.43
2013-08-23,11.19,11.21,10.94,11.03,93767.02
2013-08-26,11.08,11.22,11.03,11.21,145796.2
2013-08-27,11.2,11.26,11.15,11.22,85864.72
2013-08-28,11.18,11.24,11.06,11.2,115497.57
2013-08-29,11.26,11.32,11.14,11.23,131579.56
2013-08-30,11.26,11.62,11.2,11.39,266935.94
2013-09-02,11.48,11.51,11.29,11.37,132946.49
2013-09-03,11.45,11.57,11.37,11.56,165108.93
2013-09-04,11.49,11.55,11.45,11.48,108436.24
2013-09-05,11.49,11.55,11.43,11.43,92556.25
2013-09-06,11.43,11.58,11.39,11.49,95596.72
2013-09-09,11.53,12.18,11.48,12.02,394538.5
2013-09-10,11.97,12.21,11.95,12.15,219561.19
2013-09-11,12.2,12.61,12.16,12.17,352757.89
2013-09-12,12.13,12.55,12.13,12.34,328701.89
2013-09-13,12.43,12.5,12.1,12.1,207948.7
2013-09-16,12.19,12.31,12.03,12.12,155032.57
2013-09-17,12.12,12.25,11.87,11.89,168598.24
2013-09-18,11.88,11.92,11.59,11.73,203486.99
2013-09-23,11.81,11.88,11.71,11.84,109812.42
2013-09-24,11.82,11.82,11.59,11.63,123044.17
2013-09-25,11.64,11.72,11.52,11.58,125507.07
2013-09-26,11.55,11.56,11.33,11.35,128801.37
2013-09-27,11.35,11.41,11.3,11.37,75645.25
2013-09-30,11.42,11.48,11.3,11.35,81047.13
2013-10-08,11.33,11.49,11.25,11.48,98364.61
2013-10-09,11.46,11.55,11.4,11.5,88899.09
2013-10-10,11.5,11.53,11.23,11.24,129259.7
2013-10-11,11.33,11.47,11.27,11.46,112246.75
2013-10-14,11.47,11.67,11.38,11.54,165318.13
2013-10-15,11.59,11.69,11.47,11.52,112542.17
2013-10-16,11.5,11.5,11.1,11.3,128973.39
2013-10-17,11.35,11.41,11.24,11.26,80447.41
2013-10-18,11.28,11.45,11.22,11.31,107638.8
2013-10-21,11.28,11.49,11.2,11.46,119180.69
2013-10-22,11.43,11.44,11.28,11.34,97282.11
2013-10-23,11.34,11.54,11.26,11.3,127333.42
2013-10-24,11.23,11.3,11.07,11.1,125841.37
2013-10-25,11.13,11.21,10.93,11.04,121572.64
2013-10-28,11.22,11.24,11.09,11.15,100650.17
2013-10-29,11.16,11.56,11.12,11.39,249290.37
2013-10-30,11.3,11.52,11.26,11.5,181513.89
2013-10-31,11.43,11.67,11.36,11.53,141710.76
2013-11-01,11.52,11.77,11.52,11.67,165246.52
2013-11-04,11.81,11.81,11.53,11.59,91495.35
2013-11-05,11.52,11.57,11.31,11.51,108628.49
2013-11-06,11.46,11.54,11.32,11.34,101559.58
2013-11-07,11.37,11.44,11.17,11.31,90388.99
2013-11-08,11.27,11.39,11.17,11.25,79331.24
2013-11-11,11.22,11.38,11.19,11.3,69102.98
2013-11-12,11.36,11.57,11.34,11.57,140052.0
2013-11-13,11.47,11.5,11.28,11.29,97618.23
2013-11-14,11.3,11.39,11.26,11.3,60439.55
2013-11-15,11.3,11.76,11.3,11.55,213589.02
2013-11-18,11.68,12.71,11.62,12.71,851360.26
2013-11-19,12.79,13.12,12.69,12.92,903261.19
2013-11-20,12.99,13.11,12.73,12.96,329859.48
2013-11-21,12.91,12.91,12.49,12.66,388219.02
2013-11-22,12.76,12.99,12.61,12.64,290779.28
2013-11-25,12.54,13.08,12.45,12.67,362244.66
2013-11-26,12.64,12.8,12.59,12.72,178813.7
2013-11-27,12.78,13.07,12.59,12.96,364071.39
2013-11-28,12.96,13.25,12.86,13.0,320360.09
2013-11-29,13.03,13.05,12.87,12.92,157932.56
2013-12-02,12.92,13.53,12.78,13.46,577943.89
2013-12-03,13.37,13.5,13.11,13.34,279071.65
2013-12-04,13.27,13.74,13.24,13.5,295076.42
2013-12-05,13.47,13.58,13.4,13.46,141179.46
2013-12-06,13.45,13.55,13.12,13.37,265895.96
2013-12-09,13.56,13.81,13.35,13.53,235455.62
2013-12-10,13.45,13.59,13.37,13.4,136734.99
2013-12-11,13.34,13.34,12.73,12.87,278857.02
2013-12-12,12.8,12.87,12.52,12.68,155014.45
2013-12-13,12.54,12.85,12.45,12.77,141333.11
2013-12-16,12.77,12.8,12.48,12.49,109967.06
2013-12-17,12.49,12.57,12.27,12.42,125312.77
2013-12-18,12.38,12.48,12.36,12.44,92337.83
2013-12-19,12.52,12.58,12.22,12.31,115432.03
2013-12-20,12.22,12.33,11.8,11.93,190399.96
2013-12-23,11.9,12.19,11.8,12.08,111562.13
2013-12-24,12.1,12.24,12.03,12.13,88499.5
2013-12-25,12.15,12.35,12.06,12.29,96974.74
2013-12-26,12.27,12.31,12.09,12.17,77548.8
2013-12-27,12.22,12.57,12.08,12.49,165370.23
2013-12-30,12.51,12.54,12.28,12.31,97381.98
2013-12-31,12.29,12.54,12.22,12.44,82098.45
2014-01-02,12.4,12.42,12.25,12.3,71647.3
2014-01-03,12.22,12.24,11.94,11.98,117559.81
2014-01-06,11.93,12.17,11.75,12.15,164595.19
2014-01-07,12.02,12.13,11.91,12.12,67512.61
2014-01-08,12.12,12.28,11.97,12.08,96086.2
2014-01-09,12.01,12.16,11.76,11.76,105856.43
2014-01-10,11.74,11.9,11.69,11.76,84467.93
2014-01-13,11.78,11.89,11.54,11.65,83277.65
2014-01-14,11.66,11.78,11.57,11.71,86274.41
2014-01-15,11.69,11.74,11.58,11.72,63541.71
2014-01-16,11.74,12.04,11.68,11.84,142733.22
2014-01-17,11.77,12.03,11.62,12.0,252926.84
2014-01-20,11.91,11.94,11.68,11.69,94218.54
2014-01-21,11.7,11.92,11.7,11.76,92558.32
2014-01-22,11.78,12.04,11.68,12.03,115069.69
2014-01-23,12.03,12.03,11.86,11.93,128691.03
2014-01-24,11.84,11.96,11.76,11.8,122830.4
2014-01-27,11.68,11.69,11.27,11.31,165793.85
2014-01-28,11.37,11.46,11.29,11.36,104553.97
2014-01-29,11.39,11.49,11.39,11.42,117729.19
2014-01-30,11.39,11.39,11.18,11.28,91727.09
2014-02-07,11.17,11.17,11.0,11.16,115765.62
2014-02-10,11.2,11.41,11.16,11.39,150850.41
2014-02-11,11.38,11.66,11.31,11.54,213448.91
2014-02-12,11.58,11.62,11.43,11.52,171756.49
2014-02-13,11.48,11.61,11.4,11.53,191113.21
2014-02-14,11.48,11.58,11.47,11.55,115221.6
2014-02-17,11.71,12.04,11.65,11.91,238461.06
2014-02-18,11.85,11.9,11.53,11.59,211313.09
2014-02-19,11.58,12.03,11.55,11.88,191939.06
2014-02-20,11.99,12.03,11.65,11.67,141686.75
2014-02-21,11.69,11.79,11.6,11.64,148068.41
2014-02-24,11.61,11.61,11.26,11.43,165125.42
2014-02-25,11.38,11.49,11.2,11.25,137406.25
2014-02-26,11.2,11.37,11.19,11.3,105852.16
2014-02-27,11.38,11.47,11.21,11.39,158095.86
2014-02-28,11.4,11.53,11.18,11.39,212992.45
2014-03-03,11.28,11.44,11.22,11.43,180190.08
2014-03-04,11.37,11.55,11.32,11.53,152270.76
2014-03-05,11.55,11.58,11.25,11.26,123932.21
2014-03-06,11.28,11.48,11.15,11.42,140885.9
2014-03-07,11.35,11.44,11.16,11.19,165202.63
2014-03-10,11.09,11.09,10.72,10.78,163694.5
2014-03-11,10.77,10.79,10.69,10.74,106325.55
2014-03-12,10.75,10.85,10.71,10.8,88045.93
2014-03-13,10.84,10.98,10.78,10.83,98567.82
2014-03-14,10.75,10.81,10.71,10.76,71819.71
2014-03-17,10.82,11.02,10.77,11.01,109075.57
2014-03-18,11.01,11.02,10.89,10.97,101219.27
2014-03-19,10.98,10.98,10.74,10.83,74326.08
2014-03-20,10.83,10.96,10.77,10.78,77253.29
2014-03-21,10.77,11.1,10.73,11.07,172070.5
2014-03-24,11.1,11.33,11.06,11.22,151920.82
2014-03-25,11.12,11.34,11.11,11.18,132016.97
2014-03-26,11.22,11.24,11.11,11.12,89535.71
2014-03-27,11.1,11.19,10.95,11.04,102233.84
2014-03-28,11.04,11.13,10.96,11.06,85134.2
2014-03-31,11.13,11.16,11.0,11.04,69151.25
2014-04-01,11.06,11.13,10.99,11.08,83910.27
2014-04-02,11.08,11.3,11.05,11.3,134618.08
2014-04-03,11.3,11.39,11.21,11.3,142953.53
2014-04-04,11.25,11.43,11.2,11.34,110442.9
2014-04-08,11.34,11.76,11.3,11.64,206747.14
2014-04-09,11.61,11.65,11.53,11.57,90985.4
2014-04-10,11.53,12.54,11.49,12.17,534966.48
2014-04-11,12.22,12.4,11.99,12.12,224958.95
2014-04-14,12.12,12.2,11.87,11.97,143979.37
2014-04-15,11.92,11.92,11.64,11.71,115130.18
2014-04-16,11.67,11.87,11.67,11.72,80770.15
2014-04-17,11.74,11.82,11.62,11.65,79083.41
2014-04-18,11.61,11.74,11.5,11.66,58606.32
2014-04-21,11.57,11.8,11.44,11.48,62536.31
2014-04-22,11.48,11.57,11.42,11.57,64622.94
2014-04-23,11.53,11.56,11.39,11.47,54573.63
2014-04-24,11.43,11.54,11.39,11.43,104962.08
2014-04-25,11.47,11.48,11.35,11.37,105057.78
2014-04-28,11.22,11.22,10.87,11.05,179657.78
2014-04-29,11.02,11.15,10.98,11.09,106133.37
2014-04-30,11.11,11.21,11.04,11.19,116949.52
2014-05-05,11.11,11.32,11.02,11.13,88717.77
2014-05-06,11.11,11.25,11.05,11.11,53877.97
2014-05-07,11.11,11.12,11.02,11.1,64116.03
2014-05-08,11.06,11.28,11.03,11.06,69616.04
2014-05-09,11.1,11.15,11.02,11.11,44220.54
2014-05-12,11.17,11.4,11.13,11.39,111273.26
2014-05-13,11.38,11.4,11.23,11.27,67007.01
2014-05-14,11.25,11.46,11.24,11.34,94198.47
2014-05-15,11.34,11.4,11.26,11.27,81501.45
2014-05-16,11.34,11.34,11.12,11.23,57705.15
2014-05-19,11.2,11.21,10.97,11.03,85025.94
2014-05-20,11.09,11.15,11.08,11.14,59695.65
2014-05-21,11.1,11.24,11.03,11.24,48213.8
2014-05-22,11.22,11.41,11.19,11.25,113532.37
2014-05-23,11.29,11.36,11.27,11.34,47041.42
2014-05-26,11.44,11.46,11.27,11.34,40350.53
2014-05-27,11.33,11.4,11.3,11.31,37863.58
2014-05-28,11.32,11.5,11.14,11.48,89576.97
2014-05-29,11.48,11.59,11.43,11.54,109800.03
2014-05-30,11.53,11.62,11.43,11.51,102487.17
2014-06-03,11.51,11.62,11.48,11.53,68315.01
2014-06-04,11.54,11.54,11.34,11.41,53333.3
2014-06-05,11.42,11.71,11.33,11.68,110955.59
2014-06-06,11.68,11.75,11.61,11.66,81555.29
2014-06-09,11.68,11.92,11.59,11.74,127490.01
2014-06-10,11.76,11.96,11.69,11.89,114740.06
2014-06-11,11.89,11.91,11.81,11.83,53273.06
2014-06-12,11.83,11.84,11.67,11.75,66977.72
2014-06-13,11.72,11.94,11.69,11.89,83597.41
2014-06-16,11.87,11.99,11.84,11.96,83644.2
2014-06-17,11.92,11.95,11.67,11.71,70361.8
2014-06-18,11.71,11.76,10.69,11.57,84986.52
2014-06-19,11.55,11.63,11.39,11.41,68745.45
2014-06-20,11.43,11.61,11.41,11.55,46044.86
2014-06-23,11.51,11.63,11.36,11.39,69020.27
2014-06-24,11.43,11.48,11.37,11.43,54913.43
2014-06-25,11.51,11.51,11.33,11.36,50482.64
2014-06-26,11.36,11.51,11.36,11.43,39600.34
2014-06-27,11.43,11.44,11.31,11.34,77167.37
2014-06-30,11.38,11.53,11.37,11.44,61593.62
2014-07-01,11.5,11.5,11.42,11.45,50318.98
2014-07-02,11.45,11.51,11.41,11.49,63496.11
2014-07-03,11.48,11.57,11.46,11.5,93001.2
2014-07-04,11.51,11.66,11.51,11.57,173526.71
2014-07-07,11.53,11.73,11.53,11.68,94377.2
2014-07-08,11.64,11.73,11.59,11.67,87984.56
2014-07-09,11.64,11.77,11.51,11.53,111984.66
2014-07-10,11.57,11.61,11.36,11.48,110548.23
2014-07-11,11.47,11.53,11.44,11.49,57017.42
2014-07-14,11.49,11.65,11.42,11.63,102341.42
2014-07-15,11.61,11.65,11.53,11.62,89959.39
2014-07-16,11.6,11.63,11.55,11.58,95508.81
2014-07-17,11.58,11.58,11.42,11.49,79193.53
2014-07-18,11.43,11.57,11.43,11.49,85742.68
2014-07-21,11.51,11.58,11.47,11.52,79106.9
2014-07-22,11.51,11.7,11.46,11.68,172759.27
2014-07-23,11.68,11.93,11.66,11.85,179837.58
2014-07-24,11.85,12.11,11.83,12.07,301687.58
2014-07-25,12.12,12.14,11.94,12.11,267477.24
2014-07-28,12.15,12.54,12.15,12.48,426970.46
2014-07-29,12.44,12.63,12.34,12.57,268985.19
2014-07-30,12.51,12.75,12.47,12.58,249179.08
2014-07-31,12.53,12.74,12.53,12.74,164885.92
2014-08-01,12.71,12.86,12.63,12.67,238925.03
2014-08-04,12.68,13.15,12.6,13.08,244133.41
2014-08-05,13.09,13.09,12.8,12.92,136087.77
2014-08-06,12.86,12.86,12.6,12.77,173794.56
2014-08-07,12.75,12.78,12.56,12.58,134442.5
2014-08-08,12.61,12.64,12.49,12.54,108839.1
2014-08-11,12.6,12.92,12.6,12.85,184895.45
2014-08-12,12.8,12.84,12.69,12.74,85896.89
2014-08-13,12.73,12.91,12.61,12.9,162818.97
2014-08-14,13.07,13.1,12.59,12.63,218430.48
2014-08-15,12.66,12.96,12.65,12.88,150001.86
2014-08-18,12.9,12.96,12.8,12.92,99036.26
2014-08-19,12.95,12.95,12.8,12.89,127983.11
2014-08-20,12.86,12.87,12.71,12.75,87054.83
2014-08-21,12.75,12.77,12.53,12.62,101955.39
2014-08-22,12.61,12.74,12.52,12.63,117434.65
2014-08-25,12.63,12.68,12.51,12.54,121984.78
2014-08-26,12.51,12.56,12.39,12.42,122908.73
2014-08-27,12.42,12.5,12.39,12.43,65745.22
2014-08-28,12.48,12.63,12.47,12.49,125152.55
2014-08-29,12.53,12.6,12.45,12.58,45936.64
2014-09-01,12.6,12.67,12.53,12.64,73074.94
2014-09-02,12.65,12.76,12.55,12.74,133610.43
2014-09-03,12.74,12.98,12.73,12.93,161927.0
2014-09-04,12.92,13.39,12.87,13.37,256884.15
2014-09-05,13.35,13.53,13.19,13.37,215834.94
2014-09-09,13.41,13.69,13.32,13.36,290309.73
2014-09-10,13.2,13.31,13.11,13.22,144348.41
2014-09-11,13.22,13.45,13.06,13.08,163424.03
2014-09-12,13.08,13.26,13.01,13.19,146573.37
2014-09-15,13.19,13.19,13.03,13.08,143254.83
2014-09-16,13.11,13.18,12.79,12.85,180933.33
2014-09-17,12.94,13.02,12.85,12.94,132546.86
2014-09-18,12.91,13.04,12.85,12.96,81979.3
2014-09-19,12.96,13.11,12.92,13.08,82541.24
2014-09-22,13.0,13.03,12.65,12.76,141494.06
2014-09-23,12.72,12.87,12.71,12.84,73975.01
2014-09-24,12.77,13.13,12.74,13.12,203460.08
2014-09-25,13.18,13.23,13.07,13.13,157773.97
2014-09-26,13.04,13.39,13.03,13.25,170834.27
2014-09-29,13.29,13.32,13.04,13.14,157985.58
2014-09-30,13.16,13.18,13.02,13.07,177313.26
2014-10-08,13.07,13.11,12.99,13.11,164828.73
2014-10-09,13.13,13.24,13.08,13.2,150827.44
2014-10-10,13.11,13.16,12.99,13.05,149097.0
2014-10-13,13.0,13.0,12.74,12.78,148398.65
2014-10-14,12.78,12.93,12.75,12.78,90817.53
2014-10-15,12.82,13.06,12.78,12.98,92468.92
2014-10-16,12.9,13.1,12.85,12.94,126866.29
2014-10-17,12.97,13.0,12.71,12.85,124178.01
2014-10-20,12.9,12.97,12.81,12.85,132069.58
2014-10-21,12.84,12.91,12.74,12.76,95132.92
2014-10-22,12.79,13.1,12.64,12.84,187299.56
2014-10-23,12.76,12.97,12.7,12.71,139125.67
2014-10-24,12.74,12.92,12.64,12.85,123068.01
2014-10-27,12.69,12.72,12.41,12.48,158239.83
2014-10-28,12.49,12.67,12.44,12.64,158951.75
2014-10-29,12.73,12.99,12.65,12.97,218868.76
2014-10-30,12.95,13.03,12.8,12.97,155877.13
2014-10-31,13.07,13.64,13.03,13.58,460610.64
2014-11-03,13.53,13.58,13.29,13.41,266582.13
2014-11-04,13.35,13.38,13.24,13.32,141459.38
2014-11-05,13.32,13.45,13.26,13.36,140626.62
2014-11-06,13.41,13.44,13.11,13.27,115254.68
2014-11-07,13.27,13.72,13.24,13.36,395124.6
2014-11-10,13.73,13.92,13.55,13.9,660884.55
2014-11-11,13.94,14.36,13.73,13.97,533019.26
2014-11-12,13.89,14.14,13.77,14.11,270413.83
2014-11-13,14.21,14.9,14.21,14.3,741060.65
2014-11-14,14.32,14.43,13.95,14.27,358341.12
2014-11-17,14.71,14.81,13.84,13.89,570550.04
2014-11-18,13.89,13.97,13.58,13.65,211236.94
2014-11-19,13.65,13.75,13.53,13.58,151722.03
2014-11-20,13.59,14.37,13.59,14.01,347723.84
2014-11-21,13.96,14.63,13.86,14.48,507013.22
2014-11-24,14.96,15.75,14.95,15.64,1201499.38
2014-11-25,15.48,16.1,15.43,15.89,583505.82
2014-11-26,15.79,17.48,15.77,17.45,1569183.79
2014-11-27,17.74,18.7,17.57,18.48,1464825.98
2014-11-28,18.28,19.34,17.97,19.0,1050429.41
2014-12-01,19.12,19.59,18.12,18.32,914471.3
2014-12-02,18.06,20.15,18.0,19.81,1093990.16
2014-12-03,19.92,20.7,18.75,19.46,1413500.92
2014-12-04,19.42,21.39,18.91,21.35,1218762.34
2014-12-05,21.34,22.53,20.6,21.71,1387261.78
2014-12-08,21.02,23.34,20.51,22.93,1343279.48
2014-12-09,21.86,23.57,20.64,20.64,1595407.96
2014-12-10,20.43,21.23,18.75,20.3,1200253.66
2014-12-11,19.42,20.09,18.98,19.16,882747.17
2014-12-12,19.23,20.11,19.23,19.48,763914.86
2014-12-15,19.25,19.77,18.82,19.62,517469.78
2014-12-16,19.63,21.18,19.4,21.09,1426217.58
2014-12-17,21.29,21.86,20.46,21.35,1441220.59
2014-12-18,21.48,22.16,20.81,21.48,1026643.15
2014-12-19,21.34,21.77,20.18,21.03,700980.12
2014-12-22,20.94,22.6,20.94,21.49,1059768.09
2014-12-23,21.16,23.64,20.81,22.56,1758271.7
2014-12-24,22.87,23.01,20.83,21.3,1285199.97
2014-12-25,21.36,23.43,21.17,23.43,1573593.79
2014-12-26,24.01,25.77,23.5,25.77,1849507.03
2014-12-29,27.04,28.35,26.54,28.35,2067039.63
2014-12-30,28.25,28.84,27.32,28.61,1612458.48
2014-12-31,28.75,29.01,27.57,28.71,1289969.34
2015-01-05,29.0,30.25,27.99,28.66,1709168.43
2015-01-06,27.74,28.11,26.08,27.24,1527683.9
2015-01-07,26.94,28.77,26.93,27.79,1036832.23
2015-01-08,28.04,28.56,26.54,26.88,859237.65
2015-01-09,26.82,29.57,26.52,28.48,2156521.41
2015-01-12,27.99,29.36,27.31,29.27,1883714.67
2015-01-13,29.0,29.38,28.14,28.66,994538.07
2015-01-14,28.72,28.79,26.98,27.68,971963.19
2015-01-15,27.99,30.45,27.57,30.42,2000399.93
2015-01-16,30.42,32.38,29.85,30.94,2069091.76
2015-01-19,27.84,29.04,27.84,27.84,1538250.43
2015-01-20,27.99,29.0,27.17,28.92,1936291.26
2015-01-21,29.25,31.81,29.17,31.81,1856994.61
2015-01-22,33.04,33.77,32.14,32.98,2053019.66
2015-01-23,33.46,35.5,32.28,33.83,2373655.04
2015-01-26,33.27,33.88,32.53,33.3,1155901.7
2015-01-27,33.71,34.74,31.77,34.16,1691318.58
2015-01-28,33.26,33.63,32.56,32.7,1050986.88
2015-01-29,31.94,32.24,31.15,31.94,1099843.36
2015-01-30,31.7,32.36,30.31,30.33,1028447.78
2015-02-02,28.41,29.43,27.99,28.31,1174455.87
2015-02-03,28.88,31.15,28.3,30.87,1731659.16
2015-02-04,30.77,31.84,30.01,30.34,1498439.21
2015-02-05,31.85,31.86,29.57,29.62,1624540.23
2015-02-06,29.18,29.84,28.35,29.27,1007259.41
2015-02-09,28.85,31.52,28.85,31.0,1468391.28
2015-02-10,30.95,31.51,30.58,31.36,1191647.13
2015-02-11,31.52,32.53,30.82,32.23,1205076.02
2015-02-12,31.94,33.06,31.45,32.58,1049733.38
2015-02-13,32.79,33.15,31.83,32.05,1191747.69
2015-02-16,32.15,32.45,31.35,31.89,947486.62
2015-02-17,31.94,32.84,31.84,32.25,1006032.94
2015-02-25,31.69,31.76,30.68,30.81,866076.76
2015-02-26,30.68,32.23,29.67,31.84,1102809.83
2015-02-27,31.71,32.15,31.33,31.49,715131.32
2015-03-02,31.94,32.06,30.68,31.31,983157.69
2015-03-03,30.91,30.94,29.77,29.94,1011650.28
2015-03-04,30.01,30.36,29.55,29.97,710738.97
2015-03-05,29.59,30.14,29.17,29.51,740501.91
2015-03-06,29.51,30.05,29.25,29.36,485448.16
2015-03-09,28.83,30.45,28.3,30.22,1005286.49
2015-03-10,29.76,30.09,29.35,29.54,575258.21
2015-03-11,29.67,30.77,29.64,29.88,956387.87
2015-03-12,30.26,31.52,30.01,31.2,1472411.72
2015-03-13,31.27,31.94,30.58,30.83,1058771.64
2015-03-16,31.03,31.94,30.6,31.75,1232435.03
2015-03-17,31.75,31.83,31.19,31.53,1022859.82
2015-03-18,31.54,32.03,31.39,31.94,1099453.51
2015-03-19,31.77,31.77,30.94,31.04,947862.45
2015-03-20,31.36,32.8,30.7,31.72,1595920.61
2015-03-23,31.61,32.68,31.36,32.32,1435613.25
2015-03-24,32.32,32.35,31.07,31.51,1146273.37
2015-03-25,31.49,31.49,30.27,30.48,997235.45
2015-03-26,30.12,31.47,29.8,30.64,1018292.39
2015-03-27,30.42,31.02,30.09,30.49,564933.63
2015-03-30,30.68,31.42,30.23,31.31,1207960.55
2015-03-31,31.78,32.58,31.02,31.15,1402455.75
2015-04-01,31.59,32.28,31.52,31.78,1038376.92
2015-04-02,32.0,32.17,31.1,31.57,870368.16
2015-04-03,31.19,31.94,31.17,31.62,828632.71
2015-04-07,31.93,32.91,31.48,32.85,1549545.82
2015-04-08,32.91,35.31,32.37,34.26,2415881.7
2015-04-09,34.39,35.73,33.37,33.5,1848000.54
2015-04-10,33.46,34.99,33.25,34.63,1302700.6
2015-04-13,34.89,35.21,33.69,34.4,1163822.7
2015-04-14,34.26,34.26,32.69,33.22,1250089.86
2015-04-15,32.95,33.81,32.36,32.4,979528.78
2015-04-16,32.14,33.45,31.78,33.39,977705.38
2015-04-17,33.92,34.27,32.74,33.16,1225802.0
2015-04-20,33.04,33.04,31.36,31.51,1296401.21
2015-04-21,31.53,32.49,31.12,32.47,895539.02
2015-04-22,32.47,33.76,32.32,33.63,1366573.04
2015-04-23,33.72,33.73,32.49,32.84,1096189.07
2015-04-24,32.15,32.41,31.11,31.77,1171347.35
2015-04-27,31.86,32.36,31.65,32.28,1015363.93
2015-04-28,32.36,33.6,31.46,33.28,1890628.6
2015-04-29,33.05,33.2,31.95,32.49,1081388.04
2015-04-30,32.66,33.01,31.94,31.99,940306.95
2015-05-04,31.94,33.45,31.44,33.31,1307196.9
2015-05-05,33.38,33.71,32.36,32.47,1371852.78
2015-05-06,32.93,35.72,32.55,34.43,3450724.51
2015-05-07,32.79,34.0,32.26,32.36,1760792.84
2015-05-08,32.7,32.95,31.67,32.23,1084204.77
2015-05-11,32.25,33.71,31.73,33.03,1543787.25
2015-05-12,32.79,33.54,32.32,32.89,1150877.51
2015-05-13,32.89,33.25,32.24,32.3,853471.16
2015-05-14,32.21,32.95,31.99,32.27,787767.68
2015-05-15,31.99,32.2,30.94,31.04,1056225.57
2015-05-18,30.6,30.6,29.84,29.93,844356.77
2015-05-19,29.76,31.52,29.66,31.01,926841.83
2015-05-20,31.1,31.27,30.4,30.76,816935.06
2015-05-21,30.77,31.19,30.5,30.83,537057.44
2015-05-22,31.06,31.75,30.95,31.64,918084.45
2015-05-25,31.64,32.66,31.64,32.61,1108051.02
2015-05-26,32.8,33.11,31.9,32.56,1027326.58
2015-05-27,32.62,32.78,32.07,32.16,848474.09
2015-05-28,32.03,32.27,29.84,30.04,1063663.65
2015-05-29,30.18,30.36,29.32,29.64,807435.42
2015-06-01,29.65,30.99,29.44,30.63,750146.26
2015-06-02,30.43,30.6,29.99,30.36,699363.83
2015-06-03,30.39,30.92,30.14,30.52,663267.56
2015-06-04,30.43,31.66,29.67,31.05,1100447.55
2015-06-05,31.48,31.61,30.31,30.77,825738.55
2015-06-08,30.78,32.68,30.53,32.35,1764372.46
2015-06-09,32.53,32.56,31.45,31.78,1012715.13
2015-06-10,31.61,31.96,31.42,31.57,677464.52
2015-06-11,31.63,32.16,30.94,31.73,810298.04
2015-06-12,31.94,31.99,31.18,31.31,586521.02
2015-06-15,31.43,31.69,30.16,30.26,650010.03
2015-06-16,30.07,30.58,29.32,29.65,644224.07
2015-06-17,29.68,29.99,29.26,29.79,471861.34
2015-06-18,29.36,29.61,27.95,28.4,594227.69
2015-06-19,27.98,28.44,26.08,26.35,641955.36
2015-06-23,26.39,27.66,26.08,27.61,687234.48
2015-06-24,27.27,27.77,26.96,27.64,556218.72
2015-06-25,27.73,27.77,26.23,26.35,546325.92
2015-06-26,25.91,26.69,23.72,24.43,836989.81
2015-06-29,24.89,25.54,22.07,24.6,1146591.18
2015-06-30,25.15,27.02,24.47,26.61,1240805.04
2015-07-01,26.17,26.49,24.88,25.21,806556.1
2015-07-02,25.71,25.73,22.89,23.96,862349.89
2015-07-03,24.57,25.31,22.19,23.71,1041250.92
2015-07-06,26.04,26.08,24.76,26.08,2533759.84
2015-07-07,26.08,28.69,25.32,28.69,1970004.86
2015-07-08,26.17,29.76,25.9,29.14,3125284.85
2015-07-09,29.14,31.35,27.44,30.24,1614931.82
2015-07-10,29.31,32.39,28.7,30.65,1899428.2
2015-07-13,29.63,30.66,28.89,28.96,1222580.83
2015-07-14,28.04,28.87,27.36,28.21,928062.59
2015-07-15,27.87,28.88,27.62,28.66,847202.99
2015-07-16,28.66,28.8,27.47,27.85,657889.06
2015-07-17,27.85,28.42,27.32,28.02,578157.14
2015-07-20,27.77,28.66,27.47,28.05,609613.0
2015-07-21,27.78,28.01,27.36,27.51,479827.63
2015-07-22,27.27,27.47,26.69,26.71,484205.32
2015-07-23,26.76,27.7,26.75,27.25,458967.33
2015-07-24,27.14,27.19,26.34,26.38,380784.81
2015-07-27,25.99,26.17,23.75,23.75,468231.91
2015-07-28,23.27,24.88,23.08,23.64,609945.36
2015-07-29,23.73,24.29,23.4,24.11,401952.26
2015-07-30,24.14,24.93,23.71,23.78,388211.32
2015-07-31,23.53,24.17,23.3,23.99,368577.52
2015-08-03,23.8,24.69,23.53,24.62,437378.69
2015-08-04,24.47,25.0,24.21,24.82,264704.21
2015-08-05,24.65,24.69,23.92,23.95,202401.87
2015-08-06,23.79,24.21,23.58,23.69,144985.77
2015-08-07,24.19,24.3,23.83,23.95,190072.88
2015-08-10,23.87,25.06,23.71,24.88,386050.36
2015-08-11,24.72,24.9,24.39,24.46,284607.35
2015-08-12,24.17,24.35,23.83,23.86,235148.74
2015-08-13,23.8,24.29,23.72,24.06,178560.51
2015-08-14,24.12,24.12,23.7,23.86,224030.58
2015-08-17,23.63,23.69,22.78,23.06,341380.31
2015-08-18,23.36,23.64,22.05,22.14,351451.39
2015-08-19,22.13,22.5,20.97,22.16,355381.46
2015-08-20,21.71,22.09,21.25,21.31,190112.08
2015-08-21,21.21,21.49,19.93,19.97,271856.28
2015-08-24,19.22,20.72,17.98,18.72,875550.32
2015-08-25,18.08,20.12,17.42,18.14,725535.12
2015-08-26,18.44,19.43,17.84,18.65,812534.87
2015-08-27,19.2,20.52,18.48,20.52,942346.46
2015-08-28,20.64,21.28,20.36,21.05,927756.05
2015-08-31,20.64,21.66,19.88,21.61,635005.01
2015-09-01,20.9,22.14,20.39,22.13,838366.32
2015-09-02,20.9,22.46,20.81,22.45,1022310.49
2015-09-07,22.0,22.33,20.82,20.84,317446.9
2015-09-08,20.64,21.73,20.47,21.63,257887.85
2015-09-09,21.65,21.97,21.22,21.73,293223.07
2015-09-10,21.49,21.65,21.27,21.58,162885.22
2015-09-11,21.37,21.66,21.11,21.27,93997.38
2015-09-14,21.29,22.34,20.39,22.31,663769.11
2015-09-15,21.75,22.9,21.69,22.87,472768.34
2015-09-16,22.43,24.13,22.22,23.3,264996.86
2015-09-17,22.94,23.83,22.39,22.47,197040.55
2015-09-18,22.48,22.9,22.31,22.33,108566.58
2015-09-21,22.09,22.48,21.97,22.31,104045.55
2015-09-22,22.31,23.24,22.19,22.96,159822.11
2015-09-23,22.77,23.35,22.39,22.49,113914.44
2015-09-24,22.48,22.89,22.18,22.45,88409.8
2015-09-25,22.43,22.47,21.92,22.42,70943.56
2015-09-28,22.26,22.67,21.83,22.21,67104.36
2015-09-29,21.93,22.17,21.62,21.85,68973.34
2015-09-30,22.09,22.09,21.67,21.69,75180.8
2015-10-08,22.67,22.98,21.67,22.0,250116.02
2015-10-09,22.0,22.54,22.0,22.44,129371.71
2015-10-12,22.44,23.4,22.27,22.85,263688.67
2015-10-13,22.85,23.0,22.67,22.78,89847.3
2015-10-14,22.61,22.67,22.4,22.5,103120.65
2015-10-15,22.63,22.82,22.4,22.77,133336.13
2015-10-16,22.83,23.36,22.78,23.07,222663.29
2015-10-19,23.02,23.69,22.83,23.27,260476.19
2015-10-20,23.11,23.33,22.84,23.18,138631.41
2015-10-21,23.2,24.04,22.77,23.09,322103.57
2015-10-22,22.67,23.3,22.6,23.01,176387.29
2015-10-23,23.06,23.42,22.81,23.29,192299.53
2015-10-26,23.59,24.01,23.26,23.4,248776.61
2015-10-27,23.28,23.57,22.9,23.46,131108.05
2015-10-28,23.46,23.56,22.76,22.84,127846.68
2015-10-29,22.84,22.89,22.44,22.57,219523.63
2015-10-30,22.47,22.88,22.0,22.5,172398.56
2015-11-02,22.1,22.33,21.74,21.77,123584.07
2015-11-03,21.89,22.17,21.77,21.86,73342.67
2015-11-04,21.85,24.04,21.83,24.04,624376.91
2015-11-05,23.69,26.45,23.59,24.49,1037134.91
2015-11-06,24.22,25.95,24.03,25.44,612764.22
2015-11-09,25.07,26.76,24.93,25.36,640109.0
2015-11-10,24.88,26.22,24.47,24.94,399977.18
2015-11-11,24.72,24.93,24.16,24.63,275532.55
2015-11-12,24.71,24.85,23.94,24.3,211216.91
2015-11-13,24.28,24.47,23.92,24.04,203938.52
2015-11-16,23.61,23.96,23.55,23.91,168499.98
2015-11-17,24.08,25.15,24.01,24.15,384386.28
2015-11-18,24.17,24.21,23.62,23.71,222606.83
2015-11-19,23.86,24.09,23.63,24.02,139549.09
2015-11-20,23.96,24.16,23.87,23.97,146504.59
2015-11-23,23.97,24.25,23.8,23.93,138411.02
2015-11-24,23.8,24.1,23.72,23.92,137501.09
2015-11-25,23.86,24.05,23.8,23.94,111202.48
2015-11-26,24.09,24.29,23.84,23.86,136980.19
2015-11-27,23.86,23.87,22.17,22.6,261575.17
2015-11-30,22.56,23.02,21.92,22.35,224900.91
2015-12-01,22.37,23.19,22.18,22.7,164258.93
2015-12-02,22.68,24.97,22.52,24.97,655329.39
2015-12-03,24.88,26.04,24.39,25.16,635331.29
2015-12-04,24.58,24.89,24.16,24.18,274064.82
2015-12-07,24.23,24.33,23.7,23.83,175841.93
2015-12-08,23.7,23.83,23.21,23.66,186233.14
2015-12-09,23.68,24.37,23.49,23.91,157473.49
2015-12-10,23.87,24.64,23.5,23.75,150061.3
2015-12-11,23.7,24.0,23.17,23.4,127611.64
2015-12-14,23.24,25.29,23.09,25.03,281697.19
2015-12-15,24.88,24.88,24.26,24.37,181982.18
2015-12-16,24.37,24.62,24.21,24.22,124522.47
2015-12-17,24.48,24.93,24.3,24.51,184856.87
2015-12-18,24.35,25.21,24.25,24.45,217524.52
2015-12-21,24.34,25.56,24.22,25.21,335309.2
2015-12-22,25.08,25.32,24.9,25.21,164565.53
2015-12-23,25.15,26.12,25.08,25.32,360622.4
2015-12-24,25.32,26.51,25.32,25.84,366108.4
2015-12-25,25.33,25.74,25.1,25.53,169280.39
2015-12-28,25.57,25.7,24.55,24.59,200101.17
2015-12-29,24.51,24.81,24.35,24.63,153595.66
2015-12-30,24.59,24.71,24.03,24.25,177722.63
2015-12-31,24.28,24.48,24.04,24.05,120721.45
2016-01-04,24.03,24.03,22.28,22.32,145799.15
2016-01-05,21.75,22.97,21.71,22.81,204440.44
2016-01-06,22.51,22.9,22.35,22.87,152007.17
2016-01-07,22.6,22.6,21.14,21.26,32768.65
2016-01-08,21.93,22.34,20.92,21.61,209954.05
2016-01-11,21.01,21.45,19.85,20.08,210579.98
2016-01-12,20.38,20.77,20.02,20.25,124307.53
2016-01-13,20.64,20.64,19.79,19.82,108667.22
2016-01-14,19.45,20.23,19.14,20.13,112138.35
2016-01-15,20.03,20.08,19.2,19.75,121985.78
2016-01-18,19.3,20.08,19.29,19.74,106439.11
2016-01-19,19.89,20.52,19.54,20.3,131383.05
2016-01-20,20.29,20.29,19.45,19.56,209283.47
2016-01-21,19.24,19.8,18.94,18.95,154429.85
2016-01-22,19.23,19.28,18.57,18.9,146119.78
2016-01-25,18.96,19.1,18.78,18.9,90787.68
2016-01-26,18.76,18.84,17.5,17.64,208494.43
2016-01-27,17.63,17.79,16.76,17.26,202144.11
2016-01-28,17.2,17.5,16.82,16.86,134453.29
2016-01-29,16.92,17.6,16.86,17.37,177318.82
2016-02-01,17.2,17.33,16.29,16.83,269921.39
2016-02-02,16.74,17.24,16.58,17.07,180713.17
2016-02-03,16.74,16.89,16.46,16.77,132822.8
2016-02-04,16.87,17.17,16.77,16.99,166495.65
2016-02-05,16.91,17.14,16.87,16.9,136419.82
2016-02-15,16.17,16.88,16.17,16.7,111549.45
2016-02-16,16.82,17.53,16.82,17.33,167889.6
2016-02-17,17.32,17.47,17.23,17.44,147506.0
2016-02-18,17.61,17.82,17.14,17.22,191958.58
2016-02-19,17.25,17.32,17.07,17.14,87905.52
2016-02-22,17.41,18.86,17.25,18.86,488591.83
2016-02-23,18.68,18.79,18.04,18.35,308414.16
2016-02-24,18.2,18.83,18.02,18.8,242289.67
2016-02-25,18.61,18.64,17.0,17.21,280912.97
2016-02-26,17.42,17.59,17.02,17.46,159674.83
2016-02-29,17.14,17.28,16.35,16.89,227777.19
2016-03-01,16.97,18.14,16.72,17.56,237531.09
2016-03-02,17.73,18.66,17.54,18.48,314511.74
2016-03-03,18.35,18.86,18.12,18.78,313557.51
2016-03-04,18.67,19.41,18.32,19.29,495476.44
2016-03-07,19.12,19.42,18.83,19.0,245069.28
2016-03-08,18.92,18.95,18.04,18.85,239382.89
2016-03-09,18.35,18.73,18.18,18.7,200189.04
2016-03-10,18.49,18.65,18.1,18.16,95561.73
2016-03-11,18.08,18.59,17.93,18.39,119693.76
2016-03-14,18.63,19.12,18.41,18.62,172237.96
2016-03-15,18.52,19.86,18.18,19.8,406673.65
2016-03-16,19.34,20.02,19.21,19.71,326098.13
2016-03-17,19.62,19.85,19.37,19.64,172132.54
2016-03-18,19.68,20.22,19.56,19.67,270480.35
2016-03-21,19.9,21.09,19.75,20.36,419637.5
2016-03-22,20.3,20.3,19.81,19.87,169835.02
2016-03-23,20.13,20.52,19.96,20.19,197377.93
2016-03-24,19.7,19.95,19.54,19.82,134763.44
2016-03-25,19.82,20.71,19.54,20.25,238391.69
2016-03-28,20.26,20.58,19.79,19.87,163023.04
2016-03-29,19.88,20.19,19.71,19.85,124712.28
2016-03-30,20.02,20.56,20.02,20.47,172124.68
2016-03-31,20.56,20.61,20.11,20.27,122149.74
2016-04-01,20.37,20.54,19.92,20.36,144437.99
2016-04-05,19.96,20.52,19.95,20.42,185050.39
2016-04-06,20.29,20.36,20.15,20.21,80209.86
2016-04-07,20.22,20.35,19.62,19.81,148302.0
2016-04-08,19.66,19.81,19.37,19.5,102983.75
2016-04-11,19.68,20.02,19.55,19.74,123225.11
2016-04-12,19.71,19.79,19.45,19.64,80900.08
2016-04-13,19.84,20.26,19.79,19.93,192117.89
2016-04-14,20.13,20.3,20.04,20.13,128359.87
2016-04-15,20.07,20.2,19.86,19.98,73134.92
2016-04-18,19.79,19.92,19.63,19.68,73343.16
2016-04-19,19.74,19.91,19.52,19.64,79139.25
2016-04-20,19.73,19.78,18.86,19.64,220469.31
2016-04-21,19.2,19.5,19.0,19.05,109655.38
2016-04-22,18.86,19.2,18.69,18.89,108105.02
2016-04-25,18.82,18.83,18.35,18.61,88988.59
2016-04-26,18.61,18.86,18.43,18.7,85952.89
2016-04-27,18.68,18.78,18.59,18.65,56972.21
2016-04-28,18.66,18.72,18.42,18.52,57228.46
2016-04-29,18.48,18.57,18.35,18.43,66530.11
2016-05-03,18.43,18.82,18.35,18.76,78462.13
2016-05-04,18.69,18.75,18.6,18.71,62976.84
2016-05-05,18.69,18.78,18.59,18.66,47094.71
2016-05-06,18.69,18.75,17.9,17.94,106510.08
2016-05-09,17.88,17.88,17.29,17.39,91693.45
2016-05-10,17.38,17.48,17.14,17.21,72733.17
2016-05-11,17.3,17.67,17.19,17.47,91267.92
2016-05-12,17.29,18.08,17.12,17.88,131699.74
2016-05-13,17.71,17.84,17.5,17.62,65762.58
2016-05-16,17.4,17.65,17.37,17.58,78259.37
2016-05-17,17.54,17.71,17.41,17.61,61603.56
2016-05-18,17.48,17.76,17.25,17.64,134657.03
2016-05-19,17.53,17.71,17.29,17.48,72049.63
2016-05-20,17.34,17.56,17.3,17.54,41888.26
2016-05-23,17.53,17.76,17.53,17.57,50801.32
2016-05-24,17.57,17.62,17.32,17.46,39942.36
2016-05-25,17.57,17.61,17.38,17.4,38838.59
2016-05-26,17.39,17.66,17.29,17.6,79935.77
2016-05-27,17.65,17.67,17.48,17.51,39110.96
2016-05-30,17.59,17.66,17.42,17.63,49645.2
2016-05-31,17.61,18.65,17.59,18.37,173720.94
2016-06-01,18.35,18.46,18.26,18.35,94628.17
2016-06-02,18.35,18.55,18.25,18.35,49133.54
2016-06-03,18.44,18.49,18.22,18.39,63732.17
2016-06-06,18.39,18.39,18.03,18.16,50223.78
2016-06-07,18.27,18.29,18.08,18.17,37470.14
2016-06-08,18.18,18.44,18.07,18.24,77216.88
2016-06-13,18.04,18.18,17.52,17.57,58821.01
2016-06-14,17.57,17.82,17.57,17.7,39318.2
2016-06-15,17.45,17.99,17.45,17.79,61019.15
2016-06-16,17.69,17.76,17.52,17.66,68160.51
2016-06-17,17.7,17.93,17.64,17.67,63969.33
2016-06-20,17.79,17.84,17.52,17.7,38817.36
2016-06-21,17.7,18.1,17.65,17.67,66033.2
2016-06-22,17.64,17.86,17.58,17.85,44748.23
2016-06-23,17.94,17.94,17.65,17.81,57061.89
2016-06-24,17.72,18.2,17.4,18.0,112446.94
2016-06-27,17.68,17.95,17.61,17.9,82591.81
2016-06-28,17.78,18.02,17.74,17.95,68342.91
2016-06-29,18.03,18.3,17.91,18.13,125133.93
2016-06-30,18.08,18.16,17.99,18.04,58004.51
2016-07-01,18.04,18.13,17.99,18.05,48966.52
2016-07-04,18.03,18.69,18.03,18.49,185446.55
2016-07-05,18.49,18.67,18.42,18.49,91603.77
2016-07-06,18.37,18.46,18.1,18.37,116328.32
2016-07-07,18.39,18.72,18.16,18.5,74645.07
2016-07-08,18.37,18.4,18.21,18.33,51046.74
2016-07-11,18.36,18.44,18.25,18.3,75183.67
2016-07-12,18.27,18.7,18.23,18.56,189057.95
2016-07-13,18.63,19.05,18.57,18.78,195547.89
2016-07-14,18.8,18.8,18.63,18.72,72267.95
2016-07-15,18.73,18.82,18.62,18.8,90528.38
2016-07-18,18.72,18.96,18.64,18.75,83125.05
2016-07-19,18.69,18.75,18.36,18.49,82973.07
2016-07-20,18.46,18.51,18.38,18.43,36051.05
2016-07-21,18.42,18.63,18.4,18.51,51413.22
2016-07-22,18.49,18.54,18.27,18.33,61697.56
2016-07-25,18.34,18.42,18.28,18.3,33630.86
2016-07-26,18.34,18.48,18.29,18.42,101735.07
2016-07-27,18.37,18.57,17.94,18.56,201669.28
2016-07-28,18.42,18.43,18.2,18.31,77196.9
2016-07-29,18.34,18.35,18.12,18.15,42874.39
2016-08-01,18.06,18.25,17.95,17.97,53381.61
2016-08-02,18.05,18.07,17.97,18.03,24923.79
2016-08-03,18.01,18.02,17.84,17.91,53341.33
2016-08-04,17.86,17.91,17.73,17.85,51662.49
2016-08-05,17.86,17.94,17.77,17.83,61601.16
2016-08-08,17.88,18.03,17.82,18.01,48713.3
2016-08-09,17.97,18.07,17.91,18.05,47548.42
2016-08-10,18.01,18.05,17.95,17.97,47317.98
2016-08-11,17.99,18.77,17.99,18.25,188577.69
2016-08-12,18.11,18.61,18.04,18.53,144420.99
2016-08-15,18.55,20.02,18.46,19.41,381873.71
2016-08-16,19.41,19.47,18.98,19.05,221622.98
2016-08-17,19.08,19.14,18.83,19.0,100049.47
2016-08-18,19.06,19.22,18.98,19.15,122175.57
2016-08-19,19.12,19.12,18.74,18.88,88876.94
2016-08-22,18.89,18.96,18.72,18.73,60298.55
2016-08-23,18.74,19.15,18.74,18.88,68633.01
2016-08-24,18.78,18.94,18.62,18.7,69970.61
2016-08-25,18.57,18.76,18.47,18.67,55443.29
2016-08-26,18.68,18.87,18.64,18.69,58025.02
2016-08-29,18.65,18.68,18.45,18.52,80796.52
2016-08-30,18.58,18.72,18.48,18.56,108590.01
2016-08-31,18.56,18.75,18.5,18.71,59974.79
2016-09-01,18.72,18.9,18.6,18.81,100606.69
2016-09-02,18.69,18.91,18.62,18.88,103788.97
2016-09-05,18.94,19.03,18.76,18.83,61649.26
2016-09-06,18.87,19.02,18.64,18.91,69964.21
2016-09-07,18.89,19.37,18.82,19.01,171743.34
2016-09-08,19.07,19.07,18.93,18.97,53210.31
2016-09-09,18.95,19.22,18.95,19.13,118002.3
2016-09-12,18.75,18.92,18.48,18.89,180317.93
2016-09-13,18.8,18.8,18.58,18.76,54610.32
2016-09-14,18.67,18.7,18.51,18.57,52296.27
2016-09-19,18.59,18.82,18.59,18.77,59895.87
2016-09-20,18.82,18.82,18.61,18.64,41002.21
2016-09-21,18.63,18.79,18.56,18.7,41829.36
2016-09-22,18.82,19.23,18.75,18.98,151542.93
2016-09-23,18.98,19.13,18.86,18.93,46567.65
2016-09-26,18.91,18.92,18.65,18.68,62617.44
2016-09-27,18.64,18.8,18.63,18.75,50489.26
2016-09-28,18.76,18.76,18.52,18.62,53276.0
2016-09-29,18.63,18.81,18.61,18.65,39012.27
2016-09-30,18.69,18.71,18.55,18.56,49286.15
2016-10-10,18.76,18.92,18.5,18.84,62506.87
2016-10-11,18.84,18.95,18.76,18.9,62851.42
2016-10-12,18.84,18.94,18.76,18.89,41484.43
2016-10-13,18.75,18.95,18.75,18.78,51321.21
2016-10-14,18.77,18.81,18.59,18.69,46349.28
2016-10-17,18.72,18.72,18.49,18.53,43690.0
2016-10-18,18.59,18.74,18.5,18.72,62163.2
2016-10-19,18.65,18.74,18.42,18.53,85549.18
2016-10-20,18.52,18.58,18.46,18.47,46573.69
2016-10-21,18.48,18.7,18.46,18.64,94573.12
2016-10-24,18.62,19.09,18.58,18.94,163343.9
2016-10-25,18.93,18.94,18.78,18.84,62903.67
2016-10-26,18.88,18.91,18.73,18.76,61549.03
2016-10-27,18.73,18.83,18.62,18.7,51004.18
2016-10-28,18.7,19.22,18.7,18.88,149935.25
2016-10-31,18.89,19.05,18.62,18.92,65169.18
2016-11-01,18.89,19.02,18.81,18.96,74439.41
2016-11-02,18.95,18.95,18.72,18.78,62885.14
2016-11-03,18.74,19.18,18.73,19.06,143900.94
2016-11-04,18.98,19.1,18.9,19.02,75223.88
2016-11-07,19.02,19.31,18.97,19.13,96856.51
2016-11-08,19.15,19.33,19.05,19.23,93646.17
2016-11-09,19.22,19.22,18.72,18.89,119499.14
2016-11-10,19.01,19.43,18.99,19.34,240014.14
2016-11-11,19.37,19.83,19.21,19.62,298078.23
2016-11-14,19.56,20.1,19.52,19.78,232465.7
2016-11-15,19.75,20.11,19.63,19.79,137688.61
2016-11-16,19.8,20.0,19.79,19.92,106308.43
2016-11-17,19.79,19.84,19.56,19.81,93818.3
2016-11-18,19.8,19.96,19.69,19.91,107692.27
2016-11-21,20.02,21.9,20.0,21.46,647397.93
2016-11-22,21.4,22.94,21.25,22.61,656510.35
2016-11-23,22.59,22.6,22.01,22.34,269461.71
2016-11-24,22.29,22.76,22.03,22.48,277278.4
2016-11-25,22.37,22.52,21.81,22.43,242992.81
2016-11-28,22.46,22.78,22.11,22.51,279136.01
2016-11-29,22.41,22.93,22.2,22.72,257865.14
2016-11-30,22.61,23.31,22.27,22.35,336957.58
2016-12-01,22.2,22.66,21.87,22.03,209678.48
2016-12-02,22.01,22.08,21.58,21.82,197257.87
2016-12-05,21.23,21.71,21.16,21.52,201323.65
2016-12-06,21.49,21.56,21.11,21.19,83373.64
2016-12-07,21.15,21.77,21.08,21.72,143617.94
2016-12-08,21.65,21.87,21.41,21.44,99303.31
2016-12-09,21.39,22.34,21.23,22.33,342209.86
2016-12-12,22.19,22.62,21.57,22.09,276563.78
2016-12-13,22.0,22.0,21.59,21.81,104203.68
2016-12-14,21.75,22.15,21.59,21.98,147918.62
2016-12-15,21.75,21.84,20.68,20.9,205453.23
2016-12-16,20.78,20.78,20.39,20.61,134106.67
2016-12-19,20.58,20.61,20.26,20.44,95180.7
2016-12-20,20.38,20.51,20.26,20.44,82224.3
2016-12-21,20.5,20.96,20.44,20.77,99715.32
2016-12-22,20.71,20.75,20.46,20.65,53943.95
2016-12-23,20.57,20.74,20.44,20.46,65380.05
2016-12-26,20.26,21.14,20.2,21.0,98605.95
2016-12-27,20.93,21.11,20.77,20.79,57124.03
2016-12-28,20.78,20.86,20.63,20.67,51446.39
2016-12-29,20.59,20.89,20.5,20.65,48287.29
2016-12-30,20.65,21.18,20.65,20.88,102744.44
2017-01-03,20.96,22.04,20.96,21.88,258475.83
2017-01-04,21.67,22.05,21.64,21.94,127983.19
2017-01-05,21.9,22.4,21.75,22.0,132004.57
2017-01-06,21.92,22.08,21.76,21.82,100400.13
2017-01-09,21.71,22.45,21.69,22.17,144141.69
2017-01-10,22.1,22.19,21.66,21.68,100977.02
2017-01-11,21.68,22.33,21.59,22.11,153541.31
2017-01-12,22.03,22.32,21.94,21.99,92617.19
2017-01-13,21.94,22.93,21.94,22.27,247675.27
2017-01-16,22.17,22.73,21.69,22.71,259866.16
2017-01-17,22.45,22.87,22.4,22.67,124961.99
2017-01-18,22.7,23.04,22.55,22.62,142827.02
2017-01-19,22.53,22.67,22.01,22.2,127450.35
2017-01-20,22.18,22.36,22.07,22.1,104872.78
2017-01-23,22.1,22.34,21.89,22.33,117776.99
2017-01-24,22.2,22.66,22.14,22.52,110102.51
2017-01-25,22.45,22.51,22.22,22.37,75949.5
2017-01-26,22.2,22.59,22.15,22.29,106153.44
2017-02-03,22.25,22.32,21.68,21.8,100337.7
2017-02-06,21.81,22.58,21.81,22.53,217421.54
2017-02-07,22.53,22.93,22.38,22.74,195557.41
2017-02-08,22.72,23.07,22.61,22.91,164379.99
2017-02-09,22.85,23.34,22.76,22.97,159926.11
2017-02-10,22.87,23.18,22.81,22.88,109015.48
2017-02-13,22.85,23.66,22.85,23.28,182983.96
2017-02-14,23.28,23.32,22.86,23.03,150079.62
2017-02-15,22.97,23.27,22.85,23.04,120521.48
2017-02-16,23.01,23.14,22.78,22.96,83022.03
2017-02-17,22.92,23.64,22.89,23.03,135894.59
2017-02-20,22.89,23.17,22.75,22.94,189196.55
2017-02-21,22.94,23.46,22.83,23.13,166085.5
2017-02-22,23.05,23.23,22.98,23.09,78494.32
2017-02-23,23.09,23.25,22.68,22.86,101552.11
2017-02-24,22.86,22.95,22.51,22.64,100893.17
2017-02-27,22.51,22.51,22.15,22.18,124336.41
2017-02-28,22.15,22.33,22.1,22.25,72446.3
2017-03-01,22.23,22.36,22.1,22.14,84574.82
2017-03-02,22.13,22.37,21.88,21.9,128533.83
2017-03-03,21.79,21.99,21.74,21.92,75155.31
2017-03-06,21.92,21.98,21.76,21.91,58702.82
2017-03-07,21.94,22.34,21.82,22.29,136441.53
2017-03-08,22.29,22.38,22.17,22.28,93625.24
2017-03-09,22.25,22.25,21.81,21.91,89068.87
2017-03-10,21.89,21.9,21.48,21.58,115630.71
2017-03-13,21.55,21.8,21.55,21.79,84889.48
2017-03-14,21.68,21.86,21.68,21.8,69497.58
2017-03-15,21.72,21.86,21.55,21.63,55627.89
2017-03-16,21.74,22.19,21.72,22.16,130421.42
2017-03-17,22.17,22.26,22.07,22.16,107216.99
2017-03-20,22.19,22.27,21.88,22.08,65122.84
2017-03-21,22.06,22.24,21.62,21.81,125157.21
2017-03-22,21.72,21.74,21.03,21.17,158098.09
2017-03-23,21.17,21.6,21.17,21.29,117307.09
2017-03-24,21.3,21.59,21.19,21.58,84837.77
2017-03-27,21.56,21.94,21.33,21.74,100066.79
2017-03-28,21.74,21.88,21.64,21.72,47161.63
2017-03-29,21.75,21.84,21.51,21.55,64327.69
2017-03-30,21.58,21.79,21.36,21.49,84556.16
2017-03-31,21.56,21.98,21.41,21.93,87137.77
2017-04-05,21.91,21.92,21.48,21.89,104907.0
2017-04-06,21.85,21.85,21.59,21.72,69262.33
2017-04-07,21.69,21.79,21.6,21.71,61291.96
2017-04-10,21.55,21.96,21.49,21.58,91998.9
2017-04-11,21.56,21.67,21.15,21.48,85893.87
2017-04-12,21.39,21.73,21.35,21.55,91336.79
2017-04-13,21.56,21.74,21.53,21.64,47594.01
2017-04-14,21.62,21.64,21.15,21.24,59785.01
2017-04-17,21.22,21.35,21.07,21.34,51119.36
2017-04-18,21.31,21.31,20.8,20.84,70473.47
2017-04-19,20.8,20.93,20.58,20.65,52178.76
2017-04-20,20.68,20.72,20.37,20.64,80409.44
2017-04-21,20.61,20.98,20.46,20.91,69346.08
2017-04-24,20.87,21.45,20.74,21.28,134292.36
2017-04-25,21.22,21.68,21.19,21.58,116282.67
2017-04-26,21.67,22.52,21.67,22.08,206633.91
2017-04-27,22.08,22.6,21.94,22.54,221934.71
2017-04-28,22.53,22.84,22.36,22.65,122361.78
2017-05-02,22.5,22.81,22.45,22.48,69997.07
2017-05-03,22.4,22.66,22.15,22.3,70481.46
2017-05-04,22.35,22.78,22.21,22.58,122071.84
2017-05-05,22.45,22.62,22.07,22.33,101601.42
2017-05-08,22.31,23.13,22.12,22.85,167766.12
2017-05-09,22.8,23.01,22.45,22.68,130041.97
2017-05-10,22.54,23.74,22.54,23.49,255705.1
2017-05-11,23.3,23.7,23.22,23.42,123300.85
2017-05-12,23.39,24.27,23.23,24.05,204703.87
2017-05-15,24.02,24.32,23.21,23.52,181534.31
2017-05-16,23.4,23.73,23.23,23.46,105109.87
2017-05-17,23.4,23.49,22.72,22.78,239702.97
2017-05-18,22.56,23.11,22.56,22.74,124441.39
2017-05-19,22.71,23.01,22.71,22.74,78269.71
2017-05-22,22.73,23.74,22.73,23.47,160507.96
2017-05-23,23.57,24.34,23.38,24.21,215509.72
2017-05-24,24.1,24.34,23.4,23.79,129730.07
2017-05-25,23.61,24.86,23.6,24.84,214539.09
2017-05-26,24.77,25.34,24.53,24.77,156165.67
2017-05-31,24.69,25.51,24.15,24.34,176974.47
2017-06-01,24.41,24.87,24.05,24.86,111909.53
2017-06-02,24.6,24.99,24.21,24.36,96604.81
2017-06-05,24.25,24.26,23.51,23.83,181947.28
2017-06-06,23.73,24.05,23.42,23.94,151620.87
2017-06-07,23.88,24.28,23.69,23.82,218084.21
2017-06-08,23.84,24.76,23.65,24.7,238910.01
2017-06-09,24.66,25.29,24.54,24.67,267701.48
2017-06-12,24.44,25.2,24.41,25.13,260112.02
2017-06-13,24.96,25.0,24.47,24.68,131033.16
2017-06-14,24.61,24.73,23.69,23.82,217988.94
2017-06-15,23.81,23.89,23.14,23.52,188438.12
2017-06-16,23.52,23.71,23.38,23.47,137576.31
2017-06-19,23.48,23.87,23.38,23.73,150069.22
2017-06-20,23.8,23.8,22.96,23.22,218083.92
2017-06-21,23.26,23.49,22.87,23.44,196844.08
2017-06-22,23.35,24.45,23.28,24.02,365588.05
2017-06-23,23.85,24.3,23.62,24.22,213522.35
2017-06-26,24.07,24.57,23.75,23.94,309441.91
2017-06-27,23.84,23.93,23.35,23.73,251148.12
2017-06-28,23.6,23.69,23.25,23.34,158009.87
2017-06-29,23.31,23.58,23.16,23.45,193086.99
2017-06-30,23.28,23.65,23.16,23.6,198893.98
2017-07-03,23.55,23.59,23.08,23.38,190814.42
2017-07-04,23.36,23.47,23.05,23.46,247717.91
2017-07-05,23.45,24.29,23.32,23.95,445993.79
2017-07-06,23.94,24.5,23.68,24.31,377882.7
2017-07-07,24.14,24.25,23.8,24.01,223382.74
2017-07-10,23.88,24.38,23.72,23.73,164786.27
2017-07-11,23.62,25.11,23.54,24.83,369013.25
2017-07-12,24.68,25.27,24.31,24.48,362462.56
2017-07-13,24.42,25.5,24.28,25.2,338166.95
2017-07-14,25.15,25.46,24.75,25.41,291003.06
2017-07-17,25.39,26.45,24.65,25.81,593988.43
2017-07-18,25.59,25.94,24.95,25.55,312177.45
2017-07-19,25.48,25.77,25.15,25.69,283858.37
2017-07-20,25.59,25.83,25.12,25.62,255806.45
2017-07-21,25.5,25.5,24.98,25.1,200271.65
2017-07-24,24.91,25.26,24.74,24.77,237011.24
2017-07-25,24.81,25.06,24.56,24.74,179897.79
2017-07-26,24.74,25.06,24.37,24.79,215865.29
2017-07-27,24.77,24.87,24.33,24.76,164950.94
2017-07-28,24.75,24.75,24.4,24.43,109514.12
2017-07-31,24.43,24.63,24.09,24.15,252014.69
2017-08-01,24.22,25.17,24.19,25.14,355447.91
2017-08-02,25.11,25.11,24.61,24.78,217385.26
2017-08-03,24.73,24.86,24.29,24.36,169810.01
2017-08-04,24.23,24.4,23.68,23.79,227114.44
2017-08-07,23.66,24.07,23.4,23.87,165425.5
2017-08-08,23.8,24.01,23.61,23.97,99743.52
2017-08-09,23.8,23.86,23.59,23.66,111340.49
2017-08-10,23.61,23.79,23.45,23.73,160832.94
2017-08-11,23.59,23.83,23.38,23.64,187367.17
2017-08-14,23.66,23.95,23.45,23.86,113517.77
2017-08-15,23.8,24.35,23.78,23.96,154107.52
2017-08-16,23.88,23.89,23.63,23.77,64823.01
2017-08-17,24.43,24.57,23.89,24.01,240283.36
2017-08-18,24.03,24.76,23.86,24.75,305048.03
2017-08-21,25.28,25.28,24.26,24.36,309464.18
2017-08-22,24.36,24.7,24.22,24.56,193785.32
2017-08-23,24.5,24.76,24.29,24.57,136576.76
2017-08-24,24.45,24.72,24.15,24.18,133525.27
2017-08-25,24.16,25.79,24.16,25.61,562896.81
2017-08-28,25.59,26.4,25.5,25.82,477080.55
2017-08-29,25.81,26.28,25.56,26.25,239647.88
2017-08-30,26.1,26.33,25.54,25.71,228366.19
2017-08-31,25.6,26.12,25.28,25.61,177922.27
2017-09-01,25.64,25.79,24.93,25.16,255531.72
2017-09-04,25.02,25.28,24.85,25.23,146512.6
2017-09-05,25.13,25.62,25.12,25.61,198790.65
2017-09-06,25.4,25.5,24.84,25.09,210997.78
2017-09-07,25.03,25.14,24.91,24.94,94299.21
2017-09-08,24.95,25.09,24.81,24.99,95166.99
2017-09-11,25.12,25.17,24.37,24.44,272328.68
2017-09-12,24.5,24.56,24.15,24.48,216965.34
2017-09-13,24.39,24.5,24.15,24.3,127750.06
2017-09-14,24.23,24.45,24.15,24.43,151229.46
2017-09-15,24.37,24.71,24.28,24.52,139648.85
2017-09-18,24.52,24.74,24.25,24.32,152877.4
2017-09-19,24.33,24.49,24.22,24.31,126136.95
2017-09-20,24.23,24.3,23.97,24.14,160024.91
2017-09-21,24.06,24.44,24.01,24.22,140397.31
2017-09-22,24.22,24.65,24.14,24.62,186332.64
2017-09-25,24.59,24.82,24.43,24.81,210942.77
2017-09-26,24.68,24.93,24.63,24.82,126314.31
2017-09-27,24.74,24.75,24.34,24.36,127739.0
2017-09-28,24.35,24.5,24.26,24.42,58227.2
2017-09-29,24.42,24.57,24.21,24.27,97043.36
2017-10-09,24.71,24.79,24.22,24.28,158441.82
2017-10-10,24.25,24.4,23.77,23.97,160504.51
2017-10-11,24.03,24.28,23.9,24.15,107109.86
2017-10-12,24.11,24.64,24.01,24.57,185280.32
2017-10-13,24.49,24.63,24.32,24.45,113820.13
2017-10-16,24.42,24.96,24.34,24.81,237854.79
2017-10-17,24.85,24.88,24.52,24.69,141881.35
2017-10-18,24.76,25.15,24.71,25.1,272536.21
2017-10-19,25.02,25.26,24.63,25.21,266540.58
2017-10-20,25.0,25.06,24.73,24.78,109599.29
2017-10-23,25.46,25.51,24.89,25.36,287773.31
2017-10-24,25.19,25.86,25.14,25.6,292990.0
2017-10-25,25.52,25.66,25.39,25.62,135886.13
2017-10-26,25.48,26.24,25.41,25.63,347205.52
2017-10-27,25.83,25.97,25.43,25.78,343307.14
2017-10-30,26.03,27.59,25.81,27.09,603863.52
2017-10-31,26.85,27.64,26.69,27.47,381019.93
2017-11-01,27.45,29.04,27.22,28.76,539522.6
2017-11-02,28.69,29.13,28.08,28.82,327352.77
2017-11-03,28.57,29.04,28.27,28.94,280396.06
2017-11-06,28.95,28.96,28.0,28.45,251238.27
2017-11-07,28.42,29.09,28.16,28.56,357308.96
2017-11-08,28.37,28.76,28.09,28.34,304772.37
2017-11-09,28.25,28.72,28.15,28.69,205487.37
2017-11-10,28.57,30.24,28.45,29.77,423858.53
2017-11-13,29.66,30.3,29.39,29.63,272315.07
2017-11-14,29.7,29.91,28.97,29.46,268981.73
2017-11-15,29.18,29.33,28.31,28.34,303876.46
2017-11-16,28.12,29.54,28.1,29.32,316595.1
2017-11-17,29.28,30.23,28.87,30.21,420135.43
2017-11-20,30.19,30.2,29.13,29.81,262117.83
2017-11-21,29.81,30.95,29.53,30.36,389104.17
2017-11-22,30.42,30.88,28.96,29.42,377827.48
2017-11-23,29.31,29.74,27.99,28.62,300970.38
2017-11-24,28.38,28.5,27.51,28.31,286705.27
2017-11-27,28.21,28.43,27.67,28.38,223989.03
2017-11-28,28.13,28.51,27.81,27.99,127298.47
2017-11-29,28.13,28.27,27.14,27.42,196937.46
2017-11-30,27.39,27.39,26.61,27.1,190525.12
2017-12-01,27.03,27.28,26.76,27.02,158462.51
2017-12-04,26.82,27.64,26.67,27.52,205566.21
2017-12-05,27.29,28.32,27.25,28.16,320807.35
2017-12-06,27.96,27.96,27.32,27.8,145180.29
2017-12-07,27.52,27.8,27.12,27.52,97696.5
2017-12-08,27.45,27.98,27.18,27.82,146696.51
2017-12-11,27.69,28.17,27.47,28.13,127491.22
2017-12-12,27.97,28.06,27.06,27.09,117101.79
2017-12-13,27.12,27.23,26.68,27.17,156435.16
2017-12-14,27.1,27.12,26.33,26.37,178063.97
2017-12-15,26.37,26.73,26.31,26.53,136884.74
2017-12-18,26.38,27.0,26.38,26.77,121123.24
2017-12-19,26.76,27.7,26.76,27.54,210081.84
2017-12-20,27.56,28.06,27.29,27.72,155715.39
2017-12-21,27.77,28.14,27.48,27.99,134538.7
2017-12-22,27.99,28.19,27.66,27.79,76919.85
2017-12-25,27.69,28.26,26.87,27.28,213015.72
2017-12-26,27.29,27.76,27.0,27.57,142782.16
2017-12-27,27.46,27.51,26.59,26.82,169934.3
2017-12-28,26.68,27.01,26.42,26.81,126322.76
2017-12-29,26.88,26.96,26.46,26.64,103465.64
2018-01-02,26.7,26.98,26.48,26.67,329445.89
2018-01-03,26.73,26.96,26.34,26.49,360223.39
2018-01-04,26.5,26.54,26.16,26.31,269867.21
2018-01-05,26.38,26.43,25.89,26.02,279709.78
2018-01-08,26.05,26.11,25.63,25.94,220821.06
2018-01-09,25.98,26.51,25.85,26.46,276254.43
2018-01-10,26.4,26.43,26.05,26.35,163835.06
2018-01-11,26.24,26.62,26.14,26.5,182726.08
2018-01-12,26.42,26.68,26.24,26.59,226372.36
2018-01-15,26.59,27.62,26.47,27.5,507898.28
2018-01-16,27.41,27.5,27.04,27.43,275531.89
2018-01-17,27.43,28.15,27.32,27.85,380982.1
2018-01-18,28.0,28.28,27.29,27.64,304993.97
2018-01-19,27.57,27.77,27.11,27.26,262193.79
2018-01-22,27.19,27.46,26.8,27.07,266744.3
2018-01-23,27.1,27.55,27.01,27.23,284656.58
2018-01-24,27.38,27.61,26.87,27.06,256209.77
2018-01-25,26.99,27.01,26.18,26.5,343545.22
2018-01-26,26.42,27.32,26.41,27.26,274651.16
2018-01-29,27.36,27.45,26.35,26.52,288492.04
2018-01-30,26.42,26.76,26.13,26.24,191439.64
2018-01-31,26.14,26.67,26.07,26.47,204567.31
2018-02-01,26.51,27.26,26.27,27.12,370735.12
2018-02-02,26.94,27.72,26.59,27.56,424435.53
2018-02-05,27.21,28.07,27.12,27.95,374876.96
2018-02-06,27.44,27.8,26.71,27.15,458394.13
2018-02-07,27.4,27.72,26.17,26.58,401777.51
2018-02-08,26.07,26.14,24.77,25.15,424120.87
2018-02-09,24.15,24.15,22.64,23.59,394427.53
2018-02-12,23.31,23.46,22.75,23.14,216464.19
2018-02-13,23.18,23.69,23.13,23.22,287319.27
2018-02-14,23.27,23.28,22.65,22.95,147740.18
2018-02-22,23.23,23.76,23.1,23.74,204990.59
2018-02-23,23.76,24.15,23.53,23.85,154862.86
2018-02-26,23.95,24.32,23.69,24.28,187078.25
2018-02-27,24.41,24.43,23.88,23.99,155718.34
2018-02-28,23.8,23.8,23.38,23.5,113551.03
2018-03-01,23.34,23.75,23.23,23.69,93617.48
2018-03-02,23.52,23.6,23.31,23.42,74492.78
2018-03-05,23.41,23.73,23.38,23.55,77090.79
2018-03-06,23.69,24.08,23.45,24.07,137956.37
2018-03-07,24.06,24.38,23.89,24.08,134105.67
2018-03-08,24.06,24.24,23.97,24.11,94802.58
2018-03-09,24.16,24.22,23.84,24.01,92617.35
2018-03-12,24.15,24.22,23.78,23.98,131299.71
2018-03-13,23.95,24.05,23.52,23.61,102047.06
2018-03-14,23.53,23.58,23.27,23.45,106760.74
2018-03-15,23.29,23.77,23.29,23.71,105982.15
2018-03-16,23.62,23.92,23.46,23.57,92688.75
2018-03-19,23.51,23.83,23.3,23.81,92398.65
2018-03-20,23.64,23.71,23.31,23.6,88925.6
2018-03-21,23.86,23.94,23.28,23.52,124251.56
2018-03-22,23.45,23.49,22.82,23.36,138508.63
2018-03-23,22.75,23.38,22.61,23.36,218932.02
2018-03-26,23.1,23.16,22.59,22.78,117258.51
2018-03-27,23.01,23.05,22.68,22.89,115949.89
2018-03-28,22.73,22.97,22.07,22.3,144657.88
2018-03-29,22.22,22.62,21.85,22.51,143832.35
2018-03-30,22.44,22.45,22.18,22.23,84492.6
2018-04-02,22.32,22.61,22.2,22.23,98049.31
2018-04-03,22.03,22.17,21.87,21.92,87453.05
2018-04-04,22.0,22.22,21.87,21.89,99960.8
2018-04-09,21.89,22.19,21.78,22.09,90608.45
2018-04-10,22.1,22.6,22.05,22.53,141485.01
2018-04-11,22.58,22.62,22.26,22.39,121602.38
2018-04-12,22.44,22.53,22.05,22.17,96053.99
2018-04-13,22.32,22.35,21.78,21.84,129386.03
2018-04-16,21.79,21.82,21.05,21.09,153864.5
2018-04-17,21.07,21.4,21.06,21.21,117672.11
2018-04-18,21.45,21.56,21.19,21.34,95491.99
2018-04-19,21.48,21.57,21.35,21.47,66070.4
2018-04-20,21.39,21.42,20.79,21.17,143787.61
2018-04-23,21.17,21.49,21.09,21.45,85591.39
2018-04-24,21.3,21.96,21.3,21.84,129416.58
2018-04-25,21.72,21.8,21.51,21.59,74858.58
2018-04-26,21.69,21.82,21.07,21.28,99487.3
2018-04-27,21.51,21.62,21.0,21.44,125669.01
2018-05-02,21.55,21.64,21.2,21.32,108682.69
2018-05-03,21.35,21.61,21.08,21.6,121148.77
2018-05-04,21.5,21.63,21.23,21.3,91266.96
2018-05-07,21.3,21.74,21.21,21.7,146986.6
2018-05-08,21.7,22.54,21.63,22.26,267397.78
2018-05-09,22.28,22.3,22.03,22.14,96234.28
2018-05-10,22.25,22.35,22.06,22.24,90897.02
2018-05-11,22.32,22.35,21.98,22.0,72436.96
2018-05-14,22.12,22.37,22.07,22.18,84934.14
2018-05-15,22.29,22.29,21.91,22.18,75922.86
2018-05-16,22.06,22.12,21.75,21.77,79576.89
2018-05-17,21.83,22.01,21.77,21.91,66464.45
2018-05-18,21.78,22.21,21.77,22.2,88615.55
2018-05-21,22.27,22.34,22.05,22.2,106509.98
2018-05-22,22.2,22.2,21.87,22.05,74860.38
2018-05-23,22.0,22.0,21.64,21.65,87412.81
2018-05-24,21.7,21.92,21.61,21.77,60764.24
2018-05-25,21.83,21.91,21.61,21.8,55926.79
2018-05-28,21.88,22.0,21.74,21.89,66790.85
2018-05-29,21.78,22.0,21.28,21.98,121121.27
2018-05-30,21.59,21.76,21.27,21.28,78763.02
2018-05-31,21.39,21.56,21.21,21.49,72024.79
2018-06-01,21.49,21.55,21.25,21.45,79420.33
2018-06-04,21.56,21.95,21.42,21.84,112134.41
2018-06-05,21.84,22.09,21.52,21.99,132211.15
2018-06-06,21.84,21.91,21.63,21.74,76493.25
2018-06-07,21.84,22.33,21.84,22.04,156520.42
2018-06-08,21.96,21.96,21.25,21.42,133812.68
2018-06-11,21.3,21.35,21.05,21.23,83313.84
2018-06-12,21.2,21.48,21.13,21.38,90227.27
2018-06-13,21.28,21.55,21.23,21.42,77886.82
2018-06-14,21.33,21.8,21.32,21.49,103915.98
2018-06-15,21.4,21.61,21.39,21.59,117482.34
2018-06-19,21.25,21.85,21.11,21.82,360016.91
2018-06-20,21.59,21.69,21.09,21.39,128003.1
2018-06-21,21.33,21.33,20.45,20.56,110071.2
2018-06-22,20.39,20.48,19.95,20.29,89667.75
2018-06-25,20.35,20.45,19.72,19.8,87831.1
2018-06-26,19.65,19.79,19.13,19.73,80451.91
2018-06-27,19.63,19.87,19.43,19.73,66682.77
2018-06-28,19.47,20.0,19.45,19.74,56392.45
2018-06-29,19.95,20.03,19.7,20.02,64684.33
2018-07-02,19.85,19.95,18.86,19.13,80472.57
2018-07-03,19.17,19.71,19.07,19.67,77514.27
2018-07-04,19.65,19.9,19.44,19.64,68709.38
2018-07-05,19.64,19.95,19.46,19.93,109244.17
2018-07-06,19.99,20.25,19.7,20.07,98254.35
2018-07-09,20.05,20.38,19.98,20.31,71315.96
2018-07-10,20.37,20.4,19.96,20.21,71204.1
2018-07-11,19.69,19.95,19.56,19.7,51060.78
2018-07-12,19.72,20.4,19.69,20.22,89745.58
2018-07-13,20.27,20.35,20.13,20.19,33789.63
2018-07-16,20.18,20.34,19.98,20.16,33783.81
2018-07-17,20.23,20.26,19.98,20.13,33147.23
2018-07-18,20.4,20.45,20.05,20.16,55095.68
2018-07-19,20.25,20.56,20.18,20.39,72785.35
2018-07-20,20.34,21.24,20.27,21.02,113873.66
2018-07-23,20.81,21.19,20.71,21.03,77248.73
2018-07-24,21.03,21.63,20.92,21.19,112656.86
2018-07-25,21.43,21.43,21.02,21.1,46784.63
2018-07-26,21.09,21.21,20.81,20.93,51054.76
2018-07-27,20.99,21.01,20.81,20.93,31410.09
2018-07-30,20.84,21.11,20.72,21.01,54454.74
2018-07-31,21.02,21.02,20.71,20.85,62563.07
2018-08-01,20.85,21.07,20.21,20.23,79870.67
2018-08-02,20.2,20.35,19.4,19.79,77875.48
2018-08-03,19.77,19.89,19.56,19.57,37488.29
2018-08-06,19.7,19.83,19.11,19.24,72087.39
2018-08-07,19.24,19.7,19.23,19.69,61980.55
2018-08-08,19.69,19.77,19.48,19.55,48187.16
2018-08-09,19.38,20.06,19.33,19.88,67234.56
2018-08-10,19.86,19.91,19.65,19.83,36398.61
2018-08-13,19.64,19.73,19.31,19.63,51409.71
2018-08-14,19.56,19.75,19.49,19.68,39546.22
2018-08-15,19.69,19.75,19.21,19.24,52709.11
2018-08-16,19.15,19.55,18.9,19.4,54354.38
2018-08-17,19.67,19.67,19.15,19.21,45435.09
2018-08-20,19.55,19.59,19.3,19.55,49831.99
2018-08-21,19.64,19.97,19.54,19.86,74937.21
2018-08-22,19.87,19.94,19.69,19.85,41752.7
2018-08-23,19.85,20.07,19.71,19.96,57879.19
2018-08-24,19.7,20.24,19.63,20.07,83459.15
2018-08-27,20.11,20.15,19.87,20.1,96567.05
2018-08-28,20.1,20.13,19.82,19.88,62259.69
2018-08-29,19.87,19.98,19.84,19.92,38075.9
2018-08-30,19.96,19.97,19.52,19.53,64328.83
2018-08-31,19.38,19.82,19.34,19.65,64987.54
2018-09-03,19.57,19.73,19.43,19.66,44428.6
2018-09-04,19.57,19.89,19.49,19.79,59394.1
2018-09-05,19.62,19.73,19.3,19.3,58692.19
2018-09-06,19.32,19.52,19.16,19.23,43961.87
2018-09-07,19.22,19.45,19.11,19.17,46608.68
2018-09-10,19.14,19.17,18.78,18.9,45358.09
2018-09-11,18.85,18.96,18.6,18.77,57172.04
2018-09-12,18.7,18.77,18.53,18.72,41075.34
2018-09-13,18.86,18.96,18.69,18.9,44346.31
2018-09-14,19.01,19.01,18.73,18.74,40306.59
2018-09-17,18.6,18.68,18.48,18.5,32978.66
2018-09-18,18.4,18.82,18.4,18.81,41688.06
2018-09-19,18.79,19.16,18.73,19.02,65355.99
2018-09-20,19.02,19.13,18.85,18.93,46301.68
2018-09-21,18.96,19.65,18.91,19.61,99248.42
2018-09-25,19.43,19.62,19.38,19.49,43449.27
2018-09-26,19.62,20.13,19.57,19.96,120617.58
2018-09-27,19.95,20.15,19.75,19.99,61925.57
2018-09-28,20.05,20.41,19.95,20.16,88266.15
2018-10-08,19.69,19.73,19.25,19.32,90674.48
2018-10-09,19.2,19.39,19.1,19.32,43036.15
2018-10-10,19.25,19.51,19.11,19.31,38143.37
2018-10-11,18.67,19.01,18.42,18.67,80102.27
2018-10-12,18.77,19.07,18.51,19.01,83037.25
2018-10-15,18.87,19.01,18.68,18.72,38629.99
2018-10-16,18.76,19.09,18.68,18.82,52514.73
2018-10-17,19.04,19.09,18.74,18.97,52562.52
2018-10-18,18.83,19.02,18.56,18.6,50596.11
2018-10-19,18.39,19.52,18.37,19.35,104690.8
2018-10-22,19.33,21.2,19.29,20.73,204746.65
2018-10-23,20.61,20.71,20.06,20.13,126824.21
2018-10-24,20.13,20.75,20.11,20.33,134623.21
2018-10-25,19.96,20.76,19.85,20.76,109822.81
2018-10-26,20.49,20.62,19.85,20.03,125322.54
2018-10-29,20.22,20.22,18.94,19.26,124260.06
2018-10-30,19.28,19.75,19.12,19.26,107324.26
2018-10-31,19.4,19.55,19.01,19.44,84677.5
2018-11-01,19.55,20.01,19.39,19.44,115791.12
2018-11-02,19.87,20.2,19.52,20.15,178222.92
2018-11-05,19.96,20.18,19.66,20.18,112108.69
2018-11-06,20.05,20.22,19.88,20.13,69294.0
2018-11-07,20.13,20.16,19.72,19.78,66612.12
2018-11-08,19.98,19.98,19.71,19.78,47734.07
2018-11-09,19.65,19.82,19.37,19.43,59174.76
2018-11-12,19.45,19.64,19.2,19.57,51154.93
2018-11-13,19.29,20.0,19.25,19.78,78467.95
2018-11-14,19.84,19.96,19.45,19.57,62379.51
2018-11-15,19.56,20.17,19.56,20.17,103946.53
2018-11-16,20.17,20.33,19.88,20.06,116277.93
2018-11-19,20.06,20.32,19.96,20.21,95680.19
2018-11-20,20.13,20.13,19.6,19.63,107252.78
2018-11-21,19.56,19.74,19.39,19.49,73510.43
2018-11-22,19.59,19.59,19.3,19.47,54831.41
2018-11-23,19.47,19.65,19.01,19.03,65454.55
2018-11-26,19.22,19.3,18.95,19.05,39696.63
2018-11-27,19.06,19.25,18.93,19.03,36652.83
2018-11-28,19.01,19.28,18.99,19.2,40892.17
2018-11-29,19.31,19.33,19.09,19.09,40680.47
2018-11-30,19.01,19.23,19.01,19.18,34185.19
2018-12-03,19.66,19.85,19.42,19.73,101538.82
2018-12-04,19.71,19.74,19.55,19.73,37412.47
2018-12-05,19.47,19.7,19.44,19.57,39235.2
2018-12-06,19.3,19.47,19.13,19.19,50558.33
2018-12-07,19.16,19.27,19.12,19.16,23879.11
2018-12-10,19.01,19.16,18.87,18.93,36573.07
2018-12-11,18.93,19.07,18.91,19.0,25616.2
2018-12-12,19.18,19.18,19.02,19.09,25603.72
2018-12-13,19.09,19.32,18.95,19.25,44487.82
2018-12-14,19.13,19.19,18.92,18.92,46593.36
2018-12-17,18.96,19.2,18.93,19.16,42175.87
2018-12-18,19.08,19.26,18.94,19.03,41737.97
2018-12-19,19.07,19.28,19.02,19.17,44305.06
2018-12-20,19.11,19.32,18.94,19.11,42172.67
2018-12-21,18.97,19.11,18.71,18.92,47979.49
2018-12-24,18.67,18.85,18.5,18.61,55261.91
2018-12-25,18.4,18.41,17.94,18.23,64560.08
2018-12-26,18.2,18.34,17.94,18.07,39433.33
2018-12-27,18.25,18.33,17.92,18.1,74595.13
2018-12-28,18.11,18.35,18.11,18.13,52821.89
2019-01-02,18.13,18.24,17.58,17.73,64051.4
2019-01-03,17.73,18.07,17.71,17.92,46153.31
2019-01-04,17.76,18.35,17.65,18.21,76165.71
2019-01-07,18.3,18.33,17.85,17.98,102205.04
2019-01-08,17.99,18.07,17.69,17.77,79915.02
2019-01-09,17.96,18.26,17.88,18.07,96097.31
2019-01-10,17.97,18.12,17.78,18.05,60428.3
2019-01-11,18.03,18.35,18.01,18.18,66133.8
2019-01-14,17.97,18.17,17.88,17.93,65235.05
2019-01-15,18.03,18.23,17.91,18.2,55773.33
2019-01-16,18.13,18.55,18.08,18.52,92442.08
2019-01-17,18.62,19.12,18.62,18.74,162680.09
2019-01-18,18.93,19.16,18.76,19.12,109011.05
2019-01-21,19.03,19.79,19.01,19.79,174233.11
2019-01-22,19.8,19.81,19.39,19.47,71605.88
2019-01-23,19.37,19.73,19.31,19.47,50835.69
2019-01-24,19.64,19.65,19.25,19.42,47316.61
2019-01-25,19.59,20.07,19.56,19.82,104513.15
2019-01-28,19.9,20.13,19.58,19.81,53843.03
2019-01-29,19.63,20.11,19.58,19.97,73939.81
2019-01-30,19.11,19.83,19.11,19.61,163678.59
2019-01-31,19.61,20.53,19.39,20.23,163927.34
2019-02-01,20.45,20.56,20.09,20.33,90429.96
2019-02-11,20.07,20.4,19.84,20.31,92193.9
2019-02-12,20.31,20.36,20.01,20.18,80360.38
2019-02-13,20.13,20.92,20.04,20.7,156186.31
2019-02-14,20.59,20.69,20.49,20.57,71340.1
2019-02-15,20.5,20.62,19.94,19.97,88053.03
2019-02-18,20.09,20.98,20.09,20.85,133325.91
2019-02-19,20.85,22.12,20.81,21.51,248901.49
2019-02-20,21.66,22.4,21.48,22.38,206111.78
2019-02-21,22.29,22.59,21.69,21.73,165414.91
2019-02-22,22.08,23.21,21.49,23.08,275112.07
2019-02-25,24.0,25.39,23.96,25.39,536878.04
2019-02-26,26.41,26.54,25.16,25.38,458819.6
2019-02-27,25.04,26.67,25.03,26.05,342543.74
2019-02-28,25.78,25.84,25.06,25.23,150173.27
2019-03-01,25.1,27.65,25.1,27.65,308867.62
2019-03-04,27.65,29.34,26.96,27.58,498014.76
2019-03-05,27.32,27.42,26.63,27.3,261382.01
2019-03-06,26.94,28.0,26.67,27.98,266340.7
2019-03-07,27.65,27.65,26.63,26.98,288253.56
2019-03-08,25.48,26.12,24.79,25.03,337920.35
2019-03-11,24.96,25.78,24.66,25.6,250544.94
2019-03-12,25.67,26.22,25.16,25.42,190092.98
2019-03-13,25.5,25.91,25.0,25.55,179848.24
2019-03-14,25.56,25.84,25.03,25.23,168024.33
2019-03-15,25.24,26.3,25.24,25.56,184391.11
2019-03-18,25.65,26.63,25.24,26.31,209105.06
2019-03-19,26.42,27.0,26.14,26.29,185550.28
2019-03-20,26.03,26.56,25.66,26.15,155861.18
2019-03-21,26.14,26.62,25.82,26.14,171206.49
2019-03-22,26.14,26.14,25.34,25.68,132608.13
2019-03-25,25.2,25.2,24.23,24.29,247999.87
2019-03-26,24.54,24.58,23.82,23.91,141089.38
2019-03-27,24.19,24.35,23.89,23.99,90865.74
2019-03-28,23.75,23.78,23.25,23.45,166638.01
2019-03-29,23.6,25.18,23.5,25.18,259588.03
2019-04-01,25.33,26.31,25.33,25.62,278001.04
2019-04-02,25.71,26.06,25.37,25.69,177909.78
2019-04-03,25.38,25.74,25.14,25.69,194589.12
2019-04-04,26.03,26.71,25.8,26.09,240968.95
2019-04-08,26.15,27.1,26.06,26.78,307165.83
2019-04-09,26.51,26.78,25.78,26.1,141848.36
2019-04-10,25.78,26.21,25.34,25.84,129813.22
2019-04-11,25.77,26.21,25.34,25.47,110544.35
2019-04-12,25.54,25.87,25.25,25.42,74558.85
2019-04-15,25.96,26.76,25.71,25.74,248971.44
2019-04-16,25.7,26.85,25.66,26.76,212949.36
2019-04-17,26.67,27.12,26.31,26.53,189918.98
2019-04-18,26.42,26.82,26.14,26.75,109826.28
2019-04-19,27.56,28.14,27.23,27.9,311862.74
2019-04-22,28.0,28.0,26.49,26.56,262616.82
2019-04-23,26.38,27.17,26.27,26.78,148043.21
2019-04-24,26.9,26.94,25.94,26.4,127970.58
2019-04-25,26.18,26.75,26.1,26.22,131428.48
2019-04-26,26.24,27.38,26.15,26.74,243745.12
2019-04-29,26.99,27.81,26.69,27.55,272414.4
2019-04-30,27.27,27.47,26.46,26.94,189618.76
2019-05-06,25.78,25.95,24.24,24.52,305026.84
2019-05-07,24.84,25.03,24.18,24.6,182708.39
2019-05-08,23.86,24.42,23.59,24.0,133466.51
2019-05-09,23.77,23.96,22.99,23.11,162435.55
2019-05-10,23.34,24.07,22.95,24.01,192819.78
2019-05-13,23.68,23.68,22.5,22.61,269442.76
2019-05-14,22.28,23.11,22.28,22.87,160021.19
2019-05-15,23.05,23.42,22.92,23.22,149053.21
2019-05-16,23.11,23.38,22.94,23.14,83174.59
2019-05-17,23.17,23.18,22.43,22.54,114038.28
2019-05-20,22.24,22.93,22.21,22.69,82066.36
2019-05-21,22.62,23.1,22.54,22.9,113858.4
2019-05-22,22.86,22.99,22.49,22.62,71647.28
2019-05-23,22.62,22.62,22.23,22.35,91751.46
2019-05-24,22.49,22.67,22.4,22.49,84139.25
2019-05-27,22.41,22.86,22.05,22.81,135547.38
2019-05-28,22.62,23.02,22.6,22.86,117493.4
2019-05-29,22.67,24.78,22.5,23.96,343076.32
2019-05-30,23.56,23.74,23.2,23.44,136529.84
2019-05-31,23.47,23.63,23.21,23.22,103763.2
2019-06-03,23.3,23.69,23.02,23.3,113305.65
2019-06-04,23.29,23.34,22.86,23.15,87546.22
2019-06-05,23.42,23.5,23.11,23.17,86043.96
2019-06-06,23.14,23.45,23.06,23.18,83190.83
2019-06-10,23.34,23.65,23.18,23.51,103331.31
2019-06-11,23.44,24.26,23.41,24.06,183850.85
2019-06-12,23.9,24.07,23.74,23.82,76948.39
2019-06-13,23.74,23.96,23.5,23.82,76503.38
2019-06-14,23.82,24.07,23.49,23.63,83449.99
2019-06-17,23.65,23.94,23.58,23.77,68106.26
2019-06-18,23.77,23.9,23.66,23.85,56811.82
2019-06-19,24.65,24.75,23.98,24.0,131969.91
2019-06-20,24.14,25.45,24.1,25.4,289152.66
2019-06-21,25.38,25.59,25.04,25.29,155840.94
2019-06-24,25.33,25.67,25.08,25.49,107547.14
2019-06-25,25.49,25.49,24.63,24.99,111118.88
2019-06-26,24.78,25.29,24.74,25.06,83730.1
2019-06-27,25.23,25.65,25.11,25.48,116793.07
2019-06-28,25.57,25.58,25.16,25.34,82642.36
2019-07-01,25.91,26.69,25.84,26.63,196063.49
2019-07-02,26.58,26.58,26.06,26.27,106874.04
2019-07-03,26.2,26.27,25.8,25.98,92925.96
2019-07-04,26.09,26.2,25.6,25.73,76731.9
2019-07-05,25.92,26.4,25.8,26.28,107013.64
2019-07-08,26.06,26.07,25.15,25.33,128521.83
2019-07-09,25.25,25.55,25.22,25.42,69828.58
2019-07-10,25.64,25.76,25.29,25.3,67728.07
2019-07-11,25.6,26.55,25.51,26.13,244369.65
2019-07-12,26.1,27.79,26.1,27.45,315399.21
2019-07-15,27.29,27.79,26.84,27.46,203078.49
2019-07-16,27.26,27.49,26.79,26.96,152776.53
2019-07-17,26.85,27.1,26.65,26.9,129227.76
2019-07-18,26.67,27.18,26.52,26.92,121869.13
2019-07-19,26.91,27.24,26.77,26.96,121905.38
2019-07-22,27.02,27.55,26.6,27.07,153521.26
2019-07-23,27.17,27.2,26.28,26.67,130573.37
2019-07-24,26.69,27.55,26.69,27.29,150966.54
2019-07-25,27.26,27.53,26.98,27.46,111773.14
2019-07-26,27.12,27.35,26.93,27.12,82375.53
2019-07-29,27.07,27.09,26.58,26.78,126879.09
2019-07-30,27.32,27.63,27.03,27.17,186424.5
2019-07-31,27.03,27.09,26.57,26.57,163080.68
2019-08-01,26.31,26.64,26.04,26.46,157127.87
2019-08-02,25.87,26.17,25.77,25.98,120702.63
2019-08-05,25.93,25.98,25.34,25.5,118524.91
2019-08-06,25.06,25.49,24.63,25.38,173558.44
2019-08-07,25.55,25.58,24.97,24.97,112326.3
2019-08-08,25.34,25.36,24.97,25.15,88980.82
2019-08-09,25.31,25.48,25.08,25.21,113221.04
2019-08-12,25.06,25.55,24.94,25.55,108782.71
2019-08-13,25.31,25.32,24.75,24.79,113415.77
2019-08-14,25.16,25.24,24.83,24.83,80689.11
2019-08-15,24.83,25.13,24.4,25.09,110921.48
2019-08-16,25.21,25.4,24.88,25.28,97235.06
2019-08-19,25.32,26.2,25.31,26.13,159139.05
2019-08-20,26.02,26.1,25.69,25.78,93834.64
2019-08-21,25.69,26.0,25.65,25.99,65835.44
2019-08-22,25.96,26.0,25.71,25.87,64192.23
2019-08-23,25.93,26.61,25.93,26.32,172565.91
2019-08-26,25.86,26.13,25.63,25.69,129720.85
2019-08-27,25.98,26.55,25.86,26.44,162465.58
2019-08-28,26.27,26.33,25.85,25.97,111561.62
2019-08-29,25.97,26.05,25.55,25.63,83367.86
2019-08-30,25.85,26.06,25.63,25.82,88924.01
2019-09-02,26.0,26.09,25.64,25.89,130192.63
2019-09-03,25.91,26.02,25.69,25.83,102230.43
2019-09-04,25.83,26.18,25.75,26.18,150026.35
2019-09-05,26.32,26.88,26.21,26.49,301022.87
2019-09-06,26.66,26.67,26.18,26.49,179014.1
2019-09-09,26.69,26.76,26.11,26.37,195197.36
2019-09-10,26.37,26.39,25.93,26.08,137934.65
2019-09-11,26.22,26.29,26.1,26.2,110406.23
2019-09-12,26.31,26.71,26.21,26.67,167232.85
2019-09-16,26.62,26.62,26.09,26.23,145948.54
2019-09-17,26.2,26.23,25.62,25.69,104404.89
2019-09-18,25.84,25.89,25.56,25.67,59207.51
2019-09-19,25.83,25.84,25.46,25.78,66536.93
2019-09-20,25.79,26.01,25.78,25.93,99017.33
2019-09-23,25.77,25.84,25.37,25.62,73895.85
2019-09-24,25.62,25.75,25.42,25.5,95759.86
2019-09-25,25.5,25.62,25.11,25.19,76384.99
2019-09-26,25.34,25.56,25.07,25.16,77049.73
2019-09-27,25.08,25.18,24.92,25.11,56750.55
2019-09-30,24.93,25.16,24.57,24.59,73425.35
2019-10-08,24.6,24.98,24.59,24.75,63019.37
2019-10-09,24.6,24.89,24.41,24.82,57715.0
2019-10-10,24.82,25.1,24.7,24.99,70411.1
2019-10-11,25.24,25.5,24.97,25.42,84711.87
2019-10-14,25.62,26.08,25.58,25.97,163933.5
2019-10-15,26.09,26.11,25.89,26.0,119807.18
2019-10-16,26.13,26.69,26.01,26.18,155912.64
2019-10-17,26.3,26.75,26.25,26.47,118706.66
2019-10-18,26.52,26.89,26.17,26.27,145137.83
2019-10-21,26.67,27.76,26.67,27.57,388347.92
2019-10-22,27.37,27.7,27.12,27.46,174748.31
2019-10-23,27.44,27.63,27.14,27.54,120167.53
2019-10-24,27.54,27.6,26.96,27.26,141969.53
2019-10-25,27.1,27.61,26.56,27.29,155840.06
2019-10-28,27.01,28.05,26.95,27.95,202086.63
2019-10-29,27.8,28.06,27.48,27.63,132923.34
2019-10-30,28.06,29.31,27.96,29.0,328546.09
2019-10-31,28.76,30.2,28.71,29.93,286916.3
2019-11-01,29.71,29.93,29.46,29.82,185438.24
2019-11-04,29.82,31.57,29.71,31.15,298173.87
2019-11-05,31.2,32.47,30.9,31.99,270105.62
2019-11-06,32.07,32.19,31.6,32.04,139449.8
2019-11-07,31.98,32.02,30.95,31.21,210022.05
2019-11-08,31.46,31.8,31.12,31.18,129030.64
2019-11-11,30.85,32.48,30.7,31.59,246835.11
2019-11-12,31.48,31.88,31.25,31.7,132835.58
2019-11-13,31.46,31.55,30.02,30.96,241775.84
2019-11-14,30.78,30.92,30.25,30.62,148219.25
2019-11-15,30.74,31.36,30.53,30.96,161081.75
2019-11-18,30.66,31.99,30.65,31.82,142781.45
2019-11-19,31.42,31.67,30.92,31.4,135562.97
2019-11-20,31.14,31.23,30.7,30.96,118853.2
2019-11-21,30.76,30.95,29.63,30.02,171507.95
2019-11-22,29.97,30.27,29.08,29.34,162104.77
2019-11-25,29.35,29.98,29.35,29.7,127363.56
2019-11-26,30.06,30.39,29.7,30.11,126128.14
2019-11-27,30.34,30.68,30.07,30.3,89677.87
2019-11-28,30.24,30.42,29.62,30.02,67046.08
2019-11-29,29.84,30.3,29.1,29.36,108054.53
2019-12-02,29.58,29.67,29.05,29.26,87477.86
2019-12-03,29.42,29.76,29.01,29.57,80631.6
2019-12-04,29.33,29.44,28.83,29.0,88943.46
2019-12-05,29.33,29.99,29.12,29.8,114983.32
2019-12-06,29.85,30.02,29.31,29.57,94064.88
2019-12-09,29.61,30.01,29.22,29.74,99788.12
2019-12-10,29.62,30.1,29.29,29.9,104264.59
2019-12-11,30.14,30.83,29.98,30.32,135778.74
2019-12-12,30.54,30.76,30.04,30.17,101801.03
2019-12-13,30.75,31.94,30.34,31.94,244889.64
2019-12-16,32.17,32.17,30.88,31.34,259767.75
2019-12-17,31.19,32.02,30.82,31.44,241488.08
2019-12-18,31.14,31.41,30.92,31.12,137402.18
2019-12-19,31.04,31.28,30.81,30.95,98152.76
2019-12-20,30.92,31.04,30.43,30.51,136432.27
2019-12-23,30.61,30.77,30.06,30.09,96262.49
2019-12-24,30.1,30.21,29.44,29.98,104837.84
2019-12-25,29.95,30.4,29.8,30.11,86235.3
2019-12-26,29.99,30.6,29.99,30.54,90110.05
2019-12-27,30.36,30.86,30.25,30.25,122756.91
2019-12-30,30.16,31.18,29.78,31.15,159664.98
2019-12-31,31.15,31.3,30.79,31.21,115137.09
2020-01-02,31.42,31.77,30.97,31.27,186225.28
2020-01-03,31.39,31.56,31.22,31.29,106162.36
2020-01-06,31.08,31.56,30.77,31.0,144654.76
2020-01-07,31.22,31.61,31.17,31.44,113472.62
2020-01-08,31.09,31.19,30.44,30.53,118045.0
2020-01-09,30.86,31.15,30.82,30.96,94828.75
2020-01-10,31.19,31.45,31.04,31.36,101518.18
2020-01-13,31.57,31.58,30.95,31.55,100243.71
2020-01-14,31.59,31.71,31.13,31.17,95764.25
2020-01-15,31.13,31.36,30.83,31.13,61594.07
2020-01-16,31.27,31.27,30.28,30.34,126870.11
2020-01-17,30.47,30.81,29.45,29.57,220060.5
2020-01-20,29.94,31.08,29.92,30.58,303378.32
2020-01-21,30.33,30.33,29.6,29.91,181294.55
2020-01-22,29.62,30.23,29.18,29.98,142601.8
2020-01-23,29.7,29.79,28.63,28.86,169156.09
2020-02-03,25.97,26.46,25.97,26.11,219788.87
2020-02-04,26.12,27.42,26.02,27.35,249080.9
2020-02-05,27.44,27.65,26.75,27.05,205872.1
2020-02-06,27.11,27.42,26.78,27.23,202777.79
2020-02-07,26.93,26.95,26.5,26.83,232823.94
2020-02-10,26.66,27.12,26.54,27.12,164074.48
2020-02-11,27.3,27.65,26.94,27.3,191245.83
2020-02-12,27.31,28.31,27.04,27.86,217465.52
2020-02-13,27.53,27.77,27.36,27.4,164679.8
2020-02-14,27.22,27.68,27.17,27.35,151400.31
2020-02-17,27.47,28.22,27.26,28.13,258196.7
2020-02-18,28.16,28.16,27.73,27.84,167241.97
2020-02-19,27.99,28.31,27.8,27.9,158110.47
2020-02-20,28.11,28.69,27.61,28.62,316177.51
2020-02-21,28.27,29.23,28.23,28.81,275763.59
2020-02-24,28.45,28.71,28.03,28.31,196530.43
2020-02-25,27.75,28.0,27.48,27.78,188242.81
2020-02-26,27.47,28.2,27.45,27.67,165103.04
2020-02-27,27.67,27.87,27.52,27.64,107154.07
2020-02-28,27.11,27.39,26.35,26.35,182197.07
2020-03-02,26.36,26.99,26.36,26.95,136751.5
2020-03-03,27.16,27.37,26.66,26.75,167657.03
2020-03-04,26.73,26.84,26.5,26.84,143630.88
2020-03-05,27.01,27.82,26.8,27.71,264085.21
2020-03-06,27.38,27.58,27.21,27.36,141246.25
2020-03-09,26.83,26.83,25.99,26.08,216300.63
2020-03-10,25.99,26.7,25.94,26.44,154034.71
2020-03-11,26.48,26.64,26.15,26.18,144889.17
2020-03-12,25.95,25.99,25.22,25.52,150378.31
2020-03-13,24.4,25.14,24.16,24.74,200984.64
2020-03-16,24.69,24.74,24.15,24.17,152220.6
2020-03-17,24.1,24.49,23.04,23.47,208341.22
2020-03-18,23.43,23.94,23.04,23.08,159786.25
2020-03-19,23.08,23.41,21.44,22.11,235945.81
2020-03-20,22.36,22.76,22.19,22.63,188520.04
2020-03-23,21.9,22.12,21.47,21.77,128913.79
2020-03-24,22.16,22.9,22.15,22.83,177267.24
2020-03-25,23.48,24.24,23.33,24.15,221050.15
2020-03-26,24.15,24.73,23.84,24.14,217526.06
2020-03-27,24.42,24.6,23.96,24.0,133718.68
2020-03-30,23.64,23.94,23.31,23.75,122884.29
2020-03-31,23.96,24.08,23.45,23.56,84080.15
2020-04-01,23.35,23.83,23.35,23.39,74321.63
2020-04-02,23.36,23.81,23.27,23.81,65704.0
2020-04-03,23.81,23.83,23.41,23.53,62670.72
2020-04-07,24.23,24.28,23.84,24.0,113514.79
2020-04-08,23.83,23.94,23.39,23.51,112996.64
2020-04-09,23.54,23.69,23.4,23.47,72147.4
2020-04-10,23.49,24.01,23.42,23.69,108663.29
2020-04-13,23.45,24.09,23.45,23.96,118816.7
2020-04-14,24.09,24.11,23.73,24.06,91798.44
2020-04-15,24.1,24.1,23.76,23.81,77980.52
2020-04-16,23.64,23.78,23.51,23.72,63916.78
2020-04-17,23.94,25.27,23.79,25.1,334525.52
2020-04-20,25.07,25.53,24.7,25.21,203679.45
2020-04-21,25.18,25.18,24.74,24.89,118401.16
2020-04-22,24.81,25.14,24.74,24.99,96429.41
2020-04-23,25.04,25.41,24.87,25.13,105776.68
2020-04-24,25.05,25.05,24.51,24.85,117127.91
2020-04-27,25.08,25.41,24.87,24.95,111405.36
2020-04-28,24.92,25.3,24.67,25.29,119691.28
2020-04-29,25.15,25.85,25.15,25.72,116006.38
2020-04-30,25.74,26.3,25.42,25.53,166445.22
2020-05-06,24.87,25.11,24.78,24.96,210647.51
2020-05-07,24.97,25.0,24.47,24.62,139010.28
2020-05-08,24.75,25.05,24.73,25.0,146344.62
2020-05-11,24.99,25.57,24.94,25.35,130418.0
2020-05-12,25.21,25.34,24.67,24.86,104357.98
2020-05-13,24.8,24.92,24.51,24.83,57777.32
2020-05-14,24.73,24.83,24.36,24.38,75122.16
2020-05-15,24.53,24.66,23.94,24.05,119787.06
2020-05-18,23.85,24.21,23.8,23.98,72477.13
2020-05-19,24.28,24.61,24.16,24.26,84479.22
2020-05-20,24.23,24.46,24.05,24.29,71928.64
2020-05-21,24.37,24.41,24.16,24.2,73262.85
2020-05-22,24.0,24.18,23.54,23.54,96625.27
2020-05-25,23.87,23.87,22.54,22.65,204364.44
2020-05-26,22.84,22.95,22.63,22.87,107454.0
2020-05-27,22.85,23.13,22.74,23.02,76615.59
2020-05-28,23.06,23.55,23.01,23.36,122370.28
2020-05-29,23.22,23.22,22.66,22.9,120721.92
2020-06-01,23.05,23.41,23.05,23.41,127705.71
2020-06-02,23.35,24.12,23.26,24.03,161857.97
2020-06-03,24.06,25.31,24.06,25.04,402131.04
2020-06-04,25.18,25.23,24.74,24.88,136312.69
2020-06-05,25.0,25.02,24.49,24.9,111251.77
2020-06-08,24.99,26.2,24.99,25.85,206839.46
2020-06-09,25.76,26.19,25.68,26.08,152826.0
2020-06-10,25.95,26.08,25.66,25.87,95434.64
2020-06-11,25.72,26.02,25.25,25.41,141777.45
2020-06-12,24.66,25.25,24.43,25.17,140605.1
2020-06-15,24.91,25.11,24.4,24.51,116673.42
2020-06-16,24.96,25.05,24.69,24.91,98850.54
2020-06-17,24.92,24.94,24.53,24.71,77076.84
2020-06-18,24.72,24.72,24.32,24.69,144091.91
2020-06-19,24.68,25.27,24.52,25.2,190004.85
2020-06-22,24.94,25.72,24.81,25.07,190386.34
2020-06-23,24.91,25.0,24.58,24.74,133009.0
2020-06-24,24.87,25.51,24.79,25.25,205992.11
2020-06-29,25.08,25.22,24.17,24.33,185728.77
2020-06-30,24.5,24.66,24.06,24.34,169706.25
2020-07-01,24.34,25.17,24.15,25.17,234134.2
2020-07-02,25.06,27.02,24.98,26.87,483347.3
2020-07-03,27.18,29.56,27.18,29.56,616326.21
2020-07-06,31.4,32.51,31.25,32.51,701122.65
2020-07-07,33.99,34.72,32.54,33.36,663985.45
2020-07-08,33.72,36.7,33.19,36.7,555819.57
2020-07-09,36.7,40.36,35.89,39.36,776016.72
2020-07-10,37.56,38.18,36.04,36.59,665201.39
2020-07-13,35.65,37.18,34.26,36.03,597290.89
2020-07-14,35.44,35.71,34.66,35.45,408294.76
2020-07-15,35.87,36.14,34.59,35.4,373340.23
2020-07-16,35.82,36.73,31.86,31.87,605011.7
2020-07-17,32.09,32.69,31.03,31.46,400653.95
2020-07-20,32.63,34.61,32.53,34.61,494916.7
2020-07-21,37.37,37.37,34.87,35.76,768401.31
2020-07-22,34.77,36.59,34.36,35.18,558571.78
2020-07-23,34.28,35.16,33.36,34.54,422529.01
2020-07-24,33.89,34.01,32.08,32.26,428680.52
2020-07-27,32.45,32.71,31.82,32.2,206466.13
2020-07-28,32.62,32.76,31.77,32.0,207402.59
2020-07-29,31.77,34.22,31.73,33.68,344366.25
2020-07-30,33.63,33.68,32.72,32.94,231554.73
2020-07-31,32.72,34.19,32.52,33.26,317010.49
2020-08-03,33.48,34.2,33.28,34.11,306113.75
2020-08-04,34.25,37.14,33.59,35.79,618223.03
2020-08-05,34.78,35.52,34.2,35.09,323368.39
2020-08-06,35.09,36.16,35.02,36.05,333758.79
2020-08-07,35.63,35.99,34.36,34.83,278994.31
2020-08-10,34.63,36.93,34.41,36.68,433147.93
2020-08-11,36.36,38.28,35.73,36.04,389820.56
2020-08-12,35.54,36.87,35.54,35.88,272045.53
2020-08-13,35.9,36.17,35.02,35.49,210223.49
2020-08-14,35.24,39.04,35.08,39.04,442681.98
2020-08-17,39.2,42.94,38.56,42.94,603206.5
2020-08-18,44.26,46.37,42.88,45.11,844365.89
2020-08-19,43.81,44.19,41.45,41.71,724918.75
2020-08-20,41.01,41.51,39.45,40.08,503719.94
2020-08-21,40.14,41.27,39.75,40.74,447084.54
2020-08-24,40.5,41.11,39.69,39.76,321459.7
2020-08-25,39.76,41.15,39.22,39.76,346081.56
2020-08-26,39.75,40.97,38.48,39.24,459598.55
2020-08-27,38.52,39.58,38.01,39.28,345380.54
2020-08-28,38.9,40.9,38.66,40.8,410378.75
2020-08-31,40.97,41.46,39.81,39.81,392725.01
2020-09-01,39.39,40.07,39.24,40.05,210568.98
2020-09-02,39.94,40.47,39.62,40.17,240065.59
2020-09-03,40.02,40.42,39.45,39.56,205648.53
2020-09-04,38.29,39.0,38.29,38.73,192246.51
2020-09-07,38.73,39.13,37.09,37.09,240501.92
2020-09-08,37.37,39.65,37.22,39.27,348614.95
2020-09-09,38.28,39.92,38.27,38.92,268835.6
2020-09-10,39.6,41.56,38.94,40.17,480276.26
2020-09-11,40.1,41.17,39.66,40.63,371245.04
2020-09-14,40.69,40.91,39.39,40.18,277989.87
2020-09-15,39.73,40.72,39.46,40.27,255379.39
2020-09-16,39.86,40.44,39.54,39.84,189725.08
2020-09-17,39.84,40.56,38.42,39.14,268872.19
2020-09-18,39.05,43.06,39.05,43.06,570232.38
2020-09-21,42.84,43.55,41.43,41.85,410564.39
2020-09-22,41.3,42.23,40.54,41.7,308548.68
2020-09-23,41.4,41.66,40.79,41.14,151323.85
2020-09-24,40.74,42.78,40.58,41.54,340509.84
2020-09-25,41.47,41.81,40.72,41.38,178109.02
2020-09-28,41.41,42.25,41.2,41.53,164727.55
2020-09-29,42.02,42.17,41.36,41.46,170684.48
2020-09-30,41.56,41.89,40.1,40.49,197107.28
2020-10-09,41.1,41.47,40.65,40.88,195940.49
2020-10-12,40.89,43.19,40.88,42.71,330367.43
2020-10-13,41.97,42.94,41.53,42.84,204258.04
2020-10-14,42.47,43.17,42.1,42.84,179828.46
2020-10-15,43.26,45.11,43.0,43.78,349300.14
2020-10-16,43.57,45.66,43.26,45.23,322601.71
2020-10-19,45.02,47.54,44.75,45.57,340807.14
2020-10-20,45.55,46.03,44.39,45.47,189277.78
2020-10-21,45.39,47.52,45.09,47.36,274400.58
2020-10-22,46.46,47.12,44.48,46.2,304618.94
2020-10-23,45.59,47.06,44.66,44.66,276397.4
2020-10-26,44.5,44.92,42.57,43.63,255730.44
2020-10-27,43.39,45.2,43.29,44.69,194480.56
2020-10-28,44.66,45.01,43.48,44.71,237495.6
2020-10-29,43.88,44.54,41.89,43.75,403960.68
2020-10-30,43.94,43.94,41.83,42.0,297419.81
2020-11-02,42.38,42.44,40.04,40.72,381586.96
2020-11-03,41.01,41.91,40.6,41.72,259584.62
2020-11-04,40.58,40.86,39.37,39.58,417167.85
2020-11-05,40.09,40.49,38.28,38.95,434356.76
2020-11-06,38.97,39.05,37.41,37.62,396485.96
2020-11-09,38.0,38.9,37.65,38.82,506750.75
2020-11-10,38.9,39.75,38.38,38.87,395317.93
2020-11-11,38.53,39.42,37.97,38.98,266927.42
2020-11-12,38.87,38.94,38.01,38.19,194808.56
2020-11-13,37.95,37.99,36.66,37.09,250453.78
2020-11-16,37.5,37.9,37.13,37.74,216283.16
2020-11-17,37.8,38.14,37.23,37.75,176089.9
2020-11-18,37.75,39.23,37.74,39.03,375084.87
2020-11-19,38.64,39.42,38.55,39.38,257773.1
2020-11-20,39.23,39.24,38.45,38.74,200913.93
2020-11-23,38.66,39.42,37.64,38.86,331113.86
2020-11-24,38.57,38.9,38.14,38.18,171976.21
2020-11-25,38.55,39.35,38.38,38.46,311850.83
2020-11-26,38.41,38.96,37.62,38.26,279427.19
2020-11-27,38.21,39.07,37.87,39.01,267172.67
2020-11-30,39.28,40.47,38.65,38.65,488065.28
2020-12-01,38.6,39.51,38.07,39.28,366465.71
2020-12-02,39.28,39.28,38.55,38.69,283410.2
2020-12-03,38.69,38.69,38.14,38.4,198951.19
2020-12-04,38.23,38.23,37.73,38.01,193790.38
2020-12-07,38.03,38.35,37.75,38.19,146882.27
2020-12-08,38.19,38.49,37.98,38.11,121162.92
2020-12-09,38.24,38.45,37.71,38.05,151247.81
2020-12-10,38.13,38.22,36.87,36.94,278578.13
2020-12-11,36.82,37.14,35.82,36.26,240753.08
2020-12-14,36.23,36.25,35.18,35.56,205231.26
2020-12-15,35.58,35.63,34.74,35.11,208099.51
2020-12-16,35.33,36.03,35.15,35.57,165121.35
2020-12-17,35.36,36.41,35.02,36.28,180767.95
2020-12-18,36.24,36.55,35.37,35.46,152482.42
2020-12-21,35.19,35.83,34.87,35.63,128992.74
2020-12-22,35.54,35.61,34.02,34.07,207985.63
2020-12-23,34.13,34.39,33.41,34.09,216998.19
2020-12-24,34.18,34.9,33.83,33.95,128359.12
2020-12-25,34.04,34.32,33.18,34.2,130624.06
2020-12-28,34.13,34.8,33.61,34.09,165478.87
2020-12-29,34.08,34.52,34.08,34.37,121008.91
2020-12-30,34.14,34.24,33.64,34.07,164268.61
2020-12-31,34.04,35.73,34.04,34.99,300239.11
2021-01-04,34.99,34.99,33.87,34.48,273253.27
2021-01-05,34.17,34.19,33.57,34.17,241191.73
2021-01-06,34.09,35.54,33.95,35.54,459823.66
2021-01-07,35.61,36.27,34.93,35.85,407462.34
2021-01-08,35.78,35.79,35.11,35.57,227477.87
2021-01-11,35.45,35.51,34.39,34.4,249239.66
2021-01-12,34.54,37.5,34.11,37.19,480231.07
2021-01-13,37.17,37.5,36.17,36.51,366506.17
2021-01-14,36.45,37.86,36.45,36.76,405296.88
2021-01-15,36.59,38.56,36.5,37.73,471283.62
2021-01-18,37.36,37.96,36.46,37.25,329001.57
2021-01-19,36.91,37.6,36.55,37.3,239906.83
2021-01-20,36.87,37.15,36.27,36.43,208643.04
2021-01-21,36.44,36.51,35.55,36.08,256638.9
2021-01-22,35.82,35.99,34.63,34.65,312333.67
2021-01-25,34.65,35.24,33.93,35.23,205997.75
2021-01-26,34.83,35.05,34.13,34.31,161486.73
2021-01-27,34.31,34.89,34.22,34.4,122919.41
2021-01-28,33.85,34.19,33.72,33.94,118064.1
2021-01-29,34.11,34.14,32.54,32.94,176928.99
2021-02-01,32.81,33.29,32.46,33.1,115483.34
2021-02-02,33.27,33.3,32.53,32.77,147178.72
2021-02-03,32.79,32.79,31.66,32.09,162612.06
2021-02-04,32.27,32.52,30.94,30.97,304869.76
2021-02-05,30.65,31.16,30.43,30.8,237939.91
2021-02-08,30.71,30.97,29.36,29.53,349018.57
2021-02-09,29.7,30.27,29.07,30.26,205260.95
2021-02-10,30.25,31.21,30.15,30.64,226205.41
2021-02-18,31.22,32.5,31.2,31.84,295679.1
2021-02-19,31.7,32.55,31.15,32.17,244918.66
2021-02-22,32.19,32.46,31.52,31.64,290092.18
2021-02-23,31.65,32.6,31.64,32.26,241447.32
2021-02-24,32.1,32.96,31.35,31.56,272098.16
2021-02-25,31.15,32.85,30.34,32.22,386558.72
2021-02-26,31.47,31.84,30.16,30.22,360176.2
2021-03-01,29.98,30.34,29.52,30.13,165714.38
2021-03-02,30.05,30.67,29.89,30.16,144555.59
2021-03-03,30.16,31.13,30.07,31.01,240244.38
2021-03-04,30.84,31.47,30.67,31.11,206772.85
2021-03-05,30.8,31.09,29.98,30.37,190240.28
2021-03-08,30.39,31.15,29.98,30.02,190596.27
2021-03-09,30.14,30.55,29.49,30.04,190857.23
2021-03-10,30.03,30.21,28.71,28.8,212017.34
2021-03-11,28.76,29.31,28.76,29.31,152350.81
2021-03-12,29.16,29.48,28.89,29.21,112218.12
2021-03-15,29.24,29.32,28.8,28.99,104747.89
2021-03-16,29.15,29.75,29.06,29.71,139264.78
2021-03-17,29.62,29.71,29.07,29.14,136314.4
2021-03-18,29.02,29.49,29.02,29.3,86544.7
2021-03-19,29.17,29.21,28.32,28.32,170964.81
2021-03-22,28.32,28.79,28.28,28.76,96388.3
2021-03-23,28.93,29.43,28.78,29.11,123237.55
2021-03-24,28.92,29.43,28.84,28.95,116645.67
2021-03-25,28.72,28.88,28.43,28.62,89262.78
2021-03-26,28.64,29.46,28.61,29.34,165349.43
2021-03-29,29.34,29.6,29.03,29.26,96073.29
2021-03-30,29.26,29.42,28.94,29.21,94293.79
2021-03-31,29.03,29.14,28.8,29.0,72359.13
2021-04-01,29.07,29.4,28.9,29.34,84415.08
2021-04-02,29.33,29.54,29.1,29.41,88116.8
2021-04-06,29.36,29.54,29.23,29.38,64694.42
2021-04-07,29.39,29.48,28.76,28.95,108844.96
2021-04-08,28.86,29.28,28.75,29.15,85692.14
2021-04-09,29.11,29.13,28.39,28.48,119178.48
2021-04-12,28.45,28.7,28.32,28.39,77788.55
2021-04-13,28.39,28.49,27.72,27.95,109075.49
2021-04-14,28.02,28.2,27.72,27.93,75636.58
2021-04-15,27.87,27.88,27.16,27.29,114656.39
2021-04-16,27.37,27.96,27.27,27.91,108839.31
2021-04-19,27.95,28.29,27.64,28.27,109668.62
2021-04-20,28.08,28.24,27.8,27.88,73737.87
2021-04-21,27.77,28.09,27.47,28.05,72123.27
2021-04-22,29.04,29.36,28.43,28.55,192812.43
2021-04-23,28.59,29.61,28.59,29.26,235805.91
2021-04-26,29.08,29.08,28.28,28.28,154566.1
2021-04-27,28.19,29.66,27.88,29.45,221161.34
2021-04-28,29.52,30.26,29.2,29.94,249710.23
2021-04-29,30.0,30.65,29.52,30.64,281042.13
2021-04-30,30.66,30.87,29.71,30.14,219179.36
2021-05-06,29.89,30.25,29.62,29.83,150749.88
2021-05-07,29.73,30.14,29.62,29.72,122579.61
2021-05-10,29.66,29.66,28.99,29.38,139308.87
2021-05-11,29.14,30.06,29.07,30.06,150778.12
2021-05-12,29.86,30.24,29.62,29.93,122024.28
2021-05-13,29.52,29.84,29.21,29.63,81808.15
2021-05-14,29.65,32.42,29.54,32.3,487428.98
2021-05-17,31.89,32.08,31.35,31.5,271744.11
2021-05-18,31.57,32.49,31.53,31.86,225180.62
2021-05-19,31.65,31.97,31.16,31.37,167138.28
2021-05-20,31.48,32.42,31.21,32.09,233666.48
2021-05-21,32.35,32.44,31.27,31.36,188449.51
2021-05-24,31.26,31.98,31.22,31.74,150441.64
2021-05-25,31.79,33.43,31.54,33.04,391753.87
2021-05-26,33.01,33.9,32.71,33.34,342762.91
2021-05-27,33.01,33.57,32.81,33.22,190163.95
2021-05-28,33.08,33.6,32.9,33.44,211651.2
2021-05-31,33.05,33.32,32.54,33.17,218197.53
2021-06-01,32.76,32.89,31.74,32.11,291601.05
2021-06-02,32.08,32.53,31.58,32.27,224373.61
2021-06-03,31.98,32.67,31.88,31.94,160794.35
2021-06-04,31.8,33.03,31.77,32.6,204474.37
2021-06-07,32.4,32.62,31.99,32.26,115023.51
2021-06-08,32.25,32.79,31.94,32.4,143790.54
2021-06-09,32.3,32.75,32.21,32.4,133105.48
2021-06-10,32.22,32.68,31.38,31.57,218856.58
2021-06-11,31.3,31.43,30.3,30.34,299578.12
2021-06-15,30.21,30.54,29.68,30.32,157385.29
2021-06-16,30.3,31.04,30.17,30.71,151521.99
2021-06-17,30.6,31.06,30.25,30.59,111177.86
2021-06-18,30.6,30.89,30.3,30.45,109755.57
2021-06-21,30.19,30.8,29.66,30.78,155435.97
2021-06-22,30.97,31.61,30.53,30.95,176697.84
2021-06-23,30.89,31.22,30.61,30.75,130050.33
2021-06-24,30.75,31.44,30.55,30.98,141775.52
2021-06-25,31.18,32.18,30.86,31.79,258445.21
2021-06-28,32.03,32.1,31.26,31.43,137764.32
2021-06-29,31.31,31.47,30.7,30.86,121210.14
2021-06-30,30.71,31.23,30.71,30.88,91547.82
2021-07-01,31.06,31.23,30.2,30.34,134734.72
2021-07-02,30.16,30.23,29.02,29.15,187728.55
2021-07-05,29.07,29.92,29.01,29.77,139504.5
2021-07-06,29.77,30.73,29.67,30.65,171614.35
2021-07-07,30.62,30.94,30.15,30.39,134294.87
2021-07-08,30.35,30.39,29.51,29.66,112365.98
2021-07-09,29.67,30.01,29.11,29.31,143568.22
2021-07-12,29.49,29.68,28.85,28.95,184508.76
2021-07-13,28.94,29.21,28.78,29.18,107011.97
2021-07-14,29.05,29.06,28.25,28.43,153303.0
2021-07-15,28.56,29.26,28.36,29.03,139629.89
2021-07-16,28.73,29.16,28.48,28.82,104262.54
2021-07-19,28.84,29.12,28.2,29.04,123015.2
2021-07-20,28.84,29.11,28.57,28.85,72621.25
2021-07-21,28.64,29.26,28.59,28.79,103521.27
2021-07-22,28.62,29.58,28.58,29.24,165801.73
2021-07-23,29.18,29.54,28.7,29.03,119858.08
2021-07-26,28.74,28.74,27.26,27.41,211170.9
2021-07-27,27.32,27.5,26.31,26.52,166525.82
2021-07-28,26.79,27.13,26.53,26.58,113088.06
2021-07-29,26.94,27.17,25.92,26.11,153081.6
2021-07-30,25.92,26.4,25.59,26.06,122056.75
2021-08-02,25.79,26.84,25.13,26.31,192080.47
2021-08-03,26.12,26.7,25.9,26.55,134710.53
2021-08-04,26.46,26.5,25.99,26.21,105084.09
2021-08-05,26.0,26.88,25.89,26.12,121160.74
2021-08-06,25.97,26.21,25.79,25.89,80245.86
2021-08-09,25.74,26.97,25.53,26.53,160057.74
2021-08-10,26.34,26.89,26.16,26.76,129704.73
2021-08-11,26.79,27.43,26.74,26.8,157364.03
2021-08-12,26.71,27.08,26.35,26.38,106765.74
2021-08-13,26.41,26.63,26.26,26.44,76221.19
2021-08-16,26.54,27.08,26.48,26.77,109951.28
2021-08-17,26.77,27.31,26.61,26.66,175620.07
2021-08-18,26.52,28.27,26.21,27.89,301169.42
2021-08-19,27.58,27.71,27.01,27.13,169142.52
2021-08-20,26.88,27.91,26.8,27.6,227267.5
2021-08-23,27.59,27.66,27.04,27.34,124317.1
2021-08-24,27.06,27.64,26.93,27.51,145010.38
2021-08-25,27.45,27.71,27.25,27.42,85302.56
2021-08-26,27.27,27.51,26.87,26.89,114149.43
2021-08-27,26.99,27.78,26.98,27.41,142378.83
2021-08-30,27.41,27.41,26.52,26.61,143140.84
2021-08-31,26.44,26.97,26.16,26.84,118332.15
2021-09-01,26.75,29.13,26.71,28.68,377364.84
2021-09-02,28.67,29.41,28.38,28.78,261726.9
2021-09-03,29.13,29.4,28.12,28.81,220560.86
2021-09-06,28.48,29.3,28.46,28.89,173311.64
2021-09-07,28.81,29.37,28.53,29.35,211041.7
2021-09-08,29.3,30.3,29.19,29.5,247258.17
2021-09-09,29.13,29.59,28.7,29.25,150240.86
2021-09-10,29.22,30.24,29.17,29.58,230858.18
2021-09-13,29.59,30.27,29.5,29.85,154757.92
2021-09-14,29.87,30.17,28.59,28.76,201838.71
2021-09-15,28.48,28.92,28.33,28.68,133546.29
2021-09-16,28.66,29.02,28.11,28.71,146515.94
2021-09-17,28.71,29.02,28.48,28.68,111953.85
2021-09-22,27.92,28.06,27.39,27.61,157812.39
2021-09-23,27.91,28.34,27.57,27.92,158946.07
2021-09-24,27.76,28.24,27.41,27.57,113324.5
2021-09-27,27.51,28.52,27.43,28.37,176571.99
2021-09-28,28.35,28.63,27.96,28.07,134930.38
2021-09-29,27.92,28.46,27.78,28.35,134976.38
2021-09-30,28.21,28.39,27.63,27.73,140921.88
2021-10-08,28.2,29.3,28.02,29.13,262200.88
2021-10-11,29.14,30.71,29.14,29.69,296573.39
2021-10-12,29.69,30.09,29.17,29.79,184671.97
2021-10-13,29.69,29.87,29.02,29.41,148542.15
2021-10-14,29.26,29.58,29.05,29.1,103955.62
2021-10-15,29.12,29.36,28.89,29.16,118216.2
2021-10-18,29.36,29.69,28.24,28.48,158961.91
2021-10-19,28.38,29.51,28.3,29.08,136244.65
2021-10-20,29.4,29.72,28.69,28.92,110395.87
2021-10-21,29.16,30.67,29.0,30.28,326279.8
2021-10-22,30.3,30.59,30.01,30.37,174252.9
2021-10-25,30.32,30.51,29.77,30.46,145317.49
2021-10-26,30.43,30.8,29.83,30.06,139260.38
2021-10-27,29.79,30.3,29.41,29.9,118782.29
2021-10-28,29.67,30.14,29.29,29.69,130987.37
2021-10-29,29.28,29.47,27.62,27.73,378025.69
2021-11-01,27.44,28.13,27.19,27.72,127487.2
2021-11-02,27.7,28.15,26.99,27.28,154262.95
2021-11-03,27.28,27.55,27.16,27.32,72606.55
2021-11-04,27.3,27.44,26.89,27.01,114369.78
2021-11-05,26.88,27.17,26.75,26.84,84235.05
2021-11-08,26.75,27.17,26.52,26.97,94014.05
2021-11-09,27.07,27.22,26.71,26.88,66343.55
2021-11-10,26.85,26.85,26.34,26.57,85303.19
2021-11-11,26.47,27.27,26.44,27.23,137599.97
2021-11-12,27.23,27.28,26.9,27.11,61733.54
2021-11-15,27.26,27.41,26.96,27.18,60734.34
2021-11-16,27.34,27.53,27.1,27.32,99671.71
2021-11-17,27.1,27.45,27.1,27.25,73893.97
2021-11-18,27.13,27.31,27.01,27.08,58419.19
2021-11-19,27.0,27.63,26.95,27.46,88164.92
2021-11-22,27.45,27.55,27.28,27.42,50338.16
2021-11-23,27.42,27.84,27.31,27.42,88688.14
2021-11-24,27.73,27.73,27.12,27.51,74920.03
2021-11-25,27.42,27.44,27.19,27.36,47682.05
2021-11-26,27.22,27.32,26.89,26.92,81438.36
2021-11-29,26.71,26.97,26.61,26.82,58691.88
2021-11-30,26.86,27.5,26.73,27.5,70699.75
2021-12-01,27.08,27.36,27.01,27.29,68441.38
2021-12-02,27.22,27.5,27.01,27.13,77910.91
2021-12-03,27.14,27.31,26.97,27.26,61196.34
2021-12-06,27.55,27.81,27.32,27.4,129044.8
2021-12-07,27.61,27.89,27.32,27.73,113188.74
2021-12-08,27.73,27.82,27.41,27.82,105828.21
2021-12-09,27.91,28.75,27.74,28.35,195163.07
2021-12-10,28.17,28.43,28.03,28.29,112775.27
2021-12-13,28.39,28.85,28.17,28.2,137109.95
2021-12-14,28.1,28.25,27.82,28.08,86389.12
2021-12-15,27.89,28.1,27.74,27.84,59753.11
2021-12-16,27.81,28.08,27.77,28.01,61879.37
2021-12-17,27.95,28.13,27.81,27.85,68054.74
2021-12-20,27.85,28.2,27.75,27.93,87518.72
2021-12-21,27.9,28.24,27.9,28.15,68648.18
2021-12-22,28.18,28.24,27.76,27.86,78288.02
2021-12-23,27.81,27.98,27.66,27.9,51363.4
2021-12-24,27.91,28.13,27.65,28.05,73416.43
2021-12-27,28.1,28.3,27.99,28.17,58534.34
2021-12-28,28.18,28.47,28.17,28.26,82988.98
2021-12-29,28.53,28.53,28.08,28.2,55402.19
2021-12-30,28.11,28.34,28.07,28.08,54313.6
2021-12-31,28.22,28.34,27.99,28.0,57631.98
2022-01-04,27.95,28.32,27.62,28.21,104703.01
2022-01-05,28.22,28.8,28.15,28.41,133222.33
2022-01-06,28.36,28.61,28.06,28.09,78877.73
2022-01-07,28.2,28.78,28.09,28.42,116201.19
2022-01-10,28.05,28.06,27.45,27.93,161672.38
2022-01-11,27.82,28.38,27.73,28.07,98216.05
2022-01-12,28.15,28.2,27.78,28.01,65107.59
2022-01-13,28.0,28.48,27.92,27.95,76514.19
2022-01-14,27.92,27.92,26.99,26.99,138018.99
2022-01-17,26.91,27.1,26.74,26.88,85762.98
2022-01-18,26.99,27.22,26.85,27.03,62627.93
2022-01-19,27.01,27.33,27.01,27.14,55837.23
2022-01-20,27.14,27.84,27.1,27.69,133272.58
2022-01-21,27.65,27.9,27.33,27.49,69667.01
2022-01-24,27.49,27.54,27.04,27.16,55940.0
2022-01-25,27.05,27.16,26.57,26.57,79988.85
2022-01-26,26.61,26.83,26.44,26.66,60345.99
2022-01-27,26.44,26.54,26.06,26.07,73766.66
2022-01-28,26.24,26.37,25.61,25.65,79271.2
2022-02-07,25.99,26.48,25.78,26.24,65470.28
2022-02-08,26.29,26.98,26.21,26.85,89646.42
2022-02-09,26.85,27.14,26.69,26.84,60300.65
2022-02-10,26.8,27.49,26.6,27.4,106624.02
2022-02-11,27.4,29.67,27.36,29.41,486882.77
2022-02-14,29.39,29.59,28.58,28.66,194747.23
2022-02-15,28.58,28.89,28.33,28.57,105235.93
2022-02-16,28.74,28.9,28.52,28.62,84252.23
2022-02-17,28.3,28.71,28.07,28.32,99943.85
2022-02-18,28.06,28.79,28.04,28.43,94168.09
2022-02-21,28.38,28.38,27.57,28.08,138299.01
2022-02-22,27.82,27.95,27.5,27.89,100616.53
2022-02-23,27.9,27.95,27.63,27.76,90483.17
2022-02-24,27.61,27.64,26.67,26.93,163661.04
2022-02-25,26.86,27.14,26.8,26.92,78467.36
2022-02-28,26.97,27.03,26.54,26.78,74609.57
2022-03-01,26.92,27.3,26.7,27.26,93581.06
2022-03-02,27.04,27.15,26.8,26.92,60982.21
2022-03-03,27.0,27.15,26.73,26.82,61614.14
2022-03-04,26.61,26.74,26.27,26.69,90447.32
2022-03-07,26.42,26.44,25.73,25.87,128263.6
2022-03-08,25.85,25.99,24.76,24.94,132311.74
2022-03-09,24.94,25.08,23.24,24.14,168992.56
2022-03-10,24.61,24.72,24.06,24.13,87695.51
2022-03-11,23.73,24.39,23.44,24.29,95374.62
2022-03-14,24.01,24.16,23.8,23.87,64751.98
2022-03-15,23.73,23.79,22.44,22.45,129337.68
2022-03-16,22.61,23.46,22.13,23.27,142806.39
2022-03-17,23.64,24.34,23.28,23.9,153791.69
2022-03-18,23.78,25.24,23.66,24.64,365727.35
2022-03-21,24.54,24.54,23.83,24.02,134726.01
2022-03-22,23.45,24.21,23.28,24.04,91790.81
2022-03-23,24.01,24.18,23.73,23.92,65459.7
2022-03-24,23.71,24.06,23.55,23.77,59376.68
2022-03-25,23.82,24.2,23.55,23.56,87947.88
2022-03-28,23.17,23.59,22.8,23.53,81889.04
2022-03-29,23.59,23.66,23.22,23.25,40886.75
2022-03-30,23.43,24.26,23.43,24.2,129184.65
2022-03-31,24.1,24.85,23.99,24.42,125520.86
2022-04-01,24.26,25.29,24.13,25.23,172883.85
2022-04-06,25.1,25.45,24.99,25.29,107889.01
2022-04-07,25.29,25.41,24.62,24.67,139471.13
2022-04-08,24.65,25.26,24.52,25.18,92289.91
2022-04-11,24.93,25.13,24.57,24.65,80158.53
2022-04-12,24.67,25.4,24.66,25.27,102514.34
2022-04-13,25.06,25.34,24.89,25.0,64037.21
2022-04-14,25.22,25.3,24.77,25.08,68794.98
2022-04-15,24.83,25.26,24.77,25.06,72044.81
2022-04-18,24.87,24.99,24.14,24.36,93436.56
2022-04-19,24.41,24.46,23.94,24.15,53930.54
2022-04-20,24.18,24.29,23.56,23.82,77806.16
2022-04-21,23.68,24.53,23.56,24.08,98656.49
2022-04-22,23.92,24.87,23.87,24.66,103474.89
2022-04-25,24.02,24.49,23.5,23.54,116587.17
2022-04-26,23.54,23.73,22.59,23.01,148205.38
2022-04-27,22.9,23.53,22.81,23.28,108000.43
2022-04-28,22.67,23.04,22.51,22.8,96480.73
2022-04-29,22.99,23.71,22.83,23.68,98187.08
2022-05-05,23.54,24.15,23.45,23.78,76976.14
2022-05-06,23.47,23.72,23.18,23.36,51039.76
2022-05-09,23.26,23.83,23.08,23.81,62752.06
2022-05-10,23.46,24.18,23.46,23.78,63425.77
2022-05-11,23.78,24.0,23.5,23.64,72332.01
2022-05-12,23.46,23.69,23.31,23.5,51684.99
2022-05-13,23.6,23.91,23.4,23.53,41038.02
2022-05-16,23.63,23.73,23.27,23.32,42454.56
2022-05-17,23.32,23.43,23.17,23.4,50406.55
2022-05-18,23.43,23.45,22.99,23.09,64439.44
2022-05-19,22.83,23.04,22.58,22.82,79280.43
2022-05-20,22.93,23.22,22.83,23.19,78555.41
2022-05-23,23.19,23.22,22.9,23.09,55861.76
2022-05-24,23.06,23.29,22.76,22.78,86286.22
2022-05-25,22.89,22.89,22.39,22.52,107591.32
2022-05-26,22.53,22.69,22.26,22.61,94614.88
2022-05-27,22.67,22.86,22.61,22.72,70405.92
2022-05-30,22.73,22.92,22.64,22.76,68492.81
2022-05-31,22.58,23.24,22.55,23.12,115800.35
2022-06-01,23.11,23.25,22.89,23.08,58662.78
2022-06-02,22.95,23.4,22.85,23.38,84657.58
2022-06-06,23.26,23.39,22.96,23.32,96788.84
2022-06-07,23.33,23.56,23.17,23.39,100871.87
2022-06-08,23.36,23.58,23.08,23.42,102729.44
2022-06-09,23.45,23.92,23.38,23.66,153797.57
2022-06-10,23.4,23.97,23.24,23.88,174539.19
2022-06-13,23.6,23.72,23.24,23.39,97286.4
2022-06-14,23.25,24.47,22.97,24.41,177770.62
2022-06-15,24.46,26.85,24.43,26.85,574034.58
2022-06-16,26.85,26.88,25.67,26.02,495506.08
2022-06-17,25.39,27.26,25.39,26.43,344823.88
2022-06-20,26.2,27.34,26.09,26.88,280647.57
2022-06-21,26.77,28.84,26.61,28.01,398511.24
2022-06-22,27.68,28.29,27.41,27.84,231533.13
2022-06-23,27.73,29.59,27.73,29.17,297619.8
2022-06-24,28.92,30.32,28.71,29.56,287166.5
2022-06-27,29.59,29.63,28.77,29.27,189325.64
2022-06-28,29.15,29.21,27.95,28.31,320563.53
2022-06-29,28.18,28.94,28.1,28.39,246792.45
2022-06-30,28.39,29.4,28.25,28.92,161612.95
2022-07-01,29.01,29.37,28.56,28.85,88419.27
2022-07-04,28.85,29.12,27.95,28.4,167284.89
2022-07-05,28.38,29.11,28.31,28.7,157517.57
2022-07-06,28.7,28.74,28.02,28.38,117590.67
2022-07-07,28.29,28.64,28.05,28.07,87249.89
2022-07-08,28.12,28.57,28.01,28.15,72914.04
2022-07-11,28.13,28.39,27.84,27.95,111329.98
2022-07-12,27.97,28.16,27.62,27.79,84717.45
2022-07-13,27.79,27.94,27.14,27.38,111568.81
2022-07-14,27.53,27.53,26.83,27.08,110407.06
2022-07-15,27.08,27.5,26.64,26.64,91882.21
2022-07-18,26.36,27.69,26.36,27.41,107711.18
2022-07-19,27.35,27.39,26.85,27.1,70826.64
2022-07-20,27.2,27.68,27.13,27.53,102822.02
2022-07-21,27.5,27.5,26.76,26.84,79257.17
2022-07-22,26.85,27.26,26.45,26.85,84730.15
2022-07-25,26.84,26.99,26.55,26.82,51812.95
2022-07-26,26.84,27.25,26.72,27.0,53294.74
2022-07-27,26.79,26.96,26.57,26.63,39288.34
2022-07-28,26.85,27.4,26.72,26.74,73936.32
2022-07-29,26.71,27.15,26.37,26.52,67999.84
2022-08-01,26.25,26.34,25.79,26.15,94922.36
2022-08-02,25.86,25.86,25.04,25.27,135763.73
2022-08-03,25.5,25.56,24.74,24.83,105668.86
2022-08-04,25.12,25.39,24.95,25.25,68082.85
2022-08-05,25.39,25.67,25.13,25.54,74337.72
2022-08-08,25.33,25.69,25.03,25.22,68915.44
2022-08-09,25.3,25.33,25.0,25.02,57349.45
2022-08-10,25.03,25.13,24.56,24.74,65176.48
2022-08-11,24.97,26.48,24.76,26.18,227988.27
2022-08-12,25.69,26.96,25.68,26.6,177925.05
2022-08-15,26.28,26.52,25.69,25.86,125121.89
2022-08-16,25.88,26.02,25.42,25.47,101207.38
2022-08-17,25.47,26.41,25.25,26.35,150316.05
2022-08-18,26.25,26.25,25.71,25.83,103798.4
2022-08-19,25.68,26.36,25.62,25.86,106816.28
2022-08-22,25.86,26.1,25.63,25.76,82612.75
2022-08-23,25.78,26.08,25.41,25.66,81326.67
2022-08-24,26.01,27.55,25.93,26.93,318876.48
2022-08-25,26.84,27.98,26.52,27.79,334215.62
2022-08-26,27.49,28.54,26.91,28.02,224275.03
2022-08-29,27.94,28.26,27.13,27.62,131490.8
2022-08-30,27.55,28.25,27.31,28.07,140192.86
2022-08-31,27.82,29.33,27.76,29.21,268179.41
2022-09-01,28.83,29.6,28.72,28.98,156787.57
2022-09-02,28.94,29.12,27.95,28.26,223210.2
2022-09-05,28.01,28.65,27.83,28.42,117206.67
2022-09-06,28.55,29.06,28.41,28.87,129764.42
2022-09-07,28.77,29.08,28.45,28.79,79945.53
2022-09-08,28.79,29.74,28.67,29.27,122142.35
2022-09-09,29.11,30.23,29.0,29.98,225769.91
2022-09-13,29.95,30.54,29.4,29.94,131944.34
2022-09-14,29.5,30.3,29.48,30.1,102979.43
2022-09-15,29.99,30.53,29.99,30.2,126883.29
2022-09-16,30.18,30.36,29.45,29.56,178621.6
2022-09-19,29.51,29.89,28.71,29.37,143231.8
2022-09-20,29.39,29.39,28.15,28.4,180521.95
2022-09-21,28.48,28.77,28.08,28.38,102764.68
2022-09-22,28.21,28.65,28.09,28.46,81825.18
2022-09-23,28.38,29.79,28.34,29.39,157917.4
2022-09-26,29.3,30.07,29.19,29.33,150155.57
2022-09-27,29.33,29.98,29.12,29.6,97470.66
2022-09-28,29.57,30.34,29.19,29.96,166463.43
2022-09-29,29.87,30.48,29.79,30.23,107178.89
2022-09-30,30.22,30.45,29.65,30.1,111268.85
2022-10-10,29.79,30.23,29.26,29.68,119683.77
2022-10-11,29.67,29.98,29.1,29.35,112962.32
2022-10-12,29.52,30.6,29.27,30.58,144593.8
2022-10-13,30.59,31.02,29.93,30.86,191241.16
2022-10-14,30.82,31.07,29.69,29.74,175122.74
2022-10-17,29.48,30.48,29.2,30.19,113369.61
2022-10-18,30.27,30.45,28.55,28.83,181775.73
2022-10-19,28.82,28.91,27.94,28.13,147311.62
2022-10-20,28.0,28.83,27.99,28.37,114348.44
2022-10-21,28.6,28.7,27.83,27.95,79820.51
2022-10-24,27.98,28.22,26.74,26.91,187074.0
2022-10-25,27.09,27.42,26.77,27.16,114702.15
2022-10-26,27.21,27.41,26.72,26.89,108919.54
2022-10-27,26.93,27.06,26.56,26.6,105214.36
2022-10-28,26.27,26.75,25.77,25.94,113625.42
2022-10-31,25.79,25.79,25.03,25.31,159822.76
2022-11-01,25.49,26.72,25.35,26.69,166357.92
2022-11-02,26.65,26.65,26.15,26.37,105666.78
2022-11-03,26.26,26.64,26.0,26.46,92430.24
2022-11-04,26.31,28.41,26.31,28.03,212160.16
2022-11-07,27.81,28.83,27.65,28.53,126277.1
2022-11-08,28.47,28.74,28.17,28.69,76490.99
2022-11-09,28.55,28.75,28.26,28.26,57433.96
2022-11-10,28.21,28.61,27.87,28.58,71285.28
2022-11-11,29.36,30.07,28.75,29.86,175443.48
2022-11-14,30.17,31.4,30.17,30.92,278615.05
2022-11-15,30.95,31.73,30.6,30.93,223337.18
2022-11-16,30.78,31.0,30.19,30.22,106765.15
2022-11-17,30.24,30.81,30.07,30.65,104752.11
2022-11-18,30.67,31.14,30.48,30.55,76261.63
2022-11-21,30.52,30.52,29.33,29.85,179202.24
2022-11-22,29.88,31.69,29.57,31.17,203478.73
2022-11-23,30.9,31.96,30.75,31.16,218948.92
2022-11-24,31.18,31.57,30.84,30.93,97577.18
2022-11-25,30.74,32.15,30.69,31.99,179664.54
2022-11-28,31.5,32.07,31.17,31.76,154740.25
2022-11-29,31.94,34.26,31.94,34.05,355857.06
2022-11-30,33.61,34.6,33.51,34.4,263355.32
2022-12-01,34.57,35.39,33.65,33.86,267514.28
2022-12-02,33.87,34.13,33.25,33.59,201730.55
2022-12-05,33.98,35.35,33.8,35.3,272288.67
2022-12-06,35.1,35.37,34.26,35.07,171484.5
2022-12-07,34.6,34.91,33.63,34.37,231011.24
2022-12-08,34.27,34.77,34.14,34.6,144740.12
2022-12-09,34.26,34.75,33.92,34.45,131593.11
2022-12-12,34.29,34.34,33.42,33.64,133759.83
2022-12-13,33.73,34.02,33.6,33.74,74604.36
2022-12-14,33.81,33.98,33.31,33.68,83213.26
2022-12-15,33.45,33.74,33.02,33.5,80357.87
2022-12-16,33.28,34.4,33.28,33.91,121278.75
2022-12-19,33.89,34.2,33.2,33.3,95781.76
2022-12-20,33.25,33.58,32.69,33.08,155469.84
2022-12-21,33.3,34.08,32.96,33.73,88059.22
2022-12-22,33.76,34.98,33.76,34.12,93206.98
2022-12-23,33.91,34.88,33.78,34.62,102921.47
2022-12-26,34.66,34.71,33.57,33.87,147718.37
2022-12-27,34.21,35.28,34.08,35.11,127407.76
2022-12-28,34.79,35.48,34.64,35.16,105520.21
2022-12-29,34.81,35.3,34.21,34.94,110441.36
2022-12-30,35.13,35.64,34.85,35.32,102471.96
2023-01-03,35.32,35.36,34.48,34.92,118689.04
2023-01-04,35.19,35.95,34.66,35.9,130558.26
2023-01-05,35.9,36.64,35.71,36.09,168304.46
2023-01-06,36.08,36.14,35.19,35.24,100115.7
2023-01-09,35.5,35.59,34.92,35.47,97911.12
2023-01-10,35.49,35.49,34.5,34.64,150054.09
2023-01-11,34.73,35.72,34.67,35.2,128069.21
2023-01-12,35.46,35.46,34.81,35.32,101072.51
2023-01-13,35.26,36.26,34.89,36.21,120129.35
2023-01-16,36.2,36.53,35.54,35.62,190530.12
2023-01-17,35.62,35.62,33.71,34.35,257299.48
2023-01-18,34.18,34.55,33.97,34.45,131235.83
2023-01-19,34.26,34.54,33.84,34.25,146319.07
2023-01-20,34.43,34.71,34.02,34.35,129873.13
2023-01-30,35.06,35.09,32.94,33.12,240226.46
2023-01-31,33.17,33.53,32.32,32.39,197946.78
2023-02-01,32.47,32.6,31.74,32.3,246886.64
2023-02-02,32.24,32.43,31.74,32.25,203070.45
2023-02-03,32.21,32.21,31.55,31.89,157718.46
2023-02-06,31.48,31.88,31.2,31.87,187654.84
2023-02-07,31.96,32.43,31.76,32.07,223064.44
2023-02-08,32.02,32.34,31.67,31.79,100558.62
2023-02-09,31.7,32.62,31.7,32.53,181774.16
2023-02-10,32.49,32.64,32.22,32.57,91159.11
2023-02-13,32.48,33.27,31.69,32.93,220798.71
2023-02-14,32.94,33.53,32.65,33.53,139971.4
2023-02-15,33.35,33.73,32.78,33.08,118605.23
2023-02-16,32.93,33.67,32.6,32.75,126493.56
2023-02-17,32.36,33.57,32.36,32.75,133700.55
2023-02-20,32.79,34.51,32.75,34.43,212619.66
2023-02-21,34.45,34.5,33.97,34.4,84908.37
2023-02-22,34.24,34.35,33.89,34.12,94877.74
2023-02-23,33.89,34.7,33.89,34.11,93583.17
2023-02-24,34.22,34.24,33.68,33.81,112388.82
2023-02-27,33.81,34.19,33.53,33.96,61552.82
2023-02-28,33.88,34.17,33.69,34.04,105809.34
2023-03-01,34.07,35.34,33.95,35.3,178900.46
2023-03-02,34.94,35.35,34.92,35.22,68792.04
2023-03-03,35.22,35.78,34.91,35.1,92843.77
2023-03-06,34.92,35.02,33.89,34.29,160563.44
2023-03-07,34.19,34.91,33.7,33.77,110003.15
2023-03-08,33.71,33.73,32.99,33.4,133553.63
2023-03-09,33.54,33.63,32.84,33.36,83225.56
2023-03-10,33.0,33.59,32.97,33.03,82647.42
2023-03-13,33.12,33.67,32.95,33.61,80330.71
2023-03-14,33.41,33.41,32.06,32.32,150075.11
2023-03-15,32.55,32.87,32.38,32.67,75810.54
2023-03-16,32.45,32.58,32.06,32.09,82388.94
2023-03-17,32.4,33.68,32.24,32.74,158633.07
2023-03-20,32.66,33.59,32.47,32.67,152885.83
2023-03-21,32.68,33.26,32.29,32.58,124191.95
2023-03-22,32.67,32.88,32.18,32.26,90765.62
2023-03-23,32.31,32.95,31.81,32.8,98215.12
2023-03-24,32.76,32.76,32.05,32.14,107274.28
2023-03-27,32.15,32.93,31.31,32.74,221376.7
2023-03-28,32.59,32.79,32.08,32.17,128142.19
2023-03-29,32.48,32.57,31.72,32.36,149191.99
2023-03-30,31.91,32.15,30.46,31.3,230506.33
2023-03-31,31.24,32.21,31.15,31.68,154197.58
2023-04-03,31.58,32.29,31.58,32.02,95975.8
2023-04-04,32.07,32.39,31.71,32.08,133486.55
2023-04-06,31.95,32.04,31.43,31.67,122616.02
2023-04-07,31.68,32.31,31.51,31.96,68710.25
2023-04-10,31.96,32.69,31.67,32.32,95126.04
2023-04-11,32.26,32.44,31.64,31.79,101026.82
2023-04-12,31.9,32.79,31.69,32.05,128860.72
2023-04-13,31.88,32.45,31.83,32.1,95681.76
2023-04-14,32.18,32.42,31.79,32.09,75772.7
2023-04-17,32.0,33.51,31.68,33.5,217947.91
2023-04-18,33.43,35.61,33.31,35.21,387602.12
2023-04-19,35.07,35.69,34.79,34.95,165735.19
2023-04-20,34.94,35.58,34.32,35.19,160308.63
2023-04-21,35.16,35.18,34.07,34.21,155378.91
2023-04-24,34.4,35.45,34.37,34.51,149262.65
2023-04-25,34.52,35.33,34.4,35.1,136368.57
2023-04-26,34.83,34.93,33.64,34.39,160429.94
2023-04-27,34.46,36.86,34.46,36.61,326759.11
2023-04-28,36.16,38.05,36.06,37.11,315746.37
2023-05-04,36.68,38.51,35.73,38.22,273505.4
2023-05-05,38.06,38.51,36.77,37.07,172718.75
2023-05-08,36.92,38.45,36.83,37.74,201306.35
2023-05-09,37.74,38.28,36.45,36.63,215294.32
2023-05-10,36.57,36.58,35.7,36.16,175702.32
2023-05-11,36.3,37.82,35.92,37.07,159967.03
2023-05-12,36.95,38.06,36.31,37.29,185534.01
2023-05-15,37.29,40.92,36.43,40.68,304332.74
2023-05-16,40.15,40.15,38.55,39.2,269250.1
2023-05-17,38.72,38.74,37.53,38.45,240274.4
2023-05-18,38.07,39.97,37.78,39.17,199134.51
2023-05-19,39.02,39.97,38.35,39.59,128661.17
2023-05-22,39.19,40.11,38.36,38.97,145945.8
2023-05-23,38.86,39.01,37.3,37.36,189391.5
2023-05-24,37.27,37.27,35.55,35.69,229227.99
2023-05-25,35.67,35.74,35.11,35.73,130931.13
2023-05-26,35.68,36.58,34.96,35.88,145991.2
2023-05-29,35.88,36.12,35.27,35.7,137306.06
2023-05-30,35.32,36.9,35.32,36.21,147263.38
2023-05-31,36.11,36.16,35.22,35.53,105805.84
2023-06-01,35.58,36.34,35.35,35.96,130063.16
2023-06-02,36.33,36.7,35.84,36.53,130067.73
2023-06-05,36.43,36.49,35.68,35.88,96791.05
2023-06-06,35.77,36.95,35.5,35.66,155588.21
2023-06-07,35.68,36.37,35.64,35.85,99834.81
2023-06-08,35.7,36.59,35.56,36.4,105287.66
2023-06-09,36.46,37.09,35.89,36.04,112323.87
2023-06-12,35.94,36.39,35.37,35.74,107509.14
2023-06-13,35.72,36.1,35.64,36.1,67966.48
2023-06-14,36.1,37.08,35.91,36.15,108630.49
2023-06-15,36.44,36.78,35.55,35.92,119008.15
2023-06-16,35.72,36.06,35.48,36.05,98969.15
2023-06-19,35.96,35.96,34.36,34.71,268730.13
2023-06-20,34.63,34.65,33.8,34.22,140018.33
2023-06-21,34.15,34.38,33.73,33.73,83240.29
2023-06-26,33.49,33.63,32.92,33.17,76250.71
2023-06-27,33.28,33.6,33.06,33.47,111367.71
2023-06-28,33.49,34.0,33.1,33.41,74969.58
2023-06-29,33.64,33.77,32.84,33.48,84897.19
2023-06-30,33.4,33.57,33.18,33.26,66171.05
2023-07-03,33.13,34.55,33.1,34.47,194836.48
2023-07-04,34.4,34.48,33.92,34.04,71789.38
2023-07-05,34.04,34.08,33.61,33.68,47510.17
2023-07-06,33.73,34.13,33.41,33.52,82398.83
2023-07-07,33.48,33.61,32.73,33.08,132813.07
2023-07-10,33.4,33.4,32.48,32.57,104998.74
2023-07-11,32.89,32.89,32.44,32.53,104953.1
2023-07-12,32.59,32.89,32.26,32.33,123978.25
2023-07-13,32.68,32.71,32.35,32.53,171151.96
2023-07-14,32.63,33.26,32.35,32.82,140423.21
2023-07-17,32.65,32.79,31.41,31.68,207987.93
2023-07-18,31.69,31.76,31.38,31.56,99169.39
2023-07-19,31.56,31.71,31.29,31.47,93944.97
2023-07-20,31.41,31.65,30.82,30.89,150339.83
2023-07-21,30.78,30.78,30.16,30.57,169111.51
2023-07-24,30.39,30.7,30.33,30.51,79305.47
2023-07-25,31.37,32.47,31.22,32.34,518293.09
2023-07-26,32.04,32.68,31.94,32.61,196578.14
2023-07-27,32.63,34.02,32.49,33.28,284817.93
2023-07-28,33.28,35.41,33.17,35.19,403695.43
2023-07-31,35.26,36.28,35.23,35.41,417806.08
2023-08-01,35.37,36.29,34.96,35.39,261335.31
2023-08-02,35.03,36.47,34.95,35.31,221652.28
2023-08-03,35.28,37.06,34.93,36.69,299912.98
2023-08-04,36.94,37.93,36.49,36.67,385159.2
2023-08-07,36.21,36.21,35.58,35.89,205432.0
2023-08-08,35.81,36.51,35.23,35.84,143847.65
2023-08-09,35.75,36.01,35.61,35.79,99653.03
2023-08-10,35.74,36.09,35.41,35.86,81502.23
2023-08-11,35.9,36.5,34.73,34.73,155166.81
2023-08-14,34.08,34.57,33.81,34.26,129911.15
2023-08-15,34.33,35.46,34.12,35.21,144472.42
2023-08-16,34.87,35.48,34.66,34.73,104018.32
2023-08-17,34.58,34.76,33.56,34.01,163221.38
2023-08-18,34.02,35.92,34.02,34.86,245230.48
2023-08-21,34.61,34.61,33.36,33.36,162036.97
2023-08-22,33.62,34.52,33.56,34.23,148147.95
2023-08-23,34.14,34.38,33.59,33.79,123515.03
2023-08-24,33.17,34.16,32.89,33.51,204257.1
2023-08-25,33.48,34.23,32.61,33.9,191639.77
2023-08-28,36.88,37.06,34.3,34.43,237233.41
2023-08-29,34.61,35.0,34.04,34.36,178276.01
2023-08-30,34.18,34.73,33.78,34.26,169650.85
2023-08-31,34.18,35.34,34.13,34.4,152813.22
2023-09-01,34.75,36.35,34.75,36.04,267781.2
2023-09-04,36.02,37.28,35.89,36.77,235062.75
2023-09-05,36.59,36.59,35.68,35.89,112619.58
2023-09-06,35.74,36.18,35.33,35.87,91683.23
2023-09-07,35.71,35.89,35.4,35.47,78855.27
2023-09-08,35.31,35.85,35.31,35.71,70792.44
2023-09-11,35.72,36.13,35.33,35.59,113545.54
2023-09-12,35.34,35.49,34.64,34.83,109081.75
2023-09-13,34.77,35.32,34.67,34.85,73924.43
2023-09-14,35.13,35.13,34.48,34.74,60524.72
2023-09-15,34.84,35.05,34.14,34.41,98971.66
2023-09-18,34.28,34.81,33.95,34.71,97097.01
2023-09-19,34.66,35.54,34.49,35.41,92891.58
2023-09-20,35.27,35.53,34.87,35.41,73898.86
2023-09-21,35.3,35.71,35.12,35.53,95293.05
2023-09-22,35.22,36.03,34.92,36.01,154741.26
2023-09-25,35.75,36.26,35.36,35.96,119776.86
2023-09-26,36.09,36.25,35.82,35.97,54229.22
2023-09-27,36.04,36.11,35.47,35.66,74340.85
2023-09-28,35.78,35.8,34.9,35.01,77942.2
2023-10-09,34.76,35.06,34.36,34.85,70131.47
2023-10-10,34.98,35.23,34.4,34.48,55361.05
2023-10-11,34.61,35.17,34.58,35.02,72263.36
2023-10-12,36.21,36.57,35.6,36.55,173261.22
2023-10-13,36.25,36.25,35.68,36.19,94974.25
2023-10-16,36.1,36.48,35.87,36.32,88229.97
2023-10-17,36.33,37.02,36.23,36.65,92538.13
2023-10-18,36.3,36.88,36.3,36.44,75902.14
2023-10-19,36.07,36.21,34.6,34.76,147570.51
2023-10-20,34.57,34.82,33.02,33.28,143891.02
2023-10-23,32.83,34.13,32.75,33.67,116415.54
2023-10-24,33.6,33.84,32.89,33.18,90462.24
2023-10-25,33.79,33.89,32.74,32.76,117520.11
2023-10-26,32.54,33.34,32.38,32.78,102808.38
2023-10-27,31.26,32.83,30.6,32.34,310635.52
2023-10-30,31.84,32.43,31.0,32.07,234249.69
2023-10-31,31.86,32.5,31.77,32.44,121546.16
2023-11-01,32.59,32.63,31.81,32.01,100966.0
2023-11-02,31.99,32.13,31.31,31.41,108002.23
2023-11-03,31.41,31.75,31.24,31.61,108438.39
2023-11-06,31.84,32.54,31.64,32.34,190286.07
2023-11-07,32.16,32.22,31.33,31.51,146345.0
2023-11-08,31.37,31.69,30.82,31.0,168305.1
2023-11-09,30.93,31.14,30.59,30.89,170314.14
2023-11-10,30.9,30.99,29.64,29.83,259964.85
2023-11-13,29.92,30.23,29.47,30.17,130922.63
2023-11-14,30.24,30.46,29.74,29.87,225146.64
2023-11-15,30.16,31.06,30.0,30.83,231886.61
2023-11-16,30.68,30.81,30.33,30.53,94305.42
2023-11-17,30.41,30.56,29.96,30.48,107414.01
2023-11-20,30.51,30.74,30.14,30.28,137358.85
2023-11-21,30.35,31.08,30.22,30.51,160099.49
2023-11-22,30.38,30.61,30.33,30.35,67654.01
2023-11-23,30.41,30.72,30.25,30.66,79356.42
2023-11-24,30.66,30.88,30.22,30.29,83062.72
2023-11-27,30.25,30.34,29.37,29.67,123155.07
2023-11-28,29.54,29.86,29.4,29.48,75274.45
2023-11-29,29.4,29.47,28.59,28.95,137984.99
2023-11-30,29.02,29.3,28.76,29.0,104967.37
2023-12-01,28.9,29.24,28.63,29.16,103919.44
2023-12-04,29.06,29.32,28.35,28.43,130217.94
2023-12-05,28.39,28.43,27.58,27.61,143939.05
2023-12-06,27.62,27.98,27.55,27.66,124312.44
2023-12-07,27.66,27.95,27.17,27.77,101783.94
2023-12-08,27.68,28.0,27.42,27.51,114958.82
2023-12-11,27.44,27.8,26.87,27.78,143779.27
2023-12-12,27.64,27.98,27.47,27.81,90955.03
2023-12-13,27.72,27.72,27.25,27.26,84917.0
2023-12-14,27.43,27.58,27.02,27.03,100210.38
2023-12-15,27.11,27.52,26.9,26.96,95602.27
2023-12-18,26.84,27.02,26.56,26.84,82291.66
2023-12-19,26.85,27.0,26.61,26.92,86392.25
2023-12-20,26.84,26.89,26.36,26.36,74038.9
2023-12-21,26.3,26.58,26.22,26.42,99222.82
2023-12-22,26.42,26.74,26.25,26.58,109560.98
2023-12-25,26.53,26.73,26.39,26.49,78477.06
2023-12-26,26.49,26.73,26.31,26.7,80790.12
2023-12-27,26.75,26.91,26.11,26.39,124537.93
2023-12-28,26.35,27.81,26.24,27.59,214733.81
2023-12-29,27.44,27.85,27.1,27.37,177485.55
2024-01-02,27.37,27.41,27.01,27.02,143371.61
2024-01-03,26.94,27.42,26.94,27.14,133989.63
2024-01-04,27.03,27.21,25.59,25.92,270712.62
2024-01-05,25.88,26.38,25.66,25.88,199601.82
2024-01-08,25.79,26.04,25.28,25.34,145229.1
2024-01-09,25.33,25.65,25.17,25.45,115387.0
2024-01-10,25.31,25.4,24.81,24.91,139986.86
2024-01-11,24.88,25.23,24.61,24.97,118627.74
2024-01-12,24.91,25.01,24.57,24.83,111339.77
2024-01-15,24.62,25.25,24.6,24.98,102107.89
2024-01-16,24.94,25.49,24.84,25.47,154351.15
2024-01-17,25.33,25.37,24.93,24.93,144904.66
2024-01-18,24.91,25.25,24.31,25.16,233639.57
2024-01-19,25.06,25.21,24.74,25.0,155939.56
2024-01-22,24.99,25.49,24.57,24.95,209416.79
2024-01-23,24.62,24.91,24.22,24.72,191485.24
2024-01-24,24.77,26.14,24.74,26.02,280527.13
2024-01-25,26.07,27.83,26.07,27.7,387454.29
2024-01-26,27.15,27.78,26.95,27.63,221861.78
2024-01-29,27.59,28.68,27.42,27.99,265449.41
2024-01-30,27.71,28.28,27.47,27.48,157744.57
2024-01-31,27.24,28.19,27.13,27.75,186804.88
2024-02-01,27.43,27.61,26.92,27.09,171420.09
2024-02-02,27.09,27.69,26.59,27.23,178473.82
2024-02-05,27.02,28.29,26.76,28.03,239064.1
2024-02-06,27.81,29.14,27.49,29.1,265637.52
2024-02-07,29.09,29.17,28.43,29.14,221344.07
2024-02-08,29.17,29.96,28.95,29.73,229574.69
2024-02-19,29.64,30.0,29.35,29.91,159336.54
2024-02-20,29.73,29.91,29.35,29.54,112262.72
2024-02-21,29.45,30.84,29.09,30.26,205509.71
2024-02-22,30.17,30.44,29.95,30.41,96852.07
2024-02-23,30.48,30.68,30.1,30.46,127134.82
2024-02-26,30.28,30.34,29.33,29.35,159534.82
2024-02-27,29.35,29.39,28.96,29.35,126522.02
2024-02-28,29.35,29.45,28.97,28.97,135655.2
2024-02-29,28.97,29.28,28.69,29.28,128694.83
2024-03-01,29.15,29.19,28.49,28.92,161941.63
2024-03-04,28.84,28.84,28.13,28.35,155451.76
2024-03-05,28.34,28.74,28.0,28.7,188212.32
2024-03-06,28.7,28.83,28.19,28.36,133654.8
2024-03-07,28.39,28.61,28.06,28.14,140002.61
2024-03-08,28.19,28.23,27.81,28.08,89814.67
2024-03-11,28.11,28.4,27.99,28.38,124343.97
2024-03-12,28.43,29.25,28.22,28.93,204819.45
2024-03-13,28.83,28.92,27.67,27.92,242670.52
2024-03-14,27.93,28.27,27.66,27.82,151861.39
2024-03-15,27.71,27.86,27.43,27.66,106563.5
2024-03-18,27.61,28.41,27.61,28.36,159466.47
2024-03-19,28.19,28.41,27.86,27.89,123375.52
2024-03-20,27.97,28.14,27.76,28.07,88100.77
2024-03-21,28.07,28.32,27.87,27.94,97830.3
2024-03-22,27.85,27.85,27.3,27.42,126417.69
2024-03-25,27.32,27.48,26.99,27.18,87373.3
2024-03-26,27.12,27.66,27.03,27.65,97257.61
2024-03-27,27.43,27.56,27.03,27.16,114143.4
2024-03-28,27.32,27.76,27.17,27.52,151758.81
2024-03-29,27.42,28.1,27.36,27.52,148727.13
2024-04-01,27.61,28.53,27.61,28.42,176236.07
2024-04-02,28.23,28.56,27.92,28.07,123137.18
2024-04-03,28.02,28.26,27.86,27.89,82828.84
2024-04-08,27.71,27.81,27.15,27.22,106975.11
2024-04-09,27.3,27.36,26.91,26.95,86595.57
2024-04-10,26.96,27.03,26.36,26.58,94226.87
2024-04-11,26.57,26.79,26.28,26.65,82748.26
2024-04-12,26.64,26.74,25.59,25.62,147274.89
2024-04-15,25.68,26.89,25.62,26.57,199645.95
2024-04-16,26.45,26.88,26.08,26.19,154978.09
2024-04-17,26.37,26.65,25.67,26.61,142668.61
2024-04-18,26.52,27.86,26.42,27.49,251195.34
2024-04-19,27.3,27.81,27.04,27.12,168119.56
2024-04-22,27.14,28.02,27.03,27.48,191475.73
2024-04-23,27.45,27.71,27.37,27.59,104913.0
2024-04-24,28.0,28.11,27.56,27.96,146988.86
2024-04-25,27.89,28.17,27.68,28.06,105176.01
2024-04-26,28.1,28.63,28.01,28.53,166037.6
2024-04-29,28.77,30.25,28.61,29.75,330861.49
2024-04-30,29.7,29.92,29.37,29.6,144096.12
2024-05-06,30.41,31.2,30.36,30.57,249763.41
2024-05-07,30.52,30.9,30.24,30.51,143289.6
2024-05-08,30.56,30.77,30.1,30.14,117310.01
2024-05-09,30.11,30.31,29.84,30.16,109446.0
2024-05-10,30.21,30.97,30.19,30.54,132290.41
2024-05-13,30.31,30.66,29.83,30.4,116102.87
2024-05-14,30.4,30.99,30.3,30.8,132689.01
2024-05-15,30.9,30.98,30.43,30.55,92481.01
2024-05-16,30.57,31.46,30.55,31.25,182540.19
2024-05-17,31.26,32.05,30.71,31.83,210233.75
2024-05-20,31.65,32.62,31.65,32.15,229185.34
2024-05-21,31.77,32.43,31.72,32.06,91861.81
2024-05-22,32.11,32.34,31.61,31.7,119966.79
2024-05-23,31.72,31.91,31.46,31.61,111282.49
2024-05-24,31.66,31.7,30.8,30.84,141524.6
2024-05-27,30.99,31.13,30.51,30.84,124325.51
2024-05-28,30.84,31.24,30.66,30.83,100217.44
2024-05-29,30.71,30.93,30.22,30.37,78011.02
2024-05-30,30.21,30.7,30.21,30.38,61164.42
2024-05-31,30.56,30.91,30.27,30.27,82177.9
2024-06-03,30.3,30.86,30.21,30.49,95410.06
2024-06-04,30.49,30.64,30.22,30.48,80815.02
2024-06-05,30.44,30.91,30.38,30.61,67399.86
2024-06-06,30.61,30.75,30.03,30.13,69035.01
2024-06-07,30.21,30.36,29.6,29.92,66437.7
2024-06-11,29.74,30.19,29.46,29.82,87481.7
2024-06-12,29.95,29.99,29.5,29.61,57684.28
2024-06-13,29.62,29.71,29.25,29.5,60546.23
2024-06-14,29.5,30.6,29.32,30.33,116720.41
2024-06-17,30.14,30.39,29.83,30.27,80844.68
2024-06-18,30.27,30.55,29.99,30.15,71293.22
2024-06-19,30.2,30.9,29.95,30.22,106029.48
2024-06-20,30.12,30.66,30.01,30.42,97891.22
2024-06-21,30.32,30.59,30.12,30.33,79905.01
2024-06-24,30.18,30.44,29.67,30.2,126334.05
2024-06-25,30.21,30.5,29.54,29.76,98468.11
2024-06-26,29.6,30.12,29.6,29.88,75271.0
2024-06-27,29.9,30.11,29.59,29.94,78342.01
2024-06-28,29.92,30.38,29.82,29.98,105467.43
2024-07-01,29.74,30.28,28.96,30.27,135519.01
2024-07-02,29.93,30.8,29.75,29.83,180558.78
2024-07-03,29.81,29.98,29.45,29.84,93633.72
2024-07-04,29.73,30.12,29.65,29.66,75749.0
2024-07-05,29.66,29.86,28.92,28.95,98194.67
2024-07-08,28.97,29.32,28.78,29.21,69104.77
2024-07-09,29.27,29.61,28.8,29.52,73060.8
2024-07-10,29.5,30.34,29.38,30.19,92946.81
2024-07-11,30.46,30.74,30.08,30.2,76713.04
2024-07-12,30.2,30.92,30.17,30.87,89369.02
2024-07-15,30.74,31.02,30.66,30.81,66766.17
2024-07-16,30.81,30.84,30.11,30.54,76836.03
2024-07-17,30.38,31.62,30.38,31.42,141041.36
2024-07-18,31.24,31.61,31.03,31.55,119616.75
2024-07-19,31.57,31.57,31.15,31.36,102407.49
2024-07-22,31.36,31.51,30.64,31.0,108810.56
2024-07-23,30.87,30.96,30.39,30.41,71603.8
2024-07-24,30.38,30.49,29.8,29.91,88844.47
2024-07-25,29.87,30.51,29.81,30.08,93482.9
2024-07-26,30.1,30.45,29.73,29.95,71750.82
2024-07-29,29.95,30.85,29.79,30.57,89590.44
2024-07-30,30.57,30.7,30.02,30.29,66726.66
2024-07-31,30.16,31.56,30.02,31.52,149770.91
2024-08-01,31.31,31.77,31.03,31.55,99427.17
2024-08-02,31.41,31.62,30.98,31.06,62443.11
2024-08-05,30.84,32.04,30.84,31.64,147934.6
2024-08-06,31.55,31.8,29.47,29.72,213038.79
2024-08-07,29.68,29.68,28.95,29.01,163149.17
2024-08-08,29.02,29.1,28.57,28.94,86064.6
2024-08-09,29.05,29.21,28.74,28.74,62466.11
2024-08-12,28.7,28.88,28.35,28.87,75732.48
2024-08-13,28.98,29.11,28.72,29.06,63422.0
2024-08-14,29.1,29.16,28.75,28.82,46582.87
2024-08-15,28.73,29.66,28.64,29.56,127052.58
2024-08-16,29.53,30.06,29.41,30.03,101417.04
2024-08-19,29.96,30.76,29.86,30.73,95968.25
2024-08-20,30.74,30.74,30.33,30.61,77811.57
2024-08-21,30.52,30.73,30.22,30.53,49653.55
2024-08-22,30.56,30.98,30.48,30.73,75038.51
2024-08-23,30.75,31.57,30.64,31.39,104250.92
2024-08-26,31.47,31.81,31.23,31.77,105405.11
2024-08-27,31.59,32.19,31.58,32.11,108848.45
2024-08-28,32.01,32.33,31.78,31.91,104626.97
2024-08-29,31.91,32.68,31.79,31.82,121885.0
2024-08-30,31.69,33.03,31.69,32.68,172261.84
2024-09-02,32.7,33.77,32.67,33.45,189841.35
2024-09-03,33.44,33.75,33.11,33.49,104530.96
2024-09-04,33.77,34.1,32.84,33.08,102109.72
2024-09-05,32.91,33.55,32.9,33.39,78568.15
2024-09-06,33.38,33.83,33.13,33.28,60229.25
2024-09-09,33.12,33.57,32.95,33.04,77620.03
2024-09-10,33.17,33.27,32.65,33.08,70322.84
2024-09-11,33.09,33.34,32.75,32.94,84777.18
2024-09-12,33.08,33.31,32.79,33.13,72653.99
2024-09-13,33.13,33.73,33.1,33.36,82575.59
2024-09-18,33.43,34.66,33.4,34.38,130258.42
2024-09-19,34.27,34.32,33.75,34.25,112940.22
2024-09-20,34.17,34.5,33.81,34.25,110167.9
2024-09-23,34.26,34.93,33.93,34.78,94885.12
2024-09-24,34.95,36.08,34.75,36.03,170953.09
2024-09-25,36.78,37.49,36.22,37.3,213552.56
2024-09-26,37.17,38.44,36.96,38.4,249765.6
2024-09-27,38.76,39.38,38.38,39.16,104579.25
2024-09-30,40.28,43.07,40.28,43.07,296898.09
2024-10-08,47.38,47.38,46.03,47.38,367513.14
2024-10-09,45.06,46.89,42.64,42.64,512619.73
2024-10-10,42.37,44.43,40.22,43.03,400337.67
2024-10-11,41.7,42.85,41.11,41.8,178068.17
2024-10-14,42.98,43.19,41.48,43.08,219259.68
2024-10-15,42.34,43.37,41.78,41.79,137686.44
2024-10-16,41.41,42.47,41.12,42.04,118807.11
2024-10-17,43.61,44.04,41.8,41.85,161427.59
2024-10-18,41.74,44.05,40.96,42.75,250506.49
2024-10-21,42.86,43.91,42.27,42.84,215698.32
2024-10-22,42.84,44.0,42.39,42.78,132649.35
2024-10-23,42.52,44.76,42.44,44.05,210261.2
2024-10-24,43.45,43.73,42.97,43.37,126292.73
2024-10-25,43.56,43.93,42.88,43.04,127926.51
2024-10-28,42.98,43.05,41.96,42.41,122449.76
2024-10-29,42.23,43.05,42.05,42.47,120051.16
2024-10-30,42.58,42.92,41.11,41.49,139449.15
2024-10-31,41.7,42.03,40.69,41.0,174915.69
2024-11-01,41.07,42.36,40.76,41.65,175552.21
2024-11-04,41.87,42.02,40.9,41.94,123925.47
2024-11-05,41.8,44.9,41.59,44.63,292949.45
2024-11-06,44.44,45.01,42.79,43.7,260027.74
2024-11-07,43.07,48.07,42.89,48.07,349667.92
2024-11-08,49.81,49.81,47.42,47.92,344858.06
2024-11-11,47.38,47.38,45.57,46.39,261743.2
2024-11-12,46.45,47.08,44.15,44.56,247520.22
2024-11-13,44.07,45.16,43.98,44.43,138935.09
2024-11-14,44.26,45.99,44.04,44.98,223007.7
2024-11-15,44.78,45.41,43.93,43.93,145237.91
2024-11-18,44.41,45.52,43.47,43.97,168325.68
2024-11-19,43.78,43.97,42.53,43.57,168051.19
2024-11-20,43.36,43.76,42.96,43.44,87248.77
2024-11-21,43.26,43.71,43.07,43.65,86062.79
2024-11-22,43.64,44.07,41.01,41.07,211645.89
2024-11-25,40.95,41.26,39.92,40.27,145327.11
2024-11-26,40.27,41.02,40.02,40.6,98218.46
2024-11-27,40.54,41.73,40.08,41.6,137017.58
2024-11-28,41.74,41.94,40.67,40.92,116392.23
2024-11-29,40.8,42.82,40.71,41.4,171687.43
2024-12-02,41.43,42.12,41.21,41.8,117569.41
2024-12-03,41.73,42.61,41.35,42.38,112212.28
2024-12-04,42.13,42.41,41.55,41.79,85956.29
2024-12-05,41.68,41.97,41.33,41.44,69208.01
2024-12-06,41.44,44.5,41.4,43.03,306866.31
2024-12-09,42.68,43.77,42.58,43.33,195474.64
2024-12-10,45.13,45.62,43.43,43.49,274167.75
2024-12-11,43.28,44.05,42.35,42.54,150145.49
2024-12-12,42.46,44.02,42.3,43.41,163115.72
2024-12-13,42.98,42.99,41.42,41.45,201141.11
2024-12-16,41.4,41.49,40.36,40.66,168283.05
2024-12-17,40.7,41.34,40.43,40.86,132485.67
2024-12-18,41.11,41.66,40.86,40.94,105573.11
2024-12-19,40.41,41.16,40.27,41.07,90998.7
2024-12-20,41.07,41.29,40.55,40.74,90657.87
2024-12-23,40.74,41.25,40.68,40.85,90213.78
2024-12-24,40.87,42.08,40.76,41.77,157299.67
2024-12-25,41.79,42.49,41.53,41.99,110056.74
2024-12-26,41.84,42.18,41.58,41.99,74180.07
2024-12-27,41.98,42.28,41.13,41.81,104984.81
2024-12-30,41.77,42.47,41.64,42.31,125229.9
2024-12-31,42.22,42.51,41.22,41.22,126236.47
2025-01-02,41.11,41.22,38.84,39.15,180369.71
2025-01-03,39.15,39.33,38.42,38.66,126120.11
2025-01-06,38.78,39.0,38.23,38.52,99282.96
2025-01-07,38.5,38.56,38.02,38.3,88336.2
2025-01-08,38.28,38.64,37.74,38.42,106639.0
2025-01-09,38.27,38.5,37.78,37.86,77970.28
2025-01-10,37.76,38.2,37.01,37.03,110916.8
2025-01-13,36.82,37.01,36.42,36.8,119382.11
2025-01-14,37.17,38.17,36.59,37.76,185577.93
2025-01-15,37.58,37.95,37.22,37.51,104549.65
2025-01-16,37.66,38.23,37.46,37.79,92611.92
2025-01-17,37.76,38.84,37.23,38.41,137836.62
2025-01-20,38.56,39.22,38.54,38.84,106799.04
2025-01-21,39.0,39.35,38.47,38.99,82575.89
2025-01-22,38.93,38.93,38.2,38.5,77132.51
2025-01-23,39.26,41.25,39.25,40.41,281750.75
2025-01-24,39.92,40.41,39.43,40.19,147040.69
2025-01-27,40.3,40.79,39.69,39.92,156585.11
2025-02-05,40.12,40.12,38.74,38.84,144306.83
2025-02-06,38.85,39.47,38.51,39.43,141838.56
2025-02-07,39.23,40.51,38.96,39.83,153154.88
2025-02-10,39.84,40.07,39.49,39.62,88907.76
2025-02-11,39.73,39.74,38.92,39.09,93520.74
2025-02-12,39.03,39.56,38.83,39.52,89907.94
2025-02-13,39.43,39.92,39.16,39.35,116099.45
2025-02-14,39.32,40.28,39.06,39.87,113481.55
2025-02-17,39.98,40.77,39.14,39.58,143743.73
2025-02-18,39.38,40.06,39.02,39.14,149696.37
2025-02-19,38.96,39.56,38.61,39.13,106979.12
2025-02-20,38.94,39.13,38.07,38.43,119852.04
2025-02-21,38.59,39.55,37.93,39.08,151650.96
2025-02-24,39.05,39.87,38.73,39.32,149361.4
2025-02-25,39.01,40.39,38.37,38.54,204350.51
2025-02-26,38.53,39.3,38.52,39.1,113964.9
2025-02-27,39.04,39.78,38.67,39.72,165968.49
2025-02-28,39.53,39.92,38.26,38.26,159446.21
2025-03-03,38.47,38.62,37.59,37.77,112924.49
2025-03-04,37.67,37.78,37.39,37.53,103596.71
2025-03-05,37.54,37.95,37.3,37.76,78755.16
2025-03-06,37.97,38.73,37.58,38.59,144345.47
2025-03-07,38.43,38.43,37.82,38.13,117422.31
2025-03-10,37.93,37.95,36.75,37.18,211474.67
2025-03-11,36.82,37.11,36.51,37.11,164756.74
2025-03-12,37.11,37.25,36.58,36.81,147729.02
2025-03-13,36.77,37.22,36.6,36.75,137941.17
2025-03-14,36.76,39.12,36.7,38.9,396955.62
2025-03-17,38.46,38.89,38.41,38.75,151222.96
2025-03-18,38.88,39.04,38.36,38.45,109751.7
2025-03-19,38.41,38.69,38.1,38.52,93232.28
2025-03-20,38.52,38.54,37.19,37.33,184073.75
2025-03-21,37.29,37.85,36.77,36.91,136419.37
2025-03-24,36.92,37.32,36.81,37.17,128072.57
2025-03-25,37.16,37.35,36.89,37.22,87777.21
2025-03-26,37.12,37.5,36.84,37.16,143298.43
2025-03-27,37.25,37.92,36.9,37.39,190802.23
2025-03-28,37.4,37.7,37.07,37.15,122894.43
2025-03-31,36.92,37.61,36.79,36.97,120707.84
2025-04-01,36.97,37.06,36.57,36.76,123723.61
2025-04-02,36.76,36.99,36.53,36.77,117231.21
2025-04-03,36.52,37.04,36.29,36.72,116291.54
2025-04-07,35.69,35.69,33.05,34.25,319265.7
2025-04-08,33.83,35.2,33.65,35.14,250058.51
2025-04-09,34.9,35.4,34.43,34.91,241841.0
2025-04-10,35.28,35.5,34.92,35.29,177534.22
2025-04-11,35.03,35.42,34.62,35.16,158656.79
2025-04-14,35.16,35.43,35.05,35.28,109503.24
2025-04-15,35.17,35.45,35.01,35.38,97852.9
2025-04-16,35.44,35.74,35.06,35.69,105262.54
2025-04-17,35.29,35.98,35.29,35.89,84397.97
2025-04-18,35.79,36.05,35.69,35.82,70309.73
2025-04-21,35.96,36.04,35.68,35.75,53293.74
2025-04-22,35.65,36.33,35.61,35.99,83339.6
2025-04-23,36.18,36.23,35.7,35.91,71936.08
2025-04-24,35.98,36.7,35.84,36.23,122790.63
2025-04-25,36.23,36.63,35.84,35.89,90870.91
2025-04-28,35.86,35.97,35.38,35.78,86897.32
2025-04-29,35.77,35.88,35.57,35.62,54432.63
2025-04-30,35.97,36.44,35.65,35.7,101233.86
2025-05-06,35.79,36.44,35.52,36.18,115498.92
2025-05-07,37.07,37.35,36.59,36.94,151313.52
2025-05-08,36.71,37.64,36.65,37.26,117065.1
2025-05-09,37.26,37.26,36.92,37.01,63266.29
2025-05-12,37.13,37.51,36.88,37.3,76725.01
2025-05-13,37.45,37.51,37.15,37.32,73910.16
2025-05-14,37.35,40.31,37.22,39.3,423888.36
2025-05-15,38.75,39.25,38.52,38.66,128003.91
2025-05-16,38.46,38.69,37.68,38.17,109983.81
2025-05-19,37.86,38.01,37.57,37.67,84697.08
2025-05-20,37.75,37.93,37.49,37.74,92589.02
2025-05-21,37.74,38.35,37.67,37.89,100631.0
2025-05-22,37.83,38.14,37.62,37.9,74840.21
2025-05-23,37.83,38.11,37.23,37.37,90031.51
2025-05-26,37.27,38.33,37.22,37.87,119633.3
2025-05-27,37.86,38.51,37.78,37.91,71519.43
2025-05-28,37.92,38.2,37.72,37.87,66553.67
2025-05-29,37.88,38.06,37.68,37.86,69360.2
2025-05-30,37.67,37.92,37.33,37.65,87512.32
2025-06-03,37.54,38.45,37.42,38.14,99276.5
2025-06-04,38.05,38.53,38.04,38.33,80809.58
2025-06-05,38.33,39.25,38.1,39.1,153790.2
2025-06-06,39.04,39.44,38.89,39.36,104772.0
2025-06-09,39.46,39.7,38.88,39.11,82639.32
2025-06-10,39.11,39.48,38.61,38.8,87703.01
2025-06-11,38.81,40.29,38.81,40.0,170350.44
2025-06-12,39.87,41.39,39.56,40.31,196485.13
2025-06-13,40.27,40.81,39.7,39.82,96307.14
2025-06-16,39.81,40.4,39.7,40.03,95489.82
2025-06-17,39.97,40.18,39.66,40.02,89601.77
2025-06-18,39.82,40.01,38.89,39.3,111378.25
2025-06-19,39.14,39.38,38.68,38.84,88103.29
2025-06-20,38.84,39.7,38.64,39.53,126965.64
2025-06-23,39.38,39.67,38.89,39.46,90412.95
2025-06-24,39.58,41.62,39.57,40.76,211144.3
2025-06-25,40.76,41.83,40.47,41.72,213588.78
2025-06-26,41.57,41.74,41.29,41.4,118578.99
2025-06-27,41.58,41.93,40.39,40.47,142939.58
2025-06-30,40.41,40.69,39.94,40.5,104860.95
2025-07-01,40.55,41.1,40.17,40.62,110534.51
2025-07-02,40.67,40.97,40.28,40.37,74526.05
2025-07-03,40.35,40.5,40.05,40.4,77354.57
2025-07-04,40.22,41.59,39.95,40.65,158739.42
2025-07-07,40.5,40.76,40.19,40.42,78895.43
2025-07-08,40.27,40.48,39.95,40.41,120407.7
2025-07-09,40.41,40.56,39.47,39.47,144477.78
2025-07-10,39.58,40.19,39.5,39.78,150109.11
2025-07-11,39.83,41.21,39.77,40.08,345777.17
2025-07-14,40.1,40.46,39.78,39.78,144015.79
2025-07-15,39.77,40.16,39.38,39.7,116430.49
2025-07-16,39.77,39.82,39.09,39.5,109868.0
2025-07-17,39.5,39.79,39.29,39.63,103557.52
2025-07-18,39.63,40.33,39.61,40.01,156745.23
2025-07-21,40.0,40.12,39.63,40.0,117407.03
2025-07-22,39.94,40.2,39.54,40.09,252138.35
2025-07-23,40.19,41.35,40.1,40.82,270513.93
2025-07-24,40.54,41.48,40.47,41.24,204578.15
2025-07-25,41.17,41.65,40.73,41.27,150551.62
2025-07-28,41.71,43.03,41.52,42.46,234937.72
2025-07-29,42.16,42.57,41.54,41.77,169998.64
2025-07-30,41.76,42.36,41.59,42.0,145185.11
2025-07-31,41.77,41.92,40.47,40.69,181940.96
2025-08-01,40.53,41.09,40.4,40.51,106974.4
2025-08-04,40.08,40.6,40.08,40.51,77305.93
2025-08-05,40.52,41.12,40.42,41.02,86122.79
2025-08-06,41.02,41.46,40.83,41.29,82966.0
2025-08-07,41.15,41.38,40.6,40.9,96062.15
2025-08-08,40.93,40.96,40.43,40.54,82573.1
2025-08-11,40.44,40.74,40.14,40.25,161982.04
2025-08-12,40.17,40.62,40.15,40.45,119067.63
2025-08-13,40.55,40.86,40.04,40.18,218642.57
2025-08-14,40.19,41.37,40.18,40.6,349042.6
2025-08-15,40.37,42.19,39.82,42.08,390920.62
2025-08-18,42.08,42.96,41.84,42.68,256325.37
2025-08-19,42.63,42.89,41.47,41.64,167078.56
2025-08-20,41.5,42.03,41.05,41.96,124143.58
2025-08-21,41.99,42.36,41.69,41.84,150955.03
2025-08-22,41.83,42.66,41.62,42.66,198679.21
2025-08-25,42.76,42.92,42.19,42.62,214811.56
2025-08-26,42.52,42.92,42.34,42.47,155567.31
2025-08-27,42.72,42.75,41.42,41.43,250845.45
2025-08-28,40.77,41.25,40.16,41.24,262984.06
2025-08-29,41.33,43.23,41.29,41.85,338548.93
2025-09-01,41.93,42.22,40.62,40.74,278868.82
2025-09-02,40.72,41.0,40.31,40.7,171410.4
2025-09-03,40.77,40.96,39.33,39.66,218696.87
2025-09-04,39.4,40.7,38.85,40.27,338293.0
2025-09-05,39.83,39.99,39.47,39.81,180898.38
2025-09-08,39.69,39.87,39.33,39.46,127517.84
2025-09-09,39.34,39.66,39.2,39.49,119255.44
2025-09-10,39.38,39.51,39.2,39.24,121503.49
2025-09-11,39.28,39.45,38.9,39.44,222757.96
2025-09-12,39.53,39.58,38.94,39.0,178348.43
2025-09-15,38.89,39.05,38.66,38.67,152291.91
2025-09-16,38.66,38.8,38.34,38.55,155246.08
2025-09-17,38.54,39.05,38.48,39.02,144385.07
2025-09-18,38.86,38.93,38.16,38.48,187721.08
2025-09-19,38.4,38.44,37.83,38.05,113368.11
2025-09-22,37.99,38.19,37.44,37.66,117765.74
2025-09-23,37.59,37.93,37.29,37.74,113002.72
2025-09-24,37.71,38.0,37.44,37.8,107348.26
2025-09-25,37.78,37.96,37.49,37.79,90206.04
2025-09-26,37.59,38.44,37.54,38.27,147867.49
2025-09-29,38.27,39.98,38.06,39.48,366866.46
2025-09-30,39.47,39.66,38.89,39.42,188829.79
2025-10-09,39.46,39.46,38.5,39.4,132134.69
2025-10-10,39.1,40.08,39.08,39.44,130199.83
2025-10-13,38.85,39.25,38.61,38.95,130183.63
2025-10-14,39.13,40.04,39.13,39.76,225526.65
2025-10-15,39.74,40.55,39.56,40.47,193478.11
2025-10-16,41.03,42.67,41.03,42.56,597504.38
2025-10-17,42.52,42.75,40.68,40.81,342939.13
2025-10-20,43.2,43.35,42.09,42.5,514940.91
2025-10-21,42.47,44.24,42.13,43.99,484891.42
2025-10-22,43.57,44.25,43.37,43.93,232616.78
2025-10-23,43.87,45.0,43.68,44.47,246398.15
2025-10-24,44.2,44.55,43.83,44.38,191940.46
2025-10-27,44.3,45.42,43.6,45.06,275843.98
2025-10-28,45.06,45.39,44.55,45.1,141204.98
2025-10-29,44.99,45.58,44.75,45.22,175650.63
2025-10-30,45.22,45.73,44.08,44.38,206024.65
2025-10-31,44.7,44.95,43.9,43.97,218692.81
2025-11-03,43.99,44.15,42.8,43.08,228011.12
2025-11-04,43.23,43.8,43.0,43.43,139162.65
2025-11-05,43.11,43.39,42.6,43.06,107593.46
2025-11-06,43.4,43.92,43.12,43.86,147057.3
2025-11-07,43.7,43.97,43.35,43.6,101789.18
2025-11-10,43.61,44.45,43.16,44.45,135308.21
2025-11-11,44.38,44.38,43.21,43.73,128634.01
2025-11-12,43.99,44.8,43.6,44.6,172587.65
2025-11-13,44.3,45.07,44.17,44.77,151958.11
2025-11-14,44.66,45.3,44.11,44.14,104828.57
2025-11-17,44.15,44.27,42.99,43.42,109918.49
2025-11-18,43.25,43.57,42.78,43.02,96506.98
2025-11-19,43.14,44.68,43.01,44.3,166990.3
2025-11-20,44.22,44.96,44.03,44.4,132283.2
2025-11-21,44.42,44.66,43.46,43.48,137035.29
2025-11-24,43.54,44.1,42.99,43.12,125974.25
2025-11-25,43.06,44.55,43.06,43.98,115783.74
2025-11-26,44.0,44.45,43.11,43.5,111562.44
2025-11-27,43.37,44.57,43.03,43.95,108128.71
2025-11-28,43.93,44.0,43.26,43.52,79279.83
