date,open,high,low,close,volume
2010-01-04,16.43,16.6,16.02,16.08,282897.04
2010-01-05,16.18,16.75,15.88,16.59,430317.59
2010-01-06,16.45,16.74,16.31,16.38,320401.29
2010-01-07,16.38,16.45,15.6,16.02,373703.31
2010-01-08,15.83,15.94,15.43,15.7,278291.91
2010-01-11,17.26,17.26,15.67,15.86,448765.24
2010-01-12,15.74,16.11,15.4,16.01,231332.52
2010-01-13,15.6,15.83,15.08,15.11,446367.73
2010-01-14,15.24,15.52,14.92,15.34,306323.05
2010-01-15,15.34,15.59,15.16,15.57,243470.62
2010-01-18,15.41,15.52,15.25,15.39,202049.09
2010-01-19,15.42,15.74,15.3,15.51,320687.05
2010-01-20,15.51,15.55,14.86,14.9,269177.28
2010-01-21,14.92,15.34,14.79,15.14,251115.68
2010-01-22,14.91,15.44,14.54,15.22,381944.8
2010-01-25,15.09,15.57,14.99,15.38,276527.15
2010-01-26,15.45,15.51,14.82,14.91,287110.5
2010-01-27,14.93,15.0,14.35,14.41,263516.31
2010-01-28,14.4,14.53,14.02,14.14,220256.98
2010-01-29,14.08,14.29,13.96,14.09,133773.86
2010-02-01,14.2,14.48,13.96,14.37,256488.07
2010-02-02,14.44,14.88,14.41,14.44,277075.35
2010-02-03,14.57,15.39,14.46,15.35,450944.62
2010-02-04,15.17,15.39,14.98,15.32,290928.7
2010-02-05,14.97,15.09,14.76,14.89,220467.63
2010-02-08,14.89,15.29,14.85,15.18,174974.47
2010-02-09,15.11,15.36,15.04,15.28,146020.01
2010-02-10,15.39,15.84,15.36,15.74,370917.17
2010-02-11,15.73,15.95,15.64,15.68,174496.27
2010-02-12,15.8,15.9,15.76,15.85,132823.38
2010-02-22,15.85,16.0,15.68,15.77,148777.9
2010-02-23,15.74,15.74,14.65,15.24,643112.24
2010-02-24,15.11,15.26,14.95,15.11,290331.43
2010-02-25,15.14,15.44,15.14,15.27,202651.97
2010-02-26,15.22,15.44,15.1,15.14,155083.98
2010-03-01,15.17,15.74,15.17,15.71,272981.64
2010-03-02,15.7,15.81,15.56,15.72,196264.0
2010-03-03,15.74,15.85,15.49,15.82,176621.59
2010-03-04,15.8,15.82,15.43,15.44,163348.84
2010-03-05,15.5,15.78,15.48,15.6,116612.38
2010-03-08,15.65,16.0,15.5,15.91,187706.63
2010-03-09,15.88,16.31,15.85,16.11,292083.46
2010-03-10,16.06,16.32,15.87,15.95,216392.56
2010-03-11,15.99,16.22,15.68,15.84,172970.39
2010-03-12,15.84,15.97,15.64,15.76,168928.76
2010-03-15,15.8,15.84,15.23,15.39,166607.91
2010-03-16,15.36,15.48,15.17,15.39,135057.67
2010-03-17,15.43,16.13,15.39,15.99,293528.79
2010-03-18,15.97,16.03,15.85,15.92,135172.23
2010-03-19,15.97,16.22,15.87,16.08,193154.83
2010-03-22,16.1,16.29,16.08,16.18,174493.3
2010-03-23,16.18,16.25,15.9,15.92,133501.99
2010-03-24,16.04,16.22,15.87,15.96,120440.39
2010-03-25,15.97,16.0,15.68,15.79,107936.11
2010-03-26,15.73,16.34,15.73,16.23,234679.6
2010-03-29,16.35,17.18,16.32,16.94,537103.72
2010-03-30,16.89,17.31,16.86,17.21,393319.49
2010-03-31,17.15,17.37,17.03,17.21,357853.65
2010-04-01,17.15,17.71,17.15,17.5,280760.44
2010-04-02,17.5,17.69,17.32,17.48,180843.34
2010-04-06,17.59,17.66,16.96,17.15,262914.47
2010-04-07,17.14,17.24,16.95,17.2,205290.3
2010-04-08,17.14,17.31,16.58,16.8,291447.07
2010-04-09,16.83,17.06,16.8,17.03,181089.94
2010-04-12,17.05,17.07,16.64,16.78,186703.44
2010-04-13,16.73,18.06,16.73,17.99,675460.11
2010-04-14,17.85,18.0,17.59,17.92,337541.76
2010-04-15,17.95,18.25,17.64,17.96,358842.65
2010-04-16,17.94,18.11,17.56,17.67,262478.51
2010-04-19,17.43,17.5,16.38,16.45,511785.51
2010-04-20,16.57,16.9,16.29,16.81,343401.2
2010-04-21,16.83,17.62,16.64,17.4,315642.15
2010-04-22,17.24,17.52,16.99,17.14,222741.15
2010-04-23,17.18,17.68,17.05,17.19,347479.41
2010-04-26,17.24,17.33,16.38,16.47,320276.0
2010-04-27,16.48,16.48,15.3,15.9,585699.87
2010-04-28,15.62,15.92,15.45,15.58,191939.55
2010-04-29,15.74,16.02,15.63,15.66,184111.46
2010-04-30,15.81,16.22,15.73,16.15,289419.74
2010-05-04,15.9,16.45,15.81,16.08,170437.27
2010-05-05,15.95,16.6,15.39,16.34,350764.81
2010-05-06,16.18,16.45,15.23,15.41,318107.68
2010-05-07,15.16,15.73,14.99,15.06,266892.81
2010-05-10,15.2,15.73,15.04,15.69,249139.3
2010-05-11,16.07,16.07,15.17,15.37,299438.42
2010-05-12,15.36,16.0,15.23,15.92,501824.4
2010-05-13,15.81,16.53,15.81,16.28,465786.55
2010-05-14,16.08,16.29,15.98,16.05,268572.42
2010-05-17,15.87,15.87,14.94,15.23,325665.81
2010-05-18,15.23,15.87,15.12,15.44,438870.53
2010-05-19,15.3,15.36,14.67,14.96,339749.02
2010-05-20,14.78,14.93,14.07,14.2,547973.87
2010-05-21,13.72,14.24,13.64,14.18,385514.71
2010-05-24,14.33,14.85,14.18,14.62,480641.28
2010-05-25,14.4,14.4,13.76,13.88,623482.36
2010-05-26,14.02,14.13,13.71,13.84,289603.1
2010-05-27,13.76,14.21,13.54,14.13,325273.74
2010-05-28,14.34,14.37,14.07,14.19,304844.04
2010-05-31,14.02,14.11,13.76,13.82,291174.41
2010-06-01,13.66,13.94,13.55,13.64,243841.55
2010-06-02,13.58,13.69,13.28,13.67,250638.51
2010-06-04,13.41,13.86,13.39,13.82,265002.64
2010-06-07,13.51,13.83,13.4,13.44,171536.94
2010-06-08,13.49,13.56,13.0,13.12,293107.67
2010-06-09,13.25,13.82,12.84,13.68,523228.34
2010-06-10,13.39,13.47,13.2,13.29,271610.13
2010-06-11,13.42,13.69,13.35,13.55,310959.06
2010-06-17,13.83,13.83,13.4,13.44,180900.89
2010-06-18,13.45,13.83,13.4,13.53,286485.15
2010-06-21,13.7,14.79,13.67,14.53,632398.87
2010-06-22,14.41,14.67,14.37,14.53,273279.15
2010-06-23,14.41,14.72,14.14,14.43,227222.86
2010-06-24,14.48,14.98,14.42,14.66,330746.85
2010-06-25,14.6,15.24,14.38,15.08,446356.13
2010-06-28,15.08,15.26,14.85,14.86,189700.94
2010-06-29,14.85,15.0,14.17,14.24,323155.74
2010-06-30,14.16,14.85,14.09,14.51,268573.34
2010-07-01,14.53,14.62,14.14,14.5,234935.15
2010-07-02,14.52,14.93,13.97,14.81,289316.41
2010-07-05,14.54,15.05,14.38,14.85,236569.21
2010-07-06,14.86,15.18,14.76,15.11,280672.9
2010-07-07,15.03,15.38,14.92,15.32,233483.2
2010-07-08,15.32,15.38,15.08,15.09,146104.19
2010-07-09,15.05,15.51,14.72,14.85,603800.45
2010-07-12,14.54,14.54,13.54,13.99,1625477.56
2010-07-13,13.76,14.07,13.7,14.0,559696.63
2010-07-14,14.02,14.19,13.6,13.76,798236.94
2010-07-15,13.63,13.96,13.51,13.53,385818.54
2010-07-16,13.48,13.59,13.31,13.52,317001.09
2010-07-19,13.42,14.02,13.35,13.98,450679.82
2010-07-20,13.96,14.44,13.96,14.36,500059.71
2010-07-21,14.31,14.49,14.22,14.41,307712.98
2010-07-22,14.37,14.9,14.31,14.78,356892.68
2010-07-23,14.77,14.93,14.57,14.75,233967.75
2010-07-26,14.76,14.92,14.61,14.78,181281.02
2010-07-27,14.73,15.16,14.62,14.92,243814.8
2010-07-28,15.02,15.27,14.8,15.19,315066.44
2010-07-29,15.27,15.36,15.02,15.18,213460.04
2010-07-30,15.18,15.27,14.91,15.05,199036.74
2010-08-02,15.03,15.43,15.0,15.34,248825.03
2010-08-03,15.38,15.54,15.02,15.04,227028.54
2010-08-04,15.03,15.4,14.92,15.38,252273.17
2010-08-05,15.34,15.38,14.89,15.05,230385.68
2010-08-06,15.07,15.29,14.73,15.25,238053.6
2010-08-09,15.12,15.44,15.05,15.36,222054.85
2010-08-10,15.36,15.57,14.93,14.96,258705.91
2010-08-11,14.92,15.22,14.81,15.18,203978.49
2010-08-12,15.02,15.26,14.98,15.03,176784.24
2010-08-13,15.07,15.12,14.71,14.96,199249.69
2010-08-16,14.91,15.43,14.74,15.31,315946.96
2010-08-17,15.29,15.74,15.25,15.63,297371.49
2010-08-18,15.64,16.06,15.64,15.78,341596.2
2010-08-19,15.86,16.18,15.57,16.03,324107.76
2010-08-20,15.96,16.54,15.92,16.1,395985.41
2010-08-23,16.03,16.46,15.98,16.09,163779.96
2010-08-24,16.04,16.09,15.68,15.91,185119.3
2010-08-25,15.76,16.15,15.64,15.66,121311.06
2010-08-26,15.75,15.86,15.31,15.5,166586.55
2010-08-27,15.44,15.64,15.38,15.57,95833.11
2010-08-30,15.67,15.89,15.57,15.62,258498.54
2010-08-31,15.57,15.57,15.09,15.17,360602.37
2010-09-01,15.16,15.55,15.11,15.3,271908.97
2010-09-02,15.57,15.57,14.96,15.12,363433.27
2010-09-03,15.13,15.16,14.86,14.98,202617.74
2010-09-06,15.16,15.54,15.03,15.48,488761.81
2010-09-07,15.51,15.54,15.16,15.33,275426.48
2010-09-08,15.22,15.26,14.92,15.0,279590.7
2010-09-09,15.03,15.08,14.67,14.76,253528.78
2010-09-10,14.73,14.91,14.61,14.76,161677.39
2010-09-13,14.76,15.05,14.7,14.84,244950.37
2010-09-14,14.89,15.17,14.8,14.85,301540.59
2010-09-15,14.88,15.09,14.08,14.28,307376.55
2010-09-16,14.29,14.38,13.85,13.96,236450.38
2010-09-17,14.07,14.1,13.81,13.86,116124.71
2010-09-20,13.89,14.21,13.85,14.03,204430.85
2010-09-21,14.11,14.36,14.03,14.24,167572.44
2010-09-27,14.21,14.32,14.02,14.2,171300.91
2010-09-28,14.19,14.2,13.69,13.79,201518.84
2010-09-29,13.78,14.04,13.63,13.65,183280.66
2010-09-30,13.59,14.15,13.57,14.08,222409.53
2010-10-08,14.21,15.11,14.21,14.96,543975.39
2010-10-11,15.05,16.33,14.99,16.06,754349.71
2010-10-12,15.83,16.22,15.75,16.15,376456.01
2010-10-13,16.09,16.71,16.06,16.53,624008.63
2010-10-14,16.8,17.7,16.49,16.64,731840.11
2010-10-15,16.54,17.57,16.49,17.43,599878.23
2010-10-18,17.61,17.9,16.98,17.08,591632.84
2010-10-19,17.01,17.57,16.87,17.43,279871.96
2010-10-20,17.37,18.73,17.35,18.52,803788.82
2010-10-21,18.39,18.64,17.97,18.19,344533.26
2010-10-22,18.09,18.28,17.41,17.52,287176.77
2010-10-25,17.54,18.06,17.04,17.85,405879.92
2010-10-26,17.83,17.93,17.19,17.46,326124.08
2010-10-27,17.4,17.77,16.77,16.95,375954.31
2010-10-28,16.8,17.11,16.64,16.88,311119.41
2010-10-29,16.89,16.89,16.47,16.7,249017.66
2010-11-01,16.69,17.37,16.66,17.31,365959.15
2010-11-02,17.25,17.37,16.63,16.8,415448.05
2010-11-03,16.77,17.15,16.27,16.8,409105.63
2010-11-04,16.89,17.35,16.83,17.05,402321.77
2010-11-05,17.21,17.66,17.03,17.18,382741.38
2010-11-08,17.17,17.17,16.7,16.96,488394.04
2010-11-09,16.95,16.95,16.48,16.61,507951.01
2010-11-10,16.58,16.89,16.4,16.79,403455.71
2010-11-11,16.83,17.43,16.64,17.1,525308.71
2010-11-12,16.93,17.41,16.14,16.15,482525.28
2010-11-15,16.25,16.41,15.64,16.02,300386.27
2010-11-16,15.88,15.88,14.73,15.0,495085.23
2010-11-17,14.83,15.36,14.6,14.89,417684.51
2010-11-18,15.09,15.18,14.84,15.03,280232.26
2010-11-19,15.14,15.15,14.46,14.97,336386.05
2010-11-22,14.83,15.18,14.74,14.84,258776.07
2010-11-23,14.76,14.76,14.25,14.41,312104.3
2010-11-24,14.41,14.89,14.41,14.79,220156.47
2010-11-25,14.87,15.06,14.57,15.02,305236.1
2010-11-26,14.96,15.12,14.81,14.93,218749.78
2010-11-29,14.86,15.34,14.83,15.2,265570.76
2010-11-30,15.22,15.29,14.53,14.98,261281.8
2010-12-01,14.89,15.09,14.78,14.9,120987.18
2010-12-02,15.15,15.3,14.91,14.92,189364.37
2010-12-03,15.0,15.49,14.87,15.19,208947.87
2010-12-06,15.19,15.83,15.11,15.72,375994.58
2010-12-07,15.62,15.97,15.39,15.8,231553.73
2010-12-08,15.76,16.02,15.42,15.46,222933.88
2010-12-09,15.22,15.6,14.99,15.0,296598.35
2010-12-10,14.9,15.55,14.87,15.51,227312.73
2010-12-13,15.54,15.88,15.37,15.87,342569.0
2010-12-14,15.89,15.99,15.57,15.64,204365.38
2010-12-15,15.6,15.83,15.31,15.37,185737.87
2010-12-16,15.43,15.48,15.14,15.22,145008.27
2010-12-17,15.29,15.29,15.03,15.2,130043.09
2010-12-20,15.29,15.34,14.58,14.87,212702.37
2010-12-21,14.92,15.51,14.78,15.42,268574.22
2010-12-22,15.28,15.33,14.85,14.92,214363.14
2010-12-23,14.9,15.11,14.7,14.82,149616.41
2010-12-24,14.67,15.07,14.6,14.85,178846.79
2010-12-27,15.31,15.43,14.61,14.7,431212.73
2010-12-28,14.48,14.87,14.47,14.66,192407.74
2010-12-29,14.69,14.86,14.54,14.61,134532.68
2010-12-30,14.61,14.75,14.27,14.51,187334.55
2010-12-31,14.56,14.87,14.5,14.8,171764.46
2011-01-04,14.89,15.11,14.67,15.05,272956.85
2011-01-05,14.89,15.07,14.55,14.72,288174.95
2011-01-06,14.65,14.83,14.15,14.49,483378.42
2011-01-07,14.49,14.98,14.4,14.71,408085.42
2011-01-10,14.67,14.9,14.28,14.36,305902.49
2011-01-11,14.27,14.62,14.23,14.54,228761.47
2011-01-12,14.6,15.07,14.49,15.05,408558.64
2011-01-13,15.16,15.18,14.86,15.05,336333.77
2011-01-14,14.98,15.07,14.83,14.95,193281.33
2011-01-17,14.81,15.12,14.23,14.36,304956.71
2011-01-18,14.41,14.5,14.15,14.48,148105.75
2011-01-19,14.47,14.76,14.32,14.73,156544.99
2011-01-20,14.63,14.65,13.9,13.96,259373.44
2011-01-21,13.97,14.51,13.76,14.07,259853.45
2011-01-24,14.08,14.08,13.76,13.78,138006.33
2011-01-25,13.76,14.1,13.74,13.89,122899.41
2011-01-26,13.96,14.21,13.92,14.08,145472.88
2011-01-27,13.94,14.47,13.81,14.29,193930.42
2011-01-28,14.27,14.45,14.15,14.3,132043.31
2011-01-31,14.31,14.5,14.23,14.43,130122.76
2011-02-01,14.43,14.43,14.11,14.38,168290.16
2011-02-09,14.33,14.55,14.18,14.23,193298.88
2011-02-10,14.26,14.61,14.14,14.55,193281.71
2011-02-11,14.44,14.73,14.39,14.61,191290.67
2011-02-14,14.67,15.41,14.67,15.39,483055.98
2011-02-15,15.38,15.54,15.15,15.18,276517.72
2011-02-16,15.19,15.33,14.99,15.19,231881.85
2011-02-17,15.18,15.34,14.83,15.11,286664.6
2011-02-18,14.99,15.02,14.57,14.62,416360.87
2011-02-21,14.54,14.81,14.5,14.77,204915.12
2011-02-22,14.84,14.87,14.26,14.29,288487.62
2011-02-23,14.28,14.44,14.19,14.32,212325.7
2011-02-24,14.25,14.41,14.18,14.33,173270.13
2011-02-25,14.34,14.63,14.19,14.44,246084.75
2011-02-28,14.44,14.56,14.25,14.5,159867.96
2011-03-01,14.5,14.77,14.43,14.69,334637.99
2011-03-02,14.54,14.83,14.5,14.75,248350.0
2011-03-03,14.77,15.27,14.69,14.93,568369.07
2011-03-04,14.92,15.15,14.76,15.1,324762.75
2011-03-07,15.14,15.6,15.14,15.48,611615.13
2011-03-08,15.41,15.6,15.14,15.32,315215.03
2011-03-09,15.37,15.58,15.18,15.3,266693.36
2011-03-10,15.2,15.25,14.8,14.81,278251.03
2011-03-11,14.76,14.91,14.6,14.66,174186.04
2011-03-14,14.53,14.6,14.45,14.56,196424.3
2011-03-15,14.53,14.54,14.08,14.16,434753.82
2011-03-16,14.28,14.39,14.22,14.36,190154.96
2011-03-17,14.22,14.27,13.94,14.01,295877.25
2011-03-18,14.17,14.24,14.02,14.07,175659.95
2011-03-21,14.16,14.27,14.12,14.16,155885.48
2011-03-22,14.28,14.41,14.14,14.32,168949.16
2011-03-23,14.33,14.41,14.16,14.34,215506.01
2011-03-24,14.34,14.41,14.21,14.23,175706.0
2011-03-25,14.3,14.51,14.18,14.38,330331.65
2011-03-28,14.45,14.8,14.45,14.53,390062.41
2011-03-29,14.51,14.89,14.49,14.69,354404.49
2011-03-30,14.73,14.88,14.47,14.52,205956.63
2011-03-31,14.55,14.59,14.27,14.29,171980.16
2011-04-01,14.33,14.76,14.28,14.75,219670.31
2011-04-06,14.86,15.46,14.85,15.22,824851.63
2011-04-07,15.25,15.3,15.09,15.16,299450.21
2011-04-08,15.14,15.4,15.06,15.26,230844.97
2011-04-11,15.34,15.58,15.13,15.17,396215.87
2011-04-12,15.12,15.18,14.86,15.04,237894.47
2011-04-13,14.98,15.69,14.92,15.63,371834.41
2011-04-14,15.57,16.08,15.54,15.84,723094.17
2011-04-15,15.82,16.15,15.73,16.08,369287.04
2011-04-18,16.01,16.46,15.96,16.2,395702.77
2011-04-19,16.02,16.13,15.59,15.75,332718.47
2011-04-20,15.84,15.89,15.51,15.65,238354.88
2011-04-21,15.77,16.02,15.67,15.78,199387.88
2011-04-22,15.78,15.95,15.49,15.56,225843.72
2011-04-25,15.47,15.47,15.12,15.3,178215.47
2011-04-26,15.28,15.44,14.94,15.11,222363.04
2011-04-27,15.22,15.33,15.05,15.2,190663.61
2011-04-28,15.36,15.78,15.25,15.51,362321.5
2011-04-29,15.51,15.82,15.07,15.67,249688.12
2011-05-03,15.67,15.81,15.52,15.68,190153.78
2011-05-04,15.65,15.65,14.86,14.89,273451.71
2011-05-05,14.88,14.92,14.58,14.59,267220.48
2011-05-06,14.47,14.6,14.36,14.52,260984.96
2011-05-09,14.6,14.63,14.25,14.37,262359.7
2011-05-10,14.41,14.68,14.28,14.67,151731.1
2011-05-11,14.6,14.76,14.47,14.57,135669.04
2011-05-12,14.45,14.7,14.41,14.48,106129.07
2011-05-13,14.62,14.76,14.44,14.72,152993.75
2011-05-16,14.7,14.76,14.38,14.39,160844.44
2011-05-17,14.43,14.66,14.33,14.47,208503.55
2011-05-19,14.54,14.67,14.33,14.38,204705.64
2011-05-20,14.34,14.49,14.32,14.43,103912.3
2011-05-23,14.39,14.39,14.02,14.05,185684.5
2011-05-24,14.04,14.17,14.02,14.11,88571.32
2011-05-25,14.06,14.17,13.92,13.96,84143.94
2011-05-26,14.05,14.14,13.92,14.01,116204.01
2011-05-27,14.03,14.19,13.96,14.14,164110.84
2011-05-30,14.08,14.24,14.02,14.12,126146.46
2011-05-31,14.14,14.36,13.98,14.28,191998.99
2011-06-01,14.23,14.23,14.07,14.12,131506.26
2011-06-02,13.96,14.09,13.47,13.74,267474.65
2011-06-03,13.7,13.99,13.66,13.91,178849.01
2011-06-07,13.79,14.06,13.77,13.99,72344.85
2011-06-08,14.05,14.05,13.66,13.96,134218.0
2011-06-09,13.92,13.96,13.54,13.66,200676.79
2011-06-10,13.75,13.77,13.44,13.67,143917.0
2011-06-13,13.49,13.55,13.14,13.37,243083.65
2011-06-14,13.34,13.63,13.26,13.56,205762.59
2011-06-15,13.5,13.58,13.2,13.27,145424.03
2011-06-16,13.18,13.32,13.01,13.17,126692.44
2011-06-17,13.21,13.24,13.02,13.06,114985.42
2011-06-20,13.09,13.12,12.84,12.92,127807.49
2011-06-21,12.96,13.21,12.86,13.12,160403.6
2011-06-22,13.17,13.37,13.15,13.3,144365.51
2011-06-23,13.21,13.69,13.15,13.61,156749.32
2011-06-24,13.62,14.3,13.58,14.2,336044.2
2011-06-27,14.2,14.44,14.13,14.28,202246.12
2011-06-28,14.29,14.39,14.03,14.18,116389.58
2011-06-29,14.19,14.36,14.0,14.06,155536.21
2011-06-30,14.15,14.82,14.1,14.72,392892.99
2011-07-01,14.72,14.81,14.57,14.72,193717.14
2011-07-04,14.75,15.16,14.75,15.02,219541.99
2011-07-05,15.05,15.08,14.73,14.89,140382.24
2011-07-06,14.83,15.08,14.65,14.9,170295.71
2011-07-07,15.12,15.27,14.74,14.84,358201.82
2011-07-08,14.85,15.04,14.72,14.75,104753.93
2011-07-11,14.66,14.75,14.53,14.69,133694.45
2011-07-12,14.57,14.64,14.31,14.33,146227.31
2011-07-13,14.33,14.72,14.33,14.55,192769.42
2011-07-14,14.59,14.6,14.46,14.56,122833.19
2011-07-15,14.52,14.71,14.43,14.61,112422.71
2011-07-18,14.67,14.72,14.31,14.39,172660.2
2011-07-19,14.35,14.41,14.22,14.26,110724.17
2011-07-20,14.38,14.6,14.35,14.47,151579.54
2011-07-21,14.52,14.56,14.1,14.13,212495.37
2011-07-22,14.18,14.29,14.03,14.16,137398.06
2011-07-25,14.04,14.1,13.58,13.61,215006.58
2011-07-26,13.62,13.91,13.57,13.84,101919.19
2011-07-27,13.67,13.8,13.53,13.74,139331.69
2011-07-28,13.54,13.65,13.44,13.47,160468.09
2011-07-29,13.53,14.02,13.47,13.74,213572.85
2011-08-01,13.72,13.98,13.57,13.85,142830.92
2011-08-02,13.7,13.83,13.47,13.8,114448.11
2011-08-03,13.6,13.87,13.55,13.67,154859.96
2011-08-04,13.72,13.9,13.59,13.62,171722.72
2011-08-05,13.21,13.47,13.14,13.18,310761.21
2011-08-08,13.08,13.37,12.76,12.99,262354.22
2011-08-09,12.68,13.47,12.59,13.22,338471.33
2011-08-10,13.44,13.49,13.13,13.17,199291.0
2011-08-11,13.01,13.59,12.97,13.55,205781.42
2011-08-12,13.52,13.64,13.41,13.45,143912.55
2011-08-15,13.54,13.92,13.41,13.88,195022.64
2011-08-16,13.81,13.94,13.67,13.76,121049.94
2011-08-17,13.76,13.82,13.53,13.56,129698.74
2011-08-18,13.6,13.64,13.15,13.2,161483.84
2011-08-19,13.07,13.2,12.87,13.01,218202.71
2011-08-22,13.07,13.34,13.01,13.14,173326.19
2011-08-23,13.14,13.41,13.08,13.4,106462.58
2011-08-24,13.43,13.5,13.14,13.21,147715.41
2011-08-25,13.28,13.85,13.21,13.76,324107.36
2011-08-26,13.74,13.84,13.61,13.81,148700.9
2011-08-29,13.61,13.81,13.47,13.72,194794.65
2011-08-30,13.77,14.06,13.49,13.54,241755.02
2011-08-31,13.51,13.76,13.49,13.62,100921.06
2011-09-01,13.72,13.87,13.54,13.74,139797.57
2011-09-02,13.68,13.74,13.28,13.41,142642.21
2011-09-05,13.24,13.26,13.08,13.1,191594.6
2011-09-06,13.07,13.19,13.03,13.15,86954.71
2011-09-07,13.26,13.45,13.15,13.41,117322.84
2011-09-08,13.47,13.47,13.29,13.32,71965.1
2011-09-09,13.41,13.69,13.31,13.54,120799.9
2011-09-13,13.33,13.47,13.23,13.35,96372.5
2011-09-14,13.42,13.53,13.14,13.31,114163.45
2011-09-15,13.35,13.62,13.33,13.35,137335.34
2011-09-16,13.46,13.66,13.36,13.49,117138.67
2011-09-19,13.33,13.33,13.16,13.2,114381.61
2011-09-20,13.24,13.43,13.18,13.41,81683.04
2011-09-21,13.39,14.03,13.28,13.74,267062.42
2011-09-22,13.66,13.73,13.14,13.17,146089.6
2011-09-23,13.03,13.33,12.99,13.19,169564.52
2011-09-26,13.15,13.18,11.96,12.26,315409.01
2011-09-27,12.49,12.65,12.35,12.39,180633.18
2011-09-28,12.49,12.59,11.97,12.09,143411.93
2011-09-29,12.09,12.28,11.97,12.11,101619.22
2011-09-30,12.19,12.3,12.08,12.15,108810.26
2011-10-10,12.22,12.36,12.15,12.22,84945.53
2011-10-11,12.63,12.68,12.36,12.45,167185.11
2011-10-12,12.37,13.14,12.32,13.01,195961.71
2011-10-13,13.0,13.07,12.89,12.97,79213.84
2011-10-14,12.97,13.04,12.87,12.97,76408.41
2011-10-17,13.02,13.32,12.97,13.05,100316.69
2011-10-18,12.93,13.05,12.63,12.69,102642.78
2011-10-19,12.8,12.81,12.16,12.22,304650.25
2011-10-20,12.15,12.15,11.63,11.87,218726.87
2011-10-21,11.84,12.06,11.71,11.76,132731.98
2011-10-24,11.84,12.43,11.84,12.32,212051.47
2011-10-25,12.28,12.56,12.2,12.41,176743.69
2011-10-26,12.43,12.87,12.41,12.78,204695.19
2011-10-27,12.82,12.91,12.67,12.89,130975.36
2011-10-28,13.08,13.47,13.03,13.12,214092.68
2011-10-31,13.03,13.33,12.93,13.01,127642.56
2011-11-01,12.91,13.82,12.88,13.37,311895.91
2011-11-02,13.03,13.99,13.03,13.87,252097.91
2011-11-03,13.9,14.43,13.84,13.99,302308.76
2011-11-04,14.11,14.27,13.99,14.02,150346.59
2011-11-07,13.84,13.91,13.54,13.64,206029.96
2011-11-08,13.7,13.81,13.56,13.69,112077.59
2011-11-09,13.78,14.16,13.72,13.99,172495.26
2011-11-10,13.8,13.91,13.6,13.63,101363.67
2011-11-11,13.58,13.75,13.5,13.53,89952.64
2011-11-14,13.74,13.93,13.62,13.86,99511.34
2011-11-15,13.81,13.93,13.6,13.75,64689.65
2011-11-16,13.78,13.8,12.88,13.03,253606.78
2011-11-17,13.05,13.07,12.57,12.78,247027.63
2011-11-18,12.66,12.68,12.41,12.47,205534.78
2011-11-21,12.47,12.58,12.38,12.57,111888.54
2011-11-22,12.5,12.82,12.45,12.57,185001.53
2011-11-23,12.63,12.66,12.22,12.29,160042.96
2011-11-24,12.22,12.56,12.2,12.41,100407.27
2011-11-25,12.4,12.4,12.11,12.18,146932.12
2011-11-28,12.28,12.35,12.11,12.13,118751.73
2011-11-29,12.25,12.48,12.13,12.42,211278.91
2011-11-30,12.3,12.34,11.9,11.92,165747.8
2011-12-01,12.59,13.1,12.45,12.66,503832.45
2011-12-02,12.57,12.81,12.45,12.66,144865.71
2011-12-05,12.7,12.91,12.43,12.54,129419.35
2011-12-06,12.53,12.76,12.49,12.72,153791.96
2011-12-07,12.75,12.99,12.69,12.93,176302.37
2011-12-08,12.87,12.99,12.63,12.84,98811.14
2011-12-09,12.72,12.82,12.55,12.55,92483.94
2011-12-12,12.55,12.73,12.52,12.56,79093.77
2011-12-13,12.51,12.64,12.15,12.26,140182.09
2011-12-14,12.26,12.48,12.22,12.3,83458.31
2011-12-15,12.2,12.48,12.03,12.07,133584.1
2011-12-16,12.09,12.45,12.09,12.34,137256.1
2011-12-19,12.28,12.53,12.01,12.49,127127.51
2011-12-20,12.49,12.78,12.41,12.64,105559.5
2011-12-21,12.76,12.8,12.22,12.29,141733.37
2011-12-22,12.28,12.41,12.16,12.29,165694.49
2011-12-23,12.29,12.61,12.18,12.45,120535.11
2011-12-26,12.35,12.55,12.19,12.32,73501.82
2011-12-27,12.39,12.68,12.27,12.52,108505.6
2011-12-28,12.41,12.49,12.29,12.42,184712.06
2011-12-29,12.36,12.59,12.29,12.34,107101.41
2011-12-30,12.36,12.72,12.33,12.63,135945.89
2012-01-04,12.66,12.82,12.5,12.51,177854.26
2012-01-05,12.5,12.82,12.45,12.57,169549.8
2012-01-06,12.58,12.66,12.51,12.64,131294.57
2012-01-09,12.7,13.0,12.38,12.97,197711.55
2012-01-10,12.87,13.44,12.87,13.41,227955.86
2012-01-11,13.44,13.52,13.16,13.28,119070.79
2012-01-12,13.28,13.54,13.09,13.16,121850.42
2012-01-13,13.17,13.26,13.0,13.11,107660.46
2012-01-16,13.02,13.28,12.93,13.05,82926.13
2012-01-17,13.01,13.68,12.68,13.59,236586.62
2012-01-18,13.51,13.9,13.47,13.47,213588.26
2012-01-19,13.66,13.97,13.53,13.95,193202.44
2012-01-20,13.87,14.41,13.87,14.35,295902.66
2012-01-30,14.35,14.36,13.85,13.87,235360.28
2012-01-31,13.87,14.08,13.73,13.81,109774.87
2012-02-01,13.8,13.89,13.51,13.57,110357.0
2012-02-02,13.67,14.12,13.48,14.07,197147.67
2012-02-03,14.06,14.5,13.98,14.37,295340.49
2012-02-06,14.39,14.44,13.83,14.04,184678.65
2012-02-07,13.9,13.99,13.53,13.66,180322.37
2012-02-08,13.56,14.39,13.56,14.29,211336.86
2012-02-09,14.25,14.29,13.93,13.97,171502.99
2012-02-10,13.93,14.35,13.85,14.2,183528.15
2012-02-13,13.91,14.33,13.74,14.07,199731.25
2012-02-14,14.0,14.0,13.54,13.69,316957.95
2012-02-15,13.6,13.97,13.54,13.8,217684.52
2012-02-16,13.7,13.77,13.57,13.66,217195.09
2012-02-17,13.8,13.87,13.63,13.69,136701.98
2012-02-20,13.93,14.16,13.77,13.81,258247.38
2012-02-21,13.83,14.04,13.72,14.02,112083.66
2012-02-22,14.05,14.23,13.83,14.14,256774.16
2012-02-23,14.12,14.22,14.07,14.14,105670.16
2012-02-24,14.2,14.29,13.99,14.26,213120.3
2012-02-27,14.32,14.5,14.14,14.18,224306.16
2012-02-28,14.16,14.31,14.06,14.19,162815.62
2012-02-29,14.16,14.16,13.74,13.81,191202.77
2012-03-01,13.72,14.0,13.66,13.76,186210.56
2012-03-02,13.79,13.97,13.76,13.96,205373.87
2012-03-05,13.99,14.07,13.6,13.64,212663.83
2012-03-06,13.64,13.71,13.23,13.3,404222.52
2012-03-07,13.18,13.39,13.14,13.32,162575.73
2012-03-08,13.39,13.53,13.33,13.48,190926.48
2012-03-09,13.5,13.54,13.29,13.49,161624.48
2012-03-12,13.46,13.49,13.07,13.27,293596.66
2012-03-13,13.24,13.47,13.21,13.47,206018.14
2012-03-14,13.54,13.58,13.2,13.21,294352.75
2012-03-15,13.27,13.51,13.19,13.24,200534.05
2012-03-16,13.3,13.44,13.17,13.39,121137.72
2012-03-19,13.41,13.47,13.07,13.2,195098.41
2012-03-20,13.2,13.28,13.07,13.09,99375.48
2012-03-21,13.19,13.24,12.93,12.95,167488.82
2012-03-22,12.98,13.03,12.85,12.93,127481.06
2012-03-23,12.92,12.93,12.75,12.86,92576.63
2012-03-26,12.81,12.95,12.77,12.91,101049.15
2012-03-27,12.95,13.07,12.8,12.97,106173.49
2012-03-28,12.94,12.98,12.56,12.63,96828.69
2012-03-29,12.61,12.62,12.33,12.43,111765.3
2012-03-30,12.48,12.72,12.46,12.68,170029.61
2012-04-05,12.53,13.09,12.49,12.91,210300.37
2012-04-06,12.91,13.07,12.86,12.94,118852.06
2012-04-09,12.88,13.04,12.74,12.91,94734.57
2012-04-10,12.89,13.05,12.59,12.93,111806.02
2012-04-11,12.78,13.03,12.76,12.87,90726.89
2012-04-12,12.91,13.33,12.8,13.28,212690.2
2012-04-13,13.27,13.51,13.24,13.33,179891.63
2012-04-16,13.28,13.35,13.2,13.28,95851.09
2012-04-17,13.22,13.26,12.72,12.8,186210.14
2012-04-18,12.87,13.21,12.76,13.15,279651.65
2012-04-19,13.21,14.01,13.11,13.79,743484.56
2012-04-20,13.73,14.33,13.72,14.32,503162.98
2012-04-23,14.32,14.46,14.05,14.22,284014.26
2012-04-24,14.2,14.6,13.97,14.37,326043.5
2012-04-25,14.26,14.54,14.17,14.41,221669.69
2012-04-26,14.46,14.7,14.2,14.33,174122.77
2012-04-27,14.33,14.5,14.22,14.27,121521.55
2012-05-02,14.29,14.79,14.29,14.63,270999.94
2012-05-03,14.55,14.91,14.52,14.84,191881.47
2012-05-04,14.79,14.9,14.58,14.83,176611.91
2012-05-07,14.66,14.68,14.03,14.23,298226.19
2012-05-08,14.18,14.29,13.92,14.24,280101.08
2012-05-09,14.04,14.18,13.97,14.03,148423.76
2012-05-10,14.13,14.14,13.93,13.99,136134.91
2012-05-14,14.03,14.06,13.52,13.65,325947.51
2012-05-15,13.59,13.89,13.52,13.82,227532.3
2012-05-16,13.68,13.76,13.54,13.56,141010.26
2012-05-17,13.64,14.08,13.6,13.98,180115.72
2012-05-18,13.85,13.92,13.72,13.78,148746.07
2012-05-21,13.78,14.08,13.74,13.87,81439.9
2012-05-22,13.91,14.13,13.87,14.06,110294.94
2012-05-23,14.01,14.16,13.83,13.86,98156.5
2012-05-24,13.98,14.1,13.81,13.83,73436.1
2012-05-25,13.9,13.92,13.39,13.47,167846.65
2012-05-28,13.49,13.67,13.4,13.66,74293.48
2012-05-29,13.78,14.28,13.55,14.1,216890.18
2012-05-30,14.08,14.18,13.95,14.11,104877.87
2012-05-31,14.03,14.06,13.8,13.93,92755.14
2012-06-01,13.9,14.14,13.9,14.08,90254.33
2012-06-04,13.87,13.92,13.31,13.34,229861.64
2012-06-05,13.44,13.51,13.14,13.39,137133.61
2012-06-06,13.39,13.49,13.14,13.2,97042.04
2012-06-07,13.34,13.47,13.02,13.07,147622.62
2012-06-08,13.19,13.39,13.14,13.21,238580.04
2012-06-11,13.28,13.58,13.27,13.47,136811.32
2012-06-12,13.35,13.7,13.35,13.67,121698.61
2012-06-13,13.66,14.79,13.66,14.59,379959.32
2012-06-14,14.62,14.83,14.56,14.6,343158.59
2012-06-15,14.6,14.89,14.5,14.56,169483.5
2012-06-18,14.66,14.79,14.46,14.59,112176.84
2012-06-19,14.6,14.73,14.36,14.39,121216.9
2012-06-20,14.39,14.69,14.39,14.54,103269.02
2012-06-21,14.51,14.52,14.05,14.22,155376.75
2012-06-25,14.34,14.34,13.81,13.88,149385.74
2012-06-26,13.77,14.13,13.74,13.96,82634.15
2012-06-27,14.04,14.22,13.94,14.0,134511.73
2012-06-28,14.08,14.42,14.08,14.18,131301.37
2012-06-29,14.16,15.02,14.15,14.81,216654.4
2012-07-02,14.82,15.06,14.68,15.04,184931.16
2012-07-03,15.0,15.36,14.88,15.03,231764.97
2012-07-04,15.04,15.13,14.68,14.76,118343.89
2012-07-05,14.56,15.12,14.55,14.98,188031.16
2012-07-06,15.02,15.4,14.68,15.22,251058.42
2012-07-09,15.09,15.38,14.8,14.81,166529.66
2012-07-10,14.85,15.36,14.8,15.03,170585.6
2012-07-11,14.95,15.15,14.76,14.87,127598.09
2012-07-12,14.88,15.18,14.36,14.97,387923.93
2012-07-13,14.69,15.44,14.62,15.35,316450.79
2012-07-16,15.37,15.39,14.95,15.0,171677.3
2012-07-17,14.98,15.28,14.95,15.17,125790.14
2012-07-18,15.18,15.39,14.66,15.11,170168.25
2012-07-19,14.94,15.89,14.94,15.79,348811.38
2012-07-20,15.76,15.85,15.49,15.57,153049.55
2012-07-23,15.42,15.45,15.22,15.23,129399.0
2012-07-24,15.2,15.45,15.16,15.34,185378.23
2012-07-25,15.26,15.35,15.13,15.14,92966.53
2012-07-26,15.16,15.45,15.01,15.28,166802.21
2012-07-27,15.29,15.34,14.66,14.77,227329.27
2012-07-30,14.71,14.92,14.2,14.25,189945.33
2012-07-31,14.3,14.71,14.3,14.48,179427.45
2012-08-01,14.5,14.82,14.5,14.7,108530.77
2012-08-02,14.71,14.72,14.36,14.6,85879.47
2012-08-03,14.62,14.68,14.25,14.36,110597.35
2012-08-06,14.34,14.68,14.29,14.67,121168.75
2012-08-07,14.59,14.68,14.18,14.34,177033.74
2012-08-08,14.29,14.4,14.11,14.34,162243.64
2012-08-09,14.27,14.38,14.09,14.32,106574.09
2012-08-10,14.32,14.59,14.29,14.44,114628.98
2012-08-13,14.36,14.42,13.48,13.66,330258.87
2012-08-14,13.69,13.72,13.27,13.59,241489.04
2012-08-15,13.49,13.62,13.41,13.45,87298.98
2012-08-16,13.45,13.58,13.38,13.56,70063.11
2012-08-17,13.55,13.56,13.33,13.38,126239.09
2012-08-20,13.22,13.22,12.75,12.91,177257.45
2012-08-21,12.95,13.17,12.85,12.99,137310.91
2012-08-22,12.97,13.06,12.87,12.98,96339.99
2012-08-23,13.04,13.08,12.89,13.02,107949.01
2012-08-24,12.97,13.14,12.93,12.97,112617.22
2012-08-27,12.95,12.99,12.52,12.67,137732.08
2012-08-28,12.67,12.86,12.48,12.73,76618.42
2012-08-29,12.69,12.89,12.65,12.7,78021.8
2012-08-30,12.43,13.09,12.42,13.03,167151.82
2012-08-31,12.97,13.25,12.94,13.06,130637.59
2012-09-03,13.08,13.43,12.97,13.3,170682.36
2012-09-04,13.23,13.35,13.0,13.1,94292.83
2012-09-05,13.09,13.19,12.87,13.06,130695.34
2012-09-06,13.09,13.39,13.02,13.22,90662.65
2012-09-07,13.35,14.08,13.35,13.89,332099.59
2012-09-10,13.82,14.02,13.62,13.69,155315.42
2012-09-11,13.69,13.69,13.22,13.32,167587.36
2012-09-12,13.47,13.56,13.19,13.35,154578.27
2012-09-13,13.29,13.49,13.27,13.36,98942.66
2012-09-14,13.48,13.69,13.23,13.45,192462.9
2012-09-17,13.45,13.47,12.95,13.0,127166.09
2012-09-18,12.99,13.14,12.76,12.96,84127.45
2012-09-19,12.96,13.04,12.75,12.82,102245.71
2012-09-20,12.82,12.82,12.49,12.55,163371.95
2012-09-21,12.55,12.65,12.47,12.55,87367.55
2012-09-24,12.51,12.93,12.45,12.88,127346.68
2012-09-25,12.79,13.03,12.79,12.94,69661.67
2012-09-26,12.93,13.02,12.68,12.73,66405.28
2012-09-27,12.77,13.49,12.75,13.36,244279.23
2012-09-28,13.22,13.63,13.22,13.51,197080.2
2012-10-08,13.49,13.74,13.35,13.35,94669.34
2012-10-09,13.56,13.76,13.49,13.61,153017.21
2012-10-10,13.59,13.6,13.4,13.52,67597.25
2012-10-11,13.43,13.52,13.29,13.37,86355.86
2012-10-12,13.46,13.56,13.25,13.33,88704.11
2012-10-15,13.39,13.5,13.34,13.41,72612.06
2012-10-16,13.45,13.47,12.93,12.96,157883.55
2012-10-17,13.05,13.09,12.59,12.7,344480.75
2012-10-18,12.75,12.88,12.6,12.83,295544.47
2012-10-19,12.83,12.96,12.81,12.93,102342.63
2012-10-22,12.85,12.95,12.69,12.86,162297.8
2012-10-23,12.86,13.01,12.73,12.76,156164.34
2012-10-24,12.72,12.88,12.68,12.83,91391.16
2012-10-25,12.82,12.87,12.74,12.77,65571.96
2012-10-26,12.77,12.79,12.49,12.59,154758.65
2012-10-29,12.51,12.59,12.04,12.19,176721.78
2012-10-30,12.19,12.32,12.13,12.16,95621.29
2012-10-31,12.16,12.24,11.87,11.97,189024.33
2012-11-01,11.99,12.57,11.94,12.44,253511.72
2012-11-02,12.5,12.57,12.3,12.49,125865.16
2012-11-05,12.49,12.59,12.33,12.38,110729.48
2012-11-06,12.42,12.42,12.02,12.27,96635.72
2012-11-07,12.26,12.32,12.07,12.17,77980.77
2012-11-08,12.03,12.17,11.95,11.97,90208.13
2012-11-09,11.99,12.05,11.9,11.97,67926.18
2012-11-12,11.95,12.09,11.87,12.03,104460.98
2012-11-13,12.03,12.03,11.59,11.68,165150.22
2012-11-14,11.67,11.71,11.54,11.65,109946.6
2012-11-15,11.56,11.68,11.46,11.54,113997.03
2012-11-16,11.54,11.54,11.01,11.15,203640.58
2012-11-19,11.16,11.18,10.78,11.12,198998.89
2012-11-20,11.18,11.19,10.87,11.0,149860.25
2012-11-21,11.01,11.23,10.92,11.21,121575.96
2012-11-22,11.12,11.19,11.04,11.14,79688.81
2012-11-23,11.2,11.52,11.13,11.45,199415.25
2012-11-26,11.38,11.53,11.32,11.43,76514.12
2012-11-27,11.52,11.52,11.14,11.2,93999.41
2012-11-28,11.15,11.27,11.04,11.24,100985.58
2012-11-29,11.28,11.29,11.02,11.06,108655.6
2012-11-30,11.0,11.33,11.0,11.22,139926.37
2012-12-03,11.18,11.89,11.17,11.55,250666.52
2012-12-04,11.61,11.8,11.57,11.76,202906.79
2012-12-05,11.79,12.51,11.74,12.42,465803.11
2012-12-06,12.42,12.55,12.35,12.42,143113.13
2012-12-07,12.42,12.67,12.38,12.61,175729.0
2012-12-10,12.68,12.99,12.68,12.86,279776.17
2012-12-11,12.79,12.81,12.51,12.63,135660.2
2012-12-12,12.55,12.67,12.45,12.62,125552.31
2012-12-13,12.55,12.59,12.37,12.57,144458.36
2012-12-14,12.52,13.76,12.49,13.55,405232.88
2012-12-17,13.52,13.69,13.39,13.54,238541.42
2012-12-18,13.55,13.99,13.32,13.66,251314.16
2012-12-19,13.6,13.85,13.47,13.52,171754.05
2012-12-20,13.48,13.69,13.37,13.63,182971.83
2012-12-21,13.58,13.92,13.51,13.66,166094.7
2012-12-24,13.68,14.04,13.54,13.98,233011.52
2012-12-25,13.91,14.52,13.76,14.28,249118.98
2012-12-26,14.22,14.42,14.13,14.27,122951.93
2012-12-27,14.39,14.55,14.01,14.14,132322.27
2012-12-28,14.06,14.42,14.02,14.2,143036.62
2012-12-31,14.28,15.19,14.28,15.02,393464.19
2013-01-04,15.69,15.94,14.99,15.33,469969.6
2013-01-07,15.22,15.36,14.94,15.06,144542.16
2013-01-08,15.07,15.12,14.51,14.62,239880.57
2013-01-09,14.62,14.76,14.42,14.62,205719.15
2013-01-10,14.66,14.8,14.33,14.51,185389.48
2013-01-11,14.5,14.72,14.29,14.48,154971.39
2013-01-14,14.46,15.22,14.41,15.1,256398.79
2013-01-15,15.09,15.46,15.02,15.36,237498.93
2013-01-16,15.32,15.44,14.32,15.0,258263.36
2013-01-17,14.91,15.0,14.4,14.55,169754.8
2013-01-18,14.72,14.86,14.3,14.74,254212.08
2013-01-21,14.76,14.76,14.16,14.37,343268.07
2013-01-22,14.33,14.69,14.22,14.43,334009.26
2013-01-23,14.31,14.5,14.24,14.48,184200.03
2013-01-24,14.48,14.93,14.32,14.58,323556.09
2013-01-25,14.62,14.69,13.94,14.22,307462.47
2013-01-28,14.19,14.36,13.92,14.33,682352.46
2013-01-29,14.31,14.42,13.9,14.21,617216.27
2013-01-30,14.26,14.65,14.16,14.37,553552.88
2013-01-31,14.42,14.52,14.09,14.46,377883.46
2013-02-01,14.3,15.42,14.21,15.34,717483.84
2013-02-04,15.46,15.95,15.1,15.14,545688.88
2013-02-05,15.02,15.14,14.49,14.78,448415.39
2013-02-06,14.8,15.35,14.76,14.91,327016.43
2013-02-07,14.96,15.02,14.69,14.92,236434.06
2013-02-08,14.9,15.12,14.7,14.82,241871.4
2013-02-18,14.88,14.94,14.13,14.16,361196.47
2013-02-19,14.16,14.27,13.84,13.96,290936.86
2013-02-20,13.98,14.06,13.81,14.02,154610.8
2013-02-21,13.82,13.92,13.34,13.48,341043.71
2013-02-22,13.54,13.54,13.25,13.29,224439.04
2013-02-25,13.28,13.47,13.12,13.29,183095.97
2013-02-26,13.16,13.45,12.89,12.95,257150.28
2013-02-27,13.0,13.18,12.93,13.09,210613.53
2013-02-28,13.22,13.54,13.08,13.5,265283.16
2013-03-01,13.42,13.47,12.95,13.15,280545.27
2013-03-04,12.99,12.99,12.21,12.41,506368.14
2013-03-05,12.48,12.66,12.34,12.63,375491.39
2013-03-06,12.71,13.07,12.71,12.99,343349.94
2013-03-07,12.87,12.93,12.55,12.72,257493.58
2013-03-08,12.75,13.09,12.72,12.91,206601.21
2013-03-11,12.79,13.06,12.71,12.82,138350.18
2013-03-12,12.83,12.92,12.55,12.74,213436.99
2013-03-13,12.69,12.71,12.43,12.51,149670.48
2013-03-14,12.41,12.59,12.35,12.49,182425.21
2013-03-15,12.49,12.82,12.27,12.59,264586.17
2013-03-18,12.47,12.48,11.97,12.02,252781.01
2013-03-19,12.11,12.25,11.99,12.07,196791.04
2013-03-20,12.1,12.53,12.09,12.52,387222.65
2013-03-21,12.51,12.72,12.49,12.59,208277.38
2013-03-22,12.6,12.73,12.55,12.59,141644.77
2013-03-25,12.73,12.74,12.49,12.5,101524.85
2013-03-26,12.46,12.55,12.14,12.3,140501.38
2013-03-27,12.34,12.67,12.32,12.48,124724.72
2013-03-28,12.24,12.49,12.08,12.23,172749.3
2013-03-29,12.32,12.41,12.19,12.21,60705.76
2013-04-01,12.12,12.35,12.12,12.29,93163.37
2013-04-02,12.31,12.45,12.09,12.2,138906.9
2013-04-03,12.28,12.61,12.25,12.45,185703.16
2013-04-08,12.19,12.52,12.13,12.37,201727.27
2013-04-09,12.49,12.99,12.49,12.91,351707.93
2013-04-10,12.86,13.15,12.83,13.09,249124.38
2013-04-11,13.21,13.27,12.91,12.91,167725.79
2013-04-12,12.89,13.14,12.87,12.97,141430.76
2013-04-15,12.92,13.12,12.65,12.77,131814.22
2013-04-16,12.67,13.33,12.62,13.31,303121.79
2013-04-17,13.23,13.39,13.15,13.32,206744.47
2013-04-18,13.21,13.43,13.15,13.37,185966.4
2013-04-19,13.39,13.61,13.21,13.47,368463.23
2013-04-22,13.26,13.35,13.0,13.16,291667.9
2013-04-23,13.15,13.15,12.54,12.56,226467.52
2013-04-24,12.65,13.01,12.56,12.93,170151.79
2013-04-25,13.01,13.06,12.59,12.69,292269.54
2013-04-26,12.77,12.77,12.5,12.53,196685.26
2013-05-02,12.55,12.69,12.48,12.53,163337.53
2013-05-03,12.62,12.99,12.57,12.68,153932.25
2013-05-06,12.76,12.89,12.62,12.77,203353.18
2013-05-07,12.69,12.77,12.54,12.59,158525.42
2013-05-08,12.69,12.97,12.69,12.94,226980.55
2013-05-09,12.95,12.95,12.69,12.78,140649.13
2013-05-10,12.78,12.94,12.69,12.91,125414.59
2013-05-13,12.93,13.05,12.76,12.81,136840.67
2013-05-14,12.75,12.82,12.27,12.37,320628.1
2013-05-15,12.44,12.45,12.31,12.38,126465.69
2013-05-16,12.38,12.63,12.16,12.6,194507.87
2013-05-17,12.55,12.92,12.45,12.83,256549.78
2013-05-20,12.85,13.08,12.79,12.9,179413.75
2013-05-21,12.9,12.99,12.79,12.87,115801.15
2013-05-22,12.89,12.97,12.8,12.87,127046.27
2013-05-23,12.79,12.8,12.5,12.54,166210.96
2013-05-24,12.61,12.68,12.37,12.54,142304.08
2013-05-27,12.45,12.62,12.45,12.49,110566.29
2013-05-28,12.49,12.85,12.43,12.85,159518.92
2013-05-29,12.85,12.95,12.71,12.72,177554.86
2013-05-30,12.65,12.77,12.56,12.6,157068.15
2013-05-31,12.65,12.71,12.36,12.43,173102.93
2013-06-03,12.51,12.57,12.35,12.43,130708.97
2013-06-04,12.45,12.47,12.29,12.35,136490.19
2013-06-05,12.35,12.41,12.27,12.31,120304.8
2013-06-06,12.3,12.38,12.2,12.23,104217.88
2013-06-07,12.26,12.3,11.94,11.97,186893.11
2013-06-13,11.92,11.92,11.41,11.52,275787.13
2013-06-14,11.59,11.65,11.49,11.62,160516.38
2013-06-17,11.71,11.82,11.58,11.71,132809.4
2013-06-18,11.71,11.9,11.61,11.68,115786.3
2013-06-19,11.67,11.67,11.4,11.59,130915.12
2013-06-20,11.52,11.61,11.35,11.38,155512.15
2013-06-21,11.22,11.73,11.14,11.57,226360.89
2013-06-24,11.44,11.45,10.82,10.89,293053.75
2013-06-25,10.82,10.94,10.02,10.62,450106.21
2013-06-26,10.62,10.62,10.1,10.33,461935.09
2013-06-27,10.36,10.58,10.26,10.35,288781.98
2013-06-28,10.32,10.74,10.22,10.64,221424.43
2013-07-01,10.56,10.64,10.28,10.44,219406.98
2013-07-02,10.46,10.51,10.33,10.42,248257.95
2013-07-03,10.38,10.5,10.3,10.34,165671.96
2013-07-04,10.32,10.58,10.28,10.41,260632.4
2013-07-05,10.45,10.58,10.41,10.56,234110.21
2013-07-08,10.39,10.47,10.18,10.3,165388.96
2013-07-09,10.28,10.39,10.26,10.28,174947.64
2013-07-10,10.27,10.66,10.25,10.63,289629.27
2013-07-11,10.64,11.54,10.63,11.28,373477.05
2013-07-12,11.22,11.32,10.88,10.97,208352.2
2013-07-15,11.07,11.37,10.92,10.96,259187.52
2013-07-16,10.94,11.3,10.77,11.11,177926.32
2013-07-17,11.12,11.34,11.0,11.14,204981.44
2013-07-18,11.08,11.2,10.98,11.04,143813.33
2013-07-19,11.05,11.26,10.88,10.92,156847.65
2013-07-22,10.95,11.13,10.92,11.1,142359.45
2013-07-23,11.25,11.56,11.09,11.42,162084.71
2013-07-24,11.29,11.39,11.0,11.08,177238.96
2013-07-25,11.2,11.36,11.15,11.25,131061.17
2013-07-26,11.17,11.3,11.09,11.29,102756.45
2013-07-29,11.16,11.24,10.98,11.02,112029.94
2013-07-30,11.15,11.39,11.06,11.23,131638.72
2013-07-31,11.32,11.43,11.04,11.15,118614.9
2013-08-01,11.25,11.42,11.17,11.35,133276.32
2013-08-02,11.43,11.55,11.34,11.38,154082.33
2013-08-05,11.41,11.51,11.31,11.49,86993.24
2013-08-06,11.45,11.48,11.19,11.33,159229.89
2013-08-07,11.33,11.48,11.09,11.12,213358.51
2013-08-08,11.13,11.21,11.02,11.09,127477.37
2013-08-09,11.15,11.2,10.95,11.07,87725.52
2013-08-12,11.18,11.49,11.09,11.48,250529.34
2013-08-13,11.43,11.6,11.35,11.58,189978.81
2013-08-14,11.54,11.84,11.52,11.72,245239.67
2013-08-15,11.64,11.83,11.64,11.65,110026.04
2013-08-16,11.6,12.78,11.38,11.58,371489.43
2013-08-19,11.43,11.77,11.37,11.69,175487.52
2013-08-20,11.62,11.8,11.33,11.39,188240.8
2013-08-21,11.37,11.56,11.28,11.42,105904.02
2013-08-22,11.39,11.57,11.36,11.41,96010.2
2013-08-23,11.49,11.5,11.12,11.34,129178.23
2013-08-26,11.47,11.73,11.41,11.69,178971.62
2013-08-27,11.66,11.81,11.57,11.66,128426.75
2013-08-28,11.57,11.8,11.41,11.58,253470.97
2013-08-29,11.74,11.75,11.45,11.5,85378.03
2013-08-30,11.52,11.86,11.48,11.81,328653.37
2013-09-02,11.9,11.95,11.68,11.73,304302.35
2013-09-03,11.83,11.97,11.75,11.9,232135.5
2013-09-04,11.82,11.9,11.8,11.84,133804.89
2013-09-05,11.86,11.9,11.81,11.86,105304.48
2013-09-06,11.86,12.14,11.83,12.03,194444.92
2013-09-09,12.15,12.87,12.04,12.65,606606.73
2013-09-10,12.86,12.87,12.58,12.83,321739.77
2013-09-11,12.94,13.41,12.83,12.9,503754.76
2013-09-12,12.83,13.73,12.68,13.4,654969.1
2013-09-13,13.33,13.86,13.17,13.31,428727.27
2013-09-16,13.5,13.62,13.06,13.21,282001.89
2013-09-17,13.24,13.37,12.67,12.7,331626.48
2013-09-18,12.7,12.83,12.56,12.72,173878.5
2013-09-23,12.76,12.89,12.59,12.7,180693.42
2013-09-24,12.6,12.65,12.23,12.26,255778.8
2013-09-25,12.34,12.54,12.25,12.29,180260.66
2013-09-26,12.22,12.27,11.84,11.91,226380.02
2013-09-27,11.88,12.03,11.84,11.99,94770.69
2013-09-30,12.18,12.25,11.91,11.99,128266.81
2013-10-08,11.98,12.18,11.79,12.17,183164.04
2013-10-09,12.08,12.27,12.0,12.14,136037.73
2013-10-10,12.15,12.18,11.87,11.92,188993.01
2013-10-11,12.03,12.22,11.96,12.21,182777.59
2013-10-14,12.21,12.45,12.01,12.26,234649.83
2013-10-15,12.19,12.32,12.1,12.19,131909.17
2013-10-16,12.1,12.18,11.84,11.94,122168.48
2013-10-17,11.95,12.02,11.83,11.84,88769.59
2013-10-18,11.91,12.04,11.77,11.85,134880.76
2013-10-21,11.88,12.01,11.69,11.98,149323.7
2013-10-22,11.95,11.95,11.73,11.82,117961.22
2013-10-23,11.88,12.0,11.64,11.66,147753.8
2013-10-24,11.66,11.7,11.3,11.33,179657.59
2013-10-25,11.34,11.45,11.17,11.3,131569.37
2013-10-28,11.4,11.46,11.28,11.41,87499.29
2013-10-29,11.45,11.72,11.33,11.58,176695.15
2013-10-30,11.64,11.71,11.46,11.69,151707.4
2013-10-31,11.71,11.78,11.63,11.7,122605.56
2013-11-01,11.77,11.89,11.69,11.86,149760.72
2013-11-04,11.91,11.97,11.62,11.66,93799.8
2013-11-05,11.6,11.74,11.41,11.71,138355.23
2013-11-06,11.6,11.69,11.56,11.57,91358.87
2013-11-07,11.57,11.67,11.45,11.59,91086.99
2013-11-08,11.53,11.65,11.33,11.4,86998.31
2013-11-11,11.34,11.49,11.32,11.35,84444.22
2013-11-12,11.43,11.81,11.43,11.8,165237.49
2013-11-13,11.65,11.67,11.52,11.59,150721.25
2013-11-14,11.7,11.73,11.59,11.62,87980.38
2013-11-15,11.61,12.18,11.61,12.09,297772.9
2013-11-18,12.21,13.3,12.12,13.3,880790.49
2013-11-19,13.58,13.97,13.49,13.78,1128176.72
2013-11-20,13.86,13.92,13.54,13.84,764815.39
2013-11-21,13.69,13.72,13.32,13.45,673325.16
2013-11-22,13.48,13.68,13.24,13.43,532005.74
2013-11-25,13.32,13.9,13.25,13.34,592958.4
2013-11-26,13.34,13.55,13.11,13.28,367031.68
2013-11-27,13.34,13.67,13.19,13.53,507755.56
2013-11-28,13.53,13.72,13.36,13.37,465603.54
2013-11-29,13.38,13.42,13.24,13.36,214287.29
2013-12-02,13.32,13.82,13.3,13.52,600533.48
2013-12-03,13.39,13.43,12.95,13.21,456459.35
2013-12-04,13.17,13.62,13.11,13.34,393759.07
2013-12-05,13.3,13.71,13.28,13.57,304210.73
2013-12-06,13.52,13.74,13.15,13.31,373185.97
2013-12-09,13.5,13.65,13.3,13.49,300441.29
2013-12-10,13.53,13.56,13.2,13.3,264064.24
2013-12-11,13.19,13.2,12.56,12.71,324398.98
2013-12-12,12.66,12.77,12.44,12.59,232413.81
2013-12-13,12.42,12.68,12.36,12.6,182158.42
2013-12-16,12.61,12.63,12.33,12.35,165090.9
2013-12-17,12.4,12.41,12.23,12.34,191486.9
2013-12-18,12.33,12.43,12.25,12.29,178007.61
2013-12-19,12.42,12.46,12.26,12.29,206354.63
2013-12-20,12.29,12.34,11.87,11.92,316958.68
2013-12-23,11.98,12.24,11.9,12.14,181628.15
2013-12-24,12.16,12.38,12.12,12.23,143714.93
2013-12-25,12.27,12.44,12.14,12.41,133436.77
2013-12-26,12.35,12.43,12.21,12.27,130448.25
2013-12-27,12.34,12.75,12.27,12.64,198654.74
2013-12-30,12.66,12.73,12.5,12.54,120599.14
2013-12-31,12.46,12.79,12.45,12.65,92163.67
2014-01-02,12.65,12.65,12.31,12.38,120824.71
2014-01-03,12.29,12.34,11.97,12.1,172252.92
2014-01-06,12.04,12.04,11.54,11.77,301755.2
2014-01-07,11.6,11.77,11.57,11.7,105718.44
2014-01-08,11.74,11.9,11.59,11.75,127486.31
2014-01-09,11.7,11.82,11.59,11.63,110302.34
2014-01-10,11.59,11.74,11.56,11.64,94984.27
2014-01-13,11.71,11.8,11.59,11.61,101357.75
2014-01-14,11.6,11.81,11.59,11.75,98617.87
2014-01-15,11.71,11.77,11.61,11.68,67659.34
2014-01-16,11.74,11.95,11.67,11.8,298947.78
2014-01-17,11.67,11.8,11.6,11.62,157423.73
2014-01-20,11.6,11.75,11.55,11.63,167953.93
2014-01-21,11.66,11.86,11.62,11.71,151794.34
2014-01-22,11.71,11.95,11.64,11.92,201769.35
2014-01-23,11.9,11.9,11.62,11.67,257968.09
2014-01-24,11.6,11.75,11.6,11.6,224241.19
2014-01-27,11.6,11.6,11.19,11.23,341196.29
2014-01-28,11.26,11.37,11.23,11.31,171732.33
2014-01-29,11.36,11.43,11.32,11.39,118748.98
2014-01-30,11.37,11.37,11.16,11.17,129727.36
2014-02-07,11.11,11.11,10.83,11.0,271499.87
2014-02-10,11.06,11.26,11.03,11.24,192129.4
2014-02-11,11.25,11.54,11.16,11.44,296687.36
2014-02-12,11.45,11.52,11.34,11.41,149759.21
2014-02-13,11.4,11.47,11.26,11.31,168247.74
2014-02-14,11.3,11.39,11.26,11.3,229568.97
2014-02-17,11.41,11.52,11.36,11.47,231498.39
2014-02-18,11.47,11.48,11.18,11.22,198229.3
2014-02-19,11.22,11.49,11.17,11.38,195179.44
2014-02-20,11.45,11.49,11.21,11.22,177132.42
2014-02-21,11.22,11.3,11.15,11.19,130793.75
2014-02-24,11.18,11.18,10.96,11.0,147968.95
2014-02-25,11.02,11.04,10.79,10.81,183512.21
2014-02-26,10.77,10.94,10.73,10.87,152409.23
2014-02-27,10.92,11.04,10.82,10.96,200262.63
2014-02-28,10.96,11.04,10.78,10.98,158356.99
2014-03-03,10.96,10.96,10.82,10.91,151152.63
2014-03-04,10.85,10.95,10.78,10.91,145046.94
2014-03-05,10.94,10.97,10.71,10.73,184100.55
2014-03-06,10.73,11.09,10.61,11.0,260558.51
2014-03-07,10.93,11.08,10.73,10.74,201962.36
2014-03-10,10.63,10.67,10.44,10.46,163610.17
2014-03-11,10.45,10.54,10.31,10.47,139617.99
2014-03-12,10.43,10.57,10.38,10.49,139213.91
2014-03-13,10.57,10.63,10.42,10.51,165014.58
2014-03-14,10.44,10.47,10.31,10.31,173586.99
2014-03-17,10.37,10.42,10.31,10.41,94817.05
2014-03-18,10.43,10.48,10.33,10.34,180220.69
2014-03-19,10.32,10.35,10.25,10.31,113479.58
2014-03-20,10.31,10.46,10.27,10.29,126841.48
2014-03-21,10.25,10.62,10.2,10.59,280010.16
2014-03-24,10.72,10.84,10.63,10.76,213753.24
2014-03-25,10.7,10.85,10.67,10.72,133131.65
2014-03-26,10.75,10.82,10.7,10.75,99530.38
2014-03-27,10.72,10.89,10.57,10.72,143839.75
2014-03-28,10.7,10.85,10.68,10.75,141848.51
2014-03-31,10.85,10.87,10.65,10.78,130659.91
2014-04-01,10.81,10.9,10.73,10.83,116607.25
2014-04-02,10.84,11.0,10.77,11.0,169220.19
2014-04-03,10.99,11.1,10.86,10.87,131430.64
2014-04-04,10.82,10.92,10.76,10.87,104723.51
2014-04-08,10.82,11.27,10.8,11.21,302300.92
2014-04-09,11.19,11.25,11.13,11.21,135089.74
2014-04-10,11.19,12.33,11.12,11.95,794936.56
2014-04-11,11.96,12.2,11.71,11.84,526253.64
2014-04-14,11.81,11.86,11.52,11.65,255492.65
2014-04-15,11.6,11.6,11.28,11.32,254146.39
2014-04-16,11.32,11.46,11.3,11.35,172747.38
2014-04-17,11.38,11.42,11.23,11.26,151573.13
2014-04-18,11.2,11.34,11.09,11.25,122536.26
2014-04-21,11.15,11.33,11.06,11.07,129102.55
2014-04-22,11.04,11.22,11.03,11.19,126126.21
2014-04-23,11.14,11.24,11.08,11.13,88809.97
2014-04-24,11.13,11.27,11.11,11.17,112532.42
2014-04-25,11.28,11.33,11.08,11.11,169582.09
2014-04-28,11.11,11.19,10.96,10.98,127047.46
2014-04-29,11.03,11.18,11.0,11.11,127472.74
2014-04-30,11.13,11.17,11.06,11.13,75422.32
2014-05-05,11.06,11.29,11.06,11.17,115513.91
2014-05-06,11.17,11.26,11.12,11.16,79128.31
2014-05-07,11.12,11.13,11.0,11.04,102299.3
2014-05-08,11.05,11.24,10.96,10.98,140020.57
2014-05-09,11.02,11.05,10.95,11.02,84793.07
2014-05-12,11.11,11.29,11.06,11.24,178114.17
2014-05-13,11.24,11.28,11.15,11.19,83938.11
2014-05-14,11.17,11.32,11.13,11.26,101411.92
2014-05-15,11.24,11.26,11.05,11.08,113708.16
2014-05-16,11.13,11.15,11.04,11.11,74974.08
2014-05-19,11.06,11.09,10.84,10.89,125509.0
2014-05-20,10.98,11.02,10.92,10.96,66869.69
2014-05-21,10.86,11.06,10.85,11.03,73114.52
2014-05-22,11.04,11.23,10.99,11.09,112676.0
2014-05-23,11.11,11.23,11.09,11.19,78659.58
2014-05-26,11.3,11.33,11.16,11.19,82291.4
2014-05-27,11.21,11.28,11.17,11.2,70754.22
2014-05-28,11.26,11.37,11.19,11.34,147964.34
2014-05-29,11.34,11.49,11.32,11.4,184298.11
2014-05-30,11.39,11.53,11.34,11.45,128840.2
2014-06-03,11.47,11.6,11.43,11.43,114069.05
2014-06-04,11.42,11.43,11.3,11.38,97342.67
2014-06-05,11.35,11.59,11.34,11.58,134934.06
2014-06-06,11.61,11.65,11.46,11.56,108536.64
2014-06-09,11.49,11.75,11.48,11.64,122767.94
2014-06-10,11.72,11.84,11.61,11.8,162202.24
2014-06-11,11.74,11.84,11.72,11.77,85609.73
2014-06-12,11.76,11.8,11.6,11.7,142909.48
2014-06-13,11.66,12.05,11.66,11.99,241453.8
2014-06-16,11.96,12.31,11.96,12.26,365566.32
2014-06-17,12.23,12.32,12.07,12.27,204257.88
2014-06-18,12.26,12.33,12.08,12.12,173391.31
2014-06-19,12.19,12.27,11.96,12.12,148580.9
2014-06-20,12.11,12.32,12.08,12.31,185205.22
2014-06-23,12.33,12.49,12.17,12.18,160108.66
2014-06-24,12.2,12.48,12.11,12.43,145397.25
2014-06-25,12.4,12.44,12.23,12.39,99944.84
2014-06-26,12.37,12.51,12.27,12.35,128889.52
2014-06-27,12.29,12.29,11.91,12.0,206735.45
2014-06-30,12.0,12.23,11.97,12.14,116275.43
2014-07-01,12.23,12.24,11.92,11.96,115825.31
2014-07-02,11.97,12.22,11.95,12.12,136523.06
2014-07-03,12.15,12.37,12.11,12.29,142421.15
2014-07-04,12.28,12.59,12.28,12.44,164298.18
2014-07-07,12.46,12.61,12.44,12.48,159572.99
2014-07-08,12.48,12.54,12.41,12.48,125260.44
2014-07-09,12.48,12.6,12.23,12.23,113498.52
2014-07-10,12.32,12.35,12.04,12.08,143573.36
2014-07-11,12.1,12.12,12.05,12.07,91972.66
2014-07-14,12.14,12.36,12.09,12.34,122508.77
2014-07-15,12.29,12.4,12.18,12.35,139761.19
2014-07-16,12.35,12.4,12.26,12.32,100868.64
2014-07-17,12.32,12.32,12.21,12.25,58241.29
2014-07-18,12.28,12.61,12.08,12.5,171990.7
2014-07-21,12.5,12.69,12.49,12.63,182065.01
2014-07-22,12.58,13.25,12.57,13.21,304873.86
2014-07-23,13.14,13.44,13.13,13.4,245508.29
2014-07-24,13.36,13.61,13.36,13.55,298905.25
2014-07-25,13.64,13.68,13.44,13.68,191081.66
2014-07-28,13.79,14.07,13.67,13.92,390316.42
2014-07-29,13.92,13.98,13.75,13.95,203399.23
2014-07-30,13.78,14.05,13.78,13.88,216280.18
2014-07-31,13.88,14.05,13.61,14.01,170838.56
2014-08-01,13.89,14.1,13.7,13.74,182193.88
2014-08-04,13.77,14.16,13.7,14.16,221285.01
2014-08-05,14.11,14.23,13.79,13.96,215442.53
2014-08-06,13.82,13.82,13.58,13.71,179963.55
2014-08-07,13.71,13.74,13.48,13.53,142523.04
2014-08-08,13.61,13.67,13.47,13.51,108711.72
2014-08-11,13.6,13.91,13.58,13.8,139613.69
2014-08-12,13.7,13.73,13.53,13.62,118481.48
2014-08-13,13.67,13.9,13.5,13.88,170580.62
2014-08-14,14.03,14.07,13.64,13.74,204429.09
2014-08-15,13.86,14.39,13.7,14.31,323024.55
2014-08-18,14.27,14.51,14.21,14.24,186470.97
2014-08-19,14.26,14.37,14.03,14.24,194194.1
2014-08-20,14.17,14.24,13.93,13.96,184455.6
2014-08-21,13.98,14.07,13.79,13.95,173305.18
2014-08-22,13.97,14.1,13.93,14.03,115228.01
2014-08-25,13.95,13.95,13.49,13.56,195961.54
2014-08-26,13.53,13.72,13.51,13.58,143414.46
2014-08-27,13.61,13.69,13.34,13.36,103393.0
2014-08-28,13.44,13.51,13.29,13.33,122374.91
2014-08-29,13.34,13.44,13.27,13.43,115310.28
2014-09-01,13.43,13.64,13.33,13.61,169164.96
2014-09-02,13.61,13.86,13.42,13.82,203911.75
2014-09-03,13.77,14.21,13.77,14.02,214954.29
2014-09-04,14.12,14.19,13.94,14.17,145848.15
2014-09-05,14.17,14.48,14.15,14.35,194934.46
2014-09-09,14.35,14.55,14.14,14.16,174746.03
2014-09-10,14.09,14.1,13.88,13.9,152646.39
2014-09-11,13.89,14.12,13.68,13.69,182465.17
2014-09-12,13.69,13.77,13.63,13.76,109544.57
2014-09-15,13.62,13.65,13.51,13.61,174238.91
2014-09-16,13.68,13.72,13.26,13.37,237277.13
2014-09-17,13.47,13.55,13.37,13.49,110214.61
2014-09-18,13.47,13.62,13.3,13.53,173136.71
2014-09-19,13.56,13.7,13.44,13.64,130632.31
2014-09-22,13.53,13.54,13.07,13.12,234525.66
2014-09-23,13.12,13.3,13.11,13.19,128371.33
2014-09-24,13.13,13.61,13.12,13.58,232546.3
2014-09-25,13.65,13.79,13.41,13.62,220494.09
2014-09-26,13.51,13.62,13.39,13.47,177275.34
2014-09-29,13.48,13.59,13.4,13.54,240833.86
2014-09-30,13.54,13.58,13.48,13.55,133280.81
2014-10-08,13.58,13.61,13.42,13.58,186484.35
2014-10-09,13.59,13.85,13.56,13.65,231275.25
2014-10-10,13.58,13.63,13.44,13.54,206912.06
2014-10-13,13.44,13.44,13.18,13.29,159686.21
2014-10-14,13.29,13.4,13.14,13.17,204116.54
2014-10-15,13.14,13.5,13.12,13.43,176360.56
2014-10-16,13.24,13.6,13.24,13.37,178383.99
2014-10-17,13.44,13.57,13.27,13.42,160968.97
2014-10-20,13.52,13.58,13.32,13.4,139982.56
2014-10-21,13.39,13.44,13.24,13.25,90067.11
2014-10-22,13.27,13.74,13.2,13.39,214448.39
2014-10-23,13.38,13.59,13.27,13.34,201378.87
2014-10-24,13.34,13.42,13.27,13.36,85186.47
2014-10-27,13.05,13.17,12.77,13.07,229707.3
2014-10-28,13.07,13.43,13.07,13.41,182006.72
2014-10-29,13.47,13.75,13.44,13.61,335265.24
2014-10-30,13.54,13.61,13.42,13.49,237418.6
2014-10-31,13.58,14.02,13.55,13.94,575001.18
2014-11-03,13.94,13.99,13.68,13.74,276220.33
2014-11-04,13.61,13.79,13.58,13.7,200762.1
2014-11-05,13.68,13.88,13.61,13.8,134178.06
2014-11-06,13.85,13.92,13.62,13.72,139486.5
2014-11-07,13.71,14.31,13.68,14.02,505659.62
2014-11-10,14.14,14.39,13.98,14.22,540741.03
2014-11-11,14.23,14.66,14.2,14.41,890707.45
2014-11-12,14.36,14.59,14.18,14.52,346345.7
2014-11-13,14.55,15.12,14.55,14.76,571518.64
2014-11-14,14.76,14.94,14.44,14.89,636338.68
2014-11-17,15.36,15.42,14.27,14.35,619072.08
2014-11-18,14.32,14.5,13.88,13.93,422199.44
2014-11-19,13.93,14.11,13.89,13.93,276643.33
2014-11-20,13.88,14.44,13.86,14.29,425109.81
2014-11-21,14.25,14.78,14.07,14.72,497316.94
2014-11-24,15.34,15.89,15.16,15.76,1369425.26
2014-11-25,15.6,15.84,15.43,15.64,523306.4
2014-11-26,15.65,16.75,15.65,16.73,1040703.95
2014-11-27,16.82,17.42,16.68,17.16,1202353.18
2014-11-28,17.06,17.2,16.47,16.84,944051.56
2014-12-01,17.1,17.58,16.5,16.54,982984.16
2014-12-02,16.35,17.93,16.29,17.37,1018603.77
2014-12-03,17.44,18.26,16.79,16.92,1321609.1
2014-12-04,17.1,18.61,16.79,18.61,1371777.81
2014-12-05,19.12,19.51,17.81,18.62,1610205.38
2014-12-08,18.09,20.06,17.94,19.67,1563619.48
2014-12-09,18.85,20.01,17.7,17.7,1872645.4
2014-12-10,17.59,18.15,16.72,17.72,1141088.73
2014-12-11,17.21,17.63,16.88,16.91,785805.69
2014-12-12,17.14,17.77,16.95,17.13,764657.39
2014-12-15,16.88,17.49,16.78,17.37,542529.32
2014-12-16,17.35,18.49,17.24,18.46,1143860.7
2014-12-17,18.49,18.85,18.01,18.62,1234387.22
2014-12-18,18.71,19.4,18.44,18.71,1106842.41
2014-12-19,18.71,19.02,17.94,18.59,894146.34
2014-12-22,18.57,19.55,18.55,18.86,1116150.73
2014-12-23,18.5,20.55,18.23,19.14,1242547.26
2014-12-24,19.41,19.46,17.66,17.91,785019.54
2014-12-25,18.07,19.34,17.81,19.32,979445.04
2014-12-26,19.27,21.14,19.13,20.89,1424969.0
2014-12-29,21.33,22.97,21.33,22.28,1940953.26
2014-12-30,21.99,22.81,21.44,22.32,1109210.01
2014-12-31,22.31,22.85,21.65,22.55,1014573.83
2015-01-05,23.04,23.95,22.69,23.23,1340731.01
2015-01-06,22.34,22.9,21.49,21.89,1239038.2
2015-01-07,21.71,22.49,21.61,21.8,864210.44
2015-01-08,21.99,22.14,20.82,20.96,830695.43
2015-01-09,21.07,23.06,20.83,21.58,1612508.71
2015-01-12,21.56,22.22,20.8,21.73,1090685.23
2015-01-13,21.74,22.21,21.26,21.54,579057.46
2015-01-14,21.6,22.09,21.3,21.64,561311.73
2015-01-15,21.98,23.73,21.75,23.42,1301752.69
2015-01-16,23.51,24.43,22.91,23.55,1344703.87
2015-01-19,21.19,22.05,21.19,21.19,966361.31
2015-01-20,20.96,21.54,20.45,21.03,1351500.23
2015-01-21,21.44,23.13,21.42,23.13,1636070.22
2015-01-22,23.8,24.36,23.14,23.37,1419338.56
2015-01-23,23.82,25.71,23.15,25.45,2072648.98
2015-01-26,25.2,26.18,24.77,25.8,1454551.92
2015-01-27,26.17,26.44,24.22,25.36,1683168.58
2015-01-28,24.71,24.9,24.08,24.26,1025062.52
2015-01-29,23.72,24.63,23.42,24.55,1197504.28
2015-01-30,24.26,24.63,23.19,23.32,1091428.27
2015-02-02,22.23,23.02,22.1,22.29,971465.52
2015-02-03,22.71,24.26,22.19,23.73,1478884.77
2015-02-04,23.71,24.08,22.77,22.85,1112194.28
2015-02-05,23.87,23.94,22.2,22.25,1339582.2
2015-02-06,21.85,22.46,21.51,21.75,835598.58
2015-02-09,21.64,23.04,21.42,22.39,920213.26
2015-02-10,22.25,22.97,22.16,22.88,607473.6
2015-02-11,23.01,23.65,22.81,23.41,694656.32
2015-02-12,23.33,23.77,22.84,23.47,573904.81
2015-02-13,23.59,24.17,23.13,23.22,765680.99
2015-02-16,23.2,23.65,22.97,23.28,499157.04
2015-02-17,23.35,24.89,23.34,24.3,1041509.0
2015-02-25,23.94,24.07,23.14,23.25,654394.39
2015-02-26,23.12,24.41,22.5,24.35,1085322.12
2015-02-27,24.29,24.52,23.94,24.02,668202.63
2015-03-02,24.02,24.33,23.4,23.87,1003027.82
2015-03-03,23.47,23.63,22.46,22.55,1174087.44
2015-03-04,22.48,23.0,22.41,22.77,712221.03
2015-03-05,22.34,22.6,22.0,22.33,920257.44
2015-03-06,22.3,22.53,21.99,22.02,706208.28
2015-03-09,21.64,22.88,20.94,22.46,1150232.36
2015-03-10,22.13,22.2,21.78,21.93,526607.86
2015-03-11,22.08,22.69,22.06,22.15,705059.47
2015-03-12,22.55,23.25,22.15,22.97,1167681.37
2015-03-13,23.04,23.31,22.69,22.86,845767.01
2015-03-16,22.96,23.78,22.69,23.65,1150961.35
2015-03-17,23.66,23.87,23.32,23.62,892186.94
2015-03-18,23.73,24.12,23.7,24.01,935153.33
2015-03-19,23.86,23.91,23.18,23.27,801826.27
2015-03-20,23.56,24.29,23.01,23.66,1433577.63
2015-03-23,23.72,24.03,23.39,23.8,1189756.23
2015-03-24,23.73,23.94,23.27,23.32,1019509.51
2015-03-25,23.11,23.33,22.34,22.5,1121238.9
2015-03-26,22.23,23.13,22.03,22.54,943497.79
2015-03-27,22.38,22.68,22.18,22.4,597952.14
2015-03-30,22.65,23.51,22.37,23.47,1332878.09
2015-03-31,23.94,24.43,23.52,23.66,1585911.12
2015-04-01,24.12,24.43,23.86,24.06,1178257.21
2015-04-02,24.2,24.35,23.45,23.74,956120.75
2015-04-03,23.56,24.01,23.5,23.8,817489.2
2015-04-07,23.95,24.33,23.67,24.28,1258089.58
2015-04-08,24.33,25.3,23.86,24.89,1877418.2
2015-04-09,24.89,25.9,24.44,24.47,1674502.71
2015-04-10,24.35,25.12,24.26,25.04,1166575.99
2015-04-13,25.39,25.48,24.74,24.98,980838.22
2015-04-14,24.97,24.98,24.09,24.31,1067928.72
2015-04-15,24.24,24.64,23.94,23.99,872522.9
2015-04-16,23.89,25.06,23.8,25.03,1269136.47
2015-04-17,25.48,25.81,24.92,25.26,1428156.13
2015-04-20,25.21,25.21,23.75,23.79,1355420.51
2015-04-21,24.04,24.42,23.72,24.3,946712.86
2015-04-22,24.37,25.82,24.24,25.77,1710089.75
2015-04-23,25.82,26.02,24.78,25.28,1437152.82
2015-04-24,24.68,25.08,24.0,24.28,1162894.83
2015-04-27,24.49,25.01,24.25,24.99,1201740.24
2015-04-28,24.97,25.49,24.29,25.16,1828485.56
2015-04-29,24.99,25.33,24.35,24.86,1078528.43
2015-04-30,24.92,25.33,24.26,24.31,1248549.46
2015-05-04,24.39,25.31,23.87,25.17,1334820.1
2015-05-05,25.17,25.48,24.21,24.33,1361321.92
2015-05-06,24.38,26.77,24.38,25.43,3269038.71
2015-05-07,24.85,25.19,24.13,24.15,1684511.83
2015-05-08,24.43,24.56,23.56,24.04,1158993.04
2015-05-11,24.15,25.12,23.84,24.77,1488232.67
2015-05-12,24.57,25.19,24.29,24.82,1287548.56
2015-05-13,24.85,25.04,24.29,24.4,894814.22
2015-05-14,24.4,24.91,24.08,24.32,854053.55
2015-05-15,24.15,24.29,23.28,23.35,1044834.71
2015-05-18,23.04,23.15,22.7,22.72,728259.87
2015-05-19,22.7,23.91,22.65,23.49,1029100.66
2015-05-20,23.58,23.82,23.2,23.34,907839.57
2015-05-21,23.51,23.58,23.15,23.4,709968.21
2015-05-22,23.65,24.19,23.45,24.1,1210790.19
2015-05-25,24.19,24.88,24.19,24.84,1224249.04
2015-05-26,25.13,25.47,24.55,25.1,1216517.02
2015-05-27,25.12,25.26,24.58,24.77,986148.29
2015-05-28,24.71,24.84,22.87,22.94,1223968.6
2015-05-29,23.01,23.23,22.25,22.5,980731.06
2015-06-01,22.51,23.54,22.34,23.39,912924.71
2015-06-02,23.3,23.51,22.92,23.18,856754.39
2015-06-03,23.24,23.78,23.04,23.44,933274.52
2015-06-04,23.43,24.11,21.79,23.77,1290455.55
2015-06-05,24.06,24.22,23.04,23.66,1171889.34
2015-06-08,23.73,25.19,23.45,24.9,2059265.77
2015-06-09,25.05,25.05,24.08,24.34,1307785.18
2015-06-10,24.19,24.77,23.93,24.29,1007455.31
2015-06-11,24.29,24.7,23.82,24.29,1125569.3
2015-06-12,24.33,24.53,23.95,24.03,884801.65
2015-06-15,24.28,24.29,22.69,23.06,1023788.19
2015-06-16,22.83,23.33,22.51,22.67,816316.2
2015-06-17,22.76,22.97,22.41,22.81,686433.08
2015-06-18,22.72,22.72,21.58,21.63,869496.66
2015-06-19,21.54,21.92,20.1,20.29,883199.32
2015-06-23,20.45,21.56,20.21,21.47,972370.75
2015-06-24,21.38,21.76,21.19,21.58,874632.2
2015-06-25,21.72,21.77,20.52,20.7,801886.71
2015-06-26,20.31,21.08,18.78,19.59,1201089.58
2015-06-29,20.17,20.42,18.15,19.68,1376958.14
2015-06-30,19.68,21.26,19.59,21.07,1428105.37
2015-07-01,20.66,21.01,19.76,19.92,854875.84
2015-07-02,20.16,20.45,18.85,19.36,1286522.09
2015-07-03,19.76,20.17,18.15,19.17,1069806.54
2015-07-06,20.94,20.94,19.55,20.5,2185886.57
2015-07-07,19.96,22.04,19.84,21.93,2803815.45
2015-07-08,19.73,20.88,19.73,19.94,2154519.26
2015-07-09,19.94,21.77,18.85,20.97,1664901.32
2015-07-10,20.52,22.76,20.4,21.72,1661322.55
2015-07-13,21.3,21.9,20.87,21.25,1093775.73
2015-07-14,20.95,20.98,20.03,20.34,934974.22
2015-07-15,20.24,20.7,19.86,20.44,728863.11
2015-07-16,20.44,20.56,20.03,20.29,467185.1
2015-07-17,20.65,20.82,20.21,20.58,538180.16
2015-07-20,20.53,20.57,20.11,20.29,490132.99
2015-07-21,20.25,20.65,20.14,20.35,503547.24
2015-07-22,20.26,20.37,19.9,19.96,419060.21
2015-07-23,20.02,20.6,19.86,20.4,622701.51
2015-07-24,20.4,20.4,19.83,19.9,507499.32
2015-07-27,19.81,19.93,17.91,17.91,751987.34
2015-07-28,17.58,18.46,17.55,18.08,780777.26
2015-07-29,18.27,18.41,17.89,18.28,458775.63
2015-07-30,18.25,18.79,17.84,17.9,463638.91
2015-07-31,17.67,17.9,17.53,17.7,499996.63
2015-08-03,17.68,18.06,17.48,18.04,511342.27
2015-08-04,18.0,18.42,17.92,18.3,368820.66
2015-08-05,18.19,18.22,17.68,17.73,313597.78
2015-08-06,17.55,17.76,17.41,17.49,303607.02
2015-08-07,17.69,18.03,17.57,17.83,372667.07
2015-08-10,17.85,18.73,17.75,18.6,552556.43
2015-08-11,18.45,18.73,18.32,18.41,368960.11
2015-08-12,18.29,18.46,18.01,18.1,273092.28
2015-08-13,18.05,18.36,17.84,18.17,337219.3
2015-08-14,18.22,18.27,17.92,17.99,339339.8
2015-08-17,17.77,17.82,17.36,17.6,442129.61
2015-08-18,17.66,17.93,16.6,16.67,534560.48
2015-08-19,16.55,16.82,16.43,16.79,480726.44
2015-08-20,16.69,16.94,16.45,16.45,277804.83
2015-08-21,16.27,16.55,15.63,15.65,405056.11
2015-08-24,15.2,15.27,14.09,14.1,843803.51
2015-08-25,13.78,14.68,13.36,13.51,888087.04
2015-08-26,13.63,14.78,13.58,14.31,740696.85
2015-08-27,14.73,15.74,14.14,15.61,888785.26
2015-08-28,15.63,16.13,15.35,15.84,774733.33
2015-08-31,15.54,16.09,15.1,16.06,571205.28
2015-09-01,15.63,16.2,15.12,16.13,786172.96
2015-09-02,15.49,16.33,15.41,16.29,965751.09
2015-09-07,16.08,16.32,15.49,15.52,268817.97
2015-09-08,15.67,15.87,15.33,15.83,243144.2
2015-09-09,15.86,16.35,15.84,16.21,294936.08
2015-09-10,15.99,16.38,15.99,16.34,279270.38
2015-09-11,16.25,16.44,16.06,16.19,138534.33
2015-09-14,16.27,16.62,15.54,16.58,765135.92
2015-09-15,16.16,16.41,15.91,16.39,304201.7
2015-09-16,16.34,17.36,15.99,16.98,259681.61
2015-09-17,16.74,17.33,16.55,16.65,232686.54
2015-09-18,16.67,17.26,16.67,16.81,219940.28
2015-09-21,16.66,16.82,16.45,16.73,152646.58
2015-09-22,16.73,17.31,16.67,16.94,184416.9
2015-09-23,16.68,16.78,16.2,16.35,184717.55
2015-09-24,16.5,16.54,16.25,16.3,98801.7
2015-09-25,16.26,16.38,15.92,16.14,121502.83
2015-09-28,16.03,16.16,15.89,16.11,67679.54
2015-09-29,15.86,15.98,15.55,15.7,128405.22
2015-09-30,15.77,15.98,15.7,15.76,115012.78
2015-10-08,17.19,17.27,16.04,16.17,557908.57
2015-10-09,16.3,17.19,16.21,17.02,332434.96
2015-10-12,16.91,17.74,16.85,17.33,378470.1
2015-10-13,17.27,17.56,17.18,17.36,176282.38
2015-10-14,17.18,17.35,16.9,16.95,173179.11
2015-10-15,17.02,17.24,16.91,17.21,138454.27
2015-10-16,17.26,17.75,17.26,17.56,241092.35
2015-10-19,17.55,18.12,17.45,17.63,258457.0
2015-10-20,17.62,17.75,17.5,17.68,148483.29
2015-10-21,17.68,18.36,17.3,17.9,382123.06
2015-10-22,17.66,17.8,17.41,17.65,238785.21
2015-10-23,17.73,18.19,17.6,18.02,267028.34
2015-10-26,18.14,18.5,18.02,18.14,241832.87
2015-10-27,18.05,18.27,17.63,18.05,168189.87
2015-10-28,17.91,18.0,17.6,17.62,130561.46
2015-10-29,17.71,17.71,17.46,17.5,141748.91
2015-10-30,17.52,17.74,17.33,17.52,174389.28
2015-11-02,17.41,17.87,17.39,17.59,266485.02
2015-11-03,17.72,17.93,17.66,17.76,138476.17
2015-11-04,17.77,19.36,17.76,19.24,613736.77
2015-11-05,18.9,20.6,18.76,19.11,1352633.45
2015-11-06,19.01,20.12,18.86,19.74,770000.31
2015-11-09,19.59,20.43,19.51,19.57,774943.88
2015-11-10,19.21,19.86,19.04,19.27,416820.45
2015-11-11,19.18,19.29,18.86,19.23,286800.54
2015-11-12,19.31,19.32,18.93,19.04,214996.41
2015-11-13,18.87,19.13,18.83,18.85,208121.31
2015-11-16,18.47,18.71,18.44,18.63,220545.11
2015-11-17,18.81,19.44,18.71,18.78,334449.67
2015-11-18,18.76,19.04,18.68,18.78,203744.36
2015-11-19,18.85,19.25,18.73,19.21,208314.84
2015-11-20,19.32,19.53,19.15,19.24,221866.57
2015-11-23,19.16,19.42,19.1,19.11,162867.02
2015-11-24,19.01,19.25,18.84,19.15,175616.98
2015-11-25,19.1,19.27,19.03,19.2,157099.56
2015-11-26,19.29,19.44,19.18,19.2,151315.33
2015-11-27,19.12,19.27,18.45,18.75,285584.41
2015-11-30,18.71,18.93,18.08,18.8,242931.52
2015-12-01,18.8,19.42,18.66,19.02,216721.32
2015-12-02,19.0,20.52,18.85,20.42,623651.18
2015-12-03,20.18,21.04,19.96,20.57,597283.74
2015-12-04,20.25,20.34,19.71,19.76,297480.75
2015-12-07,19.78,20.01,19.4,19.54,177161.23
2015-12-08,19.44,19.49,19.11,19.2,154154.94
2015-12-09,19.14,19.66,19.14,19.22,129871.59
2015-12-10,19.25,19.94,19.19,19.22,188625.9
2015-12-11,19.1,19.53,18.99,19.33,138013.95
2015-12-14,19.18,20.35,19.11,20.1,289085.61
2015-12-15,19.96,20.01,19.54,19.61,214585.55
2015-12-16,19.62,19.96,19.61,19.63,112451.21
2015-12-17,19.84,20.23,19.64,19.77,193357.91
2015-12-18,19.74,20.05,19.62,19.82,184791.04
2015-12-21,19.69,20.62,19.64,20.37,348913.97
2015-12-22,20.25,20.82,20.09,20.79,348868.42
2015-12-23,20.65,21.53,20.61,21.02,502962.33
2015-12-24,21.01,21.5,20.64,21.17,327857.35
2015-12-25,21.08,21.67,20.97,21.6,262156.39
2015-12-28,21.6,21.6,20.71,20.77,238846.38
2015-12-29,20.71,21.04,20.6,20.72,245820.03
2015-12-30,20.77,20.82,20.23,20.47,305298.42
2015-12-31,20.46,20.84,20.26,20.5,185471.73
2016-01-04,20.38,20.52,19.19,19.32,146192.65
2016-01-05,19.16,19.85,19.09,19.66,265555.11
2016-01-06,19.57,20.03,19.32,19.87,171417.08
2016-01-07,19.5,19.66,18.08,18.17,41896.53
2016-01-08,18.94,19.18,18.29,18.86,269138.0
2016-01-11,18.54,18.68,17.39,18.05,257951.17
2016-01-12,18.19,18.47,17.62,18.41,277427.55
2016-01-13,18.58,18.6,17.76,18.27,159639.64
2016-01-14,17.69,18.65,17.59,18.5,186815.26
2016-01-15,18.22,18.46,18.02,18.18,199364.22
2016-01-18,17.91,18.28,17.72,17.84,128171.62
2016-01-19,17.99,18.16,17.27,17.95,255028.34
2016-01-20,17.76,17.8,17.14,17.19,325297.67
2016-01-21,17.07,17.31,16.84,16.97,178067.94
2016-01-22,17.16,17.18,16.55,16.99,167555.88
2016-01-25,17.06,17.12,16.82,16.91,146928.62
2016-01-26,16.77,16.89,15.98,16.01,206193.67
2016-01-27,16.25,16.28,15.82,16.02,215256.94
2016-01-28,16.05,16.28,15.63,15.97,124218.22
2016-01-29,16.03,16.66,15.91,16.53,143838.58
2016-02-01,16.7,16.7,16.18,16.32,90890.65
2016-02-02,16.29,16.68,16.27,16.55,96432.41
2016-02-03,16.34,16.39,15.97,16.18,100527.5
2016-02-04,16.25,16.55,16.22,16.4,74387.86
2016-02-05,16.43,16.59,16.28,16.29,79187.65
2016-02-15,15.91,16.15,15.77,16.0,70663.2
2016-02-16,16.13,16.54,16.06,16.5,96830.85
2016-02-17,16.52,16.76,16.35,16.5,135210.14
2016-02-18,16.67,16.91,16.56,16.69,127673.25
2016-02-19,16.62,16.75,16.48,16.59,58429.5
2016-02-22,16.82,17.75,16.58,17.19,245004.56
2016-02-23,17.13,17.16,16.69,16.89,114980.23
2016-02-24,16.77,17.02,16.62,16.94,132811.64
2016-02-25,16.86,16.91,16.09,16.24,225335.85
2016-02-26,16.41,16.72,16.35,16.62,129753.06
2016-02-29,16.5,16.72,15.98,16.7,135887.22
2016-03-01,16.58,17.18,16.35,16.91,139302.83
2016-03-02,16.97,17.48,16.89,17.39,212587.3
2016-03-03,17.48,17.6,17.1,17.46,179659.77
2016-03-04,17.31,17.97,17.26,17.87,503200.07
2016-03-07,17.83,18.09,17.37,17.47,181558.99
2016-03-08,17.46,17.63,16.81,17.6,180257.87
2016-03-09,17.23,17.84,16.92,17.82,186553.24
2016-03-10,17.48,17.75,17.26,17.32,78734.57
2016-03-11,17.19,17.53,17.16,17.5,89124.44
2016-03-14,17.58,18.0,17.28,17.4,187836.85
2016-03-15,17.41,17.65,17.27,17.6,127900.96
2016-03-16,17.59,18.17,17.46,18.05,373922.62
2016-03-17,18.12,18.35,17.68,17.82,195370.12
2016-03-18,18.0,18.18,17.78,17.86,258248.84
2016-03-21,18.04,19.14,17.96,18.5,349374.69
2016-03-22,18.47,18.63,18.29,18.4,181540.56
2016-03-23,18.53,18.79,18.4,18.61,121907.06
2016-03-24,18.39,18.54,18.12,18.32,139314.78
2016-03-25,18.36,19.1,18.32,18.68,145145.45
2016-03-28,18.81,18.95,18.12,18.22,155613.06
2016-03-29,18.31,18.33,18.05,18.12,124060.28
2016-03-30,18.3,18.82,18.25,18.7,146974.24
2016-03-31,18.74,18.9,18.54,18.63,102945.36
2016-04-01,18.78,18.86,18.47,18.73,133764.05
2016-04-05,18.5,18.94,18.5,18.78,94262.5
2016-04-06,18.61,18.73,18.54,18.57,80095.69
2016-04-07,18.66,18.68,18.46,18.46,105866.45
2016-04-08,18.29,18.55,18.27,18.46,227489.33
2016-04-11,18.59,18.73,18.46,18.47,190359.86
2016-04-12,18.47,18.52,18.45,18.47,126582.25
2016-04-13,18.61,19.04,18.57,18.65,182942.28
2016-04-14,18.76,18.83,18.61,18.68,93010.95
2016-04-15,18.73,18.85,18.65,18.81,147977.98
2016-04-18,18.65,19.08,18.49,18.81,196645.07
2016-04-19,18.9,19.03,18.76,18.93,103177.47
2016-04-20,18.9,19.49,18.65,19.47,463988.76
2016-04-21,19.29,19.84,19.1,19.58,304673.9
2016-04-22,19.36,19.75,19.3,19.64,234735.31
2016-04-25,19.47,19.93,19.3,19.73,199444.37
2016-04-26,19.74,20.01,19.61,19.74,182645.58
2016-04-27,19.8,19.84,19.57,19.7,96988.67
2016-04-28,19.71,19.79,19.59,19.69,104893.64
2016-04-29,19.59,19.73,19.45,19.62,133414.8
2016-05-03,19.25,19.64,19.0,19.4,250107.53
2016-05-04,19.41,19.42,19.23,19.38,114118.83
2016-05-05,19.37,19.43,19.2,19.34,93552.88
2016-05-06,19.37,19.44,18.53,18.55,308163.41
2016-05-09,18.56,18.65,18.22,18.44,172686.94
2016-05-10,18.27,18.52,18.22,18.32,157791.08
2016-05-11,18.39,18.49,18.3,18.35,228318.7
2016-05-12,18.29,18.94,18.21,18.89,152426.46
2016-05-13,18.76,19.0,18.65,18.89,179765.29
2016-05-16,18.72,18.98,18.7,18.79,242060.35
2016-05-17,18.81,18.86,18.71,18.78,82530.19
2016-05-18,18.7,19.17,18.68,19.14,194988.52
2016-05-19,19.04,19.19,19.03,19.12,91197.14
2016-05-20,19.06,19.22,19.04,19.15,47367.41
2016-05-23,19.15,19.2,19.05,19.08,52503.72
2016-05-24,19.04,19.1,18.7,18.82,57635.74
2016-05-25,19.02,19.04,18.83,18.88,35573.7
2016-05-26,18.89,19.13,18.83,18.9,64174.91
2016-05-27,18.83,19.0,18.83,18.94,36214.8
2016-05-30,19.1,19.11,18.86,19.1,54116.78
2016-05-31,19.05,19.86,19.04,19.39,226916.43
2016-06-01,19.27,19.39,19.18,19.21,88724.22
2016-06-02,19.23,19.32,19.05,19.12,59603.01
2016-06-03,19.27,19.3,19.1,19.24,66894.4
2016-06-06,19.27,19.31,19.13,19.23,68711.96
2016-06-07,19.32,19.32,19.21,19.24,45777.94
2016-06-08,19.3,19.3,19.17,19.2,61155.9
2016-06-13,18.91,19.24,18.83,19.09,125213.69
2016-06-14,19.04,19.23,18.92,19.13,78888.73
2016-06-15,18.76,19.18,18.76,19.1,86252.36
2016-06-16,18.91,19.22,18.91,19.15,123042.31
2016-06-17,19.08,19.31,19.08,19.25,66397.63
2016-06-20,19.25,19.32,19.18,19.26,45620.14
2016-06-21,19.29,19.52,19.25,19.25,71177.62
2016-06-22,19.22,19.26,19.12,19.18,28471.3
2016-06-23,19.24,19.24,18.93,18.98,52851.87
2016-06-24,18.91,19.07,18.86,18.98,114112.51
2016-06-27,18.97,19.05,18.92,18.98,65407.67
2016-06-28,18.93,19.06,18.9,18.99,55765.13
2016-06-29,18.99,19.14,18.97,19.11,57111.64
2016-06-30,19.1,19.32,19.0,19.21,64964.15
2016-07-01,19.21,19.36,19.11,19.2,40616.96
2016-07-04,19.18,19.69,19.15,19.49,84145.03
2016-07-05,19.49,19.52,19.19,19.27,65776.64
2016-07-06,19.18,19.25,18.94,19.09,74130.16
2016-07-07,19.09,19.15,18.98,19.12,42784.74
2016-07-08,19.1,19.1,18.98,18.99,37336.03
2016-07-11,19.08,19.17,18.99,19.05,38503.3
2016-07-12,19.04,19.41,18.99,19.37,70830.53
2016-07-13,19.37,19.67,19.35,19.43,87865.64
2016-07-14,19.46,19.49,19.34,19.45,42390.59
2016-07-15,19.45,19.59,19.4,19.49,89458.06
2016-07-18,19.45,19.63,19.4,19.48,64792.99
2016-07-19,19.48,19.51,19.15,19.27,38462.57
2016-07-20,19.19,19.4,19.15,19.37,39511.63
2016-07-21,19.35,19.59,19.33,19.5,43552.11
2016-07-22,19.43,19.57,19.15,19.25,54256.08
2016-07-25,19.25,19.32,19.15,19.25,33632.47
2016-07-26,19.25,19.37,19.17,19.24,52159.6
2016-07-27,19.24,19.62,18.83,19.61,173406.4
2016-07-28,19.43,19.57,19.25,19.3,65351.51
2016-07-29,19.25,19.35,18.98,19.03,59869.06
2016-08-01,18.97,19.16,18.95,18.97,74245.05
2016-08-02,18.97,19.08,18.96,19.0,122871.43
2016-08-03,18.86,19.03,18.81,18.98,56545.27
2016-08-04,19.07,19.08,18.95,18.99,61508.6
2016-08-05,19.04,19.04,18.95,18.98,65674.16
2016-08-08,19.0,19.15,18.95,19.08,49064.71
2016-08-09,19.1,19.16,19.06,19.14,56131.98
2016-08-10,19.19,19.22,19.1,19.2,88946.77
2016-08-11,19.11,19.73,18.99,19.05,179259.26
2016-08-12,18.94,19.32,18.93,19.28,144881.82
2016-08-15,19.25,20.3,19.16,19.73,326524.08
2016-08-16,19.71,19.84,19.36,19.46,236693.53
2016-08-17,19.6,19.64,19.46,19.5,113440.1
2016-08-18,19.55,19.73,19.42,19.45,568643.63
2016-08-19,19.44,19.53,19.41,19.47,79972.81
2016-08-22,19.47,19.53,19.46,19.49,75443.15
2016-08-23,19.5,19.81,19.46,19.49,73355.23
2016-08-24,19.49,19.56,19.45,19.49,67419.96
2016-08-25,19.49,19.57,19.41,19.49,89819.89
2016-08-26,19.49,19.62,19.47,19.56,44708.28
2016-08-29,19.62,19.74,19.5,19.72,72669.29
2016-08-30,19.68,19.81,19.59,19.7,79229.63
2016-08-31,19.62,20.39,19.61,20.26,183234.37
2016-09-01,20.26,20.8,20.12,20.64,218310.37
2016-09-02,20.77,20.83,20.47,20.82,168233.94
2016-09-05,20.82,20.95,20.6,20.65,91749.41
2016-09-06,20.54,20.98,20.49,20.94,115182.16
2016-09-07,21.05,22.02,20.91,21.42,335105.74
2016-09-08,21.34,21.66,21.16,21.57,110679.82
2016-09-09,21.42,21.76,21.19,21.69,124023.81
2016-09-12,21.24,21.48,20.6,21.47,182448.42
2016-09-13,21.22,21.24,20.65,20.95,110203.3
2016-09-14,20.71,21.08,20.62,20.99,113526.02
2016-09-19,20.99,21.16,20.91,21.05,70897.55
2016-09-20,20.85,21.33,20.85,21.26,72689.58
2016-09-21,21.27,21.54,21.19,21.43,79683.23
2016-09-22,21.53,22.02,21.39,21.78,98615.38
2016-09-23,21.71,21.87,21.64,21.75,39326.6
2016-09-26,21.56,21.67,21.39,21.41,59693.83
2016-09-27,21.38,21.49,21.25,21.33,65377.33
2016-09-28,21.41,21.5,21.32,21.38,45726.88
2016-09-29,21.47,21.47,21.32,21.37,52383.27
2016-09-30,21.39,21.39,21.1,21.21,65609.0
2016-10-10,21.39,21.81,21.33,21.77,75063.48
2016-10-11,21.83,22.18,21.62,22.06,77738.08
2016-10-12,22.05,22.65,21.92,22.51,225173.13
2016-10-13,22.56,22.56,21.95,21.98,54718.7
2016-10-14,21.98,22.11,21.69,21.78,42872.19
2016-10-17,21.7,21.79,21.08,21.1,74986.0
2016-10-18,21.12,21.61,21.12,21.59,57646.94
2016-10-19,21.58,21.72,21.41,21.53,56188.72
2016-10-20,21.54,21.69,21.41,21.49,46807.11
2016-10-21,21.5,21.63,21.47,21.59,47953.66
2016-10-24,21.58,21.96,21.5,21.58,80862.71
2016-10-25,21.61,21.64,21.46,21.5,159164.25
2016-10-26,21.54,21.58,21.5,21.54,67455.56
2016-10-27,21.53,21.57,21.48,21.55,67206.84
2016-10-28,21.52,21.95,21.51,21.67,92199.51
2016-10-31,21.55,21.67,21.39,21.63,70729.29
2016-11-01,21.65,21.69,21.61,21.67,57635.52
2016-11-02,21.61,21.69,21.56,21.63,60544.25
2016-11-03,21.58,22.04,21.58,21.98,93278.63
2016-11-04,21.95,22.03,21.84,21.98,92458.34
2016-11-07,21.98,22.17,21.81,21.96,71326.4
2016-11-08,21.95,22.17,21.91,22.14,75536.55
2016-11-09,22.17,22.2,21.92,21.98,131095.09
2016-11-10,22.23,22.32,21.91,22.0,72019.29
2016-11-11,21.91,22.37,21.91,22.12,104546.42
2016-11-14,22.13,22.26,21.98,22.12,82795.21
2016-11-15,22.03,22.14,22.02,22.12,59339.88
2016-11-16,22.09,22.2,22.04,22.12,59771.5
2016-11-17,22.06,22.15,21.98,22.13,62317.88
2016-11-18,22.02,22.26,22.0,22.22,60074.31
2016-11-21,22.2,23.36,22.14,22.8,196562.79
2016-11-22,22.58,23.15,22.53,22.79,157454.17
2016-11-23,22.79,22.98,22.68,22.76,63689.74
2016-11-24,22.86,23.12,22.6,22.93,114642.66
2016-11-25,22.89,23.0,22.61,22.97,70952.27
2016-11-28,22.98,23.24,22.6,22.67,88870.6
2016-11-29,22.7,22.84,22.45,22.76,81702.78
2016-11-30,22.77,22.86,22.17,22.28,101177.36
2016-12-01,22.29,22.55,22.16,22.2,55260.21
2016-12-02,22.22,22.43,21.88,22.41,119126.76
2016-12-05,22.17,22.39,22.08,22.35,121160.06
2016-12-06,22.39,22.43,22.17,22.36,60139.16
2016-12-07,22.39,22.47,22.23,22.37,71805.38
2016-12-08,22.42,22.54,22.26,22.26,38365.5
2016-12-09,22.16,22.62,22.16,22.58,122416.23
2016-12-12,22.54,23.02,22.43,22.66,202693.21
2016-12-13,22.57,22.7,22.21,22.23,61188.44
2016-12-14,22.14,22.4,22.14,22.17,36671.23
2016-12-15,22.06,22.09,21.3,21.46,95549.5
2016-12-16,21.5,21.69,21.17,21.28,55484.86
2016-12-19,21.29,21.38,21.11,21.33,40569.61
2016-12-20,21.39,21.8,20.98,21.49,62387.21
2016-12-21,21.39,21.54,21.07,21.1,58644.81
2016-12-22,21.16,21.16,20.85,20.9,40944.2
2016-12-23,20.89,20.95,20.29,20.45,56229.92
2016-12-26,20.38,20.42,20.11,20.38,44755.71
2016-12-27,20.34,20.54,20.26,20.29,41679.16
2016-12-28,20.23,20.36,20.15,20.29,53975.16
2016-12-29,20.27,20.46,20.21,20.4,53246.29
2016-12-30,20.37,20.49,20.12,20.49,61334.79
2017-01-03,20.38,20.84,20.3,20.67,73418.41
2017-01-04,20.67,20.84,20.58,20.79,81961.74
2017-01-05,20.79,21.0,20.77,20.91,50137.51
2017-01-06,20.94,21.02,20.58,20.61,33348.47
2017-01-09,20.71,21.0,20.69,20.91,51931.18
2017-01-10,20.91,20.95,20.66,20.68,26326.64
2017-01-11,20.86,20.88,20.65,20.71,26856.77
2017-01-12,20.68,20.79,20.49,20.54,31470.97
2017-01-13,20.55,21.02,20.52,20.74,62575.15
2017-01-16,20.74,21.29,20.58,21.15,174423.61
2017-01-17,21.03,21.45,20.89,21.3,74413.4
2017-01-18,21.23,21.49,21.22,21.41,39709.93
2017-01-19,21.23,21.55,20.99,21.13,38414.37
2017-01-20,21.22,21.43,21.13,21.2,82321.77
2017-01-23,21.24,21.44,21.24,21.3,109591.88
2017-01-24,21.39,21.44,21.24,21.36,40369.53
2017-01-25,21.27,21.49,21.19,21.47,99458.45
2017-01-26,21.36,21.51,21.26,21.41,59416.79
2017-02-03,21.53,21.53,20.83,20.85,34011.67
2017-02-06,21.02,21.09,20.88,20.98,110855.03
2017-02-07,21.02,21.13,20.86,20.95,57862.69
2017-02-08,20.84,20.88,20.6,20.74,78517.23
2017-02-09,20.74,20.78,20.57,20.65,148811.72
2017-02-10,20.74,20.74,20.6,20.66,151315.9
2017-02-13,20.66,20.8,20.61,20.69,225840.61
2017-02-14,20.7,20.71,20.42,20.45,133777.32
2017-02-15,20.51,20.54,20.36,20.47,119557.69
2017-02-16,20.47,20.51,20.32,20.4,98228.59
2017-02-17,20.38,20.55,20.36,20.4,200539.09
2017-02-20,20.43,20.65,20.4,20.64,296065.82
2017-02-21,20.65,20.71,20.53,20.59,192992.72
2017-02-22,20.61,20.61,20.4,20.41,166632.77
2017-02-23,20.43,20.43,20.15,20.2,117425.27
2017-02-24,20.18,20.36,20.14,20.34,107415.47
2017-02-27,20.31,20.46,20.12,20.22,225248.11
2017-02-28,20.18,20.26,20.15,20.17,119878.22
2017-03-01,20.18,20.24,20.06,20.08,132754.81
2017-03-02,20.12,20.15,19.75,19.76,210736.68
2017-03-03,19.73,19.89,19.66,19.78,140057.25
2017-03-06,19.78,19.87,19.73,19.82,79748.12
2017-03-07,19.8,19.92,19.75,19.91,93346.03
2017-03-08,19.89,19.97,19.82,19.92,67868.37
2017-03-09,19.87,20.08,19.7,20.01,134656.82
2017-03-10,19.98,20.18,19.89,20.13,136255.34
2017-03-13,20.14,20.61,20.14,20.51,249656.91
2017-03-14,20.5,20.69,20.43,20.57,136855.71
2017-03-15,20.47,20.65,20.36,20.58,83560.24
2017-03-16,20.65,20.76,20.48,20.54,98469.54
2017-03-17,20.6,20.69,20.28,20.35,95702.48
2017-03-20,20.4,20.41,20.05,20.18,86867.81
2017-03-21,20.18,20.34,20.14,20.18,113961.42
2017-03-22,20.14,20.2,19.56,19.7,141768.69
2017-03-23,19.73,19.98,19.57,19.66,176573.83
2017-03-24,19.75,20.01,19.61,19.97,163285.71
2017-03-27,19.96,20.07,19.83,19.94,123960.43
2017-03-28,19.97,20.12,19.89,19.96,109593.96
2017-03-29,19.97,20.06,19.61,19.64,106835.56
2017-03-30,19.7,20.18,19.7,19.95,158191.58
2017-03-31,20.02,20.29,19.95,20.23,130946.36
2017-04-05,20.08,20.36,20.08,20.3,149816.72
2017-04-06,20.34,20.4,20.1,20.18,140059.49
2017-04-07,20.16,20.32,20.1,20.12,187850.43
2017-04-10,20.12,20.19,20.01,20.13,100456.63
2017-04-11,20.06,20.12,19.72,19.92,143106.26
2017-04-12,19.89,20.06,19.73,20.03,142852.45
2017-04-13,19.92,20.06,19.84,19.93,80314.65
2017-04-14,19.92,19.97,19.48,19.73,145609.14
2017-04-17,19.61,19.67,19.4,19.61,110175.1
2017-04-18,19.61,19.61,18.8,18.93,251314.5
2017-04-19,18.88,19.14,18.81,18.99,236913.37
2017-04-20,19.03,19.33,18.9,19.26,204786.9
2017-04-21,19.22,19.68,19.21,19.67,161619.7
2017-04-24,19.54,19.98,19.54,19.94,152005.87
2017-04-25,19.83,20.36,19.78,20.12,235096.31
2017-04-26,20.14,20.73,19.99,20.39,369353.61
2017-04-27,20.36,20.77,20.32,20.48,312316.55
2017-04-28,20.48,20.63,20.26,20.47,168315.5
2017-05-02,20.43,20.47,20.16,20.22,140146.23
2017-05-03,20.22,20.34,19.99,20.2,190069.32
2017-05-04,20.18,20.28,19.99,20.15,236082.1
2017-05-05,20.13,20.21,19.76,20.17,316142.71
2017-05-08,20.09,20.55,20.09,20.32,335936.26
2017-05-09,20.29,20.51,20.0,20.17,214448.04
2017-05-10,20.15,21.03,20.06,20.57,551801.55
2017-05-11,20.4,20.77,20.34,20.65,502838.1
2017-05-12,20.58,21.5,20.54,21.39,523287.91
2017-05-15,21.3,21.74,21.08,21.22,252372.71
2017-05-16,21.16,21.39,21.08,21.16,247734.37
2017-05-17,21.1,21.22,20.61,20.71,317091.85
2017-05-18,20.62,20.78,20.4,20.53,189171.91
2017-05-19,20.49,20.73,20.36,20.54,151359.56
2017-05-22,20.5,21.33,20.45,21.12,306879.24
2017-05-23,21.13,21.67,21.01,21.43,485488.11
2017-05-24,21.39,21.49,20.65,21.27,248392.08
2017-05-25,21.08,21.95,21.08,21.95,356644.65
2017-05-26,21.98,22.28,21.87,22.09,312657.69
2017-05-31,22.13,22.92,22.02,22.39,327887.65
2017-06-01,22.51,22.73,22.06,22.71,337482.08
2017-06-02,22.51,22.72,22.13,22.2,214670.18
2017-06-05,22.02,22.13,21.41,21.69,230680.71
2017-06-06,21.54,21.94,21.49,21.79,197087.65
2017-06-07,21.87,22.94,21.81,22.62,390400.35
2017-06-08,22.61,23.18,22.29,23.03,306083.3
2017-06-09,23.2,24.06,23.09,23.67,412313.82
2017-06-12,23.79,24.71,23.64,24.15,324887.45
2017-06-13,24.05,24.25,23.61,24.2,184816.07
2017-06-14,24.0,24.18,23.2,23.38,249727.37
2017-06-15,23.28,23.65,23.04,23.25,210152.99
2017-06-16,23.33,23.63,23.24,23.34,191103.52
2017-06-19,23.35,24.03,23.34,23.74,216026.84
2017-06-20,23.74,23.89,23.03,23.37,242791.72
2017-06-21,23.44,23.94,23.13,23.78,222567.28
2017-06-22,23.78,24.84,23.75,24.5,364759.52
2017-06-23,24.5,24.62,24.12,24.53,232535.83
2017-06-26,24.49,25.35,24.38,24.82,355487.93
2017-06-27,24.8,25.04,24.25,24.97,187351.73
2017-06-28,24.72,24.82,24.27,24.29,161843.7
2017-06-29,24.65,24.96,24.25,24.9,161079.03
2017-06-30,24.65,25.07,24.59,24.98,172224.99
2017-07-03,24.93,25.06,24.13,24.5,262974.45
2017-07-04,24.42,24.45,23.72,24.39,295022.75
2017-07-05,24.18,25.59,24.06,25.43,351666.0
2017-07-06,25.3,26.22,25.14,25.72,286498.5
2017-07-07,25.63,26.06,25.4,25.6,103102.79
2017-07-10,25.63,26.36,25.46,25.85,112238.54
2017-07-11,25.85,26.6,25.82,26.22,181964.48
2017-07-12,26.19,26.67,25.34,25.44,217429.32
2017-07-13,25.51,26.04,25.4,25.92,167461.27
2017-07-14,25.82,26.06,25.43,26.04,222635.82
2017-07-17,26.11,26.92,25.67,26.31,278567.27
2017-07-18,26.33,26.9,25.83,26.54,179146.81
2017-07-19,26.41,26.84,25.93,26.26,242490.57
2017-07-20,26.08,26.3,25.61,26.07,270460.47
2017-07-21,25.92,25.97,25.52,25.66,152234.73
2017-07-24,25.76,26.15,25.5,25.53,226839.39
2017-07-25,25.62,26.14,25.37,25.52,233007.06
2017-07-26,25.45,25.51,24.65,25.35,281603.84
2017-07-27,25.15,25.4,24.7,25.35,225723.58
2017-07-28,25.18,25.55,24.93,25.22,140957.17
2017-07-31,25.22,25.45,24.91,25.21,225653.58
2017-08-01,25.38,26.41,25.22,26.4,346677.64
2017-08-02,26.6,27.02,26.03,26.68,248201.92
2017-08-03,26.49,26.87,25.97,25.98,135542.67
2017-08-04,25.96,26.43,25.51,25.71,152086.01
2017-08-07,25.74,26.53,25.59,26.18,155474.72
2017-08-08,26.17,26.4,25.65,26.1,137099.48
2017-08-09,25.92,26.29,25.66,25.86,97451.29
2017-08-10,25.86,25.98,25.03,25.68,204863.55
2017-08-11,25.34,25.71,24.87,25.58,222808.09
2017-08-14,25.43,26.0,25.23,25.61,127413.96
2017-08-15,25.62,26.58,25.62,25.89,151259.74
2017-08-16,25.66,25.88,25.41,25.8,85910.37
2017-08-17,25.89,25.95,25.25,25.32,113618.68
2017-08-18,25.32,25.73,25.12,25.41,151143.65
2017-08-21,25.44,25.59,25.25,25.31,93857.85
2017-08-22,25.34,26.26,25.28,26.24,252794.05
2017-08-23,26.28,26.66,26.17,26.43,165469.24
2017-08-24,26.49,27.09,26.41,26.7,172074.46
2017-08-25,26.71,28.01,26.51,28.0,238195.35
2017-08-28,28.51,29.5,28.51,28.84,362603.84
2017-08-29,28.73,29.24,28.37,28.92,151736.0
2017-08-30,28.99,30.06,28.63,28.82,250972.66
2017-08-31,29.02,29.69,28.73,28.76,204446.19
2017-09-01,28.97,29.5,28.29,28.79,204659.94
2017-09-04,28.67,28.69,28.09,28.51,200788.38
2017-09-05,28.64,30.0,28.38,29.84,274140.11
2017-09-06,29.42,29.69,29.18,29.23,193069.24
2017-09-07,29.27,29.54,28.95,29.12,155270.88
2017-09-08,29.34,29.34,28.76,28.84,106975.49
2017-09-11,29.05,29.05,27.84,27.85,251999.12
2017-09-12,28.04,28.68,27.62,28.66,243871.59
2017-09-13,28.45,28.73,28.12,28.54,132694.89
2017-09-14,28.51,28.75,27.52,27.73,204699.16
2017-09-15,27.68,27.81,27.17,27.64,164778.3
2017-09-18,27.66,28.07,27.35,27.37,223446.82
2017-09-19,27.53,28.05,27.32,27.56,157898.69
2017-09-20,27.48,27.53,27.04,27.06,186889.07
2017-09-21,27.14,27.9,26.94,27.64,235854.94
2017-09-22,27.53,28.22,27.53,27.93,175079.12
2017-09-25,27.84,28.64,27.83,28.51,204443.43
2017-09-26,28.33,28.61,28.08,28.35,153664.3
2017-09-27,28.23,28.3,27.49,27.54,165898.58
2017-09-28,27.59,27.67,27.24,27.63,166557.31
2017-09-29,27.46,28.09,27.39,27.79,187612.82
2017-10-09,28.52,28.55,27.53,27.6,231363.18
2017-10-10,27.67,28.04,26.68,27.08,384139.07
2017-10-11,27.05,27.81,26.92,27.61,255102.92
2017-10-12,27.5,28.28,27.43,28.11,151533.45
2017-10-13,28.22,28.41,27.93,27.95,124657.9
2017-10-16,27.84,29.15,27.66,29.02,266777.32
2017-10-17,28.96,29.33,28.64,29.16,162940.11
2017-10-18,29.11,29.94,28.82,29.78,206741.33
2017-10-19,29.72,30.05,29.57,30.02,163958.21
2017-10-20,29.79,29.79,29.13,29.26,106932.12
2017-10-23,29.5,29.85,29.24,29.52,110724.92
2017-10-24,29.36,30.2,29.2,29.77,147584.87
2017-10-25,29.72,30.04,29.48,29.84,89771.77
2017-10-26,29.69,30.85,29.64,30.51,200816.59
2017-10-27,30.63,31.46,30.44,31.24,173385.65
2017-10-30,31.44,32.27,31.15,31.65,205887.64
2017-10-31,31.38,32.35,31.14,32.19,165568.27
2017-11-01,32.21,33.22,31.99,32.46,250766.73
2017-11-02,32.28,32.51,31.27,32.49,188706.55
2017-11-03,32.21,32.7,31.91,32.64,151946.75
2017-11-06,32.42,32.46,31.24,31.85,222674.0
2017-11-07,31.87,33.19,31.71,32.88,260404.07
2017-11-08,32.69,33.11,31.46,31.9,296887.46
2017-11-09,31.76,32.08,31.46,31.99,190433.11
2017-11-10,31.97,33.98,31.7,33.42,407945.75
2017-11-13,33.56,34.43,32.9,33.29,254375.14
2017-11-14,33.51,33.94,32.47,33.0,303048.63
2017-11-15,32.73,33.56,32.41,32.83,220503.1
2017-11-16,32.66,35.09,32.59,34.66,313901.41
2017-11-17,34.68,35.97,34.47,35.93,391396.54
2017-11-20,35.47,36.96,35.23,35.9,317861.99
2017-11-21,35.74,36.87,35.35,35.94,319254.1
2017-11-22,36.31,36.65,34.47,35.01,288025.71
2017-11-23,35.11,35.61,33.47,33.95,334552.69
2017-11-24,33.65,34.22,32.93,33.79,368008.69
2017-11-27,33.6,33.83,32.54,33.76,315217.06
2017-11-28,33.53,33.86,32.89,33.18,167116.36
2017-11-29,33.33,33.68,31.79,32.19,240979.6
2017-11-30,32.07,32.1,30.64,31.41,312306.88
2017-12-01,31.24,31.56,30.62,30.75,271945.74
2017-12-04,30.74,32.45,30.67,31.95,334652.99
2017-12-05,31.68,33.11,31.61,32.84,336408.12
2017-12-06,32.68,32.7,31.23,32.13,244790.7
2017-12-07,31.91,32.17,31.16,31.68,161801.84
2017-12-08,31.67,32.55,31.08,32.3,231602.47
2017-12-11,32.15,33.04,31.85,33.02,257016.09
2017-12-12,32.81,32.92,31.55,31.65,275794.29
2017-12-13,31.62,32.02,30.72,31.76,233816.25
2017-12-14,31.61,31.7,31.12,31.35,151000.82
2017-12-15,31.15,31.57,31.08,31.24,155137.04
2017-12-18,31.24,31.6,30.56,31.21,221090.19
2017-12-19,31.15,32.87,31.08,32.5,329254.5
2017-12-20,32.49,33.02,32.22,32.79,157443.54
2017-12-21,32.61,33.87,32.17,33.18,234859.39
2017-12-22,33.11,33.45,32.73,33.02,133054.29
2017-12-25,32.89,33.76,32.18,32.49,237010.73
2017-12-26,32.51,33.1,32.06,32.98,212011.5
2017-12-27,32.67,32.73,31.58,31.8,261746.23
2017-12-28,31.72,32.0,30.92,31.92,241113.85
2017-12-29,31.82,31.97,31.0,31.17,176106.2
2018-01-02,31.29,32.1,30.97,31.54,305573.39
2018-01-03,31.62,32.02,30.42,30.6,416359.15
2018-01-04,30.65,30.83,29.74,29.94,574725.6
2018-01-05,30.16,30.29,29.68,29.74,313472.54
2018-01-08,29.84,29.94,28.72,29.24,524887.53
2018-01-09,29.35,29.72,29.11,29.3,414088.97
2018-01-10,29.12,29.45,28.82,29.15,357736.83
2018-01-11,29.05,29.65,28.94,29.44,328072.3
2018-01-12,29.5,30.43,29.38,30.36,422731.47
2018-01-15,30.48,32.01,30.48,31.94,699731.65
2018-01-16,31.86,31.94,31.09,31.34,453278.79
2018-01-17,31.25,32.13,30.92,31.25,397299.94
2018-01-18,31.63,32.26,30.78,31.03,449052.49
2018-01-19,31.24,31.45,30.68,30.88,322608.75
2018-01-22,30.97,31.61,30.79,31.0,364320.96
2018-01-23,31.49,31.79,30.77,30.83,491722.16
2018-01-24,31.08,31.37,29.71,29.93,456419.87
2018-01-25,29.88,29.88,28.9,29.54,462369.25
2018-01-26,29.46,30.42,29.26,30.01,412374.68
2018-01-29,30.04,30.36,28.89,28.93,375139.49
2018-01-30,28.72,29.21,28.62,28.78,192164.06
2018-01-31,28.6,29.78,28.54,29.75,318854.83
2018-02-01,29.65,30.29,29.26,30.13,363310.04
2018-02-02,29.88,31.3,29.8,31.06,360695.0
2018-02-05,30.49,32.64,30.49,32.41,515481.93
2018-02-06,31.61,32.61,31.4,32.25,615120.99
2018-02-07,32.51,33.28,31.08,32.01,492611.97
2018-02-08,31.67,31.91,29.83,30.73,377501.16
2018-02-09,29.69,29.94,27.66,28.09,594316.24
2018-02-12,28.14,28.23,26.97,27.76,310928.92
2018-02-13,28.22,29.49,28.22,29.05,303956.27
2018-02-14,29.08,29.69,28.68,29.31,137961.8
2018-02-22,29.65,30.6,29.65,30.5,152013.12
2018-02-23,30.77,31.59,30.3,31.21,161398.78
2018-02-26,31.38,32.05,30.91,31.99,215179.75
2018-02-27,32.06,32.13,31.14,31.46,173305.82
2018-02-28,30.85,31.08,30.09,30.12,169353.86
2018-03-01,29.92,30.76,29.79,30.24,171648.32
2018-03-02,29.72,29.99,29.08,29.27,217806.66
2018-03-05,29.35,29.69,28.77,29.36,169108.88
2018-03-06,29.61,30.42,29.09,30.39,182538.29
2018-03-07,30.33,30.7,29.45,29.68,182001.92
2018-03-08,29.58,30.45,29.57,30.15,154083.64
2018-03-09,30.2,30.67,29.97,30.32,116193.99
2018-03-12,30.7,30.85,29.94,30.1,181961.18
2018-03-13,30.04,30.28,29.05,29.21,181991.82
2018-03-14,28.98,29.5,28.97,29.33,131566.12
2018-03-15,29.1,30.33,29.1,30.31,228271.93
2018-03-16,30.51,31.43,30.39,30.67,244668.85
2018-03-19,30.65,31.68,30.59,31.64,189743.95
2018-03-20,31.24,31.64,31.05,31.35,135062.07
2018-03-21,31.97,32.22,29.96,30.39,222034.83
2018-03-22,30.11,30.46,29.09,29.69,266332.58
2018-03-23,28.44,29.57,28.37,29.54,330281.37
2018-03-26,29.27,29.27,27.26,27.76,404768.77
2018-03-27,28.22,28.29,26.76,27.2,506976.29
2018-03-28,26.73,27.18,25.7,25.89,434162.88
2018-03-29,25.89,26.55,25.04,26.46,465536.52
2018-03-30,26.22,26.33,25.34,25.53,447483.41
2018-04-02,25.4,25.95,25.11,25.19,389320.56
2018-04-03,24.88,25.23,24.71,24.97,350007.42
2018-04-04,25.17,25.26,24.8,24.97,313344.7
2018-04-09,25.06,25.51,24.92,25.46,279394.8
2018-04-10,25.4,25.98,25.26,25.93,379915.24
2018-04-11,25.93,26.08,25.68,25.77,252871.53
2018-04-12,25.81,25.84,25.12,25.13,259017.84
2018-04-13,25.4,25.45,24.74,24.82,234247.93
2018-04-16,24.78,25.03,24.27,24.57,285848.11
2018-04-17,24.78,24.9,24.13,24.22,238098.36
2018-04-18,24.4,24.53,23.97,24.07,303058.79
2018-04-19,24.22,24.43,23.98,24.22,350469.41
2018-04-20,24.12,24.22,23.15,23.46,352953.35
2018-04-23,23.32,23.82,23.16,23.78,220425.42
2018-04-24,23.79,24.92,23.79,24.83,430678.07
2018-04-25,24.66,24.76,24.4,24.49,180300.12
2018-04-26,24.64,24.68,23.56,23.86,236472.26
2018-04-27,23.95,24.1,22.91,23.78,342433.68
2018-05-02,23.89,24.4,23.85,24.01,189036.02
2018-05-03,23.93,24.91,23.87,24.84,270329.66
2018-05-04,24.8,25.2,24.53,24.57,223807.02
2018-05-07,24.58,25.71,24.58,25.5,348860.84
2018-05-08,25.45,27.5,25.45,26.9,521416.13
2018-05-09,26.91,27.2,26.5,27.02,219357.92
2018-05-10,27.11,27.44,26.65,27.06,214227.61
2018-05-11,27.11,27.19,26.47,26.59,204156.7
2018-05-14,26.84,27.5,26.73,27.22,241618.09
2018-05-15,27.28,27.39,26.6,27.05,143892.63
2018-05-16,26.8,26.86,25.87,25.95,294177.14
2018-05-17,26.16,26.17,25.51,25.7,249840.04
2018-05-18,25.7,26.36,25.34,26.28,263069.41
2018-05-21,26.3,26.68,25.85,26.39,281558.45
2018-05-22,26.34,26.34,25.59,25.87,179779.01
2018-05-23,25.74,25.79,25.1,25.11,211011.88
2018-05-24,25.13,25.31,24.91,25.07,142979.54
2018-05-25,25.1,25.34,24.61,25.01,157634.85
2018-05-28,24.98,25.31,24.69,25.13,178947.64
2018-05-29,24.98,25.1,24.23,25.08,299291.48
2018-05-30,24.68,24.75,24.31,24.33,197764.89
2018-05-31,24.54,25.1,24.32,25.04,259213.75
2018-06-01,24.89,25.31,24.68,24.89,159397.86
2018-06-04,25.13,25.95,24.95,25.84,263140.94
2018-06-05,25.83,26.4,25.51,25.99,292270.3
2018-06-06,25.96,26.21,25.6,25.82,182951.35
2018-06-07,25.93,26.74,25.92,25.98,310112.86
2018-06-08,25.81,25.89,24.98,25.15,235327.21
2018-06-11,24.96,25.41,24.8,25.23,171668.0
2018-06-12,25.19,26.4,24.95,26.2,302662.27
2018-06-13,25.96,26.53,25.96,26.29,193241.81
2018-06-14,26.17,27.5,26.17,27.08,381244.09
2018-06-15,27.08,27.38,26.79,27.2,228065.56
2018-06-19,26.98,27.43,26.44,27.35,586069.21
2018-06-20,26.93,27.07,25.98,26.47,253070.52
2018-06-21,26.26,26.53,25.44,25.53,232461.53
2018-06-22,25.25,25.95,25.03,25.65,176232.07
2018-06-25,25.51,25.71,24.63,24.73,194341.41
2018-06-26,24.31,24.64,23.84,24.43,201181.69
2018-06-27,24.34,24.65,23.42,23.87,250021.77
2018-06-28,23.52,23.82,23.09,23.36,270360.23
2018-06-29,23.48,24.08,23.46,23.97,177408.6
2018-07-02,23.89,23.89,22.33,22.4,284115.13
2018-07-03,22.5,22.71,21.9,22.64,308228.9
2018-07-04,22.35,22.8,22.33,22.43,194748.11
2018-07-05,22.58,23.14,22.47,22.76,256355.69
2018-07-06,22.91,23.94,22.66,23.56,296101.57
2018-07-09,23.56,24.68,23.55,24.63,228906.36
2018-07-10,24.58,24.63,24.16,24.52,120300.45
2018-07-11,24.01,24.25,23.89,24.13,125282.77
2018-07-12,24.23,25.29,24.16,25.1,177663.94
2018-07-13,25.24,25.27,24.72,24.85,103300.86
2018-07-16,24.86,24.91,23.7,24.12,248277.55
2018-07-17,24.0,24.37,23.9,24.28,139132.1
2018-07-18,24.4,24.89,23.93,23.94,184343.77
2018-07-19,24.16,24.84,24.14,24.45,191145.55
2018-07-20,24.45,26.23,24.19,25.7,290167.97
2018-07-23,26.0,26.71,25.71,26.38,281517.59
2018-07-24,26.32,27.3,25.56,25.9,413219.18
2018-07-25,25.86,26.32,25.68,25.99,167367.18
2018-07-26,25.99,26.07,25.01,25.2,236227.65
2018-07-27,25.24,25.5,25.1,25.4,142496.53
2018-07-30,25.28,25.82,24.94,25.4,155897.04
2018-07-31,25.21,25.93,24.98,25.76,171173.94
2018-08-01,25.8,26.34,24.92,24.96,161380.61
2018-08-02,24.9,24.9,23.7,23.99,205323.53
2018-08-03,23.94,24.45,23.92,24.01,139928.84
2018-08-06,24.4,24.83,24.08,24.28,183086.67
2018-08-07,24.29,25.17,24.27,25.12,180022.17
2018-08-08,25.28,25.38,24.68,24.92,160422.02
2018-08-09,24.77,26.29,24.75,26.13,201385.49
2018-08-10,26.19,26.32,25.71,26.11,101170.39
2018-08-13,25.72,25.91,24.98,25.75,136832.24
2018-08-14,25.69,26.03,25.45,25.79,98953.87
2018-08-15,25.68,25.72,24.64,24.78,142849.48
2018-08-16,24.37,25.54,24.29,25.07,142291.35
2018-08-17,25.24,25.71,25.22,25.25,185414.39
2018-08-20,25.47,25.94,25.14,25.74,218627.33
2018-08-21,25.74,26.67,25.63,26.45,242885.42
2018-08-22,26.55,26.65,26.07,26.17,126844.16
2018-08-23,26.17,26.63,25.61,25.98,149783.95
2018-08-24,25.67,26.44,25.44,26.3,164611.8
2018-08-27,26.4,26.63,25.91,26.58,298893.85
2018-08-28,26.45,26.45,25.53,25.81,293468.53
2018-08-29,25.67,25.75,25.25,25.38,161343.42
2018-08-30,25.22,25.68,25.22,25.29,116210.44
2018-08-31,25.13,25.65,25.04,25.26,166370.97
2018-09-03,25.26,25.62,25.15,25.58,130906.22
2018-09-04,25.47,26.08,25.23,25.97,208980.18
2018-09-05,25.78,25.94,25.06,25.06,171056.95
2018-09-06,25.04,25.26,24.68,24.86,91862.33
2018-09-07,24.94,25.36,24.84,25.22,127129.17
2018-09-10,25.0,25.25,24.67,24.87,81945.43
2018-09-11,24.82,25.06,24.02,24.14,160004.79
2018-09-12,24.0,24.29,24.0,24.15,93865.12
2018-09-13,24.54,24.71,24.19,24.66,129161.35
2018-09-14,24.83,24.93,24.56,24.78,84854.35
2018-09-17,24.53,24.96,24.48,24.71,109863.93
2018-09-18,24.54,25.54,24.54,25.46,138083.06
2018-09-19,25.6,26.06,25.45,25.72,190304.75
2018-09-20,25.82,25.87,25.36,25.43,112983.55
2018-09-21,25.6,26.56,25.57,26.45,317063.66
2018-09-25,26.45,26.66,26.26,26.53,148842.87
2018-09-26,26.68,27.6,26.68,27.18,263482.85
2018-09-27,27.17,27.17,26.56,26.91,198811.09
2018-09-28,26.93,27.91,26.93,27.38,236896.13
2018-10-08,26.41,27.03,26.21,26.29,195586.26
2018-10-09,26.22,26.49,25.72,26.06,144492.19
2018-10-10,26.08,26.22,25.52,25.92,147941.15
2018-10-11,24.85,25.87,24.74,25.29,219728.62
2018-10-12,25.53,26.24,25.18,26.15,182568.93
2018-10-15,26.14,26.26,25.35,25.68,140121.85
2018-10-16,25.69,26.52,25.69,25.93,190383.52
2018-10-17,26.22,26.67,25.45,25.65,198813.58
2018-10-18,25.56,25.87,24.72,24.75,195694.35
2018-10-19,24.67,26.98,24.37,26.8,369766.66
2018-10-22,27.22,28.76,27.22,27.87,428799.61
2018-10-23,27.6,28.38,26.91,27.34,271054.87
2018-10-24,27.44,28.2,26.97,27.6,280056.39
2018-10-25,26.88,28.51,26.83,28.51,269976.95
2018-10-26,28.19,28.38,26.83,27.68,296733.75
2018-10-29,27.9,27.9,25.62,25.84,309364.07
2018-10-30,25.67,26.64,24.99,25.92,282137.58
2018-10-31,26.02,26.21,25.21,25.95,222785.01
2018-11-01,26.14,26.61,25.7,26.02,293628.75
2018-11-02,26.87,27.55,26.39,27.44,369347.7
2018-11-05,27.07,27.3,26.38,26.86,253497.48
2018-11-06,26.71,26.71,26.02,26.33,200146.08
2018-11-07,26.49,26.68,26.12,26.21,190620.99
2018-11-08,26.55,26.66,26.12,26.19,162663.15
2018-11-09,25.97,26.19,25.45,25.45,243954.06
2018-11-12,25.45,25.45,24.53,25.11,443010.13
2018-11-13,24.67,25.42,24.61,25.21,319004.93
2018-11-14,25.19,25.22,24.66,24.74,333540.55
2018-11-15,24.8,25.42,24.74,25.42,293556.35
2018-11-16,25.42,25.72,25.06,25.29,297539.36
2018-11-19,25.41,25.63,25.1,25.43,236510.37
2018-11-20,25.25,25.25,24.64,24.71,294899.11
2018-11-21,24.47,24.84,24.37,24.72,159097.63
2018-11-22,24.83,24.85,24.26,24.35,253016.33
2018-11-23,24.31,24.6,23.99,24.1,218156.25
2018-11-26,24.14,24.4,23.97,24.12,167658.28
2018-11-27,24.14,24.34,23.99,24.08,144168.74
2018-11-28,24.09,24.39,23.99,24.31,160514.87
2018-11-29,24.45,24.52,24.09,24.1,210136.27
2018-11-30,24.01,24.29,24.0,24.2,130970.04
2018-12-03,24.79,25.06,24.56,24.93,333126.34
2018-12-04,24.92,24.92,24.49,24.68,193027.51
2018-12-05,24.31,24.51,24.14,24.27,184332.4
2018-12-06,23.97,24.1,23.8,23.8,207919.23
2018-12-07,23.83,23.98,23.5,23.6,191112.2
2018-12-10,23.33,23.48,22.69,22.88,267007.56
2018-12-11,22.91,23.2,22.88,23.2,128048.73
2018-12-12,23.45,23.7,23.27,23.56,156456.44
2018-12-13,23.67,24.1,23.56,23.89,198308.69
2018-12-14,23.73,23.85,23.4,23.44,192039.17
2018-12-17,23.36,23.77,23.36,23.67,115683.35
2018-12-18,23.44,23.67,23.06,23.27,136633.34
2018-12-19,23.28,23.73,23.13,23.26,161706.65
2018-12-20,23.12,23.34,22.66,22.86,141429.41
2018-12-21,22.69,22.8,22.19,22.41,134205.21
2018-12-24,22.19,22.47,22.15,22.35,97883.04
2018-12-25,22.21,22.4,21.51,22.19,170451.6
2018-12-26,22.09,22.2,21.71,21.78,141584.3
2018-12-27,22.07,22.21,21.78,21.78,156443.01
2018-12-28,21.91,22.25,21.81,21.92,148326.37
2019-01-02,21.94,22.01,20.86,21.13,239814.64
2019-01-03,21.1,21.78,21.05,21.54,199312.04
2019-01-04,21.3,22.4,21.28,22.35,240600.76
2019-01-07,22.5,22.5,21.67,21.87,244008.85
2019-01-08,21.93,21.93,21.47,21.53,158003.3
2019-01-09,21.71,22.15,21.51,21.95,247931.06
2019-01-10,21.82,21.87,21.54,21.58,183471.36
2019-01-11,21.67,21.85,21.4,21.5,190632.67
2019-01-14,21.44,21.51,20.99,21.07,200579.77
2019-01-15,21.19,22.01,21.09,21.92,311963.8
2019-01-16,21.98,22.31,21.78,22.21,234603.78
2019-01-17,22.32,22.82,22.07,22.26,268084.46
2019-01-18,22.58,23.06,22.45,23.0,276317.26
2019-01-21,22.99,23.28,22.88,23.13,164094.91
2019-01-22,23.09,23.12,22.58,22.7,127072.59
2019-01-23,22.66,23.11,22.6,22.82,139802.07
2019-01-24,22.95,23.12,22.55,23.07,133555.85
2019-01-25,23.1,23.63,23.09,23.28,184186.87
2019-01-28,23.46,23.63,22.98,23.21,103595.43
2019-01-29,22.98,23.49,22.75,23.38,139886.65
2019-01-30,22.99,23.25,22.87,22.98,113282.23
2019-01-31,23.22,23.86,23.09,23.76,177280.58
2019-02-01,23.91,24.02,23.61,23.81,98656.84
2019-02-11,23.4,23.91,23.35,23.83,149515.27
2019-02-12,23.78,24.22,23.62,24.14,145421.34
2019-02-13,24.17,24.98,23.96,24.83,221442.75
2019-02-14,24.69,24.83,24.31,24.45,133478.59
2019-02-15,24.29,24.53,23.67,23.67,168711.88
2019-02-18,23.9,24.52,23.81,24.47,195781.04
2019-02-19,24.48,25.64,24.29,24.84,322840.21
2019-02-20,25.13,25.58,24.91,25.52,312979.41
2019-02-21,25.48,25.89,25.14,25.29,176973.89
2019-02-22,25.29,25.95,24.63,25.79,256181.68
2019-02-25,26.38,28.38,26.38,28.38,587803.04
2019-02-26,28.38,28.92,27.13,27.35,436264.57
2019-02-27,27.3,27.74,26.36,26.87,410182.48
2019-02-28,26.83,26.83,25.95,26.23,303706.62
2019-03-01,26.41,27.37,26.29,27.22,359426.74
2019-03-04,27.46,28.48,26.78,27.05,572037.33
2019-03-05,26.93,26.95,26.27,26.7,349330.61
2019-03-06,26.66,27.13,26.22,26.94,448476.97
2019-03-07,26.92,26.92,26.07,26.22,382205.15
2019-03-08,25.46,25.72,25.06,25.18,421648.71
2019-03-11,25.21,25.4,24.85,25.28,318507.54
2019-03-12,25.52,25.75,25.05,25.16,352435.99
2019-03-13,25.42,25.5,24.79,25.27,318936.72
2019-03-14,25.14,25.64,24.96,25.15,254862.76
2019-03-15,25.29,25.82,25.25,25.36,289351.12
2019-03-18,25.36,25.8,24.92,25.79,419768.55
2019-03-19,25.79,26.07,25.37,25.49,349851.9
2019-03-20,25.45,25.59,24.98,25.18,319337.47
2019-03-21,25.23,25.79,24.98,25.52,519787.62
2019-03-22,25.7,25.82,25.38,25.55,314684.18
2019-03-25,25.91,26.07,25.33,25.38,604027.69
2019-03-26,25.64,25.76,25.29,25.69,279879.41
2019-03-27,25.86,26.21,25.68,25.79,404381.68
2019-03-28,25.61,25.61,25.02,25.25,258963.6
2019-03-29,25.29,26.27,25.28,26.25,553117.4
2019-04-01,26.45,27.14,26.43,26.83,558456.91
2019-04-02,26.85,27.17,26.66,26.85,359584.09
2019-04-03,26.8,27.23,26.6,27.2,303648.67
2019-04-04,27.37,27.81,27.07,27.47,385972.28
2019-04-08,27.66,28.35,27.53,27.76,502232.73
2019-04-09,27.6,27.92,27.23,27.31,269058.21
2019-04-10,27.3,27.44,26.73,27.07,336275.05
2019-04-11,27.17,27.6,26.66,26.87,298354.36
2019-04-12,26.91,27.12,26.68,26.98,183329.48
2019-04-15,27.54,28.75,27.45,27.71,576892.72
2019-04-16,27.54,29.03,27.47,28.95,540667.77
2019-04-17,28.81,29.59,28.61,28.92,382569.71
2019-04-18,28.97,29.79,28.62,29.59,281368.64
2019-04-19,29.73,30.91,29.69,30.37,361811.82
2019-04-22,30.35,30.35,28.75,29.17,329883.96
2019-04-23,29.18,29.42,28.65,28.84,309423.37
2019-04-24,29.06,29.22,28.14,28.62,295013.8
2019-04-25,28.51,28.82,28.19,28.38,212177.72
2019-04-26,28.22,28.58,27.78,27.92,271342.48
2019-04-29,28.17,28.79,27.9,28.36,264483.07
2019-04-30,28.45,28.45,27.42,27.9,260354.38
2019-05-06,26.84,26.85,25.84,26.45,368105.07
2019-05-07,26.66,26.9,25.81,26.24,224382.06
2019-05-08,25.79,25.99,25.46,25.62,261549.91
2019-05-09,25.36,25.6,24.71,24.76,277807.33
2019-05-10,25.07,26.31,24.92,26.02,298757.46
2019-05-13,25.58,25.77,25.09,25.26,143558.21
2019-05-14,25.08,25.64,24.92,25.21,175447.62
2019-05-15,25.49,26.14,25.35,25.87,215233.92
2019-05-16,25.68,25.99,25.52,25.68,157506.37
2019-05-17,25.8,25.85,25.04,25.11,156002.48
2019-05-20,25.05,25.65,24.98,25.31,206456.16
2019-05-21,25.25,25.99,25.13,25.84,247373.93
2019-05-22,25.91,25.99,25.45,25.91,147990.14
2019-05-23,25.76,25.76,25.22,25.36,150065.66
2019-05-24,25.4,25.74,25.25,25.37,134841.98
2019-05-27,25.29,25.75,24.93,25.51,180490.8
2019-05-28,25.48,25.87,25.42,25.76,251935.75
2019-05-29,25.55,27.82,25.43,27.61,575875.78
2019-05-30,27.07,27.22,26.61,26.95,321094.26
2019-05-31,26.88,27.1,26.49,26.54,157806.8
2019-06-03,26.6,27.2,26.46,26.76,183764.48
2019-06-04,26.76,26.83,26.18,26.46,139124.82
2019-06-05,26.71,26.83,26.09,26.09,166647.13
2019-06-06,26.19,26.42,25.94,26.12,125014.09
2019-06-10,26.31,26.99,26.22,26.68,190162.65
2019-06-11,26.59,27.44,26.56,27.17,244736.34
2019-06-12,27.07,27.19,26.88,26.96,158227.03
2019-06-13,26.92,27.14,26.63,27.03,144406.51
2019-06-14,26.99,27.22,26.76,26.87,123352.55
2019-06-17,26.9,27.22,26.9,27.1,120724.23
2019-06-18,27.1,27.41,26.93,27.37,121212.31
2019-06-19,28.21,28.44,27.77,27.77,214972.26
2019-06-20,27.84,29.15,27.82,28.68,267378.24
2019-06-21,28.73,28.97,28.38,28.58,206223.65
2019-06-24,28.4,28.85,28.27,28.61,207305.05
2019-06-25,28.59,28.72,27.61,27.9,247723.19
2019-06-26,27.89,28.12,27.76,27.92,136540.28
2019-06-27,28.08,28.51,27.68,27.95,235286.74
2019-06-28,27.99,28.21,27.74,28.15,143365.11
2019-07-01,28.92,29.21,28.61,28.81,229187.19
2019-07-02,28.84,28.84,28.49,28.56,150831.23
2019-07-03,28.76,28.78,28.01,28.26,217669.47
2019-07-04,28.44,28.5,27.44,27.8,263954.3
2019-07-05,27.8,28.11,27.69,27.91,111733.0
2019-07-08,27.77,27.84,26.55,26.93,303498.99
2019-07-09,26.77,27.15,26.77,26.89,170508.61
2019-07-10,27.14,27.43,27.01,27.27,162027.55
2019-07-11,27.48,28.26,27.44,27.92,313404.33
2019-07-12,27.98,29.36,27.98,29.05,456491.02
2019-07-15,29.07,29.76,28.88,29.32,308928.39
2019-07-16,29.37,29.64,29.13,29.27,149928.76
2019-07-17,29.26,29.8,28.99,29.42,208075.64
2019-07-18,29.39,30.11,29.31,29.92,253536.16
2019-07-19,30.02,30.06,29.61,29.9,217840.97
2019-07-22,29.76,30.07,29.46,29.53,177721.03
2019-07-23,29.88,30.05,29.32,29.42,167678.19
2019-07-24,29.76,30.93,29.7,30.43,265689.48
2019-07-25,30.77,30.83,30.24,30.59,143085.54
2019-07-26,30.22,30.79,30.22,30.58,121548.41
2019-07-29,30.58,30.86,30.08,30.55,140645.73
2019-07-30,31.03,31.41,30.81,31.3,219472.52
2019-07-31,31.24,31.24,30.46,30.55,208459.36
2019-08-01,30.22,30.69,30.12,30.42,211316.45
2019-08-02,29.69,30.0,29.55,29.73,201690.74
2019-08-05,29.43,29.99,29.03,29.12,238085.56
2019-08-06,28.57,29.52,28.49,29.17,270106.3
2019-08-07,29.35,29.48,29.02,29.08,193491.13
2019-08-08,29.68,29.68,29.03,29.37,175788.89
2019-08-09,29.52,29.73,28.89,29.17,167740.71
2019-08-12,28.94,29.91,28.94,29.8,187076.8
2019-08-13,29.54,29.59,28.82,28.89,173735.97
2019-08-14,29.34,29.48,28.67,28.74,151694.94
2019-08-15,28.26,29.32,28.11,29.17,156066.49
2019-08-16,29.05,29.48,28.72,29.1,187050.76
2019-08-19,29.28,30.35,29.13,30.27,247930.78
2019-08-20,29.96,30.35,29.95,30.01,151105.82
2019-08-21,29.79,30.67,29.79,30.54,149920.05
2019-08-22,30.55,31.19,30.38,30.96,153925.77
2019-08-23,30.79,31.98,30.79,31.68,235454.66
2019-08-26,31.15,31.19,30.39,30.63,262683.07
2019-08-27,30.97,31.04,30.04,30.21,407919.26
2019-08-28,30.24,30.29,29.44,29.65,291497.22
2019-08-29,29.65,29.94,29.35,29.66,242448.77
2019-08-30,29.87,29.98,29.4,29.92,202844.26
2019-09-02,29.69,30.06,29.59,29.82,287995.04
2019-09-03,29.76,30.04,29.63,29.78,165724.47
2019-09-04,29.77,30.24,29.77,30.24,244647.29
2019-09-05,30.35,31.42,30.34,30.5,392476.0
2019-09-06,30.63,31.01,30.24,30.97,259635.68
2019-09-09,31.14,31.26,30.35,30.48,335918.89
2019-09-10,30.46,30.46,29.82,30.04,214955.06
2019-09-11,30.1,30.41,30.04,30.26,170195.88
2019-09-12,30.39,30.81,30.11,30.7,214378.62
2019-09-16,30.67,30.67,29.9,29.96,225279.44
2019-09-17,29.8,29.83,29.44,29.52,197305.56
2019-09-18,29.67,29.68,29.34,29.44,166847.02
2019-09-19,29.56,29.59,29.13,29.4,172527.36
2019-09-20,29.44,29.63,29.35,29.44,190686.49
2019-09-23,29.32,29.32,28.74,28.85,163901.02
2019-09-24,28.94,28.94,27.57,28.07,522263.51
2019-09-25,27.92,28.36,27.82,28.16,226559.6
2019-09-26,28.26,28.72,28.19,28.25,203883.66
2019-09-27,28.26,28.39,27.72,28.18,143153.09
2019-09-30,27.9,28.25,27.59,27.6,126156.59
2019-10-08,27.61,28.36,27.58,28.15,225159.58
2019-10-09,27.88,28.83,27.82,28.55,206403.0
2019-10-10,28.56,28.65,28.31,28.45,136505.67
2019-10-11,28.67,29.14,28.31,28.88,210958.87
2019-10-14,29.06,29.74,29.06,29.36,250597.81
2019-10-15,29.44,29.44,28.97,29.22,102236.6
2019-10-16,29.23,29.76,28.96,29.1,150131.99
2019-10-17,29.06,29.36,28.73,29.06,128256.64
2019-10-18,29.2,29.29,28.34,28.38,153724.46
2019-10-21,28.38,28.99,28.23,28.57,194926.62
2019-10-22,28.72,28.86,28.04,28.32,210529.92
2019-10-23,28.29,28.44,27.78,27.92,188478.41
2019-10-24,28.04,28.23,27.81,28.01,119712.68
2019-10-25,27.93,27.93,27.4,27.79,150092.49
2019-10-28,27.9,28.08,27.77,28.04,147295.64
2019-10-29,28.04,28.04,27.43,27.44,188437.43
2019-10-30,27.48,27.75,27.2,27.35,196738.86
2019-10-31,27.5,27.54,26.9,27.31,195519.52
2019-11-01,27.23,27.96,27.13,27.94,234985.83
2019-11-04,27.94,28.83,27.78,28.61,340349.48
2019-11-05,28.61,29.29,28.56,28.84,393053.15
2019-11-06,28.91,29.06,28.53,28.61,160784.82
2019-11-07,28.84,29.31,28.77,29.11,256152.52
2019-11-08,29.28,29.53,29.06,29.14,207114.14
2019-11-11,28.78,29.17,28.57,28.76,184333.04
2019-11-12,28.91,29.25,28.62,29.15,156134.23
2019-11-13,28.87,28.91,27.92,28.15,264763.91
2019-11-14,28.13,28.3,27.67,27.73,242331.1
2019-11-15,27.88,27.99,27.54,27.61,139260.69
2019-11-18,27.62,28.48,27.59,28.34,202791.74
2019-11-19,28.19,28.38,27.98,28.17,147990.32
2019-11-20,28.07,28.15,27.35,27.46,229559.99
2019-11-21,27.3,27.58,27.19,27.41,124804.02
2019-11-22,27.41,27.69,27.26,27.31,160476.67
2019-11-25,27.27,27.7,27.07,27.65,145085.84
2019-11-26,27.84,28.0,27.31,27.35,212957.58
2019-11-27,27.39,27.55,27.09,27.45,92359.13
2019-11-28,27.43,27.51,27.13,27.25,90543.09
2019-11-29,27.31,27.34,26.92,27.11,119630.68
2019-12-02,27.31,27.69,27.23,27.32,137300.58
2019-12-03,27.15,27.43,27.09,27.27,98858.75
2019-12-04,27.03,27.21,27.0,27.2,69777.17
2019-12-05,27.29,27.54,27.21,27.5,144264.32
2019-12-06,27.54,27.62,27.37,27.56,132591.0
2019-12-09,27.62,27.76,27.46,27.55,122305.47
2019-12-10,27.46,27.69,27.39,27.63,88339.35
2019-12-11,27.73,28.05,27.57,27.95,187110.38
2019-12-12,28.03,28.46,27.88,28.35,196639.34
2019-12-13,28.63,29.57,28.63,29.36,359224.25
2019-12-16,29.3,29.67,29.09,29.53,279626.68
2019-12-17,29.37,30.16,29.12,29.69,289121.29
2019-12-18,29.82,30.31,29.74,29.96,245209.02
2019-12-19,30.03,30.24,29.64,29.82,129152.65
2019-12-20,29.88,30.47,29.7,29.76,148403.33
2019-12-23,29.84,30.18,29.29,29.29,164478.94
2019-12-24,29.31,29.56,29.01,29.22,133709.38
2019-12-25,29.29,29.43,28.91,29.13,106536.49
2019-12-26,29.19,29.49,28.97,29.33,119182.8
2019-12-27,29.21,29.74,29.04,29.11,195839.05
2019-12-30,28.99,30.29,28.89,30.28,312496.66
2019-12-31,30.15,30.28,29.7,29.95,177909.2
2020-01-02,30.47,31.2,30.33,30.77,325782.97
2020-01-03,31.18,31.72,31.07,31.36,317181.03
2020-01-06,31.26,31.49,30.46,30.55,197727.77
2020-01-07,30.83,31.34,30.81,30.94,161870.01
2020-01-08,30.63,31.02,30.31,30.47,152663.92
2020-01-09,30.69,30.91,30.53,30.79,110816.07
2020-01-10,30.8,30.92,30.23,30.43,138744.64
2020-01-13,30.32,30.72,30.08,30.72,127075.28
2020-01-14,30.75,31.19,30.57,30.76,173633.32
2020-01-15,30.55,30.91,30.15,30.42,108430.39
2020-01-16,30.56,30.57,29.68,29.73,170860.8
2020-01-17,29.84,30.14,29.7,29.86,96225.6
2020-01-20,29.92,30.43,29.86,29.92,171139.29
2020-01-21,29.76,29.82,28.91,29.12,207834.8
2020-01-22,29.07,29.43,28.57,29.27,181138.63
2020-01-23,28.97,29.19,28.39,28.46,201004.83
2020-02-03,25.62,26.51,25.61,25.97,477988.47
2020-02-04,26.12,26.88,26.05,26.72,290715.22
2020-02-05,26.91,26.98,26.44,26.58,343036.02
2020-02-06,26.74,26.85,26.43,26.59,415477.93
2020-02-07,26.41,26.65,26.17,26.43,316867.12
2020-02-10,26.26,26.31,26.06,26.24,333637.6
2020-02-11,26.43,26.66,26.25,26.5,336801.23
2020-02-12,26.51,26.51,26.13,26.43,328095.61
2020-02-13,26.45,26.55,26.28,26.32,277252.66
2020-02-14,26.24,26.7,26.21,26.59,261416.0
2020-02-17,26.6,27.12,26.56,27.1,381430.95
2020-02-18,27.05,27.05,26.54,26.72,332492.32
2020-02-19,26.74,27.05,26.65,26.8,271261.29
2020-02-20,26.82,27.53,26.63,27.38,453644.7
2020-02-21,27.27,27.69,27.23,27.32,495513.39
2020-02-24,27.06,27.06,26.66,26.71,388245.45
2020-02-25,26.42,26.54,26.24,26.42,325465.67
2020-02-26,26.14,26.72,26.1,26.32,289421.86
2020-02-27,26.3,26.51,26.14,26.21,237143.38
2020-02-28,25.88,26.08,25.08,25.24,504772.4
2020-03-02,25.29,25.76,25.26,25.62,287054.9
2020-03-03,25.88,25.94,25.28,25.34,346756.83
2020-03-04,25.27,25.51,25.18,25.49,261443.84
2020-03-05,25.6,26.53,25.52,26.51,501961.41
2020-03-06,26.13,26.31,25.79,25.86,299117.33
2020-03-09,25.24,25.24,24.46,24.5,487873.47
2020-03-10,24.57,25.05,24.2,25.05,336939.58
2020-03-11,25.05,25.05,24.51,24.51,215094.61
2020-03-12,24.23,24.23,23.74,24.11,295360.45
2020-03-13,22.95,23.81,22.7,23.47,301292.85
2020-03-16,23.49,23.54,22.32,22.33,277547.59
2020-03-17,22.33,22.87,21.89,22.14,253741.7
2020-03-18,22.15,22.57,21.86,21.96,358643.92
2020-03-19,21.85,22.22,20.59,21.13,420732.25
2020-03-20,21.29,21.53,21.04,21.53,279935.19
2020-03-23,20.58,21.12,20.58,20.87,236723.69
2020-03-24,21.32,22.13,21.19,21.99,364343.49
2020-03-25,22.46,23.21,22.43,23.1,370013.7
2020-03-26,22.86,23.03,22.48,22.62,239407.47
2020-03-27,23.03,23.07,22.57,22.75,220983.13
2020-03-30,22.42,22.54,22.0,22.49,218426.66
2020-03-31,22.66,22.75,22.18,22.33,170864.16
2020-04-01,22.27,22.48,22.11,22.12,214552.36
2020-04-02,21.86,22.36,21.83,22.36,129939.93
2020-04-03,22.26,22.32,21.76,21.93,219079.65
2020-04-07,22.32,22.38,22.02,22.12,296994.58
2020-04-08,21.98,21.99,21.62,21.77,217972.8
2020-04-09,21.92,22.02,21.77,21.87,186310.69
2020-04-10,21.99,22.6,21.75,22.13,346067.66
2020-04-13,21.93,21.94,21.76,21.92,128006.06
2020-04-14,22.08,22.43,21.93,22.43,202285.93
2020-04-15,22.38,22.46,22.14,22.17,171365.49
2020-04-16,21.93,22.12,21.93,22.06,100888.33
2020-04-17,22.28,23.28,22.18,23.19,482883.67
2020-04-20,23.07,23.32,22.74,23.17,287320.4
2020-04-21,22.99,23.04,22.53,22.69,183180.55
2020-04-22,22.51,22.93,22.48,22.89,126620.96
2020-04-23,22.94,23.35,22.9,23.12,190012.8
2020-04-24,22.9,22.93,22.42,22.49,205051.51
2020-04-27,22.95,23.55,22.87,23.19,360931.36
2020-04-28,23.31,23.7,22.99,23.65,288870.5
2020-04-29,23.68,24.46,23.55,24.34,292422.15
2020-04-30,24.43,24.6,24.21,24.35,240260.82
2020-05-06,23.75,24.15,23.69,24.08,251109.74
2020-05-07,24.02,24.1,23.85,24.04,142575.43
2020-05-08,24.28,24.37,23.35,23.5,466029.33
2020-05-11,23.49,23.89,23.47,23.74,210702.71
2020-05-12,23.62,23.65,23.24,23.33,187796.78
2020-05-13,23.19,23.37,23.04,23.33,145505.04
2020-05-14,23.19,23.2,22.83,22.86,193205.52
2020-05-15,22.99,23.09,22.68,22.7,165185.26
2020-05-18,22.69,22.89,22.49,22.63,158632.01
2020-05-19,22.92,23.13,22.8,22.95,179190.0
2020-05-20,22.94,23.14,22.87,23.06,121958.14
2020-05-21,23.17,23.21,22.78,22.81,160679.71
2020-05-22,22.7,22.74,22.15,22.16,186242.79
2020-05-25,22.39,22.39,21.64,21.76,218029.25
2020-05-26,21.92,22.03,21.76,21.98,138351.96
2020-05-27,21.99,22.26,21.87,21.99,136158.37
2020-05-28,22.09,22.95,22.08,22.63,236200.67
2020-05-29,22.45,22.59,22.2,22.38,157187.45
2020-06-01,22.62,22.9,22.59,22.83,169199.33
2020-06-02,22.76,23.42,22.73,23.32,266486.75
2020-06-03,23.47,23.86,23.09,23.13,333855.85
2020-06-04,23.3,23.32,22.96,23.05,186021.8
2020-06-05,23.15,23.18,22.86,23.16,146092.88
2020-06-08,23.31,24.09,23.31,24.04,372498.57
2020-06-09,24.04,24.1,23.78,23.97,224730.63
2020-06-10,23.94,23.95,23.55,23.66,226276.35
2020-06-11,23.66,23.66,22.98,23.0,326099.52
2020-06-12,22.65,23.09,22.53,22.88,154968.99
2020-06-15,22.69,22.86,22.52,22.59,227171.98
2020-06-16,22.84,23.19,22.73,22.94,303151.31
2020-06-17,22.95,22.95,22.51,22.69,276700.6
2020-06-18,22.71,22.91,22.43,22.91,261266.38
2020-06-19,22.87,23.23,22.76,23.07,334665.22
2020-06-22,22.94,23.5,22.79,22.99,275524.34
2020-06-23,22.82,22.87,22.52,22.58,266578.48
2020-06-24,22.65,22.93,22.47,22.68,274460.35
2020-06-29,22.54,22.66,22.23,22.36,296312.63
2020-06-30,22.43,22.54,22.35,22.47,195805.17
2020-07-01,22.51,23.33,22.39,23.33,501955.33
2020-07-02,23.23,24.56,23.19,24.3,778650.1
2020-07-03,24.59,25.43,24.49,25.31,876159.94
2020-07-06,25.97,27.85,25.97,27.8,1131292.81
2020-07-07,28.85,28.86,26.8,26.96,870107.37
2020-07-08,26.65,28.42,26.62,27.85,886666.07
2020-07-09,27.58,28.36,27.31,27.87,715074.76
2020-07-10,27.38,27.39,26.05,26.14,826351.6
2020-07-13,25.97,26.86,25.85,26.44,532249.75
2020-07-14,26.3,26.73,25.79,26.03,504073.41
2020-07-15,26.35,26.54,25.5,25.68,368845.97
2020-07-16,25.99,26.39,24.9,24.93,539778.66
2020-07-17,25.03,25.17,24.39,24.56,414629.47
2020-07-20,25.08,26.34,25.0,26.12,710169.46
2020-07-21,27.45,27.45,25.68,25.8,668873.41
2020-07-22,25.56,26.15,25.36,25.45,555342.29
2020-07-23,25.15,25.4,24.65,25.02,449592.13
2020-07-24,24.79,24.93,23.97,24.22,455050.87
2020-07-27,24.35,24.46,24.05,24.33,247179.37
2020-07-28,24.45,24.6,24.13,24.24,198848.8
2020-07-29,24.2,24.9,24.08,24.73,338746.55
2020-07-30,24.73,24.74,24.26,24.3,235674.19
2020-07-31,24.16,24.71,24.04,24.33,290997.52
2020-08-03,24.53,24.8,24.43,24.79,358512.02
2020-08-04,24.89,25.83,24.79,25.43,626166.91
2020-08-05,25.14,25.24,24.6,24.93,330421.28
2020-08-06,24.88,25.21,24.6,25.13,334945.33
2020-08-07,25.07,25.18,24.49,24.73,316929.97
2020-08-10,24.65,25.46,24.52,25.2,452092.02
2020-08-11,25.47,26.3,25.26,25.4,751240.1
2020-08-12,25.4,25.91,25.23,25.79,513443.42
2020-08-13,25.87,25.92,25.36,25.38,290777.29
2020-08-14,25.3,26.66,25.25,26.41,552680.18
2020-08-17,26.54,28.79,26.26,27.8,1423994.01
2020-08-18,27.58,27.73,27.1,27.43,538640.12
2020-08-19,27.17,27.28,26.3,26.33,525173.54
2020-08-20,26.21,26.48,25.89,26.41,311721.24
2020-08-21,26.39,26.71,26.22,26.61,325041.31
2020-08-24,26.22,26.39,25.85,25.89,382900.18
2020-08-25,25.98,26.22,25.62,25.77,287823.04
2020-08-26,25.71,25.93,25.14,25.24,359793.67
2020-08-27,25.23,25.48,25.01,25.44,231522.51
2020-08-28,25.31,26.04,25.27,26.0,348986.67
2020-08-31,26.03,26.29,25.4,25.41,439304.47
2020-09-01,25.29,25.5,25.21,25.45,230745.41
2020-09-02,25.47,25.53,25.09,25.28,260205.8
2020-09-03,25.4,25.53,25.11,25.15,237274.41
2020-09-04,24.92,25.05,24.75,24.89,219911.78
2020-09-07,24.92,25.21,24.79,24.82,218764.18
2020-09-08,25.06,25.71,24.97,25.58,338009.63
2020-09-09,25.36,25.56,24.83,25.01,269853.57
2020-09-10,25.21,25.64,25.07,25.24,319317.61
2020-09-11,25.26,25.42,25.01,25.33,211389.77
2020-09-14,25.41,25.46,24.95,25.12,224793.89
2020-09-15,24.98,25.34,24.87,25.08,225484.45
2020-09-16,25.08,25.36,24.9,25.15,177109.14
2020-09-17,25.05,25.31,24.94,25.0,204121.46
2020-09-18,25.14,27.0,25.03,26.75,1032994.19
2020-09-21,27.21,27.21,26.3,26.91,752243.73
2020-09-22,26.55,26.79,25.98,26.03,439067.82
2020-09-23,26.06,26.18,25.78,25.92,223184.53
2020-09-24,25.73,26.02,25.54,25.64,281778.49
2020-09-25,25.7,26.11,25.67,25.99,264267.55
2020-09-28,25.93,26.12,25.78,25.94,180802.8
2020-09-29,26.1,26.25,25.92,25.93,252769.4
2020-09-30,26.02,26.15,25.62,25.73,192049.01
2020-10-09,25.97,26.62,25.97,26.4,335393.71
2020-10-12,26.55,27.62,26.53,27.35,456081.21
2020-10-13,27.16,27.33,26.77,27.05,266238.28
2020-10-14,27.01,27.04,26.62,26.77,241013.16
2020-10-15,26.77,27.5,26.77,27.1,280307.39
2020-10-16,27.09,27.67,27.01,27.5,357480.45
2020-10-19,27.41,28.52,27.41,27.88,560146.94
2020-10-20,27.78,27.88,27.43,27.66,259845.52
2020-10-21,27.77,28.31,27.49,28.18,316245.09
2020-10-22,26.06,27.75,26.06,27.5,1379498.31
2020-10-23,27.21,28.9,27.19,28.07,953891.63
2020-10-26,28.36,28.74,27.76,28.32,616522.27
2020-10-27,28.27,28.63,27.99,28.27,486848.36
2020-10-28,28.08,28.2,27.28,27.3,470495.3
2020-10-29,27.03,27.22,26.5,26.89,446538.6
2020-10-30,27.03,27.21,26.2,26.31,410117.54
2020-11-02,26.39,26.61,25.64,25.79,453263.43
2020-11-03,26.01,26.48,25.84,26.33,421333.86
2020-11-04,26.06,26.38,25.9,26.23,352458.9
2020-11-05,26.59,26.77,26.26,26.62,434033.57
2020-11-06,26.64,26.9,26.34,26.39,383206.81
2020-11-09,26.76,27.69,26.66,27.58,483193.4
2020-11-10,27.75,28.53,27.56,27.73,494007.22
2020-11-11,27.79,28.19,27.71,27.87,373758.51
2020-11-12,27.76,27.85,26.96,27.16,360783.66
2020-11-13,26.96,27.05,26.01,26.2,497124.16
2020-11-16,26.38,26.87,26.38,26.68,359494.17
2020-11-17,26.68,27.08,26.4,26.96,355166.01
2020-11-18,26.94,27.76,26.91,27.28,413425.08
2020-11-19,27.13,28.14,27.05,28.12,490209.97
2020-11-20,27.94,28.27,27.49,27.77,285087.72
2020-11-23,27.94,28.42,27.59,28.24,378652.88
2020-11-24,28.13,28.5,27.79,27.99,329509.11
2020-11-25,28.45,30.39,28.45,29.68,1093281.23
2020-11-26,29.67,31.4,29.67,31.21,1057587.6
2020-11-27,31.33,31.95,30.62,31.73,672184.9
2020-11-30,32.11,33.69,31.84,31.87,881491.05
2020-12-01,32.2,33.52,31.49,32.86,868568.01
2020-12-02,32.82,32.98,32.18,32.39,488994.86
2020-12-03,32.41,32.77,31.61,32.14,370003.82
2020-12-04,32.12,32.2,31.32,31.98,382472.91
2020-12-07,32.16,32.28,31.02,31.18,396809.45
2020-12-08,31.29,31.73,30.92,31.06,339496.43
2020-12-09,31.32,31.58,30.84,30.84,370061.8
2020-12-10,31.17,31.43,30.48,30.8,315000.35
2020-12-11,31.3,31.3,30.08,30.32,447504.99
2020-12-14,30.67,31.47,30.58,30.81,393584.87
2020-12-15,30.67,30.76,29.97,30.4,308982.05
2020-12-16,30.67,31.68,30.23,31.01,412483.16
2020-12-17,30.81,31.66,30.43,31.48,400085.42
2020-12-18,31.25,31.42,30.72,30.86,323168.88
2020-12-21,30.88,31.41,30.39,31.0,373694.05
2020-12-22,30.63,31.09,29.12,29.53,648658.98
2020-12-23,29.53,29.85,28.98,29.78,426479.74
2020-12-24,29.77,30.15,29.52,29.94,208253.78
2020-12-25,29.53,29.6,28.58,29.19,513020.5
2020-12-28,29.19,30.16,29.04,29.89,412232.78
2020-12-29,29.87,30.49,29.73,29.9,281385.24
2020-12-30,29.9,30.01,29.4,29.87,315218.27
2020-12-31,29.83,31.9,29.73,31.66,752991.57
2021-01-04,31.83,32.06,31.08,31.62,658295.29
2021-01-05,31.42,31.46,29.52,31.25,857632.4
2021-01-06,30.8,31.57,30.61,31.47,508477.79
2021-01-07,31.35,32.45,31.16,32.37,598581.96
2021-01-08,32.37,32.59,31.6,32.15,474632.24
2021-01-11,31.82,32.64,31.5,32.36,499071.67
2021-01-12,32.23,33.33,31.74,33.18,724538.29
2021-01-13,33.55,33.79,31.99,32.31,659522.34
2021-01-14,32.44,32.91,31.76,32.56,451988.23
2021-01-15,32.27,35.38,32.27,33.86,763669.75
2021-01-18,34.04,34.45,33.29,34.04,457053.64
2021-01-19,34.13,36.17,34.05,34.79,623597.63
2021-01-20,34.6,34.77,32.45,32.82,765284.51
2021-01-21,32.63,33.28,32.16,32.68,620745.03
2021-01-22,32.56,32.56,30.75,30.97,658031.57
2021-01-25,30.83,31.76,30.34,31.73,557455.25
2021-01-26,31.32,31.72,30.62,30.78,360797.88
2021-01-27,30.9,31.83,30.83,31.36,376400.42
2021-01-28,30.99,30.99,29.89,30.22,546577.34
2021-01-29,29.81,29.83,28.12,28.6,903436.59
2021-02-01,28.52,29.41,28.29,29.19,438900.74
2021-02-02,29.18,30.32,28.92,30.0,588044.3
2021-02-03,29.86,30.6,29.53,30.14,473357.44
2021-02-04,30.29,31.39,30.13,30.73,518709.06
2021-02-05,30.63,32.22,30.63,32.0,531338.0
2021-02-08,32.07,32.71,31.4,32.05,395346.37
2021-02-09,31.9,31.91,30.72,31.72,478060.14
2021-02-10,31.65,32.87,31.55,32.27,360584.57
2021-02-18,33.8,34.6,33.51,33.9,702761.67
2021-02-19,33.62,35.84,33.42,34.88,517389.06
2021-02-22,34.88,36.71,34.88,35.13,598419.92
2021-02-23,34.62,37.14,34.21,36.88,553561.79
2021-02-24,36.9,37.38,34.71,35.45,549089.77
2021-02-25,36.02,38.56,35.63,37.92,610474.75
2021-02-26,37.05,38.19,36.27,36.43,636501.16
2021-03-01,36.26,36.93,35.24,35.91,553848.55
2021-03-02,36.1,36.81,35.61,36.27,413060.11
2021-03-03,36.62,38.86,35.98,37.35,557245.52
2021-03-04,36.95,38.17,36.75,37.2,411046.1
2021-03-05,36.31,36.68,34.21,35.51,577523.65
2021-03-08,36.21,36.95,35.29,35.39,436705.11
2021-03-09,35.53,36.09,34.38,34.75,416330.14
2021-03-10,34.83,35.24,34.09,34.13,267065.24
2021-03-11,34.58,35.37,34.05,34.7,393057.22
2021-03-12,34.62,34.74,33.66,34.35,344179.95
2021-03-15,34.25,35.32,33.66,34.21,345459.44
2021-03-16,34.56,36.1,34.35,35.54,458322.4
2021-03-17,35.31,35.43,33.74,34.27,358664.86
2021-03-18,34.38,34.38,32.89,33.33,464928.47
2021-03-19,33.01,33.05,31.58,31.78,552939.9
2021-03-22,31.97,32.03,31.01,31.27,445493.52
2021-03-23,31.29,31.91,30.93,31.49,340297.58
2021-03-24,31.24,31.41,30.53,30.63,347755.0
2021-03-25,30.46,31.19,30.46,30.91,221233.76
2021-03-26,31.16,32.22,31.13,31.74,406053.7
2021-03-29,31.46,31.98,30.99,31.88,340187.64
2021-03-30,31.65,31.79,31.15,31.62,309362.42
2021-03-31,31.65,31.69,31.06,31.19,178711.42
2021-04-01,31.34,31.87,31.23,31.61,163203.59
2021-04-02,31.45,31.66,31.08,31.36,225964.7
2021-04-06,31.51,31.56,30.89,30.94,173561.34
2021-04-07,30.84,31.04,29.18,29.44,613487.66
2021-04-08,29.33,30.09,29.29,29.95,321151.35
2021-04-09,29.86,30.0,29.11,29.31,241389.84
2021-04-12,29.39,29.54,28.53,28.73,317093.81
2021-04-13,28.93,29.08,28.22,28.5,302971.04
2021-04-14,28.54,28.89,28.26,28.64,311220.9
2021-04-15,28.31,28.4,27.64,28.08,376708.35
2021-04-16,28.08,28.75,27.95,28.64,258760.61
2021-04-19,28.59,28.74,28.03,28.65,417104.11
2021-04-20,28.47,28.5,28.05,28.22,404513.56
2021-04-21,28.06,28.14,27.77,27.87,347500.46
2021-04-22,28.24,28.29,27.76,27.86,315045.89
2021-04-23,27.85,28.15,27.42,27.69,296781.95
2021-04-26,27.68,27.68,26.86,26.89,431054.34
2021-04-27,26.99,27.63,26.81,27.45,350303.04
2021-04-28,27.41,27.81,27.2,27.65,325798.27
2021-04-29,27.46,28.11,27.35,27.85,445720.12
2021-04-30,27.94,27.94,27.04,27.11,336825.71
2021-05-06,27.09,27.61,27.01,27.18,274725.16
2021-05-07,27.28,27.47,26.49,26.6,287415.14
2021-05-10,26.75,26.97,26.55,26.95,225098.64
2021-05-11,26.82,26.91,26.35,26.76,314870.05
2021-05-12,26.61,26.89,26.43,26.72,230431.21
2021-05-13,26.53,26.72,26.22,26.51,229512.17
2021-05-14,26.54,28.11,26.53,27.96,568959.38
2021-05-17,27.87,28.11,27.61,27.87,301962.32
2021-05-18,27.93,28.69,27.89,28.19,371633.2
2021-05-19,28.1,28.32,27.66,27.83,262292.39
2021-05-20,27.84,28.64,27.66,28.4,324552.12
2021-05-21,28.46,28.58,27.55,27.72,324569.82
2021-05-24,27.63,28.08,27.53,27.8,224127.38
2021-05-25,27.82,29.65,27.6,29.22,803457.15
2021-05-26,29.35,29.51,28.93,29.22,634638.89
2021-05-27,28.94,29.25,28.69,28.95,377686.78
2021-05-28,28.87,29.18,28.63,28.89,339829.15
2021-05-31,28.86,28.86,27.94,28.36,411115.14
2021-06-01,28.18,28.2,27.22,27.44,619231.28
2021-06-02,27.43,27.73,27.2,27.63,365277.22
2021-06-03,27.57,27.95,27.38,27.44,241156.98
2021-06-04,27.37,28.29,27.33,27.94,352373.19
2021-06-07,27.86,28.09,27.67,28.0,218139.41
2021-06-08,27.95,28.48,27.75,28.27,328421.93
2021-06-09,28.36,28.74,28.2,28.25,278344.35
2021-06-10,28.06,28.36,27.31,27.37,445280.49
2021-06-11,27.41,27.43,26.46,26.8,547199.8
2021-06-15,26.8,26.91,25.87,26.06,548033.03
2021-06-16,26.04,26.39,25.97,26.17,259101.11
2021-06-17,26.05,26.26,25.22,25.35,447783.7
2021-06-18,25.35,25.36,24.75,25.12,417525.61
2021-06-21,24.91,24.95,24.4,24.7,426340.41
2021-06-22,24.89,25.27,24.81,25.1,376340.57
2021-06-23,24.94,25.41,24.91,25.27,313292.43
2021-06-24,25.3,25.53,25.14,25.32,277496.44
2021-06-25,25.39,25.78,25.39,25.59,360505.4
2021-06-28,25.56,25.64,24.73,24.96,413295.44
2021-06-29,24.77,25.03,24.75,24.79,301298.31
2021-06-30,24.8,25.04,24.72,24.97,208204.65
2021-07-01,24.97,25.41,24.56,25.29,358647.42
2021-07-02,25.01,25.03,24.22,24.3,381275.01
2021-07-05,24.22,24.46,24.03,24.41,271554.97
2021-07-06,24.39,25.22,24.32,25.11,390915.17
2021-07-07,24.98,25.34,24.65,24.9,259843.92
2021-07-08,24.93,24.93,23.97,24.25,404460.86
2021-07-09,24.05,24.54,23.87,24.05,333554.47
2021-07-12,24.22,24.22,23.55,23.66,437617.13
2021-07-13,23.69,24.14,23.45,24.06,329440.69
2021-07-14,23.95,23.95,23.13,23.14,482468.48
2021-07-15,23.22,24.64,23.22,24.46,719292.26
2021-07-16,24.23,24.83,23.89,24.17,462839.54
2021-07-19,24.01,24.27,23.53,24.27,356985.42
2021-07-20,23.97,24.25,23.64,23.8,268175.76
2021-07-21,23.67,24.22,23.61,24.03,396651.85
2021-07-22,23.97,25.27,23.82,25.01,788889.23
2021-07-23,25.03,25.38,24.75,25.12,560840.17
2021-07-26,24.8,24.84,23.59,23.7,641752.04
2021-07-27,23.7,23.81,22.68,22.84,496081.19
2021-07-28,22.72,23.34,22.72,22.78,335674.05
2021-07-29,23.07,23.15,22.16,22.28,537637.08
2021-07-30,22.24,22.67,21.85,22.43,344647.66
2021-08-02,22.28,23.59,21.9,23.19,577903.41
2021-08-03,23.09,23.53,22.85,23.23,362765.09
2021-08-04,23.28,23.29,22.74,22.87,299587.03
2021-08-05,22.76,23.51,22.72,22.99,377469.82
2021-08-06,22.75,23.02,22.59,22.76,260973.08
2021-08-09,22.6,24.09,22.55,23.72,530340.31
2021-08-10,23.62,23.97,23.33,23.85,356399.28
2021-08-11,23.71,24.28,23.68,23.85,342794.67
2021-08-12,23.79,24.03,23.29,23.36,307509.76
2021-08-13,23.28,23.6,23.17,23.35,215173.71
2021-08-16,23.34,23.76,23.32,23.53,218379.8
2021-08-17,23.53,24.24,23.45,23.52,465725.66
2021-08-18,23.37,24.63,23.19,24.31,605146.03
2021-08-19,24.08,24.13,23.4,23.44,462727.94
2021-08-20,23.28,23.6,22.75,22.82,465969.36
2021-08-23,22.84,23.13,22.72,22.86,283707.02
2021-08-24,22.83,23.02,22.54,22.93,333779.89
2021-08-25,22.93,23.05,22.53,22.62,359274.01
2021-08-26,22.5,22.59,21.99,22.06,445339.78
2021-08-27,22.23,22.8,22.2,22.57,333342.52
2021-08-30,22.79,22.79,22.21,22.46,266791.0
2021-08-31,22.34,22.72,22.07,22.67,313734.07
2021-09-01,22.5,24.02,22.48,23.68,749093.59
2021-09-02,23.51,23.84,23.44,23.77,357191.81
2021-09-03,23.97,24.33,23.5,23.97,505645.84
2021-09-06,23.89,24.81,23.78,24.56,668384.43
2021-09-07,24.48,24.58,24.05,24.53,492896.17
2021-09-08,24.47,24.78,24.06,24.28,462983.53
2021-09-09,23.97,24.37,23.78,24.27,439597.39
2021-09-10,24.22,25.0,24.17,24.4,569680.84
2021-09-13,24.41,24.62,24.2,24.56,409521.62
2021-09-14,24.56,24.9,23.84,23.88,518736.2
2021-09-15,23.87,24.23,23.71,24.03,296729.11
2021-09-16,23.96,24.21,23.81,23.87,275552.68
2021-09-17,23.72,23.94,23.21,23.42,319266.88
2021-09-22,22.93,23.18,22.72,23.02,315833.85
2021-09-23,23.34,23.75,23.18,23.36,288174.12
2021-09-24,23.32,23.65,23.26,23.36,193981.14
2021-09-27,23.49,24.21,23.49,23.83,432255.15
2021-09-28,23.88,24.24,23.53,24.03,356417.74
2021-09-29,23.86,24.41,23.42,24.13,392040.77
2021-09-30,24.03,24.12,23.22,23.4,454361.85
2021-10-08,23.95,25.31,23.87,25.26,1025853.85
2021-10-11,25.26,25.99,25.26,25.59,748993.73
2021-10-12,25.43,25.82,25.04,25.49,479876.54
2021-10-13,25.33,25.47,24.59,25.09,444647.71
2021-10-14,24.96,25.31,24.79,24.9,258974.98
2021-10-15,24.79,25.1,24.65,24.83,301593.29
2021-10-18,24.97,25.09,24.34,24.59,275022.22
2021-10-19,24.47,25.47,24.45,25.12,440988.03
2021-10-20,25.23,25.59,24.72,24.74,352312.23
2021-10-21,24.75,25.92,24.74,25.65,587522.02
2021-10-22,25.71,25.95,25.42,25.72,363580.23
2021-10-25,25.61,25.61,25.09,25.43,302664.69
2021-10-26,25.42,25.66,25.09,25.15,234198.12
2021-10-27,24.93,25.42,24.72,25.15,317363.06
2021-10-28,24.93,25.28,24.74,25.1,285696.1
2021-10-29,24.93,25.05,23.4,23.62,753264.07
2021-11-01,23.7,24.44,23.4,24.35,478896.07
2021-11-02,24.3,25.07,23.76,24.05,584357.43
2021-11-03,24.05,24.78,23.97,24.22,356217.14
2021-11-04,24.22,24.45,23.94,24.22,283873.58
2021-11-05,24.16,24.42,24.05,24.21,188129.69
2021-11-08,24.13,24.44,23.63,24.22,242544.57
2021-11-09,24.31,24.5,23.79,23.91,229152.77
2021-11-10,23.78,23.9,23.24,23.6,334583.16
2021-11-11,23.49,24.5,23.47,24.48,407219.49
2021-11-12,24.48,24.55,24.14,24.31,198349.77
2021-11-15,24.46,24.53,24.2,24.46,169284.65
2021-11-16,24.55,24.9,24.41,24.67,295455.88
2021-11-17,24.65,24.9,24.53,24.63,177413.81
2021-11-18,24.57,24.67,24.03,24.11,227453.02
2021-11-19,23.97,24.53,23.97,24.41,203285.22
2021-11-22,24.28,24.46,24.01,24.02,234428.67
2021-11-23,24.0,24.26,23.9,23.95,194296.99
2021-11-24,24.0,24.12,23.78,23.97,175812.18
2021-11-25,23.97,24.03,23.72,23.99,203911.08
2021-11-26,23.84,23.87,23.55,23.6,229445.35
2021-11-29,23.44,23.55,23.25,23.49,222717.48
2021-11-30,23.52,23.7,23.29,23.35,242079.71
2021-12-01,23.35,23.57,23.35,23.53,221272.38
2021-12-02,23.45,23.54,23.18,23.43,228472.29
2021-12-03,23.47,23.57,23.12,23.36,274429.3
2021-12-06,23.68,23.98,23.37,23.5,398885.31
2021-12-07,23.66,24.09,23.51,23.94,330253.66
2021-12-08,24.0,24.0,23.6,23.91,234643.99
2021-12-09,23.9,24.68,23.84,24.34,449799.62
2021-12-10,24.16,24.41,24.11,24.26,298804.52
2021-12-13,24.4,24.99,24.27,24.36,521580.34
2021-12-14,24.22,24.41,23.83,23.85,315808.13
2021-12-15,23.91,24.02,23.66,23.73,186040.66
2021-12-16,23.75,23.98,23.64,23.97,163172.99
2021-12-17,23.92,24.04,23.68,23.75,169954.95
2021-12-20,23.71,23.9,23.64,23.69,218780.37
2021-12-21,23.62,23.9,23.59,23.81,168864.33
2021-12-22,23.79,23.87,23.55,23.58,193212.47
2021-12-23,23.6,23.73,23.43,23.57,146026.47
2021-12-24,23.56,23.57,23.3,23.43,148219.68
2021-12-27,23.45,23.57,23.28,23.39,204236.94
2021-12-28,23.33,23.71,23.28,23.42,278236.24
2021-12-29,23.53,23.57,23.29,23.33,197635.57
2021-12-30,23.36,23.47,23.28,23.34,165661.15
2021-12-31,23.36,23.49,23.29,23.38,189032.27
2022-01-04,23.4,23.53,23.21,23.5,287015.76
2022-01-05,23.47,24.03,23.46,23.79,461226.61
2022-01-06,23.78,23.88,23.62,23.67,240406.51
2022-01-07,23.72,24.31,23.72,24.07,440716.6
2022-01-10,24.14,24.31,23.87,24.23,287999.7
2022-01-11,24.22,24.52,24.02,24.2,315345.01
2022-01-12,24.13,24.26,23.78,24.03,246975.81
2022-01-13,24.02,24.56,23.99,24.09,309571.12
2022-01-14,24.09,24.09,23.32,23.37,454162.67
2022-01-17,23.36,23.48,23.25,23.35,232143.52
2022-01-18,23.41,23.75,23.34,23.69,256570.18
2022-01-19,23.65,24.05,23.6,23.84,243505.63
2022-01-20,23.9,24.69,23.9,24.56,757758.05
2022-01-21,24.48,24.7,24.23,24.32,408783.29
2022-01-24,24.31,24.38,23.82,24.01,279325.19
2022-01-25,23.81,23.88,23.32,23.35,325556.77
2022-01-26,23.45,23.54,23.21,23.47,336136.07
2022-01-27,23.36,23.41,23.18,23.19,277849.86
2022-01-28,23.28,23.31,22.61,22.64,413405.31
2022-02-07,22.93,23.39,22.76,23.19,313363.87
2022-02-08,23.18,23.67,23.14,23.63,307691.85
2022-02-09,23.67,23.95,23.51,23.59,269835.68
2022-02-10,23.59,24.04,23.47,24.03,378475.81
2022-02-11,24.03,25.15,23.97,24.85,911259.5
2022-02-14,24.65,24.73,24.01,24.07,405112.1
2022-02-15,23.97,24.22,23.73,23.89,248205.11
2022-02-16,24.01,24.26,23.9,24.01,158499.75
2022-02-17,23.94,24.23,23.78,23.84,196643.92
2022-02-18,23.71,24.22,23.68,24.12,207756.42
2022-02-21,23.98,24.07,23.78,23.97,171457.07
2022-02-22,23.78,23.85,23.47,23.59,212252.49
2022-02-23,23.65,23.76,23.41,23.47,211745.46
2022-02-24,23.36,23.41,22.86,22.98,456514.01
2022-02-25,23.07,23.22,22.83,22.91,294585.62
2022-02-28,22.96,22.97,22.65,22.79,238665.8
2022-03-01,22.86,23.04,22.76,23.01,233862.99
2022-03-02,22.85,22.95,22.78,22.79,178216.77
2022-03-03,22.89,22.99,22.82,22.9,159257.36
2022-03-04,22.76,22.77,22.47,22.67,220382.61
2022-03-07,22.5,22.5,22.0,22.09,340218.29
2022-03-08,22.04,22.11,21.29,21.33,374532.92
2022-03-09,21.38,21.45,20.22,20.66,381431.32
2022-03-10,21.03,21.1,20.76,20.76,216469.62
2022-03-11,20.43,20.99,20.22,20.83,257651.89
2022-03-14,20.53,20.73,20.3,20.31,199325.5
2022-03-15,20.15,20.15,18.55,18.66,579497.86
2022-03-16,18.9,19.57,18.43,19.45,518258.98
2022-03-17,19.83,20.12,19.51,19.74,401623.23
2022-03-18,19.59,20.53,19.53,20.34,438935.7
2022-03-21,20.09,20.13,19.65,19.77,308975.28
2022-03-22,19.51,20.19,19.43,20.08,278434.98
2022-03-23,20.11,20.22,19.84,20.07,216154.93
2022-03-24,19.92,20.21,19.86,19.99,186998.33
2022-03-25,20.01,20.21,19.89,19.94,174158.2
2022-03-28,18.1,19.59,18.1,19.43,391686.54
2022-03-29,19.41,19.65,19.31,19.37,184787.03
2022-03-30,19.52,19.77,19.36,19.72,247623.92
2022-03-31,19.63,19.97,19.59,19.76,182480.5
2022-04-01,19.63,20.04,19.5,20.0,231905.03
2022-04-06,19.96,20.52,19.91,20.36,288064.76
2022-04-07,20.33,20.47,20.0,20.0,199532.58
2022-04-08,19.91,20.2,19.89,20.18,146899.51
2022-04-11,20.07,20.07,19.41,19.47,255783.76
2022-04-12,19.58,19.83,19.12,19.68,265101.87
2022-04-13,19.53,19.85,19.47,19.62,157453.34
2022-04-14,19.72,19.78,19.58,19.66,147329.41
2022-04-15,19.57,19.94,19.53,19.76,173701.46
2022-04-18,19.5,19.61,19.14,19.24,199644.47
2022-04-19,19.19,19.28,18.79,18.94,206333.42
2022-04-20,18.97,19.11,18.77,18.8,162816.04
2022-04-21,18.79,19.31,18.77,18.93,270765.49
2022-04-22,18.97,19.48,18.82,19.15,264030.18
2022-04-25,18.73,18.95,17.93,17.94,363635.66
2022-04-26,17.94,18.05,17.41,17.51,346164.87
2022-04-27,17.32,17.75,17.16,17.57,302168.07
2022-04-28,17.39,17.6,17.23,17.6,294912.5
2022-04-29,17.6,18.09,17.46,17.93,282396.14
2022-05-05,17.89,18.3,17.73,17.93,249284.41
2022-05-06,17.66,17.89,17.17,17.29,229279.69
2022-05-09,17.22,17.76,17.2,17.75,209345.72
2022-05-10,17.5,17.83,17.49,17.67,245760.2
2022-05-11,17.65,17.96,17.64,17.78,279853.36
2022-05-12,17.68,18.07,17.67,17.97,202643.05
2022-05-13,18.12,18.38,18.1,18.27,164316.94
2022-05-16,18.35,18.44,17.81,17.85,160299.74
2022-05-17,17.99,18.25,17.89,18.21,152782.7
2022-05-18,18.26,18.27,17.84,17.92,176815.8
2022-05-19,17.72,17.87,17.6,17.69,213426.83
2022-05-20,17.78,18.32,17.7,18.23,283957.53
2022-05-23,18.33,18.47,18.07,18.14,191269.47
2022-05-24,18.15,18.38,17.85,17.89,220903.7
2022-05-25,18.02,18.15,17.9,17.97,159623.44
2022-05-26,18.0,18.36,17.84,18.31,221033.62
2022-05-27,18.42,18.58,18.31,18.36,209103.64
2022-05-30,18.5,18.52,18.1,18.17,162522.72
2022-05-31,18.1,18.43,18.02,18.32,208964.4
2022-06-01,18.28,18.36,18.1,18.22,154058.9
2022-06-02,18.13,18.28,18.06,18.16,134947.01
2022-06-06,18.16,18.33,17.9,18.31,229497.4
2022-06-07,18.23,18.53,18.18,18.47,245471.44
2022-06-08,18.48,18.65,18.33,18.59,206565.22
2022-06-09,18.57,18.82,18.45,18.59,237319.49
2022-06-10,18.46,18.86,18.28,18.83,341554.51
2022-06-13,18.59,18.66,18.26,18.35,266530.59
2022-06-14,18.18,18.84,18.08,18.8,331891.76
2022-06-15,18.72,20.56,18.72,20.17,1069173.6
2022-06-16,20.15,20.16,19.45,19.45,526845.59
2022-06-17,19.34,19.94,19.22,19.73,338244.99
2022-06-20,19.72,20.24,19.59,19.85,329372.76
2022-06-21,19.85,20.77,19.77,20.15,449936.83
2022-06-22,20.09,20.43,19.96,20.03,356380.09
2022-06-23,20.09,20.59,20.03,20.48,369655.44
2022-06-24,20.47,20.66,20.11,20.21,373710.52
2022-06-27,20.34,20.52,20.11,20.3,270840.36
2022-06-28,20.24,20.26,19.93,20.15,246837.54
2022-06-29,20.09,20.47,20.05,20.11,242492.63
2022-06-30,20.13,20.5,20.05,20.28,229975.53
2022-07-01,20.39,20.59,20.14,20.22,167348.78
2022-07-04,20.22,20.3,19.85,20.13,223247.9
2022-07-05,20.09,20.56,19.98,20.15,321861.07
2022-07-06,20.15,20.2,19.77,19.96,236543.61
2022-07-07,19.91,20.04,19.78,19.83,180017.02
2022-07-08,19.95,20.09,19.71,19.72,222380.72
2022-07-11,19.82,19.82,19.44,19.56,162153.23
2022-07-12,19.57,19.88,19.57,19.7,178282.35
2022-07-13,19.65,19.79,19.3,19.36,197861.61
2022-07-14,19.43,19.45,18.89,19.05,283149.85
2022-07-15,19.0,19.17,18.51,18.51,260138.74
2022-07-18,18.58,18.87,18.55,18.84,174813.92
2022-07-19,18.84,18.96,18.72,18.91,134617.69
2022-07-20,19.0,19.09,18.9,18.94,121276.9
2022-07-21,18.88,18.93,18.57,18.64,128629.7
2022-07-22,18.64,18.96,18.53,18.71,154616.14
2022-07-25,18.67,18.77,18.56,18.65,91865.2
2022-07-26,18.7,18.82,18.67,18.76,118076.41
2022-07-27,18.63,18.75,18.47,18.52,132330.84
2022-07-28,18.58,18.82,18.51,18.51,160337.02
2022-07-29,18.56,18.71,18.14,18.2,228899.85
2022-08-01,18.13,18.16,17.91,17.95,205353.75
2022-08-02,17.85,17.86,17.34,17.57,275974.34
2022-08-03,17.62,17.76,17.28,17.31,231308.36
2022-08-04,17.43,17.52,17.35,17.48,169223.68
2022-08-05,17.49,17.8,17.43,17.75,162006.1
2022-08-08,17.71,17.86,17.57,17.63,131460.86
2022-08-09,17.62,17.71,17.56,17.63,114826.71
2022-08-10,17.63,17.69,17.4,17.48,99880.23
2022-08-11,17.62,18.16,17.53,18.05,303710.59
2022-08-12,17.95,18.25,17.85,18.13,172104.81
2022-08-15,18.1,18.28,17.94,18.01,148567.64
2022-08-16,18.07,18.16,17.89,17.9,115629.68
2022-08-17,17.94,18.21,17.8,18.1,203258.56
2022-08-18,18.06,18.12,17.86,17.93,122504.61
2022-08-19,17.86,18.19,17.86,17.93,163744.08
2022-08-22,17.89,18.07,17.82,17.85,143999.14
2022-08-23,17.8,17.91,17.6,17.69,168329.68
2022-08-24,17.79,18.25,17.74,17.77,336429.77
2022-08-25,17.8,18.38,17.79,18.27,280109.28
2022-08-26,18.27,18.38,18.07,18.29,193641.79
2022-08-29,18.11,18.25,17.96,18.18,201448.02
2022-08-30,18.16,18.53,18.15,18.45,272877.76
2022-08-31,18.39,19.0,18.35,18.9,389615.08
2022-09-01,18.75,19.02,18.71,18.77,220135.02
2022-09-02,18.82,19.11,18.63,18.71,206844.36
2022-09-05,18.65,18.88,18.42,18.84,196802.79
2022-09-06,18.9,19.12,18.77,19.0,233095.47
2022-09-07,18.99,19.0,18.73,18.91,135342.89
2022-09-08,18.95,19.12,18.86,18.89,142025.96
2022-09-09,18.98,19.41,18.88,19.35,280469.06
2022-09-13,19.21,19.7,19.14,19.4,252008.28
2022-09-14,19.17,19.54,19.09,19.17,141691.56
2022-09-15,19.17,19.45,19.07,19.21,204708.56
2022-09-16,19.12,19.25,18.64,18.82,397199.45
2022-09-19,18.76,18.91,18.3,18.41,189051.59
2022-09-20,18.53,18.54,18.08,18.12,138805.49
2022-09-21,18.1,18.35,18.0,18.25,115996.39
2022-09-22,18.18,18.33,18.1,18.26,81366.01
2022-09-23,18.27,18.65,18.16,18.38,175893.73
2022-09-26,18.3,18.35,17.94,17.94,167588.5
2022-09-27,17.89,18.12,17.89,18.06,116830.37
2022-09-28,18.08,18.34,17.94,18.1,148398.07
2022-09-29,18.24,18.28,17.83,17.86,144782.05
2022-09-30,17.88,18.44,17.88,18.33,195189.41
2022-10-10,18.22,18.48,18.11,18.13,152039.07
2022-10-11,18.15,18.36,17.86,17.9,188321.27
2022-10-12,17.87,18.67,17.87,18.67,222121.18
2022-10-13,18.57,18.7,18.44,18.65,145737.5
2022-10-14,18.81,19.02,18.66,18.75,170722.04
2022-10-17,18.66,18.89,18.66,18.74,105822.67
2022-10-18,18.87,18.9,18.43,18.47,119696.31
2022-10-19,18.48,18.7,18.16,18.16,127042.66
2022-10-20,18.16,18.29,18.03,18.03,146907.08
2022-10-21,18.11,18.27,17.89,17.91,143081.24
2022-10-24,17.94,17.98,16.95,16.95,391115.0
2022-10-25,16.97,17.08,16.63,16.81,262446.85
2022-10-26,16.79,16.91,16.49,16.79,383303.33
2022-10-27,16.7,16.86,16.55,16.74,194868.76
2022-10-28,16.7,16.78,16.23,16.24,258291.21
2022-10-31,16.27,17.24,16.15,17.16,435525.9
2022-11-01,17.16,18.61,17.15,18.61,553935.11
2022-11-02,18.44,18.62,18.35,18.54,209210.09
2022-11-03,18.48,18.48,18.16,18.41,169264.35
2022-11-04,18.45,19.38,18.39,19.26,352840.91
2022-11-07,19.03,19.62,19.03,19.44,210791.29
2022-11-08,19.38,19.53,19.2,19.48,134431.8
2022-11-09,19.47,19.5,18.95,19.0,197057.09
2022-11-10,18.99,19.28,18.91,19.18,143227.62
2022-11-11,19.63,20.04,19.47,19.85,321811.04
2022-11-14,20.13,20.67,20.12,20.22,484901.85
2022-11-15,20.19,20.93,20.1,20.52,298596.46
2022-11-16,20.51,20.52,20.0,20.1,224819.82
2022-11-17,20.17,20.59,20.04,20.56,216594.77
2022-11-18,20.56,20.87,20.46,20.69,180128.43
2022-11-21,20.6,20.68,20.11,20.59,238341.96
2022-11-22,20.59,21.47,20.42,21.2,347081.28
2022-11-23,21.09,21.51,20.81,20.98,284069.59
2022-11-24,20.96,21.27,20.63,20.7,168941.03
2022-11-25,20.88,21.63,20.55,21.5,340092.92
2022-11-28,21.18,21.23,20.73,21.14,277226.35
2022-11-29,21.36,22.1,21.01,22.03,610231.57
2022-11-30,21.79,22.22,21.64,21.94,380080.56
2022-12-01,22.27,22.3,21.64,21.8,284427.8
2022-12-02,21.82,21.88,21.44,21.5,223575.52
2022-12-05,21.82,22.86,21.77,22.84,431288.5
2022-12-06,22.58,23.0,22.36,22.93,290221.79
2022-12-07,22.83,22.94,22.18,22.4,280965.99
2022-12-08,22.37,22.59,22.26,22.55,200636.99
2022-12-09,22.47,22.94,22.03,22.79,428135.53
2022-12-12,22.72,22.72,21.62,21.67,394464.21
2022-12-13,21.79,22.27,21.73,22.12,255592.81
2022-12-14,22.18,22.22,21.68,22.11,169599.28
2022-12-15,22.02,22.26,21.73,21.8,122348.14
2022-12-16,21.68,22.28,21.64,22.28,206524.91
2022-12-19,22.1,22.29,21.55,21.64,217201.83
2022-12-20,21.54,21.77,21.34,21.5,149142.01
2022-12-21,21.56,21.78,21.37,21.64,98314.89
2022-12-22,21.8,21.95,21.53,21.59,104017.81
2022-12-23,21.36,21.81,21.28,21.61,110600.81
2022-12-26,21.77,21.9,21.14,21.17,168334.12
2022-12-27,21.49,21.84,21.29,21.75,131219.02
2022-12-28,21.74,22.22,21.64,21.88,234252.67
2022-12-29,21.73,21.82,21.17,21.52,187404.11
2022-12-30,21.48,22.3,21.48,22.1,225470.24
2023-01-03,21.92,22.01,21.29,21.56,353814.37
2023-01-04,21.82,22.36,21.63,22.28,343673.93
2023-01-05,22.54,22.8,22.43,22.54,320951.63
2023-01-06,22.56,22.68,22.22,22.38,210415.06
2023-01-09,22.53,22.54,22.15,22.44,256981.07
2023-01-10,22.43,22.46,21.68,21.78,297575.27
2023-01-11,21.91,22.74,21.8,22.61,347104.39
2023-01-12,22.71,22.9,22.46,22.88,224525.52
2023-01-13,22.9,23.39,22.76,23.39,254814.24
2023-01-16,23.47,23.84,23.39,23.65,382211.78
2023-01-17,23.62,23.64,22.81,23.31,223476.69
2023-01-18,23.22,23.44,22.96,23.27,187728.77
2023-01-19,23.25,23.42,23.04,23.29,148160.91
2023-01-20,23.34,23.98,23.26,23.7,285787.48
2023-01-30,24.23,24.43,23.3,23.44,373925.09
2023-01-31,23.66,24.03,23.22,23.26,225837.04
2023-02-01,23.38,23.43,23.07,23.43,181074.59
2023-02-02,23.48,23.66,23.2,23.3,202149.67
2023-02-03,23.21,23.26,22.75,22.99,229984.56
2023-02-06,22.9,23.1,22.57,23.02,200298.2
2023-02-07,23.08,23.14,22.69,22.9,178203.37
2023-02-08,22.9,23.43,22.86,23.21,157388.11
2023-02-09,23.12,24.14,23.12,24.06,322612.29
2023-02-10,23.99,24.03,23.62,23.82,163837.33
2023-02-13,23.66,24.48,23.37,24.46,353160.47
2023-02-14,24.34,25.12,24.2,25.03,297896.9
2023-02-15,24.87,25.13,24.78,24.91,138005.31
2023-02-16,25.12,25.52,24.7,24.81,260935.29
2023-02-17,24.75,25.12,24.44,24.45,162178.14
2023-02-20,24.66,25.89,24.66,25.85,402574.36
2023-02-21,25.69,25.85,25.48,25.82,183128.88
2023-02-22,25.65,25.92,25.48,25.51,155599.55
2023-02-23,25.45,25.95,25.18,25.25,175080.07
2023-02-24,25.15,25.31,24.87,24.93,177061.75
2023-02-27,24.96,25.04,24.57,24.7,216030.9
2023-02-28,24.73,25.03,24.55,24.9,152394.04
2023-03-01,24.88,25.87,24.69,25.87,295626.54
2023-03-02,25.65,26.13,25.58,25.9,148016.61
2023-03-03,26.1,26.31,25.58,25.69,129770.61
2023-03-06,25.57,25.69,25.03,25.25,209906.22
2023-03-07,25.48,25.55,24.66,24.7,250462.44
2023-03-08,24.7,24.84,24.34,24.48,184552.84
2023-03-09,24.51,24.58,23.99,24.2,203344.82
2023-03-10,23.98,24.07,23.45,23.52,329128.51
2023-03-13,23.64,24.4,23.62,24.31,214565.35
2023-03-14,24.03,24.29,23.5,23.65,249616.79
2023-03-15,23.94,24.12,23.71,23.83,161463.6
2023-03-16,23.62,23.94,23.51,23.66,127652.04
2023-03-17,23.8,24.93,23.77,24.29,291346.37
2023-03-20,24.37,25.28,24.34,24.82,310255.51
2023-03-21,24.81,25.09,23.89,23.94,322077.34
2023-03-22,24.04,24.13,23.63,23.7,277448.3
2023-03-23,23.71,24.45,23.64,24.43,278984.9
2023-03-24,24.25,24.4,23.51,23.7,282271.83
2023-03-27,23.55,23.58,22.36,23.03,502559.65
2023-03-28,23.09,23.35,22.82,23.13,254608.76
2023-03-29,23.39,23.52,23.01,23.17,174848.69
2023-03-30,23.12,23.55,22.77,23.21,178994.3
2023-03-31,23.21,23.69,23.21,23.37,190204.27
2023-04-03,23.33,23.98,23.32,23.76,264867.08
2023-04-04,23.73,23.96,23.57,23.91,186263.76
2023-04-06,23.9,23.9,23.56,23.61,122951.27
2023-04-07,23.66,24.43,23.64,24.09,190567.01
2023-04-10,24.1,25.11,24.07,24.79,274110.55
2023-04-11,24.74,24.93,24.2,24.3,245046.06
2023-04-12,24.48,25.17,24.32,24.88,229047.57
2023-04-13,24.75,25.07,24.57,24.97,197644.27
2023-04-14,25.2,25.2,24.7,24.85,140571.5
2023-04-17,24.72,25.85,24.58,25.85,332848.8
2023-04-18,25.85,27.48,25.85,27.31,717101.38
2023-04-19,27.4,27.57,27.13,27.27,343653.77
2023-04-20,27.31,27.86,26.99,27.76,419591.05
2023-04-21,27.34,27.55,26.59,26.67,348711.38
2023-04-24,26.95,27.66,26.95,27.11,341330.96
2023-04-25,27.05,27.68,26.92,27.04,268594.17
2023-04-26,27.04,27.18,26.09,26.51,276139.83
2023-04-27,26.76,28.58,26.54,28.28,616567.11
2023-04-28,28.02,29.19,27.48,28.14,767163.26
2023-05-04,28.4,30.83,27.69,30.72,787196.29
2023-05-05,30.59,31.25,29.88,30.11,535710.09
2023-05-08,30.11,31.89,29.95,31.49,750702.19
2023-05-09,31.09,31.62,30.38,30.7,461085.2
2023-05-10,30.7,30.83,29.03,29.35,567947.99
2023-05-11,29.59,29.97,28.93,29.13,337594.26
2023-05-12,29.12,29.33,28.46,28.53,337744.76
2023-05-15,28.68,30.65,28.05,30.24,636808.44
2023-05-16,30.2,30.56,29.51,29.72,397716.7
2023-05-17,29.7,29.7,27.78,28.22,677067.32
2023-05-18,28.24,29.08,27.95,28.6,280984.27
2023-05-19,28.12,28.64,27.65,27.95,270336.65
2023-05-22,28.15,28.76,27.62,28.52,256577.1
2023-05-23,28.3,28.51,27.13,27.13,374576.85
2023-05-24,27.13,27.26,25.85,25.96,502195.02
2023-05-25,25.92,26.09,25.42,25.81,239056.62
2023-05-26,25.81,26.05,25.39,25.66,230278.79
2023-05-29,25.66,25.77,25.14,25.36,317316.61
2023-05-30,25.39,25.75,25.07,25.35,282572.5
2023-05-31,25.33,25.33,24.75,25.11,240871.55
2023-06-01,25.07,25.66,24.83,25.41,370988.73
2023-06-02,25.59,26.3,25.47,25.72,410221.97
2023-06-05,25.58,26.0,25.31,25.69,198527.81
2023-06-06,25.63,27.03,25.54,26.37,462630.73
2023-06-07,26.55,27.02,26.22,26.42,393654.49
2023-06-08,26.27,27.0,26.09,26.81,354619.58
2023-06-09,26.9,27.51,26.84,26.86,748387.53
2023-06-12,26.97,27.57,26.58,26.82,406954.39
2023-06-13,26.76,26.96,26.32,26.81,247140.35
2023-06-14,27.02,27.37,26.5,26.69,244139.87
2023-06-15,26.85,27.14,25.77,25.91,467173.02
2023-06-16,26.02,26.18,25.36,25.68,395741.09
2023-06-19,25.57,25.59,24.86,25.09,409208.54
2023-06-20,25.12,25.14,24.39,24.54,333159.43
2023-06-21,24.49,24.63,23.97,23.99,280524.31
2023-06-26,23.8,23.83,23.27,23.42,290692.39
2023-06-27,23.38,24.18,23.22,24.03,338911.9
2023-06-28,24.13,24.54,24.04,24.36,304175.0
2023-06-29,24.52,24.84,23.98,24.57,250238.77
2023-06-30,24.51,24.63,24.3,24.33,182397.05
2023-07-03,24.38,25.64,24.16,25.47,438877.45
2023-07-04,25.37,25.74,25.09,25.59,296227.07
2023-07-05,25.42,25.87,25.33,25.36,177213.05
2023-07-06,25.22,26.3,25.19,25.67,322377.47
2023-07-07,25.43,26.12,25.43,25.72,270727.94
2023-07-10,25.94,26.04,25.12,25.22,266140.27
2023-07-11,25.45,25.5,25.19,25.36,145638.82
2023-07-12,25.34,26.31,25.34,25.76,299915.22
2023-07-13,26.17,26.92,25.89,26.79,369877.29
2023-07-14,26.82,27.32,26.73,27.13,268100.18
2023-07-17,26.95,27.13,26.23,26.31,237807.32
2023-07-18,26.45,26.45,25.82,25.86,250522.26
2023-07-19,25.67,25.89,25.51,25.8,231649.18
2023-07-20,25.89,25.98,25.06,25.17,236976.33
2023-07-21,25.09,25.35,24.63,24.79,268306.32
2023-07-24,24.45,24.78,24.35,24.48,246049.67
2023-07-25,25.27,26.92,25.25,26.92,723062.97
2023-07-26,27.15,27.62,26.83,27.51,511660.16
2023-07-27,27.5,28.04,26.93,27.05,885778.81
2023-07-28,26.75,29.07,26.59,28.65,1290947.48
2023-07-31,28.7,29.1,27.98,28.0,847809.76
2023-08-01,27.9,28.65,27.52,27.79,518922.76
2023-08-02,27.62,28.14,27.34,27.6,343003.76
2023-08-03,27.6,28.49,27.46,28.41,539210.68
2023-08-04,29.05,29.56,28.32,28.42,637006.14
2023-08-07,27.92,27.92,27.28,27.51,443688.96
2023-08-08,27.28,27.74,26.86,27.42,255122.17
2023-08-09,27.25,27.69,27.23,27.54,206408.7
2023-08-10,27.58,27.89,27.3,27.83,245429.99
2023-08-11,27.73,28.07,26.61,26.73,431870.26
2023-08-14,26.25,26.79,26.08,26.63,273932.05
2023-08-15,26.46,27.42,26.46,27.13,277806.44
2023-08-16,27.04,27.42,26.69,26.83,250334.74
2023-08-17,26.69,26.77,26.14,26.52,299909.6
2023-08-18,26.69,27.64,26.61,26.7,281111.91
2023-08-21,26.45,26.45,25.47,25.47,425216.49
2023-08-22,25.66,26.22,25.52,26.05,253431.76
2023-08-23,25.95,26.22,25.53,25.58,152984.51
2023-08-24,25.45,25.72,25.0,25.27,259925.74
2023-08-25,25.06,25.9,25.06,25.56,230146.05
2023-08-28,27.77,27.8,26.18,26.31,534971.82
2023-08-29,26.22,26.44,25.48,25.96,387165.14
2023-08-30,26.07,26.29,25.5,26.13,306490.96
2023-08-31,26.12,26.81,25.9,25.94,293828.05
2023-09-01,26.22,27.85,26.12,27.39,495405.27
2023-09-04,27.3,28.79,27.2,28.45,558519.03
2023-09-05,28.37,28.4,28.0,28.11,246265.41
2023-09-06,27.96,28.65,27.94,28.54,318340.58
2023-09-07,28.49,28.65,28.05,28.41,241901.11
2023-09-08,28.19,28.51,27.79,28.33,186554.7
2023-09-11,28.33,28.87,27.82,27.96,327071.67
2023-09-12,27.67,27.81,27.28,27.47,246722.08
2023-09-13,27.68,27.68,27.05,27.2,143877.34
2023-09-14,27.37,27.52,27.14,27.38,200910.2
2023-09-15,27.53,28.0,27.24,27.35,245867.16
2023-09-18,27.17,27.62,26.88,27.52,191233.14
2023-09-19,27.46,27.89,27.21,27.75,170376.01
2023-09-20,27.76,27.76,27.11,27.46,202692.23
2023-09-21,27.32,27.52,27.11,27.31,137232.46
2023-09-22,27.38,27.86,26.95,27.76,242619.58
2023-09-25,27.62,27.76,27.34,27.58,195051.16
2023-09-26,27.57,27.93,27.15,27.44,202912.34
2023-09-27,27.52,27.62,27.13,27.14,141069.9
2023-09-28,27.24,27.33,26.54,26.77,223616.39
2023-10-09,26.5,26.76,26.12,26.64,167178.29
2023-10-10,27.01,27.05,26.34,26.37,118540.24
2023-10-11,26.69,26.98,26.47,26.75,167099.69
2023-10-12,27.37,28.3,27.27,27.99,410718.27
2023-10-13,27.63,28.22,27.39,28.14,222894.73
2023-10-16,28.12,28.26,27.67,27.91,172591.7
2023-10-17,28.15,28.9,27.96,28.63,309130.96
2023-10-18,28.45,28.82,28.28,28.33,147074.66
2023-10-19,28.09,28.27,27.43,27.51,207626.16
2023-10-20,27.22,27.4,26.4,26.7,298754.57
2023-10-23,26.47,27.0,26.23,26.67,182185.39
2023-10-24,26.85,27.0,26.14,26.69,220012.01
2023-10-25,27.23,27.43,26.52,26.87,209140.62
2023-10-26,26.78,27.22,26.33,26.69,189260.41
2023-10-27,25.84,25.96,25.06,25.75,453104.93
2023-10-30,25.4,26.04,24.91,25.41,400925.12
2023-10-31,25.5,26.12,25.37,25.98,251366.76
2023-11-01,26.11,26.22,25.48,25.75,182493.87
2023-11-02,26.03,26.1,25.38,25.39,157874.11
2023-11-03,25.48,25.55,25.12,25.22,235796.85
2023-11-06,25.37,25.66,25.18,25.34,342538.7
2023-11-07,25.19,25.27,24.12,24.24,575691.2
2023-11-08,24.19,24.2,23.5,23.62,568128.01
2023-11-09,23.63,23.87,23.22,23.5,511812.13
2023-11-10,23.37,23.38,22.48,22.6,650352.25
2023-11-13,22.6,22.74,22.28,22.69,395176.83
2023-11-14,22.68,22.81,22.41,22.56,457606.72
2023-11-15,22.78,23.15,22.66,23.03,572916.35
2023-11-16,22.91,22.94,22.43,22.63,390343.31
2023-11-17,22.47,22.62,22.22,22.62,268896.01
2023-11-20,22.62,22.81,22.52,22.72,240755.22
2023-11-21,22.84,23.38,22.81,23.07,472489.27
2023-11-22,22.92,23.19,22.86,22.92,207637.39
2023-11-23,22.88,23.25,22.81,23.23,242006.87
2023-11-24,23.2,23.26,23.01,23.06,174507.76
2023-11-27,23.55,23.55,22.79,23.11,349822.02
2023-11-28,23.03,23.44,23.01,23.13,203886.93
2023-11-29,23.36,23.36,22.35,22.52,305582.07
2023-11-30,22.47,22.79,22.4,22.56,190274.01
2023-12-01,22.44,22.57,22.01,22.39,285837.49
2023-12-04,22.42,22.57,22.05,22.07,212741.52
2023-12-05,22.0,22.0,21.43,21.48,230364.34
2023-12-06,21.45,21.7,21.36,21.58,208587.32
2023-12-07,21.55,21.91,21.35,21.83,294730.84
2023-12-08,21.72,22.1,21.59,21.62,556363.64
2023-12-11,21.47,21.85,21.05,21.76,387308.78
2023-12-12,21.65,22.33,21.6,22.21,282685.41
2023-12-13,22.1,22.33,21.88,22.1,225770.08
2023-12-14,22.2,22.57,21.82,21.85,169090.93
2023-12-15,21.99,22.31,21.77,21.77,232319.81
2023-12-18,21.55,21.97,21.38,21.79,157108.38
2023-12-19,21.54,21.86,21.53,21.72,178056.97
2023-12-20,21.68,21.71,21.23,21.23,227414.97
2023-12-21,21.13,21.29,20.88,21.2,273253.06
2023-12-22,21.21,21.86,21.05,21.58,269208.35
2023-12-25,21.49,21.88,21.45,21.69,146079.27
2023-12-26,21.62,21.69,21.3,21.37,126235.0
2023-12-27,21.42,21.54,21.12,21.28,217513.39
2023-12-28,21.31,22.41,21.2,22.38,362636.83
2023-12-29,22.27,22.44,22.15,22.27,292907.27
2024-01-02,22.27,22.62,22.04,22.3,261994.54
2024-01-03,22.2,22.81,22.2,22.6,254241.39
2024-01-04,22.54,22.94,22.42,22.64,301363.56
2024-01-05,22.56,23.01,22.39,22.69,287076.04
2024-01-08,22.64,22.86,22.2,22.38,248401.91
2024-01-09,22.33,22.44,22.03,22.16,177859.79
2024-01-10,22.11,22.14,21.21,21.28,369579.57
2024-01-11,21.16,21.23,20.61,21.06,289261.51
2024-01-12,20.88,20.93,20.27,20.54,284675.19
2024-01-15,20.34,20.91,20.22,20.65,254351.55
2024-01-16,20.62,21.16,20.6,21.1,314769.22
2024-01-17,20.94,21.02,20.65,20.73,257168.39
2024-01-18,20.68,20.97,20.16,20.91,364418.98
2024-01-19,20.67,20.81,20.43,20.75,275434.29
2024-01-22,20.67,20.93,20.24,20.45,354185.83
2024-01-23,20.27,20.65,19.92,20.4,320137.55
2024-01-24,20.53,21.6,20.49,21.44,445234.61
2024-01-25,21.45,23.36,21.3,23.19,724918.27
2024-01-26,23.26,23.49,22.89,23.29,460067.56
2024-01-29,23.21,24.16,23.17,23.61,556845.46
2024-01-30,23.41,23.59,23.04,23.07,342216.09
2024-01-31,23.0,23.5,22.66,23.28,439187.68
2024-02-01,23.07,23.22,22.5,22.58,409854.15
2024-02-02,22.71,22.88,21.95,22.42,399806.27
2024-02-05,22.27,22.94,21.83,22.55,468394.38
2024-02-06,22.47,23.75,22.34,23.74,445162.69
2024-02-07,23.74,24.16,23.29,24.09,486626.84
2024-02-08,24.27,24.72,24.1,24.36,371518.92
2024-02-19,24.34,24.72,24.06,24.65,307296.46
2024-02-20,24.49,24.71,24.19,24.33,257463.08
2024-02-21,24.2,25.56,23.86,25.05,461531.54
2024-02-22,24.81,25.26,24.73,25.26,250681.87
2024-02-23,25.18,25.66,25.12,25.31,260197.95
2024-02-26,25.18,25.22,24.2,24.43,347728.3
2024-02-27,24.16,24.32,23.92,24.23,331285.14
2024-02-28,24.2,24.39,23.81,23.81,314973.08
2024-02-29,23.67,24.05,23.65,23.99,268360.0
2024-03-01,23.9,23.9,23.4,23.66,420840.75
2024-03-04,23.55,23.58,23.21,23.37,325029.94
2024-03-05,23.26,23.81,23.03,23.8,446636.08
2024-03-06,23.69,23.89,23.37,23.47,311854.5
2024-03-07,23.49,23.88,23.31,23.37,346695.67
2024-03-08,23.3,23.6,23.06,23.32,235174.04
2024-03-11,23.31,23.61,23.22,23.49,265463.83
2024-03-12,23.42,23.78,23.08,23.48,522001.69
2024-03-13,23.27,23.29,21.73,21.82,1303133.35
2024-03-14,21.58,21.85,21.5,21.64,470899.37
2024-03-15,21.65,21.73,21.24,21.48,480041.29
2024-03-18,21.45,21.93,21.43,21.83,463889.27
2024-03-19,21.72,21.77,21.56,21.6,273943.57
2024-03-20,21.58,21.77,21.48,21.69,272840.15
2024-03-21,21.71,22.0,21.63,21.69,344379.15
2024-03-22,21.55,21.56,21.08,21.22,439099.15
2024-03-25,21.1,21.34,21.05,21.05,277225.87
2024-03-26,21.06,21.28,21.04,21.23,249194.99
2024-03-27,21.13,21.42,21.11,21.16,272045.46
2024-03-28,21.07,21.43,20.88,21.18,296047.93
2024-03-29,21.38,21.98,21.35,21.54,472159.76
2024-04-01,21.62,22.27,21.62,22.21,459590.41
2024-04-02,22.17,22.62,22.09,22.16,433227.4
2024-04-03,22.23,22.42,22.02,22.11,266168.35
2024-04-08,22.0,22.09,21.68,21.85,240448.5
2024-04-09,21.91,22.01,21.69,21.73,246390.3
2024-04-10,21.74,21.84,21.25,21.31,268884.59
2024-04-11,21.16,21.7,21.09,21.47,234391.01
2024-04-12,21.43,21.5,20.67,20.7,419889.49
2024-04-15,20.79,22.13,20.79,22.13,669486.74
2024-04-16,22.04,22.15,21.65,21.85,349119.08
2024-04-17,21.73,22.11,21.37,22.02,432935.44
2024-04-18,21.94,23.03,21.92,22.72,694883.79
2024-04-19,22.57,22.94,22.51,22.72,351282.0
2024-04-22,22.82,23.35,22.63,22.8,417064.05
2024-04-23,22.8,22.87,22.4,22.51,233840.84
2024-04-24,22.71,23.27,22.69,23.18,545505.12
2024-04-25,23.03,23.75,22.92,23.6,515298.97
2024-04-26,23.58,23.87,23.19,23.75,441990.49
2024-04-29,23.98,25.14,23.98,24.86,629285.06
2024-04-30,24.86,24.94,24.13,24.16,378164.32
2024-05-06,25.04,25.47,24.96,25.19,562800.67
2024-05-07,25.09,25.55,24.94,25.42,385968.62
2024-05-08,25.36,25.46,24.74,24.81,272848.89
2024-05-09,24.85,25.23,24.77,25.05,268007.01
2024-05-10,25.11,26.0,25.1,25.89,441635.09
2024-05-13,25.53,26.24,25.09,25.97,440545.92
2024-05-14,25.89,26.12,25.74,25.94,203038.87
2024-05-15,25.86,26.0,25.42,25.56,204352.08
2024-05-16,25.61,26.38,25.53,26.15,340048.34
2024-05-17,26.26,27.14,26.1,27.11,489016.38
2024-05-20,27.1,28.17,27.03,27.9,633049.83
2024-05-21,27.57,28.03,27.57,27.81,262543.05
2024-05-22,27.63,28.2,27.58,27.74,240978.25
2024-05-23,27.62,27.87,27.5,27.78,240934.72
2024-05-24,27.62,27.75,27.04,27.07,301521.62
2024-05-27,27.25,27.66,27.07,27.48,251056.3
2024-05-28,27.42,27.9,27.23,27.33,189283.51
2024-05-29,27.25,27.43,26.87,27.0,249725.07
2024-05-30,26.89,27.3,26.65,26.83,213102.9
2024-05-31,27.03,27.42,26.83,26.95,210535.18
2024-06-03,26.76,27.23,26.6,27.05,177183.98
2024-06-04,26.97,27.28,26.78,27.14,197419.1
2024-06-05,27.18,27.49,26.98,27.08,151432.0
2024-06-06,27.17,27.24,26.44,26.54,318136.53
2024-06-07,26.81,27.07,26.3,26.51,189007.91
2024-06-11,26.5,26.57,26.0,26.33,194932.13
2024-06-12,26.29,26.5,25.92,26.08,229596.0
2024-06-13,26.29,26.56,25.95,26.32,159863.94
2024-06-14,26.25,27.02,26.12,26.81,310094.64
2024-06-17,26.67,26.87,26.43,26.66,203883.89
2024-06-18,26.71,27.15,26.62,26.68,174874.77
2024-06-19,26.78,26.96,26.4,26.69,162556.92
2024-06-20,26.71,27.03,26.43,26.67,180260.2
2024-06-21,26.64,26.98,26.58,26.66,187429.2
2024-06-24,26.69,26.9,26.23,26.68,225778.28
2024-06-25,26.68,27.0,26.33,26.47,183506.21
2024-06-26,26.48,26.5,25.78,25.97,269590.62
2024-06-27,25.8,26.25,25.76,26.13,199986.97
2024-06-28,26.11,26.43,26.0,26.09,177186.84
2024-07-01,25.96,26.74,25.51,26.72,266456.76
2024-07-02,26.59,27.32,26.49,26.58,273803.68
2024-07-03,26.55,27.06,26.36,26.92,214393.23
2024-07-04,26.96,27.42,26.72,26.79,207635.0
2024-07-05,26.7,27.13,26.03,26.16,255628.0
2024-07-08,26.17,26.64,26.06,26.44,196181.12
2024-07-09,26.46,27.25,26.1,27.07,188979.97
2024-07-10,27.03,27.23,26.91,27.09,160281.97
2024-07-11,27.21,27.28,26.4,26.45,280840.81
2024-07-12,26.64,27.15,26.34,26.9,280211.27
2024-07-15,26.88,27.5,26.82,27.34,210907.92
2024-07-16,27.29,27.45,26.74,27.44,216787.68
2024-07-17,27.31,28.62,27.23,28.48,397370.21
2024-07-18,28.58,29.02,28.34,28.96,340614.22
2024-07-19,28.93,28.95,28.45,28.85,258669.57
2024-07-22,28.75,28.84,28.27,28.65,225311.84
2024-07-23,28.64,28.68,28.12,28.22,184321.69
2024-07-24,28.31,28.44,27.72,27.88,188868.62
2024-07-25,27.94,28.03,27.35,27.67,212367.77
2024-07-26,27.6,27.84,26.87,27.17,215347.65
2024-07-29,27.14,28.04,26.96,27.73,184493.73
2024-07-30,27.83,27.83,27.28,27.63,161471.64
2024-07-31,27.66,28.8,27.54,28.71,284885.0
2024-08-01,28.69,29.11,28.18,28.7,215164.32
2024-08-02,28.51,28.78,27.87,28.0,206985.0
2024-08-05,27.93,28.66,27.79,28.29,273156.06
2024-08-06,28.47,28.53,26.37,26.67,473848.32
2024-08-07,26.67,26.95,26.21,26.3,269330.85
2024-08-08,26.31,26.7,26.06,26.29,153126.48
2024-08-09,26.57,26.89,26.16,26.55,154836.28
2024-08-12,26.42,26.68,26.29,26.61,96483.58
2024-08-13,26.67,26.93,26.54,26.8,122784.7
2024-08-14,26.91,27.14,26.62,26.85,123054.55
2024-08-15,26.71,27.69,26.65,26.82,250991.0
2024-08-16,26.73,27.51,26.72,27.03,216865.11
2024-08-19,27.04,27.79,26.98,27.78,231382.39
2024-08-20,27.75,27.83,27.4,27.69,152662.19
2024-08-21,27.68,27.73,26.89,27.19,200520.84
2024-08-22,27.23,27.41,26.93,27.06,150135.51
2024-08-23,27.12,27.94,27.01,27.88,296562.08
2024-08-26,27.86,28.23,27.67,28.09,193286.02
2024-08-27,28.04,28.18,27.8,28.08,159400.71
2024-08-28,28.22,28.27,27.69,27.82,167771.08
2024-08-29,27.73,28.15,26.91,26.96,267877.09
2024-08-30,27.88,29.3,27.84,28.79,742688.88
2024-09-02,28.8,29.26,28.64,28.95,416354.64
2024-09-03,28.76,28.97,28.56,28.71,246534.21
2024-09-04,28.95,29.26,28.49,28.62,245949.62
2024-09-05,28.62,29.48,28.62,29.39,327773.38
2024-09-06,29.39,30.51,29.26,30.1,398540.09
2024-09-09,29.88,30.06,28.99,29.2,424161.96
2024-09-10,29.18,29.32,28.8,29.03,235680.55
2024-09-11,28.91,29.21,28.75,28.95,186418.4
2024-09-12,29.14,29.2,28.39,28.58,245287.18
2024-09-13,28.58,29.13,28.49,28.8,172683.23
2024-09-18,28.87,29.72,28.71,29.58,282032.72
2024-09-19,29.53,29.81,29.25,29.6,276917.01
2024-09-20,29.43,29.68,29.1,29.41,258270.38
2024-09-23,29.37,30.04,29.24,29.83,199577.13
2024-09-24,30.11,31.88,29.78,31.83,675445.68
2024-09-25,32.53,32.96,31.34,31.55,657919.84
2024-09-26,31.75,33.7,31.36,33.69,698857.65
2024-09-27,34.39,34.78,33.7,34.75,339074.46
2024-09-30,36.09,38.22,34.89,37.98,1149383.89
2024-10-08,41.78,41.78,37.69,39.59,1360818.14
2024-10-09,38.85,38.85,35.63,35.63,1102724.9
2024-10-10,35.63,38.12,34.84,36.76,1041635.0
2024-10-11,36.13,37.1,35.74,36.18,495282.99
2024-10-14,36.62,37.74,35.99,37.22,513926.49
2024-10-15,37.07,37.95,36.28,36.38,442074.67
2024-10-16,36.63,37.07,35.44,35.95,597460.91
2024-10-17,36.38,37.26,36.08,36.1,343551.78
2024-10-18,35.94,37.88,35.37,36.91,567075.36
2024-10-21,36.96,37.84,36.52,37.06,406220.87
2024-10-22,37.11,38.13,36.89,37.49,408646.81
2024-10-23,37.4,39.14,37.06,38.43,449524.31
2024-10-24,38.0,38.0,37.29,37.88,287621.0
2024-10-25,37.88,38.16,37.34,37.55,248214.0
2024-10-28,37.45,37.69,36.96,37.32,265745.68
2024-10-29,37.41,38.16,37.28,37.53,289403.47
2024-10-30,37.39,37.85,35.9,36.13,430102.69
2024-10-31,35.94,36.56,35.51,35.75,390989.19
2024-11-01,35.75,36.19,35.51,35.63,328593.7
2024-11-04,35.74,35.81,34.88,35.81,392231.08
2024-11-05,35.76,37.4,35.36,37.32,515442.42
2024-11-06,37.02,37.54,35.97,36.19,544677.13
2024-11-07,35.95,38.25,35.85,38.1,728367.66
2024-11-08,38.22,38.37,36.91,37.0,658119.8
2024-11-11,36.43,36.67,35.1,35.91,654870.94
2024-11-12,35.7,36.48,34.52,34.76,574826.28
2024-11-13,34.49,35.38,34.49,34.99,272782.14
2024-11-14,34.9,35.49,34.64,34.68,366325.26
2024-11-15,34.58,34.97,34.06,34.06,309543.89
2024-11-18,34.27,35.51,34.06,34.52,400185.49
2024-11-19,34.52,34.66,33.76,34.13,306316.29
2024-11-20,34.06,34.34,33.78,34.12,223753.47
2024-11-21,34.12,34.34,33.74,34.27,221173.41
2024-11-22,34.23,34.49,32.83,32.88,295863.17
2024-11-25,33.06,33.13,32.21,32.53,270328.95
2024-11-26,32.45,32.93,32.29,32.49,164837.32
2024-11-27,32.33,32.93,32.14,32.91,203727.22
2024-11-28,32.91,33.05,32.34,32.46,184876.75
2024-11-29,32.46,33.58,32.43,32.93,292721.2
2024-12-02,32.94,33.69,32.8,33.61,275144.41
2024-12-03,33.56,34.59,33.42,34.49,433747.12
2024-12-04,34.29,34.43,33.77,34.03,263016.1
2024-12-05,33.83,34.03,33.31,33.46,210687.27
2024-12-06,33.48,35.46,33.38,34.68,569964.07
2024-12-09,34.51,35.03,34.16,34.34,340868.24
2024-12-10,35.94,36.32,34.97,35.08,577544.63
2024-12-11,34.92,35.3,34.1,34.19,364371.62
2024-12-12,34.19,34.88,33.76,34.57,397324.06
2024-12-13,34.18,34.19,33.27,33.46,483983.72
2024-12-16,33.43,33.59,32.64,32.84,297892.51
2024-12-17,32.84,33.34,32.69,32.76,300514.52
2024-12-18,32.89,33.67,32.86,32.91,321171.47
2024-12-19,32.64,32.79,32.42,32.62,230348.33
2024-12-20,32.66,32.78,31.99,32.06,408636.85
2024-12-23,32.06,32.59,32.05,32.14,382182.32
2024-12-24,32.23,32.97,32.06,32.89,323975.36
2024-12-25,32.93,33.45,32.73,33.03,251314.6
2024-12-26,32.93,33.17,32.71,33.04,204208.73
2024-12-27,33.01,33.36,32.57,33.13,251907.86
2024-12-30,32.95,34.0,32.94,33.64,373454.95
2024-12-31,33.67,33.99,33.11,33.11,370291.75
2025-01-02,33.12,33.12,31.21,31.37,449626.69
2025-01-03,31.39,31.5,30.7,30.75,330076.0
2025-01-06,30.83,30.94,30.29,30.8,227772.12
2025-01-07,30.75,30.92,30.43,30.76,200716.23
2025-01-08,30.69,31.35,30.53,31.08,230817.81
2025-01-09,31.05,31.38,30.75,30.99,181976.27
2025-01-10,31.04,31.29,30.31,30.31,253473.66
2025-01-13,30.09,30.33,29.55,29.74,362137.61
2025-01-14,29.82,30.54,29.6,30.41,325308.26
2025-01-15,30.32,30.73,30.13,30.26,199677.57
2025-01-16,30.41,30.87,30.03,30.41,280503.35
2025-01-17,30.35,30.82,29.97,30.69,295898.38
2025-01-20,30.89,31.55,30.84,31.05,294815.2
2025-01-21,31.38,31.47,30.71,30.86,238556.59
2025-01-22,30.78,30.78,30.16,30.4,239813.01
2025-01-23,31.2,32.04,31.13,31.19,520263.2
2025-01-24,31.1,31.86,31.09,31.59,371261.21
2025-01-27,31.74,32.04,31.41,31.43,301044.66
2025-02-05,31.73,31.73,30.45,30.56,303668.91
2025-02-06,30.53,30.94,30.41,30.82,259129.84
2025-02-07,30.79,31.99,30.54,31.49,395185.9
2025-02-10,31.39,31.77,31.28,31.44,250263.44
2025-02-11,31.47,31.54,30.98,31.22,222709.32
2025-02-12,31.21,31.26,30.68,31.16,342313.47
2025-02-13,31.09,31.52,30.73,31.1,389574.99
2025-02-14,31.01,32.12,31.0,31.8,424357.84
2025-02-17,32.05,32.45,31.36,31.7,338183.51
2025-02-18,31.5,32.13,31.3,31.77,411936.17
2025-02-19,31.57,31.89,31.36,31.49,328452.51
2025-02-20,31.34,31.45,30.79,30.88,315214.03
2025-02-21,30.99,31.47,30.41,31.32,439252.21
2025-02-24,31.25,31.61,30.31,31.58,545403.24
2025-02-25,31.18,32.52,30.86,30.89,634513.13
2025-02-26,30.94,31.78,30.94,31.57,477473.92
2025-02-27,31.65,31.84,31.1,31.51,350430.05
2025-02-28,31.32,31.47,29.99,29.99,508113.51
2025-03-03,30.06,30.39,29.97,30.04,284383.2
2025-03-04,29.74,29.92,29.59,29.73,345008.1
2025-03-05,29.76,30.09,29.56,29.91,296369.23
2025-03-06,30.07,30.76,29.93,30.6,461536.71
2025-03-07,30.54,30.62,30.07,30.3,332321.21
2025-03-10,30.26,30.31,29.64,29.83,375117.94
2025-03-11,29.56,29.73,29.25,29.73,430455.2
2025-03-12,29.67,30.0,29.56,29.74,331669.53
2025-03-13,29.71,30.12,29.53,29.74,316032.98
2025-03-14,29.73,32.32,29.72,32.04,1102535.54
2025-03-17,31.96,32.5,31.87,32.27,489838.48
2025-03-18,32.47,32.59,32.07,32.21,250339.72
2025-03-19,32.19,32.26,31.8,32.09,299327.92
2025-03-20,32.16,32.16,30.86,30.97,537469.73
2025-03-21,30.99,31.52,30.68,30.82,377554.9
2025-03-24,30.84,31.36,30.81,31.22,272210.76
2025-03-25,31.2,31.44,31.05,31.13,174338.0
2025-03-26,31.13,31.2,30.84,30.85,196838.05
2025-03-27,30.77,31.73,30.71,31.28,398064.82
2025-03-28,31.29,31.66,31.15,31.22,261694.32
2025-03-31,31.22,31.81,31.1,31.24,358247.54
2025-04-01,31.36,31.77,31.24,31.61,301298.28
2025-04-02,31.6,31.95,31.39,31.48,298008.29
2025-04-03,31.13,31.75,30.84,31.33,309064.68
2025-04-07,29.89,30.07,28.2,28.26,818917.66
2025-04-08,28.41,29.12,27.88,29.01,627311.88
2025-04-09,28.85,29.14,28.37,28.92,536907.59
2025-04-10,29.92,29.92,29.15,29.55,533480.59
2025-04-11,29.84,29.84,29.16,29.28,289777.74
2025-04-14,29.55,29.67,29.36,29.39,268309.43
2025-04-15,29.25,29.58,29.08,29.56,283509.72
2025-04-16,29.39,29.53,29.19,29.48,299612.17
2025-04-17,29.34,29.91,29.2,29.78,309732.98
2025-04-18,29.6,29.99,29.59,29.92,182222.11
2025-04-21,29.82,30.36,29.81,29.86,196366.17
2025-04-22,29.82,30.2,29.82,30.08,224264.83
2025-04-23,30.24,30.36,29.98,30.02,208537.07
2025-04-24,29.99,30.57,29.99,30.14,281554.74
2025-04-25,30.19,30.36,29.92,29.94,252475.78
2025-04-28,29.29,29.83,28.9,29.6,417517.05
2025-04-29,29.52,29.89,29.27,29.37,191382.0
2025-04-30,29.36,29.51,28.95,29.0,262779.69
2025-05-06,29.23,29.65,29.03,29.55,279497.4
2025-05-07,30.25,30.48,29.87,30.41,399617.59
2025-05-08,30.27,31.54,30.27,30.88,566799.3
2025-05-09,30.84,31.08,30.71,30.92,202539.69
2025-05-12,31.09,31.38,30.94,31.22,276996.96
2025-05-13,31.28,31.31,30.91,31.09,195177.1
2025-05-14,31.13,34.12,31.02,33.74,961898.77
2025-05-15,33.38,34.02,32.9,33.07,541831.82
2025-05-16,32.93,33.21,32.25,32.47,361474.07
2025-05-19,32.48,32.76,32.32,32.6,248109.84
2025-05-20,32.65,33.38,32.49,33.13,397135.94
2025-05-21,33.11,33.51,32.92,33.0,228265.63
2025-05-22,32.88,33.44,32.84,33.38,192894.25
2025-05-23,33.33,33.51,32.51,32.55,241009.75
2025-05-26,32.7,33.4,32.33,32.8,242254.17
2025-05-27,32.83,33.11,32.57,32.73,145462.74
2025-05-28,32.86,33.81,32.81,33.22,333405.08
2025-05-29,33.31,33.84,33.05,33.67,339035.95
2025-05-30,33.61,34.0,33.3,33.45,257867.69
2025-06-03,33.39,33.9,32.97,33.51,219119.92
2025-06-04,33.51,34.42,33.39,34.09,323245.19
2025-06-05,34.1,34.36,33.72,34.24,266168.74
2025-06-06,34.21,34.49,33.73,33.98,194352.96
2025-06-09,34.01,34.49,33.87,34.2,172878.67
2025-06-10,34.2,34.76,33.81,33.88,237621.61
2025-06-11,33.9,34.83,33.81,34.64,330083.28
2025-06-12,34.44,35.39,34.15,35.03,362084.15
2025-06-13,34.83,35.17,34.58,34.88,285301.99
2025-06-16,34.92,35.51,34.73,35.45,318629.47
2025-06-17,35.33,35.43,34.85,35.16,287813.14
2025-06-18,35.16,35.17,34.01,34.48,298521.53
2025-06-19,34.48,34.56,33.77,33.87,268417.25
2025-06-20,33.98,34.64,33.77,34.37,225326.37
2025-06-23,34.17,35.05,33.83,34.86,255002.12
2025-06-24,35.07,36.22,34.86,35.67,388179.31
2025-06-25,35.84,36.95,35.68,36.95,473420.64
2025-06-26,36.95,36.95,36.33,36.56,276479.52
2025-06-27,36.58,37.16,35.8,35.9,322721.71
2025-06-30,35.76,36.55,35.75,36.44,290777.16
2025-07-01,36.44,36.67,36.29,36.34,142865.52
2025-07-02,36.29,36.58,36.04,36.06,153673.98
2025-07-03,36.15,36.37,35.8,36.09,136278.14
2025-07-04,35.97,36.79,35.49,36.08,263802.44
2025-07-07,35.94,36.75,35.89,36.65,235111.63
2025-07-08,36.66,36.97,36.41,36.75,214759.81
2025-07-09,36.73,36.86,36.04,36.04,200685.12
2025-07-10,36.04,37.17,35.95,36.54,411092.04
2025-07-11,36.81,38.52,36.72,37.36,596370.15
2025-07-14,37.32,37.64,37.02,37.2,252441.38
2025-07-15,37.26,37.55,36.68,36.84,266708.52
2025-07-16,36.86,37.1,36.18,36.7,229476.5
2025-07-17,36.6,36.93,36.46,36.67,154305.52
2025-07-18,36.97,37.85,36.6,37.09,458790.78
2025-07-21,37.09,37.13,36.22,36.66,414863.88
2025-07-22,36.63,37.16,35.65,36.19,488209.92
2025-07-23,36.37,37.67,36.24,37.15,600331.74
2025-07-24,37.04,37.88,36.96,37.39,459207.55
2025-07-25,37.31,37.8,36.9,37.49,525242.2
2025-07-28,37.52,39.45,37.51,38.99,501077.88
2025-07-29,38.68,38.9,38.18,38.28,372405.93
2025-07-30,38.38,39.18,38.28,38.85,423266.37
2025-07-31,38.68,38.79,37.24,37.46,395959.0
2025-08-01,37.35,37.84,37.04,37.1,240892.03
2025-08-04,37.02,37.19,36.6,37.12,240804.97
2025-08-05,37.19,37.67,37.09,37.55,214310.0
2025-08-06,37.47,38.11,37.28,37.4,171643.12
2025-08-07,37.39,38.07,37.06,37.22,204845.9
2025-08-08,37.24,37.33,36.86,36.9,145359.09
2025-08-11,37.1,37.4,36.81,36.88,225032.23
2025-08-12,36.88,37.51,36.84,37.41,306977.0
2025-08-13,37.6,38.4,37.6,37.76,404873.77
2025-08-14,37.9,39.96,37.9,39.6,514263.26
2025-08-15,39.4,40.45,38.44,39.7,505339.27
2025-08-18,39.8,40.65,39.51,39.9,346431.63
2025-08-19,39.93,40.3,38.98,39.07,241696.32
2025-08-20,38.98,40.38,38.45,40.35,289293.62
2025-08-21,40.2,40.47,39.84,39.9,210798.87
2025-08-22,40.04,40.8,39.81,40.78,254568.44
2025-08-25,41.01,41.71,40.53,41.57,331192.0
2025-08-26,41.4,41.48,40.9,40.92,202455.42
2025-08-27,40.98,41.13,39.61,39.74,344914.86
2025-08-28,39.6,40.0,39.3,39.94,277820.85
2025-08-29,40.65,42.23,40.28,40.31,511061.22
2025-09-01,40.72,40.83,39.6,39.6,377192.84
2025-09-02,39.63,39.99,39.18,39.83,305478.38
2025-09-03,39.99,40.26,38.42,38.64,254160.16
2025-09-04,38.6,38.6,37.4,37.92,514213.12
2025-09-05,37.92,38.14,37.5,38.04,306040.89
2025-09-08,37.93,38.29,37.39,37.55,377065.02
2025-09-09,37.56,38.2,37.2,37.45,406401.48
2025-09-10,37.39,37.79,37.21,37.44,203611.91
2025-09-11,37.48,38.14,37.26,38.14,323834.0
2025-09-12,38.14,38.3,37.3,37.32,362477.04
2025-09-15,37.3,37.47,36.73,37.0,336256.8
2025-09-16,36.99,37.1,36.16,36.26,408358.27
2025-09-17,36.3,36.78,35.88,35.9,527088.02
2025-09-18,35.95,35.96,34.75,35.03,642080.15
2025-09-19,35.05,35.21,34.7,34.89,352346.89
2025-09-22,34.94,35.3,34.6,34.85,284426.36
2025-09-23,34.78,35.3,34.49,34.79,366817.61
2025-09-24,34.66,35.12,34.39,34.93,327805.42
2025-09-25,34.9,35.04,34.51,34.77,239293.96
2025-09-26,34.68,35.37,34.45,35.2,381378.48
2025-09-29,35.0,37.0,34.86,35.58,952060.55
2025-09-30,35.4,36.1,34.86,35.12,727271.47
2025-10-09,34.93,35.14,34.26,34.88,545147.77
2025-10-10,34.7,35.7,34.65,35.06,497303.98
2025-10-13,34.5,35.0,34.25,34.92,438221.48
2025-10-14,35.41,36.34,35.41,36.0,788298.25
2025-10-15,35.99,36.99,35.85,36.9,620092.99
2025-10-16,36.78,37.96,36.7,37.7,631375.09
2025-10-17,37.61,38.0,36.65,36.75,408852.41
2025-10-20,37.57,37.75,36.81,37.07,308800.25
2025-10-21,36.91,38.14,36.91,37.33,520668.89
2025-10-22,37.24,37.62,36.9,37.2,250527.62
2025-10-23,37.2,37.54,36.74,37.34,218464.0
2025-10-24,37.4,37.45,37.02,37.22,199165.0
2025-10-27,37.3,37.71,36.92,37.13,433875.26
2025-10-28,37.2,37.51,37.03,37.3,389585.49
2025-10-29,37.46,37.83,37.27,37.6,590656.84
2025-10-30,37.54,38.3,37.5,37.75,529572.92
2025-10-31,36.9,36.9,35.43,35.5,861556.22
2025-11-03,35.5,35.75,35.05,35.13,390216.55
2025-11-04,35.03,35.54,35.03,35.43,317981.76
2025-11-05,35.2,35.3,34.96,35.02,269689.63
2025-11-06,35.08,35.67,34.89,35.49,476295.74
2025-11-07,35.33,36.17,35.31,35.61,359741.55
2025-11-10,35.6,36.27,35.39,36.05,352360.01
2025-11-11,36.05,36.15,35.46,35.59,267369.87
2025-11-12,35.69,36.79,35.59,36.5,485419.72
2025-11-13,36.41,37.17,36.36,37.05,395218.55
2025-11-14,36.8,37.19,36.27,36.29,339889.38
2025-11-17,36.2,36.26,35.3,35.47,332597.92
2025-11-18,35.42,35.57,34.63,34.86,422185.69
2025-11-19,34.88,36.08,34.88,35.83,509604.61
2025-11-20,36.0,36.16,35.42,35.54,256291.32
2025-11-21,35.39,35.57,34.6,34.63,294254.0
2025-11-24,34.79,34.82,34.2,34.3,278317.68
2025-11-25,34.49,35.23,34.45,34.95,261462.69
2025-11-26,35.1,35.2,34.55,34.61,222205.16
2025-11-27,34.61,35.44,34.4,35.05,284606.24
2025-11-28,35.04,35.2,34.7,34.75,254083.0
